count,top_quartile_avg_r,top_decile_avg_r,bottom_decile_avg_r,top_quartile_win_rate,top_decile_win_rate,bottom_decile_win_rate,eqh_top_quartile_avg_r,eql_top_quartile_avg_r,eqh_top_quartile_win_rate,eql_top_quartile_win_rate,rank_corr,eqh_rank_corr,eql_rank_corr,win_rate_gap,touch_component,width_component,formation_delay_component,structural_component,active_age_component,accepted
466,0.3273418392314791,0.8646309657350428,0.19021271639946186,0.5641025641025641,0.8085106382978723,0.425531914893617,0.2630485074378937,0.3884205044353853,0.5789473684210527,0.55,0.10784898942251901,0.1089295944316691,0.11196773784098747,0.13857064920894707,0.05,0.0,0.30000000000000004,0.7000000000000001,0.0,True
466,0.33604990513401073,0.8618054924429789,0.18305990649690437,0.5641025641025641,0.7659574468085106,0.425531914893617,0.28934532850867356,0.38041925292808093,0.5964912280701754,0.5333333333333333,0.10974274562160384,0.11523887986983618,0.1132510742527551,0.13857064920894707,0.05,0.0,0.2,0.4,0.4,True
466,0.33451047538648415,0.8618054924429789,0.18305990649690437,0.5641025641025641,0.7659574468085106,0.425531914893617,0.28934532850867356,0.3774173649204042,0.5964912280701754,0.5333333333333333,0.11026770730619725,0.11663829289707929,0.11347135957081388,0.13857064920894707,0.05,0.0,0.30000000000000004,0.6000000000000001,0.1,True
466,0.3273418392314791,0.834660869356877,0.19021271639946186,0.5641025641025641,0.7872340425531915,0.425531914893617,0.2630485074378937,0.3884205044353853,0.5789473684210527,0.55,0.10802690036195937,0.10980422757369604,0.11198418448238101,0.13857064920894707,0.0,0.0,0.30000000000000004,0.7000000000000001,0.0,True
466,0.3216412756124024,0.829310905356097,0.19585529023506731,0.5555555555555556,0.7446808510638298,0.425531914893617,0.2456387072032948,0.3989542331320117,0.576271186440678,0.5344827586206896,0.11282203562623212,0.12037784652989333,0.11473924610733306,0.13002364066193856,0.05,0.0,0.30000000000000004,0.5,0.2,True
466,0.31735564352723705,0.8244776264936846,0.19585529023506731,0.5555555555555556,0.7446808510638298,0.425531914893617,0.22487806208323988,0.4147004660998656,0.5666666666666667,0.543859649122807,0.11309530931747738,0.12133994298612298,0.11443622919923413,0.13002364066193856,0.0,0.0,0.30000000000000004,0.5,0.2,True
466,0.33451047538648415,0.8208210032636449,0.18305990649690437,0.5641025641025641,0.7446808510638298,0.425531914893617,0.28934532850867356,0.3774173649204042,0.5964912280701754,0.5333333333333333,0.11042403254774047,0.11738173106780218,0.11314641380752359,0.13857064920894707,0.0,0.0,0.1,0.2,0.7000000000000001,True
466,0.33451047538648415,0.8208210032636449,0.18305990649690437,0.5641025641025641,0.7446808510638298,0.425531914893617,0.28934532850867356,0.3774173649204042,0.5964912280701754,0.5333333333333333,0.11042403254774047,0.11738173106780218,0.11314641380752359,0.13857064920894707,0.0,0.0,0.2,0.4,0.4,True
466,0.33451047538648415,0.8208210032636449,0.18305990649690437,0.5641025641025641,0.7446808510638298,0.425531914893617,0.28934532850867356,0.3774173649204042,0.5964912280701754,0.5333333333333333,0.11042403254774047,0.11738173106780218,0.11314641380752359,0.13857064920894707,0.0,0.0,0.30000000000000004,0.6000000000000001,0.1,True
466,0.2662544242181269,0.8200191906017501,0.19021271639946186,0.5384615384615384,0.7872340425531915,0.425531914893617,0.1784496411759802,0.3496689681081663,0.543859649122807,0.5333333333333333,0.10672504017293571,0.10715895926971342,0.11112696559762746,0.11292962356792141,0.0,0.0,0.2,0.5,0.30000000000000004,True
466,0.31858130750904434,0.7986214830503354,0.12620993506847264,0.5555555555555556,0.723404255319149,0.40425531914893614,0.2620383676658525,0.38017272412394965,0.5901639344262295,0.5178571428571429,0.11324305004515949,0.12283675834054636,0.11292014789259446,0.15130023640661944,0.0,0.0,0.2,0.30000000000000004,0.5,True
466,0.31858130750904434,0.7986214830503354,0.12620993506847264,0.5555555555555556,0.723404255319149,0.40425531914893614,0.2620383676658525,0.38017272412394965,0.5901639344262295,0.5178571428571429,0.11324305004515949,0.12283675834054636,0.11292014789259446,0.15130023640661944,0.0,0.0,0.4,0.6000000000000001,0.0,True
466,0.3127890833321919,0.7986214830503354,0.12620993506847264,0.5470085470085471,0.723404255319149,0.40425531914893614,0.24817182343336838,0.38080725164674284,0.5833333333333334,0.5087719298245614,0.11263342514777647,0.12132851312119877,0.11285336456087529,0.14275322785961092,0.05,0.0,0.2,0.30000000000000004,0.5,True
466,0.3049692385547661,0.7986214830503354,0.12620993506847264,0.5470085470085471,0.723404255319149,0.40425531914893614,0.24817182343336838,0.3647559913141321,0.5833333333333334,0.5087719298245614,0.11286153683131764,0.1226419536861858,0.11288526107751727,0.14275322785961092,0.05,0.0,0.4,0.6000000000000001,0.0,True
466,0.32946112038982817,0.7874441158513569,0.19585529023506731,0.5555555555555556,0.723404255319149,0.425531914893617,0.2671152366378343,0.3907502942477203,0.5862068965517241,0.5254237288135594,0.11198772040952792,0.11839551039151525,0.11448855942184989,0.13002364066193856,0.1,0.0,0.30000000000000004,0.5,0.1,True
466,0.2740742689955527,0.7712939147994031,0.19021271639946186,0.5384615384615384,0.7659574468085106,0.425531914893617,0.19949338476840842,0.34254196599096387,0.5535714285714286,0.5245901639344263,0.10483818890891308,0.10288170503481235,0.11090717866264123,0.11292962356792141,0.1,0.0,0.2,0.5,0.2,True
466,0.33604990513401073,0.7662493232211601,0.18305990649690437,0.5641025641025641,0.7446808510638298,0.425531914893617,0.28934532850867356,0.38041925292808093,0.5964912280701754,0.5333333333333333,0.10835634663303494,0.11268107488005624,0.11311750758931678,0.13857064920894707,0.05,0.0,0.1,0.2,0.7000000000000001,True
466,0.33604990513401073,0.7662493232211601,0.18305990649690437,0.5641025641025641,0.7446808510638298,0.425531914893617,0.28934532850867356,0.38041925292808093,0.5964912280701754,0.5333333333333333,0.10835634663303494,0.11268107488005624,0.11311750758931678,0.13857064920894707,0.1,0.0,0.2,0.4,0.30000000000000004,True
466,0.2662544242181269,0.760625426417183,0.19021271639946186,0.5384615384615384,0.7659574468085106,0.425531914893617,0.1784496411759802,0.3496689681081663,0.543859649122807,0.5333333333333333,0.10599734710665137,0.10520693712091693,0.1108523565246628,0.11292962356792141,0.05,0.0,0.2,0.5,0.30000000000000004,True
466,0.33604990513401073,0.7555808348389401,0.18305990649690437,0.5641025641025641,0.7446808510638298,0.425531914893617,0.28934532850867356,0.38041925292808093,0.5964912280701754,0.5333333333333333,0.10954430649684346,0.11441195399010161,0.11332533333056226,0.13857064920894707,0.1,0.0,0.30000000000000004,0.6000000000000001,0.0,True
466,0.33604990513401073,0.7494206152839864,0.18305990649690437,0.5641025641025641,0.723404255319149,0.425531914893617,0.28934532850867356,0.38041925292808093,0.5964912280701754,0.5333333333333333,0.10711787499201467,0.11175376496924813,0.11211127216587644,0.13857064920894707,0.1,0.0,0.1,0.2,0.6000000000000001,True
466,0.3127890833321919,0.7379250072332478,0.12620993506847264,0.5470085470085471,0.723404255319149,0.40425531914893614,0.24817182343336838,0.38080725164674284,0.5833333333333334,0.5087719298245614,0.1131117940723556,0.12343508692179661,0.11452294785385454,0.14275322785961092,0.1,0.0,0.30000000000000004,0.4,0.2,True
466,0.28963000665468397,0.7353273319849337,0.21842878620874445,0.5384615384615384,0.7446808510638298,0.44680851063829785,0.266616997060739,0.31075670398683025,0.5714285714285714,0.5081967213114754,0.10059352004432832,0.09946318152117409,0.10918925221162645,0.09165302782324058,0.0,0.0,0.1,0.30000000000000004,0.6000000000000001,True
466,0.28963000665468397,0.7353273319849337,0.21842878620874445,0.5384615384615384,0.7446808510638298,0.44680851063829785,0.266616997060739,0.31075670398683025,0.5714285714285714,0.5081967213114754,0.10059352004432832,0.09946318152117409,0.10918925221162645,0.09165302782324058,0.0,0.0,0.2,0.6000000000000001,0.2,True
466,0.3360378731574296,0.7218580282122338,0.12620993506847264,0.5641025641025641,0.7021276595744681,0.40425531914893614,0.2620383676658525,0.4166444773536118,0.5901639344262295,0.5357142857142857,0.11416551204549549,0.12564751121060566,0.11450351091402584,0.15984724495362795,0.0,0.0,0.30000000000000004,0.4,0.30000000000000004,True
466,0.3618244310360074,0.7103479565435118,0.10606694239182769,0.5726495726495726,0.6808510638297872,0.40425531914893614,0.28731514361344773,0.4429863334070099,0.6065573770491803,0.5357142857142857,0.11316678472636443,0.1253890968731886,0.11264653558577487,0.16839425350063647,0.0,0.0,0.1,0.1,0.8,True
466,0.3618244310360074,0.7103479565435118,0.10606694239182769,0.5726495726495726,0.6808510638297872,0.40425531914893614,0.28731514361344773,0.4429863334070099,0.6065573770491803,0.5357142857142857,0.11316678472636443,0.1253890968731886,0.11264653558577487,0.16839425350063647,0.0,0.0,0.2,0.2,0.6000000000000001,True
466,0.3618244310360074,0.7103479565435118,0.10606694239182769,0.5726495726495726,0.6808510638297872,0.40425531914893614,0.28731514361344773,0.4429863334070099,0.6065573770491803,0.5357142857142857,0.11316678472636443,0.1253890968731886,0.11264653558577487,0.16839425350063647,0.0,0.0,0.30000000000000004,0.30000000000000004,0.4,True
466,0.3618244310360074,0.7103479565435118,0.10606694239182769,0.5726495726495726,0.6808510638297872,0.40425531914893614,0.28731514361344773,0.4429863334070099,0.6065573770491803,0.5357142857142857,0.11316678472636443,0.1253890968731886,0.11264653558577487,0.16839425350063647,0.0,0.0,0.4,0.4,0.2,True
466,0.3618244310360074,0.7103479565435118,0.10606694239182769,0.5726495726495726,0.6808510638297872,0.40425531914893614,0.28731514361344773,0.4429863334070099,0.6065573770491803,0.5357142857142857,0.11316678472636443,0.1253890968731886,0.11264653558577487,0.16839425350063647,0.0,0.0,0.5,0.5,0.0,True
466,0.3618244310360074,0.7103479565435118,0.10606694239182769,0.5726495726495726,0.6808510638297872,0.40425531914893614,0.2873151436134478,0.4429863334070099,0.6065573770491803,0.5357142857142857,0.11290962255026428,0.12471125618811774,0.11284539043171479,0.16839425350063647,0.05,0.0,0.5,0.5,0.0,True
466,0.3618244310360074,0.7103479565435118,0.10606694239182769,0.5726495726495726,0.6808510638297872,0.40425531914893614,0.2873151436134478,0.4429863334070099,0.6065573770491803,0.5357142857142857,0.11275441702792034,0.12432114992874778,0.11274870411564374,0.16839425350063647,0.05,0.0,0.4,0.4,0.2,True
466,0.3618244310360074,0.7103479565435118,0.10606694239182769,0.5726495726495726,0.6808510638297872,0.40425531914893614,0.2873151436134478,0.4429863334070099,0.6065573770491803,0.5357142857142857,0.11271311183079154,0.12437283279623117,0.11278458769686599,0.16839425350063647,0.05,0.0,0.30000000000000004,0.30000000000000004,0.4,True
466,0.32286693959420965,0.7079549108550822,0.12620993506847264,0.5555555555555556,0.7021276595744681,0.40425531914893614,0.2620383676658525,0.3891266340161702,0.5901639344262295,0.5178571428571429,0.11371034619099023,0.12536524324204243,0.11448058529268941,0.15130023640661944,0.05,0.0,0.30000000000000004,0.4,0.30000000000000004,True
466,0.3515540154931731,0.7004698933627437,0.12620993506847264,0.5726495726495726,0.6808510638297872,0.40425531914893614,0.29179883739178675,0.4166444773536118,0.6065573770491803,0.5357142857142857,0.11362425222589041,0.12703499742227567,0.11417707000151794,0.16839425350063647,0.0,0.0,0.4,0.5,0.1,True
466,0.3360378731574296,0.7004698933627437,0.12620993506847264,0.5641025641025641,0.6808510638297872,0.40425531914893614,0.2620383676658525,0.4166444773536118,0.5901639344262295,0.5357142857142857,0.11322712514988091,0.12680490927184473,0.11408187883466452,0.15984724495362795,0.05,0.0,0.4,0.5,0.1,True
466,0.33068678437163546,0.7004698933627437,0.12620993506847264,0.5555555555555556,0.6808510638297872,0.40425531914893614,0.2620383676658525,0.40546452399757743,0.5901639344262295,0.5178571428571429,0.11292281035416686,0.12599239496092765,0.11401758741830799,0.15130023640661944,0.1,0.0,0.4,0.5,0.0,True
466,0.3127890833321919,0.6967775436561037,0.12620993506847264,0.5470085470085471,0.7021276595744681,0.40425531914893614,0.24817182343336838,0.38080725164674284,0.5833333333333334,0.5087719298245614,0.11115234768024664,0.11865193692633677,0.11265799839644308,0.14275322785961092,0.1,0.0,0.2,0.30000000000000004,0.4,True
466,0.37734057337175086,0.6790270639632799,0.13465161850864105,0.5811965811965812,0.6595744680851063,0.425531914893617,0.31707561333938206,0.4429863334070099,0.6229508196721312,0.5357142857142857,0.11157205576010819,0.12636759270083125,0.10846460322416619,0.15566466630296422,0.0,0.0,0.5,0.4,0.1,True
466,0.36775582282749364,0.6790270639632799,0.13465161850864105,0.5726495726495726,0.6595744680851063,0.425531914893617,0.29869174754138045,0.4429863334070099,0.6065573770491803,0.5357142857142857,0.1111489885226488,0.12537915786021103,0.10834000745603342,0.1471176577559556,0.05,0.0,0.5,0.4,0.1,True
466,0.36042258191980514,0.6790270639632799,0.13465161850864105,0.5641025641025641,0.6595744680851063,0.425531914893617,0.29869174754138045,0.4276650979391606,0.6065573770491803,0.5178571428571429,0.11114562936505099,0.12528821589146616,0.10852939302359524,0.13857064920894707,0.1,0.0,0.5,0.4,0.0,True
466,0.2974498514321097,0.6788431727678633,0.21842878620874445,0.5384615384615384,0.7021276595744681,0.44680851063829785,0.28964639700729783,0.3043722706799268,0.5818181818181818,0.5,0.09821797355644438,0.09569977425721383,0.10849998842231591,0.09165302782324058,0.1,0.0,0.1,0.30000000000000004,0.5,True
466,0.2974498514321097,0.6593767506623566,0.21842878620874445,0.5384615384615384,0.7021276595744681,0.44680851063829785,0.28964639700729783,0.3043722706799268,0.5818181818181818,0.5,0.09918093206782083,0.09614603593990713,0.10917180880408786,0.09165302782324058,0.05,0.0,0.1,0.30000000000000004,0.6000000000000001,True
466,0.2974498514321097,0.6593767506623566,0.21842878620874445,0.5384615384615384,0.7021276595744681,0.44680851063829785,0.28964639700729783,0.3043722706799268,0.5818181818181818,0.5,0.09918093206782083,0.09614603593990713,0.10917180880408786,0.09165302782324058,0.1,0.0,0.2,0.6000000000000001,0.1,True
466,0.3698644537769651,0.6430707160607183,-0.18009072624805086,0.5811965811965812,0.6595744680851063,0.3617021276595745,0.22092722718379096,0.5377573273910885,0.5967741935483871,0.5636363636363636,0.11389740150389133,0.10880038726296058,0.11531986238683181,0.21949445353700675,0.0,0.1,0.30000000000000004,0.6000000000000001,0.0,True
466,0.346888591705956,0.6426652299734882,0.10606694239182769,0.5555555555555556,0.6595744680851063,0.40425531914893614,0.29008013244570363,0.4066869698746427,0.6,0.5087719298245614,0.11238030640211814,0.12372928170593293,0.11253390101138283,0.15130023640661944,0.05,0.0,0.2,0.2,0.6000000000000001,True
466,0.346888591705956,0.6426652299734882,0.10606694239182769,0.5555555555555556,0.6595744680851063,0.40425531914893614,0.29008013244570363,0.4066869698746427,0.6,0.5087719298245614,0.11238030640211814,0.12372928170593293,0.11253390101138283,0.15130023640661944,0.1,0.0,0.4,0.4,0.1,True
466,0.346888591705956,0.6426652299734882,0.10606694239182769,0.5555555555555556,0.6595744680851063,0.40425531914893614,0.29008013244570363,0.4066869698746427,0.6,0.5087719298245614,0.11217738840056066,0.12291080398722933,0.11269786904224556,0.15130023640661944,0.1,0.0,0.30000000000000004,0.30000000000000004,0.30000000000000004,True
466,0.28963000665468397,0.6348348171586708,0.21842878620874445,0.5384615384615384,0.6808510638297872,0.44680851063829785,0.266616997060739,0.31075670398683025,0.5714285714285714,0.5081967213114754,0.09983148892259958,0.09762694887356638,0.10929939487065582,0.09165302782324058,0.05,0.0,0.2,0.6000000000000001,0.2,True
466,0.346888591705956,0.6204738279493937,0.10606694239182769,0.5555555555555556,0.6595744680851063,0.40425531914893614,0.29008013244570363,0.4066869698746427,0.6,0.5087719298245614,0.11144235495285883,0.12138466854452208,0.11260267787539212,0.15130023640661944,0.05,0.0,0.1,0.1,0.8,True
466,0.346888591705956,0.6204738279493937,0.10606694239182769,0.5555555555555556,0.6595744680851063,0.40425531914893614,0.29008013244570363,0.4066869698746427,0.6,0.5087719298245614,0.11144235495285883,0.12138466854452208,0.11260267787539212,0.15130023640661944,0.1,0.0,0.2,0.2,0.5,True
466,0.3891765016571223,0.6122695737765269,0.09019432400650529,0.5811965811965812,0.6382978723404256,0.40425531914893614,0.34206228837963715,0.4404973411200971,0.6229508196721312,0.5357142857142857,0.11001527283338293,0.12835688614829366,0.10395124611932434,0.1769412620476451,0.05,0.0,0.5,0.30000000000000004,0.2,True
466,0.37999708439107477,0.6122695737765269,0.09019432400650529,0.5726495726495726,0.6382978723404256,0.40425531914893614,0.3294408907761543,0.43698770264789416,0.6129032258064516,0.5272727272727272,0.11073531448513889,0.1282023344964923,0.10504519696353015,0.16839425350063647,0.0,0.0,0.30000000000000004,0.2,0.5,True
466,0.37999708439107477,0.6122695737765269,0.09019432400650529,0.5726495726495726,0.6382978723404256,0.40425531914893614,0.3294408907761543,0.43698770264789416,0.6129032258064516,0.5272727272727272,0.11073531448513889,0.1282023344964923,0.10504519696353015,0.16839425350063647,0.0,0.0,0.6000000000000001,0.4,0.0,True
466,0.3783285447194584,0.6122695737765269,0.13465161850864105,0.5726495726495726,0.6382978723404256,0.425531914893617,0.31897057477678814,0.4429863334070099,0.6065573770491803,0.5357142857142857,0.11127402383323451,0.12771731066318645,0.10716482017100502,0.1471176577559556,0.0,0.0,0.4,0.30000000000000004,0.30000000000000004,True
466,0.3771372321718762,0.6122695737765269,0.09019432400650529,0.5726495726495726,0.6382978723404256,0.40425531914893614,0.31897057477678814,0.4404973411200971,0.6065573770491803,0.5357142857142857,0.1103098833960366,0.1287340716907928,0.10415807509442475,0.16839425350063647,0.0,0.0,0.5,0.30000000000000004,0.2,True
466,0.37521472851959015,0.6122695737765269,0.09019432400650529,0.5726495726495726,0.6382978723404256,0.40425531914893614,0.3204161224380301,0.43698770264789416,0.6129032258064516,0.5272727272727272,0.11048692344276641,0.12794690186296853,0.1050202778099036,0.16839425350063647,0.05,0.0,0.6000000000000001,0.4,0.0,True
466,0.37521472851959015,0.6122695737765269,0.09019432400650529,0.5726495726495726,0.6382978723404256,0.40425531914893614,0.3204161224380301,0.43698770264789416,0.6129032258064516,0.5272727272727272,0.1102086110151244,0.1270628266586129,0.10482790194390659,0.16839425350063647,0.05,0.0,0.30000000000000004,0.2,0.5,True
466,0.37147365694406304,0.6122695737765269,0.13465161850864105,0.5726495726495726,0.6382978723404256,0.425531914893617,0.31335635833582576,0.43698770264789416,0.6129032258064516,0.5272727272727272,0.1109295857662131,0.12659569304866672,0.10725452912406062,0.1471176577559556,0.05,0.0,0.4,0.30000000000000004,0.30000000000000004,True
466,0.3711293439510386,0.6122695737765269,0.09019432400650529,0.5641025641025641,0.6382978723404256,0.40425531914893614,0.3192276681586642,0.4276650979391606,0.6065573770491803,0.5178571428571429,0.10975518694604025,0.12730832027915912,0.10392533019955272,0.15984724495362795,0.1,0.0,0.5,0.30000000000000004,0.1,True
466,0.3647082140049705,0.6122695737765269,0.13465161850864105,0.5641025641025641,0.6382978723404256,0.425531914893617,0.3203366100004034,0.41141516558872515,0.6166666666666667,0.5087719298245614,0.11062987426054051,0.12587412070649448,0.10719871021993715,0.13857064920894707,0.1,0.0,0.4,0.30000000000000004,0.2,True
466,0.3647082140049705,0.6122695737765268,0.09019432400650529,0.5641025641025641,0.6382978723404256,0.40425531914893614,0.3203366100004034,0.41141516558872515,0.6166666666666667,0.5087719298245614,0.109771174047941,0.12599487971417206,0.10526099683393612,0.15984724495362795,0.1,0.0,0.30000000000000004,0.2,0.4,True
466,0.346888591705956,0.6000782896566459,0.10606694239182769,0.5555555555555556,0.6382978723404256,0.40425531914893614,0.29008013244570363,0.4066869698746427,0.6,0.5087719298245614,0.10946331347476257,0.1189580585260462,0.1116657176990336,0.15130023640661944,0.1,0.0,0.1,0.1,0.7000000000000001,True
466,0.37727127231114493,0.5868775968545278,0.056754539763861765,0.5726495726495726,0.6170212765957447,0.3829787234042553,0.3192276681586642,0.4404973411200971,0.6065573770491803,0.5357142857142857,0.10961839458386215,0.12817202050691068,0.10177181694314574,0.1896708492453173,0.05,0.0,0.6000000000000001,0.30000000000000004,0.1,True
466,0.37727127231114493,0.5868775968545278,0.056754539763861765,0.5726495726495726,0.6170212765957447,0.3829787234042553,0.3192276681586642,0.4404973411200971,0.6065573770491803,0.5357142857142857,0.10945765267214402,0.12775259415925688,0.10173643174499601,0.1896708492453173,0.05,0.0,0.4,0.2,0.4,True
466,0.37727127231114493,0.5868775968545278,0.056754539763861765,0.5726495726495726,0.6170212765957447,0.3829787234042553,0.3192276681586642,0.4404973411200971,0.6065573770491803,0.5357142857142857,0.10927712905457203,0.12714382961438014,0.10164373249350522,0.1896708492453173,0.1,0.0,0.6000000000000001,0.30000000000000004,0.0,True
466,0.3771372321718762,0.5868775968545278,0.056754539763861765,0.5726495726495726,0.6170212765957447,0.3829787234042553,0.31897057477678814,0.4404973411200971,0.6065573770491803,0.5357142857142857,0.10963767863673855,0.12806269136415735,0.10114983486862687,0.1896708492453173,0.0,0.0,0.2,0.1,0.7000000000000001,True
466,0.3771372321718762,0.5868775968545278,0.056754539763861765,0.5726495726495726,0.6170212765957447,0.3829787234042553,0.31897057477678814,0.4404973411200971,0.6065573770491803,0.5357142857142857,0.10963767863673855,0.12806269136415735,0.10114983486862687,0.1896708492453173,0.0,0.0,0.4,0.2,0.4,True
466,0.3771372321718762,0.5868775968545278,0.056754539763861765,0.5726495726495726,0.6170212765957447,0.3829787234042553,0.31897057477678814,0.4404973411200971,0.6065573770491803,0.5357142857142857,0.10963767863673855,0.12806269136415735,0.10114983486862687,0.1896708492453173,0.0,0.0,0.6000000000000001,0.30000000000000004,0.1,True
466,0.3698644537769651,0.5830741960734754,-0.18009072624805086,0.5811965811965812,0.6382978723404256,0.3617021276595745,0.22092722718379096,0.5377573273910885,0.5967741935483871,0.5636363636363636,0.11321113804798016,0.1079923455078834,0.11462212608528824,0.21949445353700675,0.05,0.1,0.30000000000000004,0.6000000000000001,0.0,True
466,0.30571668887083525,0.5671166669528623,0.2006312731575113,0.5384615384615384,0.6808510638297872,0.44680851063829785,0.2125745985663187,0.38834273672161607,0.5454545454545454,0.532258064516129,0.09360547693489783,0.08571007231344929,0.10313240273115569,0.09165302782324058,0.0,0.0,0.2,0.7000000000000001,0.1,True
466,0.3774109347439285,0.5627183136426346,0.05860642625745541,0.5677966101694916,0.5918367346938775,0.4,0.3289374226850016,0.43107803738059763,0.6129032258064516,0.5178571428571429,0.11011180656315053,0.1265058625072102,0.09843237872508674,0.16779661016949154,0.1,0.0,0.5,0.0,0.4,True
466,0.3774109347439285,0.5627183136426346,0.05860642625745541,0.5677966101694916,0.5918367346938775,0.4,0.3289374226850016,0.43107803738059763,0.6129032258064516,0.5178571428571429,0.11005265854919277,0.125913669204652,0.09879350817477535,0.16779661016949154,0.1,0.0,0.4,0.0,0.5,True
466,0.3931213355468257,0.5610221648239323,0.0589124354844625,0.5811965811965812,0.5957446808510638,0.3829787234042553,0.3496286091189046,0.4404973411200971,0.6229508196721312,0.5357142857142857,0.10978255785980029,0.1287763124959475,0.09956746861334057,0.19821785779232592,0.05,0.0,0.6000000000000001,0.2,0.2,True
466,0.3931213355468257,0.5610221648239323,0.0589124354844625,0.5811965811965812,0.5957446808510638,0.3829787234042553,0.3496286091189046,0.4404973411200971,0.6229508196721312,0.5357142857142857,0.10942530522860941,0.1287902271141161,0.09921810207949625,0.19821785779232592,0.05,0.0,0.7000000000000001,0.2,0.1,True
466,0.3931213355468257,0.5610221648239323,0.0589124354844625,0.5811965811965812,0.5957446808510638,0.3829787234042553,0.3496286091189046,0.4404973411200971,0.6229508196721312,0.5357142857142857,0.10933715844497759,0.12888961724389192,0.09917972658291135,0.19821785779232592,0.05,0.0,0.4,0.1,0.5,True
466,0.3894726377639364,0.5610221648239323,0.0849678808914689,0.5726495726495726,0.5957446808510638,0.3829787234042553,0.34975876127827177,0.43127671827516234,0.6166666666666667,0.5263157894736842,0.10948620551172553,0.12921015041241882,0.09657916371044395,0.1896708492453173,0.1,0.0,0.7000000000000001,0.1,0.1,True
466,0.38833897967534114,0.5610221648239323,0.09662408496965982,0.5811965811965812,0.5957446808510638,0.40425531914893614,0.3404558937588439,0.4404973411200971,0.6229508196721312,0.5357142857142857,0.109824858362884,0.1295689487809094,0.0999696637528732,0.1769412620476451,0.05,0.0,0.5,0.2,0.30000000000000004,True
466,0.38833897967534114,0.5610221648239323,0.0589124354844625,0.5811965811965812,0.5957446808510638,0.3829787234042553,0.3404558937588439,0.4404973411200971,0.6229508196721312,0.5357142857142857,0.10959662226609847,0.12850696524425514,0.09976931375771567,0.19821785779232592,0.1,0.0,0.7000000000000001,0.2,0.0,True
466,0.3882049395360725,0.5610221648239323,0.09662408496965982,0.5811965811965812,0.5957446808510638,0.40425531914893614,0.34019880037696776,0.4404973411200971,0.6229508196721312,0.5357142857142857,0.11024574836856703,0.13059465492019554,0.10167562901014722,0.1769412620476451,0.05,0.0,0.7000000000000001,0.30000000000000004,0.0,True
466,0.3882049395360725,0.5610221648239323,0.09662408496965982,0.5811965811965812,0.5957446808510638,0.40425531914893614,0.34019880037696776,0.4404973411200971,0.6229508196721312,0.5357142857142857,0.11022982347328844,0.1303909051541552,0.10078601522567916,0.1769412620476451,0.0,0.0,0.7000000000000001,0.30000000000000004,0.0,True
466,0.3850911170885707,0.5610221648239323,0.09662408496965982,0.5726495726495726,0.5957446808510638,0.40425531914893614,0.34121479596130855,0.43127671827516234,0.6166666666666667,0.5263157894736842,0.10951817971552705,0.1284244714365412,0.0998704855214395,0.16839425350063647,0.1,0.0,0.5,0.2,0.2,True
466,0.3850911170885707,0.5610221648239323,0.056754539763861765,0.5726495726495726,0.5957446808510638,0.3829787234042553,0.34121479596130855,0.43127671827516234,0.6166666666666667,0.5263157894736842,0.10921100341519262,0.12636560489823576,0.10163924704585245,0.1896708492453173,0.05,0.0,0.2,0.1,0.7000000000000001,True
466,0.3850911170885707,0.5610221648239323,0.056754539763861765,0.5726495726495726,0.5957446808510638,0.3829787234042553,0.34121479596130855,0.43127671827516234,0.6166666666666667,0.5263157894736842,0.10921100341519262,0.12636560489823576,0.10163924704585245,0.1896708492453173,0.1,0.0,0.4,0.2,0.30000000000000004,True
466,0.38469028189245186,0.5610221648239323,0.0589124354844625,0.5726495726495726,0.5957446808510638,0.3829787234042553,0.34043316732887674,0.43127671827516234,0.6166666666666667,0.5263157894736842,0.1093319330887143,0.1290406902411511,0.0970142521327636,0.1896708492453173,0.1,0.0,0.6000000000000001,0.1,0.2,True
466,0.37727127231114493,0.5610221648239323,0.0589124354844625,0.5726495726495726,0.5957446808510638,0.3829787234042553,0.31922766815866416,0.4404973411200971,0.6065573770491803,0.5357142857142857,0.10971288644295653,0.12812878580045822,0.09971947545046256,0.1896708492453173,0.05,0.0,0.30000000000000004,0.1,0.6000000000000001,True
466,0.37727127231114493,0.5610221648239323,0.0589124354844625,0.5726495726495726,0.5957446808510638,0.3829787234042553,0.31922766815866416,0.4404973411200971,0.6065573770491803,0.5357142857142857,0.10971288644295653,0.12812878580045822,0.09971947545046256,0.1896708492453173,0.1,0.0,0.6000000000000001,0.2,0.1,True
466,0.3754149760362039,0.5610221648239323,0.056754539763861765,0.5641025641025641,0.5957446808510638,0.3829787234042553,0.34121479596130855,0.41141516558872515,0.6166666666666667,0.5087719298245614,0.1084466706484431,0.12489015842171415,0.10190089815893129,0.18112384069830878,0.1,0.0,0.2,0.1,0.6000000000000001,True
466,0.37236205241919723,0.5610221648239323,0.0589124354844625,0.5641025641025641,0.5957446808510638,0.3829787234042553,0.31845885311037053,0.43107803738059763,0.6065573770491803,0.5178571428571429,0.1100249770664433,0.128950742173704,0.09882687136755931,0.18112384069830878,0.1,0.0,0.5,0.1,0.30000000000000004,True
466,0.37236205241919723,0.5610221648239323,0.0589124354844625,0.5641025641025641,0.5957446808510638,0.3829787234042553,0.31845885311037053,0.43107803738059763,0.6065573770491803,0.5178571428571429,0.10885001838667081,0.12745591462187617,0.09909201116214587,0.18112384069830878,0.1,0.0,0.4,0.1,0.4,True
466,0.36239206427767734,0.5610221648239323,0.0589124354844625,0.5555555555555556,0.5957446808510638,0.3829787234042553,0.31043524787863813,0.4152446878560103,0.5932203389830508,0.5172413793103449,0.10899701263488674,0.12640337314755054,0.09964671152187302,0.17257683215130026,0.1,0.0,0.30000000000000004,0.1,0.5,True
466,0.30684408776962613,0.5490731381537454,-0.18773374442457316,0.5555555555555556,0.6595744680851063,0.3617021276595745,0.10780013010996678,0.5025144190282741,0.5344827586206896,0.576271186440678,0.0993098241889818,0.0840790802838286,0.11768668359828212,0.1938534278959811,0.05,0.1,0.2,0.7000000000000001,0.0,True
466,0.3243138560890523,0.5430546907674567,0.2006312731575113,0.5470085470085471,0.6595744680851063,0.44680851063829785,0.24638361567926007,0.3934455209687066,0.5636363636363636,0.532258064516129,0.09279716408626568,0.08413970826299183,0.10322460359957394,0.10020003637024921,0.1,0.0,0.2,0.7000000000000001,0.0,True
466,0.31649401131162647,0.5430546907674567,0.2006312731575113,0.5470085470085471,0.6595744680851063,0.44680851063829785,0.2241267653992733,0.40129017149345886,0.5535714285714286,0.5409836065573771,0.09279455140813404,0.08400404073584788,0.10341697946557096,0.10020003637024921,0.05,0.0,0.2,0.7000000000000001,0.1,True
466,0.3882049395360725,0.5390367019585705,0.09662408496965982,0.5811965811965812,0.5957446808510638,0.40425531914893614,0.34019880037696776,0.4404973411200971,0.6229508196721312,0.5357142857142857,0.10985944524481717,0.12963156456266817,0.09931678192785741,0.1769412620476451,0.0,0.0,0.5,0.2,0.30000000000000004,True
466,0.2815986045724336,0.5379221695877562,-0.24751074703405865,0.5470085470085471,0.6382978723404256,0.3617021276595745,0.12363210038134081,0.46589285946204173,0.5396825396825397,0.5555555555555556,0.10003023908047086,0.09206706501390875,0.10578728935852899,0.18530641934897257,0.0,0.1,0.2,0.5,0.2,True
466,0.2724962802505378,0.5334424504263735,-0.2993783684358299,0.5384615384615384,0.6170212765957447,0.3404255319148936,0.1478427939795718,0.413014755683263,0.5483870967741935,0.5272727272727272,0.10050213851634306,0.09795245154858208,0.10237486046090839,0.19803600654664483,0.05,0.1,0.2,0.4,0.30000000000000004,True
466,0.2724962802505378,0.5334424504263735,-0.2993783684358299,0.5384615384615384,0.6170212765957447,0.3404255319148936,0.1478427939795718,0.413014755683263,0.5483870967741935,0.5272727272727272,0.10026954795600479,0.09767117748131661,0.1021396236506737,0.19803600654664483,0.1,0.1,0.2,0.4,0.2,True
466,0.32482683553276864,0.5320339531656365,-0.26657599690284023,0.5641025641025641,0.6170212765957447,0.3404255319148936,0.17592139405223475,0.4762996122112427,0.576271186440678,0.5517241379310345,0.11187500201013423,0.11110723217505662,0.11135472666177419,0.2236770321876705,0.0,0.1,0.30000000000000004,0.5,0.1,True
466,0.3774109347439285,0.5318597534066761,0.05860642625745541,0.5677966101694916,0.5833333333333334,0.4,0.3289374226850016,0.43107803738059763,0.6129032258064516,0.5178571428571429,0.11014949648048952,0.12681322494415062,0.0982711091188588,0.16779661016949154,0.05,0.0,0.30000000000000004,0.0,0.7000000000000001,True
466,0.3774109347439285,0.5318597534066761,0.05860642625745541,0.5677966101694916,0.5833333333333334,0.4,0.3289374226850016,0.43107803738059763,0.6129032258064516,0.5178571428571429,0.11014949648048952,0.12681322494415062,0.0982711091188588,0.16779661016949154,0.1,0.0,0.6000000000000001,0.0,0.30000000000000004,True
466,0.37720315508431623,0.5318597534066761,0.05860642625745541,0.5867768595041323,0.5833333333333334,0.4,0.3269532212614785,0.433624133411713,0.625,0.543859649122807,0.11024748719121852,0.1272703547316653,0.09843272938725187,0.18677685950413225,0.05,0.0,0.6000000000000001,0.0,0.4,True
466,0.37720315508431623,0.5318597534066761,0.05860642625745541,0.5867768595041323,0.5833333333333334,0.4,0.3269532212614785,0.433624133411713,0.625,0.543859649122807,0.11024748719121852,0.1272703547316653,0.09843272938725187,0.18677685950413225,0.05,0.0,0.7000000000000001,0.0,0.30000000000000004,True
466,0.37720315508431623,0.5318597534066761,0.05860642625745541,0.5867768595041323,0.5833333333333334,0.4,0.3269532212614785,0.433624133411713,0.625,0.543859649122807,0.11024748719121852,0.1272703547316653,0.09843272938725187,0.18677685950413225,0.05,0.0,0.8,0.0,0.2,True
466,0.37720315508431623,0.5318597534066761,0.05860642625745541,0.5867768595041323,0.5833333333333334,0.4,0.3269532212614785,0.433624133411713,0.625,0.543859649122807,0.11024748719121852,0.1272703547316653,0.09843272938725187,0.18677685950413225,0.05,0.0,0.9,0.0,0.1,True
466,0.37720315508431623,0.5318597534066761,0.05860642625745541,0.5867768595041323,0.5833333333333334,0.4,0.3269532212614785,0.433624133411713,0.625,0.543859649122807,0.11024581092831237,0.12731623177717596,0.09843272938725187,0.18677685950413225,0.05,0.0,1.0,0.0,0.0,True
466,0.37720315508431623,0.5318597534066761,0.05860642625745541,0.5867768595041323,0.5833333333333334,0.4,0.3269532212614785,0.433624133411713,0.625,0.543859649122807,0.11002841855936621,0.12734182247691955,0.09774539691417478,0.18677685950413225,0.0,0.0,0.1,0.0,0.9,True
466,0.37720315508431623,0.5318597534066761,0.05860642625745541,0.5867768595041323,0.5833333333333334,0.4,0.3269532212614785,0.433624133411713,0.625,0.543859649122807,0.11002841855936621,0.12734182247691955,0.09774539691417478,0.18677685950413225,0.0,0.0,0.2,0.0,0.8,True
466,0.37720315508431623,0.5318597534066761,0.05860642625745541,0.5867768595041323,0.5833333333333334,0.4,0.3269532212614785,0.433624133411713,0.625,0.543859649122807,0.11002841855936621,0.12734182247691955,0.09774539691417478,0.18677685950413225,0.0,0.0,0.30000000000000004,0.0,0.7000000000000001,True
466,0.37720315508431623,0.5318597534066761,0.05860642625745541,0.5867768595041323,0.5833333333333334,0.4,0.3269532212614785,0.433624133411713,0.625,0.543859649122807,0.11002841855936621,0.12734182247691955,0.09774539691417478,0.18677685950413225,0.0,0.0,0.4,0.0,0.6000000000000001,True
466,0.37720315508431623,0.5318597534066761,0.05860642625745541,0.5867768595041323,0.5833333333333334,0.4,0.3269532212614785,0.433624133411713,0.625,0.543859649122807,0.11002841855936621,0.12734182247691955,0.09774539691417478,0.18677685950413225,0.0,0.0,0.5,0.0,0.5,True
466,0.37720315508431623,0.5318597534066761,0.05860642625745541,0.5867768595041323,0.5833333333333334,0.4,0.3269532212614785,0.433624133411713,0.625,0.543859649122807,0.11002841855936621,0.12734182247691955,0.09774539691417478,0.18677685950413225,0.0,0.0,0.6000000000000001,0.0,0.4,True
466,0.37720315508431623,0.5318597534066761,0.05860642625745541,0.5867768595041323,0.5833333333333334,0.4,0.3269532212614785,0.433624133411713,0.625,0.543859649122807,0.11002841855936621,0.12734182247691955,0.09774539691417478,0.18677685950413225,0.0,0.0,0.7000000000000001,0.0,0.30000000000000004,True
466,0.37720315508431623,0.5318597534066761,0.05860642625745541,0.5867768595041323,0.5833333333333334,0.4,0.3269532212614785,0.433624133411713,0.625,0.543859649122807,0.11002841855936621,0.12734182247691955,0.09774539691417478,0.18677685950413225,0.0,0.0,0.8,0.0,0.2,True
466,0.37720315508431623,0.5318597534066761,0.05860642625745541,0.5867768595041323,0.5833333333333334,0.4,0.3269532212614785,0.433624133411713,0.625,0.543859649122807,0.11002841855936621,0.12734182247691955,0.09774539691417478,0.18677685950413225,0.0,0.0,0.9,0.0,0.1,True
466,0.37720315508431623,0.5318597534066761,0.05860642625745541,0.5867768595041323,0.5833333333333334,0.4,0.3269532212614785,0.433624133411713,0.625,0.543859649122807,0.11002841855936621,0.12734182247691955,0.09774539691417478,0.18677685950413225,0.0,0.0,1.0,0.0,0.0,True
466,0.3734139639685335,0.5318597534066761,0.05860642625745541,0.5819672131147541,0.5833333333333334,0.4,0.3269532212614785,0.4246809904039045,0.625,0.5344827586206896,0.11029305847473415,0.12695946668248503,0.09861430277519964,0.18196721311475406,0.05,0.0,0.4,0.0,0.6000000000000001,True
466,0.3734139639685335,0.5318597534066761,0.05860642625745541,0.5819672131147541,0.5833333333333334,0.4,0.3269532212614785,0.4246809904039045,0.625,0.5344827586206896,0.11029305847473415,0.12695946668248503,0.09861430277519964,0.18196721311475406,0.1,0.0,0.7000000000000001,0.0,0.2,True
466,0.3734139639685335,0.5318597534066761,0.05860642625745541,0.5819672131147541,0.5833333333333334,0.4,0.3269532212614785,0.4246809904039045,0.625,0.5344827586206896,0.11029305847473415,0.12695946668248503,0.09861430277519964,0.18196721311475406,0.1,0.0,0.8,0.0,0.1,True
466,0.3734139639685335,0.5318597534066761,0.05860642625745541,0.5819672131147541,0.5833333333333334,0.4,0.3269532212614785,0.4246809904039045,0.625,0.5344827586206896,0.11029305847473415,0.12695946668248503,0.09861430277519964,0.18196721311475406,0.1,0.0,0.9,0.0,0.0,True
466,0.3734139639685335,0.5318597534066761,0.05860642625745541,0.5819672131147541,0.5833333333333334,0.4,0.3269532212614785,0.4246809904039045,0.625,0.5344827586206896,0.11027969287506181,0.12714110891717192,0.09852407789374253,0.18196721311475406,0.05,0.0,0.5,0.0,0.5,True
466,0.25112766018893873,0.53174328546894,-0.22256713106710674,0.5384615384615384,0.6382978723404256,0.3617021276595745,0.11425940295662665,0.4054155137962724,0.5483870967741935,0.5272727272727272,0.09848664395764818,0.08767203347522337,0.11029715778186315,0.17675941080196395,0.05,0.1,0.2,0.6000000000000001,0.1,True
466,0.25112766018893873,0.53174328546894,-0.22256713106710674,0.5384615384615384,0.6382978723404256,0.3617021276595745,0.11425940295662665,0.4054155137962724,0.5483870967741935,0.5272727272727272,0.09845641153926775,0.08765016764667269,0.11030662706024123,0.17675941080196395,0.1,0.1,0.2,0.6000000000000001,0.0,True
466,0.3774109347439285,0.5314639473697818,0.05860642625745541,0.5677966101694916,0.58,0.4,0.3289374226850016,0.43107803738059763,0.6129032258064516,0.5178571428571429,0.11002583048393175,0.12592399727921752,0.09877714941067389,0.16779661016949154,0.05,0.0,0.2,0.0,0.8,True
466,0.3774109347439285,0.5314639473697818,0.05860642625745541,0.5677966101694916,0.58,0.4,0.3289374226850016,0.43107803738059763,0.6129032258064516,0.5178571428571429,0.10973138617981869,0.1251881509334755,0.09887668629734396,0.16779661016949154,0.1,0.0,0.30000000000000004,0.0,0.6000000000000001,True
466,0.37004965759452024,0.5314639473697818,0.05860642625745541,0.5630252100840336,0.58,0.4,0.3289374226850016,0.41476822889961074,0.6129032258064516,0.5087719298245614,0.10927637998463856,0.12400306217031108,0.09913911275607257,0.1630252100840336,0.05,0.0,0.1,0.0,0.9,True
466,0.37004965759452024,0.5314639473697818,0.05860642625745541,0.5630252100840336,0.58,0.4,0.3289374226850016,0.41476822889961074,0.6129032258064516,0.5087719298245614,0.10927637998463856,0.12400306217031108,0.09913911275607257,0.1630252100840336,0.1,0.0,0.2,0.0,0.7000000000000001,True
466,0.2815986045724336,0.5288392410643934,-0.24751074703405865,0.5470085470085471,0.6170212765957447,0.3617021276595745,0.12363210038134081,0.46589285946204173,0.5396825396825397,0.5555555555555556,0.09941881019104457,0.09078493233980107,0.10545237593378809,0.18530641934897257,0.05,0.1,0.2,0.5,0.2,True
466,0.2815986045724336,0.5288392410643934,-0.24751074703405865,0.5470085470085471,0.6170212765957447,0.3617021276595745,0.12363210038134081,0.46589285946204173,0.5396825396825397,0.5555555555555556,0.09932102138097455,0.09087835906179031,0.10533974135939606,0.18530641934897257,0.1,0.1,0.2,0.5,0.1,True
466,0.3555998875389482,0.5235929481678971,-0.18009072624805084,0.5726495726495726,0.6170212765957447,0.3617021276595745,0.24631782776573516,0.4667661207565269,0.5932203389830508,0.5517241379310345,0.11130450507810366,0.1182146203553233,0.10838536031563376,0.21094744498999812,0.0,0.1,0.4,0.5,0.0,True
466,0.3555998875389482,0.515666145890343,-0.18009072624805084,0.5726495726495726,0.6170212765957447,0.3617021276595745,0.24631782776573516,0.4667661207565269,0.5932203389830508,0.5517241379310345,0.11074103749437963,0.11754870648582552,0.10779328122546677,0.21094744498999812,0.05,0.1,0.4,0.5,0.0,True
466,0.2724962802505378,0.5139760283208669,-0.2993783684358299,0.5384615384615384,0.6170212765957447,0.3404255319148936,0.1478427939795718,0.413014755683263,0.5483870967741935,0.5272727272727272,0.10114479513010469,0.09932005973429696,0.10271226580101196,0.19803600654664483,0.0,0.1,0.2,0.4,0.30000000000000004,True
466,0.25112766018893873,0.5122768633634333,-0.22256713106710674,0.5384615384615384,0.6382978723404256,0.3617021276595745,0.11425940295662665,0.4054155137962724,0.5483870967741935,0.5272727272727272,0.09892538726389741,0.08821768528769246,0.11082893252025386,0.17675941080196395,0.0,0.1,0.2,0.6000000000000001,0.1,True
466,0.30684408776962613,0.5095093947237075,-0.18773374442457316,0.5555555555555556,0.6382978723404256,0.3617021276595745,0.10780013010996678,0.5025144190282741,0.5344827586206896,0.576271186440678,0.09964119886534499,0.08436333605498736,0.11793138968689491,0.1938534278959811,0.0,0.1,0.2,0.7000000000000001,0.0,True
466,0.32482683553276864,0.5085455565071765,-0.26657599690284023,0.5641025641025641,0.5957446808510638,0.3404255319148936,0.17592139405223475,0.4762996122112427,0.576271186440678,0.5517241379310345,0.1106612263981202,0.10940169754810411,0.110150633158539,0.2236770321876705,0.1,0.1,0.30000000000000004,0.5,0.0,True
466,0.32189889414421635,0.5066419762436374,-0.2665759969028402,0.5641025641025641,0.5957446808510638,0.3404255319148936,0.17465326591653366,0.4768942922786191,0.5833333333333334,0.543859649122807,0.11149460851549167,0.11717499959786853,0.1084855353132125,0.2236770321876705,0.0,0.1,0.30000000000000004,0.4,0.2,True
466,0.3931213355468257,0.49625771365438687,0.0589124354844625,0.5811965811965812,0.574468085106383,0.3829787234042553,0.3496286091189046,0.4404973411200971,0.6229508196721312,0.5357142857142857,0.11002385734724404,0.1297319485937417,0.0982487470034232,0.19821785779232592,0.05,0.0,0.5,0.1,0.4,True
466,0.3931213355468257,0.49625771365438687,0.0589124354844625,0.5811965811965812,0.574468085106383,0.3829787234042553,0.3496286091189046,0.4404973411200971,0.6229508196721312,0.5357142857142857,0.11000152516988074,0.12990737217279597,0.09799556840257741,0.19821785779232592,0.0,0.0,0.5,0.1,0.4,True
466,0.3931213355468257,0.49625771365438687,0.0589124354844625,0.5811965811965812,0.574468085106383,0.3829787234042553,0.3496286091189046,0.4404973411200971,0.6229508196721312,0.5357142857142857,0.10975518694604025,0.12859542245975555,0.09895246390183715,0.19821785779232592,0.0,0.0,0.30000000000000004,0.1,0.6000000000000001,True
466,0.3931213355468257,0.49625771365438687,0.0589124354844625,0.5811965811965812,0.574468085106383,0.3829787234042553,0.3496286091189046,0.4404973411200971,0.6229508196721312,0.5357142857142857,0.10975518694604025,0.12859542245975555,0.09895246390183715,0.19821785779232592,0.0,0.0,0.6000000000000001,0.2,0.2,True
466,0.3931213355468257,0.49625771365438687,0.0589124354844625,0.5811965811965812,0.574468085106383,0.3829787234042553,0.3496286091189046,0.4404973411200971,0.6229508196721312,0.5357142857142857,0.1094776832044866,0.12872512657911298,0.09906908554080944,0.19821785779232592,0.0,0.0,0.7000000000000001,0.2,0.1,True
466,0.3931213355468257,0.49625771365438687,0.0589124354844625,0.5811965811965812,0.574468085106383,0.3829787234042553,0.3496286091189046,0.4404973411200971,0.6229508196721312,0.5357142857142857,0.10938928759436606,0.12939302825120624,0.09694248497031913,0.19821785779232592,0.05,0.0,0.6000000000000001,0.1,0.30000000000000004,True
466,0.3931213355468257,0.49625771365438687,0.0849678808914689,0.5811965811965812,0.574468085106383,0.3829787234042553,0.3496286091189046,0.4404973411200971,0.6229508196721312,0.5357142857142857,0.10937684626992968,0.12938209533693093,0.0965049046326368,0.19821785779232592,0.05,0.0,0.7000000000000001,0.1,0.2,True
466,0.3931213355468257,0.49625771365438687,0.0589124354844625,0.5811965811965812,0.574468085106383,0.3829787234042553,0.3496286091189046,0.4404973411200971,0.6229508196721312,0.5357142857142857,0.1093588063494969,0.12946260134204932,0.0967241931845505,0.19821785779232592,0.0,0.0,0.6000000000000001,0.1,0.30000000000000004,True
466,0.3931213355468257,0.49625771365438687,0.0849678808914689,0.5811965811965812,0.574468085106383,0.3829787234042553,0.3496286091189046,0.4404973411200971,0.6229508196721312,0.5357142857142857,0.10935557160514345,0.1294213544381924,0.09628412093150553,0.19821785779232592,0.0,0.0,0.7000000000000001,0.1,0.2,True
466,0.3931213355468257,0.49625771365438687,0.0849678808914689,0.5811965811965812,0.574468085106383,0.3829787234042553,0.3496286091189046,0.4404973411200971,0.6229508196721312,0.5357142857142857,0.10933037792315976,0.12990389351825382,0.09611317553762734,0.19821785779232592,0.1,0.0,0.8,0.1,0.0,True
466,0.3931213355468257,0.49625771365438687,0.0849678808914689,0.5811965811965812,0.574468085106383,0.3829787234042553,0.3496286091189046,0.4404973411200971,0.6229508196721312,0.5357142857142857,0.10921025693572643,0.1300937286661256,0.0959860878541319,0.19821785779232592,0.05,0.0,0.8,0.1,0.1,True
466,0.3931213355468257,0.49625771365438687,0.0589124354844625,0.5811965811965812,0.574468085106383,0.3829787234042553,0.3496286091189046,0.4404973411200971,0.6229508196721312,0.5357142857142857,0.10920776867083916,0.12898950432431655,0.09886076141649143,0.19821785779232592,0.05,0.0,0.8,0.2,0.0,True
466,0.3931213355468257,0.49625771365438687,0.0589124354844625,0.5811965811965812,0.574468085106383,0.3829787234042553,0.3496286091189046,0.4404973411200971,0.6229508196721312,0.5357142857142857,0.10919688251195732,0.129045162796991,0.09860857958179067,0.19821785779232592,0.0,0.0,0.4,0.1,0.5,True
466,0.3931213355468257,0.49625771365438687,0.0589124354844625,0.5811965811965812,0.574468085106383,0.3829787234042553,0.3496286091189046,0.4404973411200971,0.6229508196721312,0.5357142857142857,0.10919688251195732,0.129045162796991,0.09860857958179067,0.19821785779232592,0.0,0.0,0.8,0.2,0.0,True
466,0.3931213355468257,0.49625771365438687,0.0849678808914689,0.5811965811965812,0.574468085106383,0.3829787234042553,0.3496286091189046,0.4404973411200971,0.6229508196721312,0.5357142857142857,0.10915775454660487,0.13003111288436683,0.09570549818429687,0.19821785779232592,0.0,0.0,0.8,0.1,0.1,True
466,0.3931213355468257,0.49625771365438687,0.057538617473508684,0.5811965811965812,0.574468085106383,0.3617021276595745,0.3496286091189046,0.4404973411200971,0.6229508196721312,0.5357142857142857,0.109078130070212,0.13013944812582245,0.09584953089225838,0.21949445353700675,0.05,0.0,0.9,0.1,0.0,True
466,0.3931213355468257,0.49625771365438687,0.057538617473508684,0.5811965811965812,0.574468085106383,0.3617021276595745,0.3496286091189046,0.4404973411200971,0.6229508196721312,0.5357142857142857,0.10907669931790182,0.13004204579864218,0.09549916759226901,0.21949445353700675,0.0,0.0,0.9,0.1,0.0,True
466,0.3554982887949899,0.49148124560537915,-0.16506271992907434,0.5726495726495726,0.5957446808510638,0.3617021276595745,0.29849290540703527,0.41975890279595673,0.6129032258064516,0.5272727272727272,0.11243311982435061,0.1236239281683706,0.10323805994253231,0.21094744498999812,0.0,0.1,0.6000000000000001,0.30000000000000004,0.0,True
466,0.3637571480868084,0.49063432891259706,-0.18009072624805084,0.5726495726495726,0.574468085106383,0.3617021276595745,0.29504108659678624,0.4360898443920947,0.6166666666666667,0.5263157894736842,0.11015722834520211,0.11906291511295966,0.10469433528046825,0.21094744498999812,0.0,0.1,0.4,0.4,0.1,True
466,0.3637571480868084,0.49063432891259706,-0.18009072624805084,0.5726495726495726,0.574468085106383,0.3617021276595745,0.29504108659678624,0.4360898443920947,0.6166666666666667,0.5263157894736842,0.10957746262646642,0.11800838583603854,0.10429513043937082,0.21094744498999812,0.05,0.1,0.4,0.4,0.1,True
466,0.32482683553276864,0.4890791344016697,-0.26657599690284023,0.5641025641025641,0.5957446808510638,0.3404255319148936,0.17592139405223475,0.4762996122112427,0.576271186440678,0.5517241379310345,0.11117051201392376,0.11000996514233191,0.11063157282353153,0.2236770321876705,0.05,0.1,0.30000000000000004,0.5,0.1,True
466,0.32189889414421635,0.4876740426369351,-0.2665759969028402,0.5641025641025641,0.574468085106383,0.3404255319148936,0.17465326591653366,0.4768942922786191,0.5833333333333334,0.543859649122807,0.11032767448998063,0.11509227942841689,0.10763379864225682,0.2236770321876705,0.1,0.1,0.30000000000000004,0.4,0.1,True
466,0.32189889414421635,0.4770055542547151,-0.2665759969028402,0.5641025641025641,0.574468085106383,0.3404255319148936,0.17465326591653366,0.4768942922786191,0.5833333333333334,0.543859649122807,0.11087409745922681,0.11621041838839452,0.10810377387965366,0.2236770321876705,0.05,0.1,0.30000000000000004,0.4,0.2,True
466,0.37004965759452024,0.4703357905775193,0.05860642625745541,0.5630252100840336,0.5555555555555556,0.4,0.3289374226850016,0.41476822889961074,0.6129032258064516,0.5087719298245614,0.1078357350105633,0.12139321937713625,0.0986558011029557,0.1630252100840336,0.1,0.0,0.1,0.0,0.8,True
466,0.3246435094985456,0.4562118220914258,-0.23517315930894817,0.5641025641025641,0.574468085106383,0.3617021276595745,0.2095537829434486,0.4457905900828582,0.6,0.5263157894736842,0.11152714257889282,0.12024019120015389,0.10486777258970907,0.2024004364429896,0.05,0.1,0.30000000000000004,0.30000000000000004,0.30000000000000004,True
466,0.3690302971034493,0.45263478770547566,-0.183184049526991,0.5726495726495726,0.5957446808510638,0.3617021276595745,0.27788190690851094,0.4753700856642108,0.6031746031746031,0.5370370370370371,0.11078072531933171,0.1206476907322346,0.10486876935585412,0.21094744498999812,0.0,0.1,0.5,0.4,0.0,True
466,0.3593643750460641,0.45263478770547566,-0.183184049526991,0.5641025641025641,0.5957446808510638,0.3617021276595745,0.27788190690851094,0.4544272545398762,0.6031746031746031,0.5185185185185185,0.11032450195224935,0.12007371273277943,0.1045976489643972,0.2024004364429896,0.05,0.1,0.5,0.4,0.0,True
466,0.3637571480868084,0.44993941692129985,-0.18009072624805084,0.5726495726495726,0.574468085106383,0.3617021276595745,0.29504108659678624,0.4360898443920947,0.6166666666666667,0.5263157894736842,0.1090618941418225,0.11725848730688021,0.10401005532188301,0.21094744498999812,0.1,0.1,0.4,0.4,0.0,True
466,0.24269657065253186,0.44657181805247337,-0.3173577850348982,0.5213675213675214,0.5957446808510638,0.3404255319148936,0.17454694073062732,0.3308902093749965,0.5454545454545454,0.49019607843137253,0.09308443426750188,0.0970812970610973,0.09169750151500157,0.1809419894526278,0.05,0.2,0.30000000000000004,0.5,0.0,True
466,0.1769960568239378,0.4388162720228013,-0.32407349353508336,0.5042735042735043,0.5957446808510638,0.3617021276595745,0.08360027468086678,0.28977586922311804,0.515625,0.49056603773584906,0.07300457207352663,0.07129900044660878,0.07435426897399099,0.14257137661392977,0.0,0.1,0.1,0.30000000000000004,0.5,True
466,0.1769960568239378,0.4388162720228013,-0.32407349353508336,0.5042735042735043,0.5957446808510638,0.3617021276595745,0.08360027468086678,0.28977586922311804,0.515625,0.49056603773584906,0.07300457207352663,0.07129900044660878,0.07435426897399099,0.14257137661392977,0.0,0.2,0.2,0.6000000000000001,0.0,True
466,0.35660113512184516,0.4373089453765564,-0.22115923766777912,0.5641025641025641,0.5957446808510638,0.3617021276595745,0.29849290540703527,0.42210495770944895,0.6129032258064516,0.509090909090909,0.11071789663092796,0.12123111079401849,0.10394327199016383,0.2024004364429896,0.1,0.1,0.4,0.30000000000000004,0.1,True
466,0.3246435094985456,0.43714359385646057,-0.23517315930894817,0.5641025641025641,0.5531914893617021,0.3617021276595745,0.2095537829434486,0.4457905900828582,0.6,0.5263157894736842,0.11105101309271224,0.11943115554377895,0.10433500108517331,0.2024004364429896,0.1,0.1,0.30000000000000004,0.30000000000000004,0.2,True
466,0.39318851192052184,0.43543580660150616,-0.2092563387649111,0.5811965811965812,0.574468085106383,0.3617021276595745,0.29849290540703527,0.49993628653572486,0.6129032258064516,0.5454545454545454,0.1116257400750512,0.1244617869623805,0.10295946380498741,0.21949445353700675,0.05,0.1,0.5,0.30000000000000004,0.1,True
466,0.39318851192052184,0.43543580660150616,-0.2092563387649111,0.5811965811965812,0.574468085106383,0.3617021276595745,0.29849290540703527,0.49993628653572486,0.6129032258064516,0.5454545454545454,0.11127265528754651,0.12365970861508987,0.10289816268706607,0.21949445353700675,0.1,0.1,0.5,0.30000000000000004,0.0,True
466,0.3889028798353565,0.43543580660150616,-0.2092563387649111,0.5811965811965812,0.574468085106383,0.3617021276595745,0.29849290540703527,0.4908195782818277,0.6129032258064516,0.5454545454545454,0.11211256910024708,0.12538710907059308,0.10322510198264648,0.21949445353700675,0.0,0.1,0.5,0.30000000000000004,0.1,True
466,0.24269657065253186,0.4271053959469666,-0.3173577850348982,0.5213675213675214,0.5957446808510638,0.3404255319148936,0.17454694073062732,0.3308902093749965,0.5454545454545454,0.49019607843137253,0.0934164310100869,0.09795990580831528,0.09167656942595527,0.1809419894526278,0.0,0.2,0.30000000000000004,0.5,0.0,True
466,0.32592702020328146,0.4262417257132601,-0.20288590219859962,0.5555555555555556,0.5531914893617021,0.3829787234042553,0.26226977893364795,0.3976860921799592,0.5967741935483871,0.509090909090909,0.11139010139022601,0.1210467421032844,0.10020838924461559,0.17257683215130026,0.0,0.1,0.30000000000000004,0.2,0.4,True
466,0.32592702020328146,0.4262417257132601,-0.20288590219859962,0.5555555555555556,0.5531914893617021,0.3829787234042553,0.26226977893364795,0.3976860921799592,0.5967741935483871,0.509090909090909,0.11088355286579847,0.12005234385487763,0.09970153365985145,0.17257683215130026,0.05,0.1,0.30000000000000004,0.2,0.4,True
466,0.3246435094985456,0.4262417257132601,-0.23517315930894817,0.5641025641025641,0.5531914893617021,0.3617021276595745,0.2095537829434486,0.4457905900828582,0.6,0.5263157894736842,0.11205061130455385,0.1211530895421445,0.10505815492341596,0.2024004364429896,0.0,0.1,0.30000000000000004,0.30000000000000004,0.30000000000000004,True
466,0.15184291898524288,0.4190183028617472,-0.33277912039624585,0.49572649572649574,0.5957446808510638,0.3617021276595745,0.04311213477470742,0.29754216982736037,0.5074626865671642,0.48,0.07462598768069892,0.07661885714285789,0.0743961331520836,0.13402436806692125,0.0,0.2,0.2,0.5,0.1,True
466,0.1769960568239378,0.4106701461722454,-0.32407349353508336,0.5042735042735043,0.574468085106383,0.3617021276595745,0.08360027468086678,0.28977586922311804,0.515625,0.49056603773584906,0.0727669427767916,0.0711096622493859,0.0742615697225002,0.14257137661392977,0.05,0.1,0.1,0.30000000000000004,0.5,True
466,0.1769960568239378,0.4106701461722454,-0.32407349353508336,0.5042735042735043,0.574468085106383,0.3617021276595745,0.08360027468086678,0.28977586922311804,0.515625,0.49056603773584906,0.07276153080066178,0.07095908620277559,0.07432436598963911,0.14257137661392977,0.05,0.2,0.2,0.6000000000000001,0.0,True
466,0.1769960568239378,0.4106701461722454,-0.32407349353508336,0.5042735042735043,0.574468085106383,0.3617021276595745,0.08360027468086678,0.28977586922311804,0.515625,0.49056603773584906,0.07258592150624216,0.07066240666539486,0.07419727830614369,0.14257137661392977,0.1,0.1,0.1,0.30000000000000004,0.4,True
466,0.35660113512184516,0.4073388489983906,-0.22115923766777912,0.5641025641025641,0.574468085106383,0.3617021276595745,0.29849290540703527,0.42210495770944895,0.6129032258064516,0.509090909090909,0.11161423184994754,0.12239795091758626,0.10449548043452832,0.2024004364429896,0.0,0.1,0.4,0.30000000000000004,0.2,True
466,0.35660113512184516,0.4073388489983906,-0.22115923766777912,0.5641025641025641,0.574468085106383,0.3617021276595745,0.29849290540703527,0.42210495770944895,0.6129032258064516,0.509090909090909,0.1108520763149744,0.12119731814989472,0.10387499350922708,0.2024004364429896,0.05,0.1,0.4,0.30000000000000004,0.2,True
466,0.34982602017793013,0.39986573529663466,-0.1540245418058051,0.5726495726495726,0.574468085106383,0.3617021276595745,0.31901085929984063,0.383392534705849,0.6229508196721312,0.5178571428571429,0.11378984625413875,0.12624683369315368,0.1028523114443932,0.21094744498999812,0.0,0.1,0.7000000000000001,0.2,0.0,True
466,0.3405901345030895,0.39986573529663466,-0.16506271992907434,0.5641025641025641,0.574468085106383,0.3617021276595745,0.29849290540703527,0.3880451927568233,0.6129032258064516,0.509090909090909,0.1122109799765389,0.12326562675052888,0.10370006105076864,0.2024004364429896,0.05,0.1,0.6000000000000001,0.30000000000000004,0.0,True
466,0.2971205132584762,0.39681740509596686,-0.2993783684358299,0.5470085470085471,0.574468085106383,0.3404255319148936,0.23528034161807312,0.3692673801722797,0.5714285714285714,0.5185185185185185,0.10343343896680049,0.10369720104962268,0.1012031618573877,0.20658301509365345,0.0,0.1,0.2,0.30000000000000004,0.4,True
466,0.31403272960861156,0.39651659700986824,-0.20036235371221575,0.5555555555555556,0.5319148936170213,0.3617021276595745,0.28706237264201906,0.34660070783242125,0.609375,0.49056603773584906,0.11136098869104487,0.12401304052644282,0.09844162125249277,0.1938534278959811,0.0,0.1,0.30000000000000004,0.1,0.5,True
466,0.31403272960861156,0.39651659700986824,-0.20036235371221575,0.5555555555555556,0.5319148936170213,0.3617021276595745,0.28706237264201906,0.34660070783242125,0.609375,0.49056603773584906,0.11136098869104487,0.12401304052644282,0.09844162125249277,0.1938534278959811,0.0,0.2,0.6000000000000001,0.2,0.0,True
466,0.31403272960861156,0.39651659700986824,-0.20036235371221575,0.5555555555555556,0.5319148936170213,0.3617021276595745,0.28706237264201906,0.34660070783242125,0.609375,0.49056603773584906,0.11121119514483074,0.12388929981487196,0.09845308406316097,0.1938534278959811,0.05,0.2,0.6000000000000001,0.2,0.0,True
466,0.31403272960861156,0.39651659700986824,-0.20036235371221575,0.5555555555555556,0.5319148936170213,0.3617021276595745,0.28706237264201906,0.34660070783242125,0.609375,0.49056603773584906,0.11113269038763714,0.12344552288542307,0.09841620371579365,0.1938534278959811,0.05,0.1,0.30000000000000004,0.1,0.5,True
466,0.37327044013705574,0.39585420156668655,-0.1045016859769867,0.5726495726495726,0.5531914893617021,0.40425531914893614,0.29849290540703527,0.45756511565089697,0.6129032258064516,0.5272727272727272,0.11459417787895124,0.1286227547454439,0.10309602076686093,0.16839425350063647,0.0,0.1,0.5,0.2,0.2,True
466,0.3548280731528949,0.39585420156668655,-0.1045016859769867,0.5641025641025641,0.5531914893617021,0.40425531914893614,0.29849290540703527,0.4183331713391367,0.6129032258064516,0.509090909090909,0.11426659780654114,0.12780676177998468,0.10330085620967121,0.15984724495362795,0.05,0.1,0.5,0.2,0.2,True
466,0.3548280731528949,0.39585420156668655,-0.1045016859769867,0.5641025641025641,0.5531914893617021,0.40425531914893614,0.29849290540703527,0.4183331713391367,0.6129032258064516,0.509090909090909,0.11408140869230551,0.12729341175969275,0.10329587237894591,0.15984724495362795,0.1,0.1,0.5,0.2,0.1,True
466,0.34201342525705514,0.3917055532581001,-0.09259878707411866,0.5641025641025641,0.574468085106383,0.40425531914893614,0.2977364906014561,0.39192560614154853,0.6129032258064516,0.509090909090909,0.1157338031973244,0.13069702675386463,0.10073019632155568,0.15984724495362795,0.0,0.1,0.6000000000000001,0.1,0.2,True
466,0.3405901345030895,0.3917055532581001,-0.09242885726236019,0.5641025641025641,0.574468085106383,0.40425531914893614,0.29849290540703527,0.3880451927568233,0.6129032258064516,0.509090909090909,0.11468910518440088,0.1276382955100147,0.10336714115831785,0.15984724495362795,0.0,0.1,0.6000000000000001,0.2,0.1,True
466,0.3405901345030895,0.39170555325809997,-0.09242885726236019,0.5641025641025641,0.574468085106383,0.40425531914893614,0.29849290540703527,0.3880451927568233,0.6129032258064516,0.509090909090909,0.11451150527807144,0.12695747312105055,0.10405989362913613,0.15984724495362795,0.05,0.1,0.6000000000000001,0.2,0.1,True
466,0.32924332688995406,0.39170555325809997,-0.09242885726236019,0.5555555555555556,0.574468085106383,0.40425531914893614,0.29849290540703527,0.36390743837978967,0.6129032258064516,0.4909090909090909,0.1142185120875945,0.12648537000461557,0.10389443044905579,0.15130023640661944,0.1,0.1,0.6000000000000001,0.2,0.0,True
466,0.18262543643047038,0.3874932214292259,-0.3286430686999313,0.5042735042735043,0.5957446808510638,0.3617021276595745,0.10853111567571447,0.2785122044660369,0.5303030303030303,0.47058823529411764,0.07611913323293204,0.0838788091723304,0.07377265592834716,0.14257137661392977,0.0,0.1,0.1,0.2,0.6000000000000001,True
466,0.18262543643047038,0.3874932214292259,-0.3286430686999313,0.5042735042735043,0.5957446808510638,0.3617021276595745,0.10853111567571447,0.2785122044660369,0.5303030303030303,0.47058823529411764,0.07611913323293204,0.0838788091723304,0.07377265592834716,0.14257137661392977,0.0,0.2,0.2,0.4,0.2,True
466,0.33094571789285887,0.37789839842341727,-0.1540245418058051,0.5555555555555556,0.5531914893617021,0.3617021276595745,0.2977826336996609,0.36706979174616367,0.6065573770491803,0.5,0.11360770526439003,0.1256986971274402,0.10305914041949363,0.1938534278959811,0.05,0.1,0.7000000000000001,0.2,0.0,True
466,0.34560659547010986,0.37379514428729405,-0.16273016866696746,0.5641025641025641,0.5531914893617021,0.3617021276595745,0.3175177981252747,0.375173750569936,0.6166666666666667,0.5087719298245614,0.114564007667193,0.1301523688426933,0.10160087154926756,0.2024004364429896,0.0,0.1,0.8,0.1,0.0,True
466,0.34201342525705514,0.37379514428729405,-0.16273016866696746,0.5641025641025641,0.5531914893617021,0.3617021276595745,0.31901085929984063,0.36706979174616367,0.6229508196721312,0.5,0.11436357793052278,0.1297890979183628,0.1015021917009064,0.2024004364429896,0.05,0.1,0.8,0.1,0.0,True
466,0.34201342525705514,0.3697382163848826,-0.12404541711351626,0.5641025641025641,0.5531914893617021,0.3829787234042553,0.31901085929984063,0.36706979174616367,0.6229508196721312,0.5,0.11552516218652618,0.1285849864961291,0.10253334627797328,0.18112384069830878,0.0,0.1,0.7000000000000001,0.1,0.1,True
466,0.17527979086578252,0.3675825943833401,-0.2723828357708343,0.49572649572649574,0.574468085106383,0.3617021276595745,0.16033099313835908,0.1953111798205299,0.5373134328358209,0.44,0.07771491971176538,0.08959125688119386,0.07247038095982333,0.13402436806692125,0.0,0.30000000000000004,0.30000000000000004,0.4,0.0,True
466,0.32592702020328146,0.36554524989617265,-0.20288590219859962,0.5555555555555556,0.5531914893617021,0.3829787234042553,0.26226977893364795,0.3976860921799592,0.5967741935483871,0.509090909090909,0.1103794926062582,0.11945997868141393,0.09957992819015385,0.17257683215130026,0.1,0.1,0.30000000000000004,0.2,0.30000000000000004,True
466,0.22817544615007643,0.364307155340217,-0.31837747585390314,0.5128205128205128,0.574468085106383,0.3404255319148936,0.16647886956052496,0.3052961668870159,0.5384615384615384,0.4807692307692308,0.09585916064992736,0.10324298815654734,0.0924969079633415,0.17239498090561917,0.0,0.2,0.30000000000000004,0.4,0.1,True
466,0.35442723795677605,0.3639638458988763,-0.1752765849610278,0.5641025641025641,0.5319148936170213,0.3617021276595745,0.2977364906014561,0.4183331713391367,0.6129032258064516,0.509090909090909,0.1152732875733115,0.1306756578759628,0.10165569368724597,0.2024004364429896,0.05,0.1,0.5,0.1,0.30000000000000004,True
466,0.35442723795677605,0.3639638458988763,-0.1752765849610278,0.5641025641025641,0.5319148936170213,0.3617021276595745,0.2977364906014561,0.4183331713391367,0.6129032258064516,0.509090909090909,0.11520697531406554,0.13003807019345112,0.10181019243973063,0.2024004364429896,0.1,0.1,0.5,0.1,0.2,True
466,0.34372278005571977,0.3639638458988763,-0.14849473231044455,0.5641025641025641,0.5319148936170213,0.3829787234042553,0.27951140478996733,0.42126104452757174,0.609375,0.5094339622641509,0.11305916726998967,0.124476198531198,0.10010323041631151,0.18112384069830878,0.05,0.1,0.4,0.1,0.4,True
466,0.34372278005571977,0.3639638458988763,-0.14849473231044455,0.5641025641025641,0.5319148936170213,0.3829787234042553,0.27951140478996733,0.42126104452757174,0.609375,0.5094339622641509,0.11262005072400735,0.12351012646977734,0.09991982544562007,0.18112384069830878,0.1,0.1,0.4,0.1,0.30000000000000004,True
466,0.22817544615007643,0.3624059727733147,-0.31837747585390314,0.5128205128205128,0.5531914893617021,0.3404255319148936,0.16647886956052496,0.3052961668870159,0.5384615384615384,0.4807692307692308,0.09560591749102468,0.10259397060911143,0.09250139341099428,0.17239498090561917,0.05,0.2,0.30000000000000004,0.4,0.1,True
466,0.22817544615007643,0.3624059727733147,-0.31837747585390314,0.5128205128205128,0.5531914893617021,0.3404255319148936,0.16647886956052496,0.3052961668870159,0.5384615384615384,0.4807692307692308,0.09537749477437259,0.10202247736290064,0.0925402672906517,0.17239498090561917,0.1,0.2,0.30000000000000004,0.4,0.0,True
466,0.17527979086578252,0.36141605540369587,-0.2723828357708343,0.49572649572649574,0.5531914893617021,0.3617021276595745,0.16033099313835908,0.1953111798205299,0.5373134328358209,0.44,0.07743082206826045,0.08873302311057991,0.07243649091089122,0.13402436806692125,0.05,0.30000000000000004,0.30000000000000004,0.4,0.0,True
466,0.15658938303699385,0.3592344376938384,-0.28071948531356716,0.47863247863247865,0.5531914893617021,0.3829787234042553,0.13362824450901037,0.18735730866449174,0.5223880597014925,0.42,0.063159192187413,0.07712425595276778,0.05535391271681439,0.09565375522822334,0.0,0.4,0.30000000000000004,0.30000000000000004,0.0,True
466,0.15658938303699385,0.3592344376938384,-0.28071948531356716,0.47863247863247865,0.5531914893617021,0.3829787234042553,0.13362824450901037,0.18735730866449174,0.5223880597014925,0.42,0.06289692906829394,0.07638479338723592,0.05511319369278186,0.09565375522822334,0.05,0.4,0.30000000000000004,0.30000000000000004,0.0,True
466,0.1701098469325483,0.35691410600112006,-0.2723828357708342,0.48717948717948717,0.574468085106383,0.3617021276595745,0.14795381021862883,0.19780489282494756,0.5230769230769231,0.4423076923076923,0.0766542345969411,0.08899938865837903,0.06941030889448223,0.12547735951991268,0.0,0.1,0.1,0.1,0.7000000000000001,True
466,0.1701098469325483,0.35691410600112006,-0.2723828357708342,0.48717948717948717,0.574468085106383,0.3617021276595745,0.14795381021862883,0.19780489282494756,0.5230769230769231,0.4423076923076923,0.0766542345969411,0.08899938865837903,0.06941030889448223,0.12547735951991268,0.0,0.2,0.2,0.2,0.4,True
466,0.1701098469325483,0.35691410600112006,-0.2723828357708342,0.48717948717948717,0.574468085106383,0.3617021276595745,0.14795381021862883,0.19780489282494756,0.5230769230769231,0.4423076923076923,0.0766542345969411,0.08899938865837903,0.06941030889448223,0.12547735951991268,0.0,0.30000000000000004,0.30000000000000004,0.30000000000000004,0.1,True
466,0.17527979086578252,0.35229311314647954,-0.2723828357708343,0.49572649572649574,0.5531914893617021,0.3617021276595745,0.16033099313835908,0.1953111798205299,0.5373134328358209,0.44,0.07750976227180932,0.08763426522590857,0.07280828468299944,0.13402436806692125,0.05,0.2,0.2,0.30000000000000004,0.30000000000000004,True
466,0.17527979086578252,0.35229311314647954,-0.2723828357708343,0.49572649572649574,0.5531914893617021,0.3617021276595745,0.16033099313835908,0.1953111798205299,0.5373134328358209,0.44,0.07710772087264743,0.08721632973020138,0.07261640720007495,0.13402436806692125,0.1,0.2,0.2,0.30000000000000004,0.2,True
466,0.34201342525705514,0.351570144659923,-0.09259878707411866,0.5641025641025641,0.5531914893617021,0.40425531914893614,0.2977364906014561,0.39192560614154853,0.6129032258064516,0.509090909090909,0.11558145917960082,0.1300291250817713,0.10113837205795867,0.15984724495362795,0.05,0.1,0.6000000000000001,0.1,0.2,True
466,0.3402646550641133,0.351570144659923,-0.09259878707411866,0.5641025641025641,0.5531914893617021,0.40425531914893614,0.2977364906014561,0.38820549500383583,0.6129032258064516,0.509090909090909,0.11551153893626832,0.12980649119107357,0.10132825600859303,0.15984724495362795,0.1,0.1,0.6000000000000001,0.1,0.1,True
466,0.18262543643047038,0.3503814330855591,-0.3286430686999313,0.5042735042735043,0.574468085106383,0.3617021276595745,0.10853111567571447,0.2785122044660369,0.5303030303030303,0.47058823529411764,0.07568325143130318,0.08289236213430567,0.07359224125609089,0.14257137661392977,0.05,0.2,0.2,0.4,0.2,True
466,0.18262543643047038,0.3503814330855591,-0.3286430686999313,0.5042735042735043,0.574468085106383,0.3617021276595745,0.10853111567571447,0.2785122044660369,0.5303030303030303,0.47058823529411764,0.07553942972081854,0.08296740168228642,0.07340684275310932,0.14257137661392977,0.05,0.1,0.1,0.2,0.6000000000000001,True
466,0.18262543643047038,0.3503814330855591,-0.3286430686999313,0.5042735042735043,0.574468085106383,0.3617021276595745,0.10853111567571447,0.2785122044660369,0.5303030303030303,0.47058823529411764,0.07553942972081854,0.08296740168228642,0.07340684275310932,0.14257137661392977,0.1,0.2,0.2,0.4,0.1,True
466,0.18262543643047038,0.3503814330855591,-0.3286430686999313,0.5042735042735043,0.574468085106383,0.3617021276595745,0.10853111567571447,0.2785122044660369,0.5303030303030303,0.47058823529411764,0.07530198704395007,0.08249629246714917,0.07336747049037935,0.14257137661392977,0.1,0.1,0.1,0.2,0.5,True
466,0.15184291898524288,0.34781815277200073,-0.33277912039624585,0.49572649572649574,0.574468085106383,0.3617021276595745,0.04311213477470742,0.29754216982736037,0.5074626865671642,0.48,0.07421840989216284,0.07589032749160136,0.07418830741083811,0.13402436806692125,0.05,0.2,0.2,0.5,0.1,True
466,0.15184291898524288,0.34781815277200073,-0.33277912039624585,0.49572649572649574,0.574468085106383,0.3617021276595745,0.04311213477470742,0.29754216982736037,0.5074626865671642,0.48,0.07419209649097988,0.07600611699279015,0.0741813300478227,0.13402436806692125,0.1,0.2,0.2,0.5,0.0,True
466,0.15658938303699385,0.3471913002176017,-0.24305442457912094,0.47863247863247865,0.574468085106383,0.40425531914893614,0.13362824450901037,0.18735730866449174,0.5223880597014925,0.42,0.06321978143741822,0.0798927680176724,0.05344610231516525,0.07437715948354251,0.0,0.4,0.30000000000000004,0.2,0.1,True
466,0.1910767025711976,0.34035130051468215,-0.28854580884686487,0.49572649572649574,0.5531914893617021,0.3829787234042553,0.19385236966575414,0.18735730866449174,0.5522388059701493,0.42,0.060286428168428795,0.07526516357531166,0.05465767156448841,0.11274777232224042,0.0,0.30000000000000004,0.2,0.2,0.30000000000000004,True
466,0.1910767025711976,0.34035130051468215,-0.28854580884686487,0.49572649572649574,0.5531914893617021,0.3829787234042553,0.19385236966575414,0.18735730866449174,0.5522388059701493,0.42,0.06005265568226906,0.0746762770563901,0.05432176137360244,0.11274777232224042,0.05,0.30000000000000004,0.2,0.2,0.30000000000000004,True
466,0.1910767025711976,0.34035130051468215,-0.28854580884686487,0.49572649572649574,0.5531914893617021,0.3829787234042553,0.19385236966575414,0.18735730866449174,0.5522388059701493,0.42,0.05969534084445599,0.07369430257420531,0.05448672617061024,0.11274777232224042,0.1,0.30000000000000004,0.2,0.2,0.2,True
466,0.17188558748565216,0.33884314352809997,-0.2338541833448806,0.48717948717948717,0.5531914893617021,0.40425531914893614,0.17792042882722292,0.16407579280832524,0.5454545454545454,0.4117647058823529,0.05990143138374476,0.0779660903519687,0.049144558016149115,0.08292416803055103,0.0,0.30000000000000004,0.2,0.1,0.4,True
466,0.16387097831052097,0.33884314352809997,-0.26314604989225804,0.48717948717948717,0.5531914893617021,0.3829787234042553,0.1616147469024888,0.1666912675705612,0.5384615384615384,0.4230769230769231,0.057195692145319055,0.07414702461533403,0.04704237821621283,0.10420076377523185,0.0,0.5,0.30000000000000004,0.1,0.1,True
466,0.24478199518521274,0.33773527729301706,-0.36156719955497363,0.5042735042735043,0.5531914893617021,0.3404255319148936,0.2211744291506626,0.2753329629946306,0.5454545454545454,0.45098039215686275,0.055699871708332106,0.06642838713694627,0.05223353629969702,0.16384797235861065,0.0,0.2,0.1,0.30000000000000004,0.4,True
466,0.24478199518521274,0.33773527729301706,-0.36156719955497363,0.5042735042735043,0.5531914893617021,0.3404255319148936,0.2211744291506626,0.2753329629946306,0.5454545454545454,0.45098039215686275,0.05553533519266088,0.06637223171362294,0.052077044014922254,0.16384797235861065,0.05,0.2,0.1,0.30000000000000004,0.4,True
466,0.24478199518521274,0.33773527729301706,-0.36156719955497363,0.5042735042735043,0.5531914893617021,0.3404255319148936,0.2211744291506626,0.2753329629946306,0.5454545454545454,0.45098039215686275,0.05535530922806634,0.06592497612963188,0.052012752598565734,0.16384797235861065,0.1,0.2,0.1,0.30000000000000004,0.30000000000000004,True
466,0.17843643489368008,0.33706630264918885,-0.28349513752762867,0.5042735042735043,0.5531914893617021,0.3829787234042553,0.1627419802781539,0.19946700407848517,0.5373134328358209,0.46,0.0597073467225371,0.07365454652229499,0.05357717706324094,0.12129478086924894,0.0,0.30000000000000004,0.2,0.5,0.0,True
466,0.17843643489368008,0.33706630264918885,-0.28349513752762867,0.5042735042735043,0.5531914893617021,0.3829787234042553,0.1627419802781539,0.19946700407848517,0.5373134328358209,0.46,0.059441662239198036,0.07333451030441696,0.0533748335357933,0.12129478086924894,0.05,0.30000000000000004,0.2,0.5,0.0,True
466,0.33064043012775807,0.33589824563157394,-0.16273016866696746,0.559322033898305,0.5319148936170213,0.3617021276595745,0.2977364906014561,0.36706979174616367,0.6129032258064516,0.5,0.11573835266212146,0.13116232887796758,0.10178316059439843,0.19761990623873055,0.05,0.1,0.8,0.0,0.1,True
466,0.3274923007545998,0.33589824563157394,-0.16273016866696746,0.5555555555555556,0.5319148936170213,0.3617021276595745,0.2911588664016885,0.36706979174616367,0.6065573770491803,0.5,0.11557288196789575,0.13056151255104576,0.10192420491067965,0.1938534278959811,0.1,0.1,0.8,0.0,0.0,True
466,0.17527979086578252,0.3328266910409728,-0.2723828357708343,0.49572649572649574,0.5531914893617021,0.3617021276595745,0.16033099313835908,0.1953111798205299,0.5373134328358209,0.44,0.07785830597589474,0.08869525486126513,0.07275844637574631,0.13402436806692125,0.0,0.2,0.2,0.30000000000000004,0.30000000000000004,True
466,0.20395937740954564,0.3312166194358093,-0.25675731324711987,0.49572649572649574,0.5319148936170213,0.3829787234042553,0.17436213192884012,0.24095593426042766,0.5384615384615384,0.4423076923076923,0.0537444065400428,0.06674892030547318,0.04705234587766346,0.11274777232224042,0.0,0.5,0.2,0.30000000000000004,0.0,True
466,0.20395937740954564,0.3312166194358093,-0.25675731324711987,0.49572649572649574,0.5319148936170213,0.3829787234042553,0.17436213192884012,0.24095593426042766,0.5384615384615384,0.4423076923076923,0.05345327954823131,0.0661774270592624,0.046968617521478226,0.11274777232224042,0.05,0.5,0.2,0.30000000000000004,0.0,True
466,0.17188558748565216,0.32968281213246214,-0.24168050687817835,0.48717948717948717,0.5531914893617021,0.40425531914893614,0.16033952690442854,0.18735730866449174,0.5373134328358209,0.42,0.057615400225180614,0.07340110169136671,0.05110120995890631,0.08292416803055103,0.0,0.5,0.30000000000000004,0.2,0.0,True
466,0.2846262918674213,0.3290136144812339,-0.3078324910940146,0.5470085470085471,0.5531914893617021,0.3404255319148936,0.27074117347912147,0.30139322727970796,0.59375,0.49056603773584906,0.10516514691510136,0.11087267146878577,0.09961979883595634,0.20658301509365345,0.0,0.1,0.2,0.2,0.5,True
466,0.2846262918674213,0.3290136144812339,-0.3078324910940146,0.5470085470085471,0.5531914893617021,0.3404255319148936,0.27074117347912147,0.30139322727970796,0.59375,0.49056603773584906,0.10516514691510136,0.11087267146878577,0.09961979883595634,0.20658301509365345,0.0,0.2,0.4,0.4,0.0,True
466,0.16387097831052097,0.3281234970608298,-0.26314604989225804,0.48717948717948717,0.5319148936170213,0.3829787234042553,0.1616147469024888,0.1666912675705612,0.5384615384615384,0.4230769230769231,0.057033270654802015,0.07355764114576359,0.04713208716926843,0.10420076377523185,0.05,0.5,0.30000000000000004,0.1,0.1,True
466,0.16387097831052097,0.3281234970608298,-0.26314604989225804,0.48717948717948717,0.5319148936170213,0.3829787234042553,0.1616147469024888,0.1666912675705612,0.5384615384615384,0.4230769230769231,0.0570246861409409,0.07350943693282234,0.0472900746032608,0.10420076377523185,0.1,0.5,0.30000000000000004,0.1,0.0,True
466,0.1739438668683054,0.3179539981878376,-0.27596509138535996,0.49572649572649574,0.574468085106383,0.3617021276595745,0.12038176114469332,0.24571708853794547,0.5223880597014925,0.46,0.07583441352320529,0.09106272775252441,0.06714814812826345,0.13402436806692125,0.0,0.30000000000000004,0.30000000000000004,0.1,0.30000000000000004,True
466,0.150094570721413,0.3174550086786099,-0.2782455141921599,0.4789915966386555,0.5319148936170213,0.3617021276595745,0.1440145234645723,0.15766595032427108,0.5303030303030303,0.41509433962264153,0.05833644098905409,0.07408758134899593,0.047501056950894155,0.11728946897908099,0.0,0.5,0.30000000000000004,0.0,0.2,True
466,0.14167848409315728,0.3174550086786099,-0.29344147417608096,0.4700854700854701,0.5319148936170213,0.3617021276595745,0.1285642044560386,0.15864990480001676,0.5151515151515151,0.4117647058823529,0.05511498631392648,0.06908077387472053,0.044466359957179034,0.10838334242589559,0.0,0.2,0.1,0.0,0.7000000000000001,True
466,0.14167848409315728,0.3174550086786099,-0.29344147417608096,0.4700854700854701,0.5319148936170213,0.3617021276595745,0.1285642044560386,0.15864990480001676,0.5151515151515151,0.4117647058823529,0.05511498631392648,0.06908077387472053,0.044466359957179034,0.10838334242589559,0.0,0.4,0.2,0.0,0.4,True
466,0.14167848409315728,0.3174550086786099,-0.29344147417608096,0.4700854700854701,0.5319148936170213,0.3617021276595745,0.1285642044560386,0.15864990480001676,0.5151515151515151,0.4117647058823529,0.05511498631392648,0.06908077387472053,0.044466359957179034,0.10838334242589559,0.0,0.6000000000000001,0.30000000000000004,0.0,0.1,True
466,0.27529688312826744,0.3146777427519662,-0.3237015901361853,0.5384615384615384,0.5319148936170213,0.3404255319148936,0.24419474274807024,0.31285418471944915,0.578125,0.49056603773584906,0.10628362198193267,0.11321380597565447,0.09818096690555897,0.19803600654664483,0.0,0.2,0.4,0.30000000000000004,0.1,True
466,0.2846262918674213,0.3117447495788282,-0.3078324910940146,0.5470085470085471,0.5531914893617021,0.3404255319148936,0.27074117347912147,0.30139322727970796,0.59375,0.49056603773584906,0.10486226287169749,0.11020775150058575,0.09911643193269988,0.20658301509365345,0.05,0.2,0.4,0.4,0.0,True
466,0.30350335173075715,0.3116604690286557,-0.19894342366767423,0.5555555555555556,0.5106382978723404,0.3829787234042553,0.24817887983520964,0.37031026118953164,0.59375,0.5094339622641509,0.11169645102403276,0.1273069665419381,0.0974571370420276,0.17257683215130026,0.05,0.30000000000000004,0.7000000000000001,0.0,0.0,True
466,0.30350335173075715,0.3116604690286557,-0.19894342366767423,0.5555555555555556,0.5106382978723404,0.3829787234042553,0.24817887983520964,0.37031026118953164,0.59375,0.5094339622641509,0.11167681547266536,0.12714532892204658,0.09706445191459717,0.17257683215130026,0.0,0.30000000000000004,0.7000000000000001,0.0,0.0,True
466,0.2884077528675546,0.3116604690286557,-0.24409135483997693,0.5470085470085471,0.5106382978723404,0.3617021276595745,0.248900253970113,0.33611492134748416,0.59375,0.49056603773584906,0.11182977931149361,0.1274566401202361,0.09666728090209688,0.18530641934897257,0.05,0.2,0.5,0.0,0.30000000000000004,True
466,0.2884077528675546,0.3116604690286557,-0.24409135483997693,0.5470085470085471,0.5106382978723404,0.3617021276595745,0.248900253970113,0.33611492134748416,0.59375,0.49056603773584906,0.11173790280304377,0.12715824971552858,0.09639860281234665,0.18530641934897257,0.0,0.2,0.5,0.0,0.30000000000000004,True
466,0.2884077528675546,0.3116604690286557,-0.24409135483997693,0.5470085470085471,0.5106382978723404,0.3617021276595745,0.248900253970113,0.33611492134748416,0.59375,0.49056603773584906,0.11169883475986857,0.12640732285228945,0.09670905393694598,0.18530641934897257,0.1,0.2,0.5,0.0,0.2,True
466,0.27969274395669247,0.3116604690286557,-0.21573941252502507,0.5470085470085471,0.5106382978723404,0.3829787234042553,0.248900253970113,0.31687612809143,0.59375,0.49056603773584906,0.11244929354611792,0.12560974296129088,0.09722905523702452,0.16402982360429175,0.0,0.2,0.5,0.1,0.2,True
466,0.27969274395669247,0.3116604690286557,-0.21573941252502507,0.5470085470085471,0.5106382978723404,0.3829787234042553,0.248900253970113,0.31687612809143,0.59375,0.49056603773584906,0.11239480054508653,0.1251908135642859,0.09739601356632246,0.16402982360429175,0.05,0.2,0.5,0.1,0.2,True
466,0.27969274395669247,0.3116604690286557,-0.21573941252502507,0.5470085470085471,0.5106382978723404,0.3829787234042553,0.248900253970113,0.31687612809143,0.59375,0.49056603773584906,0.11223144595523676,0.12449657350780205,0.09725646630601374,0.16402982360429175,0.1,0.2,0.5,0.1,0.1,True
466,0.2575123282358204,0.3116604690286557,-0.2282222557978062,0.5470085470085471,0.5106382978723404,0.3617021276595745,0.19971195484955753,0.32730900553243975,0.59375,0.49056603773584906,0.11102202480677546,0.12204362510493556,0.09776980087072079,0.18530641934897257,0.0,0.2,0.5,0.2,0.1,True
466,0.2575123282358204,0.3116604690286557,-0.2282222557978062,0.5470085470085471,0.5106382978723404,0.3617021276595745,0.19971195484955753,0.32730900553243975,0.59375,0.49056603773584906,0.11070788136475666,0.12136230576532252,0.0977025191559291,0.18530641934897257,0.05,0.2,0.5,0.2,0.1,True
466,0.2575123282358204,0.3116604690286557,-0.2282222557978062,0.5470085470085471,0.5106382978723404,0.3617021276595745,0.19971195484955753,0.32730900553243975,0.59375,0.49056603773584906,0.11045917928927326,0.12051401100768619,0.09764520510258802,0.18530641934897257,0.1,0.2,0.5,0.2,0.0,True
466,0.17188558748565216,0.30831520746005314,-0.24168050687817835,0.48717948717948717,0.5319148936170213,0.40425531914893614,0.16033952690442854,0.18735730866449174,0.5373134328358209,0.42,0.05742622988712533,0.07279333104778778,0.05097960448920871,0.08292416803055103,0.05,0.5,0.30000000000000004,0.2,0.0,True
466,0.16745731829265045,0.30829467728297205,-0.24943260834034756,0.47863247863247865,0.5319148936170213,0.3829787234042553,0.17426304690059471,0.15864990480001676,0.5303030303030303,0.4117647058823529,0.05481236982966235,0.06947220986132979,0.04557164976917348,0.09565375522822334,0.0,0.4,0.2,0.1,0.30000000000000004,True
466,0.16745731829265045,0.3066642754893565,-0.24943260834034756,0.47863247863247865,0.5319148936170213,0.3829787234042553,0.17426304690059471,0.15864990480001676,0.5303030303030303,0.4117647058823529,0.05469542137996031,0.06898221652153516,0.04625044751396087,0.09565375522822334,0.0,0.6000000000000001,0.30000000000000004,0.1,0.0,True
466,0.18294751497323605,0.3050600483080405,-0.26784544083507317,0.48717948717948717,0.5319148936170213,0.3829787234042553,0.19232863223752694,0.17122111839287252,0.5384615384615384,0.4230769230769231,0.055455337476534895,0.068490235379145,0.05043786208936738,0.10420076377523185,0.0,0.2,0.1,0.1,0.6000000000000001,True
466,0.18294751497323605,0.3050600483080405,-0.26784544083507317,0.48717948717948717,0.5319148936170213,0.3829787234042553,0.19232863223752694,0.17122111839287252,0.5384615384615384,0.4230769230769231,0.055455337476534895,0.068490235379145,0.05043786208936738,0.10420076377523185,0.0,0.4,0.2,0.2,0.2,True
466,0.18294751497323605,0.3050600483080405,-0.26784544083507317,0.48717948717948717,0.5319148936170213,0.3829787234042553,0.19232863223752694,0.17122111839287252,0.5384615384615384,0.4230769230769231,0.055142375960337546,0.06769312653834318,0.05016225625025768,0.10420076377523185,0.05,0.4,0.2,0.2,0.2,True
466,0.18294751497323605,0.3050600483080405,-0.26784544083507317,0.48717948717948717,0.5319148936170213,0.3829787234042553,0.19232863223752694,0.17122111839287252,0.5384615384615384,0.4230769230769231,0.0548370036520464,0.06707293212854225,0.05025794580018365,0.10420076377523185,0.05,0.2,0.1,0.1,0.6000000000000001,True
466,0.18294751497323605,0.3050600483080405,-0.26784544083507317,0.48717948717948717,0.5319148936170213,0.3829787234042553,0.19232863223752694,0.17122111839287252,0.5384615384615384,0.4230769230769231,0.0548370036520464,0.06707293212854225,0.05025794580018365,0.10420076377523185,0.1,0.4,0.2,0.2,0.1,True
466,0.18294751497323605,0.3050600483080405,-0.26784544083507317,0.48717948717948717,0.5319148936170213,0.3829787234042553,0.19232863223752694,0.17122111839287252,0.5384615384615384,0.4230769230769231,0.05444802564354272,0.06654715834202833,0.050066566700331695,0.10420076377523185,0.1,0.2,0.1,0.1,0.5,True
466,0.17415325993116998,0.3050600483080405,-0.22202684867949418,0.47863247863247865,0.5319148936170213,0.40425531914893614,0.14940654834491895,0.20617841610161247,0.5151515151515151,0.43137254901960786,0.050017794424989256,0.06094652452916262,0.04296311276754558,0.07437715948354251,0.0,0.30000000000000004,0.1,0.1,0.5,True
466,0.17415325993116998,0.3050600483080405,-0.22202684867949418,0.47863247863247865,0.5319148936170213,0.40425531914893614,0.14940654834491895,0.20617841610161247,0.5151515151515151,0.43137254901960786,0.050017794424989256,0.06094652452916262,0.04296311276754558,0.07437715948354251,0.0,0.6000000000000001,0.2,0.2,0.0,True
466,0.1693611537504761,0.3050600483080405,-0.25675731324711987,0.47863247863247865,0.5319148936170213,0.3829787234042553,0.140911451024598,0.20617841610161247,0.5151515151515151,0.43137254901960786,0.053068469383413815,0.06588223837382828,0.047236249231427434,0.09565375522822334,0.0,0.5,0.2,0.2,0.1,True
466,0.1693611537504761,0.3050600483080405,-0.25675731324711987,0.47863247863247865,0.5319148936170213,0.3829787234042553,0.140911451024598,0.20617841610161247,0.5151515151515151,0.43137254901960786,0.05270779538800293,0.06534801642628343,0.046891368145235895,0.09565375522822334,0.05,0.5,0.2,0.2,0.1,True
466,0.1693611537504761,0.3050600483080405,-0.25675731324711987,0.47863247863247865,0.5319148936170213,0.3829787234042553,0.140911451024598,0.20617841610161247,0.5151515151515151,0.43137254901960786,0.05245903110589734,0.06472782201648251,0.04693173717411092,0.09565375522822334,0.1,0.5,0.2,0.2,0.0,True
466,0.1534357037227821,0.3050600483080405,-0.33338756896522737,0.4700854700854701,0.5319148936170213,0.3404255319148936,0.1494065483449189,0.15864990480001676,0.5151515151515151,0.4117647058823529,0.052358878444184416,0.06589913469589019,0.04480912366820086,0.12965993817057647,0.0,0.5,0.2,0.1,0.2,True
466,0.1534357037227821,0.3050600483080405,-0.33338756896522737,0.4700854700854701,0.5319148936170213,0.3404255319148936,0.1494065483449189,0.15864990480001676,0.5151515151515151,0.4117647058823529,0.05222438772702707,0.06532416279513725,0.04502841222011456,0.12965993817057647,0.05,0.5,0.2,0.1,0.2,True
466,0.1534357037227821,0.3050600483080405,-0.33338756896522737,0.4700854700854701,0.5319148936170213,0.3404255319148936,0.1494065483449189,0.15864990480001676,0.5151515151515151,0.4117647058823529,0.05199528073753098,0.06492660227603408,0.045198360847847674,0.12965993817057647,0.1,0.5,0.2,0.1,0.1,True
466,0.24475938958356971,0.3041348958864199,-0.2375115864697651,0.5042735042735043,0.5319148936170213,0.40425531914893614,0.23992103797771544,0.25080732909088765,0.5538461538461539,0.4423076923076923,0.055250677689556306,0.06726425812836065,0.05064120238296008,0.10001818512456812,0.05,0.4,0.2,0.30000000000000004,0.1,True
466,0.24475938958356971,0.3041348958864199,-0.2375115864697651,0.5042735042735043,0.5319148936170213,0.40425531914893614,0.23992103797771544,0.25080732909088765,0.5538461538461539,0.4423076923076923,0.05495395210174845,0.06699988038315705,0.05038004965295377,0.10001818512456812,0.1,0.4,0.2,0.30000000000000004,0.0,True
466,0.19198507916541335,0.3041348958864199,-0.25825038456304195,0.49572649572649574,0.5319148936170213,0.40425531914893614,0.14855115988288292,0.24627747826857638,0.5384615384615384,0.4423076923076923,0.060924543698771136,0.07447650289554075,0.05647776654537208,0.0914711765775596,0.05,0.30000000000000004,0.2,0.30000000000000004,0.2,True
466,0.19198507916541335,0.3041348958864199,-0.25825038456304195,0.49572649572649574,0.5319148936170213,0.40425531914893614,0.14855115988288292,0.24627747826857638,0.5384615384615384,0.4423076923076923,0.060583775822458476,0.07421212515033716,0.056216613815365774,0.0914711765775596,0.1,0.30000000000000004,0.2,0.30000000000000004,0.1,True
466,0.22153695278554603,0.30401181334782545,-0.252005973371783,0.49572649572649574,0.5319148936170213,0.3829787234042553,0.17656493386911676,0.27584278694878134,0.53125,0.4528301886792453,0.05061634654362389,0.059089419954302,0.04733841776129632,0.11274777232224042,0.0,0.30000000000000004,0.1,0.2,0.4,True
466,0.22153695278554603,0.30401181334782545,-0.252005973371783,0.49572649572649574,0.5319148936170213,0.3829787234042553,0.17656493386911676,0.27584278694878134,0.53125,0.4528301886792453,0.05028833102485852,0.0586506125313419,0.046978086799856315,0.11274777232224042,0.05,0.30000000000000004,0.1,0.2,0.4,True
466,0.22153695278554603,0.30401181334782545,-0.252005973371783,0.49572649572649574,0.5319148936170213,0.3829787234042553,0.17656493386911676,0.27584278694878134,0.53125,0.4528301886792453,0.05005374985261042,0.05817950331620466,0.0468833940160754,0.11274777232224042,0.1,0.30000000000000004,0.1,0.2,0.30000000000000004,True
466,0.18623261790788434,0.3023197735389396,-0.2723828357708342,0.49572649572649574,0.574468085106383,0.3617021276595745,0.15914184648977564,0.22129126327249557,0.5303030303030303,0.45098039215686275,0.07618948892261981,0.08809344762547272,0.06851022906549101,0.13402436806692125,0.0,0.30000000000000004,0.30000000000000004,0.2,0.2,True
466,0.16319579291632053,0.3023197735389396,-0.2503690580443521,0.48717948717948717,0.574468085106383,0.3829787234042553,0.1183038385501853,0.22129126327249557,0.5151515151515151,0.45098039215686275,0.07579889354193942,0.0889740441752862,0.06725978593651043,0.10420076377523185,0.0,0.2,0.2,0.1,0.5,True
466,0.16319579291632053,0.3023197735389396,-0.2503690580443521,0.48717948717948717,0.574468085106383,0.3829787234042553,0.1183038385501853,0.22129126327249557,0.5151515151515151,0.45098039215686275,0.07579889354193942,0.0889740441752862,0.06725978593651043,0.10420076377523185,0.0,0.4,0.4,0.2,0.0,True
466,0.26388579773685983,0.30057998604052644,-0.2375115864697652,0.5128205128205128,0.5319148936170213,0.40425531914893614,0.25504026094676435,0.2753329629946306,0.5606060606060606,0.45098039215686275,0.05605214780974844,0.0675321145281064,0.051729671013368055,0.10856519367157663,0.0,0.2,0.1,0.2,0.5,True
466,0.26388579773685983,0.30057998604052644,-0.2375115864697652,0.5128205128205128,0.5319148936170213,0.40425531914893614,0.25504026094676435,0.2753329629946306,0.5606060606060606,0.45098039215686275,0.05605214780974844,0.0675321145281064,0.051729671013368055,0.10856519367157663,0.0,0.4,0.2,0.4,0.0,True
466,0.26388579773685983,0.30057998604052644,-0.2375115864697652,0.5128205128205128,0.5319148936170213,0.40425531914893614,0.25504026094676435,0.2753329629946306,0.5606060606060606,0.45098039215686275,0.055795234460137025,0.06701826755716556,0.051637968528022334,0.10856519367157663,0.05,0.4,0.2,0.4,0.0,True
466,0.26388579773685983,0.30057998604052644,-0.2375115864697652,0.5128205128205128,0.5319148936170213,0.40425531914893614,0.25504026094676435,0.2753329629946306,0.5606060606060606,0.45098039215686275,0.05569980950170992,0.06709330710514629,0.051438615299009886,0.10856519367157663,0.05,0.2,0.1,0.2,0.5,True
466,0.26388579773685983,0.30057998604052644,-0.2375115864697652,0.5128205128205128,0.5319148936170213,0.40425531914893614,0.25504026094676435,0.2753329629946306,0.5606060606060606,0.45098039215686275,0.055465228329461824,0.06662219789000905,0.051343922515228964,0.10856519367157663,0.1,0.2,0.1,0.2,0.4,True
466,0.1377145810102469,0.30057998604052644,-0.2292299399124244,0.48717948717948717,0.5319148936170213,0.40425531914893614,0.12707741592473024,0.15196838222483916,0.5223880597014925,0.44,0.06059858099853778,0.07345974186793444,0.05593652252860328,0.08292416803055103,0.0,0.30000000000000004,0.2,0.4,0.1,True
466,0.1377145810102469,0.30057998604052644,-0.2292299399124244,0.48717948717948717,0.5319148936170213,0.40425531914893614,0.12707741592473024,0.15196838222483916,0.5223880597014925,0.44,0.06026645984270839,0.07266263302713262,0.055844820043257554,0.08292416803055103,0.05,0.30000000000000004,0.2,0.4,0.1,True
466,0.1377145810102469,0.30057998604052644,-0.2292299399124244,0.48717948717948717,0.5319148936170213,0.40425531914893614,0.12707741592473024,0.15196838222483916,0.5223880597014925,0.44,0.060122638132223745,0.07273767257511334,0.0556454668142451,0.08292416803055103,0.1,0.30000000000000004,0.2,0.4,0.0,True
466,0.150094570721413,0.3004542575387293,-0.2782455141921599,0.4789915966386555,0.5208333333333334,0.3617021276595745,0.1440145234645723,0.15766595032427108,0.5303030303030303,0.41509433962264153,0.058314796375453934,0.07333040297815316,0.047862367030919284,0.11728946897908099,0.1,0.5,0.30000000000000004,0.0,0.1,True
466,0.150094570721413,0.3004542575387293,-0.2782455141921599,0.4789915966386555,0.5208333333333334,0.3617021276595745,0.1440145234645723,0.15766595032427108,0.5303030303030303,0.41509433962264153,0.058259245499535296,0.0735401171964832,0.04763061576918513,0.11728946897908099,0.05,0.5,0.30000000000000004,0.0,0.2,True
466,0.16319579291632053,0.29947290837333557,-0.2503690580443521,0.48717948717948717,0.5531914893617021,0.3829787234042553,0.1183038385501853,0.22129126327249557,0.5151515151515151,0.45098039215686275,0.07582402501730091,0.0889293186168871,0.06729566951773266,0.10420076377523185,0.05,0.4,0.4,0.2,0.0,True
466,0.27529688312826744,0.2993771924923116,-0.3237015901361853,0.5384615384615384,0.5319148936170213,0.3404255319148936,0.24419474274807024,0.31285418471944915,0.578125,0.49056603773584906,0.1057892037488306,0.11226413328564683,0.09766514042548927,0.19803600654664483,0.05,0.2,0.4,0.30000000000000004,0.1,True
466,0.15658938303699385,0.2986147132733577,-0.24305442457912094,0.47863247863247865,0.5531914893617021,0.40425531914893614,0.13362824450901037,0.18735730866449174,0.5223880597014925,0.42,0.06297338100695556,0.07910311343660373,0.053522354925262514,0.07437715948354251,0.1,0.4,0.30000000000000004,0.2,0.0,True
466,0.15658938303699385,0.2986147132733577,-0.24305442457912094,0.47863247863247865,0.5531914893617021,0.40425531914893614,0.13362824450901037,0.18735730866449174,0.5223880597014925,0.42,0.06289406756367358,0.07892272035106067,0.05344510554902018,0.07437715948354251,0.05,0.4,0.30000000000000004,0.2,0.1,True
466,0.24475938958356971,0.29643320791651984,-0.2375115864697651,0.5042735042735043,0.5319148936170213,0.40425531914893614,0.23992103797771544,0.25080732909088765,0.5538461538461539,0.4423076923076923,0.05556706056997366,0.06798930912507502,0.05065565549206348,0.10001818512456812,0.0,0.4,0.2,0.30000000000000004,0.1,True
466,0.19198507916541335,0.29643320791651984,-0.25825038456304195,0.49572649572649574,0.5319148936170213,0.40425531914893614,0.14855115988288292,0.24627747826857638,0.5384615384615384,0.4423076923076923,0.061238065074568124,0.07540977621413543,0.05643689913342452,0.0914711765775596,0.0,0.30000000000000004,0.2,0.30000000000000004,0.2,True
466,0.20747383836375918,0.29635588854499745,-0.32275235796775037,0.5128205128205128,0.5531914893617021,0.3617021276595745,0.15459277501943236,0.2713302167418143,0.53125,0.49056603773584906,0.06950918197312336,0.05843891155491947,0.0803577914657009,0.15111838516093828,0.05,0.1,0.1,0.4,0.4,True
466,0.20747383836375918,0.29635588854499745,-0.32275235796775037,0.5128205128205128,0.5531914893617021,0.3617021276595745,0.15459277501943236,0.2713302167418143,0.53125,0.49056603773584906,0.06935665133553323,0.05804930224619837,0.08023070378220547,0.15111838516093828,0.1,0.1,0.1,0.4,0.30000000000000004,True
466,0.16387097831052097,0.2903606247195931,-0.2730622364248014,0.48717948717948717,0.5306122448979592,0.3617021276595745,0.1616147469024888,0.1666912675705612,0.5384615384615384,0.4230769230769231,0.05923048081817652,0.07769447054485605,0.04558474722173754,0.12547735951991268,0.0,0.30000000000000004,0.2,0.0,0.5,True
466,0.16387097831052097,0.2903606247195931,-0.2730622364248014,0.48717948717948717,0.5306122448979592,0.3617021276595745,0.1616147469024888,0.1666912675705612,0.5384615384615384,0.4230769230769231,0.05923048081817652,0.07769447054485605,0.04558474722173754,0.12547735951991268,0.0,0.6000000000000001,0.4,0.0,0.0,True
466,0.17534959743141615,0.2879839018096718,-0.29362992549839845,0.49572649572649574,0.5531914893617021,0.3617021276595745,0.14124969948912824,0.22267190477989743,0.5294117647058824,0.4489795918367347,0.07654569083463693,0.09323917901089415,0.06603369083351802,0.13402436806692125,0.0,0.1,0.1,0.0,0.8,True
466,0.17534959743141615,0.2879839018096718,-0.29362992549839845,0.49572649572649574,0.5531914893617021,0.3617021276595745,0.14124969948912824,0.22267190477989743,0.5294117647058824,0.4489795918367347,0.07654569083463693,0.09323917901089415,0.06603369083351802,0.13402436806692125,0.0,0.2,0.2,0.0,0.6000000000000001,True
466,0.17534959743141615,0.2879839018096718,-0.29362992549839845,0.49572649572649574,0.5531914893617021,0.3617021276595745,0.14124969948912824,0.22267190477989743,0.5294117647058824,0.4489795918367347,0.07654569083463693,0.09323917901089415,0.06603369083351802,0.13402436806692125,0.0,0.30000000000000004,0.30000000000000004,0.0,0.4,True
466,0.17534959743141615,0.2879839018096718,-0.29362992549839845,0.49572649572649574,0.5531914893617021,0.3617021276595745,0.14124969948912824,0.22267190477989743,0.5294117647058824,0.4489795918367347,0.07654569083463693,0.09323917901089415,0.06603369083351802,0.13402436806692125,0.0,0.4,0.4,0.0,0.2,True
466,0.17534959743141615,0.2879839018096718,-0.29362992549839845,0.49572649572649574,0.5531914893617021,0.3617021276595745,0.14124969948912824,0.22267190477989743,0.5294117647058824,0.4489795918367347,0.07654569083463693,0.09323917901089415,0.06603369083351802,0.13402436806692125,0.0,0.5,0.5,0.0,0.0,True
466,0.16881677378124246,0.2879839018096718,-0.27596509138535996,0.49572649572649574,0.5531914893617021,0.3617021276595745,0.12826830462891053,0.22129126327249557,0.5303030303030303,0.45098039215686275,0.07604485852604681,0.09163620880133072,0.06695776579455656,0.13402436806692125,0.0,0.4,0.4,0.1,0.1,True
466,0.18008259552051237,0.2879462248911377,-0.24689730246790656,0.48717948717948717,0.5531914893617021,0.3829787234042553,0.1573793859216965,0.21158909047397123,0.5294117647058824,0.42857142857142855,0.06500511149403994,0.08352845896487072,0.05130953408322432,0.10420076377523185,0.0,0.5,0.4,0.1,0.0,True
466,0.18008259552051237,0.28794622489113764,-0.24689730246790656,0.48717948717948717,0.5531914893617021,0.3829787234042553,0.1573793859216965,0.21158909047397123,0.5294117647058824,0.42857142857142855,0.06499391430204718,0.08306231925622228,0.051329469406125566,0.10420076377523185,0.05,0.5,0.4,0.1,0.0,True
466,0.1739438668683054,0.28794622489113764,-0.27596509138535996,0.49572649572649574,0.5531914893617021,0.3617021276595745,0.12038176114469332,0.24571708853794547,0.5223880597014925,0.46,0.0757118042708847,0.09055583809066789,0.06718702200792089,0.13402436806692125,0.05,0.30000000000000004,0.30000000000000004,0.1,0.30000000000000004,True
466,0.16881677378124246,0.28794622489113764,-0.27596509138535996,0.49572649572649574,0.5531914893617021,0.3617021276595745,0.12826830462891053,0.22129126327249557,0.5303030303030303,0.45098039215686275,0.07609362851783744,0.0915914832429316,0.06704697636453963,0.13402436806692125,0.05,0.4,0.4,0.1,0.1,True
466,0.16745731829265045,0.28692707261056305,-0.24943260834034756,0.47863247863247865,0.5106382978723404,0.3829787234042553,0.17426304690059471,0.15864990480001676,0.5303030303030303,0.4117647058823529,0.05474070780090876,0.06901849391890331,0.04574359192919672,0.09565375522822334,0.05,0.4,0.2,0.1,0.30000000000000004,True
466,0.16745731829265045,0.28692707261056305,-0.24943260834034756,0.47863247863247865,0.5106382978723404,0.3829787234042553,0.17426304690059471,0.15864990480001676,0.5303030303030303,0.4117647058823529,0.05465871947287296,0.06854639080246831,0.04642089452476651,0.09565375522822334,0.05,0.6000000000000001,0.30000000000000004,0.1,0.0,True
466,0.16745731829265045,0.28692707261056305,-0.24943260834034756,0.47863247863247865,0.5106382978723404,0.3829787234042553,0.17426304690059471,0.15864990480001676,0.5303030303030303,0.4117647058823529,0.054477013929479505,0.06841271107791988,0.04596886107798079,0.09565375522822334,0.1,0.4,0.2,0.1,0.2,True
466,0.14167848409315728,0.286927072610563,-0.29344147417608096,0.4700854700854701,0.5106382978723404,0.3617021276595745,0.1285642044560386,0.15864990480001676,0.5151515151515151,0.4117647058823529,0.05519847310555488,0.068481134394114,0.04483664249331061,0.10838334242589559,0.1,0.6000000000000001,0.30000000000000004,0.0,0.0,True
466,0.14167848409315728,0.286927072610563,-0.29344147417608096,0.4700854700854701,0.5106382978723404,0.3617021276595745,0.1285642044560386,0.15864990480001676,0.5151515151515151,0.4117647058823529,0.05515395085982235,0.06854921697210267,0.04468192424988346,0.10838334242589559,0.05,0.4,0.2,0.0,0.4,True
466,0.14167848409315728,0.286927072610563,-0.29344147417608096,0.4700854700854701,0.5106382978723404,0.3617021276595745,0.1285642044560386,0.15864990480001676,0.5151515151515151,0.4117647058823529,0.055080777408759746,0.06869084861244405,0.04454956996264637,0.10838334242589559,0.05,0.6000000000000001,0.30000000000000004,0.0,0.1,True
466,0.14167848409315728,0.286927072610563,-0.29344147417608096,0.4700854700854701,0.5106382978723404,0.3617021276595745,0.1285642044560386,0.15864990480001676,0.5151515151515151,0.4117647058823529,0.05493401458375639,0.06793354038754609,0.04481374844847351,0.10838334242589559,0.05,0.2,0.1,0.0,0.7000000000000001,True
466,0.14167848409315728,0.286927072610563,-0.29344147417608096,0.4700854700854701,0.5106382978723404,0.3617021276595745,0.1285642044560386,0.15864990480001676,0.5151515151515151,0.4117647058823529,0.05493401458375639,0.06793354038754609,0.04481374844847351,0.10838334242589559,0.1,0.4,0.2,0.0,0.30000000000000004,True
466,0.14167848409315728,0.286927072610563,-0.29344147417608096,0.4700854700854701,0.5106382978723404,0.3617021276595745,0.1285642044560386,0.15864990480001676,0.5151515151515151,0.4117647058823529,0.05444867522254935,0.06718487997354582,0.044653245633904264,0.10838334242589559,0.1,0.2,0.1,0.0,0.6000000000000001,True
466,0.17166196289622848,0.28465825898372193,-0.24689730246790656,0.4918032786885246,0.54,0.3829787234042553,0.17535447942386706,0.1666912675705612,0.5428571428571428,0.4230769230769231,0.0616422484340321,0.07957593685727357,0.04864037659740964,0.10882455528426926,0.0,0.4,0.30000000000000004,0.0,0.30000000000000004,True
466,0.17534959743141615,0.2818173628300276,-0.29362992549839845,0.49572649572649574,0.5319148936170213,0.3617021276595745,0.14124969948912824,0.22267190477989743,0.5294117647058824,0.4489795918367347,0.07664050277253459,0.09314200249214497,0.06634018497777067,0.13402436806692125,0.05,0.5,0.5,0.0,0.0,True
466,0.17534959743141615,0.2818173628300276,-0.29362992549839845,0.49572649572649574,0.5319148936170213,0.3617021276595745,0.14124969948912824,0.22267190477989743,0.5294117647058824,0.4489795918367347,0.07661336687570197,0.09299285028252839,0.06639200178363756,0.13402436806692125,0.05,0.4,0.4,0.0,0.2,True
466,0.2555222102215739,0.28118917757277356,-0.1969613808637805,0.5213675213675214,0.574468085106383,0.3617021276595745,0.17974479640043597,0.33260613117755905,0.5423728813559322,0.5,0.06700374805812351,0.044974530674193346,0.08634835599752502,0.1596653937079469,0.1,0.1,0.1,0.6000000000000001,0.1,True
466,0.2551204920046132,0.28002403013249305,-0.27706418441216124,0.5470085470085471,0.5106382978723404,0.3617021276595745,0.19533937923938174,0.32730900553243975,0.59375,0.49056603773584906,0.11028773783853983,0.11910366506616772,0.09790486268337674,0.18530641934897257,0.0,0.2,0.5,0.30000000000000004,0.0,True
466,0.2551204920046132,0.28002403013249305,-0.27706418441216124,0.5470085470085471,0.5106382978723404,0.3617021276595745,0.19533937923938174,0.32730900553243975,0.59375,0.49056603773584906,0.10989708025123723,0.11822058376310984,0.09769903047442137,0.18530641934897257,0.05,0.2,0.5,0.30000000000000004,0.0,True
466,0.19987311402147917,0.27722657842386766,-0.24689730246790656,0.49572649572649574,0.5319148936170213,0.3829787234042553,0.19143071922483046,0.21158909047397123,0.5441176470588235,0.42857142857142855,0.061973285142136486,0.07989475582026788,0.05046876183986431,0.11274777232224042,0.05,0.4,0.30000000000000004,0.1,0.2,True
466,0.19987311402147917,0.27722657842386766,-0.24689730246790656,0.49572649572649574,0.5319148936170213,0.3829787234042553,0.19143071922483046,0.21158909047397123,0.5441176470588235,0.42857142857142855,0.06183867001173477,0.07956328973746563,0.05062674927385667,0.11274777232224042,0.1,0.4,0.30000000000000004,0.1,0.1,True
466,0.17166196289622848,0.27722657842386766,-0.24689730246790656,0.4918032786885246,0.5319148936170213,0.3829787234042553,0.17535447942386706,0.1666912675705612,0.5428571428571428,0.4230769230769231,0.06158620176591867,0.07853201132711174,0.04900019096756244,0.10882455528426926,0.1,0.4,0.30000000000000004,0.0,0.2,True
466,0.20747383836375918,0.27688946643949064,-0.32275235796775037,0.5128205128205128,0.5531914893617021,0.3617021276595745,0.15459277501943236,0.2713302167418143,0.53125,0.49056603773584906,0.069514531742631,0.058533829128855346,0.08015793985361591,0.15111838516093828,0.0,0.1,0.1,0.4,0.4,True
466,0.18623261790788434,0.2763014260022469,-0.2723828357708342,0.49572649572649574,0.5319148936170213,0.3617021276595745,0.15914184648977564,0.22129126327249557,0.5303030303030303,0.45098039215686275,0.07598178101115431,0.08745536299231216,0.06828296638441683,0.13402436806692125,0.05,0.30000000000000004,0.30000000000000004,0.2,0.2,True
466,0.18623261790788434,0.2763014260022469,-0.2723828357708342,0.49572649572649574,0.5319148936170213,0.3617021276595745,0.15914184648977564,0.22129126327249557,0.5303030303030303,0.45098039215686275,0.07593245115976403,0.08722179618733904,0.06848082446421168,0.13402436806692125,0.1,0.30000000000000004,0.30000000000000004,0.2,0.1,True
466,0.1739438668683054,0.2763014260022469,-0.27596509138535996,0.49572649572649574,0.5319148936170213,0.3617021276595745,0.12038176114469332,0.24571708853794547,0.5223880597014925,0.46,0.07553663042282034,0.08998086618991494,0.0672961679008052,0.13402436806692125,0.1,0.30000000000000004,0.30000000000000004,0.1,0.2,True
466,0.1701098469325483,0.2763014260022469,-0.2723828357708342,0.48717948717948717,0.5319148936170213,0.3617021276595745,0.14795381021862883,0.19780489282494756,0.5230769230769231,0.4423076923076923,0.07637536230969946,0.08806015193199783,0.06925032792819974,0.12547735951991268,0.05,0.30000000000000004,0.30000000000000004,0.30000000000000004,0.1,True
466,0.1701098469325483,0.2763014260022469,-0.2723828357708342,0.48717948717948717,0.5319148936170213,0.3617021276595745,0.14795381021862883,0.19780489282494756,0.5230769230769231,0.4423076923076923,0.07628087045060508,0.08803878305409603,0.06908984857884472,0.12547735951991268,0.05,0.2,0.2,0.2,0.4,True
466,0.1701098469325483,0.2763014260022469,-0.2723828357708342,0.48717948717948717,0.5319148936170213,0.3617021276595745,0.14795381021862883,0.19780489282494756,0.5230769230769231,0.4423076923076923,0.07622376477144206,0.08778384737122114,0.06920746698396206,0.12547735951991268,0.1,0.30000000000000004,0.30000000000000004,0.30000000000000004,0.0,True
466,0.1701098469325483,0.2763014260022469,-0.2723828357708342,0.48717948717948717,0.5319148936170213,0.3617021276595745,0.14795381021862883,0.19780489282494756,0.5230769230769231,0.4423076923076923,0.07600741013949326,0.08715570175103815,0.06931910479220903,0.12547735951991268,0.05,0.1,0.1,0.1,0.7000000000000001,True
466,0.1701098469325483,0.2763014260022469,-0.2723828357708342,0.48717948717948717,0.5319148936170213,0.3617021276595745,0.14795381021862883,0.19780489282494756,0.5230769230769231,0.4423076923076923,0.07600741013949326,0.08715570175103815,0.06931910479220903,0.12547735951991268,0.1,0.2,0.2,0.2,0.30000000000000004,True
466,0.1701098469325483,0.2763014260022469,-0.2723828357708342,0.48717948717948717,0.5319148936170213,0.3617021276595745,0.14795381021862883,0.19780489282494756,0.5230769230769231,0.4423076923076923,0.07549321020053736,0.08647637021402063,0.06912772569235708,0.12547735951991268,0.1,0.1,0.1,0.1,0.6000000000000001,True
466,0.16881677378124246,0.2763014260022469,-0.27596509138535996,0.49572649572649574,0.5319148936170213,0.3617021276595745,0.12826830462891053,0.22129126327249557,0.5303030303030303,0.45098039215686275,0.07604504514591336,0.09104334667721814,0.06705495049370012,0.13402436806692125,0.1,0.4,0.4,0.1,0.0,True
466,0.16319579291632053,0.2763014260022469,-0.2503690580443521,0.48717948717948717,0.5319148936170213,0.3829787234042553,0.1183038385501853,0.22129126327249557,0.5151515151515151,0.45098039215686275,0.07569177373854209,0.08797716117363504,0.06739634289838395,0.10420076377523185,0.05,0.2,0.2,0.1,0.5,True
466,0.16319579291632053,0.2763014260022469,-0.2503690580443521,0.48717948717948717,0.5319148936170213,0.3829787234042553,0.1183038385501853,0.22129126327249557,0.5151515151515151,0.45098039215686275,0.07552418909838396,0.08775899983877718,0.06763955383777913,0.10420076377523185,0.1,0.2,0.2,0.1,0.4,True
466,0.25156573220153605,0.27383994728818456,-0.2999458172267638,0.5213675213675214,0.5319148936170213,0.3404255319148936,0.2414613908992907,0.26295608057861264,0.5645161290322581,0.4727272727272727,0.09091354756659652,0.09824167682622964,0.09149067253990116,0.1809419894526278,0.05,0.30000000000000004,0.4,0.30000000000000004,0.0,True
466,0.25156573220153605,0.27383994728818456,-0.2999458172267638,0.5213675213675214,0.5319148936170213,0.3404255319148936,0.2217556545358099,0.2863441561448833,0.5555555555555556,0.48148148148148145,0.09045975025777925,0.10016785754128445,0.08889110643357882,0.1809419894526278,0.1,0.30000000000000004,0.4,0.2,0.0,True
466,0.18008259552051237,0.27361035316186993,-0.29376260443659313,0.48717948717948717,0.5319148936170213,0.3617021276595745,0.1573793859216965,0.21158909047397123,0.5294117647058824,0.42857142857142855,0.06446918595105405,0.08355603820332534,0.049869406452312165,0.12547735951991268,0.0,0.5,0.4,0.0,0.1,True
466,0.2494686016533139,0.2717394005780615,-0.31837747585390314,0.5213675213675214,0.5319148936170213,0.3404255319148936,0.243054376433538,0.25695186440971896,0.5714285714285714,0.46296296296296297,0.09569076732368084,0.1042259565400299,0.09253279154456374,0.1809419894526278,0.05,0.2,0.30000000000000004,0.30000000000000004,0.2,True
466,0.2494686016533139,0.2717394005780615,-0.31837747585390314,0.5213675213675214,0.5319148936170213,0.3404255319148936,0.243054376433538,0.25695186440971896,0.5714285714285714,0.46296296296296297,0.0954987354810052,0.10358489020297605,0.09257066865807612,0.1809419894526278,0.1,0.2,0.30000000000000004,0.30000000000000004,0.1,True
466,0.2213612455606829,0.2717069967426643,-0.3226390548611508,0.5042735042735043,0.5319148936170213,0.3191489361702128,0.16490896400110733,0.2944171393436629,0.5303030303030303,0.47058823529411764,0.05268036226762069,0.061403719126131254,0.04889536647988355,0.18512456810329148,0.05,0.2,0.1,0.4,0.30000000000000004,True
466,0.2213612455606829,0.2717069967426643,-0.3226390548611508,0.5042735042735043,0.5319148936170213,0.3191489361702128,0.16490896400110733,0.2944171393436629,0.5303030303030303,0.47058823529411764,0.052661016008122105,0.061497642798769375,0.04879020765157949,0.18512456810329148,0.0,0.2,0.1,0.4,0.30000000000000004,True
466,0.2213612455606829,0.2717069967426643,-0.3226390548611508,0.5042735042735043,0.5319148936170213,0.3191489361702128,0.16490896400110733,0.2944171393436629,0.5303030303030303,0.47058823529411764,0.05253641614389168,0.060963420851224505,0.04884303625726779,0.18512456810329148,0.1,0.2,0.1,0.4,0.2,True
466,0.17188558748565216,0.2708001344783493,-0.2338541833448806,0.48717948717948717,0.5319148936170213,0.40425531914893614,0.17792042882722292,0.16407579280832524,0.5454545454545454,0.4117647058823529,0.05979076580288309,0.07728278320976018,0.04931151634544704,0.08292416803055103,0.05,0.30000000000000004,0.2,0.1,0.4,True
466,0.17188558748565216,0.2708001344783493,-0.2338541833448806,0.48717948717948717,0.5319148936170213,0.40425531914893614,0.17792042882722292,0.16407579280832524,0.5454545454545454,0.4117647058823529,0.05961770697997293,0.07685143004653323,0.04955074022026198,0.08292416803055103,0.1,0.30000000000000004,0.2,0.1,0.30000000000000004,True
466,0.25180855890030546,0.27000774983157594,-0.3044322140920783,0.5299145299145299,0.5319148936170213,0.3404255319148936,0.22694875281633728,0.28288331650526566,0.5692307692307692,0.4807692307692308,0.08834242345857253,0.10290058915946974,0.08229251455326672,0.1894889979996363,0.05,0.4,0.5,0.1,0.0,True
466,0.25156573220153605,0.27000774983157594,-0.2999458172267638,0.5213675213675214,0.5319148936170213,0.3404255319148936,0.2217556545358099,0.2863441561448833,0.5555555555555556,0.48148148148148145,0.09047163172261599,0.10069214047585172,0.0887371060641667,0.1809419894526278,0.05,0.30000000000000004,0.4,0.2,0.1,True
466,0.24911279966828567,0.27000774983157594,-0.27584753797526507,0.5213675213675214,0.5319148936170213,0.3617021276595745,0.2260119900966338,0.27700811688688404,0.5625,0.4716981132075472,0.09023686393050136,0.10365595414576574,0.08335656241312069,0.1596653937079469,0.05,0.30000000000000004,0.4,0.1,0.2,True
466,0.19987311402147917,0.26847980278563094,-0.24689730246790656,0.49572649572649574,0.5531914893617021,0.3829787234042553,0.19143071922483046,0.21158909047397123,0.5441176470588235,0.42857142857142855,0.06211436976124513,0.08067596224030558,0.050374069056083395,0.11274777232224042,0.0,0.4,0.30000000000000004,0.1,0.2,True
466,0.17534959743141615,0.2672278419876147,-0.29362992549839845,0.49572649572649574,0.5106382978723404,0.3617021276595745,0.14124969948912824,0.22267190477989743,0.5294117647058824,0.4489795918367347,0.0765923409002703,0.09242880848678289,0.06640196957984118,0.13402436806692125,0.1,0.30000000000000004,0.30000000000000004,0.0,0.30000000000000004,True
466,0.17534959743141615,0.2672278419876147,-0.29362992549839845,0.49572649572649574,0.5106382978723404,0.3617021276595745,0.14124969948912824,0.22267190477989743,0.5294117647058824,0.4489795918367347,0.07640311391660481,0.09195372130023428,0.06654206446333276,0.13402436806692125,0.05,0.1,0.1,0.0,0.8,True
466,0.17534959743141615,0.2672278419876147,-0.29362992549839845,0.49572649572649574,0.5106382978723404,0.3617021276595745,0.14124969948912824,0.22267190477989743,0.5294117647058824,0.4489795918367347,0.07640311391660481,0.09195372130023428,0.06654206446333276,0.13402436806692125,0.1,0.2,0.2,0.0,0.5,True
466,0.17534959743141615,0.2672278419876147,-0.29362992549839845,0.49572649572649574,0.5106382978723404,0.3617021276595745,0.14124969948912824,0.22267190477989743,0.5294117647058824,0.4489795918367347,0.07584279755369508,0.09088906390145776,0.0665101359433509,0.13402436806692125,0.1,0.1,0.1,0.0,0.7000000000000001,True
466,0.18008259552051237,0.2665580900416476,-0.29376260443659313,0.48717948717948717,0.5319148936170213,0.3617021276595745,0.1573793859216965,0.21158909047397123,0.5294117647058824,0.42857142857142855,0.06443945151480998,0.08322275186459337,0.05020629430820039,0.12547735951991268,0.05,0.5,0.4,0.0,0.1,True
466,0.17166196289622848,0.2665580900416476,-0.24689730246790656,0.4918032786885246,0.5319148936170213,0.3829787234042553,0.17535447942386706,0.1666912675705612,0.5428571428571428,0.4230769230769231,0.061668501663836195,0.07918252296643408,0.048872104786345925,0.10882455528426926,0.05,0.4,0.30000000000000004,0.0,0.30000000000000004,True
466,0.16387097831052097,0.2665580900416476,-0.2730622364248014,0.48717948717948717,0.5319148936170213,0.3617021276595745,0.1616147469024888,0.1666912675705612,0.5384615384615384,0.4230769230769231,0.059176425918957845,0.07731745789204394,0.04577909762436282,0.12547735951991268,0.05,0.6000000000000001,0.4,0.0,0.0,True
466,0.22546790900630645,0.2658286340044506,-0.33338756896522737,0.47863247863247865,0.5208333333333334,0.3404255319148936,0.13698946590081873,0.3323098025676502,0.515625,0.4339622641509434,0.05029798282324355,0.062271515709706016,0.042987138298885966,0.13820694671758504,0.0,0.30000000000000004,0.1,0.0,0.6000000000000001,True
466,0.22546790900630645,0.2658286340044506,-0.33338756896522737,0.47863247863247865,0.5208333333333334,0.3404255319148936,0.13698946590081873,0.3323098025676502,0.515625,0.4339622641509434,0.05029798282324355,0.062271515709706016,0.042987138298885966,0.13820694671758504,0.0,0.6000000000000001,0.2,0.0,0.2,True
466,0.21508258774354114,0.2658286340044506,-0.33338756896522737,0.4745762711864407,0.5208333333333334,0.3404255319148936,0.11949732027157535,0.3323098025676502,0.5076923076923077,0.4339622641509434,0.05238254131711306,0.06480548209296459,0.04480277323863045,0.13415073927154708,0.0,0.5,0.2,0.0,0.30000000000000004,True
466,0.19483121128114878,0.2658286340044506,-0.33338756896522737,0.4666666666666667,0.5208333333333334,0.3404255319148936,0.10253523966139994,0.30763739881639746,0.5,0.42592592592592593,0.052479086670216175,0.0655956383097485,0.04436020287725436,0.12624113475177307,0.0,0.7000000000000001,0.30000000000000004,0.0,0.0,True
466,0.25180855890030546,0.25983774994816033,-0.3044322140920783,0.5299145299145299,0.5106382978723404,0.3404255319148936,0.22694875281633728,0.28288331650526566,0.5692307692307692,0.4807692307692308,0.08767080609448129,0.10340831590908804,0.07964966912426155,0.1894889979996363,0.1,0.4,0.5,0.0,0.0,True
466,0.24911279966828567,0.25983774994816033,-0.27584753797526507,0.5213675213675214,0.5106382978723404,0.3617021276595745,0.2260119900966338,0.27700811688688404,0.5625,0.4716981132075472,0.09014946362633572,0.10324249120589847,0.08346172124142474,0.1596653937079469,0.1,0.30000000000000004,0.4,0.1,0.1,True
466,0.17534959743141615,0.25655935360539467,-0.29362992549839845,0.49572649572649574,0.5106382978723404,0.3617021276595745,0.14124969948912824,0.22267190477989743,0.5294117647058824,0.4489795918367347,0.07663781423766841,0.09308031403235324,0.06633468695546675,0.13402436806692125,0.05,0.30000000000000004,0.30000000000000004,0.0,0.4,True
466,0.17534959743141615,0.25655935360539467,-0.29362992549839845,0.49572649572649574,0.5106382978723404,0.3617021276595745,0.14124969948912824,0.22267190477989743,0.5294117647058824,0.4489795918367347,0.07656027611986548,0.09256777274878131,0.0663751195008242,0.13402436806692125,0.05,0.2,0.2,0.0,0.6000000000000001,True
466,0.17534959743141615,0.25655935360539467,-0.29362992549839845,0.49572649572649574,0.5106382978723404,0.3617021276595745,0.14124969948912824,0.22267190477989743,0.5294117647058824,0.4489795918367347,0.07656027611986548,0.09256777274878131,0.0663751195008242,0.13402436806692125,0.1,0.4,0.4,0.0,0.1,True
466,0.25156573220153605,0.25437352518267786,-0.2999458172267638,0.5213675213675214,0.5319148936170213,0.3404255319148936,0.2414613908992907,0.26295608057861264,0.5645161290322581,0.4727272727272727,0.09117792571086974,0.0986819751011364,0.09138052988087178,0.1809419894526278,0.0,0.30000000000000004,0.4,0.30000000000000004,0.0,True
466,0.18008259552051237,0.25061769137337037,-0.29376260443659313,0.48717948717948717,0.5208333333333334,0.3617021276595745,0.1573793859216965,0.21158909047397123,0.5294117647058824,0.42857142857142855,0.06444152536174746,0.08273772561556465,0.05016919996435007,0.12547735951991268,0.1,0.5,0.4,0.0,0.0,True
466,0.22546790900630645,0.2502284364526117,-0.33338756896522737,0.47863247863247865,0.5102040816326531,0.3404255319148936,0.13698946590081873,0.3323098025676502,0.515625,0.4339622641509434,0.05033993999107116,0.061597632024919774,0.04332008339912177,0.13820694671758504,0.05,0.6000000000000001,0.2,0.0,0.2,True
466,0.22546790900630645,0.2502284364526117,-0.33338756896522737,0.47863247863247865,0.5102040816326531,0.3404255319148936,0.13698946590081873,0.3323098025676502,0.515625,0.4339622641509434,0.05005971940473332,0.06107458848974865,0.04333053931802368,0.13820694671758504,0.05,0.30000000000000004,0.1,0.0,0.6000000000000001,True
466,0.22546790900630645,0.2502284364526117,-0.33338756896522737,0.47863247863247865,0.5102040816326531,0.3404255319148936,0.13698946590081873,0.3323098025676502,0.515625,0.4339622641509434,0.05005971940473332,0.06107458848974865,0.04333053931802368,0.13820694671758504,0.1,0.6000000000000001,0.2,0.0,0.1,True
466,0.21508258774354114,0.2502284364526117,-0.33338756896522737,0.4745762711864407,0.5102040816326531,0.3404255319148936,0.11949732027157535,0.3323098025676502,0.5076923076923077,0.4339622641509434,0.05250259782489464,0.06434479084907745,0.04515938202776348,0.13415073927154708,0.05,0.5,0.2,0.0,0.30000000000000004,True
466,0.21508258774354114,0.2502284364526117,-0.33338756896522737,0.4745762711864407,0.5102040816326531,0.3404255319148936,0.11949732027157535,0.3323098025676502,0.5076923076923077,0.4339622641509434,0.05216629875975958,0.06360855427201711,0.04514119078674822,0.13415073927154708,0.1,0.5,0.2,0.0,0.2,True
466,0.19483121128114878,0.2502284364526117,-0.33338756896522737,0.4666666666666667,0.5102040816326531,0.3404255319148936,0.10253523966139994,0.30763739881639746,0.5,0.42592592592592593,0.05255846904831985,0.06535927486911565,0.044498734202007915,0.12624113475177307,0.05,0.7000000000000001,0.30000000000000004,0.0,0.0,True
466,0.16387097831052097,0.24941199962885915,-0.2730622364248014,0.48717948717948717,0.5106382978723404,0.3617021276595745,0.1616147469024888,0.1666912675705612,0.5384615384615384,0.4230769230769231,0.05916453782929209,0.07667818225608636,0.045789845586237624,0.12547735951991268,0.05,0.30000000000000004,0.2,0.0,0.5,True
466,0.16387097831052097,0.24941199962885915,-0.2730622364248014,0.48717948717948717,0.5106382978723404,0.3617021276595745,0.1616147469024888,0.1666912675705612,0.5384615384615384,0.4230769230769231,0.059011064280437835,0.07635839269325254,0.04593961183076053,0.12547735951991268,0.1,0.30000000000000004,0.2,0.0,0.4,True
466,0.22236512190595428,0.22288056683521154,-0.21652770036371155,0.5128205128205128,0.5319148936170213,0.3829787234042553,0.14982971232701967,0.301376907340151,0.5245901639344263,0.5,0.06680107888305475,0.04849045651501188,0.08487563401819555,0.12984178941625746,0.1,0.1,0.1,0.5,0.2,True
466,0.22236512190595428,0.22288056683521154,-0.21652770036371155,0.5128205128205128,0.5319148936170213,0.3829787234042553,0.14982971232701967,0.301376907340151,0.5245901639344263,0.5,0.06669850016307673,0.04838907858264057,0.08482778924323256,0.12984178941625746,0.05,0.1,0.1,0.5,0.30000000000000004,True
466,0.2593018296247023,0.6011063119914156,0.24149424169384295,0.5299145299145299,0.6595744680851063,0.44680851063829785,0.09394757838124963,0.4111024537170524,0.5178571428571429,0.5409836065573771,0.08765379615101844,0.07588784273835696,0.10062254557788895,0.08310601927623207,0.0,0.0,0.1,0.4,0.5,False
466,0.2593018296247023,0.6011063119914156,0.24149424169384295,0.5299145299145299,0.6595744680851063,0.44680851063829785,0.09394757838124963,0.4111024537170524,0.5178571428571429,0.5409836065573771,0.08765379615101844,0.07588784273835696,0.10062254557788895,0.08310601927623207,0.0,0.0,0.2,0.8,0.0,False
466,0.2593018296247023,0.5243140721570947,0.24149424169384295,0.5299145299145299,0.6382978723404256,0.44680851063829785,0.09394757838124963,0.4111024537170524,0.5178571428571429,0.5409836065573771,0.0869119199748766,0.07410925636601923,0.10086226783577643,0.08310601927623207,0.05,0.0,0.2,0.8,0.0,False
466,0.20699145381095102,0.496112245074699,0.27044597032541756,0.5128205128205128,0.6170212765957447,0.46808510638297873,0.1052297593586098,0.29126285702929616,0.5094339622641509,0.515625,0.07553656821619817,0.06053902499708189,0.09384204387610301,0.04473540643753404,0.0,0.0,0.1,0.5,0.4,False
466,0.2586955422337968,0.47423064468087767,0.24149424169384295,0.5299145299145299,0.6170212765957447,0.44680851063829785,0.09591285319373127,0.4030995405757904,0.5272727272727272,0.532258064516129,0.08656182110523665,0.07448346020462507,0.10053582692326854,0.08310601927623207,0.1,0.0,0.1,0.4,0.4,False
466,0.2586955422337968,0.43866479059239255,0.24149424169384295,0.5299145299145299,0.6170212765957447,0.44680851063829785,0.09591285319373127,0.4030995405757904,0.5272727272727272,0.532258064516129,0.08686570045459542,0.07418578676594659,0.10088220315867767,0.08310601927623207,0.05,0.0,0.1,0.4,0.5,False
466,0.20235131491640712,0.3941003835351837,0.27044597032541756,0.5042735042735043,0.574468085106383,0.46808510638297873,0.09132091830908513,0.29429836210684573,0.49056603773584906,0.515625,0.0750758659723187,0.05986118431201101,0.09380416676259064,0.036188397890525525,0.1,0.0,0.1,0.5,0.30000000000000004,False
466,0.19597111779837684,0.3941003835351837,0.27044597032541756,0.5042735042735043,0.574468085106383,0.46808510638297873,0.08090184778368177,0.29126285702929616,0.49056603773584906,0.515625,0.07500675441507457,0.05924794721129439,0.09408076936784543,0.036188397890525525,0.05,0.0,0.1,0.5,0.4,False
466,0.3764737178537524,0.3639638458988763,-0.14455870732531292,0.5726495726495726,0.5319148936170213,0.3829787234042553,0.29849290540703527,0.4643793609755061,0.6129032258064516,0.5272727272727272,0.1129473819699287,0.12497066442683254,0.10278403296345645,0.1896708492453173,0.0,0.1,0.4,0.2,0.30000000000000004,False
466,0.3764737178537524,0.3639638458988763,-0.14455870732531292,0.5726495726495726,0.5319148936170213,0.3829787234042553,0.29849290540703527,0.4643793609755061,0.6129032258064516,0.5272727272727272,0.1124410822719899,0.12442998212085227,0.1025911587143869,0.1896708492453173,0.05,0.1,0.4,0.2,0.30000000000000004,False
466,0.3764737178537524,0.3639638458988763,-0.14455870732531292,0.5726495726495726,0.5319148936170213,0.3829787234042553,0.29849290540703527,0.4643793609755061,0.6129032258064516,0.5272727272727272,0.11219486846139377,0.12363635193459258,0.10233249789974323,0.1896708492453173,0.1,0.1,0.4,0.2,0.2,False
466,0.3711323028434089,0.3639638458988763,-0.14849473231044455,0.5726495726495726,0.5319148936170213,0.3829787234042553,0.27951140478996733,0.48176885898341376,0.609375,0.5283018867924528,0.11312995840603271,0.12500346316965855,0.09987746288445491,0.1896708492453173,0.0,0.1,0.4,0.1,0.4,False
466,0.367598171519996,0.3639638458988763,-0.1752765849610278,0.5726495726495726,0.5319148936170213,0.3617021276595745,0.2977364906014561,0.44635133910089553,0.6129032258064516,0.5272727272727272,0.11543794850222709,0.13109806592750992,0.10125349854771334,0.21094744498999812,0.0,0.1,0.5,0.1,0.30000000000000004,False
466,0.2062450581448349,0.36010617468785583,0.38486209547319933,0.5128205128205128,0.5531914893617021,0.46808510638297873,0.09260056331352481,0.2910543826458126,0.48,0.5373134328358209,0.06185913599043262,0.047000101519023924,0.08576076235501082,0.04473540643753404,0.0,0.0,0.1,0.6000000000000001,0.30000000000000004,False
466,0.19997738559833556,0.3548470040564209,0.38486209547319933,0.5042735042735043,0.5531914893617021,0.46808510638297873,0.0878161499862915,0.2836798002341893,0.48,0.5223880597014925,0.061454606326383464,0.04715465317082528,0.0856516164621265,0.036188397890525525,0.1,0.0,0.1,0.6000000000000001,0.2,False
466,0.20111796505777202,0.35484700405642083,0.38486209547319933,0.5128205128205128,0.5531914893617021,0.46808510638297873,0.08060316548979764,0.2910543826458126,0.48,0.5373134328358209,0.06162355951222962,0.04750550032893381,0.08586940986482261,0.04473540643753404,0.05,0.0,0.1,0.6000000000000001,0.30000000000000004,False
466,0.24310745688851082,0.33769742402670394,-0.2605581721724556,0.49572649572649574,0.5531914893617021,0.3617021276595745,0.18568904359444652,0.31741363879847656,0.5151515151515151,0.47058823529411764,0.049287613093817635,0.05379838639568788,0.04833219360792338,0.13402436806692125,0.05,0.30000000000000004,0.1,0.4,0.2,False
466,0.24310745688851082,0.33769742402670394,-0.2605581721724556,0.49572649572649574,0.5531914893617021,0.3617021276595745,0.18568904359444652,0.31741363879847656,0.5151515151515151,0.47058823529411764,0.049238469862293896,0.053942999034511656,0.04808300207165782,0.13402436806692125,0.0,0.30000000000000004,0.1,0.4,0.2,False
466,0.24310745688851082,0.33769742402670394,-0.2605581721724556,0.49572649572649574,0.5531914893617021,0.3617021276595745,0.18568904359444652,0.31741363879847656,0.5151515151515151,0.47058823529411764,0.04912730662845477,0.05335808812078114,0.04821058813822579,0.13402436806692125,0.1,0.30000000000000004,0.1,0.4,0.1,False
466,0.34560659547010986,0.33589824563157394,-0.19270929335925635,0.5641025641025641,0.5319148936170213,0.3404255319148936,0.3175177981252747,0.375173750569936,0.6166666666666667,0.5087719298245614,0.11518732280894424,0.1309630506752417,0.10305355622054974,0.2236770321876705,0.05,0.1,0.9,0.0,0.0,False
466,0.33597902297894794,0.33589824563157394,-0.13437822635201557,0.5641025641025641,0.5319148936170213,0.3829787234042553,0.2977364906014561,0.37908878674993873,0.6129032258064516,0.509090909090909,0.11715188295719325,0.13100181301891406,0.10339844196919497,0.18112384069830878,0.05,0.1,0.7000000000000001,0.0,0.2,False
466,0.33597902297894794,0.33589824563157394,-0.12404541711351626,0.5641025641025641,0.5319148936170213,0.3829787234042553,0.2977364906014561,0.37908878674993873,0.6129032258064516,0.509090909090909,0.11526644484487149,0.12812580409656496,0.10266840809062923,0.18112384069830878,0.05,0.1,0.7000000000000001,0.1,0.1,False
466,0.33597902297894794,0.33589824563157394,-0.12404541711351626,0.5641025641025641,0.5319148936170213,0.3829787234042553,0.2977364906014561,0.37908878674993873,0.6129032258064516,0.509090909090909,0.11519901286642625,0.12762785954638828,0.10280994888322806,0.18112384069830878,0.1,0.1,0.7000000000000001,0.1,0.0,False
466,0.204400700704504,0.33546573956905396,-0.2893787031294939,0.4700854700854701,0.5531914893617021,0.3617021276595745,0.10253523966139995,0.3362265914661682,0.5,0.43137254901960786,0.049790926873891715,0.060786506420223596,0.041838760555915365,0.10838334242589559,0.0,0.6000000000000001,0.2,0.1,0.1,False
466,0.204400700704504,0.33546573956905396,-0.2893787031294939,0.4700854700854701,0.5531914893617021,0.3617021276595745,0.10253523966139995,0.3362265914661682,0.5,0.43137254901960786,0.04955696776786544,0.06027116859733614,0.04178344003486441,0.10838334242589559,0.05,0.6000000000000001,0.2,0.1,0.1,False
466,0.204400700704504,0.33546573956905396,-0.2893787031294939,0.4700854700854701,0.5531914893617021,0.3617021276595745,0.10253523966139995,0.3362265914661682,0.5,0.43137254901960786,0.049401824452143674,0.060001324394994865,0.04195338866259752,0.10838334242589559,0.1,0.6000000000000001,0.2,0.1,0.0,False
466,0.171692282695364,0.33546573956905396,-0.2874924272263001,0.452991452991453,0.5531914893617021,0.3617021276595745,0.11656313459823436,0.23826332945416206,0.5,0.39622641509433965,0.04774924332725823,0.05655049908917947,0.0424702119088123,0.0912893253318785,0.0,0.7000000000000001,0.2,0.1,0.0,False
466,0.171692282695364,0.33546573956905396,-0.2874924272263001,0.452991452991453,0.5531914893617021,0.3617021276595745,0.11656313459823436,0.23826332945416206,0.5,0.39622641509433965,0.0476187960405427,0.0563681182010409,0.04241489138776134,0.0912893253318785,0.05,0.7000000000000001,0.2,0.1,0.0,False
466,0.2368231535866123,0.3335004182966192,-0.30570610334475834,0.49572649572649574,0.574468085106383,0.3404255319148936,0.14866836119109814,0.3509058260984542,0.5,0.49019607843137253,0.04817660282164817,0.051968614106515605,0.04718142709344901,0.15530096381160213,0.0,0.30000000000000004,0.1,0.5,0.1,False
466,0.2368231535866123,0.3335004182966192,-0.30570610334475834,0.49572649572649574,0.574468085106383,0.3404255319148936,0.14866836119109814,0.3509058260984542,0.5,0.49019607843137253,0.048139341054961184,0.05191643428838333,0.04711414537865732,0.15530096381160213,0.05,0.30000000000000004,0.1,0.5,0.1,False
466,0.2368231535866123,0.3335004182966192,-0.30570610334475834,0.49572649572649574,0.574468085106383,0.3404255319148936,0.14866836119109814,0.3509058260984542,0.5,0.49019607843137253,0.048102328114762935,0.05181356550406538,0.047098197120336326,0.15530096381160213,0.1,0.30000000000000004,0.1,0.5,0.0,False
466,0.2551403526298158,0.32481170610301535,-0.0980250737547006,0.47863247863247865,0.5531914893617021,0.425531914893617,0.11181070982957989,0.42235826923009107,0.49206349206349204,0.46296296296296297,0.04258335659478113,0.04838212127355627,0.04156315471680565,0.05310056373886163,0.0,0.6000000000000001,0.1,0.30000000000000004,0.0,False
466,0.2551403526298158,0.32481170610301535,-0.0980250737547006,0.47863247863247865,0.5531914893617021,0.425531914893617,0.11181070982957989,0.42235826923009107,0.49206349206349204,0.46296296296296297,0.042387778974641105,0.048281240291833845,0.04141912200884416,0.05310056373886163,0.05,0.6000000000000001,0.1,0.30000000000000004,0.0,False
466,0.34560659547010986,0.30903069311774856,-0.19270929335925635,0.5641025641025641,0.5319148936170213,0.3404255319148936,0.3175177981252747,0.375173750569936,0.6166666666666667,0.5087719298245614,0.11519250952935081,0.13112940589686203,0.1027779954087588,0.2236770321876705,0.0,0.1,0.9,0.0,0.0,False
466,0.17415325993116998,0.3050600483080405,-0.22202684867949418,0.47863247863247865,0.5319148936170213,0.40425531914893614,0.14940654834491895,0.20617841610161247,0.5151515151515151,0.43137254901960786,0.04981313463801067,0.06077358570335275,0.04268750692843587,0.07437715948354251,0.05,0.6000000000000001,0.2,0.2,0.0,False
466,0.17415325993116998,0.3050600483080405,-0.22202684867949418,0.47863247863247865,0.5319148936170213,0.40425531914893614,0.14940654834491895,0.20617841610161247,0.5151515151515151,0.43137254901960786,0.04954657926196105,0.06007537004167783,0.04265860071022906,0.07437715948354251,0.05,0.30000000000000004,0.1,0.1,0.5,False
466,0.17415325993116998,0.3050600483080405,-0.22202684867949418,0.47863247863247865,0.5319148936170213,0.40425531914893614,0.14940654834491895,0.20617841610161247,0.5151515151515151,0.43137254901960786,0.049133900530406054,0.0595495962551639,0.04246722161037711,0.07437715948354251,0.1,0.30000000000000004,0.1,0.1,0.4,False
466,0.34560659547010986,0.3049737652153372,-0.13437822635201557,0.5641025641025641,0.5319148936170213,0.3829787234042553,0.3175177981252747,0.375173750569936,0.6166666666666667,0.5087719298245614,0.11721517200109557,0.13122730575516797,0.10311490708025682,0.18112384069830878,0.0,0.1,0.7000000000000001,0.0,0.2,False
466,0.34560659547010986,0.3049737652153372,-0.16273016866696746,0.5641025641025641,0.5319148936170213,0.3617021276595745,0.3175177981252747,0.375173750569936,0.6166666666666667,0.5087719298245614,0.11584512376865803,0.1314767764600897,0.10162073372056592,0.2024004364429896,0.0,0.1,0.8,0.0,0.1,False
466,0.35307704701754067,0.3042386912579421,-0.1469246426460759,0.5641025641025641,0.5319148936170213,0.3829787234042553,0.27033372339520967,0.44635133910089553,0.5967741935483871,0.5272727272727272,0.11501839197565518,0.13110753993866173,0.09993517858298265,0.18112384069830878,0.0,0.1,0.5,0.0,0.4,False
466,0.18521230828823207,0.3004849606604706,-0.2286745086381155,0.4700854700854701,0.5531914893617021,0.3617021276595745,0.1253493653201019,0.2526941712704878,0.4838709677419355,0.45454545454545453,0.044639596491005185,0.04735442733167461,0.04580539143019058,0.10838334242589559,0.0,0.4,0.1,0.5,0.0,False
466,0.18521230828823207,0.3004849606604706,-0.2286745086381155,0.4700854700854701,0.5531914893617021,0.3617021276595745,0.1253493653201019,0.2526941712704878,0.4838709677419355,0.45454545454545453,0.04458864926743818,0.04705476609040061,0.04587965050799772,0.10838334242589559,0.05,0.4,0.1,0.5,0.0,False
466,0.33597902297894794,0.29576283703339695,-0.13437822635201557,0.5641025641025641,0.5106382978723404,0.3829787234042553,0.2977364906014561,0.37908878674993873,0.6129032258064516,0.509090909090909,0.1169251383404817,0.13041888700445636,0.10340641620615786,0.18112384069830878,0.1,0.1,0.7000000000000001,0.0,0.1,False
466,0.27713785388831197,0.29540791900656577,-0.09802507375470063,0.48717948717948717,0.5319148936170213,0.425531914893617,0.1482635199879267,0.4175188247440886,0.5081967213114754,0.4642857142857143,0.043254814874612996,0.048066557611518144,0.041907039036852126,0.061647572285870145,0.0,0.6000000000000001,0.1,0.2,0.1,False
466,0.27713785388831197,0.29540791900656577,-0.09802507375470063,0.48717948717948717,0.5319148936170213,0.425531914893617,0.1482635199879267,0.4175188247440886,0.5081967213114754,0.4642857142857143,0.04293264677833273,0.047757454307915434,0.04162844289930722,0.061647572285870145,0.05,0.6000000000000001,0.1,0.2,0.1,False
466,0.27713785388831197,0.29540791900656577,-0.09802507375470063,0.48717948717948717,0.5319148936170213,0.425531914893617,0.1482635199879267,0.4175188247440886,0.5081967213114754,0.4642857142857143,0.04268070995849587,0.047286345092778195,0.041464474868444484,0.061647572285870145,0.1,0.6000000000000001,0.1,0.2,0.0,False
466,0.2581765208775053,0.29540791900656577,-0.09802507375470063,0.47863247863247865,0.5319148936170213,0.425531914893617,0.13042664594998601,0.39265007343278885,0.5,0.45614035087719296,0.04151570433827247,0.04583326139545617,0.04091176804100747,0.05310056373886163,0.0,0.7000000000000001,0.1,0.2,0.0,False
466,0.2581765208775053,0.29540791900656577,-0.09802507375470063,0.47863247863247865,0.5319148936170213,0.425531914893617,0.13042664594998601,0.39265007343278885,0.5,0.45614035087719296,0.041162184104412504,0.045524158091853464,0.04057785138241162,0.05310056373886163,0.05,0.7000000000000001,0.1,0.2,0.0,False
466,0.18870151852835218,0.2927611581322049,-0.3521587912984448,0.4628099173553719,0.5319148936170213,0.3404255319148936,0.11748586530637113,0.2713625445895802,0.5076923076923077,0.4107142857142857,0.04843494366081748,0.056942682305571535,0.04239804126381103,0.1223843854404783,0.0,0.7000000000000001,0.2,0.0,0.1,False
466,0.32970754995045415,0.2902723341791655,-0.20834300562554717,0.5641025641025641,0.48936170212765956,0.3617021276595745,0.2793883382726823,0.3904703715990844,0.609375,0.5094339622641509,0.1126247665014502,0.1278397002908713,0.09732307018308892,0.2024004364429896,0.05,0.2,0.6000000000000001,0.0,0.2,False
466,0.32970754995045415,0.2902723341791655,-0.20834300562554717,0.5641025641025641,0.48936170212765956,0.3617021276595745,0.2793883382726823,0.3904703715990844,0.609375,0.5094339622641509,0.11261551996900947,0.12756624861740254,0.09727128378393397,0.2024004364429896,0.0,0.1,0.30000000000000004,0.0,0.6000000000000001,False
466,0.32970754995045415,0.2902723341791655,-0.20834300562554717,0.5641025641025641,0.48936170212765956,0.3617021276595745,0.2793883382726823,0.3904703715990844,0.609375,0.5094339622641509,0.11261551996900947,0.12756624861740254,0.09727128378393397,0.2024004364429896,0.0,0.2,0.6000000000000001,0.0,0.2,False
466,0.32970754995045415,0.2902723341791655,-0.20834300562554717,0.5641025641025641,0.48936170212765956,0.3617021276595745,0.2793883382726823,0.3904703715990844,0.609375,0.5094339622641509,0.11256181298921095,0.12757979380701676,0.09764253805141493,0.2024004364429896,0.05,0.1,0.30000000000000004,0.0,0.6000000000000001,False
466,0.32970754995045415,0.2902723341791655,-0.20834300562554717,0.5641025641025641,0.48936170212765956,0.3617021276595745,0.2793883382726823,0.3904703715990844,0.609375,0.5094339622641509,0.11256181298921095,0.12757979380701676,0.09764253805141493,0.2024004364429896,0.1,0.2,0.6000000000000001,0.0,0.1,False
466,0.32970754995045415,0.2902723341791655,-0.20834300562554717,0.5641025641025641,0.48936170212765956,0.3617021276595745,0.2793883382726823,0.3904703715990844,0.609375,0.5094339622641509,0.11214676769903276,0.12609787959123434,0.0974102883998706,0.2024004364429896,0.1,0.1,0.30000000000000004,0.0,0.5,False
466,0.32243676978020364,0.2902723341791655,-0.21069516295071516,0.5555555555555556,0.48936170212765956,0.3617021276595745,0.28619321221479915,0.36472092027317543,0.6031746031746031,0.5,0.11175693384123292,0.12558091982365588,0.09825373083414853,0.1938534278959811,0.05,0.2,0.6000000000000001,0.1,0.1,False
466,0.32243676978020364,0.2902723341791655,-0.21069516295071516,0.5555555555555556,0.48936170212765956,0.3617021276595745,0.28619321221479915,0.36472092027317543,0.6031746031746031,0.5,0.11172415095134303,0.12557296861327383,0.09796516703515301,0.1938534278959811,0.0,0.2,0.6000000000000001,0.1,0.1,False
466,0.32243676978020364,0.2902723341791655,-0.21069516295071516,0.5555555555555556,0.48936170212765956,0.3617021276595745,0.28619321221479915,0.36472092027317543,0.6031746031746031,0.5,0.11162536683531811,0.12520920073829445,0.09809374986786602,0.1938534278959811,0.1,0.2,0.6000000000000001,0.1,0.0,False
466,0.15797455747504555,0.28279094837007906,-0.24320473221656266,0.4444444444444444,0.5319148936170213,0.40425531914893614,-0.04984389094375449,0.34232963268527133,0.41818181818181815,0.46774193548387094,0.012029578804165922,-0.00440149189712081,0.02692564387656653,0.04018912529550828,0.0,0.1,0.0,0.2,0.7000000000000001,False
466,0.15797455747504555,0.28279094837007906,-0.24320473221656266,0.4444444444444444,0.5319148936170213,0.40425531914893614,-0.04984389094375449,0.34232963268527133,0.41818181818181815,0.46774193548387094,0.012029578804165922,-0.00440149189712081,0.02692564387656653,0.04018912529550828,0.0,0.2,0.0,0.4,0.4,False
466,0.15797455747504555,0.28279094837007906,-0.24320473221656266,0.4444444444444444,0.5319148936170213,0.40425531914893614,-0.04984389094375449,0.34232963268527133,0.41818181818181815,0.46774193548387094,0.012029578804165922,-0.00440149189712081,0.02692564387656653,0.04018912529550828,0.0,0.30000000000000004,0.0,0.6000000000000001,0.1,False
466,0.17197152418098413,0.2825612616094641,-0.21131437654875246,0.452991452991453,0.5319148936170213,0.425531914893617,0.00963197381417423,0.31598241563541224,0.45454545454545453,0.45161290322580644,0.00734510912075486,-0.010321168026566796,0.02333728575434243,0.027459538097835967,0.0,0.30000000000000004,0.0,0.7000000000000001,0.0,False
466,0.3402646550641133,0.2822713543847247,-0.14692464264607588,0.5641025641025641,0.5106382978723404,0.3829787234042553,0.2977364906014561,0.38820549500383583,0.6129032258064516,0.509090909090909,0.1162007997075628,0.13092826395656135,0.1026224490347432,0.18112384069830878,0.1,0.1,0.6000000000000001,0.0,0.2,False
466,0.33597902297894794,0.2822713543847247,-0.14692464264607588,0.5641025641025641,0.5106382978723404,0.3829787234042553,0.2977364906014561,0.37908878674993873,0.6129032258064516,0.509090909090909,0.1162147962888413,0.1313685644244296,0.1024335592966846,0.18112384069830878,0.05,0.1,0.6000000000000001,0.0,0.30000000000000004,False
466,0.25827067635602935,0.2781390541041601,-0.18565086097354241,0.47863247863247865,0.5319148936170213,0.3829787234042553,0.1463779307327967,0.38440431687676435,0.5,0.45454545454545453,0.04713401983387884,0.05239648861520038,0.04674484352191175,0.09565375522822334,0.0,0.4,0.1,0.30000000000000004,0.2,False
466,0.25827067635602935,0.2781390541041601,-0.18565086097354241,0.47863247863247865,0.5319148936170213,0.3829787234042553,0.1463779307327967,0.38440431687676435,0.5,0.45454545454545453,0.04698683896579636,0.05229560763347796,0.046600810813950254,0.09565375522822334,0.05,0.4,0.1,0.30000000000000004,0.2,False
466,0.25827067635602935,0.2781390541041601,-0.18565086097354241,0.47863247863247865,0.5319148936170213,0.3829787234042553,0.1463779307327967,0.38440431687676435,0.5,0.45454545454545453,0.04678945735361307,0.05184835204948691,0.04646724415051191,0.09565375522822334,0.1,0.4,0.1,0.30000000000000004,0.1,False
466,0.24945565938021858,0.2781390541041601,-0.10134766132094805,0.47863247863247865,0.5319148936170213,0.425531914893617,0.1297431406332827,0.38440431687676435,0.5,0.45454545454545453,0.04488792532675549,0.05070834726095861,0.04344355404946558,0.05310056373886163,0.0,0.5,0.1,0.30000000000000004,0.1,False
466,0.24945565938021858,0.2781390541041601,-0.10134766132094805,0.47863247863247865,0.5319148936170213,0.425531914893617,0.1297431406332827,0.38440431687676435,0.5,0.45454545454545453,0.044692347706615475,0.05060746627923618,0.04329952134150409,0.05310056373886163,0.05,0.5,0.1,0.30000000000000004,0.1,False
466,0.24945565938021858,0.2781390541041601,-0.10134766132094805,0.47863247863247865,0.5319148936170213,0.425531914893617,0.1297431406332827,0.38440431687676435,0.5,0.45454545454545453,0.044494966094432174,0.050160210695245136,0.04316595467806575,0.05310056373886163,0.1,0.5,0.1,0.30000000000000004,0.0,False
466,0.3446133283011726,0.277067051856735,-0.14692464264607588,0.5630252100840336,0.5208333333333334,0.3829787234042553,0.27713749868714727,0.4205236366169509,0.6031746031746031,0.5178571428571429,0.11635335542771245,0.13189769615544564,0.10219039354382367,0.1800464866797783,0.0,0.1,0.6000000000000001,0.0,0.30000000000000004,False
466,0.18870151852835218,0.27627486221204106,-0.3521587912984448,0.4628099173553719,0.5208333333333334,0.3404255319148936,0.11748586530637113,0.2713625445895802,0.5076923076923077,0.4107142857142857,0.04844476806725361,0.056278738954196245,0.04275863660391374,0.1223843854404783,0.05,0.7000000000000001,0.2,0.0,0.1,False
466,0.18870151852835218,0.27627486221204106,-0.3521587912984448,0.4628099173553719,0.5208333333333334,0.3404255319148936,0.11748586530637113,0.2713625445895802,0.5076923076923077,0.4107142857142857,0.04823786169239414,0.0559589493913624,0.04274144214322809,0.1223843854404783,0.1,0.7000000000000001,0.2,0.0,0.0,False
466,0.35736267910270597,0.2723483355901319,-0.1469246426460759,0.5641025641025641,0.5106382978723404,0.3829787234042553,0.27033372339520967,0.4554680473547926,0.5967741935483871,0.5272727272727272,0.11488128466651812,0.1300847785865092,0.10065231411509783,0.18112384069830878,0.1,0.1,0.5,0.0,0.30000000000000004,False
466,0.35307704701754067,0.2723483355901319,-0.1469246426460759,0.5641025641025641,0.5106382978723404,0.3829787234042553,0.27033372339520967,0.44635133910089553,0.5967741935483871,0.5272727272727272,0.1149417081469765,0.13068236514331993,0.10041766778173783,0.18112384069830878,0.05,0.1,0.5,0.0,0.4,False
466,0.2971205132584762,0.2711842732646745,-0.2993783684358299,0.5470085470085471,0.5319148936170213,0.3404255319148936,0.23528034161807312,0.3692673801722797,0.5714285714285714,0.5185185185185185,0.10286947373009903,0.10242401348719483,0.10071973027703253,0.20658301509365345,0.05,0.1,0.2,0.30000000000000004,0.4,False
466,0.2971205132584762,0.2711842732646745,-0.2993783684358299,0.5470085470085471,0.5319148936170213,0.3404255319148936,0.23528034161807312,0.3692673801722797,0.5714285714285714,0.5185185185185185,0.1024389416979778,0.10173374903590199,0.10081442306081344,0.20658301509365345,0.1,0.1,0.2,0.30000000000000004,0.30000000000000004,False
466,0.3301710104299181,0.2709591773003368,-0.23168468819517246,0.5641025641025641,0.5106382978723404,0.3617021276595745,0.279683994878434,0.3911364631713328,0.609375,0.5094339622641509,0.11414911055538263,0.13139974865279314,0.10029352102648423,0.2024004364429896,0.0,0.2,0.7000000000000001,0.0,0.1,False
466,0.3170000768666982,0.2709591773003368,-0.23168468819517246,0.5555555555555556,0.5106382978723404,0.3617021276595745,0.279683994878434,0.3620610060600737,0.609375,0.49056603773584906,0.11418267930828811,0.13133328075262526,0.10047987124077519,0.1938534278959811,0.05,0.2,0.7000000000000001,0.0,0.1,False
466,0.3170000768666982,0.2709591773003368,-0.23168468819517246,0.5555555555555556,0.5106382978723404,0.3617021276595745,0.279683994878434,0.3620610060600737,0.609375,0.49056603773584906,0.11394865646931174,0.13068376301955095,0.10072208868852314,0.1938534278959811,0.1,0.2,0.7000000000000001,0.0,0.0,False
466,0.2230604716532684,0.26860507148417534,-0.3521587912984448,0.47863247863247865,0.5319148936170213,0.3404255319148936,0.15296160706212886,0.3048424803429311,0.5238095238095238,0.42592592592592593,0.04666577494802581,0.054428594066131424,0.043405785938025514,0.13820694671758504,0.0,0.4,0.1,0.0,0.5,False
466,0.2230604716532684,0.26860507148417534,-0.3521587912984448,0.47863247863247865,0.5319148936170213,0.3404255319148936,0.15296160706212886,0.3048424803429311,0.5238095238095238,0.42592592592592593,0.04666577494802581,0.054428594066131424,0.043405785938025514,0.13820694671758504,0.0,0.8,0.2,0.0,0.0,False
466,0.18973192389663898,0.26603775700625415,-0.30570610334475834,0.47863247863247865,0.5531914893617021,0.3404255319148936,0.09847559320133745,0.29992824775511623,0.484375,0.4716981132075472,0.04452314569428059,0.04669000431412347,0.04737479972559109,0.13820694671758504,0.05,0.30000000000000004,0.1,0.6000000000000001,0.0,False
466,0.2714491663799893,0.2650022277455523,-0.18565086097354241,0.48717948717948717,0.5106382978723404,0.3829787234042553,0.15265579425772552,0.4100414338559637,0.5079365079365079,0.46296296296296297,0.047344216010231616,0.05319707611054437,0.0453045164422968,0.10420076377523185,0.0,0.4,0.1,0.2,0.30000000000000004,False
466,0.2714491663799893,0.2650022277455523,-0.18565086097354241,0.48717948717948717,0.5106382978723404,0.3829787234042553,0.15265579425772552,0.4100414338559637,0.5079365079365079,0.46296296296296297,0.047004256820007306,0.05288797280694166,0.0450259203047519,0.10420076377523185,0.05,0.4,0.1,0.2,0.30000000000000004,False
466,0.2714491663799893,0.2650022277455523,-0.18565086097354241,0.48717948717948717,0.5106382978723404,0.3829787234042553,0.15265579425772552,0.4100414338559637,0.5079365079365079,0.46296296296296297,0.04675232000017045,0.05241686359180442,0.044861952273889165,0.10420076377523185,0.1,0.4,0.1,0.2,0.2,False
466,0.22202897664380591,0.2650022277455523,-0.10134766132094805,0.4700854700854701,0.5106382978723404,0.425531914893617,0.1297431406332827,0.3260602826920321,0.5,0.43636363636363634,0.04429217250611905,0.05043104879888416,0.04293968876313662,0.044553555191853056,0.0,0.5,0.1,0.2,0.2,False
466,0.22202897664380591,0.2650022277455523,-0.10134766132094805,0.4700854700854701,0.5106382978723404,0.425531914893617,0.1297431406332827,0.3260602826920321,0.5,0.43636363636363634,0.043970004409838774,0.05012194549528145,0.04266109262559172,0.044553555191853056,0.05,0.5,0.1,0.2,0.2,False
466,0.22202897664380591,0.2650022277455523,-0.10134766132094805,0.4700854700854701,0.5106382978723404,0.425531914893617,0.1297431406332827,0.3260602826920321,0.5,0.43636363636363634,0.04371806759000191,0.04965083628014422,0.04249712459472898,0.044553555191853056,0.1,0.5,0.1,0.2,0.1,False
466,0.22109226894459513,0.26477128561128294,-0.19264661773643077,0.49572649572649574,0.5319148936170213,0.3829787234042553,0.17228520893764387,0.2800290961228005,0.53125,0.4528301886792453,0.049957827241205864,0.05728449519757368,0.04839100281048206,0.11274777232224042,0.0,0.30000000000000004,0.1,0.30000000000000004,0.30000000000000004,False
466,0.22109226894459513,0.26477128561128294,-0.19264661773643077,0.49572649572649574,0.5319148936170213,0.3829787234042553,0.17228520893764387,0.2800290961228005,0.53125,0.4528301886792453,0.04981979074658414,0.05718361421585125,0.04830229062357151,0.11274777232224042,0.05,0.30000000000000004,0.1,0.30000000000000004,0.30000000000000004,False
466,0.22109226894459513,0.26477128561128294,-0.19264661773643077,0.49572649572649574,0.5319148936170213,0.3829787234042553,0.17228520893764387,0.2800290961228005,0.53125,0.4528301886792453,0.04962240913440084,0.056736358631860204,0.04816872396013318,0.11274777232224042,0.1,0.30000000000000004,0.1,0.30000000000000004,0.2,False
466,0.1834476096695994,0.264623970731502,-0.27199982932372685,0.452991452991453,0.5106382978723404,0.3829787234042553,-0.0505599659771004,0.4057548065339643,0.42105263157894735,0.48333333333333334,0.019304021202122098,0.008408901929680619,0.03095257910261801,0.07001272958719768,0.1,0.2,0.0,0.30000000000000004,0.4,False
466,0.18086545396309153,0.2643016259330598,-0.20666073091163334,0.4700854700854701,0.5319148936170213,0.3829787234042553,0.12818145564179992,0.24233011867126508,0.49206349206349204,0.4444444444444444,0.04536044682884952,0.04928905620776034,0.04602168968366909,0.08710674668121476,0.05,0.4,0.1,0.4,0.1,False
466,0.18086545396309153,0.2643016259330598,-0.20666073091163334,0.4700854700854701,0.5319148936170213,0.3829787234042553,0.12818145564179992,0.24233011867126508,0.49206349206349204,0.4444444444444444,0.04533649727930947,0.04948435781276977,0.04577249814740352,0.08710674668121476,0.0,0.4,0.1,0.4,0.1,False
466,0.18086545396309153,0.2643016259330598,-0.20666073091163334,0.4700854700854701,0.5319148936170213,0.3829787234042553,0.12818145564179992,0.24233011867126508,0.49206349206349204,0.4444444444444444,0.04520014036348665,0.0488487579328536,0.045900084213971494,0.08710674668121476,0.1,0.4,0.1,0.4,0.0,False
466,0.33416571454961363,0.25532495265143873,-0.21069516295071516,0.5641025641025641,0.5106382978723404,0.3617021276595745,0.27951140478996733,0.4001633716178657,0.609375,0.5094339622641509,0.11424378969676341,0.1285020122376567,0.09869767609728801,0.2024004364429896,0.0,0.1,0.4,0.0,0.5,False
466,0.33416571454961363,0.25532495265143873,-0.21069516295071516,0.5641025641025641,0.5106382978723404,0.3617021276595745,0.27951140478996733,0.4001633716178657,0.609375,0.5094339622641509,0.11424378969676341,0.1285020122376567,0.09869767609728801,0.2024004364429896,0.0,0.2,0.8,0.0,0.0,False
466,0.3116342351922371,0.25532495265143873,-0.21069516295071516,0.5555555555555556,0.5106382978723404,0.3617021276595745,0.27951140478996733,0.3504240681308269,0.609375,0.49056603773584906,0.11412762608859271,0.12789684990013186,0.09930716001741936,0.1938534278959811,0.05,0.1,0.4,0.0,0.5,False
466,0.3116342351922371,0.25532495265143873,-0.21069516295071516,0.5555555555555556,0.5106382978723404,0.3617021276595745,0.27951140478996733,0.3504240681308269,0.609375,0.49056603773584906,0.11410995929266786,0.12794555130628432,0.098997659945297,0.1938534278959811,0.05,0.2,0.8,0.0,0.0,False
466,0.3116342351922371,0.25532495265143873,-0.21069516295071516,0.5555555555555556,0.5106382978723404,0.3617021276595745,0.27951140478996733,0.3504240681308269,0.609375,0.49056603773584906,0.11382428026596503,0.12698345005821096,0.09923915334561305,0.1938534278959811,0.1,0.1,0.4,0.0,0.4,False
466,0.27150340673745893,0.2548720136814823,-0.2419589149334706,0.5299145299145299,0.5106382978723404,0.3617021276595745,0.27878545990092063,0.2630076780467534,0.5873015873015873,0.46296296296296297,0.09490752374378804,0.10636483213280487,0.09073412703579892,0.16821240225495543,0.1,0.2,0.30000000000000004,0.1,0.30000000000000004,False
466,0.2803614894597132,0.25437352518267786,-0.2011668340151631,0.5384615384615384,0.5319148936170213,0.3829787234042553,0.27629296407821896,0.2851081024047897,0.5873015873015873,0.48148148148148145,0.09628266333374201,0.10637626199772908,0.09183754715838283,0.15548281505728312,0.0,0.2,0.30000000000000004,0.2,0.30000000000000004,False
466,0.31403272960861156,0.250553713047609,-0.20036235371221575,0.5555555555555556,0.5106382978723404,0.3617021276595745,0.28706237264201906,0.34660070783242125,0.609375,0.49056603773584906,0.1105933589733197,0.12238105459552436,0.09832450123044795,0.1938534278959811,0.1,0.1,0.30000000000000004,0.1,0.4,False
466,0.22546790900630645,0.2502284364526117,-0.33338756896522737,0.47863247863247865,0.5102040816326531,0.3404255319148936,0.13698946590081873,0.3323098025676502,0.515625,0.4339622641509434,0.04966588660598919,0.060529182048085654,0.04307434634077174,0.13820694671758504,0.1,0.30000000000000004,0.1,0.0,0.5,False
466,0.2803614894597132,0.24975253232803737,-0.2011668340151631,0.5384615384615384,0.5106382978723404,0.3829787234042553,0.27629296407821896,0.2851081024047897,0.5873015873015873,0.48148148148148145,0.09603725820923426,0.10533813209222097,0.09194071245439676,0.15548281505728312,0.1,0.2,0.30000000000000004,0.2,0.2,False
466,0.16742560698544648,0.24959221186727,0.3366990933042803,0.49572649572649574,0.5319148936170213,0.44680851063829785,-0.010085809702820525,0.2953382454814036,0.4489795918367347,0.5294117647058824,0.04995390822400841,0.03290509026487043,0.0743049290498104,0.04891798508819789,0.1,0.0,0.1,0.7000000000000001,0.1,False
466,0.1596057622080207,0.24959221186727,0.3366990933042803,0.49572649572649574,0.5319148936170213,0.44680851063829785,-0.010085809702820525,0.2818835125555386,0.4489795918367347,0.5294117647058824,0.05003378152689002,0.032651148483293285,0.07458452195350036,0.04891798508819789,0.05,0.0,0.1,0.7000000000000001,0.2,False
466,0.18344760966959942,0.24644836215095442,-0.27199982932372685,0.452991452991453,0.5106382978723404,0.3829787234042553,-0.0505599659771004,0.4057548065339643,0.42105263157894735,0.48333333333333334,0.016469265429291047,0.004096364198709139,0.028732780897564387,0.07001272958719768,0.05,0.30000000000000004,0.0,0.5,0.2,False
466,0.1675544819669347,0.2464483621509544,-0.27199982932372685,0.4444444444444444,0.5106382978723404,0.3829787234042553,-0.06681096431975884,0.38270964577111244,0.4107142857142857,0.47540983606557374,0.016342550539906433,0.003377773560430185,0.029034801039518245,0.0614657210401891,0.0,0.30000000000000004,0.0,0.5,0.2,False
466,0.14454859464923678,0.2444834760670594,-0.21131437654875243,0.4444444444444444,0.5106382978723404,0.425531914893617,-0.029805794443945238,0.2939952138719642,0.4444444444444444,0.4444444444444444,0.005228964247369593,-0.012176284798831895,0.021480808809163993,0.018912529550827395,0.0,0.2,0.0,0.5,0.30000000000000004,False
466,0.3272355692839882,0.24332995787831121,-0.21069516295071516,0.5641025641025641,0.48936170212765956,0.3617021276595745,0.28613457290780087,0.37861181475422234,0.6153846153846154,0.5,0.11265855662313796,0.12673583313165057,0.09833546565804362,0.2024004364429896,0.0,0.2,0.7000000000000001,0.1,0.0,False
466,0.3170000768666982,0.24332995787831121,-0.21069516295071516,0.5555555555555556,0.48936170212765956,0.3617021276595745,0.279683994878434,0.3620610060600737,0.609375,0.49056603773584906,0.1126102220777026,0.12664340031095905,0.09853531727012861,0.1938534278959811,0.05,0.2,0.7000000000000001,0.1,0.0,False
466,0.2515574741610308,0.24320725982200514,-0.3044322140920783,0.5299145299145299,0.5106382978723404,0.3404255319148936,0.22649680028564287,0.28288331650526566,0.5692307692307692,0.4807692307692308,0.09099551937259491,0.1062340185786189,0.08153411967265976,0.1894889979996363,0.0,0.30000000000000004,0.4,0.0,0.30000000000000004,False
466,0.23939975655434567,0.24291349108356966,-0.1482129632896346,0.4700854700854701,0.5106382978723404,0.40425531914893614,0.14779223481060674,0.3358287268109129,0.5,0.43859649122807015,0.044122224014317986,0.04822160621396837,0.04316994174264599,0.06583015093653394,0.05,0.5,0.1,0.4,0.0,False
466,0.23939975655434567,0.24291349108356966,-0.1482129632896346,0.4700854700854701,0.5106382978723404,0.40425531914893614,0.14779223481060674,0.3358287268109129,0.5,0.43859649122807015,0.04409752798531175,0.048410944411191245,0.04292075020638043,0.06583015093653394,0.0,0.5,0.1,0.4,0.0,False
466,0.2230604716532684,0.24289021236747735,-0.3521587912984448,0.47863247863247865,0.5106382978723404,0.3404255319148936,0.15296160706212886,0.3048424803429311,0.5238095238095238,0.42592592592592593,0.046649598347115954,0.053894356168684564,0.043711060208849774,0.13820694671758504,0.05,0.8,0.2,0.0,0.0,False
466,0.2230604716532684,0.24289021236747735,-0.3521587912984448,0.47863247863247865,0.5106382978723404,0.3404255319148936,0.15296160706212886,0.3048424803429311,0.5238095238095238,0.42592592592592593,0.04648107254860439,0.05357456660585073,0.04369386574816411,0.13820694671758504,0.05,0.4,0.1,0.0,0.5,False
466,0.2230604716532684,0.24289021236747735,-0.3521587912984448,0.47863247863247865,0.5106382978723404,0.3404255319148936,0.15296160706212886,0.3048424803429311,0.5238095238095238,0.42592592592592593,0.04610167178418479,0.05302916016418773,0.04343767259856644,0.13820694671758504,0.1,0.4,0.1,0.0,0.4,False
466,0.18973192389663898,0.24287322924285235,-0.30570610334475834,0.47863247863247865,0.5319148936170213,0.3404255319148936,0.09847559320133745,0.29992824775511623,0.484375,0.4716981132075472,0.04455891450203521,0.04646985517667009,0.04750986153824703,0.13820694671758504,0.0,0.30000000000000004,0.1,0.6000000000000001,0.0,False
466,0.2555222102215739,0.24162543414273582,-0.1969613808637805,0.5213675213675214,0.5531914893617021,0.3617021276595745,0.17974479640043597,0.33260613117755905,0.5423728813559322,0.5,0.06702446286331008,0.04502472268973012,0.0866090103444588,0.1596653937079469,0.05,0.1,0.1,0.6000000000000001,0.2,False
466,0.2494686016533139,0.24160449009033474,-0.31837747585390314,0.5213675213675214,0.5319148936170213,0.3404255319148936,0.243054376433538,0.25695186440971896,0.5714285714285714,0.46296296296296297,0.0958635151134801,0.10486851372903037,0.09241816343788159,0.1809419894526278,0.0,0.2,0.30000000000000004,0.30000000000000004,0.2,False
466,0.2988883243924212,0.2403713278426536,-0.21749516498487206,0.5470085470085471,0.5106382978723404,0.3829787234042553,0.2902202566258536,0.3093554250916725,0.59375,0.49056603773584906,0.10089889235261948,0.11327940346130651,0.0921350818526839,0.16402982360429175,0.05,0.30000000000000004,0.5,0.2,0.0,False
466,0.27150340673745893,0.2403713278426536,-0.2419589149334706,0.5299145299145299,0.5106382978723404,0.3617021276595745,0.27878545990092063,0.2630076780467534,0.5873015873015873,0.46296296296296297,0.09497103670503577,0.10663964584163493,0.09047546622115525,0.16821240225495543,0.05,0.2,0.30000000000000004,0.1,0.4,False
466,0.26637631365039594,0.2403713278426536,-0.21749516498487206,0.5299145299145299,0.5106382978723404,0.3829787234042553,0.26926371559637524,0.2630076780467534,0.5873015873015873,0.46296296296296297,0.1005512817478668,0.11332810462489665,0.09186396146122698,0.1469358065102746,0.1,0.30000000000000004,0.5,0.1,0.0,False
466,0.15958469409180195,0.24025099834119718,-0.28790859029352517,0.49572649572649574,0.5531914893617021,0.3404255319148936,0.14422533038471153,0.18016624145930307,0.5223880597014925,0.46,0.04853441531243869,0.05487378759986192,0.04595739826731257,0.15530096381160213,0.05,0.2,0.1,0.5,0.2,False
466,0.15958469409180195,0.24025099834119718,-0.28790859029352517,0.49572649572649574,0.5531914893617021,0.3404255319148936,0.14422533038471153,0.18016624145930307,0.5223880597014925,0.46,0.04850909721721064,0.054821607781729634,0.04594145000899157,0.15530096381160213,0.1,0.2,0.1,0.5,0.1,False
466,0.15958469409180195,0.24025099834119718,-0.28790859029352517,0.49572649572649574,0.5531914893617021,0.3404255319148936,0.14422533038471153,0.18016624145930307,0.5223880597014925,0.46,0.04848813358553533,0.054877266254404075,0.04603514602662743,0.15530096381160213,0.0,0.2,0.1,0.5,0.2,False
466,0.2988883243924212,0.2400376534534101,-0.21749516498487206,0.5470085470085471,0.5106382978723404,0.3829787234042553,0.2902202566258536,0.3093554250916725,0.59375,0.49056603773584906,0.10116613200151311,0.11401439347099845,0.09238875883660225,0.16402982360429175,0.0,0.30000000000000004,0.5,0.2,0.0,False
466,0.27150340673745893,0.2400376534534101,-0.2419589149334706,0.5299145299145299,0.5106382978723404,0.3617021276595745,0.27878545990092063,0.2630076780467534,0.5873015873015873,0.46296296296296297,0.09521706389576536,0.10738457486430446,0.09053776410522166,0.16821240225495543,0.0,0.2,0.30000000000000004,0.1,0.4,False
466,0.25180855890030546,0.2400376534534101,-0.3044322140920783,0.5299145299145299,0.5106382978723404,0.3404255319148936,0.22694875281633728,0.28288331650526566,0.5692307692307692,0.4807692307692308,0.08833502087053288,0.10333641487853658,0.0820981451549796,0.1894889979996363,0.0,0.4,0.5,0.1,0.0,False
466,0.25156573220153605,0.2400376534534101,-0.2999458172267638,0.5213675213675214,0.5106382978723404,0.3404255319148936,0.2217556545358099,0.2863441561448833,0.5555555555555556,0.48148148148148145,0.0904613054233338,0.10066381428886562,0.08857612833173915,0.1809419894526278,0.0,0.30000000000000004,0.4,0.2,0.1,False
466,0.24911279966828567,0.2400376534534101,-0.27584753797526507,0.5213675213675214,0.5106382978723404,0.3617021276595745,0.2260119900966338,0.27700811688688404,0.5625,0.4716981132075472,0.09019263502213,0.10398493547532361,0.0833441028363074,0.1596653937079469,0.0,0.30000000000000004,0.4,0.1,0.2,False
466,0.2803614894597132,0.2390840439458173,-0.2011668340151631,0.5384615384615384,0.5106382978723404,0.3829787234042553,0.27629296407821896,0.2851081024047897,0.5873015873015873,0.48148148148148145,0.09605330751775719,0.1057903571827008,0.09171992875326548,0.15548281505728312,0.05,0.2,0.30000000000000004,0.2,0.30000000000000004,False
466,0.17302286702834668,0.23892372348504998,0.3366990933042803,0.5042735042735043,0.5319148936170213,0.44680851063829785,0.021950950786529304,0.2818835125555386,0.46938775510204084,0.5294117647058824,0.049689467873112965,0.03150021078048965,0.07422618452435048,0.05746499363520641,0.0,0.0,0.1,0.7000000000000001,0.2,False
466,0.2643137319067647,0.23844961509867021,-0.2978613157017472,0.5299145299145299,0.48936170212765956,0.3404255319148936,0.26543320664391723,0.2630076780467534,0.5873015873015873,0.46296296296296297,0.09507827896856641,0.1096835179053547,0.08561240481326668,0.1894889979996363,0.1,0.2,0.30000000000000004,0.0,0.4,False
466,0.2515574741610308,0.23844961509867021,-0.3044322140920783,0.5299145299145299,0.48936170212765956,0.3404255319148936,0.22649680028564287,0.28288331650526566,0.5692307692307692,0.4807692307692308,0.09103215393186408,0.10540656584250664,0.08209408036088707,0.1894889979996363,0.1,0.30000000000000004,0.4,0.0,0.2,False
466,0.24998258821269054,0.2373565134107084,-0.18121177006696554,0.4700854700854701,0.46808510638297873,0.425531914893617,0.05741234207666704,0.4392889318718324,0.46551724137931033,0.4745762711864407,0.026558302509898976,0.027592096022012607,0.030613245551742684,0.044553555191853056,0.1,0.1,0.0,0.0,0.8,False
466,0.24998258821269054,0.2373565134107084,-0.18121177006696554,0.4700854700854701,0.46808510638297873,0.425531914893617,0.05741234207666704,0.4392889318718324,0.46551724137931033,0.4745762711864407,0.026558302509898976,0.027592096022012607,0.030613245551742684,0.044553555191853056,0.1,0.2,0.0,0.0,0.7000000000000001,False
466,0.24998258821269054,0.2373565134107084,-0.18121177006696554,0.4700854700854701,0.46808510638297873,0.425531914893617,0.05741234207666704,0.4392889318718324,0.46551724137931033,0.4745762711864407,0.026558302509898976,0.027592096022012607,0.030613245551742684,0.044553555191853056,0.1,0.30000000000000004,0.0,0.0,0.6000000000000001,False
466,0.24998258821269054,0.2373565134107084,-0.18121177006696554,0.4700854700854701,0.46808510638297873,0.425531914893617,0.05741234207666704,0.4392889318718324,0.46551724137931033,0.4745762711864407,0.026558302509898976,0.027592096022012607,0.030613245551742684,0.044553555191853056,0.1,0.4,0.0,0.0,0.5,False
466,0.24998258821269054,0.2373565134107084,-0.18121177006696554,0.4700854700854701,0.46808510638297873,0.425531914893617,0.05741234207666704,0.4392889318718324,0.46551724137931033,0.4745762711864407,0.026558302509898976,0.027592096022012607,0.030613245551742684,0.044553555191853056,0.1,0.5,0.0,0.0,0.4,False
466,0.24998258821269054,0.2373565134107084,-0.18121177006696554,0.4700854700854701,0.46808510638297873,0.425531914893617,0.05741234207666704,0.4392889318718324,0.46551724137931033,0.4745762711864407,0.026558302509898976,0.027592096022012607,0.030613245551742684,0.044553555191853056,0.1,0.6000000000000001,0.0,0.0,0.30000000000000004,False
466,0.24998258821269054,0.2373565134107084,-0.18121177006696554,0.4700854700854701,0.46808510638297873,0.425531914893617,0.05741234207666704,0.4392889318718324,0.46551724137931033,0.4745762711864407,0.026558302509898976,0.027592096022012607,0.030613245551742684,0.044553555191853056,0.1,0.7000000000000001,0.0,0.0,0.2,False
466,0.24998258821269054,0.2373565134107084,-0.18121177006696554,0.4700854700854701,0.46808510638297873,0.425531914893617,0.05741234207666704,0.4392889318718324,0.46551724137931033,0.4745762711864407,0.026558302509898976,0.027592096022012607,0.030613245551742684,0.044553555191853056,0.1,0.8,0.0,0.0,0.1,False
466,0.24998258821269054,0.2373565134107084,-0.18121177006696554,0.4700854700854701,0.46808510638297873,0.425531914893617,0.05741234207666704,0.4392889318718324,0.46551724137931033,0.4745762711864407,0.026558302509898976,0.027592096022012607,0.030613245551742684,0.044553555191853056,0.1,0.9,0.0,0.0,0.0,False
466,0.24998258821269054,0.2373565134107084,-0.18121177006696554,0.4700854700854701,0.46808510638297873,0.425531914893617,0.05741234207666704,0.4392889318718324,0.46551724137931033,0.4745762711864407,0.026205422675908287,0.02855837340983464,0.028978988366689957,0.044553555191853056,0.0,0.1,0.0,0.0,0.9,False
466,0.24998258821269054,0.2373565134107084,-0.18121177006696554,0.4700854700854701,0.46808510638297873,0.425531914893617,0.05741234207666704,0.4392889318718324,0.46551724137931033,0.4745762711864407,0.026205422675908287,0.02855837340983464,0.028978988366689957,0.044553555191853056,0.0,0.2,0.0,0.0,0.8,False
466,0.24998258821269054,0.2373565134107084,-0.18121177006696554,0.4700854700854701,0.46808510638297873,0.425531914893617,0.05741234207666704,0.4392889318718324,0.46551724137931033,0.4745762711864407,0.026205422675908287,0.02855837340983464,0.028978988366689957,0.044553555191853056,0.0,0.30000000000000004,0.0,0.0,0.7000000000000001,False
466,0.24998258821269054,0.2373565134107084,-0.18121177006696554,0.4700854700854701,0.46808510638297873,0.425531914893617,0.05741234207666704,0.4392889318718324,0.46551724137931033,0.4745762711864407,0.026205422675908287,0.02855837340983464,0.028978988366689957,0.044553555191853056,0.0,0.4,0.0,0.0,0.6000000000000001,False
466,0.24998258821269054,0.2373565134107084,-0.18121177006696554,0.4700854700854701,0.46808510638297873,0.425531914893617,0.05741234207666704,0.4392889318718324,0.46551724137931033,0.4745762711864407,0.026205422675908287,0.02855837340983464,0.028978988366689957,0.044553555191853056,0.0,0.5,0.0,0.0,0.5,False
466,0.24998258821269054,0.2373565134107084,-0.18121177006696554,0.4700854700854701,0.46808510638297873,0.425531914893617,0.05741234207666704,0.4392889318718324,0.46551724137931033,0.4745762711864407,0.026205422675908287,0.02855837340983464,0.028978988366689957,0.044553555191853056,0.0,0.6000000000000001,0.0,0.0,0.4,False
466,0.24998258821269054,0.2373565134107084,-0.18121177006696554,0.4700854700854701,0.46808510638297873,0.425531914893617,0.05741234207666704,0.4392889318718324,0.46551724137931033,0.4745762711864407,0.026205422675908287,0.02855837340983464,0.028978988366689957,0.044553555191853056,0.0,0.7000000000000001,0.0,0.0,0.30000000000000004,False
466,0.24998258821269054,0.2373565134107084,-0.18121177006696554,0.4700854700854701,0.46808510638297873,0.425531914893617,0.05741234207666704,0.4392889318718324,0.46551724137931033,0.4745762711864407,0.026205422675908287,0.02855837340983464,0.028978988366689957,0.044553555191853056,0.0,0.8,0.0,0.0,0.2,False
466,0.24998258821269054,0.2373565134107084,-0.18121177006696554,0.4700854700854701,0.46808510638297873,0.425531914893617,0.05741234207666704,0.4392889318718324,0.46551724137931033,0.4745762711864407,0.026205422675908287,0.02855837340983464,0.028978988366689957,0.044553555191853056,0.0,0.9,0.0,0.0,0.1,False
466,0.24998258821269054,0.2373565134107084,-0.18121177006696554,0.4700854700854701,0.46808510638297873,0.425531914893617,0.05741234207666704,0.4392889318718324,0.46551724137931033,0.4745762711864407,0.026205422675908287,0.02855837340983464,0.028978988366689957,0.044553555191853056,0.0,1.0,0.0,0.0,0.0,False
466,0.24998258821269054,0.2373565134107084,-0.18121177006696554,0.4700854700854701,0.46808510638297873,0.425531914893617,0.05741234207666704,0.4392889318718324,0.46551724137931033,0.4745762711864407,0.026205422675908287,0.02855837340983464,0.028978988366689957,0.044553555191853056,0.05,0.1,0.0,0.0,0.9,False
466,0.24998258821269054,0.2373565134107084,-0.18121177006696554,0.4700854700854701,0.46808510638297873,0.425531914893617,0.05741234207666704,0.4392889318718324,0.46551724137931033,0.4745762711864407,0.026205422675908287,0.02855837340983464,0.028978988366689957,0.044553555191853056,0.05,0.2,0.0,0.0,0.8,False
466,0.24998258821269054,0.2373565134107084,-0.18121177006696554,0.4700854700854701,0.46808510638297873,0.425531914893617,0.05741234207666704,0.4392889318718324,0.46551724137931033,0.4745762711864407,0.026205422675908287,0.02855837340983464,0.028978988366689957,0.044553555191853056,0.05,0.30000000000000004,0.0,0.0,0.7000000000000001,False
466,0.24998258821269054,0.2373565134107084,-0.18121177006696554,0.4700854700854701,0.46808510638297873,0.425531914893617,0.05741234207666704,0.4392889318718324,0.46551724137931033,0.4745762711864407,0.026205422675908287,0.02855837340983464,0.028978988366689957,0.044553555191853056,0.05,0.4,0.0,0.0,0.6000000000000001,False
466,0.24998258821269054,0.2373565134107084,-0.18121177006696554,0.4700854700854701,0.46808510638297873,0.425531914893617,0.05741234207666704,0.4392889318718324,0.46551724137931033,0.4745762711864407,0.026205422675908287,0.02855837340983464,0.028978988366689957,0.044553555191853056,0.05,0.5,0.0,0.0,0.5,False
466,0.24998258821269054,0.2373565134107084,-0.18121177006696554,0.4700854700854701,0.46808510638297873,0.425531914893617,0.05741234207666704,0.4392889318718324,0.46551724137931033,0.4745762711864407,0.026205422675908287,0.02855837340983464,0.028978988366689957,0.044553555191853056,0.05,0.6000000000000001,0.0,0.0,0.4,False
466,0.24998258821269054,0.2373565134107084,-0.18121177006696554,0.4700854700854701,0.46808510638297873,0.425531914893617,0.05741234207666704,0.4392889318718324,0.46551724137931033,0.4745762711864407,0.026205422675908287,0.02855837340983464,0.028978988366689957,0.044553555191853056,0.05,0.7000000000000001,0.0,0.0,0.30000000000000004,False
466,0.24998258821269054,0.2373565134107084,-0.18121177006696554,0.4700854700854701,0.46808510638297873,0.425531914893617,0.05741234207666704,0.4392889318718324,0.46551724137931033,0.4745762711864407,0.026205422675908287,0.02855837340983464,0.028978988366689957,0.044553555191853056,0.05,0.8,0.0,0.0,0.2,False
466,0.24998258821269054,0.2373565134107084,-0.18121177006696554,0.4700854700854701,0.46808510638297873,0.425531914893617,0.05741234207666704,0.4392889318718324,0.46551724137931033,0.4745762711864407,0.026205422675908287,0.02855837340983464,0.028978988366689957,0.044553555191853056,0.05,0.9,0.0,0.0,0.1,False
466,0.24998258821269054,0.2373565134107084,-0.18121177006696554,0.4700854700854701,0.46808510638297873,0.425531914893617,0.05741234207666704,0.4392889318718324,0.46551724137931033,0.4745762711864407,0.026205422675908287,0.02855837340983464,0.028978988366689957,0.044553555191853056,0.05,1.0,0.0,0.0,0.0,False
466,0.25180855890030546,0.23605196279276,-0.3044322140920783,0.5299145299145299,0.5208333333333334,0.3404255319148936,0.22694875281633728,0.28288331650526566,0.5692307692307692,0.4807692307692308,0.08752032211028456,0.10381335761512557,0.07915779593049622,0.1894889979996363,0.0,0.4,0.5,0.0,0.1,False
466,0.20045212175960878,0.23485788405464791,-0.3319220376980266,0.452991452991453,0.5106382978723404,0.3617021276595745,-0.04215298796883316,0.4309269760016286,0.42105263157894735,0.48333333333333334,0.02234138394339973,0.013740685441502812,0.030626636573182653,0.0912893253318785,0.1,0.4,0.0,0.5,0.0,False
466,0.20045212175960878,0.23367872136747944,-0.27199982932372685,0.452991452991453,0.5106382978723404,0.3829787234042553,-0.058667591624542915,0.4551799755948766,0.41379310344827586,0.4915254237288136,0.020554809754334383,0.01271150064767452,0.030124764819143814,0.07001272958719768,0.1,0.30000000000000004,0.0,0.4,0.2,False
466,0.2956820968447333,0.2336577252509919,-0.3347058068236121,0.5470085470085471,0.5106382978723404,0.3404255319148936,0.24518067697400023,0.3546004200272553,0.5873015873015873,0.5,0.10662538516420024,0.1163142810740102,0.09560731671900825,0.20658301509365345,0.05,0.2,0.4,0.2,0.2,False
466,0.15264762870365609,0.231954028522402,-0.2879085902935251,0.49572649572649574,0.5531914893617021,0.3404255319148936,0.1273984872908187,0.18768725352147123,0.5147058823529411,0.46938775510204084,0.0443801948765065,0.04581785592534091,0.04436755626593829,0.15530096381160213,0.0,0.2,0.1,0.6000000000000001,0.1,False
466,0.2581765208775053,0.23041258905303433,-0.09802507375470063,0.47863247863247865,0.5106382978723404,0.425531914893617,0.13042664594998601,0.39265007343278885,0.5,0.45614035087719296,0.041750223303898396,0.04672727561278939,0.043022420353176785,0.05310056373886163,0.0,0.7000000000000001,0.1,0.1,0.1,False
466,0.2581765208775053,0.23041258905303433,-0.09802507375470063,0.47863247863247865,0.5106382978723404,0.425531914893617,0.13042664594998601,0.39265007343278885,0.5,0.45614035087719296,0.04131054689831644,0.04577809987343061,0.04269298914223371,0.05310056373886163,0.05,0.7000000000000001,0.1,0.1,0.1,False
466,0.2581765208775053,0.23041258905303433,-0.09802507375470063,0.47863247863247865,0.5106382978723404,0.425531914893617,0.13042664594998601,0.39265007343278885,0.5,0.45614035087719296,0.04090719916008873,0.04525232608691668,0.04252652919600831,0.05310056373886163,0.1,0.7000000000000001,0.1,0.1,0.0,False
466,0.2564202976799241,0.23041258905303433,-0.09802507375470063,0.47863247863247865,0.5106382978723404,0.425531914893617,0.1482635199879267,0.37423393052299253,0.5081967213114754,0.44642857142857145,0.04301973604938744,0.04858736189154328,0.04327609733709513,0.05310056373886163,0.0,0.6000000000000001,0.1,0.1,0.2,False
466,0.2564202976799241,0.23041258905303433,-0.09802507375470063,0.47863247863247865,0.5106382978723404,0.425531914893617,0.1482635199879267,0.37423393052299253,0.5081967213114754,0.44642857142857145,0.042580059643805485,0.047638186152184486,0.04294666612615205,0.05310056373886163,0.05,0.6000000000000001,0.1,0.1,0.2,False
466,0.2564202976799241,0.23041258905303433,-0.09802507375470063,0.47863247863247865,0.5106382978723404,0.425531914893617,0.1482635199879267,0.37423393052299253,0.5081967213114754,0.44642857142857145,0.04217671190557778,0.04711241236567057,0.04278020617992666,0.05310056373886163,0.1,0.6000000000000001,0.1,0.1,0.1,False
466,0.24958470602343663,0.23041258905303433,-0.09802507375470063,0.4700854700854701,0.5106382978723404,0.425531914893617,0.11367260698455213,0.39265007343278885,0.48333333333333334,0.45614035087719296,0.04071460745781344,0.043797751537648005,0.04251606315148516,0.044553555191853056,0.0,0.8,0.1,0.1,0.0,False
466,0.24958470602343663,0.23041258905303433,-0.09802507375470063,0.4700854700854701,0.5106382978723404,0.425531914893617,0.11367260698455213,0.39265007343278885,0.48333333333333334,0.45614035087719296,0.04025079488282489,0.042978279917646627,0.04218663194054209,0.044553555191853056,0.05,0.8,0.1,0.1,0.0,False
466,0.24885099207039188,0.23041258905303433,-0.1990236039789995,0.47863247863247865,0.5106382978723404,0.3829787234042553,0.11545912843464949,0.39922000198704694,0.5,0.45454545454545453,0.043722173227065925,0.050231274638034826,0.04331148253524484,0.09565375522822334,0.0,0.5,0.1,0.1,0.30000000000000004,False
466,0.24885099207039188,0.23041258905303433,-0.1990236039789995,0.47863247863247865,0.5106382978723404,0.3829787234042553,0.11545912843464949,0.39922000198704694,0.5,0.45454545454545453,0.04329985246907273,0.04936012015055003,0.04298205132430176,0.09565375522822334,0.05,0.5,0.1,0.1,0.30000000000000004,False
466,0.24885099207039188,0.23041258905303433,-0.1990236039789995,0.47863247863247865,0.5106382978723404,0.3829787234042553,0.11545912843464949,0.39922000198704694,0.5,0.45454545454545453,0.042896504730845025,0.04883434636403611,0.04281559137807637,0.09565375522822334,0.1,0.5,0.1,0.1,0.2,False
466,0.18630838390181298,0.23041258905303433,-0.1693038779762985,0.46153846153846156,0.5106382978723404,0.40425531914893614,0.13428635895693644,0.24700074633750216,0.5079365079365079,0.4074074074074074,0.04624340762409999,0.05478831208825475,0.0434405637510304,0.05728314238952542,0.0,0.4,0.1,0.1,0.4,False
466,0.18630838390181298,0.23041258905303433,-0.1693038779762985,0.46153846153846156,0.5106382978723404,0.40425531914893614,0.13428635895693644,0.24700074633750216,0.5079365079365079,0.4074074074074074,0.0457897347285271,0.053917157600769955,0.04298653677195454,0.05728314238952542,0.05,0.4,0.1,0.1,0.4,False
466,0.18630838390181298,0.23041258905303433,-0.1693038779762985,0.46153846153846156,0.5106382978723404,0.40425531914893614,0.13428635895693644,0.24700074633750216,0.5079365079365079,0.4074074074074074,0.04541773912787909,0.05339138381425603,0.04294467259386193,0.05728314238952542,0.1,0.4,0.1,0.1,0.30000000000000004,False
466,0.2643137319067647,0.22986765356999456,-0.2978613157017472,0.5299145299145299,0.48936170212765956,0.3404255319148936,0.26543320664391723,0.2630076780467534,0.5873015873015873,0.46296296296296297,0.0951274847276388,0.11023364501362806,0.08544793617590697,0.1894889979996363,0.05,0.2,0.30000000000000004,0.0,0.5,False
466,0.25679648872046323,0.22986765356999456,-0.15134446294983536,0.5299145299145299,0.48936170212765956,0.3829787234042553,0.2514726121550716,0.2630076780467534,0.5873015873015873,0.46296296296296297,0.10047805348459672,0.11348355071389499,0.09127710339578358,0.1469358065102746,0.1,0.30000000000000004,0.5,0.0,0.1,False
466,0.2515574741610308,0.22986765356999456,-0.3044322140920783,0.5299145299145299,0.48936170212765956,0.3404255319148936,0.22649680028564287,0.28288331650526566,0.5692307692307692,0.4807692307692308,0.09103152518230118,0.1059608420534345,0.0820339659761673,0.1894889979996363,0.05,0.30000000000000004,0.4,0.0,0.30000000000000004,False
466,0.14411442928234802,0.229855542070963,-0.27102074993192526,0.48717948717948717,0.5531914893617021,0.3404255319148936,0.06321355372270533,0.24524052373190144,0.47692307692307695,0.5,0.03830895296479341,0.03300895295048612,0.042941183912354214,0.14675395526459356,0.0,0.2,0.1,0.7000000000000001,0.0,False
466,0.25180855890030546,0.22949828679614892,-0.3044322140920783,0.5299145299145299,0.5102040816326531,0.3404255319148936,0.22694875281633728,0.28288331650526566,0.5692307692307692,0.4807692307692308,0.08762532502542258,0.10375841963405533,0.07960588634385786,0.1894889979996363,0.05,0.4,0.5,0.0,0.1,False
466,0.24958470602343663,0.22888471903267174,-0.13064646363707474,0.4700854700854701,0.5208333333333334,0.40425531914893614,0.11367260698455213,0.39265007343278885,0.48333333333333334,0.45614035087719296,0.03913772568827911,0.04015658375807041,0.04406216562939073,0.06583015093653394,0.0,0.9,0.1,0.0,0.0,False
466,0.24885099207039188,0.22888471903267174,-0.1779779170390555,0.47863247863247865,0.5208333333333334,0.3829787234042553,0.1337453436548896,0.37423393052299253,0.5081967213114754,0.44642857142857145,0.04266778957522667,0.046433604622345574,0.04344665392184628,0.09565375522822334,0.0,0.6000000000000001,0.1,0.0,0.30000000000000004,False
466,0.24782848282585535,0.22888471903267174,-0.13064646363707474,0.4700854700854701,0.5208333333333334,0.40425531914893614,0.1317841373989753,0.37423393052299253,0.4918032786885246,0.44642857142857145,0.04144237275127157,0.044332484820734035,0.04348353478529429,0.06583015093653394,0.0,0.7000000000000001,0.1,0.0,0.2,False
466,0.24782848282585535,0.22888471903267174,-0.13064646363707474,0.4700854700854701,0.5208333333333334,0.40425531914893614,0.1317841373989753,0.37423393052299253,0.4918032786885246,0.44642857142857145,0.040050738669912135,0.042139925557557564,0.043284677156703005,0.06583015093653394,0.0,0.8,0.1,0.0,0.1,False
466,0.2293391599982716,0.22888471903267174,-0.2200787016638104,0.47863247863247865,0.5208333333333334,0.3829787234042553,0.12222776659923144,0.3543024522971518,0.5079365079365079,0.4444444444444444,0.043451971740959855,0.050248220421108644,0.04252762267592566,0.09565375522822334,0.0,0.5,0.1,0.0,0.4,False
466,0.27529688312826744,0.22817704240256512,-0.3237015901361853,0.5384615384615384,0.5106382978723404,0.3404255319148936,0.24419474274807024,0.31285418471944915,0.578125,0.49056603773584906,0.1057557365860967,0.11228102960770871,0.09754951555266206,0.19803600654664483,0.1,0.2,0.4,0.30000000000000004,0.0,False
466,0.2956820968447333,0.2264374546829776,-0.3347058068236121,0.5470085470085471,0.48936170212765956,0.3404255319148936,0.24518067697400023,0.3546004200272553,0.5873015873015873,0.5,0.10621065361411325,0.11495462409867742,0.09569503213977372,0.20658301509365345,0.1,0.1,0.2,0.1,0.5,False
466,0.1834476096695994,0.2250602273014643,-0.27199982932372685,0.452991452991453,0.48936170212765956,0.3829787234042553,-0.0505599659771004,0.4057548065339643,0.42105263157894735,0.48333333333333334,0.018951371860972673,0.007598872372007938,0.030913206839888054,0.07001272958719768,0.05,0.2,0.0,0.30000000000000004,0.5,False
466,0.1834476096695994,0.2250602273014643,-0.27199982932372685,0.452991452991453,0.48936170212765956,0.3829787234042553,-0.0505599659771004,0.4057548065339643,0.42105263157894735,0.48333333333333334,0.01868388338559033,0.007015452310224058,0.030887290920116436,0.07001272958719768,0.05,0.4,0.0,0.6000000000000001,0.0,False
466,0.16755448196693468,0.2250602273014643,-0.27199982932372685,0.4444444444444444,0.48936170212765956,0.3829787234042553,-0.08318270178783328,0.4057548065339643,0.40350877192982454,0.48333333333333334,0.01843082684655419,0.006291892165456316,0.031001919026798594,0.0614657210401891,0.0,0.2,0.0,0.30000000000000004,0.5,False
466,0.16755448196693468,0.2250602273014643,-0.27199982932372685,0.4444444444444444,0.48936170212765956,0.3829787234042553,-0.08318270178783328,0.4057548065339643,0.40350877192982454,0.48333333333333334,0.01843082684655419,0.006291892165456316,0.031001919026798594,0.0614657210401891,0.0,0.4,0.0,0.6000000000000001,0.0,False
466,0.15264762870365609,0.22390522399637713,-0.2879085902935251,0.49572649572649574,0.5531914893617021,0.3404255319148936,0.1273984872908187,0.18768725352147123,0.5147058823529411,0.46938775510204084,0.044324519949653654,0.0461960353691378,0.04425442330847372,0.15530096381160213,0.05,0.2,0.1,0.6000000000000001,0.1,False
466,0.15264762870365609,0.22390522399637713,-0.2879085902935251,0.49572649572649574,0.5531914893617021,0.3404255319148936,0.1273984872908187,0.18768725352147123,0.5147058823529411,0.46938775510204084,0.044297397862382334,0.046018127036839135,0.044114876048165004,0.15530096381160213,0.1,0.2,0.1,0.6000000000000001,0.0,False
466,0.08702346283374071,0.22343918312694125,-0.11421236285751155,0.47863247863247865,0.48936170212765956,0.3404255319148936,-0.07570373308691841,0.2127672051360682,0.39215686274509803,0.5454545454545454,-0.03526736017320742,-0.08341912982211737,0.007972634011280398,0.13820694671758504,0.0,0.0,0.0,0.1,0.9,False
466,0.08702346283374071,0.22343918312694125,-0.11421236285751155,0.47863247863247865,0.48936170212765956,0.3404255319148936,-0.07570373308691841,0.2127672051360682,0.39215686274509803,0.5454545454545454,-0.03526736017320742,-0.08341912982211737,0.007972634011280398,0.13820694671758504,0.0,0.0,0.0,0.2,0.8,False
466,0.08702346283374071,0.22343918312694125,-0.11421236285751155,0.47863247863247865,0.48936170212765956,0.3404255319148936,-0.07570373308691841,0.2127672051360682,0.39215686274509803,0.5454545454545454,-0.03526736017320742,-0.08341912982211737,0.007972634011280398,0.13820694671758504,0.0,0.0,0.0,0.30000000000000004,0.7000000000000001,False
466,0.08702346283374071,0.22343918312694125,-0.11421236285751155,0.47863247863247865,0.48936170212765956,0.3404255319148936,-0.07570373308691841,0.2127672051360682,0.39215686274509803,0.5454545454545454,-0.03526736017320742,-0.08341912982211737,0.007972634011280398,0.13820694671758504,0.0,0.0,0.0,0.4,0.6000000000000001,False
466,0.08702346283374071,0.22343918312694125,-0.11421236285751155,0.47863247863247865,0.48936170212765956,0.3404255319148936,-0.07570373308691841,0.2127672051360682,0.39215686274509803,0.5454545454545454,-0.03526736017320742,-0.08341912982211737,0.007972634011280398,0.13820694671758504,0.0,0.0,0.0,0.5,0.5,False
466,0.08702346283374071,0.22343918312694125,-0.11421236285751155,0.47863247863247865,0.48936170212765956,0.3404255319148936,-0.07570373308691841,0.2127672051360682,0.39215686274509803,0.5454545454545454,-0.03526736017320742,-0.08341912982211737,0.007972634011280398,0.13820694671758504,0.0,0.0,0.0,0.6000000000000001,0.4,False
466,0.08702346283374071,0.22343918312694125,-0.11421236285751155,0.47863247863247865,0.48936170212765956,0.3404255319148936,-0.07570373308691841,0.2127672051360682,0.39215686274509803,0.5454545454545454,-0.03526736017320742,-0.08341912982211737,0.007972634011280398,0.13820694671758504,0.0,0.0,0.0,0.7000000000000001,0.30000000000000004,False
466,0.08702346283374071,0.22343918312694125,-0.11421236285751155,0.47863247863247865,0.48936170212765956,0.3404255319148936,-0.07570373308691841,0.2127672051360682,0.39215686274509803,0.5454545454545454,-0.03526736017320742,-0.08341912982211737,0.007972634011280398,0.13820694671758504,0.0,0.0,0.0,0.8,0.2,False
466,0.08702346283374071,0.22343918312694125,-0.11421236285751155,0.47863247863247865,0.48936170212765956,0.3404255319148936,-0.07570373308691841,0.2127672051360682,0.39215686274509803,0.5454545454545454,-0.03526736017320742,-0.08341912982211737,0.007972634011280398,0.13820694671758504,0.0,0.0,0.0,0.9,0.1,False
466,0.08702346283374071,0.22343918312694125,-0.11421236285751155,0.47863247863247865,0.48936170212765956,0.3404255319148936,-0.07570373308691841,0.2127672051360682,0.39215686274509803,0.5454545454545454,-0.03526736017320742,-0.08341912982211737,0.007972634011280398,0.13820694671758504,0.0,0.0,0.0,1.0,0.0,False
466,0.24958470602343663,0.22299510936171657,-0.13064646363707474,0.4700854700854701,0.5106382978723404,0.40425531914893614,0.11367260698455213,0.39265007343278885,0.48333333333333334,0.45614035087719296,0.039022655225516734,0.03931744031189038,0.04424854251729707,0.06583015093653394,0.05,0.9,0.1,0.0,0.0,False
466,0.24885099207039188,0.22299510936171657,-0.1779779170390555,0.47863247863247865,0.5106382978723404,0.3829787234042553,0.1337453436548896,0.37423393052299253,0.5081967213114754,0.44642857142857145,0.04261832612023339,0.04580122030927431,0.04365399453497998,0.09565375522822334,0.05,0.6000000000000001,0.1,0.0,0.30000000000000004,False
466,0.24885099207039188,0.22299510936171657,-0.1779779170390555,0.47863247863247865,0.5106382978723404,0.3829787234042553,0.1337453436548896,0.37423393052299253,0.5081967213114754,0.44642857142857145,0.0421555057091362,0.045307497029281434,0.04332852520424951,0.09565375522822334,0.1,0.6000000000000001,0.1,0.0,0.2,False
466,0.24782848282585535,0.22299510936171657,-0.13064646363707474,0.4700854700854701,0.5106382978723404,0.40425531914893614,0.1317841373989753,0.37423393052299253,0.4918032786885246,0.44642857142857145,0.04136254883411817,0.04370010100599308,0.0436400085590661,0.06583015093653394,0.05,0.7000000000000001,0.1,0.0,0.2,False
466,0.24782848282585535,0.22299510936171657,-0.13064646363707474,0.4700854700854701,0.5106382978723404,0.40425531914893614,0.1317841373989753,0.37423393052299253,0.4918032786885246,0.44642857142857145,0.040947970022904776,0.043274181085216856,0.04336540605895021,0.06583015093653394,0.1,0.7000000000000001,0.1,0.0,0.1,False
466,0.24782848282585535,0.22299510936171657,-0.13064646363707474,0.4700854700854701,0.5106382978723404,0.40425531914893614,0.1317841373989753,0.37423393052299253,0.4918032786885246,0.44642857142857145,0.03999461960425943,0.041507542262833944,0.04353438089542758,0.06583015093653394,0.05,0.8,0.1,0.0,0.1,False
466,0.24782848282585535,0.22299510936171657,-0.13064646363707474,0.4700854700854701,0.5106382978723404,0.40425531914893614,0.1317841373989753,0.37423393052299253,0.4918032786885246,0.44642857142857145,0.03953559382287688,0.041013818982841066,0.0431535903393854,0.06583015093653394,0.1,0.8,0.1,0.0,0.0,False
466,0.2293391599982716,0.22299510936171657,-0.2200787016638104,0.47863247863247865,0.5106382978723404,0.3829787234042553,0.12222776659923144,0.3543024522971518,0.5079365079365079,0.4444444444444444,0.04332873056844978,0.0495457647629697,0.04266568683817823,0.09565375522822334,0.05,0.5,0.1,0.0,0.4,False
466,0.2293391599982716,0.22299510936171657,-0.2200787016638104,0.47863247863247865,0.5106382978723404,0.3829787234042553,0.12222776659923144,0.3543024522971518,0.5079365079365079,0.4444444444444444,0.042921834290360165,0.04905204148297682,0.042409494176302416,0.09565375522822334,0.1,0.5,0.1,0.0,0.30000000000000004,False
466,0.2555222102215739,0.22215901203722913,-0.1969613808637805,0.5213675213675214,0.5531914893617021,0.3617021276595745,0.17974479640043597,0.33260613117755905,0.5423728813559322,0.5,0.06684051788151808,0.044762829697770914,0.08640965711544635,0.1596653937079469,0.0,0.1,0.1,0.6000000000000001,0.2,False
466,0.2956820968447333,0.22182439880143903,-0.3347058068236121,0.5470085470085471,0.48936170212765956,0.3404255319148936,0.24518067697400023,0.3546004200272553,0.5873015873015873,0.5,0.10642974533743804,0.11560264774481556,0.09535563326738003,0.20658301509365345,0.05,0.1,0.2,0.1,0.6000000000000001,False
466,0.2956820968447333,0.22182439880143903,-0.3347058068236121,0.5470085470085471,0.48936170212765956,0.3404255319148936,0.24518067697400023,0.3546004200272553,0.5873015873015873,0.5,0.10642974533743804,0.11560264774481556,0.09535563326738003,0.20658301509365345,0.1,0.2,0.4,0.2,0.1,False
466,0.20045212175960878,0.22092710170976118,-0.3319220376980266,0.452991452991453,0.5106382978723404,0.3617021276595745,-0.04215298796883316,0.4309269760016286,0.42105263157894735,0.48333333333333334,0.022028857873557652,0.013209445197851222,0.030567827370623978,0.0912893253318785,0.05,0.4,0.0,0.5,0.1,False
466,0.20045212175960878,0.22092710170976118,-0.27199982932372685,0.452991452991453,0.5106382978723404,0.3829787234042553,-0.058667591624542915,0.4551799755948766,0.41379310344827586,0.4915254237288136,0.020253543083107242,0.01206148919894086,0.030016117309332027,0.07001272958719768,0.05,0.30000000000000004,0.0,0.4,0.30000000000000004,False
466,0.1845589940569441,0.22092710170976118,-0.3319220376980266,0.4444444444444444,0.5106382978723404,0.3617021276595745,-0.07477572377956603,0.4309269760016286,0.40350877192982454,0.48333333333333334,0.021683237880714794,0.011853266877060582,0.030795090051698178,0.08274231678486993,0.0,0.4,0.0,0.5,0.1,False
466,0.18455899405694406,0.22092710170976118,-0.27199982932372685,0.4444444444444444,0.5106382978723404,0.3829787234042553,-0.07477572377956604,0.4309269760016286,0.40350877192982454,0.48333333333333334,0.019827303307916586,0.010716243792425558,0.03024337999040622,0.0614657210401891,0.0,0.30000000000000004,0.0,0.4,0.30000000000000004,False
466,0.17386768517771026,0.21711233089041462,-0.24320473221656266,0.452991452991453,0.5319148936170213,0.40425531914893614,-0.016034873830813142,0.34232963268527133,0.43636363636363634,0.46774193548387094,0.013210758146156618,-0.002009668424066451,0.02682397372977018,0.04873613384251685,0.1,0.1,0.0,0.2,0.6000000000000001,False
466,0.17386768517771026,0.21711233089041462,-0.24320473221656266,0.452991452991453,0.5319148936170213,0.40425531914893614,-0.016034873830813142,0.34232963268527133,0.43636363636363634,0.46774193548387094,0.012945633522417184,-0.0024827654417992062,0.026821481814407522,0.04873613384251685,0.05,0.1,0.0,0.2,0.7000000000000001,False
466,0.17386768517771026,0.21711233089041462,-0.24320473221656266,0.452991452991453,0.5319148936170213,0.40425531914893614,-0.016034873830813142,0.34232963268527133,0.43636363636363634,0.46774193548387094,0.012945633522417184,-0.0024827654417992062,0.026821481814407522,0.04873613384251685,0.1,0.2,0.0,0.4,0.30000000000000004,False
466,0.3046815497333167,0.2157689663007576,-0.19894342366767423,0.5555555555555556,0.48936170212765956,0.3829787234042553,0.2618939466242265,0.3546004200272553,0.6031746031746031,0.5,0.10740390104080723,0.11805957175287306,0.09630056757289905,0.17257683215130026,0.1,0.2,0.4,0.1,0.2,False
466,0.3147376314633629,0.21040123146448778,-0.12688071300123682,0.559322033898305,0.48936170212765956,0.40425531914893614,0.28110340361257874,0.3546004200272553,0.609375,0.5,0.10722221054200846,0.12106374444506537,0.09528266230020803,0.1550667147493689,0.05,0.30000000000000004,0.6000000000000001,0.0,0.1,False
466,0.3147376314633629,0.21040123146448778,-0.12688071300123682,0.559322033898305,0.48936170212765956,0.40425531914893614,0.28110340361257874,0.3546004200272553,0.609375,0.5,0.10716611953267817,0.12096322619450457,0.09529516724918599,0.1550667147493689,0.0,0.1,0.2,0.0,0.7000000000000001,False
466,0.3147376314633629,0.21040123146448778,-0.12688071300123682,0.559322033898305,0.48936170212765956,0.40425531914893614,0.28110340361257874,0.3546004200272553,0.609375,0.5,0.10716611953267817,0.12096322619450457,0.09529516724918599,0.1550667147493689,0.0,0.2,0.4,0.0,0.4,False
466,0.3147376314633629,0.21040123146448778,-0.12688071300123682,0.559322033898305,0.48936170212765956,0.40425531914893614,0.28110340361257874,0.3546004200272553,0.609375,0.5,0.10716611953267817,0.12096322619450457,0.09529516724918599,0.1550667147493689,0.0,0.30000000000000004,0.6000000000000001,0.0,0.1,False
466,0.3147376314633629,0.21040123146448778,-0.12688071300123682,0.559322033898305,0.48936170212765956,0.40425531914893614,0.28110340361257874,0.3546004200272553,0.609375,0.5,0.10712628730497989,0.12058965116476476,0.09553634271359016,0.1550667147493689,0.05,0.2,0.4,0.0,0.4,False
466,0.3147376314633629,0.21040123146448778,-0.12688071300123682,0.559322033898305,0.48936170212765956,0.40425531914893614,0.28110340361257874,0.3546004200272553,0.609375,0.5,0.10697655498881396,0.12018463436870083,0.09537835314376278,0.1550667147493689,0.1,0.30000000000000004,0.6000000000000001,0.0,0.0,False
466,0.3046815497333167,0.21040123146448778,-0.19894342366767423,0.5555555555555556,0.48936170212765956,0.3829787234042553,0.2618939466242265,0.3546004200272553,0.6031746031746031,0.5,0.10789887913350893,0.11956831392286953,0.09646503398683431,0.17257683215130026,0.0,0.2,0.4,0.1,0.30000000000000004,False
466,0.3046815497333167,0.21040123146448778,-0.19894342366767423,0.5555555555555556,0.48936170212765956,0.3829787234042553,0.2618939466242265,0.3546004200272553,0.6031746031746031,0.5,0.1076937216935529,0.11880847638073362,0.09649693050347631,0.17257683215130026,0.05,0.2,0.4,0.1,0.30000000000000004,False
466,0.3046815497333167,0.21040123146448778,-0.12688071300123682,0.5555555555555556,0.48936170212765956,0.40425531914893614,0.2618939466242265,0.3546004200272553,0.6031746031746031,0.5,0.10751382014220273,0.11908825959605249,0.09612114966678784,0.15130023640661944,0.05,0.30000000000000004,0.6000000000000001,0.1,0.0,False
466,0.3046815497333167,0.21040123146448778,-0.12688071300123682,0.5555555555555556,0.48936170212765956,0.40425531914893614,0.2618939466242265,0.3546004200272553,0.6031746031746031,0.5,0.10750137881776635,0.11946345733595606,0.09592977056693588,0.15130023640661944,0.0,0.30000000000000004,0.6000000000000001,0.1,0.0,False
466,0.26637631365039594,0.21040123146448778,-0.21749516498487206,0.5299145299145299,0.48936170212765956,0.3829787234042553,0.26926371559637524,0.2630076780467534,0.5873015873015873,0.46296296296296297,0.10086293692499833,0.11450388986014422,0.09191529491769768,0.1469358065102746,0.0,0.30000000000000004,0.5,0.1,0.1,False
466,0.26637631365039594,0.21040123146448778,-0.21749516498487206,0.5299145299145299,0.48936170212765956,0.3829787234042553,0.26926371559637524,0.2630076780467534,0.5873015873015873,0.46296296296296297,0.10064477830100627,0.11362726891552176,0.09220136680133054,0.1469358065102746,0.05,0.30000000000000004,0.5,0.1,0.1,False
466,0.2643137319067647,0.21040123146448778,-0.2978613157017472,0.5299145299145299,0.48936170212765956,0.3404255319148936,0.26543320664391723,0.2630076780467534,0.5873015873015873,0.46296296296296297,0.0951951178184657,0.11097098025055865,0.08520874948620248,0.1894889979996363,0.0,0.2,0.30000000000000004,0.0,0.5,False
466,0.2643137319067647,0.21040123146448778,-0.2978613157017472,0.5299145299145299,0.48936170212765956,0.3404255319148936,0.26543320664391723,0.2630076780467534,0.5873015873015873,0.46296296296296297,0.0951951178184657,0.11097098025055865,0.08520874948620248,0.1894889979996363,0.0,0.4,0.6000000000000001,0.0,0.0,False
466,0.2643137319067647,0.21040123146448778,-0.2978613157017472,0.5299145299145299,0.48936170212765956,0.3404255319148936,0.26543320664391723,0.2630076780467534,0.5873015873015873,0.46296296296296297,0.09515099898418665,0.11061132938787173,0.08552867532515628,0.1894889979996363,0.05,0.4,0.6000000000000001,0.0,0.0,False
466,0.25679648872046323,0.21040123146448778,-0.15134446294983536,0.5299145299145299,0.48936170212765956,0.3829787234042553,0.2514726121550716,0.2630076780467534,0.5873015873015873,0.46296296296296297,0.10066753486603938,0.11442480773901662,0.09106931804410955,0.1469358065102746,0.0,0.30000000000000004,0.5,0.0,0.2,False
466,0.25679648872046323,0.21040123146448778,-0.15134446294983536,0.5299145299145299,0.48936170212765956,0.3829787234042553,0.2514726121550716,0.2630076780467534,0.5873015873015873,0.46296296296296297,0.10055997588253579,0.11422922940702969,0.09138833102446804,0.1469358065102746,0.05,0.30000000000000004,0.5,0.0,0.2,False
466,0.3147376314633629,0.20847951872050446,-0.12688071300123682,0.559322033898305,0.46808510638297873,0.40425531914893614,0.28110340361257874,0.3546004200272553,0.609375,0.5,0.10688509598206489,0.11970739606732313,0.09557979330457175,0.1550667147493689,0.05,0.1,0.2,0.0,0.7000000000000001,False
466,0.3147376314633629,0.20847951872050446,-0.12688071300123682,0.559322033898305,0.46808510638297873,0.40425531914893614,0.28110340361257874,0.3546004200272553,0.609375,0.5,0.10688509598206489,0.11970739606732313,0.09557979330457175,0.1550667147493689,0.1,0.2,0.4,0.0,0.30000000000000004,False
466,0.08702346283374071,0.20412854681687245,-0.11421236285751155,0.47863247863247865,0.46808510638297873,0.3404255319148936,-0.07570373308691841,0.2127672051360682,0.39215686274509803,0.5454545454545454,-0.03624512386066317,-0.08517237171136229,0.00829309432691791,0.13820694671758504,0.05,0.0,0.0,1.0,0.0,False
466,0.08702346283374071,0.20412854681687245,-0.11421236285751155,0.47863247863247865,0.46808510638297873,0.3404255319148936,-0.07570373308691841,0.2127672051360682,0.39215686274509803,0.5454545454545454,-0.03626179523540792,-0.085025771269943,0.008201391841572182,0.13820694671758504,0.05,0.0,0.0,0.8,0.2,False
466,0.08702346283374071,0.20412854681687245,-0.11421236285751155,0.47863247863247865,0.46808510638297873,0.3404255319148936,-0.07570373308691841,0.2127672051360682,0.39215686274509803,0.5454545454545454,-0.03632537040327787,-0.08494725306742013,0.008305553903731189,0.13820694671758504,0.05,0.0,0.0,0.7000000000000001,0.30000000000000004,False
466,0.08702346283374071,0.20412854681687245,-0.11421236285751155,0.47863247863247865,0.46808510638297873,0.3404255319148936,-0.07570373308691841,0.2127672051360682,0.39215686274509803,0.5454545454545454,-0.036382849322173984,-0.08539599950335781,0.00810769582393633,0.13820694671758504,0.05,0.0,0.0,0.9,0.1,False
466,0.2956820968447333,0.20368762887282618,-0.3347058068236121,0.5470085470085471,0.48936170212765956,0.3404255319148936,0.24518067697400023,0.3546004200272553,0.5873015873015873,0.5,0.10699980682311334,0.11687235665270126,0.095739388233229,0.20658301509365345,0.0,0.1,0.2,0.1,0.6000000000000001,False
466,0.2956820968447333,0.20368762887282618,-0.3347058068236121,0.5470085470085471,0.48936170212765956,0.3404255319148936,0.24518067697400023,0.3546004200272553,0.5873015873015873,0.5,0.10699980682311334,0.11687235665270126,0.095739388233229,0.20658301509365345,0.0,0.2,0.4,0.2,0.2,False
466,0.18387313573532268,0.20329971109777256,0.323799125738402,0.5128205128205128,0.5106382978723404,0.44680851063829785,0.04324159559458198,0.28170377235496835,0.4791666666666667,0.5362318840579711,0.04139340611906278,0.02385363114618933,0.06659245100239124,0.06601200218221492,0.0,0.0,0.1,0.8,0.1,False
466,0.2532124109505829,0.20290355796232543,-0.24305645638978735,0.49572649572649574,0.5531914893617021,0.3404255319148936,0.2177683788621465,0.2846546974806474,0.509090909090909,0.4838709677419355,0.05993153938888082,0.02905769834124964,0.09051384171774016,0.15530096381160213,0.0,0.1,0.1,0.8,0.0,False
466,0.14411442928234802,0.20154833726138852,-0.27102074993192526,0.48717948717948717,0.5319148936170213,0.3404255319148936,0.06321355372270533,0.24524052373190144,0.47692307692307695,0.5,0.038092411712978086,0.033195309443815726,0.04291925505716284,0.14675395526459356,0.05,0.2,0.1,0.7000000000000001,0.0,False
466,0.18232521882586628,0.19291248058596358,0.27026343239238876,0.5128205128205128,0.48936170212765956,0.425531914893617,0.04324159559458198,0.2790790436824118,0.4791666666666667,0.5362318840579711,0.03461954040980468,0.015690719787703793,0.05962704918069626,0.08728859792689575,0.0,0.0,0.1,0.9,0.0,False
466,0.17045603091499667,0.18797365117435125,0.323799125738402,0.5042735042735043,0.48936170212765956,0.44680851063829785,0.010537402595037418,0.28170377235496835,0.4583333333333333,0.5362318840579711,0.04146506814781638,0.02392469508897902,0.06668116318930178,0.05746499363520641,0.05,0.0,0.1,0.8,0.1,False
466,0.16423475379567518,0.18797365117435125,0.323799125738402,0.49572649572649574,0.48936170212765956,0.44680851063829785,0.010537402595037418,0.27115465028307534,0.4583333333333333,0.5217391304347826,0.041759554297225686,0.024901700064675025,0.06673100149655489,0.04891798508819789,0.1,0.0,0.1,0.8,0.0,False
466,0.22236512190595428,0.18423186685699897,-0.21652770036371155,0.5128205128205128,0.5106382978723404,0.3829787234042553,0.14982971232701967,0.301376907340151,0.5245901639344263,0.5,0.06664867265870898,0.04814358496209438,0.08508246299329596,0.12984178941625746,0.0,0.1,0.1,0.5,0.30000000000000004,False
466,0.18344760966959942,0.18076974467128992,-0.27199982932372685,0.452991452991453,0.5106382978723404,0.3829787234042553,-0.0505599659771004,0.4057548065339643,0.42105263157894735,0.48333333333333334,0.017023713052798685,0.004755320759122619,0.02887133139172804,0.07001272958719768,0.1,0.30000000000000004,0.0,0.5,0.1,False
466,0.2846262918674213,0.18051770106942133,-0.3078324910940146,0.5470085470085471,0.5106382978723404,0.3404255319148936,0.27074117347912147,0.30139322727970796,0.59375,0.49056603773584906,0.10462898803851521,0.10998064505404807,0.09878700072175683,0.20658301509365345,0.05,0.1,0.2,0.2,0.5,False
466,0.2846262918674213,0.18051770106942133,-0.3078324910940146,0.5470085470085471,0.5106382978723404,0.3404255319148936,0.27074117347912147,0.30139322727970796,0.59375,0.49056603773584906,0.10436237045584341,0.10888834752781215,0.09912938989258571,0.20658301509365345,0.1,0.1,0.2,0.2,0.4,False
466,0.08702346283374071,0.17873656989487338,-0.12142638603789359,0.47863247863247865,0.44680851063829785,0.3404255319148936,-0.07570373308691841,0.2127672051360682,0.39215686274509803,0.5454545454545454,-0.03639392210092237,-0.08561366388756678,0.008623023920933516,0.13820694671758504,0.05,0.0,0.0,0.6000000000000001,0.4,False
466,0.08702346283374071,0.17873656989487338,-0.12142638603789359,0.47863247863247865,0.44680851063829785,0.3404255319148936,-0.07570373308691841,0.2127672051360682,0.39215686274509803,0.5454545454545454,-0.03642104418819369,-0.08577467589780356,0.008595114468871772,0.13820694671758504,0.05,0.0,0.0,0.5,0.5,False
466,0.08702346283374071,0.17873656989487338,-0.12142638603789359,0.47863247863247865,0.44680851063829785,0.3404255319148936,-0.07570373308691841,0.2127672051360682,0.39215686274509803,0.5454545454545454,-0.036454200317816675,-0.0857761667497502,0.00869578784952306,0.13820694671758504,0.1,0.0,0.0,0.9,0.0,False
466,0.08702346283374071,0.17873656989487338,-0.12142638603789359,0.47863247863247865,0.44680851063829785,0.3404255319148936,-0.07570373308691841,0.2127672051360682,0.39215686274509803,0.5454545454545454,-0.03664299741613886,-0.08639685811020001,0.009298332984213188,0.13820694671758504,0.1,0.0,0.0,0.7000000000000001,0.2,False
466,0.08702346283374071,0.17873656989487338,-0.12142638603789359,0.47863247863247865,0.44680851063829785,0.3404255319148936,-0.07570373308691841,0.2127672051360682,0.39215686274509803,0.5454545454545454,-0.036721750999821196,-0.08629100762198878,0.008886668566302477,0.13820694671758504,0.05,0.0,0.0,0.4,0.6000000000000001,False
466,0.08702346283374071,0.17873656989487338,-0.12142638603789359,0.47863247863247865,0.44680851063829785,0.3404255319148936,-0.07570373308691841,0.2127672051360682,0.39215686274509803,0.5454545454545454,-0.036721750999821196,-0.08629100762198878,0.008886668566302477,0.13820694671758504,0.1,0.0,0.0,0.8,0.1,False
466,0.07814911715261787,0.17873656989487338,-0.12142638603789359,0.4700854700854701,0.44680851063829785,0.3404255319148936,-0.10226591089105541,0.21756072973181997,0.37254901960784315,0.5454545454545454,-0.03597390298794991,-0.08590934952364976,0.00943189964765153,0.12965993817057647,0.05,0.0,0.0,0.2,0.8,False
466,0.07814911715261787,0.17873656989487338,-0.12142638603789359,0.4700854700854701,0.44680851063829785,0.3404255319148936,-0.10226591089105541,0.21756072973181997,0.37254901960784315,0.5454545454545454,-0.03597390298794991,-0.08590934952364976,0.00943189964765153,0.12965993817057647,0.1,0.0,0.0,0.4,0.5,False
466,0.07814911715261787,0.17873656989487338,-0.12142638603789359,0.4700854700854701,0.44680851063829785,0.3404255319148936,-0.10226591089105541,0.21756072973181997,0.37254901960784315,0.5454545454545454,-0.03658738469590821,-0.0874349880157081,0.009444857607537339,0.12965993817057647,0.1,0.0,0.0,0.5,0.4,False
466,0.07814911715261787,0.17873656989487338,-0.12142638603789359,0.4700854700854701,0.44680851063829785,0.3404255319148936,-0.10226591089105541,0.21756072973181997,0.37254901960784315,0.5454545454545454,-0.03690445184916955,-0.08760196343373144,0.009483731487194766,0.12965993817057647,0.05,0.0,0.0,0.30000000000000004,0.7000000000000001,False
466,0.07814911715261787,0.17873656989487338,-0.12142638603789359,0.4700854700854701,0.44680851063829785,0.3404255319148936,-0.10226591089105541,0.21756072973181997,0.37254901960784315,0.5454545454545454,-0.03690445184916955,-0.08760196343373144,0.009483731487194766,0.12965993817057647,0.1,0.0,0.0,0.6000000000000001,0.30000000000000004,False
466,0.17386768517771026,0.17754858746037683,-0.24320473221656266,0.452991452991453,0.5106382978723404,0.40425531914893614,-0.016034873830813142,0.34232963268527133,0.43636363636363634,0.46774193548387094,0.012514728250562879,-0.0030000910672821875,0.02678460146704022,0.04873613384251685,0.1,0.30000000000000004,0.0,0.6000000000000001,0.0,False
466,0.17386768517771026,0.17754858746037683,-0.24320473221656266,0.452991452991453,0.5106382978723404,0.40425531914893614,-0.016034873830813142,0.34232963268527133,0.43636363636363634,0.46774193548387094,0.012392741064464094,-0.0034567887136019372,0.026646050972876565,0.04873613384251685,0.05,0.2,0.0,0.4,0.4,False
466,0.17386768517771026,0.17754858746037683,-0.24320473221656266,0.452991452991453,0.5106382978723404,0.40425531914893614,-0.016034873830813142,0.34232963268527133,0.43636363636363634,0.46774193548387094,0.012149202138621794,-0.004040705726034697,0.0267586855472686,0.04873613384251685,0.05,0.30000000000000004,0.0,0.6000000000000001,0.1,False
466,0.3147376314633629,0.17417101727203688,-0.12688071300123682,0.559322033898305,0.46,0.40425531914893614,0.28110340361257874,0.3546004200272553,0.609375,0.5,0.10656668235989043,0.11908090148028612,0.09550850084160695,0.1550667147493689,0.1,0.1,0.2,0.0,0.6000000000000001,False
466,0.13247291921428084,0.17179699832219084,-0.1634449516699056,0.4358974358974359,0.5106382978723404,0.44680851063829785,-0.07095790043072646,0.3192290815113368,0.42857142857142855,0.4426229508196721,0.00048620695897405044,-0.015550579704719928,0.01327094445535878,-0.010911074740861948,0.0,0.1,0.0,0.30000000000000004,0.6000000000000001,False
466,0.13247291921428084,0.17179699832219084,-0.1634449516699056,0.4358974358974359,0.5106382978723404,0.44680851063829785,-0.07095790043072646,0.3192290815113368,0.42857142857142855,0.4426229508196721,0.00048620695897405044,-0.015550579704719928,0.01327094445535878,-0.010911074740861948,0.0,0.2,0.0,0.6000000000000001,0.2,False
466,0.07814911715261787,0.16965364137151046,-0.12142638603789359,0.4700854700854701,0.425531914893617,0.3404255319148936,-0.10226591089105541,0.21756072973181997,0.37254901960784315,0.5454545454545454,-0.03504895272272662,-0.08345540721948552,0.00897089530556024,0.12965993817057647,0.1,0.0,0.0,0.30000000000000004,0.6000000000000001,False
466,0.1960678519426046,0.1644868110053554,-0.2585075323992754,0.49572649572649574,0.5319148936170213,0.3617021276595745,0.14821866766044905,0.2415245770106524,0.5263157894736842,0.4666666666666667,0.0637826891615426,0.036196891363044555,0.09224572289478582,0.13402436806692125,0.1,0.1,0.1,0.7000000000000001,0.0,False
466,0.17197152418098413,0.15870753726286385,-0.21131437654875246,0.452991452991453,0.48936170212765956,0.425531914893617,0.00963197381417423,0.31598241563541224,0.45454545454545453,0.45161290322580644,0.007623856994752137,-0.009536482951986943,0.02327947331792882,0.027459538097835967,0.05,0.30000000000000004,0.0,0.7000000000000001,0.0,False
466,0.28581334518485874,0.15158286001816312,-0.14583231616411774,0.48717948717948717,0.5106382978723404,0.44680851063829785,0.06968739372946621,0.5056656061481027,0.4745762711864407,0.5,0.02831676545033043,0.026638542582506933,0.03211979225848591,0.04037097654118932,0.1,0.4,0.0,0.30000000000000004,0.2,False
466,0.28581334518485874,0.15158286001816312,-0.19269761813280437,0.48717948717948717,0.5106382978723404,0.425531914893617,0.06968739372946621,0.5056656061481027,0.4745762711864407,0.5,0.027774883564503545,0.02503885844376561,0.03179085943061536,0.061647572285870145,0.1,0.5,0.0,0.4,0.0,False
466,0.07414807852351177,0.14955375049156278,-0.12142638603789359,0.4700854700854701,0.425531914893617,0.3404255319148936,-0.11144476421665178,0.21756072973181997,0.37254901960784315,0.5454545454545454,-0.033117312690732995,-0.07994792953969794,0.00942791258307128,0.12965993817057647,0.1,0.0,0.0,0.1,0.8,False
466,0.07414807852351177,0.14955375049156278,-0.12142638603789359,0.4700854700854701,0.425531914893617,0.3404255319148936,-0.11144476421665178,0.21756072973181997,0.37254901960784315,0.5454545454545454,-0.03368283309298902,-0.08098755029715268,0.00942791258307128,0.12965993817057647,0.05,0.0,0.0,0.1,0.9,False
466,0.07414807852351177,0.14955375049156278,-0.12142638603789359,0.4700854700854701,0.425531914893617,0.3404255319148936,-0.11144476421665178,0.21756072973181997,0.37254901960784315,0.5454545454545454,-0.03368283309298902,-0.08098755029715268,0.00942791258307128,0.12965993817057647,0.1,0.0,0.0,0.2,0.7000000000000001,False
466,0.18232521882586628,0.149470979716705,0.27026343239238876,0.5128205128205128,0.46808510638297873,0.425531914893617,0.04324159559458198,0.2790790436824118,0.4791666666666667,0.5362318840579711,0.034237840576096294,0.015028781523397037,0.05995149656091402,0.08728859792689575,0.05,0.0,0.1,0.9,0.0,False
466,0.2691055386532476,0.13614606777557237,-0.24305645638978735,0.5042735042735043,0.5319148936170213,0.3404255319148936,0.2515773959750879,0.2846546974806474,0.5272727272727272,0.4838709677419355,0.06011411582498481,0.02974696889124473,0.09044506485373087,0.16384797235861065,0.05,0.1,0.1,0.8,0.0,False
466,0.20495567598666864,0.12961552314494568,-0.2867741065257239,0.452991452991453,0.48936170212765956,0.3829787234042553,-0.03674072741285812,0.4508192587551527,0.423728813559322,0.4827586206896552,0.025567108336644277,0.01955600193468422,0.03076718059963644,0.07001272958719768,0.05,0.1,0.0,0.1,0.8,False
466,0.20495567598666864,0.12961552314494568,-0.2867741065257239,0.452991452991453,0.48936170212765956,0.3829787234042553,-0.03674072741285812,0.4508192587551527,0.423728813559322,0.4827586206896552,0.025567108336644277,0.01955600193468422,0.03076718059963644,0.07001272958719768,0.1,0.1,0.0,0.1,0.7000000000000001,False
466,0.20495567598666864,0.12961552314494568,-0.2867741065257239,0.452991452991453,0.48936170212765956,0.3829787234042553,-0.03674072741285812,0.4508192587551527,0.423728813559322,0.4827586206896552,0.025567108336644277,0.01955600193468422,0.03076718059963644,0.07001272958719768,0.1,0.2,0.0,0.2,0.5,False
466,0.20495567598666864,0.12961552314494568,-0.2867741065257239,0.452991452991453,0.48936170212765956,0.3829787234042553,-0.03674072741285812,0.4508192587551527,0.423728813559322,0.4827586206896552,0.02535349079607149,0.019413377098455965,0.03076718059963644,0.07001272958719768,0.1,0.30000000000000004,0.0,0.30000000000000004,0.30000000000000004,False
466,0.20495567598666864,0.12961552314494568,-0.2867741065257239,0.452991452991453,0.48936170212765956,0.3829787234042553,-0.03674072741285812,0.4508192587551527,0.423728813559322,0.4827586206896552,0.02534397318287765,0.01941536490105148,0.03076718059963644,0.07001272958719768,0.05,0.2,0.0,0.2,0.6000000000000001,False
466,0.20495567598666864,0.12961552314494568,-0.2867741065257239,0.452991452991453,0.48936170212765956,0.3829787234042553,-0.03674072741285812,0.4508192587551527,0.423728813559322,0.4827586206896552,0.02534397318287765,0.01941536490105148,0.03076718059963644,0.07001272958719768,0.1,0.4,0.0,0.4,0.1,False
466,0.1960678519426046,0.12492306757531768,-0.2585075323992754,0.49572649572649574,0.5106382978723404,0.3617021276595745,0.14821866766044905,0.2415245770106524,0.5263157894736842,0.4666666666666667,0.06357827820105275,0.03575609613748893,0.0926170182838215,0.13402436806692125,0.05,0.1,0.1,0.7000000000000001,0.1,False
466,0.21111899619712407,0.11201911658812534,-0.2867741065257239,0.452991452991453,0.48936170212765956,0.3829787234042553,-0.024518550046361748,0.4508192587551527,0.423728813559322,0.4827586206896552,0.024765700423074327,0.01766758946894423,0.030735782466066973,0.07001272958719768,0.0,0.1,0.0,0.1,0.8,False
466,0.21111899619712407,0.11201911658812534,-0.2867741065257239,0.452991452991453,0.48936170212765956,0.3829787234042553,-0.024518550046361748,0.4508192587551527,0.423728813559322,0.4827586206896552,0.024765700423074327,0.01766758946894423,0.030735782466066973,0.07001272958719768,0.0,0.2,0.0,0.2,0.6000000000000001,False
466,0.21111899619712407,0.11201911658812534,-0.2867741065257239,0.452991452991453,0.48936170212765956,0.3829787234042553,-0.024518550046361748,0.4508192587551527,0.423728813559322,0.4827586206896552,0.024765700423074327,0.01766758946894423,0.030735782466066973,0.07001272958719768,0.0,0.30000000000000004,0.0,0.30000000000000004,0.4,False
466,0.21111899619712407,0.11201911658812534,-0.2867741065257239,0.452991452991453,0.48936170212765956,0.3829787234042553,-0.024518550046361748,0.4508192587551527,0.423728813559322,0.4827586206896552,0.024765700423074327,0.01766758946894423,0.030735782466066973,0.07001272958719768,0.0,0.4,0.0,0.4,0.2,False
466,0.21111899619712407,0.11201911658812534,-0.2867741065257239,0.452991452991453,0.48936170212765956,0.3829787234042553,-0.024518550046361748,0.4508192587551527,0.423728813559322,0.4827586206896552,0.024765700423074327,0.01766758946894423,0.030735782466066973,0.07001272958719768,0.0,0.5,0.0,0.5,0.0,False
466,0.20495567598666864,0.11201911658812534,-0.2867741065257239,0.452991452991453,0.48936170212765956,0.3829787234042553,-0.03674072741285812,0.4508192587551527,0.423728813559322,0.4827586206896552,0.02512979578270523,0.019272740064823223,0.030648067045301496,0.07001272958719768,0.05,0.30000000000000004,0.0,0.30000000000000004,0.4,False
466,0.20495567598666864,0.11201911658812534,-0.2867741065257239,0.452991452991453,0.48936170212765956,0.3829787234042553,-0.03674072741285812,0.4508192587551527,0.423728813559322,0.4827586206896552,0.025103669001388818,0.019063523841645186,0.030509516551137844,0.07001272958719768,0.05,0.4,0.0,0.4,0.2,False
466,0.20495567598666864,0.11201911658812534,-0.2867741065257239,0.452991452991453,0.48936170212765956,0.3829787234042553,-0.03674072741285812,0.4508192587551527,0.423728813559322,0.4827586206896552,0.025069268739322203,0.01905756043385864,0.03058925784274282,0.07001272958719768,0.05,0.5,0.0,0.5,0.0,False
466,0.28581334518485874,0.11201911658812533,-0.14583231616411774,0.48717948717948717,0.48936170212765956,0.44680851063829785,0.06968739372946621,0.5056656061481027,0.4745762711864407,0.5,0.028110923737530387,0.026567975590366125,0.032000678704150964,0.04037097654118932,0.05,0.4,0.0,0.30000000000000004,0.30000000000000004,False
466,0.28581334518485874,0.11201911658812533,-0.14583231616411774,0.48717948717948717,0.48936170212765956,0.44680851063829785,0.06968739372946621,0.5056656061481027,0.4745762711864407,0.5,0.027920571473653646,0.02556115357573738,0.0321437146459674,0.04037097654118932,0.0,0.4,0.0,0.30000000000000004,0.30000000000000004,False
466,0.28581334518485874,0.11201911658812533,-0.19269761813280437,0.48717948717948717,0.48936170212765956,0.425531914893617,0.06968739372946621,0.5056656061481027,0.4745762711864407,0.5,0.02752699017510851,0.024810758095930176,0.031533195382116776,0.061647572285870145,0.05,0.5,0.0,0.4,0.1,False
466,0.28581334518485874,0.11201911658812533,-0.19269761813280437,0.48717948717948717,0.48936170212765956,0.425531914893617,0.06968739372946621,0.5056656061481027,0.4745762711864407,0.5,0.027385905555999863,0.02397637795646243,0.0317594612970459,0.061647572285870145,0.0,0.5,0.0,0.4,0.1,False
466,0.11063018906141328,0.11063018906141328,0.11073051772056913,0.4592274678111588,0.4592274678111588,0.4596949891067538,0.06609600629574258,0.15516437182708398,0.463519313304721,0.45493562231759654,0.015891813046541355,-0.014924876216833062,0.050548104930312907,-0.0004675212955950192,0.1,0.0,0.0,0.0,0.9,False
466,0.11063018906141328,0.11063018906141328,0.11063018906141328,0.4592274678111588,0.4592274678111588,0.4592274678111588,0.06609600629574258,0.15516437182708398,0.463519313304721,0.45493562231759654,,,,0.0,0.0,0.0,0.0,0.0,1.0,False
466,0.11063018906141328,0.11063018906141328,0.11063018906141328,0.4592274678111588,0.4592274678111588,0.4592274678111588,0.06609600629574258,0.15516437182708398,0.463519313304721,0.45493562231759654,,,,0.0,0.05,0.0,0.0,0.0,1.0,False
466,0.14391239937646752,0.10550110183423186,-0.21131437654875243,0.4444444444444444,0.46808510638297873,0.425531914893617,-0.031184217534945293,0.2939952138719642,0.4444444444444444,0.4444444444444444,0.006287098890684408,-0.010289363185038545,0.021453896123247312,0.018912529550827395,0.1,0.2,0.0,0.5,0.2,False
466,0.14391239937646752,0.10550110183423186,-0.21131437654875243,0.4444444444444444,0.46808510638297873,0.425531914893617,-0.031184217534945293,0.2939952138719642,0.4444444444444444,0.4444444444444444,0.005582484481229563,-0.011241520628290601,0.02131534562908366,0.018912529550827395,0.05,0.2,0.0,0.5,0.30000000000000004,False
466,0.19376855864511516,0.1054566454698109,-0.2585075323992754,0.49572649572649574,0.5106382978723404,0.3617021276595745,0.13551728777560396,0.2472451351810598,0.5178571428571429,0.47540983606557374,0.06358026881296255,0.035594090225954396,0.09259608619477519,0.13402436806692125,0.0,0.1,0.1,0.7000000000000001,0.1,False
466,0.07637129220804109,0.09738834470849564,-0.1296275505169275,0.4358974358974359,0.48936170212765956,0.44680851063829785,-0.14238148346333476,0.27719351249651725,0.42857142857142855,0.4426229508196721,-0.0059421009640633635,-0.028055348882460803,0.012179485526515618,-0.010911074740861948,0.0,0.1,0.0,0.4,0.5,False
466,0.07637129220804109,0.09738834470849564,-0.1296275505169275,0.4358974358974359,0.48936170212765956,0.44680851063829785,-0.14238148346333476,0.27719351249651725,0.42857142857142855,0.4426229508196721,-0.0059421009640633635,-0.028055348882460803,0.012179485526515618,-0.010911074740861948,0.0,0.2,0.0,0.8,0.0,False
466,0.2700224115036785,0.08576357548385981,-0.14583231616411774,0.47863247863247865,0.48936170212765956,0.44680851063829785,0.06968739372946621,0.4738114813084805,0.4745762711864407,0.4827586206896552,0.02964213974253886,0.029633167192651456,0.03306721847936757,0.0318239679941808,0.1,0.30000000000000004,0.0,0.2,0.4,False
466,0.2700224115036785,0.08576357548385981,-0.14583231616411774,0.47863247863247865,0.48936170212765956,0.44680851063829785,0.06968739372946621,0.4738114813084805,0.4745762711864407,0.4827586206896552,0.029411415380866043,0.029492530159018714,0.03306721847936757,0.0318239679941808,0.05,0.30000000000000004,0.0,0.2,0.5,False
466,0.2635314054353252,0.08576357548385981,-0.14583231616411774,0.4700854700854701,0.48936170212765956,0.44680851063829785,0.07503635379381347,0.4488316256930825,0.46551724137931033,0.4745762711864407,0.029262181694251568,0.029799645660025905,0.03179285296290549,0.02327695944717223,0.1,0.5,0.0,0.30000000000000004,0.1,False
466,-0.02260185081101038,0.07217359674012891,-0.05661675074896777,0.41025641025641024,0.48936170212765956,0.46808510638297873,-0.02407322856940068,-0.02120404194053961,0.42105263157894735,0.4,-0.006645595654318934,-0.03157773508171477,0.013316297314959114,-0.05782869612656849,0.0,0.1,0.0,0.5,0.4,False
466,-0.02260185081101038,0.06965315059561147,-0.05661675074896777,0.41025641025641024,0.46808510638297873,0.46808510638297873,-0.02407322856940068,-0.02120404194053961,0.42105263157894735,0.4,-0.006373255062406396,-0.030826842651258676,0.0130710928432738,-0.05782869612656849,0.05,0.1,0.0,0.5,0.4,False
466,-0.03639170743799853,0.06965315059561147,-0.05661675074896777,0.41025641025641024,0.46808510638297873,0.46808510638297873,-0.05237872375111319,-0.02120404194053961,0.42105263157894735,0.4,-0.00528177766960206,-0.02968286225753935,0.013295863608985338,-0.05782869612656849,0.1,0.1,0.0,0.5,0.30000000000000004,False
466,0.1188602471837568,0.06924221885793973,-0.1790975968921008,0.4358974358974359,0.46808510638297873,0.425531914893617,-0.08795623586863988,0.32217136611662134,0.43103448275862066,0.4406779661016949,-0.0022630769149790115,-0.020428150323466766,0.01108055085158449,0.010365521003818878,0.1,0.2,0.0,0.7000000000000001,0.0,False
466,0.10296711948109204,0.06924221885793973,-0.1790975968921008,0.42735042735042733,0.46808510638297873,0.425531914893617,-0.10457820388759452,0.30013517668134426,0.42105263157894735,0.43333333333333335,-0.0028078825120484508,-0.021147237912394604,0.011165774356987311,0.0018185124568103062,0.05,0.2,0.0,0.7000000000000001,0.1,False
466,0.06300760937729352,0.06267953544363625,0.09299419926512566,0.4358974358974359,0.48936170212765956,0.5106382978723404,0.13643539658518555,6.950605624316229e-05,0.46296296296296297,0.4126984126984127,-0.00798073638620993,-0.05220218091148871,0.023720043954046335,-0.07474086197490448,0.05,0.1,0.0,0.7000000000000001,0.2,False
466,0.06300760937729352,0.06267953544363625,0.09299419926512566,0.4358974358974359,0.48936170212765956,0.5106382978723404,0.13643539658518555,6.950605624316229e-05,0.46296296296296297,0.4126984126984127,-0.008499664028451683,-0.05356233483747039,0.023469855651635712,-0.07474086197490448,0.0,0.1,0.0,0.7000000000000001,0.2,False
466,0.12729883861514318,0.0616043460695866,-0.1634449516699056,0.4358974358974359,0.46808510638297873,0.44680851063829785,-0.054634148822963316,0.3001351766813444,0.43859649122807015,0.43333333333333335,0.002014934699095249,-0.012751753650233713,0.013299850673565585,-0.010911074740861948,0.1,0.1,0.0,0.30000000000000004,0.5,False
466,0.09226441991070583,0.06160434606958658,-0.1296275505169275,0.4444444444444444,0.46808510638297873,0.44680851063829785,-0.12480468653921002,0.29848007103812596,0.43859649122807015,0.45,-0.004084237985977515,-0.024562282771490706,0.012237297962929229,-0.0023640661938534313,0.1,0.1,0.0,0.4,0.4,False
466,0.2700224115036785,0.05812911765257059,-0.14583231616411774,0.47863247863247865,0.46808510638297873,0.44680851063829785,0.06968739372946621,0.4738114813084805,0.4745762711864407,0.4827586206896552,0.029233193408314782,0.029511911234324992,0.032809554430868984,0.0318239679941808,0.05,0.6000000000000001,0.0,0.4,0.0,False
466,0.2700224115036785,0.05812911765257059,-0.14583231616411774,0.47863247863247865,0.46808510638297873,0.44680851063829785,0.06968739372946621,0.4738114813084805,0.4745762711864407,0.4827586206896552,0.029032328225289294,0.028413153349653643,0.03309114086684907,0.0318239679941808,0.0,0.30000000000000004,0.0,0.2,0.5,False
466,0.2700224115036785,0.05812911765257059,-0.14583231616411774,0.47863247863247865,0.46808510638297873,0.44680851063829785,0.06968739372946621,0.4738114813084805,0.4745762711864407,0.4827586206896552,0.029032328225289294,0.028413153349653643,0.03309114086684907,0.0318239679941808,0.0,0.6000000000000001,0.0,0.4,0.0,False
466,0.2635314054353252,0.05812911765257059,-0.14583231616411774,0.4700854700854701,0.46808510638297873,0.44680851063829785,0.07503635379381347,0.4488316256930825,0.46551724137931033,0.4745762711864407,0.02900389979895215,0.029727090865289574,0.03160695607685138,0.02327695944717223,0.05,0.5,0.0,0.30000000000000004,0.2,False
466,0.2635314054353252,0.05812911765257059,-0.14583231616411774,0.4700854700854701,0.46808510638297873,0.44680851063829785,0.07503635379381347,0.4488316256930825,0.46551724137931033,0.4745762711864407,0.028864059312287145,0.028840033957040663,0.031737034058782004,0.02327695944717223,0.0,0.5,0.0,0.30000000000000004,0.2,False
466,0.028470291268934373,0.05318147960729813,0.00934947507207575,0.4188034188034188,0.48936170212765956,0.48936170212765956,0.09584841813571467,-0.033385038313683606,0.44642857142857145,0.39344262295081966,-0.0060500916601712125,-0.04123448009073041,0.017361174331621716,-0.07055828332424074,0.0,0.1,0.0,0.6000000000000001,0.30000000000000004,False
466,0.13247291921428084,0.0524462939005623,-0.1634449516699056,0.4358974358974359,0.46808510638297873,0.44680851063829785,-0.07095790043072646,0.3192290815113368,0.42857142857142855,0.4426229508196721,0.0009780125139444756,-0.014630724053645001,0.01321761746659795,-0.010911074740861948,0.05,0.2,0.0,0.6000000000000001,0.2,False
466,0.12729883861514318,0.0524462939005623,-0.1634449516699056,0.4358974358974359,0.46808510638297873,0.44680851063829785,-0.054634148822963316,0.3001351766813444,0.43859649122807015,0.43333333333333335,0.0014402077167562969,-0.013580667332563792,0.013260478410835627,-0.010911074740861948,0.05,0.1,0.0,0.30000000000000004,0.6000000000000001,False
466,0.12729883861514318,0.0524462939005623,-0.1634449516699056,0.4358974358974359,0.46808510638297873,0.44680851063829785,-0.054634148822963316,0.3001351766813444,0.43859649122807015,0.43333333333333335,0.0014402077167562969,-0.013580667332563792,0.013260478410835627,-0.010911074740861948,0.1,0.2,0.0,0.6000000000000001,0.1,False
466,0.028470291268934373,0.05066103346278068,0.00934947507207575,0.4188034188034188,0.46808510638297873,0.48936170212765956,0.09584841813571467,-0.033385038313683606,0.44642857142857145,0.39344262295081966,-0.0049642128633632515,-0.038936580290314174,0.017559530794489107,-0.07055828332424074,0.1,0.1,0.0,0.6000000000000001,0.2,False
466,0.028470291268934373,0.05066103346278068,0.00934947507207575,0.4188034188034188,0.46808510638297873,0.48936170212765956,0.09584841813571467,-0.033385038313683606,0.44642857142857145,0.39344262295081966,-0.005538131159613839,-0.03973219827916936,0.017378617739160312,-0.07055828332424074,0.05,0.1,0.0,0.6000000000000001,0.30000000000000004,False
466,0.10296711948109204,0.04977579675243298,-0.1790975968921008,0.42735042735042733,0.46808510638297873,0.425531914893617,-0.10457820388759452,0.30013517668134426,0.42105263157894735,0.43333333333333335,-0.0030248592102190604,-0.021812654831243505,0.01116029214318947,0.0018185124568103062,0.0,0.2,0.0,0.7000000000000001,0.1,False
466,0.2655238367399566,0.033552236394097705,-0.1301775476898658,0.4700854700854701,0.46808510638297873,0.44680851063829785,0.05497600978555803,0.46554427234663515,0.45614035087719296,0.48333333333333334,0.027842750989304034,0.030668812344915176,0.026620135053104947,0.02327695944717223,0.1,0.5,0.0,0.2,0.2,False
466,0.2655238367399566,0.033552236394097705,-0.1301775476898658,0.4700854700854701,0.46808510638297873,0.44680851063829785,0.05497600978555803,0.46554427234663515,0.45614035087719296,0.48333333333333334,0.02761202662763122,0.03052817531128243,0.026620135053104947,0.02327695944717223,0.05,0.5,0.0,0.2,0.30000000000000004,False
466,0.2655238367399566,0.033552236394097705,-0.18984118199985123,0.4700854700854701,0.46808510638297873,0.425531914893617,0.05497600978555804,0.46554427234663515,0.45614035087719296,0.48333333333333334,0.027270636685096727,0.030475498542501266,0.026514976224800882,0.044553555191853056,0.05,0.30000000000000004,0.0,0.1,0.6000000000000001,False
466,0.2655238367399566,0.033552236394097705,-0.18984118199985123,0.4700854700854701,0.46808510638297873,0.425531914893617,0.05497600978555804,0.46554427234663515,0.45614035087719296,0.48333333333333334,0.027270636685096727,0.030475498542501266,0.026514976224800882,0.044553555191853056,0.1,0.30000000000000004,0.0,0.1,0.5,False
466,0.2655238367399566,0.033552236394097705,-0.18984118199985123,0.4700854700854701,0.46808510638297873,0.425531914893617,0.05497600978555804,0.46554427234663515,0.45614035087719296,0.48333333333333334,0.027270636685096727,0.030475498542501266,0.026514976224800882,0.044553555191853056,0.1,0.6000000000000001,0.0,0.2,0.1,False
466,0.2655238367399566,0.033552236394097705,-0.18984118199985123,0.4700854700854701,0.46808510638297873,0.425531914893617,0.05497600978555804,0.46554427234663515,0.45614035087719296,0.48333333333333334,0.02703518462013808,0.03033486150886852,0.026514976224800882,0.044553555191853056,0.05,0.6000000000000001,0.0,0.2,0.2,False
466,0.24457007242451864,0.033552236394097705,-0.18984118199985123,0.46153846153846156,0.46808510638297873,0.425531914893617,0.0367867682375312,0.4488316256930825,0.4482758620689655,0.4745762711864407,0.029241591302309345,0.030414373612689154,0.02998721109112522,0.03600654664484454,0.05,0.2,0.0,0.1,0.7000000000000001,False
466,0.24457007242451864,0.033552236394097705,-0.18984118199985123,0.46153846153846156,0.46808510638297873,0.425531914893617,0.0367867682375312,0.4488316256930825,0.4482758620689655,0.4745762711864407,0.029241591302309345,0.030414373612689154,0.02998721109112522,0.03600654664484454,0.1,0.2,0.0,0.1,0.6000000000000001,False
466,0.24457007242451864,0.033552236394097705,-0.18984118199985123,0.46153846153846156,0.46808510638297873,0.425531914893617,0.0367867682375312,0.4488316256930825,0.4482758620689655,0.4745762711864407,0.029241591302309345,0.030414373612689154,0.02998721109112522,0.03600654664484454,0.1,0.4,0.0,0.2,0.30000000000000004,False
466,0.24457007242451864,0.033552236394097705,-0.18984118199985123,0.46153846153846156,0.46808510638297873,0.425531914893617,0.0367867682375312,0.4488316256930825,0.4482758620689655,0.4745762711864407,0.029023246058450733,0.030271748776460897,0.02998721109112522,0.03600654664484454,0.1,0.6000000000000001,0.0,0.30000000000000004,0.0,False
466,0.24457007242451864,0.033552236394097705,-0.18984118199985123,0.46153846153846156,0.46808510638297873,0.425531914893617,0.0367867682375312,0.4488316256930825,0.4482758620689655,0.4745762711864407,0.029010866940636527,0.030273736579056413,0.02998721109112522,0.03600654664484454,0.05,0.4,0.0,0.2,0.4,False
466,0.2655238367399566,0.030373255541815917,-0.1301775476898658,0.4700854700854701,0.46808510638297873,0.44680851063829785,0.05497600978555803,0.46554427234663515,0.45614035087719296,0.48333333333333334,0.027708695718501954,0.030515254594411585,0.027261554067452506,0.02327695944717223,0.05,0.7000000000000001,0.0,0.30000000000000004,0.0,False
466,0.2655238367399566,0.030373255541815917,-0.1301775476898658,0.4700854700854701,0.46808510638297873,0.44680851063829785,0.05497600978555803,0.46554427234663515,0.45614035087719296,0.48333333333333334,0.027607485544211937,0.029751938397733522,0.02739163204938313,0.02327695944717223,0.0,0.7000000000000001,0.0,0.30000000000000004,0.0,False
466,0.2655238367399566,0.030373255541815917,-0.1301775476898658,0.4700854700854701,0.46808510638297873,0.44680851063829785,0.05497600978555803,0.46554427234663515,0.45614035087719296,0.48333333333333334,0.02726205217123562,0.02969031651727253,0.026564316148981464,0.02327695944717223,0.0,0.5,0.0,0.2,0.30000000000000004,False
466,0.2655238367399566,0.030373255541815917,-0.18984118199985123,0.4700854700854701,0.46808510638297873,0.425531914893617,0.05497600978555804,0.46554427234663515,0.45614035087719296,0.48333333333333334,0.026686889742541395,0.02958198127581692,0.026392373988958225,0.044553555191853056,0.0,0.30000000000000004,0.0,0.1,0.6000000000000001,False
466,0.2655238367399566,0.030373255541815917,-0.18984118199985123,0.4700854700854701,0.46808510638297873,0.425531914893617,0.05497600978555804,0.46554427234663515,0.45614035087719296,0.48333333333333334,0.026686889742541395,0.02958198127581692,0.026392373988958225,0.044553555191853056,0.0,0.6000000000000001,0.0,0.2,0.2,False
466,0.24457007242451864,0.030373255541815917,-0.18984118199985123,0.46153846153846156,0.46808510638297873,0.425531914893617,0.0367867682375312,0.4488316256930825,0.4482758620689655,0.4745762711864407,0.028762102658530946,0.030199193981724576,0.029801314205071115,0.03600654664484454,0.05,0.6000000000000001,0.0,0.30000000000000004,0.1,False
466,0.24457007242451864,0.030373255541815917,-0.18984118199985123,0.46153846153846156,0.46808510638297873,0.425531914893617,0.0367867682375312,0.4488316256930825,0.4482758620689655,0.4745762711864407,0.028660892484240925,0.029435877785046513,0.029931392187001738,0.03600654664484454,0.0,0.2,0.0,0.1,0.7000000000000001,False
466,0.24457007242451864,0.030373255541815917,-0.18984118199985123,0.46153846153846156,0.46808510638297873,0.425531914893617,0.0367867682375312,0.4488316256930825,0.4482758620689655,0.4745762711864407,0.028660892484240925,0.029435877785046513,0.029931392187001738,0.03600654664484454,0.0,0.4,0.0,0.2,0.4,False
466,0.24457007242451864,0.030373255541815917,-0.18984118199985123,0.46153846153846156,0.46808510638297873,0.425531914893617,0.0367867682375312,0.4488316256930825,0.4482758620689655,0.4745762711864407,0.028660892484240925,0.029435877785046513,0.029931392187001738,0.03600654664484454,0.0,0.6000000000000001,0.0,0.30000000000000004,0.1,False
466,0.06300760937729352,0.022437578125536376,0.09299419926512566,0.4358974358974359,0.44680851063829785,0.5106382978723404,0.13643539658518555,6.950605624316229e-05,0.46296296296296297,0.4126984126984127,-0.00750634868545045,-0.05098167011784203,0.023612891593452142,-0.07474086197490448,0.1,0.1,0.0,0.7000000000000001,0.1,False
466,0.07637129220804109,0.022040602639548823,-0.1296275505169275,0.4358974358974359,0.44680851063829785,0.44680851063829785,-0.14238148346333476,0.27719351249651725,0.42857142857142855,0.4426229508196721,-0.005210862120314647,-0.02653716465013563,0.011965180805327234,-0.010911074740861948,0.05,0.1,0.0,0.4,0.5,False
466,0.07637129220804109,0.022040602639548823,-0.1296275505169275,0.4358974358974359,0.44680851063829785,0.44680851063829785,-0.14238148346333476,0.27719351249651725,0.42857142857142855,0.4426229508196721,-0.005700614856753068,-0.027150898701501128,0.011981627446720761,-0.010911074740861948,0.05,0.2,0.0,0.8,0.0,False
466,0.2757484801815795,0.01836350798501572,-0.13017754768986575,0.47863247863247865,0.46808510638297873,0.44680851063829785,0.05741234207666704,0.4903840057762392,0.46551724137931033,0.4915254237288136,0.026726390947626927,0.031888826187912986,0.023866568577370486,0.0318239679941808,0.05,0.6000000000000001,0.0,0.1,0.30000000000000004,False
466,0.2757484801815795,0.01836350798501572,-0.13017754768986575,0.47863247863247865,0.46808510638297873,0.44680851063829785,0.05741234207666704,0.4903840057762392,0.46551724137931033,0.4915254237288136,0.026726390947626927,0.031888826187912986,0.023866568577370486,0.0318239679941808,0.1,0.6000000000000001,0.0,0.1,0.2,False
466,0.2655238367399566,0.01836350798501572,-0.13017754768986575,0.4700854700854701,0.46808510638297873,0.44680851063829785,0.05497600978555804,0.46554427234663515,0.45614035087719296,0.48333333333333334,0.02703350504133917,0.03042083397112458,0.025004875515031576,0.02327695944717223,0.1,0.7000000000000001,0.0,0.2,0.0,False
466,0.2655238367399566,0.01836350798501572,-0.13017754768986575,0.4700854700854701,0.46808510638297873,0.44680851063829785,0.05497600978555804,0.46554427234663515,0.45614035087719296,0.48333333333333334,0.02689223380236398,0.030751306152629082,0.02488077812997132,0.02327695944717223,0.05,0.4,0.0,0.1,0.5,False
466,0.2655238367399566,0.01836350798501572,-0.13017754768986575,0.4700854700854701,0.46808510638297873,0.44680851063829785,0.05497600978555804,0.46554427234663515,0.45614035087719296,0.48333333333333334,0.02689223380236398,0.030751306152629082,0.02488077812997132,0.02327695944717223,0.1,0.4,0.0,0.1,0.4,False
466,0.2655238367399566,0.01836350798501572,-0.13017754768986575,0.4700854700854701,0.46808510638297873,0.44680851063829785,0.05497600978555804,0.46554427234663515,0.45614035087719296,0.48333333333333334,0.02679805297638052,0.03028019693749184,0.025004875515031576,0.02327695944717223,0.05,0.7000000000000001,0.0,0.2,0.1,False
466,0.2655238367399566,0.01836350798501572,-0.13017754768986575,0.4700854700854701,0.46808510638297873,0.44680851063829785,0.05497600978555804,0.46554427234663515,0.45614035087719296,0.48333333333333334,0.026656781737405332,0.030610669118996337,0.02488077812997132,0.02327695944717223,0.05,0.8,0.0,0.2,0.0,False
466,0.2655238367399566,0.01836350798501572,-0.13017754768986575,0.4700854700854701,0.46808510638297873,0.44680851063829785,0.05497600978555804,0.46554427234663515,0.45614035087719296,0.48333333333333334,0.026496910718397743,0.03173924404260042,0.023857099298992393,0.02327695944717223,0.05,0.5,0.0,0.1,0.4,False
466,0.2655238367399566,0.01836350798501572,-0.13017754768986575,0.4700854700854701,0.46808510638297873,0.44680851063829785,0.05497600978555804,0.46554427234663515,0.45614035087719296,0.48333333333333334,0.026496910718397743,0.03173924404260042,0.023857099298992393,0.02327695944717223,0.1,0.5,0.0,0.1,0.30000000000000004,False
466,0.2757484801815795,0.01836350798501571,-0.13017754768986575,0.47863247863247865,0.46808510638297873,0.44680851063829785,0.05741234207666704,0.4903840057762392,0.46551724137931033,0.4915254237288136,0.027270761098341093,0.032694383189745754,0.024877289448463607,0.0318239679941808,0.05,0.8,0.0,0.1,0.1,False
466,0.2757484801815795,0.01836350798501571,-0.13017754768986575,0.47863247863247865,0.46808510638297873,0.44680851063829785,0.05741234207666704,0.4903840057762392,0.46551724137931033,0.4915254237288136,0.027270761098341093,0.032694383189745754,0.024877289448463607,0.0318239679941808,0.1,0.8,0.0,0.1,0.0,False
466,0.2757484801815795,0.01836350798501571,-0.13017754768986575,0.47863247863247865,0.46808510638297873,0.44680851063829785,0.05741234207666704,0.4903840057762392,0.46551724137931033,0.4915254237288136,0.02680757058957436,0.03199368277482644,0.024322589088736465,0.0318239679941808,0.05,0.7000000000000001,0.0,0.1,0.2,False
466,0.2757484801815795,0.01836350798501571,-0.13017754768986575,0.47863247863247865,0.46808510638297873,0.44680851063829785,0.05741234207666704,0.4903840057762392,0.46551724137931033,0.4915254237288136,0.02680757058957436,0.03199368277482644,0.024322589088736465,0.0318239679941808,0.1,0.7000000000000001,0.0,0.1,0.1,False
466,0.24998258821269054,0.01836350798501571,-0.18121177006696554,0.4700854700854701,0.46808510638297873,0.425531914893617,0.05741234207666704,0.4392889318718324,0.46551724137931033,0.4745762711864407,0.027248553334222138,0.03289067869605294,0.024901211835945097,0.044553555191853056,0.05,0.9,0.0,0.1,0.0,False
466,0.2757484801815795,-0.0008187698876901701,-0.13017754768986575,0.47863247863247865,0.44680851063829785,0.44680851063829785,0.05741234207666704,0.4903840057762392,0.46551724137931033,0.4915254237288136,0.026794444992293966,0.03211841738769506,0.024823962459702774,0.0318239679941808,0.0,0.8,0.0,0.1,0.1,False
466,0.2757484801815795,-0.0008187698876901701,-0.13017754768986575,0.47863247863247865,0.44680851063829785,0.44680851063829785,0.05741234207666704,0.4903840057762392,0.46551724137931033,0.4915254237288136,0.02626917227458966,0.03117023554963403,0.024269262099975635,0.0318239679941808,0.0,0.7000000000000001,0.0,0.1,0.2,False
466,0.24998258821269054,-0.0008187698876901701,-0.18121177006696554,0.4700854700854701,0.44680851063829785,0.425531914893617,0.05741234207666704,0.4392889318718324,0.46551724137931033,0.4745762711864407,0.026782065874479764,0.032351487242019285,0.02484788484718427,0.044553555191853056,0.0,0.9,0.0,0.1,0.0,False
466,0.2757484801815795,-0.02120023544502204,-0.13017754768986575,0.47863247863247865,0.44680851063829785,0.44680851063829785,0.05741234207666704,0.4903840057762392,0.46551724137931033,0.4915254237288136,0.026187992632642227,0.031065378962720575,0.023813241588609653,0.0318239679941808,0.0,0.6000000000000001,0.0,0.1,0.30000000000000004,False
466,0.2655238367399566,-0.02120023544502204,-0.13017754768986575,0.4700854700854701,0.44680851063829785,0.44680851063829785,0.05497600978555804,0.46554427234663515,0.45614035087719296,0.48333333333333334,0.02644503039549801,0.02952731670444024,0.024882273279188915,0.02327695944717223,0.0,0.7000000000000001,0.0,0.2,0.1,False
466,0.2655238367399566,-0.02120023544502204,-0.13017754768986575,0.4700854700854701,0.44680851063829785,0.44680851063829785,0.05497600978555804,0.46554427234663515,0.45614035087719296,0.48333333333333334,0.026292313138041343,0.029857788885944737,0.024758175894128667,0.02327695944717223,0.0,0.4,0.0,0.1,0.5,False
466,0.2655238367399566,-0.02120023544502204,-0.13017754768986575,0.4700854700854701,0.44680851063829785,0.44680851063829785,0.05497600978555804,0.46554427234663515,0.45614035087719296,0.48333333333333334,0.026292313138041343,0.029857788885944737,0.024758175894128667,0.02327695944717223,0.0,0.8,0.0,0.2,0.0,False
466,0.2655238367399566,-0.02120023544502204,-0.13017754768986575,0.4700854700854701,0.44680851063829785,0.44680851063829785,0.05497600978555804,0.46554427234663515,0.45614035087719296,0.48333333333333334,0.025910115651355498,0.030792056105837157,0.023734497063149736,0.02327695944717223,0.0,0.5,0.0,0.1,0.4,False
466,0.12877879196532852,-0.0370072404463866,0.16781511336898533,0.452991452991453,0.44680851063829785,0.46808510638297873,0.15147481833679297,0.10998364512645954,0.4528301886792453,0.453125,-0.012537558080903653,-0.06285978452734656,0.02859622393569085,-0.015093653391525741,0.05,0.1,0.0,0.8,0.1,False
466,0.12877879196532852,-0.0370072404463866,0.16781511336898533,0.452991452991453,0.44680851063829785,0.46808510638297873,0.17361856484326973,0.09290697366297557,0.46153846153846156,0.4461538461538462,-0.013022520907434063,-0.06470198058274079,0.028511498813360563,-0.015093653391525741,0.0,0.1,0.0,0.8,0.1,False
466,0.12877879196532852,-0.044162866692830656,0.16781511336898533,0.452991452991453,0.425531914893617,0.46808510638297873,0.15147481833679297,0.10998364512645954,0.4528301886792453,0.453125,-0.012260303165838742,-0.06254769951985059,0.028550372693017995,-0.015093653391525741,0.1,0.1,0.0,0.8,0.0,False
466,0.12891812993004553,-0.05194104361260583,0.009494646532370856,0.452991452991453,0.44680851063829785,0.3829787234042553,0.09700943428438905,0.15626844048346533,0.42592592592592593,0.47619047619047616,-0.015262705785450121,-0.0679495530731647,0.02796028713514114,0.07001272958719768,0.0,0.1,0.0,0.9,0.0,False
466,0.12838579999794697,-0.05194104361260583,0.009494646532370856,0.452991452991453,0.44680851063829785,0.3829787234042553,0.07706380820649104,0.17391337336133522,0.41818181818181815,0.4838709677419355,-0.015347804444595017,-0.06747595910478306,0.027894500569567035,0.07001272958719768,0.05,0.1,0.0,0.9,0.0,False
