count,top_quartile_avg_r,top_decile_avg_r,bottom_decile_avg_r,top_quartile_win_rate,top_decile_win_rate,bottom_decile_win_rate,eqh_top_quartile_avg_r,eql_top_quartile_avg_r,eqh_top_quartile_win_rate,eql_top_quartile_win_rate,rank_corr,eqh_rank_corr,eql_rank_corr,win_rate_gap,width_component,formation_delay_component,wick_ratio_component,atr_percentile_component,distance_at_detect_component,accepted,temporally_stable,first_half_rank_corr,second_half_rank_corr,first_half_top_q_avg_r,second_half_top_q_avg_r,first_half_win_rate_gap,second_half_win_rate_gap
466,0.3936641649149064,0.8034983564378477,-0.02795010369250005,0.5470085470085471,0.7021276595744681,0.425531914893617,0.474974328108632,0.31641950988086703,0.6140350877192983,0.48333333333333334,0.13669749707926068,0.18502516254125748,0.08879691203287043,0.12147663211493004,0.1,0.30000000000000004,0.4,0.1,0.1,True,True,0.2010341251250712,0.07107160480582649,0.576803623490947,0.18690327981488428,0.19350282485875708,0.016242937853107375
466,0.3093176889915197,0.783378975819632,-0.24080964862998805,0.5299145299145299,0.6808510638297872,0.3829787234042553,0.34861526227934575,0.26651140380299465,0.5901639344262295,0.4642857142857143,0.1191085124506947,0.16873462332035677,0.07324935370218948,0.1469358065102746,0.2,0.30000000000000004,0.30000000000000004,0.1,0.1,True,True,0.171165657648696,0.0688928559202993,0.5020602381727268,0.16976932411834714,0.23516949152542377,0.11652542372881358
466,0.2762347077320815,0.749995241446228,-0.18895168297682388,0.5128205128205128,0.6808510638297872,0.40425531914893614,0.2834066963710712,0.26757419314915054,0.5625,0.4528301886792453,0.11881303099533047,0.15596945200260334,0.08192869491031901,0.10856519367157663,0.2,0.4,0.30000000000000004,0.1,0.0,True,True,0.18025588769507325,0.06267112943175182,0.49881674869319076,0.06652646412910299,0.17655367231638414,0.0656779661016949
466,0.22695442986064626,0.739554737729065,-0.13133408572043986,0.5213675213675214,0.6595744680851063,0.425531914893617,0.24015662215272443,0.21397600353962018,0.5689655172413793,0.4745762711864407,0.11946439653619759,0.13601340479557156,0.10677558299135823,0.09583560647390438,0.30000000000000004,0.30000000000000004,0.30000000000000004,0.0,0.1,True,True,0.15792196981369155,0.08293976456417557,0.2806592421216401,0.2110847818929053,0.08403954802259889,0.0748587570621469
466,0.37038372036576017,0.7363151907670734,-0.0392186979384467,0.5641025641025641,0.6170212765957447,0.425531914893617,0.42843274230005457,0.32231187407642253,0.6226415094339622,0.515625,0.15595797364585542,0.1793216599440738,0.1364034598871885,0.13857064920894707,0.1,0.30000000000000004,0.5,0.0,0.1,True,True,0.20057130272590712,0.10485266335986608,0.46450636105569376,0.32837602358894297,0.1596045197740113,0.11793785310734467
466,0.464861329656123,0.7308379885494696,-0.09689434712338071,0.5897435897435898,0.6595744680851063,0.3829787234042553,0.45078496219264463,0.47967855856504754,0.65,0.5263157894736842,0.11352005613373567,0.1420945898859032,0.09493300442187363,0.20676486633933444,0.0,0.7000000000000001,0.2,0.1,0.0,True,True,0.20526521763871947,0.01659492013174726,0.47349954635988517,0.45500362996631377,0.3185028248587571,0.11793785310734467
466,0.3984495892796503,0.7232744650586207,-0.013320808899211492,0.5641025641025641,0.6808510638297872,0.44680851063829785,0.36207740118721576,0.4394509649474855,0.6129032258064516,0.509090909090909,0.13834317326908394,0.18070864920509494,0.09879397808477225,0.11729405346426625,0.1,0.4,0.30000000000000004,0.1,0.1,True,True,0.21117839586115755,0.0634733549236362,0.5478473015956487,0.22534934155213227,0.19350282485875708,0.09180790960451973
466,0.2987264697020069,0.7077708823804337,-0.20463060173060485,0.5299145299145299,0.6595744680851063,0.3829787234042553,0.36245273932820177,0.2360803063406625,0.603448275862069,0.4576271186440678,0.1145702283294112,0.15401991460705125,0.07709487748983965,0.1469358065102746,0.2,0.30000000000000004,0.4,0.1,0.0,True,True,0.1657401847501082,0.07470252117604266,0.40768985624407544,0.13851109485356808,0.1596045197740113,0.0826271186440678
466,0.4332068442411298,0.7072075911612649,-0.10743135580975098,0.5726495726495726,0.6808510638297872,0.40425531914893614,0.4222492716860921,0.44514277148858145,0.6065573770491803,0.5357142857142857,0.09941159422287146,0.16463378656580774,0.03586364589933971,0.16839425350063647,0.1,0.4,0.30000000000000004,0.2,0.0,True,True,0.16973837308869327,0.027212961753859646,0.5114100888905481,0.3250284295985751,0.1687853107344633,0.10875706214689268
466,0.3328828515018619,0.6997209903578461,-0.09322306064551636,0.5470085470085471,0.6595744680851063,0.425531914893617,0.38932890194089204,0.2754635932966415,0.6101694915254238,0.4827586206896552,0.13374374003819559,0.1660953184241607,0.10216653633659037,0.12147663211493004,0.1,0.4,0.4,0.1,0.0,True,True,0.20248828324373505,0.06630602706991777,0.465856109239907,0.19038214096432568,0.21822033898305082,0.0748587570621469
466,0.38826164213944664,0.6931001614411278,-0.1666998752690083,0.5641025641025641,0.6595744680851063,0.40425531914893614,0.3730196833431344,0.40604392740181083,0.6031746031746031,0.5185185185185185,0.09521886788780866,0.15845221744440255,0.039827286475179746,0.15984724495362795,0.1,0.5,0.2,0.2,0.0,True,True,0.17225652506694078,0.015329872240698816,0.4888874018976145,0.2641060240399321,0.2521186440677966,0.0748587570621469
466,0.3545768654433922,0.6911971269326275,0.10793740822097178,0.5726495726495726,0.6595744680851063,0.40425531914893614,0.3161220746465656,0.3994407880396898,0.6190476190476191,0.5185185185185185,0.11342948329183877,0.1492978895414035,0.08984949708205617,0.16839425350063647,0.0,0.7000000000000001,0.1,0.1,0.1,True,True,0.21137745925864748,0.012870443964710841,0.36817598315222777,0.4044178277937725,0.20127118644067798,0.10098870056497172
466,0.4917740745504867,0.6901392622736956,-0.024913171868182458,0.6239316239316239,0.6382978723404256,0.3829787234042553,0.61137910422744,0.38567283854673784,0.6909090909090909,0.5645161290322581,0.16325474822117492,0.17072739542236137,0.15853366183986056,0.24095290052736862,0.0,0.5,0.5,0.0,0.0,True,True,0.22986646761751137,0.09677168473876274,0.4701289382457924,0.4661640575752321,0.23516949152542377,0.11016949152542377
466,0.43255787081430896,0.6826963043453786,-0.11158128179769163,0.5897435897435898,0.6595744680851063,0.425531914893617,0.41794725250104703,0.4490280223674406,0.6451612903225806,0.5272727272727272,0.13020611164133075,0.16630155294344548,0.0956516728124635,0.16421167484997273,0.1,0.5,0.2,0.1,0.1,True,True,0.20977300827487874,0.05094330936863313,0.5181937471542676,0.3360943779689416,0.2937853107344633,0.08403954802259889
466,0.2859134418057521,0.6599104766564788,0.018615797227759735,0.5384615384615384,0.6382978723404256,0.40425531914893614,0.3574301909447741,0.20801126863646013,0.6065573770491803,0.4642857142857143,0.1425663808490159,0.1480097934595093,0.14916754875778312,0.1342062193126023,0.2,0.5,0.30000000000000004,0.0,0.0,True,True,0.19919378401527685,0.08367729445187573,0.30521363889572267,0.21197516429257993,0.08403954802259889,0.11652542372881358
466,0.44720099131499114,0.6597146948918482,-0.050807784266485585,0.6153846153846154,0.6382978723404256,0.3617021276595745,0.4480342759481246,0.4462933062681849,0.6721311475409836,0.5535714285714286,0.159060964373535,0.1611317753431578,0.15979556777950935,0.25368248772504093,0.1,0.5,0.30000000000000004,0.0,0.1,True,True,0.226604813849639,0.08792331672033575,0.49865521981739097,0.3171988352214963,0.2937853107344633,0.1673728813559322
466,0.295490082669106,0.6558419431894088,-0.1424450720367478,0.5555555555555556,0.6170212765957447,0.40425531914893614,0.32971889766197365,0.24798887002594242,0.6029411764705882,0.4897959183673469,0.0935171490762108,0.1584556960989447,0.03621725727898284,0.15130023640661944,0.1,0.6000000000000001,0.0,0.2,0.1,True,True,0.17989164434274377,0.007637067244700819,0.3034889891788937,0.26990539140279646,0.17655367231638414,0.10875706214689268
466,0.2797310652797786,0.6528063894390899,-0.05470368460226102,0.49572649572649574,0.6382978723404256,0.44680851063829785,0.18449645612639212,0.37020394397549555,0.5263157894736842,0.4666666666666667,0.0763883012871133,0.09592439595050713,0.064002354174447,0.04891798508819789,0.5,0.2,0.2,0.0,0.1,True,True,0.09702250461960003,0.05833254268345899,0.3507431553540381,0.21417589330789694,0.12570621468926552,-0.0007062146892655163
466,0.19191323011122424,0.6526474644118064,-0.14550894989072521,0.49572649572649574,0.6382978723404256,0.425531914893617,0.24211634548516417,0.1333429288416276,0.5555555555555556,0.42592592592592593,0.07693808341395729,0.11289526060972307,0.04058931419307984,0.07019458083287872,0.4,0.30000000000000004,0.2,0.1,0.0,True,True,0.108715488588158,0.05427264469165206,0.2422472488880415,0.10567535326272298,0.15042372881355937,0.0656779661016949
466,0.15913682557136793,0.6481028758497976,-0.2001758107064418,0.49572649572649574,0.6382978723404256,0.3829787234042553,0.15184893897454702,0.1685682082260774,0.5454545454545454,0.43137254901960786,0.0678201477676393,0.13943242525985872,-0.000933471494850796,0.11274777232224042,0.30000000000000004,0.4,0.1,0.2,0.0,True,True,0.1145122147230645,0.029316066548340663,0.2505666252496787,0.1080059576909493,0.1673728813559322,0.14901129943502822
466,0.39451574710335896,0.6411240640812776,0.0027173584157060672,0.5811965811965812,0.6382978723404256,0.46808510638297873,0.3379517461383649,0.4561301052973702,0.6229508196721312,0.5357142857142857,0.1032463214472772,0.13644972746528727,0.07753096267830437,0.11311147481360251,0.0,0.8,0.1,0.1,0.0,True,True,0.1946173165069836,0.008060076964366902,0.38055501426339483,0.3561809255804468,0.17655367231638414,0.0423728813559322
466,0.4978472796245995,0.6394336837825478,-0.11807997872670686,0.6068376068376068,0.6382978723404256,0.3829787234042553,0.4967147891902811,0.49899929575606117,0.6610169491525424,0.5517241379310345,0.12861623479160472,0.1542380759419091,0.10832106889927723,0.22385888343335147,0.0,0.6000000000000001,0.30000000000000004,0.1,0.0,True,True,0.21468489760794252,0.040365080426018725,0.5085713333155479,0.463835706425223,0.23516949152542377,0.21822033898305082
466,0.20881607645910738,0.6377129639328827,-0.14489687697973166,0.5128205128205128,0.6382978723404256,0.425531914893617,0.2140811461819652,0.20346022967206237,0.559322033898305,0.46551724137931033,0.09655693233094219,0.11350154040135539,0.08535757044933315,0.08728859792689575,0.4,0.30000000000000004,0.2,0.0,0.1,True,True,0.12867159418652258,0.06950198991661846,0.28546232301223656,0.15511434422147513,0.10098870056497172,0.09957627118644069
466,0.2800615969453212,0.636018396130783,-0.06357563758753797,0.5384615384615384,0.6382978723404256,0.44680851063829785,0.274146523835057,0.2869625155739626,0.5714285714285714,0.5,0.14642941208651442,0.15602610437657555,0.13819963248059067,0.09165302782324058,0.2,0.4,0.30000000000000004,0.0,0.1,True,True,0.20656609694131609,0.08846178321054599,0.3522871782620055,0.21312751774768487,0.11793785310734467,0.06709039548022605
466,0.3493594637670006,0.635311348473849,0.20383343428047135,0.5897435897435898,0.6595744680851063,0.46808510638297873,0.3251830676013844,0.373126090506081,0.6379310344827587,0.5423728813559322,0.11331487059609775,0.11890164240408536,0.10702410774110703,0.12165848336061102,0.0,0.4,0.0,0.0,0.6000000000000001,True,True,0.1707206346445233,0.06217304700777982,0.30594122747158176,0.35921939260673463,0.18432203389830504,0.07627118644067798
466,0.3213167718920038,0.6351978552181458,-0.21548574007791949,0.5641025641025641,0.6382978723404256,0.3829787234042553,0.3421252796679591,0.29530613717205967,0.6153846153846154,0.5,0.12032645590639492,0.1660222666787755,0.077357026985991,0.18112384069830878,0.2,0.4,0.2,0.1,0.1,True,True,0.1803713444656174,0.06423278178506026,0.43841773162807257,0.1502071599401505,0.17655367231638414,0.15819209039548027
466,0.2956797340554893,0.6300639775965462,0.05107798164213393,0.5213675213675214,0.5957446808510638,0.46808510638297873,0.21305239517796898,0.36897817983393466,0.5454545454545454,0.5,0.10792855169228972,0.125247962888907,0.100943504276599,0.05328241498454267,0.30000000000000004,0.2,0.5,0.0,0.0,True,True,0.12738763527271257,0.08393707218560008,0.4030812895360634,0.2718169806884047,0.0007062146892655718,0.06709039548022605
466,0.20269030032730778,0.6274629817424773,-0.09493466170644868,0.47863247863247865,0.6808510638297872,0.40425531914893614,0.11862325597270473,0.29118192596373216,0.48333333333333334,0.47368421052631576,0.058092711637182645,0.07526069101947175,0.051523838804412705,0.07437715948354251,0.6000000000000001,0.1,0.1,0.0,0.2,True,True,0.06582329833100471,0.048950684759759014,0.1173756845393508,0.2266935810636068,0.09957627118644069,0.04096045197740111
466,0.24734059880891185,0.6247821878109204,-0.17382784237757773,0.5128205128205128,0.6595744680851063,0.3829787234042553,0.2543538785260452,0.2406779830776351,0.5614035087719298,0.4666666666666667,0.08903720922172262,0.1142733047590644,0.07318057683818018,0.12984178941625746,0.4,0.30000000000000004,0.1,0.0,0.2,True,True,0.12506157947304283,0.058480844914588985,0.25029773132750294,0.23456936066546852,0.1673728813559322,0.09957627118644069
466,0.4333327541833456,0.6228151774122935,-0.16204722140603964,0.5897435897435898,0.6382978723404256,0.3404255319148936,0.5123551832435541,0.3607875734067607,0.6607142857142857,0.5245901639344263,0.10546392532144122,0.15944611874216044,0.058224599214593664,0.24931805782869615,0.0,0.5,0.30000000000000004,0.2,0.0,True,True,0.19364489181024536,0.017919687042042685,0.512537634869234,0.39301587179657305,0.2521186440677966,0.14265536723163835
466,0.2734556649803237,0.6201383849660547,-0.0733899230979265,0.5384615384615384,0.5957446808510638,0.425531914893617,0.30657341775909963,0.23481828673841848,0.5873015873015873,0.48148148148148145,0.12303748270770609,0.1281253071459161,0.12431866714445379,0.11292962356792141,0.30000000000000004,0.4,0.30000000000000004,0.0,0.0,True,True,0.16754071318040453,0.07891271203295448,0.36586245582827653,0.18076130514060001,0.07627118644067798,0.11652542372881358
466,0.32557517649340206,0.6183876035248838,-0.10984573840330925,0.5470085470085471,0.6382978723404256,0.40425531914893614,0.3680078199964938,0.2777420147262804,0.6129032258064516,0.4727272727272727,0.07039855005045856,0.1585193057820012,-0.012643480167042096,0.14275322785961092,0.1,0.4,0.2,0.30000000000000004,0.0,True,True,0.14208249527541855,0.0003284546058583696,0.510689638371292,0.2945958630258562,0.18573446327683613,0.09180790960451973
466,0.3933934705139909,0.6157441378354642,-0.13745722377271113,0.5726495726495726,0.6170212765957447,0.3404255319148936,0.4087564313252247,0.3777656310680804,0.6271186440677966,0.5172413793103449,0.15806845771662215,0.15732066081690518,0.1591207570993022,0.232224040734679,0.1,0.5,0.4,0.0,0.0,True,True,0.22074637806151062,0.08963625725573653,0.5467729388139096,0.23709401788222045,0.2521186440677966,0.1751412429378531
466,0.18071996421201977,0.6146934516878741,-0.18283774593392108,0.47863247863247865,0.6595744680851063,0.3829787234042553,0.10211399763578455,0.2634630869238463,0.5,0.45614035087719296,0.06491298348658847,0.08267072214490569,0.05346753278728409,0.09565375522822334,0.6000000000000001,0.2,0.1,0.0,0.1,True,True,0.0782667513080997,0.049220415663357865,0.12879651431783284,0.2488509573918339,0.11652542372881358,0.057909604519774005
466,0.45620609950666835,0.6131728518164554,-0.11119246877448605,0.5897435897435898,0.6382978723404256,0.3829787234042553,0.5831130293561317,0.3397013770219148,0.6964285714285714,0.4918032786885246,0.11198398801219701,0.18147594100696407,0.04543957825495274,0.20676486633933444,0.0,0.4,0.30000000000000004,0.2,0.1,True,True,0.19917885426046517,0.022354819538118124,0.4631503259409953,0.4648334831261655,0.24293785310734467,0.19350282485875708
466,0.47167562184773687,0.611484056548146,-0.0620783889897891,0.5897435897435898,0.6382978723404256,0.3829787234042553,0.48599110183861427,0.45760277711094177,0.6551724137931034,0.5254237288135594,0.12665728605247326,0.15566233650159617,0.10297640882945346,0.20676486633933444,0.0,0.6000000000000001,0.2,0.1,0.1,True,True,0.22124403655523542,0.02627437783469467,0.4666297877174025,0.46368575837446946,0.21822033898305082,0.17655367231638414
466,0.1532169604949213,0.6100790408711853,-0.10421117476711005,0.4700854700854701,0.6382978723404256,0.3617021276595745,0.17009341370296158,0.13662654886667835,0.5172413793103449,0.423728813559322,0.05236785638022177,0.07620615770285281,0.03752278984575236,0.10838334242589559,0.6000000000000001,0.1,0.0,0.0,0.30000000000000004,True,True,0.0672436475685823,0.03857501197296389,0.07437913773339175,0.1518970478315954,0.14124293785310738,0.0656779661016949
466,0.20613407572392425,0.6091075338174544,-0.13378343103529208,0.4700854700854701,0.6170212765957447,0.3829787234042553,0.24768901607486785,0.16528345639587796,0.5172413793103449,0.423728813559322,0.05060533597149769,0.07626055572501617,0.036829013910832493,0.08710674668121476,0.6000000000000001,0.0,0.1,0.0,0.30000000000000004,True,True,0.06289009916899074,0.042517951069872224,0.27469104046682347,0.24637443180294327,0.15042372881355937,0.057909604519774005
466,0.23066909314489434,0.6090768690881705,0.04045356413889622,0.5042735042735043,0.6382978723404256,0.44680851063829785,0.2577882335900646,0.20490590972198264,0.543859649122807,0.4666666666666667,0.069185272091422,0.15831058650947205,-0.011472778329666485,0.05746499363520641,0.0,0.0,0.30000000000000004,0.2,0.5,True,True,0.11111818379586134,0.026779003547331617,0.13132746679482665,0.17335261085175205,0.016242937853107375,0.06709039548022605
466,0.342493192463077,0.6071995585020229,-0.04888229699946364,0.5470085470085471,0.6595744680851063,0.40425531914893614,0.4237889334018728,0.2751701569981366,0.6037735849056604,0.5,0.1449707290029701,0.2022390360677752,0.0938674614128021,0.14275322785961092,0.0,0.30000000000000004,0.4,0.1,0.2,True,True,0.21845714899037652,0.07106861885486414,0.41646667784723446,0.26761601535317475,0.14265536723163835,0.1673728813559322
466,0.28413091637229304,0.6071679340309689,-0.10095342732575069,0.5299145299145299,0.5957446808510638,0.40425531914893614,0.34696274065272187,0.23027506698906822,0.5925925925925926,0.47619047619047616,0.1285723169163443,0.18994099835996797,0.07627105027094569,0.12565921076559378,0.1,0.2,0.4,0.1,0.2,True,True,0.1803355130540692,0.07500509754022733,0.31641482283189465,0.24558922893958152,0.10875706214689268,0.10875706214689268
466,0.338586623168365,0.607065417398946,-0.06582816366948946,0.5384615384615384,0.6382978723404256,0.425531914893617,0.28972662338300953,0.37767462299664933,0.5769230769230769,0.5076923076923077,0.12273839326825531,0.13796741474696358,0.11101582617245304,0.11292962356792141,0.2,0.2,0.6000000000000001,0.0,0.0,True,True,0.14572834140044647,0.09569574707532971,0.42978997117830275,0.24426935730388669,0.08403954802259889,0.10875706214689268
466,0.28933297185953144,0.6068464591722667,-0.01653805844726764,0.5470085470085471,0.6170212765957447,0.44680851063829785,0.3913501208866227,0.1956778842281033,0.625,0.47540983606557374,0.10138497489834918,0.1669734302207298,0.034902264952427174,0.10020003637024921,0.1,0.30000000000000004,0.4,0.2,0.0,True,True,0.16278608393135777,0.03952901415656106,0.3202251797855463,0.14814943089829713,0.05932203389830504,0.09957627118644069
466,0.38229239795641606,0.606630325591625,-0.06508367404215078,0.5555555555555556,0.6382978723404256,0.40425531914893614,0.38659611819980433,0.37791447563986563,0.6101694915254238,0.5,0.1023872479949446,0.18207824519340532,0.023310871451498284,0.15130023640661944,0.1,0.30000000000000004,0.30000000000000004,0.2,0.1,True,True,0.17176284784116577,0.033332170592699814,0.49442184288644325,0.21596496910709367,0.21822033898305082,0.0748587570621469
466,0.29801235625479605,0.6050104719242158,-0.04296892966668526,0.5213675213675214,0.5957446808510638,0.3829787234042553,0.3591898127208166,0.23578011605660268,0.576271186440678,0.46551724137931033,0.10202402352802425,0.19231841026420485,0.015131408465117468,0.13838879796326609,0.1,0.2,0.30000000000000004,0.2,0.2,True,True,0.15796476844415192,0.04363768268075303,0.37571603781009344,0.21863639988589326,0.18432203389830504,0.11652542372881358
466,0.2938956126828366,0.6046673910529626,0.07221139932397148,0.5299145299145299,0.6382978723404256,0.425531914893617,0.3322703692224647,0.256171275745575,0.5689655172413793,0.4915254237288136,0.10068614570475724,0.16584386139582796,0.042986038388882014,0.1043826150209129,0.1,0.1,0.30000000000000004,0.1,0.4,True,True,0.14231739008445668,0.06384759411091727,0.36430905949112163,0.2269457655969987,0.15042372881355937,0.025423728813559365
466,0.3799359660160139,0.6021723434976374,-0.05467323035126856,0.5555555555555556,0.6595744680851063,0.40425531914893614,0.49161656784145924,0.2874504676293169,0.6226415094339622,0.5,0.1390177418800249,0.19574736974146958,0.08802840533502744,0.15130023640661944,0.0,0.30000000000000004,0.30000000000000004,0.1,0.30000000000000004,True,True,0.21439227441363234,0.06257159773300686,0.41615826175432374,0.30083345325599953,0.2090395480225989,0.10098870056497172
466,0.4408976734851261,0.6007412537886382,-0.2350542459681783,0.5897435897435898,0.6170212765957447,0.3191489361702128,0.39771422025194086,0.491278368923842,0.6349206349206349,0.5370370370370371,0.11966221359473617,0.14981123956169548,0.09372592062020327,0.270594653573377,0.1,0.6000000000000001,0.2,0.1,0.0,True,True,0.2024325454924379,0.03632608409094822,0.5001032541654811,0.3233134412653857,0.26906779661016944,0.15042372881355937
466,0.27082684076635416,0.5996005855256055,-0.029945522576801775,0.5213675213675214,0.6170212765957447,0.46808510638297873,0.2974014655457798,0.2472525768491217,0.5818181818181818,0.46774193548387094,0.09698136811408957,0.14829206142807252,0.05385477643464077,0.05328241498454267,0.30000000000000004,0.2,0.30000000000000004,0.1,0.1,True,True,0.1331246423883721,0.07122289298791883,0.3637116987658312,0.16131871370391912,0.07627118644067798,0.016242937853107375
466,0.34767323002155676,0.5992021937544072,0.03452525433816763,0.5470085470085471,0.6595744680851063,0.425531914893617,0.21072441484411905,0.46916008219509026,0.5454545454545454,0.5483870967741935,0.0856574612319556,0.1229729228183392,0.05184479750312274,0.12147663211493004,0.0,0.0,0.30000000000000004,0.0,0.7000000000000001,True,True,0.11662029610248276,0.06788459981201285,0.28191448523507745,0.36068840056641704,0.2090395480225989,0.017655367231638408
466,0.38297189675742455,0.5976972239672005,0.15402266472311815,0.5641025641025641,0.6382978723404256,0.44680851063829785,0.33415187516364675,0.4277902772369583,0.5892857142857143,0.5409836065573771,0.08103656671641446,0.15248234929941978,0.017760379172719148,0.11729405346426625,0.1,0.0,0.30000000000000004,0.1,0.5,True,True,0.11044435419535797,0.057015738309063174,0.22768594988746854,0.35888510002588303,0.13347457627118642,0.05932203389830504
466,0.4474914656800112,0.5975797270739898,-0.0005379041011549229,0.5897435897435898,0.6382978723404256,0.425531914893617,0.5731923238719442,0.33598263986458676,0.6727272727272727,0.5161290322580645,0.13811412848621002,0.16655450082372486,0.11463807434360923,0.16421167484997273,0.0,0.5,0.4,0.1,0.0,True,True,0.21850392888878667,0.05564717745131996,0.49922815228611456,0.3919951119759526,0.15183615819209045,0.14265536723163835
466,0.32370947306522113,0.5957868713376328,-0.06373274739851495,0.5470085470085471,0.6595744680851063,0.3829787234042553,0.23797617332388418,0.39976320670672993,0.5636363636363636,0.532258064516129,0.10137564390502188,0.13867159381642505,0.06342472819338342,0.16402982360429175,0.0,0.0,0.4,0.0,0.6000000000000001,True,True,0.13095584667271942,0.08080480962609618,0.2652774169541897,0.43393777932158056,0.2090395480225989,0.1348870056497175
466,0.43634219385820283,0.5941093871538273,-0.21086640335778456,0.5811965811965812,0.6170212765957447,0.3617021276595745,0.436225692157695,0.43646909749625573,0.639344262295082,0.5178571428571429,0.1295053540424512,0.159924185266382,0.09995570902684231,0.21949445353700675,0.1,0.5,0.30000000000000004,0.1,0.0,True,True,0.2053100069031547,0.053524166317089956,0.5173801832997912,0.3401329903782769,0.3354519774011299,0.10875706214689268
466,0.36681209202211024,0.5933899502019112,-0.11988619398440266,0.5641025641025641,0.6382978723404256,0.3829787234042553,0.3323679048599048,0.4146121884921094,0.6029411764705882,0.5102040816326531,0.09711411704582584,0.1676676702772137,0.03647017809861009,0.18112384069830878,0.1,0.5,0.1,0.2,0.1,True,True,0.18207134588018134,0.012574834819438307,0.43991386298562446,0.2925920131866777,0.17655367231638414,0.10875706214689268
466,0.39561057671774913,0.5929158219105635,-0.13775575712221277,0.5641025641025641,0.6382978723404256,0.40425531914893614,0.43329761829967933,0.35164236153883044,0.6349206349206349,0.48148148148148145,0.09973264259995247,0.18016399129392363,0.02787606039588338,0.15984724495362795,0.1,0.4,0.2,0.2,0.1,True,True,0.17852005486896114,0.020894689517529555,0.5152402150496672,0.36108404803543986,0.1348870056497175,0.08403954802259889
466,0.5387942356794221,0.5891720130725404,-0.08998496521610676,0.6153846153846154,0.6382978723404256,0.3617021276595745,0.6732976411526229,0.4235056024166786,0.7037037037037037,0.5396825396825397,0.14718889273673375,0.187518860897332,0.11221692937725303,0.25368248772504093,0.0,0.4,0.4,0.1,0.1,True,True,0.2273075076427784,0.062963752626062,0.5805204318134922,0.44681236997318124,0.23516949152542377,0.17655367231638414
466,0.329271232652714,0.5889909716035147,-0.00026912785027502083,0.5384615384615384,0.6170212765957447,0.40425531914893614,0.43515811013644196,0.24158366223650185,0.6037735849056604,0.484375,0.16540243185200643,0.1916062799843613,0.14345259006506875,0.1342062193126023,0.0,0.30000000000000004,0.5,0.0,0.2,True,True,0.22467588952796164,0.10544985355233584,0.36493751059884916,0.2864153369994807,0.1751412429378531,0.10098870056497172
466,0.21334137506181775,0.5882090584350936,-0.14202573883462352,0.5042735042735043,0.6170212765957447,0.40425531914893614,0.21287138106839276,0.21394960258272078,0.5454545454545454,0.45098039215686275,0.09943747217769915,0.10741091324869505,0.0980598598189339,0.10001818512456812,0.4,0.4,0.2,0.0,0.0,True,True,0.1335436708400884,0.06621246727309751,0.26059926387055504,0.18090239413901163,0.08403954802259889,0.11652542372881358
466,0.2820335962345454,0.5880428154094287,-0.08532685777284253,0.5042735042735043,0.5957446808510638,0.44680851063829785,0.18024854489142725,0.38917575554309064,0.55,0.45614035087719296,0.0990986949132963,0.10867217399554979,0.09345679376103644,0.05746499363520641,0.4,0.30000000000000004,0.30000000000000004,0.0,0.0,True,True,0.12558511620844132,0.07133934507545044,0.39570257296199696,0.21931457795076942,0.05932203389830504,0.0748587570621469
466,0.2101176468162651,0.5863913818315437,-0.19076231468910482,0.5042735042735043,0.5957446808510638,0.40425531914893614,0.24155889154694946,0.17215086072638217,0.546875,0.4528301886792453,0.09541388564834903,0.13406187959742397,0.061451131226160166,0.10001818512456812,0.30000000000000004,0.4,0.2,0.1,0.0,True,True,0.1438949675095643,0.05433933092981118,0.41900077437194205,0.026829021250331368,0.21822033898305082,0.0903954802259887
466,0.33884431124295267,0.5847787987225945,0.16502511548132934,0.5641025641025641,0.6382978723404256,0.46808510638297873,0.33114530728454017,0.3461583650034444,0.6140350877192983,0.5166666666666667,0.09275213199125795,0.13246865581711806,0.062414271316680286,0.09601745771958536,0.1,0.30000000000000004,0.0,0.1,0.5,True,True,0.14491719242582718,0.04272796295422409,0.29462070471987806,0.3829605297114618,0.18432203389830504,0.034604519774011355
466,0.27554104583047334,0.5816126453614576,0.04459425244364723,0.5384615384615384,0.6382978723404256,0.425531914893617,0.27343243640731796,0.277544224782471,0.5789473684210527,0.5,0.0913341265391686,0.13154035200501218,0.056745398255321294,0.11292962356792141,0.0,0.2,0.1,0.1,0.6000000000000001,True,True,0.14142459074671437,0.0374050077053436,0.29423460629042375,0.3721140552558109,0.2090395480225989,-0.007062146892655385
466,0.505986178893003,0.5805852495346192,-0.09449159824721325,0.6068376068376068,0.6382978723404256,0.3617021276595745,0.5872250405136713,0.42880926035336825,0.7017543859649122,0.5166666666666667,0.13845234589101324,0.17299796293708927,0.10856378145559989,0.2451354791780323,0.0,0.5,0.30000000000000004,0.1,0.1,True,True,0.22750856167424321,0.04519634908309911,0.5402305673799963,0.4462166009332468,0.27683615819209045,0.1348870056497175
466,0.3119768741898287,0.5791229266069847,0.12954146558346974,0.5384615384615384,0.6382978723404256,0.46808510638297873,0.28363842641004594,0.33889839958062223,0.5964912280701754,0.48333333333333334,0.08547444934949633,0.14665858464520745,0.03022593658286763,0.0703764320785597,0.1,0.1,0.2,0.1,0.5,True,True,0.12673868859689544,0.053722234397592425,0.31960360945609084,0.3402478025380277,0.1673728813559322,0.0007062146892655718
466,0.36590523728885926,0.5785557024334963,0.027784700033419964,0.5470085470085471,0.574468085106383,0.48936170212765956,0.22635848962859592,0.5030867858362367,0.5689655172413793,0.5254237288135594,0.0922621249288788,0.10429702048281958,0.08654970275882759,0.057646844880887504,0.4,0.2,0.4,0.0,0.0,True,True,0.11220108867820651,0.07305825751277589,0.43045803128237214,0.26103395778354554,0.05932203389830504,0.0501412429378531
466,0.27981288855112096,0.5754116968062707,0.1772194834714166,0.5555555555555556,0.6382978723404256,0.5106382978723404,0.3289900003472683,0.23309463234478092,0.6140350877192983,0.5,0.09474903812402659,0.1286727593205516,0.07459402661495902,0.044917257683215195,0.0,0.30000000000000004,0.0,0.1,0.6000000000000001,True,True,0.1511120468249532,0.038502842342500516,0.3059175144552496,0.4048925431901461,0.14265536723163835,0.00988700564971745
466,0.31476557839376657,0.5734727867161367,0.22338720953278784,0.5555555555555556,0.6382978723404256,0.46808510638297873,0.25362650042455975,0.36717050236737236,0.5740740740740741,0.5396825396825397,0.0998913316931386,0.11729973421073715,0.09096288486609069,0.08747044917257685,0.0,0.2,0.1,0.0,0.7000000000000001,True,True,0.14261399454671664,0.06255467734422022,0.3307918667318944,0.3771710039648819,0.1596045197740113,0.07627118644067798
466,0.34598424638093384,0.5732424613194341,0.11295785287571364,0.5641025641025641,0.6382978723404256,0.5106382978723404,0.23971838477962554,0.44025234941435226,0.5818181818181818,0.5483870967741935,0.11285096170554672,0.14772752549094606,0.08554047703695206,0.05346426623022371,0.1,0.1,0.30000000000000004,0.0,0.5,True,True,0.1421053875661299,0.08945013297908344,0.3171234399066485,0.38428928165956233,0.12570621468926552,-0.007062146892655385
466,0.34928282677599487,0.5729028891841728,-0.09934420759996257,0.5470085470085471,0.5957446808510638,0.40425531914893614,0.23679577929916265,0.4490697237312491,0.5636363636363636,0.532258064516129,0.0840808343927543,0.09781628707078925,0.07968298078549375,0.14275322785961092,0.4,0.1,0.5,0.0,0.0,True,True,0.09120189087699475,0.07447459358591668,0.40280286355322403,0.27138299961494133,0.08403954802259889,0.15042372881355937
466,0.24178202492903808,0.5723693086311982,0.02972495986582586,0.5299145299145299,0.6382978723404256,0.44680851063829785,0.2540677143279152,0.23011062000010485,0.5614035087719298,0.5,0.09963025049984098,0.16273642898838792,0.04416620950463571,0.08310601927623207,0.0,0.1,0.30000000000000004,0.1,0.5,True,True,0.14578407915174366,0.05544811405383004,0.30417226746240816,0.2736586373556824,0.19209039548022605,0.0007062146892655718
466,0.27108410678210776,0.5719062535870763,-0.10428289335268669,0.5128205128205128,0.6382978723404256,0.425531914893617,0.19796118986276048,0.3359512105008835,0.5272727272727272,0.5,0.08968160762090535,0.11605288503269989,0.0730176055734625,0.08728859792689575,0.4,0.2,0.2,0.0,0.2,True,True,0.11957539223822064,0.06573770107008406,0.2946063822150358,0.25635118412394087,0.14265536723163835,0.016242937853107375
466,0.3215869820064505,0.5703459245179767,-0.04741379555158252,0.5384615384615384,0.6170212765957447,0.3829787234042553,0.4035548157789864,0.23820590972059483,0.6271186440677966,0.4482758620689655,0.08749118804063484,0.1816821755262488,-0.0011557503451996775,0.15548281505728312,0.1,0.1,0.30000000000000004,0.2,0.30000000000000004,True,True,0.1305626964626768,0.03947327640526387,0.3848066428038059,0.23596754185305344,0.1673728813559322,0.15042372881355937
466,0.44285311426256624,0.569605204914618,-0.10942390234772023,0.5897435897435898,0.5957446808510638,0.3829787234042553,0.3771599065755764,0.5194951898973875,0.6190476190476191,0.5555555555555556,0.11987794616046311,0.15533733077722933,0.08946424696698961,0.20676486633933444,0.1,0.6000000000000001,0.1,0.1,0.1,True,True,0.2020155076746965,0.03465892813697014,0.5197869766004671,0.33200035521435817,0.21045197740112992,0.1673728813559322
466,0.27380252963967155,0.5685340364216656,-0.09224030240703697,0.5470085470085471,0.6382978723404256,0.40425531914893614,0.21142960273300498,0.3291333518955854,0.5454545454545454,0.5483870967741935,0.1223574399140131,0.1605165504398457,0.08843109885763259,0.14275322785961092,0.0,0.1,0.4,0.0,0.5,True,True,0.16587554786040135,0.08473929767748446,0.3059011462071522,0.40947317930444727,0.2090395480225989,0.11793785310734467
466,0.3800301613279045,0.5675078186374638,-0.1089824636521652,0.5555555555555556,0.6382978723404256,0.40425531914893614,0.45639473925687407,0.30748381229538346,0.6140350877192983,0.5,0.12028353333708937,0.1818337454741569,0.05997940601297576,0.15130023640661944,0.1,0.2,0.30000000000000004,0.1,0.30000000000000004,True,True,0.1708531281146368,0.06640555876866275,0.4607519101944818,0.2460076719047483,0.20127118644067798,0.06709039548022605
466,0.24687382472580102,0.5670148773540458,0.10975301663128464,0.5213675213675214,0.6382978723404256,0.44680851063829785,0.24295951061453805,0.25046729341810803,0.5535714285714286,0.4918032786885246,0.07896228689975766,0.1442826635929172,0.02689623927528719,0.07455901072922355,0.0,0.0,0.30000000000000004,0.1,0.6000000000000001,True,True,0.11618534257896727,0.048376386858000595,0.2722914539113959,0.3660458557268407,0.10875706214689268,0.07627118644067798
466,0.19964441789342213,0.5662577358718883,-0.15644412840609367,0.5042735042735043,0.6382978723404256,0.40425531914893614,0.22849665662548616,0.17029472676942592,0.5423728813559322,0.46551724137931033,0.11572540530332984,0.13924259011198695,0.10471177868800682,0.10001818512456812,0.30000000000000004,0.30000000000000004,0.2,0.0,0.2,True,True,0.15742033005201697,0.07601833023345102,0.35742881626597184,0.16444415724311265,0.20127118644067798,0.09957627118644069
466,0.43866905841517156,0.5660883663256125,0.09117415830469103,0.5982905982905983,0.6595744680851063,0.40425531914893614,0.3977144805095861,0.48032974973292236,0.6440677966101694,0.5517241379310345,0.13952870707462736,0.1420642758963216,0.14432476044199818,0.19403527914166213,0.0,0.7000000000000001,0.2,0.0,0.1,True,True,0.22122612084946136,0.05170373154704463,0.4097675200457962,0.4807321074839304,0.23516949152542377,0.15183615819209045
466,0.35214270489952726,0.5656975928992295,-0.13936282803575104,0.5470085470085471,0.6170212765957447,0.3617021276595745,0.3382127018575209,0.36680586599637605,0.6,0.49122807017543857,0.1130317963562296,0.16814722765338186,0.06150894366257378,0.18530641934897257,0.2,0.30000000000000004,0.2,0.1,0.2,True,True,0.16309065092951736,0.06566802888096258,0.541597405134964,0.11085726200467505,0.21822033898305082,0.09957627118644069
466,0.3551676662659431,0.5638680071668827,-0.08010785006533111,0.5555555555555556,0.6382978723404256,0.40425531914893614,0.5296539024743242,0.20038148898431457,0.6545454545454545,0.46774193548387094,0.11325797963448316,0.20324138552656407,0.031739027591072125,0.15130023640661944,0.0,0.30000000000000004,0.30000000000000004,0.2,0.2,True,True,0.19493283199200512,0.027378184373776284,0.3753330768588917,0.33564198732067924,0.1673728813559322,0.1596045197740113
466,0.11223793863346876,0.5614689429607571,-0.18464510719502933,0.452991452991453,0.6170212765957447,0.40425531914893614,0.13928797485211664,0.07957374395434694,0.515625,0.37735849056603776,0.05602981563238512,0.11792887373221789,-0.004684800881792569,0.04873613384251685,0.4,0.30000000000000004,0.1,0.2,0.0,True,True,0.08948496907364417,0.03579259418567524,0.23479226644595824,-0.029167879664333644,0.09180790960451973,0.0981638418079096
466,0.5242951281414847,0.5610698906677225,-0.0005338969707528085,0.5982905982905983,0.6595744680851063,0.425531914893617,0.6950845020357043,0.37790423623215386,0.7222222222222222,0.49206349206349204,0.14533482436260098,0.19205105081510798,0.10477407657207322,0.17275868339698125,0.0,0.4,0.30000000000000004,0.1,0.2,True,True,0.23290417506320757,0.05846890111073959,0.5409613166162156,0.4412242201243275,0.17655367231638414,0.1348870056497175
466,0.16547486107457607,0.5608835968471177,-0.092513799016797,0.47863247863247865,0.5957446808510638,0.425531914893617,0.18648725176326483,0.14258636407439723,0.5409836065573771,0.4107142857142857,0.05987001703954289,0.09752159533600405,0.027482337768583793,0.05310056373886163,0.5,0.2,0.1,0.1,0.1,True,True,0.07861909352165684,0.040194881221164845,0.1955967106019248,0.14965626851942035,0.008474576271186418,0.0656779661016949
466,0.22825737622274167,0.5604255708085208,-0.003965200438587528,0.49572649572649574,0.5957446808510638,0.40425531914893614,0.26088790581303173,0.19830148020542623,0.5535714285714286,0.4426229508196721,0.07216248102904968,0.16701268932199123,-0.0139133602358514,0.0914711765775596,0.1,0.0,0.30000000000000004,0.2,0.4,True,True,0.10627397601794411,0.040217773511876186,0.3275259733078274,0.2025078456002209,0.10875706214689268,0.10875706214689268
466,0.32388038917545836,0.5588396368853612,-0.026415547746967263,0.5555555555555556,0.6382978723404256,0.425531914893617,0.27902691022445186,0.36505735345834944,0.5892857142857143,0.5245901639344263,0.08362691267069268,0.14034283884860493,0.03566379428725473,0.13002364066193856,0.0,0.1,0.2,0.1,0.6000000000000001,True,True,0.1313310811769879,0.041126497921417676,0.23321265928133944,0.3871553395050933,0.1751412429378531,0.07627118644067798
466,0.17619406022862025,0.5571745735210163,-0.2924831360715584,0.4700854700854701,0.6382978723404256,0.3404255319148936,0.14940654834491893,0.21086025207811604,0.5151515151515151,0.4117647058823529,0.05503079848887764,0.06880656078607571,0.04646029984460846,0.12965993817057647,0.7000000000000001,0.2,0.0,0.0,0.1,True,True,0.06703463090207248,0.0436511298128647,0.2219718009821976,0.21189541832583236,0.1751412429378531,0.12429378531073448
466,0.11082234138994648,0.5564449308252314,-0.1724999669070273,0.4700854700854701,0.6170212765957447,0.3617021276595745,0.1614580222869976,0.04967736823124324,0.53125,0.39622641509433965,0.059878477140159626,0.091577568624763,0.03023440909510066,0.10838334242589559,0.5,0.30000000000000004,0.1,0.1,0.0,True,True,0.08474327894543425,0.040963265935475945,0.2082207949401289,0.01069365634724907,0.10875706214689268,0.07344632768361586
466,0.32364019478462913,0.5547064224377267,-0.055295728176209716,0.5384615384615384,0.5957446808510638,0.3829787234042553,0.4135803019208187,0.24654867438218095,0.5925925925925926,0.49206349206349204,0.14113376234016578,0.1914442740728268,0.09768607251453558,0.15548281505728312,0.0,0.30000000000000004,0.5,0.1,0.1,True,True,0.20812675397763708,0.07235655903662393,0.3340039433411317,0.2747977162495057,0.12570621468926552,0.1673728813559322
466,0.4455719847557064,0.5546555866271844,0.08264532255150688,0.5811965811965812,0.6170212765957447,0.425531914893617,0.44819347705227275,0.4429052943160959,0.6440677966101694,0.5172413793103449,0.1436373300565002,0.1436624691831163,0.15169833800009616,0.15566466630296422,0.0,0.7000000000000001,0.30000000000000004,0.0,0.0,True,True,0.2229510051887115,0.05940250844496732,0.43888820286194125,0.5040213437295713,0.1596045197740113,0.19350282485875708
466,0.35318195786384243,0.5533730468373045,0.06346829442749748,0.5726495726495726,0.66,0.425531914893617,0.2851072706887751,0.4156767526475109,0.6071428571428571,0.5409836065573771,0.1012742412406667,0.10649419904347583,0.09623308418348697,0.1471176577559556,0.0,0.30000000000000004,0.0,0.0,0.7000000000000001,True,True,0.14388070032789302,0.06367000553208045,0.3117340102402749,0.36007907359794467,0.14265536723163835,0.034604519774011355
466,0.40538616004996286,0.5519596200120983,0.018826014763951078,0.5555555555555556,0.5106382978723404,0.46808510638297873,0.2768668228738021,0.5082016297908916,0.5961538461538461,0.5230769230769231,0.07187869441865567,0.0807346024168733,0.06770833070178844,0.08747044917257685,0.5,0.1,0.4,0.0,0.0,True,True,0.08275762155547231,0.0641033905766918,0.35987310297070474,0.3248693130256851,0.05932203389830504,0.0501412429378531
466,0.2718407236130097,0.5516859450105088,0.1197491736159538,0.5470085470085471,0.6382978723404256,0.46808510638297873,0.30714276834450926,0.23713701862272188,0.603448275862069,0.4915254237288136,0.1055270028363337,0.1564604392436957,0.06360314933334957,0.07892344062556833,0.0,0.2,0.2,0.1,0.5,True,True,0.16283983104868005,0.0468535518672027,0.3087819954763613,0.2907569139726996,0.1673728813559322,-0.007062146892655385
466,0.3060448290338803,0.5505650515681167,0.25275164541386524,0.5470085470085471,0.6382978723404256,0.48936170212765956,0.2985250068170097,0.31343719663690545,0.603448275862069,0.4915254237288136,0.07586716755893906,0.11170705160825352,0.04383105728381322,0.057646844880887504,0.1,0.2,0.0,0.1,0.6000000000000001,True,True,0.11696569883799686,0.04078908546267226,0.2695768149850157,0.40005246007839906,0.12570621468926552,-0.007062146892655385
466,0.4585349678237564,0.550237991884486,-0.10803044403917324,0.5811965811965812,0.6170212765957447,0.3829787234042553,0.4683981348723708,0.4481526867199515,0.65,0.5087719298245614,0.1055373913422381,0.17020410638909184,0.05007155053105701,0.19821785779232592,0.0,0.5,0.2,0.2,0.1,True,True,0.2010241719551967,0.001426289243015284,0.5078288187634629,0.36108404803543986,0.27683615819209045,0.12570621468926552
466,0.3999035553944041,0.5492457962930316,-0.06353914300838014,0.5811965811965812,0.6170212765957447,0.40425531914893614,0.42091572559207147,0.37924752367466313,0.6379310344827587,0.5254237288135594,0.14711959455962306,0.16209089009549418,0.14476981652576848,0.1769412620476451,0.1,0.4,0.2,0.0,0.30000000000000004,True,True,0.21356815194802406,0.08127559456115985,0.3831436468193284,0.321729510893252,0.24293785310734467,0.10098870056497172
466,0.20736744171376087,0.5482369913412111,-0.24070540262554496,0.5042735042735043,0.6382978723404256,0.3829787234042553,0.13074372959445665,0.29989418842386406,0.53125,0.4716981132075472,0.07422444393451448,0.09348834386970253,0.060601886470567135,0.12129478086924894,0.5,0.30000000000000004,0.1,0.0,0.1,True,True,0.09684832414679635,0.05250297108796666,0.2090328327515035,0.23633326963612405,0.08403954802259889,0.09957627118644069
466,0.3518605558094974,0.5474382720365174,0.006017936567307252,0.5555555555555556,0.6170212765957447,0.425531914893617,0.5170525987378002,0.21026737615666638,0.6296296296296297,0.49206349206349204,0.1393108594837462,0.1724726861012242,0.10649349817230559,0.13002364066193856,0.0,0.4,0.5,0.1,0.0,True,True,0.20840245678316063,0.06783184801167802,0.4502414546593971,0.255752839284934,0.1348870056497175,0.15042372881355937
466,0.3796215649748124,0.5430636122570152,-0.18548114784686692,0.5726495726495726,0.6170212765957447,0.3404255319148936,0.34738155488030165,0.41474014739919024,0.6229508196721312,0.5178571428571429,0.11820489905687982,0.12924791866173363,0.11297297649828275,0.232224040734679,0.0,0.9,0.1,0.0,0.0,True,True,0.19880859634113388,0.03309229919872446,0.4129542656380234,0.38340257672976646,0.21822033898305082,0.1596045197740113
466,0.26226898686321953,0.5423860417596659,0.022871574888482373,0.5299145299145299,0.6170212765957447,0.46808510638297873,0.31211088147257937,0.2079769230923097,0.5901639344262295,0.4642857142857143,0.0683806294334986,0.15053728445970757,-0.005424401361428758,0.061829423531551186,0.2,0.2,0.0,0.2,0.4,True,True,0.11038563049309842,0.028526780177293126,0.4253634692731018,0.1368523116617227,0.20127118644067798,0.03319209039548027
466,0.45632825658113396,0.541363772941021,0.0419806156737185,0.6068376068376068,0.6170212765957447,0.425531914893617,0.4859243391295728,0.4262218967473773,0.6779661016949152,0.5344827586206896,0.14831570349093742,0.14913985923505998,0.1506741607860447,0.18130569194398977,0.1,0.6000000000000001,0.2,0.0,0.1,True,True,0.21991230242602786,0.07436709935127213,0.4406689990767037,0.4646453140952695,0.21045197740112992,0.17655367231638414
466,0.4751765031954736,0.5405247571097267,-0.08969343252870733,0.5897435897435898,0.6595744680851063,0.40425531914893614,0.5621003786334792,0.3836776869449414,0.6833333333333333,0.49122807017543857,0.11061600218379393,0.18920749920222266,0.03913852106894173,0.18548827059465361,0.0,0.4,0.2,0.2,0.2,True,True,0.20697616754014536,0.013473606059105301,0.5293964242937983,0.37971750778545266,0.19350282485875708,0.14265536723163835
466,0.29536510890385975,0.5398256748845439,-0.0647184122810871,0.5213675213675214,0.6170212765957447,0.425531914893617,0.24737358362295164,0.3351080907771117,0.5471698113207547,0.5,0.11149921180553313,0.13975246147773673,0.0901669670992585,0.09583560647390438,0.30000000000000004,0.2,0.30000000000000004,0.0,0.2,True,True,0.14385415951307884,0.08221915506526206,0.29897096877200874,0.25204107714762075,0.1673728813559322,0.016242937853107375
466,0.44577018201241,0.5397265698227968,0.1162469878080524,0.5982905982905983,0.6170212765957447,0.425531914893617,0.4449106588279408,0.44670644833834966,0.6557377049180327,0.5357142857142857,0.149480771317783,0.14790791857648908,0.15635074398217422,0.17275868339698125,0.1,0.6000000000000001,0.30000000000000004,0.0,0.0,True,True,0.21834567348778217,0.07575855249972667,0.512087824364455,0.4358437721258244,0.21045197740112992,0.1596045197740113
466,0.36400694748559326,0.5384814239041853,0.10475629853786515,0.5897435897435898,0.6382978723404256,0.48936170212765956,0.41505258690005864,0.31382648840018657,0.6724137931034483,0.5084745762711864,0.10623986907197652,0.1429936414376166,0.08444054559587588,0.1003818876159302,0.0,0.4,0.0,0.1,0.5,True,True,0.18164045978431653,0.03360289681328611,0.4288726896539859,0.257198663173389,0.21822033898305082,-0.024011299435028333
466,0.2727068295564034,0.5377174172773445,0.015914534749260557,0.5128205128205128,0.5957446808510638,0.44680851063829785,0.3809011008267815,0.1831084486606215,0.5660377358490566,0.46875,0.13407517692118096,0.1993994600600809,0.07662938770009556,0.06601200218221492,0.0,0.2,0.4,0.1,0.30000000000000004,True,True,0.19708470731887118,0.07445767319713004,0.3706147641547712,0.21738644863829795,0.10875706214689268,0.09180790960451973
466,0.3143106348526311,0.5354133943693994,0.10733624156579007,0.5299145299145299,0.6170212765957447,0.44680851063829785,0.3390421678922954,0.29160627665228345,0.5714285714285714,0.4918032786885246,0.09509557436264403,0.16004593817535734,0.034545422672494885,0.08310601927623207,0.2,0.1,0.30000000000000004,0.1,0.30000000000000004,True,True,0.12526561945547005,0.06491258328748833,0.3762839804501093,0.27173174389292826,0.1673728813559322,0.0423728813559322
466,0.38804892073701763,0.5332613471231725,-0.24259184920140112,0.5726495726495726,0.574468085106383,0.3404255319148936,0.37279673987133555,0.40584313174698017,0.6190476190476191,0.5185185185185185,0.11214168179942823,0.1451115772752473,0.08446396960028484,0.232224040734679,0.1,0.7000000000000001,0.1,0.1,0.0,True,True,0.19611924984104503,0.02451465740088377,0.4524256226738604,0.3592269525762028,0.15183615819209045,0.2507062146892655
466,0.37720315508431623,0.5318597534066761,0.05860642625745541,0.5867768595041323,0.5833333333333334,0.4,0.3269532212614785,0.433624133411713,0.625,0.543859649122807,0.11002841855936621,0.12734182247691955,0.09774539691417478,0.18677685950413225,0.0,1.0,0.0,0.0,0.0,True,True,0.1929033915001406,0.02429125727376812,0.3969734522088035,0.35335323732030244,0.22736668044646546,0.11814556331006976
466,0.19560372952382976,0.5316857688881121,-0.04560608103938947,0.49572649572649574,0.6170212765957447,0.44680851063829785,0.1996693810196569,0.1916069873753895,0.5344827586206896,0.4576271186440678,0.07077950340470078,0.11851626939919281,0.030075923278035765,0.04891798508819789,0.4,0.2,0.1,0.1,0.2,True,True,0.09962127727383095,0.04201432067422272,0.20944954937848737,0.16149343967724286,0.06709039548022605,0.04096045197740111
466,0.2709795206645919,0.5315952634966531,-0.0028201001195886028,0.5299145299145299,0.6382978723404256,0.48936170212765956,0.33755742438230957,0.17527378407037283,0.5942028985507246,0.4375,0.05878382720962401,0.15780220599566888,-0.035066731366362444,0.04055282778687036,0.2,0.4,0.0,0.30000000000000004,0.1,True,True,0.11865372870784228,0.0032039253826002785,0.27824359311310815,0.24217342244209952,0.10098870056497172,-0.008474576271186418
466,0.34040741863312446,0.5307695328751293,-0.22750067056291098,0.5555555555555556,0.5957446808510638,0.3617021276595745,0.3541661656561493,0.32379308260532075,0.609375,0.49056603773584906,0.11595550759878083,0.15283965681596376,0.08363466016759304,0.1938534278959811,0.2,0.5,0.2,0.1,0.0,True,True,0.1773634965295447,0.05633394617266019,0.41228892103205383,0.24580714642685372,0.23516949152542377,0.0748587570621469
466,0.40147654792647886,0.5305832675930533,-0.019078001282861204,0.5811965811965812,0.6170212765957447,0.3829787234042553,0.39628627297622987,0.40732740332494144,0.6290322580645161,0.5272727272727272,0.13545858999188515,0.13679212646236488,0.13905984166377938,0.19821785779232592,0.1,0.7000000000000001,0.2,0.0,0.0,True,True,0.2092146354449195,0.05548892205031547,0.4846741496277882,0.3670965192047141,0.19350282485875708,0.18432203389830504
466,0.4429858318201362,0.5290633736412572,-0.1149567782498978,0.5897435897435898,0.6170212765957447,0.3829787234042553,0.3846881213921043,0.4983686567267665,0.631578947368421,0.55,0.12727375367829627,0.1306433560837857,0.13326414491331495,0.20676486633933444,0.0,0.8,0.2,0.0,0.0,True,True,0.20917084149747173,0.039928136268528355,0.4129542656380234,0.3993106570848326,0.17655367231638414,0.18432203389830504
466,0.3282681284488893,0.5285371853849443,0.031713604917766154,0.5384615384615384,0.6382978723404256,0.46808510638297873,0.2258700797507249,0.41603788447588724,0.5555555555555556,0.5238095238095238,0.07393941319167682,0.10868459776177178,0.04565737165764884,0.0703764320785597,0.0,0.0,0.2,0.0,0.8,True,True,0.10213246203316631,0.05687937988178257,0.20403938820527825,0.31494305623989105,0.09180790960451973,0.0007062146892655718
466,0.40419091471019464,0.5281289994994169,-0.17907802962705366,0.5726495726495726,0.5957446808510638,0.3404255319148936,0.5689291300070264,0.2677670801675058,0.660377358490566,0.5,0.10848548758068463,0.16509247201472302,0.05545458609746568,0.232224040734679,0.0,0.4,0.4,0.2,0.0,True,True,0.18708674817993987,0.03166800058968408,0.5153302431261514,0.3450098810961493,0.21822033898305082,0.1673728813559322
466,0.3322633496786126,0.5279288369214594,0.06428660866564402,0.5299145299145299,0.574468085106383,0.46808510638297873,0.26161614457403237,0.39076806640584305,0.5660377358490566,0.5,0.074072473156524,0.09195872977245315,0.07066922453569585,0.061829423531551186,0.4,0.0,0.6000000000000001,0.0,0.0,True,True,0.06661358001903972,0.08010112051596929,0.35392036515929387,0.3055405623008553,0.0501412429378531,0.10098870056497172
466,0.331063792305289,0.5275837097091314,-0.04639313749870968,0.5555555555555556,0.5531914893617021,0.425531914893617,0.3654213136787648,0.3005853459255925,0.6,0.5161290322580645,0.13112030016091658,0.15840550408340792,0.11206890960471129,0.13002364066193856,0.2,0.2,0.5,0.0,0.1,True,True,0.15897700582038812,0.09468151906511856,0.37500744865766333,0.27801275806630277,0.11793785310734467,0.10875706214689268
466,0.3431482267402934,0.5270157996411037,-0.06125184730946352,0.5470085470085471,0.5957446808510638,0.425531914893617,0.20842853238327555,0.4801906744482942,0.559322033898305,0.5344827586206896,0.09294851279803434,0.11520707502830792,0.0792414133832312,0.12147663211493004,0.4,0.2,0.30000000000000004,0.0,0.1,True,True,0.11753499241394895,0.07209678130289958,0.3446242714856031,0.3378943324316496,0.1348870056497175,0.0748587570621469
466,0.397154333898494,0.5264601702364119,0.014390534234214372,0.5470085470085471,0.5319148936170213,0.46808510638297873,0.260734875464438,0.5062899006457388,0.5769230769230769,0.5230769230769231,0.06562699109599279,0.07918361944172211,0.060649232862457596,0.07892344062556833,0.5,0.0,0.5,0.0,0.0,True,True,0.06266814348078947,0.0662701956583696,0.33558148978857616,0.47009190417407326,0.008474576271186418,0.09322033898305082
466,0.2804399313049775,0.5257972192289909,0.06389075368791822,0.5213675213675214,0.574468085106383,0.46808510638297873,0.31500362061850146,0.24977859401072233,0.5818181818181818,0.46774193548387094,0.13696343038908848,0.14889585646646045,0.1288086002448867,0.05328241498454267,0.2,0.30000000000000004,0.5,0.0,0.0,True,True,0.17598398718493954,0.09651887422395053,0.3432890329805418,0.23619971501719936,0.0423728813559322,0.09180790960451973
466,0.39892156912701043,0.5257915546414145,0.15951493706342684,0.5811965811965812,0.5957446808510638,0.48936170212765956,0.35276373293862284,0.45095403901210185,0.6290322580645161,0.5272727272727272,0.11349803835424149,0.14835719714909712,0.08526337604862476,0.09183487906892168,0.0,0.7000000000000001,0.0,0.1,0.2,True,True,0.21162927445647223,0.022079116732594585,0.41856510066942537,0.33752118476755727,0.1271186440677966,0.08403954802259889
466,0.18003223296436482,0.5227362781216123,-0.16613828570236375,0.48717948717948717,0.6170212765957447,0.3404255319148936,0.16581619553202873,0.19605758425172556,0.532258064516129,0.43636363636363634,0.05892275730564213,0.0798388678077313,0.046349658723783944,0.14675395526459356,0.6000000000000001,0.2,0.0,0.0,0.2,True,True,0.0740327079603126,0.04516102604092933,0.03266744809531051,0.1774020349246474,0.12429378531073448,0.0826271186440678
466,0.302589268035811,0.5222294136019918,0.00273776349587061,0.5299145299145299,0.6170212765957447,0.48936170212765956,0.22072605850625684,0.37774237842359826,0.5535714285714286,0.5081967213114754,0.07781252190196884,0.11195353913009747,0.04543160412579223,0.04055282778687036,0.1,0.0,0.2,0.0,0.7000000000000001,True,True,0.09372900070812928,0.06799507999761976,0.35230627122771974,0.28198371602776856,0.14265536723163835,-0.04096045197740117
466,0.1715820748611014,0.5216763476184133,-0.016566922761558033,0.48717948717948717,0.6382978723404256,0.425531914893617,0.16851578989883323,0.1743970249903968,0.5178571428571429,0.45901639344262296,0.054802416770113244,0.14058286601201345,-0.01925004617651468,0.061647572285870145,0.0,0.0,0.2,0.2,0.6000000000000001,True,True,0.09418784183934356,0.017514593028150695,0.15806808172852413,0.15653114388085815,0.09957627118644069,0.008474576271186418
466,0.31922137717984295,0.5212314599985822,0.06585134319920742,0.5555555555555556,0.6170212765957447,0.425531914893617,0.2578404406462001,0.3755710894074495,0.5892857142857143,0.5245901639344263,0.08196241946246331,0.08894698146056482,0.08086121590277176,0.13002364066193856,0.1,0.2,0.0,0.0,0.7000000000000001,True,True,0.10960734460028106,0.05967076052525756,0.30439901241981004,0.35176682233120266,0.26765536723163835,0.05932203389830504
466,0.25857356769706147,0.519032497842272,-0.1422280854659217,0.5213675213675214,0.6382978723404256,0.3617021276595745,0.2863219176873469,0.22506612619935804,0.5625,0.4716981132075472,0.0933502431640853,0.14261042465943954,0.047804904317185454,0.1596653937079469,0.30000000000000004,0.30000000000000004,0.1,0.1,0.2,True,True,0.13671276012812794,0.053938218183868986,0.41452472061858026,0.10514571216536522,0.1596045197740113,0.14124293785310738
466,0.36174451654779166,0.5174577719700968,0.12193294581866394,0.5726495726495726,0.574468085106383,0.48936170212765956,0.31434122031552986,0.41518095957325024,0.6129032258064516,0.5272727272727272,0.10441755082527729,0.13953433323637304,0.07576170277081887,0.08328787052191305,0.0,0.8,0.0,0.1,0.1,True,True,0.19876579771067354,0.010564294504790106,0.39919626351610954,0.33837300208950805,0.15183615819209045,0.08403954802259889
466,0.2946914203951502,0.5168735456226675,0.0939069991744552,0.5384615384615384,0.6382978723404256,0.46808510638297873,0.2173411365173462,0.3707306825123132,0.5517241379310345,0.5254237288135594,0.07166545011781597,0.12255598122392976,0.031050262184834115,0.0703764320785597,0.0,0.1,0.1,0.1,0.7000000000000001,True,True,0.11635753241779606,0.0324990902742045,0.27658171902139617,0.3946896894378538,0.23375706214689268,-0.024011299435028333
466,0.28364746803184754,0.5168735456226675,0.09425265632556895,0.5213675213675214,0.6382978723404256,0.46808510638297873,0.1781701568278443,0.37721605055152774,0.5272727272727272,0.5161290322580645,0.06402535719467436,0.12594269989603976,0.012117187642449227,0.05328241498454267,0.0,0.0,0.2,0.1,0.7000000000000001,True,True,0.09514334614729518,0.037077548416472685,0.25563140862847544,0.3318940288801389,0.10875706214689268,0.0007062146892655718
466,0.47131083432040405,0.5161030207302609,0.04987140931632752,0.5982905982905983,0.6170212765957447,0.425531914893617,0.5415643589521751,0.4045699859202216,0.6666666666666666,0.5333333333333333,0.1566465387467873,0.1565459147553029,0.16092739573722753,0.17275868339698125,0.0,0.6000000000000001,0.4,0.0,0.0,True,True,0.2319845021668041,0.07533753341403548,0.5413341714848431,0.4010645782992652,0.26906779661016944,0.11793785310734467
466,0.29463179807041784,0.5159038414284144,-0.1356844991358138,0.5384615384615384,0.5957446808510638,0.3829787234042553,0.3776846983954067,0.22344359779185585,0.5925925925925926,0.49206349206349204,0.1265383469908614,0.1681114472066626,0.0871632123211134,0.15548281505728312,0.1,0.30000000000000004,0.5,0.1,0.0,True,True,0.18062216434645467,0.07527084717587638,0.3752248911511515,0.1802942785131453,0.20127118644067798,0.0748587570621469
466,0.26528024252740534,0.5154203695026303,-0.1278823917845627,0.5299145299145299,0.5957446808510638,0.3617021276595745,0.36412679398301434,0.17453586742061664,0.6071428571428571,0.45901639344262296,0.11140751924443695,0.18927856314501235,0.042623713895151884,0.16821240225495543,0.0,0.30000000000000004,0.4,0.2,0.1,True,True,0.19176374270396557,0.031314663059139464,0.35486482415695897,0.2405844345367066,0.2090395480225989,0.15042372881355937
466,0.31258231913835866,0.5138644086607678,-0.20909079261798497,0.5299145299145299,0.574468085106383,0.3829787234042553,0.3043240125482065,0.319908236274784,0.5818181818181818,0.4838709677419355,0.10940552352275554,0.16854578207378276,0.05261380258403827,0.1469358065102746,0.2,0.2,0.30000000000000004,0.1,0.2,True,True,0.15258209417602442,0.06565110849217595,0.44021297520745245,0.2060661848979564,0.18432203389830504,0.09180790960451973
466,0.4413130981429775,0.5133532522915274,0.037765378719265,0.5811965811965812,0.6382978723404256,0.44680851063829785,0.46798289201493487,0.41226207267530934,0.6721311475409836,0.48214285714285715,0.13130567589501876,0.17677230311532482,0.09032445615017833,0.1343880705582834,0.1,0.4,0.2,0.1,0.2,True,True,0.2064695511935335,0.05836140687609503,0.6065031054193268,0.27258294516471626,0.21045197740112992,0.06709039548022605
466,0.23028898763972777,0.512837707121323,0.10409413711192726,0.5128205128205128,0.5531914893617021,0.425531914893617,0.2618086981783265,0.20418672734995075,0.5471698113207547,0.484375,0.11564459890111549,0.18328931392472333,0.059506938860216255,0.08728859792689575,0.1,0.1,0.5,0.1,0.2,True,True,0.15391283298824454,0.0755584937852493,0.2864309451212681,0.1771691579909682,0.0501412429378531,0.15042372881355937
466,0.23273497918322456,0.5119459341182071,-0.06655014446077936,0.49572649572649574,0.574468085106383,0.3617021276595745,0.23513015653991043,0.23075147293471907,0.5471698113207547,0.453125,0.05203049142473337,0.0825808769874027,0.03599659891287406,0.13402436806692125,0.5,0.0,0.0,0.0,0.5,True,True,0.06704263042981527,0.03847379986306323,0.16782762005468577,0.15813943338128247,0.09180790960451973,0.0826271186440678
466,0.29282717855115226,0.5101246567498506,0.17531317350524708,0.5299145299145299,0.6170212765957447,0.48936170212765956,0.22072605850625684,0.3590183707235151,0.5535714285714286,0.5081967213114754,0.06629820054933593,0.12913312306184258,0.013629281884508659,0.04055282778687036,0.1,0.0,0.2,0.1,0.6000000000000001,True,True,0.09289990165758377,0.043275387297321374,0.29109121948084105,0.3402478025380277,0.15042372881355937,-0.0826271186440678
466,0.28546660830239745,0.5083457102454353,0.18903535983661515,0.5299145299145299,0.5957446808510638,0.46808510638297873,0.3523295172923489,0.21508459883929046,0.6,0.45614035087719296,0.07492694331881514,0.1649011460149046,-0.011235049604069137,0.061829423531551186,0.1,0.1,0.2,0.2,0.4,True,True,0.11961022833278137,0.030640833458636087,0.33776575773881534,0.23283507944142973,0.06709039548022605,0.08403954802259889
466,0.1779568784365365,0.5078249986927136,-0.10422110405556784,0.5042735042735043,0.574468085106383,0.3404255319148936,0.23464055985767898,0.13852475223052435,0.5416666666666666,0.4782608695652174,0.14607570523278793,0.17426319928913503,0.12536527159676916,0.16384797235861065,0.0,0.2,0.6000000000000001,0.0,0.2,True,True,0.19424208200271512,0.10367818931467554,0.16898350045936342,0.2151912144894722,0.1659604519774011,0.18432203389830504
466,0.3088053886562603,0.5075655772035974,0.09575202027914763,0.5470085470085471,0.6382978723404256,0.44680851063829785,0.24623737060091322,0.3624351184179862,0.5740740740740741,0.5238095238095238,0.0859517040150684,0.09478100002038267,0.08067700537764938,0.10020003637024921,0.0,0.2,0.0,0.0,0.8,True,True,0.12501630534520766,0.05491817288302764,0.22484579099495294,0.3598875962604205,0.12570621468926552,0.10098870056497172
466,0.30225103657702435,0.5075655772035974,0.10473906654661967,0.5384615384615384,0.6382978723404256,0.46808510638297873,0.24899970389696502,0.3463497964526984,0.5660377358490566,0.515625,0.07012510485626632,0.08452934186818119,0.055367041385862126,0.0703764320785597,0.0,0.1,0.0,0.0,0.9,True,True,0.10173963457725115,0.050412367537609463,0.2900593490149194,0.3829761994744996,0.18432203389830504,0.10098870056497172
466,0.4494943464830685,0.5068112106941963,-0.047588792624025975,0.6153846153846154,0.6382978723404256,0.40425531914893614,0.37082972041209145,0.5295152592104415,0.6610169491525424,0.5689655172413793,0.11906422133570115,0.1290292603762269,0.117580528003833,0.21112929623567928,0.1,0.30000000000000004,0.1,0.0,0.5,True,True,0.16337531158792795,0.07598448945587774,0.3852379942417772,0.36427634131580555,0.24293785310734467,0.11793785310734467
466,0.27177295085471614,0.505261079219334,-0.23568305668962836,0.5641025641025641,0.6382978723404256,0.2978723404255319,0.2489292568846359,0.295818944507432,0.6166666666666667,0.5087719298245614,0.12445839213092225,0.14053544055597328,0.1142384524015947,0.2662302236770322,0.2,0.5,0.0,0.0,0.30000000000000004,True,True,0.18054760121370814,0.07050478850316352,0.2718490220072752,0.24688322638921584,0.22598870056497172,0.2507062146892655
466,0.30076281858632287,0.500965544303336,-0.005088631036875917,0.5384615384615384,0.6170212765957447,0.44680851063829785,0.22890720254579083,0.3645057037835689,0.5636363636363636,0.5161290322580645,0.079831188998395,0.1016552308333791,0.06507886161111423,0.09165302782324058,0.1,0.1,0.1,0.0,0.7000000000000001,True,True,0.10247783702781132,0.06114829444095393,0.3696125704397766,0.36423845657295784,0.24293785310734467,-0.024011299435028333
466,0.28580536641922843,0.500965544303336,0.052065139043824635,0.5299145299145299,0.6170212765957447,0.425531914893617,0.27528105924563195,0.29452080829736277,0.5849056603773585,0.484375,0.06680129124797475,0.07944081024357155,0.06002629673129017,0.1043826150209129,0.1,0.1,0.0,0.0,0.8,True,True,0.08719080477583448,0.05070195702420929,0.2764378114181501,0.31799564929862884,0.22598870056497172,0.0007062146892655718
466,0.28717976263751865,0.5003571644482949,0.09683274444106008,0.5470085470085471,0.5319148936170213,0.5106382978723404,0.252128140473638,0.3182739435893482,0.5818181818181818,0.5161290322580645,0.11352341529133349,0.13664254431705233,0.09447050493056475,0.03637024913620668,0.30000000000000004,0.2,0.4,0.0,0.1,True,True,0.14074677987826117,0.08563806891715146,0.3423253136138976,0.2239684410708337,0.017655367231638408,0.0501412429378531
466,0.2470166668575815,0.49990594452573095,-0.060710161058859874,0.5128205128205128,0.574468085106383,0.40425531914893614,0.37894531257096997,0.12590184456332332,0.5892857142857143,0.4426229508196721,0.08289604706667705,0.17895391646390338,-0.0066638800628136645,0.10856519367157663,0.0,0.30000000000000004,0.30000000000000004,0.30000000000000004,0.1,True,True,0.16100944310876025,0.006479513588296928,0.24463824727594938,0.29302163607547554,0.15042372881355937,0.10875706214689268
466,0.3302247468653364,0.4992936306911915,-0.022512348828947235,0.5470085470085471,0.5531914893617021,0.3829787234042553,0.45393492346585024,0.2346305194922121,0.6078431372549019,0.5,0.1557555532972754,0.16851596503485006,0.1496425078259053,0.16402982360429175,0.0,0.4,0.6000000000000001,0.0,0.0,True,True,0.21289631298149556,0.10092613784437739,0.39573886312195505,0.26603893201394574,0.14265536723163835,0.12570621468926552
466,0.24353442401526043,0.49812775146739596,-0.1187838713937462,0.5299145299145299,0.5531914893617021,0.40425531914893614,0.38747998306288234,0.09710704498405874,0.6271186440677966,0.43103448275862066,0.06983862824419891,0.1570697007392213,-0.016463088034920633,0.12565921076559378,0.1,0.30000000000000004,0.30000000000000004,0.30000000000000004,0.0,True,True,0.1275120498961438,0.015192518496430768,0.3726385320428234,0.16394122146276502,0.15183615819209045,0.057909604519774005
466,0.25387253802143706,0.49679104185036405,0.0727333963985306,0.5128205128205128,0.5957446808510638,0.425531914893617,0.28467806315585104,0.2283617125195005,0.5471698113207547,0.484375,0.11236655873861594,0.17846193532151325,0.05278026253026367,0.08728859792689575,0.1,0.1,0.4,0.1,0.30000000000000004,True,True,0.1522884756647268,0.07171557489670638,0.34641297164448415,0.16892513707229484,0.0501412429378531,0.0501412429378531
466,0.2974516689124641,0.4941703196804612,0.07957479780333686,0.5641025641025641,0.6170212765957447,0.44680851063829785,0.325767400207851,0.2686477353533635,0.6271186440677966,0.5,0.10658240038827252,0.1446205900341549,0.07662440386937025,0.11729405346426625,0.0,0.30000000000000004,0.1,0.1,0.5,True,True,0.17218386692685694,0.040954308082588896,0.2697681870306848,0.2424116291578009,0.2090395480225989,0.05932203389830504
466,0.27624499818555004,0.4941301714286098,-0.09923636407905574,0.5213675213675214,0.5531914893617021,0.40425531914893614,0.321809994858735,0.2371892867513914,0.5740740740740741,0.47619047619047616,0.1266653107067347,0.1835417648543538,0.07644897302783929,0.11711220221858526,0.1,0.2,0.5,0.1,0.1,True,True,0.17645377680301574,0.08059081647379451,0.34078528365871064,0.20276157670317296,0.12570621468926552,0.15819209039548027
466,0.3476388593131634,0.4936916659688746,0.13762438368000116,0.5555555555555556,0.5957446808510638,0.48936170212765956,0.25245373971863544,0.4412106717959196,0.5689655172413793,0.5423728813559322,0.09386431868979687,0.13731889415017656,0.05854406276408613,0.06619385342789602,0.2,0.0,0.30000000000000004,0.0,0.5,True,True,0.1057882613280687,0.08713104439832586,0.338491741140742,0.3572809242924036,0.08403954802259889,0.034604519774011355
466,0.14316345001427552,0.4935951244247115,-0.14598585544072942,0.46153846153846156,0.6170212765957447,0.3404255319148936,0.1764837959157059,0.11360507865010343,0.509090909090909,0.41935483870967744,0.05983763045066179,0.0897083100352124,0.044591860376270116,0.12111292962356796,0.5,0.1,0.0,0.0,0.4,True,True,0.0784310158141546,0.039769392641175856,0.18946396965648507,0.17537847523617991,0.13347457627118642,0.12429378531073448
466,0.46391553760101695,0.4928981134777318,-0.006214840727843604,0.5641025641025641,0.6170212765957447,0.44680851063829785,0.4576996246038979,0.4702386215118793,0.6101694915254238,0.5172413793103449,0.12286056707422063,0.1514814906925776,0.09691258198596726,0.11729405346426625,0.2,0.2,0.30000000000000004,0.0,0.30000000000000004,True,True,0.1541606669181195,0.08290194251865249,0.5061844842832297,0.42574753285787126,0.1596045197740113,0.10098870056497172
466,0.31675192843925437,0.4913505963095457,0.11142871664185293,0.5128205128205128,0.574468085106383,0.425531914893617,0.25699738596664895,0.3613448705829897,0.56,0.47761194029850745,0.08102966178135228,0.10070158253818041,0.07332112086463397,0.08728859792689575,0.30000000000000004,0.0,0.7000000000000001,0.0,0.0,True,True,0.07501106944215202,0.08732015462594128,0.3406903841968861,0.21529266748964218,0.03319209039548027,0.09180790960451973
466,0.36257919655682896,0.491042343489663,-0.09163224604295335,0.5726495726495726,0.5957446808510638,0.425531914893617,0.396898800552691,0.32997557276075984,0.631578947368421,0.5166666666666667,0.13990997146198048,0.16093995239269054,0.12440688094829179,0.1471176577559556,0.2,0.30000000000000004,0.30000000000000004,0.0,0.2,True,True,0.18616707528353643,0.08748438192887047,0.48796731985558545,0.21443102541007653,0.1348870056497175,0.10875706214689268
466,0.31049092574211873,0.49078001450662045,-0.09935138166215747,0.5555555555555556,0.574468085106383,0.40425531914893614,0.26324125281563704,0.3656155441563471,0.5873015873015873,0.5185185185185185,0.11144807796209959,0.14970389822153762,0.08177569130705195,0.15130023640661944,0.1,0.7000000000000001,0.0,0.1,0.1,True,True,0.19242363786664468,0.030461676400895157,0.36858848771189423,0.29881984677025625,0.1348870056497175,0.19209039548022605
466,0.33543130415007105,0.4898609565727082,-0.12852430739537074,0.5726495726495726,0.6170212765957447,0.3829787234042553,0.37549405724115503,0.2902696552110308,0.6290322580645161,0.509090909090909,0.14144436000472024,0.1565722531396935,0.13336382152782117,0.1896708492453173,0.2,0.4,0.2,0.0,0.2,True,True,0.19913107904506755,0.08347823105438582,0.40482960209036234,0.17910469217830843,0.17655367231638414,0.13347457627118642
466,0.3290498289288839,0.4896380620595873,0.12088613647638194,0.5811965811965812,0.6382978723404256,0.425531914893617,0.35787062655399116,0.3007175193991174,0.6551724137931034,0.5084745762711864,0.12353651007261827,0.13512221160704507,0.11772143499220428,0.15566466630296422,0.0,0.5,0.0,0.0,0.5,True,True,0.19053158371513848,0.060290900352558754,0.3933757455610752,0.24364857911578663,0.2598870056497175,0.0423728813559322
466,0.24373852873617274,0.48944428220470726,0.09847356973191042,0.5299145299145299,0.6170212765957447,0.48936170212765956,0.17172507581053909,0.3169935929191449,0.5423728813559322,0.5172413793103449,0.06073634296512133,0.10076819782442213,0.02978586432982265,0.04055282778687036,0.0,0.1,0.0,0.1,0.8,True,True,0.09992982553994033,0.02375871978379458,0.2725599450650683,0.3600606788678715,0.12570621468926552,-0.04096045197740117
466,0.3952843260892944,0.4889134944464067,-0.14900053169210534,0.5726495726495726,0.5957446808510638,0.3404255319148936,0.33058891694147974,0.4610951733258646,0.6101694915254238,0.5344827586206896,0.12263500586218895,0.1300226647233359,0.11881950832214538,0.232224040734679,0.1,0.8,0.1,0.0,0.0,True,True,0.196307364751673,0.046358879324440244,0.46369011839673674,0.32813191155618665,0.19350282485875708,0.2923728813559322
466,0.23884928429392155,0.4871982050512111,-0.0011369892835166849,0.5213675213675214,0.5957446808510638,0.425531914893617,0.21874882657293945,0.2573021635131838,0.5357142857142857,0.5081967213114754,0.11205210426348622,0.1783635390930352,0.05108526170058532,0.09583560647390438,0.0,0.1,0.4,0.1,0.4,True,True,0.15894117440883998,0.06492353177435028,0.3097854213844509,0.14701688289704,0.10875706214689268,0.0501412429378531
466,0.377561753316545,0.48690879740339804,-0.2184106412654785,0.5897435897435898,0.6170212765957447,0.3617021276595745,0.3730540984123125,0.382306653215737,0.6333333333333333,0.543859649122807,0.12951095263844759,0.145502677435915,0.12443977423107885,0.22804146208401527,0.2,0.4,0.1,0.0,0.30000000000000004,True,True,0.18015337004536594,0.07932576858274605,0.3506718827597024,0.2311774715224952,0.18432203389830504,0.19209039548022605
466,0.3930498678388475,0.4852455863836712,0.04368146486359399,0.5470085470085471,0.5531914893617021,0.46808510638297873,0.2531261125492343,0.5215044628588201,0.5714285714285714,0.5245901639344263,0.07272825025779443,0.08848653558873597,0.06477285440458012,0.07892344062556833,0.5,0.1,0.30000000000000004,0.0,0.1,True,True,0.0862671092532196,0.06062973429049268,0.37645752418886846,0.3755043146289616,0.10098870056497172,0.0501412429378531
466,0.3433920761876258,0.48481993676899693,-0.12232607150400121,0.5299145299145299,0.574468085106383,0.3829787234042553,0.23951737947585763,0.4324275305119983,0.5555555555555556,0.5079365079365079,0.0955241779894776,0.11585410477314831,0.0900692840170424,0.1469358065102746,0.30000000000000004,0.1,0.6000000000000001,0.0,0.0,True,True,0.10300635034814706,0.08650200406225772,0.4469376961157383,0.2692364110864132,0.12570621468926552,0.1673728813559322
466,0.3573361925624657,0.483417631149975,-0.11649697924865574,0.5811965811965812,0.5957446808510638,0.3617021276595745,0.3561171318998162,0.35866409792713744,0.639344262295082,0.5178571428571429,0.13348726213493944,0.14283405245143507,0.13032717346688902,0.21949445353700675,0.1,0.7000000000000001,0.1,0.0,0.1,True,True,0.207358369263326,0.057593022161783934,0.41239265163323835,0.4018062228912541,0.19350282485875708,0.22598870056497172
466,0.34141981894684764,0.48328868465481095,-0.13111273850345959,0.5641025641025641,0.5957446808510638,0.40425531914893614,0.36006242802922206,0.323093186289598,0.603448275862069,0.5254237288135594,0.12853654810858967,0.15019041290679008,0.11806794664876843,0.15984724495362795,0.2,0.30000000000000004,0.2,0.0,0.30000000000000004,True,True,0.17232022535413752,0.0802374789432499,0.4330008557935329,0.22371460437600788,0.1596045197740113,0.12570621468926552
466,0.36232799407558164,0.4829844728636521,-0.01727227502473154,0.5811965811965812,0.6170212765957447,0.46808510638297873,0.39573463609636284,0.331659601400766,0.6607142857142857,0.5081967213114754,0.1339895806090586,0.15029526949370356,0.1331390507621096,0.11311147481360251,0.1,0.30000000000000004,0.2,0.0,0.4,True,True,0.18612029538512634,0.08147465795864976,0.4479040327478786,0.23283613911851683,0.17655367231638414,0.05932203389830504
466,0.3128324116648873,0.48218038697790194,-0.06578222834379219,0.5299145299145299,0.574468085106383,0.40425531914893614,0.3736038709692076,0.24193237580984672,0.6031746031746031,0.4444444444444444,0.07068183900787511,0.17557117339698441,-0.0263824063275076,0.12565921076559378,0.1,0.30000000000000004,0.2,0.30000000000000004,0.1,True,True,0.14030884040378336,0.0023370042865316723,0.3770766518718861,0.2916047034117509,0.1596045197740113,0.09180790960451973
466,0.21126383615008043,0.4807416336555143,-0.04500870280793679,0.49572649572649574,0.6170212765957447,0.40425531914893614,0.175947484106193,0.2436854052395509,0.5357142857142857,0.45901639344262296,0.0821142964457166,0.11226810889083785,0.06687603097066146,0.0914711765775596,0.4,0.2,0.1,0.0,0.30000000000000004,True,True,0.11187462470632303,0.054995244824540476,0.2807726499535595,0.20056656256009836,0.1673728813559322,0.057909604519774005
466,0.3061169025026084,0.4791499238762262,0.04717952258798897,0.5384615384615384,0.6170212765957447,0.46808510638297873,0.2514257429582784,0.358073504069722,0.5614035087719298,0.5166666666666667,0.13363643361493174,0.1573559443129756,0.11737768609331282,0.0703764320785597,0.1,0.2,0.30000000000000004,0.0,0.4,True,True,0.17647766441071452,0.09114217185774777,0.3961231362113738,0.3900660881114602,0.1673728813559322,-0.024011299435028333
466,0.2879296863993958,0.47891958855908795,0.041380239609378394,0.5299145299145299,0.5957446808510638,0.46808510638297873,0.25271659926823836,0.3249960939058773,0.5833333333333334,0.47368421052631576,0.05296433549788125,0.13264606719876784,-0.015737940664387846,0.061829423531551186,0.2,0.1,0.0,0.2,0.5,True,True,0.08251177825957225,0.02476348664774617,0.32569997061273076,0.24227630823584326,0.08403954802259889,0.06709039548022605
466,0.25342886847341883,0.4768912628262688,0.1390857438714604,0.5213675213675214,0.5957446808510638,0.48936170212765956,0.28806093356765455,0.21570465471005487,0.5737704918032787,0.4642857142857143,0.05945161529874715,0.14922334694407166,-0.018237331773131436,0.032005819239861844,0.2,0.1,0.1,0.2,0.4,True,True,0.09621828849374076,0.024016998907158967,0.3942564583414877,0.2071789086716676,0.14265536723163835,0.06709039548022605
466,0.31248322541199697,0.47684350415299603,0.04913659921217513,0.5555555555555556,0.6170212765957447,0.46808510638297873,0.35039380869641534,0.26974765880047064,0.6129032258064516,0.4909090909090909,0.09361916239177785,0.1786378558512164,0.016026504463383367,0.08747044917257685,0.0,0.2,0.2,0.2,0.4,True,True,0.15947267368013804,0.018353645248570714,0.24419800212798032,0.2974740090811688,0.09180790960451973,0.0007062146892655718
466,0.41320700201904575,0.4767346964929477,-0.003708462744102143,0.5811965811965812,0.5531914893617021,0.40425531914893614,0.4852063423735824,0.3556075297354164,0.6346153846153846,0.5384615384615384,0.1671133627884985,0.18418780069789645,0.15429939925563613,0.1769412620476451,0.0,0.4,0.5,0.0,0.1,True,True,0.23198052089885432,0.10099979130144866,0.5097809541791806,0.33294212389925076,0.21822033898305082,0.11793785310734467
466,0.362860110755673,0.4764055194331827,0.007839871491732845,0.5641025641025641,0.6170212765957447,0.48936170212765956,0.27481851230526255,0.44649962928356274,0.5964912280701754,0.5333333333333333,0.11697134173901194,0.13733181486704743,0.11077610391456555,0.07474086197490454,0.1,0.2,0.2,0.0,0.5,True,True,0.15399345366422798,0.08391816116283854,0.31960360945609084,0.4174624503226272,0.12570621468926552,0.05155367231638419
466,0.3248772429625183,0.4737114000558516,-0.20077873118534564,0.5555555555555556,0.5531914893617021,0.3829787234042553,0.3898140555558579,0.2672720059845557,0.6181818181818182,0.5,0.11298613669554806,0.16613457752542213,0.0674387054595491,0.17257683215130026,0.2,0.2,0.4,0.1,0.1,True,True,0.15078554701367788,0.07299057595762934,0.4600904970733771,0.1672084423607693,0.23516949152542377,0.0748587570621469
466,0.17149467149933517,0.4721311012542049,-0.3236434935559895,0.4700854700854701,0.6170212765957447,0.3617021276595745,0.09325152604494825,0.2692986033173188,0.49230769230769234,0.4423076923076923,0.06191551905221833,0.07616938334611395,0.04922134403095,0.10838334242589559,0.6000000000000001,0.30000000000000004,0.0,0.0,0.1,True,True,0.08225104422398613,0.04555318102699225,0.1377637936828702,0.17283501244869984,0.11652542372881358,0.12429378531073448
466,0.3876067595492882,0.4718875762632006,-0.12388359644876616,0.5470085470085471,0.6170212765957447,0.40425531914893614,0.3438748362985343,0.42915208663750426,0.5789473684210527,0.5166666666666667,0.102908788315318,0.1338889407716141,0.08424517943144368,0.14275322785961092,0.30000000000000004,0.2,0.2,0.0,0.30000000000000004,True,True,0.1302869936571533,0.07426856296951462,0.421798566239188,0.2780045631217473,0.18432203389830504,0.10875706214689268
466,0.2992655971679911,0.4703942609375407,0.0807655553624573,0.5384615384615384,0.5957446808510638,0.48936170212765956,0.23686535073225765,0.3606082123082035,0.5689655172413793,0.5084745762711864,0.07673286376737908,0.11400793311256303,0.0493204872407526,0.04909983633387888,0.2,0.0,0.2,0.0,0.6000000000000001,True,True,0.08379275122241989,0.07671803807562809,0.31168249420306027,0.3270918694310674,0.08403954802259889,0.017655367231638408
466,0.23448218901157977,0.4701798732048557,-0.153607866314091,0.49572649572649574,0.5531914893617021,0.425531914893617,0.19308951335020752,0.2765885314946997,0.559322033898305,0.43103448275862066,0.0745629723724286,0.10307750359047066,0.04648369079190544,0.07019458083287872,0.4,0.2,0.30000000000000004,0.1,0.0,True,True,0.10639540469041296,0.05784085609165889,0.40730533074018666,0.12292225398726932,0.08403954802259889,-0.017655367231638408
466,0.39204039172435867,0.46917593393554863,0.04116274555065185,0.5897435897435898,0.6170212765957447,0.40425531914893614,0.3164163421581579,0.46638267773858993,0.6379310344827587,0.5423728813559322,0.10117855011329185,0.10806467745710045,0.10351523458330508,0.18548827059465361,0.1,0.30000000000000004,0.0,0.0,0.6000000000000001,True,True,0.13814807275346483,0.06859577006847141,0.3740494046962667,0.40994949189921714,0.24293785310734467,0.09322033898305082
466,0.28579810818933865,0.4686627172345215,-0.010089508317282257,0.5299145299145299,0.5957446808510638,0.40425531914893614,0.3580918262022687,0.23184757235879372,0.56,0.5074626865671642,0.14834207909874256,0.1849297480166727,0.12288481904478175,0.12565921076559378,0.0,0.2,0.5,0.0,0.30000000000000004,True,True,0.20131978110046925,0.09697672003817735,0.3071883033127167,0.23967647693907942,0.1998587570621469,0.05932203389830504
466,0.39067310138764255,0.4684103700255033,0.0239894571722013,0.5470085470085471,0.5957446808510638,0.46808510638297873,0.5224212614149949,0.25665342135981867,0.6440677966101694,0.4482758620689655,0.10647689795705195,0.19282529992606137,0.02968319741688124,0.07892344062556833,0.0,0.30000000000000004,0.2,0.2,0.30000000000000004,True,True,0.1884194776261349,0.016920388786643283,0.44970408780043186,0.316128389831608,0.14265536723163835,0.08403954802259889
466,0.3505170268605619,0.4682655867389768,-0.16836823119496153,0.5555555555555556,0.574468085106383,0.3829787234042553,0.3412908401055417,0.36332071460222226,0.6029411764705882,0.4897959183673469,0.0832110614014064,0.14640265506103478,0.024491042567251983,0.17257683215130026,0.2,0.5,0.1,0.2,0.0,True,True,0.14731189072747877,0.024845102640717036,0.4537047817372298,0.23381105973835062,0.2521186440677966,0.09957627118644069
466,0.21812751875242034,0.4676491258766734,-0.13535648387193264,0.48717948717948717,0.6170212765957447,0.3829787234042553,0.26354212926655224,0.17643541729682385,0.5357142857142857,0.4426229508196721,0.0636910588070686,0.08996695157174635,0.04866910056495442,0.10420076377523185,0.5,0.1,0.1,0.0,0.30000000000000004,True,True,0.08197032581839966,0.04666046037163748,0.2712513407355059,0.185488206629023,0.15042372881355937,0.0826271186440678
466,0.3596074780885931,0.4675782864667521,0.018595966068572403,0.5555555555555556,0.5957446808510638,0.46808510638297873,0.23474823668583564,0.48235046116249,0.5689655172413793,0.5423728813559322,0.09420247388797791,0.12801498410186496,0.07442603613643546,0.08747044917257685,0.2,0.1,0.2,0.0,0.5,True,True,0.10859306459870169,0.08571868959313488,0.3871493822645424,0.3496906082839218,0.14265536723163835,0.05932203389830504
466,0.25810184295746924,0.4651099652939326,0.19975969432172624,0.5213675213675214,0.5957446808510638,0.48936170212765956,0.289481669514934,0.22829100772787764,0.5789473684210527,0.4666666666666667,0.05714978365814879,0.1470650902759904,-0.020700839300652783,0.032005819239861844,0.1,0.0,0.2,0.2,0.5,True,True,0.08974972339230577,0.024800313376281805,0.2945654635524483,0.1514753167826073,0.08403954802259889,0.0748587570621469
466,0.26372745181765966,0.46168698214063963,0.09953356335522563,0.5128205128205128,0.574468085106383,0.425531914893617,0.31659253967226564,0.21841451937085446,0.5370370370370371,0.49206349206349204,0.09572510537912528,0.19198048382296717,0.012069841250558771,0.08728859792689575,0.0,0.1,0.4,0.2,0.30000000000000004,True,True,0.153459963758955,0.037378134146682465,0.32393074557309465,0.18210504870938285,0.06709039548022605,0.15819209039548027
466,0.2565640725111498,0.4614727449417571,-0.1830285308507099,0.5042735042735043,0.5531914893617021,0.40425531914893614,0.1923010266194184,0.3265648903574999,0.5573770491803278,0.44642857142857145,0.08037966478617317,0.09079089574758763,0.07255660123137121,0.10001818512456812,0.5,0.30000000000000004,0.2,0.0,0.0,True,True,0.10040558705994124,0.06251685529869713,0.2944929813523413,0.30945960058938726,0.06709039548022605,0.11652542372881358
466,0.23990075892342524,0.4594438475811187,-0.024039224291118395,0.49572649572649574,0.574468085106383,0.425531914893617,0.2379204627277751,0.24159815566255388,0.5370370370370371,0.4603174603174603,0.057681339244693465,0.08967325373825889,0.0377081616507774,0.07019458083287872,0.5,0.0,0.1,0.0,0.4,True,True,0.07275568114859123,0.04413633649146528,0.16413567936474374,0.24661326588944357,0.09180790960451973,0.016242937853107375
466,0.32181186273608375,0.4575315905841249,0.09762087137792792,0.5811965811965812,0.6382978723404256,0.40425531914893614,0.3395656135624269,0.30375201275756214,0.6440677966101694,0.5172413793103449,0.11750182289127109,0.12683500486768395,0.11239891917203033,0.1769412620476451,0.1,0.4,0.0,0.0,0.5,True,True,0.1692368136031491,0.07050080723426948,0.42963752997213706,0.3684909938159096,0.27683615819209045,0.1596045197740113
466,0.36402695709837535,0.4551985419072438,0.005878804854760037,0.5897435897435898,0.6170212765957447,0.44680851063829785,0.4341467211800123,0.29741318122082017,0.6842105263157895,0.5,0.12358048431273223,0.1718733636186762,0.08514874794194262,0.1429350791052919,0.0,0.30000000000000004,0.2,0.1,0.4,True,True,0.19515777363116873,0.05044266492394597,0.3980188584009542,0.32326360867448267,0.17655367231638414,0.034604519774011355
466,0.27789599221104555,0.45487545910555716,-0.000780139166672071,0.48717948717948717,0.574468085106383,0.44680851063829785,0.1087096039281356,0.4386230610798099,0.49122807017543857,0.48333333333333334,0.06860886553028413,0.09187623596473923,0.05391408402027198,0.04037097654118932,0.5,0.1,0.2,0.0,0.2,True,True,0.08247196558007426,0.05533166196629844,0.28619835540687005,0.24793437490994893,0.0748587570621469,0.016242937853107375
466,0.4520029440343932,0.45480289283565867,0.12905100501805497,0.5982905982905983,0.5957446808510638,0.40425531914893614,0.3821156855169063,0.528130136348084,0.639344262295082,0.5535714285714286,0.12070622733481567,0.15780170904502,0.09481787793211895,0.19403527914166213,0.0,0.6000000000000001,0.1,0.1,0.2,True,True,0.22415036215858827,0.022631517660629118,0.42350519961181615,0.4044178277937725,0.23516949152542377,0.10098870056497172
466,0.19252923841694125,0.45469532831180604,-0.09952763706624865,0.5042735042735043,0.5957446808510638,0.3404255319148936,0.1503844396825381,0.22184735927565652,0.5,0.5072463768115942,0.12654357234712466,0.1572704688013684,0.10533724944403339,0.16384797235861065,0.0,0.1,0.7000000000000001,0.0,0.2,True,True,0.16407203347914265,0.09213947947917227,0.1894659116751478,0.14324951958110962,0.14124293785310738,0.19209039548022605
466,0.25055758555006546,0.4541209502708561,-0.20668381135267486,0.5384615384615384,0.5957446808510638,0.3829787234042553,0.30261820708754206,0.19384869423245696,0.5901639344262295,0.48214285714285715,0.11347240586114431,0.13053651169427674,0.1033277688955879,0.15548281505728312,0.30000000000000004,0.4,0.1,0.0,0.2,True,True,0.15913127995344284,0.07132939190557593,0.3051693645343761,0.17841192576851994,0.1596045197740113,0.09180790960451973
466,0.3327512517783909,0.4535419890367916,0.10281797920288333,0.5299145299145299,0.5957446808510638,0.48936170212765956,0.30135382426297924,0.358752246439591,0.5660377358490566,0.5,0.08276678170578299,0.15121512514477847,0.02282743987114309,0.04055282778687036,0.2,0.0,0.30000000000000004,0.1,0.4,True,True,0.10236835215919186,0.06148670221668679,0.34505524914355595,0.3316744172369662,0.15042372881355937,0.0007062146892655718
466,0.15001355650123552,0.45311799707980777,-0.26715150919090336,0.48717948717948717,0.6170212765957447,0.3191489361702128,0.07531274100471655,0.22864599386599244,0.5166666666666667,0.45614035087719296,0.07121186687374374,0.09370578200287895,0.05035815662825055,0.1680305510092744,0.5,0.30000000000000004,0.0,0.0,0.2,True,True,0.10262320198647491,0.04669779583402871,0.06188446958634094,0.18987101070931295,0.09957627118644069,0.182909604519774
466,0.25455425257772973,0.45265631504075626,-0.13780518590423493,0.5213675213675214,0.5957446808510638,0.3617021276595745,0.24515048378902568,0.2637986354547609,0.5689655172413793,0.4745762711864407,0.10365315275634711,0.13017075601670183,0.09293299315180625,0.1596653937079469,0.30000000000000004,0.30000000000000004,0.1,0.0,0.30000000000000004,True,True,0.13614443412829422,0.06454133005116963,0.3924010548882157,0.21797434230061766,0.2598870056497175,0.1751412429378531
466,0.15497925910844396,0.4511179303159523,-0.1661281600879103,0.49572649572649574,0.5957446808510638,0.3829787234042553,0.2297386065539823,0.06776002042198258,0.5555555555555556,0.42592592592592593,0.07196236659227727,0.11915733573624665,0.03152747145418387,0.11274777232224042,0.4,0.30000000000000004,0.0,0.1,0.2,True,True,0.10732605152830287,0.03987239851723117,0.19737903324714903,0.10395595079967367,0.13347457627118642,0.0656779661016949
466,0.3296817565254536,0.4506267521929214,0.05259510243368765,0.5042735042735043,0.5957446808510638,0.46808510638297873,0.241087212624034,0.41101445256610103,0.5178571428571429,0.4918032786885246,0.06417316012897864,0.0952430766108941,0.043665334516741934,0.036188397890525525,0.5,0.0,0.2,0.0,0.30000000000000004,True,True,0.07680264001956132,0.05650414537751407,0.2133478300064869,0.30684612580507775,0.0501412429378531,0.03319209039548027
466,0.32614066174530887,0.447833588784559,-0.18593583732176966,0.5555555555555556,0.5531914893617021,0.40425531914893614,0.3486430450719217,0.2959874680876476,0.6119402985074627,0.48,0.08152740596893283,0.137024364906481,0.02745693325586163,0.15130023640661944,0.2,0.6000000000000001,0.0,0.2,0.0,True,True,0.15136592451619924,0.01115751401426784,0.39801146576170493,0.22641785272878312,0.21045197740112992,0.09957627118644069
466,0.3369588973799413,0.4474535703105791,-0.1870213349196047,0.5641025641025641,0.5319148936170213,0.40425531914893614,0.2972445475658445,0.3849158480988506,0.609375,0.5094339622641509,0.10392591617720623,0.13981762833411485,0.07427851474696626,0.15984724495362795,0.1,0.8,0.0,0.1,0.0,True,True,0.1867239994235279,0.02341285815433235,0.3534077391223765,0.2971319887646411,0.11793785310734467,0.19209039548022605
466,0.33419926270270733,0.44540924088917444,-0.09069855336039413,0.5470085470085471,0.6382978723404256,0.3829787234042553,0.30779134330036173,0.36106249106026567,0.5932203389830508,0.5,0.11544006352738127,0.1357862983490339,0.11552170753120693,0.16402982360429175,0.2,0.30000000000000004,0.1,0.0,0.4,True,True,0.1496518809649728,0.07748841342391409,0.45385780677229465,0.3539360441620488,0.20127118644067798,0.18432203389830504
466,0.28933767636600694,0.4448682380527957,-0.06025509620405848,0.5299145299145299,0.5531914893617021,0.3617021276595745,0.29641753824964384,0.28423601118515096,0.5510204081632653,0.5147058823529411,0.14071200144177226,0.15597392455844328,0.13040392446005883,0.16821240225495543,0.0,0.30000000000000004,0.7000000000000001,0.0,0.0,True,True,0.18934810837542537,0.09622426039566546,0.3633611869230632,0.2797794754102798,0.1673728813559322,0.22598870056497172
466,0.4177359526434228,0.4442734375588982,0.03622142256797981,0.5726495726495726,0.5957446808510638,0.44680851063829785,0.5139957374043802,0.32628915712051304,0.6666666666666666,0.48333333333333334,0.13395741978539055,0.17920984604807605,0.0946329778122099,0.12584106201127476,0.0,0.4,0.2,0.1,0.30000000000000004,True,True,0.22226423646737126,0.04589506160828873,0.5389599469935521,0.38784998733990195,0.2598870056497175,0.07627118644067798
466,0.24355380452101447,0.4440440979388834,-0.056271960138575085,0.5384615384615384,0.6170212765957447,0.425531914893617,0.22885297702770452,0.2565948611683056,0.5636363636363636,0.5161290322580645,0.12252508676079345,0.18269843960320625,0.06800935407759724,0.11292962356792141,0.0,0.2,0.30000000000000004,0.1,0.4,True,True,0.18444119562729885,0.06396404619844885,0.3170392243472162,0.30705077773648626,0.2090395480225989,0.10098870056497172
466,0.3049210450718068,0.44371156216375657,-0.10154718589148767,0.5470085470085471,0.574468085106383,0.44680851063829785,0.345919372322552,0.2587047488982394,0.5967741935483871,0.4909090909090909,0.12103921938335559,0.1339008675871872,0.11602407766831829,0.10020003637024921,0.30000000000000004,0.4,0.2,0.0,0.1,True,True,0.16611641457136417,0.07846681002257705,0.3604822409721133,0.15361764785188864,0.07627118644067798,0.057909604519774005
466,0.34722135943412585,0.4410902584305444,0.11685348962558542,0.5811965811965812,0.574468085106383,0.46808510638297873,0.3399926501756615,0.3553700862345764,0.6290322580645161,0.5272727272727272,0.11564954775612077,0.15368695767230234,0.0864597651199827,0.11311147481360251,0.1,0.6000000000000001,0.0,0.1,0.2,True,True,0.19776903465281798,0.03384475884123636,0.3679289672343694,0.31225712329715094,0.19350282485875708,0.08403954802259889
466,0.250699319021506,0.44000654628126795,-0.2504535057461313,0.5128205128205128,0.574468085106383,0.3617021276595745,0.29862322088783483,0.1864812905206254,0.582089552238806,0.42,0.06811305572529089,0.1262046527521677,0.007177214627520722,0.15111838516093828,0.30000000000000004,0.5,0.0,0.2,0.0,True,True,0.11675220329355396,0.02307842593506095,0.2969793868340242,0.20615942485331337,0.18432203389830504,0.14124293785310738
466,0.21916751770630535,0.43953525199162186,-0.02730965976874386,0.5042735042735043,0.5531914893617021,0.40425531914893614,0.26859111199824137,0.18228423838396512,0.52,0.4925373134328358,0.13442210325308965,0.1979906049705091,0.08070018063652978,0.10001818512456812,0.0,0.2,0.5,0.1,0.2,True,True,0.19886234345845616,0.0753196177082614,0.2719932581126862,0.17407494246809668,0.09180790960451973,0.09180790960451973
466,0.33757717112469976,0.43925680521232563,0.07193202220829596,0.5384615384615384,0.5319148936170213,0.48936170212765956,0.24451615876129768,0.4290608781938068,0.5862068965517241,0.4915254237288136,0.07696682287340537,0.08635113865050313,0.0721205160429065,0.04909983633387888,0.5,0.2,0.30000000000000004,0.0,0.0,True,True,0.09782970669642166,0.061414044076602975,0.44610247997831864,0.37077612975376023,0.1348870056497175,0.0501412429378531
466,0.3165081679666715,0.43898729569330086,-0.20690485486480878,0.5470085470085471,0.5957446808510638,0.3829787234042553,0.324071198109526,0.3063737075752461,0.5970149253731343,0.48,0.08472044288202901,0.15268659601610904,0.02315886461437629,0.16402982360429175,0.2,0.5,0.0,0.2,0.1,True,True,0.15247858120932967,0.020791176550834796,0.3274973748498152,0.2633071648772023,0.1596045197740113,0.13347457627118642
466,0.43354029996890486,0.43702203380058746,0.04608270357795023,0.5811965811965812,0.5319148936170213,0.44680851063829785,0.3906381032627942,0.4678620573337932,0.6346153846153846,0.5384615384615384,0.10249275042616518,0.12847764515597124,0.0879222497405783,0.1343880705582834,0.30000000000000004,0.1,0.5,0.0,0.1,True,True,0.11393194491938137,0.08556541077706764,0.4934936981392179,0.3330026178813003,0.07627118644067798,0.14265536723163835
466,0.260592162305822,0.4367674298161194,-0.2039412240726036,0.49572649572649574,0.5531914893617021,0.40425531914893614,0.09642420517396251,0.4588327143141052,0.515625,0.4716981132075472,0.06617658660297025,0.07871449802918039,0.05805016513920778,0.0914711765775596,0.6000000000000001,0.30000000000000004,0.1,0.0,0.0,True,True,0.08155726926860808,0.05028739547390384,0.26755882786676993,0.2779427232144866,0.09180790960451973,0.11652542372881358
466,0.21189029395720715,0.43540135298249033,-0.06115993970071388,0.5384615384615384,0.5957446808510638,0.3829787234042553,0.07035707783301443,0.33320447920651525,0.5185185185185185,0.5555555555555556,0.11093922779265131,0.14562691509813475,0.0783129257191057,0.15548281505728312,0.0,0.0,0.5,0.0,0.5,True,True,0.13921697766855112,0.08302635714208369,0.2096095258373478,0.26201483536101705,0.1998587570621469,0.10098870056497172
466,0.35907272926575834,0.43520490481549606,0.13320214427805813,0.5641025641025641,0.574468085106383,0.46938775510204084,0.31637187926516547,0.40720823290279023,0.6129032258064516,0.509090909090909,0.09620585889786312,0.13445386065799056,0.0674378980691808,0.09471480900052326,0.0,0.9,0.0,0.1,0.0,True,True,0.18737886532361375,0.0027510816000171187,0.4349020921060059,0.3427279002076469,0.15183615819209045,0.0423728813559322
466,0.16936922796535153,0.43488879006967895,-0.3051463645694486,0.47863247863247865,0.5957446808510638,0.2765957446808511,0.15312955720035978,0.18588889305387768,0.5254237288135594,0.43103448275862066,0.06633343506223374,0.09279387734590877,0.050853051371398054,0.20203673395162758,0.5,0.2,0.0,0.0,0.30000000000000004,True,True,0.09258741604162568,0.04286482920629184,0.1620863634056571,0.15290880650725994,0.1998587570621469,0.1906779661016949
466,0.22246536877736403,0.4339505291393898,0.08196464172214411,0.49572649572649574,0.5531914893617021,0.40425531914893614,0.21846471514209573,0.22555678295007145,0.5294117647058824,0.4696969696969697,0.10175529092019826,0.1687082849359662,0.04297607072743139,0.0914711765775596,0.1,0.0,0.5,0.1,0.30000000000000004,True,True,0.1297117004384074,0.07313091565285973,0.2502307260485643,0.22129976387506908,0.09957627118644069,0.06709039548022605
466,0.2964405880763634,0.4338713576128984,0.005112495217620628,0.49572649572649574,0.574468085106383,0.44680851063829785,0.16717658841898855,0.41924138775086933,0.5087719298245614,0.48333333333333334,0.054104645089098416,0.07005662382441144,0.04718192547652155,0.04891798508819789,0.6000000000000001,0.0,0.2,0.0,0.2,True,True,0.05659770517433434,0.05107270057700157,0.25914961841124323,0.2884193236194986,0.03319209039548027,0.016242937853107375
466,0.38273160905382064,0.4316214555671622,0.04176470284004099,0.5470085470085471,0.5319148936170213,0.46808510638297873,0.2241213472269308,0.5283410297473589,0.5535714285714286,0.5409836065573771,0.08703098344973284,0.1068761943505013,0.0763049403198778,0.07892344062556833,0.4,0.1,0.4,0.0,0.1,True,True,0.10601618891819466,0.07249689873185432,0.42133699842385763,0.3885405942909436,0.11793785310734467,0.10875706214689268
466,0.35614506035959165,0.43050747957851454,-0.09319057666939781,0.5811965811965812,0.6170212765957447,0.40425531914893614,0.3630593732611204,0.3493479392021565,0.6379310344827587,0.5254237288135594,0.13299122652966064,0.1428101988202889,0.1300924350397269,0.1769412620476451,0.1,0.4,0.1,0.0,0.4,True,True,0.1914293161961825,0.07537834141052094,0.47919946804636976,0.2825838438875571,0.23516949152542377,0.14265536723163835
466,0.29082416286664936,0.42978293304691045,0.036109625028884366,0.5299145299145299,0.5957446808510638,0.425531914893617,0.27625088967202704,0.30515043143085424,0.5862068965517241,0.4745762711864407,0.060354793246206746,0.10796948577803497,0.02798570467184023,0.1043826150209129,0.30000000000000004,0.1,0.0,0.1,0.5,True,True,0.0836464396252648,0.04383276481029315,0.27869327769679864,0.3076931207125015,0.12570621468926552,0.10875706214689268
466,0.232728980626658,0.42889260845178173,0.027246218941732927,0.48717948717948717,0.5531914893617021,0.425531914893617,0.3130138609733409,0.16150852225460058,0.5454545454545454,0.43548387096774194,0.08008262816525441,0.17270724680749505,-0.001711447471071881,0.061647572285870145,0.1,0.0,0.4,0.2,0.30000000000000004,True,True,0.11481080981929938,0.0439522028487871,0.3185256820539943,0.1560879070727407,0.0748587570621469,0.0748587570621469
466,0.2772839129553379,0.42814462671889847,-0.0015565703388972453,0.5470085470085471,0.5957446808510638,0.425531914893617,0.25580581976944977,0.2963370601363677,0.5636363636363636,0.532258064516129,0.14328586264117224,0.17497582651962745,0.1219423766546254,0.12147663211493004,0.0,0.2,0.4,0.0,0.4,True,True,0.1919150308860579,0.09499006733122795,0.31562255419181745,0.3536444708034506,0.2090395480225989,0.07627118644067798
466,0.33511014734103944,0.4277237859056307,-0.11471057456407216,0.5470085470085471,0.6170212765957447,0.40425531914893614,0.30346084725927874,0.37467177244324,0.5846153846153846,0.5,0.09573244576054274,0.16440817097121668,0.03277367084964674,0.14275322785961092,0.1,0.5,0.0,0.2,0.2,True,True,0.18183744638813065,0.015561781098774574,0.35109146628302074,0.32313887738322955,0.11793785310734467,0.10875706214689268
466,0.3736832047983778,0.42600556798151457,0.09558649653932871,0.5641025641025641,0.5957446808510638,0.40425531914893614,0.40488586789080305,0.33600451729054337,0.625,0.49056603773584906,0.11556211292010225,0.1588070402077021,0.08017887194266224,0.15984724495362795,0.1,0.5,0.0,0.1,0.30000000000000004,True,True,0.19038522867634788,0.03989529080794251,0.4246696674502626,0.3093552205364992,0.21822033898305082,0.09180790960451973
466,0.2233842953012778,0.42504490358038083,0.05366937137201142,0.5128205128205128,0.5319148936170213,0.44680851063829785,0.26493378963063086,0.18897612030978234,0.5471698113207547,0.484375,0.10839435487918811,0.1995495391560424,0.027816752810252178,0.06601200218221492,0.0,0.2,0.4,0.2,0.2,True,True,0.18174388659131044,0.033783049188014495,0.29816555862674093,0.19633683160600512,0.15042372881355937,0.10875706214689268
466,0.3276387833146896,0.4250421021819569,-0.12601346365111954,0.5470085470085471,0.5319148936170213,0.3829787234042553,0.3271259551735746,0.3280634691190504,0.5849056603773585,0.515625,0.1477965270222069,0.17955671760099357,0.12284893546355952,0.16402982360429175,0.1,0.2,0.5,0.0,0.2,True,True,0.19140642390547116,0.10110728553609322,0.3687663632849249,0.33513168513742414,0.19209039548022605,0.11793785310734467
466,0.3020468411413293,0.42432328771981914,-0.24748268335249915,0.5470085470085471,0.5957446808510638,0.3191489361702128,0.3173398016077224,0.2842050539305372,0.6031746031746031,0.48148148148148145,0.11278396517345676,0.1613141562312964,0.07064978759586713,0.22785961083833428,0.2,0.4,0.1,0.1,0.2,True,True,0.17326179522426485,0.053214622733993126,0.4389174907764196,0.23130107955728307,0.30155367231638414,0.1751412429378531
466,0.3657458526074315,0.42376353300281056,-0.11740599661901018,0.5726495726495726,0.574468085106383,0.3829787234042553,0.4010152401252708,0.331074251318708,0.6551724137931034,0.4915254237288136,0.13535240328782056,0.14060721659380854,0.1356219952294597,0.1896708492453173,0.2,0.6000000000000001,0.2,0.0,0.0,True,True,0.19671544471652735,0.0727855406582147,0.44459689904334004,0.29978263610406325,0.1348870056497175,0.23375706214689268
466,0.3459598066982332,0.423605234696534,-0.08705382820757286,0.5555555555555556,0.6170212765957447,0.40425531914893614,0.2960594712269427,0.39672049278109756,0.6101694915254238,0.5,0.07410062384984542,0.11789309328549862,0.04464292350151752,0.15130023640661944,0.2,0.2,0.0,0.1,0.5,True,True,0.10067832779247982,0.04852070782118079,0.3903809157136993,0.34417805471629426,0.21822033898305082,0.05932203389830504
466,0.22518603162487397,0.42353600276518283,0.0041150842356462965,0.5042735042735043,0.5106382978723404,0.40425531914893614,0.2293307865925755,0.22163338450970121,0.5370370370370371,0.47619047619047616,0.0932528898003706,0.1796923851281375,0.014621064198845598,0.10001818512456812,0.1,0.1,0.4,0.2,0.2,True,True,0.1392000572797645,0.0455974618290413,0.3766376500040743,0.1368475956342181,0.08403954802259889,0.14124293785310738
466,0.2519143051589705,0.42334304282348995,-0.27503558379718046,0.5299145299145299,0.6170212765957447,0.3191489361702128,0.2288277138613996,0.2746095982989554,0.5689655172413793,0.4915254237288136,0.10876614357155177,0.13180302168279615,0.09687477380012555,0.21076559374431714,0.30000000000000004,0.4,0.0,0.0,0.30000000000000004,True,True,0.14645499227104014,0.0683539079831585,0.25125232191510577,0.2709943993387557,0.2507062146892655,0.19209039548022605
466,0.20328695577791545,0.4230533517827147,-0.05408840188859678,0.5128205128205128,0.574468085106383,0.3829787234042553,0.17698995436610077,0.22360736595977226,0.5294117647058824,0.5,0.09981624830016499,0.16315138278020183,0.046647160439695655,0.12984178941625746,0.0,0.0,0.5,0.1,0.4,True,True,0.13754185917867345,0.06379782826154479,0.26123285349558695,0.16089774268949333,0.11652542372881358,0.12570621468926552
466,0.328246709443648,0.4227735209717558,-0.006774938393024634,0.5470085470085471,0.6170212765957447,0.46808510638297873,0.2268901343093202,0.4313508117354641,0.576271186440678,0.5172413793103449,0.0775818597469182,0.10384976489882852,0.06989274370869236,0.07892344062556833,0.2,0.1,0.1,0.0,0.6000000000000001,True,True,0.08879720503531649,0.06704554759159284,0.3116824942030603,0.3194641778347301,0.12570621468926552,0.0423728813559322
466,0.30570367514009955,0.42193569779802476,0.1425854927198014,0.5384615384615384,0.5319148936170213,0.425531914893617,0.20460174038046217,0.37358640276442745,0.5531914893617021,0.5285714285714286,0.10824306837404161,0.14903748740139094,0.08430996923087272,0.11292962356792141,0.2,0.0,0.6000000000000001,0.0,0.2,True,True,0.11751707670817485,0.09570669556219168,0.40418650288490554,0.20600231600578373,0.10875706214689268,0.12570621468926552
466,0.22223897926810499,0.4207731430280855,0.170346426742123,0.5213675213675214,0.574468085106383,0.48936170212765956,0.2633420260816255,0.1789726142012413,0.5833333333333334,0.45614035087719296,0.0586374550276299,0.1422019312260611,-0.014093774908107667,0.032005819239861844,0.1,0.1,0.1,0.2,0.5,True,True,0.10120980318580053,0.018398434513005945,0.25690123014587685,0.371441509918287,0.06709039548022605,0.017655367231638408
466,0.269891759917589,0.42002414969919644,-0.19400654255072697,0.5384615384615384,0.6170212765957447,0.3404255319148936,0.30106405319512486,0.23092639332066917,0.5846153846153846,0.4807692307692308,0.09316325281972042,0.14042036314983003,0.05440499134671513,0.19803600654664483,0.30000000000000004,0.4,0.0,0.1,0.2,True,True,0.13839388334294286,0.049831540293651916,0.3632916164997633,0.1147680887378677,0.20127118644067798,0.09957627118644069
466,0.3553488579398209,0.4189130501614243,-0.20332434164502566,0.5641025641025641,0.6382978723404256,0.3191489361702128,0.3068454370096014,0.4064050904979466,0.6,0.5263157894736842,0.11673319757136472,0.13491790908873028,0.10971861310088507,0.24495362793235131,0.2,0.4,0.0,0.0,0.4,True,True,0.16204066837045444,0.07309161796706592,0.4584083940542554,0.2533252867737153,0.2598870056497175,0.15042372881355937
466,0.3827653061977189,0.417855532828604,0.01916487896063763,0.5555555555555556,0.574468085106383,0.44680851063829785,0.28109963401359794,0.4729525960384714,0.5636363636363636,0.5483870967741935,0.12033671999905493,0.16132856780011387,0.08851233529845517,0.10874704491725773,0.2,0.1,0.4,0.0,0.30000000000000004,True,True,0.14462055359341505,0.09199814446695444,0.4160637429217186,0.39545203545010055,0.12570621468926552,0.11793785310734467
466,0.3359704775655967,0.41765372354687796,-0.008914842275447836,0.5555555555555556,0.5957446808510638,0.425531914893617,0.2966915647567275,0.3732854447340224,0.6140350877192983,0.5,0.0796845364935145,0.09578303620785734,0.08152904969513596,0.13002364066193856,0.2,0.2,0.0,0.0,0.6000000000000001,True,True,0.09277354040656535,0.06298715751399277,0.3740494046962667,0.36805754493742543,0.24293785310734467,0.034604519774011355
466,0.3250202548485258,0.4175006529743389,-0.12594005091999258,0.5470085470085471,0.5957446808510638,0.3829787234042553,0.28423913458945677,0.3651101696794749,0.603448275862069,0.4915254237288136,0.06418127172516669,0.08442622033551972,0.05736841791436609,0.16402982360429175,0.30000000000000004,0.1,0.0,0.0,0.6000000000000001,True,True,0.07455027303928925,0.05448018120465311,0.3219358242445758,0.299909115432875,0.2507062146892655,0.06709039548022605
466,0.25708802543123954,0.416945338287041,0.1441757552274566,0.5042735042735043,0.5957446808510638,0.46808510638297873,0.2741723252011646,0.2419325982159834,0.5454545454545454,0.46774193548387094,0.06299614863067414,0.11937996962694443,0.02320421747397662,0.036188397890525525,0.4,0.1,0.1,0.1,0.30000000000000004,True,True,0.09068631667749585,0.037365195025845614,0.24158401573997532,0.2512854584202793,0.008474576271186418,0.0748587570621469
466,0.4092772952902727,0.41252145922312944,-0.07437904989849181,0.5641025641025641,0.5957446808510638,0.40425531914893614,0.4934338191589021,0.32069148069171516,0.6333333333333333,0.49122807017543857,0.09614574655831956,0.16088081526547396,0.03772610344138853,0.15984724495362795,0.2,0.2,0.2,0.1,0.30000000000000004,True,True,0.1338989990046079,0.05814741372379337,0.477028574958253,0.24863594208975473,0.18432203389830504,0.15042372881355937
466,0.21585098229648694,0.4113785448430483,-0.006948780062886141,0.5128205128205128,0.5319148936170213,0.3829787234042553,0.1783564566924659,0.2428690963346785,0.5306122448979592,0.5,0.13004306808459193,0.16526044133404408,0.1072251245227813,0.12984178941625746,0.1,0.1,0.6000000000000001,0.0,0.2,True,True,0.15744421765971575,0.09725540879466324,0.2420689961065946,0.19825235136287775,0.15819209039548027,0.12570621468926552
466,0.36505903404563406,0.4098086404590063,0.039686282826805856,0.5299145299145299,0.5106382978723404,0.44680851063829785,0.2487996373774158,0.4518197778278864,0.56,0.5074626865671642,0.0792290288956738,0.10152353891142618,0.07051771608164639,0.08310601927623207,0.4,0.0,0.5,0.0,0.1,True,True,0.0789594919313646,0.0763527567412341,0.2888830052077282,0.4455350291453242,-0.008474576271186418,0.11793785310734467
466,0.3115819308558655,0.40912795117476464,0.04539717148949175,0.5299145299145299,0.5957446808510638,0.44680851063829785,0.3119769844495312,0.3112314800872911,0.5636363636363636,0.5,0.08185987136099246,0.11282171191368899,0.061903663056018424,0.08310601927623207,0.4,0.1,0.2,0.0,0.30000000000000004,True,True,0.10776894213309342,0.06259449002371821,0.32092351039479194,0.20446960603820358,0.12570621468926552,0.016242937853107375
466,0.2599990355255568,0.4090477764313523,-0.06855078518060961,0.5213675213675214,0.5319148936170213,0.425531914893617,0.31520201363752104,0.22159696379549476,0.5625,0.4927536231884058,0.13972932343116415,0.16575838588422082,0.11851948171248163,0.09583560647390438,0.1,0.2,0.6000000000000001,0.0,0.1,True,True,0.17940588698779128,0.10367221741275084,0.3467160386785603,0.2607326606023239,0.15042372881355937,0.18432203389830504
466,0.24833692880484573,0.40771970027359766,-0.33256717255691803,0.5384615384615384,0.574468085106383,0.2765957446808511,0.267507393225171,0.2251876887501134,0.59375,0.4716981132075472,0.11260132653073057,0.1547221058739172,0.07623466830665092,0.26186579378068736,0.2,0.5,0.0,0.1,0.2,True,True,0.1782144925538141,0.049275158097667596,0.33329437141242485,0.22554035184784513,0.24293785310734467,0.21680790960451973
466,0.33270408436961174,0.40707228424501934,-0.0528154142092052,0.5213675213675214,0.5106382978723404,0.44680851063829785,0.29255414229070326,0.36956304758959335,0.5714285714285714,0.47540983606557374,0.09028986397260037,0.13102402028082696,0.05622159764609108,0.07455901072922355,0.30000000000000004,0.2,0.4,0.1,0.0,True,True,0.1214346443707765,0.06585415315761566,0.5403126272472916,0.14385744664611233,0.11793785310734467,0.057909604519774005
466,0.2231359835195498,0.4065059954259563,0.15107341034198407,0.5213675213675214,0.5106382978723404,0.46808510638297873,0.16692072395534588,0.26810819117091284,0.5192307692307693,0.5230769230769231,0.11108168095744794,0.16026409951021517,0.07740935720860677,0.05328241498454267,0.2,0.0,0.5,0.0,0.30000000000000004,True,True,0.12207662382768149,0.0990181151794365,0.2896513530007836,0.37195205701783834,0.03319209039548027,0.09322033898305082
466,0.2781734152013314,0.4062025753971277,-0.21276867619965217,0.49572649572649574,0.5319148936170213,0.40425531914893614,0.24821386851297797,0.3086495057981045,0.576271186440678,0.41379310344827586,0.061194458232418585,0.09022834761305666,0.034445247674916135,0.0914711765775596,0.5,0.2,0.2,0.1,0.0,True,True,0.08372407435028588,0.04348340854769834,0.4342966175188614,0.1312480573793752,0.10098870056497172,0.0656779661016949
466,0.3800504703381792,0.40591184261664015,-0.1706575269082265,0.5811965811965812,0.574468085106383,0.3617021276595745,0.3970682043787903,0.3615132957582277,0.6229508196721312,0.5357142857142857,0.10080004602997238,0.15772020913860388,0.052009762300130546,0.21949445353700675,0.2,0.30000000000000004,0.1,0.1,0.30000000000000004,True,True,0.14255825679541945,0.05536052615893448,0.5197806271604648,0.23769205611067784,0.23516949152542377,0.1673728813559322
466,0.2866451930512622,0.40481890080247523,-0.15342757735224047,0.5470085470085471,0.574468085106383,0.3617021276595745,0.25664068076832297,0.3182288901911982,0.6,0.49122807017543857,0.1286965931401923,0.142168420775485,0.1178621983003112,0.18530641934897257,0.2,0.6000000000000001,0.0,0.0,0.2,True,True,0.191446327396005,0.07032861735460225,0.36742614533167456,0.28201228946599727,0.30155367231638414,0.2090395480225989
466,0.3929532999506847,0.4047981143402977,0.07571686757839616,0.5384615384615384,0.5319148936170213,0.46808510638297873,0.2268945379458865,0.5454006880206631,0.5357142857142857,0.5409836065573771,0.08538176148244521,0.11371721698296884,0.06556029965917928,0.0703764320785597,0.4,0.1,0.30000000000000004,0.0,0.2,True,True,0.10764253687568733,0.0702892856536911,0.43463952018004387,0.3454046154958468,0.14265536723163835,0.09180790960451973
466,0.22033086049864217,0.4029438503265013,0.03119787680394439,0.5042735042735043,0.5531914893617021,0.425531914893617,0.26856038406528504,0.18306259228805458,0.5294117647058824,0.48484848484848486,0.11965555748616269,0.18504404666591487,0.06480126223971439,0.07874158937988723,0.0,0.1,0.5,0.1,0.30000000000000004,True,True,0.16967168685053413,0.07250983785269118,0.26149311661165703,0.20621967104822814,0.057909604519774005,0.12570621468926552
466,0.17945871345574335,0.40002228901594833,-0.07012777046014955,0.49572649572649574,0.5319148936170213,0.3404255319148936,0.08359040085305518,0.24157057795889345,0.4782608695652174,0.5070422535211268,0.10705013198045854,0.13294274673614856,0.09004635839570597,0.15530096381160213,0.0,0.0,0.8,0.0,0.2,True,True,0.1301426726939731,0.08760780123531423,0.19627879953622948,0.149372204500647,0.09957627118644069,0.23375706214689268
466,0.33651651775901725,0.39975386284966913,-0.1867490322608509,0.5641025641025641,0.5531914893617021,0.3191489361702128,0.3270791277124159,0.347155030175186,0.6290322580645161,0.4909090909090909,0.1351214923062812,0.14576258262527872,0.12548637868339424,0.24495362793235131,0.2,0.5,0.1,0.0,0.2,True,True,0.19427691809727585,0.07611786193219598,0.317383870262022,0.2870130952244181,0.24293785310734467,0.2090395480225989
466,0.3068114894799954,0.39945670364542585,-0.12005539165295567,0.5299145299145299,0.574468085106383,0.3829787234042553,0.21947750339719896,0.38428518681150853,0.5636363636363636,0.5,0.07628248782278181,0.11031757759398798,0.05744512808915499,0.1469358065102746,0.4,0.1,0.1,0.0,0.4,True,True,0.09965213210044188,0.05717797497801745,0.36972953428315636,0.30225992827445847,0.18432203389830504,0.09180790960451973
466,0.37734404748247014,0.3992470638379868,-0.2847706637360813,0.5897435897435898,0.5531914893617021,0.3191489361702128,0.3336070604862042,0.4320152812278024,0.6307692307692307,0.5384615384615384,0.10926422441971204,0.14689165449953165,0.0750722075949209,0.270594653573377,0.2,0.6000000000000001,0.0,0.1,0.1,True,True,0.17653095573756236,0.040743300881249576,0.3947676218142509,0.2924082803698662,0.23516949152542377,0.23375706214689268
466,0.33554566008016284,0.3991039336780215,0.14951276602255617,0.5213675213675214,0.5106382978723404,0.48936170212765956,0.19545772073550738,0.44379543139194216,0.5294117647058824,0.5151515151515151,0.08070052654338764,0.10625997554589141,0.06463380552734393,0.032005819239861844,0.4,0.0,0.4,0.0,0.2,True,True,0.09071219491916954,0.07470948839495478,0.3537682788293175,0.4188705245588353,0.025423728813559365,0.10098870056497172
466,0.35789678280401804,0.3990898544908133,0.02592965274530092,0.5555555555555556,0.5957446808510638,0.425531914893617,0.3047111669977573,0.41018094749491835,0.603448275862069,0.5084745762711864,0.07879103206889077,0.11054269623793016,0.0605211484128171,0.13002364066193856,0.30000000000000004,0.1,0.1,0.0,0.5,True,True,0.09431822836469947,0.06683852165820332,0.3369556258182489,0.3246491597514907,0.1673728813559322,0.08403954802259889
466,0.33374937245526476,0.3985145623489799,0.05589293915250607,0.5641025641025641,0.5957446808510638,0.46808510638297873,0.36513978179361867,0.3007068363096291,0.6166666666666667,0.5087719298245614,0.08150523140793321,0.1605418949229385,0.008879691203287044,0.09601745771958536,0.1,0.30000000000000004,0.0,0.2,0.4,True,True,0.1441318529525773,0.024220043572598687,0.3775138177364239,0.21599969198747346,0.14265536723163835,0.025423728813559365
466,0.2603902899131958,0.39823835184495776,-0.19270069574509052,0.5470085470085471,0.5531914893617021,0.3404255319148936,0.2551035033632098,0.2672320136837658,0.5909090909090909,0.49019607843137253,0.09345723855423826,0.13081430710700007,0.059842350668029703,0.20658301509365345,0.30000000000000004,0.5,0.1,0.1,0.0,True,True,0.1454337275721614,0.047600039607789905,0.398968008440224,0.12669821454090802,0.19350282485875708,0.12429378531073448
466,0.36503660568472057,0.3972264463824668,0.001739550974701878,0.5726495726495726,0.5957446808510638,0.3829787234042553,0.35514610312970146,0.3750976341458606,0.6271186440677966,0.5172413793103449,0.12658592163611143,0.13797713800878936,0.12300152820095271,0.1896708492453173,0.1,0.5,0.0,0.0,0.4,True,True,0.19043408953962182,0.0686853486185873,0.36613682824272625,0.27427066351015367,0.14265536723163835,0.14265536723163835
466,0.2192911366286752,0.3963436107603778,0.04540577356051255,0.5042735042735043,0.5319148936170213,0.425531914893617,0.35984791810092265,0.09025540281808736,0.5892857142857143,0.4262295081967213,0.07806812891251444,0.1912266096886178,-0.02137714513007752,0.07874158937988723,0.0,0.2,0.30000000000000004,0.30000000000000004,0.2,True,True,0.14513214652496415,0.004146490569715054,0.25571873736052214,0.18988449048093992,0.13347457627118642,0.09180790960451973
466,0.3762991552691704,0.3950487445681499,-0.08408195924346881,0.5811965811965812,0.5531914893617021,0.40425531914893614,0.4034977162697759,0.34667215132208223,0.6557377049180327,0.5,0.14173530037666518,0.14934708765564253,0.14064569660057344,0.1769412620476451,0.2,0.5,0.2,0.0,0.1,True,True,0.20442417478432456,0.07893460900667838,0.39246368747356214,0.3241039222714676,0.1348870056497175,0.1673728813559322
466,0.28856396285851227,0.3949400329996763,-0.008357414755899257,0.5470085470085471,0.5531914893617021,0.3829787234042553,0.3876165381949487,0.21464413051788808,0.6,0.5074626865671642,0.13305038502735567,0.16956304005203798,0.10621689556705083,0.16402982360429175,0.0,0.1,0.6000000000000001,0.0,0.30000000000000004,True,True,0.17192508451012004,0.09553749167432522,0.30648111953772506,0.24880673901220607,0.1751412429378531,0.1596045197740113
466,0.2196002034551491,0.39484722878328615,0.0656153918734067,0.5213675213675214,0.5531914893617021,0.425531914893617,0.250937411969713,0.1927397390140943,0.5740740740740741,0.47619047619047616,0.07923269908638254,0.169928298778964,-0.0011198667639774366,0.09583560647390438,0.0,0.0,0.4,0.2,0.4,True,True,0.1239786745906977,0.03220348112893196,0.28938247582422244,0.14142904380357502,0.025423728813559365,0.13347457627118642
466,0.38143109428703303,0.393381930515833,-0.07734742027282064,0.5811965811965812,0.574468085106383,0.3829787234042553,0.3486866839757246,0.412538284082776,0.6491228070175439,0.5166666666666667,0.15189351736573176,0.16049369070999725,0.150734465137821,0.19821785779232592,0.1,0.5,0.2,0.0,0.2,True,True,0.2246748942109742,0.0781284022468442,0.4520766904345039,0.3642461443815683,0.27683615819209045,0.14265536723163835
466,0.3079330803272083,0.3901143931317193,-0.09738935858072986,0.49572649572649574,0.5531914893617021,0.425531914893617,0.17388601163657988,0.44903525789629084,0.5166666666666667,0.47368421052631576,0.056540532000498855,0.062270401057776134,0.053555746591122104,0.07019458083287872,0.7000000000000001,0.2,0.1,0.0,0.0,True,True,0.06898243444916977,0.041661978460665564,0.37107796404101934,0.27371491322412256,0.10875706214689268,0.057909604519774005
466,0.32566857001102667,0.389808415605118,-0.08585222260102238,0.5555555555555556,0.5319148936170213,0.425531914893617,0.32184243961858044,0.3301323888022139,0.6031746031746031,0.5,0.12182302282284807,0.13041128013075923,0.12575700069177861,0.13002364066193856,0.30000000000000004,0.5,0.2,0.0,0.0,True,True,0.17054358453154,0.07334689943913628,0.366261562678426,0.19162578818003576,0.07627118644067798,0.1751412429378531
466,0.37713280390808324,0.38968909824669157,0.11242648687245406,0.5384615384615384,0.5531914893617021,0.46808510638297873,0.265926086175865,0.47245284767855583,0.5555555555555556,0.5238095238095238,0.07991149774763188,0.1104800804561714,0.05512116782194236,0.0703764320785597,0.4,0.0,0.30000000000000004,0.0,0.30000000000000004,True,True,0.09740968292771794,0.06906205980816574,0.4683205174968552,0.30827700693817883,0.10098870056497172,0.06709039548022605
466,0.23562376820549497,0.38853165515047017,-0.275825134412143,0.5128205128205128,0.574468085106383,0.3404255319148936,0.213107963108266,0.2593246156762623,0.55,0.47368421052631576,0.08390444874881463,0.11097581504867066,0.06656857597932363,0.17239498090561917,0.4,0.30000000000000004,0.0,0.0,0.30000000000000004,True,True,0.11503680134223807,0.053227076820254064,0.2939996069735524,0.14123321864494234,0.22598870056497172,0.14124293785310738
466,0.35970093077624704,0.3858341316361058,-0.03644621014964397,0.5726495726495726,0.5106382978723404,0.3829787234042553,0.3297457078267006,0.38366510913588414,0.5961538461538461,0.5538461538461539,0.12300102962710746,0.16245913052631347,0.09578374432668427,0.1896708492453173,0.2,0.1,0.5,0.0,0.2,True,True,0.1435316768091452,0.09928685076604789,0.4140818117379515,0.2801827073514858,0.18432203389830504,0.1596045197740113
466,0.3200596576529327,0.3848213305021102,-0.18735853927303428,0.5299145299145299,0.574468085106383,0.3404255319148936,0.368824302861204,0.2752921145109131,0.6071428571428571,0.45901639344262296,0.06503561780347633,0.09717350445319936,0.0510319710217404,0.1894889979996363,0.4,0.1,0.0,0.0,0.5,True,True,0.08134729597069613,0.04843263375460657,0.33496850404792927,0.17978679981603196,0.2090395480225989,0.09957627118644069
466,0.26181523776962345,0.3848213305021102,0.014315599844105041,0.5128205128205128,0.574468085106383,0.425531914893617,0.22525550585754803,0.296546983086095,0.5614035087719298,0.4666666666666667,0.057142754309842225,0.11129706732292839,0.019237586599701404,0.08728859792689575,0.4,0.1,0.0,0.1,0.4,True,True,0.08469450841304922,0.0328882592162973,0.24670376510760597,0.20343998478153252,0.0501412429378531,0.09957627118644069
466,0.29266439855231363,0.38157177186085495,0.12535698985935143,0.5384615384615384,0.5957446808510638,0.48936170212765956,0.22158307012077091,0.36254095870535563,0.5689655172413793,0.5084745762711864,0.07824529337248859,0.11525130363605816,0.04986721347131925,0.04909983633387888,0.30000000000000004,0.0,0.2,0.0,0.5,True,True,0.09101875255130402,0.07114724889687266,0.26490020716586177,0.2909080048531834,0.06709039548022605,0.0007062146892655718
466,0.35149106783478773,0.38122363007231586,0.0737889016496341,0.5555555555555556,0.5531914893617021,0.44680851063829785,0.24292445556416428,0.45115877746027794,0.5535714285714286,0.5573770491803278,0.10665823026071232,0.15201273093622916,0.06829991140888289,0.10874704491725773,0.2,0.0,0.4,0.0,0.4,True,True,0.11971075534851379,0.0933338598641118,0.3734522705440384,0.3754929553940371,0.08403954802259889,0.1348870056497175
466,0.16952431276914084,0.38010503748433316,-0.12402737546315545,0.49572649572649574,0.5957446808510638,0.3829787234042553,0.19010334467979467,0.14786217391582096,0.5333333333333333,0.45614035087719296,0.0655661238599584,0.11895706462474845,0.02596651181198336,0.11274777232224042,0.4,0.2,0.0,0.1,0.30000000000000004,True,True,0.09608892007487538,0.03626636507170125,0.23010919850924255,0.1078415867910337,0.15042372881355937,0.0826271186440678
466,0.27899614252883903,0.379398453871449,-0.25001426748294203,0.5213675213675214,0.5957446808510638,0.3404255319148936,0.2100887721198018,0.3566735418990264,0.5483870967741935,0.4909090909090909,0.07497813936887086,0.12332426692709661,0.040055545922399,0.1809419894526278,0.30000000000000004,0.2,0.0,0.1,0.4,True,True,0.10120681723483817,0.04485396003941645,0.4113195884549163,0.19355560912780548,0.18432203389830504,0.11652542372881358
466,0.24538339133174833,0.3793519503353358,-0.15430085918866962,0.5299145299145299,0.5319148936170213,0.3617021276595745,0.3253350190629867,0.17198517570962782,0.5892857142857143,0.47540983606557374,0.10592854658251814,0.16840912064534105,0.05349793415470849,0.16821240225495543,0.0,0.30000000000000004,0.5,0.2,0.0,True,True,0.17237496778844724,0.04019886248911464,0.3749763280689394,0.14280096576857743,0.17655367231638414,0.1998587570621469
466,0.2006510941196639,0.37782892266163787,-0.20675340585822377,0.5042735042735043,0.5957446808510638,0.3829787234042553,0.2241691999062065,0.16913683236569688,0.5522388059701493,0.44,0.06954566821878114,0.1398364461373973,0.004516597666019196,0.12129478086924894,0.30000000000000004,0.4,0.0,0.2,0.1,True,True,0.11589374218827662,0.030087437213614107,0.34981104851303135,0.02126829068518779,0.14265536723163835,0.0903954802259887
466,0.3507331117411553,0.37760435346486393,-0.04154486499898922,0.5555555555555556,0.5106382978723404,0.3617021276595745,0.3894552813977906,0.31975537601584697,0.5961538461538461,0.5230769230769231,0.1556188231417195,0.17953286396984736,0.140182698726192,0.1938534278959811,0.0,0.30000000000000004,0.6000000000000001,0.0,0.1,True,True,0.2100954909788124,0.10623615397242103,0.3972469636381403,0.2869513841722325,0.19209039548022605,0.20127118644067798
466,0.21684924612994724,0.3774992946867128,-0.14307287394666804,0.5128205128205128,0.5319148936170213,0.3829787234042553,0.2788708360322814,0.16368788335651804,0.5555555555555556,0.47619047619047616,0.1139436210241725,0.15891686630110435,0.07567498411619845,0.12984178941625746,0.1,0.2,0.6000000000000001,0.1,0.0,True,True,0.1535664626766121,0.07605018037704941,0.22247569856549762,0.1870930180328837,0.09180790960451973,0.13347457627118642
466,0.23634339471270568,0.3745042326715707,0.05373524913683656,0.5213675213675214,0.574468085106383,0.46808510638297873,0.3183593239550733,0.14388907447585497,0.5806451612903226,0.45454545454545453,0.0677484857388857,0.15321684235846286,-0.007508140987681389,0.05328241498454267,0.30000000000000004,0.2,0.1,0.2,0.2,True,True,0.11272163946264264,0.03309428983269936,0.32966652384045664,0.12206529279321396,0.05932203389830504,0.09957627118644069
466,0.19455003576057125,0.3731054448863376,-0.13872476002461803,0.5128205128205128,0.5531914893617021,0.425531914893617,0.23659481696120133,0.147154100588952,0.5645161290322581,0.45454545454545453,0.09477104241472085,0.1104989645808288,0.08463292146187289,0.08728859792689575,0.4,0.4,0.1,0.0,0.1,True,True,0.1318287396707127,0.060280378027897874,0.3086244987895021,0.3066529392231347,0.10098870056497172,0.13347457627118642
466,0.27043036353441247,0.37228024332732484,-0.3296753386464694,0.5384615384615384,0.5531914893617021,0.3404255319148936,0.25802344152396006,0.285939016047478,0.5846153846153846,0.4807692307692308,0.1132829866966003,0.15456308166627594,0.07462738289773804,0.19803600654664483,0.2,0.5,0.1,0.1,0.1,True,True,0.1769026647643555,0.049645416016998845,0.38968512034749586,0.30594220076371886,0.23516949152542377,0.19209039548022605
466,0.3109710883663653,0.3709598767084345,-0.14916927510585373,0.5470085470085471,0.574468085106383,0.3617021276595745,0.2748744966526993,0.3441089430543208,0.5535714285714286,0.5409836065573771,0.1312060208862833,0.16891899201109087,0.09845258568008844,0.18530641934897257,0.0,0.1,0.5,0.0,0.4,True,True,0.1684345078351343,0.09367027700586977,0.33496018921755916,0.24084486541158567,0.21680790960451973,0.10098870056497172
466,0.25379540303452447,0.3705045086060921,-0.09674185992937831,0.5299145299145299,0.574468085106383,0.3617021276595745,0.27243363717571095,0.23939313119815317,0.5490196078431373,0.5151515151515151,0.12045684098648826,0.14720721816156979,0.10422286489385381,0.16821240225495543,0.1,0.1,0.7000000000000001,0.0,0.1,True,True,0.14181276437181972,0.09574451760771475,0.2695098182616006,0.2796787515236676,0.1751412429378531,0.18432203389830504
466,0.3202000875009246,0.3684161050837051,-0.16890671591905054,0.5726495726495726,0.5319148936170213,0.3404255319148936,0.2966142811649651,0.34502725206509244,0.6333333333333333,0.5087719298245614,0.13395331414832656,0.14527258928548406,0.1281761521258447,0.232224040734679,0.2,0.6000000000000001,0.1,0.0,0.1,True,True,0.2001691946629775,0.07037687354858667,0.3564933730831648,0.3670568282081767,0.21822033898305082,0.2507062146892655
466,0.2779547843584223,0.3654013338071849,0.07985118866459519,0.5299145299145299,0.574468085106383,0.48936170212765956,0.2584768572989728,0.2984578654736323,0.5833333333333334,0.47368421052631576,0.05388381158035252,0.13347696868369344,-0.011198169256701834,0.04055282778687036,0.30000000000000004,0.1,0.0,0.2,0.4,True,True,0.08717185239481129,0.02415534796841446,0.36401488799743814,0.11808465408882067,0.034604519774011355,0.04096045197740111
466,0.2975844095727077,0.3606497070859988,0.013645723994690016,0.5042735042735043,0.48936170212765956,0.46808510638297873,0.21379791844922108,0.37191113556934896,0.5454545454545454,0.46774193548387094,0.050455915665016664,0.05771733921274724,0.05121284776715328,0.036188397890525525,0.7000000000000001,0.0,0.2,0.0,0.1,True,True,0.05187592138587341,0.05106175209013963,0.306582202007785,0.24626572642873568,0.008474576271186418,0.057909604519774005
466,0.35543044634571314,0.3605430484648358,0.1164753655879909,0.5299145299145299,0.5531914893617021,0.44680851063829785,0.2375242817639644,0.44039224141197325,0.5306122448979592,0.5294117647058824,0.0988899294892537,0.13047936236965563,0.08102412963367502,0.08310601927623207,0.2,0.0,0.7000000000000001,0.0,0.1,True,True,0.10186969834847961,0.091443752904945,0.3928888545453384,0.31584189322453443,0.0501412429378531,0.10098870056497172
466,0.3392910080963232,0.3604677757513131,-0.23936992165912901,0.5641025641025641,0.5531914893617021,0.2978723404255319,0.3242395369187228,0.3551346619674814,0.6166666666666667,0.5087719298245614,0.12394356992733328,0.13745683055601127,0.11447468614605788,0.2662302236770322,0.1,0.8,0.0,0.0,0.1,True,True,0.19842947469235156,0.047280056409782036,0.34969027232302435,0.3071868036462619,0.2598870056497175,0.23375706214689268
466,0.31540328207304186,0.3592174609281099,-0.2163128795902293,0.5384615384615384,0.574468085106383,0.3404255319148936,0.3746566935978194,0.25085938737640917,0.6065573770491803,0.4642857142857143,0.10326726009855557,0.14987037668891207,0.06346559560533098,0.19803600654664483,0.2,0.4,0.0,0.1,0.30000000000000004,True,True,0.15844807000013475,0.04925624707490605,0.4414993683453609,0.2138468623402826,0.30155367231638414,0.19209039548022605
466,0.29845918861377063,0.3567407125722425,-0.1466543424731865,0.5128205128205128,0.5106382978723404,0.40425531914893614,0.30907776442089946,0.28935755220766013,0.5740740740740741,0.4603174603174603,0.10441157589398932,0.14789450090896938,0.06677386244079257,0.10856519367157663,0.2,0.2,0.5,0.1,0.0,True,True,0.13570748997080384,0.07722863569018974,0.4523754537650895,0.14721538589799132,0.14265536723163835,0.09957627118644069
466,0.29865027074871153,0.35529418687395775,0.09428902160198775,0.5128205128205128,0.5106382978723404,0.44680851063829785,0.44045045989480874,0.15925347463898884,0.603448275862069,0.423728813559322,0.06384626432941254,0.17201797625749998,-0.038221496215484464,0.06601200218221492,0.1,0.1,0.30000000000000004,0.30000000000000004,0.2,True,True,0.11387123058314695,0.00813870700637542,0.4166021271373545,0.1971631733230775,0.08403954802259889,0.0748587570621469
466,0.15152569806690344,0.3531201060111628,-0.19158839774851197,0.5042735042735043,0.574468085106383,0.3617021276595745,0.17761259368274604,0.11891707854710029,0.5538461538461539,0.4423076923076923,0.07403164548275805,0.11212404638780855,0.04293869199699155,0.14257137661392977,0.4,0.5,0.0,0.1,0.0,True,True,0.11155565206960845,0.04093194257398464,0.2746665174840656,0.03606286676250274,0.22598870056497172,0.14901129943502822
466,0.30524927434696797,0.35298954741621535,-0.07385807051143399,0.5299145299145299,0.5531914893617021,0.3617021276595745,0.33488704903150057,0.2770933883966618,0.5964912280701754,0.4666666666666667,0.05388212472649115,0.07935562443946624,0.03803559045507762,0.16821240225495543,0.4,0.0,0.0,0.0,0.6000000000000001,True,True,0.06366031387313281,0.04820111352801081,0.17823984747900892,0.2707940702226948,0.13347457627118642,0.13347457627118642
466,0.34794346772017043,0.3526972428555195,-0.12568960965896855,0.5641025641025641,0.5319148936170213,0.3829787234042553,0.2824128577558137,0.4218143371345362,0.5967741935483871,0.5272727272727272,0.12275909317787251,0.13861472584251838,0.10982775907142818,0.18112384069830878,0.2,0.7000000000000001,0.0,0.0,0.1,True,True,0.1892168162865671,0.05634142441261674,0.3266683923775607,0.28567492151793616,0.1596045197740113,0.23375706214689268
466,0.2011989630670127,0.3521229096963489,0.028855221162478364,0.5042735042735043,0.5319148936170213,0.3829787234042553,0.12076469068890619,0.2533113085514198,0.5,0.5070422535211268,0.1091680186392649,0.14455548949915173,0.08854473019816968,0.12129478086924894,0.1,0.0,0.7000000000000001,0.0,0.2,True,True,0.12601310251304468,0.09097595392084369,0.20477742587460818,0.19141588260116352,0.14124293785310738,0.10875706214689268
466,0.2800331674616853,0.3484893682224827,-0.07265536026405515,0.5384615384615384,0.5106382978723404,0.3829787234042553,0.27959034889401324,0.28041272623397556,0.5740740740740741,0.5079365079365079,0.12825493872997204,0.16746143575792893,0.09318417822036193,0.15548281505728312,0.0,0.30000000000000004,0.6000000000000001,0.1,0.0,True,True,0.18586748487031413,0.07240532956900897,0.3451925228849844,0.23088305174061347,0.08403954802259889,0.2090395480225989
466,0.274904868297716,0.3470642168543839,0.019375735155929837,0.5384615384615384,0.48936170212765956,0.44680851063829785,0.31383600772674436,0.24266501845805166,0.5849056603773585,0.5,0.10013822977657873,0.15951867353689675,0.054394026919119445,0.09165302782324058,0.2,0.1,0.5,0.1,0.1,True,True,0.12401152005128353,0.07438700569102112,0.5084022863483681,0.17329738502123324,0.11793785310734467,0.0501412429378531
466,0.24633393097236456,0.3468518614051572,-0.10431671473592741,0.5299145299145299,0.5106382978723404,0.3617021276595745,0.29859957181673746,0.20153481024861636,0.5740740740740741,0.49206349206349204,0.1258478534846418,0.1761342184821643,0.08321352647130424,0.16821240225495543,0.0,0.2,0.6000000000000001,0.1,0.1,True,True,0.18187924970160355,0.07037090164666197,0.237829533748037,0.27436840481959585,0.1751412429378531,0.22598870056497172
466,0.31858067711518406,0.3451362091493516,-0.1922037171920045,0.5470085470085471,0.5319148936170213,0.3617021276595745,0.31329184736222404,0.3249671885149847,0.59375,0.49056603773584906,0.09207131049608139,0.13015022516836355,0.05741925302393411,0.18530641934897257,0.30000000000000004,0.6000000000000001,0.0,0.1,0.0,True,True,0.14428772272371806,0.04019294778282805,0.41787760439075256,0.21989600098389925,0.21822033898305082,0.1998587570621469
466,0.26096513255774745,0.3451120135579536,-0.2511417508649511,0.5384615384615384,0.5531914893617021,0.3404255319148936,0.1817740841206483,0.35023504170502273,0.5645161290322581,0.509090909090909,0.09139487542577854,0.11361213886623293,0.07542185917899351,0.19803600654664483,0.4,0.4,0.0,0.0,0.2,True,True,0.131019609108021,0.05562479601168956,0.2494724441611446,0.17569329239090728,0.1673728813559322,0.14124293785310738
466,0.2057540987935288,0.3444247853332328,-0.23116077783689992,0.5299145299145299,0.574468085106383,0.3191489361702128,0.2930884179543312,0.1106220725647975,0.5901639344262295,0.4642857142857143,0.08380193348659028,0.13431283967510782,0.04171914861850789,0.21076559374431714,0.30000000000000004,0.30000000000000004,0.0,0.1,0.30000000000000004,True,True,0.12286892529063444,0.047072521604441614,0.36794431400240707,0.2033151676616547,0.2846045197740113,0.21680790960451973
466,0.19331575020199482,0.34246103907872383,-0.17973489668936823,0.5042735042735043,0.5531914893617021,0.3617021276595745,0.24134263974621276,0.12895971821274282,0.5522388059701493,0.44,0.0733404878333091,0.11475335908588145,0.03458678846751497,0.14257137661392977,0.4,0.4,0.0,0.1,0.1,True,True,0.10912555918698723,0.04599160735607134,0.23945445223415918,0.000829619243691645,0.10875706214689268,0.13206214689265533
466,0.3316303814552545,0.332719310992732,0.050037488335194405,0.5384615384615384,0.5319148936170213,0.425531914893617,0.28914171131711625,0.3644625356529067,0.5686274509803921,0.5151515151515151,0.1169259309048191,0.14740152586528146,0.0992220891440765,0.11292962356792141,0.2,0.1,0.6000000000000001,0.0,0.1,True,True,0.1267884544462679,0.09487261992670888,0.43207009882213016,0.22692306980772145,0.10875706214689268,0.10875706214689268
466,0.20002650861250992,0.3311938469376052,-0.09646050932111258,0.5128205128205128,0.5106382978723404,0.3404255319148936,0.22590650355050418,0.1807130795543052,0.54,0.4925373134328358,0.13527464501009318,0.1552061358059253,0.11900939227277972,0.17239498090561917,0.0,0.2,0.7000000000000001,0.0,0.1,True,True,0.17518773359497986,0.09202004144067832,0.18941411623560217,0.22051914636617082,0.14124293785310738,0.2090395480225989
466,0.244078936335283,0.32924014110143135,-0.03566227029528461,0.5384615384615384,0.5319148936170213,0.3829787234042553,0.19182019537989806,0.28307799674974937,0.54,0.5373134328358209,0.11462584104964185,0.15163653929502782,0.08401392968578923,0.15548281505728312,0.0,0.0,0.6000000000000001,0.0,0.4,True,True,0.14264186342236523,0.0900373700016787,0.24041994644238487,0.24010486793428137,0.11652542372881358,0.1596045197740113
466,0.1681175039856159,0.3289816921608077,-0.17843103646603792,0.47863247863247865,0.5319148936170213,0.40425531914893614,0.1196033874131406,0.2309004783735251,0.5151515151515151,0.43137254901960786,0.07605306980017482,0.09033767675581003,0.06953091759803476,0.07437715948354251,0.5,0.4,0.1,0.0,0.0,True,True,0.10219019041843838,0.05320964614905588,0.1833290113418628,0.16344054606169786,0.0501412429378531,0.12429378531073448
466,0.2269627769418826,0.3257302477310838,0.06258742396211384,0.49572649572649574,0.48936170212765956,0.425531914893617,0.36335777247150436,0.08821614355830194,0.5932203389830508,0.39655172413793105,0.07099940381411395,0.17330259368485204,-0.02690869885210047,0.07019458083287872,0.1,0.2,0.30000000000000004,0.30000000000000004,0.1,True,True,0.1266700117247614,0.012611661547973944,0.36647902365700175,0.09242066708764383,0.14265536723163835,0.02401129943502822
466,0.2684920768357629,0.32555811637313714,-0.16808718915101334,0.5384615384615384,0.5531914893617021,0.3191489361702128,0.23472794086152093,0.3078835688057119,0.5714285714285714,0.5,0.11194459215690433,0.13122109233494217,0.100567296611787,0.21931260229132565,0.30000000000000004,0.5,0.0,0.0,0.2,True,True,0.15887157757918202,0.06708189257151276,0.2899093628552529,0.14932497176157566,0.22598870056497172,0.15819209039548027
466,0.2375185316912418,0.3241773198594237,-0.12510219211346632,0.5299145299145299,0.5319148936170213,0.3829787234042553,0.271203011807671,0.21238085996256334,0.56,0.5074626865671642,0.12583765159860397,0.14125524023994665,0.116059462866468,0.1469358065102746,0.1,0.2,0.7000000000000001,0.0,0.0,True,True,0.1585948040972075,0.09598140305072775,0.22874639099607488,0.23800391716523148,0.1751412429378531,0.1673728813559322
466,0.2157684362178716,0.3231389595169216,-0.03554267650528994,0.5042735042735043,0.5106382978723404,0.3829787234042553,0.2612050481510088,0.17814124196074244,0.5283018867924528,0.484375,0.08349658979722151,0.1747248664419436,0.004955921273249501,0.12129478086924894,0.0,0.0,0.5,0.2,0.30000000000000004,True,True,0.13178295508929003,0.03500828439956495,0.28079719394746366,0.1503885839651147,0.0748587570621469,0.13347457627118642
466,0.25469402098516863,0.32212354292888074,-0.18241442336661814,0.5384615384615384,0.5531914893617021,0.3617021276595745,0.23148757306180684,0.2857906612024735,0.5671641791044776,0.5,0.09251754531955786,0.1319011381760983,0.05439452530219198,0.17675941080196395,0.30000000000000004,0.5,0.0,0.1,0.1,True,True,0.13697552381281464,0.04724172549230805,0.357479136144063,0.13137618680843796,0.20127118644067798,0.182909604519774
466,0.19844738079772517,0.321359024383516,-0.29711398170328795,0.49572649572649574,0.5531914893617021,0.3617021276595745,0.1411191447749085,0.27010767582624606,0.5230769230769231,0.46153846153846156,0.07318643023603476,0.09298073083420348,0.05730861190310959,0.13402436806692125,0.5,0.4,0.0,0.0,0.1,True,True,0.10195335333618398,0.04859984704815625,0.181885557610485,0.21381229968688759,0.10875706214689268,0.182909604519774
466,0.1208997742422527,0.31869971131563735,-0.08016752503581984,0.4700854700854701,0.5531914893617021,0.425531914893617,0.17682030157686718,0.055659159018535756,0.5079365079365079,0.42592592592592593,0.05293428969936737,0.125925306623329,-0.01045258818019527,0.044553555191853056,0.4,0.2,0.0,0.2,0.2,True,True,0.08711910059447646,0.021973613131924925,0.28415880461408094,-0.005877359204360358,0.0423728813559322,0.03177966101694918
466,0.16994247982613447,0.31821759282226497,-0.14208737021935697,0.48717948717948717,0.574468085106383,0.40425531914893614,0.18148591491360747,0.1550039167717577,0.5151515151515151,0.45098039215686275,0.06944087910196758,0.1475968274702909,0.0013506181265593472,0.08292416803055103,0.30000000000000004,0.30000000000000004,0.0,0.2,0.2,True,True,0.1183183068830718,0.031155412341147538,0.3472947010607807,0.03571728332298603,0.14265536723163835,0.0656779661016949
466,0.17683373274594977,0.3162642875593399,0.036968412637286105,0.49572649572649574,0.48936170212765956,0.425531914893617,0.2995468088132198,0.06797535881530709,0.5636363636363636,0.43548387096774194,0.07721297447737929,0.1757977828928732,-0.00985751879159311,0.07019458083287872,0.0,0.2,0.4,0.30000000000000004,0.1,True,True,0.14432793039910488,0.01497155812521696,0.2656467570762603,0.08090526475904757,0.06709039548022605,0.12429378531073448
466,0.21667304121388078,0.31596624920685445,-0.017312422418677118,0.5042735042735043,0.46808510638297873,0.40425531914893614,0.24894081033025975,0.1890149533998417,0.5555555555555556,0.4603174603174603,0.08005948730180272,0.16699231434538722,0.007319752186264624,0.10001818512456812,0.1,0.0,0.5,0.2,0.2,True,True,0.11276443809310298,0.04644049531741111,0.29991867757685015,0.13605196412157797,0.03319209039548027,0.13347457627118642
466,0.26460573784133,0.3147456899816095,-0.14845913564976776,0.5299145299145299,0.5319148936170213,0.40425531914893614,0.2785059314203734,0.24723049586752582,0.5846153846153846,0.46153846153846156,0.09679960036407394,0.1105983547106046,0.09437431699756625,0.12565921076559378,0.4,0.5,0.1,0.0,0.0,True,True,0.13395871802385487,0.06238447813936633,0.3551240063650685,0.12080429338038912,0.10098870056497172,0.15819209039548027
466,0.2672127369336341,0.3133597660776219,-0.20947002201390236,0.5213675213675214,0.574468085106383,0.3404255319148936,0.2973391971685845,0.23759689466876766,0.5862068965517241,0.4576271186440678,0.07576564219896437,0.10369001985747728,0.059709324871630755,0.1809419894526278,0.4,0.2,0.0,0.0,0.4,True,True,0.10214544960588108,0.05143550581793613,0.3459577973008932,0.18455931950480162,0.26765536723163835,0.09957627118644069
466,0.30350335173075715,0.3116604690286557,-0.19894342366767423,0.5555555555555556,0.5106382978723404,0.3829787234042553,0.24817887983520964,0.37031026118953164,0.59375,0.5094339622641509,0.11167681547266536,0.12714532892204658,0.09706445191459717,0.17257683215130026,0.30000000000000004,0.7000000000000001,0.0,0.0,0.0,True,True,0.1643275631697389,0.06070286753200686,0.3383741604638694,0.34357344651097677,0.1596045197740113,0.12570621468926552
466,0.2856987314437146,0.30828375922433127,0.0013073652346486091,0.5299145299145299,0.5106382978723404,0.3617021276595745,0.09691863344020604,0.41245108296035604,0.48936170212765956,0.5571428571428572,0.09983578117953013,0.12448017413638901,0.08578219282712965,0.16821240225495543,0.1,0.0,0.8,0.0,0.1,True,True,0.11106642731251395,0.09031605875816459,0.3484166991070228,0.20118925985763164,0.1751412429378531,0.1673728813559322
466,0.2934929494947359,0.3074312939612137,-0.1369911513273478,0.5470085470085471,0.5106382978723404,0.40425531914893614,0.23660992834965325,0.35761562787646556,0.5806451612903226,0.509090909090909,0.11900711565653813,0.1297190278768709,0.1140066229907123,0.14275322785961092,0.30000000000000004,0.6000000000000001,0.1,0.0,0.0,True,True,0.1663722110371387,0.06747751516414598,0.3747209310823031,0.250501676320546,0.14265536723163835,0.13347457627118642
466,0.23926869234737158,0.3070957736786459,-0.18237185998400357,0.5213675213675214,0.5106382978723404,0.3404255319148936,0.2213192732893584,0.2536282275937821,0.5192307692307693,0.5230769230769231,0.12183820123866045,0.13303468260619117,0.11227424343059411,0.1809419894526278,0.0,0.2,0.8,0.0,0.0,True,True,0.15484743563945974,0.08787056492000093,0.2462693825573172,0.21126344802984334,0.09180790960451973,0.19209039548022605
466,0.2777980863315435,0.3048628057692627,-0.01950711498460552,0.5128205128205128,0.48936170212765956,0.3829787234042553,0.38778623933107875,0.1659135858664988,0.5932203389830508,0.43103448275862066,0.10203105287633081,0.1811583895423304,0.028940108255737333,0.12984178941625746,0.1,0.2,0.4,0.2,0.1,True,True,0.14879491303877868,0.05154348551206524,0.37908620289952183,0.15943660692447456,0.14265536723163835,0.12429378531073448
466,0.2866069783984933,0.3018656117168454,-0.14545904444967556,0.5384615384615384,0.574468085106383,0.3617021276595745,0.28772796719564536,0.28546666220828676,0.576271186440678,0.5,0.08898813347309836,0.13570430149196888,0.05200902706055351,0.17675941080196395,0.2,0.30000000000000004,0.0,0.1,0.4,True,True,0.12637642318628356,0.049645416016998845,0.41257199914468723,0.29628087750732873,0.2846045197740113,0.15042372881355937
466,0.27872895109181484,0.29916743658369677,-0.19964802778174262,0.5213675213675214,0.574468085106383,0.3617021276595745,0.23632718561917518,0.3233623884314355,0.5666666666666667,0.47368421052631576,0.09451740023623664,0.12076723600577337,0.08646753107464106,0.1596653937079469,0.30000000000000004,0.30000000000000004,0.0,0.0,0.4,True,True,0.12089723054418912,0.06182761294860366,0.4490339876615823,0.21959515016350867,0.2846045197740113,0.0748587570621469
466,0.28923128155395184,0.29726716432720796,-0.18156352117199093,0.5213675213675214,0.5106382978723404,0.3829787234042553,0.4031834061628022,0.18461949502779396,0.6071428571428571,0.4426229508196721,0.08181035488973563,0.14865185369786088,0.02133328741969478,0.13838879796326609,0.2,0.2,0.4,0.2,0.0,True,True,0.11755091748574814,0.0515245744893037,0.5626539075157426,0.17322588593374705,0.2598870056497175,0.057909604519774005
466,0.2394624165997178,0.29438078681174634,-0.04848007032555986,0.5299145299145299,0.5106382978723404,0.3404255319148936,0.1746551731862699,0.28454571636559456,0.5416666666666666,0.5217391304347826,0.11380508687657331,0.14733990398482047,0.08655917203720569,0.1894889979996363,0.0,0.0,0.7000000000000001,0.0,0.30000000000000004,True,True,0.13899800793131223,0.08761078718627657,0.2676461857024897,0.15691267150817967,0.15819209039548027,0.2090395480225989
466,0.2160947980713613,0.29055626018232583,-0.10165986084709513,0.5128205128205128,0.48936170212765956,0.3617021276595745,0.15112089803660111,0.2663019026436761,0.5098039215686274,0.5151515151515151,0.10703638431695633,0.1237655591033011,0.09833397050882602,0.15111838516093828,0.1,0.1,0.8,0.0,0.0,True,True,0.12319536012157485,0.08896143233824569,0.23141020724883027,0.19640369538750657,0.11652542372881358,0.19209039548022605
466,0.16387097831052097,0.2903606247195931,-0.2730622364248014,0.48717948717948717,0.5306122448979592,0.3617021276595745,0.1616147469024888,0.1666912675705612,0.5384615384615384,0.4230769230769231,0.05923048081817652,0.07769447054485605,0.04558474722173754,0.12547735951991268,0.6000000000000001,0.4,0.0,0.0,0.0,True,True,0.08142649055910008,0.04410483154191461,0.1428600002179368,0.18550485481650497,0.0748587570621469,0.09957627118644069
466,0.2519695219182685,0.2900700749195043,0.003369038867834011,0.49572649572649574,0.48936170212765956,0.44680851063829785,0.2972244984816236,0.21042396966338514,0.5714285714285714,0.4262295081967213,0.07164927639604868,0.13248107958334004,0.01995027439342091,0.04891798508819789,0.2,0.1,0.5,0.2,0.0,True,True,0.09575148482662688,0.05021374201683256,0.43239511427773614,0.11382982476525066,0.14265536723163835,0.04096045197740111
466,0.17534959743141615,0.2879839018096718,-0.29362992549839845,0.49572649572649574,0.5531914893617021,0.3617021276595745,0.14124969948912824,0.22267190477989743,0.5294117647058824,0.4489795918367347,0.07654569083463693,0.09323917901089415,0.06603369083351802,0.13402436806692125,0.5,0.5,0.0,0.0,0.0,True,True,0.10561600631917158,0.04812793429269135,0.2764756917773358,0.11806994260096294,0.11559139784946232,0.10734463276836159
466,0.17940325076811764,0.28644490124500416,0.0026795985006297994,0.5042735042735043,0.48936170212765956,0.40425531914893614,0.17506081810342147,0.18287719689987467,0.5192307692307693,0.49230769230769234,0.11603948653872645,0.17520690857135618,0.06425005056149496,0.10001818512456812,0.0,0.1,0.6000000000000001,0.1,0.2,True,True,0.16763924956216206,0.06630105048498053,0.2105456024681512,0.1432495195811096,0.0748587570621469,0.10875706214689268
466,0.24183775790975942,0.285229952450206,-0.10135999133626772,0.5128205128205128,0.46808510638297873,0.3829787234042553,0.16833945853793775,0.3048363002284637,0.5185185185185185,0.5079365079365079,0.0950998044129524,0.1361734229045106,0.06408807606292236,0.12984178941625746,0.1,0.1,0.7000000000000001,0.1,0.0,True,True,0.1245629256623306,0.06680866214857983,0.3393049188254854,0.12019673198845132,0.09180790960451973,0.11652542372881358
466,0.1318338744000701,0.28235849951629005,-0.1089548098750112,0.49572649572649574,0.5106382978723404,0.3404255319148936,0.10784439048650614,0.1485222110355929,0.5,0.4927536231884058,0.11498564415234219,0.13416126972719974,0.09965717756639617,0.15530096381160213,0.0,0.1,0.8,0.0,0.1,True,True,0.14257816313516844,0.08716189922493679,0.13506388731968835,0.14734887638782257,0.09957627118644069,0.23375706214689268
466,0.13762260911623062,0.2815158292191388,0.046696386368959314,0.48717948717948717,0.48936170212765956,0.44680851063829785,0.342795055757766,-0.05729121519322797,0.5964912280701754,0.38333333333333336,0.06525250723045752,0.14813502502302678,-0.009174235599152937,0.04037097654118932,0.1,0.2,0.4,0.30000000000000004,0.0,True,True,0.11291970754314512,0.016706395634341616,0.22380669076170112,0.06546870084838906,-0.016242937853107264,0.0656779661016949
466,0.12888851024047016,0.2787490227663074,-0.06218296677589233,0.48717948717948717,0.48936170212765956,0.3617021276595745,0.10154353291462041,0.1479111031628005,0.4791666666666667,0.4927536231884058,0.0955504291840384,0.11294793737850424,0.08377470581097429,0.12547735951991268,0.0,0.0,0.9,0.0,0.1,True,True,0.11381250688088743,0.07426955828650207,0.16872624457500024,0.06389672492952862,0.0748587570621469,0.1998587570621469
466,0.2649895846079008,0.2690349369933057,-0.026929877008272773,0.5299145299145299,0.46808510638297873,0.425531914893617,0.34196413871501874,0.19901139537322807,0.5925925925925926,0.47619047619047616,0.08100509016559042,0.1589014608309891,0.012329498831347487,0.1043826150209129,0.2,0.1,0.4,0.2,0.1,True,True,0.11252456669912764,0.05462996349014646,0.37534969954047154,0.1808415730821735,0.20127118644067798,0.03319209039548027
466,0.19483121128114878,0.2658286340044506,-0.33338756896522737,0.4666666666666667,0.5208333333333334,0.3404255319148936,0.10253523966139994,0.30763739881639746,0.5,0.42592592592592593,0.052479086670216175,0.0655956383097485,0.04436020287725436,0.12624113475177307,0.7000000000000001,0.30000000000000004,0.0,0.0,0.0,True,True,0.06593317688090097,0.036959394964025886,0.15471940913444113,0.21722241359219507,0.11652542372881358,0.12429378531073448
466,0.2444262104945811,0.26079244855380085,-0.06900517436043689,0.5384615384615384,0.48936170212765956,0.40425531914893614,0.26640397454646825,0.2242499025125208,0.5714285714285714,0.5081967213114754,0.1117928270622319,0.14706260552274605,0.07936451400214638,0.1342062193126023,0.0,0.2,0.7000000000000001,0.1,0.0,True,True,0.1574133628331048,0.06690122662841264,0.25960633628253305,0.1671874006896618,0.06709039548022605,0.15042372881355937
466,0.2182147905347235,0.25725018900312463,0.03446082472434644,0.5299145299145299,0.48936170212765956,0.3829787234042553,0.1522388730802555,0.27099552449829795,0.5192307692307693,0.5384615384615384,0.08953871900975344,0.14033936019406276,0.050328217813410535,0.1469358065102746,0.1,0.0,0.7000000000000001,0.1,0.1,True,True,0.10889265501192402,0.06770842870523427,0.39463206413096535,0.13328521668943966,0.15042372881355937,0.19209039548022605
466,0.17468101790031362,0.2534347148760081,0.0011450897915627443,0.5042735042735043,0.48936170212765956,0.3829787234042553,0.15373681283706503,0.1908651763582785,0.5098039215686274,0.5,0.102538845533202,0.16536032841446874,0.04912711460861053,0.12129478086924894,0.0,0.0,0.6000000000000001,0.1,0.30000000000000004,True,True,0.13758465780913376,0.07064660445218551,0.24144630839990996,0.08985733343353426,0.09957627118644069,0.15042372881355937
466,0.18837363896182444,0.247474946290612,-0.029923520773212576,0.5042735042735043,0.48936170212765956,0.40425531914893614,0.2915842872755477,0.08691232367036768,0.5689655172413793,0.4406779661016949,0.09208054379872972,0.15612549450635133,0.0334743974496255,0.10001818512456812,0.1,0.2,0.5,0.2,0.0,True,True,0.13125941835389154,0.049534935831391944,0.22260556456832664,0.1826742337485541,0.10875706214689268,0.11652542372881358
466,0.24244485497525367,0.24475485685324744,0.038010368794768164,0.5042735042735043,0.46808510638297873,0.44680851063829785,0.3360752980435082,0.15938559096309238,0.5636363636363636,0.45161290322580644,0.07011949114335038,0.15725357247930652,0.0010869734811903824,0.05746499363520641,0.2,0.0,0.4,0.2,0.2,True,True,0.09247888257189259,0.04745671396159717,0.3682631064199824,0.08264696288255828,0.10875706214689268,0.016242937853107375
466,0.24292414402833598,0.2443926138868256,-0.0005607611834956484,0.5213675213675214,0.46808510638297873,0.40425531914893614,0.3731517317630321,0.12337094873091015,0.6071428571428571,0.4426229508196721,0.10425276238755883,0.18266762866297573,0.03614323880302968,0.11711220221858526,0.0,0.2,0.5,0.2,0.1,True,True,0.16937110112032436,0.03976490428258662,0.3733499875341727,0.18912606353102646,0.14265536723163835,0.1751412429378531
466,0.1728936178437585,0.23553059609133464,-0.009392389224214088,0.49572649572649574,0.48936170212765956,0.40425531914893614,0.07305255426474257,0.24740187424600926,0.48,0.5074626865671642,0.08944609334932452,0.10189327019419213,0.08161022812697162,0.0914711765775596,0.1,0.0,0.9,0.0,0.0,True,True,0.09751220057742523,0.07902816880349864,0.2517783365655072,0.14225568840806038,0.016242937853107375,0.1751412429378531
466,0.21745198741126512,0.22026079970564685,-0.03809130633098317,0.5128205128205128,0.48936170212765956,0.3829787234042553,0.06929167871931113,0.3280193819574994,0.48,0.5373134328358209,0.08568794247682475,0.09586575577393941,0.07936252046985624,0.12984178941625746,0.0,0.0,1.0,0.0,0.0,True,True,0.10245992132203723,0.06638266647795141,0.3112664431717493,0.10127919905382661,0.0501412429378531,0.1751412429378531
466,0.19377281159431115,0.20848898044653197,-0.0805135469006215,0.5042735042735043,0.44680851063829785,0.3617021276595745,0.23106668937338345,0.1649548151286644,0.5294117647058824,0.48484848484848486,0.0788022914675057,0.15898544549064966,0.015719002107631663,0.14257137661392977,0.0,0.0,0.6000000000000001,0.2,0.2,True,True,0.11919617646600233,0.03248017925144296,0.24692714793274095,0.1528906460435747,0.13347457627118642,0.19209039548022605
466,0.1830110132516803,0.1989305333349184,0.0011827575492833599,0.5128205128205128,0.46808510638297873,0.40425531914893614,0.09707114365080136,0.2592479943492342,0.4909090909090909,0.532258064516129,0.09158276640802983,0.12644163834751423,0.06128168098149959,0.10856519367157663,0.0,0.1,0.8,0.1,0.0,True,True,0.1224697740377241,0.05881925269032185,0.22028854046401128,0.18098688589023032,0.06709039548022605,0.19209039548022605
466,0.1491459360270791,0.1598660791050508,-0.20339609800752306,0.48717948717948717,0.46808510638297873,0.3617021276595745,0.10494108744065626,0.1833042281165876,0.47058823529411764,0.5,0.10138883170892445,0.10875615865521035,0.09137056221942116,0.12547735951991268,0.0,0.1,0.9,0.0,0.0,True,True,0.1267098244042594,0.07534748658391,0.157253040362416,0.14123402851633135,0.03319209039548027,0.21680790960451973
466,0.12193291509233578,0.13006168626649467,-0.0586067226063961,0.48717948717948717,0.40425531914893614,0.40425531914893614,0.1759467340652898,0.07401743051955402,0.5272727272727272,0.45161290322580644,0.0759776753740903,0.1375534548564474,0.024671955622580784,0.08292416803055103,0.1,0.1,0.6000000000000001,0.2,0.0,True,True,0.11049611067870534,0.04373323311154819,0.27275118937605436,0.11645596611744191,0.0501412429378531,0.09957627118644069
466,0.2901583410581318,0.7162704651530171,0.02488495188135382,0.5128205128205128,0.6382978723404256,0.48936170212765956,0.2065379050979613,0.38124488737188883,0.5409836065573771,0.48214285714285715,0.11748286679321403,0.1279642951356793,0.11203053410812638,0.023458810692853216,0.30000000000000004,0.30000000000000004,0.4,0.0,0.0,False,True,0.1539357252789559,0.08206687156618228,0.2850741919937712,0.1551840924507594,0.0007062146892655718,0.057909604519774005
466,0.30997937729259906,0.6016789097155653,0.31737394354512877,0.5555555555555556,0.6595744680851063,0.5106382978723404,0.255213199473741,0.35856227697061827,0.5818181818181818,0.532258064516129,0.11462409926422075,0.13657048647296485,0.10274615584994408,0.044917257683215195,0.0,0.2,0.2,0.0,0.6000000000000001,False,True,0.15951447699361093,0.07427055360348953,0.3592806351619077,0.42327864462363524,0.14265536723163835,-0.007062146892655385
466,0.22839857327440583,0.5921067225909383,-0.1374036194870625,0.46153846153846156,0.5957446808510638,0.3829787234042553,0.14613539294088185,0.30654859459125355,0.49122807017543857,0.43333333333333335,0.049333210547876996,0.06272709870409587,0.044356093455270064,0.07855973813420625,0.7000000000000001,0.0,0.1,0.0,0.2,False,True,0.04993604857733413,0.04815144521883699,0.28178385829634156,0.22632435980793691,0.15819209039548027,0.04096045197740111
466,0.3184042390437711,0.5890227441421604,0.15380027137829494,0.5384615384615384,0.6382978723404256,0.5106382978723404,0.19655817365308081,0.43026292202538835,0.5357142857142857,0.5409836065573771,0.10596263581147383,0.14781647965709538,0.0692049750685994,0.02782324058919805,0.1,0.0,0.4,0.0,0.5,False,True,0.1264241684288614,0.08731915930895383,0.24362183011395208,0.4110629350421132,0.09180790960451973,0.026836158192090398
466,0.11594339765402015,0.5704141750531607,-0.20946633015349989,0.46153846153846156,0.6170212765957447,0.3617021276595745,0.04768904403667049,0.18537455047166895,0.4915254237288136,0.43103448275862066,0.043244300117034215,0.061259920120820655,0.030670101085563024,0.09983633387888707,0.7000000000000001,0.0,0.0,0.0,0.30000000000000004,False,True,0.04768339714231757,0.03564508550352356,0.10336360961736685,0.21377272359677932,0.15819209039548027,0.0826271186440678
466,0.24574235148684234,0.5617974309179627,0.02331786117271633,0.47863247863247865,0.574468085106383,0.46808510638297873,0.08381008426180207,0.3944014820540924,0.48214285714285715,0.47540983606557374,0.06264860023254365,0.07346172967052995,0.06083961519616447,0.01054737224949992,0.6000000000000001,0.1,0.2,0.0,0.1,False,True,0.07225603202089151,0.0528931353470469,0.26852524497373725,0.2477737781552578,0.0748587570621469,0.016242937853107375
466,0.13622092770575442,0.5605821748792874,-0.1661987165942267,0.452991452991453,0.5957446808510638,0.3617021276595745,0.05170961295811955,0.2282778955558567,0.45901639344262296,0.44642857142857145,0.04183111168377262,0.049967063587799405,0.03875329952884275,0.0912893253318785,0.8,0.0,0.0,0.0,0.2,False,True,0.037653902844162035,0.041238813406624504,0.010422695227790052,0.24135092427496593,0.10734463276836159,0.09957627118644069
466,0.3115712583881173,0.5526271156782855,-0.043520081162969786,0.5384615384615384,0.6382978723404256,0.48936170212765956,0.2289072025457908,0.3849022756676003,0.5636363636363636,0.5161290322580645,0.049483803566263355,0.07003419731440555,0.034535761902314624,0.04909983633387888,0.1,0.0,0.0,0.0,0.9,False,True,0.06480401067231709,0.04277659091735243,0.22484579099495292,0.27415003890398276,0.08403954802259889,-0.09957627118644063
466,0.25623120382206316,0.5463297091519655,-0.026673291868063807,0.4700854700854701,0.6170212765957447,0.44680851063829785,0.08722396734100903,0.4223739108712351,0.46551724137931033,0.4745762711864407,0.05811983372445397,0.068757097877593,0.056239041053629674,0.02327695944717223,0.7000000000000001,0.1,0.1,0.0,0.1,False,True,0.06240537979610277,0.05309418937851172,0.24535580388770334,0.25662398626102195,0.016242937853107375,0.057909604519774005
466,0.06951951749053277,0.5426108697569104,-0.2826283237077249,0.46153846153846156,0.6170212765957447,0.3404255319148936,0.12245369740144142,0.005598998352831792,0.53125,0.37735849056603776,0.0522917107946094,0.1122870729092186,-0.0061124235421274,0.12111292962356796,0.4,0.4,0.0,0.2,0.0,False,True,0.08768151707893354,0.02631320767866504,0.15385270518861385,0.03009337067298557,0.09180790960451973,0.0903954802259887
466,0.29169867565621005,0.539839281798166,0.06571445897321267,0.5299145299145299,0.6170212765957447,0.46808510638297873,0.25166474333367583,0.3260134747898107,0.5740740740740741,0.49206349206349204,0.04608218553927134,0.06280346933713661,0.03853350112500217,0.061829423531551186,0.2,0.0,0.0,0.0,0.8,False,True,0.0482577340031786,0.044066532440914505,0.2946618150338629,0.312012474803423,0.2090395480225989,-0.016242937853107264
466,0.2877447908510043,0.5315427176828448,0.16815052817741938,0.5384615384615384,0.6382978723404256,0.5106382978723404,0.2240228961688602,0.34828059079904106,0.5614035087719298,0.5166666666666667,0.07634893354902211,0.11208376678312025,0.04929608985340496,0.02782324058919805,0.0,0.2,0.0,0.1,0.7000000000000001,False,True,0.1257981737151142,0.028175433280723416,0.3002702898859337,0.33467489196426525,0.08403954802259889,-0.024011299435028333
466,0.22461867035194402,0.5111947675145309,0.017040769729235034,0.47863247863247865,0.574468085106383,0.44680851063829785,0.33565213918913306,0.12612123831895372,0.5636363636363636,0.4032258064516129,0.05505422917670574,0.169419421314512,-0.0536519345241206,0.0318239679941808,0.1,0.0,0.30000000000000004,0.30000000000000004,0.30000000000000004,False,True,0.09344135409875637,0.013851826514336151,0.2732144949325975,0.2399002254783572,-0.02542372881355931,0.13347457627118642
466,0.2870619776736583,0.5101246567498506,0.24225538636034108,0.5299145299145299,0.6170212765957447,0.5106382978723404,0.2128382363652949,0.3575745319166035,0.5614035087719298,0.5,0.05686444188220022,0.10022401296460774,0.020978438672052617,0.019276232042189534,0.1,0.1,0.0,0.1,0.7000000000000001,False,True,0.09185083755281188,0.02785991779570189,0.28043631769123795,0.38557848853114796,0.12570621468926552,-0.024011299435028333
466,0.10067350813511086,0.5027520793515883,-0.09198811677250711,0.452991452991453,0.5957446808510638,0.44680851063829785,0.13171521622639584,0.06050188589933031,0.5151515151515151,0.37254901960784315,0.04432874999996203,0.13614310891492895,-0.046206589803578134,0.006182942353155141,0.30000000000000004,0.30000000000000004,0.1,0.30000000000000004,0.0,False,True,0.08473033982459742,0.007672898656249005,0.18922543375562098,0.05372189080275159,0.0501412429378531,0.03177966101694918
466,0.1607986010777226,0.49586855630744664,0.25967140368822333,0.49572649572649574,0.6170212765957447,0.5106382978723404,0.18992867008552655,0.12906763305136473,0.5409836065573771,0.44642857142857145,0.05828175756199356,0.13355151128102527,-0.008209864353805212,-0.014911802145844644,0.0,0.1,0.1,0.2,0.6000000000000001,False,True,0.10508457221794183,0.009948193289558802,0.24407216198756165,0.34351974567877336,0.09180790960451973,-0.04096045197740117
466,0.24105419971263953,0.49510271684286977,0.14348448292821242,0.5128205128205128,0.5957446808510638,0.48936170212765956,0.28103701665789194,0.20307052361464978,0.5614035087719298,0.4666666666666667,0.08802585395828862,0.18238585764506138,0.0038345593600544715,0.023458810692853216,0.0,0.1,0.30000000000000004,0.2,0.4,False,True,0.1438312672223675,0.027042762549005762,0.3429606751254743,0.19204068103593774,0.08403954802259889,0.0501412429378531
466,0.24860425302011385,0.494174803815371,0.08064883873099803,0.46153846153846156,0.48936170212765956,0.48936170212765956,0.05462630394962746,0.43288330463707597,0.45614035087719296,0.4666666666666667,0.04112324275892661,0.04364469073779329,0.04749640519528868,-0.027823240589197995,0.8,0.0,0.2,0.0,0.0,False,True,0.04017696551539075,0.04315097267389017,0.23545417462289336,0.2576856063584327,-0.05932203389830509,0.016242937853107375
466,0.27225500559182486,0.49388372498630423,0.13892309317171458,0.5384615384615384,0.6170212765957447,0.5106382978723404,0.2427120765065847,0.2984624426835701,0.5636363636363636,0.5161290322580645,0.13079707455205922,0.15700758190811145,0.11160441658111228,0.02782324058919805,0.0,0.2,0.30000000000000004,0.0,0.5,False,True,0.1769215757871171,0.0897984939246908,0.3721475920467157,0.4098575729319535,0.1596045197740113,-0.007062146892655385
466,0.13201616713681363,0.49177243352964567,-0.026008110121312194,0.452991452991453,0.5957446808510638,0.48936170212765956,0.23146219704314927,0.0077086297538941405,0.5384615384615384,0.34615384615384615,0.04442458720349098,0.13406442794305864,-0.043133081855111464,-0.03637024913620657,0.30000000000000004,0.4,0.0,0.30000000000000004,0.0,False,True,0.0910909346370201,0.007958558406725637,0.09756641871401972,0.17391823539469833,0.016242937853107375,0.0656779661016949
466,0.2422809885322029,0.48944428220470726,0.14955278044327208,0.5128205128205128,0.6170212765957447,0.46808510638297873,0.16135060186910782,0.3191648558621432,0.5263157894736842,0.5,0.04499693049487638,0.08855766610634733,0.007130371692055666,0.04473540643753404,0.0,0.0,0.0,0.1,0.9,False,True,0.07416570597104037,0.025555801397446967,0.2277279590698157,0.3873644225911772,0.15042372881355937,-0.024011299435028333
466,0.26740964783330284,0.48868394754057665,-0.14370356332637144,0.47863247863247865,0.6170212765957447,0.3829787234042553,0.16934145388866953,0.37423393052299253,0.5081967213114754,0.44642857142857145,0.04951748564669717,0.05572731355621292,0.04823603999549924,0.09565375522822334,0.8,0.1,0.0,0.0,0.1,False,True,0.05219245694495735,0.04560891879150881,0.1852416149682654,0.2674845400851915,0.0748587570621469,0.0748587570621469
466,0.32116162320104397,0.4820981002383626,0.04857572006359629,0.5128205128205128,0.46808510638297873,0.48936170212765956,0.15220585551355967,0.4762685574715212,0.5357142857142857,0.4918032786885246,0.06130182686230462,0.06885300935282662,0.059870260120091445,0.023458810692853216,0.6000000000000001,0.1,0.30000000000000004,0.0,0.0,False,True,0.07069935625252034,0.05270502043641893,0.312869881725295,0.37348830867960126,0.025423728813559365,0.025423728813559365
466,0.2116502180507469,0.4806802713505597,0.05412268745596374,0.5042735042735043,0.574468085106383,0.46808510638297873,0.2951052532014662,0.12380281262893701,0.5833333333333334,0.42105263157894735,0.046111778411563,0.16063134603973672,-0.06105491668349792,0.036188397890525525,0.1,0.0,0.2,0.30000000000000004,0.4,False,True,0.0853683380135526,0.0013914531484545474,0.30618826382628095,0.2559205668121926,0.06709039548022605,0.08403954802259889
466,0.30516235202040526,0.4763252654937038,-0.02641114051754676,0.49572649572649574,0.5531914893617021,0.46808510638297873,0.16810708060973523,0.43536485986054163,0.5263157894736842,0.4666666666666667,0.06630180853342249,0.07505793515472912,0.06443794097983921,0.02764138934351701,0.6000000000000001,0.2,0.2,0.0,0.0,False,True,0.08323736434342302,0.05027346103607955,0.30665223421266197,0.28155107403119234,0.0501412429378531,0.016242937853107375
466,0.2267708121090537,0.47499843569208244,0.06839085651651984,0.5128205128205128,0.6170212765957447,0.48936170212765956,0.20291905313146605,0.25021830398532635,0.5517241379310345,0.4745762711864407,0.04218063092277524,0.11647330528165147,-0.021677670122813786,0.023458810692853216,0.0,0.0,0.1,0.2,0.7000000000000001,False,True,0.08118203476433958,0.0076699127052866556,0.2392483428768493,0.2871462467071392,0.09180790960451973,-0.057909604519774005
466,0.36213526581754374,0.4704434801746514,0.08145702273670816,0.5299145299145299,0.48936170212765956,0.5106382978723404,0.24376642561905726,0.45047022118954844,0.56,0.5074626865671642,0.0553602235512187,0.06537087615613187,0.054105961503196465,0.019276232042189534,0.6000000000000001,0.0,0.4,0.0,0.0,False,True,0.05389342891943376,0.05694507080295424,0.2898944277556639,0.39459091890438375,-0.03319209039548021,0.08403954802259889
466,0.19444302487408832,0.46967340687851356,-0.050662200151100636,0.46153846153846156,0.574468085106383,0.425531914893617,0.14525088178175835,0.24622422812917238,0.5,0.42105263157894735,0.04787272347228939,0.07738962759926914,0.02054484539895054,0.03600654664484454,0.6000000000000001,0.2,0.1,0.1,0.0,False,True,0.06750936530774436,0.0319914786106052,0.27793550720852744,0.12202721565258569,0.03319209039548027,0.02401129943502822
466,0.49176801908918427,0.4506118012414779,0.04225675808492759,0.6068376068376068,0.574468085106383,0.40425531914893614,0.5010712009089014,0.48230443758292024,0.6779661016949152,0.5344827586206896,0.15581290780292714,0.15368596377100457,0.1598877686479276,0.20258228768867065,0.0,0.6000000000000001,0.30000000000000004,0.0,0.1,False,True,0.23545218655107855,0.06856937789937818,0.3463634187675273,0.4205121747908282,0.21822033898305082,0.09322033898305082
466,0.33033350471703454,0.44920290350740333,0.07948263950036547,0.5213675213675214,0.46808510638297873,0.48936170212765956,0.2539877449473775,0.38932795544813303,0.5686274509803921,0.48484848484848486,0.046150159897449264,0.05300773791332149,0.04914605316536671,0.032005819239861844,0.7000000000000001,0.0,0.30000000000000004,0.0,0.0,False,True,0.04695009761498531,0.0481295482451131,0.32724306836680433,0.3016074862561864,-0.016242937853107264,0.09180790960451973
466,0.28602003095393685,0.4458393559687334,0.14715695144007973,0.5042735042735043,0.5319148936170213,0.48936170212765956,0.1635584688408131,0.3946552876671915,0.5272727272727272,0.4838709677419355,0.06787327222298267,0.0888890656143279,0.05493427416974319,0.0149118021458447,0.5,0.0,0.30000000000000004,0.0,0.2,False,True,0.07468560078725602,0.06510866073401592,0.2528191568927018,0.31365687339131515,-0.008474576271186418,0.0501412429378531
466,0.24368086146912268,0.4448648034729946,0.0822160847188379,0.5128205128205128,0.5957446808510638,0.5106382978723404,0.26568493300244905,0.2205186809077266,0.5833333333333334,0.43859649122807015,0.05086610613168439,0.1251555300682155,-0.018277700802006455,0.0021822149481723896,0.1,0.1,0.0,0.2,0.6000000000000001,False,True,0.0856908207174863,0.01669644246446712,0.2629369137413867,0.2694315620974895,0.06709039548022605,-0.07485875706214695
466,0.31434364734493464,0.44463461574204327,0.09448573319229298,0.5213675213675214,0.5106382978723404,0.5106382978723404,0.23380139551277426,0.3833798632010721,0.5555555555555556,0.49206349206349204,0.07026474360614521,0.10396207574547517,0.04425741360690891,0.010729223495181017,0.4,0.1,0.4,0.1,0.0,False,True,0.0822281129181491,0.06185098823409335,0.3921551635477482,0.24930042826631743,0.0423728813559322,0.0501412429378531
466,0.5166294644097668,0.43670047678271723,0.10216834403367979,0.6239316239316239,0.5531914893617021,0.40425531914893614,0.541119411401612,0.4949045114331298,0.6909090909090909,0.5645161290322581,0.16847892255863647,0.17455838797456913,0.1626109337562377,0.2196763047826878,0.0,0.5,0.4,0.0,0.1,False,True,0.2429638438553607,0.09284714985724894,0.5504100745677426,0.46782662396337404,0.27683615819209045,0.1348870056497175
466,0.2834760576278181,0.43662039497494687,-0.02824614405014391,0.47863247863247865,0.46808510638297873,0.46808510638297873,0.07300073106304478,0.4903840057762392,0.46551724137931033,0.4915254237288136,0.03838142367963539,0.037741413979760316,0.043842758890563015,0.01054737224949992,0.9,0.0,0.1,0.0,0.0,False,True,0.038377432402081864,0.03499136401077831,0.19926226224818336,0.27182514119683776,-0.05932203389830509,0.057909604519774005
466,0.47353894966051807,0.4349765088319643,-0.1157460082243831,0.5982905982905983,0.6170212765957447,0.3829787234042553,0.4805051176534915,0.46669085231149315,0.6724137931034483,0.5254237288135594,0.13412886123612397,0.17137591601914837,0.10114833971940929,0.21531187488634296,0.0,0.5,0.2,0.1,0.2,False,True,0.2277145922906453,0.03964048965915542,0.465319160882188,0.41395956649710713,0.2598870056497175,0.1596045197740113
466,0.08200427692197285,0.43409724650223097,-0.2529630568179219,0.452991452991453,0.574468085106383,0.3617021276595745,0.1323646903962493,0.025234356278243004,0.5,0.4,0.05542187031380101,0.12238155154617325,-0.004632969042249332,0.0912893253318785,0.4,0.30000000000000004,0.0,0.2,0.1,False,True,0.09261325036519828,0.02942157014901032,0.2887881468384474,-0.06374027701952906,0.12570621468926552,0.0981638418079096
466,0.25009053369935513,0.4197880257676518,-0.07098282932708933,0.4700854700854701,0.5106382978723404,0.425531914893617,0.1206846136643593,0.37730313305579183,0.4827586206896552,0.4576271186440678,0.04752268680927161,0.05268074438635914,0.05146901666643428,0.044553555191853056,0.8,0.0,0.1,0.0,0.1,False,True,0.04444687539154955,0.04811262785632645,0.2005238178924507,0.24135092427496593,-0.0007062146892655163,0.057909604519774005
466,0.2809999014284064,0.419454580631131,0.03990459763489527,0.49572649572649574,0.44680851063829785,0.5106382978723404,0.25667693801701663,0.30045827215751825,0.5576923076923077,0.4461538461538462,0.041069931683716684,0.06819802839760418,0.021359203339466396,-0.014911802145844644,0.6000000000000001,0.0,0.30000000000000004,0.1,0.0,False,True,0.04041882754334101,0.03922345184141403,0.29418309526162856,0.25449734531543194,-0.06709039548022594,0.09180790960451973
466,0.31640797529508,0.4184635583102961,0.24895066571886568,0.5299145299145299,0.6170212765957447,0.5319148936170213,0.3480579115015722,0.2863405358989123,0.5964912280701754,0.4666666666666667,0.049948434041256394,0.13481277202788006,-0.020547835697385726,-0.002000363702491348,0.30000000000000004,0.0,0.1,0.2,0.4,False,True,0.07599941921068948,0.0249426437054871,0.34415852052033613,0.28558814118251546,0.0007062146892655718,0.0501412429378531
466,0.3003093598097159,0.4176519929660672,0.09806146873650814,0.5299145299145299,0.574468085106383,0.44680851063829785,0.4536946263056632,0.12740233212337532,0.6290322580645161,0.41818181818181815,0.05767997069900547,0.1717670161798161,-0.052414449355025816,0.08310601927623207,0.1,0.1,0.2,0.30000000000000004,0.30000000000000004,False,True,0.10662134164656402,0.0011804459471152313,0.3886923975755375,0.2109478515513821,0.10098870056497172,0.0501412429378531
466,0.19970769657938578,0.41545702096086834,0.1424150802640091,0.47863247863247865,0.5957446808510638,0.5106382978723404,0.21254937215279823,0.1866446128064318,0.5254237288135594,0.43103448275862066,0.0413240903146584,0.11731665835690554,-0.018490265567795334,-0.03200581923986173,0.4,0.0,0.0,0.2,0.4,False,True,0.06637974350040597,0.01903345126518103,0.18696396679078167,0.1988692053221194,-0.05014124293785305,0.016242937853107375
466,0.07837748418532646,0.4146968473273203,-0.21527165711823662,0.452991452991453,0.574468085106383,0.3404255319148936,0.13046278351649726,0.015482028389195737,0.515625,0.37735849056603776,0.04615220076784171,0.0764397789511511,0.02157725105119648,0.11256592107655938,0.6000000000000001,0.30000000000000004,0.0,0.1,0.0,False,True,0.06596519358185622,0.030002856617106416,0.17117213404289539,0.014921808749298562,0.09180790960451973,0.048728813559322015
466,0.4564682827236292,0.41132602500072263,-0.016616796984978355,0.5726495726495726,0.5106382978723404,0.425531914893617,0.2814979166205916,0.5870431828005229,0.58,0.5671641791044776,0.0964343230786216,0.1315100380154306,0.0763223837274164,0.1471176577559556,0.30000000000000004,0.0,0.5,0.0,0.2,False,True,0.10601917486915702,0.0885543476903788,0.4880014269449969,0.41575638521811203,0.05932203389830504,0.1596045197740113
466,0.09606604017097822,0.40829254777633095,-0.0754103193050923,0.4444444444444444,0.5957446808510638,0.425531914893617,0.07690456116020063,0.11555788950952786,0.4745762711864407,0.41379310344827586,0.056183312138227255,0.09970668733912477,0.020948789847681976,0.018912529550827395,0.5,0.2,0.0,0.1,0.2,False,True,0.07726448542663143,0.03851876741429971,0.17609049034273794,0.07657545423069649,0.0501412429378531,0.00706214689265533
466,0.34430824691522754,0.40668648428783155,0.17192291846427366,0.5213675213675214,0.5106382978723404,0.5106382978723404,0.24769894762935557,0.4215956863439251,0.5384615384615384,0.5076923076923077,0.06276697943455586,0.09739089731534889,0.04028031668811054,0.010729223495181017,0.4,0.0,0.5,0.1,0.0,False,True,0.05959161867258275,0.0647393981316721,0.35870561213792646,0.28225617144998966,-0.03319209039548021,0.10875706214689268
466,0.41602369291084973,0.4018679103752978,0.03129797305434553,0.5555555555555556,0.48936170212765956,0.46808510638297873,0.2987514688552805,0.5098414721553051,0.5769230769230769,0.5384615384615384,0.10600145274371536,0.1390785963978569,0.084442539128166,0.08747044917257685,0.30000000000000004,0.1,0.4,0.0,0.2,False,True,0.13043330525430838,0.08574357251782112,0.2974874693322698,0.4372211922381905,0.08403954802259889,0.1596045197740113
466,0.2724078846679781,0.3995282794940194,-0.13626096379050145,0.47863247863247865,0.5531914893617021,0.40425531914893614,0.10486243355051415,0.442842050459881,0.4745762711864407,0.4827586206896552,0.039038202941433724,0.044640178832586655,0.0400765756335972,0.07437715948354251,0.9,0.0,0.0,0.0,0.1,False,True,0.03253065878376042,0.04253671753218387,0.24081464233133995,0.2968311224585244,0.04096045197740111,0.11652542372881358
466,0.0707275562017719,0.39720578819601643,-0.019838402918862515,0.4358974358974359,0.5531914893617021,0.46808510638297873,0.11459182151418872,0.017759386767910067,0.5,0.3584905660377358,0.03646105169364048,0.12056922972076256,-0.0459452096757787,-0.03218767048554283,0.4,0.30000000000000004,0.0,0.30000000000000004,0.0,False,True,0.06837880713122245,0.014196212925853897,0.1143171155338672,0.03384244747606804,-0.02542372881355931,0.03177966101694918
466,0.24918470171462528,0.3952496062053942,-0.06598009956493013,0.4700854700854701,0.5106382978723404,0.425531914893617,0.10304834384939299,0.4030124468359226,0.48333333333333334,0.45614035087719296,0.04870274643206302,0.0501398357186411,0.05249718094506599,0.044553555191853056,0.8,0.1,0.1,0.0,0.0,False,True,0.057517378070737764,0.04013416688493042,0.30592261616845484,0.3200514700935587,-0.008474576271186418,0.03319209039548027
466,0.16249913221923779,0.39353154388299605,0.16228567015396342,0.4700854700854701,0.5957446808510638,0.5106382978723404,0.18826783272774164,0.13716718934647132,0.5172413793103449,0.423728813559322,0.0348937896827541,0.10072595700924913,-0.018680647946655395,-0.040552827786870305,0.5,0.0,0.0,0.2,0.30000000000000004,False,True,0.05163211770652491,0.018574610025142935,0.14472209894272822,0.24272346935243477,-0.06709039548022594,-0.02542372881355931
466,0.27381869228988504,0.39283059722514513,0.22733657048601277,0.5213675213675214,0.5957446808510638,0.5319148936170213,0.24825628624397322,0.29894783721637463,0.5862068965517241,0.4576271186440678,0.042320827346921164,0.11899237634235701,-0.022185776927081662,-0.010547372249499865,0.30000000000000004,0.0,0.0,0.2,0.5,False,True,0.06855152722735801,0.021422212601604942,0.2574708819086459,0.25484955140365867,-0.016242937853107264,0.008474576271186418
466,0.1693247227281938,0.39215445880755523,0.13908180305748358,0.4700854700854701,0.5531914893617021,0.46808510638297873,0.11530676647596219,0.22427402305373972,0.4915254237288136,0.4482758620689655,0.05566441393368839,0.09905071248260457,0.0217803370357552,0.002000363702491348,0.5,0.1,0.1,0.1,0.2,False,True,0.06966223595159785,0.038249036510700864,0.19416381019954024,0.18676153597132095,0.008474576271186418,0.0656779661016949
466,0.16813673711083948,0.3909619094465428,-0.10680693281788284,0.452991452991453,0.5531914893617021,0.40425531914893614,0.09159065505972314,0.2515172907736627,0.5081967213114754,0.39285714285714285,0.03922079274833344,0.06684567232985708,0.017697840491945734,0.04873613384251685,0.7000000000000001,0.2,0.0,0.1,0.0,False,True,0.05317585581857928,0.028079896169402655,0.2319130295969925,0.12386732473107913,-0.0007062146892655163,0.10734463276836159
466,0.4065775988587249,0.3886501431352508,-0.051956128976599035,0.5982905982905983,0.5531914893617021,0.3829787234042553,0.44761605026932794,0.36623471442118277,0.6724137931034483,0.5254237288135594,0.14097594413969022,0.15269951673297988,0.13780242117178337,0.21531187488634296,0.1,0.6000000000000001,0.1,0.0,0.2,False,True,0.21517061229781792,0.06914268048414915,0.40934246038322597,0.4272073991673399,0.23516949152542377,0.20127118644067798
466,0.40502734307651705,0.38836458781663047,-0.015115440225085106,0.5726495726495726,0.5957446808510638,0.44680851063829785,0.4698324061552086,0.3413206708974642,0.6551724137931034,0.4915254237288136,0.13562772979759782,0.1922105719733981,0.08471017083811522,0.12584106201127476,0.1,0.30000000000000004,0.30000000000000004,0.1,0.2,False,True,0.2037403920139467,0.06786568878925131,0.5407253415466259,0.24551532184239933,0.17655367231638414,0.08403954802259889
466,0.2803879283346353,0.38722521680080624,0.07949050532754967,0.5042735042735043,0.46808510638297873,0.5106382978723404,0.2732924769534681,0.2856830413056555,0.56,0.4626865671641791,0.05230631384844068,0.08341217251303305,0.03082200273761486,-0.006364793598836127,0.5,0.0,0.4,0.1,0.0,False,True,0.04969717250034622,0.0515205932213539,0.2709416586743934,0.25056198849672817,-0.05014124293785305,0.0501412429378531
466,0.22995692235501722,0.3858529205667783,0.08296124860241538,0.49572649572649574,0.574468085106383,0.46808510638297873,0.2389089715021596,0.22228373737175242,0.5555555555555556,0.4444444444444444,0.04949250674375761,0.10315753711091404,0.013816428005099827,0.02764138934351701,0.4,0.0,0.0,0.1,0.5,False,True,0.07363660654037267,0.030709517614176406,0.17361259305584684,0.23350729768687795,0.03319209039548027,0.03319209039548027
466,0.1274415664042164,0.38030205308408366,-0.08169478630141845,0.46153846153846156,0.5531914893617021,0.425531914893617,0.06322758452268998,0.1973889395251649,0.4918032786885246,0.42857142857142855,0.049543314883055606,0.08305138634194695,0.022982193265873238,0.03600654664484454,0.6000000000000001,0.2,0.0,0.1,0.1,False,True,0.06742776530668247,0.03218656074014532,0.12705660119782317,0.17274795011292485,0.016242937853107375,0.0656779661016949
466,0.4012854965281544,0.3744460883569559,-0.233845583223353,0.5811965811965812,0.5319148936170213,0.3617021276595745,0.39222989224147414,0.4118503681959477,0.6349206349206349,0.5185185185185185,0.10930020771140152,0.14696321539297022,0.07623965213737623,0.21949445353700675,0.2,0.6000000000000001,0.1,0.1,0.0,False,True,0.1771773722528916,0.03819230344241624,0.4650352175503427,0.3330584994560245,0.27683615819209045,0.2090395480225989
466,0.40975959210688595,0.3723392149084151,0.2870703384411464,0.5897435897435898,0.574468085106383,0.5319148936170213,0.48417287257586744,0.3390669756613536,0.6666666666666666,0.5166666666666667,0.11468624707976435,0.15287994607720914,0.09051234656852257,0.05782869612656849,0.0,0.5,0.0,0.1,0.4,False,True,0.20141632684825184,0.030214837788007654,0.5180966991873451,0.31176053056779307,0.1687853107344633,-0.016242937853107264
466,0.3235070243966965,0.3719635424623888,0.2955507950844479,0.5641025641025641,0.5957446808510638,0.5319148936170213,0.35920414466463163,0.2832666342764784,0.6290322580645161,0.4909090909090909,0.09385784920108996,0.16858007166855543,0.027627367242690347,0.03218767048554283,0.0,0.30000000000000004,0.1,0.2,0.4,False,True,0.1715349202510398,0.013290467733414574,0.36256598837238674,0.41145877717073676,0.10098870056497172,-0.007062146892655385
466,0.15270103752661549,0.3719277845657775,0.025340665248462693,0.47863247863247865,0.5957446808510638,0.46808510638297873,0.21724236667055966,0.08704692684570668,0.5254237288135594,0.43103448275862066,0.04680364046347055,0.12143684836265436,-0.01558443867804826,0.01054737224949992,0.4,0.1,0.0,0.2,0.30000000000000004,False,True,0.07282336270373778,0.02048461891870032,0.22414765112185092,0.1447686902597406,0.008474576271186418,0.04096045197740111
466,0.4310656932429657,0.3718127613494574,-0.21018867458687304,0.5982905982905983,0.574468085106383,0.3617021276595745,0.392933218255244,0.46985562469599285,0.6610169491525424,0.5344827586206896,0.13243210224187388,0.14433661697077707,0.12189810729327037,0.23658847063102378,0.1,0.6000000000000001,0.0,0.0,0.30000000000000004,False,True,0.20628850135312013,0.06984588850119992,0.4721979901333666,0.3648213899391177,0.19350282485875708,0.1673728813559322
466,0.1062057896958603,0.3683290705120361,-0.039049227872385066,0.452991452991453,0.5531914893617021,0.46808510638297873,0.18563380745405914,0.022597349950387854,0.5333333333333333,0.3684210526315789,0.05434277203881088,0.12626124526197116,-0.007376567856533172,-0.015093653391525741,0.4,0.2,0.1,0.2,0.1,False,True,0.08455317340083139,0.02942455609997267,0.19964828167808055,-0.005985952959171127,-0.008474576271186418,0.07344632768361586
466,0.03364969172799773,0.36498753700042447,-0.12095865752735029,0.4188034188034188,0.5531914893617021,0.425531914893617,0.10940852596036006,-0.04887332413225413,0.47540983606557374,0.35714285714285715,0.04023686059945613,0.09766670492547672,-0.011071579956278929,-0.0067284960901982105,0.5,0.2,0.0,0.2,0.1,False,True,0.06023359812948774,0.019567931973259234,0.12500298532481305,-0.06332282169018207,-0.02542372881355931,0.03954802259887008
466,0.3753172789366415,0.3631146894927564,0.08677123290745434,0.5811965811965812,0.5957446808510638,0.44680851063829785,0.3176488815726668,0.43602085510924626,0.6333333333333333,0.5263157894736842,0.09592777455419405,0.11646187541672726,0.09728886120572826,0.1343880705582834,0.2,0.2,0.1,0.0,0.5,False,True,0.11737375106198211,0.07334889007311118,0.38041417513106474,0.3737199807251884,0.1596045197740113,0.07627118644067798
466,0.3817717110782792,0.36171919910298217,0.19461051583183517,0.5811965811965812,0.5531914893617021,0.425531914893617,0.3341745860938641,0.4318739479039791,0.6166666666666667,0.543859649122807,0.1166601050179127,0.13257333601139618,0.10849683426118681,0.15566466630296422,0.0,0.9,0.0,0.0,0.1,False,True,0.20101036545827738,0.03235431002006539,0.41709116744719116,0.33434618963084317,0.27683615819209045,0.08403954802259889
466,0.45073181004967916,0.3595170052641133,0.06222934809389178,0.5897435897435898,0.5957446808510638,0.40425531914893614,0.5194006344257097,0.38769157783561814,0.6785714285714286,0.5081967213114754,0.12285291565969227,0.16229613071348117,0.09406830979103215,0.18548827059465361,0.0,0.5,0.1,0.1,0.30000000000000004,False,True,0.21878361296225998,0.02736225930197709,0.4384631389736177,0.3330259179776658,0.21822033898305082,0.0423728813559322
466,0.3820985134964629,0.3589870216474681,0.13435314205063506,0.5470085470085471,0.48936170212765956,0.48936170212765956,0.2924058498551294,0.451406480855675,0.5686274509803921,0.5303030303030303,0.06810847546145259,0.08725857053535609,0.05750343890864114,0.057646844880887504,0.5,0.0,0.4,0.0,0.1,False,True,0.07088149926122361,0.06514449214556409,0.3065534920699538,0.42880054203230766,0.025423728813559365,0.10098870056497172
466,0.3535417085474558,0.35426208309290147,0.19924655313667367,0.5384615384615384,0.5531914893617021,0.5319148936170213,0.3255748882594111,0.3775132687943511,0.5740740740740741,0.5079365079365079,0.0772221810574622,0.13826011867915328,0.029332335733819326,0.006546644844517169,0.30000000000000004,0.0,0.30000000000000004,0.1,0.30000000000000004,False,True,0.09542900212269322,0.06202516870689703,0.39282637308620083,0.32067987195185516,0.0423728813559322,-0.04096045197740117
466,0.059510561302587674,0.3531201060111628,-0.1501564447344323,0.46153846153846156,0.574468085106383,0.3829787234042553,0.07004625563590142,0.045392730895947205,0.5074626865671642,0.4,0.05434327774708188,0.08955104635645805,0.01896546944209941,0.07855973813420625,0.5,0.4,0.0,0.1,0.0,False,True,0.0810412358518782,0.03254787624541459,0.17154006891084514,0.009917252233376674,0.19209039548022605,0.0903954802259887
466,0.2278340687391102,0.35266242634243905,0.02580308364012413,0.46153846153846156,0.5319148936170213,0.46808510638297873,0.17792568836009492,0.2821985545091091,0.5081967213114754,0.4107142857142857,0.05629568673559074,0.11680825001899588,-0.002201358031369976,-0.006546644844517169,0.4,0.2,0.2,0.2,0.0,False,True,0.08860311822276383,0.039127901410618865,0.43757173657669673,0.08925171531890787,0.12570621468926552,0.0903954802259887
466,0.3773803903747146,0.3516690502971164,0.1739431780063866,0.5897435897435898,0.574468085106383,0.48936170212765956,0.4563100368222046,0.30492038707865815,0.6785714285714286,0.5081967213114754,0.11681725593586727,0.1575686391906958,0.08813854799405682,0.1003818876159302,0.0,0.4,0.1,0.1,0.4,False,True,0.2034985299859964,0.031399265003072684,0.43202446616312684,0.320753901300841,0.20127118644067798,-0.024011299435028333
466,0.4354950488604116,0.3508143523975412,0.01648884713409037,0.5555555555555556,0.5957446808510638,0.40425531914893614,0.4416297468916845,0.428579571079704,0.6129032258064516,0.4909090909090909,0.09723685071139081,0.17637573649751945,0.02568516840903656,0.15130023640661944,0.1,0.4,0.1,0.2,0.2,False,True,0.1771425361583309,0.01830985130112293,0.5203198579354654,0.33663214519209883,0.2598870056497175,0.025423728813559365
466,0.3896829212917703,0.34943362124630994,-0.0014935643557019388,0.5555555555555556,0.574468085106383,0.44680851063829785,0.38301760601816476,0.39646315579423097,0.5932203389830508,0.5172413793103449,0.0909549771769697,0.1248961218295007,0.06726427138416322,0.10874704491725773,0.30000000000000004,0.1,0.2,0.0,0.4,False,True,0.11098879258749289,0.07379280144951371,0.3850993964115604,0.30380590727735424,0.12570621468926552,0.06709039548022605
466,0.20789878065893588,0.3483642164512272,-0.0035010509830280547,0.4444444444444444,0.44680851063829785,0.48936170212765956,0.048390118158111915,0.34939840061934424,0.4727272727272727,0.41935483870967744,0.03210707714649828,0.0511073986320084,0.02156005171769644,-0.04491725768321514,0.7000000000000001,0.0,0.2,0.1,0.0,False,True,0.02966343217696057,0.03406273326148783,0.1894379699277419,0.32760436465039144,-0.11793785310734461,0.03319209039548027
466,0.4067856451512053,0.34440335134687317,-0.08892521798577134,0.5897435897435898,0.5531914893617021,0.40425531914893614,0.40035195341349267,0.41333026260853356,0.6610169491525424,0.5172413793103449,0.14128162748109227,0.15463116390517237,0.13679768089756061,0.18548827059465361,0.1,0.5,0.1,0.0,0.30000000000000004,False,True,0.2104388753394825,0.07389034251428377,0.3525888156373389,0.36940078546673943,0.1596045197740113,0.18432203389830504
466,0.4323903088946053,0.3416120877336329,0.2974806144812641,0.5726495726495726,0.5531914893617021,0.5319148936170213,0.5376640924369602,0.3215757999026527,0.6666666666666666,0.47368421052631576,0.10506169730241278,0.17964716261908953,0.04182480582988449,0.040734679032551346,0.0,0.4,0.1,0.2,0.30000000000000004,False,True,0.19724296271987565,0.005027346103607955,0.551773494258328,0.2887293216852112,0.11016949152542377,-0.016242937853107264
466,0.13020115679310498,0.338373059916437,-0.007088637154714079,0.4700854700854701,0.574468085106383,0.5106382978723404,0.21288410792321036,0.02684746788047315,0.5384615384615384,0.38461538461538464,0.04473825619378575,0.13600396273324286,-0.04876678364717052,-0.040552827786870305,0.30000000000000004,0.30000000000000004,0.0,0.30000000000000004,0.1,False,True,0.09032899787900144,0.008950885668134298,0.1717097966206711,0.027236823411738487,0.0501412429378531,0.014830508474576287
466,0.2691132428614783,0.3354384971582716,0.041063103892617074,0.48717948717948717,0.48936170212765956,0.46808510638297873,0.09640867158784529,0.43889061801182944,0.5,0.4745762711864407,0.05269386110463418,0.05407767266035785,0.05774166601731101,0.019094380796508437,0.7000000000000001,0.1,0.2,0.0,0.0,False,True,0.06120403219225111,0.04631209942603011,0.2599370194266357,0.2285813068911861,-0.008474576271186418,-0.0007062146892655163
466,0.40909444213525914,0.3318884139748715,0.16279272930908165,0.5641025641025641,0.5106382978723404,0.48936170212765956,0.28890636805033937,0.5157128949525265,0.5636363636363636,0.5645161290322581,0.09541761804567994,0.13515765577820202,0.06735746901872654,0.07474086197490454,0.30000000000000004,0.0,0.4,0.0,0.30000000000000004,False,True,0.10660939784271464,0.085765469491545,0.4069591275368606,0.3635489633573651,0.05932203389830504,0.07627118644067798
466,0.35937276862552336,0.3316046350819047,0.003594376494074213,0.5470085470085471,0.574468085106383,0.44680851063829785,0.2601521934744478,0.45046050974782215,0.5714285714285714,0.5245901639344263,0.11180365101449154,0.1382824814583528,0.09892405606670289,0.10020003637024921,0.2,0.2,0.2,0.0,0.4,False,True,0.13924882781214953,0.08056493823212083,0.3878013412385764,0.38167781144427815,0.1673728813559322,0.10098870056497172
466,0.3619006208813388,0.33016169510686816,-0.2626242749989712,0.5726495726495726,0.5106382978723404,0.3617021276595745,0.3445877938402609,0.383541654682686,0.6153846153846154,0.5192307692307693,0.10218313211084046,0.13931222928447293,0.0685725269495574,0.21094744498999812,0.2,0.7000000000000001,0.0,0.1,0.0,False,True,0.1718390303459364,0.02726672180493357,0.3302605938409093,0.26050383330624527,0.17655367231638414,0.15042372881355937
466,0.3410212543090553,0.32979440385489744,0.20624110658643782,0.5213675213675214,0.48936170212765956,0.5106382978723404,0.3296764722939265,0.3494875095442261,0.58,0.47761194029850745,0.06853160490553414,0.11173686864718625,0.036218494646981875,0.010729223495181017,0.4,0.0,0.4,0.1,0.1,False,True,0.07956563997672142,0.05678283413399996,0.3304868168267054,0.3288265179895568,-0.07485875706214695,0.06709039548022605
466,0.37151888735237704,0.3277490043803472,-0.21694976594878315,0.5726495726495726,0.5319148936170213,0.3404255319148936,0.3849240704786048,0.35587950703844473,0.6349206349206349,0.5,0.12466287953869802,0.13457324181512037,0.11610182542763316,0.232224040734679,0.2,0.7000000000000001,0.1,0.0,0.0,False,True,0.19146813355869305,0.05607018717098604,0.40953293513903394,0.26867469084847523,0.23516949152542377,0.23375706214689268
466,0.37908985279573215,0.3266620946670967,0.13636680268270557,0.5384615384615384,0.48936170212765956,0.48936170212765956,0.39511601828600684,0.36535313951835385,0.6111111111111112,0.47619047619047616,0.06629944468177956,0.11926666487900003,0.026520458438598724,0.04909983633387888,0.4,0.0,0.30000000000000004,0.1,0.2,False,True,0.08152342849103478,0.051794305392902536,0.2845385461078173,0.43632111235661464,-0.03319209039548021,0.08403954802259889
466,0.33889550515551564,0.32123678267296246,0.0817358121013076,0.5299145299145299,0.46808510638297873,0.48936170212765956,0.23196897349907972,0.42744403918350166,0.5660377358490566,0.5,0.05653823035547812,0.06890071661511901,0.05333944833764359,0.04055282778687036,0.6000000000000001,0.0,0.30000000000000004,0.0,0.1,False,True,0.060005670539361775,0.056189625209479996,0.3377220103061338,0.3792814353343675,0.0423728813559322,0.08403954802259889
466,0.16820839124710213,0.31823048225186557,0.06508177496716762,0.49572649572649574,0.5319148936170213,0.48936170212765956,0.22830081676036038,0.1130415743824716,0.5357142857142857,0.45901639344262296,0.05284850676737848,0.1257787061819097,-0.009110940948941486,0.0063647935988361826,0.4,0.1,0.1,0.2,0.2,False,True,0.07966915294341617,0.027527481921893724,0.17018787367832958,0.18184766360013283,-0.016242937853107264,0.09957627118644069
466,0.3463040729329936,0.31554750807687965,-0.03874545772251585,0.5470085470085471,0.5531914893617021,0.425531914893617,0.28362249591843114,0.41228468031674337,0.5666666666666667,0.5263157894736842,0.08186783380863175,0.136524767013268,0.03578739328924245,0.12147663211493004,0.30000000000000004,0.2,0.1,0.1,0.30000000000000004,False,True,0.11530050577712458,0.050095299295326065,0.4488068452040281,0.206769313675839,0.1596045197740113,0.13347457627118642
466,0.3604056643833431,0.30975257310184506,0.0858288861556622,0.5384615384615384,0.5319148936170213,0.44680851063829785,0.3101586093806324,0.39923293415816485,0.5882352941176471,0.5,0.0907158549213023,0.11897545179875697,0.07683521990905091,0.09165302782324058,0.30000000000000004,0.0,0.6000000000000001,0.0,0.1,False,True,0.09104960737791495,0.09003139809975401,0.4193761653588605,0.297069349401528,0.025423728813559365,0.14265536723163835
466,0.34560659547010986,0.30903069311774856,-0.19270929335925635,0.5641025641025641,0.5319148936170213,0.3404255319148936,0.3175177981252747,0.375173750569936,0.6166666666666667,0.5087719298245614,0.11519250952935081,0.13112940589686203,0.1027779954087588,0.2236770321876705,0.1,0.9,0.0,0.0,0.0,False,True,0.1877397258537039,0.04203356067987443,0.3739857889616235,0.2616767815117309,0.17655367231638414,0.1833333333333334
466,0.2464317265969272,0.3026266116383693,0.12244033123258743,0.49572649572649574,0.5531914893617021,0.44680851063829785,0.17411453164244192,0.32520581395806286,0.5081967213114754,0.48214285714285715,0.03662873294118314,0.06524963567312525,0.016780312840389885,0.04891798508819789,0.7000000000000001,0.0,0.0,0.1,0.2,False,True,0.03843320661435668,0.02821027606594289,0.052871049441550244,0.32625310130731916,0.04096045197740111,0.0501412429378531
466,0.44090177688675947,0.30198982222185616,0.3176230086606403,0.5726495726495726,0.5531914893617021,0.5106382978723404,0.5062943745936735,0.37206746351106007,0.65,0.49122807017543857,0.1016650351393274,0.16667732669605623,0.04570272451724917,0.06201127477723223,0.0,0.5,0.0,0.2,0.30000000000000004,False,True,0.20296304944674853,0.001723889022262716,0.5473455852062363,0.31003590455225244,0.11016949152542377,0.025423728813559365
466,-0.015282352522856285,0.30103094586772755,-0.23333095539562015,0.4017094017094017,0.5319148936170213,0.3617021276595745,0.04786540964590803,-0.08175368112155552,0.4666666666666667,0.3333333333333333,0.03298379204323688,0.0787860962941743,-0.009407231916683625,0.040007274049827235,0.6000000000000001,0.2,0.0,0.2,0.0,False,True,0.048365958971638603,0.021158458555549473,-0.002641579008720268,-0.05194659234914247,-0.009887005649717506,0.05649717514124297
466,0.20326298078122743,0.29576907923791956,0.07380318871548852,0.48717948717948717,0.5319148936170213,0.48936170212765956,0.29327697279445586,0.10179266251176987,0.5645161290322581,0.4,0.04505239963580455,0.1415921727798866,-0.046743846755766684,-0.0021822149481723896,0.30000000000000004,0.2,0.1,0.30000000000000004,0.1,False,True,0.08454421554794433,0.013601006633498851,0.2658688786446112,0.08211163368170174,0.06709039548022605,0.03177966101694918
466,0.42976004478695196,0.29553202447851273,0.13498227242148395,0.5811965811965812,0.5319148936170213,0.40425531914893614,0.45084553946814265,0.40831100709401624,0.6440677966101694,0.5172413793103449,0.13001049915226584,0.14306999234426737,0.12029858180619159,0.1769412620476451,0.0,0.6000000000000001,0.0,0.0,0.4,False,True,0.21041519151174617,0.05613047041135089,0.5237979329950713,0.27294969587190915,0.325,0.025423728813559365
466,0.31254750982755514,0.29025965901560424,-0.04634533839708389,0.5555555555555556,0.574468085106383,0.40425531914893614,0.28806668420874315,0.3358042941654266,0.6140350877192983,0.5,0.09983314477022492,0.11515864965233168,0.1011339585684423,0.15130023640661944,0.2,0.30000000000000004,0.0,0.0,0.5,False,True,0.12836609276080607,0.0713418502881354,0.4924868383075063,0.33068396910311587,0.2937853107344633,0.08403954802259889
466,0.3877061637076655,0.2893535262479808,-0.23533892042975205,0.5897435897435898,0.5106382978723404,0.3191489361702128,0.3353624360197722,0.440952369459143,0.6271186440677966,0.5517241379310345,0.13091737040796972,0.14260673135175078,0.12319490097068206,0.270594653573377,0.1,0.7000000000000001,0.0,0.0,0.2,False,True,0.20459248040201206,0.05988574904553572,0.3537042991511783,0.31705982276228223,0.2598870056497175,0.2090395480225989
466,0.14828563474160278,0.28849604853829336,0.062182855605159,0.46153846153846156,0.5106382978723404,0.48936170212765956,0.21097011385783554,0.07515374243933126,0.5396825396825397,0.37037037037037035,0.03685418889844655,0.11711138991481204,-0.04145101852548615,-0.027823240589197995,0.4,0.2,0.1,0.30000000000000004,0.0,False,True,0.0625865274878186,0.020356223027319317,0.17019686264077508,0.05517037451092678,0.008474576271186418,0.05649717514124297
466,0.3438523775599656,0.2871560484592289,-0.1734483405952068,0.5641025641025641,0.5106382978723404,0.3829787234042553,0.31654929787266384,0.3757059705284843,0.6031746031746031,0.5185185185185185,0.11711958011967151,0.12967778097301388,0.11106715962892372,0.18112384069830878,0.30000000000000004,0.5,0.1,0.0,0.1,False,True,0.16620798373420953,0.06996580763276998,0.4166661073494451,0.26669674987375014,0.11793785310734467,0.19209039548022605
466,0.28247674224883235,0.2813033867041908,0.04950173916978334,0.5555555555555556,0.46808510638297873,0.425531914893617,0.2830505960853269,0.28200151954048536,0.5660377358490566,0.546875,0.11200787535511486,0.16856814485298233,0.06710130011944553,0.13002364066193856,0.1,0.1,0.6000000000000001,0.1,0.1,False,True,0.1468868903738378,0.07822992457956404,0.3242004282592688,0.21901616230197501,0.08403954802259889,0.18432203389830504
466,0.12037555717713805,0.27675713254022627,-0.001393790898769163,0.452991452991453,0.5531914893617021,0.44680851063829785,0.13704012931490112,0.1039934354145913,0.5,0.4067796610169492,0.0394302895362451,0.10355606706534107,-0.014939530982192983,0.006182942353155141,0.5,0.1,0.0,0.2,0.2,False,True,0.0580737602667221,0.021220158172425577,0.048363168096177675,0.11797048618770348,-0.0423728813559322,0.03177966101694918
466,0.3478430634892384,0.2748926465112542,-0.027322437448716964,0.5384615384615384,0.5531914893617021,0.40425531914893614,0.27944902054904847,0.4128174042824186,0.5789473684210527,0.5,0.09164571950967797,0.12291477959242035,0.07834631738496528,0.1342062193126023,0.30000000000000004,0.2,0.1,0.0,0.4,False,True,0.11361244816641004,0.06566106166205045,0.43795862298724114,0.28254427418577444,0.20127118644067798,0.09180790960451973
466,0.22795057368232355,0.2741642161951408,0.05700830630826971,0.47863247863247865,0.46808510638297873,0.46808510638297873,0.34482677402995493,0.12427007337394086,0.5636363636363636,0.4032258064516129,0.057245768476175525,0.1579388674241106,-0.03405650887834186,0.01054737224949992,0.1,0.0,0.4,0.30000000000000004,0.2,False,True,0.09390915308285767,0.017241876173589504,0.2715833371796429,0.1543315196887564,-0.06709039548022594,0.057909604519774005
466,0.27207647081781894,0.27151631977440793,-0.004284435334592728,0.5384615384615384,0.46808510638297873,0.3829787234042553,0.46686591496934066,0.08058854266886542,0.6379310344827587,0.4406779661016949,0.07702374193270183,0.15543821175895176,0.005337682706808343,0.15548281505728312,0.0,0.30000000000000004,0.4,0.30000000000000004,0.0,False,True,0.1444553309734984,0.013697552381281465,0.3578075019364524,0.255740641009219,0.11793785310734467,0.19209039548022605
466,0.3795328691991987,0.2712591733111848,0.25982264444702746,0.5726495726495726,0.5510204081632653,0.5106382978723404,0.3631009785232163,0.39682959622654834,0.6333333333333333,0.5087719298245614,0.11779087971582893,0.15765969333637783,0.08825095430747766,0.06201127477723223,0.0,0.6000000000000001,0.0,0.1,0.30000000000000004,False,True,0.21346996996868828,0.028263021175618984,0.4736052501684051,0.29960030373780394,0.1271186440677966,-0.016242937853107264
466,0.363730886027427,0.271200833468961,0.19784454735836093,0.5384615384615384,0.46808510638297873,0.5106382978723404,0.2896375948012819,0.4272394213641227,0.5740740740740741,0.5079365079365079,0.08873388973196347,0.13836199356217346,0.05088142302392008,0.02782324058919805,0.30000000000000004,0.1,0.4,0.1,0.1,False,True,0.11661631483453296,0.0652509910632212,0.48843420668979604,0.22508705145944544,0.07627118644067798,0.03319209039548027
466,0.3891190994085742,0.2699962064480266,-0.11856304497132562,0.5641025641025641,0.5531914893617021,0.40425531914893614,0.3240036309316809,0.45313091587738447,0.603448275862069,0.5254237288135594,0.08348172241452002,0.14028817427722826,0.03800370281278836,0.15984724495362795,0.2,0.2,0.1,0.1,0.4,False,True,0.11438481414867094,0.05314893181282146,0.3929442627104986,0.26086213732688646,0.18432203389830504,0.06709039548022605
466,0.2230604716532684,0.26860507148417534,-0.3521587912984448,0.47863247863247865,0.5319148936170213,0.3404255319148936,0.15296160706212886,0.3048424803429311,0.5238095238095238,0.42592592592592593,0.04666577494802581,0.054428594066131424,0.043405785938025514,0.13820694671758504,0.8,0.2,0.0,0.0,0.0,False,True,0.060919697438713574,0.03382611256436108,0.2661797578724707,0.20699341834780302,0.15873015873015872,0.0826271186440678
466,0.2697900675202874,0.2683290494123294,0.015101639833336738,0.5042735042735043,0.46808510638297873,0.44680851063829785,0.40487490825568584,0.14145946882165875,0.5964912280701754,0.4166666666666667,0.05315412790215835,0.15207335891539242,-0.03824342507067583,0.05746499363520641,0.2,0.1,0.30000000000000004,0.30000000000000004,0.1,False,True,0.09169755873674465,0.012837598504125004,0.29825743698196405,0.20067803324901798,0.0501412429378531,0.0748587570621469
466,0.07310479868242706,0.26706389977196315,-0.03904922787238509,0.4322033898305085,0.5106382978723404,0.46808510638297873,0.14409528501539,-0.0028674761651297856,0.4918032786885246,0.3684210526315789,0.02540966940225465,0.09222888807218095,-0.039551690016583006,-0.035881716552470244,0.5,0.2,0.0,0.30000000000000004,0.0,False,True,0.04442450183173945,0.014838693865317512,0.1318264611874593,-0.02621480838652963,-0.02542372881355931,0.05649717514124297
466,0.2524566304605176,0.26621028323006524,0.06915440953336902,0.48717948717948717,0.48936170212765956,0.46808510638297873,0.37140130416599965,0.13945919044030977,0.5614035087719298,0.4166666666666667,0.05043072198303298,0.15472061502197054,-0.04084697824157842,0.019094380796508437,0.2,0.0,0.30000000000000004,0.30000000000000004,0.2,False,True,0.08217038453287703,0.01695422956421657,0.258748080192735,0.21454648502812376,0.016242937853107375,0.03319209039548027
466,0.08330437602974008,0.2655021071630014,0.05927927512021856,0.4444444444444444,0.5319148936170213,0.48936170212765956,0.2058372508210805,-0.054823591916861834,0.5161290322580645,0.36363636363636365,0.03546978052178746,0.12095033367740188,-0.04456391919651555,-0.04491725768321514,0.4,0.2,0.0,0.30000000000000004,0.1,False,True,0.06930491715310344,0.015276125123376534,0.12744042497440453,0.024345634094684154,-0.06709039548022594,0.03177966101694918
466,0.03758569473210442,0.2646308264214906,0.006761905370941733,0.4188034188034188,0.5106382978723404,0.46808510638297873,0.059124609062279516,0.01567541981002969,0.4745762711864407,0.3620689655172414,0.029918834798004133,0.08222396351156351,-0.01651940532211665,-0.04928168757955992,0.6000000000000001,0.1,0.0,0.2,0.1,False,True,0.040550209385684356,0.017618105994845455,0.0429359069454346,0.042166536931749064,-0.0346045197740113,0.07344632768361586
466,0.36842630610855026,0.26375932084053033,0.24181640046424385,0.5470085470085471,0.5319148936170213,0.5106382978723404,0.303479376600297,0.42804971680465126,0.5714285714285714,0.5245901639344263,0.08967849728979627,0.13194536678384852,0.05653707413100329,0.03637024913620668,0.30000000000000004,0.0,0.30000000000000004,0.0,0.4,False,True,0.10237034279316677,0.08090832259279093,0.4356088154201952,0.31732902090610854,0.11793785310734467,0.0007062146892655718
466,0.302621305621535,0.2624520884153895,0.04905159854612975,0.5128205128205128,0.5319148936170213,0.44680851063829785,0.24393746076632114,0.35292174406886107,0.5370370370370371,0.49206349206349204,0.07368268646193196,0.10862695148650182,0.04819763017833998,0.06601200218221492,0.4,0.0,0.2,0.0,0.4,False,True,0.0896601448634353,0.0638665051336788,0.3850993964115604,0.280347772648492,0.08403954802259889,0.09180790960451973
466,0.2969732093569223,0.2605172331568253,-0.21250798622807932,0.5470085470085471,0.574468085106383,0.3617021276595745,0.351265509199913,0.2216287932482819,0.6029411764705882,0.46938775510204084,0.08410612387807799,0.15797166616693661,0.019966476578746933,0.18530641934897257,0.2,0.4,0.0,0.2,0.2,False,True,0.1481191279338587,0.022404585387490603,0.4024934421532555,0.17016169938574874,0.2598870056497175,0.0748587570621469
466,0.40488041524720236,0.25740220248753515,0.0942651871977432,0.5299145299145299,0.46808510638297873,0.5106382978723404,0.31133899220157035,0.4823444062068663,0.5849056603773585,0.484375,0.055273942966252355,0.09085848103583516,0.028147679170412842,0.019276232042189534,0.5,0.0,0.30000000000000004,0.1,0.1,False,True,0.06586211569351526,0.045531770907869626,0.3753819675975438,0.4105673304350438,0.025423728813559365,0.06709039548022605
466,0.2007185802697305,0.25591819191094434,0.10659178927222675,0.46153846153846156,0.5319148936170213,0.48936170212765956,0.062004898085964814,0.35708673109506645,0.4838709677419355,0.43636363636363634,0.04122159142859626,0.06972664859355582,0.02055331791118357,-0.027823240589197995,0.7000000000000001,0.1,0.0,0.1,0.1,False,True,0.048692897660009574,0.03209101030935016,0.06588136496760615,0.2651596068019624,-0.05932203389830509,0.057909604519774005
466,0.33416571454961363,0.25532495265143873,-0.21069516295071516,0.5641025641025641,0.5106382978723404,0.3617021276595745,0.27951140478996733,0.4001633716178657,0.609375,0.5094339622641509,0.11424378969676341,0.1285020122376567,0.09869767609728801,0.2024004364429896,0.2,0.8,0.0,0.0,0.0,False,True,0.18375143676796937,0.04695842767909346,0.35080626725962555,0.28467447720154637,0.16666666666666669,0.23375706214689268
466,0.227130517665587,0.25391849091131946,0.26523508806454704,0.48717948717948717,0.48936170212765956,0.5531914893617021,0.18246434801663208,0.2695633788320943,0.5263157894736842,0.45,0.036294764745164354,0.10008685458551717,-0.014340972912083104,-0.06601200218221498,0.5,0.0,0.1,0.2,0.2,False,True,0.05008335549147667,0.01932208867735918,0.09794030478024672,0.36003225421841073,-0.06709039548022594,0.0501412429378531
466,0.23799832227606565,0.2497008828891384,0.030917719230246724,0.46153846153846156,0.5106382978723404,0.46808510638297873,0.2038441814577716,0.2715735793516768,0.5172413793103449,0.4067796610169492,0.0405222023754047,0.09521624127585462,-0.006231283555856649,-0.006546644844517169,0.5,0.1,0.1,0.2,0.1,False,True,0.05921638416831425,0.024239949912347677,0.3536096259482975,0.22758248809139375,-0.03319209039548021,0.1659604519774011
466,0.286825930931824,0.24373016881722243,-0.24843355665574166,0.5641025641025641,0.46808510638297873,0.3404255319148936,0.2598656554652953,0.31827958564277403,0.6190476190476191,0.5,0.11553708817907274,0.13274176168117036,0.10279855921508141,0.2236770321876705,0.30000000000000004,0.6000000000000001,0.0,0.0,0.1,False,True,0.16544664471710466,0.06577603637426768,0.3221803195223521,0.27288923101100154,0.18432203389830504,0.1673728813559322
466,0.26523831919885776,0.24345865979845044,0.12836463172276122,0.48717948717948717,0.48936170212765956,0.5106382978723404,0.2768038484356282,0.2546207841618225,0.5535714285714286,0.4262295081967213,0.053308338118547384,0.11660151854906224,-0.0016531366515857397,-0.023458810692853216,0.4,0.1,0.2,0.2,0.1,False,True,0.07789848402274333,0.03189891413077239,0.388229222984004,0.15113584933395152,-0.016242937853107264,0.0826271186440678
466,0.2861540631550846,0.24286327460501214,0.10177700015228995,0.5384615384615384,0.5319148936170213,0.48936170212765956,0.28528530205010494,0.2870685485287473,0.5666666666666667,0.5087719298245614,0.06112024573215553,0.14836958572929765,-0.010906615159271127,0.04909983633387888,0.30000000000000004,0.1,0.1,0.2,0.30000000000000004,False,True,0.09121184404686924,0.031889956277885344,0.4046838957459419,0.055741131817078106,0.017655367231638408,0.0826271186440678
466,0.26935760330192093,0.2404362877735668,-0.2663153151754068,0.5384615384615384,0.5106382978723404,0.3617021276595745,0.27831417720918544,0.25816188591784006,0.5846153846153846,0.4807692307692308,0.09481026912634018,0.1155586950195584,0.07972191138833552,0.17675941080196395,0.4,0.5,0.0,0.0,0.1,False,True,0.13183875537724754,0.055981119577706136,0.4275177630054756,0.23453374581366215,0.21822033898305082,0.1998587570621469
466,0.3970658232157519,0.24012811221450792,0.13983793567789762,0.5555555555555556,0.44680851063829785,0.46808510638297873,0.3458767720400682,0.43945675622061475,0.6037735849056604,0.515625,0.08443709171799027,0.14680120948143568,0.04312458888304567,0.08747044917257685,0.30000000000000004,0.0,0.4,0.1,0.2,False,True,0.10105154778479604,0.07131346683377673,0.4562106935203098,0.32669625350920145,0.0423728813559322,0.10098870056497172
466,0.24998258821269054,0.2373565134107084,-0.18121177006696554,0.4700854700854701,0.46808510638297873,0.425531914893617,0.05741234207666704,0.4392889318718324,0.46551724137931033,0.4745762711864407,0.026205422675908287,0.02855837340983464,0.028978988366689957,0.044553555191853056,1.0,0.0,0.0,0.0,0.0,False,True,0.019996497326509016,0.03013945855050932,0.2294662983189523,0.18933236987636073,-0.0423728813559322,0.02401129943502822
466,0.10234610253807161,0.22999030155746497,0.12150090022844302,0.452991452991453,0.46808510638297873,0.44680851063829785,0.15815076517260418,0.05613286629384931,0.49056603773584906,0.421875,0.06935179921900304,0.1760437734640683,-0.023719545570973805,0.006182942353155141,0.0,0.1,0.4,0.30000000000000004,0.2,False,True,0.12758769398718994,0.0059858363625219235,0.17033341748420164,0.08635003148015188,0.016242937853107375,0.02401129943502822
466,0.24958470602343663,0.22888471903267174,-0.13064646363707474,0.4700854700854701,0.5208333333333334,0.40425531914893614,0.11367260698455213,0.39265007343278885,0.48333333333333334,0.45614035087719296,0.03913772568827911,0.04015658375807041,0.04406216562939073,0.06583015093653394,0.9,0.1,0.0,0.0,0.0,False,True,0.04753648430000967,0.030370344936776504,0.2534903047597727,0.30111430808834094,0.016242937853107375,0.03319209039548027
466,0.13999253533043368,0.22756188485824272,-0.16359172681514306,0.4358974358974359,0.48936170212765956,0.3829787234042553,0.1332410151745138,0.14760333986983418,0.5,0.36363636363636365,0.043383955822262704,0.09264104301336394,-0.0034682478017440945,0.052918712493180586,0.5,0.2,0.1,0.2,0.0,False,True,0.06510667010004101,0.027246802531432933,0.15740359535720452,0.03898185083989837,-0.0007062146892655163,0.07344632768361586
466,0.18769304784893787,0.2225980269144985,0.06926510956690071,0.48717948717948717,0.5319148936170213,0.48936170212765956,0.35089020541429733,0.0037253429570781936,0.5645161290322581,0.4,0.04296263037022442,0.14366793564025396,-0.04830577930507923,-0.0021822149481723896,0.30000000000000004,0.2,0.0,0.30000000000000004,0.2,False,True,0.08180609851547048,0.008872255626125779,0.20808727734278162,0.14716842771358674,-0.008474576271186418,0.057909604519774005
466,0.07909525541896063,0.21407601681697944,0.14049158938900191,0.452991452991453,0.5319148936170213,0.5319148936170213,0.13309907644789176,0.020269664655303554,0.4918032786885246,0.4107142857142857,0.032720745474323125,0.12395986680701276,-0.04771868404563757,-0.07892344062556828,0.4,0.1,0.0,0.30000000000000004,0.2,False,True,0.06452241902840808,0.006874654432314421,0.13176182882875834,0.06610057841116974,-0.05014124293785305,0.00706214689265533
466,0.2180655475429561,0.2127429074680615,0.08742260232029525,0.5213675213675214,0.44680851063829785,0.3829787234042553,0.20035443540455936,0.2317514069226263,0.5294117647058824,0.5151515151515151,0.10122976937600522,0.16465565239435842,0.054027715360809074,0.13838879796326609,0.1,0.0,0.6000000000000001,0.1,0.2,False,True,0.1262768615147188,0.07581329493403641,0.26300492307484824,0.15779465926019082,0.09180790960451973,0.10875706214689268
466,0.2643137319067647,0.21040123146448778,-0.2978613157017472,0.5299145299145299,0.48936170212765956,0.3404255319148936,0.26543320664391723,0.2630076780467534,0.5873015873015873,0.46296296296296297,0.0951951178184657,0.11097098025055865,0.08520874948620248,0.1894889979996363,0.4,0.6000000000000001,0.0,0.0,0.0,False,True,0.13340364163125965,0.05966076248993283,0.31991630256709547,0.1732603217336277,0.12431693989071041,0.13347457627118642
466,0.26859027904071303,0.20855298182012946,-0.062275833956297565,0.47863247863247865,0.44680851063829785,0.48936170212765956,0.1229275926902789,0.4069698310736255,0.5087719298245614,0.45,0.036250100390437724,0.061877810045161755,0.0195914385811985,-0.010729223495180906,0.7000000000000001,0.0,0.1,0.1,0.1,False,True,0.03734528868609663,0.03252098724792839,0.25242129566630994,0.24397756819828315,-0.02542372881355931,0.016242937853107375
466,0.23185923141300244,0.20600871667625248,-0.030175720974895955,0.5042735042735043,0.425531914893617,0.3829787234042553,0.3201174753250071,0.15877037317337356,0.5660377358490566,0.453125,0.09030199426392585,0.16967386004673798,0.02200161911995902,0.12129478086924894,0.1,0.1,0.5,0.2,0.1,False,True,0.13089612765347244,0.050508355845117654,0.37935937516604706,0.1271625525961365,0.10098870056497172,0.182909604519774
466,0.3355426963490132,0.2051232966298025,0.06842428742080475,0.5213675213675214,0.44680851063829785,0.5106382978723404,0.2619877186120353,0.4078509795480761,0.5689655172413793,0.4745762711864407,0.056398576488679665,0.08366810209720571,0.03333485018931679,0.010729223495181017,0.5,0.1,0.30000000000000004,0.1,0.0,False,True,0.07039279862038587,0.048032007180343034,0.37507086534580814,0.26747738381860753,0.025423728813559365,0.03319209039548027
466,0.2440313118532208,0.2025331270849007,0.14234653589957416,0.5042735042735043,0.48936170212765956,0.48936170212765956,0.3762268210462928,0.10955656974302673,0.576271186440678,0.43103448275862066,0.04402723450224616,0.14561150962801947,-0.04427834569595522,0.0149118021458447,0.30000000000000004,0.1,0.1,0.30000000000000004,0.2,False,True,0.08129848685187117,0.011852234686549895,0.3112542608091952,0.17708204893069882,-0.016242937853107264,0.016242937853107375
466,0.33235924240360437,0.20207371920643846,-0.13128381682673387,0.5470085470085471,0.5319148936170213,0.40425531914893614,0.4010037664696957,0.254978142547283,0.6129032258064516,0.4727272727272727,0.07798688706394481,0.16199994812674934,0.001855480179033376,0.14275322785961092,0.2,0.30000000000000004,0.0,0.2,0.30000000000000004,False,True,0.13410104835306016,0.024903826342976564,0.4734217508158295,0.20455507248395371,0.21822033898305082,0.09180790960451973
466,0.2063832690701278,0.19716443227993516,-0.04225278746792319,0.5299145299145299,0.44680851063829785,0.3829787234042553,0.24200360609732355,0.17585155161824578,0.5740740740740741,0.49206349206349204,0.09103335752091893,0.14954686181649185,0.04095662251753528,0.1469358065102746,0.0,0.2,0.6000000000000001,0.2,0.0,False,True,0.1439517005778489,0.03793451634266679,0.32449835246465414,0.18283211915648723,0.14265536723163835,0.19209039548022605
466,0.27235621884989514,0.17355171149938806,-0.08165854729824658,0.48717948717948717,0.44680851063829785,0.46808510638297873,0.2083741265837702,0.33525386887422115,0.5344827586206896,0.4406779661016949,0.04650753694188451,0.06810857728080598,0.030109813326967882,0.019094380796508437,0.6000000000000001,0.1,0.2,0.1,0.0,False,True,0.05998875015057513,0.03806888413597249,0.3441246670929785,0.25840078248131104,0.008474576271186418,0.0748587570621469
466,0.20194983051072324,0.16552611432697165,-0.07178361453984758,0.48717948717948717,0.425531914893617,0.425531914893617,0.3623355788262656,0.049583369610958036,0.5964912280701754,0.38333333333333336,0.049463284594859436,0.12978064975733186,-0.023223654413805337,0.061647572285870145,0.2,0.1,0.4,0.30000000000000004,0.0,False,True,0.0740774621079243,0.02081207820757124,0.3858873528720173,0.17020208652358093,0.008474576271186418,0.057909604519774005
466,0.2541768448065991,0.16326911295706176,0.005198618156629308,0.49572649572649574,0.425531914893617,0.44680851063829785,0.2610251966744075,0.24788983325582412,0.5535714285714286,0.4426229508196721,0.05835441489670207,0.11484628885722181,0.014678378252186677,0.04891798508819789,0.2,0.0,0.6000000000000001,0.2,0.0,False,True,0.06773928353184522,0.04970812098720817,0.34135167315333353,0.15870031467819207,0.008474576271186418,0.11652542372881358
466,0.2007250459672324,0.16262706209907102,-0.04168860522692436,0.5128205128205128,0.44680851063829785,0.3829787234042553,0.14213137863870137,0.2492479267236723,0.5094339622641509,0.515625,0.07600448642825072,0.11299166903560558,0.04876927556253318,0.12984178941625746,0.1,0.0,0.8,0.1,0.0,False,True,0.09123274570360569,0.060691443943714556,0.33135792311520784,0.10462516866382658,0.09180790960451973,0.15819209039548027
466,0.19671890119430954,0.15781502842953804,-0.028529283396929235,0.452991452991453,0.44680851063829785,0.44680851063829785,0.17194192285513923,0.22192306881518967,0.5084745762711864,0.39655172413793105,0.029766304160414016,0.0717711035630438,-0.005747851975501457,0.006182942353155141,0.6000000000000001,0.1,0.1,0.2,0.0,False,True,0.0384262029344669,0.024000078518372322,0.27986251395930395,0.15385055066777445,-0.02542372881355931,0.14901129943502822
466,0.19081948294569678,0.1526534779491646,0.03797156039549725,0.47863247863247865,0.44680851063829785,0.46808510638297873,0.2761785193169655,0.11765459462746634,0.5555555555555556,0.4126984126984127,0.04664339620472987,0.13816172245067523,-0.03390649557350998,0.01054737224949992,0.2,0.0,0.4,0.30000000000000004,0.1,False,True,0.06822997480665786,0.01783010851317222,0.20793831738095758,0.1589005319928557,-0.06709039548022594,0.057909604519774005
466,0.15802332924871684,0.1504517526731397,0.01991159137879156,0.47863247863247865,0.425531914893617,0.425531914893617,0.23513650090048133,0.08723090937168715,0.5535714285714286,0.4098360655737705,0.0586454174752692,0.1551847669280235,-0.024438213961563683,0.05310056373886163,0.0,0.0,0.5,0.30000000000000004,0.2,False,True,0.10712497204221354,0.00828601392051796,0.2058074318351914,0.12420527397955093,-0.02542372881355931,0.11652542372881358
466,0.4236376920318226,0.14880112587902275,0.07289443684577072,0.5726495726495726,0.5208333333333334,0.48936170212765956,0.4921418812515456,0.34901705734605304,0.639344262295082,0.5,0.09227994986186158,0.1666027050366661,0.025566310109824634,0.08328787052191305,0.1,0.4,0.0,0.2,0.30000000000000004,False,True,0.16770498025808778,0.016207741823629367,0.5633052294540859,0.32030088680123997,0.21045197740112992,0.06709039548022605
466,0.2175693704013539,0.1485601962005557,0.20991925532011596,0.47863247863247865,0.44680851063829785,0.5319148936170213,0.15970525372567299,0.27643114426109827,0.5254237288135594,0.43103448275862066,0.0286671753530813,0.07698958232692157,-0.009324747287057338,-0.053282414984542614,0.6000000000000001,0.0,0.1,0.2,0.1,False,True,0.03335108161546136,0.019209617857777375,0.2373597035234123,0.27151788084644035,-0.06709039548022594,0.016242937853107375
466,0.2678997321442439,0.14208591194257847,0.314584161241496,0.5128205128205128,0.425531914893617,0.5319148936170213,0.4251693869651931,0.11849356006434203,0.5789473684210527,0.45,0.05263594673938279,0.12577771228061194,-0.004886147643095144,-0.019094380796508492,0.4,0.0,0.2,0.2,0.2,False,True,0.07415609214993281,0.029949088152358607,0.25515691679720587,0.2963368208538802,-0.03319209039548021,0.06709039548022605
466,0.10271710007431988,0.14141581276290216,-0.09025463494290278,0.42735042735042733,0.44680851063829785,0.44680851063829785,0.03753371207369634,0.16464131867491225,0.45614035087719296,0.4,0.021244903326288943,0.05978816092666226,-0.013485501566453013,-0.01945808328787052,0.7000000000000001,0.1,0.0,0.2,0.0,False,True,0.025803107480635162,0.0193355392141792,0.1919258458671803,0.04856296111783551,-0.07627118644067798,0.048728813559322015
466,0.19823881220175726,0.13859470881770758,-0.12930582398119533,0.5213675213675214,0.40425531914893614,0.3617021276595745,0.16622079319736907,0.22664189357661785,0.5272727272727272,0.5161290322580645,0.07847377829576288,0.12964796393408118,0.03287882967795081,0.1596653937079469,0.0,0.1,0.7000000000000001,0.2,0.0,False,True,0.11646602196942805,0.0374010264373938,0.19978105576080546,0.06972469771604382,0.09180790960451973,0.15819209039548027
466,0.20535606647400237,0.12934326654081965,-0.07775561489192602,0.5128205128205128,0.40425531914893614,0.3617021276595745,0.1687810024336416,0.23171162732661538,0.5102040816326531,0.5147058823529411,0.09600260912067891,0.15368695767230234,0.051030439562606895,0.15111838516093828,0.0,0.0,0.7000000000000001,0.1,0.2,False,True,0.12672276352509623,0.06407353106706833,0.2047688990344347,0.17829482767725402,0.15819209039548027,0.1673728813559322
466,0.1772118577361347,0.12277839982047416,0.11457797094648346,0.4444444444444444,0.44680851063829785,0.5106382978723404,0.10531058364599664,0.247894466163728,0.5,0.3898305084745763,0.019134856533082237,0.05997251548109999,-0.014730961160095162,-0.06619385342789597,0.7000000000000001,0.0,0.0,0.2,0.1,False,True,0.02061203904741059,0.014548551856045136,0.1542432435991497,0.25546548896163385,-0.10098870056497172,0.016242937853107375
466,0.19387755547603747,0.12231226043318802,0.14937328826358656,0.4700854700854701,0.425531914893617,0.46808510638297873,0.32396979845572993,0.08236991863630108,0.5555555555555556,0.3968253968253968,0.06008798904366841,0.15569066268858225,-0.028687926421036583,0.002000363702491348,0.1,0.1,0.4,0.30000000000000004,0.1,False,True,0.10407133952471814,0.01224140362864269,0.3039478743245775,0.08588590124621542,-0.008474576271186418,0.02401129943502822
466,0.0597396193328166,0.1201523104312305,0.09799051287572248,0.42735042735042733,0.44680851063829785,0.5106382978723404,0.2127944113387161,-0.10698077910218098,0.5081967213114754,0.3392857142857143,0.026030858705010644,0.0977422414241063,-0.03803260903099517,-0.08328787052191305,0.5,0.1,0.0,0.30000000000000004,0.1,False,True,0.0459647337974102,0.008453227174409494,0.1498897349171219,0.013722779096804928,-0.06709039548022594,-0.026836158192090398
466,0.1691712886997288,0.11043791526057381,-0.12593346687670678,0.452991452991453,0.425531914893617,0.44680851063829785,0.06873256004155173,0.2713417195761502,0.4745762711864407,0.43103448275862066,0.03731234067081655,0.05834200617838808,0.02150522957971802,0.006182942353155141,0.7000000000000001,0.1,0.1,0.1,0.0,False,True,0.04929705507139148,0.02986747215938774,0.2053654680193939,0.312956272928958,-0.05932203389830509,0.03319209039548027
466,0.16840709411502278,0.10673915988061682,0.0007562570053752134,0.48717948717948717,0.3829787234042553,0.40425531914893614,0.2734917440256854,0.07833453704874062,0.5555555555555556,0.42857142857142855,0.06352502933246501,0.14790195516870255,-0.016925089143156984,0.08292416803055103,0.0,0.1,0.5,0.30000000000000004,0.1,False,True,0.11717866893244198,0.00896780605692094,0.2477600919266538,0.1350218013961419,-0.008474576271186418,0.11652542372881358
466,0.07247791596793153,0.10567509524031803,0.09257842797650079,0.4188034188034188,0.44680851063829785,0.5106382978723404,0.13366305016167757,0.012329817946960921,0.5,0.3389830508474576,0.014922873220484786,0.0711683361840853,-0.035565612821966096,-0.09183487906892157,0.6000000000000001,0.1,0.0,0.30000000000000004,0.0,False,True,0.023113754222960123,0.004754134973182351,0.11684192091275118,0.027912995487635872,-0.11793785310734461,-0.009887005649717506
466,0.24470860449324144,0.10505762641513403,-0.00811142344019343,0.47863247863247865,0.425531914893617,0.46808510638297873,0.26255696987690547,0.22716275377709708,0.5517241379310345,0.4067796610169492,0.03898582322075512,0.11082844286103555,-0.024771133854014474,0.01054737224949992,0.2,0.0,0.5,0.30000000000000004,0.0,False,True,0.05679477793784935,0.01732548280053527,0.26172729817099827,0.191127535652858,-0.12570621468926557,0.0748587570621469
466,0.2280633322769124,0.09605985400749655,-0.07759088800549138,0.5213675213675214,0.40425531914893614,0.3617021276595745,0.25646893408846294,0.20286481454085958,0.5636363636363636,0.4838709677419355,0.08631940189859362,0.15728090476499487,0.026098826359237392,0.1596653937079469,0.0,0.1,0.6000000000000001,0.2,0.1,False,True,0.13450216109900237,0.03816244393279276,0.2585115996530284,0.2200437332642692,0.13347457627118642,0.2090395480225989
466,0.21996918641110014,0.09515497666437366,0.02756031659466617,0.5213675213675214,0.44680851063829785,0.40425531914893614,0.1629160028746013,0.26561173324029924,0.5192307692307693,0.5230769230769231,0.10721050065244359,0.15222840751784267,0.06833130954245234,0.11711220221858526,0.0,0.1,0.7000000000000001,0.1,0.1,False,True,0.14720638712680914,0.06505889488464342,0.25628084854373595,0.15350514233763118,0.10875706214689268,0.15042372881355937
466,0.15321431297676424,0.09328102495544234,0.10413630132653486,0.452991452991453,0.425531914893617,0.5106382978723404,0.10913734995472713,0.19805122363711225,0.4915254237288136,0.41379310344827586,0.015247127998767415,0.07663726249300083,-0.0374372993298976,-0.05764684488088739,0.6000000000000001,0.0,0.0,0.30000000000000004,0.1,False,True,0.02088376084276252,0.008211367093957199,0.23917291827337755,0.08588918864086602,-0.10875706214689268,-0.017655367231638408
466,0.17123257895350372,0.0839864933977389,0.0460926228433759,0.5042735042735043,0.3829787234042553,0.44680851063829785,0.27611358539975567,0.0645432792926612,0.576271186440678,0.43103448275862066,0.06822548611777683,0.13953082148833673,0.003689529885947914,0.05746499363520641,0.0,0.2,0.5,0.30000000000000004,0.0,False,True,0.12326602762768378,0.01395733011500581,0.28320256193204385,0.11569472597728446,-0.016242937853107264,0.14124293785310738
466,0.12001260719390351,0.08015863307256761,0.1385750361635827,0.46153846153846156,0.40425531914893614,0.48936170212765956,0.2443798555079107,0.005839395626946096,0.5357142857142857,0.39344262295081966,0.05364667993659496,0.12853081887540127,-0.012401265993791969,-0.027823240589197995,0.1,0.1,0.5,0.30000000000000004,0.0,False,True,0.08988110523464912,0.01753649000187459,0.3066311830748629,0.161228031958295,-0.03319209039548021,0.11652542372881358
466,0.19152544138593278,0.0774810983237022,-0.004560456510738681,0.48717948717948717,0.3829787234042553,0.40425531914893614,0.14503327741989044,0.23276849006548636,0.4909090909090909,0.4838709677419355,0.058799005625436405,0.11180544783673155,0.014701802256595639,0.08292416803055103,0.1,0.0,0.7000000000000001,0.2,0.0,False,True,0.0769549235186411,0.03751449257396306,0.3606162720276088,0.04311842311020798,0.057909604519774005,0.14124293785310738
466,0.23341720958314088,0.07370342867288752,-0.09164989256564823,0.452991452991453,0.40425531914893614,0.46808510638297873,0.04426675756013366,0.41311013900499777,0.47368421052631576,0.43333333333333335,0.02265235484768725,0.03789845038480606,0.013405009501869652,-0.015093653391525741,0.8,0.0,0.1,0.1,0.0,False,True,0.019012545094262354,0.0235561671419698,0.1419970372085373,0.29795875700706337,-0.09322033898305082,0.03319209039548027
466,0.2582011952607454,0.06614352598428573,0.020254232491650644,0.4700854700854701,0.44680851063829785,0.46808510638297873,0.09512060699672915,0.42986497238076243,0.48333333333333334,0.45614035087719296,0.02793690982235923,0.05151739513576447,0.01513564831097048,0.002000363702491348,0.8,0.0,0.0,0.1,0.1,False,True,0.023433765383757545,0.028244116851542232,0.1531483026742659,0.301114308088341,-0.07627118644067798,0.0748587570621469
466,0.16148000128852563,0.0525110989785679,-0.07872643564457506,0.5042735042735043,0.425531914893617,0.3404255319148936,0.07709149916924546,0.2338130031050515,0.48148148148148145,0.5238095238095238,0.0755395541340629,0.10070257643947818,0.05298659312229155,0.16384797235861065,0.0,0.0,0.9,0.1,0.0,False,True,0.09347818082729199,0.05307925962369998,0.3598349879278374,0.06516494823250316,0.10875706214689268,0.182909604519774
466,0.2826857624999601,0.049246456358663586,-0.02307349068742995,0.47863247863247865,0.425531914893617,0.44680851063829785,0.23951219084157135,0.32232051680930046,0.5357142857142857,0.4262295081967213,0.039642662944374234,0.08553166703050176,-0.002497895959525995,0.0318239679941808,0.5,0.1,0.2,0.2,0.0,False,True,0.05543417961600574,0.028674087091435665,0.3975612243265245,0.17113395837223586,0.06709039548022605,0.0826271186440678
466,0.11979601209564567,0.042832575332435174,0.012175946214025696,0.4700854700854701,0.3829787234042553,0.425531914893617,0.14551041055895825,0.09850127586821494,0.5094339622641509,0.4375,0.054332445739528674,0.11930343922701707,-0.004431123897874228,0.044553555191853056,0.0,0.1,0.6000000000000001,0.30000000000000004,0.0,False,True,0.09695283243047857,0.012593745842199851,0.14978756589495615,0.08415521250863447,-0.0007062146892655163,0.11652542372881358
466,0.17039235978282494,0.04124426411445223,-0.07687534296151693,0.5128205128205128,0.40425531914893614,0.3404255319148936,0.11040187537321242,0.22007197968453532,0.49056603773584906,0.53125,0.08637613433802355,0.12444240588707424,0.05414932083050667,0.17239498090561917,0.0,0.0,0.8,0.1,0.1,False,True,0.11082954186950096,0.05905315218237251,0.20160690273909065,0.1196619703354283,0.15819209039548027,0.1751412429378531
466,0.2824524826137503,0.037198580099645974,0.22219105046548338,0.48717948717948717,0.3829787234042553,0.5319148936170213,0.2629601528707177,0.30161443388656184,0.5344827586206896,0.4406779661016949,0.03840114317886705,0.09595769164398202,-0.004716697398434562,-0.0447354064375341,0.5,0.0,0.2,0.2,0.1,False,True,0.045002262270546434,0.026129061554527027,0.2890737640579844,0.3024045822090511,-0.05014124293785305,0.03319209039548027
466,0.1278728345939696,0.028939401230468596,-0.06273331456619788,0.48717948717948717,0.3617021276595745,0.3829787234042553,0.10534201688803987,0.1485568639633476,0.5,0.47540983606557374,0.06188656911081486,0.10370763701324914,0.023575014479939777,0.10420076377523185,0.0,0.0,0.8,0.2,0.0,False,True,0.0854041694251008,0.030668702334284672,0.15285043177322102,0.08346115493012574,0.04096045197740111,0.1998587570621469
466,0.08445527290573379,-0.004220594717257535,0.07268751947727761,0.46153846153846156,0.3617021276595745,0.44680851063829785,0.16098222032017256,0.021081394578151724,0.5094339622641509,0.421875,0.04063093955097874,0.10717784339437081,-0.022040991382688977,0.014729950900163713,0.1,0.0,0.6000000000000001,0.30000000000000004,0.0,False,True,0.061521538311247535,0.013187950083707264,0.3705394914723683,0.04232114835388617,-0.06709039548022594,0.0656779661016949
466,0.19357776129711263,-0.021548868046574843,-0.08434196651499368,0.45,0.3829787234042553,0.46808510638297873,0.05836075634160933,0.33337839353924315,0.45901639344262296,0.4406779661016949,0.012255420010605643,0.026046504817237134,0.006356927351409929,-0.018085106382978722,0.9,0.0,0.0,0.1,0.0,False,True,0.005519060183652084,0.017516401739480894,0.18627879135837763,0.301114308088341,-0.13488700564971745,0.0748587570621469
466,0.18023850154602825,-0.034597932093469584,0.001421396455964158,0.5042735042735043,0.3404255319148936,0.40425531914893614,0.19647477261536764,0.1663216977723088,0.5370370370370371,0.47619047619047616,0.06901258650824493,0.13856773113080934,0.009971150132130206,0.10001818512456812,0.1,0.0,0.6000000000000001,0.2,0.1,False,True,0.0925953346594242,0.03874370905346332,0.2868005716296079,0.1280924865331881,0.008474576271186418,0.15042372881355937
466,0.09591228427406567,-0.041698488241035975,0.11035515788770724,0.42735042735042733,0.375,0.5106382978723404,0.05625568145363326,0.13489674128398227,0.46551724137931033,0.3898305084745763,0.008835149450618232,0.03635637257535363,-0.013305938567459215,-0.08328787052191305,0.8,0.0,0.0,0.2,0.0,False,True,0.0009007663600009263,0.012908996355382415,0.06310345307011839,0.26381708670804394,-0.14822404371584696,0.06666666666666665
466,0.24960178797435145,-0.050077155842442274,0.2738010582309369,0.47863247863247865,0.3829787234042553,0.5531914893617021,0.22226089625730516,0.2747016229932792,0.5178571428571429,0.4426229508196721,0.022561470972679437,0.08812972502284087,-0.035976778856804274,-0.0745590107292235,0.5,0.0,0.2,0.30000000000000004,0.0,False,True,0.027041767232018316,0.015027295876514135,0.2582854831115004,0.24922803385419914,-0.06709039548022594,-0.008474576271186418
466,0.08840815760314549,-0.06800982421125502,0.10666879815572196,0.42735042735042733,0.3617021276595745,0.5319148936170213,0.0789987299694614,0.09765810341252987,0.4827586206896552,0.3728813559322034,0.005233545205381774,0.05334583796852477,-0.03475701737044116,-0.10456446626659394,0.7000000000000001,0.0,0.0,0.30000000000000004,0.0,False,True,0.002805812562257029,0.005618168004006018,0.12751650008070312,0.05824614668243284,-0.11793785310734461,-0.0346045197740113
466,0.1657279335728667,-0.07619216487172444,0.02945334986050838,0.48717948717948717,0.3191489361702128,0.40425531914893614,0.23977639563172437,0.10003978174646076,0.5454545454545454,0.43548387096774194,0.04957600299425311,0.1322301195056562,-0.01968413783268929,0.08292416803055103,0.0,0.0,0.6000000000000001,0.30000000000000004,0.1,False,True,0.08771828142092113,0.008082969255078242,0.22588401687608195,0.1688819921791134,-0.0423728813559322,0.19209039548022605
466,0.19644880568677314,-0.10471890538369966,-0.11380661662625982,0.5042735042735043,0.3191489361702128,0.3404255319148936,0.1906132535088631,0.20145070755355318,0.5185185185185185,0.49206349206349204,0.06988490997110229,0.13315047210737996,0.01955106955232348,0.16384797235861065,0.0,0.0,0.7000000000000001,0.2,0.1,False,True,0.10334575344086738,0.030791126323740977,0.2244499710875754,0.10307397047194701,0.11652542372881358,0.1998587570621469
466,0.05636444363526286,-0.11748190028812057,-0.1192635030485519,0.4444444444444444,0.3191489361702128,0.3829787234042553,0.04651648104267787,0.06540519617927538,0.4642857142857143,0.4262295081967213,0.04175134302309767,0.1039352404104357,-0.014005062721197128,0.0614657210401891,0.0,0.0,0.7000000000000001,0.30000000000000004,0.0,False,True,0.07086756482339933,0.005859431105115824,0.19670173072162112,0.008045485314036944,-0.02542372881355931,0.182909604519774
466,0.21309344798014707,-0.13340852893580185,0.16842679474107522,0.46153846153846156,0.3191489361702128,0.5531914893617021,0.18190244650530954,0.24272489938124273,0.5087719298245614,0.4166666666666667,0.014250977282283033,0.07191869790576083,-0.033978262735954466,-0.09165302782324058,0.6000000000000001,0.0,0.1,0.30000000000000004,0.0,False,True,0.0137303978418673,0.009250476081356627,0.18541592416622163,0.22021006589610395,-0.10098870056497172,0.016242937853107375
466,0.26552013108542244,0.7336666098601528,0.017356060901090396,0.5042735042735043,0.6595744680851063,0.425531914893617,0.39960234683278506,0.14657623001921358,0.6,0.41935483870967744,0.055455275269912715,0.1658170260607885,-0.04401918649823903,0.07874158937988723,0.0,0.30000000000000004,0.2,0.4,0.1,True,False,0.12460074770785366,-0.012280220991153225,0.32215891284028714,0.23128315453174728,0.12570621468926552,0.016242937853107375
466,0.43320863176563756,0.7238013662318737,0.03344183948810829,0.5811965811965812,0.6382978723404256,0.425531914893617,0.4549441555255008,0.4110983575961215,0.6610169491525424,0.5,0.16545300583584036,0.17508316785978528,0.1579535439434343,0.15566466630296422,0.1,0.4,0.4,0.0,0.1,True,False,0.2305801098975127,0.09631782019248572,0.4687953454302088,0.24388134586413035,0.21822033898305082,0.0501412429378531
466,0.3287817729387599,0.723578760909549,0.010858583151305298,0.5470085470085471,0.6382978723404256,0.46808510638297873,0.35460914471487676,0.30507139884920986,0.5892857142857143,0.5081967213114754,0.142065182094096,0.1614170250156143,0.12744651930765913,0.07892344062556833,0.2,0.30000000000000004,0.4,0.0,0.1,True,False,0.18489306953960094,0.09362946900938432,0.4393671027217954,0.14850605229659597,0.11793785310734467,0.016242937853107375
466,0.42693653108847723,0.7045457387290686,0.026554419819190763,0.5726495726495726,0.6382978723404256,0.44680851063829785,0.3990284623851983,0.4573363916402631,0.6229508196721312,0.5178571428571429,0.0873932126106983,0.13959294031944658,0.04410092132213413,0.12584106201127476,0.0,0.7000000000000001,0.1,0.2,0.0,True,False,0.1883438335350887,-0.010970383835669546,0.4692088025179956,0.3894622393430379,0.19350282485875708,0.0423728813559322
466,0.23135188403564783,0.7010731093435385,-0.005654058876247608,0.5128205128205128,0.6808510638297872,0.44680851063829785,0.25086235949238006,0.2093582571571498,0.5645161290322581,0.45454545454545453,0.09797841585442171,0.14186400478482342,0.05413985155212857,0.06601200218221492,0.30000000000000004,0.30000000000000004,0.2,0.1,0.1,True,False,0.14004209545114688,0.06112938341819239,0.324275928427467,0.08679227971983236,0.08403954802259889,0.0656779661016949
466,0.2581120394549622,0.6890915478927531,0.0077413694747619655,0.5042735042735043,0.6595744680851063,0.44680851063829785,0.34506758708831753,0.16339260364005723,0.5901639344262295,0.4107142857142857,0.1451811117991894,0.1494345509698452,0.14144759496427603,0.05746499363520641,0.2,0.4,0.4,0.0,0.0,True,False,0.19724097208590077,0.0933378411320616,0.37285253021790604,0.12395974876118304,0.0423728813559322,0.04096045197740111
466,0.13441701218810165,0.6825394562537063,-0.03214846410067264,0.46153846153846156,0.6595744680851063,0.3829787234042553,0.039185012631252535,0.23815186884824086,0.47540983606557374,0.44642857142857145,0.051639292140439996,0.06589293844067179,0.04429233193656051,0.07855973813420625,0.7000000000000001,0.1,0.0,0.0,0.2,True,False,0.05908602566994256,0.043961668786599815,0.04444823147041389,0.20515838591955035,0.12429378531073448,0.04096045197740111
466,0.170236859844423,0.665523272932945,-0.0388024081036641,0.48717948717948717,0.6382978723404256,0.44680851063829785,0.2138933411354993,0.12876320261790053,0.543859649122807,0.43333333333333335,0.07696396136878497,0.11797012063607486,0.041881621500153045,0.04037097654118932,0.4,0.2,0.2,0.1,0.1,True,False,0.10685922240656448,0.052857303935498715,0.2648562396413591,0.05578295699927629,0.0423728813559322,0.00706214689265533
466,0.32543282851184147,0.6522707958951371,-0.19907978741317386,0.5555555555555556,0.5957446808510638,0.40425531914893614,0.3400465433160989,0.3051525712324634,0.6029411764705882,0.4897959183673469,0.08858428280561591,0.1454350921476675,0.043842758890563015,0.15130023640661944,0.1,0.6000000000000001,0.1,0.2,0.0,True,False,0.17241378515095782,0.0015606570363209805,0.3919426203454776,0.2577720506421099,0.21045197740112992,0.03319209039548027
466,0.439816343274439,0.6470738777938262,-0.029306211958421893,0.5897435897435898,0.6382978723404256,0.425531914893617,0.4493738106811992,0.4294055305635038,0.6557377049180327,0.5178571428571429,0.09539006051205333,0.15866988182861153,0.04490331806890924,0.16421167484997273,0.0,0.6000000000000001,0.1,0.2,0.1,True,False,0.20121626813377447,-0.013908559582620779,0.5054845086780057,0.3885656411495622,0.15183615819209045,0.14265536723163835
466,0.400060586437489,0.6422541056929052,-0.016875648477315746,0.5811965811965812,0.6595744680851063,0.3829787234042553,0.4129941054716252,0.38777374335505943,0.6491228070175439,0.5166666666666667,0.16097549758442858,0.17201400065230896,0.1519001831444713,0.19821785779232592,0.1,0.4,0.30000000000000004,0.0,0.2,True,False,0.2254512414611849,0.09426846251532699,0.5063259309349796,0.2962581400101643,0.30155367231638414,0.05932203389830504
466,0.23276694600980674,0.6421256361150023,0.05102572147292803,0.5128205128205128,0.6382978723404256,0.46808510638297873,0.2213283053249048,0.24657964419534864,0.5625,0.4528301886792453,0.058132648288623454,0.14899723439883175,-0.03354417107977986,0.04473540643753404,0.2,0.30000000000000004,0.2,0.30000000000000004,0.0,True,False,0.11306004723837551,0.007875943321688722,0.33861673592451236,0.1137559535266749,0.20127118644067798,-0.017655367231638408
466,0.23176097374739973,0.6407175879786327,-0.07033077468102876,0.5128205128205128,0.6170212765957447,0.44680851063829785,0.21563709631422537,0.2499369810357055,0.5483870967741935,0.4727272727272727,0.0964139193065459,0.13551396939344823,0.05900357195695982,0.06601200218221492,0.30000000000000004,0.30000000000000004,0.30000000000000004,0.1,0.0,True,False,0.1345857677259481,0.06520022989686126,0.34771175581482255,0.10469327119633248,0.10098870056497172,0.04096045197740111
466,0.3541789736250824,0.6380697741702405,0.20478360513097457,0.5641025641025641,0.6382978723404256,0.48936170212765956,0.31163451930106834,0.40555340903521225,0.609375,0.5094339622641509,0.09156205703173341,0.14731807309584113,0.04285845232231404,0.07474086197490454,0.0,0.7000000000000001,0.0,0.2,0.1,True,False,0.1995018819389488,-0.014129519953834591,0.35638832293824724,0.3290174383182718,0.07627118644067798,0.0423728813559322
466,0.36585519474082306,0.6349660440937569,0.022868707137201176,0.5811965811965812,0.6170212765957447,0.40425531914893614,0.5060779124762712,0.2414640741690544,0.6727272727272727,0.5,0.08201968017337787,0.1538509513864324,0.013723476285217043,0.1769412620476451,0.0,0.4,0.30000000000000004,0.30000000000000004,0.0,True,False,0.1554705040736032,0.010558322602865409,0.3639988699399827,0.38432722878784914,0.1596045197740113,0.08403954802259889
466,0.35262962305768303,0.6326295719152069,-0.17862282258698645,0.5384615384615384,0.6170212765957447,0.40425531914893614,0.34968930509893215,0.3563050205061215,0.5846153846153846,0.4807692307692308,0.08433799656885443,0.15476732838296517,0.011935277820975367,0.1342062193126023,0.2,0.4,0.2,0.2,0.0,True,False,0.14393876145701204,0.03091554094717218,0.46548008037921407,0.18680390051215087,0.21822033898305082,0.04096045197740111
466,0.4323761269149735,0.6313783319205942,-0.08883390855426795,0.5897435897435898,0.6170212765957447,0.3829787234042553,0.4059032450735983,0.4632611557299111,0.6349206349206349,0.5370370370370371,0.09457285211644918,0.15049802535844614,0.05066014093971626,0.20676486633933444,0.0,0.6000000000000001,0.2,0.2,0.0,True,False,0.1915796090612874,-0.003417918534901943,0.46714727290283975,0.34130817009059594,0.2937853107344633,0.06709039548022605
466,0.3278340327230466,0.6109441269511373,-0.005675188005750069,0.5555555555555556,0.6170212765957447,0.48936170212765956,0.28757719865627396,0.373214463852863,0.5967741935483871,0.509090909090909,0.08170426491408166,0.13153353152446134,0.04000842478358915,0.06619385342789602,0.0,0.8,0.0,0.2,0.0,True,False,0.18122477025744044,-0.012257468242774218,0.3643189315312831,0.3206888743666349,0.09322033898305082,-0.057909604519774005
466,0.38094051203223117,0.5990045878429503,-0.033683723687141315,0.5555555555555556,0.6595744680851063,0.40425531914893614,0.474173411486121,0.28280061787024174,0.65,0.45614035087719296,0.08242066405996266,0.1788833494717626,-0.0004924024756607509,0.15130023640661944,0.0,0.4,0.2,0.30000000000000004,0.1,True,False,0.17141349157857094,-0.0035871224227683757,0.35119951351165896,0.36869795509004594,0.18432203389830504,0.12570621468926552
466,0.36870145243487723,0.597396963929597,0.2621629801667724,0.5897435897435898,0.6595744680851063,0.48936170212765956,0.38693555176425715,0.35307222443826586,0.6666666666666666,0.5238095238095238,0.1472903517375125,0.16127092152484393,0.14173964744477924,0.1003818876159302,0.0,0.4,0.2,0.0,0.4,True,False,0.21496060041346607,0.08030715113237137,0.40152474795929877,0.3873122880309602,0.14265536723163835,0.00988700564971745
466,0.17430469464827394,0.5949409754870689,-0.14556541405085813,0.47863247863247865,0.6170212765957447,0.40425531914893614,0.19660521243469237,0.14737576750995743,0.53125,0.41509433962264153,0.06905557128417265,0.14308550947976784,3.887387965742771e-05,0.07437715948354251,0.30000000000000004,0.30000000000000004,0.2,0.2,0.0,True,False,0.11404541105595062,0.03456238238918753,0.2715674558381668,0.005902813912543365,0.10875706214689268,0.03177966101694918
466,0.252263388334429,0.5935687731196095,0.07312173898583035,0.5470085470085471,0.6382978723404256,0.46808510638297873,0.2982923677307382,0.20212467863487776,0.6065573770491803,0.48214285714285715,0.08619218935623156,0.1365366938288411,0.046383017411254154,0.07892344062556833,0.1,0.2,0.1,0.1,0.5,True,False,0.1339388116841059,0.04641063580778763,0.3196036094560908,0.3802966669575477,0.2090395480225989,-0.007062146892655385
466,0.36445204941332365,0.5933767816185836,-0.033697805703110616,0.5555555555555556,0.6170212765957447,0.40425531914893614,0.3855688992719954,0.3429711159363988,0.5932203389830508,0.5172413793103449,0.15664429930838877,0.16717966474001458,0.1523970710677848,0.15130023640661944,0.1,0.4,0.5,0.0,0.0,True,False,0.21344771859254266,0.0950856177620231,0.48030027277072634,0.22721998549443098,0.17655367231638414,0.0501412429378531
466,0.3621282568207174,0.5845282158661897,0.009235938053243343,0.5555555555555556,0.6595744680851063,0.40425531914893614,0.4076248690103582,0.3257309670690046,0.6153846153846154,0.5076923076923077,0.16121598838578396,0.18214533353100398,0.14520988877881344,0.15130023640661944,0.1,0.30000000000000004,0.4,0.0,0.2,True,False,0.21879157549815959,0.10038966198814205,0.47373590690644024,0.28596983655185887,0.2846045197740113,0.0423728813559322
466,0.39144300823342615,0.5814987406598399,0.029300675427182496,0.5811965811965812,0.574468085106383,0.5106382978723404,0.3840337727160112,0.4007045526301947,0.6307692307692307,0.5192307692307693,0.08350142071236,0.1387874491503315,0.036747279086937396,0.07055828332424086,0.1,0.7000000000000001,0.0,0.2,0.0,True,False,0.16932585435657374,-0.005097020710460478,0.4666685604365738,0.27077621874038516,0.14406779661016944,0.008474576271186418
466,0.40709874360476767,0.5634793789483864,-0.04995890332926046,0.5641025641025641,0.6170212765957447,0.40425531914893614,0.3734369240244708,0.4477469785696544,0.609375,0.5094339622641509,0.07841381111197948,0.16799118514963388,-0.00024819477012049995,0.15984724495362795,0.0,0.5,0.1,0.30000000000000004,0.1,True,False,0.17590635245991845,-0.015609556314172152,0.427367338759637,0.3237531174882024,0.17655367231638414,0.10875706214689268
466,0.42133514926345483,0.562156756691962,0.08797620141475089,0.5897435897435898,0.5957446808510638,0.425531914893617,0.4489413192618636,0.3912641426580453,0.639344262295082,0.5357142857142857,0.07979442488468548,0.15712287445865136,0.012047912395367401,0.16421167484997273,0.0,0.5,0.2,0.30000000000000004,0.0,True,False,0.16188532205771589,-0.0015397553795845388,0.3956092478576127,0.34007694868340704,0.17655367231638414,0.10875706214689268
466,0.37308592998878914,0.5602350527742512,0.07158940749360872,0.5555555555555556,0.6170212765957447,0.46808510638297873,0.4594542082638191,0.2964689089383595,0.6181818181818182,0.5,0.15048435075344424,0.1712119223050183,0.13939724700388295,0.08747044917257685,0.1,0.30000000000000004,0.30000000000000004,0.0,0.30000000000000004,True,False,0.2061182042969638,0.09240522911482131,0.4935490254284003,0.30333228311565896,0.1596045197740113,0.017655367231638408
466,0.4034036999584632,0.5598046572422949,-0.01862135223249942,0.5726495726495726,0.5957446808510638,0.425531914893617,0.35452742202959414,0.46665535374876416,0.6060606060606061,0.5294117647058824,0.07268607416795508,0.14202253204181578,0.014507931241381031,0.1471176577559556,0.0,0.6000000000000001,0.1,0.30000000000000004,0.0,True,False,0.164756811566508,-0.016873608888233155,0.38035330647892734,0.37143279665617074,0.17655367231638414,0.12570621468926552
466,0.3466644198443739,0.5552529379136353,0.0325464344422925,0.5470085470085471,0.6382978723404256,0.425531914893617,0.39145189762334565,0.290680072620659,0.6153846153846154,0.46153846153846156,0.07081458793961139,0.1716040163669838,-0.020272728241348546,0.12147663211493004,0.1,0.4,0.1,0.30000000000000004,0.1,True,False,0.15049790040430497,-0.004462006054736578,0.5155103257342131,0.3277511502778923,0.19350282485875708,0.06709039548022605
466,0.3242896872196074,0.5514014119514142,0.11575445624925408,0.5470085470085471,0.6170212765957447,0.48936170212765956,0.20854177563361065,0.4342502032263042,0.543859649122807,0.55,0.0942304046613376,0.13413294354021366,0.058959714246577075,0.057646844880887504,0.1,0.0,0.30000000000000004,0.0,0.6000000000000001,True,False,0.11402251876523928,0.08163291335965424,0.3783384916535273,0.38268510592608296,0.1596045197740113,0.00988700564971745
466,0.3415248978689098,0.5494484280106108,0.013978425307316413,0.5555555555555556,0.574468085106383,0.48936170212765956,0.3581414140999643,0.3192587661192966,0.5970149253731343,0.5,0.06596812457699149,0.14130535134787978,-0.0013391565863278877,0.06619385342789602,0.1,0.6000000000000001,0.0,0.30000000000000004,0.0,True,False,0.1457418473112579,-0.013329291418568001,0.3482655800855929,0.2499515417072937,0.05155367231638419,-0.008474576271186418
466,0.3299134936209122,0.5455806651547045,-0.05426545258703107,0.5384615384615384,0.574468085106383,0.44680851063829785,0.3356308182632182,0.32251460290733946,0.5909090909090909,0.47058823529411764,0.0668425707000501,0.15142384441730763,-0.008049883387522721,0.09165302782324058,0.1,0.5,0.1,0.30000000000000004,0.0,True,False,0.14180181588495777,-0.0036368882721408563,0.4196214093524797,0.23789217825736214,0.15183615819209045,0.057909604519774005
466,0.2363103182599029,0.5417523390026253,-0.055194367696226126,0.5042735042735043,0.5957446808510638,0.46808510638297873,0.23747630546855833,0.2347478954003047,0.5522388059701493,0.44,0.055351701243979784,0.15044336078706946,-0.031025343031207558,0.036188397890525525,0.2,0.4,0.1,0.30000000000000004,0.0,True,False,0.11373288152189145,-0.004109663841179419,0.21785516460755852,0.2217760780804843,0.06709039548022605,0.016242937853107375
466,0.4053726498694162,0.5406914522963706,0.2679410539326719,0.5726495726495726,0.6170212765957447,0.5319148936170213,0.3742207348058947,0.438164139409965,0.6333333333333333,0.5087719298245614,0.09779224882910277,0.1565049905636623,0.04368828086126535,0.040734679032551346,0.0,0.6000000000000001,0.0,0.2,0.2,True,False,0.20747387524065186,-0.007107558607377628,0.44460256033510587,0.34232286398221085,0.05155367231638419,0.0007062146892655718
466,0.17826211010507503,0.5397916711346545,-0.07542235265340605,0.48717948717948717,0.6382978723404256,0.3829787234042553,0.11387669662043537,0.24155624539505988,0.5172413793103449,0.4576271186440678,0.07026368609356812,0.09083959691117777,0.05624402488435499,0.10420076377523185,0.5,0.2,0.1,0.0,0.2,True,False,0.09241816823565815,0.05447967062504157,0.1454890549412518,0.2097905515147014,0.11652542372881358,0.057909604519774005
466,0.22525097549330111,0.5362131754631468,0.09588913982033624,0.5213675213675214,0.6170212765957447,0.46808510638297873,0.2835436897018548,0.16794627338997722,0.5862068965517241,0.4576271186440678,0.07432714706773687,0.16049816326583716,-0.0027460907296464956,0.05328241498454267,0.0,0.1,0.2,0.2,0.5,True,False,0.12526860540643234,0.0180122515218755,0.2154376677263868,0.13913833322414676,0.0748587570621469,-0.03319209039548021
466,0.3073025127164431,0.5360239005268527,-0.13181604769888222,0.5384615384615384,0.6170212765957447,0.40425531914893614,0.3018615308932547,0.31434378331115725,0.5909090909090909,0.47058823529411764,0.08670912638656347,0.1623900543861193,0.013609346561607415,0.1342062193126023,0.2,0.4,0.1,0.2,0.1,True,False,0.14796083740329594,0.029475317266332603,0.42436548033516414,0.06982678103327723,0.24293785310734467,0.02401129943502822
466,0.12479428679606201,0.5356304709468104,-0.18893054302432208,0.48717948717948717,0.5957446808510638,0.3617021276595745,0.12500694518520422,0.12451908182187808,0.5303030303030303,0.43137254901960786,0.07413262696017393,0.1054668423102806,0.04048465374784829,0.12547735951991268,0.4,0.4,0.1,0.1,0.0,True,False,0.11402351408222675,0.043280363882258616,0.2547691725268625,0.010235871291310763,0.18432203389830504,0.048728813559322015
466,0.29724745194994817,0.5317156844338178,0.1419084758006509,0.5470085470085471,0.574468085106383,0.425531914893617,0.405922142313161,0.18285304104130287,0.6333333333333333,0.45614035087719296,0.05708906999489921,0.14768727248838684,-0.023579001544520025,0.12147663211493004,0.0,0.4,0.2,0.4,0.0,True,False,0.12715572641463682,-0.006253576632145868,0.32782685680675827,0.3467451954466173,0.17655367231638414,0.0501412429378531
466,0.4111969430589473,0.5298645574663594,0.2674493156686443,0.5897435897435898,0.6382978723404256,0.46808510638297873,0.5449696715313589,0.31136654867655056,0.7,0.5074626865671642,0.16056225899327398,0.1784559719137267,0.14765445774957864,0.12165848336061102,0.0,0.4,0.30000000000000004,0.0,0.30000000000000004,True,False,0.2339104405375191,0.08431728327480582,0.4263853646315353,0.329775603540574,0.20127118644067798,0.034604519774011355
466,0.38264157163291374,0.5297817582921646,0.14635810881319408,0.5470085470085471,0.6595744680851063,0.46808510638297873,0.46124984178731854,0.31975495550938987,0.5961538461538461,0.5076923076923077,0.16134668449898823,0.18864544801834054,0.14003467895365027,0.07892344062556833,0.0,0.30000000000000004,0.4,0.0,0.30000000000000004,True,False,0.22444995257181058,0.0962411807844521,0.3395455562001465,0.32885568008845933,0.19209039548022605,0.017655367231638408
466,0.37024266312762505,0.521551565914134,-0.10235725183766232,0.5641025641025641,0.5957446808510638,0.425531914893617,0.3327583076958458,0.4241264240608076,0.5942028985507246,0.5208333333333334,0.06941549880011737,0.15838761386004832,-0.01018146778873834,0.13857064920894707,0.1,0.5,0.0,0.30000000000000004,0.1,True,False,0.15197196486271783,-0.011178405086046513,0.3851296353630986,0.26523640690002026,0.21822033898305082,0.09180790960451973
466,0.2636841004351167,0.5210705209935782,0.0712790886853584,0.5213675213675214,0.6382978723404256,0.48936170212765956,0.20355990991735282,0.31521912087891435,0.5370370370370371,0.5079365079365079,0.053026809760269564,0.07094091053131289,0.03511648580426079,0.032005819239861844,0.0,0.0,0.0,0.0,1.0,True,False,0.07646533431060626,0.04043873008507331,0.22772795906981572,0.32694313322628643,0.10875706214689268,0.0423728813559322
466,0.3771952272461206,0.5204422644947452,0.05848210878945652,0.5555555555555556,0.6170212765957447,0.425531914893617,0.47337295404901075,0.272430203407258,0.6229508196721312,0.48214285714285715,0.08856580743882787,0.18114248712156625,-0.0013306828036581022,0.13002364066193856,0.1,0.2,0.2,0.2,0.30000000000000004,True,False,0.1443090193763433,0.031410213489934634,0.4371893903810737,0.2592652142565377,0.12570621468926552,0.08403954802259889
466,0.28791080237847994,0.519568708244503,-0.04690665277467757,0.5384615384615384,0.574468085106383,0.425531914893617,0.38915475769681324,0.21235561184241045,0.6,0.4925373134328358,0.14451438122264337,0.1582047360212608,0.13293222178700922,0.11292962356792141,0.1,0.30000000000000004,0.6000000000000001,0.0,0.0,True,False,0.1833433609901419,0.10295160791383734,0.33422535619943,0.21976725190704727,0.12570621468926552,0.06709039548022605
466,0.31143606310010624,0.5187964118541537,-0.0897859167202583,0.5299145299145299,0.5957446808510638,0.40425531914893614,0.32835941528595175,0.29235882972697125,0.5806451612903226,0.4727272727272727,0.0871328156902447,0.1713023673231143,0.006669860659684037,0.12565921076559378,0.2,0.30000000000000004,0.2,0.2,0.1,True,False,0.14678735867509282,0.03421899802851741,0.502654533957063,0.12870771001481737,0.23516949152542377,-0.0423728813559322
466,0.3025847679046357,0.518514709847906,0.05367436908881052,0.5508474576271186,0.574468085106383,0.46808510638297873,0.35020764533318977,0.23313473832132725,0.6,0.4791666666666667,0.05485057210978722,0.13675317252047176,-0.01715619857724264,0.08276235124413989,0.0,0.6000000000000001,0.0,0.4,0.0,True,False,0.13629407524062015,-0.02130668768242321,0.3829761068396365,0.2462839907911783,0.19350282485875708,-0.024590163934426257
466,0.37362377537132524,0.5159312478409669,0.03549137770229114,0.5811965811965812,0.6170212765957447,0.44680851063829785,0.35988800131795023,0.3875963731152757,0.6271186440677966,0.5344827586206896,0.10580413333815425,0.1547076943050997,0.06979705415876637,0.1343880705582834,0.1,0.30000000000000004,0.1,0.1,0.4,True,False,0.1663353843086031,0.04860929103306381,0.47778555716465376,0.3519523348628403,0.2598870056497175,0.00988700564971745
466,0.2739887853108256,0.5134164836823867,0.14629598426970214,0.5384615384615384,0.6170212765957447,0.48936170212765956,0.3424820649701864,0.19938003425330736,0.6065573770491803,0.4642857142857143,0.07955188126479808,0.15377392403585616,0.012326508532912301,0.04909983633387888,0.0,0.2,0.1,0.2,0.5,True,False,0.14324004893182243,0.014915820373919777,0.22308012578071557,0.24520273248345367,0.13347457627118642,-0.04096045197740117
466,0.3817876348449824,0.5130383507934393,0.009981944354425076,0.5641025641025641,0.6382978723404256,0.46808510638297873,0.4435476623273203,0.30973426944892146,0.6349206349206349,0.48148148148148145,0.07825922765585736,0.17458770806285298,-0.011674125090969057,0.09601745771958536,0.0,0.4,0.1,0.30000000000000004,0.2,True,False,0.17236302398459788,-0.01458437981709906,0.4226693718570339,0.31874553855906185,0.1348870056497175,0.025423728813559365
466,0.30215927558060995,0.5114915843171326,0.018149086806524065,0.5213675213675214,0.5957446808510638,0.44680851063829785,0.44680703361177926,0.16936789115855289,0.5892857142857143,0.45901639344262296,0.10326212192931143,0.1972426942439463,0.01708656525865707,0.07455901072922355,0.0,0.2,0.30000000000000004,0.2,0.30000000000000004,True,False,0.17615418638979344,0.023449668224312693,0.4068244589219453,0.16867761746020649,0.1673728813559322,0.008474576271186418
466,0.34640235559280036,0.5106515473265574,-0.05747550932447476,0.5384615384615384,0.6170212765957447,0.40425531914893614,0.4804456587959756,0.21463097278289925,0.6206896551724138,0.4576271186440678,0.08051658156159562,0.18627399952189022,-0.014437160845081612,0.1342062193126023,0.0,0.30000000000000004,0.2,0.30000000000000004,0.2,True,False,0.16312648234106555,-0.0033820871233537575,0.43319861806400745,0.26576905883102286,0.20127118644067798,0.0501412429378531
466,0.29178511914843996,0.5101246567498506,0.1484056958991187,0.5299145299145299,0.6170212765957447,0.48936170212765956,0.23449606201467516,0.34437835192697813,0.5714285714285714,0.4918032786885246,0.06991806610072525,0.12410944895232533,0.024008109369969326,0.04055282778687036,0.1,0.1,0.1,0.1,0.6000000000000001,True,False,0.10845571085443365,0.04041285564141631,0.31477979034537845,0.3215215847785379,0.1673728813559322,-0.16596045197740117
466,0.33418315507447527,0.5092079356595868,0.07210497110372077,0.5641025641025641,0.6170212765957447,0.46808510638297873,0.37912169442698745,0.2852322461369172,0.6229508196721312,0.5,0.07337675429404117,0.15718946584560115,-0.0039676276404202815,0.09601745771958536,0.1,0.2,0.1,0.2,0.4,True,False,0.12979033048041594,0.023392935156028066,0.28743878837174575,0.2500165350223675,0.12570621468926552,0.017655367231638408
466,0.33374029277047235,0.5063488519770482,0.056864823998460684,0.5470085470085471,0.6170212765957447,0.44680851063829785,0.27938958249402385,0.3853734675330983,0.5964912280701754,0.5,0.0563753734186058,0.09784809191231753,0.027867089500577823,0.10020003637024921,0.2,0.1,0.0,0.1,0.6000000000000001,True,False,0.08266406175865204,0.036959105694966174,0.31168249420306027,0.2539670183623888,0.1673728813559322,-0.03319209039548021
466,0.29759226151920304,0.5051966393133943,-0.20630335745301087,0.5213675213675214,0.5957446808510638,0.3829787234042553,0.3475699188974699,0.2431523133035906,0.5737704918032787,0.4642857142857143,0.087656035589417,0.16033715125560036,0.014965945285037134,0.13838879796326609,0.2,0.30000000000000004,0.30000000000000004,0.2,0.0,True,False,0.14444836375458628,0.04176648674434777,0.5016871759204311,0.09425330228625632,0.27683615819209045,-0.017655367231638408
466,0.31712958268904723,0.5028077783466738,-0.03506525049387516,0.5555555555555556,0.6170212765957447,0.44680851063829785,0.2036774946417845,0.42490906633394665,0.5614035087719298,0.55,0.0969520065884197,0.12849155977413984,0.07456508501367165,0.10874704491725773,0.1,0.1,0.2,0.0,0.6000000000000001,True,False,0.1198739873344555,0.07963929343379268,0.35211316648992536,0.3656519841717071,0.18432203389830504,0.017655367231638408
466,0.36519177596268576,0.5010698020677774,0.18330553674252903,0.5811965811965812,0.6041666666666666,0.46808510638297873,0.3617410198003938,0.3684699943168629,0.631578947368421,0.5333333333333333,0.10811520586732565,0.15241526096182112,0.07403729733986118,0.11311147481360251,0.1,0.4,0.0,0.1,0.4,True,False,0.17704653005934054,0.04350928678937203,0.47221225093452956,0.20067397712228907,0.23516949152542377,-0.016242937853107264
466,0.3636201824253386,0.49995516288676894,0.013376786314671815,0.5641025641025641,0.5833333333333334,0.48936170212765956,0.3937760791283555,0.3272055147084877,0.625,0.49056603773584906,0.06783629026970445,0.13446531589541832,0.01117231958086755,0.07474086197490454,0.0,0.7000000000000001,0.0,0.30000000000000004,0.0,True,False,0.16671926314059665,-0.0218702194661118,0.4101606247329512,0.32295087825372254,0.11016949152542377,0.025423728813559365
466,0.3889928898855919,0.49860938810041333,0.08192762752349925,0.5811965811965812,0.6170212765957447,0.3617021276595745,0.34825588476812397,0.43187394790397915,0.6166666666666667,0.543859649122807,0.1251793189160525,0.1335271606992302,0.1218850626012843,0.21949445353700675,0.0,0.8,0.1,0.0,0.1,True,False,0.21040702519588414,0.038909926990367404,0.4067349110504871,0.36439552904030714,0.30155367231638414,0.05932203389830504
466,0.367554386141566,0.4980340199704618,0.008248311839006475,0.5641025641025641,0.6170212765957447,0.44680851063829785,0.32361321749783073,0.4039431664246591,0.6226415094339622,0.515625,0.09974950059456376,0.11801733094771835,0.09625920177787896,0.11729405346426625,0.1,0.2,0.1,0.0,0.6000000000000001,True,False,0.13015760244878483,0.0713025183469148,0.3322791942952297,0.4118000145348643,0.26765536723163835,0.00988700564971745
466,0.15895766830677274,0.4953166114889627,-0.15753603334234215,0.48717948717948717,0.574468085106383,0.3829787234042553,0.19969303208786482,0.10976779506168045,0.546875,0.41509433962264153,0.07487941745946813,0.11536212363075815,0.03769121662631135,0.10420076377523185,0.4,0.30000000000000004,0.1,0.1,0.1,True,False,0.11154716541745213,0.046519125359419634,0.27142672688016467,0.026845259423096582,0.08403954802259889,0.0903954802259887
466,0.20040029749269758,0.4925639444657174,0.001264573873421207,0.5042735042735043,0.5957446808510638,0.44680851063829785,0.2372763286552773,0.16414928380744975,0.5517241379310345,0.4576271186440678,0.09253259932212589,0.14638476483767515,0.043409165617460936,0.05746499363520641,0.30000000000000004,0.2,0.2,0.1,0.2,True,False,0.12978634921246612,0.0647652763733458,0.2968397721108951,0.0836150551203867,0.08403954802259889,-0.0007062146892655163
466,0.29242814419396196,0.4902202290424263,-0.012773066170865146,0.5470085470085471,0.6170212765957447,0.46808510638297873,0.36676500750221697,0.2057018036676643,0.6190476190476191,0.46296296296296297,0.06489948464957498,0.16707132949855896,-0.03192641962634383,0.07892344062556833,0.0,0.2,0.1,0.30000000000000004,0.4,True,False,0.13172522670401796,-0.00916786477139831,0.378265841218693,0.23797908032944795,0.20127118644067798,-0.07485875706214695
466,0.23694622270471724,0.4880086728874146,0.16637005525744575,0.5042735042735043,0.574468085106383,0.44680851063829785,0.21873074776544582,0.2520309128888014,0.5283018867924528,0.484375,0.09554060053773364,0.16324779120608437,0.03219604486858317,0.05746499363520641,0.1,0.0,0.4,0.1,0.4,True,False,0.12439073582350182,0.07085462570256247,0.27537293504265,0.23559183244536674,0.09957627118644069,0.0423728813559322
466,0.3526148394261774,0.48791526689666104,0.15491725614000176,0.5726495726495726,0.6170212765957447,0.46808510638297873,0.3723102159547256,0.33685853820333883,0.6346153846153846,0.5230769230769231,0.14774825468339375,0.16915504356930838,0.1346546336856768,0.10456446626659388,0.0,0.30000000000000004,0.30000000000000004,0.0,0.4,True,False,0.20811779612475004,0.08906295467096555,0.4187560835190352,0.3087991159783745,0.20127118644067798,-0.007062146892655385
466,0.4135995253939689,0.486153263490696,-0.12734941968872981,0.5811965811965812,0.5957446808510638,0.40425531914893614,0.3976700644780148,0.4303673789897097,0.6333333333333333,0.5263157894736842,0.1253267486106237,0.1643018235323566,0.09264044228823047,0.1769412620476451,0.1,0.5,0.1,0.1,0.2,True,False,0.2038389283957042,0.04456034152811881,0.4473021788552804,0.37719745485841405,0.27683615819209045,0.05932203389830504
466,0.16089457073442745,0.4860052321176152,-0.08906617415305419,0.47863247863247865,0.6170212765957447,0.44680851063829785,0.19161447549726107,0.11972989835223034,0.5373134328358209,0.4,0.06988422569825828,0.14889337171321604,-0.003096952412708407,0.0318239679941808,0.30000000000000004,0.30000000000000004,0.1,0.2,0.1,True,False,0.11668399638967954,0.03792854444074209,0.3673539892026096,-0.05503991733326595,0.10098870056497172,0.014830508474576287
466,0.3345856223747232,0.4857203208609622,0.16168704735215658,0.5470085470085471,0.6170212765957447,0.48936170212765956,0.26551644558926846,0.4072900189909912,0.5833333333333334,0.5087719298245614,0.06955316205500599,0.1265763119733604,0.026137700238894817,0.057646844880887504,0.2,0.1,0.1,0.1,0.5,True,False,0.09626307775817598,0.05223124955039291,0.31168249420306027,0.30722760952579337,0.12570621468926552,0.025423728813559365
466,0.3200219794499501,0.485720320860962,0.23189329017536506,0.5213675213675214,0.6170212765957447,0.48936170212765956,0.29135221656349447,0.34634176177194215,0.5714285714285714,0.47540983606557374,0.08289884636467525,0.15138011276020627,0.02609334414543955,0.032005819239861844,0.2,0.1,0.2,0.1,0.4,True,False,0.11220407462916886,0.06163799039877913,0.31786183064337326,0.30722760952579337,0.13347457627118642,-0.016242937853107264
466,0.3781367040244986,0.4818083494837551,0.06907292072790985,0.5470085470085471,0.574468085106383,0.46808510638297873,0.3641382152668209,0.39098777567089116,0.5535714285714286,0.5409836065573771,0.14426020496440797,0.17451068071227674,0.11965330320248993,0.07892344062556833,0.1,0.2,0.4,0.0,0.30000000000000004,True,False,0.1874122168348359,0.09701852335165025,0.4735024547865621,0.29219494809381047,0.26765536723163835,-0.04096045197740117
466,0.30685643114831523,0.4793919874810756,0.11813805568815708,0.5384615384615384,0.574468085106383,0.44680851063829785,0.38331048960325603,0.21453454924046206,0.609375,0.4528301886792453,0.05542547829788756,0.14669237728933118,-0.02163082211399586,0.09165302782324058,0.0,0.5,0.1,0.4,0.0,True,False,0.1337845375510512,-0.015230340541953855,0.375186786880316,0.2557930528480855,0.15183615819209045,0.016242937853107375
466,0.3958097117829926,0.47786333996576935,0.16181120332954763,0.5470085470085471,0.6170212765957447,0.48936170212765956,0.33265275795991295,0.45183604178733744,0.5636363636363636,0.532258064516129,0.10961702603817415,0.14708745305518997,0.07722595223791531,0.057646844880887504,0.2,0.1,0.30000000000000004,0.0,0.4,True,False,0.13276433763891535,0.08740873783782431,0.4720581673017855,0.3077683241277884,0.12570621468926552,0.0007062146892655718
466,0.33287605575796236,0.47529419396412825,-0.012782091257852521,0.5384615384615384,0.5833333333333334,0.44680851063829785,0.3380430796954216,0.3259522436817667,0.582089552238806,0.48,0.05735712173069507,0.15273189097230924,-0.029923916440913776,0.09165302782324058,0.0,0.5,0.0,0.4,0.1,True,False,0.14391387853232582,-0.019256397756187506,0.3912191333343993,0.3330516568616477,0.17655367231638414,0.0501412429378531
466,0.3628866829347491,0.47020292630164456,0.2954008689596449,0.5811965811965812,0.6170212765957447,0.44680851063829785,0.36555513466412287,0.36059943859528604,0.6481481481481481,0.5238095238095238,0.13704697388267884,0.14901214291829812,0.1302260017031652,0.1343880705582834,0.0,0.5,0.1,0.0,0.4,True,False,0.21229613683806348,0.06493348494422478,0.46174231183625847,0.3931487390454074,0.23516949152542377,0.017655367231638408
466,0.28910272257982944,0.4695509834027774,-0.11905711228554608,0.5555555555555556,0.6170212765957447,0.425531914893617,0.3572270697584995,0.2173928834443871,0.6333333333333333,0.47368421052631576,0.10219328774698132,0.16054835528137393,0.050879429491629956,0.13002364066193856,0.1,0.2,0.2,0.1,0.4,True,False,0.15170223395911897,0.05563722428144546,0.31857729821955527,0.2789249428134544,0.1673728813559322,0.017655367231638408
466,0.2881596839571803,0.46452194402210617,0.171272333328741,0.5299145299145299,0.5531914893617021,0.48936170212765956,0.29460525589741055,0.2822424375858212,0.5714285714285714,0.4918032786885246,0.09174126888134941,0.15732662422469174,0.03686290395976462,0.04055282778687036,0.2,0.0,0.4,0.1,0.30000000000000004,True,False,0.10821484414347084,0.07639057878675719,0.3703905712481233,0.2786312495011861,0.10875706214689268,0.05932203389830504
466,0.31927905334994044,0.4644025449288901,0.033389439114771526,0.5470085470085471,0.5957446808510638,0.46808510638297873,0.2914333037011113,0.3517657612735743,0.5873015873015873,0.5,0.07618022916965907,0.15389571344442826,0.010204896633758492,0.07892344062556833,0.0,0.6000000000000001,0.0,0.30000000000000004,0.1,True,False,0.17533313304301837,-0.0177594410070633,0.367026347177355,0.28761347033152124,0.1596045197740113,0.025423728813559365
466,0.44151733025593787,0.46356760432615446,0.2488552734040125,0.5897435897435898,0.6170212765957447,0.46808510638297873,0.44039413841778435,0.44248006611721247,0.6666666666666666,0.5238095238095238,0.16650348906462675,0.17298056966437847,0.16170537171344862,0.12165848336061102,0.0,0.5,0.30000000000000004,0.0,0.2,True,False,0.24607221880716582,0.0846118971030909,0.5031637420376549,0.48226521872462846,0.19350282485875708,0.05155367231638419
466,0.33997428416379644,0.4495798598317477,0.09879921921043938,0.5470085470085471,0.574468085106383,0.44680851063829785,0.2818010954518424,0.3865128351333596,0.5576923076923077,0.5384615384615384,0.103823039041526,0.12340030037637506,0.09313832697768906,0.10020003637024921,0.2,0.1,0.7000000000000001,0.0,0.0,True,False,0.11498698092607795,0.08902115135749267,0.47062532707954197,0.18661181270290178,0.1596045197740113,0.0501412429378531
466,0.32615705946293727,0.44834302108044227,-0.022059287048316296,0.5384615384615384,0.5957446808510638,0.425531914893617,0.3661276875753392,0.28109926049986583,0.6129032258064516,0.45454545454545453,0.056505882911943514,0.16186676535284977,-0.03708667795933109,0.11292962356792141,0.0,0.4,0.1,0.4,0.1,True,False,0.13296041508544293,-0.012363827618098993,0.38179482941968446,0.3538724274102991,0.1596045197740113,0.06709039548022605
466,0.2736863272433834,0.44454020125577437,-0.07165828916025618,0.5213675213675214,0.574468085106383,0.46808510638297873,0.30239958839168457,0.23092189574591337,0.5714285714285714,0.44680851063829785,0.05606176538089515,0.14096657877931842,-0.026156140412578473,0.05328241498454267,0.2,0.5,0.0,0.30000000000000004,0.0,True,False,0.11752058819010366,-0.004686949917117436,0.28498226896812817,0.22876750000918947,0.05932203389830504,0.057909604519774005
466,0.26871767572063704,0.44440862850842316,0.04827523146664526,0.5299145299145299,0.574468085106383,0.425531914893617,0.2441655908882623,0.2883593435865368,0.5384615384615384,0.5230769230769231,0.13255074143799028,0.17118061441413895,0.10062902455783186,0.1043826150209129,0.1,0.1,0.5,0.0,0.30000000000000004,True,False,0.16525048879228302,0.0994978579673872,0.2983331225486317,0.2898244529173248,0.13347457627118642,0.05932203389830504
466,0.3331990744203262,0.4443274846027629,-0.07276403035568386,0.5213675213675214,0.5531914893617021,0.44680851063829785,0.2944355805087934,0.3700243936362821,0.5614035087719298,0.48333333333333334,0.06991626210868199,0.14230579391167675,0.004650910832860453,0.07455901072922355,0.30000000000000004,0.2,0.30000000000000004,0.2,0.0,True,False,0.1082078769245587,0.043277377931296275,0.5531648906604391,0.1329761558636062,0.20127118644067798,-0.0007062146892655163
466,0.1915623443246036,0.43834573030899177,0.05051107011575032,0.5128205128205128,0.48936170212765956,0.40425531914893614,0.3739575808846658,0.012258552452000046,0.603448275862069,0.423728813559322,0.052523663786344384,0.14575811006943878,-0.03371162779215032,0.10856519367157663,0.0,0.30000000000000004,0.30000000000000004,0.4,0.0,True,False,0.1128271430633123,-0.006115227570890372,0.21236756312155836,0.2502754198358444,0.06709039548022605,0.13347457627118642
466,0.2365813085571697,0.43810757430077796,0.04647675423139413,0.5213675213675214,0.5319148936170213,0.40425531914893614,0.23004967309187152,0.24128792823069337,0.5510204081632653,0.5,0.11768609582788243,0.15771126402692406,0.0886040377838009,0.11711220221858526,0.1,0.0,0.6000000000000001,0.0,0.30000000000000004,True,False,0.14032476547558256,0.09857320848604652,0.25441544791448023,0.18015358371406162,0.0748587570621469,0.08403954802259889
466,0.2175587526778399,0.4318196172581147,0.09953356335522563,0.48717948717948717,0.5531914893617021,0.425531914893617,0.36900307522089615,0.07368664626193648,0.5614035087719298,0.4166666666666667,0.0685632058696026,0.18693991339138802,-0.037249150840976235,0.061647572285870145,0.0,0.1,0.30000000000000004,0.30000000000000004,0.30000000000000004,True,False,0.12986896052242444,-0.0007892863710475367,0.2994763578201169,0.14535174818331328,0.0501412429378531,0.016242937853107375
466,0.3023436640625952,0.4314370210306757,0.032208960024345215,0.5213675213675214,0.574468085106383,0.48936170212765956,0.3282539076807561,0.2741200058356696,0.5901639344262295,0.44642857142857145,0.06826921737317074,0.1481295585658891,-0.005270899375089172,0.032005819239861844,0.30000000000000004,0.2,0.2,0.2,0.1,True,False,0.11091513913042163,0.03774739674902627,0.4691405085125496,0.08925171531890785,0.1348870056497175,0.00706214689265533
466,0.2618649948066795,0.43068095333652767,0.13087770987365469,0.5042735042735043,0.5531914893617021,0.44680851063829785,0.3089399833884897,0.21714375565395977,0.5614035087719298,0.45,0.07043917097474336,0.16012346247658246,-0.009265938084498665,0.05746499363520641,0.2,0.0,0.30000000000000004,0.2,0.30000000000000004,True,False,0.09677068942177529,0.04516151298853837,0.3799221897448433,0.23074035224111206,0.10875706214689268,0.025423728813559365
466,0.3257697889604003,0.42813903974486717,0.1306733595267743,0.5213675213675214,0.5531914893617021,0.48936170212765956,0.20983414380929347,0.4251431990899203,0.5370370370370371,0.5079365079365079,0.08053586561447203,0.12224389621643378,0.05090684056061917,0.032005819239861844,0.30000000000000004,0.1,0.5,0.1,0.0,True,False,0.09893948513742798,0.06762780802925085,0.4283380217257554,0.135904310869591,0.0007062146892655718,0.016242937853107375
466,0.39573616675569745,0.42559724721594866,-0.0056596546411289295,0.5811965811965812,0.5531914893617021,0.40425531914893614,0.385015983125065,0.4046138188248149,0.6226415094339622,0.546875,0.1336634312889587,0.16443798801014944,0.10744341630854992,0.1769412620476451,0.2,0.2,0.4,0.0,0.2,True,False,0.16738345309638752,0.09430528924386263,0.48277324500762536,0.26877046332431953,0.19350282485875708,0.06709039548022605
466,0.3889048916655311,0.4225609694875364,0.10062976172917311,0.5641025641025641,0.5957446808510638,0.40425531914893614,0.5051552557453433,0.3021508886208952,0.66,0.4925373134328358,0.16932717205870945,0.18670783743836156,0.15398591630301403,0.15984724495362795,0.0,0.4,0.4,0.0,0.2,True,False,0.24043474339025125,0.09563304210512039,0.4676976003461477,0.30903524052074627,0.24293785310734467,0.10098870056497172
466,0.39104750945065425,0.4153577484281114,0.09882722172193818,0.5555555555555556,0.5957446808510638,0.44680851063829785,0.3925250424597332,0.3893819267858742,0.6129032258064516,0.4909090909090909,0.10059519962312725,0.1910949177666649,0.01698090804728047,0.10874704491725773,0.1,0.30000000000000004,0.2,0.2,0.2,True,False,0.17142145411447057,0.030739369840393597,0.5459580701536644,0.22902593565070128,0.17655367231638414,0.008474576271186418
466,0.3184836962983348,0.4077996134837674,0.17597487797935296,0.5384615384615384,0.574468085106383,0.48936170212765956,0.3708143538444554,0.26339879361820767,0.6,0.47368421052631576,0.07109868558311631,0.16345849828120904,-0.012815920710137863,0.04909983633387888,0.2,0.1,0.2,0.2,0.30000000000000004,True,False,0.10965904909226022,0.0327359757172175,0.3889659572009431,0.22659365931250208,0.12570621468926552,0.025423728813559365
466,0.3740037696172965,0.4065573643936879,0.19504651871362327,0.5470085470085471,0.5531914893617021,0.44680851063829785,0.46928846809709174,0.2665919276946181,0.6129032258064516,0.4727272727272727,0.06795507393115194,0.1810237159164842,-0.041024402615399504,0.10020003637024921,0.1,0.2,0.2,0.30000000000000004,0.2,True,False,0.1319103556636836,0.0014830223112999115,0.48112051337535805,0.28768046595309044,0.1596045197740113,0.025423728813559365
466,0.28667487188074076,0.4030850142974988,-0.03704615663959724,0.5299145299145299,0.5957446808510638,0.425531914893617,0.23449606201467516,0.33457673011844025,0.5714285714285714,0.4918032786885246,0.06042442574385351,0.07510292700068724,0.05984089809639503,0.1043826150209129,0.2,0.1,0.0,0.0,0.7000000000000001,True,False,0.06847087399623271,0.053257931654182876,0.26706563627526314,0.32289533640346724,0.2507062146892655,-0.024011299435028333
466,0.3276224193121473,0.40282470596676306,0.10143023356564762,0.5213675213675214,0.5319148936170213,0.48936170212765956,0.22716129048184816,0.4230604917009314,0.543859649122807,0.5,0.05917597775585896,0.09329006056079983,0.0327009069210572,0.032005819239861844,0.5,0.1,0.2,0.1,0.1,True,False,0.07277857343930257,0.044120411419666085,0.4044188392596197,0.26592521195708535,0.05932203389830504,0.0748587570621469
466,0.20489262179538115,0.40187114451900513,-0.008537221266497369,0.5042735042735043,0.5531914893617021,0.46808510638297873,0.2770180121954103,0.11779781074628941,0.578125,0.41509433962264153,0.05694972716121166,0.15892432056083752,-0.04571269217869979,0.036188397890525525,0.2,0.30000000000000004,0.1,0.30000000000000004,0.1,True,False,0.11507755477193586,0.0009316167002528301,0.3392349052056136,0.07011393705695321,0.18432203389830504,-0.05932203389830509
466,0.2741438799973478,0.395068784339964,0.1372448389604742,0.5384615384615384,0.5531914893617021,0.46808510638297873,0.18871267973565803,0.3499296221649758,0.5272727272727272,0.5483870967741935,0.11520380277633425,0.15732612727404288,0.0801604317689786,0.0703764320785597,0.1,0.0,0.5,0.0,0.4,True,False,0.13621311100042824,0.0962332182485525,0.25087014406497704,0.30813949249603084,0.057909604519774005,0.017655367231638408
466,0.3322409157117138,0.39440193646878957,-0.07472604842472386,0.5470085470085471,0.5957446808510638,0.425531914893617,0.3759471491294876,0.2846323400244957,0.5901639344262295,0.5,0.07382837437108207,0.16713643003356213,-0.008360874424782143,0.12147663211493004,0.2,0.2,0.1,0.2,0.30000000000000004,True,False,0.12124553414316107,0.031930764274370776,0.48548615407052953,0.2102484105541452,0.1596045197740113,-0.016242937853107264
466,0.3544120462918459,0.38856827391617443,-0.020615776322423167,0.5470085470085471,0.5531914893617021,0.44680851063829785,0.48241850858869895,0.2149764355756309,0.639344262295082,0.44642857142857145,0.08258190362465825,0.17756493940028675,-0.003942210103721194,0.10020003637024921,0.2,0.2,0.2,0.2,0.2,True,False,0.13351480664745233,0.039290138079573156,0.5269635343199658,0.16880291772064773,0.21822033898305082,-0.05014124293785305
466,0.34830224095588314,0.37677656721970254,0.10094313033725834,0.5299145299145299,0.574468085106383,0.44680851063829785,0.3388320809214423,0.3567031893735321,0.5818181818181818,0.4838709677419355,0.07069583549786605,0.1271925307779703,0.025340287322845025,0.08310601927623207,0.30000000000000004,0.1,0.1,0.1,0.4,True,False,0.09488954031549553,0.04827088325733094,0.37232209556619555,0.24983740148439212,0.14265536723163835,0.0748587570621469
466,0.2789455235308364,0.3763889415064661,0.1020551178014751,0.5213675213675214,0.5531914893617021,0.46808510638297873,0.21471786548791116,0.33996179867161536,0.5087719298245614,0.5333333333333333,0.12626183855526263,0.16266685589754487,0.09164118422780555,0.05328241498454267,0.1,0.1,0.4,0.0,0.4,True,False,0.15935423095863155,0.0936732629568321,0.2952179270899208,0.3685152105891978,0.1751412429378531,-0.06567796610169496
466,0.2539185758243368,0.3676022876724439,-0.1540614987803185,0.5213675213675214,0.574468085106383,0.3617021276595745,0.29077000687273546,0.20941873455834592,0.578125,0.4528301886792453,0.09400981997908044,0.13510249425617646,0.05510820986205655,0.1596653937079469,0.30000000000000004,0.4,0.1,0.1,0.1,True,False,0.1385441433850352,0.054595127395585724,0.3852650815325072,0.05280238081176989,0.20127118644067798,0.10734463276836159
466,0.33632668832834656,0.36759645946836855,0.12180901033178594,0.5470085470085471,0.5106382978723404,0.44680851063829785,0.3434069490381188,0.3304633474280663,0.5849056603773585,0.515625,0.1025057516102012,0.16595418443987908,0.05078822538935676,0.10020003637024921,0.2,0.1,0.4,0.1,0.2,True,False,0.1318486460104617,0.06909092400080177,0.34653620034769705,0.22425637154750758,0.1673728813559322,0.025423728813559365
466,0.2819751563522724,0.35734986411837044,0.19806012197473602,0.5299145299145299,0.574468085106383,0.48936170212765956,0.2677254845738778,0.295512344541747,0.5789473684210527,0.48333333333333334,0.06391046156350431,0.09216049173589799,0.04682907026116951,0.04055282778687036,0.30000000000000004,0.0,0.1,0.0,0.6000000000000001,True,False,0.07263624311009727,0.05854454520178576,0.24646893618309376,0.3095923349791207,0.10875706214689268,-0.04096045197740117
466,0.32252270057513743,0.3511327207193416,0.1731828490936271,0.5299145299145299,0.574468085106383,0.48936170212765956,0.3574496811299765,0.27886397488158843,0.5846153846153846,0.46153846153846156,0.05966492180620902,0.17242597274022956,-0.04644581367839308,0.04055282778687036,0.1,0.2,0.1,0.30000000000000004,0.30000000000000004,True,False,0.12322521963119833,-0.005561831325868392,0.414691594110361,0.214930270224588,0.14265536723163835,-0.03319209039548021
466,0.28812895760403273,0.34517091006305906,0.0009302937448612653,0.5384615384615384,0.5957446808510638,0.44680851063829785,0.32360862973288873,0.24948145760652876,0.5737704918032787,0.5,0.06499428754178027,0.14402574010744681,-0.0033870113609215215,0.09165302782324058,0.30000000000000004,0.2,0.0,0.2,0.30000000000000004,True,False,0.10578527537710636,0.027595163477040295,0.4480781084565515,0.03504623513621278,0.09322033898305082,0.04096045197740111
466,0.3383130983269426,0.3447805861479672,0.08945032972513994,0.5299145299145299,0.5531914893617021,0.48936170212765956,0.44618016027495677,0.2080585329557556,0.59375,0.4528301886792453,0.07232844829703111,0.17533214013487364,-0.022743213131885327,0.04055282778687036,0.0,0.30000000000000004,0.1,0.30000000000000004,0.30000000000000004,True,False,0.15345100590606794,-0.011652175972072524,0.4222154758912686,0.2579462499250318,0.11793785310734467,-0.03319209039548021
466,0.16342150630131716,0.3446165566618811,-0.17611111743079277,0.47863247863247865,0.5531914893617021,0.3829787234042553,0.14825186216944175,0.1811194244551719,0.5238095238095238,0.42592592592592593,0.0589214611079848,0.09880472191140947,0.02532832612910427,0.09565375522822334,0.5,0.30000000000000004,0.0,0.1,0.1,True,False,0.08440090991919787,0.038667069645429694,0.16161498206509275,0.03800161297102493,0.0748587570621469,-0.026836158192090398
466,0.26131709728843733,0.32963887177019113,0.10002288094468861,0.5213675213675214,0.5319148936170213,0.425531914893617,0.14331627333222047,0.35903652962717936,0.5094339622641509,0.53125,0.08813645733252812,0.10685929802843941,0.07813599972835715,0.09583560647390438,0.2,0.0,0.8,0.0,0.0,True,False,0.08960241647816324,0.0846935130960618,0.322593851814418,0.18012817504784784,0.10875706214689268,0.0501412429378531
466,0.17812649862178867,0.32500869592032916,0.0852887445965321,0.48717948717948717,0.48936170212765956,0.425531914893617,0.22555646603665186,0.14018252468989822,0.5192307692307693,0.46153846153846156,0.0961125282220744,0.18440745288470092,0.019960740437944064,0.061647572285870145,0.0,0.1,0.5,0.2,0.2,True,False,0.15405118204950005,0.03637286398935836,0.2229164278233964,0.15281946708450975,-0.008474576271186418,0.11652542372881358
466,0.23837115876710926,0.31757778533404113,0.17527921535126162,0.5213675213675214,0.48936170212765956,0.46808510638297873,0.23868181027093321,0.23812263756405,0.5576923076923077,0.49230769230769234,0.09071274459019321,0.15523694674615576,0.044180164230666584,0.05328241498454267,0.2,0.0,0.5,0.1,0.2,True,False,0.1075738600035533,0.07373308243026674,0.28544247806545886,0.1401214429334046,0.0501412429378531,0.0501412429378531
466,0.2520195709911367,0.3136127565062872,0.09794042308370539,0.5042735042735043,0.5531914893617021,0.44680851063829785,0.2451052004083324,0.25794617434782624,0.5555555555555556,0.4603174603174603,0.06636395294898224,0.10094906396132214,0.04383478476140251,0.05746499363520641,0.4,0.0,0.1,0.0,0.5,True,False,0.08181605168534498,0.05300062958169146,0.27851934728778777,0.33891102679816826,0.10875706214689268,0.025423728813559365
466,0.2739873656089884,0.31171393463830555,-0.0010205333912111328,0.5128205128205128,0.5531914893617021,0.425531914893617,0.46845523341210205,0.07616660353340717,0.6271186440677966,0.39655172413793105,0.07123019038240894,0.18372961219963005,-0.03447265874390535,0.08728859792689575,0.0,0.2,0.2,0.30000000000000004,0.30000000000000004,True,False,0.14282201579709358,-0.010230863313994488,0.3564059295785872,0.19287883755885057,0.1673728813559322,0.03319209039548027
466,0.2705794884540524,0.30968129427092217,-0.17900834700159113,0.5213675213675214,0.574468085106383,0.3617021276595745,0.27378604352273145,0.26742728177636776,0.5862068965517241,0.4576271186440678,0.07908884564992244,0.10360752603019824,0.07159626799228634,0.1596653937079469,0.30000000000000004,0.2,0.0,0.0,0.5,True,False,0.09553355572195432,0.05929552593199431,0.43795862298724114,0.20458420468093394,0.2846045197740113,0.03319209039548027
466,0.25253787145590384,0.2919941603447744,0.09220262401646268,0.5128205128205128,0.5106382978723404,0.46808510638297873,0.3885950157125222,0.09380453648984907,0.6031746031746031,0.4074074074074074,0.05736383664507684,0.16099213221082284,-0.0454919084775685,0.04473540643753404,0.2,0.2,0.2,0.30000000000000004,0.1,True,False,0.11098978790448034,0.008159608663111861,0.2916675452693186,0.19217874219408385,0.1673728813559322,0.016242937853107375
466,0.2691172468679605,0.2795297149709172,0.023719663148028692,0.5128205128205128,0.48936170212765956,0.425531914893617,0.2470470500294833,0.2886956472891904,0.5454545454545454,0.4838709677419355,0.08963190452978198,0.13542004572081012,0.055971907726752985,0.08728859792689575,0.2,0.1,0.6000000000000001,0.1,0.0,True,False,0.11036174288539966,0.07290696933068357,0.3860836315248022,0.12126849354600933,0.12570621468926552,0.016242937853107375
466,0.25203467927017037,0.2651758666110302,-0.052931719340972176,0.5128205128205128,0.5319148936170213,0.46808510638297873,0.33065684045223326,0.14668098328620607,0.582089552238806,0.42,0.05614620422248753,0.16203324382022422,-0.04265212173028616,0.04473540643753404,0.2,0.30000000000000004,0.0,0.30000000000000004,0.2,True,False,0.11583399568239756,0.0026764073792519875,0.34532788905904344,0.1375205427140063,0.18432203389830504,-0.0423728813559322
466,0.17011946630486047,0.22119097127623738,-0.09715511538609438,0.47863247863247865,0.46808510638297873,0.425531914893617,0.34712853592349513,0.0019608501671574945,0.5789473684210527,0.38333333333333336,0.0536851236291034,0.14429409345784142,-0.030638099383850877,0.05310056373886163,0.2,0.2,0.30000000000000004,0.30000000000000004,0.0,True,False,0.09653081802779993,0.01415937946345808,0.2653454616277349,0.1071975316191305,0.10875706214689268,-0.017655367231638408
466,0.22063053199560312,0.6212227168520276,0.0451006378257018,0.48717948717948717,0.6170212765957447,0.44680851063829785,0.277374942467156,0.16290776961936826,0.559322033898305,0.41379310344827586,0.03281604601950586,0.1496020233385174,-0.07009309370384988,0.04037097654118932,0.0,0.30000000000000004,0.1,0.5,0.1,False,False,0.09049720644988042,-0.022418519825314905,0.2580587246279553,0.22816283532339066,0.10875706214689268,0.016242937853107375
466,0.3939634919714988,0.6175432485547074,0.37591876929475304,0.5897435897435898,0.6595744680851063,0.48936170212765956,0.32303416445058,0.45476005841800043,0.6296296296296297,0.5555555555555556,0.11576888773223501,0.1240771471601482,0.10942797770336887,0.1003818876159302,0.0,0.30000000000000004,0.1,0.0,0.6000000000000001,False,False,0.164588602995629,0.07268799959344464,0.3117340102402749,0.32644090467239945,0.10098870056497172,0.017655367231638408
466,0.32928377729661457,0.6016789097155653,0.21385004839989277,0.5470085470085471,0.6595744680851063,0.5531914893617021,0.23392659955209344,0.4198730961539097,0.5614035087719298,0.5333333333333333,0.10752912297125948,0.14133922489960724,0.0794033878818038,-0.006182942353155085,0.0,0.1,0.30000000000000004,0.0,0.6000000000000001,False,False,0.14978326280731616,0.07490556584148235,0.3783384916535272,0.44140283518344436,0.11793785310734467,-0.03177966101694918
466,0.159971173931722,0.5970507792840871,0.19885968196170367,0.5042735042735043,0.6382978723404256,0.46808510638297873,0.1455620230628542,0.17232187467646587,0.5370370370370371,0.47619047619047616,0.09262205244482352,0.159152420908673,0.03688234089959333,0.036188397890525525,0.0,0.0,0.4,0.1,0.5,False,False,0.12882188705162748,0.05799214427375123,0.1911111927630708,0.26091451434655616,0.0748587570621469,0.017655367231638408
466,0.22199701034823388,0.5781908037809154,0.01341951348704734,0.5128205128205128,0.5957446808510638,0.425531914893617,0.24219309595355304,0.19396978950819913,0.5588235294117647,0.4489795918367347,0.047397091639086265,0.14558368039168226,-0.04300447856256566,0.08728859792689575,0.1,0.4,0.1,0.4,0.0,False,False,0.10838703398229962,-0.01151482222780448,0.2906219016334686,0.22392736368952418,0.1348870056497175,0.057909604519774005
466,0.3316993019118817,0.5734727867161367,0.3951256382325233,0.5555555555555556,0.6382978723404256,0.5319148936170213,0.272510223657212,0.3824327975587414,0.5925925925925926,0.5238095238095238,0.09371583148264859,0.11679383845017839,0.07552148212985887,0.023640661938534313,0.0,0.1,0.2,0.0,0.7000000000000001,False,False,0.1291135149289502,0.06881024461034098,0.3783384916535272,0.40846052820699374,0.11793785310734467,-0.048728813559322015
466,0.17783870760918472,0.5548603581900832,0.09808446441653161,0.48717948717948717,0.5957446808510638,0.48936170212765956,0.2544807490837703,0.08528982733798711,0.5625,0.39622641509433965,0.02561930804725482,0.12965007473366008,-0.07444746660855431,-0.0021822149481723896,0.1,0.4,0.0,0.5,0.0,False,False,0.07840664913219435,-0.02691239517217159,0.1276619962670489,0.26116543851648616,0.09180790960451973,-0.02542372881355931
466,0.30225103657702435,0.5519997666804356,0.3649359888964055,0.5384615384615384,0.6382978723404256,0.5106382978723404,0.2730189289719067,0.32563672266111837,0.5769230769230769,0.5076923076923077,0.08194142424267299,0.10458177320462721,0.06739783804760154,0.02782324058919805,0.0,0.1,0.1,0.0,0.8,False,False,0.11769424313194088,0.056727096382702784,0.2725599450650683,0.434180885566085,0.0423728813559322,0.05155367231638419
466,0.21347010522092336,0.5356702955889596,0.07738227694621776,0.47863247863247865,0.5957446808510638,0.46808510638297873,0.40451237070757357,0.005370494601536451,0.5901639344262295,0.35714285714285715,0.027450973682802176,0.1536452138177965,-0.090743596314177,0.01054737224949992,0.1,0.0,0.2,0.4,0.30000000000000004,False,False,0.06925714193770585,-0.02135154001476892,0.20184621009844766,0.2922472648344224,-0.0007062146892655163,0.008474576271186418
466,0.30482603467435226,0.5285354552333763,0.10453973589830914,0.5384615384615384,0.6170212765957447,0.5319148936170213,0.275281059245632,0.3292929674512612,0.5849056603773585,0.5,0.062305468504588055,0.09064976176330601,0.03960849630633858,0.006546644844517169,0.1,0.0,0.1,0.0,0.8,False,False,0.07596358779914131,0.053913335259182744,0.33526232437528225,0.32052680866935807,0.14265536723163835,-0.10734463276836159
466,0.27526706776944126,0.5270204148005087,0.18183958525286514,0.5384615384615384,0.6170212765957447,0.48936170212765956,0.35232019817167737,0.18222177822711821,0.609375,0.4528301886792453,0.047697798450713765,0.1547151485648329,-0.05371074372667928,0.04909983633387888,0.1,0.1,0.1,0.30000000000000004,0.4,False,False,0.09854434429341048,-0.007006036274657768,0.2879419867032588,0.18063249112140792,0.10875706214689268,-0.016242937853107264
466,0.37908447299879333,0.5234492961882273,0.4507776002192396,0.5897435897435898,0.6382978723404256,0.5106382978723404,0.3800279363862642,0.3782183426758693,0.6607142857142857,0.5245901639344263,0.12859763501157234,0.1369332604466465,0.1234973318409225,0.07910529187124937,0.0,0.4,0.1,0.0,0.5,False,False,0.1906967628934196,0.07176733138005376,0.2975209210220514,0.23704973567920898,0.05932203389830504,0.017655367231638408
466,0.2931595856187077,0.5214284833146404,0.2553333688621761,0.5384615384615384,0.6170212765957447,0.5106382978723404,0.22614731541950558,0.35467904678518836,0.5892857142857143,0.4918032786885246,0.06839730080824334,0.13046544775148702,0.015778309693262868,0.02782324058919805,0.2,0.0,0.2,0.1,0.5,False,False,0.08805768451364145,0.05489471780880806,0.2549048753169016,0.33500870323544674,0.10875706214689268,-0.04096045197740117
466,0.1783320828570881,0.5191954955356156,-0.017163010896036036,0.47863247863247865,0.5957446808510638,0.48936170212765956,0.2347723028933672,0.1077818078117392,0.5384615384615384,0.40384615384615385,0.03250595275362059,0.1330431938751982,-0.06875370550280599,-0.010729223495180906,0.2,0.4,0.0,0.4,0.0,False,False,0.08808905789091405,-0.016855705175514105,0.0999171998693092,0.23677523562695027,0.03319209039548027,-0.0007062146892655163
466,0.20696888085104972,0.5175617855381396,0.2381435872416599,0.49572649572649574,0.6170212765957447,0.5106382978723404,0.29795619672245194,0.09323473601179702,0.5692307692307692,0.40384615384615385,0.025537622397730036,0.1408293535338574,-0.0868427520054759,-0.014911802145844644,0.1,0.1,0.0,0.4,0.4,False,False,0.07305029497687632,-0.02740008134750017,0.1995657244326503,0.12860725839701234,0.03319209039548027,-0.06709039548022594
466,0.13353278771865548,0.5169057044234505,0.09657496490051659,0.46153846153846156,0.6170212765957447,0.5106382978723404,0.23567518437742754,0.014366658283421496,0.5396825396825397,0.37037037037037035,0.031061321620997662,0.1361749137564572,-0.07194707873366567,-0.04909983633387882,0.2,0.30000000000000004,0.1,0.4,0.0,False,False,0.07826774662508713,-0.01824316506296381,0.13135086012445488,0.1265218651809776,0.09180790960451973,-0.07627118644067798
466,0.27355396809262805,0.5168735456226675,0.2718308959084557,0.5213675213675214,0.6382978723404256,0.46808510638297873,0.16135060186910782,0.38014716600497234,0.5263157894736842,0.5166666666666667,0.052615854000418016,0.10637228639253805,0.008064834879698656,0.05328241498454267,0.0,0.0,0.1,0.1,0.8,False,False,0.08450639350242126,0.0321258464039109,0.20403938820527825,0.3491896828846587,0.1751412429378531,-0.0826271186440678
466,0.16436601956873603,0.5137381171013564,-0.09472165758304008,0.4700854700854701,0.6170212765957447,0.3829787234042553,0.18501058828290987,0.14667067495658706,0.5185185185185185,0.42857142857142855,0.04322968114085706,0.0691441468809149,0.029962858602456975,0.08710674668121476,0.6000000000000001,0.0,0.0,0.0,0.4,False,False,0.05683197615128417,0.030299193587588483,0.16243004849923176,0.11992793882508937,0.11652542372881358,0.00706214689265533
466,0.12935253948607567,0.5121776407374069,-0.038535267194111676,0.46153846153846156,0.5957446808510638,0.48936170212765956,0.18890711863806064,0.052281907642330504,0.5151515151515151,0.39215686274509803,0.022513452132385616,0.12460944041259006,-0.07663736182925605,-0.027823240589197995,0.30000000000000004,0.30000000000000004,0.0,0.4,0.0,False,False,0.06033813503408224,-0.01326957237099377,0.1128338913916156,0.12672961911467015,-0.008474576271186418,0.00706214689265533
466,0.27524061412548195,0.5107599949324203,0.23214789524471327,0.5213675213675214,0.6170212765957447,0.5106382978723404,0.2263603966518192,0.3216768207254615,0.5614035087719298,0.48333333333333334,0.05309509381770769,0.10842320172046145,0.009221581991043394,0.010729223495181017,0.2,0.0,0.1,0.1,0.6000000000000001,False,False,0.07098401691093092,0.042713033199412345,0.2941830902532091,0.28749886508179373,0.10875706214689268,-0.11652542372881358
466,0.2741290544958685,0.5107599949324203,0.14165364656284343,0.5213675213675214,0.6170212765957447,0.48936170212765956,0.23449606201467507,0.3105134410359803,0.5714285714285714,0.47540983606557374,0.0409557647846061,0.08338585390534692,0.006972630029952174,0.032005819239861844,0.2,0.0,0.0,0.1,0.7000000000000001,False,False,0.05858739941318894,0.02712438497509352,0.3225419969092825,0.28183642929403074,0.1673728813559322,-0.07485875706214695
466,0.28989328237216266,0.5101246567498506,0.26460695387467087,0.5299145299145299,0.6170212765957447,0.5319148936170213,0.2569414449603965,0.3191247510438906,0.5818181818181818,0.4838709677419355,0.05301559375455917,0.10709534958665691,0.007451325317412841,-0.002000363702491348,0.1,0.0,0.1,0.1,0.7000000000000001,False,False,0.08094415400433912,0.03572988921546592,0.3256392930516007,0.3173019590458034,0.08403954802259889,-0.182909604519774
466,0.1404005829522105,0.5069997429451951,0.18292007108880623,0.4700854700854701,0.574468085106383,0.48936170212765956,0.2929939330433463,0.005035514322977126,0.5636363636363636,0.3870967741935484,0.05598054798761702,0.16764033799152533,-0.047505874473666776,-0.01927623204218948,0.0,0.0,0.30000000000000004,0.30000000000000004,0.4,False,False,0.10468943137392434,-0.0007206094989135139,0.22191526899210645,0.11122844259160011,-0.008474576271186418,-0.0007062146892655163
466,0.27315201548890633,0.5063488519770482,0.26736075440518436,0.5299145299145299,0.6170212765957447,0.5106382978723404,0.23952389130515986,0.30621017146614854,0.5862068965517241,0.4745762711864407,0.04743789918323762,0.13285379256999927,-0.02251993751539139,0.019276232042189534,0.2,0.0,0.1,0.2,0.5,False,False,0.07593273297253036,0.02332127233293169,0.25747088190864587,0.3430583606373932,0.025423728813559365,-0.04096045197740117
466,0.2563272191273897,0.5063488519770482,0.22984695174576966,0.5128205128205128,0.6170212765957447,0.5319148936170213,0.2677013466791711,0.24588539711263951,0.5892857142857143,0.4426229508196721,0.037094660693267535,0.11424798737227836,-0.027993934631885823,-0.019094380796508492,0.2,0.0,0.0,0.2,0.6000000000000001,False,False,0.06566311458958769,0.012919217561159326,0.20562800530465417,0.29047642804895535,0.008474576271186418,-0.07485875706214695
466,0.22136866266489097,0.5053039046672128,0.01807959263659629,0.5128205128205128,0.5957446808510638,0.44680851063829785,0.3198924284818411,0.12114621123040722,0.5932203389830508,0.43103448275862066,0.04593274775292338,0.15478670945827144,-0.05815183528600413,0.06601200218221492,0.0,0.0,0.2,0.30000000000000004,0.5,False,False,0.08830452312652894,-0.009399773629474069,0.12182241825907437,0.11327956204425597,0.057909604519774005,0.016242937853107375
466,0.2791112737112811,0.504445964116316,0.11411649562197858,0.5299145299145299,0.6170212765957447,0.5319148936170213,0.2128382363652949,0.34207065918996793,0.5614035087719298,0.5,0.044250726222844546,0.09091714277531046,0.006060588790910504,-0.002000363702491348,0.1,0.0,0.0,0.1,0.8,False,False,0.07153250443277569,0.026644642073361723,0.2486782694627365,0.28345455237077877,0.06709039548022605,-0.14124293785310726
466,0.22822306625869582,0.4958685563074467,0.26550269495374546,0.5213675213675214,0.6170212765957447,0.5531914893617021,0.25407373159474084,0.1990823162435179,0.5645161290322581,0.4727272727272727,0.029620856437639436,0.11181006968945965,-0.04541867848189117,-0.031823967994180746,0.0,0.0,0.0,0.30000000000000004,0.7000000000000001,False,False,0.0628797825600851,-0.004654109960058499,0.1698813308986995,0.24407645762769198,0.057909604519774005,-0.13347457627118642
466,0.23442815741250042,0.4942470842004531,0.04849012724719732,0.5213675213675214,0.6170212765957447,0.46808510638297873,0.28395644760951766,0.18404593117760354,0.576271186440678,0.46551724137931033,0.03744851096677281,0.13459113203848003,-0.05365542320562832,0.05328241498454267,0.0,0.0,0.1,0.30000000000000004,0.6000000000000001,False,False,0.07892166988584151,-0.008890171331899871,0.09700001300115972,0.10735067001404877,0.04096045197740111,-0.02542372881355931
466,0.18534494983786723,0.4895805078242046,-0.04688379913294972,0.48717948717948717,0.574468085106383,0.425531914893617,0.2316454994415346,0.11638668447070301,0.5428571428571428,0.40425531914893614,0.04456557061060868,0.15478422470502706,-0.05745210545217043,0.061647572285870145,0.1,0.4,0.0,0.4,0.1,False,False,0.11493223849176822,-0.02182531090079494,0.232965172176668,0.23609027068705538,0.12570621468926552,-0.02542372881355931
466,0.2196905024980526,0.48944428220470726,0.37566494834793357,0.5128205128205128,0.6170212765957447,0.5319148936170213,0.17172507581053909,0.26848291930086815,0.5423728813559322,0.4827586206896552,0.033647125132868376,0.10018038923098574,-0.022394859298421846,-0.019094380796508492,0.0,0.0,0.0,0.2,0.8,False,False,0.0634998663668604,0.007796330906145899,0.22498969859819903,0.333707135855945,0.09180790960451973,-0.09957627118644063
466,0.29212699721463947,0.4888050594210663,0.06714722382548118,0.5299145299145299,0.5957446808510638,0.5106382978723404,0.22072605850625684,0.3576753999633186,0.5535714285714286,0.5081967213114754,0.059849986507200297,0.08656979693600989,0.04241638653697894,0.019276232042189534,0.2,0.0,0.1,0.0,0.7000000000000001,False,False,0.06291498209367698,0.059696126956264944,0.31168249420306027,0.26338379412776874,0.12570621468926552,-0.09957627118644063
466,0.2224192233751021,0.48661980238408287,0.3611096485727572,0.4745762711864407,0.5531914893617021,0.5319148936170213,0.370886993256637,0.052356141510798614,0.5714285714285714,0.36363636363636365,-0.001815978823610748,0.11283832167896354,-0.11054143064947879,-0.05733862243058058,0.0,0.30000000000000004,0.0,0.7000000000000001,0.0,False,False,0.040225791735661647,-0.03902761505725751,0.14165062872639417,0.20946683821231918,0.03319209039548027,-0.19166666666666665
466,0.3504825426978186,0.4849654491261638,0.46022863969953093,0.5811965811965812,0.6170212765957447,0.5319148936170213,0.3786655355107567,0.32460963126299,0.6428571428571429,0.5245901639344263,0.13261854665616865,0.14672169737761506,0.12342656144462306,0.049281687579559974,0.0,0.30000000000000004,0.2,0.0,0.5,False,False,0.1827650818204337,0.08253168459932124,0.4452708305469278,0.33786058214403947,0.21822033898305082,-0.10734463276836159
466,0.2637368256435839,0.48196216923767965,0.10889912772045948,0.5128205128205128,0.6170212765957447,0.46808510638297873,0.36525802212462416,0.13235645372694346,0.5909090909090909,0.4117647058823529,0.039675261566820004,0.1533868358592852,-0.07058003070524763,0.04473540643753404,0.0,0.2,0.0,0.4,0.4,False,False,0.1049253214999499,-0.028804473616791566,0.3361503584759292,0.16579609256482922,0.1673728813559322,-0.10875706214689268
466,0.004617835414063908,0.47680756253362794,-0.2934506318376032,0.4188034188034188,0.5957446808510638,0.3404255319148936,0.025483871817018902,-0.020578887789504445,0.46875,0.3584905660377358,0.04147152251623506,0.09411258084702867,-0.008400499863758362,0.0783778868885252,0.5,0.30000000000000004,0.0,0.2,0.0,False,False,0.0669336220546537,0.02320882353119514,0.1352035129493686,-0.15699612573460014,0.09957627118644069,0.005649717514124297
466,0.20684835467841026,0.4739608054032836,0.3189436752445152,0.49572649572649574,0.6170212765957447,0.574468085106383,0.17172507581053906,0.24257720731986546,0.5423728813559322,0.4482758620689655,0.03488327676017702,0.10591064435866053,-0.025163616491712247,-0.07874158937988729,0.1,0.0,0.0,0.2,0.7000000000000001,False,False,0.06222926772525013,0.007576354705357841,0.2629369137413867,0.305919600808095,-0.016242937853107264,-0.11652542372881358
466,0.2539318061088811,0.4733856390859867,0.12877752854112723,0.5128205128205128,0.6170212765957447,0.48936170212765956,0.34812444924775127,0.15478165543638622,0.6,0.42105263157894735,0.05124737051903751,0.15035390967027126,-0.04273784361876151,0.023458810692853216,0.0,0.1,0.1,0.30000000000000004,0.5,False,False,0.10303421922379566,-0.0114670470124069,0.23949110125932094,0.15873438096146136,0.13347457627118642,-0.09180790960451979
466,0.24082890502535287,0.47265758588233014,0.10300470582881557,0.46153846153846156,0.574468085106383,0.48936170212765956,0.09726938797530976,0.3772104462228938,0.49122807017543857,0.43333333333333335,0.04889260104296231,0.08288838652911466,0.023322832645239027,-0.027823240589197995,0.6000000000000001,0.1,0.1,0.1,0.1,False,False,0.05897054087241419,0.03774640143203881,0.2459866579159428,0.21464015374450265,-0.02542372881355931,-0.017655367231638408
466,0.32928836360233044,0.4718179534591004,0.09890929830867828,0.5384615384615384,0.574468085106383,0.48936170212765956,0.35225764984515,0.29956340493515193,0.5909090909090909,0.47058823529411764,0.046570091222948855,0.1399095642477665,-0.03779886736997807,0.04909983633387888,0.1,0.5,0.0,0.4,0.0,False,False,0.113059576394332,-0.01887619562075434,0.38346060786265457,0.2369720993353942,0.15183615819209045,-0.0007062146892655163
466,0.20780081568364098,0.47128720589136863,0.34615520701652586,0.5128205128205128,0.6170212765957447,0.5531914893617021,0.20976081458695203,0.20573765894331364,0.55,0.47368421052631576,0.0490513256019805,0.11690717092511076,-0.007910836386507332,-0.040370976541189374,0.0,0.1,0.0,0.2,0.7000000000000001,False,False,0.08700764572757047,0.010821086287552104,0.2629369137413867,0.3115974367140703,0.15042372881355937,-0.14124293785310726
466,0.3127933880602821,0.46890902259131795,0.2445731042036264,0.5384615384615384,0.6170212765957447,0.5106382978723404,0.20358153284616626,0.4096748725244171,0.5454545454545454,0.532258064516129,0.06203654927689552,0.09058466122830287,0.040315203503187715,0.02782324058919805,0.0,0.0,0.1,0.0,0.9,False,False,0.08964421979163611,0.049133823085449745,0.24887137420053088,0.29765964853542964,0.06709039548022605,-0.057909604519774005
466,0.22640869760290835,0.46858283709024084,0.27057749701868444,0.5213675213675214,0.6170212765957447,0.5319148936170213,0.24075241360714825,0.21131004917739274,0.5666666666666667,0.47368421052631576,0.06724017030592425,0.13453600242448963,0.008552751907706624,-0.010547372249499865,0.0,0.2,0.0,0.2,0.6000000000000001,False,False,0.12339342820207733,0.014348990752731387,0.2677607328520991,0.21955953675714862,0.15042372881355937,-0.09957627118644063
466,0.23910854496416392,0.46470799776552507,0.2581949531077017,0.49572649572649574,0.574468085106383,0.5106382978723404,0.3488341131692186,0.12360794685358026,0.5833333333333334,0.40350877192982454,0.04630791589130267,0.15448555736505082,-0.05392654359708526,-0.014911802145844644,0.2,0.0,0.2,0.30000000000000004,0.30000000000000004,False,False,0.07597354096901579,0.016742227045889804,0.2784259191156402,0.2299061069656271,0.03319209039548027,0.0501412429378531
466,0.5060794899492913,0.4635321117438692,0.11938331017000803,0.6068376068376068,0.5957446808510638,0.48936170212765956,0.5959419580183624,0.41466766898247764,0.6779661016949152,0.5344827586206896,0.12233535656313851,0.17657600760901765,0.07197448980265488,0.11747590470994723,0.1,0.30000000000000004,0.2,0.1,0.30000000000000004,False,False,0.19041707881994627,0.05520227075792999,0.5394686004222348,0.3134774289551548,0.23516949152542377,0.017655367231638408
466,0.20181279867952312,0.46340979819668604,0.04139927033081256,0.49572649572649574,0.574468085106383,0.46808510638297873,0.2972404646151812,0.108002550810571,0.5862068965517241,0.4067796610169492,0.024716059538573143,0.14131040176197224,-0.08482928439245015,0.02764138934351701,0.0,0.0,0.1,0.4,0.5,False,False,0.072049006087502,-0.034146339888433595,0.18031510669103337,0.0684909398364883,0.0748587570621469,-0.14265536723163846
466,0.2652729221251707,0.462871578506223,0.10992966477635464,0.5384615384615384,0.5957446808510638,0.5106382978723404,0.2964894737573336,0.23008335483073225,0.5967741935483871,0.4727272727272727,0.06812552007593044,0.14190922729387134,0.00021181280582572787,0.02782324058919805,0.1,0.2,0.0,0.2,0.5,False,False,0.11751309544022505,0.02446787750247364,0.28841811050539845,0.21955953675714862,0.0423728813559322,-0.016242937853107264
466,0.1752050456622864,0.4617723623208816,0.2357445133510198,0.49572649572649574,0.5957446808510638,0.5106382978723404,0.23290131528176594,0.11651401277350547,0.576271186440678,0.41379310344827586,0.03654856776366667,0.141471413772209,-0.060996107480939254,-0.014911802145844644,0.1,0.0,0.1,0.30000000000000004,0.5,False,False,0.07517629206206866,-0.009084258144452543,0.2190620814701835,0.11202007452298506,0.008474576271186418,-0.05014124293785305
466,0.35467791408871974,0.46163727676879734,0.3052159563368905,0.5555555555555556,0.6170212765957447,0.5106382978723404,0.37611528094194174,0.3321122647695386,0.6333333333333333,0.47368421052631576,0.10193139786759535,0.17223564064170896,0.041409154347393534,0.044917257683215195,0.0,0.5,0.1,0.2,0.2,False,False,0.20687962179236274,-0.005747955602521468,0.35881122762916184,0.3275839579366044,0.017655367231638408,0.0423728813559322
466,0.32386190561932104,0.4593047636778796,0.1493415859911779,0.5384615384615384,0.6170212765957447,0.5106382978723404,0.30520310901344105,0.34489545815685835,0.5967741935483871,0.4727272727272727,0.07677746819162523,0.15841299591410613,3.389004893211645e-05,0.02782324058919805,0.0,0.5,0.0,0.30000000000000004,0.2,False,False,0.17272133810007972,-0.01667554080773068,0.2943193521403301,0.3047381203862273,0.0007062146892655718,0.008474576271186418
466,0.28169326801880945,0.4578140347936825,0.18381046307943089,0.5299145299145299,0.5957446808510638,0.5106382978723404,0.2962279874623773,0.2641419086907276,0.578125,0.4716981132075472,0.05155013014919701,0.14885510651325234,-0.04091475833944266,0.019276232042189534,0.1,0.2,0.0,0.30000000000000004,0.4,False,False,0.10940126199251077,-0.003716513631136825,0.3802261780383247,0.16869805157070059,0.10098870056497172,0.008474576271186418
466,0.41209459565807427,0.4560862173591448,0.3740911851115877,0.5811965811965812,0.6170212765957447,0.46808510638297873,0.40533830021409534,0.41808808355192645,0.6545454545454545,0.5161290322580645,0.15345030029245701,0.16370101019786196,0.14760910488997828,0.11311147481360251,0.0,0.5,0.2,0.0,0.30000000000000004,False,False,0.23649428343693826,0.0707929160493406,0.5104360627345382,0.435718167919059,0.21045197740112992,-0.007062146892655385
466,0.22513711558984048,0.455406644266425,0.20924578233461905,0.5128205128205128,0.6170212765957447,0.5106382978723404,0.2644204933316049,0.17770058397714392,0.5625,0.4528301886792453,0.040945270826725916,0.12973595496853596,-0.044671569940182274,0.0021822149481723896,0.0,0.1,0.0,0.30000000000000004,0.6000000000000001,False,False,0.08357975338710567,-0.0041962564190875335,0.22629717043260905,0.19740216042892153,0.11652542372881358,-0.11652542372881358
466,0.21080979444533987,0.45480534950364776,-0.012052097678958124,0.5042735042735043,0.5531914893617021,0.44680851063829785,0.390582106877194,0.0010754299415100923,0.6190476190476191,0.37037037037037035,0.04332485953118986,0.1466879047334913,-0.05532400973246252,0.05746499363520641,0.1,0.30000000000000004,0.2,0.4,0.0,False,False,0.09951676899014876,-0.010410020371735417,0.17986582127111786,0.20574980019903968,0.06709039548022605,0.09957627118644069
466,0.25844946386849993,0.4535683009255665,0.22269144870337104,0.5213675213675214,0.5531914893617021,0.48936170212765956,0.310195223608495,0.20011788016159637,0.5806451612903226,0.45454545454545453,0.03423603658405302,0.134115053316854,-0.05896469807730239,0.032005819239861844,0.0,0.4,0.1,0.5,0.0,False,False,0.09522297150629115,-0.02010938441443182,0.20311508949302232,0.25845767211112836,0.08403954802259889,-0.06709039548022594
466,0.28252959524326754,0.4525631591902514,0.27056397244305963,0.5299145299145299,0.6170212765957447,0.5106382978723404,0.29463816189607017,0.26790792985120376,0.578125,0.4716981132075472,0.05321453210989288,0.14449340493768392,-0.03197675631666947,0.019276232042189534,0.0,0.2,0.0,0.30000000000000004,0.5,False,False,0.11511836276842131,-0.00853981975231761,0.27692706995893485,0.23224767190361953,0.06709039548022605,-0.057909604519774005
466,0.23668977148048487,0.4514850405486618,0.16240571459944,0.5128205128205128,0.5957446808510638,0.5106382978723404,0.32643686265080984,0.1422191491959323,0.5833333333333334,0.43859649122807015,0.041560679726110016,0.14869707620690886,-0.05289738255230848,0.0021822149481723896,0.2,0.1,0.0,0.30000000000000004,0.4,False,False,0.08472536323966016,0.004578458142268182,0.24942842300215357,0.11341388566050942,0.0501412429378531,-0.06709039548022594
466,0.18656128226913157,0.4483371704692434,0.27209569825423163,0.5128205128205128,0.574468085106383,0.574468085106383,0.25416714123805517,0.1223357162486541,0.5964912280701754,0.43333333333333335,0.03349494891357898,0.13291395512184623,-0.05606885653226578,-0.061647572285870256,0.2,0.0,0.0,0.30000000000000004,0.5,False,False,0.06680872552896525,0.004318681432809731,0.21400596569732278,0.09620414420827825,-0.016242937853107264,-0.1504237288135593
466,0.2698207876941321,0.4462697164956729,0.08390448769554538,0.5128205128205128,0.5957446808510638,0.44680851063829785,0.4726212547684693,0.016320203851210538,0.6307692307692307,0.36538461538461536,0.024291782872747487,0.15732222629339296,-0.10002874587088353,0.06601200218221492,0.0,0.2,0.0,0.5,0.30000000000000004,False,False,0.08788854315962484,-0.04079207141363461,0.31469580167267946,0.196450969326249,0.12570621468926552,-0.06709039548022594
466,0.22393532911540312,0.44604318980724966,0.3697062064471262,0.5213675213675214,0.5957446808510638,0.5957446808510638,0.30313434475158213,0.13465643876189226,0.5967741935483871,0.43636363636363634,0.018681307902848956,0.12991038468766214,-0.08806356222776199,-0.0743771594835424,0.1,0.0,0.0,0.4,0.5,False,False,0.055004254859097566,-0.024218058682444428,0.10765301939771085,0.18199177870400338,0.016242937853107375,-0.11652542372881358
466,0.2367454815261793,0.4460388649512454,0.11503951348433208,0.5042735042735043,0.5957446808510638,0.46808510638297873,0.41109356323053,0.05939139841313299,0.6271186440677966,0.3793103448275862,0.03352090925544942,0.15492883734385082,-0.0804793969353985,0.036188397890525525,0.0,0.1,0.1,0.4,0.4,False,False,0.09315669344034577,-0.03584634130299752,0.30588017980560006,0.09139947041283877,0.12570621468926552,-0.08403954802259883
466,0.2726308432419163,0.44419045232483967,0.2927298426736316,0.5128205128205128,0.5957446808510638,0.5531914893617021,0.21530720645235465,0.33297151354671783,0.55,0.47368421052631576,0.043363676463431394,0.1246153447128841,-0.02380676260866675,-0.040370976541189374,0.1,0.0,0.1,0.2,0.6000000000000001,False,False,0.07795621240801541,0.01320188452153156,0.2629369137413867,0.2934007668309843,0.025423728813559365,-0.11652542372881358
466,0.27348469894088234,0.4440650144527528,0.2358507002536838,0.5299145299145299,0.5957446808510638,0.48936170212765956,0.282009352155149,0.2648130689470593,0.576271186440678,0.4827586206896552,0.05990933162476186,0.14835070160464023,-0.018816951286485133,0.04055282778687036,0.2,0.0,0.2,0.2,0.4,False,False,0.08781184121774138,0.03373427865562945,0.3603376378536535,0.15704888796219132,0.12570621468926552,0.0501412429378531
466,0.31982789261909544,0.44368900749213364,0.3545921361836895,0.5641025641025641,0.6170212765957447,0.5531914893617021,0.3795548406346468,0.26111326575634997,0.6379310344827587,0.4915254237288136,0.08441489396411389,0.14938517523994613,0.02796327743357633,0.010911074740861948,0.0,0.30000000000000004,0.0,0.2,0.5,False,False,0.1512663568706039,0.015665294065469328,0.3085772678781557,0.23224767190361953,0.08403954802259889,-0.14124293785310726
466,0.1436412725718152,0.44305306988847615,0.14163589432136664,0.452991452991453,0.574468085106383,0.48936170212765956,0.25825726243432323,0.014437793090442548,0.532258064516129,0.36363636363636365,0.003813080111183434,0.11417943524652914,-0.10207782414967985,-0.03637024913620657,0.1,0.30000000000000004,0.0,0.6000000000000001,0.0,False,False,0.045876680885880365,-0.034130439100888935,0.1406352870529834,0.14176212571639438,0.03319209039548027,-0.11793785310734461
466,0.16714187445352244,0.442646263109245,0.14879651460941234,0.47863247863247865,0.574468085106383,0.46808510638297873,0.36825751391984873,-0.030565025360832263,0.6206896551724138,0.3389830508474576,0.02151484455446828,0.143376225609362,-0.09193323670830879,0.01054737224949992,0.1,0.0,0.1,0.4,0.4,False,False,0.0639789759532606,-0.02793456656976061,0.21452671866830653,0.15065154264552238,0.016242937853107375,-0.05014124293785305
466,0.17512373003250492,0.4421276493986533,0.08756740431289149,0.46153846153846156,0.574468085106383,0.44680851063829785,0.3271379144383042,0.009536850590473656,0.5573770491803278,0.35714285714285715,0.01993069071398297,0.1429448724461351,-0.09584305191231547,0.014729950900163713,0.1,0.2,0.1,0.5,0.1,False,False,0.06962739985703711,-0.02727765735804387,0.16996176967837343,0.14103718225988318,0.0748587570621469,-0.05932203389830509
466,0.228313965950431,0.4411786016327877,0.11027935734703914,0.47863247863247865,0.574468085106383,0.44680851063829785,0.4384825982322023,0.0070838267064611445,0.6,0.3508771929824561,0.009362034709306431,0.13542107174005577,-0.1098849949808799,0.0318239679941808,0.0,0.2,0.0,0.6000000000000001,0.2,False,False,0.057846827993583594,-0.036889433505844706,0.28005697952661357,0.18856956225919938,0.15042372881355937,-0.10098870056497172
466,0.13628361235025846,0.43933026956604065,0.07716407001173292,0.46153846153846156,0.5531914893617021,0.48936170212765956,0.23884158461953583,0.016632644702768238,0.5396825396825397,0.37037037037037035,0.020005836313578752,0.13026964919582873,-0.08291449662778556,-0.027823240589197995,0.1,0.30000000000000004,0.1,0.5,0.0,False,False,0.0668922687755256,-0.023922443793351254,0.09484450560327704,0.15665177634349084,-0.008474576271186418,-0.05932203389830509
466,0.2247539640744225,0.4357250307689118,0.18355355733146292,0.49572649572649574,0.5531914893617021,0.48936170212765956,0.4117896578964249,0.05304906482799414,0.625,0.3770491803278688,0.028921476024561077,0.1530985681040297,-0.08386840182861015,0.0063647935988361826,0.0,0.0,0.2,0.4,0.4,False,False,0.07817617746224177,-0.028195339620472406,0.22360148510780592,0.06983584008664491,-0.02542372881355931,-0.05932203389830509
466,0.23554011780255832,0.4340952274184898,0.1465168634591706,0.49572649572649574,0.574468085106383,0.46808510638297873,0.3902604965728301,0.0550330092372413,0.6031746031746031,0.37037037037037035,0.045240636874527104,0.15996493521959007,-0.060815194425610446,0.02764138934351701,0.1,0.30000000000000004,0.1,0.4,0.1,False,False,0.1082317645322575,-0.015592635925385514,0.34284245818468023,0.18593440105944395,0.14265536723163835,-0.0423728813559322
466,0.21590337894421385,0.43354998073684503,0.2857809200433263,0.49572649572649574,0.5957446808510638,0.5319148936170213,0.2649174846353691,0.15671653433602648,0.5625,0.41509433962264153,0.033356560348531974,0.13763945996278867,-0.06791864835839657,-0.036188397890525525,0.0,0.1,0.0,0.4,0.5,False,False,0.08458402822744233,-0.02388462174782817,0.2362297924378004,0.12796508175329205,0.13347457627118642,-0.1504237288135593
466,0.23741012575602655,0.4267077271596558,0.22091807188598622,0.5213675213675214,0.5957446808510638,0.5106382978723404,0.29097578335090973,0.17702702083088556,0.5806451612903226,0.45454545454545453,0.04001005525498078,0.13504981748739528,-0.05306135058317122,0.010729223495181017,0.1,0.1,0.0,0.30000000000000004,0.5,False,False,0.08444468384919937,-0.0027341357645240647,0.19759021113564865,0.13820205056154625,0.008474576271186418,-0.05014124293785305
466,0.2752752595137476,0.4262364316443617,-0.07395670359235353,0.5042735042735043,0.5957446808510638,0.3829787234042553,0.3813232005052803,0.16739890574649885,0.5932203389830508,0.41379310344827586,0.053057894257642894,0.17266898160753139,-0.05554279990130369,0.12129478086924894,0.0,0.30000000000000004,0.1,0.4,0.2,False,False,0.12644208413463545,-0.019628646309493656,0.3047825139206254,0.22415317019985717,0.15042372881355937,0.016242937853107375
466,0.1452688945841228,0.42415263736059844,0.2215112397489152,0.46153846153846156,0.574468085106383,0.5106382978723404,0.2946123720929693,-0.017408821988013634,0.5737704918032787,0.3392857142857143,0.0006010094762033801,0.12585526643105358,-0.11691646028887641,-0.04909983633387882,0.1,0.0,0.0,0.5,0.4,False,False,0.04217659735545048,-0.04490672249032253,0.1851257431199336,0.17914061808848658,-0.02542372881355931,-0.10875706214689268
466,0.18501559180258978,0.42261133672035667,0.22053940411987602,0.48717948717948717,0.574468085106383,0.5106382978723404,0.2771346224089372,0.0975025127265597,0.5789473684210527,0.4,0.006404183334988869,0.12641848293436606,-0.10567273643938317,-0.023458810692853216,0.0,0.0,0.0,0.5,0.5,False,False,0.04999239069792363,-0.04517253647075598,0.20195589178888124,0.0753622110063788,0.09180790960451973,-0.20127118644067798
466,0.15516098566334233,0.418924370589024,-0.0013673526317664773,0.452991452991453,0.574468085106383,0.48936170212765956,0.25188181572847534,0.04613023177173781,0.5161290322580645,0.38181818181818183,0.009702501054724894,0.12046338784116223,-0.10024523437799136,-0.03637024913620657,0.2,0.30000000000000004,0.0,0.5,0.0,False,False,0.052749872254577564,-0.02657900156681803,0.17173585304642924,0.13196279614661427,0.09180790960451973,-0.13488700564971745
466,0.24774418218855612,0.4175006529743389,0.045779711488714646,0.5128205128205128,0.5957446808510638,0.425531914893617,0.24020850420714723,0.25540978565240313,0.559322033898305,0.46551724137931033,0.04896778481141434,0.06728006023880248,0.04155685059823777,0.08728859792689575,0.30000000000000004,0.0,0.0,0.0,0.7000000000000001,False,False,0.05613321622697837,0.04487473654364012,0.24646893618309376,0.27260413277574264,0.15042372881355937,0.008474576271186418
466,0.1703420411234026,0.4166357510347926,0.1420141638908351,0.48717948717948717,0.574468085106383,0.48936170212765956,0.25681382679469744,0.07931910883782906,0.5666666666666667,0.40350877192982454,0.037447391247573535,0.14363066434158803,-0.06038608660016115,-0.0021822149481723896,0.2,0.0,0.1,0.30000000000000004,0.4,False,False,0.07331206334457555,0.004742685445197368,0.2388486003215788,0.12491159324122808,0.0501412429378531,-0.05014124293785305
466,0.16676020617837214,0.4161170485012965,0.2163493888404682,0.49572649572649574,0.574468085106383,0.46808510638297873,0.30144372448542756,0.020051373736758218,0.6065573770491803,0.375,0.014124667992160646,0.14144365162853786,-0.1043848393924264,0.02764138934351701,0.0,0.1,0.0,0.5,0.4,False,False,0.06738893195226296,-0.04294195610652576,0.24540781315576307,0.12237665817778526,0.10875706214689268,-0.10098870056497172
466,0.0997644146684094,0.4155010227118761,0.10143406113101607,0.4188034188034188,0.5319148936170213,0.46808510638297873,0.2975847010631363,-0.09470298551623735,0.5344827586206896,0.3050847457627119,0.006182902798529656,0.12747579264783132,-0.10542047941714609,-0.04928168757955992,0.0,0.2,0.1,0.6000000000000001,0.1,False,False,0.04887703130268775,-0.03737216224475776,0.14730681284507482,0.131927058944585,0.016242937853107375,-0.051553672316384136
466,0.25796075219504083,0.4152824332632036,0.25040779296243365,0.5128205128205128,0.5319148936170213,0.48936170212765956,0.23002723901196795,0.2827404816316378,0.5454545454545454,0.4838709677419355,0.06888288570099559,0.12028292895595746,0.029387656254870283,0.023458810692853216,0.4,0.1,0.2,0.1,0.2,False,False,0.09428239695315127,0.05005747724980298,0.22922139977736372,0.2814248487416547,-0.016242937853107264,0.03319209039548027
466,0.17781423750148687,0.41509445039455073,0.26728910738230166,0.49572649572649574,0.574468085106383,0.5319148936170213,0.22675454385145685,0.12450426094169817,0.5573770491803278,0.42857142857142855,0.02689096733590437,0.11901573302839384,-0.05829961969398737,-0.036188397890525525,0.1,0.0,0.0,0.30000000000000004,0.6000000000000001,False,False,0.06081293030845235,-0.010473723142995344,0.22622470539682346,0.23255231150668362,0.025423728813559365,-0.09180790960451979
466,0.211286347926047,0.4145853982243871,0.18567254938785055,0.49572649572649574,0.5531914893617021,0.46808510638297873,0.3877987301599863,0.03173064875703982,0.6101694915254238,0.3793103448275862,0.061197195323794584,0.17468511039003326,-0.043188880299402176,0.02764138934351701,0.0,0.1,0.2,0.30000000000000004,0.4,False,False,0.11777386849093685,-0.010017865478680275,0.26460307087269275,0.19720844933756823,0.09180790960451973,0.008474576271186418
466,0.1599761392656629,0.4138617277492724,0.2688689406902474,0.46153846153846156,0.5319148936170213,0.5106382978723404,0.3373320781428629,-0.0085120026676772,0.5789473684210527,0.35,0.009826220246481573,0.12269463045496698,-0.09380416676259064,-0.04909983633387882,0.0,0.30000000000000004,0.1,0.6000000000000001,0.0,False,False,0.05543617024998064,-0.031788433945165485,0.11251720767306327,0.1704324816713337,0.016242937853107375,-0.08403954802259883
466,0.46348229225200993,0.4128236781755532,0.17028705648852585,0.5811965811965812,0.5957446808510638,0.48936170212765956,0.5332134029910203,0.3848763128734893,0.6612903225806451,0.4909090909090909,0.09054901676061033,0.1777880702416334,0.007457804297355745,0.09183487906892168,0.1,0.30000000000000004,0.1,0.2,0.30000000000000004,False,False,0.16600095780082,0.022308039639707997,0.5353211896696362,0.29452838237311246,0.17655367231638414,-0.04096045197740117
466,0.46521298487459983,0.41161893249866394,0.30431324405061105,0.6068376068376068,0.574468085106383,0.48936170212765956,0.45134063014539844,0.479324518133615,0.6779661016949152,0.5344827586206896,0.14851059683823345,0.153483207906262,0.14954881180826943,0.11747590470994723,0.0,0.6000000000000001,0.2,0.0,0.2,False,False,0.23415926978438148,0.062006257684135486,0.48620180547666797,0.4778145692595264,0.19350282485875708,0.026836158192090398
466,0.15910830262381534,0.41148609917959095,0.2466726146196997,0.47863247863247865,0.5957446808510638,0.5531914893617021,0.25100053702914565,0.06877356371688041,0.5517241379310345,0.4067796610169492,0.03265049374207757,0.13275940343338968,-0.05309450564997033,-0.0745590107292235,0.30000000000000004,0.0,0.0,0.30000000000000004,0.4,False,False,0.06392130820912661,0.004673014364379278,0.250946338108055,0.04762436370527376,-0.07485875706214695,-0.10098870056497172
466,0.17735942388663964,0.4042529068404468,0.048766468947271845,0.4444444444444444,0.5319148936170213,0.425531914893617,0.4138851002193378,-0.03246174060204425,0.5636363636363636,0.3387096774193548,0.0024200242227440487,0.12857653833509816,-0.10949077397050778,0.018912529550827395,0.0,0.1,0.1,0.6000000000000001,0.2,False,False,0.042866312015479587,-0.040048569624009746,0.1440018955883672,0.08626357521572668,-0.0007062146892655163,-0.026836158192090398
466,0.28620375514110874,0.40364843165253045,0.26461876675383594,0.49572649572649574,0.5531914893617021,0.5319148936170213,0.38648789479155876,0.17315617953514692,0.5806451612903226,0.4,0.016341214066431478,0.13431585323482326,-0.09404289225433304,-0.036188397890525525,0.0,0.30000000000000004,0.0,0.6000000000000001,0.1,False,False,0.06640756515258475,-0.03207209928658862,0.3502058976175248,0.2279373009010882,0.10098870056497172,-0.14265536723163846
466,0.1666918527179542,0.39879625867860097,-0.006606032595601212,0.46153846153846156,0.5531914893617021,0.3829787234042553,0.3637787697540062,-0.02705460809714773,0.5862068965517241,0.3389830508474576,0.026945233844462995,0.1599495297494748,-0.09215551555865767,0.07855973813420625,0.0,0.2,0.1,0.5,0.2,False,False,0.08358373465505547,-0.029218525483570602,0.20922603597281003,0.1419845187774445,0.11652542372881358,0.02401129943502822
466,0.15802785367699487,0.3952785587410606,0.048460942007661184,0.46153846153846156,0.5319148936170213,0.44680851063829785,0.29355795541015706,0.04185919504857014,0.5185185185185185,0.4126984126984127,0.061070480434409984,0.1711299254479533,-0.03371411970751297,0.014729950900163713,0.0,0.0,0.4,0.30000000000000004,0.30000000000000004,False,False,0.11091215317945928,0.007336481514491037,0.18141794956515808,0.16702567067717694,-0.10098870056497172,0.09957627118644069
466,0.0769399417593863,0.3882592524199936,0.15680024522891747,0.41025641025641024,0.48936170212765956,0.5106382978723404,0.33270048640567496,-0.19228168418407557,0.55,0.2631578947368421,-0.010870482813049817,0.10779306829768294,-0.12158952143927335,-0.10038188761593014,0.0,0.2,0.1,0.7000000000000001,0.0,False,False,0.02295101441360044,-0.04355407605380726,0.06702635891018656,0.13575374287210654,-0.08403954802259883,-0.051553672316384136
466,0.16097273604549464,0.38769621907365803,0.06182160777357808,0.4700854700854701,0.6170212765957447,0.425531914893617,0.1675894164820161,0.1544682027350159,0.5,0.4406779661016949,0.03875626232022696,0.07926861680289572,0.00952983418160398,0.044553555191853056,0.6000000000000001,0.0,0.0,0.1,0.30000000000000004,False,False,0.049240368716668925,0.02686460717975742,0.1640074526320729,0.2394239089639574,0.0748587570621469,0.016242937853107375
466,0.25816790624977676,0.3838487380175638,0.08467057201532631,0.5254237288135594,0.5319148936170213,0.48936170212765956,0.3224857507455727,0.17928753092474384,0.6,0.4339622641509434,0.03725853297712449,0.12969782445317568,-0.0483338667187539,0.036062026685899806,0.0,0.5,0.0,0.5,0.0,False,False,0.10358547677719313,-0.022150607615391064,0.28383069245285114,0.21629938252713943,0.11793785310734467,-0.06709039548022594
466,0.2419977410587856,0.3826808597095733,0.1999804630205883,0.5213675213675214,0.574468085106383,0.5106382978723404,0.2855041249058661,0.1929541810857132,0.5806451612903226,0.45454545454545453,0.020854247939825193,0.12126458941950265,-0.07641364219899706,0.010729223495181017,0.0,0.0,0.0,0.4,0.6000000000000001,False,False,0.06515806800745053,-0.028949837959422905,0.19663738476968337,0.15388346996401855,0.13347457627118642,-0.10875706214689268
466,0.23996689440558075,0.3803050070127091,0.09922423685859678,0.49572649572649574,0.574468085106383,0.48936170212765956,0.2521059296650774,0.22580468660283465,0.5555555555555556,0.42592592592592593,0.035787039599621304,0.14461728287480552,-0.06560166545419936,0.0063647935988361826,0.0,0.4,0.0,0.5,0.1,False,False,0.10501990152143027,-0.02400505510330957,0.31850853636828863,0.2595561298479099,0.10098870056497172,-0.06709039548022594
466,0.15127948302079122,0.38015976131190815,0.10143269349061472,0.452991452991453,0.5319148936170213,0.5319148936170213,0.24468890888285869,0.045981584776278825,0.5161290322580645,0.38181818181818183,0.002273435732934582,0.11154498240815362,-0.10509383916352491,-0.07892344062556828,0.30000000000000004,0.2,0.0,0.5,0.0,False,False,0.03378115469707863,-0.025707575295810345,0.170341710278229,0.15215518759041102,-0.008474576271186418,-0.0346045197740113
466,0.4189775511380549,0.3747942647551372,0.2057117405345486,0.5982905982905983,0.574468085106383,0.425531914893617,0.40008616353933835,0.4369243693568354,0.6666666666666666,0.5333333333333333,0.1310938310746087,0.1463026762494528,0.12108254079640662,0.17275868339698125,0.0,0.7000000000000001,0.0,0.0,0.30000000000000004,False,False,0.21935221480882483,0.05102946480161637,0.48481642070310277,0.34271543239404845,0.2521186440677966,0.0007062146892655718
466,0.23982023088455834,0.3746640069764138,0.15677147294902072,0.49572649572649574,0.5531914893617021,0.46808510638297873,0.3312243731710202,0.12556505302648108,0.5846153846153846,0.38461538461538464,0.032633012708106514,0.15446621292464718,-0.08113130123625921,0.02764138934351701,0.0,0.30000000000000004,0.0,0.5,0.2,False,False,0.09691562297136871,-0.026715303260134847,0.30778197677458713,0.2281387692323066,0.12570621468926552,-0.06709039548022594
466,0.24341170133960874,0.3734410182264978,-0.013182208128460505,0.49572649572649574,0.5531914893617021,0.3829787234042553,0.4535544309263351,0.0504937856534337,0.6071428571428571,0.39344262295081966,0.04847830493923058,0.17072888627430802,-0.06345762147617048,0.11274777232224042,0.0,0.2,0.2,0.4,0.2,False,False,0.11543387825344283,-0.02100915097108626,0.30003183686625545,0.16571679121398558,0.15042372881355937,0.04096045197740111
466,0.10621473048352978,0.37030933820839274,0.055216596710239596,0.4444444444444444,0.574468085106383,0.44680851063829785,0.061340310033576984,0.15680044080893119,0.46774193548387094,0.41818181818181815,0.04610462465001208,0.08233577740756126,0.01676460979380196,-0.0023640661938534313,0.6000000000000001,0.1,0.0,0.1,0.2,False,False,0.057217787657515444,0.03191782515353393,0.12599250015138203,0.28216373450832316,0.016242937853107375,0.016242937853107375
466,0.2593411091960894,0.3658742649566706,0.12591688669398346,0.5128205128205128,0.6170212765957447,0.5106382978723404,0.33312527706604494,0.16385571548202915,0.5757575757575758,0.43137254901960786,0.05118920732729739,0.160757571504552,-0.04627137960300719,0.0021822149481723896,0.2,0.2,0.0,0.30000000000000004,0.30000000000000004,False,False,0.10090523618764094,0.007642043829638067,0.3870976254203078,0.1267058917436497,0.12570621468926552,-0.06709039548022594
466,0.1474524599015594,0.3646192999770145,0.09104327843143549,0.452991452991453,0.5106382978723404,0.46808510638297873,0.3223797296322009,-0.030490797238231015,0.559322033898305,0.3448275862068966,-0.002053067358492779,0.11314572373675806,-0.10839931504166461,-0.015093653391525741,0.1,0.2,0.1,0.6000000000000001,0.0,False,False,0.03447977107922921,-0.03557959635036102,0.1091865823113691,0.08403237728578074,-0.02542372881355931,-0.051553672316384136
466,0.18933780996770316,0.36426706816505955,0.12610490473286556,0.47863247863247865,0.5319148936170213,0.46808510638297873,0.36375164905966184,0.017880137640015017,0.603448275862069,0.3559322033898305,0.008668119561320381,0.14232616888828079,-0.10862508257352121,0.01054737224949992,0.0,0.0,0.1,0.5,0.4,False,False,0.052070008198426075,-0.04382281164041866,0.2542963216577187,0.042798627301231094,-0.06709039548022594,-0.11793785310734461
466,0.1170648503742411,0.35858402435812164,0.023621699057793634,0.4700854700854701,0.5531914893617021,0.40425531914893614,0.14909399666604375,0.08663716139702865,0.5263157894736842,0.4166666666666667,0.041797482863838935,0.09205913563728185,0.005385279567467082,0.06583015093653394,0.5,0.0,0.0,0.1,0.4,False,False,0.061376280257790045,0.024542532097308674,0.14144701693825992,0.14878510396194408,0.09180790960451973,0.04096045197740111
466,0.1553814354938525,0.35846074240323517,0.13928876995636713,0.47863247863247865,0.48936170212765956,0.425531914893617,0.34395977059899824,-0.006257137453415249,0.5925925925925926,0.38095238095238093,0.028410573036580792,0.13198711063835436,-0.06889248888212238,0.05310056373886163,0.0,0.30000000000000004,0.2,0.5,0.0,False,False,0.08005434061755917,-0.018695038975265928,0.18279600977090216,0.14791963989211293,0.10875706214689268,-0.0007062146892655163
466,0.1684672029950269,0.357561547734013,0.2513285760627751,0.452991452991453,0.5531914893617021,0.5106382978723404,0.3061690384106756,0.023517902557501948,0.55,0.3508771929824561,-0.011451527501947516,0.11680281126409509,-0.12685621464485838,-0.05764684488088739,0.1,0.0,0.0,0.6000000000000001,0.30000000000000004,False,False,0.02770865590037488,-0.05293096994625985,0.1298786606878747,0.11515933419605881,-0.017655367231638408,-0.14265536723163846
466,0.1936861732016404,0.35756154773401294,0.29477341568315063,0.47863247863247865,0.5531914893617021,0.5319148936170213,0.31775491044924475,0.058539870128357055,0.5737704918032787,0.375,0.008570268544628187,0.14107882275959463,-0.11309956579870566,-0.053282414984542614,0.1,0.1,0.0,0.5,0.30000000000000004,False,False,0.05822902971676424,-0.045931888336824364,0.20470878737703732,0.06523013549153532,-0.008474576271186418,-0.11793785310734461
466,0.28211005465151984,0.35743409959411143,0.024876977656685607,0.5213675213675214,0.574468085106383,0.44680851063829785,0.29172302081108026,0.27328503653782493,0.5892857142857143,0.45901639344262296,0.04501866722411046,0.092391098749465,0.010212120769717666,0.07455901072922355,0.30000000000000004,0.0,0.0,0.1,0.6000000000000001,False,False,0.06252686778682605,0.03275091323959534,0.1782398474790089,0.2320685437823943,0.09180790960451973,-0.008474576271186418
466,0.10327119306177528,0.35661375347984736,0.11496355047480468,0.452991452991453,0.5106382978723404,0.44680851063829785,0.255430953317616,-0.036416455697685125,0.5535714285714286,0.36065573770491804,0.01296473095542704,0.12491550290480698,-0.08525041808873896,0.006182942353155141,0.1,0.2,0.2,0.5,0.0,False,False,0.05192966850319569,-0.026287316955531513,0.14491573976601907,0.11663684166201302,-0.02542372881355931,-0.017655367231638408
466,0.45373334655414715,0.3565301799151698,0.32077194207828486,0.5982905982905983,0.5531914893617021,0.44680851063829785,0.38461586199756415,0.524042511878947,0.6440677966101694,0.5517241379310345,0.13418167465835645,0.1449575225740948,0.13257886818858466,0.15148208765230042,0.0,0.7000000000000001,0.1,0.0,0.2,False,False,0.22812167693851218,0.04637978098117669,0.4015984474564726,0.4044846543937633,0.2937853107344633,-0.048728813559322015
466,0.1422315923783889,0.35260719448783634,0.22833168189245287,0.452991452991453,0.5531914893617021,0.5531914893617021,0.24142931413331722,0.034176931181056344,0.5245901639344263,0.375,0.015904341176440524,0.12870080652141394,-0.09378898832290444,-0.10020003637024916,0.2,0.0,0.0,0.4,0.4,False,False,0.049502137332703935,-0.021043992056671155,0.26885561246471046,0.005925702162402222,0.03319209039548027,-0.20127118644067798
466,0.19923451207687928,0.3523606374133122,0.06162515976119973,0.46153846153846156,0.5531914893617021,0.425531914893617,0.3284845987271902,0.04315893574442819,0.546875,0.3584905660377358,-0.0069308132224937405,0.11661546082503363,-0.1230168905590025,0.03600654664484454,0.0,0.1,0.0,0.7000000000000001,0.2,False,False,0.03166700527269663,-0.04791356445883654,0.19869457401783894,0.18651434468516326,0.03319209039548027,-0.07627118644067798
466,0.15345366437972457,0.35198946831890526,0.062159668046333834,0.46153846153846156,0.5531914893617021,0.46808510638297873,0.2741951027045749,-0.008339862975574857,0.5373134328358209,0.36,0.02286255102404003,0.13981706506209102,-0.08888213553827326,-0.006546644844517169,0.1,0.30000000000000004,0.0,0.5,0.1,False,False,0.07478115121805116,-0.02550400248640868,0.14888861982711368,0.16041354900400118,0.0748587570621469,-0.10098870056497172
466,0.40886651322065654,0.35161904603542526,0.016846021526605866,0.5726495726495726,0.574468085106383,0.44680851063829785,0.4512947603008093,0.349986496864526,0.6323529411764706,0.4897959183673469,0.06848712717067407,0.17090679460660665,-0.02788353614197135,0.12584106201127476,0.1,0.4,0.0,0.30000000000000004,0.2,False,False,0.15046405962673168,-0.009337068659264744,0.5385363718139197,0.28518144520139077,0.2521186440677966,0.0501412429378531
466,0.13390274181725775,0.3511839752574102,0.12257049887482942,0.4444444444444444,0.5319148936170213,0.44680851063829785,0.2989735968299915,-0.02291457044483931,0.5614035087719298,0.3333333333333333,0.0037589595585881454,0.13610583761626308,-0.11079255055595907,-0.0023640661938534313,0.1,0.0,0.1,0.5,0.30000000000000004,False,False,0.04615284870803818,-0.043536160348033176,0.1624444170060358,0.07371901805060463,-0.0346045197740113,-0.10098870056497172
466,0.362424673421131,0.3505977288070686,0.05857876487648397,0.5470085470085471,0.5531914893617021,0.46808510638297873,0.3141393695056526,0.4067521655402587,0.5714285714285714,0.5245901639344263,0.10020615940800139,0.13705650420756849,0.0728845372930967,0.07892344062556833,0.30000000000000004,0.1,0.30000000000000004,0.0,0.30000000000000004,False,False,0.1257324231225839,0.0795795744145457,0.4232223716118162,0.2620385401927884,0.14265536723163835,-0.03319209039548021
466,0.21425596971477434,0.3505347763783154,0.09002534942134949,0.4700854700854701,0.5531914893617021,0.46808510638297873,0.3992805833414136,0.012711301300042357,0.5737704918032787,0.35714285714285715,0.0031763323352320865,0.12152878423269697,-0.11287429664992159,0.002000363702491348,0.1,0.2,0.0,0.6000000000000001,0.1,False,False,0.04612597514937704,-0.036616716651283514,0.18672463721624522,0.23042815400157104,0.0748587570621469,-0.05932203389830509
466,0.2310750804609029,0.3502445057734997,0.3145125951572622,0.5,0.5319148936170213,0.5208333333333334,0.33854917646318067,0.10824754217258546,0.578125,0.4107142857142857,0.017334467456620085,0.1223081654621585,-0.0794010523148783,-0.02083333333333337,0.0,0.4,0.0,0.6000000000000001,0.0,False,False,0.06876460634909393,-0.031161716824274866,0.2625686466310804,0.17599039920818363,0.10098870056497172,-0.1843220338983051
466,0.16603918880892923,0.3484315521810117,0.06978460311876343,0.46153846153846156,0.5957446808510638,0.44680851063829785,0.18418601280709893,0.14757948853492905,0.4915254237288136,0.43103448275862066,0.048250255462311584,0.09397237380171063,0.015551545395261206,0.014729950900163713,0.5,0.1,0.0,0.1,0.30000000000000004,False,False,0.06771539592414642,0.029075199837377858,0.25322912181521223,0.14040738407473757,0.0501412429378531,0.02401129943502822
466,0.2870649420525996,0.3481879565136786,0.22759136455784904,0.5128205128205128,0.5319148936170213,0.5106382978723404,0.22728761195276523,0.33830265356674316,0.5555555555555556,0.47619047619047616,0.06804527353331574,0.10843164988149238,0.04448417790491056,0.0021822149481723896,0.30000000000000004,0.0,0.6000000000000001,0.1,0.0,False,False,0.06771639124113386,0.06794830009920963,0.3667562730571086,0.18907266233256587,0.025423728813559365,0.03319209039548027
466,0.21374642839767974,0.34773163422218406,0.04677690555007384,0.48717948717948717,0.5319148936170213,0.5106382978723404,0.3810176827722479,0.004657360429469481,0.5846153846153846,0.36538461538461536,0.030089591975893566,0.14208912342876556,-0.08452676586742376,-0.023458810692853216,0.2,0.30000000000000004,0.0,0.4,0.1,False,False,0.08524591402409631,-0.020397031023804753,0.2038240623800344,0.2206117838958921,0.10875706214689268,-0.0423728813559322
466,0.22083664795449923,0.3462221837916323,0.06985128584797189,0.47863247863247865,0.574468085106383,0.46808510638297873,0.3845763539322748,0.042477325371565115,0.5901639344262295,0.35714285714285715,0.0186471192718808,0.14898282283001427,-0.10248599988608283,0.01054737224949992,0.1,0.2,0.0,0.5,0.2,False,False,0.07253571609436486,-0.0335143136014031,0.22935535417197458,0.19162579516152387,0.09180790960451973,-0.05932203389830509
466,0.22305183294860134,0.3443058350623844,0.1936417588904597,0.49572649572649574,0.5531914893617021,0.48936170212765956,0.2634494964899283,0.1884252641988925,0.5555555555555556,0.4444444444444444,0.056418793640888795,0.1151012245400967,0.015907390909048427,0.0063647935988361826,0.4,0.0,0.1,0.1,0.4,False,False,0.07795521709102797,0.03857550048258433,0.22576694180597282,0.19960703200735527,0.008474576271186418,0.016242937853107375
466,0.36928347085426994,0.34266250582257285,0.16599779282663746,0.5555555555555556,0.5531914893617021,0.46808510638297873,0.4270024842362196,0.2995850396005947,0.625,0.4716981132075472,0.05484139409638762,0.1615333497784744,-0.04678022872006146,0.08747044917257685,0.0,0.4,0.0,0.4,0.2,False,False,0.13870339410302715,-0.02047218231176468,0.47069858556445,0.2823648788396631,0.23516949152542377,0.008474576271186418
466,0.24038006843652285,0.3392714985408738,0.2554136266759666,0.5042735042735043,0.5531914893617021,0.5106382978723404,0.4458455456902701,0.008764439532298676,0.6290322580645161,0.36363636363636365,0.030069810270039705,0.1581888336004967,-0.08747071467686511,-0.006364793598836127,0.1,0.1,0.1,0.4,0.30000000000000004,False,False,0.08478906352685694,-0.027627013620638685,0.345938849458319,0.13848985193340985,0.12570621468926552,-0.08403954802259883
466,0.201913571993929,0.33822283317181706,0.09961805215039292,0.46153846153846156,0.5319148936170213,0.48936170212765956,0.3883581031132015,-0.023226993885947275,0.5625,0.33962264150943394,-0.0015791773575269809,0.11881248016479667,-0.11700190525662436,-0.027823240589197995,0.0,0.2,0.0,0.7000000000000001,0.1,False,False,0.0372905462517869,-0.03825998499756281,0.10280635176781144,0.1889468396272608,-0.02542372881355931,-0.11793785310734461
466,0.27631209867024337,0.33562328844896683,0.1575657894896082,0.5299145299145299,0.48936170212765956,0.5106382978723404,0.32790204814647417,0.23209214197633116,0.5925925925925926,0.47619047619047616,0.08694681788992067,0.14882777422756402,0.03804257669244579,0.019276232042189534,0.30000000000000004,0.1,0.30000000000000004,0.1,0.2,False,False,0.11820085947855273,0.062036117193758976,0.3422145279625191,0.18877726092592945,0.10098870056497172,-0.05014124293785305
466,0.23181080529465842,0.33503657684725974,0.21269388348611912,0.5042735042735043,0.5531914893617021,0.5106382978723404,0.2082086725575949,0.2527481811097955,0.5636363636363636,0.45161290322580644,0.05659060833135532,0.11467136222881642,0.011437393131516774,-0.006364793598836127,0.30000000000000004,0.0,0.1,0.1,0.5,False,False,0.0769549235186411,0.04089359374635446,0.24345340549897546,0.3073657520470294,0.06709039548022605,-0.057909604519774005
466,0.3353187269075844,0.33475517521094406,0.3882151610619408,0.5299145299145299,0.5531914893617021,0.574468085106383,0.33667286123375856,0.33411747871501046,0.5818181818181818,0.4838709677419355,0.06885427065479188,0.13097879777177898,0.019608383605664557,-0.04455355519185311,0.30000000000000004,0.0,0.2,0.1,0.4,False,False,0.09111828425004899,0.0487556026302189,0.42028463641663744,0.28633249679421435,0.07627118644067798,-0.09957627118644063
466,0.3087895814645009,0.3340638335875745,0.05600112594304104,0.5384615384615384,0.574468085106383,0.46808510638297873,0.37777930658592374,0.20961685160245547,0.6086956521739131,0.4375,0.04253769693409959,0.16278363930003142,-0.07169539528203743,0.0703764320785597,0.1,0.30000000000000004,0.0,0.4,0.2,False,False,0.10993375658079631,-0.020577183398533132,0.30638416516560124,0.2890121235012903,0.12570621468926552,0.06709039548022605
466,0.12939811894422631,0.3337707603547171,0.05105992315048467,0.4358974358974359,0.48936170212765956,0.44680851063829785,0.3861852823844452,-0.08325375077970502,0.5660377358490566,0.328125,0.016611158734488055,0.14791537283622228,-0.09651487229408742,-0.010911074740861948,0.0,0.1,0.2,0.5,0.2,False,False,0.0646169741422158,-0.03335008629847391,0.1258210915259666,0.1380136082573841,-0.05932203389830509,0.02401129943502822
466,0.10773088887608392,0.3315483934601599,0.062181286160981314,0.452991452991453,0.48936170212765956,0.44680851063829785,0.2595591786936034,-0.03165245915311429,0.5535714285714286,0.36065573770491804,0.022838477061255615,0.14294387854483734,-0.0856306843730802,0.006182942353155141,0.0,0.2,0.2,0.5,0.1,False,False,0.06958559654356422,-0.02612707092055213,0.12400800409339875,0.121384241275284,-0.0423728813559322,0.04096045197740111
466,0.22375965157405947,0.3310304657934399,0.1762979248626165,0.49572649572649574,0.5531914893617021,0.46808510638297873,0.21274651519899357,0.23352936932613397,0.5272727272727272,0.46774193548387094,0.04853746343692561,0.09678909007955648,0.011903879687405907,0.02764138934351701,0.5,0.0,0.1,0.1,0.30000000000000004,False,False,0.062419314233927076,0.03711039387705852,0.18135135705323882,0.2454262570851503,0.0501412429378531,0.016242937853107375
466,0.18895327016677058,0.3297936251418261,0.0705079654929526,0.452991452991453,0.5106382978723404,0.46808510638297873,0.3882118832643817,-0.013740836260109636,0.559322033898305,0.3448275862068966,-0.01362067029821595,0.10230181215361787,-0.12175548300242622,-0.015093653391525741,0.1,0.2,0.0,0.7000000000000001,0.0,False,False,0.01944999152321995,-0.04278869758693535,0.11310425762418651,0.16939838313706135,0.04096045197740111,-0.07627118644067798
466,0.1791513755866684,0.3292466742403271,-0.002261466458272372,0.47863247863247865,0.5106382978723404,0.40425531914893614,0.36464941978835774,-0.009544910756429381,0.5932203389830508,0.3620689655172414,0.04130911614600625,0.15998580714684296,-0.06809358081685499,0.07437715948354251,0.1,0.2,0.2,0.4,0.1,False,False,0.09630985765658612,-0.013718454038017905,0.27579697215594745,0.07776905306870714,0.10875706214689268,0.0656779661016949
466,0.1602316043066774,0.3270316866354711,0.1508960041521253,0.4444444444444444,0.5106382978723404,0.48936170212765956,0.3787849356694046,-0.020757873228081092,0.5660377358490566,0.34375,0.03493299957897949,0.15713430432357556,-0.07562614257509043,-0.04491725768321514,0.0,0.0,0.30000000000000004,0.4,0.30000000000000004,False,False,0.08635071588016537,-0.020662780659453796,0.1821618142708071,0.09414972269391589,-0.08403954802259883,0.02401129943502822
466,0.15474334135234985,0.3230706437147927,0.2925384941754092,0.46153846153846156,0.5106382978723404,0.5106382978723404,0.3055007056853515,0.006541186584314483,0.5689655172413793,0.3559322033898305,-0.008084947099224558,0.12258499199099934,-0.12179045647300865,-0.04909983633387882,0.0,0.0,0.0,0.6000000000000001,0.4,False,False,0.03151528670277647,-0.05285042445875668,0.20557309759071254,0.05072171671277265,-0.008474576271186418,-0.1765536723163842
466,0.3392987857574539,0.3226308301179482,0.2501892551518783,0.5299145299145299,0.5531914893617021,0.5106382978723404,0.31168364580188074,0.36465038965109503,0.5714285714285714,0.4918032786885246,0.07850108700290075,0.1414073071385036,0.027942345344530023,0.019276232042189534,0.30000000000000004,0.1,0.2,0.1,0.30000000000000004,False,False,0.1069278992786985,0.05254079313348974,0.37938430189997785,0.2765132901953122,0.0007062146892655718,-0.03319209039548021
466,0.38236456412113995,0.32217391419106883,0.266809424066685,0.5811965811965812,0.5319148936170213,0.44680851063829785,0.3374822310879214,0.4296091252087383,0.6333333333333333,0.5263157894736842,0.12599808780105695,0.14104291814761072,0.119571359623404,0.1343880705582834,0.0,0.8,0.0,0.0,0.2,False,False,0.2127780930940231,0.04040994636304932,0.4293461237646335,0.3673047451743363,0.2937853107344633,0.017655367231638408
466,0.3709430029768065,0.32108813886400206,0.294713773024296,0.5555555555555556,0.5531914893617021,0.5106382978723404,0.43620612747074905,0.29480269106720686,0.6190476190476191,0.48148148148148145,0.07430985803274444,0.16576293706838555,-0.010902628094690878,0.044917257683215195,0.0,0.4,0.0,0.30000000000000004,0.30000000000000004,False,False,0.16272935086307314,-0.01652624325961324,0.4480020207998032,0.29259548953743947,0.11016949152542377,0.008474576271186418
466,0.41735044394875415,0.32014580481194405,0.31702080197248245,0.5897435897435898,0.5531914893617021,0.46808510638297873,0.44297901301959824,0.39215625740453447,0.6724137931034483,0.5084745762711864,0.14052575481495952,0.15030023900019232,0.13590308328236725,0.12165848336061102,0.0,0.6000000000000001,0.1,0.0,0.30000000000000004,False,False,0.22771658292462021,0.05872569289350158,0.4775438351393124,0.4048103962056101,0.23516949152542377,-0.024011299435028333
466,0.41529020077481044,0.31973887329253464,-0.0897506724159296,0.5726495726495726,0.574468085106383,0.44680851063829785,0.43579098656987714,0.39053453490906936,0.640625,0.49056603773584906,0.0845937279926444,0.1701240973346223,0.0043623470338649325,0.12584106201127476,0.2,0.30000000000000004,0.1,0.2,0.2,False,False,0.14299818690387217,0.03172672429194361,0.6234467113132848,0.18314572073167826,0.2521186440677966,0.0501412429378531
466,0.12694827367230116,0.31926239022300634,0.1493496656454512,0.4358974358974359,0.5531914893617021,0.44680851063829785,0.23996238089284597,0.011985647361747025,0.5254237288135594,0.3448275862068966,0.01307209958531307,0.14707204758507472,-0.1066295567511066,-0.010911074740861948,0.1,0.1,0.1,0.5,0.2,False,False,0.061205027509238556,-0.03482813202483657,0.13584372244422588,0.10110727946779131,0.02401129943502822,-0.11793785310734461
466,0.19762502230713502,0.3187936002868408,0.05047503086909923,0.4700854700854701,0.5319148936170213,0.44680851063829785,0.43586964624116953,-0.06189144304958109,0.5737704918032787,0.35714285714285715,-0.012937671074777897,0.10598764659030574,-0.12984025320502612,0.02327695944717223,0.1,0.1,0.0,0.7000000000000001,0.1,False,False,0.022147793604728606,-0.04942644627975993,0.23009360083532135,0.21677766962494166,0.10875706214689268,-0.05932203389830509
466,0.3425471602285657,0.31613900684853175,0.16817561518161014,0.5384615384615384,0.5531914893617021,0.5319148936170213,0.424838058136752,0.2431770193583027,0.609375,0.4528301886792453,0.04672084621951506,0.16219976075667442,-0.06326575899804789,0.006546644844517169,0.0,0.30000000000000004,0.0,0.4,0.30000000000000004,False,False,0.12617135791404915,-0.03029446314700362,0.38370678070245273,0.30057740532043153,0.07627118644067798,-0.07485875706214695
466,0.30132327457433483,0.312682793583819,0.26032117507500196,0.5213675213675214,0.46808510638297873,0.5319148936170213,0.24503967548302044,0.35125227376824275,0.5454545454545454,0.5,0.08000213279615097,0.13054197815141438,0.04565737165764884,-0.010547372249499865,0.30000000000000004,0.0,0.5,0.1,0.1,False,False,0.08912565964117487,0.06825983431628135,0.3330885426973921,0.2744589446009584,-0.03319209039548021,0.0423728813559322
466,0.2194675251408381,0.31246216454335535,0.1374486841569795,0.4700854700854701,0.5319148936170213,0.44680851063829785,0.3996181818840018,0.02323198833132036,0.5737704918032787,0.35714285714285715,-0.00029977372118185304,0.13238072694913283,-0.12024787420801956,0.02327695944717223,0.0,0.1,0.0,0.6000000000000001,0.30000000000000004,False,False,0.04696701800377196,-0.044677788932637866,0.30882746065322153,0.10943864852437252,0.06709039548022605,-0.051553672316384136
466,0.3730614006668075,0.3097939403665315,0.30593357608251937,0.5641025641025641,0.5531914893617021,0.5319148936170213,0.43839465013742646,0.30428955911878736,0.6333333333333333,0.49122807017543857,0.09590215679830143,0.16105428923933585,0.04125268163049871,0.03218767048554283,0.0,0.4,0.0,0.2,0.4,False,False,0.18015046954733951,0.008639351451062571,0.4861188304804193,0.22761702373937165,0.15183615819209045,-0.09180790960451979
466,0.0009372466979892218,0.3082884392805819,0.06060295165511139,0.4017094017094017,0.44680851063829785,0.46808510638297873,0.22778645966137645,-0.21456950561722865,0.5263157894736842,0.2833333333333333,0.00027538871639945256,0.11474143227030835,-0.1053915731989393,-0.06637570467357701,0.0,0.2,0.2,0.6000000000000001,0.0,False,False,0.03751349725697561,-0.03671425771605358,-0.006312465390732025,0.08093065253607887,-0.10098870056497172,-0.009887005649717506
466,0.2475077913049613,0.3067501398829442,0.2878821095277056,0.5213675213675214,0.5106382978723404,0.5531914893617021,0.34835266050265074,0.14492421746593231,0.5932203389830508,0.4482758620689655,0.06616937063479714,0.1488665363781766,-0.0041879129584790386,-0.031823967994180746,0.30000000000000004,0.1,0.2,0.2,0.2,False,False,0.10012192171851811,0.03805694033212308,0.2431284280971325,0.15067139393092185,-0.057909604519774005,0.03319209039548027
466,0.2085853816039224,0.3061794360573397,0.07836025861588983,0.4700854700854701,0.5106382978723404,0.44680851063829785,0.4465744181469636,-0.03350691418986089,0.5932203389830508,0.3448275862068966,0.03599125863553867,0.16297943785568975,-0.08245349228569428,0.02327695944717223,0.1,0.1,0.2,0.4,0.2,False,False,0.08640446299748766,-0.016867636986308453,0.20228391742010926,0.16981098524876542,0.016242937853107375,0.04096045197740111
466,0.30457036474906435,0.30454402287523363,0.2252528474921515,0.49572649572649574,0.48936170212765956,0.48936170212765956,0.1801092577838137,0.41882974163519604,0.5178571428571429,0.47540983606557374,0.053447743158857114,0.09402355971854516,0.020069886330828377,0.0063647935988361826,0.5,0.0,0.2,0.1,0.2,False,False,0.06100496879476118,0.04297878283506139,0.2469366797067122,0.34009268767702544,-0.008474576271186418,0.03319209039548027
466,0.3763528080769472,0.30275623802516155,0.16531826575753364,0.5384615384615384,0.574468085106383,0.5319148936170213,0.4756526359563554,0.23854896530552366,0.6029411764705882,0.4489795918367347,0.060827314748300776,0.1671483568491352,-0.035674758714850416,0.006546644844517169,0.1,0.30000000000000004,0.0,0.30000000000000004,0.30000000000000004,False,False,0.13160081208058674,-0.0065491857774184,0.49157109654267483,0.23780650591500005,0.11793785310734467,0.03319209039548027
466,0.32539282707179373,0.3012985340929259,0.3559358899632351,0.5470085470085471,0.574468085106383,0.5531914893617021,0.3588635600111167,0.280542044933101,0.5970149253731343,0.48,0.06618019851100782,0.16047931720221623,-0.020099789315180246,-0.006182942353155085,0.0,0.30000000000000004,0.0,0.30000000000000004,0.4,False,False,0.14368794157617473,-0.007806271132567251,0.3788665443900283,0.31194766542525487,0.05932203389830504,-0.057909604519774005
466,0.27491367853263404,0.29633193610424163,0.23994748905524768,0.5213675213675214,0.5319148936170213,0.5106382978723404,0.2866809616046324,0.2644749596784418,0.5636363636363636,0.4838709677419355,0.06168433538210137,0.1178458829738551,0.020319077867093943,0.010729223495181017,0.4,0.0,0.2,0.1,0.30000000000000004,False,False,0.08073513743697469,0.04373721437949799,0.24458089900811733,0.3379624231966701,0.025423728813559365,-0.016242937853107264
466,0.21333750391238887,0.2953571043663926,0.11036478630789429,0.452991452991453,0.5319148936170213,0.46808510638297873,0.3827762432967655,0.04097740695241957,0.5423728813559322,0.3620689655172414,-0.025284798203719434,0.09716786368020935,-0.13616184097794454,-0.015093653391525741,0.0,0.0,0.0,0.8,0.2,False,False,0.004584937489422831,-0.06027251555630934,0.2051825605668814,0.17579610939820256,-0.02542372881355931,-0.0346045197740113
466,0.44773641007120735,0.2936515276318492,0.08680440348149253,0.5897435897435898,0.574468085106383,0.44680851063829785,0.5407383525509816,0.33148398197148954,0.6615384615384615,0.5,0.0676110713104858,0.17911095286894915,-0.03448860700222634,0.1429350791052919,0.1,0.30000000000000004,0.1,0.30000000000000004,0.2,False,False,0.1432131753731613,-0.00453366887783295,0.5375447888453199,0.35090508888488997,0.21045197740112992,0.05932203389830504
466,0.31821971701619095,0.29324505843396786,0.21824890671442115,0.5042735042735043,0.5106382978723404,0.48936170212765956,0.15770498979928704,0.4815019395299381,0.5084745762711864,0.5,0.04407917703176808,0.07933817109352347,0.01902926247538339,0.0149118021458447,0.6000000000000001,0.0,0.1,0.1,0.2,False,False,0.050006716083443044,0.03635892955153406,0.33322920644271653,0.27799772386546373,0.025423728813559365,0.016242937853107375
466,0.2118395644482175,0.2919630544429103,0.14915928692627164,0.4700854700854701,0.5106382978723404,0.46808510638297873,0.4304867157732856,0.01787838182114093,0.6,0.3548387096774194,0.03966916296542374,0.17127255028418156,-0.07650479193196277,0.002000363702491348,0.0,0.1,0.2,0.4,0.30000000000000004,False,False,0.09834528089592055,-0.026517235179632375,0.2445721443143851,0.10842182961253662,0.016242937853107375,-0.0007062146892655163
466,0.08941569002636875,0.29081458344196903,0.12196683529901828,0.41025641025641024,0.48936170212765956,0.46808510638297873,0.3163484511176192,-0.09851300275232308,0.5471698113207547,0.296875,-0.009652228324238685,0.11649467415955328,-0.11899194886524113,-0.05782869612656849,0.0,0.0,0.2,0.6000000000000001,0.2,False,False,0.025662257887413165,-0.046344944886615946,0.13399279501030542,0.10134228477628134,-0.10098870056497172,-0.026836158192090398
466,0.2926431346681235,0.290395768739643,0.16205429020327247,0.5128205128205128,0.48936170212765956,0.5106382978723404,0.3018860369579591,0.28415784732007743,0.5714285714285714,0.45901639344262296,0.07002095585381418,0.1439034902478226,0.0036671026476840134,0.0021822149481723896,0.30000000000000004,0.1,0.30000000000000004,0.2,0.1,False,False,0.1055573477869804,0.042299976649620756,0.4128878575641492,0.15048920609975658,0.10098870056497172,-0.0423728813559322
466,0.06876768503819061,0.29008878019736406,0.19583002708978828,0.4188034188034188,0.5106382978723404,0.5106382978723404,0.2665363868243583,-0.10074834506423884,0.5370370370370371,0.31746031746031744,0.010993403098481331,0.14562890290073027,-0.10419944088944483,-0.09183487906892157,0.0,0.0,0.2,0.5,0.30000000000000004,False,False,0.05520028012395509,-0.03940260889915496,0.197916471217258,-0.02730058535257566,-0.12570621468926557,-0.04378531073446329
466,0.10620077552637623,0.28970225601200245,0.13802744950880758,0.42735042735042733,0.5106382978723404,0.46808510638297873,0.29144288955375347,-0.06385755866269144,0.5535714285714286,0.3114754098360656,-0.011261513640085496,0.11731166102631026,-0.12520778254584936,-0.0407346790325514,0.1,0.0,0.1,0.6000000000000001,0.2,False,False,0.02395429393694964,-0.05008236017448922,0.14630583622348642,0.11957246258605456,-0.05932203389830509,-0.11793785310734461
466,0.13678182056941443,0.28908178894491565,0.04090395219100315,0.47863247863247865,0.46808510638297873,0.44680851063829785,0.35112179125455045,-0.07392526925665155,0.603448275862069,0.3559322033898305,0.03810622158310247,0.13990005582045378,-0.05608553906729009,0.0318239679941808,0.1,0.2,0.30000000000000004,0.4,0.0,False,False,0.08157817092534451,-0.008248191874994877,0.1759020570775135,0.1650073490426846,0.0501412429378531,0.11652542372881358
466,0.31157624022667957,0.2869201267872687,0.10115098158321216,0.5128205128205128,0.48936170212765956,0.5106382978723404,0.28906531395801716,0.33154561030371876,0.5818181818181818,0.45161290322580644,0.07222953976776182,0.11587597060169898,0.037089169874693746,0.0021822149481723896,0.4,0.1,0.30000000000000004,0.1,0.1,False,False,0.09704838286127372,0.0531539083977587,0.3656254035980425,0.2907771692723211,0.025423728813559365,0.008474576271186418
466,0.22891963339653587,0.2868245776576578,0.10553666893246587,0.49572649572649574,0.5531914893617021,0.48936170212765956,0.3564263010944618,0.06953629877412856,0.5846153846153846,0.38461538461538464,0.03436250264694891,0.15804620876426845,-0.08496285105588851,0.0063647935988361826,0.1,0.2,0.0,0.4,0.30000000000000004,False,False,0.09514832273223243,-0.025178533831512653,0.32916789274995245,0.173512502139186,0.10875706214689268,-0.0423728813559322
466,0.2018617716658658,0.2838772328003089,0.13206248791939348,0.49572649572649574,0.5531914893617021,0.5319148936170213,0.2526036611885687,0.15024502197897838,0.5423728813559322,0.4482758620689655,0.04013932061587486,0.14541272936846794,-0.05040696233887045,-0.036188397890525525,0.30000000000000004,0.1,0.0,0.30000000000000004,0.30000000000000004,False,False,0.07628806113704988,0.009050417366879258,0.3640939337443244,0.05346083957725899,-0.024011299435028333,-0.05932203389830509
466,0.3049992264787112,0.283248135464689,0.11281862850820493,0.5128205128205128,0.44680851063829785,0.5106382978723404,0.33755850575457225,0.27406791116664303,0.5789473684210527,0.45,0.06257326801308129,0.12669806488233573,0.006962411523259808,0.0021822149481723896,0.30000000000000004,0.1,0.4,0.2,0.0,False,False,0.0870335033335558,0.04157538588275745,0.4419206561346061,0.13825571870138204,0.05932203389830504,-0.0423728813559322
466,0.09834439164662617,0.28233484329066505,0.24177509220505192,0.4700854700854701,0.5319148936170213,0.5531914893617021,0.18391421320760842,0.008270895266644903,0.5166666666666667,0.42105263157894735,0.029114170531063775,0.1225743974690279,-0.04889811918399718,-0.08310601927623207,0.4,0.0,0.0,0.30000000000000004,0.30000000000000004,False,False,0.055494946599421745,0.007196143525977035,0.2134116716937014,0.024503765213177806,-0.057909604519774005,-0.05932203389830509
466,0.175482439884355,0.28192197619923026,0.22137107336502124,0.47863247863247865,0.5531914893617021,0.5319148936170213,0.2488342310548592,0.10337389941165585,0.5344827586206896,0.423728813559322,0.03875764933059176,0.14172485860313727,-0.04916200142368771,-0.053282414984542614,0.30000000000000004,0.0,0.1,0.30000000000000004,0.30000000000000004,False,False,0.0694163926556978,0.01435943817793545,0.22420606028109824,0.0819062670719886,-0.09180790960451979,-0.0423728813559322
466,0.3041888094689579,0.2816018161262518,0.16039907000926806,0.5128205128205128,0.5106382978723404,0.46808510638297873,0.4171004630644304,0.18119575823103232,0.5901639344262295,0.42857142857142855,0.051816872145113164,0.15945854250838243,-0.051070808591481914,0.04473540643753404,0.2,0.1,0.2,0.30000000000000004,0.2,False,False,0.09779586591884838,0.00828899987148031,0.410537407385909,0.20847868998114255,0.05932203389830504,0.03319209039548027
466,0.2531214165255912,0.2797495448012831,0.24519962980433158,0.5128205128205128,0.5319148936170213,0.5106382978723404,0.36122786651370964,0.160458745107204,0.5925925925925926,0.4444444444444444,0.0577067195465437,0.1428529365760925,-0.00983210125489402,0.0021822149481723896,0.30000000000000004,0.0,0.2,0.2,0.30000000000000004,False,False,0.08292782076032618,0.032185565423157876,0.34090798384409116,0.08780303886996672,-0.016242937853107264,-0.02542372881355931
466,0.23606029451117144,0.27893942629618473,0.07328112616137832,0.49572649572649574,0.5319148936170213,0.48936170212765956,0.40043024069460614,0.04429535729716449,0.5873015873015873,0.3888888888888889,0.05174023358658502,0.16496724045120548,-0.05562154442676361,0.0063647935988361826,0.2,0.2,0.1,0.30000000000000004,0.2,False,False,0.10477303800087011,0.00027868875648588936,0.4260700639457334,0.2034124578150744,0.14265536723163835,-0.05014124293785305
466,0.29311046071909486,0.2781143505974001,0.09491805819631015,0.49572649572649574,0.46808510638297873,0.48936170212765956,0.23787771846350247,0.35125018940919195,0.5333333333333333,0.45614035087719296,0.05247308980251047,0.10704217586722688,0.0024101805387605176,0.0063647935988361826,0.4,0.1,0.30000000000000004,0.2,0.0,False,False,0.0736743587280072,0.03761402427270802,0.40896287143694193,0.13488554342941148,0.08403954802259889,-0.017655367231638408
466,0.19354562111594348,0.2713544098329058,0.2411530180774313,0.46153846153846156,0.5531914893617021,0.5106382978723404,0.3872026950988947,-0.0034503679356792717,0.576271186440678,0.3448275862068966,-0.0023115980802809253,0.12626571781781107,-0.11933433803607003,-0.04909983633387882,0.1,0.1,0.0,0.6000000000000001,0.2,False,False,0.04271601915037469,-0.04656889120879212,0.25033195738883485,0.20114934054260944,0.0748587570621469,-0.05932203389830509
466,0.13343161815618806,0.2711080023416723,0.1574036483704856,0.4444444444444444,0.5319148936170213,0.46808510638297873,0.3339492205727583,-0.06368738082959276,0.5689655172413793,0.3220338983050847,-0.020884480559133705,0.10660339372749782,-0.135593868744792,-0.023640661938534313,0.1,0.0,0.0,0.7000000000000001,0.2,False,False,0.012672387906303137,-0.05578852569495695,0.22491236545210005,0.07417762427437652,0.0748587570621469,-0.11793785310734461
466,0.10652480590982202,0.2660249075993409,0.013477803114178632,0.4188034188034188,0.44680851063829785,0.46808510638297873,0.3893309419397758,-0.21227483834212593,0.5483870967741935,0.2727272727272727,-0.03373540609253119,0.08608884041464314,-0.14406268339317202,-0.04928168757955992,0.0,0.1,0.0,0.9,0.0,False,False,-0.005605693078611171,-0.06209816558916466,0.05332470533213895,0.13236300275756133,-0.14265536723163846,-0.11016949152542371
466,0.14034066649077875,0.26572535384095125,0.08741990124549684,0.452991452991453,0.5106382978723404,0.44680851063829785,0.33164021169463087,-0.03527858812259364,0.5714285714285714,0.3442622950819672,0.017113166175496318,0.15065506176349194,-0.10048848053137809,0.006182942353155141,0.0,0.1,0.1,0.5,0.30000000000000004,False,False,0.06831358143360364,-0.04024464707053733,0.2127365927310064,0.09981456558637583,0.016242937853107375,-0.07627118644067798
466,0.18149925567471634,0.2648605937731109,-0.01179331823795881,0.48717948717948717,0.44680851063829785,0.40425531914893614,0.3659947781133754,0.017833872866228444,0.5818181818181818,0.4032258064516129,0.04746906470095077,0.1576173403542859,-0.049567685244728044,0.08292416803055103,0.0,0.2,0.30000000000000004,0.4,0.1,False,False,0.10239821166881535,-0.007898835612400065,0.2248804690221965,0.20317768657685467,0.0501412429378531,0.11652542372881358
466,0.23863933850534616,0.2588748817241546,0.1503829570462701,0.5042735042735043,0.5319148936170213,0.46808510638297873,0.3283158081354438,0.13035077140485102,0.578125,0.41509433962264153,0.03982959384403097,0.16574546516734992,-0.08038370738547253,0.036188397890525525,0.1,0.2,0.1,0.4,0.2,False,False,0.10030506004420883,-0.021342582161881878,0.3291497850045398,0.1359564776530285,0.12570621468926552,-0.0423728813559322
466,0.27954518607110773,0.2558653012177425,-0.031758818559820975,0.5042735042735043,0.5106382978723404,0.40425531914893614,0.5127779066199831,0.042291211719665434,0.6271186440677966,0.3793103448275862,0.04600745790616388,0.17316792005900583,-0.06958474296986812,0.10001818512456812,0.0,0.2,0.1,0.4,0.30000000000000004,False,False,0.11524476802582741,-0.02869200279720976,0.40807699733412384,0.12932616826451349,0.22598870056497172,-0.05932203389830509
466,0.1934160946596252,0.25396738965595705,0.2208031950579996,0.46153846153846156,0.48936170212765956,0.46808510638297873,0.3587344277488629,0.019396796670953995,0.55,0.3684210526315789,-0.01659476619629248,0.11291578881688913,-0.13158967141738542,-0.006546644844517169,0.0,0.0,0.0,0.7000000000000001,0.30000000000000004,False,False,0.01728719999675251,-0.05473555796268114,0.3013752785857716,0.11043448892868273,0.008474576271186418,-0.051553672316384136
466,0.16796697729387466,0.25364461337492056,0.25318957839711903,0.47863247863247865,0.48936170212765956,0.5319148936170213,0.23950586205264088,0.09519466348754359,0.5254237288135594,0.43103448275862066,0.035197813169608,0.12340725768545938,-0.04131346479746755,-0.053282414984542614,0.4,0.0,0.1,0.30000000000000004,0.2,False,False,0.056776862232075266,0.014620211228647246,0.22837328276612792,0.12494872069015824,-0.07485875706214695,-0.0423728813559322
466,0.09913557879584835,0.2515135811826067,0.1431019279901631,0.4188034188034188,0.48936170212765956,0.48936170212765956,0.341822086669899,-0.1477351792139619,0.5423728813559322,0.29310344827586204,-0.015597999479010784,0.10577992121907434,-0.12536527159676916,-0.07055828332424074,0.0,0.1,0.1,0.7000000000000001,0.1,False,False,0.015283092342288683,-0.04644547190234836,0.1545269626907171,0.20722845715549737,-0.0423728813559322,-0.009887005649717506
466,0.30681529443033406,0.2503995013833224,0.2167823691042114,0.5213675213675214,0.46808510638297873,0.5106382978723404,0.3823887716247909,0.24203802826365678,0.5925925925925926,0.4603174603174603,0.06011809704880447,0.12922605283318295,0.0032250368623489064,0.010729223495181017,0.30000000000000004,0.0,0.4,0.2,0.1,False,False,0.07550872793587683,0.043904427633389524,0.3388864329343994,0.19576216738095653,-0.03319209039548021,-0.05014124293785305
466,0.33465248133605424,0.2488447076696121,0.11844450112318049,0.5384615384615384,0.48936170212765956,0.44680851063829785,0.4507186993974169,0.21658512158397833,0.6101694915254238,0.46551724137931033,0.07979921479459348,0.16671253113006834,0.0013027733515963591,0.09165302782324058,0.2,0.1,0.30000000000000004,0.2,0.2,False,False,0.11612761419369519,0.04593387897079927,0.42950964057371865,0.24139557647011148,0.18432203389830504,0.025423728813559365
466,0.2219112973455211,0.24851033090540817,0.36921091196581063,0.5042735042735043,0.5319148936170213,0.574468085106383,0.2552168994431469,0.19133566263294652,0.5535714285714286,0.45901639344262296,0.04807570368046906,0.12410100079129441,-0.011358150222984325,-0.07019458083287877,0.4,0.0,0.1,0.2,0.30000000000000004,False,False,0.07156528203160148,0.02516559471067581,0.18158107132227283,0.21794756530701329,-0.03319209039548021,-0.008474576271186418
466,0.18915861756133528,0.24846694429160932,-0.17377595390342293,0.4444444444444444,0.48936170212765956,0.425531914893617,0.09265018129911708,0.29428387848982307,0.47540983606557374,0.4107142857142857,0.02905177210105971,0.048745415319885084,0.016439169546333045,0.018912529550827395,0.8,0.1,0.0,0.1,0.0,False,False,0.0356686856803148,0.023191892125451984,0.19004738130547316,0.19764704559506685,-0.05932203389830509,-0.0007062146892655163
466,0.1827149845869029,0.2461069235441177,0.1480385551905177,0.46153846153846156,0.5319148936170213,0.48936170212765956,0.3022162448602904,0.04800447300599339,0.5483870967741935,0.36363636363636365,0.020245518428845772,0.13883409667860844,-0.09232845448482599,-0.027823240589197995,0.2,0.0,0.1,0.4,0.30000000000000004,False,False,0.058008069345550424,-0.019339009066145822,0.2891151971523987,0.16614671143436463,0.03319209039548027,-0.08403954802259883
466,0.4287101951758217,0.2421235479137399,0.055733198256549946,0.5726495726495726,0.5319148936170213,0.44680851063829785,0.4806303394187615,0.37405741176220064,0.65,0.49122807017543857,0.11933208305081659,0.17123776373876,0.08195510921316317,0.12584106201127476,0.1,0.4,0.1,0.1,0.30000000000000004,False,False,0.19121930431183062,0.04825097691758194,0.5968299040711443,0.26923849754889945,0.2937853107344633,0.025423728813559365
466,0.10912825602399939,0.24098221238863765,0.07902169102639044,0.42735042735042733,0.46808510638297873,0.5106382978723404,0.41686114764760346,-0.23777063998806347,0.5806451612903226,0.2545454545454545,-0.01819704539385295,0.10412298135281639,-0.13177086752697995,-0.08328787052191305,0.0,0.2,0.0,0.8,0.0,False,False,0.016901698237869345,-0.04908336458987521,0.06531203291317389,0.2030724740331323,-0.08403954802259883,-0.08333333333333331
466,0.0835913348167849,0.2393160959390484,0.09999879002525978,0.41025641025641024,0.48936170212765956,0.46808510638297873,0.24529041064180884,-0.06485371839963058,0.5178571428571429,0.3114754098360656,0.005690537383959593,0.13399578516112304,-0.10785109366188038,-0.05782869612656849,0.1,0.0,0.2,0.5,0.2,False,False,0.038479950051789176,-0.03027953339219188,0.10941824415795999,0.07569528093839542,-0.11793785310734461,-0.009887005649717506
466,0.14311770033930019,0.23839443667828608,0.014956905049508182,0.4700854700854701,0.5106382978723404,0.46808510638297873,0.1525410260794363,0.1328530062295091,0.5081967213114754,0.42857142857142855,0.04330818815644511,0.13051762756961932,-0.04142360745649694,0.002000363702491348,0.30000000000000004,0.2,0.2,0.30000000000000004,0.0,False,False,0.08067143714977792,0.013443746549481814,0.2620324638173135,0.04705347065009153,0.08403954802259889,-0.009887005649717506
466,0.13037424699658806,0.23504339662532067,0.06696921703935825,0.452991452991453,0.48936170212765956,0.48936170212765956,0.23475043246762922,0.020504578079702653,0.5166666666666667,0.38596491228070173,0.027440709590142155,0.13310723740092748,-0.07241356528955478,-0.03637024913620657,0.2,0.2,0.2,0.4,0.0,False,False,0.07230281191930164,-0.015340820727560761,0.2380871296623032,-0.005415586123059798,0.10875706214689268,-0.08545197740112992
466,0.16913520872676208,0.23439785422318507,0.08556684137185798,0.4700854700854701,0.46808510638297873,0.44680851063829785,0.395873693333826,-0.03200376955369786,0.6,0.3548387096774194,0.04139968898790316,0.16427001869082836,-0.0654965066258953,0.02327695944717223,0.0,0.1,0.30000000000000004,0.4,0.2,False,False,0.09430329860988772,-0.01614205090245769,0.20750538888818054,0.14246605792949646,-0.02542372881355931,0.057909604519774005
466,0.25977570629876784,0.23349097583289283,0.25394954683529813,0.5128205128205128,0.44680851063829785,0.48936170212765956,0.370250018836641,0.15835666528039244,0.5892857142857143,0.4426229508196721,0.06357802937456403,0.14123834391788478,0.002323461884140102,0.023458810692853216,0.30000000000000004,0.0,0.30000000000000004,0.2,0.2,False,False,0.08868772016669704,0.041303664345183705,0.3110298753707333,0.2351695600725755,0.0501412429378531,-0.057909604519774005
466,0.03614738109416949,0.2328683774270591,0.007008588788753309,0.41025641025641024,0.44680851063829785,0.46808510638297873,0.21108594397363825,-0.12445195531976905,0.5178571428571429,0.3114754098360656,-0.006309057828314634,0.09540905812761966,-0.09934768167835432,-0.05782869612656849,0.2,0.0,0.30000000000000004,0.5,0.0,False,False,0.014947670517518165,-0.033237615478892105,-0.03283765726766588,0.09765406081322076,-0.15183615819209034,-0.0346045197740113
466,0.2409287566926749,0.23066539931518368,0.2585367977102286,0.48717948717948717,0.46808510638297873,0.5319148936170213,0.33224025422688197,0.15418283403517818,0.5614035087719298,0.4166666666666667,0.04205061908241499,0.13978575717121164,-0.04283004448717977,-0.0447354064375341,0.30000000000000004,0.0,0.2,0.30000000000000004,0.2,False,False,0.06642845105937409,0.017794277101624036,0.2652340866801374,0.10358991022746313,-0.07485875706214695,-0.10098870056497172
466,0.17837285294043123,0.22975180676242202,0.13409740238406315,0.452991452991453,0.5106382978723404,0.5319148936170213,0.31631523571227826,0.033170344759539595,0.5333333333333333,0.3684210526315789,0.007249435335839034,0.1213205619108167,-0.09967113229242704,-0.07892344062556828,0.2,0.2,0.1,0.5,0.0,False,False,0.042164613539327614,-0.025857340016953282,0.17500617106244604,0.1868066907372637,0.0748587570621469,-0.07627118644067798
466,0.20657308421486778,0.22927638351731125,0.09220262401646268,0.48717948717948717,0.48936170212765956,0.46808510638297873,0.34911365860003357,0.03444861703278088,0.578125,0.37735849056603776,0.03008561075207392,0.1462008930975899,-0.08564414071603853,0.019094380796508437,0.2,0.2,0.1,0.4,0.1,False,False,0.0793725484811562,-0.01766488589325559,0.2142505134112155,0.178445263760641,0.09180790960451973,-0.0007062146892655163
466,0.15695804387985587,0.22702899601588802,-0.018692409023459443,0.4700854700854701,0.5106382978723404,0.46808510638297873,0.3113329815141129,-0.011200370328888444,0.5573770491803278,0.375,0.00905174780031641,0.12835788004959142,-0.10853587200353815,0.002000363702491348,0.2,0.2,0.0,0.5,0.1,False,False,0.05617668608864315,-0.03264142060340979,0.17404111092872496,0.1202655184601418,0.0748587570621469,-0.10098870056497172
466,0.1301616774274168,0.22632090202698335,0.24410943757914091,0.4444444444444444,0.48936170212765956,0.46808510638297873,0.29612061996354927,-0.050615027835155986,0.5409836065573771,0.3392857142857143,-0.005248061680379448,0.11594206503799988,-0.11776243782530686,-0.023640661938534313,0.1,0.1,0.1,0.6000000000000001,0.1,False,False,0.034949560697305426,-0.04226912182300982,0.14011846933934669,0.14571362310532535,0.057909604519774005,-0.0346045197740113
466,0.2965952734014312,0.22247902607374484,0.030268556729155884,0.5128205128205128,0.44680851063829785,0.46808510638297873,0.2721521814478283,0.31827866142478844,0.5636363636363636,0.46774193548387094,0.0679310621749897,0.13870737426314433,0.009375582360455513,0.04473540643753404,0.2,0.0,0.5,0.2,0.1,False,False,0.0857674601255199,0.04865507561448648,0.4348241948743199,0.08486924011992271,0.10875706214689268,-0.02542372881355931
466,0.18682490694676443,0.22029153806256035,0.07929403416469313,0.46153846153846156,0.48936170212765956,0.46808510638297873,0.33630724064826106,0.02399593630763408,0.5573770491803278,0.35714285714285715,0.0017869474287984354,0.1266588057810743,-0.11230265126572839,-0.006546644844517169,0.2,0.0,0.1,0.5,0.2,False,False,0.03726267737613831,-0.03824704587672597,0.3238738765273642,0.07173179596790337,0.09180790960451973,-0.07627118644067798
466,0.16167434011826784,0.21565519925466062,0.17362901398972186,0.4700854700854701,0.5106382978723404,0.5106382978723404,0.26331238355183995,0.05828391662549627,0.559322033898305,0.3793103448275862,0.0049889088923694815,0.1333313621435719,-0.11557503451996776,-0.040552827786870305,0.2,0.1,0.0,0.5,0.2,False,False,0.05081292284327722,-0.04335202670535499,0.1399683007915131,0.15087161373456204,0.0748587570621469,-0.12570621468926557
466,0.2757438127595511,0.21324747197777147,0.11216059701114614,0.5042735042735043,0.5106382978723404,0.46808510638297873,0.36574053029927983,0.1707476422965341,0.5714285714285714,0.42592592592592593,0.0266889425610734,0.15286847995359873,-0.0921988748859679,0.036188397890525525,0.2,0.1,0.1,0.4,0.2,False,False,0.07316873769838281,-0.023298380042220353,0.3528555022553129,0.11396007960848221,0.06709039548022605,-0.10098870056497172
466,0.12560902342064814,0.21213978307221223,0.07149883966644267,0.4444444444444444,0.48936170212765956,0.44680851063829785,0.3065170744410914,-0.04625362504877296,0.5614035087719298,0.3333333333333333,-0.005877903729971601,0.12484443896201729,-0.119990210159521,-0.0023640661938534313,0.0,0.0,0.1,0.6000000000000001,0.30000000000000004,False,False,0.03153263747939093,-0.047983236647958005,0.1576009130836572,0.15066221693728035,-0.12570621468926557,-0.0346045197740113
466,0.1627276479298161,0.2115306330933339,0.07292930303530701,0.452991452991453,0.48936170212765956,0.5106382978723404,0.3189173233770369,-0.0016825367514688818,0.5333333333333333,0.3684210526315789,-0.008214199056847893,0.10685437920747169,-0.11543349372736891,-0.05764684488088739,0.2,0.2,0.0,0.6000000000000001,0.0,False,False,0.024101108908682008,-0.036684921966726375,0.1757915790526838,0.16914330670113464,0.0748587570621469,-0.0346045197740113
466,0.14893202571882772,0.20970086589403042,-0.03402324702515975,0.4444444444444444,0.46808510638297873,0.46808510638297873,0.39228996267803395,-0.10723422371191572,0.5666666666666667,0.3157894736842105,-0.03030194416234539,0.08819782817970238,-0.14037585545987663,-0.023640661938534313,0.1,0.0,0.0,0.8,0.1,False,False,-0.00032148769193653104,-0.06250691695364921,0.16407082098120715,0.013176626945409522,-0.05014124293785305,-0.11016949152542371
466,0.3011754104282529,0.20792581040393635,0.03643715118019935,0.49572649572649574,0.46808510638297873,0.48936170212765956,0.15677734103038288,0.42075506164836396,0.5283018867924528,0.46875,0.04340249339567293,0.07193509727717384,0.02118377249793544,0.0063647935988361826,0.6000000000000001,0.0,0.2,0.1,0.1,False,False,0.04771350574435916,0.03690237262668155,0.2783904789737874,0.3143609037144126,-0.008474576271186418,0.03319209039548027
466,0.30273006969432154,0.2076807866413028,-0.16343007398158302,0.5299145299145299,0.46808510638297873,0.40425531914893614,0.3101641643098068,0.29542197668248854,0.5689655172413793,0.4915254237288136,0.08658371783624469,0.17679019333868448,0.010196419280914274,0.12565921076559378,0.2,0.2,0.30000000000000004,0.2,0.1,False,False,0.1348266344369109,0.04310916936041729,0.4613607631736667,0.12201920554219117,0.21822033898305082,-0.0423728813559322
466,0.09992899227380482,0.20196136159772385,0.06667299089662762,0.4188034188034188,0.48936170212765956,0.44680851063829785,0.28682189143627596,-0.07164481679338172,0.5357142857142857,0.3114754098360656,-0.020045897378263924,0.10429254792697966,-0.13133390727340188,-0.028005091834879037,0.0,0.0,0.1,0.7000000000000001,0.2,False,False,0.01388268134094709,-0.059701103541202206,0.17078520032804712,0.07828451025841583,-0.08403954802259883,-0.026836158192090398
466,0.1835177829723196,0.200667347289028,0.1249520856455932,0.46153846153846156,0.46808510638297873,0.48936170212765956,0.30719426484751167,0.0577089479613484,0.5423728813559322,0.3793103448275862,0.046006711426697704,0.14213583678976016,-0.04387316025798742,-0.027823240589197995,0.30000000000000004,0.1,0.2,0.30000000000000004,0.1,False,False,0.07866388278609207,0.015989767403377902,0.22046508857244215,0.1571824735677403,-0.09180790960451979,-0.05932203389830509
466,0.23006693872558212,0.1994384153816203,0.12424668684349682,0.4700854700854701,0.46808510638297873,0.46808510638297873,0.33193816685770955,0.11910006522451462,0.5409836065573771,0.39285714285714285,0.024536095780600783,0.14054559471334754,-0.08233936256208466,0.002000363702491348,0.2,0.0,0.2,0.4,0.2,False,False,0.060304265635596654,-0.014014063183290439,0.2695428193454659,0.16974246592390882,0.016242937853107375,-0.08403954802259883
466,0.2530402594968534,0.19908348340557708,0.10286635120284277,0.49572649572649574,0.5319148936170213,0.5106382978723404,0.37214541663708267,0.1187762641751405,0.5806451612903226,0.4,0.026188863525352775,0.14966960862676498,-0.09577178313294353,-0.014911802145844644,0.2,0.2,0.0,0.4,0.2,False,False,0.08135024333521855,-0.022608625369917774,0.2827660641952037,0.12200492356931464,0.15042372881355937,-0.10098870056497172
466,0.23613419320361106,0.19893798018704092,0.13777141878147167,0.5042735042735043,0.5319148936170213,0.48936170212765956,0.3550336991103161,0.092557431354005,0.578125,0.41509433962264153,0.0462636869829313,0.1610825772289188,-0.058238055557552015,0.0149118021458447,0.2,0.1,0.1,0.30000000000000004,0.30000000000000004,False,False,0.09086845968619912,0.004398305767539804,0.3966442189741956,0.10613831707403325,0.05932203389830504,-0.08403954802259883
466,0.060232862628224984,0.1989280856295335,0.08861339570243126,0.4358974358974359,0.48936170212765956,0.5106382978723404,0.11907374369258968,-0.013318238702230803,0.49230769230769234,0.36538461538461536,0.01666867270996604,0.11042198960804113,-0.07594338141232246,-0.07474086197490448,0.4,0.2,0.0,0.4,0.0,False,False,0.04017250564445433,-0.003410456084080253,0.11082304405210572,0.03541169041123984,0.03319209039548027,-0.026836158192090398
466,0.19469847504041257,0.18689135665300233,0.14604485365042336,0.452991452991453,0.44680851063829785,0.48936170212765956,0.4343333911331224,-0.07543543037318759,0.5645161290322581,0.32727272727272727,-0.01814828490662713,0.10220687029413804,-0.13211886061263844,-0.03637024913620657,0.0,0.1,0.0,0.8,0.1,False,False,0.013836896759524406,-0.049447347936496376,0.09253050741994495,0.15883217358924365,-0.08403954802259883,-0.07627118644067798
466,0.16461102742900327,0.18068230765173068,0.07032528343503308,0.48717948717948717,0.48936170212765956,0.5106382978723404,0.2786460020308602,0.031570223726837016,0.5555555555555556,0.4074074074074074,0.023725854526681005,0.133355712725367,-0.08566158412357713,-0.023458810692853216,0.30000000000000004,0.2,0.0,0.4,0.1,False,False,0.06379285167660753,-0.012051298084039817,0.19849564238686807,0.10186059478267444,0.10875706214689268,-0.05932203389830509
466,0.16970244273713259,0.17727884157719143,0.17908882956025982,0.4700854700854701,0.5319148936170213,0.5106382978723404,0.2994465533412724,0.03772136470878342,0.559322033898305,0.3793103448275862,0.0220597123581599,0.1457084150045509,-0.09123101495911244,-0.040552827786870305,0.2,0.1,0.0,0.4,0.30000000000000004,False,False,0.07109947368147507,-0.025014306528583472,0.3151774559858155,0.10441601621639582,0.09180790960451973,-0.1843220338983051
466,0.08990027285793506,0.17651129134403068,0.065191743044896,0.4358974358974359,0.46808510638297873,0.48936170212765956,0.1684216546798617,0.0013852606223086574,0.5,0.36363636363636365,0.022779442976804957,0.12291726434566475,-0.07697626231857722,-0.053464266230223656,0.30000000000000004,0.2,0.1,0.4,0.0,False,False,0.0550360528210259,-0.006081386793317086,0.14401519352573472,0.04216484149726979,0.03319209039548027,-0.026836158192090398
466,0.07453109820583491,0.17460344307748862,0.05082843438409418,0.4017094017094017,0.425531914893617,0.46808510638297873,0.3268411114475195,-0.191058389416991,0.5333333333333333,0.2631578947368421,-0.027854756867385155,0.08890049547925212,-0.13413033469337404,-0.06637570467357701,0.0,0.1,0.1,0.8,0.0,False,False,-0.0006957265742272737,-0.056736054235589826,0.02189676631702344,0.13525769600368057,-0.14265536723163846,-0.06850282485875703
466,0.12364084705954767,0.17438359538678352,0.01587021822659233,0.47863247863247865,0.425531914893617,0.425531914893617,0.22595585081911468,0.0328775372728351,0.5454545454545454,0.41935483870967744,0.04310782062639707,0.12957242743545155,-0.038502584268392016,0.05310056373886163,0.0,0.2,0.4,0.4,0.0,False,False,0.09309199783616154,-0.005321959931893038,0.12372423314424277,0.17528235364366665,-0.02542372881355931,0.15819209039548027
466,0.08126223321462424,0.17339367305092446,0.011437261326037564,0.4188034188034188,0.425531914893617,0.48936170212765956,0.20819133801081022,-0.047855304422875215,0.5084745762711864,0.3275862068965517,0.01637956348010469,0.10523774806114741,-0.0627917816912689,-0.07055828332424074,0.2,0.0,0.4,0.4,0.0,False,False,0.03244932442483202,-0.006318272236330092,0.014624258966092266,0.0942631719788232,-0.15183615819209034,0.0656779661016949
466,0.2962133964366182,0.1723655498928248,0.17505760199277404,0.5128205128205128,0.46808510638297873,0.46808510638297873,0.17730330962114013,0.394685812080686,0.5094339622641509,0.515625,0.07488296323693251,0.11932083249972782,0.0490289331433219,0.04473540643753404,0.2,0.0,0.7000000000000001,0.1,0.0,False,False,0.08214550160819079,0.0681523400816368,0.30341118478576296,0.13798628619547354,0.0501412429378531,0.016242937853107375
466,0.16311909334259986,0.16731246802344174,0.21659268163353468,0.46153846153846156,0.425531914893617,0.48936170212765956,0.3218985758391993,0.0016020335615762728,0.559322033898305,0.3620689655172414,0.026994625902475457,0.13863780117230126,-0.0783144208683233,-0.027823240589197995,0.2,0.1,0.2,0.4,0.1,False,False,0.0648976535326766,-0.013770210521365284,0.25874718402428143,0.0880301890904047,0.09180790960451973,-0.07627118644067798
466,0.1600453283200628,0.1664283668478289,0.1560346223397091,0.46153846153846156,0.44680851063829785,0.5106382978723404,0.2504624830298893,0.05812053573807651,0.5161290322580645,0.4,-0.0005234999996884071,0.11610161373222319,-0.11234678481304414,-0.04909983633387882,0.30000000000000004,0.0,0.0,0.5,0.2,False,False,0.02806199376612556,-0.02807491292354554,0.24181928295547553,0.15413689448418152,-0.05014124293785305,-0.1673728813559322
466,0.24165738828512892,0.16522285652243937,0.1822969651727757,0.48717948717948717,0.44680851063829785,0.5319148936170213,0.22711840820115767,0.25455487061768395,0.5454545454545454,0.43548387096774194,0.052167593080974954,0.11039609579651087,0.008619036856353264,-0.0447354064375341,0.30000000000000004,0.0,0.5,0.2,0.0,False,False,0.0541432534832836,0.044060692400419106,0.3121736749258,0.1669743713281154,-0.008474576271186418,-0.0423728813559322
466,0.19917431179997985,0.16385348899713245,0.13345415769148164,0.4700854700854701,0.46808510638297873,0.46808510638297873,0.3336720984947852,0.06235759774836755,0.559322033898305,0.3793103448275862,-0.01343268465126442,0.11022765566934171,-0.1269090432630761,0.002000363702491348,0.2,0.0,0.0,0.6000000000000001,0.2,False,False,0.02163323524532663,-0.04877452522088224,0.3368633422479827,0.1007303883941631,0.0501412429378531,-0.14265536723163846
466,0.2158622629170699,0.16195777707228354,0.2507187241277679,0.47863247863247865,0.425531914893617,0.5531914893617021,0.17126018467076118,0.2582342372510632,0.5087719298245614,0.45,0.046849859983751733,0.09847872228574489,0.003963640575840033,-0.0745590107292235,0.4,0.0,0.4,0.2,0.0,False,False,0.04738405582151334,0.039724096286101185,0.3660465378451876,0.10861676899440993,-0.04096045197740117,-0.05932203389830509
466,0.04603912866777337,0.16191809829728498,0.10402206033657907,0.4444444444444444,0.46808510638297873,0.5106382978723404,0.10795639812152519,-0.016945679914491415,0.4915254237288136,0.39655172413793105,0.024337384662598077,0.1035088813030001,-0.03885669465710562,-0.06619385342789597,0.5,0.0,0.0,0.30000000000000004,0.2,False,False,0.03986447380012985,0.006928403192852856,0.11871967819631171,0.09311439780743316,-0.09180790960451979,-0.05932203389830509
466,0.07165172213945183,0.1615999857419994,0.010759702299377895,0.42735042735042733,0.425531914893617,0.44680851063829785,0.26448799366227993,-0.11791613800163347,0.5344827586206896,0.3220338983050847,0.020326946897281935,0.12141398863280595,-0.0747101144877782,-0.01945808328787052,0.2,0.1,0.30000000000000004,0.4,0.0,False,False,0.05276573477265335,-0.011607386707637292,0.06108647729822846,0.052781113962596,-0.017655367231638408,-0.051553672316384136
466,0.29253534505366224,0.1605552617680184,0.061865143835965725,0.5042735042735043,0.44680851063829785,0.425531914893617,0.20274157483378114,0.36192144022357037,0.5294117647058824,0.48484848484848486,0.08554349870011828,0.1434095213028369,0.04625493296161366,0.07874158937988723,0.2,0.0,0.6000000000000001,0.1,0.1,False,False,0.09739276253893128,0.0718300363502631,0.36945288506758306,0.1306409989768851,0.03319209039548027,0.0748587570621469
466,0.16745397231045928,0.16008298702438514,0.19844259216139754,0.4700854700854701,0.48936170212765956,0.5531914893617021,0.16207703167151769,0.1727397783623001,0.5172413793103449,0.423728813559322,0.02870615716311698,0.08070679232184488,-0.014520145070415038,-0.08310601927623207,0.6000000000000001,0.0,0.0,0.2,0.2,False,False,0.038884085637413184,0.017839070596969077,0.057779950683446955,0.2734269444060507,-0.08403954802259883,-0.02542372881355931
466,0.10850113141668775,0.15619343335376096,0.0904124230543926,0.46153846153846156,0.46808510638297873,0.5106382978723404,0.20167341098748148,0.0034705617187021495,0.5161290322580645,0.4,0.015929000915640888,0.11283165092666658,-0.07502160390811016,-0.04909983633387882,0.4,0.1,0.0,0.4,0.1,False,False,0.04018492805129035,-0.0006041574113819102,0.10372206646973552,0.014385575906091137,-0.02542372881355931,-0.06850282485875703
466,0.09068077476205842,0.15278497655091813,0.04098556682652944,0.42735042735042733,0.425531914893617,0.44680851063829785,0.284858365366107,-0.08758061989083861,0.5357142857142857,0.32786885245901637,0.012104973230250435,0.12650176937602856,-0.08939098465532754,-0.01945808328787052,0.0,0.1,0.30000000000000004,0.5,0.1,False,False,0.05427463532562696,-0.029555937942316018,0.11448943670877608,0.051498922608854844,-0.10098870056497172,0.048728813559322015
466,0.27141913843873655,0.15149016344392252,0.3096141556596752,0.49572649572649574,0.425531914893617,0.5319148936170213,0.24861869696629785,0.29383313175062536,0.5344827586206896,0.4576271186440678,0.05209313175422317,0.11297626356549034,0.0031353279092933037,-0.036188397890525525,0.4,0.0,0.30000000000000004,0.2,0.1,False,False,0.06594771295443592,0.03570002970584243,0.4214732692761065,0.19016328648995978,0.0007062146892655718,-0.02542372881355931
466,0.06859486850598133,0.15123105884796104,0.12996062783397333,0.41025641025641024,0.425531914893617,0.46808510638297873,0.2962861341256739,-0.1404331786202938,0.5357142857142857,0.29508196721311475,0.00801109321783472,0.12479871950232042,-0.09468032420410036,-0.05782869612656849,0.0,0.0,0.30000000000000004,0.5,0.2,False,False,0.048440087145197375,-0.035209338431029774,0.14544563119255405,0.08606324183312558,-0.11793785310734461,0.048728813559322015
466,0.2436422962432922,0.151231058847961,0.1475597188109573,0.47863247863247865,0.425531914893617,0.5106382978723404,0.4402760048996699,0.06312610468989627,0.5892857142857143,0.3770491803278688,0.030520497247747864,0.1483919485084972,-0.07525185688761953,-0.03200581923986173,0.1,0.0,0.30000000000000004,0.4,0.2,False,False,0.06745163692247227,-0.007822196204366446,0.28187723793434444,0.19255864797290856,-0.10875706214689268,0.057909604519774005
466,0.18038938968976864,0.15051898899974883,0.14853826699144243,0.48717948717948717,0.46808510638297873,0.5106382978723404,0.3201730472877037,0.028125048377732227,0.5573770491803278,0.4107142857142857,0.020346168743536154,0.13397938578971005,-0.0843752574133743,-0.023458810692853216,0.30000000000000004,0.1,0.0,0.4,0.2,False,False,0.060081314630407945,-0.01340194323600893,0.26134941742077283,0.11103318930508091,0.06709039548022605,-0.08403954802259883
466,0.16948291526232154,0.14912811039854257,0.22328884383021383,0.4700854700854701,0.5106382978723404,0.5319148936170213,0.252725058933887,0.08185960613435787,0.5333333333333333,0.40350877192982454,0.01738019376899087,0.1318569408409876,-0.0835387412390957,-0.061829423531551186,0.30000000000000004,0.0,0.0,0.4,0.30000000000000004,False,False,0.047676724245980726,-0.010001942779051622,0.2626011825619325,0.0026261553516356293,-0.09180790960451979,-0.15960451977401136
466,0.1904659593414504,0.1488796547787535,0.1013640285512401,0.47863247863247865,0.46808510638297873,0.46808510638297873,0.36020505591164215,0.023603796611431423,0.5689655172413793,0.3898305084745763,-0.008357957343121222,0.1103126080874992,-0.1190602273461779,0.01054737224949992,0.2,0.1,0.0,0.6000000000000001,0.1,False,False,0.030587086341313807,-0.044241840092134936,0.23772369693442752,0.12303083260709281,0.09180790960451973,-0.10098870056497172
466,0.15061817924593562,0.14616712486750277,0.032570952628178974,0.42735042735042733,0.44680851063829785,0.46808510638297873,0.3762259773264094,-0.1125909185146171,0.5396825396825397,0.2962962962962963,-0.024461074594249364,0.09254214983423703,-0.1337610328366285,-0.0407346790325514,0.1,0.0,0.1,0.7000000000000001,0.1,False,False,0.005930098611224746,-0.05614483594504476,0.19048229009954085,0.1622962748148797,-0.05014124293785305,-0.07627118644067798
466,0.14106799004818824,0.14449342545163735,0.1770222320650162,0.42735042735042733,0.425531914893617,0.5531914893617021,0.2305713967058357,0.056039753723423194,0.5087719298245614,0.35,0.013702999147482317,0.10743576078113899,-0.07039262193044107,-0.12584106201127482,0.30000000000000004,0.0,0.30000000000000004,0.4,0.0,False,False,0.028292880685242466,-0.007786364792818259,0.27963955070093743,0.11077302858112871,-0.08403954802259883,-0.15960451977401136
466,0.17623492303471,0.14425765759560916,0.1668919258674959,0.46153846153846156,0.5106382978723404,0.5106382978723404,0.31803118106983935,0.021778284817872678,0.5573770491803278,0.35714285714285715,-0.000431558582120887,0.1254924923713325,-0.11740487581579488,-0.04909983633387882,0.2,0.0,0.0,0.5,0.30000000000000004,False,False,0.03881640401805812,-0.043408770068940034,0.29137336791685436,0.10534085088620569,0.03319209039548027,-0.14265536723163846
466,0.12413645571461655,0.14311680650189046,0.07132639726861179,0.42735042735042733,0.425531914893617,0.46808510638297873,0.36906721559988603,-0.10854776617638953,0.5614035087719298,0.3,-0.007539878054806518,0.1117145058679867,-0.11125205974883277,-0.0407346790325514,0.0,0.1,0.2,0.6000000000000001,0.1,False,False,0.025087959985654742,-0.042662272033052416,0.12322432612816073,0.05986639413001788,-0.10098870056497172,-0.04378531073446329
466,0.11532549412011331,0.1394087250928122,0.10321219327565519,0.4444444444444444,0.425531914893617,0.48936170212765956,0.22476528963112907,0.007740610397419876,0.5172413793103449,0.3728813559322034,-0.0014158849274831578,0.10814938191292915,-0.09969704821219866,-0.04491725768321514,0.2,0.1,0.2,0.5,0.0,False,False,0.029258338163068588,-0.03418913851889392,0.12359206199919494,0.062129491438209984,-0.0007062146892655163,-0.09322033898305082
466,0.10163385061115159,0.1393017732492125,0.1255159232805863,0.4358974358974359,0.425531914893617,0.46808510638297873,0.25861157753968217,-0.0474949899709524,0.543859649122807,0.3333333333333333,0.03359904077290994,0.1417949286446292,-0.059298116352825704,-0.03218767048554283,0.0,0.0,0.4,0.4,0.2,False,False,0.0784737772414892,-0.014705808489567913,0.1738955787167973,0.08561088629138708,-0.08403954802259883,0.0656779661016949
466,0.312930523704915,0.13418034729589923,0.2242246538291196,0.5042735042735043,0.425531914893617,0.5106382978723404,0.3115824486017046,0.3143018414823185,0.559322033898305,0.4482758620689655,0.039713391873795106,0.12291378569112259,-0.0355576386928056,-0.006364793598836127,0.30000000000000004,0.1,0.30000000000000004,0.30000000000000004,0.0,False,False,0.06359080232815524,0.017599194972083912,0.42581320821005875,0.20356489560704072,-0.04096045197740117,-0.06709039548022594
466,0.1136171215268016,0.1327371170698826,0.107620388566381,0.42735042735042733,0.425531914893617,0.44680851063829785,0.25765054031941825,-0.01415445966019706,0.5272727272727272,0.3387096774193548,0.009538825652001006,0.13124566027022697,-0.0990491502179082,-0.01945808328787052,0.1,0.1,0.2,0.5,0.1,False,False,0.048708822731808765,-0.029156815830348726,0.11804097156798445,0.0903184050190628,0.048728813559322015,0.048728813559322015
466,0.1740609776807295,0.12166126530624782,0.08592115114305611,0.452991452991453,0.44680851063829785,0.5106382978723404,0.215432671539285,0.13051182625067112,0.5166666666666667,0.38596491228070173,0.02474965111455139,0.09268576857176304,-0.03521076407432394,-0.05764684488088739,0.5,0.1,0.1,0.30000000000000004,0.0,False,False,0.038175383053629594,0.012194623730232558,0.314499837659896,0.09000795929919753,-0.03319209039548021,-0.0346045197740113
466,0.16396709284622027,0.12131666021134592,0.17663900748983505,0.4358974358974359,0.425531914893617,0.5106382978723404,0.20686762571066983,0.12321158662499325,0.5263157894736842,0.35,0.03281424202746258,0.11052828466911266,-0.032319145487498355,-0.07474086197490448,0.30000000000000004,0.0,0.4,0.30000000000000004,0.0,False,False,0.039079130878233836,0.021126598375605314,0.3014993318183619,0.08004539026528677,-0.10875706214689268,-0.07627118644067798
466,0.1339961607201052,0.1207018473512933,0.030469414331686834,0.4358974358974359,0.44680851063829785,0.46808510638297873,0.35291520538792764,-0.09644493893023424,0.5333333333333333,0.3333333333333333,-0.0331066730219953,0.08275872835444868,-0.13864329206166193,-0.03218767048554283,0.0,0.0,0.0,0.9,0.1,False,False,-0.01110427767301548,-0.06020881516335729,0.110566990424889,0.11167944557328667,-0.06709039548022594,-0.09322033898305082
466,0.1678833243474701,0.1202233768708288,0.14307845142090447,0.47863247863247865,0.44680851063829785,0.5106382978723404,0.27437301704926714,0.05578891097715751,0.55,0.40350877192982454,0.00047065530342856515,0.1161965037702259,-0.11230464479801851,-0.03200581923986173,0.30000000000000004,0.1,0.0,0.5,0.1,False,False,0.03125992062482974,-0.02801717787971893,0.13937002790754485,0.16967263995058843,0.016242937853107375,-0.08403954802259883
466,0.17760249054866842,0.12006585802560103,-0.03687203504380256,0.4444444444444444,0.44680851063829785,0.46808510638297873,0.4090293369371779,-0.07448746712452943,0.5573770491803278,0.32142857142857145,-0.021067143494624848,0.09350275543852002,-0.1262708336395582,-0.023640661938534313,0.1,0.1,0.1,0.7000000000000001,0.0,False,False,0.010468744073994944,-0.04918259361783477,0.07166461838219394,0.20032040293476377,-0.05932203389830509,-0.09322033898305082
466,0.06980741680075332,0.11492064060095387,0.04714986333282085,0.4444444444444444,0.3829787234042553,0.44680851063829785,0.2658371840851736,-0.12289981205511741,0.5517241379310345,0.3389830508474576,0.01869004184118634,0.12145921114185393,-0.07300066054899644,-0.0023640661938534313,0.0,0.2,0.30000000000000004,0.5,0.0,False,False,0.061635004447816784,-0.020487604869662664,0.07608027724446222,0.05600642364332943,-0.08403954802259883,0.0656779661016949
466,0.08974364028039193,0.11273972281435808,0.003726785291338051,0.42016806722689076,0.3728813559322034,0.47058823529411764,0.33110132076310284,-0.17278576656045155,0.532258064516129,0.2982456140350877,-0.04564292520791373,0.07005093343020166,-0.1529238708446836,-0.05042016806722688,0.0,0.0,0.0,1.0,0.0,False,False,-0.024104537010749983,-0.07227189620549732,-0.034543684075113004,0.05676485230315018,-0.17067307692307687,-0.11764705882352944
466,0.2749338700101362,0.1099774067814825,0.2338549634417906,0.47863247863247865,0.425531914893617,0.5319148936170213,0.24876152243972652,0.2981512751129187,0.5272727272727272,0.43548387096774194,0.027842626576059674,0.10154441083867911,-0.03451402453892543,-0.053282414984542614,0.4,0.0,0.30000000000000004,0.30000000000000004,0.0,False,False,0.03631513560408628,0.01752952278296244,0.37668335246087653,0.17026343815392522,-0.07485875706214695,-0.10098870056497172
466,0.11115463105744727,0.10942165904370464,0.10397652612880177,0.4188034188034188,0.40425531914893614,0.46808510638297873,0.35055399074013976,-0.12418711235943689,0.5344827586206896,0.3050847457627119,-0.012476782211031894,0.10098385050674366,-0.11380178754790202,-0.04928168757955992,0.1,0.1,0.2,0.6000000000000001,0.0,False,False,0.016994042243714553,-0.04295389991037515,-0.015206549236636273,0.043696175745190885,-0.07627118644067798,-0.009887005649717506
466,0.18794432210649675,0.10615926743791039,0.22368210795468327,0.4700854700854701,0.44680851063829785,0.5319148936170213,0.3116128438329473,0.06214358448821085,0.5423728813559322,0.39655172413793105,0.01840482447848214,0.12817699001339952,-0.08374330767740484,-0.061829423531551186,0.30000000000000004,0.0,0.1,0.4,0.2,False,False,0.04892580183507278,-0.010635957327886476,0.2645422091047656,0.12909343637531884,-0.05014124293785305,-0.0423728813559322
466,0.2138424038006617,0.10431269168358148,0.17334425633724795,0.46153846153846156,0.425531914893617,0.5106382978723404,0.25345799682130177,0.1748982615091851,0.5172413793103449,0.4067796610169492,0.03215914408926456,0.10817373249472423,-0.038715892223435334,-0.04909983633387882,0.4,0.1,0.2,0.30000000000000004,0.0,False,False,0.050818894745201924,0.018801537892923034,0.354547615763255,0.06984699947811186,-0.016242937853107264,-0.009887005649717506
466,0.13880096514489543,0.10058225808842788,0.13059068208063043,0.452991452991453,0.40425531914893614,0.46808510638297873,0.3188427399254136,-0.02091351248298355,0.5636363636363636,0.3548387096774194,0.03309678450541295,0.14706608417728817,-0.07211004999838333,-0.015093653391525741,0.1,0.1,0.30000000000000004,0.4,0.1,False,False,0.0750528727556249,-0.012052293401027266,0.1397546557527388,0.06789191432571766,-0.05932203389830509,0.048728813559322015
466,0.21095123712642996,0.09803023403612407,0.14811496123604193,0.47863247863247865,0.425531914893617,0.48936170212765956,0.3666631137753403,0.04704399854862959,0.5666666666666667,0.38596491228070173,-0.023871767943726026,0.09471334968244682,-0.13473814480630322,-0.010729223495180906,0.2,0.0,0.0,0.7000000000000001,0.1,False,False,0.006280456148976814,-0.052307901364342616,0.19183982549889314,0.15775651610734198,0.03319209039548027,-0.05932203389830509
466,0.12507367498459768,0.0958609584922018,0.10568359097680471,0.452991452991453,0.44680851063829785,0.5106382978723404,0.20876499120873732,0.03390991981187409,0.5081967213114754,0.39285714285714285,0.03758841366006,0.1201522309353023,-0.040084452140605804,-0.05764684488088739,0.4,0.1,0.1,0.30000000000000004,0.1,False,False,0.06431937436296836,0.02121020500255108,0.184506992219852,0.08118856971335145,-0.05014124293785305,0.00706214689265533
466,0.06336183488111757,0.09021562998649642,0.1643912563336852,0.4358974358974359,0.40425531914893614,0.48936170212765956,0.2655898058743254,-0.11603394583866351,0.5454545454545454,0.3387096774193548,0.027581669796006434,0.12113818102267813,-0.059438161996206954,-0.053464266230223656,0.1,0.1,0.4,0.4,0.0,False,False,0.06400286356095938,-0.007123483679176823,0.04551878264339422,0.05845201905971967,-0.15960451977401136,0.02401129943502822
466,0.24082318278652823,0.0848821038213318,0.14197177263660546,0.48717948717948717,0.425531914893617,0.5319148936170213,0.22118948704988545,0.25884755920049535,0.5357142857142857,0.4426229508196721,0.037629594443944446,0.08936663518790057,-0.0019691115195704725,-0.0447354064375341,0.5,0.0,0.30000000000000004,0.2,0.0,False,False,0.037763321820825466,0.03467584852575679,0.2984712484408716,0.16214421572902332,0.008474576271186418,0.04096045197740111
466,0.11288516581698474,0.0826235597265765,-0.014429072067127574,0.4444444444444444,0.40425531914893614,0.44680851063829785,0.2636641830941274,-0.03533827489613869,0.5344827586206896,0.3559322033898305,0.024693167501610186,0.1302537467750646,-0.07182846356240323,-0.0023640661938534313,0.2,0.0,0.30000000000000004,0.4,0.1,False,False,0.05156936375373893,-0.00722898727984648,0.08798929913284864,0.13638585332554934,-0.05932203389830509,0.04096045197740111
466,0.03354713442646778,0.08221443058147003,0.23209004532969463,0.4188034188034188,0.44680851063829785,0.5531914893617021,0.1320585007916795,-0.0632945477630624,0.4827586206896552,0.3559322033898305,0.014532400041034134,0.1091770758548108,-0.07314269972466782,-0.13438807055828333,0.4,0.1,0.1,0.4,0.0,False,False,0.031052894691440222,-0.003332321273981277,0.046993933882285954,0.002582586929523018,-0.0423728813559322,-0.08545197740112992
466,0.04814822532751855,0.08154410931107887,0.13234450701135994,0.4017094017094017,0.3829787234042553,0.48936170212765956,0.3117456807122829,-0.23898471714517125,0.5409836065573771,0.25,-0.021023412239230942,0.09332087150103034,-0.12252448808334175,-0.08765230041825783,0.0,0.1,0.2,0.7000000000000001,0.0,False,False,0.005219442282185728,-0.04907211343222787,-0.030386615323598747,0.06379272195150257,-0.1765536723163842,0.014830508474576287
466,0.1347026647387179,0.0800346772349191,0.11002052533425434,0.46153846153846156,0.44680851063829785,0.46808510638297873,0.2563213754470367,0.015145288110201084,0.5517241379310345,0.3728813559322034,0.00645126216662255,0.12779980447090036,-0.10529688041515838,-0.006546644844517169,0.2,0.1,0.1,0.5,0.1,False,False,0.04480120823908162,-0.03191782515353393,0.19403521762394163,0.09998916224700066,0.03319209039548027,-0.10098870056497172
466,0.12455513303721714,0.07982513515895386,0.15201650408871492,0.4444444444444444,0.40425531914893614,0.5106382978723404,0.27470996352532534,-0.018091955926485617,0.5263157894736842,0.36666666666666664,0.016596229145164388,0.11449096914327338,-0.07247636155669371,-0.06619385342789597,0.30000000000000004,0.1,0.2,0.4,0.0,False,False,0.04165799719271576,-0.011986602479855593,0.15739023970981936,0.10128120024772966,-0.02542372881355931,-0.11793785310734461
466,0.18505665042446168,0.0774537369604241,0.11794008938103104,0.47863247863247865,0.425531914893617,0.48936170212765956,0.27300206034733904,0.0892589717584702,0.5245901639344263,0.42857142857142855,0.019589051944959752,0.12658028757855144,-0.08200743943577893,-0.010729223495180906,0.30000000000000004,0.1,0.1,0.4,0.1,False,False,0.04930402229030363,-0.010642924546798625,0.23602062949675173,0.11400696541277401,0.0501412429378531,-0.05932203389830509
466,0.15529690941000648,0.0733513351292479,0.19985316792628546,0.4700854700854701,0.40425531914893614,0.5319148936170213,0.3119223957388336,-0.004029016338283185,0.559322033898305,0.3793103448275862,0.01796091802259181,0.12090908677354492,-0.07872359337087136,-0.061829423531551186,0.30000000000000004,0.0,0.2,0.4,0.1,False,False,0.04010729332626928,-0.0060784008423547375,0.1881380506510581,0.1319360461648143,-0.05014124293785305,-0.12570621468926557
466,0.025597342738642715,0.07270467074461469,0.12025058356204102,0.41025641025641024,0.3829787234042553,0.48936170212765956,0.20873363437885062,-0.1483821343195548,0.5087719298245614,0.31666666666666665,-0.012260054339350013,0.09007230510930866,-0.10601505042267573,-0.07910529187124932,0.0,0.1,0.30000000000000004,0.6000000000000001,0.0,False,False,0.01942560164405394,-0.041250912544848875,-0.028511457192349442,0.08998593804012427,-0.1765536723163842,0.03177966101694918
466,0.18484482774897235,0.06903699353858743,0.31967256010416284,0.47863247863247865,0.3829787234042553,0.5319148936170213,0.25822172710054864,0.11748242834424656,0.5357142857142857,0.4262295081967213,0.041203364888296956,0.13281503041938666,-0.03736577247994852,-0.053282414984542614,0.30000000000000004,0.0,0.30000000000000004,0.30000000000000004,0.1,False,False,0.0602087152048015,0.01931711209242193,0.31935323642657515,0.23729457641089344,-0.05014124293785305,-0.008474576271186418
466,0.065459946438777,0.06821828566313713,0.10177619077848082,0.39316239316239315,0.40425531914893614,0.48936170212765956,0.26756133047646324,-0.12653636839702492,0.5087719298245614,0.2833333333333333,-0.02863955561283252,0.08573591374719101,-0.13066109012548488,-0.0961993089652664,0.0,0.0,0.2,0.7000000000000001,0.1,False,False,-0.005690227217249391,-0.056554906543874,0.08554434093440474,0.07819294324252103,-0.20127118644067798,-0.08545197740112992
466,0.14282521113516863,0.06704498228060289,0.1611092134493495,0.452991452991453,0.40425531914893614,0.5106382978723404,0.2678178190465289,0.00667254894600836,0.5245901639344263,0.375,-0.01744843445577813,0.09644025359687265,-0.12575179749419374,-0.05764684488088739,0.30000000000000004,0.0,0.0,0.6000000000000001,0.1,False,False,0.005611602498879759,-0.040181951630320734,0.13552753236841703,0.18961583829911038,-0.08403954802259883,-0.1673728813559322
466,0.09195721221709262,0.06602731727341388,-0.003557771204647024,0.452991452991453,0.3829787234042553,0.425531914893617,0.22063778024626918,-0.007477772169089372,0.5294117647058824,0.3939393939393939,0.036173026385554294,0.13806879267933486,-0.054795225292507,0.027459538097835967,0.0,0.1,0.4,0.4,0.1,False,False,0.08597448605890942,-0.01516564493776963,0.1834832417815563,0.05647961862702265,0.016242937853107375,0.0656779661016949
466,0.13934733447761907,0.06271179195855883,-0.04518816706467236,0.42735042735042733,0.3829787234042553,0.44680851063829785,0.3693730707458471,-0.11121641395741509,0.5409836065573771,0.30357142857142855,-0.044545726698132636,0.07490338350292777,-0.15015733753982996,-0.01945808328787052,0.0,0.0,0.1,0.9,0.0,False,False,-0.021369455720543017,-0.0743103662829875,0.04727464778292825,0.045738408868474134,-0.14265536723163846,-0.10240112994350281
466,0.040283503157359284,0.05851490398430974,0.22551681471789442,0.4358974358974359,0.425531914893617,0.5319148936170213,0.13484997058255413,-0.06631869648558768,0.4838709677419355,0.38181818181818183,0.014514147130568436,0.11544613567089149,-0.07268196181216469,-0.09601745771958536,0.4,0.0,0.0,0.4,0.2,False,False,0.036261422887404644,-0.006243624943078,0.15704418764362724,0.061521922742384,-0.10875706214689268,-0.017655367231638408
466,0.15618473517110273,0.04735871658105814,0.2026763594465986,0.46153846153846156,0.40425531914893614,0.5319148936170213,0.253067592247181,0.060943960418347785,0.5172413793103449,0.4067796610169492,-0.00016733581366942113,0.10937486221306464,-0.10249646593060598,-0.0703764320785597,0.30000000000000004,0.0,0.1,0.5,0.1,False,False,0.024047853733769907,-0.02660482307452794,0.1151042121042568,0.17766890679437064,-0.08403954802259883,-0.0423728813559322
466,3.556652879707254e-05,0.04559829239812253,0.10397652612880177,0.39316239316239315,0.3617021276595745,0.46808510638297873,0.13371850862394205,-0.1145498124098986,0.48148148148148145,0.31746031746031744,0.0003925237859680474,0.10603038434610933,-0.09518767817193705,-0.07492271322058558,0.1,0.1,0.30000000000000004,0.5,0.0,False,False,0.03246524949663122,-0.03257373904826322,0.02485854013985382,0.019640099699566062,-0.07627118644067798,0.03177966101694918
466,0.06790822592088361,0.03264637785848275,0.024240252141753883,0.4017094017094017,0.3829787234042553,0.46808510638297873,0.3109338629685298,-0.15519727694252933,0.5178571428571429,0.29508196721311475,-0.031678597932909065,0.08680535154357849,-0.13856993110348131,-0.06637570467357701,0.0,0.0,0.1,0.8,0.1,False,False,-0.008118800666626428,-0.06029232183174727,0.07435420894602875,0.11982634755755071,-0.10098870056497172,-0.026836158192090398
466,0.07128461212930334,0.032428070940532766,0.059045848571116985,0.4188034188034188,0.3829787234042553,0.44680851063829785,0.26098014593424645,-0.0858070018029152,0.5094339622641509,0.34375,0.009450181215391741,0.1032390125513563,-0.07596952851206436,-0.028005091834879037,0.0,0.1,0.4,0.5,0.0,False,False,0.04631110410904266,-0.028854239466164045,0.10884931661255481,0.07464948946388954,-0.08403954802259883,0.0656779661016949
466,0.1290915340353149,0.03101603561354066,-0.05128929682700225,0.4358974358974359,0.40425531914893614,0.46808510638297873,0.3833297940645819,-0.16751976933216323,0.5555555555555556,0.2962962962962963,-0.02761364809297366,0.08686602072694465,-0.13531925960669805,-0.03218767048554283,0.1,0.1,0.0,0.8,0.0,False,False,0.0028326734899376143,-0.05667934805270111,0.09567706862687328,0.14760831033174882,-0.0423728813559322,-0.09322033898305082
466,0.07121585430372704,0.02937017978711603,0.08470184623747451,0.39316239316239315,0.3829787234042553,0.46808510638297873,0.3564854897018905,-0.19979029932452827,0.5263157894736842,0.26666666666666666,-0.0162913544898507,0.10110908207026115,-0.12632216709602892,-0.07492271322058558,0.1,0.0,0.2,0.6000000000000001,0.1,False,False,0.00889514791683712,-0.04594781340862356,0.08829485006782588,0.09405682180362605,-0.09322033898305082,0.03177966101694918
466,0.12728400564860537,0.02792536212495906,0.24896020235534722,0.4444444444444444,0.40425531914893614,0.5531914893617021,0.2738822591633337,-0.021841803961204408,0.5254237288135594,0.3620689655172414,0.01359830540235011,0.10972720022311981,-0.07650728384732544,-0.10874704491725773,0.4,0.0,0.1,0.4,0.1,False,False,0.030416887136459923,-0.0014631159715509192,0.09941883873246193,0.11256948846187603,-0.10098870056497172,-0.10098870056497172
466,0.12210119113672556,0.024180452900893715,0.13913205204125573,0.4444444444444444,0.3829787234042553,0.46808510638297873,0.2886923464927723,-0.030834951485218896,0.5357142857142857,0.36065573770491804,-0.0007696203296349733,0.11215132548835129,-0.10623433897458942,-0.023640661938534313,0.2,0.0,0.2,0.5,0.1,False,False,0.027452833147835,-0.03605734850433684,0.0684364397068402,0.1096224718137492,0.02401129943502822,-0.10098870056497172
466,0.015753905446369978,0.02399017133027025,0.08636487677146874,0.4188034188034188,0.40425531914893614,0.5106382978723404,0.09754489289336378,-0.06744727143936498,0.4745762711864407,0.3620689655172414,0.011794345861003775,0.09178981009159738,-0.05651315174352179,-0.09183487906892157,0.5,0.1,0.0,0.4,0.0,False,False,0.02689297372062745,0.0010898726182296864,0.0005688639070135532,0.013722779096804928,-0.05932203389830509,-0.06850282485875703
466,0.1684757614832869,0.021964591321217985,0.15463124034182754,0.46153846153846156,0.40425531914893614,0.5106382978723404,0.31748222668774967,0.016900219292540403,0.5423728813559322,0.3793103448275862,-0.0030028380659666534,0.10438945330351107,-0.1020339664392971,-0.04909983633387882,0.30000000000000004,0.1,0.1,0.5,0.0,False,False,0.021775545051422457,-0.030665716383322328,0.12609431736494126,0.07844180543866007,-0.06709039548022594,-0.13488700564971745
466,0.13399498955070868,0.01872025070488085,0.13436994998942492,0.4444444444444444,0.3829787234042553,0.48936170212765956,0.3154314013205518,-0.0383696016306422,0.543859649122807,0.35,-0.014974875744614282,0.09702961419361389,-0.11721670836088527,-0.04491725768321514,0.2,0.1,0.1,0.6000000000000001,0.0,False,False,0.01577378361710134,-0.046831654893478805,0.14665376035656064,0.09784880677420547,0.057909604519774005,-0.1765536723163842
466,0.1524410462044806,0.012374423759184412,0.1730011397934125,0.452991452991453,0.3829787234042553,0.5319148936170213,0.32464490108599336,-0.03513815286288153,0.5409836065573771,0.35714285714285715,-0.0163461915656983,0.09470144532449001,-0.12402711304702309,-0.07892344062556828,0.30000000000000004,0.1,0.0,0.6000000000000001,0.0,False,False,0.004193769121259232,-0.03420507981559945,0.2234000713506538,0.10580042091849606,0.008474576271186418,-0.13488700564971745
466,0.16541997474452697,0.011450794678090083,-0.0663096641786191,0.4444444444444444,0.3404255319148936,0.48936170212765956,0.44050069498904676,-0.1446710189856589,0.5645161290322581,0.3090909090909091,-0.04355131242203457,0.06994718002615706,-0.14879845002249692,-0.04491725768321514,0.1,0.0,0.0,0.9,0.0,False,False,-0.018129789223665052,-0.07083549852513035,0.11298655337315461,0.15685560336747797,-0.06709039548022594,-0.09322033898305082
466,0.23386022182304853,0.009210925857187793,0.1361633269456623,0.4700854700854701,0.3829787234042553,0.5106382978723404,0.2148297217076072,0.25256817108907553,0.5172413793103449,0.423728813559322,0.02472022738225933,0.09742965946596145,-0.036024125248694736,-0.040552827786870305,0.5,0.0,0.1,0.30000000000000004,0.1,False,False,0.03495155133128033,0.011001238662280482,0.2768720104499438,0.2002686992753052,-0.09180790960451979,-0.0423728813559322
466,0.2161451659897361,0.007551724166481301,0.0776450215158314,0.4700854700854701,0.3829787234042553,0.46808510638297873,0.39975227894480087,0.01614456080654057,0.5573770491803278,0.375,-0.021718854391295537,0.09321754998306359,-0.12846571269098528,0.002000363702491348,0.2,0.1,0.0,0.7000000000000001,0.0,False,False,0.006076909308140082,-0.04640667655247409,0.19034223966704644,0.23311339325138905,0.03319209039548027,-0.017655367231638408
466,0.09929707868423128,0.000245677360571466,-0.041334524009053915,0.4358974358974359,0.3829787234042553,0.425531914893617,0.2557654549634253,-0.054519291217349344,0.5344827586206896,0.3389830508474576,-0.023087676789716474,0.08447664080293175,-0.12202112118008532,0.010365521003818878,0.2,0.0,0.2,0.6000000000000001,0.0,False,False,-0.0028276955613443272,-0.047467662448459104,0.03376017662481988,0.09661749888507654,-0.07627118644067798,-0.09322033898305082
466,0.08004971324840256,-0.0011187455298773974,0.22213071315441082,0.42735042735042733,0.3829787234042553,0.5531914893617021,0.17016701705096599,-0.014810606543769473,0.48333333333333334,0.3684210526315789,-0.0045957956422054145,0.09995021686236605,-0.10487253210161904,-0.12584106201127482,0.4,0.0,0.0,0.5,0.1,False,False,0.009874549200316794,-0.018932924225606523,0.012995191629066136,0.13498273006773698,-0.10098870056497172,-0.07627118644067798
466,0.0345648280327928,-0.0022077580649926785,0.16560027592815366,0.38461538461538464,0.3829787234042553,0.5106382978723404,0.212184302437927,-0.12849567306044515,0.48214285714285715,0.29508196721311475,-0.015229363035960602,0.09238113782400025,-0.11255931854808192,-0.12602291325695575,0.0,0.0,0.30000000000000004,0.6000000000000001,0.1,False,False,0.01476353687483999,-0.04660770857130265,0.10344257428445082,0.02933582722753535,-0.20127118644067798,0.014830508474576287
466,0.20329341945338508,-0.011938291064467062,0.08942962727136586,0.452991452991453,0.3829787234042553,0.5319148936170213,0.208716540270542,0.19831481673599502,0.5178571428571429,0.39344262295081966,0.0260447929883794,0.07017092247365359,-0.008862247795748455,-0.07892344062556828,0.6000000000000001,0.0,0.2,0.2,0.0,False,False,0.024852069859629185,0.024654997096114167,0.20986902296901386,0.26230741990643847,-0.05932203389830509,0.03319209039548027
466,0.16710116869794292,-0.02112952582025006,0.17756318330904436,0.4444444444444444,0.3617021276595745,0.5106382978723404,0.36049185136947753,-0.04355653921212158,0.5409836065573771,0.3392857142857143,-0.036922524257321426,0.07474480189720963,-0.1416540710666003,-0.06619385342789597,0.2,0.0,0.0,0.8,0.0,False,False,-0.014204239473561567,-0.06014958273258742,0.15845994884434697,0.15886157407844562,-0.02542372881355931,-0.051553672316384136
466,0.017916700970903556,-0.023743492176108008,0.11787080272403604,0.38461538461538464,0.3404255319148936,0.5106382978723404,0.20839461184810235,-0.1693327707388851,0.4827586206896552,0.288135593220339,-0.02288861559873426,0.0802535541887585,-0.11901985831730287,-0.12602291325695575,0.1,0.0,0.30000000000000004,0.6000000000000001,0.0,False,False,-0.0007226001328884132,-0.048680953856160177,-0.06806752619049522,0.06024505359558986,-0.21045197740112997,0.03177966101694918
466,0.05697277758209007,-0.024303506278482094,0.21069627307063946,0.4358974358974359,0.3829787234042553,0.5319148936170213,0.17955225923393467,-0.07655130064581202,0.5081967213114754,0.35714285714285715,0.012366151766152692,0.09608990330632007,-0.06186555142368308,-0.09601745771958536,0.5,0.0,0.0,0.4,0.1,False,False,0.024052853137269996,-0.0020642879215596642,0.03567038437224373,0.08584194865633811,-0.05932203389830509,-0.0346045197740113
466,0.12771836378407656,-0.025053423932038237,0.04968448905108867,0.4358974358974359,0.40425531914893614,0.44680851063829785,0.294521030606536,-0.01525535063517442,0.5370370370370371,0.3492063492063492,0.02452576948131858,0.12726409167140884,-0.06425802469065547,-0.010911074740861948,0.1,0.0,0.4,0.4,0.1,False,False,0.05270402511943148,-0.004879043872477964,0.1145100436252706,0.10862465271667869,-0.13488700564971745,0.02401129943502822
466,0.06617178152598192,-0.031325475040267454,0.07295286483674289,0.41025641025641024,0.3404255319148936,0.5106382978723404,0.29005198767314044,-0.16156842817543807,0.5254237288135594,0.29310344827586204,-0.03200480945963116,0.0779660903519687,-0.13174258139287742,-0.10038188761593014,0.1,0.0,0.2,0.7000000000000001,0.0,False,False,-0.011849248735587545,-0.058712753772664744,0.07538110787042299,0.2103161639105545,-0.10098870056497172,0.00706214689265533
466,0.14681575197928354,-0.03210513737926456,0.2010798522695447,0.452991452991453,0.3617021276595745,0.5319148936170213,0.24839127470033615,0.04348892714235074,0.5254237288135594,0.3793103448275862,-0.023941960332141066,0.0797928809372477,-0.12061219223403981,-0.07892344062556828,0.30000000000000004,0.0,0.1,0.6000000000000001,0.0,False,False,-0.009290288760854611,-0.04494055261732456,0.16642698457249244,0.12645887338662556,-0.008474576271186418,-0.15960451977401136
466,0.2322725045911592,-0.03217094839479257,0.2623346408590189,0.46153846153846156,0.3829787234042553,0.574468085106383,0.2850146969015745,0.18548507592869407,0.5272727272727272,0.4032258064516129,0.010555966131297922,0.098917529708705,-0.07005920365491775,-0.11292962356792147,0.4,0.0,0.2,0.4,0.0,False,False,0.018559675864972782,0.0008211365146459241,0.31275253373697703,0.19943867063807658,-0.06709039548022594,-0.08403954802259883
466,0.09206944821839964,-0.0353861521972206,0.06561081289695977,0.4188034188034188,0.3829787234042553,0.46808510638297873,0.24420380951172427,-0.038331432890164295,0.5185185185185185,0.3333333333333333,-0.0004682292451634695,0.11000499563584314,-0.10165868398568116,-0.04928168757955992,0.1,0.0,0.30000000000000004,0.5,0.1,False,False,0.02954897072340387,-0.03321969977311801,0.040125043912362816,0.15958237798338953,-0.15183615819209034,0.0826271186440678
466,0.06794422165375032,-0.03723051553061523,0.09521115756328356,0.4188034188034188,0.3829787234042553,0.5106382978723404,0.1718631396696015,-0.049200740473209256,0.4838709677419355,0.34545454545454546,-0.0032233926005185176,0.09598834517151894,-0.09939283249261441,-0.09183487906892157,0.4,0.1,0.0,0.5,0.0,False,False,0.013238229290199797,-0.01864578405110679,0.06085318974386894,0.05693450404407663,-0.08403954802259883,-0.1271186440677966
466,0.16967197609134607,-0.0442837016317678,0.05585389871770418,0.4700854700854701,0.3617021276595745,0.44680851063829785,0.23342184841797642,0.11687911307085536,0.5471698113207547,0.40625,0.048874374502663,0.13555173764276301,-0.02750277147455757,0.02327695944717223,0.1,0.0,0.5,0.30000000000000004,0.1,False,False,0.08072418895011275,0.01257583013642576,0.254126919117252,0.0997728423343633,-0.05014124293785305,0.09957627118644069
466,0.1514381244340342,-0.04718541055866925,0.1334551219802919,0.46153846153846156,0.3617021276595745,0.46808510638297873,0.30332273131830445,-0.0030651825689302073,0.5423728813559322,0.3793103448275862,-0.015046102327012603,0.1023703428171159,-0.12420453742084415,-0.006546644844517169,0.2,0.0,0.1,0.6000000000000001,0.1,False,False,0.013029694682702778,-0.046482298630884,0.10604029221567504,0.16908009337724283,0.04096045197740111,-0.08403954802259883
466,0.12065180517204846,-0.05008784262601313,0.19090411055884215,0.4444444444444444,0.3829787234042553,0.5319148936170213,0.300160573839411,-0.044143129997989264,0.5357142857142857,0.36065573770491804,-0.006842728440013505,0.09191301031275628,-0.095603329654428,-0.08747044917257685,0.30000000000000004,0.0,0.2,0.5,0.0,False,False,0.009415698701273264,-0.03051144225026764,0.09471489086972563,0.07335416923913093,-0.0423728813559322,-0.15960451977401136
466,0.12872162518253574,-0.06517779105669214,0.047088725148438745,0.4188034188034188,0.3404255319148936,0.48936170212765956,0.3957305384736175,-0.15234038880807663,0.55,0.2807017543859649,-0.040912300103107646,0.07484772503025333,-0.14220862591603103,-0.07055828332424074,0.0,0.0,0.2,0.8,0.0,False,False,-0.02075534513928661,-0.06823893265954491,0.006888601898769535,0.13771094180304214,-0.15960451977401136,-0.04378531073446329
466,0.12535855371730859,-0.06761143627035028,0.1698346843617036,0.4358974358974359,0.3404255319148936,0.5106382978723404,0.2542499076341988,-0.010316555668891609,0.5166666666666667,0.3508771929824561,-0.03221226514467207,0.0748993554917712,-0.13344414050918946,-0.07474086197490448,0.30000000000000004,0.0,0.0,0.7000000000000001,0.0,False,False,-0.015218472535264267,-0.04911430438013552,0.18068126166790724,0.12519600382854734,-0.016666666666666663,-0.1765536723163842
466,0.08590139714844224,-0.07859706480182616,0.015870218226592347,0.4444444444444444,0.3191489361702128,0.425531914893617,0.1881330638715244,-0.0017257457570567971,0.5,0.3968253968253968,0.033405018318324466,0.1102375685395185,-0.038757756401527954,0.018912529550827395,0.0,0.1,0.5,0.4,0.0,False,False,0.07780890549387286,-0.00700205500670797,0.12987756453053514,0.05614496306779029,-0.08403954802259883,0.12429378531073448
466,0.08158632257256197,-0.07877010442809354,0.13369633017344956,0.4322033898305085,0.3469387755102041,0.5319148936170213,0.10917931228470937,0.05580270923498166,0.49122807017543857,0.3770491803278688,0.003025317706592479,0.0714927159717727,-0.0586551767924292,-0.09971150378651278,0.6000000000000001,0.0,0.0,0.4,0.0,False,False,0.005508111642259807,-0.005493751137941574,0.11044118841637243,0.08584194865633811,-0.05932203389830509,-0.0346045197740113
466,0.02372476796747357,-0.07896051868238711,0.10218793316740737,0.4188034188034188,0.3404255319148936,0.48936170212765956,0.16598075461963888,-0.10687089190992405,0.5,0.3442622950819672,0.01898689184223856,0.09958543138079831,-0.05532251458324493,-0.07055828332424074,0.1,0.0,0.5,0.4,0.0,False,False,0.044902730571801476,-0.010457795587132999,0.07998584252448267,0.0026944844059237647,-0.15183615819209034,0.048728813559322015
466,0.07131209685404324,-0.07896524603942182,0.05897747676494995,0.41025641025641024,0.3404255319148936,0.46808510638297873,0.2692470375778161,-0.1103986684005678,0.5,0.32786885245901637,-0.003560458227205572,0.0900598813430867,-0.08801345384285152,-0.05782869612656849,0.1,0.0,0.4,0.5,0.0,False,False,0.020756340456274062,-0.027780292436705923,-0.13026842202597427,0.03365860775887922,-0.20268361581920902,-0.009887005649717506
466,0.035906245333605966,-0.08006270268707688,0.0953342568124423,0.39316239316239315,0.3404255319148936,0.46808510638297873,0.1990011016245088,-0.09456963969911628,0.46153846153846156,0.3384615384615385,0.0037519302102815865,0.10098285660544588,-0.0833600510946284,-0.07492271322058558,0.0,0.0,0.4,0.5,0.1,False,False,0.03518943209128078,-0.03417321344709474,0.11985478045734634,0.0417908612407125,-0.1843220338983051,0.03177966101694918
466,0.09636368648927114,-0.08739962259913857,0.2455371094115278,0.42735042735042733,0.3404255319148936,0.574468085106383,0.2309066091478772,-0.05019199712099615,0.5081967213114754,0.3392857142857143,-0.019751250681322653,0.08174145803171855,-0.11609628263009286,-0.1471176577559557,0.4,0.0,0.0,0.6000000000000001,0.0,False,False,-0.005693241523983755,-0.03443709552424523,0.07064673507180129,0.10349820254251613,-0.08403954802259883,-0.15183615819209034
466,0.18471082030950173,-0.08748673972811595,0.029388177788041432,0.452991452991453,0.3404255319148936,0.425531914893617,0.376486007968249,-0.010370836101982528,0.559322033898305,0.3448275862068966,-0.02898946786260594,0.08207487831689982,-0.1317465684574577,0.027459538097835967,0.2,0.0,0.1,0.7000000000000001,0.0,False,False,-0.006612886064615175,-0.05453938964428855,0.13417542393796608,0.08057869626726039,-0.0423728813559322,-0.13488700564971745
466,0.14315261107364277,-0.08831101247794142,0.22331639011604135,0.452991452991453,0.3404255319148936,0.5531914893617021,0.29685871767409805,-0.024277255044710313,0.5409836065573771,0.35714285714285715,-0.005066231723741635,0.09093501143576252,-0.09965418726796098,-0.10020003637024916,0.4,0.0,0.1,0.5,0.0,False,False,0.005035308639507552,-0.020998202484224317,0.16045733641841198,0.17168597576454103,-0.05014124293785305,-0.07627118644067798
466,0.019372860167591932,-0.10110663113287605,0.17692729406385813,0.38461538461538464,0.3617021276595745,0.5319148936170213,0.13332124056171943,-0.08171038050461793,0.43636363636363634,0.3387096774193548,-0.01740926969708236,0.0747706976796771,-0.10304020186273745,-0.14729950900163663,0.0,0.0,0.4,0.6000000000000001,0.0,False,False,0.012454401463956906,-0.04629318840326857,0.04281034229298449,-0.02911425054995713,-0.25988700564971745,-0.0021186440677966045
466,0.08999557644285465,-0.10299308596824339,0.2382429804141097,0.4358974358974359,0.3404255319148936,0.5531914893617021,0.21619770113168846,-0.042848765334865126,0.5166666666666667,0.3508771929824561,-0.007122961336451898,0.08246055465979116,-0.09091627160890244,-0.11729405346426625,0.5,0.0,0.0,0.5,0.0,False,False,0.0027928733769752474,-0.017188936547999276,0.025592212818987787,0.1359244387710799,-0.10098870056497172,-0.0346045197740113
466,0.11596369763188946,-0.11280483503825564,0.14872529895321768,0.42735042735042733,0.3404255319148936,0.5319148936170213,0.09168127976638407,0.13825575337727147,0.48214285714285715,0.3770491803278688,0.0164625471140954,0.05313147862489234,-0.011839089887976861,-0.10456446626659394,0.7000000000000001,0.0,0.1,0.2,0.0,False,False,0.011114704798849738,0.019637604162380706,0.15226155112112497,0.24497715737706388,-0.11793785310734461,-0.008474576271186418
466,0.09920413619023347,-0.11346515838331306,0.2389339237119941,0.42735042735042733,0.3404255319148936,0.5531914893617021,0.11756037161237606,0.0834702201141113,0.48148148148148145,0.38095238095238093,0.006500529811390647,0.08580846854192734,-0.06455057555423123,-0.12584106201127482,0.5,0.0,0.1,0.4,0.0,False,False,0.014630164398521741,-0.001937882174564381,0.11529455560732846,0.08584194865633811,-0.10098870056497172,-0.07627118644067798
466,0.035808717367899985,-0.11469954509878033,0.15352657691683333,0.4017094017094017,0.3191489361702128,0.5106382978723404,0.1152712571811195,-0.03230203104343098,0.4444444444444444,0.36507936507936506,0.0022783175374135873,0.08162165932512222,-0.07280180570305653,-0.10892889616293866,0.0,0.0,0.5,0.5,0.0,False,False,0.03327543752441519,-0.03246823544759356,0.11142493645356076,0.04778777216461027,-0.20127118644067798,0.048728813559322015
466,0.27700246780891524,-0.12336255689957507,0.2099542904448092,0.47863247863247865,0.3404255319148936,0.5106382978723404,0.2342256323030104,0.3176404615395248,0.5087719298245614,0.45,0.03409445431196692,0.11343842766894777,-0.037007933433871175,-0.03200581923986173,0.4,0.0,0.2,0.30000000000000004,0.1,False,False,0.05015402299758559,0.01702887833827529,0.34694201833197147,0.18541880766197896,-0.07485875706214695,-0.05932203389830509
466,0.16348220326587506,-0.1444725389858653,-0.04833359188564722,0.452991452991453,0.2978723404255319,0.48936170212765956,0.4003396878924014,-0.09452327105944826,0.5737704918032787,0.32142857142857145,-0.03716795910073226,0.07386624749871741,-0.14296915848471353,-0.03637024913620657,0.1,0.0,0.1,0.8,0.0,False,False,-0.013547259516176573,-0.06604226806824362,0.017707056040023338,0.07641943934695808,-0.11793785310734461,-0.1271186440677966
466,0.06985755921470782,-0.15966084205386855,0.07123295271731643,0.39316239316239315,0.3191489361702128,0.48936170212765956,0.3261689131733238,-0.17363822704597748,0.5087719298245614,0.2833333333333333,-0.031641647199332996,0.07397806139471519,-0.12608892381808434,-0.0961993089652664,0.0,0.0,0.30000000000000004,0.7000000000000001,0.0,False,False,-0.009133028676837573,-0.05774132439291393,-0.074364625627684,0.10735982593930021,-0.2351694915254237,-0.009887005649717506
466,0.03158477142300806,-0.17294237868325144,-0.010216969399009722,0.41025641025641024,0.2978723404255319,0.44680851063829785,0.08933512497256672,-0.02143194658970157,0.44642857142857145,0.3770491803278688,0.021826313111733255,0.09426805943779361,-0.04431672119254011,-0.03655210038188761,0.0,0.0,0.6000000000000001,0.4,0.0,False,False,0.058605259538020184,-0.013028699365715327,0.14121329944089353,-0.055923005461021476,-0.14265536723163846,0.048728813559322015
466,0.05943795214535084,-0.22756169404880078,0.09153252518671363,0.4358974358974359,0.2978723404255319,0.46808510638297873,0.11597643829957428,0.0157491219352691,0.49019607843137253,0.3939393939393939,0.028461955706503082,0.11686738714621249,-0.04881313327291592,-0.03218767048554283,0.0,0.0,0.5,0.4,0.1,False,False,0.07140005941168485,-0.014456979242705512,0.12343746760661536,0.09792775247809306,-0.10098870056497172,0.09957627118644069
