ob_id,side,side_label,source_idx,parent_bos_idx,activate_idx,zone_low,zone_high,zone_height_atr,strength,parent_displacement_score,parent_move_away_atr,first_touch_idx,first_partial_mitigation_idx,first_full_mitigation_idx,invalidation_idx,last_touch_idx,retirement_idx,terminal_idx,terminal_state,bars_to_first_touch,bars_to_first_partial_mitigation,bars_to_first_full_mitigation,bars_to_invalidation,bars_to_retirement,fresh_life_bars,fresh_life_censored,fresh_state_duration,touched_state_duration,partial_state_duration,post_full_pre_terminal_duration,total_live_duration,active_end_exclusive,fresh_end_exclusive,touch_count,mitigation_count,max_penetration_frac,max_penetration_atr,midpoint_touch_flag,midpoint_touch_idx
1,1,bull,68,69,69,1239.525,1244.058,0.7869071573197477,0.4895426123609529,0.41536178153063147,1.1313200847679128,80.0,,80.0,,80.0,,80.0,mitigated_full,11.0,,11.0,,,11.0,0,11.0,0.0,0.0,0.0,11.0,80.0,80.0,1,1,1.0,0.775648620201461,1,80.0
2,1,bull,166,167,167,1272.959,1275.067,0.3234341880677631,0.8303566616587184,1.0,1.8853696883191535,,,,,,263.0,263.0,retired,,,,,96.0,96.0,1,96.0,0.0,0.0,0.0,96.0,263.0,263.0,0,0,0.0,0.0,0,
3,1,bull,170,171,171,1275.942,1284.175,1.156151564069435,0.48418291785654455,0.4694946390747961,1.3489605155412436,174.0,174.0,,,174.0,267.0,267.0,retired,3.0,3.0,,,96.0,3.0,0,3.0,0.0,93.0,0.0,96.0,267.0,174.0,1,1,0.027450504068976905,0.034085182351045754,0,
4,1,bull,180,183,183,1288.341,1291.685,0.5582369612000503,0.6859339231491655,0.6330589299969506,1.6214580155909053,,,,,,279.0,279.0,retired,,,,,96.0,96.0,1,96.0,0.0,0.0,0.0,96.0,279.0,279.0,0,0,0.0,0.0,0,
5,1,bull,220,222,222,1318.505,1324.835,0.9794518779436739,0.6259821989862263,0.6162397785318379,1.4896024058394646,236.0,236.0,,,249.0,318.0,318.0,retired,14.0,14.0,,,96.0,14.0,0,14.0,0.0,82.0,0.0,96.0,318.0,236.0,4,4,0.8807266982622606,0.8962550994748262,1,248.0
6,1,bull,228,230,230,1330.765,1334.647,0.6320154733261821,0.516960942714394,0.4872578985944997,1.420162538337067,235.0,,235.0,,235.0,,235.0,mitigated_full,5.0,,5.0,,,5.0,0,5.0,0.0,0.0,0.0,5.0,235.0,235.0,1,1,1.0,0.6159357656365207,1,235.0
7,1,bull,291,294,294,1344.335,1348.447,0.5800704598703654,0.6254674429492947,0.6415210225702543,1.573610403661059,327.0,327.0,328.0,328.0,328.0,,328.0,invalidated,33.0,33.0,34.0,34.0,,33.0,0,33.0,0.0,1.0,0.0,34.0,328.0,327.0,2,2,1.0,0.5317671319204156,1,327.0
8,1,bull,307,309,309,1367.827,1372.592,0.6422701793144219,0.8895603304799217,1.0,2.07346110564395,317.0,,317.0,317.0,317.0,,317.0,invalidated,8.0,,8.0,8.0,,8.0,0,8.0,0.0,0.0,0.0,8.0,317.0,317.0,1,1,1.0,0.5646507442207098,1,317.0
9,1,bull,310,312,312,1373.384,1384.896,1.4789645443452728,0.49266881187383926,0.4971995980523135,0.9264083851002288,313.0,313.0,317.0,317.0,317.0,,317.0,invalidated,1.0,1.0,5.0,5.0,,1.0,0,1.0,0.0,4.0,0.0,5.0,317.0,313.0,5,5,1.0,1.3641677581256333,1,315.0
10,-1,bear,357,359,359,1311.978,1315.642,0.5467219882500796,0.8209244617082664,1.0,1.756553287576432,414.0,414.0,424.0,,424.0,,424.0,mitigated_full,55.0,55.0,65.0,,,55.0,0,55.0,0.0,10.0,0.0,65.0,424.0,414.0,7,7,1.0,0.6318452372702102,1,414.0
11,1,bull,399,402,402,1284.137,1287.047,0.5040984743023654,0.7357474701769454,0.6036524204449565,2.7326987739242345,446.0,,446.0,,446.0,,446.0,mitigated_full,44.0,,44.0,,,44.0,0,44.0,0.0,0.0,0.0,44.0,446.0,446.0,1,1,1.0,0.3589949857810452,1,446.0
12,1,bull,410,413,413,1295.46,1300.5,0.9546533140439196,0.7432253791110035,0.9520277171967241,1.7596685094182622,446.0,,446.0,,446.0,,446.0,mitigated_full,33.0,,33.0,,,33.0,0,33.0,0.0,0.0,0.0,33.0,446.0,446.0,1,1,1.0,0.6217645114558089,1,446.0
13,-1,bear,538,539,539,1310.135,1314.458,0.6841514793702955,0.7796517710884949,1.0,2.427685332764296,,,,,,635.0,635.0,retired,,,,,96.0,96.0,1,96.0,0.0,0.0,0.0,96.0,635.0,635.0,0,0,0.0,0.0,0,
14,-1,bear,631,632,632,1263.625,1266.585,0.5723858061583356,0.7186328254099674,0.7932029427913742,1.3996379949236535,693.0,693.0,699.0,,699.0,,699.0,mitigated_full,61.0,61.0,67.0,,,61.0,0,61.0,0.0,6.0,0.0,67.0,699.0,693.0,3,3,1.0,0.7932304023991673,1,694.0
15,-1,bear,634,636,636,1258.242,1259.919,0.32965028469318,0.6056606589510148,0.5235625845650037,1.3184045673446279,639.0,,639.0,,639.0,,639.0,mitigated_full,3.0,,3.0,,,3.0,0,3.0,0.0,0.0,0.0,3.0,639.0,639.0,1,1,1.0,0.33221593612447936,1,639.0
16,1,bull,666,669,669,1241.752,1243.89,0.4597801481901039,0.7613082107304815,0.9513694222884398,2.789433256395429,,,,,,765.0,765.0,retired,,,,,96.0,96.0,1,96.0,0.0,0.0,0.0,96.0,765.0,765.0,0,0,0.0,0.0,0,
17,1,bull,697,700,700,1259.895,1260.82,0.2116134242403515,0.6784707067694846,0.7460704654278842,3.0806339144007993,719.0,,719.0,,719.0,,719.0,mitigated_full,19.0,,19.0,,,19.0,0,19.0,0.0,0.0,0.0,19.0,719.0,719.0,1,1,1.0,0.1824341591760332,1,719.0
18,1,bull,705,710,710,1271.39,1274.56,0.7827297016778161,0.668603461978741,0.611240051203431,2.0607766846067426,713.0,713.0,715.0,,715.0,,715.0,mitigated_full,3.0,3.0,5.0,,,3.0,0,3.0,0.0,2.0,0.0,5.0,715.0,713.0,3,3,1.0,0.7264549564328129,1,713.0
19,1,bull,817,818,818,1321.372,1325.869,0.9135632926377587,0.5806882347998477,0.5756653168516777,1.2700906616792595,819.0,819.0,834.0,834.0,834.0,,834.0,invalidated,1.0,1.0,16.0,16.0,,1.0,0,1.0,0.0,15.0,0.0,16.0,834.0,819.0,2,2,1.0,0.7600958405676077,1,819.0
20,1,bull,821,822,822,1327.039,1329.916,0.48439184375593236,0.8510497433782059,1.0,2.4839182728298446,834.0,,834.0,834.0,834.0,,834.0,invalidated,12.0,,12.0,12.0,,12.0,0,12.0,0.0,0.0,0.0,12.0,834.0,834.0,1,1,1.0,0.48627879326507617,1,834.0
21,-1,bear,841,842,842,1309.01,1313.695,0.6720146969154585,0.7740135197585669,1.0,1.951352814693283,855.0,,855.0,855.0,855.0,,855.0,invalidated,13.0,,13.0,13.0,,13.0,0,13.0,0.0,0.0,0.0,13.0,855.0,855.0,1,1,1.0,0.6371693173035978,1,855.0
22,-1,bear,878,882,882,1306.327,1309.453,0.5691902766330603,0.7465408242509812,0.9246437333799213,1.8483206967697623,893.0,893.0,903.0,,903.0,,903.0,mitigated_full,11.0,11.0,21.0,,,11.0,0,11.0,0.0,10.0,0.0,21.0,903.0,893.0,6,6,1.0,0.6465766107212814,1,893.0
23,-1,bear,914,917,917,1294.669,1295.858,0.2200092938041498,0.5496788177353453,0.38586950538869924,2.6153165337495765,922.0,,922.0,,922.0,,922.0,mitigated_full,5.0,,5.0,,,5.0,0,5.0,0.0,0.0,0.0,5.0,922.0,922.0,1,1,1.0,0.2083975230406587,1,922.0
24,-1,bear,934,935,935,1291.043,1293.399,0.49049833481324706,0.555613040793803,0.6066649885529142,1.8127202891421448,936.0,,936.0,,936.0,,936.0,mitigated_full,1.0,,1.0,,,1.0,0,1.0,0.0,0.0,0.0,1.0,936.0,936.0,1,1,1.0,0.45168329587810513,1,936.0
25,-1,bear,1005,1007,1007,1290.08,1291.818,0.34778824852333406,0.7563000169012168,0.8744705437431607,3.1302943450232155,1026.0,1026.0,1039.0,1039.0,1039.0,,1039.0,invalidated,19.0,19.0,32.0,32.0,,19.0,0,19.0,0.0,13.0,0.0,32.0,1039.0,1026.0,4,4,1.0,0.36230272775181377,1,1039.0
26,-1,bear,1088,1091,1091,1255.589,1257.437,0.3511410278281633,0.5309030514732277,0.448647355740497,1.554673100481659,1092.0,,1092.0,,1092.0,,1092.0,mitigated_full,1.0,,1.0,,,1.0,0,1.0,0.0,0.0,0.0,1.0,1092.0,1092.0,1,1,1.0,0.3377724046053949,1,1092.0
27,-1,bear,1100,1101,1101,1247.902,1249.974,0.37260087426938054,0.6059328891059876,0.5604957449154215,2.0523618619868107,,,,,,1197.0,1197.0,retired,,,,,96.0,96.0,1,96.0,0.0,0.0,0.0,96.0,1197.0,1197.0,0,0,0.0,0.0,0,
28,-1,bear,1106,1108,1108,1235.134,1239.79,0.7338137459827925,0.7585884179534956,0.9270029297365882,1.132557040084267,1113.0,1113.0,1120.0,,1120.0,,1120.0,mitigated_full,5.0,5.0,12.0,,,5.0,0,5.0,0.0,7.0,0.0,12.0,1120.0,1113.0,7,7,1.0,0.8844310350109951,1,1115.0
29,-1,bear,1125,1129,1129,1236.984,1238.984,0.30636874756968885,0.852401829980251,1.0,3.2004811214867592,,,,,,1225.0,1225.0,retired,,,,,96.0,96.0,1,96.0,0.0,0.0,0.0,96.0,1225.0,1225.0,0,0,0.0,0.0,0,
30,1,bull,1250,1251,1251,1220.895,1225.013,0.5920484203258313,0.6672492275495515,0.8825309466833433,3.5317312883206156,1303.0,1303.0,1313.0,,1313.0,,1313.0,mitigated_full,52.0,52.0,62.0,,,52.0,0,52.0,0.0,10.0,0.0,62.0,1313.0,1303.0,3,3,1.0,0.953312450428223,1,1304.0
31,-1,bear,1311,1314,1314,1229.839,1230.508,0.1344766566537376,0.798034722621766,1.0,3.527348835514869,,,,,,1410.0,1410.0,retired,,,,,96.0,96.0,1,96.0,0.0,0.0,0.0,96.0,1410.0,1410.0,0,0,0.0,0.0,0,
32,1,bull,1392,1397,1397,1182.78,1187.438,0.5243737208381911,0.7272653392960288,0.8740038006326845,1.941240970831574,1405.0,,1405.0,,1405.0,,1405.0,mitigated_full,8.0,,8.0,,,8.0,0,8.0,0.0,0.0,0.0,8.0,1405.0,1405.0,1,1,1.0,0.5030141550762811,1,1405.0
33,-1,bear,1438,1442,1442,1195.774,1198.027,0.3373380617674139,0.6102715775345128,0.7286258875145186,1.7507740595854822,1450.0,,1450.0,,1450.0,,1450.0,mitigated_full,8.0,,8.0,,,8.0,0,8.0,0.0,0.0,0.0,8.0,1450.0,1450.0,1,1,1.0,0.18898096580147952,1,1450.0
34,-1,bear,1445,1446,1446,1182.429,1189.351,0.8788580752741904,0.7437177280186994,1.0,2.2112384049372134,1449.0,1449.0,1450.0,1450.0,1450.0,,1450.0,invalidated,3.0,3.0,4.0,4.0,,3.0,0,3.0,0.0,1.0,0.0,4.0,1450.0,1449.0,2,2,1.0,0.580615288627499,1,1450.0
35,1,bull,1483,1486,1486,1199.266,1202.927,0.4392549022875022,0.8127817649975028,1.0,2.835539772128117,1512.0,,1512.0,1512.0,1512.0,,1512.0,invalidated,26.0,,26.0,26.0,,26.0,0,26.0,0.0,0.0,0.0,26.0,1512.0,1512.0,1,1,1.0,0.39493717359562047,1,1512.0
36,-1,bear,1508,1511,1512,1217.129,1220.047,0.31478466882057393,0.6522272532650812,0.7991374781577653,2.8677983673494656,1516.0,,1516.0,,1516.0,,1516.0,mitigated_full,4.0,,4.0,,,4.0,0,4.0,0.0,0.0,0.0,4.0,1516.0,1516.0,1,1,1.0,0.2899985257983741,1,1516.0
37,1,bull,1565,1569,1569,1180.555,1182.269,0.2226048784588633,0.7569734492375889,1.0,3.6728506200798487,1576.0,1576.0,1580.0,1580.0,1580.0,,1580.0,invalidated,7.0,7.0,11.0,11.0,,7.0,0,7.0,0.0,4.0,0.0,11.0,1580.0,1576.0,3,3,1.0,0.22532781933244336,1,1579.0
38,1,bull,1615,1617,1617,1217.327,1227.683,1.3476341704259331,0.4671847415310562,0.37693458787475737,0.9509956080989488,1624.0,1624.0,,,1633.0,1713.0,1713.0,retired,7.0,7.0,,,96.0,7.0,0,7.0,0.0,89.0,0.0,96.0,1713.0,1624.0,9,9,0.2792584009270041,0.36104164263644767,0,
39,1,bull,1632,1633,1633,1225.865,1229.965,0.4397138421927385,0.8198958248892494,1.0,2.1972822436207444,,,,,,1729.0,1729.0,retired,,,,,96.0,96.0,1,96.0,0.0,0.0,0.0,96.0,1729.0,1729.0,0,0,0.0,0.0,0,
40,1,bull,1639,1640,1640,1254.828,1261.051,0.6604724347233778,0.799679058677996,1.0,1.3825026409620478,1694.0,,1694.0,,1694.0,,1694.0,mitigated_full,54.0,,54.0,,,54.0,0,54.0,0.0,0.0,0.0,54.0,1694.0,1694.0,1,1,1.0,0.6849041930193713,1,1694.0
41,1,bull,1649,1650,1650,1275.111,1277.068,0.2433538889255896,0.8417162314078424,1.0,2.1112224456714,1675.0,1675.0,1678.0,,1678.0,,1678.0,mitigated_full,25.0,25.0,28.0,,,25.0,0,25.0,0.0,3.0,0.0,28.0,1678.0,1675.0,3,3,1.0,0.23300499992438564,1,1675.0
42,-1,bear,1727,1729,1729,1266.034,1268.755,0.3003228585193798,0.879272777432273,1.0,3.1783893262707004,,,,,,1825.0,1825.0,retired,,,,,96.0,96.0,1,96.0,0.0,0.0,0.0,96.0,1825.0,1825.0,0,0,0.0,0.0,0,
43,-1,bear,1792,1793,1793,1202.479,1204.843,0.33095886406982455,0.6259888700530566,0.6869888818614927,1.8054338033182675,1794.0,,1794.0,,1794.0,,1794.0,mitigated_full,1.0,,1.0,,,1.0,0,1.0,0.0,0.0,0.0,1.0,1794.0,1794.0,1,1,1.0,0.3067157698574518,1,1794.0
44,1,bull,1808,1811,1811,1202.848,1203.787,0.13910809123193252,0.5731307660681368,0.5152148182522034,2.3934295228358975,1827.0,,1827.0,1827.0,1827.0,,1827.0,invalidated,16.0,,16.0,16.0,,16.0,0,16.0,0.0,0.0,0.0,16.0,1827.0,1827.0,1,1,1.0,0.12997364419172766,1,1827.0
45,-1,bear,1855,1860,1860,1172.5,1175.332,0.49220348952545,0.6986902536114028,0.5617539455502831,2.2894761890955184,1900.0,1900.0,1902.0,,1902.0,,1902.0,mitigated_full,40.0,40.0,42.0,,,40.0,0,40.0,0.0,2.0,0.0,42.0,1902.0,1900.0,3,3,1.0,0.3756291529170281,1,1901.0
46,-1,bear,1865,1868,1868,1162.52,1165.194,0.4403272116568833,0.5921250165916362,0.49089421959297697,2.0377895453455404,1872.0,,1872.0,,1872.0,,1872.0,mitigated_full,4.0,,4.0,,,4.0,0,4.0,0.0,0.0,0.0,4.0,1872.0,1872.0,1,1,1.0,0.4065625940507262,1,1872.0
47,1,bull,1899,1900,1900,1147.077,1150.88,0.5361795090117172,0.8020520685463173,0.9917514062580528,3.163924365430315,,,,,,1996.0,1996.0,retired,,,,,96.0,96.0,1,96.0,0.0,0.0,0.0,96.0,1996.0,1996.0,0,0,0.0,0.0,0,
48,1,bull,1908,1911,1911,1169.863,1171.294,0.19576651689752408,0.5107449234524979,0.4545539436923121,1.7564264922761914,,,,,,2007.0,2007.0,retired,,,,,96.0,96.0,1,96.0,0.0,0.0,0.0,96.0,2007.0,2007.0,0,0,0.0,0.0,0,
49,1,bull,1917,1919,1919,1179.244,1183.122,0.593996602243418,0.490324784631153,0.432204948642578,1.145411704893245,1949.0,1949.0,1954.0,,1954.0,,1954.0,mitigated_full,30.0,30.0,35.0,,,30.0,0,30.0,0.0,5.0,0.0,35.0,1954.0,1949.0,3,3,1.0,0.6974529061321311,1,1953.0
50,1,bull,1921,1923,1923,1186.015,1189.759,0.6170834296298426,0.7270970265714023,0.8665867183788993,0.7794304323503254,1924.0,,1924.0,,1924.0,,1924.0,mitigated_full,1.0,,1.0,,,1.0,0,1.0,0.0,0.0,0.0,1.0,1924.0,1924.0,1,1,1.0,0.5960613158608841,1,1924.0
51,1,bull,1967,1970,1970,1196.036,1204.207,1.2140800351414052,0.6015746058427673,0.35351660271869845,1.833229650419107,1986.0,1986.0,1990.0,1990.0,1990.0,,1990.0,invalidated,16.0,16.0,20.0,20.0,,16.0,0,16.0,0.0,4.0,0.0,20.0,1990.0,1986.0,5,5,1.0,1.4590509578625381,1,1987.0
52,-1,bear,2058,2060,2060,1192.427,1195.162,0.45132021427906327,0.8296794047932171,1.0,2.7117166659040213,2067.0,,2067.0,2067.0,2067.0,,2067.0,invalidated,7.0,,7.0,7.0,,7.0,0,7.0,0.0,0.0,0.0,7.0,2067.0,2067.0,1,1,1.0,0.4434976779349082,1,2067.0
53,-1,bear,2086,2091,2091,1182.484,1184.279,0.2689969111712309,0.596002083133613,0.48444619137232137,2.0187506353133737,2095.0,2095.0,2096.0,,2096.0,,2096.0,mitigated_full,4.0,4.0,5.0,,,4.0,0,4.0,0.0,1.0,0.0,5.0,2096.0,2095.0,2,2,1.0,0.306592977337649,1,2095.0
54,1,bull,2221,2222,2222,1183.808,1188.197,0.8013142659445309,0.8191438654649683,1.0,2.9388826017110015,2223.0,2223.0,2235.0,,2235.0,,2235.0,mitigated_full,1.0,1.0,13.0,,,1.0,0,1.0,0.0,12.0,0.0,13.0,2235.0,2223.0,9,9,1.0,0.765638315249752,1,2226.0
55,-1,bear,2239,2240,2240,1181.626,1185.768,0.718008628662067,0.7183401210465923,0.890754977849358,1.3968405431576187,2258.0,2258.0,2264.0,2264.0,2264.0,,2264.0,invalidated,18.0,18.0,24.0,24.0,,18.0,0,18.0,0.0,6.0,0.0,24.0,2264.0,2258.0,4,4,1.0,0.8362080548381804,1,2264.0
56,-1,bear,2318,2321,2321,1185.872,1188.086,0.4487127423948048,0.5597309632298104,0.462752328877188,1.961243544785321,2342.0,2342.0,,,2343.0,2417.0,2417.0,retired,21.0,21.0,,,96.0,21.0,0,21.0,0.0,75.0,0.0,96.0,2417.0,2342.0,2,2,0.8396567299006199,0.3975105518148447,1,2342.0
57,-1,bear,2429,2431,2431,1144.58,1145.632,0.2406580910693627,0.8016483349197784,1.0,3.108652851274845,,,,,,2527.0,2527.0,retired,,,,,96.0,96.0,1,96.0,0.0,0.0,0.0,96.0,2527.0,2527.0,0,0,0.0,0.0,0,
58,-1,bear,2433,2435,2435,1132.365,1135.003,0.31462855241569804,0.7369764514766769,0.5479839740889627,7.321733208585231,,,,,,2531.0,2531.0,retired,,,,,96.0,96.0,1,96.0,0.0,0.0,0.0,96.0,2531.0,2531.0,0,0,0.0,0.0,0,
59,-1,bear,2458,2459,2459,1089.958,1091.599,0.20674255523186832,0.5798300973369201,0.4668289777869134,1.9011244109989094,2463.0,,2463.0,2463.0,2463.0,,2463.0,invalidated,4.0,,4.0,4.0,,4.0,0,4.0,0.0,0.0,0.0,4.0,2463.0,2463.0,1,1,1.0,0.19086338187537844,1,2463.0
60,1,bull,2521,2522,2522,1088.293,1089.861,0.32115261013300783,0.7392062021479703,1.0,1.3702238276718608,2523.0,2523.0,2524.0,,2524.0,,2524.0,mitigated_full,1.0,1.0,2.0,,,1.0,0,1.0,0.0,1.0,0.0,2.0,2524.0,2523.0,2,2,1.0,0.26000765554176253,1,2524.0
61,1,bull,2530,2531,2531,1093.819,1097.684,0.6674328500190986,0.7394429222843429,0.8527906605226192,1.2832324730897635,2534.0,,2534.0,,2534.0,,2534.0,mitigated_full,3.0,,3.0,,,3.0,0,3.0,0.0,0.0,0.0,3.0,2534.0,2534.0,1,1,1.0,0.6200019235641655,1,2534.0
62,1,bull,2534,2536,2536,1093.795,1104.132,1.4109538358752567,0.6597057775116962,0.7173765189059444,2.0866064901833337,2537.0,2537.0,,,2540.0,2632.0,2632.0,retired,1.0,1.0,,,96.0,1.0,0,1.0,0.0,95.0,0.0,96.0,2632.0,2537.0,2,2,0.2295637032020944,0.33338197307967066,0,
63,-1,bear,2676,2679,2679,1111.825,1112.84,0.20569817167935092,0.7413810455019217,0.9494541123846953,2.6756974982096606,2698.0,,2698.0,2698.0,2698.0,,2698.0,invalidated,19.0,,19.0,19.0,,19.0,0,19.0,0.0,0.0,0.0,19.0,2698.0,2698.0,1,1,1.0,0.2329147700455859,1,2698.0
64,1,bull,2707,2709,2709,1127.616,1132.11,0.7548730696753833,0.7915456092664844,0.8956821719324495,1.2359492760729212,2717.0,2717.0,2722.0,,2722.0,,2722.0,mitigated_full,8.0,8.0,13.0,,,8.0,0,8.0,0.0,5.0,0.0,13.0,2722.0,2717.0,3,3,1.0,0.9090852809494078,1,2717.0
65,-1,bear,2751,2752,2752,1132.086,1133.792,0.3146533575580476,0.5199241118394631,0.5249454523635002,1.2073393192116715,2754.0,,2754.0,,2754.0,,2754.0,mitigated_full,2.0,,2.0,,,2.0,0,2.0,0.0,0.0,0.0,2.0,2754.0,2754.0,1,1,1.0,0.30766856161085543,1,2754.0
66,-1,bear,2754,2759,2760,1126.064,1134.69,1.497097658072514,0.4941476838209887,0.5863083956029179,2.5150060471978715,2772.0,,2772.0,2772.0,2772.0,,2772.0,invalidated,12.0,,12.0,12.0,,12.0,0,12.0,0.0,0.0,0.0,12.0,2772.0,2772.0,1,1,1.0,1.2584494278229796,1,2772.0
67,1,bull,2784,2785,2785,1136.311,1138.466,0.36469707531986867,0.7961778082736378,1.0,2.030118847117046,2797.0,2797.0,,,2799.0,2881.0,2881.0,retired,12.0,12.0,,,96.0,12.0,0,12.0,0.0,84.0,0.0,96.0,2881.0,2797.0,2,2,0.9062645011600925,0.3438191514587054,1,2797.0
68,-1,bear,2884,2885,2885,1172.076,1182.914,1.6674718523267265,0.8043638938949104,1.0,3.067698954008381,,,,,,2981.0,2981.0,retired,,,,,96.0,96.0,1,96.0,0.0,0.0,0.0,96.0,2981.0,2981.0,0,0,0.0,0.0,0,
69,-1,bear,2907,2908,2909,1135.768,1138.231,0.4582961214096881,0.6635041935996586,0.7995773377903238,2.447409210272725,,,,,,3005.0,3005.0,retired,,,,,96.0,96.0,1,96.0,0.0,0.0,0.0,96.0,3005.0,3005.0,0,0,0.0,0.0,0,
70,-1,bear,2912,2916,2916,1117.47,1122.782,0.9137236667042546,0.8984740276536345,0.9904222919729527,2.0328287449380786,,,,,,3012.0,3012.0,retired,,,,,96.0,96.0,1,96.0,0.0,0.0,0.0,96.0,3012.0,3012.0,0,0,0.0,0.0,0,
71,-1,bear,2925,2927,2927,1108.249,1110.448,0.36637011707742606,0.8258201684709706,1.0,3.8146476583012587,,,,,,3023.0,3023.0,retired,,,,,96.0,96.0,1,96.0,0.0,0.0,0.0,96.0,3023.0,3023.0,0,0,0.0,0.0,0,
72,-1,bear,3207,3209,3209,1090.613,1093.079,0.35572429862890714,0.7624997101327006,1.0,2.7860742513053665,3214.0,,3214.0,,3214.0,,3214.0,mitigated_full,5.0,,5.0,,,5.0,0,5.0,0.0,0.0,0.0,5.0,3214.0,3214.0,1,1,1.0,0.3417406507132217,1,3214.0
73,1,bull,3262,3263,3263,1114.796,1116.803,0.36929803954441875,0.6084752536552844,0.6674397912415249,2.059199980339507,3267.0,,3267.0,3267.0,3267.0,,3267.0,invalidated,4.0,,4.0,4.0,,4.0,0,4.0,0.0,0.0,0.0,4.0,3267.0,3267.0,1,1,1.0,0.342391240061259,1,3267.0
74,1,bull,3289,3291,3292,1126.608,1128.098,0.26411135562762333,0.5014781679972096,0.7628897101873566,3.0808855517877287,,,,,,3388.0,3388.0,retired,,,,,96.0,96.0,1,96.0,0.0,0.0,0.0,96.0,3388.0,3388.0,0,0,0.0,0.0,0,
75,1,bull,3294,3296,3296,1139.078,1141.09,0.3572194703179605,0.4375729044175946,0.35711019323736487,1.1188852395347406,,,,,,3392.0,3392.0,retired,,,,,96.0,96.0,1,96.0,0.0,0.0,0.0,96.0,3392.0,3392.0,0,0,0.0,0.0,0,
76,1,bull,3306,3308,3308,1164.294,1173.293,1.1515932656876062,0.7651877032028824,0.9846705339660592,0.38454692336831436,3309.0,3309.0,,,3309.0,3404.0,3404.0,retired,1.0,1.0,,,96.0,1.0,0,1.0,0.0,95.0,0.0,96.0,3404.0,3309.0,1,1,0.17668629847760353,0.18192058748644513,0,
77,1,bull,3419,3421,3421,1255.763,1263.663,0.893039524037038,0.725591787754796,0.9181871965062053,1.2538727089390884,3422.0,,3422.0,,3422.0,,3422.0,mitigated_full,1.0,,1.0,,,1.0,0,1.0,0.0,0.0,0.0,1.0,3422.0,3422.0,1,1,1.0,0.7614902971552673,1,3422.0
78,1,bull,3475,3477,3477,1254.429,1259.77,0.565577008882148,0.6895984976616585,0.7370779369777852,1.1785942911174863,3479.0,3479.0,3483.0,3483.0,3483.0,,3483.0,invalidated,2.0,2.0,6.0,6.0,,2.0,0,2.0,0.0,4.0,0.0,6.0,3483.0,3479.0,4,4,1.0,0.5930733009886588,1,3479.0
79,1,bull,3559,3564,3564,1216.364,1225.042,1.207770959694796,0.5533703128137661,0.5900631567900276,2.0297455261799047,3597.0,3597.0,,,3598.0,3660.0,3660.0,retired,33.0,33.0,,,96.0,33.0,0,33.0,0.0,63.0,0.0,96.0,3660.0,3597.0,2,2,0.17815164784510745,0.2040867279917683,0,
80,1,bull,3612,3613,3613,1226.689,1231.566,0.6599825805170836,0.7029581233396007,1.0,1.9531532878005238,3634.0,3634.0,,,3646.0,3709.0,3709.0,retired,21.0,21.0,,,96.0,21.0,0,21.0,0.0,75.0,0.0,96.0,3709.0,3634.0,6,6,0.8640557719909745,0.4765844156847196,1,3634.0
81,1,bull,3655,3656,3656,1235.449,1245.02,1.2270810287275509,0.747647397134209,1.0,1.4484966526553127,3751.0,3751.0,,,3751.0,3752.0,3752.0,retired,95.0,95.0,,,96.0,95.0,0,95.0,0.0,1.0,0.0,96.0,3752.0,3751.0,1,1,0.12757287639745218,0.1639611445505143,0,
82,-1,bear,3779,3785,3785,1222.817,1234.142,1.7012357600248564,0.5657590515691029,0.4328542272773843,1.7126524415049382,3787.0,3787.0,3819.0,3819.0,3819.0,,3819.0,invalidated,2.0,2.0,34.0,34.0,,2.0,0,2.0,0.0,32.0,0.0,34.0,3819.0,3787.0,2,2,1.0,1.6480169103884392,1,3819.0
83,1,bull,3843,3845,3845,1256.766,1261.853,0.9170231142247134,0.5478741209988158,0.39369178784088155,1.76644574332376,3898.0,3898.0,3908.0,,3908.0,,3908.0,mitigated_full,53.0,53.0,63.0,,,53.0,0,53.0,0.0,10.0,0.0,63.0,3908.0,3898.0,8,8,1.0,0.598995914696601,1,3903.0
84,1,bull,3848,3850,3850,1264.46,1266.966,0.44617290506188156,0.7083163290550477,0.6965604618989101,1.9792913749294903,3894.0,3894.0,3896.0,,3896.0,,3896.0,mitigated_full,44.0,44.0,46.0,,,44.0,0,44.0,0.0,2.0,0.0,46.0,3896.0,3894.0,2,2,1.0,0.30100586405998836,1,3894.0
85,1,bull,3854,3855,3855,1272.164,1276.615,0.7456625631317969,0.7492312013288251,0.9134019758082292,1.2618131713117526,3862.0,3862.0,3894.0,3894.0,3894.0,,3894.0,invalidated,7.0,7.0,39.0,39.0,,7.0,0,7.0,0.0,32.0,0.0,39.0,3894.0,3862.0,3,3,1.0,0.5015438107264862,1,3894.0
86,1,bull,3868,3870,3870,1280.621,1285.849,0.8398203026526017,0.6498916096889382,0.4629678816304052,1.7535345110474798,3876.0,3876.0,3877.0,,3877.0,,3877.0,mitigated_full,6.0,6.0,7.0,,,6.0,0,6.0,0.0,1.0,0.0,7.0,3877.0,3876.0,2,2,1.0,0.5566971298176058,1,3876.0
87,-1,bear,3890,3894,3894,1286.617,1291.139,0.509544172569114,0.6183172911963221,0.4788182480803835,2.3999958716385903,3909.0,,3909.0,3909.0,3909.0,,3909.0,invalidated,15.0,,15.0,15.0,,15.0,0,15.0,0.0,0.0,0.0,15.0,3909.0,3909.0,1,1,1.0,0.39763802901065703,1,3909.0
88,1,bull,4052,4055,4055,1316.284,1319.412,0.5389607502558141,0.6800658307416565,0.5473920241317008,1.698553413050482,,,,,,4151.0,4151.0,retired,,,,,96.0,96.0,1,96.0,0.0,0.0,0.0,96.0,4151.0,4151.0,0,0,0.0,0.0,0,
89,-1,bear,4096,4098,4098,1360.77,1364.682,0.5856655267262745,0.8896539417599226,1.0,3.684363142314271,,,,,,4194.0,4194.0,retired,,,,,96.0,96.0,1,96.0,0.0,0.0,0.0,96.0,4194.0,4194.0,0,0,0.0,0.0,0,
90,-1,bear,4201,4205,4205,1323.0,1325.443,0.4716791665531359,0.5645485326092013,0.6158949524252004,2.1321134000189375,4222.0,,4222.0,,4222.0,,4222.0,mitigated_full,17.0,,17.0,,,17.0,0,17.0,0.0,0.0,0.0,17.0,4222.0,4222.0,1,1,1.0,0.3768646013930198,1,4222.0
91,-1,bear,4246,4248,4248,1347.424,1349.298,0.35040211569085694,0.6396719116568731,0.7590017212247944,2.3170667116547827,,,,,,4344.0,4344.0,retired,,,,,96.0,96.0,1,96.0,0.0,0.0,0.0,96.0,4344.0,4344.0,0,0,0.0,0.0,0,
92,-1,bear,4358,4359,4359,1308.68,1310.088,0.21422185504746205,0.7906056338906484,1.0,4.1981702033558586,,,,,,4455.0,4455.0,retired,,,,,96.0,96.0,1,96.0,0.0,0.0,0.0,96.0,4455.0,4455.0,0,0,0.0,0.0,0,
93,-1,bear,4370,4371,4371,1265.323,1268.058,0.39169396344324237,0.8636546841152066,1.0,2.137345780777786,4377.0,4377.0,4426.0,4426.0,4426.0,,4426.0,invalidated,6.0,6.0,55.0,55.0,,6.0,0,6.0,0.0,49.0,0.0,55.0,4426.0,4377.0,2,2,1.0,0.556024512694493,1,4426.0
94,1,bull,4477,4482,4482,1270.855,1273.923,0.6349040678502849,0.6010849908658588,0.6919430033938153,2.269140516290208,4515.0,4515.0,4517.0,,4517.0,,4517.0,mitigated_full,33.0,33.0,35.0,,,33.0,0,33.0,0.0,2.0,0.0,35.0,4517.0,4515.0,2,2,1.0,0.3397470697856392,1,4517.0
95,-1,bear,4530,4532,4532,1259.626,1264.788,0.3632984701114431,0.8161886698132711,1.0,1.70648934614338,,,,,,4628.0,4628.0,retired,,,,,96.0,96.0,1,96.0,0.0,0.0,0.0,96.0,4628.0,4628.0,0,0,0.0,0.0,0,
96,-1,bear,4577,4580,4580,1212.637,1214.931,0.3011309614286996,0.9407420537787746,1.0,3.300101294820031,,,,,,4676.0,4676.0,retired,,,,,96.0,96.0,1,96.0,0.0,0.0,0.0,96.0,4676.0,4676.0,0,0,0.0,0.0,0,
97,1,bull,4728,4729,4729,1144.257,1146.798,0.5025171232015823,0.8088211231687565,0.9695461805229617,2.50605941960276,4739.0,4739.0,,,4740.0,4825.0,4825.0,retired,10.0,10.0,,,96.0,10.0,0,10.0,0.0,86.0,0.0,96.0,4825.0,4739.0,2,2,0.3168044077135312,0.1356132169574454,0,
98,1,bull,4778,4780,4780,1189.385,1194.945,0.7988056040261802,0.5047643399418674,0.37582002132595593,0.8577103338194899,4784.0,4784.0,4788.0,,4788.0,,4788.0,mitigated_full,4.0,4.0,8.0,,,4.0,0,4.0,0.0,4.0,0.0,8.0,4788.0,4784.0,5,5,1.0,0.7945764489377686,1,4785.0
99,-1,bear,4810,4811,4811,1201.964,1205.721,0.5970691174001468,0.48302616712783875,0.5515835321570798,0.9851560976213347,4812.0,4812.0,4813.0,,4813.0,,4813.0,mitigated_full,1.0,1.0,2.0,,,1.0,0,1.0,0.0,1.0,0.0,2.0,4813.0,4812.0,2,2,1.0,0.5907378441357993,1,4813.0
100,1,bull,4816,4820,4820,1198.529,1207.719,1.3454732436353867,0.8349154630964208,1.0,1.713684909331013,4831.0,4831.0,4835.0,4835.0,4835.0,,4835.0,invalidated,11.0,11.0,15.0,15.0,,11.0,0,11.0,0.0,4.0,0.0,15.0,4835.0,4831.0,5,5,1.0,1.4566205091814706,1,4833.0
101,1,bull,4893,4894,4894,1230.87,1234.688,0.7172743472268309,0.6300734688886742,0.6781206803096389,0.592343115978503,4902.0,,4902.0,,4902.0,,4902.0,mitigated_full,8.0,,8.0,,,8.0,0,8.0,0.0,0.0,0.0,8.0,4902.0,4902.0,1,1,1.0,0.6867037698740914,1,4902.0
102,-1,bear,4946,4947,4947,1234.007,1234.864,0.1956008915932171,0.7156802639836506,0.8707524527615224,1.370803914712857,4948.0,4948.0,4949.0,4949.0,4949.0,,4949.0,invalidated,1.0,1.0,2.0,2.0,,1.0,0,1.0,0.0,1.0,0.0,2.0,4949.0,4948.0,2,2,1.0,0.17941823093719908,1,4949.0
103,1,bull,4958,4960,4960,1235.618,1236.744,0.22787332010589142,0.7997682373618169,1.0,2.524010700142747,4990.0,,4990.0,,4990.0,,4990.0,mitigated_full,30.0,,30.0,,,30.0,0,30.0,0.0,0.0,0.0,30.0,4990.0,4990.0,1,1,1.0,0.2047180004995544,1,4990.0
104,-1,bear,5005,5008,5008,1225.187,1227.103,0.36142415795016963,0.6898499106655734,0.7360755548156249,1.875029295419786,5049.0,5049.0,5051.0,,5051.0,,5051.0,mitigated_full,41.0,41.0,43.0,,,41.0,0,41.0,0.0,2.0,0.0,43.0,5051.0,5049.0,3,3,1.0,0.34160853065123675,1,5050.0
105,-1,bear,5011,5013,5013,1215.529,1218.512,0.6208582378189854,0.5606031023745185,0.6096336900752164,0.859169562761238,5047.0,,5047.0,,5047.0,,5047.0,mitigated_full,34.0,,34.0,,,34.0,0,34.0,0.0,0.0,0.0,34.0,5047.0,5047.0,1,1,1.0,0.5360895548997745,1,5047.0
106,1,bull,5060,5062,5062,1228.431,1229.56,0.2488151574276212,0.5428247383285788,0.5051473096120687,1.102808722557975,5068.0,,5068.0,5068.0,5068.0,,5068.0,invalidated,6.0,,6.0,6.0,,6.0,0,6.0,0.0,0.0,0.0,6.0,5068.0,5068.0,1,1,1.0,0.2666231252420432,1,5068.0
107,1,bull,5147,5148,5148,1251.053,1253.077,0.3910106678906687,0.901469806612718,1.0,3.1406425039026575,5152.0,5152.0,5158.0,,5158.0,,5158.0,mitigated_full,4.0,4.0,10.0,,,4.0,0,4.0,0.0,6.0,0.0,10.0,5158.0,5152.0,5,5,1.0,0.3993839569976127,1,5152.0
108,1,bull,5171,5172,5172,1272.483,1276.297,0.6877542454826363,0.8084586919379017,1.0,1.8717590634791657,5195.0,5195.0,5210.0,5210.0,5210.0,,5210.0,invalidated,23.0,23.0,38.0,38.0,,23.0,0,23.0,0.0,15.0,0.0,38.0,5210.0,5195.0,2,2,1.0,0.6593094444301978,1,5195.0
109,1,bull,5312,5313,5313,1233.286,1235.27,0.5025779128686596,0.7046210332406587,0.811836665976757,0.8929370679748684,,,,,,5409.0,5409.0,retired,,,,,96.0,96.0,1,96.0,0.0,0.0,0.0,96.0,5409.0,5409.0,0,0,0.0,0.0,0,
110,1,bull,5323,5324,5324,1255.654,1260.285,0.8207987597616256,0.7417492912269125,0.9355077422229877,0.8259387217639786,5325.0,,5325.0,5325.0,5325.0,,5325.0,invalidated,1.0,,1.0,1.0,,1.0,0,1.0,0.0,0.0,0.0,1.0,5325.0,5325.0,1,1,1.0,0.7272474727898116,1,5325.0
111,1,bull,5370,5372,5372,1266.104,1267.366,0.35627388164590995,0.5409611969563166,0.5220148258471984,0.8768515660794325,5373.0,5373.0,5374.0,5374.0,5374.0,,5374.0,invalidated,1.0,1.0,2.0,2.0,,1.0,0,1.0,0.0,1.0,0.0,2.0,5374.0,5373.0,2,2,1.0,0.33121409911333494,1,5374.0
112,1,bull,5401,5403,5403,1277.666,1281.101,0.8329404751969905,0.5990787120378611,0.689789047332351,0.9558810344181042,5418.0,,5418.0,5418.0,5418.0,,5418.0,invalidated,15.0,,15.0,15.0,,15.0,0,15.0,0.0,0.0,0.0,15.0,5418.0,5418.0,1,1,1.0,0.6319905892389481,1,5418.0
113,-1,bear,5414,5418,5418,1283.194,1287.34,0.7628043618586668,0.7561292196357863,0.503887115118642,2.2111391270664673,,,,,,5514.0,5514.0,retired,,,,,96.0,96.0,1,96.0,0.0,0.0,0.0,96.0,5514.0,5514.0,0,0,0.0,0.0,0,
114,-1,bear,5423,5424,5424,1272.499,1275.102,0.45218462973533624,0.7625567041227159,0.8071372056943213,1.4289937626595595,5443.0,,5443.0,5443.0,5443.0,,5443.0,invalidated,19.0,,19.0,19.0,,19.0,0,19.0,0.0,0.0,0.0,19.0,5443.0,5443.0,1,1,1.0,0.5257770758385958,1,5443.0
115,-1,bear,5434,5436,5436,1265.413,1267.112,0.37109908798003977,0.5439733316732428,0.6532665644169229,0.8457302346431324,5438.0,,5438.0,,5438.0,,5438.0,mitigated_full,2.0,,2.0,,,2.0,0,2.0,0.0,0.0,0.0,2.0,5438.0,5438.0,1,1,1.0,0.3513888937386349,1,5438.0
116,1,bull,5483,5485,5485,1249.721,1252.085,0.6183222874441733,0.6067319121788453,0.5725660074864951,1.5131110122099842,5492.0,,5492.0,5492.0,5492.0,,5492.0,invalidated,7.0,,7.0,7.0,,7.0,0,7.0,0.0,0.0,0.0,7.0,5492.0,5492.0,1,1,1.0,0.5283034643910917,1,5492.0
117,-1,bear,5520,5521,5521,1241.446,1242.648,0.28191618921291756,0.6499241319497565,0.8946620673573371,0.9803741022545349,5592.0,,5592.0,,5592.0,,5592.0,mitigated_full,71.0,,71.0,,,71.0,0,71.0,0.0,0.0,0.0,71.0,5592.0,5592.0,1,1,1.0,0.30491222265138107,1,5592.0
118,-1,bear,5550,5553,5553,1209.841,1212.901,0.6372083726822175,0.5953070408933665,0.557925580100174,1.066803429166896,5555.0,,5555.0,,5555.0,,5555.0,mitigated_full,2.0,,2.0,,,2.0,0,2.0,0.0,0.0,0.0,2.0,5555.0,5555.0,1,1,1.0,0.6267141894994589,1,5555.0
119,1,bull,5731,5733,5733,1285.814,1288.744,0.5649459176045663,0.6529392702451694,0.5723636762959421,1.7522964161060388,5735.0,,5735.0,,5735.0,,5735.0,mitigated_full,2.0,,2.0,,,2.0,0,2.0,0.0,0.0,0.0,2.0,5735.0,5735.0,1,1,1.0,0.4812379470121355,1,5735.0
120,1,bull,5816,5821,5821,1331.469,1339.245,1.3692489929015021,0.745029317796796,0.9742927071257454,1.4537705356732449,5830.0,5830.0,5834.0,,5834.0,,5834.0,mitigated_full,9.0,9.0,13.0,,,9.0,0,9.0,0.0,4.0,0.0,13.0,5834.0,5830.0,5,5,1.0,1.2854065407990305,1,5830.0
121,-1,bear,5862,5863,5863,1317.174,1319.583,0.4571811759263547,0.4343547257065937,0.44278494217014597,0.5023489301274296,,,,,,5959.0,5959.0,retired,,,,,96.0,96.0,1,96.0,0.0,0.0,0.0,96.0,5959.0,5959.0,0,0,0.0,0.0,0,
122,1,bull,6089,6094,6094,1271.82,1276.463,1.0311353245138433,0.5192084553214418,0.38075612862506475,2.0573848042852276,6107.0,6107.0,6117.0,,6117.0,,6117.0,mitigated_full,13.0,13.0,23.0,,,13.0,0,13.0,0.0,10.0,0.0,23.0,6117.0,6107.0,9,9,1.0,1.2555255287375564,1,6107.0
123,-1,bear,6113,6117,6117,1277.321,1279.766,0.6611587158654989,0.6052882895873596,0.4557160972563287,2.005920390302606,6119.0,,6119.0,6119.0,6119.0,,6119.0,invalidated,2.0,,2.0,2.0,,2.0,0,2.0,0.0,0.0,0.0,2.0,6119.0,6119.0,1,1,1.0,0.5690111119882442,1,6119.0
124,-1,bear,6205,6206,6206,1275.381,1276.208,0.16905979966856938,0.7966139263319265,1.0,1.8570002662506622,6285.0,6285.0,6287.0,6287.0,6287.0,,6287.0,invalidated,79.0,79.0,81.0,81.0,,79.0,0,79.0,0.0,2.0,0.0,81.0,6287.0,6285.0,2,2,1.0,0.24015880682733848,1,6285.0
125,-1,bear,6215,6216,6216,1262.99,1264.438,0.3172612240251664,0.5905752083760182,0.5802221212103982,1.5069908141194281,6261.0,6261.0,6264.0,,6264.0,,6264.0,mitigated_full,45.0,45.0,48.0,,,45.0,0,45.0,0.0,3.0,0.0,48.0,6264.0,6261.0,2,2,1.0,0.3838577208740876,1,6261.0
126,-1,bear,6229,6232,6232,1249.607,1251.387,0.41986441710015204,0.556055963679596,0.37231433070437964,2.108993119827264,6244.0,,6244.0,6244.0,6244.0,,6244.0,invalidated,12.0,,12.0,12.0,,12.0,0,12.0,0.0,0.0,0.0,12.0,6244.0,6244.0,1,1,1.0,0.3742520615497949,1,6244.0
127,1,bull,6292,6295,6295,1282.095,1283.375,0.41746107833233953,0.8175695517164431,1.0,0.9458102555967566,6296.0,6296.0,,,6297.0,6391.0,6391.0,retired,1.0,1.0,,,96.0,1.0,0,1.0,0.0,95.0,0.0,96.0,6391.0,6296.0,2,2,0.4125000000000244,0.17084217943585425,0,
128,1,bull,6310,6312,6312,1301.862,1303.685,0.4924670770372024,0.8767661764242104,0.978902584392948,1.7091822251314364,,,,,,6408.0,6408.0,retired,,,,,96.0,96.0,1,96.0,0.0,0.0,0.0,96.0,6408.0,6408.0,0,0,0.0,0.0,0,
129,1,bull,6403,6405,6405,1331.312,1336.278,1.0089992703651225,0.4713247324417611,0.4470540258938324,1.101243666004612,6430.0,6430.0,6452.0,,6452.0,,6452.0,mitigated_full,25.0,25.0,47.0,,,25.0,0,25.0,0.0,22.0,0.0,47.0,6452.0,6430.0,8,8,1.0,0.7176418312985375,1,6441.0
130,-1,bear,6466,6470,6470,1323.883,1330.478,0.9021161798669781,0.9216228675013831,1.0,1.747055018841689,6484.0,6484.0,6492.0,,6492.0,,6492.0,mitigated_full,14.0,14.0,22.0,,,14.0,0,14.0,0.0,8.0,0.0,22.0,6492.0,6484.0,8,8,1.0,1.126073188695307,1,6491.0
131,1,bull,6483,6484,6484,1312.306,1315.25,0.4214160751555549,0.5517882898355978,0.7183926320238663,1.5526834807107193,6553.0,6553.0,6563.0,6563.0,6563.0,,6563.0,invalidated,69.0,69.0,79.0,79.0,,69.0,0,69.0,0.0,10.0,0.0,79.0,6563.0,6553.0,4,4,1.0,0.6060817744217819,1,6553.0
132,1,bull,6493,6496,6496,1322.871,1329.559,1.165990857384245,0.7084155746961593,0.8900133817908532,0.9581766973959391,6499.0,,6499.0,,6499.0,,6499.0,mitigated_full,3.0,,3.0,,,3.0,0,3.0,0.0,0.0,0.0,3.0,6499.0,6499.0,1,1,1.0,1.033033247946689,1,6499.0
133,1,bull,6498,6500,6500,1330.117,1334.213,0.5426664880909325,0.8633646946053231,1.0,2.795739314378637,6523.0,,6523.0,6523.0,6523.0,,6523.0,invalidated,23.0,,23.0,23.0,,23.0,0,23.0,0.0,0.0,0.0,23.0,6523.0,6523.0,1,1,1.0,0.6869681348028374,1,6523.0
134,1,bull,6577,6582,6582,1317.713,1321.04,0.6428652931582307,0.8283147023096397,0.9575225991039078,2.2727326655025784,6595.0,6595.0,6597.0,,6597.0,,6597.0,mitigated_full,13.0,13.0,15.0,,,13.0,0,13.0,0.0,2.0,0.0,15.0,6597.0,6595.0,3,3,1.0,0.7162980275357154,1,6595.0
135,-1,bear,6631,6632,6632,1317.348,1320.971,0.7795895507270199,0.8600727415364346,1.0,1.6663376982693614,6640.0,6640.0,6651.0,6651.0,6651.0,,6651.0,invalidated,8.0,8.0,19.0,19.0,,8.0,0,8.0,0.0,11.0,0.0,19.0,6651.0,6640.0,5,5,1.0,0.813975387217531,1,6640.0
136,1,bull,6658,6660,6660,1324.625,1330.505,1.0840658264049592,0.7832054818556309,1.0,1.5789013158727443,6682.0,6682.0,6683.0,,6683.0,,6683.0,mitigated_full,22.0,22.0,23.0,,,22.0,0,22.0,0.0,1.0,0.0,23.0,6683.0,6682.0,2,2,1.0,1.0231871531315693,1,6683.0
137,1,bull,6668,6670,6670,1343.408,1347.52,0.7384234099261402,0.5906144597642808,0.5693364092122649,1.4736144216570732,6676.0,,6676.0,6676.0,6676.0,,6676.0,invalidated,6.0,,6.0,6.0,,6.0,0,6.0,0.0,0.0,0.0,6.0,6676.0,6676.0,1,1,1.0,0.7440897114877117,1,6676.0
138,1,bull,6725,6727,6727,1326.755,1331.301,0.8342651091395243,0.653851877807154,0.7424897331108554,1.2124922076737856,6730.0,6730.0,6788.0,6788.0,6788.0,,6788.0,invalidated,3.0,3.0,61.0,61.0,,3.0,0,3.0,0.0,58.0,0.0,61.0,6788.0,6730.0,4,4,1.0,0.9080789595620335,1,6787.0
139,1,bull,6730,6732,6732,1330.844,1333.668,0.5487105809737789,0.43915813816996174,0.4208099203254257,1.4055851072112684,6746.0,6746.0,6784.0,,6784.0,,6784.0,mitigated_full,14.0,14.0,52.0,,,14.0,0,14.0,0.0,38.0,0.0,52.0,6784.0,6746.0,3,3,1.0,0.5682807515462331,1,6750.0
140,-1,bear,6786,6787,6787,1333.432,1335.329,0.3895743865476324,0.6826042134556732,0.7918082562745669,1.3186384480877453,,,,,,6883.0,6883.0,retired,,,,,96.0,96.0,1,96.0,0.0,0.0,0.0,96.0,6883.0,6883.0,0,0,0.0,0.0,0,
141,1,bull,6872,6873,6873,1318.322,1319.689,0.2868369200490825,0.5705836403074581,0.6542238840587401,1.2245649344595593,6875.0,,6875.0,,6875.0,,6875.0,mitigated_full,2.0,,2.0,,,2.0,0,2.0,0.0,0.0,0.0,2.0,6875.0,6875.0,1,1,1.0,0.28875690427772543,1,6875.0
142,1,bull,6922,6923,6923,1289.054,1292.44,0.7742626856414421,0.7483334662771929,1.0,1.2386830974954717,6924.0,,6924.0,,6924.0,,6924.0,mitigated_full,1.0,,1.0,,,1.0,0,1.0,0.0,0.0,0.0,1.0,6924.0,6924.0,1,1,1.0,0.7017875648093814,1,6924.0
143,-1,bear,7136,7142,7142,1254.293,1256.381,0.45851397236364844,0.6135386142197884,0.5630202542521392,2.7212189394299457,,,,,,7238.0,7238.0,retired,,,,,96.0,96.0,1,96.0,0.0,0.0,0.0,96.0,7238.0,7238.0,0,0,0.0,0.0,0,
144,-1,bear,7150,7152,7152,1246.124,1248.039,0.48843066845869454,0.5096903197770174,0.42176430031401463,1.8050255042727132,,,,,,7248.0,7248.0,retired,,,,,96.0,96.0,1,96.0,0.0,0.0,0.0,96.0,7248.0,7248.0,0,0,0.0,0.0,0,
145,-1,bear,7164,7166,7166,1240.572,1242.972,0.5480517087275255,0.9270374407299904,1.0,3.321878419524542,,,,,,7262.0,7262.0,retired,,,,,96.0,96.0,1,96.0,0.0,0.0,0.0,96.0,7262.0,7262.0,0,0,0.0,0.0,0,
146,-1,bear,7169,7170,7170,1227.872,1229.14,0.3047352875963752,0.4854795921333703,0.3768958674702787,1.3624166761702214,7173.0,7173.0,7184.0,,7184.0,,7184.0,mitigated_full,3.0,3.0,14.0,,,3.0,0,3.0,0.0,11.0,0.0,14.0,7184.0,7173.0,5,5,1.0,0.2301283027636342,1,7179.0
147,-1,bear,7280,7283,7283,1210.934,1213.12,0.48946071350635806,0.8622094701108464,1.0,2.234815819536657,7346.0,7346.0,7351.0,,7351.0,,7351.0,mitigated_full,63.0,63.0,68.0,,,63.0,0,63.0,0.0,5.0,0.0,68.0,7351.0,7346.0,6,6,1.0,0.4938024310667186,1,7346.0
148,-1,bear,7292,7293,7293,1194.134,1194.654,0.12017349637276505,0.6847806571314191,1.0,1.134252923456807,7318.0,7318.0,7319.0,7319.0,7319.0,,7319.0,invalidated,25.0,25.0,26.0,26.0,,25.0,0,25.0,0.0,1.0,0.0,26.0,7319.0,7318.0,2,2,1.0,0.11504401398039965,1,7318.0
149,1,bull,7418,7421,7421,1192.591,1194.438,0.3782299926007652,0.8367507720840056,1.0,2.8628344864959523,7433.0,7433.0,7434.0,,7434.0,,7434.0,mitigated_full,12.0,12.0,13.0,,,12.0,0,12.0,0.0,1.0,0.0,13.0,7434.0,7433.0,2,2,1.0,0.38525037343834134,1,7433.0
150,-1,bear,7487,7488,7488,1195.012,1197.324,0.5044900352996947,0.7991581029710196,1.0,2.6994144579118156,7507.0,,7507.0,7507.0,7507.0,,7507.0,invalidated,19.0,,19.0,19.0,,19.0,0,19.0,0.0,0.0,0.0,19.0,7507.0,7507.0,1,1,1.0,0.4595177321984753,1,7507.0
151,1,bull,7506,7507,7507,1188.887,1192.718,0.7614240623063684,0.8494367140982418,1.0,2.914121535248138,7532.0,,7532.0,7532.0,7532.0,,7532.0,invalidated,25.0,,25.0,25.0,,25.0,0,25.0,0.0,0.0,0.0,25.0,7532.0,7532.0,1,1,1.0,0.7868352773366445,1,7532.0
152,-1,bear,7683,7686,7686,1209.415,1211.354,0.4137720378958231,0.5749132802083798,0.3544081760800806,1.2280856514132632,7699.0,,7699.0,7699.0,7699.0,,7699.0,invalidated,13.0,,13.0,13.0,,13.0,0,13.0,0.0,0.0,0.0,13.0,7699.0,7699.0,1,1,1.0,0.37043520687900067,1,7699.0
153,-1,bear,7689,7691,7691,1200.222,1204.868,0.9973516424711815,0.6074718572911636,0.5810962236601269,0.8595342179196195,7692.0,7692.0,7699.0,7699.0,7699.0,,7699.0,invalidated,1.0,1.0,8.0,8.0,,1.0,0,1.0,0.0,7.0,0.0,8.0,7699.0,7692.0,8,8,1.0,0.967900605331514,1,7692.0
154,1,bull,7705,7710,7710,1211.667,1212.021,0.06674435005813274,0.6170069248710927,0.6019952183461306,2.4912234387514163,7751.0,7751.0,7756.0,,7756.0,,7756.0,mitigated_full,41.0,41.0,46.0,,,41.0,0,41.0,0.0,5.0,0.0,46.0,7756.0,7751.0,2,2,1.0,0.10120533966829325,1,7751.0
155,1,bull,7793,7799,7799,1236.914,1243.515,1.4974861835994784,0.7855972644890934,0.9084247291187049,1.1147776255427497,7804.0,7804.0,7828.0,7828.0,7828.0,,7828.0,invalidated,5.0,5.0,29.0,29.0,,5.0,0,5.0,0.0,24.0,0.0,29.0,7828.0,7804.0,17,17,1.0,1.870745176253205,1,7821.0
156,1,bull,7885,7887,7887,1278.053,1280.261,0.47459392318923554,0.5239796198180801,0.37667953677054616,0.6448286999854164,7888.0,7888.0,7889.0,,7889.0,,7889.0,mitigated_full,1.0,1.0,2.0,,,1.0,0,1.0,0.0,1.0,0.0,2.0,7889.0,7888.0,2,2,1.0,0.47205561889991915,1,7888.0
157,1,bull,7895,7898,7898,1278.423,1283.491,0.9889116638103412,0.5743311305551583,0.5198475499095935,1.7019115098172464,7906.0,,7906.0,7906.0,7906.0,,7906.0,invalidated,8.0,,8.0,8.0,,8.0,0,8.0,0.0,0.0,0.0,8.0,7906.0,7906.0,1,1,1.0,0.8695706173220915,1,7906.0
158,1,bull,8014,8015,8015,1309.002,1310.638,0.3701936044557048,0.7577023969053113,1.0,2.8332482404584605,8030.0,8030.0,8031.0,,8031.0,,8031.0,mitigated_full,15.0,15.0,16.0,,,15.0,0,15.0,0.0,1.0,0.0,16.0,8031.0,8030.0,2,2,1.0,0.40250773994657146,1,8031.0
159,-1,bear,8039,8045,8045,1314.427,1315.372,0.2652784801040063,0.6876883623759126,0.7032398782471759,2.4818275583059104,8055.0,8055.0,8056.0,,8056.0,,8056.0,mitigated_full,10.0,10.0,11.0,,,10.0,0,10.0,0.0,1.0,0.0,11.0,8056.0,8055.0,2,2,1.0,0.27666402493738507,1,8055.0
160,1,bull,8094,8096,8096,1322.84,1324.913,0.5069814184674324,0.911950853686162,1.0,2.462516113144394,8109.0,8109.0,8110.0,,8110.0,,8110.0,mitigated_full,13.0,13.0,14.0,,,13.0,0,13.0,0.0,1.0,0.0,14.0,8110.0,8109.0,2,2,1.0,0.3975057614274995,1,8110.0
161,-1,bear,8131,8132,8132,1326.384,1327.703,0.3148691154350452,0.4479313531845364,0.45728072855203367,0.9584529935343262,8138.0,8138.0,,,8138.0,8228.0,8228.0,retired,6.0,6.0,,,96.0,6.0,0,6.0,0.0,90.0,0.0,96.0,8228.0,8138.0,1,1,0.6315390447309394,0.1731317499018417,1,8138.0
162,-1,bear,8147,8149,8149,1292.96,1296.994,0.7266543668812578,0.8693642219133284,1.0,1.2178756010124714,8172.0,8172.0,8174.0,,8174.0,,8174.0,mitigated_full,23.0,23.0,25.0,,,23.0,0,23.0,0.0,2.0,0.0,25.0,8174.0,8172.0,3,3,1.0,0.8604881263572011,1,8173.0
163,1,bull,8187,8189,8189,1294.341,1296.338,0.5271196423404,0.7082358474496029,1.0,1.490822103123959,8199.0,8199.0,8200.0,,8200.0,,8200.0,mitigated_full,10.0,10.0,11.0,,,10.0,0,10.0,0.0,1.0,0.0,11.0,8200.0,8199.0,2,2,1.0,0.47837827579171294,1,8200.0
164,1,bull,8214,8216,8216,1300.947,1305.705,1.276725138932244,0.5837457128401177,0.7497228806966648,0.46153157607471146,8217.0,8217.0,8226.0,,8226.0,,8226.0,mitigated_full,1.0,1.0,10.0,,,1.0,0,1.0,0.0,9.0,0.0,10.0,8226.0,8217.0,9,9,1.0,1.1694238405690565,1,8224.0
165,1,bull,8225,8226,8226,1302.105,1304.693,0.5371580146390682,0.7670029204365919,1.0,2.5037624152207187,8232.0,8232.0,8262.0,8262.0,8262.0,,8262.0,invalidated,6.0,6.0,36.0,36.0,,6.0,0,6.0,0.0,30.0,0.0,36.0,8262.0,8232.0,2,2,1.0,0.5102929556514084,1,8232.0
166,-1,bear,8260,8262,8262,1310.188,1312.232,0.4030289031497009,0.766157638987435,1.0,3.7404394778621954,8319.0,8319.0,,,8319.0,8358.0,8358.0,retired,57.0,57.0,,,96.0,57.0,0,57.0,0.0,39.0,0.0,96.0,8358.0,8319.0,1,1,0.13502935420736673,0.07469714699327643,0,
167,-1,bear,8265,8266,8266,1291.027,1292.607,0.33097445676496734,0.47608613087901114,0.5594087276781525,0.9089228910780002,8267.0,8267.0,8268.0,8268.0,8268.0,,8268.0,invalidated,1.0,1.0,2.0,2.0,,1.0,0,1.0,0.0,1.0,0.0,2.0,8268.0,8267.0,2,2,1.0,0.3116686934376763,1,8267.0
168,1,bull,8301,8303,8303,1290.972,1291.662,0.18248605846828003,0.5502292308550999,0.3734399277669139,1.290890509251563,8325.0,,8325.0,8325.0,8325.0,,8325.0,invalidated,22.0,,22.0,22.0,,22.0,0,22.0,0.0,0.0,0.0,22.0,8325.0,8325.0,1,1,1.0,0.17022801948923671,1,8325.0
169,1,bull,8317,8318,8318,1302.493,1305.032,0.6877764635116163,0.5127651363450191,0.48298934502390234,0.5786098960460012,8323.0,8323.0,8324.0,8324.0,8324.0,,8324.0,invalidated,5.0,5.0,6.0,6.0,,5.0,0,5.0,0.0,1.0,0.0,6.0,8324.0,8323.0,2,2,1.0,0.6623334548838419,1,8323.0
170,-1,bear,8329,8332,8332,1293.236,1295.64,0.6564099145255128,0.46529159517888885,0.40188640289852634,1.161277606687651,,,,,,8428.0,8428.0,retired,,,,,96.0,96.0,1,96.0,0.0,0.0,0.0,96.0,8428.0,8428.0,0,0,0.0,0.0,0,
171,-1,bear,8341,8343,8343,1285.284,1286.829,0.37770296126893077,0.773419029711851,0.8011476146961632,2.9326373614126746,8386.0,,8386.0,,8386.0,,8386.0,mitigated_full,43.0,,43.0,,,43.0,0,43.0,0.0,0.0,0.0,43.0,8386.0,8386.0,1,1,1.0,0.37185927839072463,1,8386.0
172,1,bull,8453,8455,8455,1282.485,1284.451,0.44689216687772143,0.9208122268600928,1.0,3.4401149814481298,8474.0,8474.0,8479.0,8479.0,8479.0,,8479.0,invalidated,19.0,19.0,24.0,24.0,,19.0,0,19.0,0.0,5.0,0.0,24.0,8479.0,8474.0,3,3,1.0,0.46168550203750275,1,8479.0
173,-1,bear,8471,8473,8473,1295.36,1297.132,0.44651453622348186,0.880494197763524,1.0,2.2970804244993692,8540.0,,8540.0,8540.0,8540.0,,8540.0,invalidated,67.0,,67.0,67.0,,67.0,0,67.0,0.0,0.0,0.0,67.0,8540.0,8540.0,1,1,1.0,0.48184992415987093,1,8540.0
174,-1,bear,8477,8479,8479,1285.596,1288.863,0.7672057655933124,0.8848743500694891,1.0,2.4249056429496276,8504.0,8504.0,8536.0,,8536.0,,8536.0,mitigated_full,25.0,25.0,57.0,,,25.0,0,25.0,0.0,32.0,0.0,57.0,8536.0,8504.0,9,9,1.0,0.911829725627414,1,8514.0
175,1,bull,8556,8558,8558,1324.504,1326.016,0.2882548078489678,0.7597185730428272,1.0,1.511050004636667,8577.0,8577.0,8584.0,8584.0,8584.0,,8584.0,invalidated,19.0,19.0,26.0,26.0,,19.0,0,19.0,0.0,7.0,0.0,26.0,8584.0,8577.0,6,6,1.0,0.3020915033258599,1,8578.0
176,1,bull,8621,8624,8624,1341.784,1345.566,0.5922032280015377,0.6664999075095319,0.4935366706424172,2.6379819624912986,,,,,,8720.0,8720.0,retired,,,,,96.0,96.0,1,96.0,0.0,0.0,0.0,96.0,8720.0,8720.0,0,0,0.0,0.0,0,
177,1,bull,8630,8631,8631,1386.592,1390.063,0.37712494070488317,0.8346354800385875,1.0,2.3302214356950675,8633.0,,8633.0,,8633.0,,8633.0,mitigated_full,2.0,,2.0,,,2.0,0,2.0,0.0,0.0,0.0,2.0,8633.0,8633.0,1,1,1.0,0.33401217118750304,1,8633.0
178,-1,bear,8695,8696,8696,1414.043,1416.109,0.22015430660724525,0.7750905620502658,0.9687994726972071,2.9481069925440186,8716.0,,8716.0,,8716.0,,8716.0,mitigated_full,20.0,,20.0,,,20.0,0,20.0,0.0,0.0,0.0,20.0,8716.0,8716.0,1,1,1.0,0.25096503199344394,1,8716.0
179,1,bull,8751,8753,8753,1417.93,1419.765,0.24405535299677955,0.80980257496928,1.0,2.377910439362023,8768.0,,8768.0,,8768.0,,8768.0,mitigated_full,15.0,,15.0,,,15.0,0,15.0,0.0,0.0,0.0,15.0,8768.0,8768.0,1,1,1.0,0.26697924839596565,1,8768.0
180,1,bull,8812,8815,8815,1405.563,1410.255,0.5422095737443174,0.8803262339209028,1.0,3.517659723950747,,,,,,8911.0,8911.0,retired,,,,,96.0,96.0,1,96.0,0.0,0.0,0.0,96.0,8911.0,8911.0,0,0,0.0,0.0,0,
181,1,bull,8934,8936,8936,1536.988,1541.864,0.6035730462604406,0.6622151861774028,0.7050747512436526,1.0336002740514045,8937.0,,8937.0,8937.0,8937.0,,8937.0,invalidated,1.0,,1.0,1.0,,1.0,0,1.0,0.0,0.0,0.0,1.0,8937.0,8937.0,1,1,1.0,0.5697438015682176,1,8937.0
182,-1,bear,8981,8982,8982,1509.434,1511.155,0.16585945194848375,0.5119869039265708,0.5962660739908026,1.142608752063462,9000.0,,9000.0,,9000.0,,9000.0,mitigated_full,18.0,,18.0,,,18.0,0,18.0,0.0,0.0,0.0,18.0,9000.0,9000.0,1,1,1.0,0.18966710128779368,1,9000.0
183,1,bull,9049,9051,9051,1519.564,1522.189,0.3896922813252839,0.7908307805550157,1.0,1.9674635445348418,9056.0,,9056.0,9056.0,9056.0,,9056.0,invalidated,5.0,,5.0,5.0,,5.0,0,5.0,0.0,0.0,0.0,5.0,9056.0,9056.0,1,1,1.0,0.38232856733773707,1,9056.0
184,-1,bear,9065,9066,9066,1505.443,1507.353,0.2684907004314049,0.6021070771842084,0.7526382568166304,1.314620434782416,9093.0,,9093.0,9093.0,9093.0,,9093.0,invalidated,27.0,,27.0,27.0,,27.0,0,27.0,0.0,0.0,0.0,27.0,9093.0,9093.0,1,1,1.0,0.21332484941183683,1,9093.0
185,-1,bear,9071,9075,9075,1495.016,1500.238,0.6931959730772986,0.6459502274934051,0.5332982221848228,2.10587148925667,9087.0,9087.0,9088.0,,9088.0,,9088.0,mitigated_full,12.0,12.0,13.0,,,12.0,0,12.0,0.0,1.0,0.0,13.0,9088.0,9087.0,2,2,1.0,0.5951641704015955,1,9087.0
186,1,bull,9091,9093,9093,1495.675,1500.874,0.580668006330946,0.6716806341349054,0.4978655875718001,2.0726016913797327,9099.0,,9099.0,,9099.0,,9099.0,mitigated_full,6.0,,6.0,,,6.0,0,6.0,0.0,0.0,0.0,6.0,9099.0,9099.0,1,1,1.0,0.6161312816448733,1,9099.0
187,1,bull,9185,9186,9186,1487.934,1492.002,0.846752618227069,0.8120142707311964,1.0,2.2900620220585575,9199.0,9199.0,9204.0,9204.0,9204.0,,9204.0,invalidated,13.0,13.0,18.0,18.0,,13.0,0,13.0,0.0,5.0,0.0,18.0,9204.0,9199.0,6,6,1.0,0.758113491965652,1,9199.0
188,-1,bear,9248,9249,9249,1482.132,1488.003,0.8308760168094275,0.8096808503490666,1.0,3.0810767777139194,,,,,,9345.0,9345.0,retired,,,,,96.0,96.0,1,96.0,0.0,0.0,0.0,96.0,9345.0,9345.0,0,0,0.0,0.0,0,
189,1,bull,9342,9344,9344,1455.708,1457.546,0.44124963452390314,0.7818645753843514,0.8426221984373398,2.0773302978973964,9347.0,,9347.0,,9347.0,,9347.0,mitigated_full,3.0,,3.0,,,3.0,0,3.0,0.0,0.0,0.0,3.0,9347.0,9347.0,1,1,1.0,0.44055796357307114,1,9347.0
190,1,bull,9463,9464,9464,1514.417,1515.004,0.14078706378552772,0.7702886575126614,1.0,1.6577856642003246,,,,,,9560.0,9560.0,retired,,,,,96.0,96.0,1,96.0,0.0,0.0,0.0,96.0,9560.0,9560.0,0,0,0.0,0.0,0,
191,1,bull,9488,9495,9495,1555.239,1565.408,0.9715430063180884,0.5942033608003585,0.4293543538500414,2.849948655567814,9498.0,,9498.0,,9498.0,,9498.0,mitigated_full,3.0,,3.0,,,3.0,0,3.0,0.0,0.0,0.0,3.0,9498.0,9498.0,1,1,1.0,0.8614283516547535,1,9498.0
192,1,bull,9544,9547,9547,1559.085,1561.456,0.4530661797907008,0.6547758731137123,0.6118832347702831,1.3567144143881136,9549.0,,9549.0,9549.0,9549.0,,9549.0,invalidated,2.0,,2.0,2.0,,2.0,0,2.0,0.0,0.0,0.0,2.0,9549.0,9549.0,1,1,1.0,0.41952249930045515,1,9549.0
193,1,bull,9567,9569,9569,1557.512,1560.701,0.49508748106125344,0.6289842048041908,0.7165411745081669,2.3279513259684097,9610.0,,9610.0,9610.0,9610.0,,9610.0,invalidated,41.0,,41.0,41.0,,41.0,0,41.0,0.0,0.0,0.0,41.0,9610.0,9610.0,1,1,1.0,0.41577160551929687,1,9610.0
194,1,bull,9655,9658,9658,1574.311,1575.796,0.29498790261604013,0.787052893492348,1.0,1.371048150744611,9718.0,,9718.0,9718.0,9718.0,,9718.0,invalidated,60.0,,60.0,60.0,,60.0,0,60.0,0.0,0.0,0.0,60.0,9718.0,9718.0,1,1,1.0,0.08387601612974986,1,9718.0
195,1,bull,9679,9681,9681,1606.222,1609.133,0.49269540282319435,0.7125526943424862,0.7372715607402202,1.6734041386852618,9718.0,,9718.0,9718.0,9718.0,,9718.0,invalidated,37.0,,37.0,37.0,,37.0,0,37.0,0.0,0.0,0.0,37.0,9718.0,9718.0,1,1,1.0,0.1644195844805965,1,9718.0
196,1,bull,9736,9741,9741,1632.761,1644.697,0.8583368345688852,0.5424553368474879,0.38834443874157604,1.2792354180752499,9748.0,9748.0,9770.0,,9770.0,,9770.0,mitigated_full,7.0,7.0,29.0,,,7.0,0,7.0,0.0,22.0,0.0,29.0,9770.0,9748.0,5,5,1.0,0.7306991483667722,1,9768.0
197,-1,bear,9771,9773,9773,1636.69,1638.05,0.07019284651531713,0.7750047017143019,1.0,3.2220581046018735,9836.0,,9836.0,,9836.0,,9836.0,mitigated_full,63.0,,63.0,,,63.0,0,63.0,0.0,0.0,0.0,63.0,9836.0,9836.0,1,1,1.0,0.057835625444181665,1,9836.0
198,-1,bear,9778,9780,9780,1586.937,1594.159,0.27625774822562693,0.7740932256029948,1.0,3.170881996872675,9822.0,,9822.0,9822.0,9822.0,,9822.0,invalidated,42.0,,42.0,42.0,,42.0,0,42.0,0.0,0.0,0.0,42.0,9822.0,9822.0,1,1,1.0,0.2775625057038495,1,9822.0
199,-1,bear,9783,9785,9785,1545.507,1562.736,0.5676347553160594,0.7667021086562209,1.0,2.3199257818550243,9793.0,9793.0,9819.0,9819.0,9819.0,,9819.0,invalidated,8.0,8.0,34.0,34.0,,8.0,0,8.0,0.0,26.0,0.0,34.0,9819.0,9793.0,4,4,1.0,0.6827175808933745,1,9818.0
200,-1,bear,9851,9852,9852,1613.754,1618.465,0.2819589779782648,0.5906321763682132,0.5594568009089621,1.1979815120383974,9866.0,9866.0,9871.0,,9871.0,,9871.0,mitigated_full,14.0,14.0,19.0,,,14.0,0,14.0,0.0,5.0,0.0,19.0,9871.0,9866.0,5,5,1.0,0.3319442735873346,1,9867.0
201,1,bull,9874,9877,9877,1606.51,1613.77,0.5262939743072949,0.6500884703971421,0.8309319598765152,1.7024812653728514,,,,,,9973.0,9973.0,retired,,,,,96.0,96.0,1,96.0,0.0,0.0,0.0,96.0,9973.0,9973.0,0,0,0.0,0.0,0,
202,1,bull,9900,9901,9901,1677.127,1682.945,0.41959575603878924,0.48397277721774395,0.6066252118378767,0.5267664836898182,9903.0,9903.0,9930.0,9930.0,9930.0,,9930.0,invalidated,2.0,2.0,29.0,29.0,,2.0,0,2.0,0.0,27.0,0.0,29.0,9930.0,9903.0,7,7,1.0,0.3739808926249211,1,9928.0
203,1,bull,10044,10045,10045,1709.498,1716.333,0.6750905276226722,0.7488135831425367,1.0,1.7040726954021732,10076.0,10076.0,10096.0,,10096.0,,10096.0,mitigated_full,31.0,31.0,51.0,,,31.0,0,31.0,0.0,20.0,0.0,51.0,10096.0,10076.0,3,3,1.0,0.7462418414408847,1,10095.0
204,1,bull,10050,10051,10051,1729.284,1734.464,0.5275480699170382,0.5690450330386607,0.6139575501319345,1.0469486792948475,10058.0,10058.0,10059.0,,10059.0,,10059.0,mitigated_full,7.0,7.0,8.0,,,7.0,0,7.0,0.0,1.0,0.0,8.0,10059.0,10058.0,2,2,1.0,0.4274011148088336,1,10058.0
205,1,bull,10053,10055,10055,1737.825,1743.362,0.5242797556709955,0.8236295498692154,1.0,1.8594556333514363,10058.0,,10058.0,,10058.0,,10058.0,mitigated_full,3.0,,3.0,,,3.0,0,3.0,0.0,0.0,0.0,3.0,10058.0,10058.0,1,1,1.0,0.46847784438793333,1,10058.0
206,1,bull,10108,10113,10113,1709.544,1721.42,1.2397463870899441,0.5419416842917564,0.4961583404861314,1.4171065345862073,10127.0,10127.0,10132.0,10132.0,10132.0,,10132.0,invalidated,14.0,14.0,19.0,19.0,,14.0,0,14.0,0.0,5.0,0.0,19.0,10132.0,10127.0,5,5,1.0,1.0280922817434843,1,10131.0
207,-1,bear,10139,10144,10144,1706.197,1720.91,1.1202862319608342,0.8712773925071734,1.0,2.7945099571259298,10156.0,10156.0,10163.0,,10163.0,,10163.0,mitigated_full,12.0,12.0,19.0,,,12.0,0,12.0,0.0,7.0,0.0,19.0,10163.0,10156.0,8,8,1.0,1.4622995642392953,1,10157.0
208,1,bull,10168,10169,10169,1729.568,1732.376,0.24115939375409992,0.445826683560589,0.39814853086990526,1.0033707967340295,10170.0,,10170.0,10170.0,10170.0,,10170.0,invalidated,1.0,,1.0,1.0,,1.0,0,1.0,0.0,0.0,0.0,1.0,10170.0,10170.0,1,1,1.0,0.22916066333229912,1,10170.0
209,1,bull,10217,10219,10219,1748.299,1750.046,0.1771543404340156,0.5254141901841368,0.48838831537602073,1.9301406501550626,10237.0,,10237.0,,10237.0,,10237.0,mitigated_full,18.0,,18.0,,,18.0,0,18.0,0.0,0.0,0.0,18.0,10237.0,10237.0,1,1,1.0,0.17923636915469454,1,10237.0
210,1,bull,10249,10250,10250,1768.571,1772.698,0.4802634729735202,0.6911590062347964,0.6511273072430265,1.3106875444876385,10256.0,,10256.0,10256.0,10256.0,,10256.0,invalidated,6.0,,6.0,6.0,,6.0,0,6.0,0.0,0.0,0.0,6.0,10256.0,10256.0,1,1,1.0,0.4613564175588794,1,10256.0
211,1,bull,10279,10280,10280,1773.187,1782.534,1.2326212180661609,0.8043628673870631,1.0,1.7751486269806311,,,,,,10376.0,10376.0,retired,,,,,96.0,96.0,1,96.0,0.0,0.0,0.0,96.0,10376.0,10376.0,0,0,0.0,0.0,0,
212,1,bull,10283,10285,10285,1790.967,1794.518,0.5048710637192076,0.6110578801300186,0.6445726080657904,1.3438584326313836,10299.0,10299.0,10310.0,,10310.0,,10310.0,mitigated_full,14.0,14.0,25.0,,,14.0,0,14.0,0.0,11.0,0.0,25.0,10310.0,10299.0,2,2,1.0,0.4528566187752766,1,10299.0
213,1,bull,10339,10340,10340,1815.485,1817.485,0.37246508111783044,0.60590601738975,0.7740140503690189,1.1127394298395439,,,,,,10436.0,10436.0,retired,,,,,96.0,96.0,1,96.0,0.0,0.0,0.0,96.0,10436.0,10436.0,0,0,0.0,0.0,0,
214,1,bull,10348,10349,10349,1846.957,1858.698,1.303046563067081,0.5247202707388428,0.6341688164960303,1.2577656672548387,,,,,,10445.0,10445.0,retired,,,,,96.0,96.0,1,96.0,0.0,0.0,0.0,96.0,10445.0,10445.0,0,0,0.0,0.0,0,
215,1,bull,10402,10404,10404,1971.226,1975.735,0.32755820703262484,0.6681435385782623,0.6571353756287994,1.3326802634761132,10435.0,,10435.0,10435.0,10435.0,,10435.0,invalidated,31.0,,31.0,31.0,,31.0,0,31.0,0.0,0.0,0.0,31.0,10435.0,10435.0,1,1,1.0,0.22489854874122053,1,10435.0
216,1,bull,10667,10668,10668,1891.058,1905.573,1.2165126724379773,0.759567501487672,0.9934042965780309,0.9500783778681938,10669.0,10669.0,10675.0,,10675.0,,10675.0,mitigated_full,1.0,1.0,7.0,,,1.0,0,1.0,0.0,6.0,0.0,7.0,10675.0,10669.0,7,7,1.0,1.353987636319301,1,10670.0
217,1,bull,10695,10698,10698,1882.269,1893.313,1.0303419179303657,0.7759499274332036,1.0,1.5383292181051655,10714.0,10714.0,10716.0,,10716.0,,10716.0,mitigated_full,16.0,16.0,18.0,,,16.0,0,16.0,0.0,2.0,0.0,18.0,10716.0,10714.0,3,3,1.0,0.871175623514073,1,10714.0
218,-1,bear,10889,10891,10891,1872.975,1875.994,0.2917337297305001,0.8141078178972676,1.0,3.1050943813945304,10955.0,10955.0,,,10957.0,10987.0,10987.0,retired,64.0,64.0,,,96.0,64.0,0,64.0,0.0,32.0,0.0,96.0,10987.0,10955.0,3,3,0.721762172904963,0.19257713207111676,1,10955.0
219,1,bull,10948,10949,10949,1821.352,1839.34,1.5334063641423923,0.7343463818399268,1.0,1.5245407725329567,10962.0,10962.0,10978.0,,10978.0,,10978.0,mitigated_full,13.0,13.0,29.0,,,13.0,0,13.0,0.0,16.0,0.0,29.0,10978.0,10962.0,17,17,1.0,1.6863631466607376,1,10962.0
220,1,bull,11043,11044,11044,1877.42,1882.021,0.43806097625563883,0.5424325382295374,0.537178292584994,0.5270822787549017,11079.0,,11079.0,,11079.0,,11079.0,mitigated_full,35.0,,35.0,,,35.0,0,35.0,0.0,0.0,0.0,35.0,11079.0,11079.0,1,1,1.0,0.3291829801731206,1,11079.0
221,1,bull,11050,11053,11053,1891.67,1892.97,0.12426912008357201,0.7815802119860688,1.0,2.7472078785245424,11079.0,,11079.0,11079.0,11079.0,,11079.0,invalidated,26.0,,26.0,26.0,,26.0,0,26.0,0.0,0.0,0.0,26.0,11079.0,11079.0,1,1,1.0,0.0930097531460666,1,11079.0
222,1,bull,11059,11061,11061,1934.235,1942.15,0.7718416208369281,0.3973533946547467,0.37948739094738015,0.583147554340459,11062.0,11062.0,11068.0,11068.0,11068.0,,11068.0,invalidated,1.0,1.0,7.0,7.0,,1.0,0,1.0,0.0,6.0,0.0,7.0,11068.0,11062.0,5,5,1.0,0.6453326782225776,1,11068.0
223,-1,bear,11155,11157,11157,1847.784,1851.06,0.3537037001388963,0.511633969762887,0.39347102534631523,1.7931352417298958,11158.0,11158.0,11163.0,11163.0,11163.0,,11163.0,invalidated,1.0,1.0,6.0,6.0,,1.0,0,1.0,0.0,5.0,0.0,6.0,11163.0,11158.0,3,3,1.0,0.3095834087729335,1,11158.0
224,-1,bear,11189,11190,11190,1833.759,1834.8,0.10224948427502249,0.6477980796159957,0.8241263160282708,1.1519519227449948,11205.0,,11205.0,,11205.0,,11205.0,mitigated_full,15.0,,15.0,,,15.0,0,15.0,0.0,0.0,0.0,15.0,11205.0,11205.0,1,1,1.0,0.09328207359837432,1,11205.0
225,-1,bear,11223,11226,11226,1840.474,1847.377,0.7080417679825597,0.537812835373488,0.4200151603040139,2.1757180910395486,,,,,,11322.0,11322.0,retired,,,,,96.0,96.0,1,96.0,0.0,0.0,0.0,96.0,11322.0,11322.0,0,0,0.0,0.0,0,
226,-1,bear,11281,11283,11283,1796.327,1801.149,0.4254954797990276,0.6065579623379668,0.7768572518090305,1.6072999096929554,,,,,,11379.0,11379.0,retired,,,,,96.0,96.0,1,96.0,0.0,0.0,0.0,96.0,11379.0,11379.0,0,0,0.0,0.0,0,
227,-1,bear,11286,11287,11287,1770.944,1775.704,0.3965343471974371,0.4445684215266039,0.35189851931285293,1.093718370662841,,,,,,11383.0,11383.0,retired,,,,,96.0,96.0,1,96.0,0.0,0.0,0.0,96.0,11383.0,11383.0,0,0,0.0,0.0,0,
228,-1,bear,11297,11298,11298,1722.883,1726.663,0.26568605601946405,0.5182324126717404,0.49660666377771956,0.8798566267861595,11300.0,,11300.0,11300.0,11300.0,,11300.0,invalidated,2.0,,2.0,2.0,,2.0,0,2.0,0.0,0.0,0.0,2.0,11300.0,11300.0,1,1,1.0,0.2632126122011671,1,11300.0
229,-1,bear,11418,11419,11419,1725.124,1728.087,0.3535570175929838,0.8353822782424715,1.0,2.3299204608574775,11437.0,,11437.0,11437.0,11437.0,,11437.0,invalidated,18.0,,18.0,18.0,,18.0,0,18.0,0.0,0.0,0.0,18.0,11437.0,11437.0,1,1,1.0,0.310454178229985,1,11437.0
230,1,bull,11532,11536,11536,1872.555,1879.885,0.6962487209605038,0.8703116912818322,1.0,1.7657931408807417,11577.0,,11577.0,11577.0,11577.0,,11577.0,invalidated,41.0,,41.0,41.0,,41.0,0,41.0,0.0,0.0,0.0,41.0,11577.0,11577.0,1,1,1.0,0.7529219146309044,1,11577.0
231,1,bull,11561,11562,11562,1901.52,1902.065,0.06740824778958261,0.8403466562971105,0.9163871114600054,1.453297085371541,11566.0,,11566.0,,11566.0,,11566.0,mitigated_full,4.0,,4.0,,,4.0,0,4.0,0.0,0.0,0.0,4.0,11566.0,11566.0,1,1,1.0,0.06197214159864489,1,11566.0
232,-1,bear,11578,11580,11580,1867.715,1873.705,0.609508796844696,0.5849476540923884,0.4109748968839485,1.3441754935422883,11581.0,11581.0,11582.0,,11582.0,,11582.0,mitigated_full,1.0,1.0,2.0,,,1.0,0,1.0,0.0,1.0,0.0,2.0,11582.0,11581.0,2,2,1.0,0.6051964704689194,1,11581.0
233,1,bull,11655,11661,11661,1772.225,1779.765,0.718328901650551,0.6652912097017258,0.8868883068927471,1.4147459137281626,11663.0,11663.0,11676.0,,11676.0,,11676.0,mitigated_full,2.0,2.0,15.0,,,2.0,0,2.0,0.0,13.0,0.0,15.0,11676.0,11663.0,12,12,1.0,0.8456656774513308,1,11663.0
234,-1,bear,11735,11738,11738,1805.095,1810.845,0.6555279577892377,0.5788031978890036,0.7881287282173337,1.4968838410039584,11739.0,11739.0,11741.0,,11741.0,,11741.0,mitigated_full,1.0,1.0,3.0,,,1.0,0,1.0,0.0,2.0,0.0,3.0,11741.0,11739.0,3,3,1.0,0.6699993126394764,1,11741.0
235,1,bull,11746,11750,11750,1805.08,1807.275,0.25480710508884974,0.5871543586298069,0.3631015031740771,2.5979877047325743,11767.0,,11767.0,11767.0,11767.0,,11767.0,invalidated,17.0,,17.0,17.0,,17.0,0,17.0,0.0,0.0,0.0,17.0,11767.0,11767.0,1,1,1.0,0.27819600247252313,1,11767.0
236,1,bull,11810,11813,11813,1794.54,1799.285,0.5879877795831683,0.735008532520033,0.6719258236766078,2.2503388993108504,11846.0,11846.0,11852.0,11852.0,11852.0,,11852.0,invalidated,33.0,33.0,39.0,39.0,,33.0,0,33.0,0.0,6.0,0.0,39.0,11852.0,11846.0,4,4,1.0,0.5406346139544204,1,11852.0
237,-1,bear,11847,11852,11852,1803.625,1808.165,0.5172773756276055,0.8043609336437118,1.0,4.613339413912316,11918.0,11918.0,11924.0,,11924.0,,11924.0,mitigated_full,66.0,66.0,72.0,,,66.0,0,66.0,0.0,6.0,0.0,72.0,11924.0,11918.0,7,7,1.0,0.6509831224726846,1,11918.0
238,1,bull,11886,11888,11888,1772.895,1777.055,0.49929147926039846,0.6730580557421753,0.812415538370896,1.17261484432067,11904.0,11904.0,,,11915.0,11984.0,11984.0,retired,16.0,16.0,,,96.0,16.0,0,16.0,0.0,80.0,0.0,96.0,11984.0,11904.0,4,4,0.6478365384615651,0.3631114399479159,1,11904.0
239,-1,bear,12056,12057,12057,1751.045,1755.275,0.40256752478355295,0.5478918396838435,0.4801762795430079,1.2733696174004632,12059.0,12059.0,12060.0,,12060.0,,12060.0,mitigated_full,2.0,2.0,3.0,,,2.0,0,2.0,0.0,1.0,0.0,3.0,12060.0,12059.0,2,2,1.0,0.43702187045966584,1,12059.0
240,1,bull,12119,12121,12121,1755.845,1758.44,0.3020996619257767,0.6200271825932048,0.5629428005435443,2.651957725884051,12122.0,,12122.0,,12122.0,,12122.0,mitigated_full,1.0,,1.0,,,1.0,0,1.0,0.0,0.0,0.0,1.0,12122.0,12122.0,1,1,1.0,0.27869310287024507,1,12122.0
241,1,bull,12142,12144,12144,1788.93,1792.585,0.45024646398935486,0.5258398727443334,0.3963110655161132,0.7249522409240408,12149.0,12149.0,12150.0,12150.0,12150.0,,12150.0,invalidated,5.0,5.0,6.0,6.0,,5.0,0,5.0,0.0,1.0,0.0,6.0,12150.0,12149.0,2,2,1.0,0.49677881237518395,1,12150.0
242,1,bull,12176,12180,12181,1778.26,1779.685,0.17979588557267262,0.6199465344221325,0.6855082179552866,3.7675123811931215,12211.0,,12211.0,12211.0,12211.0,,12211.0,invalidated,30.0,,30.0,30.0,,30.0,0,30.0,0.0,0.0,0.0,30.0,12211.0,12211.0,1,1,1.0,0.15470129841922914,1,12211.0
243,1,bull,12259,12260,12260,1822.93,1826.26,0.3418969490135183,0.8310351358969625,1.0,4.335314916545373,12308.0,,12308.0,12308.0,12308.0,,12308.0,invalidated,48.0,,48.0,48.0,,48.0,0,48.0,0.0,0.0,0.0,48.0,12308.0,12308.0,1,1,1.0,0.30906177958911707,1,12308.0
244,1,bull,12282,12283,12283,1863.835,1867.375,0.4063214927244083,0.6377670519479873,0.696220925274714,0.8556855164577587,12284.0,,12284.0,12284.0,12284.0,,12284.0,invalidated,1.0,,1.0,1.0,,1.0,0,1.0,0.0,0.0,0.0,1.0,12284.0,12284.0,1,1,1.0,0.37736978787866415,1,12284.0
245,-1,bear,12305,12308,12308,1844.85,1848.435,0.3327286726207268,0.7598721032834415,0.9079751835666906,3.103147327496198,,,,,,12404.0,12404.0,retired,,,,,96.0,96.0,1,96.0,0.0,0.0,0.0,96.0,12404.0,12404.0,0,0,0.0,0.0,0,
246,-1,bear,12348,12354,12354,1786.17,1790.44,0.393040008415239,0.6247329578423285,0.5985426356637619,2.1028100684417295,12363.0,12363.0,12376.0,,12376.0,,12376.0,mitigated_full,9.0,9.0,22.0,,,9.0,0,9.0,0.0,13.0,0.0,22.0,12376.0,12363.0,6,6,1.0,0.5576031278940916,1,12375.0
247,1,bull,12453,12454,12454,1808.395,1811.375,0.5133722739832541,0.6694684557415544,0.8524324994200948,0.6821993976421787,12456.0,12456.0,12457.0,12457.0,12457.0,,12457.0,invalidated,2.0,2.0,3.0,3.0,,2.0,0,2.0,0.0,1.0,0.0,3.0,12457.0,12456.0,2,2,1.0,0.4704167177549832,1,12457.0
248,1,bull,12557,12558,12558,1836.635,1840.285,0.53524612081002,0.7522968653656914,0.9980828563024631,0.9788405086045945,12559.0,12559.0,12561.0,,12561.0,,12561.0,mitigated_full,1.0,1.0,3.0,,,1.0,0,1.0,0.0,2.0,0.0,3.0,12561.0,12559.0,3,3,1.0,0.544263046853227,1,12560.0
249,1,bull,12575,12576,12576,1834.725,1841.245,0.8319883115310956,0.7809713667652415,1.0,1.4674640464122126,12577.0,12577.0,12582.0,,12582.0,,12582.0,mitigated_full,1.0,1.0,6.0,,,1.0,0,1.0,0.0,5.0,0.0,6.0,12582.0,12577.0,2,2,1.0,0.8375625638108121,1,12582.0
250,1,bull,12628,12631,12631,1808.635,1809.515,0.12420171572234572,0.6313483886500233,0.7582959579878084,1.637204434521614,,,,,,12727.0,12727.0,retired,,,,,96.0,96.0,1,96.0,0.0,0.0,0.0,96.0,12727.0,12727.0,0,0,0.0,0.0,0,
251,1,bull,12635,12637,12637,1815.32,1819.41,0.6373575038988596,0.6214717023191515,0.8109091086816942,1.3783440396051905,,,,,,12733.0,12733.0,retired,,,,,96.0,96.0,1,96.0,0.0,0.0,0.0,96.0,12733.0,12733.0,0,0,0.0,0.0,0,
252,1,bull,12641,12643,12643,1825.635,1827.325,0.2871483086310418,0.6022375616052936,0.6060045819706823,1.4255469286475304,12648.0,,12648.0,,12648.0,,12648.0,mitigated_full,5.0,,5.0,,,5.0,0,5.0,0.0,0.0,0.0,5.0,12648.0,12648.0,1,1,1.0,0.2807508285117414,1,12648.0
253,1,bull,12753,12754,12754,1980.755,1997.425,0.8712501990647968,0.7523980733577813,0.9975273500290014,1.2182868710378256,12762.0,,12762.0,,12762.0,,12762.0,mitigated_full,8.0,,8.0,,,8.0,0,8.0,0.0,0.0,0.0,8.0,12762.0,12762.0,1,1,1.0,0.6583464951359908,1,12762.0
254,-1,bear,12779,12783,12783,1974.045,1976.355,0.13522175342605586,0.516000575860901,0.37673779910107,1.4066574609645865,,,,,,12879.0,12879.0,retired,,,,,96.0,96.0,1,96.0,0.0,0.0,0.0,96.0,12879.0,12879.0,0,0,0.0,0.0,0,
255,1,bull,12893,12895,12895,1927.625,1932.195,0.5071877650929852,0.4165779602776538,0.4185063037712352,0.9655434477700341,12949.0,12949.0,12950.0,,12950.0,,12950.0,mitigated_full,54.0,54.0,55.0,,,54.0,0,54.0,0.0,1.0,0.0,55.0,12950.0,12949.0,2,2,1.0,0.42111632185253534,1,12949.0
256,1,bull,12919,12922,12922,1960.275,1969.035,0.836634679675391,0.6566983412884589,0.77737022221355,1.8547312190977145,12931.0,,12931.0,,12931.0,,12931.0,mitigated_full,9.0,,9.0,,,9.0,0,9.0,0.0,0.0,0.0,9.0,12931.0,12931.0,1,1,1.0,0.8314264187371714,1,12931.0
257,-1,bear,13030,13034,13034,1851.225,1858.645,0.6217378349835542,0.8514923607578608,0.9542190393772969,2.4710308293348837,13072.0,13072.0,13074.0,13074.0,13074.0,,13074.0,invalidated,38.0,38.0,40.0,40.0,,38.0,0,38.0,0.0,2.0,0.0,40.0,13074.0,13072.0,3,3,1.0,0.7381543148963611,1,13073.0
258,-1,bear,13037,13039,13039,1823.215,1828.275,0.42217498817724985,0.686204636045159,0.6752691657786916,2.0299441625201795,13047.0,13047.0,13048.0,,13048.0,,13048.0,mitigated_full,8.0,8.0,9.0,,,8.0,0,8.0,0.0,1.0,0.0,9.0,13048.0,13047.0,2,2,1.0,0.43607268332245036,1,13047.0
259,1,bull,13078,13081,13081,1849.655,1853.505,0.3895687612710615,0.7346913704029218,0.8532449135952936,1.4236967457360041,13087.0,,13087.0,13087.0,13087.0,,13087.0,invalidated,6.0,,6.0,6.0,,6.0,0,6.0,0.0,0.0,0.0,6.0,13087.0,13087.0,1,1,1.0,0.44155534854334744,1,13087.0
260,-1,bear,13111,13112,13112,1850.135,1855.305,0.647320216602286,0.5228502542819109,0.5702041322395776,1.3134214839763811,13122.0,13122.0,13123.0,13123.0,13123.0,,13123.0,invalidated,10.0,10.0,11.0,11.0,,10.0,0,10.0,0.0,1.0,0.0,11.0,13123.0,13122.0,2,2,1.0,0.6007665274162034,1,13122.0
261,1,bull,13183,13184,13184,1814.935,1829.955,1.2270693951446339,0.6986094826865589,1.0,1.8536754045161012,13203.0,13203.0,13236.0,13236.0,13236.0,,13236.0,invalidated,19.0,19.0,52.0,52.0,,19.0,0,19.0,0.0,33.0,0.0,52.0,13236.0,13203.0,27,27,1.0,2.1412522607394266,1,13215.0
262,-1,bear,13243,13244,13244,1812.835,1824.955,1.4248740163565496,0.44632829473088387,0.4627363116380098,0.9628480358053072,13253.0,13253.0,,,13254.0,13340.0,13340.0,retired,9.0,9.0,,,96.0,9.0,0,9.0,0.0,87.0,0.0,96.0,13340.0,13253.0,2,2,0.11468646864685521,0.16581010909632332,0,
263,1,bull,13373,13374,13374,1758.245,1763.435,0.5371092590121523,0.7922852528964794,1.0,1.0550730049381356,13383.0,13383.0,13384.0,,13384.0,,13384.0,mitigated_full,9.0,9.0,10.0,,,9.0,0,9.0,0.0,1.0,0.0,10.0,13384.0,13383.0,2,2,1.0,0.5204888240095874,1,13383.0
264,-1,bear,13445,13448,13448,1774.765,1781.635,0.9241124339050543,0.7065281439236086,0.4553617526903033,2.0284738723855287,,,,,,13544.0,13544.0,retired,,,,,96.0,96.0,1,96.0,0.0,0.0,0.0,96.0,13544.0,13544.0,0,0,0.0,0.0,0,
265,-1,bear,13505,13506,13506,1722.82,1726.445,0.4574585954995724,0.7916336886552189,1.0,1.5383228356247474,13508.0,13508.0,13528.0,,13528.0,,13528.0,mitigated_full,2.0,2.0,22.0,,,2.0,0,2.0,0.0,20.0,0.0,22.0,13528.0,13508.0,2,2,1.0,0.4983588287134091,1,13528.0
266,-1,bear,13606,13609,13609,1671.245,1675.785,0.3969845398968642,0.653184929375163,0.5949050757440435,2.640734164071525,13638.0,13638.0,13646.0,13646.0,13646.0,,13646.0,invalidated,29.0,29.0,37.0,37.0,,29.0,0,29.0,0.0,8.0,0.0,37.0,13646.0,13638.0,4,4,1.0,0.3894996811877057,1,13638.0
267,-1,bear,13615,13616,13616,1641.9,1647.68,0.46527247150624823,0.7660940337175697,1.0,1.6280511654349443,13621.0,13621.0,13627.0,13627.0,13627.0,,13627.0,invalidated,5.0,5.0,11.0,11.0,,5.0,0,5.0,0.0,6.0,0.0,11.0,13627.0,13621.0,2,2,1.0,0.4761082641994863,1,13627.0
268,-1,bear,13621,13626,13626,1632.915,1642.36,0.9229086028820942,0.5310479170150009,0.357744876347032,1.7744859955890746,13627.0,,13627.0,13627.0,13627.0,,13627.0,invalidated,1.0,,1.0,1.0,,1.0,0,1.0,0.0,0.0,0.0,1.0,13627.0,13627.0,1,1,1.0,0.7780004421045223,1,13627.0
269,1,bull,13631,13637,13637,1642.77,1655.605,1.1753679464498983,0.5722415382842915,0.376920038798762,1.1332433453305375,13693.0,,13693.0,,13693.0,,13693.0,mitigated_full,56.0,,56.0,,,56.0,0,56.0,0.0,0.0,0.0,56.0,13693.0,13693.0,1,1,1.0,1.159602000184216,1,13693.0
270,-1,bear,13670,13673,13673,1697.895,1707.175,0.950867485737891,0.5654739969960505,0.6801949562779743,1.3151276055437395,,,,,,13769.0,13769.0,retired,,,,,96.0,96.0,1,96.0,0.0,0.0,0.0,96.0,13769.0,13769.0,0,0,0.0,0.0,0,
271,-1,bear,13722,13727,13727,1632.145,1635.92,0.4314314290097524,0.47083426171376586,0.4128699644298194,1.4131522171405202,13729.0,,13729.0,13729.0,13729.0,,13729.0,invalidated,2.0,,2.0,2.0,,2.0,0,2.0,0.0,0.0,0.0,2.0,13729.0,13729.0,1,1,1.0,0.38043963267879816,1,13729.0
272,-1,bear,13738,13740,13740,1649.695,1654.85,0.5298999205671483,0.4617205421659104,0.5037994424151402,1.0952635603575132,13741.0,,13741.0,13741.0,13741.0,,13741.0,invalidated,1.0,,1.0,1.0,,1.0,0,1.0,0.0,0.0,0.0,1.0,13741.0,13741.0,1,1,1.0,0.48554441718934466,1,13741.0
273,1,bull,13813,13814,13814,1703.89,1709.62,0.49987323560288466,0.8105465737943957,1.0,3.0930201689879584,,,,,,13910.0,13910.0,retired,,,,,96.0,96.0,1,96.0,0.0,0.0,0.0,96.0,13910.0,13910.0,0,0,0.0,0.0,0,
274,-1,bear,13849,13850,13850,1763.75,1767.59,0.42429806781242574,0.6045712304292181,0.7276171404299651,1.543052738802244,13897.0,13897.0,13899.0,13899.0,13899.0,,13899.0,invalidated,47.0,47.0,49.0,49.0,,47.0,0,47.0,0.0,2.0,0.0,49.0,13899.0,13897.0,2,2,1.0,0.43291774012777934,1,13899.0
275,1,bull,13909,13912,13912,1778.415,1800.11,2.0612306071491346,0.5856305077777259,0.7955169512872104,0.7672015281276517,13914.0,13914.0,13916.0,13916.0,13916.0,,13916.0,invalidated,2.0,2.0,4.0,4.0,,2.0,0,2.0,0.0,2.0,0.0,4.0,13916.0,13914.0,3,3,1.0,2.0381903890357704,1,13915.0
276,1,bull,14028,14032,14032,1827.49,1844.93,1.7671703925792817,0.538277752529861,0.4419422086538948,2.0402509090931025,14038.0,14038.0,14040.0,,14040.0,,14040.0,mitigated_full,6.0,6.0,8.0,,,6.0,0,6.0,0.0,2.0,0.0,8.0,14040.0,14038.0,3,3,1.0,1.668735541709632,1,14039.0
277,1,bull,14073,14074,14074,1892.23,1898.105,0.5811778865277663,0.5471915517694642,0.4946761051511398,1.144054852373387,14075.0,14075.0,14165.0,14165.0,14165.0,,14165.0,invalidated,1.0,1.0,91.0,91.0,,1.0,0,1.0,0.0,90.0,0.0,91.0,14165.0,14075.0,3,3,1.0,0.45642953593027996,1,14075.0
278,-1,bear,14218,14219,14219,1836.4,1844.8,0.8636813255125091,0.49702187539690124,0.6449196742302292,0.8986398553546977,14220.0,,14220.0,,14220.0,,14220.0,mitigated_full,1.0,,1.0,,,1.0,0,1.0,0.0,0.0,0.0,1.0,14220.0,14220.0,1,1,1.0,0.8168906144587892,1,14220.0
279,1,bull,14312,14315,14315,1828.1,1831.01,0.3371020830670663,0.811625120877894,1.0,3.39708542472215,,,,,,14411.0,14411.0,retired,,,,,96.0,96.0,1,96.0,0.0,0.0,0.0,96.0,14411.0,14411.0,0,0,0.0,0.0,0,
280,1,bull,14333,14334,14334,1885.73,1900.15,1.1049006501937189,0.7513244421459413,1.0,2.3163069802604697,,,,,,14430.0,14430.0,retired,,,,,96.0,96.0,1,96.0,0.0,0.0,0.0,96.0,14430.0,14430.0,0,0,0.0,0.0,0,
281,1,bull,14415,14419,14419,1977.84,1984.87,0.600551227165709,0.9304278926068783,1.0,3.431599259636795,14437.0,14437.0,14477.0,14477.0,14477.0,,14477.0,invalidated,18.0,18.0,58.0,58.0,,18.0,0,18.0,0.0,40.0,0.0,58.0,14477.0,14437.0,3,3,1.0,0.6226361032434398,1,14467.0
282,1,bull,14452,14454,14454,2015.34,2017.825,0.22805359828899024,0.8944105171118674,1.0,2.6875451210835832,14460.0,14460.0,14461.0,14461.0,14461.0,,14461.0,invalidated,6.0,6.0,7.0,7.0,,6.0,0,6.0,0.0,1.0,0.0,7.0,14461.0,14460.0,2,2,1.0,0.19070188319056275,1,14461.0
283,1,bull,14530,14533,14533,1981.29,1983.26,0.17775888475191393,0.7840513438669133,1.0,3.2610183223015725,14598.0,,14598.0,14598.0,14598.0,,14598.0,invalidated,65.0,,65.0,65.0,,65.0,0,65.0,0.0,0.0,0.0,65.0,14598.0,14598.0,1,1,1.0,0.21340859680342578,1,14598.0
284,1,bull,14538,14539,14539,2007.48,2017.015,0.9210250259749556,0.44353059718952786,0.38913034300430116,1.1190429917063023,14540.0,14540.0,14550.0,14550.0,14550.0,,14550.0,invalidated,1.0,1.0,11.0,11.0,,1.0,0,1.0,0.0,10.0,0.0,11.0,14550.0,14540.0,2,2,1.0,0.7233309748282984,1,14550.0
285,-1,bear,14589,14593,14593,2016.4,2018.32,0.18781341784119648,0.835733870175836,1.0,3.026534972920363,,,,,,14689.0,14689.0,retired,,,,,96.0,96.0,1,96.0,0.0,0.0,0.0,96.0,14689.0,14689.0,0,0,0.0,0.0,0,
286,-1,bear,14601,14604,14604,1981.615,1985.27,0.38253076001266,0.9423113209264397,1.0,2.617012764464207,14611.0,14611.0,14628.0,,14628.0,,14628.0,mitigated_full,7.0,7.0,24.0,,,7.0,0,7.0,0.0,17.0,0.0,24.0,14628.0,14611.0,5,5,1.0,0.38391108082475545,1,14611.0
287,-1,bear,14711,14713,14713,1958.47,1965.385,0.7444026841080884,0.8023465173409571,0.8880094234253177,1.8537403066292655,14718.0,14718.0,14730.0,,14730.0,,14730.0,mitigated_full,5.0,5.0,17.0,,,5.0,0,5.0,0.0,12.0,0.0,17.0,14730.0,14718.0,8,8,1.0,0.7462626252350254,1,14727.0
288,-1,bear,14718,14721,14721,1951.32,1960.29,0.9785436308370812,0.656733079478576,0.7379819413303835,2.0099962539769365,14724.0,14724.0,14727.0,,14727.0,,14727.0,mitigated_full,3.0,3.0,6.0,,,3.0,0,3.0,0.0,3.0,0.0,6.0,14727.0,14724.0,4,4,1.0,0.9370623409653495,1,14725.0
289,-1,bear,14741,14742,14742,1948.74,1956.79,0.9404033211346213,0.8231473071751869,1.0,2.074728320913163,14838.0,,14838.0,,14838.0,,14838.0,mitigated_full,96.0,,96.0,,,96.0,0,96.0,0.0,0.0,0.0,96.0,14838.0,14838.0,1,1,1.0,1.0465323013182959,1,14838.0
290,-1,bear,14769,14773,14773,1923.41,1930.39,0.8434083598218451,0.8177316837447042,1.0,1.4342775402701111,14796.0,14796.0,14797.0,,14797.0,,14797.0,mitigated_full,23.0,23.0,24.0,,,23.0,0,23.0,0.0,1.0,0.0,24.0,14797.0,14796.0,2,2,1.0,0.8812795615136709,1,14796.0
291,-1,bear,14776,14777,14777,1915.05,1916.83,0.23613423858700996,0.6780806582319474,0.9730472593631805,1.0400519272596445,14791.0,,14791.0,14791.0,14791.0,,14791.0,invalidated,14.0,,14.0,14.0,,14.0,0,14.0,0.0,0.0,0.0,14.0,14791.0,14791.0,1,1,1.0,0.2274405824090953,1,14791.0
292,1,bull,14795,14796,14796,1910.03,1916.93,0.8927662910786617,0.7730443374663146,1.0,1.3061558997737674,14810.0,14810.0,14814.0,,14814.0,,14814.0,mitigated_full,14.0,14.0,18.0,,,14.0,0,14.0,0.0,4.0,0.0,18.0,14814.0,14810.0,5,5,1.0,0.9167422422463521,1,14814.0
293,1,bull,14828,14831,14831,1924.84,1925.69,0.12399304953513128,0.7902448789352647,1.0,1.8526020342304943,,,,,,14927.0,14927.0,retired,,,,,96.0,96.0,1,96.0,0.0,0.0,0.0,96.0,14927.0,14927.0,0,0,0.0,0.0,0,
294,-1,bear,14885,14888,14888,1960.09,1966.165,0.9129881157901895,0.5114598028821912,0.40775326427997116,0.9963969066154408,14889.0,14889.0,14895.0,,14895.0,,14895.0,mitigated_full,1.0,1.0,7.0,,,1.0,0,1.0,0.0,6.0,0.0,7.0,14895.0,14889.0,7,7,1.0,0.8991020187500142,1,14890.0
295,-1,bear,14901,14904,14904,1971.35,1978.02,0.6917646965714964,0.8907179489014477,1.0,2.9153681590141654,14916.0,14916.0,,,14917.0,15000.0,15000.0,retired,12.0,12.0,,,96.0,12.0,0,12.0,0.0,84.0,0.0,96.0,15000.0,14916.0,2,2,0.1559220389805367,0.1164055704897803,0,
296,-1,bear,14956,14959,14959,1927.64,1932.15,0.6755356384082751,0.6927343676528861,0.47900489350340153,1.8109148266865103,14964.0,14964.0,15043.0,15043.0,15043.0,,15043.0,invalidated,5.0,5.0,84.0,84.0,,5.0,0,5.0,0.0,79.0,0.0,84.0,15043.0,14964.0,2,2,1.0,0.6957999141989685,1,14964.0
297,-1,bear,14964,14965,14965,1920.88,1930.09,1.3775638773269836,0.6230408519489291,1.0,1.1995724534378855,14970.0,14970.0,15043.0,15043.0,15043.0,,15043.0,invalidated,5.0,5.0,78.0,78.0,,5.0,0,5.0,0.0,73.0,0.0,78.0,15043.0,14970.0,11,11,1.0,1.420912906823144,1,15037.0
298,-1,bear,14975,14976,14976,1912.85,1916.21,0.5414104389134924,0.7676505781781403,1.0,1.641956063252436,14977.0,14977.0,15018.0,15018.0,15018.0,,15018.0,invalidated,1.0,1.0,42.0,42.0,,1.0,0,1.0,0.0,41.0,0.0,42.0,15018.0,14977.0,2,2,1.0,0.48994066975245354,1,15018.0
299,-1,bear,14987,14990,14990,1905.12,1907.215,0.33553728227306706,0.6874604437079519,0.736831707946423,2.136547658960682,15017.0,15017.0,15018.0,15018.0,15018.0,,15018.0,invalidated,27.0,27.0,28.0,28.0,,27.0,0,27.0,0.0,1.0,0.0,28.0,15018.0,15017.0,2,2,1.0,0.30548384021766806,1,15018.0
300,-1,bear,14994,14995,14995,1895.21,1903.42,1.2711087119931912,0.6748626861375994,1.0,1.5807576065104105,15000.0,15000.0,15011.0,,15011.0,,15011.0,mitigated_full,5.0,5.0,16.0,,,5.0,0,5.0,0.0,11.0,0.0,16.0,15011.0,15000.0,6,6,1.0,1.3420873656362995,1,15011.0
301,1,bull,15014,15018,15018,1896.375,1897.71,0.19466392682128528,0.7753742283566631,1.0,3.092750477812251,,,,,,15114.0,15114.0,retired,,,,,96.0,96.0,1,96.0,0.0,0.0,0.0,96.0,15114.0,15114.0,0,0,0.0,0.0,0,
302,1,bull,15042,15043,15043,1914.43,1924.34,1.5289084589161175,0.789397398848855,1.0,2.134454947437422,15075.0,15075.0,15102.0,15102.0,15102.0,,15102.0,invalidated,32.0,32.0,59.0,59.0,,32.0,0,32.0,0.0,27.0,0.0,59.0,15102.0,15075.0,26,26,1.0,1.8306213437496917,1,15079.0
303,-1,bear,15070,15071,15071,1935.87,1938.985,0.6046930348135242,0.7367030698575582,0.9929912177870526,1.0317635569931838,15132.0,15132.0,15138.0,15138.0,15138.0,,15138.0,invalidated,61.0,61.0,67.0,67.0,,61.0,0,61.0,0.0,6.0,0.0,67.0,15138.0,15132.0,2,2,1.0,0.5971283712251216,1,15138.0
304,-1,bear,15078,15079,15079,1925.33,1929.18,0.6835762017917607,0.7907349619631513,1.0,1.7844002150667324,15087.0,15087.0,15091.0,,15091.0,,15091.0,mitigated_full,8.0,8.0,12.0,,,8.0,0,8.0,0.0,4.0,0.0,12.0,15091.0,15087.0,5,5,1.0,0.6853656012527705,1,15089.0
305,-1,bear,15172,15175,15175,1874.095,1877.25,0.3946270747416001,0.7723110834250903,0.6285596855400692,2.0569389046357034,15180.0,,15180.0,,15180.0,,15180.0,mitigated_full,5.0,,5.0,,,5.0,0,5.0,0.0,0.0,0.0,5.0,15180.0,15180.0,1,1,1.0,0.4080064523231879,1,15180.0
306,-1,bear,15179,15181,15181,1867.37,1873.98,0.7547177749993675,0.9145163935944777,1.0,2.0209537999226037,15227.0,15227.0,15228.0,,15228.0,,15228.0,mitigated_full,46.0,46.0,47.0,,,46.0,0,46.0,0.0,1.0,0.0,47.0,15228.0,15227.0,2,2,1.0,0.9043163762918595,1,15227.0
307,1,bull,15216,15218,15218,1844.21,1851.265,0.8264482541021795,0.6267033531488283,0.4605239847949955,1.4396951159341835,,,,,,15314.0,15314.0,retired,,,,,96.0,96.0,1,96.0,0.0,0.0,0.0,96.0,15314.0,15314.0,0,0,0.0,0.0,0,
308,1,bull,15226,15227,15227,1858.685,1861.73,0.4170729958063762,0.8239412927588717,1.0,1.2895705272633573,,,,,,15323.0,15323.0,retired,,,,,96.0,96.0,1,96.0,0.0,0.0,0.0,96.0,15323.0,15323.0,0,0,0.0,0.0,0,
309,1,bull,15236,15239,15239,1867.97,1869.035,0.15185488262878288,0.7370062134185695,1.0,2.7390913570880193,,,,,,15335.0,15335.0,retired,,,,,96.0,96.0,1,96.0,0.0,0.0,0.0,96.0,15335.0,15335.0,0,0,0.0,0.0,0,
310,1,bull,15262,15265,15265,1945.285,1948.265,0.27844670775621794,0.8288959782369055,1.0,2.2929806068246767,15351.0,15351.0,15354.0,,15354.0,,15354.0,mitigated_full,86.0,86.0,89.0,,,86.0,0,86.0,0.0,3.0,0.0,89.0,15354.0,15351.0,3,3,1.0,0.46784733271274,1,15354.0
311,-1,bear,15344,15350,15350,1960.45,1969.87,1.3622910871291112,0.8079204046878159,0.8841839334355149,1.3673526782172154,15356.0,15356.0,15373.0,,15373.0,,15373.0,mitigated_full,6.0,6.0,23.0,,,6.0,0,6.0,0.0,17.0,0.0,23.0,15373.0,15356.0,5,5,1.0,1.1135610127654536,1,15356.0
312,-1,bear,15358,15361,15361,1958.31,1960.84,0.3536903539109934,0.711848520351474,1.0,2.3828664357363216,15373.0,,15373.0,15373.0,15373.0,,15373.0,invalidated,12.0,,12.0,12.0,,12.0,0,12.0,0.0,0.0,0.0,12.0,15373.0,15373.0,1,1,1.0,0.2990774269953942,1,15373.0
313,1,bull,15384,15385,15385,1964.69,1967.03,0.2813738912120072,0.8104018339163163,1.0,1.892660276785107,15397.0,15397.0,,,15397.0,15481.0,15481.0,retired,12.0,12.0,,,96.0,12.0,0,12.0,0.0,84.0,0.0,96.0,15481.0,15397.0,1,1,0.6602564102564644,0.19675029102797806,1,15397.0
314,1,bull,15389,15390,15390,1982.73,1985.46,0.348258339068387,0.6372983951729223,0.6973558737513841,1.0218129289149298,15391.0,,15391.0,15391.0,15391.0,,15391.0,invalidated,1.0,,1.0,1.0,,1.0,0,1.0,0.0,0.0,0.0,1.0,15391.0,15391.0,1,1,1.0,0.3342892983698859,1,15391.0
315,-1,bear,15610,15613,15613,2029.74,2035.21,0.5555326377360742,0.6770096042704283,0.6535164756862495,1.6605043193756337,15615.0,,15615.0,,15615.0,,15615.0,mitigated_full,2.0,,2.0,,,2.0,0,2.0,0.0,0.0,0.0,2.0,15615.0,15615.0,1,1,1.0,0.5580303103395764,1,15615.0
316,-1,bear,15633,15634,15634,2027.96,2032.995,0.5523047006799741,0.6073487163435538,0.7587007550964717,1.125451088178092,15635.0,15635.0,15648.0,,15648.0,,15648.0,mitigated_full,1.0,1.0,14.0,,,1.0,0,1.0,0.0,13.0,0.0,14.0,15648.0,15635.0,4,4,1.0,0.6032896090018327,1,15647.0
317,1,bull,15687,15690,15690,2029.33,2032.69,0.4053457368381929,0.6879131677826884,0.7502996183553488,1.9235826707990498,15691.0,,15691.0,,15691.0,,15691.0,mitigated_full,1.0,,1.0,,,1.0,0,1.0,0.0,0.0,0.0,1.0,15691.0,15691.0,1,1,1.0,0.37029205893538847,1,15691.0
318,1,bull,15693,15696,15696,2032.89,2036.725,0.43461723906264693,0.8237518187860643,1.0,2.11302175288747,15698.0,,15698.0,,15698.0,,15698.0,mitigated_full,2.0,,2.0,,,2.0,0,2.0,0.0,0.0,0.0,2.0,15698.0,15698.0,1,1,1.0,0.3945790778728835,1,15698.0
319,-1,bear,15749,15750,15750,2023.75,2028.065,0.48057881722670726,0.8752725785860632,1.0,3.4720845022114455,15779.0,15779.0,15780.0,15780.0,15780.0,,15780.0,invalidated,29.0,29.0,30.0,30.0,,29.0,0,29.0,0.0,1.0,0.0,30.0,15780.0,15779.0,2,2,1.0,0.6874019299140633,1,15779.0
320,1,bull,15770,15771,15771,2011.305,2013.925,0.337772290975357,0.7362843338904677,0.9239955809802465,1.1647987209780553,15775.0,15775.0,,,15775.0,15867.0,15867.0,retired,4.0,4.0,,,96.0,4.0,0,4.0,0.0,92.0,0.0,96.0,15867.0,15775.0,1,1,0.23473282442749416,0.08871269058929189,0,
321,1,bull,15774,15779,15779,2015.955,2018.99,0.4794242661080432,0.6195899105810436,0.652118032904233,1.371137604552795,15796.0,15796.0,,,15797.0,15875.0,15875.0,retired,17.0,17.0,,,96.0,17.0,0,17.0,0.0,79.0,0.0,96.0,15875.0,15796.0,2,2,0.9439868204283136,0.48050726248650866,1,15797.0
322,1,bull,15824,15827,15827,2042.945,2046.34,0.4923505574204122,0.6251045101728239,0.5821495952272903,1.2819967386145588,15828.0,15828.0,,,15828.0,15923.0,15923.0,retired,1.0,1.0,,,96.0,1.0,0,1.0,0.0,95.0,0.0,96.0,15923.0,15828.0,1,1,0.6273932253313382,0.2895386996891977,1,15828.0
323,1,bull,15831,15834,15834,2079.485,2082.88,0.3600884258970244,0.8196582032166739,1.0,1.970145069524948,,,,,,15930.0,15930.0,retired,,,,,96.0,96.0,1,96.0,0.0,0.0,0.0,96.0,15930.0,15930.0,0,0,0.0,0.0,0,
324,1,bull,15845,15846,15846,2124.42,2127.405,0.27809508023693613,0.7717033422775809,1.0,2.0351715335931506,,,,,,15942.0,15942.0,retired,,,,,96.0,96.0,1,96.0,0.0,0.0,0.0,96.0,15942.0,15942.0,0,0,0.0,0.0,0,
325,1,bull,15960,15962,15962,2267.705,2286.055,1.253855419016908,0.7562400326437807,1.0,0.6532347578093533,15967.0,15967.0,,,15973.0,16058.0,16058.0,retired,5.0,5.0,,,96.0,5.0,0,5.0,0.0,91.0,0.0,96.0,16058.0,15967.0,6,6,0.9934604904632212,1.248445655264994,1,15970.0
326,1,bull,15979,15984,15984,2322.7,2337.585,0.9048664533947547,0.719169136770751,0.8158695595585953,1.6896716877465168,15991.0,,15991.0,,15991.0,,15991.0,mitigated_full,7.0,,7.0,,,7.0,0,7.0,0.0,0.0,0.0,7.0,15991.0,15991.0,1,1,1.0,0.8773383010880449,1,15991.0
327,1,bull,15996,15999,15999,2325.735,2342.025,0.94382664679468,0.6429273597053154,0.517977050676571,2.070740598922144,16005.0,16005.0,16010.0,,16010.0,,16010.0,mitigated_full,6.0,6.0,11.0,,,6.0,0,6.0,0.0,5.0,0.0,11.0,16010.0,16005.0,2,2,1.0,0.7106654642309436,1,16005.0
328,1,bull,16116,16118,16118,2306.65,2316.67,0.8118549309826991,0.6120083021464374,0.4304174087980195,1.8011512091562325,,,,,,16214.0,16214.0,retired,,,,,96.0,96.0,1,96.0,0.0,0.0,0.0,96.0,16214.0,16214.0,0,0,0.0,0.0,0,
329,1,bull,16141,16142,16142,2351.88,2369.315,1.260412145605395,0.7538801593108742,1.0,1.519217736730559,16174.0,16174.0,16177.0,,16177.0,,16177.0,mitigated_full,32.0,32.0,35.0,,,32.0,0,32.0,0.0,3.0,0.0,35.0,16177.0,16174.0,4,4,1.0,1.1217104281741739,1,16175.0
330,1,bull,16149,16153,16153,2375.96,2381.51,0.4673083456673119,0.8684121847881302,1.0,1.9993219221387217,16173.0,,16173.0,,16173.0,,16173.0,mitigated_full,20.0,,20.0,,,20.0,0,20.0,0.0,0.0,0.0,20.0,16173.0,16173.0,1,1,1.0,0.36472959094340346,1,16173.0
331,-1,bear,16170,16172,16172,2417.27,2418.55,0.08439865575878062,0.7522697984539496,0.9310310448417694,2.3107428836453208,,,,,,16268.0,16268.0,retired,,,,,96.0,96.0,1,96.0,0.0,0.0,0.0,96.0,16268.0,16268.0,0,0,0.0,0.0,0,
332,1,bull,16348,16350,16350,2328.52,2330.305,0.18114830415351343,0.8078807109489339,1.0,1.7566818738921923,,,,,,16446.0,16446.0,retired,,,,,96.0,96.0,1,96.0,0.0,0.0,0.0,96.0,16446.0,16446.0,0,0,0.0,0.0,0,
333,1,bull,16362,16363,16363,2362.1,2364.795,0.2714000734199589,0.8481009724538641,1.0,2.0609285723707464,16370.0,,16370.0,16370.0,16370.0,,16370.0,invalidated,7.0,,7.0,7.0,,7.0,0,7.0,0.0,0.0,0.0,7.0,16370.0,16370.0,1,1,1.0,0.23854083359072092,1,16370.0
334,-1,bear,16415,16419,16419,2462.515,2469.975,0.5516599233871202,0.5264300842763083,0.3910008293718601,1.635013526285387,16481.0,16481.0,16483.0,,16483.0,,16483.0,mitigated_full,62.0,62.0,64.0,,,62.0,0,62.0,0.0,2.0,0.0,64.0,16483.0,16481.0,3,3,1.0,0.452659307638971,1,16481.0
335,-1,bear,16428,16429,16429,2402.985,2405.815,0.21893426182701428,0.491692601276971,0.4418577025800288,1.0946713091351066,16432.0,16432.0,16434.0,16434.0,16434.0,,16434.0,invalidated,3.0,3.0,5.0,5.0,,3.0,0,3.0,0.0,2.0,0.0,5.0,16434.0,16432.0,2,2,1.0,0.2215042203702562,1,16434.0
336,1,bull,16480,16481,16481,2435.035,2447.225,0.7319667920476112,0.6344126768782524,1.0,1.1868190028565115,16484.0,,16484.0,16484.0,16484.0,,16484.0,invalidated,3.0,,3.0,3.0,,3.0,0,3.0,0.0,0.0,0.0,3.0,16484.0,16484.0,1,1,1.0,0.6142715414245218,1,16484.0
337,-1,bear,16614,16615,16615,2495.145,2506.355,1.0284821854133506,0.8033970665357854,1.0,1.7950271148628185,16619.0,16619.0,16626.0,16626.0,16626.0,,16626.0,invalidated,4.0,4.0,11.0,11.0,,4.0,0,4.0,0.0,7.0,0.0,11.0,16626.0,16619.0,6,6,1.0,1.045574060855328,1,16625.0
338,1,bull,16703,16706,16706,2625.22,2629.145,0.3082579518011316,0.8123957167945568,1.0,2.0525660051776478,16730.0,16730.0,16731.0,,16731.0,,16731.0,mitigated_full,24.0,24.0,25.0,,,24.0,0,24.0,0.0,1.0,0.0,25.0,16731.0,16730.0,2,2,1.0,0.28921457225707686,1,16731.0
339,-1,bear,16727,16729,16729,2652.825,2659.49,0.4900846624684872,0.642545567238399,0.5365494731120992,1.6426843750256432,16735.0,,16735.0,16735.0,16735.0,,16735.0,invalidated,6.0,,6.0,6.0,,6.0,0,6.0,0.0,0.0,0.0,6.0,16735.0,16735.0,1,1,1.0,0.49903903821900775,1,16735.0
340,1,bull,16806,16810,16810,2677.05,2683.625,0.5779902589661108,0.7070102359114574,0.6881404593875009,2.0451624904710064,16892.0,,16892.0,16892.0,16892.0,,16892.0,invalidated,82.0,,82.0,82.0,,82.0,0,82.0,0.0,0.0,0.0,82.0,16892.0,16892.0,1,1,1.0,0.3473599311694639,1,16892.0
341,1,bull,16821,16826,16826,2714.265,2722.965,0.7623234433867948,0.6340894082237828,0.6568208934175879,2.227386428838135,16832.0,,16832.0,,16832.0,,16832.0,mitigated_full,6.0,,6.0,,,6.0,0,6.0,0.0,0.0,0.0,6.0,16832.0,16832.0,1,1,1.0,0.6580528399561256,1,16832.0
342,1,bull,16851,16852,16852,2740.245,2743.385,0.26493239955335246,0.6054652355050765,0.7521980722261197,0.7661102509376337,16868.0,,16868.0,16868.0,16868.0,,16868.0,invalidated,16.0,,16.0,16.0,,16.0,0,16.0,0.0,0.0,0.0,16.0,16868.0,16868.0,1,1,1.0,0.2427915976311275,1,16868.0
343,1,bull,16853,16856,16856,2748.735,2752.16,0.2854049236807953,0.5696355481268923,0.45040724528218024,1.7103462944668075,16868.0,,16868.0,16868.0,16868.0,,16868.0,invalidated,12.0,,12.0,12.0,,12.0,0,12.0,0.0,0.0,0.0,12.0,16868.0,16868.0,1,1,1.0,0.2648284146135219,1,16868.0
344,-1,bear,16880,16883,16883,2738.71,2748.28,0.8499809652577993,0.4618567256640439,0.38100618962643223,1.238556380409608,16884.0,16884.0,16886.0,,16886.0,,16886.0,mitigated_full,1.0,1.0,3.0,,,1.0,0,1.0,0.0,2.0,0.0,3.0,16886.0,16884.0,3,3,1.0,0.8310354599920753,1,16885.0
345,-1,bear,16913,16914,16914,2621.265,2627.185,0.3540573463720797,0.44730701207225787,0.4553086974317063,1.0588826549860757,16943.0,16943.0,16945.0,16945.0,16945.0,,16945.0,invalidated,29.0,29.0,31.0,31.0,,29.0,0,29.0,0.0,2.0,0.0,31.0,16945.0,16943.0,3,3,1.0,0.39779737849762914,1,16944.0
346,-1,bear,16921,16923,16923,2605.485,2611.745,0.3716043980735302,0.6286051084744133,0.6210436425119945,1.6505527617308313,16940.0,16940.0,16941.0,,16941.0,,16941.0,mitigated_full,17.0,17.0,18.0,,,17.0,0,17.0,0.0,1.0,0.0,18.0,16941.0,16940.0,2,2,1.0,0.3857382171450127,1,16940.0
347,1,bull,16938,16940,16940,2580.51,2591.11,0.6321080090597445,0.5860583100673605,0.5376780717419678,1.1467393409640567,,,,,,17036.0,17036.0,retired,,,,,96.0,96.0,1,96.0,0.0,0.0,0.0,96.0,17036.0,17036.0,0,0,0.0,0.0,0,
348,1,bull,16946,16949,16949,2622.88,2635.22,0.8902912940770761,0.45629401736351777,0.3619465927791102,0.48843371644262074,16950.0,16950.0,16951.0,,16951.0,,16951.0,mitigated_full,1.0,1.0,2.0,,,1.0,0,1.0,0.0,1.0,0.0,2.0,16951.0,16950.0,2,2,1.0,0.9069950537768324,1,16950.0
349,1,bull,16951,16952,16952,2618.89,2629.34,0.7248324016451614,0.616135985494642,0.7919913626254509,1.1885170528410856,16971.0,,16971.0,,16971.0,,16971.0,mitigated_full,19.0,,19.0,,,19.0,0,19.0,0.0,0.0,0.0,19.0,16971.0,16971.0,1,1,1.0,0.5221821028915434,1,16971.0
350,1,bull,17041,17042,17042,2686.195,2696.53,0.7228438210787342,0.48494893700285724,0.5968474271551317,0.7273900086326606,17048.0,,17048.0,,17048.0,,17048.0,mitigated_full,6.0,,6.0,,,6.0,0,6.0,0.0,0.0,0.0,6.0,17048.0,17048.0,1,1,1.0,0.6613239518810018,1,17048.0
351,-1,bear,17071,17074,17074,2646.8,2649.685,0.20878639672815644,0.8171636770223621,1.0,4.5509644915948835,17125.0,,17125.0,,17125.0,,17125.0,mitigated_full,51.0,,51.0,,,51.0,0,51.0,0.0,0.0,0.0,51.0,17125.0,17125.0,1,1,1.0,0.2694562999992258,1,17125.0
352,1,bull,17183,17185,17185,2690.12,2697.64,0.6384011958318135,0.6272328547261977,0.49143265437805395,1.846439628901859,17194.0,,17194.0,,17194.0,,17194.0,mitigated_full,9.0,,9.0,,,9.0,0,9.0,0.0,0.0,0.0,9.0,17194.0,17194.0,1,1,1.0,0.6941543979679271,1,17194.0
353,1,bull,17202,17203,17203,2718.03,2724.35,0.5233347122101093,0.7746566465361293,1.0,1.1874398375147768,,,,,,17299.0,17299.0,retired,,,,,96.0,96.0,1,96.0,0.0,0.0,0.0,96.0,17299.0,17299.0,0,0,0.0,0.0,0,
354,1,bull,17217,17218,17218,2751.39,2755.865,0.3730639487568543,0.770909058994216,1.0,1.631894256294005,17224.0,17224.0,17225.0,,17225.0,,17225.0,mitigated_full,6.0,6.0,7.0,,,6.0,0,6.0,0.0,1.0,0.0,7.0,17225.0,17224.0,2,2,1.0,0.38060520110274154,1,17225.0
355,1,bull,17249,17251,17251,2792.34,2796.235,0.35784229005650686,0.8388886005720202,1.0,1.5057856570028574,17252.0,17252.0,17254.0,17254.0,17254.0,,17254.0,invalidated,1.0,1.0,3.0,3.0,,1.0,0,1.0,0.0,2.0,0.0,3.0,17254.0,17252.0,3,3,1.0,0.30385437790392256,1,17254.0
356,1,bull,17254,17257,17257,2773.85,2801.715,1.906678260893998,0.8321590971311129,1.0,1.9870782952220047,,,,,,17353.0,17353.0,retired,,,,,96.0,96.0,1,96.0,0.0,0.0,0.0,96.0,17353.0,17353.0,0,0,0.0,0.0,0,
357,1,bull,17261,17263,17263,2810.95,2821.28,0.6738158047060616,0.811196472442721,1.0,1.3153432431652667,,,,,,17359.0,17359.0,retired,,,,,96.0,96.0,1,96.0,0.0,0.0,0.0,96.0,17359.0,17359.0,0,0,0.0,0.0,0,
358,1,bull,17283,17285,17285,2859.075,2861.4,0.14473318690318487,0.5328396196307252,0.5147465473952828,1.9325771128640248,17369.0,,17369.0,,17369.0,,17369.0,mitigated_full,84.0,,84.0,,,84.0,0,84.0,0.0,0.0,0.0,84.0,17369.0,17369.0,1,1,1.0,0.13528874246948222,1,17369.0
359,1,bull,17447,17448,17448,3027.51,3033.99,0.5024187597227512,0.7763467103852301,1.0,0.8827218486796323,17449.0,,17449.0,,17449.0,,17449.0,mitigated_full,1.0,,1.0,,,1.0,0,1.0,0.0,0.0,0.0,1.0,17449.0,17449.0,1,1,1.0,0.47835764269986875,1,17449.0
360,1,bull,17451,17452,17452,3025.94,3033.415,0.5318227148172079,0.5823715918275196,0.7081834154635163,1.3222642347662807,17456.0,,17456.0,,17456.0,,17456.0,mitigated_full,4.0,,4.0,,,4.0,0,4.0,0.0,0.0,0.0,4.0,17456.0,17456.0,1,1,1.0,0.5430561261919,1,17456.0
361,1,bull,17576,17579,17579,3312.005,3321.635,0.3449461812914339,0.7894115438457258,1.0,2.0386928253584347,17591.0,17591.0,17593.0,,17593.0,,17593.0,mitigated_full,12.0,12.0,14.0,,,12.0,0,12.0,0.0,2.0,0.0,14.0,17593.0,17591.0,3,3,1.0,0.23710982496853286,1,17591.0
362,-1,bear,17680,17684,17684,3247.125,3254.85,0.24369890677863654,0.6380013436515287,0.6125459781850514,2.276415936976904,17693.0,17693.0,17708.0,17708.0,17708.0,,17708.0,invalidated,9.0,9.0,24.0,24.0,,9.0,0,9.0,0.0,15.0,0.0,24.0,17708.0,17693.0,5,5,1.0,0.2720726184324379,1,17693.0
363,1,bull,17716,17717,17717,3311.955,3316.345,0.17163912423191532,0.45830188141981437,0.4116604870433882,1.0454738455493369,17719.0,,17719.0,17719.0,17719.0,,17719.0,invalidated,2.0,,2.0,2.0,,2.0,0,2.0,0.0,0.0,0.0,2.0,17719.0,17719.0,1,1,1.0,0.17156611875549624,1,17719.0
364,1,bull,17722,17727,17727,3289.16,3296.75,0.2930321334189471,0.6026282216206071,0.5986085532782157,2.6739664770218647,17737.0,17737.0,17738.0,,17738.0,,17738.0,mitigated_full,10.0,10.0,11.0,,,10.0,0,10.0,0.0,1.0,0.0,11.0,17738.0,17737.0,2,2,1.0,0.34533517093287314,1,17737.0
365,1,bull,17758,17761,17761,3288.795,3291.065,0.09674327140015553,0.5925814252008235,0.504364072766768,2.8980363238813345,,,,,,17857.0,17857.0,retired,,,,,96.0,96.0,1,96.0,0.0,0.0,0.0,96.0,17857.0,17857.0,0,0,0.0,0.0,0,
366,1,bull,17778,17779,17779,3361.345,3373.875,0.5997785473255137,0.742707899993974,1.0,0.839115557431461,17780.0,17780.0,17781.0,17781.0,17781.0,,17781.0,invalidated,1.0,1.0,2.0,2.0,,1.0,0,1.0,0.0,1.0,0.0,2.0,17781.0,17780.0,2,2,1.0,0.5382507154142772,1,17781.0
367,1,bull,17811,17813,17813,3377.935,3391.99,0.5912245527251061,0.8728647881091949,1.0,1.743597133436933,17822.0,17822.0,17826.0,,17826.0,,17826.0,mitigated_full,9.0,9.0,13.0,,,9.0,0,9.0,0.0,4.0,0.0,13.0,17826.0,17822.0,5,5,1.0,0.6288694105207178,1,17822.0
368,-1,bear,17842,17844,17844,3368.365,3371.455,0.16095563361237916,0.49891127553419445,0.35146231109320997,1.336088026588114,17846.0,,17846.0,,17846.0,,17846.0,mitigated_full,2.0,,2.0,,,2.0,0,2.0,0.0,0.0,0.0,2.0,17846.0,17846.0,1,1,1.0,0.15386610955497826,1,17846.0
369,1,bull,17897,17898,17898,3341.99,3359.585,1.0259689967855186,0.5185321781955589,0.6318542247093752,0.05481164290869165,17899.0,17899.0,17900.0,17900.0,17900.0,,17900.0,invalidated,1.0,1.0,2.0,2.0,,1.0,0,1.0,0.0,1.0,0.0,2.0,17900.0,17899.0,2,2,1.0,0.9146285346955418,1,17899.0
370,1,bull,17975,17977,17977,3384.775,3385.935,0.07360713203709117,0.7365316782815186,0.9868859037463807,2.1806112865991145,17984.0,,17984.0,,17984.0,,17984.0,mitigated_full,7.0,,7.0,,,7.0,0,7.0,0.0,0.0,0.0,7.0,17984.0,17984.0,1,1,1.0,0.06469622297252504,1,17984.0
371,-1,bear,18012,18015,18015,3325.0,3334.025,0.5168195027814804,0.8378902739751037,0.9507472178717166,3.2543880712544264,18025.0,,18025.0,18025.0,18025.0,,18025.0,invalidated,10.0,,10.0,10.0,,10.0,0,10.0,0.0,0.0,0.0,10.0,18025.0,18025.0,1,1,1.0,0.47352693422503594,1,18025.0
372,1,bull,18126,18129,18129,3367.21,3376.625,0.6988641319083497,0.6568257817089951,0.7866423101270684,1.268941299519187,18131.0,18131.0,,,18134.0,18225.0,18225.0,retired,2.0,2.0,,,96.0,2.0,0,2.0,0.0,94.0,0.0,96.0,18225.0,18131.0,4,4,0.2995220392990095,0.21697458739499814,0,
373,1,bull,18133,18134,18134,3373.805,3378.21,0.3219611005522035,0.6041389148119947,0.831711532613862,1.501266970565709,,,,,,18230.0,18230.0,retired,,,,,96.0,96.0,1,96.0,0.0,0.0,0.0,96.0,18230.0,18230.0,0,0,0.0,0.0,0,
374,1,bull,18144,18145,18145,3406.58,3410.38,0.29786938497008547,0.763883655737545,1.0,1.4721018551941742,,,,,,18241.0,18241.0,retired,,,,,96.0,96.0,1,96.0,0.0,0.0,0.0,96.0,18241.0,18241.0,0,0,0.0,0.0,0,
375,1,bull,18153,18154,18154,3476.195,3477.955,0.11306805082410853,0.7412180371137255,0.5982906512546041,1.9786908894221769,18156.0,,18156.0,,18156.0,,18156.0,mitigated_full,2.0,,2.0,,,2.0,0,2.0,0.0,0.0,0.0,2.0,18156.0,18156.0,1,1,1.0,0.11007904302495398,1,18156.0
376,1,bull,18156,18158,18158,3470.05,3493.125,1.2795314056408558,0.8624434767579606,1.0,2.051686327571486,,,,,,18254.0,18254.0,retired,,,,,96.0,96.0,1,96.0,0.0,0.0,0.0,96.0,18254.0,18254.0,0,0,0.0,0.0,0,
377,1,bull,18161,18163,18163,3526.725,3538.885,0.656078768270415,0.5620136715620712,0.5299524132419192,1.2209755366742507,18167.0,,18167.0,,18167.0,,18167.0,mitigated_full,4.0,,4.0,,,4.0,0,4.0,0.0,0.0,0.0,4.0,18167.0,18167.0,1,1,1.0,0.5925506579558575,1,18167.0
378,1,bull,18174,18175,18175,3544.905,3557.97,0.6248459445684975,0.7966162137798131,1.0,1.7894076552645473,,,,,,18271.0,18271.0,retired,,,,,96.0,96.0,1,96.0,0.0,0.0,0.0,96.0,18271.0,18271.0,0,0,0.0,0.0,0,
379,1,bull,18178,18180,18180,3584.94,3592.0,0.3489587487008937,0.6441216072605086,0.7912050967883604,1.247552240398095,,,,,,18276.0,18276.0,retired,,,,,96.0,96.0,1,96.0,0.0,0.0,0.0,96.0,18276.0,18276.0,0,0,0.0,0.0,0,
380,1,bull,18267,18269,18269,3759.635,3782.98,1.0243660522040017,0.9100903339216916,1.0,1.3896625775669773,,,,,,18365.0,18365.0,retired,,,,,96.0,96.0,1,96.0,0.0,0.0,0.0,96.0,18365.0,18365.0,0,0,0.0,0.0,0,
381,1,bull,18281,18282,18282,3855.74,3868.92,0.49786485564095745,0.5177315315828619,0.49016687180281876,1.0040400502986586,18283.0,18283.0,18285.0,,18285.0,,18285.0,mitigated_full,1.0,1.0,3.0,,,1.0,0,1.0,0.0,2.0,0.0,3.0,18285.0,18283.0,3,3,1.0,0.5168189420764037,1,18284.0
382,1,bull,18339,18340,18340,4134.72,4148.12,0.36180687043258053,0.6599887645495058,0.873642235761951,1.0461348652918412,18368.0,,18368.0,18368.0,18368.0,,18368.0,invalidated,28.0,,28.0,28.0,,28.0,0,28.0,0.0,0.0,0.0,28.0,18368.0,18368.0,1,1,1.0,0.22209938828629075,1,18368.0
383,-1,bear,18394,18395,18395,3988.99,4019.935,0.6332081421418353,0.5651915176995594,0.6394140718838965,0.6118249620307172,18402.0,,18402.0,18402.0,18402.0,,18402.0,invalidated,7.0,,7.0,7.0,,7.0,0,7.0,0.0,0.0,0.0,7.0,18402.0,18402.0,1,1,1.0,0.6315258541796324,1,18402.0
384,1,bull,18448,18450,18450,3994.525,4005.735,0.3822992524659681,0.6832730712906281,0.6692729259425874,2.483581004534698,18486.0,18486.0,,,18487.0,18546.0,18546.0,retired,36.0,36.0,,,96.0,36.0,0,36.0,0.0,60.0,0.0,96.0,18546.0,18486.0,2,2,0.6917930419268585,0.19893687462698126,1,18487.0
385,1,bull,18462,18465,18465,4098.905,4124.175,0.8633668615753538,0.7751320443972343,1.0,2.992914011634318,18476.0,,18476.0,18476.0,18476.0,,18476.0,invalidated,11.0,,11.0,11.0,,11.0,0,11.0,0.0,0.0,0.0,11.0,18476.0,18476.0,1,1,1.0,0.6076491506375303,1,18476.0
386,-1,bear,18502,18504,18504,4060.67,4087.295,0.6690384440162587,0.4755481660716347,0.3864427942819284,0.7851307486680912,18505.0,18505.0,18507.0,,18507.0,,18507.0,mitigated_full,1.0,1.0,3.0,,,1.0,0,1.0,0.0,2.0,0.0,3.0,18507.0,18505.0,3,3,1.0,0.6462939456652632,1,18506.0
387,1,bull,18532,18533,18533,4157.78,4159.245,0.057449384593906506,0.7795959620711216,0.940515710910553,1.3342766626672395,18535.0,,18535.0,,18535.0,,18535.0,mitigated_full,2.0,,2.0,,,2.0,0,2.0,0.0,0.0,0.0,2.0,18535.0,18535.0,1,1,1.0,0.057088100793422705,1,18535.0
388,1,bull,18535,18536,18536,4155.72,4187.26,1.1612141194889487,0.6595577800845442,0.7333397017932423,0.804823736589349,18537.0,18537.0,,,18586.0,18632.0,18632.0,retired,1.0,1.0,,,96.0,1.0,0,1.0,0.0,95.0,0.0,96.0,18632.0,18537.0,13,13,0.7420735573874662,0.7428467026587641,1,18549.0
389,1,bull,18584,18586,18586,4191.44,4193.32,0.07958093036660693,0.6351678642085404,0.747163582518964,1.9241229733052672,,,,,,18682.0,18682.0,retired,,,,,96.0,96.0,1,96.0,0.0,0.0,0.0,96.0,18682.0,18682.0,0,0,0.0,0.0,0,
390,1,bull,18628,18629,18629,4336.6,4348.67,0.45841741675409153,0.8491667769464245,1.0,1.5267920591147341,18656.0,,18656.0,18656.0,18656.0,,18656.0,invalidated,27.0,,27.0,27.0,,27.0,0,27.0,0.0,0.0,0.0,27.0,18656.0,18656.0,1,1,1.0,0.28640339047842583,1,18656.0
391,1,bull,18754,18758,18758,4772.34,4815.225,0.9191170367673704,0.8282148410581175,1.0,2.2369789136666385,18794.0,,18794.0,,18794.0,,18794.0,mitigated_full,36.0,,36.0,,,36.0,0,36.0,0.0,0.0,0.0,36.0,18794.0,18794.0,1,1,1.0,0.29288905937798226,1,18794.0
392,1,bull,18762,18765,18766,4899.945,4953.755,1.1170451135026311,0.5488657473440047,0.49143067354176584,2.891737303678044,18792.0,18792.0,18794.0,18794.0,18794.0,,18794.0,invalidated,26.0,26.0,28.0,28.0,,26.0,0,26.0,0.0,2.0,0.0,28.0,18794.0,18792.0,2,2,1.0,0.36750286312531805,1,18794.0
393,1,bull,18782,18783,18783,5235.77,5286.175,0.801483743033121,0.759713509955723,1.0,2.1208590744124254,18788.0,,18788.0,,18788.0,,18788.0,mitigated_full,5.0,,5.0,,,5.0,0,5.0,0.0,0.0,0.0,5.0,18788.0,18788.0,1,1,1.0,0.5145857821635819,1,18788.0
394,-1,bear,18818,18819,18819,4846.34,4906.735,0.48170545817622096,0.37328168594962036,0.37169504664875214,0.6906744623026791,18820.0,18820.0,18823.0,18823.0,18823.0,,18823.0,invalidated,1.0,1.0,4.0,4.0,,1.0,0,1.0,0.0,3.0,0.0,4.0,18823.0,18820.0,4,4,1.0,0.5029425283745778,1,18821.0
395,-1,bear,18974,18975,18975,5089.765,5121.99,0.6280779133556067,0.5194567825117029,0.4723973747518024,1.3750472238088105,,,,,,19071.0,19071.0,retired,,,,,96.0,96.0,1,96.0,0.0,0.0,0.0,96.0,19071.0,19071.0,0,0,0.0,0.0,0,
396,-1,bear,18995,18996,18997,4825.225,4867.225,0.710485212733385,0.5903427984660335,0.7409560100328041,2.339526307643507,19073.0,19073.0,,,19075.0,,,mitigated_partial,76.0,76.0,,,,76.0,0,76.0,0.0,18.0,0.0,94.0,19091.0,19073.0,3,3,0.7761904761904632,0.48152491669840397,1,19073.0
397,-1,bear,19002,19006,19006,4677.465,4735.915,0.7873589288339672,0.5889675412266718,0.6783684272777191,2.693117773261446,19048.0,19048.0,19051.0,,19051.0,,19051.0,mitigated_full,42.0,42.0,45.0,,,42.0,0,42.0,0.0,3.0,0.0,45.0,19051.0,19048.0,4,4,1.0,0.8972946684651361,1,19049.0
398,1,bull,19045,19047,19047,4543.57,4568.975,0.36124312001832515,0.5151041904580488,0.35258180391616567,1.4048738538795253,19057.0,19057.0,,,19057.0,,,mitigated_partial,10.0,10.0,,,,10.0,0,10.0,0.0,34.0,0.0,44.0,19091.0,19057.0,1,1,0.5935839401692399,0.20391177172252836,1,19057.0
