left_ob_id,right_ob_id,older_ob_id,younger_ob_id,older_activate_idx,younger_activate_idx,overlap_side_relation,overlap_width_frac,age_difference_bars,strength_difference,same_side_overlap,younger_mostly_nested_in_older,similar_strength_flag,older_touched_before_younger,concurrent_live_bars,redundant_live_inventory,younger_redundant_to_older,older_should_probably_have_been_retired_or_downranked,older_terminal_state,younger_terminal_state,resolution_category
1,16,1,16,69.0,669.0,same-side,1.0,600.0,0.27176559836952857,1,1,0,1,0.0,0,0,0,mitigated_full,retired,older_full_mitigated
1,28,1,28,69.0,1108.0,opposite-side,0.05846018089562727,1039.0,0.2690458055925427,0,0,0,1,0.0,0,0,0,mitigated_full,mitigated_full,older_full_mitigated
1,81,1,81,69.0,3656.0,same-side,1.0,3587.0,0.2581047847732561,1,0,0,1,0.0,0,0,0,mitigated_full,retired,older_full_mitigated
1,117,1,117,69.0,5521.0,opposite-side,1.0,5452.0,0.1603815195888036,0,1,0,1,0.0,0,0,0,mitigated_full,mitigated_full,older_full_mitigated
1,145,1,145,69.0,7166.0,opposite-side,1.0,7097.0,0.43749482836903747,0,1,0,1,0.0,0,0,0,mitigated_full,retired,older_full_mitigated
1,155,1,155,69.0,7799.0,same-side,0.8802117802779827,7730.0,0.29605465212814047,1,0,0,1,0.0,0,0,0,mitigated_full,invalidated,older_full_mitigated
2,18,2,18,167.0,710.0,same-side,0.7594876660341202,543.0,0.16175319967997737,1,0,0,0,0.0,0,0,0,retired,mitigated_full,older_retired
2,85,2,85,167.0,3855.0,same-side,1.0,3688.0,0.0811254603298932,1,0,1,0,0.0,0,0,0,retired,invalidated,older_retired
2,94,2,94,167.0,4482.0,same-side,0.45730550284628363,4315.0,0.2292716707928596,1,0,0,0,0.0,0,0,0,retired,mitigated_full,older_retired
2,108,2,108,167.0,5172.0,same-side,1.0,5005.0,0.0218979697208167,1,0,1,0,0.0,0,0,0,retired,invalidated,older_retired
2,114,2,114,167.0,5424.0,opposite-side,1.0,5257.0,0.06779995753600243,0,0,1,0,0.0,0,0,0,retired,invalidated,older_retired
2,122,2,122,167.0,6094.0,same-side,1.0,5927.0,0.3111482063372766,1,0,0,0,0.0,0,0,0,retired,mitigated_full,older_retired
3,11,3,11,171.0,402.0,same-side,0.013058419243989637,231.0,0.25156455232040087,1,0,0,1,0.0,0,0,0,retired,mitigated_full,older_retired
3,41,3,41,171.0,1650.0,same-side,0.5753704649974682,1479.0,0.3575333135512978,1,0,0,1,0.0,0,0,0,retired,mitigated_full,older_retired
3,85,3,85,171.0,3855.0,same-side,0.15120197708380106,3684.0,0.2650482834722806,1,0,0,1,0.0,0,0,0,retired,invalidated,older_retired
3,86,3,86,171.0,3870.0,same-side,0.6798010711553117,3699.0,0.16570869183239367,1,0,0,1,0.0,0,0,0,retired,mitigated_full,older_retired
3,108,3,108,171.0,5172.0,same-side,0.0930781331935005,5001.0,0.3242757740813571,1,0,0,1,0.0,0,0,0,retired,invalidated,older_retired
3,112,3,112,171.0,5403.0,same-side,1.0,5232.0,0.11489579418131657,1,1,0,1,0.0,0,0,0,retired,invalidated,older_retired
3,113,3,113,171.0,5418.0,opposite-side,0.23661360347322827,5247.0,0.27194630177924173,0,0,0,1,0.0,0,0,0,retired,retired,older_retired
3,122,3,122,171.0,6094.0,same-side,0.11221193194054596,5923.0,0.03502553746489723,1,0,1,1,0.0,0,0,0,retired,mitigated_full,older_retired
3,123,3,123,171.0,6117.0,opposite-side,1.0,5946.0,0.12110537173081504,0,1,0,1,0.0,0,0,0,retired,invalidated,older_retired
3,124,3,124,171.0,6206.0,opposite-side,0.3216444981863083,6035.0,0.31243100847538197,0,0,0,1,0.0,0,0,0,retired,invalidated,older_retired
3,127,3,127,171.0,6295.0,same-side,1.0,6124.0,0.33338663385989853,1,1,0,1,0.0,0,0,0,retired,retired,older_retired
3,156,3,156,171.0,7887.0,same-side,1.0,7716.0,0.03979670196153551,1,1,1,1,0.0,0,0,0,retired,mitigated_full,older_retired
3,157,3,157,171.0,7898.0,same-side,1.0,7727.0,0.09014821269861373,1,1,1,1,0.0,0,0,0,retired,invalidated,older_retired
3,172,3,172,171.0,8455.0,same-side,0.8596134282807476,8284.0,0.43662930900354824,1,0,0,1,0.0,0,0,0,retired,invalidated,older_retired
4,24,4,24,183.0,935.0,opposite-side,0.2724957555178498,752.0,0.13032088235536243,0,0,0,0,0.0,0,0,0,retired,mitigated_full,older_retired
4,25,4,25,183.0,1007.0,opposite-side,0.9234752589182774,824.0,0.07036609375205138,0,0,1,0,0.0,0,0,0,retired,invalidated,older_retired
4,87,4,87,183.0,3894.0,opposite-side,0.8367224880382653,3711.0,0.0676166319528434,0,0,1,0,0.0,0,0,0,retired,invalidated,older_retired
4,119,4,119,183.0,5733.0,same-side,0.13754266211605548,5550.0,0.03299465290399606,1,0,1,0,0.0,0,0,0,retired,mitigated_full,older_retired
4,142,4,142,183.0,6923.0,same-side,0.7867822966506632,6740.0,0.062399543128027424,1,0,1,0,0.0,0,0,0,retired,mitigated_full,older_retired
4,167,4,167,183.0,8266.0,opposite-side,0.4164556962024887,8083.0,0.20984779227015432,0,0,0,0,0.0,0,0,0,retired,invalidated,older_retired
4,168,4,168,183.0,8303.0,same-side,1.0,8120.0,0.13570469229406557,1,1,0,0,0.0,0,0,0,retired,invalidated,older_retired
4,174,4,174,183.0,8479.0,opposite-side,0.15977961432511584,8296.0,0.19894042692032365,0,0,0,0,0.0,0,0,0,retired,mitigated_full,older_retired
5,19,5,19,222.0,818.0,same-side,0.7700689348454717,596.0,0.045293964186378655,1,0,1,1,0.0,0,0,0,retired,invalidated,older_retired
5,88,5,88,222.0,4055.0,same-side,0.28996163682862724,3833.0,0.054083631755430184,1,0,1,1,0.0,0,0,0,retired,retired,older_retired
5,90,5,90,222.0,4205.0,opposite-side,0.7511256651657997,3983.0,0.061433666377024965,0,0,1,1,0.0,0,0,0,retired,mitigated_full,older_retired
5,121,5,121,222.0,5863.0,opposite-side,0.4474885844748557,5641.0,0.1916274732796326,0,0,0,1,0.0,0,0,0,retired,retired,older_retired
5,130,5,130,222.0,6470.0,opposite-side,0.15039494470774237,6248.0,0.2956406685151568,0,0,0,1,0.0,0,0,0,retired,mitigated_full,older_retired
5,132,5,132,222.0,6496.0,same-side,0.3102685624012582,6274.0,0.08243337570993303,1,0,1,1,0.0,0,0,0,retired,mitigated_full,older_retired
5,134,5,134,222.0,6582.0,same-side,0.7619477006311559,6360.0,0.20233250332341335,1,0,0,1,0.0,0,0,0,retired,mitigated_full,older_retired
5,135,5,135,222.0,6632.0,opposite-side,0.6806513938724433,6410.0,0.23409054255020834,0,0,0,1,0.0,0,0,0,retired,invalidated,older_retired
5,136,5,136,222.0,6660.0,same-side,0.035714285714291236,6438.0,0.15722328286940457,1,0,0,1,0.0,0,0,0,retired,mitigated_full,older_retired
5,141,5,141,222.0,6873.0,same-side,0.8661302121432372,6651.0,0.055398558678768195,1,0,1,1,0.0,0,0,0,retired,mitigated_full,older_retired
5,160,5,160,222.0,8096.0,same-side,0.9623733719247607,7874.0,0.2859686546999357,1,0,0,1,0.0,0,0,0,retired,mitigated_full,older_retired
5,175,5,175,222.0,8558.0,same-side,0.2189153439154058,8336.0,0.13373637405660088,1,0,0,1,0.0,0,0,0,retired,invalidated,older_retired
6,120,6,120,230.0,5821.0,same-side,0.8186501803194279,5591.0,0.22806837508240208,1,0,0,1,0.0,0,0,0,mitigated_full,mitigated_full,older_full_mitigated
6,129,6,129,230.0,6405.0,same-side,0.8590932509016431,6175.0,0.04563621027263287,1,0,1,1,0.0,0,0,0,mitigated_full,mitigated_full,older_full_mitigated
6,133,6,133,230.0,6500.0,same-side,0.8882019577537383,6270.0,0.3464037518909291,1,0,0,1,0.0,0,0,0,mitigated_full,invalidated,older_full_mitigated
6,138,6,138,230.0,6727.0,same-side,0.1380731581658562,6497.0,0.13689093509276007,1,0,0,1,0.0,0,0,0,mitigated_full,invalidated,older_full_mitigated
6,139,6,139,230.0,6732.0,same-side,1.0,6502.0,0.07780280454443222,1,1,1,1,0.0,0,0,0,mitigated_full,mitigated_full,older_full_mitigated
6,140,6,140,230.0,6787.0,opposite-side,0.6404849762783131,6557.0,0.16564327074127927,0,0,0,1,0.0,0,0,0,mitigated_full,retired,older_full_mitigated
7,91,7,91,294.0,4248.0,opposite-side,0.5458911419423148,3954.0,0.01420446870757841,0,0,1,1,0.0,0,0,0,invalidated,retired,older_invalidated
7,137,7,137,294.0,6670.0,same-side,0.774562256809353,6376.0,0.03485298318501384,1,0,1,1,0.0,0,0,0,invalidated,invalidated,older_invalidated
7,176,7,176,294.0,8624.0,same-side,0.3254891591750446,8330.0,0.041032464560237236,1,0,1,1,0.0,0,0,0,invalidated,retired,older_invalidated
10,13,10,13,359.0,539.0,same-side,0.6768558951965139,180.0,0.04127269061977146,1,0,1,1,0.0,0,0,0,mitigated_full,retired,older_full_mitigated
10,21,10,21,359.0,842.0,same-side,0.4686135371178703,483.0,0.04691094194969947,1,0,1,1,0.0,0,0,0,mitigated_full,invalidated,older_full_mitigated
10,131,10,131,359.0,6484.0,opposite-side,1.0,6125.0,0.2691361718726686,0,1,0,1,0.0,0,0,0,mitigated_full,invalidated,older_full_mitigated
10,159,10,159,359.0,8045.0,same-side,1.0,7686.0,0.1332360993323538,1,1,0,1,0.0,0,0,0,mitigated_full,mitigated_full,older_full_mitigated
10,166,10,166,359.0,8262.0,same-side,0.12426614481405171,7903.0,0.05476682272083133,1,0,1,1,0.0,0,0,0,mitigated_full,retired,older_full_mitigated
11,86,11,86,402.0,3870.0,same-side,0.5883161512027288,3468.0,0.0858558604880072,1,0,1,1,0.0,0,0,0,mitigated_full,mitigated_full,older_full_mitigated
11,87,11,87,402.0,3894.0,opposite-side,0.1477663230240727,3492.0,0.11743017898062336,0,0,0,1,0.0,0,0,0,mitigated_full,invalidated,older_full_mitigated
11,113,11,113,402.0,5418.0,opposite-side,1.0,5016.0,0.02038174945884086,0,0,1,1,0.0,0,0,0,mitigated_full,retired,older_full_mitigated
11,119,11,119,402.0,5733.0,same-side,0.42371134020615553,5331.0,0.08280819993177602,1,0,1,1,0.0,0,0,0,mitigated_full,mitigated_full,older_full_mitigated
11,171,11,171,402.0,8343.0,opposite-side,1.0,7941.0,0.03767155953490553,0,1,1,1,0.0,0,0,0,mitigated_full,mitigated_full,older_full_mitigated
11,172,11,172,402.0,8455.0,same-side,0.15971515768059957,8053.0,0.18506475668314737,1,0,0,1,0.0,0,0,0,mitigated_full,invalidated,older_full_mitigated
11,174,11,174,402.0,8479.0,opposite-side,0.49862542955325806,8077.0,0.1491268798925437,0,0,0,1,0.0,0,0,0,mitigated_full,mitigated_full,older_full_mitigated
12,23,12,23,413.0,917.0,opposite-side,0.3347350714886129,504.0,0.19354656137565818,0,0,0,1,0.0,0,0,0,mitigated_full,mitigated_full,older_full_mitigated
12,162,12,162,413.0,8149.0,opposite-side,0.38026772434306505,7736.0,0.1261388428023249,0,0,0,1,0.0,0,0,0,mitigated_full,mitigated_full,older_full_mitigated
12,163,12,163,413.0,8189.0,same-side,0.43965948923379966,7776.0,0.03498953166140062,1,0,1,1,0.0,0,0,0,mitigated_full,mitigated_full,older_full_mitigated
12,170,12,170,413.0,8332.0,opposite-side,0.07487520798671544,7919.0,0.27793378393211465,0,0,0,1,0.0,0,0,0,mitigated_full,retired,older_full_mitigated
12,173,12,173,413.0,8473.0,opposite-side,0.94356659142205,8060.0,0.1372688186525205,0,0,0,1,0.0,0,0,0,mitigated_full,invalidated,older_full_mitigated
13,21,13,21,539.0,842.0,same-side,0.8235021975479688,303.0,0.005638251329928012,1,0,1,0,0.0,0,0,0,retired,invalidated,older_retired
13,131,13,131,539.0,6484.0,opposite-side,0.73097826086959,5945.0,0.22786348125289713,0,0,0,0,0.0,0,0,0,retired,invalidated,older_retired
13,158,13,158,539.0,8015.0,opposite-side,0.3074572127138992,7476.0,0.021949374183183656,0,0,1,0,0.0,0,0,0,retired,mitigated_full,older_retired
13,159,13,159,539.0,8045.0,same-side,0.03280423280441383,7506.0,0.09196340871258235,1,0,1,0,0.0,0,0,0,retired,mitigated_full,older_retired
13,166,13,166,539.0,8262.0,same-side,1.0,7723.0,0.013494132101059875,1,1,1,0,0.0,0,0,0,retired,retired,older_retired
14,42,14,42,632.0,1729.0,same-side,0.20249908122011398,1097.0,0.16063995202230552,1,0,0,1,0.0,0,0,0,mitigated_full,retired,older_full_mitigated
14,77,14,77,632.0,3421.0,opposite-side,0.012837837837841367,2789.0,0.006958962344828623,0,0,1,1,0.0,0,0,0,mitigated_full,mitigated_full,older_full_mitigated
14,84,14,84,632.0,3850.0,opposite-side,0.8479648842777815,3218.0,0.010316496354919713,0,0,1,1,0.0,0,0,0,mitigated_full,mitigated_full,older_full_mitigated
14,93,14,93,632.0,4371.0,same-side,0.46142595978061784,3739.0,0.1450218587052392,1,0,0,1,0.0,0,0,0,mitigated_full,invalidated,older_full_mitigated
14,95,14,95,632.0,4532.0,same-side,0.39290540540540425,3900.0,0.09755584440330367,1,0,1,1,0.0,0,0,0,mitigated_full,retired,older_full_mitigated
14,111,14,111,632.0,5372.0,opposite-side,0.38114104595880827,4740.0,0.1776716284536508,0,0,0,1,0.0,0,0,0,mitigated_full,invalidated,older_full_mitigated
14,115,14,115,632.0,5436.0,same-side,0.6898175397292394,4804.0,0.17465949373672462,1,0,0,1,0.0,0,0,0,mitigated_full,mitigated_full,older_full_mitigated
14,125,14,125,632.0,6216.0,same-side,0.5614640883978245,5584.0,0.12805761703394924,1,0,0,1,0.0,0,0,0,mitigated_full,mitigated_full,older_full_mitigated
15,17,15,17,636.0,700.0,opposite-side,0.02594594594607111,64.0,0.07281004781846978,0,0,1,1,0.0,0,0,0,mitigated_full,mitigated_full,older_full_mitigated
15,40,15,40,636.0,1640.0,opposite-side,1.0,1004.0,0.1940183997269812,0,0,0,1,0.0,0,0,0,mitigated_full,mitigated_full,older_full_mitigated
15,77,15,77,636.0,3421.0,opposite-side,1.0,2785.0,0.1199311288037812,0,0,0,1,0.0,0,0,0,mitigated_full,mitigated_full,older_full_mitigated
15,78,15,78,636.0,3477.0,opposite-side,0.9111508646391755,2841.0,0.08393783871064364,0,0,1,1,0.0,0,0,0,mitigated_full,invalidated,older_full_mitigated
15,83,15,83,636.0,3845.0,opposite-side,1.0,3209.0,0.05778653795219901,0,0,1,1,0.0,0,0,0,mitigated_full,mitigated_full,older_full_mitigated
15,95,15,95,636.0,4532.0,same-side,0.1747167561121625,3896.0,0.21052801086225625,1,0,0,1,0.0,0,0,0,mitigated_full,retired,older_full_mitigated
15,110,15,110,636.0,5324.0,opposite-side,1.0,4688.0,0.13608863227589763,0,0,0,1,0.0,0,0,0,mitigated_full,invalidated,older_full_mitigated
16,81,16,81,669.0,3656.0,same-side,1.0,2987.0,0.01366081359627247,1,0,1,0,0.0,0,0,0,retired,retired,older_retired
16,117,16,117,669.0,5521.0,opposite-side,0.7454242928452243,4852.0,0.11138407878072498,0,0,0,0,0.0,0,0,0,retired,mitigated_full,older_retired
16,145,16,145,669.0,7166.0,opposite-side,0.5706267539756517,6497.0,0.1657292299995089,0,0,0,0,0.0,0,0,0,retired,retired,older_retired
16,155,16,155,669.0,7799.0,same-side,0.8246024321796191,7130.0,0.0242890537586119,1,0,1,0,0.0,0,0,0,retired,invalidated,older_retired
17,40,17,40,700.0,1640.0,same-side,1.0,940.0,0.12120835190851142,1,0,0,1,0.0,0,0,0,mitigated_full,mitigated_full,older_full_mitigated
17,77,17,77,700.0,3421.0,same-side,1.0,2721.0,0.047121080985311425,1,0,1,1,0.0,0,0,0,mitigated_full,mitigated_full,older_full_mitigated
17,83,17,83,700.0,3845.0,same-side,1.0,3145.0,0.1305965857706688,1,0,0,1,0.0,0,0,0,mitigated_full,mitigated_full,older_full_mitigated
17,95,17,95,700.0,4532.0,opposite-side,1.0,3832.0,0.13771796304378647,0,0,0,1,0.0,0,0,0,mitigated_full,retired,older_full_mitigated
17,110,17,110,700.0,5324.0,same-side,0.4216216216217505,4624.0,0.06327858445742784,1,0,1,1,0.0,0,0,0,mitigated_full,invalidated,older_full_mitigated
18,85,18,85,710.0,3855.0,same-side,0.755835962145134,3145.0,0.08062773935008416,1,0,1,1,0.0,0,0,0,mitigated_full,invalidated,older_full_mitigated
18,94,18,94,710.0,4482.0,same-side,0.8256192959582515,3772.0,0.06751847111288223,1,0,1,1,0.0,0,0,0,mitigated_full,mitigated_full,older_full_mitigated
18,108,18,108,710.0,5172.0,same-side,0.6552050473186434,4462.0,0.13985522995916067,1,0,0,1,0.0,0,0,0,mitigated_full,invalidated,older_full_mitigated
18,114,18,114,710.0,5424.0,opposite-side,0.7917787168651056,4714.0,0.09395324214397494,0,0,1,1,0.0,0,0,0,mitigated_full,invalidated,older_full_mitigated
18,122,18,122,710.0,6094.0,same-side,0.8643533123028841,5384.0,0.1493950066572992,1,0,0,1,0.0,0,0,0,mitigated_full,mitigated_full,older_full_mitigated
19,90,19,90,818.0,4205.0,opposite-side,1.0,3387.0,0.01613970219064631,0,1,1,1,0.0,0,0,0,invalidated,mitigated_full,older_invalidated
19,130,19,130,818.0,6470.0,opposite-side,0.4416277518345442,5652.0,0.34093463270153546,0,0,0,1,0.0,0,0,0,invalidated,mitigated_full,older_invalidated
19,132,19,132,818.0,6496.0,same-side,0.6666666666666499,5678.0,0.1277273398963117,1,0,0,1,0.0,0,0,0,invalidated,mitigated_full,older_invalidated
19,136,19,136,818.0,6660.0,same-side,0.276628863686893,5842.0,0.20251724705578322,1,0,0,1,0.0,0,0,0,invalidated,mitigated_full,older_invalidated
19,160,19,160,818.0,8096.0,same-side,1.0,7278.0,0.33126261888631436,1,1,0,1,0.0,0,0,0,invalidated,mitigated_full,older_invalidated
19,175,19,175,818.0,8558.0,same-side,0.9027777777776818,7740.0,0.17903033824297954,1,0,0,1,0.0,0,0,0,invalidated,invalidated,older_invalidated
20,130,20,130,822.0,6470.0,opposite-side,1.0,5648.0,0.07057312412317718,0,0,1,1,0.0,0,0,0,invalidated,mitigated_full,older_invalidated
20,132,20,132,822.0,6496.0,same-side,0.8759124087591321,5674.0,0.1426341686820466,1,0,0,1,0.0,0,0,0,invalidated,mitigated_full,older_invalidated
20,136,20,136,822.0,6660.0,same-side,1.0,5838.0,0.06784426152257506,1,0,1,1,0.0,0,0,0,invalidated,mitigated_full,older_invalidated
20,138,20,138,822.0,6727.0,same-side,1.0,5905.0,0.1971978655710519,1,0,0,1,0.0,0,0,0,invalidated,invalidated,older_invalidated
20,161,20,161,822.0,8132.0,opposite-side,0.5034116755117569,7310.0,0.4031183901936695,0,0,0,1,0.0,0,0,0,invalidated,retired,older_invalidated
21,22,21,22,842.0,882.0,same-side,0.14171465131157612,40.0,0.027472695507585687,1,0,1,1,0.0,0,0,0,invalidated,mitigated_full,older_invalidated
21,92,21,92,842.0,4359.0,same-side,0.7656250000000353,3517.0,0.016592114132081504,1,0,1,1,0.0,0,0,0,invalidated,retired,older_invalidated
21,131,21,131,842.0,6484.0,opposite-side,0.4718070652173625,5642.0,0.22222522992296911,0,0,0,1,0.0,0,0,0,invalidated,invalidated,older_invalidated
21,158,21,158,842.0,8015.0,opposite-side,0.9951100244498543,7173.0,0.016311122853255644,0,0,1,1,0.0,0,0,0,invalidated,mitigated_full,older_invalidated
21,166,21,166,842.0,8262.0,same-side,1.0,7420.0,0.007855880771131862,1,1,1,1,0.0,0,0,0,invalidated,retired,older_invalidated
22,92,22,92,882.0,4359.0,same-side,0.5490056818181568,3477.0,0.04406480963966719,1,0,1,1,0.0,0,0,0,mitigated_full,retired,older_full_mitigated
22,158,22,158,882.0,8015.0,opposite-side,0.27567237163816066,7133.0,0.011161572654330043,0,0,1,1,0.0,0,0,0,mitigated_full,mitigated_full,older_full_mitigated
23,162,23,162,917.0,8149.0,same-side,1.0,7232.0,0.3196854041779831,1,0,0,1,0.0,0,0,0,mitigated_full,mitigated_full,older_full_mitigated
23,163,23,163,917.0,8189.0,opposite-side,1.0,7272.0,0.15855702971425756,0,0,0,1,0.0,0,0,0,mitigated_full,mitigated_full,older_full_mitigated
23,170,23,170,917.0,8332.0,same-side,0.8166526492852191,7415.0,0.08438722255645648,1,0,1,1,0.0,0,0,0,mitigated_full,retired,older_full_mitigated
23,173,23,173,917.0,8473.0,same-side,0.4188393608074935,7556.0,0.3308153800281787,1,0,0,1,0.0,0,0,0,mitigated_full,invalidated,older_full_mitigated
24,25,24,25,935.0,1007.0,same-side,0.4459148446490597,72.0,0.20068697610741382,1,0,0,1,0.0,0,0,0,mitigated_full,invalidated,older_full_mitigated
24,87,24,87,935.0,3894.0,same-side,0.04074702886248042,2959.0,0.06270425040251904,1,0,1,1,0.0,0,0,0,mitigated_full,invalidated,older_full_mitigated
24,142,24,142,935.0,6923.0,opposite-side,0.5929541595925998,5988.0,0.19272042548338986,0,0,0,1,0.0,0,0,0,mitigated_full,mitigated_full,older_full_mitigated
24,162,24,162,935.0,8149.0,same-side,0.18633276740231403,7214.0,0.3137511811195254,1,0,0,1,0.0,0,0,0,mitigated_full,mitigated_full,older_full_mitigated
24,167,24,167,935.0,8266.0,same-side,0.9898734177216141,7331.0,0.07952690991479189,1,0,1,1,0.0,0,0,0,mitigated_full,invalidated,older_full_mitigated
24,168,24,168,935.0,8303.0,opposite-side,0.897101449275497,7368.0,0.005383809938703132,0,0,1,1,0.0,0,0,0,mitigated_full,invalidated,older_full_mitigated
24,170,24,170,935.0,8332.0,same-side,0.0691850594226587,7397.0,0.09032144561491418,1,0,1,1,0.0,0,0,0,mitigated_full,retired,older_full_mitigated
25,87,25,87,1007.0,3894.0,same-side,0.6093210586881097,2887.0,0.13798272570489478,1,0,0,1,0.0,0,0,0,invalidated,invalidated,older_invalidated
25,142,25,142,1007.0,6923.0,opposite-side,1.0,5916.0,0.00796655062402396,0,0,1,1,0.0,0,0,0,invalidated,mitigated_full,older_invalidated
25,167,25,167,1007.0,8266.0,same-side,0.5006329113923901,7259.0,0.2802138860222057,1,0,0,1,0.0,0,0,0,invalidated,invalidated,older_invalidated
25,168,25,168,1007.0,8303.0,opposite-side,1.0,7296.0,0.20607078604611695,0,1,0,1,0.0,0,0,0,invalidated,invalidated,older_invalidated
26,40,26,40,1091.0,1640.0,opposite-side,1.0,549.0,0.26877600720476835,0,0,0,1,0.0,0,0,0,mitigated_full,mitigated_full,older_full_mitigated
26,77,26,77,1091.0,3421.0,opposite-side,0.9058441558441654,2330.0,0.19468873628156835,0,0,0,1,0.0,0,0,0,mitigated_full,mitigated_full,older_full_mitigated
26,78,26,78,1091.0,3477.0,opposite-side,1.0,2386.0,0.1586954461884308,0,0,0,1,0.0,0,0,0,mitigated_full,invalidated,older_full_mitigated
26,83,26,83,1091.0,3845.0,opposite-side,0.3630952380951502,2754.0,0.016971069525588134,0,0,1,1,0.0,0,0,0,mitigated_full,mitigated_full,older_full_mitigated
26,110,26,110,1091.0,5324.0,opposite-side,0.9648268398268095,4233.0,0.21084623975368477,0,0,0,1,0.0,0,0,0,mitigated_full,invalidated,older_full_mitigated
26,143,26,143,1091.0,7142.0,same-side,0.4285714285715165,6051.0,0.0826355627465607,1,0,1,1,0.0,0,0,0,mitigated_full,retired,older_full_mitigated
27,116,27,116,1101.0,5485.0,opposite-side,0.12210424710421941,4384.0,0.0007990230728576186,0,0,1,0,0.0,0,0,0,retired,invalidated,older_retired
27,126,27,126,1101.0,6232.0,same-side,0.20617977528088058,5131.0,0.04987692542639166,1,0,1,0,0.0,0,0,0,retired,invalidated,older_retired
27,144,27,144,1101.0,7152.0,same-side,0.07154046997386225,6051.0,0.09624256932897024,1,0,1,0,0.0,0,0,0,retired,retired,older_retired
28,29,28,29,1108.0,1129.0,same-side,1.0,21.0,0.09381341202675542,1,1,1,1,0.0,0,0,0,mitigated_full,retired,older_full_mitigated
28,81,28,81,1108.0,3656.0,opposite-side,0.9323453608247299,2548.0,0.010941020819286607,0,0,1,1,0.0,0,0,0,mitigated_full,retired,older_full_mitigated
28,103,28,103,1108.0,4960.0,opposite-side,1.0,3852.0,0.04117981940832127,0,1,1,1,0.0,0,0,0,mitigated_full,mitigated_full,older_full_mitigated
28,109,28,109,1108.0,5313.0,opposite-side,0.06854838709676032,4205.0,0.05396738471283691,0,0,1,1,0.0,0,0,0,mitigated_full,retired,older_full_mitigated
28,155,28,155,1108.0,7799.0,opposite-side,0.6176975945017199,6691.0,0.027008846535597764,0,0,1,1,0.0,0,0,0,mitigated_full,invalidated,older_full_mitigated
29,81,29,81,1129.0,3656.0,opposite-side,1.0,2527.0,0.10475443284604202,0,0,0,0,0.0,0,0,0,retired,retired,older_retired
29,155,29,155,1129.0,7799.0,opposite-side,1.0,6670.0,0.06680456549115765,0,0,1,0,0.0,0,0,0,retired,invalidated,older_retired
30,38,30,38,1251.0,1617.0,same-side,1.0,366.0,0.2000644860184953,1,0,0,1,0.0,0,0,0,mitigated_full,retired,older_full_mitigated
30,79,30,79,1251.0,3564.0,same-side,1.0,2313.0,0.11387891473578537,1,0,0,1,0.0,0,0,0,mitigated_full,retired,older_full_mitigated
30,82,30,82,1251.0,3785.0,opposite-side,0.5332685769791029,2534.0,0.10149017598044863,0,0,0,1,0.0,0,0,0,mitigated_full,invalidated,older_full_mitigated
31,39,31,39,1314.0,1633.0,opposite-side,0.1883408071748254,319.0,0.02186110226748339,0,0,1,0,0.0,0,0,0,retired,retired,older_retired
31,80,31,80,1314.0,3613.0,opposite-side,1.0,2299.0,0.09507659928216528,0,0,1,0,0.0,0,0,0,retired,retired,older_retired
31,82,31,82,1314.0,3785.0,same-side,1.0,2471.0,0.2322756710526631,1,0,0,0,0.0,0,0,0,retired,invalidated,older_retired
32,34,32,34,1397.0,1446.0,opposite-side,1.0,49.0,0.01645238872267063,0,0,1,1,0.0,0,0,0,mitigated_full,invalidated,older_full_mitigated
32,49,32,49,1397.0,1919.0,same-side,0.08818978855082116,522.0,0.2369405546648758,1,0,0,1,0.0,0,0,0,mitigated_full,mitigated_full,older_full_mitigated
32,50,32,50,1397.0,1923.0,same-side,0.38007478632479547,526.0,0.00016831272462647373,1,0,1,1,0.0,0,0,0,mitigated_full,mitigated_full,older_full_mitigated
32,53,32,53,1397.0,2091.0,opposite-side,0.8350974930361911,694.0,0.13126325616241574,0,0,0,1,0.0,0,0,0,mitigated_full,mitigated_full,older_full_mitigated
32,54,32,54,1397.0,2222.0,same-side,0.8270676691729767,825.0,0.09187852616893954,1,0,1,1,0.0,0,0,0,mitigated_full,mitigated_full,older_full_mitigated
32,55,32,55,1397.0,2240.0,opposite-side,0.7213906325446688,843.0,0.008925218249436484,0,0,1,1,0.0,0,0,0,mitigated_full,invalidated,older_full_mitigated
32,56,32,56,1397.0,2321.0,opposite-side,0.7073170731707643,924.0,0.16753437606621835,0,0,0,1,0.0,0,0,0,mitigated_full,retired,older_full_mitigated
32,68,32,68,1397.0,2885.0,opposite-side,0.02876771146415003,1488.0,0.0770985545988816,0,0,1,1,0.0,0,0,0,mitigated_full,retired,older_full_mitigated
33,51,33,51,1442.0,1970.0,opposite-side,0.8837106080780502,528.0,0.008696971691745436,0,0,1,1,0.0,0,0,0,mitigated_full,invalidated,older_full_mitigated
33,150,33,150,1442.0,7488.0,same-side,0.6879715934310139,6046.0,0.18888652543650686,1,0,0,1,0.0,0,0,0,mitigated_full,invalidated,older_full_mitigated
34,49,34,49,1446.0,1919.0,opposite-side,0.1787003610108189,473.0,0.2533929433875464,0,0,0,1,0.0,0,0,0,invalidated,mitigated_full,older_invalidated
34,50,34,50,1446.0,1923.0,opposite-side,0.8910256410256647,477.0,0.016620701447297104,0,0,1,1,0.0,0,0,0,invalidated,mitigated_full,older_invalidated
34,53,34,53,1446.0,2091.0,same-side,1.0,645.0,0.14771564488508637,1,1,0,1,0.0,0,0,0,invalidated,mitigated_full,older_invalidated
34,54,34,54,1446.0,2222.0,opposite-side,1.0,776.0,0.07542613744626891,0,1,1,1,0.0,0,0,0,invalidated,mitigated_full,older_invalidated
34,55,34,55,1446.0,2240.0,same-side,0.8061323032351277,794.0,0.025377606972107114,1,0,1,1,0.0,0,0,0,invalidated,invalidated,older_invalidated
34,56,34,56,1446.0,2321.0,same-side,1.0,875.0,0.18398676478888898,1,1,0,1,0.0,0,0,0,invalidated,retired,older_invalidated
34,68,34,68,1446.0,2885.0,same-side,0.07006645478184025,1439.0,0.06064616587621097,1,0,1,1,0.0,0,0,0,invalidated,retired,older_invalidated
34,151,34,151,1446.0,7507.0,opposite-side,0.12111720177503349,6061.0,0.10571898607954244,0,0,0,1,0.0,0,0,0,invalidated,invalidated,older_invalidated
35,43,35,43,1486.0,1793.0,opposite-side,0.18950930626051574,307.0,0.18679289494444618,0,0,0,1,0.0,0,0,0,invalidated,mitigated_full,older_invalidated
35,44,35,44,1486.0,1811.0,same-side,0.08413205537800246,325.0,0.23965099892936592,1,0,0,1,0.0,0,0,0,invalidated,invalidated,older_invalidated
35,51,35,51,1486.0,1970.0,same-side,1.0,484.0,0.21120715915473542,1,0,0,1,0.0,0,0,0,invalidated,invalidated,older_invalidated
35,99,35,99,1486.0,4811.0,opposite-side,0.2630428844578011,3325.0,0.329755597869664,0,0,0,1,0.0,0,0,0,invalidated,mitigated_full,older_invalidated
35,100,35,100,1486.0,4820.0,same-side,1.0,3334.0,0.022133698098918075,1,0,1,1,0.0,0,0,0,invalidated,invalidated,older_invalidated
35,153,35,153,1486.0,7691.0,opposite-side,0.7388691614313172,6205.0,0.20530990770633917,0,0,0,1,0.0,0,0,0,invalidated,invalidated,older_invalidated
36,38,36,38,1512.0,1617.0,opposite-side,0.932145305003398,105.0,0.18504251173402503,0,0,0,1,0.0,0,0,0,mitigated_full,retired,older_full_mitigated
36,79,36,79,1512.0,3564.0,opposite-side,1.0,2052.0,0.0988569404513151,0,0,1,1,0.0,0,0,0,mitigated_full,retired,older_full_mitigated
36,105,36,105,1512.0,5013.0,same-side,0.47395476353666255,3501.0,0.09162415089056275,1,0,1,1,0.0,0,0,0,mitigated_full,mitigated_full,older_full_mitigated
37,49,37,49,1569.0,1919.0,same-side,1.0,350.0,0.26664866460643594,1,0,0,1,0.0,0,0,0,invalidated,mitigated_full,older_invalidated
37,55,37,55,1569.0,2240.0,opposite-side,0.3751458576429702,671.0,0.03863332819099663,0,0,1,1,0.0,0,0,0,invalidated,invalidated,older_invalidated
37,68,37,68,1569.0,2885.0,opposite-side,1.0,1316.0,0.04739044465732145,0,0,1,1,0.0,0,0,0,invalidated,retired,older_invalidated
38,39,38,39,1617.0,1633.0,same-side,0.4434146341463473,16.0,0.3527110833581932,1,0,0,1,80.0,1,0,0,retired,retired,older_retired
38,79,38,79,1617.0,3564.0,same-side,0.8890297303526183,1947.0,0.08618557128270993,1,0,1,1,0.0,0,0,0,retired,retired,older_retired
38,80,38,80,1617.0,3613.0,same-side,0.2038138199712783,1996.0,0.2357733818085445,1,0,0,1,0.0,0,0,0,retired,retired,older_retired
38,82,38,82,1617.0,3785.0,opposite-side,0.4698725376593268,2168.0,0.09857431003804668,0,0,1,1,0.0,0,0,0,retired,invalidated,older_retired
38,104,38,104,1617.0,5008.0,opposite-side,1.0,3391.0,0.22266516913451723,0,1,0,1,0.0,0,0,0,retired,mitigated_full,older_retired
38,105,38,105,1617.0,5013.0,opposite-side,0.39725108950719623,3396.0,0.09341836084346228,0,0,1,1,0.0,0,0,0,retired,mitigated_full,older_retired
39,80,39,80,1633.0,3613.0,same-side,0.7990243902438812,1980.0,0.11693770154964866,1,0,0,0,0.0,0,0,0,retired,retired,older_retired
39,82,39,82,1633.0,3785.0,opposite-side,1.0,2152.0,0.2541367733201465,0,0,0,0,0.0,0,0,0,retired,invalidated,older_retired
39,104,39,104,1633.0,5008.0,opposite-side,0.6461377870563404,3375.0,0.13004591422367595,0,0,0,0,0.0,0,0,0,retired,mitigated_full,older_retired
39,106,39,106,1633.0,5062.0,same-side,1.0,3429.0,0.2770710865606706,1,1,0,0,0.0,0,0,0,retired,invalidated,older_retired
39,146,39,146,1633.0,7170.0,opposite-side,1.0,5537.0,0.3344162327558791,0,1,0,0,0.0,0,0,0,retired,mitigated_full,older_retired
40,77,40,77,1640.0,3421.0,same-side,0.8497509239916516,1781.0,0.0740872709232,1,0,1,1,0.0,0,0,0,mitigated_full,mitigated_full,older_full_mitigated
40,78,40,78,1640.0,3477.0,same-side,0.9252948885976605,1837.0,0.11008056101633756,1,0,0,1,0.0,0,0,0,mitigated_full,invalidated,older_full_mitigated
40,83,40,83,1640.0,3845.0,same-side,0.8423432278356328,2205.0,0.2518049376791802,1,0,0,1,0.0,0,0,0,mitigated_full,mitigated_full,older_full_mitigated
40,95,40,95,1640.0,4532.0,opposite-side,0.27605579232854416,2892.0,0.01650961113527505,0,0,1,1,0.0,0,0,0,mitigated_full,retired,older_full_mitigated
40,110,40,110,1640.0,5324.0,same-side,1.0,3684.0,0.05792976745108358,1,1,1,1,0.0,0,0,0,mitigated_full,invalidated,older_full_mitigated
40,143,40,143,1640.0,7142.0,opposite-side,0.7437739463601377,5502.0,0.18614044445820765,0,0,0,1,0.0,0,0,0,mitigated_full,retired,older_full_mitigated
41,85,41,85,1650.0,3855.0,same-side,0.7685232498722523,2205.0,0.0924850300790172,1,0,1,1,0.0,0,0,0,mitigated_full,invalidated,older_full_mitigated
41,108,41,108,1650.0,5172.0,same-side,0.6060296371997929,3522.0,0.0332575394699407,1,0,1,1,0.0,0,0,0,mitigated_full,invalidated,older_full_mitigated
41,122,41,122,1650.0,6094.0,same-side,0.6908533469596039,4444.0,0.3225077760864006,1,0,0,1,0.0,0,0,0,mitigated_full,mitigated_full,older_full_mitigated
41,124,41,124,1650.0,6206.0,opposite-side,1.0,4556.0,0.04510230507591584,0,1,1,1,0.0,0,0,0,mitigated_full,invalidated,older_full_mitigated
42,84,42,84,1729.0,3850.0,opposite-side,0.37190742218668865,2121.0,0.17095644837722523,0,0,0,0,0.0,0,0,0,retired,mitigated_full,older_retired
42,93,42,93,1729.0,4371.0,same-side,0.7438441749356429,2642.0,0.015618093317066317,1,0,1,0,0.0,0,0,0,retired,invalidated,older_retired
42,111,42,111,1729.0,5372.0,opposite-side,1.0,3643.0,0.33831158047595633,0,1,0,0,0.0,0,0,0,retired,invalidated,older_retired
42,115,42,115,1729.0,5436.0,same-side,0.6344908769864218,3707.0,0.33529944575903015,1,0,0,0,0.0,0,0,0,retired,mitigated_full,older_retired
43,44,43,44,1793.0,1811.0,opposite-side,1.0,18.0,0.052858103984919746,0,1,1,1,0.0,0,0,0,mitigated_full,invalidated,older_full_mitigated
43,51,43,51,1793.0,1970.0,opposite-side,0.7309644670050938,177.0,0.02441426421028925,0,0,1,1,0.0,0,0,0,mitigated_full,invalidated,older_full_mitigated
43,99,43,99,1793.0,4811.0,same-side,1.0,3018.0,0.14296270292521784,1,0,0,1,0.0,0,0,0,mitigated_full,mitigated_full,older_full_mitigated
43,100,43,100,1793.0,4820.0,opposite-side,1.0,3027.0,0.20892659304336425,0,0,0,1,0.0,0,0,0,mitigated_full,invalidated,older_full_mitigated
43,153,43,153,1793.0,7691.0,same-side,1.0,5898.0,0.018517012761892993,1,0,1,1,0.0,0,0,0,mitigated_full,invalidated,older_full_mitigated
44,51,44,51,1811.0,1970.0,same-side,1.0,159.0,0.028443839774630497,1,0,1,1,0.0,0,0,0,invalidated,invalidated,older_invalidated
44,99,44,99,1811.0,4811.0,opposite-side,1.0,3000.0,0.0901045989402981,0,0,1,1,0.0,0,0,0,invalidated,mitigated_full,older_invalidated
44,100,44,100,1811.0,4820.0,same-side,1.0,3009.0,0.261784697028284,1,0,0,1,0.0,0,0,0,invalidated,invalidated,older_invalidated
44,153,44,153,1811.0,7691.0,opposite-side,1.0,5880.0,0.034341091223026754,0,0,1,1,0.0,0,0,0,invalidated,invalidated,older_invalidated
45,68,45,68,1860.0,2885.0,same-side,1.0,1025.0,0.10567364028350756,1,0,0,1,0.0,0,0,0,mitigated_full,retired,older_full_mitigated
45,76,45,76,1860.0,3308.0,opposite-side,0.2800141242937368,1448.0,0.06649744959147963,0,0,1,1,0.0,0,0,0,mitigated_full,retired,older_full_mitigated
46,76,46,76,1868.0,3308.0,opposite-side,0.3365744203440056,1440.0,0.17306268661124624,0,0,0,1,0.0,0,0,0,mitigated_full,retired,older_full_mitigated
48,76,48,76,1911.0,3308.0,same-side,1.0,1397.0,0.25444277975038454,1,0,0,0,0.0,0,0,0,retired,retired,older_retired
49,53,49,53,1919.0,2091.0,opposite-side,0.3554317548747195,172.0,0.10567729850246005,0,0,0,1,0.0,0,0,0,mitigated_full,mitigated_full,older_full_mitigated
49,55,49,55,1919.0,2240.0,opposite-side,0.38576585869005525,321.0,0.2280153364154393,0,0,0,1,0.0,0,0,0,mitigated_full,invalidated,older_full_mitigated
49,68,49,68,1919.0,2885.0,opposite-side,0.9463641052088512,966.0,0.3140391092637574,0,0,0,1,0.0,0,0,0,mitigated_full,retired,older_full_mitigated
50,54,50,54,1923.0,2222.0,same-side,0.5827991452991023,299.0,0.09204683889356602,1,0,1,1,0.0,0,0,0,mitigated_full,mitigated_full,older_full_mitigated
50,56,50,56,1923.0,2321.0,opposite-side,0.9354110207768596,398.0,0.16736606334159188,0,0,0,1,0.0,0,0,0,mitigated_full,retired,older_full_mitigated
50,98,50,98,1923.0,4780.0,same-side,0.09989316239317099,2857.0,0.22233268662953487,1,0,0,1,0.0,0,0,0,mitigated_full,mitigated_full,older_full_mitigated
50,151,50,151,1923.0,7507.0,same-side,0.23290598290600717,5584.0,0.12233968752683955,1,0,0,1,0.0,0,0,0,mitigated_full,invalidated,older_full_mitigated
51,99,51,99,1970.0,4811.0,opposite-side,0.5970188980569946,2841.0,0.1185484387149286,0,0,0,1,0.0,0,0,0,invalidated,mitigated_full,older_invalidated
51,100,51,100,1970.0,4820.0,same-side,0.6948965854852621,2850.0,0.2333408572536535,1,0,0,1,0.0,0,0,0,invalidated,invalidated,older_invalidated
51,150,51,150,1970.0,7488.0,opposite-side,0.5570934256055108,5518.0,0.1975834971282523,0,0,0,1,0.0,0,0,0,invalidated,invalidated,older_invalidated
51,153,51,153,1970.0,7691.0,opposite-side,0.8577270770555667,5721.0,0.005897251448396257,0,0,1,1,0.0,0,0,0,invalidated,invalidated,older_invalidated
52,98,52,98,2060.0,4780.0,opposite-side,0.9206581352833316,2720.0,0.3249150648513497,0,0,0,1,0.0,0,0,0,invalidated,mitigated_full,older_invalidated
52,148,52,148,2060.0,7293.0,same-side,1.0,5233.0,0.144898747661798,1,1,0,1,0.0,0,0,0,invalidated,invalidated,older_invalidated
52,149,52,149,2060.0,7421.0,opposite-side,1.0,5361.0,0.0070713672907884995,0,1,1,1,0.0,0,0,0,invalidated,mitigated_full,older_invalidated
52,150,52,150,2060.0,7488.0,same-side,0.06487889273359983,5428.0,0.030521301822197477,1,0,1,1,0.0,0,0,0,invalidated,invalidated,older_invalidated
52,151,52,151,2060.0,7507.0,opposite-side,0.10639853747720432,5447.0,0.01975730930502473,0,0,1,1,0.0,0,0,0,invalidated,invalidated,older_invalidated
53,54,53,54,2091.0,2222.0,opposite-side,0.26239554317547886,131.0,0.2231417823313553,0,0,0,1,0.0,0,0,0,mitigated_full,mitigated_full,older_full_mitigated
53,55,53,55,2091.0,2240.0,same-side,1.0,149.0,0.12233803791297926,1,0,0,1,0.0,0,0,0,mitigated_full,invalidated,older_full_mitigated
53,68,53,68,2091.0,2885.0,same-side,0.23955431754877227,794.0,0.20836181076129734,1,0,0,1,0.0,0,0,0,mitigated_full,retired,older_full_mitigated
54,55,54,55,2222.0,2240.0,opposite-side,0.47320135200386565,18.0,0.10080374441837603,0,0,0,1,0.0,0,0,0,mitigated_full,invalidated,older_full_mitigated
54,56,54,56,2222.0,2321.0,opposite-side,1.0,99.0,0.2594129022351579,0,1,0,1,0.0,0,0,0,mitigated_full,retired,older_full_mitigated
55,68,55,68,2240.0,2885.0,same-side,0.31096088845968,645.0,0.08602377284831808,1,0,1,1,0.0,0,0,0,invalidated,retired,older_invalidated
57,97,57,97,2431.0,4729.0,opposite-side,1.0,2298.0,0.007172788248978157,0,0,1,0,0.0,0,0,0,retired,retired,older_retired
58,65,58,65,2435.0,2752.0,same-side,0.8364595545134748,317.0,0.21705233963721382,1,0,0,0,0.0,0,0,0,retired,mitigated_full,older_retired
58,66,58,66,2435.0,2760.0,same-side,0.8813495072024701,325.0,0.24282876765568817,1,0,0,0,0.0,0,0,0,retired,invalidated,older_retired
59,72,59,72,2459.0,3209.0,same-side,0.6008531383302663,750.0,0.18266961279578042,1,0,0,1,0.0,0,0,0,invalidated,mitigated_full,older_invalidated
61,62,61,62,2531.0,2536.0,same-side,1.0,5.0,0.0797371447726467,1,0,1,1,0.0,0,0,0,mitigated_full,retired,older_full_mitigated
64,65,64,65,2709.0,2752.0,opposite-side,0.014067995310602918,43.0,0.27162149742702135,0,0,0,1,0.0,0,0,0,mitigated_full,mitigated_full,older_full_mitigated
64,66,64,66,2709.0,2760.0,opposite-side,1.0,51.0,0.2973979254454957,0,0,0,1,0.0,0,0,0,mitigated_full,invalidated,older_full_mitigated
64,74,64,74,2709.0,3292.0,same-side,0.3234899328858845,583.0,0.29006744126927486,1,0,0,1,0.0,0,0,0,mitigated_full,retired,older_full_mitigated
65,66,65,66,2752.0,2760.0,same-side,1.0,8.0,0.02577642801847435,1,0,1,1,0.0,0,0,0,mitigated_full,invalidated,older_full_mitigated
66,74,66,74,2760.0,3292.0,opposite-side,1.0,532.0,0.007330484176220842,0,1,1,1,0.0,0,0,0,invalidated,retired,older_invalidated
67,69,67,69,2785.0,2909.0,opposite-side,0.8909512761021332,124.0,0.1326736146739792,0,0,0,1,0.0,0,0,0,retired,retired,older_retired
68,76,68,76,2885.0,3308.0,opposite-side,0.13523724858316463,423.0,0.039176190692027935,0,0,1,0,0.0,0,0,0,retired,retired,older_retired
77,78,77,78,3421.0,3477.0,same-side,0.7502340385695827,56.0,0.035993290093137564,1,0,1,1,0.0,0,0,0,mitigated_full,invalidated,older_full_mitigated
77,83,77,83,3421.0,3845.0,same-side,1.0,424.0,0.17771766675598022,1,1,0,1,0.0,0,0,0,mitigated_full,mitigated_full,older_full_mitigated
77,95,77,95,3421.0,4532.0,opposite-side,0.7820612165827213,1111.0,0.09059688205847505,0,0,1,1,0.0,0,0,0,mitigated_full,retired,older_full_mitigated
77,110,77,110,3421.0,5324.0,same-side,0.9764629669617962,1903.0,0.01615750347211642,1,0,1,1,0.0,0,0,0,mitigated_full,invalidated,older_full_mitigated
77,125,77,125,3421.0,6216.0,opposite-side,0.46477900552483337,2795.0,0.13501657937877787,0,0,0,1,0.0,0,0,0,mitigated_full,mitigated_full,older_full_mitigated
77,143,77,143,3421.0,7142.0,opposite-side,0.29597701149430483,3721.0,0.11205317353500766,0,0,0,1,0.0,0,0,0,mitigated_full,retired,older_full_mitigated
78,83,78,83,3477.0,3845.0,same-side,0.590524867308809,368.0,0.14172437666284265,1,0,0,1,0.0,0,0,0,invalidated,mitigated_full,older_invalidated
78,95,78,95,3477.0,4532.0,opposite-side,0.027896164277412726,1055.0,0.1265901721516126,0,0,0,1,0.0,0,0,0,invalidated,retired,older_invalidated
78,110,78,110,3477.0,5324.0,same-side,0.8887929172964607,1847.0,0.05215079356525398,1,0,1,1,0.0,0,0,0,invalidated,invalidated,older_invalidated
78,143,78,143,3477.0,7142.0,opposite-side,0.9348659003830546,3665.0,0.07605988344187009,0,0,1,1,0.0,0,0,0,invalidated,retired,older_invalidated
79,82,79,82,3564.0,3785.0,opposite-side,0.25639548283013813,221.0,0.012388738755336748,0,0,1,1,0.0,0,0,0,retired,invalidated,older_retired
79,105,79,105,3564.0,5013.0,opposite-side,0.7200804559168451,1449.0,0.007232789560752351,0,0,1,1,0.0,0,0,0,retired,mitigated_full,older_retired
80,82,80,82,3613.0,3785.0,opposite-side,1.0,172.0,0.13719907177049784,0,0,0,1,0.0,0,0,0,retired,invalidated,older_retired
80,101,80,101,3613.0,4894.0,same-side,0.18229439497121572,1281.0,0.07288465445092651,1,0,1,1,0.0,0,0,0,retired,mitigated_full,older_retired
80,104,80,104,3613.0,5008.0,opposite-side,0.2160751565761749,1395.0,0.013108212674027286,0,0,1,1,0.0,0,0,0,retired,mitigated_full,older_retired
80,106,80,106,3613.0,5062.0,same-side,1.0,1449.0,0.16013338501102192,1,1,0,1,0.0,0,0,0,retired,invalidated,older_retired
80,146,80,146,3613.0,7170.0,opposite-side,1.0,3557.0,0.21747853120623045,0,1,0,1,0.0,0,0,0,retired,mitigated_full,older_retired
81,103,81,103,3656.0,4960.0,same-side,1.0,1304.0,0.05212084022760788,1,1,1,1,0.0,0,0,0,retired,mitigated_full,older_retired
81,117,81,117,3656.0,5521.0,opposite-side,1.0,1865.0,0.09772326518445251,0,1,1,1,0.0,0,0,0,retired,mitigated_full,older_retired
81,145,81,145,3656.0,7166.0,opposite-side,1.0,3510.0,0.17939004359578137,0,1,0,1,0.0,0,0,0,retired,retired,older_retired
81,155,81,155,3656.0,7799.0,same-side,1.0,4143.0,0.03794986735488437,1,1,1,1,0.0,0,0,0,retired,invalidated,older_retired
82,101,82,101,3785.0,4894.0,opposite-side,0.856993190151907,1109.0,0.06431441731957133,0,0,1,1,0.0,0,0,0,invalidated,mitigated_full,older_invalidated
82,102,82,102,3785.0,4947.0,same-side,0.157526254375724,1162.0,0.1499212124145477,1,0,0,1,0.0,0,0,0,invalidated,invalidated,older_invalidated
82,104,82,104,3785.0,5008.0,same-side,1.0,1223.0,0.12409085909647055,1,1,0,1,0.0,0,0,0,invalidated,mitigated_full,older_invalidated
82,106,82,106,3785.0,5062.0,opposite-side,1.0,1277.0,0.022934313240524085,0,1,1,1,0.0,0,0,0,invalidated,invalidated,older_invalidated
82,109,82,109,3785.0,5313.0,opposite-side,0.4314516129032397,1528.0,0.13886198167155583,0,0,0,1,0.0,0,0,0,invalidated,retired,older_invalidated
82,146,82,146,3785.0,7170.0,same-side,1.0,3385.0,0.08027945943573261,1,1,1,1,0.0,0,0,0,invalidated,mitigated_full,older_invalidated
83,95,83,95,3845.0,4532.0,opposite-side,0.43778258305486417,687.0,0.26831454881445527,0,0,0,1,0.0,0,0,0,mitigated_full,retired,older_full_mitigated
83,110,83,110,3845.0,5324.0,same-side,0.7598790757935523,1479.0,0.19387517022809664,1,0,0,1,0.0,0,0,0,mitigated_full,invalidated,older_full_mitigated
84,93,84,93,3850.0,4371.0,opposite-side,0.6556264964085773,521.0,0.15533835506015892,0,0,0,1,0.0,0,0,0,mitigated_full,invalidated,older_full_mitigated
84,95,84,95,3850.0,4532.0,opposite-side,0.13088587390263093,682.0,0.10787234075822338,0,0,0,1,0.0,0,0,0,mitigated_full,retired,older_full_mitigated
84,111,84,111,3850.0,5372.0,same-side,0.6830427892233686,1522.0,0.1673551320987311,1,0,0,1,0.0,0,0,0,mitigated_full,invalidated,older_full_mitigated
84,115,84,115,3850.0,5436.0,opposite-side,0.9140670982930079,1586.0,0.1643429973818049,0,0,0,1,0.0,0,0,0,mitigated_full,mitigated_full,older_full_mitigated
85,94,85,94,3855.0,4482.0,same-side,0.5733376792698904,627.0,0.1481462104629664,1,0,0,1,0.0,0,0,0,invalidated,mitigated_full,older_invalidated
85,108,85,108,3855.0,5172.0,same-side,1.0,1317.0,0.059227490609076505,1,1,1,1,0.0,0,0,0,invalidated,invalidated,older_invalidated
85,114,85,114,3855.0,5424.0,opposite-side,1.0,1569.0,0.013325502793890776,0,1,1,1,0.0,0,0,0,invalidated,invalidated,older_invalidated
85,122,85,122,3855.0,6094.0,same-side,0.9658503707032031,2239.0,0.23002274600738337,1,0,0,1,0.0,0,0,0,invalidated,mitigated_full,older_invalidated
85,124,85,124,3855.0,6206.0,opposite-side,1.0,2351.0,0.04738272500310137,0,1,1,1,0.0,0,0,0,invalidated,invalidated,older_invalidated
86,112,86,112,3870.0,5403.0,same-side,0.13973799126637382,1533.0,0.050812897651077105,1,0,1,1,0.0,0,0,0,mitigated_full,invalidated,older_full_mitigated
86,113,86,113,3870.0,5418.0,opposite-side,0.6403762662807524,1548.0,0.10623760994684806,0,0,0,1,0.0,0,0,0,mitigated_full,retired,older_full_mitigated
86,119,86,119,3870.0,5733.0,same-side,0.011945392491418579,1863.0,0.00304766055623118,1,0,1,1,0.0,0,0,0,mitigated_full,mitigated_full,older_full_mitigated
86,127,86,127,3870.0,6295.0,same-side,1.0,2425.0,0.16767794202750486,1,1,0,1,0.0,0,0,0,mitigated_full,retired,older_full_mitigated
86,157,86,157,3870.0,7898.0,same-side,0.5662983425414168,4028.0,0.07556047913377995,1,0,1,1,0.0,0,0,0,mitigated_full,invalidated,older_full_mitigated
86,171,86,171,3870.0,8343.0,opposite-side,0.36569579288018367,4473.0,0.12352742002291273,0,0,0,1,0.0,0,0,0,mitigated_full,mitigated_full,older_full_mitigated
86,172,86,172,3870.0,8455.0,same-side,1.0,4585.0,0.27092061717115457,1,1,0,1,0.0,0,0,0,mitigated_full,invalidated,older_full_mitigated
86,174,86,174,3870.0,8479.0,opposite-side,0.07744107744105448,4609.0,0.2349827403805509,0,0,0,1,0.0,0,0,0,mitigated_full,mitigated_full,older_full_mitigated
87,113,87,113,3894.0,5418.0,same-side,0.17438494934876114,1524.0,0.13781192843946422,1,0,0,1,0.0,0,0,0,invalidated,retired,older_invalidated
87,119,87,119,3894.0,5733.0,opposite-side,0.7259385665529254,1839.0,0.03462197904884734,0,0,1,1,0.0,0,0,0,invalidated,mitigated_full,older_invalidated
87,142,87,142,3894.0,6923.0,opposite-side,0.615770821027711,3029.0,0.13001617508087082,0,0,0,1,0.0,0,0,0,invalidated,mitigated_full,older_invalidated
87,167,87,167,3894.0,8266.0,same-side,0.0708860759492771,4372.0,0.14223116031731092,1,0,0,1,0.0,0,0,0,invalidated,invalidated,older_invalidated
87,168,87,168,3894.0,8303.0,opposite-side,0.24202898550710597,4409.0,0.06808806034122217,0,0,1,1,0.0,0,0,0,invalidated,invalidated,older_invalidated
87,171,87,171,3894.0,8343.0,same-side,0.13721682847897107,4449.0,0.1551017385155289,1,0,0,1,0.0,0,0,0,invalidated,mitigated_full,older_invalidated
87,174,87,174,3894.0,8479.0,same-side,0.6874808692990689,4585.0,0.26655705887316705,1,0,0,1,0.0,0,0,0,invalidated,mitigated_full,older_invalidated
88,121,88,121,4055.0,5863.0,opposite-side,0.9290161892901446,1808.0,0.24571110503506277,0,0,0,0,0.0,0,0,0,retired,retired,older_retired
88,134,88,134,4055.0,6582.0,same-side,0.5431585677749705,2527.0,0.14824887156798316,1,0,0,0,0.0,0,0,0,retired,mitigated_full,older_retired
88,135,88,135,4055.0,6632.0,opposite-side,0.659846547314618,2577.0,0.18000691079477815,0,0,0,0,0.0,0,0,0,retired,invalidated,older_retired
88,141,88,141,4055.0,6873.0,same-side,0.7973664959765872,2818.0,0.10948219043419838,1,0,0,0,0.0,0,0,0,retired,mitigated_full,older_retired
90,130,90,130,4205.0,6470.0,same-side,0.6385591485877838,2265.0,0.35707433489218177,1,0,0,1,0.0,0,0,0,mitigated_full,mitigated_full,older_full_mitigated
90,132,90,132,4205.0,6496.0,opposite-side,1.0,2291.0,0.143867042086958,0,0,0,1,0.0,0,0,0,mitigated_full,mitigated_full,older_full_mitigated
90,136,90,136,4205.0,6660.0,opposite-side,0.33483422022103526,2455.0,0.21865694924642953,0,0,0,1,0.0,0,0,0,mitigated_full,mitigated_full,older_full_mitigated
90,160,90,160,4205.0,8096.0,opposite-side,0.9228171731789316,3891.0,0.3474023210769607,0,0,0,1,0.0,0,0,0,mitigated_full,mitigated_full,older_full_mitigated
90,175,90,175,4205.0,8558.0,opposite-side,0.6210317460317275,4353.0,0.19517004043362585,0,0,0,1,0.0,0,0,0,mitigated_full,invalidated,older_full_mitigated
91,137,91,137,4248.0,6670.0,opposite-side,0.051227321237994894,2422.0,0.04905745189259225,0,0,1,0,0.0,0,0,0,retired,invalidated,older_retired
92,158,92,158,4359.0,8015.0,opposite-side,0.7713068181818811,3656.0,0.03290323698533715,0,0,1,0,0.0,0,0,0,retired,mitigated_full,older_retired
93,111,93,111,4371.0,5372.0,opposite-side,1.0,1001.0,0.32269348715889,0,1,0,1,0.0,0,0,0,invalidated,invalidated,older_invalidated
93,115,93,115,4371.0,5436.0,same-side,1.0,1065.0,0.31968135244196383,1,1,0,1,0.0,0,0,0,invalidated,mitigated_full,older_invalidated
94,108,94,108,4482.0,5172.0,same-side,0.4693611473272693,690.0,0.2073737010720429,1,0,0,1,0.0,0,0,0,mitigated_full,invalidated,older_full_mitigated
94,114,94,114,4482.0,5424.0,opposite-side,0.5470610833653256,942.0,0.16147171325685716,0,0,0,1,0.0,0,0,0,mitigated_full,invalidated,older_full_mitigated
94,122,94,122,4482.0,6094.0,same-side,0.6854628422425283,1612.0,0.08187653554441698,1,0,1,1,0.0,0,0,0,mitigated_full,mitigated_full,older_full_mitigated
95,110,95,110,4532.0,5324.0,opposite-side,0.14230187864394156,792.0,0.07443937858635863,0,0,1,0,0.0,0,0,0,retired,invalidated,older_retired
95,125,95,125,4532.0,6216.0,same-side,1.0,1684.0,0.22561346143725292,1,1,0,0,0.0,0,0,0,retired,mitigated_full,older_retired
96,118,96,118,4580.0,5553.0,same-side,0.1150828247602932,973.0,0.3454350128854081,1,0,0,0,0.0,0,0,0,retired,mitigated_full,older_retired
96,147,96,147,4580.0,7283.0,same-side,0.22095150960657114,2703.0,0.07853258366792826,1,0,1,0,0.0,0,0,0,retired,mitigated_full,older_retired
98,148,98,148,4780.0,7293.0,opposite-side,1.0,2513.0,0.1800163171895517,0,1,0,1,0.0,0,0,0,mitigated_full,invalidated,older_full_mitigated
98,149,98,149,4780.0,7421.0,same-side,1.0,2641.0,0.3319864321421382,1,1,0,1,0.0,0,0,0,mitigated_full,mitigated_full,older_full_mitigated
98,151,98,151,4780.0,7507.0,same-side,0.8700078308535552,2727.0,0.3446723741563744,1,0,0,1,0.0,0,0,0,mitigated_full,invalidated,older_full_mitigated
99,100,99,100,4811.0,4820.0,opposite-side,1.0,9.0,0.3518892959685821,0,0,0,1,0.0,0,0,0,mitigated_full,invalidated,older_full_mitigated
99,153,99,153,4811.0,7691.0,same-side,0.7729571466595551,2880.0,0.12444569016332485,1,0,0,1,0.0,0,0,0,mitigated_full,invalidated,older_full_mitigated
100,153,100,153,4820.0,7691.0,opposite-side,1.0,2871.0,0.22744360580525724,0,1,0,1,0.0,0,0,0,invalidated,invalidated,older_invalidated
101,102,101,102,4894.0,4947.0,opposite-side,0.7946324387398637,53.0,0.08560679509497637,0,0,1,1,0.0,0,0,0,mitigated_full,invalidated,older_full_mitigated
101,109,101,109,4894.0,5313.0,same-side,0.7066532258065008,419.0,0.07454756435198451,1,0,1,1,0.0,0,0,0,mitigated_full,retired,older_full_mitigated
102,109,102,109,4947.0,5313.0,opposite-side,1.0,366.0,0.011059230742991866,0,0,1,1,0.0,0,0,0,invalidated,retired,older_invalidated
106,146,106,146,5062.0,7170.0,opposite-side,0.6279893711249951,2108.0,0.05734514619520853,0,0,1,1,0.0,0,0,0,invalidated,mitigated_full,older_invalidated
107,116,107,116,5148.0,5485.0,same-side,0.5098814229248928,337.0,0.29473789443387277,1,0,0,1,0.0,0,0,0,mitigated_full,invalidated,older_full_mitigated
107,126,107,126,5148.0,6232.0,opposite-side,0.18764044943811112,1084.0,0.34541384293312205,0,0,0,1,0.0,0,0,0,mitigated_full,invalidated,older_full_mitigated
108,114,108,114,5172.0,5424.0,opposite-side,1.0,252.0,0.04590198781518573,0,1,1,1,0.0,0,0,0,invalidated,invalidated,older_invalidated
108,122,108,122,5172.0,6094.0,same-side,1.0,922.0,0.2892502366164599,1,0,0,1,0.0,0,0,0,invalidated,mitigated_full,older_invalidated
108,124,108,124,5172.0,6206.0,opposite-side,1.0,1034.0,0.011844765605975138,0,1,1,1,0.0,0,0,0,invalidated,invalidated,older_invalidated
110,143,110,143,5324.0,7142.0,opposite-side,0.34818007662836303,1818.0,0.12821067700712407,0,0,0,1,0.0,0,0,0,invalidated,retired,older_invalidated
111,115,111,115,5372.0,5436.0,opposite-side,0.7987321711569598,64.0,0.0030121347169261847,0,0,1,1,0.0,0,0,0,invalidated,mitigated_full,older_invalidated
112,123,112,123,5403.0,6117.0,opposite-side,0.8588957055214707,714.0,0.006209577549498468,0,0,1,1,0.0,0,0,0,invalidated,invalidated,older_invalidated
112,156,112,156,5403.0,7887.0,same-side,1.0,2484.0,0.07509909221978106,1,1,1,1,0.0,0,0,0,invalidated,mitigated_full,older_invalidated
112,157,112,157,5403.0,7898.0,same-side,0.7796215429403133,2495.0,0.02474758148270284,1,0,1,1,0.0,0,0,0,invalidated,invalidated,older_invalidated
113,119,113,119,5418.0,5733.0,opposite-side,0.5208191126279608,315.0,0.10318994939061688,0,0,0,0,0.0,0,0,0,retired,mitigated_full,older_retired
113,127,113,127,5418.0,6295.0,opposite-side,0.1414062500000343,877.0,0.0614403320806568,0,0,1,0,0.0,0,0,0,retired,retired,older_retired
113,157,113,157,5418.0,7898.0,opposite-side,0.0716353111432775,2480.0,0.181798089080628,0,0,0,0,0.0,0,0,0,retired,invalidated,older_retired
113,171,113,171,5418.0,8343.0,same-side,1.0,2925.0,0.01728981007606467,1,1,1,0,0.0,0,0,0,retired,mitigated_full,older_retired
113,172,113,172,5418.0,8455.0,opposite-side,0.6393692777212533,3037.0,0.1646830072243065,0,0,0,0,0.0,0,0,0,retired,invalidated,older_retired
113,174,113,174,5418.0,8479.0,same-side,0.53382307927759,3061.0,0.12874513043370284,1,0,0,0,0.0,0,0,0,retired,mitigated_full,older_retired
114,122,114,122,5424.0,6094.0,opposite-side,1.0,670.0,0.24334824880127415,0,0,0,1,0.0,0,0,0,invalidated,mitigated_full,older_invalidated
116,126,116,126,5485.0,6232.0,opposite-side,0.9359550561797559,747.0,0.05067594849924928,0,0,1,1,0.0,0,0,0,invalidated,invalidated,older_invalidated
117,145,117,145,5521.0,7166.0,same-side,1.0,1645.0,0.2771133087802339,1,0,0,1,0.0,0,0,0,mitigated_full,retired,older_full_mitigated
117,155,117,155,5521.0,7799.0,opposite-side,1.0,2278.0,0.13567313253933688,0,0,0,1,0.0,0,0,0,mitigated_full,invalidated,older_full_mitigated
118,147,118,147,5553.0,7283.0,same-side,0.8998170173834257,1730.0,0.26690242921747986,1,0,0,1,0.0,0,0,0,mitigated_full,mitigated_full,older_full_mitigated
118,152,118,152,5553.0,7686.0,same-side,0.7802991232594566,2133.0,0.02039376068498666,1,0,1,1,0.0,0,0,0,mitigated_full,invalidated,older_full_mitigated
118,154,118,154,5553.0,7710.0,opposite-side,1.0,2157.0,0.021699883977726153,0,1,1,1,0.0,0,0,0,mitigated_full,mitigated_full,older_full_mitigated
119,171,119,171,5733.0,8343.0,opposite-side,0.6569579288025723,2610.0,0.12047975946668155,0,0,0,1,0.0,0,0,0,mitigated_full,mitigated_full,older_full_mitigated
119,174,119,174,5733.0,8479.0,opposite-side,1.0,2746.0,0.2319350798243197,0,0,0,1,0.0,0,0,0,mitigated_full,mitigated_full,older_full_mitigated
120,129,120,129,5821.0,6405.0,same-side,0.968385018123208,584.0,0.27370458535503495,1,0,0,1,0.0,0,0,0,mitigated_full,mitigated_full,older_full_mitigated
120,133,120,133,5821.0,6500.0,same-side,0.6699218749999786,679.0,0.11833537680852702,1,0,0,1,0.0,0,0,0,mitigated_full,invalidated,older_full_mitigated
120,139,120,139,5821.0,6732.0,same-side,0.7786827195467299,911.0,0.3058711796268343,1,0,0,1,0.0,0,0,0,mitigated_full,mitigated_full,older_full_mitigated
120,140,120,140,5821.0,6787.0,opposite-side,1.0,966.0,0.062425104341122806,0,1,1,1,0.0,0,0,0,mitigated_full,retired,older_full_mitigated
121,134,121,134,5863.0,6582.0,opposite-side,0.7762557077625721,719.0,0.39395997660304594,0,0,0,0,0.0,0,0,0,retired,mitigated_full,older_retired
121,135,121,135,5863.0,6632.0,same-side,0.9277708592777208,769.0,0.4257180158298409,1,0,0,0,0.0,0,0,0,retired,invalidated,older_retired
121,141,121,141,5863.0,6873.0,opposite-side,0.9224579370885297,1010.0,0.1362289146008644,0,0,0,0,0.0,0,0,0,retired,mitigated_full,older_retired
122,124,122,124,6094.0,6206.0,opposite-side,1.0,112.0,0.27740547101048474,0,1,0,1,0.0,0,0,0,mitigated_full,invalidated,older_full_mitigated
123,156,123,156,6117.0,7887.0,opposite-side,0.7758152173913392,1770.0,0.08130866976927953,0,0,1,1,0.0,0,0,0,invalidated,mitigated_full,older_invalidated
123,157,123,157,6117.0,7898.0,opposite-side,0.5492842535787258,1781.0,0.03095715903220131,0,0,1,1,0.0,0,0,0,invalidated,invalidated,older_invalidated
127,157,127,157,6295.0,7898.0,same-side,1.0,1603.0,0.2432384211612848,1,0,0,1,0.0,0,0,0,retired,invalidated,older_retired
127,172,127,172,6295.0,8455.0,same-side,0.695312500000093,2160.0,0.10324267514364971,1,0,0,1,0.0,0,0,0,retired,invalidated,older_retired
128,164,128,164,6312.0,8216.0,same-side,1.0,1904.0,0.2930204635840927,1,0,0,0,0.0,0,0,0,retired,mitigated_full,older_retired
128,165,128,165,6312.0,8226.0,same-side,0.8667032364235019,1914.0,0.10976325598761849,1,0,0,0,0.0,0,0,0,retired,invalidated,older_retired
128,169,128,169,6312.0,8318.0,same-side,0.6538672517828279,2006.0,0.3640010400791913,1,0,0,0,0.0,0,0,0,retired,invalidated,older_retired
129,133,129,133,6405.0,6500.0,same-side,0.7082519531250158,95.0,0.39203996216356196,1,0,0,1,0.0,0,0,0,mitigated_full,invalidated,older_full_mitigated
129,139,129,139,6405.0,6732.0,same-side,0.8342776203966454,327.0,0.032166594271799354,1,0,1,1,0.0,0,0,0,mitigated_full,mitigated_full,older_full_mitigated
129,140,129,140,6405.0,6787.0,opposite-side,1.0,382.0,0.21127948101391214,0,1,0,1,0.0,0,0,0,mitigated_full,retired,older_full_mitigated
130,132,130,132,6470.0,6496.0,opposite-side,0.8606520090977873,26.0,0.21320729280522377,0,0,0,1,0.0,0,0,0,mitigated_full,mitigated_full,older_full_mitigated
130,133,130,133,6470.0,6500.0,opposite-side,0.08813476562502523,30.0,0.058258172896060056,0,0,1,1,0.0,0,0,0,mitigated_full,invalidated,older_full_mitigated
130,136,130,136,6470.0,6660.0,opposite-side,0.9954081632652988,190.0,0.13841738564575223,0,0,0,1,0.0,0,0,0,mitigated_full,mitigated_full,older_full_mitigated
130,138,130,138,6470.0,6727.0,opposite-side,0.8189617245930714,257.0,0.2677709896942291,0,0,0,1,0.0,0,0,0,mitigated_full,invalidated,older_full_mitigated
130,160,130,160,6470.0,8096.0,opposite-side,0.49686444766036014,1626.0,0.009672013815221092,0,0,1,1,0.0,0,0,0,mitigated_full,mitigated_full,older_full_mitigated
130,161,130,161,6470.0,8132.0,same-side,1.0,1662.0,0.4736915143168467,1,1,0,1,0.0,0,0,0,mitigated_full,retired,older_full_mitigated
130,175,130,175,6470.0,8558.0,opposite-side,1.0,2088.0,0.16190429445855592,0,1,0,1,0.0,0,0,0,mitigated_full,invalidated,older_full_mitigated
131,159,131,159,6484.0,8045.0,opposite-side,0.8708994708994182,1561.0,0.13590007254031478,0,0,0,1,0.0,0,0,0,invalidated,mitigated_full,older_invalidated
132,136,132,136,6496.0,6660.0,same-side,0.8391156462584826,164.0,0.07478990715947154,1,0,1,1,0.0,0,0,0,mitigated_full,mitigated_full,older_full_mitigated
132,138,132,138,6496.0,6727.0,same-side,0.6168059832819995,231.0,0.05456369688900531,1,0,1,1,0.0,0,0,0,mitigated_full,invalidated,older_full_mitigated
132,160,132,160,6496.0,8096.0,same-side,0.9850458273033406,1600.0,0.20353527899000268,1,0,0,1,0.0,0,0,0,mitigated_full,mitigated_full,older_full_mitigated
132,161,132,161,6496.0,8132.0,opposite-side,1.0,1636.0,0.2604842215116229,0,1,0,1,0.0,0,0,0,mitigated_full,retired,older_full_mitigated
132,175,132,175,6496.0,8558.0,same-side,1.0,2062.0,0.05130299834666785,1,1,1,1,0.0,0,0,0,mitigated_full,invalidated,older_full_mitigated
133,136,133,136,6500.0,6660.0,same-side,0.09472656250003589,160.0,0.08015921274969218,1,0,1,1,0.0,0,0,0,invalidated,mitigated_full,older_invalidated
133,138,133,138,6500.0,6727.0,same-side,0.2890624999999922,227.0,0.20951281679816902,1,0,0,1,0.0,0,0,0,invalidated,invalidated,older_invalidated
133,139,133,139,6500.0,6732.0,same-side,1.0,232.0,0.4242065564353613,1,1,0,1,0.0,0,0,0,invalidated,mitigated_full,older_invalidated
133,140,133,140,6500.0,6787.0,opposite-side,0.41170268845544333,287.0,0.18076048114964982,0,0,0,1,0.0,0,0,0,invalidated,retired,older_invalidated
134,135,134,135,6582.0,6632.0,opposite-side,0.9792605951307605,50.0,0.03175803922679499,0,0,1,1,0.0,0,0,0,mitigated_full,invalidated,older_full_mitigated
134,141,134,141,6582.0,6873.0,same-side,1.0,291.0,0.25773106200218154,1,1,0,1,0.0,0,0,0,mitigated_full,mitigated_full,older_full_mitigated
135,141,135,141,6632.0,6873.0,opposite-side,1.0,241.0,0.28948910122897653,0,1,0,1,0.0,0,0,0,invalidated,mitigated_full,older_invalidated
136,138,136,138,6660.0,6727.0,same-side,0.8249010118786069,67.0,0.12935360404847684,1,0,0,1,0.0,0,0,0,mitigated_full,invalidated,older_full_mitigated
136,160,136,160,6660.0,8096.0,same-side,0.13892908827785722,1436.0,0.12874537183053114,1,0,0,1,0.0,0,0,0,mitigated_full,mitigated_full,older_full_mitigated
136,161,136,161,6660.0,8132.0,opposite-side,1.0,1472.0,0.33527412867109446,0,1,0,1,0.0,0,0,0,mitigated_full,retired,older_full_mitigated
136,175,136,175,6660.0,8558.0,same-side,0.9199735449734915,1898.0,0.023486908812803686,1,0,1,1,0.0,0,0,0,mitigated_full,invalidated,older_full_mitigated
137,176,137,176,6670.0,8624.0,same-side,0.5705975674246885,1954.0,0.07588544774525108,1,0,1,1,0.0,0,0,0,invalidated,retired,older_invalidated
138,139,138,139,6727.0,6732.0,same-side,0.16182719546738866,5.0,0.2146937396371923,1,0,0,1,52.0,1,0,0,invalidated,mitigated_full,older_invalidated
138,161,138,161,6727.0,8132.0,opposite-side,0.7187263078088659,1405.0,0.20592052462261762,0,0,0,1,0.0,0,0,0,invalidated,retired,older_invalidated
139,140,139,140,6732.0,6787.0,opposite-side,0.12440695835523694,55.0,0.2434460752857115,0,0,0,1,0.0,0,0,0,mitigated_full,retired,older_full_mitigated
142,167,142,167,6923.0,8266.0,opposite-side,0.8943037974684025,1343.0,0.27224733539818174,0,0,0,1,0.0,0,0,0,mitigated_full,invalidated,older_full_mitigated
142,168,142,168,6923.0,8303.0,same-side,1.0,1380.0,0.198104235422093,1,1,0,1,0.0,0,0,0,mitigated_full,invalidated,older_full_mitigated
145,155,145,155,7166.0,7799.0,opposite-side,1.0,633.0,0.141440176240897,0,0,0,0,0.0,0,0,0,retired,invalidated,older_retired
147,152,147,152,7283.0,7686.0,same-side,0.21660649819497463,403.0,0.2872961899024665,1,0,0,1,0.0,0,0,0,mitigated_full,invalidated,older_full_mitigated
147,154,147,154,7283.0,7710.0,opposite-side,1.0,427.0,0.2452025452397537,0,1,0,1,0.0,0,0,0,mitigated_full,mitigated_full,older_full_mitigated
148,149,148,149,7293.0,7421.0,opposite-side,0.5846153846155729,128.0,0.1519701149525865,0,0,0,1,0.0,0,0,0,invalidated,mitigated_full,older_invalidated
149,151,149,151,7421.0,7507.0,same-side,0.0687601515972744,86.0,0.012685942014236229,1,0,1,1,0.0,0,0,0,mitigated_full,invalidated,older_full_mitigated
156,157,156,157,7887.0,7898.0,same-side,0.8324275362319226,11.0,0.05035151073707822,1,0,1,1,0.0,0,0,0,mitigated_full,invalidated,older_full_mitigated
157,172,157,172,7898.0,8455.0,same-side,0.511698880976614,557.0,0.3464810963049345,1,0,0,1,0.0,0,0,0,invalidated,invalidated,older_invalidated
158,166,158,166,8015.0,8262.0,opposite-side,0.27506112469427085,247.0,0.008455242082123782,0,0,1,1,0.0,0,0,0,mitigated_full,retired,older_full_mitigated
160,175,160,175,8096.0,8558.0,same-side,0.2705026455026847,462.0,0.15223228064333483,1,0,0,1,0.0,0,0,0,mitigated_full,invalidated,older_full_mitigated
162,163,162,163,8149.0,8189.0,opposite-side,1.0,40.0,0.16112837446372552,0,1,0,1,0.0,0,0,0,mitigated_full,mitigated_full,older_full_mitigated
162,170,162,170,8149.0,8332.0,same-side,1.0,183.0,0.40407262673443956,1,1,0,1,0.0,0,0,0,mitigated_full,retired,older_full_mitigated
162,173,162,173,8149.0,8473.0,same-side,0.9221218961624522,324.0,0.011129975850195595,1,0,1,1,0.0,0,0,0,mitigated_full,invalidated,older_full_mitigated
163,170,163,170,8189.0,8332.0,opposite-side,0.6504757135704353,143.0,0.24294425227071403,0,0,0,1,0.0,0,0,0,mitigated_full,retired,older_full_mitigated
163,173,163,173,8189.0,8473.0,opposite-side,0.5519187358916344,284.0,0.17225835031392112,0,0,0,1,0.0,0,0,0,mitigated_full,invalidated,older_full_mitigated
164,165,164,165,8216.0,8226.0,same-side,1.0,10.0,0.18325720759647424,1,1,0,1,0.0,0,0,0,mitigated_full,invalidated,older_full_mitigated
164,169,164,169,8216.0,8318.0,same-side,1.0,102.0,0.07098057649509859,1,1,1,1,0.0,0,0,0,mitigated_full,invalidated,older_full_mitigated
165,169,165,169,8226.0,8318.0,same-side,0.8664828672706012,92.0,0.2542377840915728,1,0,0,1,0.0,0,0,0,invalidated,invalidated,older_invalidated
167,168,167,168,8266.0,8303.0,opposite-side,0.9202898550723778,37.0,0.07414309997608876,0,0,1,1,0.0,0,0,0,invalidated,invalidated,older_invalidated
170,173,170,173,8332.0,8473.0,same-side,0.15801354401815718,141.0,0.41520260258463515,1,0,0,0,0.0,0,0,0,retired,invalidated,older_retired
171,174,171,174,8343.0,8479.0,same-side,0.7980582524272302,136.0,0.11145532035763817,1,0,0,1,0.0,0,0,0,mitigated_full,mitigated_full,older_full_mitigated
185,186,185,186,9075.0,9093.0,opposite-side,0.8776687824581729,18.0,0.02573040664150028,0,0,1,1,0.0,0,0,0,mitigated_full,mitigated_full,older_full_mitigated
187,188,187,188,9186.0,9249.0,opposite-side,0.01696165191739436,63.0,0.0023334203821298027,0,0,1,1,0.0,0,0,0,invalidated,retired,older_invalidated
191,192,191,192,9495.0,9547.0,same-side,1.0,52.0,0.06057251231335381,1,1,1,1,0.0,0,0,0,mitigated_full,invalidated,older_full_mitigated
191,193,191,193,9495.0,9569.0,same-side,1.0,74.0,0.0347808440038323,1,1,1,1,0.0,0,0,0,mitigated_full,invalidated,older_full_mitigated
191,199,191,199,9495.0,9785.0,opposite-side,0.7372406332972925,290.0,0.1724987478558624,0,0,0,1,0.0,0,0,0,mitigated_full,invalidated,older_full_mitigated
192,193,192,193,9547.0,9569.0,same-side,0.6815689582454981,22.0,0.02579166830952151,1,0,1,1,0.0,0,0,0,invalidated,invalidated,older_invalidated
192,199,192,199,9547.0,9785.0,opposite-side,1.0,238.0,0.11192623554250858,0,0,0,1,0.0,0,0,0,invalidated,invalidated,older_invalidated
193,199,193,199,9569.0,9785.0,opposite-side,1.0,216.0,0.1377179038520301,0,0,0,1,0.0,0,0,0,invalidated,invalidated,older_invalidated
195,201,195,201,9681.0,9877.0,same-side,0.9010649261422174,196.0,0.06246422394534412,1,0,1,1,0.0,0,0,0,invalidated,retired,older_invalidated
196,197,196,197,9741.0,9773.0,opposite-side,1.0,32.0,0.232549364866814,0,1,0,1,0.0,0,0,0,mitigated_full,mitigated_full,older_full_mitigated
196,267,196,267,9741.0,13616.0,opposite-side,0.48391003460204346,3875.0,0.22363869687008175,0,0,0,1,0.0,0,0,0,mitigated_full,invalidated,older_full_mitigated
196,268,196,268,9741.0,13626.0,opposite-side,1.0,3885.0,0.011407419832487053,0,1,1,1,0.0,0,0,0,mitigated_full,invalidated,older_full_mitigated
196,269,196,269,9741.0,13637.0,same-side,0.16144436997318362,3896.0,0.02978620143680355,1,0,1,1,0.0,0,0,0,mitigated_full,mitigated_full,older_full_mitigated
196,271,196,271,9741.0,13727.0,opposite-side,0.8368211920529879,3986.0,0.07162107513372207,0,0,1,1,0.0,0,0,0,mitigated_full,invalidated,older_full_mitigated
197,268,197,268,9773.0,13626.0,same-side,1.0,3853.0,0.24395678469930104,1,0,0,1,0.0,0,0,0,mitigated_full,invalidated,older_full_mitigated
200,201,200,201,9852.0,9877.0,opposite-side,0.0033963065166793364,25.0,0.059456294028928935,0,0,1,1,0.0,0,0,0,mitigated_full,retired,older_full_mitigated
203,206,203,206,10045.0,10113.0,same-side,0.9932699341623923,68.0,0.20687189885078028,1,0,0,1,0.0,0,0,0,mitigated_full,invalidated,older_full_mitigated
203,207,203,207,10045.0,10144.0,opposite-side,1.0,99.0,0.12246380936463674,0,0,0,1,0.0,0,0,0,mitigated_full,mitigated_full,older_full_mitigated
203,273,203,273,10045.0,13814.0,same-side,0.021291448516552885,3769.0,0.061732990651859,1,0,1,1,0.0,0,0,0,mitigated_full,retired,older_full_mitigated
204,208,204,208,10051.0,10169.0,same-side,1.0,118.0,0.1232183494780717,1,1,0,1,0.0,0,0,0,mitigated_full,invalidated,older_full_mitigated
206,207,206,207,10113.0,10144.0,opposite-side,0.9570562478949148,31.0,0.329335708215417,0,0,0,1,0.0,0,0,0,invalidated,mitigated_full,older_invalidated
206,273,206,273,10113.0,13814.0,same-side,0.013263525305374734,3701.0,0.2686048895026393,1,0,0,1,0.0,0,0,0,invalidated,retired,older_invalidated
207,270,207,270,10144.0,13673.0,same-side,0.10538793103449012,3529.0,0.3058033955111229,1,0,0,1,0.0,0,0,0,mitigated_full,retired,older_full_mitigated
207,273,207,273,10144.0,13814.0,opposite-side,0.5973821989529017,3670.0,0.060730818712777745,0,0,1,1,0.0,0,0,0,mitigated_full,retired,older_full_mitigated
210,227,210,227,10250.0,11287.0,opposite-side,0.4250060576690226,1037.0,0.2465905847081925,0,0,0,1,0.0,0,0,0,invalidated,retired,older_invalidated
210,233,210,233,10250.0,11661.0,same-side,0.11461109764966394,1411.0,0.025867796533070586,1,0,1,1,0.0,0,0,0,invalidated,mitigated_full,older_invalidated
211,227,211,227,10280.0,11287.0,opposite-side,0.5287815126050541,1007.0,0.35979444586045917,0,0,0,0,0.0,0,0,0,retired,retired,older_retired
211,233,211,233,10280.0,11661.0,same-side,0.8724137931034529,1381.0,0.13907165768533725,1,0,0,0,0.0,0,0,0,retired,mitigated_full,older_retired
211,238,211,238,10280.0,11888.0,same-side,0.9298076923077138,1608.0,0.13130481164488783,1,0,0,0,0.0,0,0,0,retired,retired,older_retired
211,242,211,242,10280.0,12181.0,same-side,1.0,1901.0,0.18441633296493054,1,1,0,0,0.0,0,0,0,retired,invalidated,older_retired
211,264,211,264,10280.0,13448.0,opposite-side,1.0,3168.0,0.09783472346345445,0,1,1,0,0.0,0,0,0,retired,retired,older_retired
211,275,211,275,10280.0,13912.0,same-side,0.44067615277629724,3632.0,0.21873235960933723,1,0,0,0,0.0,0,0,0,retired,invalidated,older_retired
212,241,212,241,10285.0,12144.0,same-side,0.45564629681778923,1859.0,0.08521800738568519,1,0,1,1,0.0,0,0,0,mitigated_full,invalidated,older_full_mitigated
212,275,212,275,10285.0,13912.0,same-side,1.0,3627.0,0.025427372352292754,1,0,1,1,0.0,0,0,0,mitigated_full,invalidated,older_full_mitigated
213,251,213,251,10340.0,12637.0,same-side,1.0,2297.0,0.015565684929401469,1,0,1,0,0.0,0,0,0,retired,retired,older_retired
213,261,213,261,10340.0,13184.0,same-side,1.0,2844.0,0.09270346529680884,1,0,1,0,0.0,0,0,0,retired,invalidated,older_retired
213,262,213,262,10340.0,13244.0,opposite-side,1.0,2904.0,0.15957772265886616,0,0,0,0,0.0,0,0,0,retired,retired,older_retired
214,223,214,223,10349.0,11157.0,opposite-side,1.0,808.0,0.013086300975955756,0,1,1,0,0.0,0,0,0,retired,invalidated,older_retired
214,225,214,225,10349.0,11226.0,opposite-side,0.06084311169054674,877.0,0.013092564634645254,0,0,1,0,0.0,0,0,0,retired,retired,older_retired
214,245,214,245,10349.0,12308.0,opposite-side,0.4122733612272868,1959.0,0.2351518325445987,0,0,0,0,0.0,0,0,0,retired,retired,older_retired
214,257,214,257,10349.0,13034.0,opposite-side,1.0,2685.0,0.3267720900190181,0,1,0,0,0.0,0,0,0,retired,invalidated,older_retired
214,259,214,259,10349.0,13081.0,same-side,1.0,2732.0,0.209971099664079,1,1,0,0,0.0,0,0,0,retired,invalidated,older_retired
214,260,214,260,10349.0,13112.0,opposite-side,1.0,2763.0,0.0018700164569318556,0,1,1,0,0.0,0,0,0,retired,invalidated,older_retired
214,307,214,307,10349.0,15218.0,same-side,0.6106307583274209,4869.0,0.10198308240998555,1,0,0,0,0.0,0,0,0,retired,retired,older_retired
214,308,214,308,10349.0,15227.0,same-side,0.004269293924514623,4878.0,0.299221022020029,1,0,0,0,0.0,0,0,0,retired,retired,older_retired
215,254,215,254,10404.0,12783.0,opposite-side,0.7316017316016741,2379.0,0.15214296271736127,0,0,0,1,0.0,0,0,0,invalidated,retired,older_invalidated
215,295,215,295,10404.0,14904.0,opposite-side,0.9724994455533816,4500.0,0.22257441032318548,0,0,0,1,0.0,0,0,0,invalidated,retired,older_invalidated
216,217,216,217,10668.0,10698.0,same-side,0.204183266932279,30.0,0.01638242594553152,1,0,1,1,0.0,0,0,0,mitigated_full,mitigated_full,older_full_mitigated
216,221,216,221,10668.0,11053.0,same-side,1.0,385.0,0.022012710498396704,1,1,1,1,0.0,0,0,0,mitigated_full,invalidated,older_full_mitigated
216,231,216,231,10668.0,11562.0,same-side,1.0,894.0,0.08077915480943842,1,1,1,1,0.0,0,0,0,mitigated_full,mitigated_full,older_full_mitigated
216,277,216,277,10668.0,14074.0,same-side,1.0,3406.0,0.21237594971820783,1,1,0,1,0.0,0,0,0,mitigated_full,invalidated,older_full_mitigated
216,280,216,280,10668.0,14334.0,same-side,0.6305131761442477,3666.0,0.008243059341730752,1,0,1,1,0.0,0,0,0,mitigated_full,retired,older_full_mitigated
216,299,216,299,10668.0,14990.0,opposite-side,0.21622911694520097,4322.0,0.07210705777972015,0,0,1,1,0.0,0,0,0,mitigated_full,invalidated,older_full_mitigated
216,300,216,300,10668.0,14995.0,opposite-side,1.0,4327.0,0.08470481535007268,0,1,1,1,0.0,0,0,0,mitigated_full,mitigated_full,older_full_mitigated
216,301,216,301,10668.0,15018.0,same-side,1.0,4350.0,0.015806726868991094,1,1,1,1,0.0,0,0,0,mitigated_full,retired,older_full_mitigated
217,221,217,221,10698.0,11053.0,same-side,1.0,355.0,0.0056302845528651835,1,1,1,1,0.0,0,0,0,mitigated_full,invalidated,older_full_mitigated
217,277,217,277,10698.0,14074.0,same-side,0.18434042553192914,3376.0,0.22875837566373936,1,0,0,1,0.0,0,0,0,mitigated_full,invalidated,older_full_mitigated
217,280,217,280,10698.0,14334.0,same-side,0.6866171676928665,3636.0,0.024625485287262272,1,0,1,1,0.0,0,0,0,mitigated_full,retired,older_full_mitigated
218,230,218,230,10891.0,11536.0,opposite-side,1.0,645.0,0.05620387338456456,0,0,1,1,0.0,0,0,0,retired,invalidated,older_retired
218,232,218,232,10891.0,11580.0,same-side,0.2418019211659546,689.0,0.22916016380487925,1,0,0,1,0.0,0,0,0,retired,mitigated_full,older_retired
218,305,218,305,10891.0,15175.0,same-side,0.6290162305398754,4284.0,0.041796734472177355,1,0,1,1,0.0,0,0,0,retired,mitigated_full,older_retired
218,306,218,306,10891.0,15181.0,same-side,0.33289168598877356,4290.0,0.10040857569721007,1,0,0,1,0.0,0,0,0,retired,mitigated_full,older_retired
219,224,219,224,10949.0,11190.0,opposite-side,1.0,241.0,0.08654830222393117,0,1,1,1,0.0,0,0,0,mitigated_full,mitigated_full,older_full_mitigated
219,243,219,243,10949.0,12260.0,same-side,1.0,1311.0,0.0966887540570357,1,1,1,1,0.0,0,0,0,mitigated_full,invalidated,older_full_mitigated
219,248,219,248,10949.0,12558.0,same-side,0.7410958904109205,1609.0,0.01795048352576456,1,0,1,1,0.0,0,0,0,mitigated_full,mitigated_full,older_full_mitigated
219,249,219,249,10949.0,12576.0,same-side,0.707822085889574,1627.0,0.04662498492531464,1,0,1,1,0.0,0,0,0,mitigated_full,mitigated_full,older_full_mitigated
219,252,219,252,10949.0,12643.0,same-side,1.0,1694.0,0.13210882023463322,1,1,0,1,0.0,0,0,0,mitigated_full,mitigated_full,older_full_mitigated
219,258,219,258,10949.0,13039.0,opposite-side,1.0,2090.0,0.04814174579476782,0,1,1,1,0.0,0,0,0,mitigated_full,mitigated_full,older_full_mitigated
219,261,219,261,10949.0,13184.0,same-side,0.5727696404793508,2235.0,0.035736899153367974,1,0,1,1,0.0,0,0,0,mitigated_full,invalidated,older_full_mitigated
219,262,219,262,10949.0,13244.0,opposite-side,0.2972772277227616,2295.0,0.288018087109043,0,0,0,1,0.0,0,0,0,mitigated_full,retired,older_full_mitigated
219,276,219,276,10949.0,14032.0,same-side,0.6794724770642129,3083.0,0.19606862931006586,1,0,0,1,0.0,0,0,0,mitigated_full,mitigated_full,older_full_mitigated
219,278,219,278,10949.0,14219.0,opposite-side,0.3499999999999851,3270.0,0.2373245064430256,0,0,0,1,0.0,0,0,0,mitigated_full,mitigated_full,older_full_mitigated
219,279,219,279,10949.0,14315.0,same-side,1.0,3366.0,0.07727873903796711,1,1,1,1,0.0,0,0,0,mitigated_full,retired,older_full_mitigated
220,230,220,230,11044.0,11536.0,same-side,0.5357530971527884,492.0,0.32787915305229476,1,0,0,1,0.0,0,0,0,mitigated_full,invalidated,older_full_mitigated
221,277,221,277,11053.0,14074.0,same-side,0.5692307692307962,3021.0,0.23438866021660454,1,0,0,1,0.0,0,0,0,invalidated,invalidated,older_invalidated
221,280,221,280,11053.0,14334.0,same-side,1.0,3281.0,0.030255769840127456,1,0,1,1,0.0,0,0,0,invalidated,retired,older_invalidated
222,303,222,303,11061.0,15071.0,opposite-side,1.0,4010.0,0.33934967520281145,0,1,0,1,0.0,0,0,0,invalidated,invalidated,older_invalidated
223,245,223,245,11157.0,12308.0,same-side,0.19871794871790957,1151.0,0.24823813352055446,1,0,0,1,0.0,0,0,0,invalidated,retired,older_invalidated
223,259,223,259,11157.0,13081.0,opposite-side,0.4288766788766915,1924.0,0.22305740064003476,0,0,0,1,0.0,0,0,0,invalidated,invalidated,older_invalidated
223,260,223,260,11157.0,13112.0,same-side,0.2823565323565323,1955.0,0.0112162845190239,1,0,1,1,0.0,0,0,0,invalidated,invalidated,older_invalidated
223,307,223,307,11157.0,15218.0,opposite-side,1.0,4061.0,0.1150693833859413,0,0,0,1,0.0,0,0,0,invalidated,retired,older_invalidated
224,249,224,249,11190.0,12576.0,opposite-side,0.07204610951013429,1386.0,0.1331732871492458,0,0,0,1,0.0,0,0,0,mitigated_full,mitigated_full,older_full_mitigated
224,276,224,276,11190.0,14032.0,opposite-side,1.0,2842.0,0.10952032708613468,0,0,0,1,0.0,0,0,0,mitigated_full,mitigated_full,older_full_mitigated
225,245,225,245,11226.0,12308.0,same-side,0.7048814504881501,1082.0,0.22205926790995345,1,0,0,0,0.0,0,0,0,retired,retired,older_retired
225,249,225,249,11226.0,12576.0,opposite-side,0.11825153374232521,1350.0,0.24315853139175347,0,0,0,0,0.0,0,0,0,retired,mitigated_full,older_retired
225,276,225,276,11226.0,14032.0,opposite-side,0.6455164421266287,2806.0,0.00046491715637297926,0,0,1,0,0.0,0,0,0,retired,mitigated_full,older_retired
225,278,225,278,11226.0,14219.0,same-side,0.6266840504128653,2993.0,0.04079095997658677,1,0,1,0,0.0,0,0,0,retired,mitigated_full,older_retired
225,307,225,307,11226.0,15218.0,opposite-side,0.45878603505720805,3992.0,0.0888905177753403,0,0,1,0,0.0,0,0,0,retired,retired,older_retired
226,236,226,236,11283.0,11813.0,opposite-side,0.6233930453108556,530.0,0.12845057018206618,0,0,0,0,0.0,0,0,0,retired,invalidated,older_retired
226,275,226,275,11283.0,13912.0,opposite-side,0.7845292409788447,2629.0,0.02092745456024092,0,0,1,0,0.0,0,0,0,retired,invalidated,older_retired
227,233,227,233,11287.0,11661.0,opposite-side,0.7308823529411866,374.0,0.22072278817512192,0,0,0,0,0.0,0,0,0,retired,mitigated_full,older_retired
227,238,227,238,11287.0,11888.0,opposite-side,0.6752403846153638,601.0,0.22848963421557134,0,0,0,0,0.0,0,0,0,retired,retired,older_retired
227,264,227,264,11287.0,13448.0,same-side,0.19726890756299426,2161.0,0.2619597223970047,1,0,0,0,0.0,0,0,0,retired,retired,older_retired
228,229,228,229,11298.0,11419.0,same-side,0.5194060074249089,121.0,0.3171498655707311,1,0,0,1,0.0,0,0,0,invalidated,invalidated,older_invalidated
228,265,228,265,11298.0,13506.0,same-side,0.9826206896551443,2208.0,0.2734012759834785,1,0,0,1,0.0,0,0,0,invalidated,mitigated_full,older_invalidated
229,265,229,265,11419.0,13506.0,same-side,0.445831927100887,2087.0,0.043748589587252584,1,0,1,1,0.0,0,0,0,invalidated,mitigated_full,older_invalidated
230,232,230,232,11536.0,11580.0,opposite-side,0.19198664440732252,44.0,0.2853640371894438,0,0,0,1,0.0,0,0,0,invalidated,mitigated_full,older_invalidated
230,305,230,305,11536.0,15175.0,opposite-side,1.0,3639.0,0.09800060785674192,0,1,1,1,0.0,0,0,0,invalidated,mitigated_full,older_invalidated
230,306,230,306,11536.0,15181.0,opposite-side,0.2155824508320616,3645.0,0.044204702312645505,0,0,1,1,0.0,0,0,0,invalidated,mitigated_full,older_invalidated
231,300,231,300,11562.0,14995.0,opposite-side,1.0,3433.0,0.1654839701595111,0,0,0,1,0.0,0,0,0,mitigated_full,mitigated_full,older_full_mitigated
232,306,232,306,11580.0,15181.0,same-side,1.0,3601.0,0.3295687395020893,1,0,0,1,0.0,0,0,0,mitigated_full,mitigated_full,older_full_mitigated
232,309,232,309,11580.0,15239.0,opposite-side,1.0,3659.0,0.15205855932618118,0,1,0,1,0.0,0,0,0,mitigated_full,retired,older_full_mitigated
233,238,233,238,11661.0,11888.0,same-side,1.0,227.0,0.0077668460404494155,1,1,1,1,0.0,0,0,0,mitigated_full,retired,older_full_mitigated
233,242,233,242,11661.0,12181.0,same-side,1.0,520.0,0.045344675279593294,1,1,1,1,0.0,0,0,0,mitigated_full,invalidated,older_full_mitigated
233,264,233,264,11661.0,13448.0,opposite-side,0.7278020378457175,1787.0,0.04123693422188279,0,0,1,1,0.0,0,0,0,mitigated_full,retired,older_full_mitigated
233,275,233,275,11661.0,13912.0,same-side,0.17904509283820985,2251.0,0.07966070192399999,1,0,1,1,0.0,0,0,0,mitigated_full,invalidated,older_full_mitigated
234,235,234,235,11738.0,11750.0,opposite-side,0.9931662870159003,12.0,0.008351160740803332,0,0,1,1,0.0,0,0,0,mitigated_full,invalidated,older_full_mitigated
234,237,234,237,11738.0,11852.0,same-side,0.6762114537444848,114.0,0.22555773575470817,1,0,0,1,0.0,0,0,0,mitigated_full,mitigated_full,older_full_mitigated
234,247,234,247,11738.0,12454.0,opposite-side,0.8221476510067216,716.0,0.09066525785255086,0,0,1,1,0.0,0,0,0,mitigated_full,invalidated,older_full_mitigated
234,250,234,250,11738.0,12631.0,opposite-side,1.0,893.0,0.05254519076101971,0,1,1,1,0.0,0,0,0,mitigated_full,retired,older_full_mitigated
235,237,235,237,11750.0,11852.0,opposite-side,1.0,102.0,0.21720657501390483,0,0,0,1,0.0,0,0,0,invalidated,mitigated_full,older_invalidated
236,275,236,275,11813.0,13912.0,same-side,1.0,2099.0,0.1493780247423071,1,0,0,1,0.0,0,0,0,invalidated,invalidated,older_invalidated
238,264,238,264,11888.0,13448.0,opposite-side,0.5504807692307496,1560.0,0.03347008818143338,0,0,1,1,0.0,0,0,0,retired,retired,older_retired
240,263,240,263,12121.0,13374.0,same-side,0.07514450867058253,1253.0,0.17225807030327467,1,0,0,1,0.0,0,0,0,mitigated_full,mitigated_full,older_full_mitigated
241,246,241,246,12144.0,12354.0,opposite-side,0.41313269493844107,210.0,0.0988930850979951,0,0,1,1,0.0,0,0,0,invalidated,mitigated_full,older_invalidated
241,275,241,275,12144.0,13912.0,same-side,1.0,1768.0,0.059790635033392436,1,0,1,1,0.0,0,0,0,invalidated,invalidated,older_invalidated
242,264,242,264,12181.0,13448.0,opposite-side,1.0,1267.0,0.08658160950147609,0,0,1,1,0.0,0,0,0,invalidated,retired,older_invalidated
242,275,242,275,12181.0,13912.0,same-side,0.8912280701754542,1731.0,0.034316026644406694,1,0,1,1,0.0,0,0,0,invalidated,invalidated,older_invalidated
243,252,243,252,12260.0,12643.0,same-side,0.36982248520708866,383.0,0.22879757429166891,1,0,0,1,0.0,0,0,0,invalidated,mitigated_full,older_invalidated
243,258,243,258,12260.0,13039.0,opposite-side,0.9144144144144563,779.0,0.14483049985180352,0,0,0,1,0.0,0,0,0,invalidated,mitigated_full,older_invalidated
243,261,243,261,12260.0,13184.0,same-side,1.0,924.0,0.13242565321040367,1,0,0,1,0.0,0,0,0,invalidated,invalidated,older_invalidated
243,262,243,262,12260.0,13244.0,opposite-side,0.6081081081080805,984.0,0.3847068411660787,0,0,0,1,0.0,0,0,0,invalidated,retired,older_invalidated
244,306,244,306,12283.0,15181.0,opposite-side,0.0014124293785619183,2898.0,0.27674934164649034,0,0,0,1,0.0,0,0,0,invalidated,mitigated_full,older_invalidated
245,276,245,276,12308.0,14032.0,opposite-side,0.022315202231563126,1724.0,0.22159435075358047,0,0,0,0,0.0,0,0,0,retired,mitigated_full,older_retired
245,307,245,307,12308.0,15218.0,opposite-side,1.0,2910.0,0.13316875013461316,0,0,0,0,0.0,0,0,0,retired,retired,older_retired
246,275,246,275,12354.0,13912.0,opposite-side,1.0,1558.0,0.03910245006460267,0,0,1,1,0.0,0,0,0,mitigated_full,invalidated,older_full_mitigated
247,250,247,250,12454.0,12631.0,same-side,1.0,177.0,0.03812006709153115,1,1,1,1,0.0,0,0,0,invalidated,retired,older_invalidated
248,249,248,249,12558.0,12576.0,same-side,1.0,18.0,0.02867450139955008,1,0,1,1,0.0,0,0,0,mitigated_full,mitigated_full,older_full_mitigated
248,276,248,276,12558.0,14032.0,same-side,1.0,1474.0,0.21401911283583042,1,0,0,1,0.0,0,0,0,mitigated_full,mitigated_full,older_full_mitigated
248,278,248,278,12558.0,14219.0,opposite-side,1.0,1661.0,0.25527498996879017,0,0,0,1,0.0,0,0,0,mitigated_full,mitigated_full,older_full_mitigated
249,276,249,276,12576.0,14032.0,same-side,1.0,1456.0,0.2426936142353805,1,0,0,1,0.0,0,0,0,mitigated_full,mitigated_full,older_full_mitigated
249,278,249,278,12576.0,14219.0,opposite-side,0.7430981595091738,1643.0,0.28394949136834025,0,0,0,1,0.0,0,0,0,mitigated_full,mitigated_full,older_full_mitigated
251,261,251,261,12637.0,13184.0,same-side,1.0,547.0,0.07713778036740737,1,0,1,0,0.0,0,0,0,retired,invalidated,older_retired
251,262,251,262,12637.0,13244.0,opposite-side,1.0,607.0,0.17514340758826763,0,0,0,0,0.0,0,0,0,retired,retired,older_retired
252,258,252,258,12643.0,13039.0,opposite-side,1.0,396.0,0.0839670744398654,0,0,1,1,0.0,0,0,0,mitigated_full,mitigated_full,older_full_mitigated
252,261,252,261,12643.0,13184.0,same-side,1.0,541.0,0.09637192108126524,1,0,1,1,0.0,0,0,0,mitigated_full,invalidated,older_full_mitigated
253,281,253,281,12754.0,14419.0,same-side,0.5853485064011092,1665.0,0.178029819249097,1,0,0,1,0.0,0,0,0,mitigated_full,invalidated,older_full_mitigated
253,283,253,283,12754.0,14533.0,same-side,1.0,1779.0,0.031653270509132025,1,1,1,1,0.0,0,0,0,mitigated_full,invalidated,older_full_mitigated
253,286,253,286,12754.0,14604.0,opposite-side,1.0,1850.0,0.18991324756865835,0,1,0,1,0.0,0,0,0,mitigated_full,mitigated_full,older_full_mitigated
253,314,253,314,12754.0,15390.0,same-side,1.0,2636.0,0.115099678184859,1,1,0,1,0.0,0,0,0,mitigated_full,invalidated,older_full_mitigated
254,295,254,295,12783.0,14904.0,same-side,1.0,2121.0,0.37471737304054675,1,0,0,0,0.0,0,0,0,retired,retired,older_retired
255,290,255,290,12895.0,14773.0,opposite-side,0.6050328227571419,1878.0,0.40115372346705036,0,0,0,1,0.0,0,0,0,mitigated_full,mitigated_full,older_full_mitigated
255,296,255,296,12895.0,14959.0,opposite-side,1.0,2064.0,0.2761564073752323,0,1,0,1,0.0,0,0,0,mitigated_full,invalidated,older_full_mitigated
255,297,255,297,12895.0,14965.0,opposite-side,0.5393873085339065,2070.0,0.2064628916712753,0,0,0,1,0.0,0,0,0,mitigated_full,invalidated,older_full_mitigated
255,304,255,304,12895.0,15079.0,opposite-side,0.40389610389610614,2184.0,0.3741570016854975,0,0,0,1,0.0,0,0,0,mitigated_full,mitigated_full,older_full_mitigated
256,287,256,287,12922.0,14713.0,opposite-side,0.7389732465654268,1791.0,0.14564817605249814,0,0,0,1,0.0,0,0,0,mitigated_full,mitigated_full,older_full_mitigated
256,288,256,288,12922.0,14721.0,opposite-side,0.001712328767108754,1799.0,3.473819011701185e-05,0,0,1,1,0.0,0,0,0,mitigated_full,mitigated_full,older_full_mitigated
256,294,256,294,12922.0,14888.0,opposite-side,0.9695473251028525,1966.0,0.14523853840626777,0,0,0,1,0.0,0,0,0,mitigated_full,mitigated_full,older_full_mitigated
256,311,256,311,12922.0,15350.0,opposite-side,0.9800228310502335,2428.0,0.15122206339935695,0,0,0,1,0.0,0,0,0,mitigated_full,mitigated_full,older_full_mitigated
256,312,256,312,12922.0,15361.0,opposite-side,0.2233201581027009,2439.0,0.055150179063015003,0,0,1,1,0.0,0,0,0,mitigated_full,invalidated,older_full_mitigated
256,313,256,313,12922.0,15385.0,same-side,1.0,2463.0,0.15370349262785732,1,1,0,1,0.0,0,0,0,mitigated_full,retired,older_full_mitigated
257,259,257,259,13034.0,13081.0,opposite-side,0.5922077922078232,47.0,0.11680099035493907,0,0,0,1,0.0,0,0,0,invalidated,invalidated,older_invalidated
257,260,257,260,13034.0,13112.0,same-side,0.7891682785299995,78.0,0.32864210647594994,1,0,0,1,0.0,0,0,0,invalidated,invalidated,older_invalidated
257,307,257,307,13034.0,15218.0,opposite-side,0.005669737774654945,2184.0,0.22478900760903253,0,0,0,1,0.0,0,0,0,invalidated,retired,older_invalidated
258,261,258,261,13039.0,13184.0,opposite-side,1.0,145.0,0.012404846641399847,0,0,1,1,0.0,0,0,0,mitigated_full,invalidated,older_full_mitigated
258,262,258,262,13039.0,13244.0,same-side,0.34387351778655134,205.0,0.23987634131427515,1,0,0,1,0.0,0,0,0,mitigated_full,retired,older_full_mitigated
258,276,258,276,13039.0,14032.0,opposite-side,0.1551383399209595,993.0,0.14792688351529804,0,0,0,1,0.0,0,0,0,mitigated_full,mitigated_full,older_full_mitigated
258,279,258,279,13039.0,14315.0,opposite-side,0.06013745704473435,1276.0,0.12542048483273494,0,0,0,1,0.0,0,0,0,mitigated_full,retired,older_full_mitigated
259,260,259,260,13081.0,13112.0,opposite-side,0.8753246753246751,31.0,0.21184111612101086,0,0,0,1,0.0,0,0,0,invalidated,invalidated,older_invalidated
259,307,259,307,13081.0,15218.0,same-side,0.4181818181818364,2137.0,0.10798801725409346,1,0,0,1,0.0,0,0,0,invalidated,retired,older_invalidated
260,307,260,307,13112.0,15218.0,opposite-side,0.21856866537719405,2106.0,0.1038530988669174,0,0,0,1,0.0,0,0,0,invalidated,retired,older_invalidated
261,262,261,262,13184.0,13244.0,opposite-side,0.8267326732673327,60.0,0.252281187955675,0,0,0,1,0.0,0,0,0,invalidated,retired,older_invalidated
261,276,261,276,13184.0,14032.0,same-side,0.16411451398135293,848.0,0.16033173015669788,1,0,0,1,0.0,0,0,0,invalidated,mitigated_full,older_invalidated
261,279,261,279,13184.0,14315.0,same-side,0.6374570446735278,1131.0,0.11301563819133509,1,0,0,1,0.0,0,0,0,invalidated,retired,older_invalidated
264,275,264,275,13448.0,13912.0,opposite-side,0.46870451237264604,464.0,0.12089763614588278,0,0,0,0,0.0,0,0,0,retired,invalidated,older_retired
267,268,267,268,13616.0,13626.0,same-side,0.07958477508647252,10.0,0.2350461167025688,1,0,0,1,1.0,1,0,0,invalidated,invalidated,older_invalidated
267,269,267,269,13616.0,13637.0,opposite-side,0.8494809688581496,21.0,0.1938524954332782,0,0,0,1,0.0,0,0,0,invalidated,mitigated_full,older_invalidated
268,271,268,271,13626.0,13727.0,same-side,0.7960264900662349,101.0,0.060213655301235014,1,0,1,1,0.0,0,0,0,invalidated,invalidated,older_invalidated
269,272,269,272,13637.0,13740.0,opposite-side,1.0,103.0,0.11052099611838107,0,1,0,1,0.0,0,0,0,mitigated_full,invalidated,older_full_mitigated
270,273,270,273,13673.0,13814.0,opposite-side,0.5732984293193673,141.0,0.24507257679834515,0,0,0,0,0.0,0,0,0,retired,retired,older_retired
276,278,276,278,14032.0,14219.0,opposite-side,1.0,187.0,0.04125587713295975,0,1,1,1,0.0,0,0,0,mitigated_full,mitigated_full,older_full_mitigated
276,279,276,279,14032.0,14315.0,same-side,1.0,283.0,0.27334736834803297,1,1,0,1,0.0,0,0,0,mitigated_full,retired,older_full_mitigated
276,307,276,307,14032.0,15218.0,same-side,0.10205527994330557,1186.0,0.08842560061896731,1,0,1,1,0.0,0,0,0,mitigated_full,retired,older_full_mitigated
277,280,277,280,14074.0,14334.0,same-side,1.0,260.0,0.20413289037647708,1,0,0,1,0.0,0,0,0,invalidated,retired,older_invalidated
277,300,277,300,14074.0,14995.0,opposite-side,0.4927659574468054,921.0,0.12767113436813515,0,0,0,1,0.0,0,0,0,invalidated,mitigated_full,older_invalidated
277,301,277,301,14074.0,15018.0,same-side,1.0,944.0,0.22818267658719893,1,1,0,1,0.0,0,0,0,invalidated,retired,older_invalidated
278,307,278,307,14219.0,15218.0,opposite-side,0.08362863217574952,999.0,0.12968147775192707,0,0,0,1,0.0,0,0,0,mitigated_full,retired,older_full_mitigated
280,300,280,300,14334.0,14995.0,opposite-side,0.6017052375152293,661.0,0.07646175600834193,0,0,1,0,0.0,0,0,0,retired,mitigated_full,older_retired
280,301,280,301,14334.0,15018.0,same-side,1.0,684.0,0.024049786210721846,1,1,1,0,0.0,0,0,0,retired,retired,older_retired
281,283,281,283,14419.0,14533.0,same-side,1.0,114.0,0.14637654873996497,1,1,0,1,0.0,0,0,0,invalidated,invalidated,older_invalidated
281,286,281,286,14419.0,14604.0,opposite-side,0.8905608755129701,185.0,0.011883428319561351,0,0,1,1,0.0,0,0,0,invalidated,mitigated_full,older_invalidated
281,295,281,295,14419.0,14904.0,opposite-side,0.026986506746635937,485.0,0.03970994370543057,0,0,1,1,0.0,0,0,0,invalidated,retired,older_invalidated
281,314,281,314,14419.0,15390.0,same-side,0.783882783882732,971.0,0.293129497433956,1,0,0,1,0.0,0,0,0,invalidated,invalidated,older_invalidated
282,284,282,284,14454.0,14539.0,same-side,0.6740442655936,85.0,0.4508799199223395,1,0,0,1,0.0,0,0,0,invalidated,invalidated,older_invalidated
282,285,282,285,14454.0,14593.0,opposite-side,0.7421875000000361,139.0,0.05867664693603136,0,0,1,1,0.0,0,0,0,invalidated,retired,older_invalidated
282,321,282,321,14454.0,15779.0,same-side,0.7525150905432686,1325.0,0.27482060653082374,1,0,0,1,0.0,0,0,0,invalidated,retired,older_invalidated
283,286,283,286,14533.0,14604.0,opposite-side,0.8350253807106391,71.0,0.15825997705952632,0,0,0,1,0.0,0,0,0,invalidated,mitigated_full,older_invalidated
283,314,283,314,14533.0,15390.0,same-side,0.2690355329949063,857.0,0.14675294869399103,1,0,0,1,0.0,0,0,0,invalidated,invalidated,older_invalidated
284,285,284,285,14539.0,14593.0,opposite-side,0.32031250000003053,54.0,0.39220327298630814,0,0,0,1,0.0,0,0,0,invalidated,retired,older_invalidated
284,320,284,320,14539.0,15771.0,same-side,1.0,1232.0,0.2927537367009398,1,1,0,1,0.0,0,0,0,invalidated,retired,older_invalidated
284,321,284,321,14539.0,15779.0,same-side,0.349258649093952,1240.0,0.17605931339151576,1,0,0,1,0.0,0,0,0,invalidated,retired,older_invalidated
285,321,285,321,14593.0,15779.0,opposite-side,1.0,1186.0,0.21614395959479238,0,0,0,0,0.0,0,0,0,retired,retired,older_retired
286,314,286,314,14604.0,15390.0,opposite-side,0.9304029304029109,786.0,0.30501292575351735,0,0,0,1,0.0,0,0,0,mitigated_full,invalidated,older_full_mitigated
287,288,287,288,14713.0,14721.0,same-side,0.26319595083151787,8.0,0.14561343786238112,1,0,0,1,6.0,1,0,0,mitigated_full,mitigated_full,older_full_mitigated
287,294,287,294,14713.0,14888.0,same-side,0.8716049382716103,175.0,0.2908867144587659,1,0,0,1,0.0,0,0,0,mitigated_full,mitigated_full,older_full_mitigated
287,311,287,311,14713.0,15350.0,same-side,0.7136659436008636,637.0,0.005573887346858819,1,0,1,1,0.0,0,0,0,mitigated_full,mitigated_full,older_full_mitigated
287,312,287,312,14713.0,15361.0,same-side,0.9367588932805994,648.0,0.09049799698948313,1,0,1,1,0.0,0,0,0,mitigated_full,invalidated,older_full_mitigated
287,313,287,313,14713.0,15385.0,opposite-side,0.2970085470085302,672.0,0.008055316575359184,0,0,1,1,0.0,0,0,0,mitigated_full,retired,older_full_mitigated
288,289,288,289,14721.0,14742.0,same-side,0.6795031055900693,21.0,0.16641422769661096,1,0,0,1,0.0,0,0,0,mitigated_full,mitigated_full,older_full_mitigated
288,294,288,294,14721.0,14888.0,same-side,0.03292181069959572,167.0,0.14527327659638478,1,0,0,1,0.0,0,0,0,mitigated_full,mitigated_full,older_full_mitigated
288,312,288,312,14721.0,15361.0,same-side,0.7826086956521895,640.0,0.05511544087289799,1,0,1,1,0.0,0,0,0,mitigated_full,invalidated,older_full_mitigated
290,293,290,293,14773.0,14831.0,opposite-side,1.0,58.0,0.027486804809439436,0,1,1,1,0.0,0,0,0,mitigated_full,retired,older_full_mitigated
290,296,290,296,14773.0,14959.0,same-side,0.6097560975609768,186.0,0.12499731609181808,1,0,0,1,0.0,0,0,0,mitigated_full,invalidated,older_full_mitigated
290,297,290,297,14773.0,14965.0,same-side,0.9570200573065644,192.0,0.19469083179577507,1,0,0,1,0.0,0,0,0,mitigated_full,invalidated,older_full_mitigated
290,302,290,302,14773.0,15043.0,opposite-side,0.1332378223495464,270.0,0.028334284895849216,0,0,1,1,0.0,0,0,0,mitigated_full,invalidated,older_full_mitigated
290,304,290,304,14773.0,15079.0,same-side,1.0,306.0,0.02699672178155288,1,1,1,1,0.0,0,0,0,mitigated_full,mitigated_full,older_full_mitigated
291,292,291,292,14777.0,14796.0,opposite-side,1.0,19.0,0.09496367923436722,0,0,1,1,0.0,0,0,0,invalidated,mitigated_full,older_invalidated
291,298,291,298,14777.0,14976.0,same-side,0.651685393258483,199.0,0.0895699199461929,1,0,1,1,0.0,0,0,0,invalidated,invalidated,older_invalidated
291,302,291,302,14777.0,15043.0,opposite-side,1.0,266.0,0.11131674061690755,0,0,0,1,0.0,0,0,0,invalidated,invalidated,older_invalidated
292,298,292,298,14796.0,14976.0,opposite-side,1.0,180.0,0.005393759288174316,0,1,1,1,0.0,0,0,0,mitigated_full,invalidated,older_full_mitigated
292,302,292,302,14796.0,15043.0,same-side,0.36231884057970537,247.0,0.016353061382540335,1,0,1,1,0.0,0,0,0,mitigated_full,invalidated,older_full_mitigated
293,297,293,297,14831.0,14965.0,opposite-side,1.0,134.0,0.16720402698633563,0,0,0,0,0.0,0,0,0,retired,invalidated,older_retired
293,304,293,304,14831.0,15079.0,opposite-side,0.4235294117647877,248.0,0.0004900830278865564,0,0,1,0,0.0,0,0,0,retired,mitigated_full,older_retired
294,311,294,311,14888.0,15350.0,same-side,0.9407407407407202,462.0,0.2964606018056247,1,0,0,1,0.0,0,0,0,mitigated_full,mitigated_full,older_full_mitigated
294,312,294,312,14888.0,15361.0,same-side,0.29644268774703875,473.0,0.20038871746928277,1,0,0,1,0.0,0,0,0,mitigated_full,invalidated,older_full_mitigated
294,313,294,313,14888.0,15385.0,opposite-side,0.6303418803418636,497.0,0.2989420310341251,0,0,0,1,0.0,0,0,0,mitigated_full,retired,older_full_mitigated
296,297,296,297,14959.0,14965.0,same-side,0.5432372505542845,6.0,0.06969351570395699,1,0,1,1,78.0,1,0,0,invalidated,invalidated,older_invalidated
296,304,296,304,14959.0,15079.0,same-side,0.3999999999999764,120.0,0.0980005943102652,1,0,1,1,0.0,0,0,0,invalidated,mitigated_full,older_invalidated
297,302,297,302,14965.0,15043.0,opposite-side,0.37567861020628457,78.0,0.16635654689992585,0,0,0,1,0.0,0,0,0,invalidated,invalidated,older_invalidated
297,304,297,304,14965.0,15079.0,same-side,1.0,114.0,0.1676941100142222,1,1,0,1,0.0,0,0,0,invalidated,mitigated_full,older_invalidated
298,302,298,302,14976.0,15043.0,opposite-side,0.5297619047618766,67.0,0.02174682067071465,0,0,1,1,0.0,0,0,0,invalidated,invalidated,older_invalidated
300,301,300,301,14995.0,15018.0,opposite-side,1.0,23.0,0.10051154221906378,0,1,0,1,0.0,0,0,0,mitigated_full,retired,older_full_mitigated
306,309,306,309,15181.0,15239.0,opposite-side,1.0,58.0,0.17751018017590814,0,1,0,1,0.0,0,0,0,mitigated_full,retired,older_full_mitigated
311,312,311,312,15350.0,15361.0,same-side,0.15415019762840984,11.0,0.09607188433634195,1,0,1,1,12.0,1,0,0,mitigated_full,invalidated,older_full_mitigated
311,313,311,313,15350.0,15385.0,opposite-side,1.0,35.0,0.0024814292285003647,0,1,1,1,0.0,0,0,0,mitigated_full,retired,older_full_mitigated
315,316,315,316,15613.0,15634.0,same-side,0.646474677259181,21.0,0.06966088792687453,1,0,1,1,0.0,0,0,0,mitigated_full,mitigated_full,older_full_mitigated
315,317,315,317,15613.0,15690.0,opposite-side,0.8779761904761707,77.0,0.010903563512260073,0,0,1,1,0.0,0,0,0,mitigated_full,mitigated_full,older_full_mitigated
315,318,315,318,15613.0,15696.0,opposite-side,0.6049543676662456,83.0,0.14674221451563596,0,0,0,1,0.0,0,0,0,mitigated_full,mitigated_full,older_full_mitigated
316,317,316,317,15634.0,15690.0,opposite-side,1.0,56.0,0.0805644514391346,0,1,1,1,0.0,0,0,0,mitigated_full,mitigated_full,older_full_mitigated
316,318,316,318,15634.0,15696.0,opposite-side,0.02737940026070301,62.0,0.2164031024425105,0,0,0,1,0.0,0,0,0,mitigated_full,mitigated_full,older_full_mitigated
316,319,316,319,15634.0,15750.0,same-side,0.024333719582854428,116.0,0.2679238622425094,1,0,0,1,0.0,0,0,0,mitigated_full,invalidated,older_full_mitigated
326,327,326,327,15984.0,15999.0,same-side,0.7961034598589006,15.0,0.07624177706543556,1,0,1,1,0.0,0,0,0,mitigated_full,mitigated_full,older_full_mitigated
326,332,326,332,15984.0,16350.0,same-side,1.0,366.0,0.08871157417818287,1,1,1,1,0.0,0,0,0,mitigated_full,retired,older_full_mitigated
327,332,327,332,15999.0,16350.0,same-side,1.0,351.0,0.16495335124361843,1,1,0,1,0.0,0,0,0,mitigated_full,retired,older_full_mitigated
329,333,329,333,16142.0,16363.0,same-side,1.0,221.0,0.09422081314298991,1,1,1,1,0.0,0,0,0,mitigated_full,invalidated,older_full_mitigated
338,345,338,345,16706.0,16914.0,opposite-side,0.5006369426751731,208.0,0.36508870472229893,0,0,0,1,0.0,0,0,0,mitigated_full,invalidated,older_full_mitigated
338,348,338,348,16706.0,16949.0,same-side,1.0,243.0,0.35610169943103903,1,0,0,1,0.0,0,0,0,mitigated_full,mitigated_full,older_full_mitigated
338,349,338,349,16706.0,16952.0,same-side,1.0,246.0,0.1962597312999148,1,0,0,1,0.0,0,0,0,mitigated_full,mitigated_full,older_full_mitigated
341,353,341,353,16826.0,17203.0,same-side,0.7808544303797742,377.0,0.14056723831234652,1,0,0,1,0.0,0,0,0,mitigated_full,retired,older_full_mitigated
342,344,342,344,16852.0,16883.0,opposite-side,1.0,31.0,0.14360850984103257,0,0,0,1,0.0,0,0,0,invalidated,mitigated_full,older_invalidated
343,354,343,354,16856.0,17218.0,same-side,0.22481751824818777,362.0,0.2012735108673237,1,0,0,1,0.0,0,0,0,invalidated,mitigated_full,older_invalidated
345,348,345,348,16914.0,16949.0,opposite-side,0.7271959459459093,35.0,0.008987005291259897,0,0,1,1,0.0,0,0,0,invalidated,mitigated_full,older_invalidated
345,349,345,349,16914.0,16952.0,opposite-side,1.0,38.0,0.16882897342238412,0,0,0,1,0.0,0,0,0,invalidated,mitigated_full,older_invalidated
348,349,348,349,16949.0,16952.0,same-side,0.6181818181818055,3.0,0.15984196813112422,1,0,0,1,0.0,0,0,0,mitigated_full,mitigated_full,older_full_mitigated
350,352,350,352,17042.0,17185.0,same-side,0.8523936170213198,143.0,0.14228391772334048,1,0,0,1,0.0,0,0,0,mitigated_full,mitigated_full,older_full_mitigated
355,356,355,356,17251.0,17257.0,same-side,1.0,6.0,0.006729503440907281,1,0,1,1,0.0,0,0,0,invalidated,retired,older_invalidated
359,360,359,360,17448.0,17452.0,same-side,0.9112654320987875,4.0,0.19397511855771044,1,0,0,1,0.0,0,0,0,mitigated_full,mitigated_full,older_full_mitigated
361,363,361,363,17579.0,17717.0,same-side,0.9886104783598672,138.0,0.3311096624259114,1,0,0,1,0.0,0,0,0,mitigated_full,invalidated,older_full_mitigated
364,365,364,365,17727.0,17761.0,same-side,0.8392070484582447,34.0,0.010046796419783677,1,0,1,1,0.0,0,0,0,mitigated_full,retired,older_full_mitigated
366,368,366,368,17779.0,17844.0,opposite-side,1.0,65.0,0.24379662445977957,0,1,0,1,0.0,0,0,0,invalidated,mitigated_full,older_invalidated
366,372,366,372,17779.0,18129.0,same-side,0.7079129049389261,350.0,0.08588211828497894,1,0,1,1,0.0,0,0,0,invalidated,retired,older_invalidated
366,373,366,373,17779.0,18134.0,same-side,0.015891032917176057,355.0,0.13856898518197935,1,0,0,1,0.0,0,0,0,invalidated,retired,older_invalidated
367,370,367,370,17813.0,17977.0,same-side,1.0,164.0,0.13633310982767632,1,1,0,1,0.0,0,0,0,mitigated_full,mitigated_full,older_full_mitigated
367,373,367,373,17813.0,18134.0,same-side,0.06242905788878058,321.0,0.2687258732972002,1,0,0,1,0.0,0,0,0,mitigated_full,retired,older_full_mitigated
368,372,368,372,17844.0,18129.0,opposite-side,1.0,285.0,0.15791450617480063,0,0,0,1,0.0,0,0,0,mitigated_full,retired,older_full_mitigated
372,373,372,373,18129.0,18134.0,same-side,0.6401816118047754,5.0,0.05268686689700042,1,0,1,1,91.0,1,0,0,retired,retired,older_retired
375,376,375,376,18154.0,18158.0,same-side,1.0,4.0,0.12122543964423516,1,0,0,1,0.0,0,0,0,mitigated_full,retired,older_full_mitigated
383,384,383,384,18395.0,18450.0,opposite-side,1.0,55.0,0.11808155359106864,0,1,0,1,0.0,0,0,0,invalidated,retired,older_invalidated
387,388,387,388,18533.0,18536.0,same-side,1.0,3.0,0.12003818198657734,1,0,0,1,0.0,0,0,0,mitigated_full,retired,older_full_mitigated
392,394,392,394,18766.0,18819.0,opposite-side,0.12618472402898928,53.0,0.17558406139438437,0,0,0,1,0.0,0,0,0,invalidated,invalidated,older_invalidated
394,396,394,396,18819.0,18997.0,same-side,0.49726190476190996,178.0,0.2170611125164132,1,0,0,1,0.0,0,0,0,invalidated,mitigated_partial,older_invalidated
