confirm_idx,breach_idx,side_label,source_cluster_id_raw,family,level,strength,age_bars,origin_idx,active_start_idx,sweep_class,tradeable,selectivity_class,micro_interaction,standard_liquidity,displacement_confirmed,quality,pre_breach_distance_atr,followed_by_displacement,followed_by_bos,followed_by_choch,followthrough_available,penetration_atr,active_source_count,nearest_source_distance_atr_signed,nearest_source_distance_atr_abs,session_source_type,session_source_scope,breach_session_phase,historical_max_distance_atr,source_level_key,source_instance_key,family_group
16,16,below,16202.0,support,1232.849,0.55,4.0,13,12,3,0,standard_liquidity_sweep,0,1,0,0.6875000000000001,1.1909269670661053,0,0,0,1,0.16923684581615098,6.0,0.26641931365998384,0.26641931365998384,,,Overlap,1.1909269670661053,support|below|1232.849,support|below|1232.849|12,s_r
17,16,above,16102.0,previous_week_high,1246.345,0.65,3.0,12,13,4,0,micro_interaction_sweep,1,0,0,0.5060280716597937,0.14291123604794703,0,0,0,1,0.16923684581615098,6.0,0.6161430265191529,0.6161430265191529,,,Overlap,0.7364134555644454,previous_week_high|above|1246.345,previous_week_high|above|1246.345|13,prior_period
26,26,below,26201.0,support,1225.8113442936278,0.7,17.0,6,9,3,0,micro_interaction_sweep,1,0,0,0.5541898387365514,0.061606154315533374,0,0,0,1,0.3262241760101054,8.0,0.045864293649868625,0.045864293649868625,,,Asia,1.8864733542565812,support|below|1225.8113,support|below|1225.8113|9,s_r
29,27,below,27203.0,previous_day_low,1224.974,0.6,5.0,22,22,4,0,micro_interaction_sweep,1,0,0,0.5608991147058745,0.13803680918642838,0,0,0,1,0.6239268455966307,10.0,0.02556463502445034,0.02556463502445034,,,London,0.6354648486628469,previous_day_low|below|1224.974,previous_day_low|below|1224.974|22,prior_period
44,42,above,42101.0,previous_day_high,1248.954,0.6,24.0,16,18,4,0,micro_interaction_sweep,1,0,0,0.5764737703076115,0.1880184453792857,0,0,0,1,0.6647377030761151,6.0,-0.30918954160564804,0.30918954160564804,,,Dead,2.945602172816809,previous_day_high|above|1248.954,previous_day_high|above|1248.954|18,prior_period
45,44,below,44201.0,previous_day_low,1247.068,0.5,1.0,43,43,4,0,standard_liquidity_sweep,0,1,0,0.46300185960563855,0.2920580906463855,0,0,0,1,0.27616826101356456,6.0,-0.11153218455951829,0.11153218455951829,,,Asia,0.2920580906463855,previous_day_low|below|1247.068,previous_day_low|below|1247.068|43,prior_period
53,53,below,53201.0,support,1243.648,0.55,5.0,49,48,3,0,micro_interaction_sweep,1,0,0,0.47166869294855923,0.13093610914789605,0,0,0,1,0.22083839903806463,7.0,0.022457466379285813,0.022457466379285813,,,NY,1.45752409619392,support|below|1243.648,support|below|1243.648|48,s_r
59,56,below,56201.0,previous_day_low,1239.226,0.5,1.0,55,55,4,0,standard_liquidity_sweep,0,1,0,0.5153602063281345,0.2943513221368036,0,0,0,1,0.5869353966146779,8.0,-0.1590234430072664,0.1590234430072664,,,Asia,0.2943513221368036,previous_day_low|below|1239.226,previous_day_low|below|1239.226|55,prior_period
64,63,above,63102.0,resistance,1242.3539090909094,0.6,7.0,60,56,4,0,standard_liquidity_sweep,0,1,0,0.5140915048933398,0.8029097836438872,0,0,0,1,0.3379938174260907,9.0,-0.012332572731397614,0.012332572731397614,,,London,0.8029097836438872,resistance|above|1242.3539,resistance|above|1242.3539|56,s_r
68,66,above,66102.0,previous_day_high,1242.563,0.55,5.0,61,61,4,0,micro_interaction_sweep,1,0,0,0.4210969189934055,0.19111397450056694,0,0,0,1,0.19440896415018044,9.0,0.015767902626691203,0.015767902626691203,,,Dead,0.838328424246491,previous_day_high|above|1242.563,previous_day_high|above|1242.563|61,prior_period
74,72,above,72101.0,equal_high,1255.085,0.55,18.0,7,54,4,0,standard_liquidity_sweep,0,1,0,0.5951246241735247,0.36988723908517307,0,0,0,1,1.138455355104925,7.0,-0.1454231293017259,0.1454231293017259,,,Dead,2.959473812893563,equal_high|above|1255.085,equal_high|above|1255.085|54,eqh_eql
89,89,below,89201.0,support,1234.125,0.6000000000000001,31.0,12,58,3,0,displacement_confirmed_sweep,0,1,1,0.5833553448465686,0.41935510131599946,1,0,0,1,0.46649360641942955,10.0,0.0893102286798265,0.0893102286798265,,,Dead,3.895185669199942,support|below|1234.125,support|below|1234.125|58,s_r
90,89,below,89202.0,previous_day_low,1235.422,0.55,7.0,80,82,4,0,displacement_confirmed_sweep,0,1,1,0.5946797576412312,0.1627968152750136,1,0,0,1,0.46649360641942955,10.0,0.0893102286798265,0.0893102286798265,,,Dead,1.187628244662548,previous_day_low|below|1235.422,previous_day_low|below|1235.422|82,prior_period
95,93,above,93101.0,previous_week_high,1261.134,0.6000000000000001,20.0,72,73,4,0,standard_liquidity_sweep,0,1,0,0.5783877912724333,0.33336222750888644,0,0,0,1,0.6838779127243331,7.0,-0.5131442545131492,0.5131442545131492,,,Overlap,5.143184275470648,previous_week_high|above|1261.134,previous_week_high|above|1261.134|73,prior_period
99,98,above,98101.0,previous_day_high,1265.484,0.6,3.0,93,95,4,1,tradeable_sweep_candidate,0,1,0,0.6909097992539234,0.987273475227625,0,0,0,1,1.138479808956345,8.0,-0.2794377399823728,0.2794377399823728,,,London,1.081219838378111,previous_day_high|above|1265.484,previous_day_high|above|1265.484|95,prior_period
102,101,above,101101.0,previous_day_high,1272.569,0.6,2.0,98,99,4,0,standard_liquidity_sweep,0,1,0,0.6168851625706359,0.5522694110976749,0,0,0,1,0.8688516257063577,7.0,-0.02171752023984047,0.02171752023984047,,,Dead,1.2185000683282954,previous_day_high|above|1272.569,previous_day_high|above|1272.569|99,prior_period
105,104,below,104201.0,session_low,1259.459,0.45,5.0,99,99,4,0,standard_liquidity_sweep,0,1,0,0.5152494854160676,1.1610914658249554,0,0,0,1,0.33365863221651565,8.0,-0.06510057119197313,0.06510057119197313,prev_london_low,completed_previous_session_only,London,1.9989167587418935,session_low|below|1259.459,session_low|below|1259.459|99,session
112,110,below,110201.0,previous_day_low,1251.994,0.65,3.0,106,107,4,0,standard_liquidity_sweep,0,1,0,0.56986720840726,0.3419474112991869,0,0,0,1,0.5986720840726002,9.0,-0.17160452131578788,0.17160452131578788,,,London,1.0637174707378172,previous_day_low|below|1251.994,previous_day_low|below|1251.994|107,prior_period
129,128,above,128101.0,session_high,1246.518,0.5,3.0,125,125,4,0,displacement_confirmed_sweep,0,1,1,0.6439328899182603,0.15034661746531883,1,0,0,1,1.1393795854218527,10.0,-0.6273781801072051,0.6273781801072051,prev_asia_high,completed_previous_session_only,London,0.5737776454093482,session_high|above|1246.518,session_high|above|1246.518|125,session
130,129,below,129203.0,session_low,1242.231,0.45,4.0,125,125,4,0,displacement_confirmed_sweep,0,1,1,0.5098076864926934,1.209284337207934,0,0,1,1,0.4495192162317334,9.0,0.1945159345683712,0.1945159345683712,prev_ny_low,completed_previous_session_only,Overlap,1.209284337207934,session_low|below|1242.231,session_low|below|1242.231|125,session
146,146,above,146102.0,resistance,1261.2062424242426,0.55,10.0,144,136,3,0,standard_liquidity_sweep,0,1,0,0.6977419255734856,0.6462042514224284,0,0,0,1,1.6858108635820572,10.0,0.04309834369934082,0.04309834369934082,,,London,1.404587167946627,resistance|above|1261.2062,resistance|above|1261.2062|136,s_r
152,152,above,152101.0,resistance,1260.7993584905662,0.55,16.0,149,136,3,0,standard_liquidity_sweep,0,1,0,0.67837768402926,0.2052562830977371,0,0,0,1,0.5337768402926005,9.0,0.733340644607247,0.733340644607247,,,London,1.3501387349754506,resistance|above|1260.7994,resistance|above|1260.7994|136,s_r
153,152,below,152201.0,session_low,1256.348,0.5,5.0,147,147,4,0,standard_liquidity_sweep,0,1,0,0.5299695467329963,0.48516079211092256,0,0,0,1,0.5337768402926005,9.0,-0.09193129784954833,0.09193129784954833,prev_ny_low,completed_previous_session_only,London,0.48516079211092256,session_low|below|1256.348,session_low|below|1256.348|147,session
159,158,above,158102.0,resistance,1266.459255464236,0.65,22.0,152,136,4,0,standard_liquidity_sweep,0,1,0,0.602337642103831,1.0757308481235495,0,0,0,1,0.521498828740437,9.0,0.8269199531503211,0.8269199531503211,,,London,2.1075353670078263,resistance|above|1266.4593,resistance|above|1266.4593|136,s_r
160,160,above,160101.0,previous_day_high,1266.691,0.5,4.0,156,156,3,0,standard_liquidity_sweep,0,1,0,0.4464482059094799,0.276007074225621,0,0,0,1,0.2098705147736997,9.0,0.029068359914275477,0.029068359914275477,,,NY,1.1779778933256895,previous_day_high|above|1266.691,previous_day_high|above|1266.691|156,prior_period
166,164,above,164102.0,previous_week_high,1274.293,0.55,2.0,162,162,4,0,micro_interaction_sweep,1,0,0,0.5503567120905423,0.20271250129948773,1,0,0,1,0.5702337875720885,8.0,0.10586886328465929,0.10586886328465929,,,London,0.23268949635074535,previous_week_high|above|1274.293,previous_week_high|above|1274.293|162,prior_period
173,171,above,171102.0,previous_day_high,1287.355,0.6,3.0,167,168,4,0,standard_liquidity_sweep,0,1,0,0.5960729780644175,0.8247099514190521,0,0,0,1,0.9023964473108415,7.0,-0.20095383070368256,0.20095383070368256,,,Overlap,0.8247099514190521,previous_day_high|above|1287.355,previous_day_high|above|1287.355|168,prior_period
178,177,above,177102.0,session_high,1292.27,0.5,4.0,173,173,4,0,standard_liquidity_sweep,0,1,0,0.572544487020189,0.3200610195963416,0,0,0,1,0.39597366776624116,7.0,-0.04784419515141821,0.04784419515141821,prev_london_high,completed_previous_session_only,Overlap,0.9671396755757674,session_high|above|1292.27,session_high|above|1292.27|173,session
196,196,above,196101.0,resistance,1328.7350000000001,0.628270748481798,3.0,194,193,3,0,micro_interaction_sweep,1,0,0,0.585935131950821,0.03999790184178066,0,0,0,1,0.2522209086837045,7.0,0.8967072767732013,0.8967072767732013,,,Dead,0.33265901705316464,resistance|above|1328.735,resistance|above|1328.735|193,s_r
197,196,above,196102.0,resistance,1329.761,0.7000000000000001,5.0,191,191,4,0,micro_interaction_sweep,1,0,0,0.501329006790365,0.2184233248402907,0,0,0,1,0.2522209086837045,7.0,0.8967072767732013,0.8967072767732013,,,Dead,0.498262195848152,resistance|above|1329.761,resistance|above|1329.761|191,s_r
199,198,below,198202.0,session_low,1317.615,0.45,7.0,191,191,4,0,standard_liquidity_sweep,0,1,0,0.5988513634385566,0.15501991152688413,0,0,0,1,0.8165013032795364,9.0,0.494070283727607,0.494070283727607,prev_ny_low,completed_previous_session_only,Asia,1.8938137002476565,session_low|below|1317.615,session_low|below|1317.615|191,session
200,197,below,197202.0,previous_day_low,1321.623,0.55,3.0,194,194,4,0,standard_liquidity_sweep,0,1,0,0.561374732277081,0.272810814628017,0,0,0,1,0.8860577930634665,8.0,0.13893201614426454,0.13893201614426454,,,Asia,1.196806784674414,previous_day_low|below|1321.623,previous_day_low|below|1321.623|194,prior_period
209,207,below,207201.0,previous_day_low,1312.406,0.55,7.0,198,200,4,0,standard_liquidity_sweep,0,1,0,0.5466397391511171,1.2145627296486907,0,0,0,1,0.5747307248445033,10.0,-0.39819281346583446,0.39819281346583446,,,NY,1.7257980759086378,previous_day_low|below|1312.406,previous_day_low|below|1312.406|200,prior_period
212,211,below,211202.0,support,1309.297894560637,0.7,23.0,208,188,4,0,standard_liquidity_sweep,0,1,0,0.48651588579137506,0.6553393529402578,0,0,0,1,0.22181311857047536,9.0,0.2843136790810547,0.2843136790810547,,,London,3.340190947949218,support|below|1309.2979,support|below|1309.2979|188,s_r
214,213,above,213102.0,session_high,1320.475,0.45,5.0,208,208,4,0,standard_liquidity_sweep,0,1,0,0.5503466818333717,0.48243224029575094,0,0,0,1,0.2771329864062968,10.0,0.017063918664398152,0.017063918664398152,prev_ny_high,completed_previous_session_only,NY,1.3207857182427611,session_high|above|1320.475,session_high|above|1320.475|208,session
219,218,above,218101.0,previous_day_high,1325.005,0.65,4.0,213,214,4,0,standard_liquidity_sweep,0,1,0,0.507314323172064,0.26840134560762674,0,0,0,1,0.2974524745968266,9.0,-0.0632353410931974,0.0632353410931974,,,Overlap,1.0598968505867412,previous_day_high|above|1325.005,previous_day_high|above|1325.005|214,prior_period
235,235,below,235201.0,session_low,1331.875,0.45,5.0,230,230,3,1,tradeable_sweep_candidate,0,1,0,0.6178190717018252,1.2464536917045408,0,0,0,1,0.3006038100811938,7.0,0.18262289187215536,0.18262289187215536,prev_london_low,completed_previous_session_only,London,1.9019672794810591,session_low|below|1331.875,session_low|below|1331.875|230,session
236,236,below,236201.0,support,1328.4904999999999,0.5521668163034317,13.0,236,223,3,0,standard_liquidity_sweep,0,1,0,0.684161545858866,0.71962304612176,0,0,0,1,0.9011863391405455,8.0,0.07288477765884036,0.07288477765884036,,,Overlap,2.483730339345843,support|below|1328.4905,support|below|1328.4905|223,s_r
241,240,above,240101.0,previous_week_high,1332.042,0.55,19.0,221,221,4,0,standard_liquidity_sweep,0,1,0,0.48147153757110867,0.6289116567834042,0,0,0,1,0.1799843875310563,9.0,-0.15502531225757735,0.15502531225757735,,,Asia,0.9899113306387545,previous_week_high|above|1332.042,previous_week_high|above|1332.042|221,prior_period
249,248,below,248203.0,previous_day_low,1323.738,0.5,3.0,245,245,4,0,displacement_confirmed_sweep,0,1,1,0.5894897818017633,0.5127838577165932,1,0,1,1,0.7198978180176319,7.0,-0.08279307196940226,0.08279307196940226,,,Overlap,1.0734097796218678,previous_day_low|below|1323.738,previous_day_low|below|1323.738|245,prior_period
250,247,below,247203.0,session_low,1329.201,0.45,5.0,242,242,4,0,micro_interaction_sweep,1,0,0,0.5554862743830691,0.1545696627189567,1,0,1,1,0.514948205168019,8.0,-0.01648233828373682,0.01648233828373682,prev_london_low,completed_previous_session_only,London,0.5130049351988634,session_low|below|1329.201,session_low|below|1329.201|242,session
252,252,above,252101.0,resistance,1345.2103957415206,0.65,18.0,47,234,3,0,micro_interaction_sweep,1,0,0,0.6376357885133983,0.2413401089215887,1,0,0,1,0.49845842273722435,6.0,0.3157601672912157,0.3157601672912157,,,Asia,3.8397330011143507,resistance|above|1345.2104,resistance|above|1345.2104|234,s_r
266,263,below,263202.0,session_low,1336.323,0.45,4.0,259,259,4,0,micro_interaction_sweep,1,0,0,0.42930875649990646,0.03321710034075098,0,0,0,1,0.34827189124976615,10.0,0.21270989715465619,0.21270989715465619,prev_asia_low,completed_previous_session_only,Asia,0.48093793926242034,session_low|below|1336.323,session_low|below|1336.323|259,session
278,277,below,277202.0,equal_low,1331.9700845298355,0.75,18.0,47,259,4,1,tradeable_sweep_candidate,0,1,0,0.6396629196178568,2.698740226634889,0,0,0,1,0.413075766363014,6.0,0.18990843521977085,0.18990843521977085,,,London,2.981532011864957,equal_low|below|1331.9701,equal_low|below|1331.9701|259,eqh_eql
286,285,above,285101.0,previous_day_high,1341.479,0.55,4.0,281,281,4,1,tradeable_sweep_candidate,0,1,0,0.5409441025360909,0.6751449734487991,0,0,0,1,0.4360775523127561,7.0,-0.3425391348728449,0.3425391348728449,,,London,1.3551886044061645,previous_day_high|above|1341.479,previous_day_high|above|1341.479|281,prior_period
313,312,above,312101.0,previous_day_high,1387.975,0.6,2.0,309,310,4,1,tradeable_sweep_candidate,0,1,0,0.5948480265527982,0.7494798034716976,0,0,0,1,0.5308444664033,7.0,-0.19591912179696722,0.19591912179696722,,,NY,1.094782341897609,previous_day_high|above|1387.975,previous_day_high|above|1387.975|310,prior_period
316,316,below,316201.0,support,1379.327,0.55,3.0,314,313,3,0,standard_liquidity_sweep,0,1,0,0.6334342275795373,0.1441101700799558,0,0,0,1,0.5348053806859432,8.0,0.26637117786863956,0.26637117786863956,,,London,0.6313742389739135,support|below|1379.327,support|below|1379.327|313,s_r
323,322,below,322201.0,previous_day_low,1357.566,0.6,2.0,319,320,4,0,standard_liquidity_sweep,0,1,0,0.6061031134484104,0.6003265154889528,0,0,0,1,0.844364467817436,10.0,-0.12806461229839675,0.12806461229839675,,,London,0.6003265154889528,previous_day_low|below|1357.566,previous_day_low|below|1357.566|320,prior_period
331,330,below,330202.0,previous_week_low,1329.205,0.55,16.0,314,314,4,0,micro_interaction_sweep,1,0,0,0.5657060701979316,0.1716675316603684,0,0,0,1,0.48461920424921295,8.0,0.03580751361120088,0.03580751361120088,,,NY,7.179220215768863,previous_week_low|below|1329.205,previous_week_low|below|1329.205|314,prior_period
334,334,below,334201.0,previous_day_low,1325.301,0.65,3.0,330,331,3,1,tradeable_sweep_candidate,0,1,0,0.6769907454682983,0.010462788130956977,0,0,0,1,0.5862064133579284,6.0,0.28682464382114714,0.28682464382114714,,,London,0.8183229947414228,previous_day_low|below|1325.301,previous_day_low|below|1325.301|331,prior_period
342,339,above,339101.0,previous_day_high,1334.565,0.55,5.0,334,334,4,0,displacement_confirmed_sweep,0,1,1,0.5541826360541469,0.5189636441057315,1,1,0,1,0.8918263605414694,9.0,-0.8150648875044642,0.8150648875044642,,,Asia,0.8649497386492143,previous_day_high|above|1334.565,previous_day_high|above|1334.565|334,prior_period
353,353,below,353202.0,session_low,1310.794,0.45,5.0,348,348,3,1,tradeable_sweep_candidate,0,1,0,0.6518221132966195,0.5652493182614186,0,0,0,1,0.2829040125382403,8.0,0.5109336307707167,0.5109336307707167,prev_london_low,completed_previous_session_only,London,0.5652493182614186,session_low|below|1310.794,session_low|below|1310.794|348,session
354,353,below,353203.0,support,1307.128,0.65,4.0,349,349,4,0,displacement_confirmed_sweep,0,1,1,0.4973282716819628,1.1331320260571212,1,0,0,1,0.2829040125382403,8.0,0.5109336307707167,0.5109336307707167,,,London,1.1331320260571212,support|below|1307.128,support|below|1307.128|349,s_r
361,359,below,359201.0,previous_day_low,1304.401,0.6,5.0,353,354,4,1,tradeable_sweep_candidate,0,1,1,0.6725954896481764,1.659197268620715,1,0,0,1,0.6259548964817634,8.0,-0.3061881877426967,0.3061881877426967,,,London,1.659197268620715,previous_day_low|below|1304.401,previous_day_low|below|1304.401|354,prior_period
372,371,below,371203.0,equal_low,1289.05,0.8544970760910462,10.0,69,361,4,0,standard_liquidity_sweep,0,1,0,0.5623771669401041,1.061956937987955,0,0,0,1,0.32813224479335634,8.0,0.1928061555657955,0.1928061555657955,,,London,2.2369962070698257,equal_low|below|1289.05,equal_low|below|1289.05|361,eqh_eql
377,376,below,376203.0,session_low,1293.315,0.45,5.0,371,371,4,0,standard_liquidity_sweep,0,1,0,0.5257354785712058,0.47400105277919224,0,0,0,1,0.20889176728876652,8.0,0.02875817068574552,0.02875817068574552,prev_asia_low,completed_previous_session_only,Asia,0.47400105277919224,session_low|below|1293.315,session_low|below|1293.315|371,session
396,395,below,395201.0,previous_week_low,1285.564,0.55,19.0,376,376,4,0,standard_liquidity_sweep,0,1,0,0.47405208454253633,1.370937103120651,0,0,0,1,0.1547812232207957,8.0,-0.05733338708547581,0.05733338708547581,,,Asia,1.370937103120651,previous_week_low|below|1285.564,previous_week_low|below|1285.564|376,prior_period
422,421,below,421202.0,session_low,1307.361,0.45,5.0,416,416,4,0,displacement_confirmed_sweep,0,1,1,0.6338522550628427,0.27378330654148886,0,1,0,1,1.1192821775935295,9.0,-0.0978941706402587,0.0978941706402587,prev_london_low,completed_previous_session_only,London,1.0644357739219117,session_low|below|1307.361,session_low|below|1307.361|416,session
439,436,above,436102.0,previous_day_high,1323.841,0.65,3.0,433,433,4,0,displacement_confirmed_sweep,0,1,1,0.6007253378514376,1.0392705285743375,1,0,1,1,0.7245399980288088,7.0,0.2420729094433596,0.2420729094433596,,,NY,1.1983698062328045,previous_day_high|above|1323.841,previous_day_high|above|1323.841|433,prior_period
441,440,above,440103.0,session_high,1328.157,0.45,3.0,437,437,4,0,displacement_confirmed_sweep,0,1,1,0.5313062641806279,0.9143553281103716,1,0,1,1,0.33099919335132855,9.0,-0.024006185492795633,0.024006185492795633,prev_ny_high,completed_previous_session_only,London,0.9143553281103716,session_high|above|1328.157,session_high|above|1328.157|437,session
446,446,below,446203.0,support,1295.2600000000002,0.6000000000000001,35.0,438,411,3,1,tradeable_sweep_candidate,0,1,0,0.75,1.1955021183634298,0,0,0,1,1.6645234078212474,6.0,-0.00444117508183442,0.00444117508183442,,,London,5.758252266215376,support|below|1295.26,support|below|1295.26|411,s_r
453,452,below,452201.0,session_low,1300.659,0.45,3.0,449,449,4,0,standard_liquidity_sweep,0,1,0,0.488387889886602,0.4254836543780786,0,0,0,1,0.39596972471650493,9.0,-0.11365080161466538,0.11365080161466538,prev_ny_low,completed_previous_session_only,London,0.4254836543780786,session_low|below|1300.659,session_low|below|1300.659|449,session
459,459,below,459201.0,previous_week_low,1295.26,0.55,21.0,438,438,3,0,standard_liquidity_sweep,0,1,0,0.522495341846931,0.5623724835234525,0,0,0,1,0.3687383546173276,9.0,0.025722412919563047,0.025722412919563047,,,Overlap,5.758252266215415,previous_week_low|below|1295.26,previous_week_low|below|1295.26|438,prior_period
472,472,below,472203.0,support,1280.9024076203243,0.6174390230497488,83.0,472,389,3,0,standard_liquidity_sweep,0,1,0,0.5975141969848812,0.1338140818475496,0,0,0,1,0.5377473605131246,9.0,0.16674940580683506,0.16674940580683506,,,Overlap,8.248227234069667,support|below|1280.9024,support|below|1280.9024|389,s_r
483,482,below,482203.0,session_low,1282.237,0.5,5.0,477,477,4,1,tradeable_sweep_candidate,0,1,1,0.6945739989385473,0.6268884040747489,0,0,1,1,0.9374066560521398,7.0,0.32625111864252554,0.32625111864252554,prev_ny_low,completed_previous_session_only,Asia,0.696072473040688,session_low|below|1282.237,session_low|below|1282.237|477,session
484,483,above,483104.0,resistance,1293.9510929210664,0.5670361550441927,23.0,4550,460,4,0,standard_liquidity_sweep,0,1,0,0.4942331310242207,2.742511503349192,0,0,0,1,1.2290370412079419,7.0,-0.08411155916729736,0.08411155916729736,,,London,2.742511503349192,resistance|above|1293.9511,resistance|above|1293.9511|460,s_r
497,496,below,496201.0,session_low,1297.029,0.45,6.0,490,490,4,1,tradeable_sweep_candidate,0,1,1,0.5876098472956909,0.691502661756277,1,0,0,1,0.8428175410530756,7.0,-0.5203294586847967,0.5203294586847967,prev_london_low,completed_previous_session_only,London,1.3089124462636137,session_low|below|1297.029,session_low|below|1297.029|490,session
502,501,below,501201.0,previous_day_low,1291.951,0.6,4.0,496,497,4,1,tradeable_sweep_candidate,0,1,1,0.7167871273275036,0.12129104813399508,1,0,0,1,0.9893969305327995,7.0,-0.3522839637572535,0.3522839637572535,,,Asia,1.0105000526272292,previous_day_low|below|1291.951,previous_day_low|below|1291.951|497,prior_period
503,502,above,502101.0,session_high,1298.663,0.45,3.0,499,499,4,0,standard_liquidity_sweep,0,1,0,0.49825996572627657,1.510232036597008,0,0,0,1,0.4206499143156915,7.0,-0.031223825591614417,0.031223825591614417,prev_ny_high,completed_previous_session_only,London,1.510232036597008,session_high|above|1298.663,session_high|above|1298.663|499,session
513,513,below,513201.0,support,1284.3430000000003,0.65,5.0,508,508,3,1,tradeable_sweep_candidate,0,1,0,0.6645301867697953,0.32096786720861353,0,0,0,1,0.7575139550860421,7.0,0.12439174871679032,0.12439174871679032,,,Asia,1.4279089115423975,support|below|1284.343,support|below|1284.343|508,s_r
520,520,below,520201.0,session_low,1283.247,0.45,3.0,517,517,3,0,displacement_confirmed_sweep,0,1,1,0.6958333333333333,0.5104211053465691,0,0,1,1,0.58579360702583,10.0,1.7262475589971966,1.7262475589971966,prev_ny_low,completed_previous_session_only,London,0.5104211053465691,session_low|below|1283.247,session_low|below|1283.247|517,session
521,520,below,520204.0,support,1277.197,0.65,6.0,514,514,4,0,displacement_confirmed_sweep,0,1,1,0.6470202285319305,1.6132952793990285,0,0,1,1,0.58579360702583,10.0,1.7262475589971966,1.7262475589971966,,,London,1.6132952793990285,support|below|1277.197,support|below|1277.197|514,s_r
533,533,below,533201.0,session_low,1308.367,0.45,3.0,530,530,3,0,standard_liquidity_sweep,0,1,0,0.6261768402043402,0.08465782426161174,0,0,0,1,0.6823671789440052,9.0,0.041191477132018574,0.041191477132018574,prev_ny_low,completed_previous_session_only,London,0.4892371066225935,session_low|below|1308.367,session_low|below|1308.367|530,session
538,538,above,538101.0,session_high,1312.124,0.45,4.0,534,534,3,0,displacement_confirmed_sweep,0,1,1,0.5308437767939773,0.35589944985321814,1,0,1,1,0.42295655125372467,7.0,0.18012802568387118,0.18012802568387118,prev_london_high,completed_previous_session_only,Asia,0.8097790254275677,session_high|above|1312.124,session_high|above|1312.124|534,session
545,545,below,545201.0,support,1288.2975000000001,0.55,4.0,542,541,3,0,standard_liquidity_sweep,0,1,0,0.6858084046397531,0.6193082846819769,0,0,0,1,0.29069886463894806,8.0,0.07132334070651018,0.07132334070651018,,,London,0.6193082846819769,support|below|1288.2975,support|below|1288.2975|541,s_r
546,545,below,545202.0,equal_low,1286.43091350234,0.65,4.0,92,541,4,0,standard_liquidity_sweep,0,1,0,0.5028363373627853,0.9310225848239347,0,0,0,1,0.29069886463894806,8.0,0.07132334070651018,0.07132334070651018,,,London,0.9310225848239347,equal_low|below|1286.4309,equal_low|below|1286.4309|541,eqh_eql
553,552,below,552202.0,session_low,1287.636,0.5,4.0,548,548,4,0,displacement_confirmed_sweep,0,1,1,0.5050281289071769,0.3189874461420627,0,0,1,1,0.4063203222679423,10.0,0.03768547801272029,0.03768547801272029,prev_asia_low,completed_previous_session_only,Overlap,0.5342013251786369,session_low|below|1287.636,session_low|below|1287.636|548,session
556,556,above,556101.0,resistance,1289.659,0.6,3.0,555,553,3,0,standard_liquidity_sweep,0,1,0,0.5340102610084548,0.5718642743433641,0,0,0,1,0.3454423191878036,7.0,0.2000630479880212,0.2000630479880212,,,Asia,1.4408898627472184,resistance|above|1289.659,resistance|above|1289.659|553,s_r
564,562,below,562201.0,session_low,1293.925,0.45,3.0,559,559,4,0,micro_interaction_sweep,1,0,0,0.594371157250191,0.1624191110295225,1,0,0,1,0.6172020470163755,9.0,-0.48572805340801783,0.48572805340801783,prev_london_low,completed_previous_session_only,Asia,0.3580282966163372,session_low|below|1293.925,session_low|below|1293.925|559,session
568,565,below,565201.0,session_low,1294.692,0.45,4.0,561,561,4,0,displacement_confirmed_sweep,0,1,1,0.43547949841179273,0.5765939173543168,1,0,0,1,0.3532820793628151,9.0,-0.21331790360037206,0.21331790360037206,prev_ny_low,completed_previous_session_only,Overlap,0.5765939173543168,session_low|below|1294.692,session_low|below|1294.692|561,session
577,576,below,576204.0,support,1292.7827272727272,0.55,10.0,574,566,4,0,standard_liquidity_sweep,0,1,0,0.4715739574848575,2.204267298805743,0,0,0,1,0.24916346044550983,8.0,-0.07013702982154506,0.07013702982154506,,,London,2.2661757663954947,support|below|1292.7827,support|below|1292.7827|566,s_r
583,582,below,582202.0,support,1289.915265535082,0.7,19.0,122,563,4,0,standard_liquidity_sweep,0,1,0,0.5273857862219458,0.7744203661558687,0,0,0,1,0.3476311322215311,7.0,0.5190336982420269,0.5190336982420269,,,London,2.781320193776445,support|below|1289.9153,support|below|1289.9153|563,s_r
586,585,below,585201.0,session_low,1292.136,0.5,3.0,582,582,4,0,standard_liquidity_sweep,0,1,0,0.5479029646259209,0.1235212395596791,0,0,0,1,0.512362979592541,9.0,-0.1935211403158836,0.1935211403158836,prev_ny_low,completed_previous_session_only,NY,0.4546066809361786,session_low|below|1292.136,session_low|below|1292.136|582,session
590,588,above,588101.0,session_high,1298.264,0.45,6.0,582,582,4,1,tradeable_sweep_candidate,0,1,0,0.542618880834781,0.4063299957767772,0,0,0,1,0.6998247554905624,9.0,-0.5970179530316639,0.5970179530316639,prev_asia_high,completed_previous_session_only,Asia,1.3641998647540028,session_high|above|1298.264,session_high|above|1298.264|582,session
595,595,below,595202.0,previous_day_low,1290.899,0.5,2.0,593,593,3,0,standard_liquidity_sweep,0,1,0,0.6883729526140819,0.33760394485469924,0,0,0,1,0.33536026196837393,9.0,0.4274598044106248,0.4274598044106248,,,London,0.33760394485469924,previous_day_low|below|1290.899,previous_day_low|below|1290.899|593,prior_period
596,595,below,595203.0,support,1288.7780707028596,0.55,30.0,119,565,4,0,standard_liquidity_sweep,0,1,0,0.5320628276045779,0.7472344353995726,0,0,0,1,0.33536026196837393,9.0,0.4274598044106248,0.4274598044106248,,,London,2.985619199051691,support|below|1288.7781,support|below|1288.7781|565,s_r
599,596,above,596101.0,session_high,1294.348,0.5,4.0,592,592,4,0,micro_interaction_sweep,1,0,0,0.49547977346754213,0.06985102001388353,0,0,0,1,0.46161610033552214,10.0,-0.07036054778645999,0.07036054778645999,prev_asia_high,completed_previous_session_only,Overlap,0.7265593470077043,session_high|above|1294.348,session_high|above|1294.348|592,session
602,602,below,602201.0,previous_week_low,1286.212,0.6000000000000001,15.0,587,587,3,1,tradeable_sweep_candidate,0,1,1,0.6739968504092252,0.7245348770728882,0,0,1,1,0.372241818192424,8.0,0.8172508219366615,0.8172508219366615,,,Overlap,2.9392251047039575,previous_week_low|below|1286.212,previous_week_low|below|1286.212|587,prior_period
603,602,below,602202.0,support,1286.1057967647362,0.65,45.0,595,557,4,0,displacement_confirmed_sweep,0,1,1,0.5288967272769696,0.7451920443229866,0,0,1,1,0.372241818192424,8.0,0.8172508219366615,0.8172508219366615,,,Overlap,3.474870169142234,support|below|1286.1058,support|below|1286.1058|557,s_r
608,606,above,606102.0,swing_high,1296.887,0.4,7.0,596,599,4,0,standard_liquidity_sweep,0,1,0,0.3679594382277974,0.44945813668426615,0,0,0,1,0.17614859556949353,10.0,0.024355383671090768,0.024355383671090768,,,Asia,1.3518167505118734,swing_high|above|1296.887,swing_high|above|1296.887|599,swing
613,613,below,613201.0,support,1290.308142018444,0.65,13.0,611,600,3,1,tradeable_sweep_candidate,0,1,0,0.6482756898616803,0.35772017417855034,0,0,0,1,0.5424919714405236,8.0,0.6875842327281118,0.6875842327281118,,,London,1.3967893978068857,support|below|1290.3081,support|below|1290.3081|600,s_r
638,636,below,636201.0,previous_day_low,1255.525,0.55,1.0,633,635,4,1,tradeable_sweep_candidate,0,1,0,0.6420132891820668,0.34691455063947674,0,0,0,1,0.7843199975704744,7.0,-0.6414125694417463,0.6414125694417463,,,Asia,0.34691455063947674,previous_day_low|below|1255.525,previous_day_low|below|1255.525|635,prior_period
657,657,below,657201.0,session_low,1244.342,0.45,5.0,652,652,3,1,tradeable_sweep_candidate,0,1,0,0.634898553219609,0.2738086504966121,0,0,0,1,0.9044263347813607,8.0,0.16701739648960523,0.16701739648960523,prev_london_low,completed_previous_session_only,London,0.4915019834135936,session_low|below|1244.342,session_low|below|1244.342|652,session
664,663,above,663102.0,previous_day_high,1247.73,0.6,5.0,657,658,4,0,standard_liquidity_sweep,0,1,0,0.477301716461293,0.5816742869917824,0,0,0,1,0.27450429115323244,9.0,0.5576554373832361,0.5576554373832361,,,London,0.6136416956028558,previous_day_high|above|1247.73,previous_day_high|above|1247.73|658,prior_period
670,669,below,669203.0,equal_low,1241.8731828481632,0.75,20.0,116,649,4,0,standard_liquidity_sweep,0,1,0,0.4682430166466646,0.8498206889067161,0,0,0,1,0.1372742082833282,8.0,2.4081469127373576,2.4081469127373576,,,London,1.0473508192694563,equal_low|below|1241.8732,equal_low|below|1241.8732|649,eqh_eql
682,681,above,681101.0,previous_day_high,1254.203,0.5,1.0,680,680,4,1,tradeable_sweep_candidate,0,1,0,0.5948770274274282,0.022501227435779553,0,0,0,1,0.5323788165619241,8.0,-0.42867205003834813,0.42867205003834813,,,Asia,0.022501227435779553,previous_day_high|above|1254.203,previous_day_high|above|1254.203|680,prior_period
684,684,below,684201.0,support,1252.0541666666668,0.65,13.0,679,671,3,0,standard_liquidity_sweep,0,1,0,0.5153592814989845,0.4823764637017375,0,0,0,1,0.27798153708079426,8.0,0.0881802802575279,0.0881802802575279,,,NY,0.9900034273635349,support|below|1252.0542,support|below|1252.0542|671,s_r
685,685,below,685201.0,session_low,1252.092,0.45,3.0,682,682,3,0,micro_interaction_sweep,1,0,0,0.5437697673494645,0.07812657678266305,0,0,0,1,0.23961136029432714,9.0,0.5294871549665031,0.5294871549665031,prev_asia_low,completed_previous_session_only,Dead,0.47230384321969937,session_low|below|1252.092,session_low|below|1252.092|682,session
686,685,below,685202.0,support,1251.474,0.55,6.0,680,679,4,0,micro_interaction_sweep,1,0,0,0.45084454411773084,0.2423518300198066,0,0,0,1,0.23961136029432714,9.0,0.5294871549665031,0.5294871549665031,,,Dead,1.1415581100960055,support|below|1251.474,support|below|1251.474|679,s_r
694,694,above,694101.0,resistance,1263.495,0.65,6.0,688,688,3,0,standard_liquidity_sweep,0,1,0,0.5986459068084784,0.3275928314460462,0,0,0,1,0.3229830598601943,9.0,0.4414575334912506,0.4414575334912506,,,London,0.9965363126748755,resistance|above|1263.495,resistance|above|1263.495|688,s_r
703,703,above,703101.0,resistance,1274.0885,0.55,3.0,701,700,3,0,standard_liquidity_sweep,0,1,0,0.46556803957912596,0.31790445657030086,0,0,0,1,0.21600343228114824,8.0,0.2849249174064281,0.2849249174064281,,,Dead,0.42265492030711993,resistance|above|1274.0885,resistance|above|1274.0885|700,s_r
713,710,above,710101.0,previous_day_high,1277.945,0.55,1.0,709,709,4,0,standard_liquidity_sweep,0,1,0,0.6507761145357434,0.20454942819119046,0,0,0,1,1.224712719344538,9.0,-0.8839660353333878,0.8839660353333878,,,Dead,0.20454942819119046,previous_day_high|above|1277.945,previous_day_high|above|1277.945|709,prior_period
719,717,below,717202.0,previous_day_low,1269.505,0.55,1.0,716,716,4,0,standard_liquidity_sweep,0,1,0,0.6689631348930865,0.40597794322340286,0,0,0,1,1.4685776884053423,9.0,0.830576421410461,0.830576421410461,,,Asia,0.40597794322340286,previous_day_low|below|1269.505,previous_day_low|below|1269.505|716,prior_period
725,725,above,725102.0,previous_day_high,1272.458,0.5,2.0,723,723,3,0,standard_liquidity_sweep,0,1,0,0.539804781704192,0.3793665335439767,0,0,0,1,0.29639198429126773,10.0,0.1979107437651324,0.1979107437651324,,,London,0.9214787371121703,previous_day_high|above|1272.458,previous_day_high|above|1272.458|723,prior_period
743,742,above,742101.0,previous_day_high,1314.916,0.6,5.0,737,737,4,0,standard_liquidity_sweep,0,1,0,0.4828555641599994,0.3934378378813563,0,0,0,1,0.2675555770666653,8.0,-0.3112651515379731,0.3112651515379731,,,Asia,0.3934378378813563,previous_day_high|above|1314.916,previous_day_high|above|1314.916|737,prior_period
750,749,above,749101.0,previous_week_high,1321.849,0.55,7.0,742,742,4,1,tradeable_sweep_candidate,0,1,0,0.6442984086413973,1.1966087408376709,0,0,0,1,1.2081439831432887,8.0,-0.48806479783240153,0.48806479783240153,,,Asia,1.8090218143529104,previous_week_high|above|1321.849,previous_week_high|above|1321.849|742,prior_period
752,749,above,749102.0,previous_day_high,1318.482,0.65,4.0,745,745,4,0,standard_liquidity_sweep,0,1,0,0.5983333333333334,0.5905645726065568,0,0,0,1,1.2081439831432887,8.0,-0.48806479783240153,0.48806479783240153,,,Asia,0.6670808137594088,previous_day_high|above|1318.482,previous_day_high|above|1318.482|745,prior_period
753,753,below,753201.0,previous_day_low,1309.85,0.55,7.0,744,746,3,1,tradeable_sweep_candidate,0,1,0,0.609922293656724,1.3202770067373004,0,0,0,1,0.6539409496014049,8.0,0.17584966711971717,0.17584966711971717,,,Dead,2.490899787295822,previous_day_low|below|1309.85,previous_day_low|below|1309.85|746,prior_period
756,753,below,753203.0,session_low,1314.07,0.45,3.0,750,750,4,1,tradeable_sweep_candidate,0,1,0,0.6337856615132712,0.6138526415247579,0,0,0,1,0.6539409496014049,8.0,0.17584966711971717,0.17584966711971717,prev_asia_low,completed_previous_session_only,Dead,1.081392875548989,session_low|below|1314.07,session_low|below|1314.07|750,session
758,757,above,757101.0,resistance,1321.6282822859698,0.55,24.0,753,733,4,0,standard_liquidity_sweep,0,1,0,0.4627687594673611,0.4546417231874885,0,0,0,1,0.25900523200173614,8.0,0.22587972948723656,0.22587972948723656,,,Overlap,1.7728319150059884,resistance|above|1321.6283,resistance|above|1321.6283|733,s_r
762,761,below,761203.0,session_low,1311.78,0.45,4.0,757,757,4,0,standard_liquidity_sweep,0,1,0,0.6565794373479571,0.6472121897754761,0,0,0,1,0.5885363780577761,8.0,-0.15651150719358872,0.15651150719358872,prev_london_low,completed_previous_session_only,Asia,1.3058661026828453,session_low|below|1311.78,session_low|below|1311.78|757,session
767,766,above,766103.0,session_high,1317.662,0.5,4.0,762,762,4,1,tradeable_sweep_candidate,0,1,0,0.6177090308517234,0.04374996706067897,0,0,0,1,0.6443950174157005,9.0,0.22598800904147512,0.22598800904147512,prev_ny_high,completed_previous_session_only,Asia,0.45028266135993666,session_high|above|1317.662,session_high|above|1317.662|762,session
775,774,below,774203.0,session_low,1314.492,0.45,5.0,769,769,4,1,tradeable_sweep_candidate,0,1,1,0.5892130767903518,0.07309906753845909,1,0,0,1,0.39069495493139994,10.0,-0.10768901549629711,0.10768901549629711,prev_london_low,completed_previous_session_only,Asia,0.7680946192784455,session_low|below|1314.492,session_low|below|1314.492|769,session
779,776,above,776101.0,previous_week_high,1325.927,0.55,3.0,773,773,4,0,standard_liquidity_sweep,0,1,0,0.534262541578312,1.5099743568649509,0,0,0,1,0.6092920824497858,7.0,-0.2626170425619511,0.2626170425619511,,,Overlap,2.514330273411256,previous_week_high|above|1325.927,previous_week_high|above|1325.927|773,prior_period
787,787,below,787201.0,support,1324.516,0.6758277201250259,5.0,782,782,3,0,standard_liquidity_sweep,0,1,0,0.7064808194235184,0.42053709880722306,0,0,0,1,0.5383211466385392,9.0,0.9542112361534681,0.9542112361534681,,,London,0.6369983400364774,support|below|1324.516,support|below|1324.516|782,s_r
788,787,below,787202.0,support,1323.133,0.55,7.0,785,780,4,0,standard_liquidity_sweep,0,1,0,0.4775811277552254,0.6981518041296088,0,0,0,1,0.5383211466385392,9.0,0.9542112361534681,0.9542112361534681,,,London,1.0348191441217551,support|below|1323.133,support|below|1323.133|780,s_r
789,787,above,787102.0,session_high,1328.187,0.45,3.0,784,784,4,0,standard_liquidity_sweep,0,1,0,0.5229352689609317,0.3163563091742666,0,0,0,1,0.5383211466385392,9.0,0.24710275217445235,0.24710275217445235,prev_ny_high,completed_previous_session_only,London,0.5000852637242479,session_high|above|1328.187,session_high|above|1328.187|784,session
801,801,below,801201.0,session_low,1317.849,0.45,5.0,796,796,3,0,standard_liquidity_sweep,0,1,0,0.5079151505591578,0.5060740428022283,0,0,0,1,0.647063824893793,10.0,0.051214605387361174,0.051214605387361174,prev_ny_low,completed_previous_session_only,NY,0.6236472407655056,session_low|below|1317.849,session_low|below|1317.849|796,session
811,811,above,811101.0,resistance,1320.33825,0.6,10.0,809,801,3,1,tradeable_sweep_candidate,0,1,0,0.7210821786971612,0.04188329340077278,0,0,0,1,0.7941551203049441,8.0,1.1173433358988434,1.1173433358988434,,,London,1.719168843461001,resistance|above|1320.3383,resistance|above|1320.3383|801,s_r
812,811,below,811202.0,session_low,1317.39,0.45,3.0,808,808,4,1,tradeable_sweep_candidate,0,1,1,0.5697371501394927,0.7008681037049811,0,1,0,1,0.7941551203049441,8.0,-0.298003374932893,0.298003374932893,prev_ny_low,completed_previous_session_only,London,0.7008681037049811,session_low|below|1317.39,session_low|below|1317.39|808,session
838,836,below,836201.0,support,1307.575,0.5518475760037999,43.0,22855,793,4,0,displacement_confirmed_sweep,0,1,1,0.5622098082688736,2.3931415942391405,1,0,0,1,0.725812476012569,8.0,0.12823763331382007,0.12823763331382007,,,London,6.483794053020715,support|below|1307.575,support|below|1307.575|793,s_r
854,852,above,852101.0,previous_day_high,1303.712,0.6,3.0,848,849,4,1,tradeable_sweep_candidate,0,1,0,0.6542307670375453,0.30422423712620544,0,0,0,1,0.7422278632195229,7.0,-0.13767528148469538,0.13767528148469538,,,Asia,0.9668716402638611,previous_day_high|above|1303.712,previous_day_high|above|1303.712|849,prior_period
885,885,below,885201.0,support,1291.459,0.6000000000000001,41.0,865,844,3,0,standard_liquidity_sweep,0,1,0,0.6907484898181664,1.3683887437634563,0,0,0,1,0.5741515648483306,10.0,0.01847360999121133,0.01847360999121133,,,London,4.102979060080824,support|below|1291.459,support|below|1291.459|844,s_r
903,903,above,903101.0,resistance,1308.2335417026013,0.65,10.0,896,893,3,1,tradeable_sweep_candidate,0,1,1,0.6468618220852096,0.7660080858930715,1,0,0,1,0.5515027662355608,8.0,0.05761309981207344,0.05761309981207344,,,Asia,0.9087998097544995,resistance|above|1308.2335,resistance|above|1308.2335|893,s_r
904,903,above,903102.0,session_high,1305.913,0.5,4.0,899,899,4,0,displacement_confirmed_sweep,0,1,1,0.6883333333333334,0.2648004710098673,1,0,0,1,0.5515027662355608,8.0,0.05761309981207344,0.05761309981207344,prev_ny_high,completed_previous_session_only,Asia,0.4367522913155595,session_high|above|1305.913,session_high|above|1305.913|899,session
912,910,below,910203.0,session_low,1297.082,0.5,5.0,905,905,4,0,standard_liquidity_sweep,0,1,0,0.5720469533067771,0.32469708148104925,0,0,0,1,0.8371368211790917,10.0,-0.26945220709386286,0.26945220709386286,prev_asia_low,completed_previous_session_only,London,0.5067550790255009,session_low|below|1297.082,session_low|below|1297.082|905,session
929,929,below,929201.0,support,1291.2384347826087,0.6105905083609401,3.0,927,926,3,0,micro_interaction_sweep,1,0,0,0.5738321013183395,0.08414100423623429,0,0,0,1,0.3780695641953719,7.0,0.030232834765866058,0.030232834765866058,,,London,0.6123211919520443,support|below|1291.2384,support|below|1291.2384|926,s_r
936,935,below,935202.0,session_low,1288.518,0.5,5.0,930,930,4,1,tradeable_sweep_candidate,0,1,1,0.6591743997385348,0.6227897142078702,1,0,1,1,0.7786348778444622,8.0,-0.23234131649048295,0.23234131649048295,prev_asia_low,completed_previous_session_only,London,0.6227897142078702,session_low|below|1288.518,session_low|below|1288.518|930,session
937,936,above,936101.0,session_high,1288.911,0.45,4.0,932,932,4,0,displacement_confirmed_sweep,0,1,1,0.571250471006732,0.8225632091880961,1,0,0,1,0.9541713767339864,8.0,-0.30655415539433845,0.30655415539433845,prev_ny_high,completed_previous_session_only,Overlap,0.8225632091880961,session_high|above|1288.911,session_high|above|1288.911|932,session
949,948,above,948101.0,previous_week_high,1312.184,0.55,21.0,927,927,4,0,standard_liquidity_sweep,0,1,0,0.45923474886466004,1.0793839756156076,0,0,0,1,0.7349388420217985,10.0,-0.213505723041804,0.213505723041804,,,Overlap,5.667795699047469,previous_week_high|above|1312.184,previous_week_high|above|1312.184|927,prior_period
956,954,below,954201.0,session_low,1310.648,0.45,4.0,950,950,4,0,micro_interaction_sweep,1,0,0,0.45127365059636854,0.14182212547268339,0,0,0,1,0.33235079315758803,10.0,-0.02652257561155956,0.02652257561155956,prev_ny_low,completed_previous_session_only,Overlap,1.3981934652861783,session_low|below|1310.648,session_low|below|1310.648|950,session
967,965,above,965101.0,previous_day_high,1311.334,0.55,4.0,961,961,4,0,standard_liquidity_sweep,0,1,0,0.5481781733237967,0.5924020612650216,0,0,0,1,0.4436160897593466,10.0,-0.20027031019508337,0.20027031019508337,,,Asia,0.9485993326443682,previous_day_high|above|1311.334,previous_day_high|above|1311.334|961,prior_period
968,965,above,965102.0,session_high,1309.275,0.5,5.0,960,960,4,0,micro_interaction_sweep,1,0,0,0.5430625843777362,0.1607828665924626,0,0,0,1,0.4436160897593466,10.0,-0.20027031019508337,0.20027031019508337,prev_ny_high,completed_previous_session_only,Asia,0.5241825516981086,session_high|above|1309.275,session_high|above|1309.275|960,session
978,977,above,977101.0,resistance,1315.0020000000002,0.6,5.0,973,972,4,0,standard_liquidity_sweep,0,1,0,0.6221476389812168,0.42860361183622075,0,0,0,1,0.3970357641197088,7.0,0.8351413960004486,0.8351413960004486,,,Asia,0.718476227323549,resistance|above|1315.002,resistance|above|1315.002|972,s_r
980,978,above,978101.0,session_high,1312.914,0.45,3.0,975,975,4,0,standard_liquidity_sweep,0,1,0,0.5558333333333334,0.41975901514073943,0,0,0,1,1.186593750869795,10.0,-0.04302464113797115,0.04302464113797115,prev_ny_high,completed_previous_session_only,London,0.41975901514073943,session_high|above|1312.914,session_high|above|1312.914|975,session
992,991,below,991202.0,support,1297.31,0.55,3.0,989,988,4,0,standard_liquidity_sweep,0,1,0,0.4571848324216753,0.9064658848356135,0,0,0,1,0.2450454143875215,10.0,-0.18407092454099305,0.18407092454099305,,,London,0.9064658848356135,support|below|1297.31,support|below|1297.31|988,s_r
999,997,below,997201.0,previous_day_low,1295.568,0.65,5.0,991,992,4,0,standard_liquidity_sweep,0,1,0,0.4620538359081538,1.0441089284365146,0,0,0,1,0.24471792310371784,10.0,-0.02796175581856029,0.02796175581856029,,,London,1.0441089284365146,previous_day_low|below|1295.568,previous_day_low|below|1295.568|992,prior_period
1004,1003,above,1003101.0,resistance,1296.426,0.55,4.0,1000,999,4,0,displacement_confirmed_sweep,0,1,1,0.501384363181471,0.5957646889157221,0,1,0,1,0.2471754016623369,10.0,0.706849447339107,0.706849447339107,,,London,0.5957646889157221,resistance|above|1296.426,resistance|above|1296.426|999,s_r
1019,1019,below,1019203.0,support,1273.8363351722467,0.6000000000000001,11.0,217,1008,3,1,tradeable_sweep_candidate,0,1,0,0.7171830212431799,0.4519617711807124,0,0,0,1,0.8570033900054507,7.0,0.47309742031005486,0.47309742031005486,,,Dead,1.489681961772603,support|below|1273.8363,support|below|1273.8363|1008,s_r
1040,1039,above,1039101.0,swing_high,1290.923,0.4,10.0,1027,1029,4,1,tradeable_sweep_candidate,0,1,0,0.6657861612466105,0.7278341345400313,0,0,0,1,0.9411949457994374,10.0,-0.4723693792207198,0.4723693792207198,,,Asia,1.91324269746234,swing_high|above|1290.923,swing_high|above|1290.923|1029,swing
1046,1045,below,1045202.0,session_low,1287.133,0.45,4.0,1041,1041,4,1,tradeable_sweep_candidate,0,1,0,0.6647339084611411,0.6594372761913312,0,0,0,1,0.5595151057177538,9.0,-0.09093988364587677,0.09093988364587677,prev_london_low,completed_previous_session_only,Asia,0.6594372761913312,session_low|below|1287.133,session_low|below|1287.133|1041,session
1052,1052,above,1052101.0,previous_day_high,1288.044,0.55,2.0,1050,1050,3,0,micro_interaction_sweep,1,0,0,0.5563613593224573,0.03086561007749963,1,0,0,1,0.45340339830614357,9.0,0.16772441847335487,0.16772441847335487,,,Asia,0.2576596834654613,previous_day_high|above|1288.044,previous_day_high|above|1288.044|1050,prior_period
1071,1071,above,1071102.0,resistance,1273.3731666666663,0.65,3.0,1068,1068,3,0,standard_liquidity_sweep,0,1,0,0.7115893622781193,0.49896952848892945,0,0,0,1,0.6575602894478597,10.0,0.5981225056775612,0.5981225056775612,,,London,0.7334726971176327,resistance|above|1273.3732,resistance|above|1273.3732|1068,s_r
1074,1073,below,1073202.0,previous_day_low,1260.515,0.55,7.0,1064,1066,4,0,standard_liquidity_sweep,0,1,0,0.5754493552441989,0.6639988080145748,0,0,0,1,0.6211602191086553,8.0,0.16092939724276917,0.16092939724276917,,,NY,2.695984770331019,previous_day_low|below|1260.515,previous_day_low|below|1260.515|1066,prior_period
1082,1082,above,1082101.0,resistance,1269.871908721086,0.65,3.0,1081,1079,3,0,micro_interaction_sweep,1,0,0,0.49356297276897926,0.16979915276562393,1,1,0,1,0.22349076525578143,8.0,0.10730302553334047,0.10730302553334047,,,Asia,0.29043455272735674,resistance|above|1269.8719,resistance|above|1269.8719|1079,s_r
1092,1091,below,1091204.0,session_low,1253.745,0.45,4.0,1087,1087,4,0,standard_liquidity_sweep,0,1,0,0.5925,0.26914535965723163,0,0,0,1,0.7589054465074497,10.0,-0.3106686041661566,0.3106686041661566,prev_ny_low,completed_previous_session_only,Overlap,0.5550665606357843,session_low|below|1253.745,session_low|below|1253.745|1087,session
1097,1097,below,1097201.0,support,1247.4069999999997,0.6,5.0,233,1092,3,1,tradeable_sweep_candidate,0,1,0,0.6570123704956758,0.3833609658206488,0,0,0,1,0.5884499586612548,8.0,0.1278431703592651,0.1278431703592651,,,Overlap,1.8482950016138626,support|below|1247.407,support|below|1247.407|1092,s_r
1098,1096,below,1096201.0,session_low,1249.66,0.45,3.0,1093,1093,4,0,standard_liquidity_sweep,0,1,0,0.5355680759821864,0.9766604439524705,0,0,0,1,1.130791916448628,9.0,-0.04274276185273719,0.04274276185273719,prev_ny_low,completed_previous_session_only,London,1.402066043337331,session_low|below|1249.66,session_low|below|1249.66|1093,session
1106,1105,below,1105202.0,session_low,1236.489,0.45,3.0,1102,1102,4,0,standard_liquidity_sweep,0,1,0,0.5620977218442389,0.7652027000761767,0,0,0,1,0.3641033554749292,8.0,0.052963332181066816,0.052963332181066816,prev_asia_low,completed_previous_session_only,Dead,0.7652027000761767,session_low|below|1236.489,session_low|below|1236.489|1102,session
1116,1116,above,1116101.0,previous_day_high,1233.581,0.5,3.0,1113,1113,3,0,micro_interaction_sweep,1,0,0,0.5086032756572415,0.07439022777525299,0,0,0,1,0.3548415224764369,8.0,0.03293657208623954,0.03293657208623954,,,Overlap,0.07439022777525299,previous_day_high|above|1233.581,previous_day_high|above|1233.581|1113,prior_period
1119,1118,above,1118101.0,session_high,1236.225,0.45,3.0,1115,1115,4,0,standard_liquidity_sweep,0,1,0,0.5023580608094388,0.6377362553531677,0,0,0,1,0.39964515202359707,8.0,-0.06151237388589138,0.06151237388589138,prev_asia_high,completed_previous_session_only,Dead,0.6377362553531677,session_high|above|1236.225,session_high|above|1236.225|1115,session
1121,1120,above,1120101.0,resistance,1239.3847674418605,0.65,13.0,1115,1107,4,0,standard_liquidity_sweep,0,1,0,0.5432345380470767,0.7220527724152542,0,0,0,1,0.2332200548161228,8.0,0.0884749099396538,0.0884749099396538,,,Asia,2.055335070286642,resistance|above|1239.3848,resistance|above|1239.3848|1107,s_r
1141,1140,below,1140202.0,previous_day_low,1214.98,0.55,5.0,1133,1135,4,0,standard_liquidity_sweep,0,1,0,0.445875041481112,0.35092306678808627,0,0,0,1,0.19593760370277996,6.0,0.04818487112799707,0.04818487112799707,,,Overlap,1.8045813621720441,previous_day_low|below|1214.98,previous_day_low|below|1214.98|1135,prior_period
1144,1143,below,1143201.0,previous_day_low,1213.698,0.55,3.0,1140,1140,4,0,standard_liquidity_sweep,0,1,0,0.6102426067302846,0.19047978294834014,0,0,0,1,0.9274260673028462,7.0,-0.0928867413289205,0.0928867413289205,,,Dead,0.2829021095583809,previous_day_low|below|1213.698,previous_day_low|below|1213.698|1140,prior_period
1147,1147,above,1147101.0,resistance,1217.6160434782612,0.6,4.0,1144,1143,3,0,displacement_confirmed_sweep,0,1,1,0.5403384488657197,0.7070905503406303,1,0,0,1,0.36126278883096585,7.0,0.1127220845589121,0.1127220845589121,,,Overlap,0.7203596569851368,resistance|above|1217.616,resistance|above|1217.616|1143,s_r
1148,1147,above,1147102.0,session_high,1216.107,0.5,4.0,1143,1143,4,0,displacement_confirmed_sweep,0,1,1,0.5690407215427518,0.45028688772812725,1,0,0,1,0.36126278883096585,7.0,0.1127220845589121,0.1127220845589121,prev_asia_high,completed_previous_session_only,Overlap,0.47868701695184895,session_high|above|1216.107,session_high|above|1216.107|1143,session
1150,1149,above,1149101.0,previous_day_high,1217.863,0.5,5.0,1144,1144,4,0,displacement_confirmed_sweep,0,1,1,0.44915598909316,0.5359976320507741,1,0,0,1,0.22497330606623334,8.0,-0.05367904111304107,0.05367904111304107,,,Dead,0.7491167346104562,previous_day_high|above|1217.863,previous_day_high|above|1217.863|1144,prior_period
1158,1158,below,1158201.0,session_low,1219.868,0.45,5.0,1153,1153,3,0,standard_liquidity_sweep,0,1,0,0.6478264378609704,0.34150336517123475,0,0,0,1,0.7304919036855658,9.0,0.05526591684075197,0.05526591684075197,prev_london_low,completed_previous_session_only,London,0.754810385649423,session_low|below|1219.868,session_low|below|1219.868|1153,session
1164,1163,below,1163201.0,support,1207.9069999999997,0.65,20.0,1143,1143,4,0,standard_liquidity_sweep,0,1,0,0.5741188696595794,0.34674314321385363,0,0,0,1,0.2144638408156151,6.0,0.18369386034233154,0.18369386034233154,,,Asia,3.6641127829993083,support|below|1207.907,support|below|1207.907|1143,s_r
1167,1167,above,1167103.0,resistance,1226.126,0.55,10.0,1162,1157,3,0,standard_liquidity_sweep,0,1,0,0.47806881890368275,0.646009510022555,0,0,0,1,0.2576720472592069,9.0,0.055864731213855025,0.055864731213855025,,,Dead,2.9065355409282394,resistance|above|1226.126,resistance|above|1226.126|1157,s_r
1169,1168,above,1168102.0,session_high,1224.253,0.45,3.0,1165,1165,4,1,tradeable_sweep_candidate,0,1,0,0.5985507520114652,0.05995623265488276,0,0,0,1,1.020525667480549,7.0,0.2013012403675814,0.2013012403675814,prev_london_high,completed_previous_session_only,Asia,0.35110923893499546,session_high|above|1224.253,session_high|above|1224.253|1165,session
1177,1176,above,1176101.0,previous_day_high,1219.333,0.5,1.0,1175,1175,4,0,micro_interaction_sweep,1,0,0,0.5553088417426867,0.14977533183429953,1,0,0,1,0.36413005217483924,8.0,-0.15556645298357763,0.15556645298357763,,,Asia,0.14977533183429953,previous_day_high|above|1219.333,previous_day_high|above|1219.333|1175,prior_period
1179,1179,below,1179201.0,previous_day_low,1215.581,0.6,5.0,1174,1174,3,0,displacement_confirmed_sweep,0,1,1,0.4672065252102857,0.36999445853064317,1,0,0,1,0.20968297969238098,10.0,-0.023716387290156436,0.023716387290156436,,,NY,0.8319109855380701,previous_day_low|below|1215.581,previous_day_low|below|1215.581|1174,prior_period
1184,1183,above,1183101.0,session_high,1217.878,0.45,3.0,1180,1180,4,0,standard_liquidity_sweep,0,1,0,0.5517941713194133,1.947280753448051,0,0,0,1,0.33333655291467085,6.0,0.7938419641667158,0.7938419641667158,prev_ny_high,completed_previous_session_only,London,1.947280753448051,session_high|above|1217.878,session_high|above|1217.878|1180,session
1193,1193,above,1193102.0,resistance,1220.03065417116,0.6,9.0,1190,1184,3,0,standard_liquidity_sweep,0,1,0,0.4823604109859802,0.34656704146230033,0,0,0,1,0.23715102746495045,9.0,0.24504405625243042,0.24504405625243042,,,Asia,2.2030441667162863,resistance|above|1220.0307,resistance|above|1220.0307|1184,s_r
1213,1213,above,1213101.0,resistance,1208.7912898692105,0.65,12.0,1209,1201,3,1,tradeable_sweep_candidate,0,1,0,0.6159092872312318,0.3882204284932679,0,0,0,1,0.4433138387376679,8.0,0.7049067314427121,0.7049067314427121,,,Asia,3.4854143495810135,resistance|above|1208.7913,resistance|above|1208.7913|1201,s_r
1220,1218,above,1218102.0,session_high,1213.299,0.5,3.0,1214,1215,4,0,micro_interaction_sweep,1,0,0,0.5903085928291084,0.06280807168564594,0,0,0,1,0.618698303881717,9.0,-0.29822954187627415,0.29822954187627415,prev_london_high,completed_previous_session_only,Asia,0.5083319545355208,session_high|above|1213.299,session_high|above|1213.299|1215,session
1233,1232,below,1232201.0,support,1220.648,0.55,3.0,1230,1229,4,0,micro_interaction_sweep,1,0,0,0.43936625140424207,0.23298392440188823,0,1,0,1,0.2109156285106052,9.0,0.09182584873654664,0.09182584873654664,,,London,0.3363324343296992,support|below|1220.648,support|below|1220.648|1229,s_r
1237,1237,above,1237101.0,resistance,1234.0446494747673,0.65,108.0,1237,1129,3,0,micro_interaction_sweep,1,0,0,0.545881678104733,0.10644460826784799,0,0,0,1,0.34387086192849914,7.0,0.13531727055547196,0.13531727055547196,,,Asia,7.320591266558446,resistance|above|1234.0446,resistance|above|1234.0446|1129,s_r
1242,1241,above,1241101.0,previous_week_high,1234.862,0.6000000000000001,4.0,1237,1237,4,0,standard_liquidity_sweep,0,1,0,0.5102484118909592,0.5017874696419058,0,0,0,1,0.3464543630607312,9.0,-0.1390474544017262,0.1390474544017262,,,NY,1.5261597076436684,previous_week_high|above|1234.862,previous_week_high|above|1234.862|1237,prior_period
1258,1258,above,1258101.0,session_high,1242.067,0.45,4.0,1254,1254,3,0,displacement_confirmed_sweep,0,1,1,0.4854600134645623,0.41210069977310765,0,0,1,1,0.3303322973176559,9.0,0.25279637279225925,0.25279637279225925,prev_ny_high,completed_previous_session_only,Overlap,0.5190455986294001,session_high|above|1242.067,session_high|above|1242.067|1254,session
1264,1263,below,1263203.0,session_low,1236.691,0.45,3.0,1260,1260,4,0,standard_liquidity_sweep,0,1,0,0.560241945687095,0.041732162894408543,0,0,0,1,0.49823534802126035,9.0,-0.1350686137561706,0.1350686137561706,prev_ny_low,completed_previous_session_only,London,0.42830998651456686,session_low|below|1236.691,session_low|below|1236.691|1260,session
1275,1275,above,1275101.0,resistance,1249.2571672105994,0.65,24.0,1251,1251,3,1,tradeable_sweep_candidate,0,1,0,0.6627861075955124,0.10714120847060642,0,0,0,1,0.618209034464744,7.0,0.24617649612328862,0.24617649612328862,,,Asia,2.447885604693251,resistance|above|1249.2572,resistance|above|1249.2572|1251,s_r
1278,1276,above,1276103.0,previous_day_high,1248.586,0.55,5.0,1271,1271,4,0,standard_liquidity_sweep,0,1,0,0.5891666666666667,0.11516643589528568,0,0,0,1,1.0467718747595798,9.0,0.26625979469033917,0.26625979469033917,,,London,0.5752342978645254,previous_day_high|above|1248.586,previous_day_high|above|1248.586|1271,prior_period
1298,1297,below,1297202.0,session_low,1229.249,0.5,3.0,1294,1294,4,0,standard_liquidity_sweep,0,1,0,0.48105012230251853,0.3624130573590951,0,0,0,1,0.35679197242296307,10.0,0.0015688089239843028,0.0015688089239843028,prev_london_low,completed_previous_session_only,NY,0.3624130573590951,session_low|below|1229.249,session_low|below|1229.249|1294,session
1304,1303,below,1303202.0,previous_day_low,1227.184,0.6,5.0,1298,1298,4,1,tradeable_sweep_candidate,0,1,0,0.6058274603142857,0.45488452137103536,0,0,0,1,0.6618620637077283,8.0,-0.10003197734688862,0.10003197734688862,,,NY,0.9246934982148147,previous_day_low|below|1227.184,previous_day_low|below|1227.184|1298,prior_period
1305,1305,below,1305201.0,session_low,1228.18,0.5,4.0,1301,1301,3,0,standard_liquidity_sweep,0,1,0,0.5184560474142261,0.6332643554302417,0,0,0,1,0.3794734518688986,8.0,0.026618137783236354,0.026618137783236354,prev_london_low,completed_previous_session_only,Asia,0.6332643554302417,session_low|below|1228.18,session_low|below|1228.18|1301,session
1307,1307,above,1307101.0,resistance,1231.7908043478262,0.6,9.0,1302,1298,3,0,standard_liquidity_sweep,0,1,0,0.6976969148241405,0.7303250151716747,0,0,0,1,0.6436358149080728,10.0,0.25159640006752615,0.25159640006752615,,,London,1.4450746545990825,resistance|above|1231.7908,resistance|above|1231.7908|1298,s_r
1332,1331,above,1331101.0,previous_day_high,1171.06,0.5,2.0,1329,1329,4,0,micro_interaction_sweep,1,0,0,0.47116215136873346,0.13921975899609326,0,0,0,1,0.2412531565873806,8.0,-0.06432525960006825,0.06432525960006825,,,Asia,0.2601538812243668,previous_day_high|above|1171.06,previous_day_high|above|1171.06|1329,prior_period
1337,1337,below,1337201.0,session_low,1166.426,0.45,5.0,1332,1332,3,0,micro_interaction_sweep,1,0,0,0.49576382687472537,0.21235430192435653,1,0,0,1,0.35399290052014687,8.0,0.6171261239055467,0.6171261239055467,prev_asia_low,completed_previous_session_only,Asia,0.4721047510987565,session_low|below|1166.426,session_low|below|1166.426|1332,session
1339,1338,below,1338201.0,session_low,1167.815,0.45,5.0,1333,1333,4,0,displacement_confirmed_sweep,0,1,1,0.4553905570586332,0.40886854710649817,1,0,0,1,0.30305972597991626,7.0,-0.11729452384321158,0.11729452384321158,prev_london_low,completed_previous_session_only,London,0.40886854710649817,session_low|below|1167.815,session_low|below|1167.815|1333,session
1354,1354,below,1354201.0,support,1137.9526122862508,0.65,10.0,1344,1344,3,1,tradeable_sweep_candidate,0,1,1,0.6732448532644867,0.35646801652039334,1,0,1,1,0.7955211172772297,6.0,0.4672216014021553,0.4672216014021553,,,Asia,1.1193580141837842,support|below|1137.9526,support|below|1137.9526|1344,s_r
1381,1381,above,1381101.0,session_high,1162.997,0.45,4.0,1377,1377,3,0,standard_liquidity_sweep,0,1,0,0.5570873343474961,0.18587247004183707,0,0,0,1,0.6125400101416276,10.0,0.4427778717580484,0.4427778717580484,prev_ny_high,completed_previous_session_only,Overlap,0.4529862583915055,session_high|above|1162.997,session_high|above|1162.997|1377,session
1384,1384,below,1384201.0,support,1153.492,0.65,5.0,1379,1379,3,1,tradeable_sweep_candidate,0,1,1,0.559174682218288,0.8773304352197305,1,0,1,1,0.3733887149062771,8.0,0.06235374173007519,0.06235374173007519,,,Asia,1.1235015629228222,support|below|1153.492,support|below|1153.492|1379,s_r
1398,1397,above,1397101.0,equal_high,1193.978,0.65,7.0,254,1390,4,1,tradeable_sweep_candidate,0,1,0,0.6740547800394886,0.731779757502359,0,0,0,1,1.17010314606956,8.0,-0.7960168699112711,0.7960168699112711,,,Asia,0.9712626538282839,equal_high|above|1193.978,equal_high|above|1193.978|1390,eqh_eql
1401,1399,above,1399101.0,previous_week_high,1194.288,0.55,9.0,1390,1390,4,0,micro_interaction_sweep,1,0,0,0.5101440922166443,0.1534742824654878,0,0,0,1,0.427443563874944,9.0,-0.258119735577908,0.258119735577908,,,Overlap,1.0036729253769079,previous_week_high|above|1194.288,previous_week_high|above|1194.288|1390,prior_period
1405,1405,below,1405202.0,support,1185.823,0.55,4.0,1402,1401,3,0,displacement_confirmed_sweep,0,1,1,0.7333333333333334,1.3271643858191409,1,0,0,1,1.7136469143490534,7.0,0.17785837557118483,0.17785837557118483,,,Overlap,1.804021949293613,support|below|1185.823,support|below|1185.823|1401,s_r
1409,1406,below,1406204.0,session_low,1193.306,0.5,5.0,1401,1401,4,1,tradeable_sweep_candidate,0,1,1,0.5926715930523724,0.09179090421098783,1,0,0,1,1.2632341993731786,9.0,0.055986539716205125,0.055986539716205125,prev_london_low,completed_previous_session_only,NY,0.8657750597631649,session_low|below|1193.306,session_low|below|1193.306|1401,session
1412,1412,above,1412103.0,session_high,1198.957,0.45,5.0,1407,1407,3,0,standard_liquidity_sweep,0,1,0,0.6760391430327851,0.7276997077334305,0,0,0,1,0.2223923046989371,10.0,0.07330836825830188,0.07330836825830188,prev_ny_high,completed_previous_session_only,NY,1.8093158448188158,session_high|above|1198.957,session_high|above|1198.957|1407,session
1413,1412,above,1412104.0,resistance,1203.164564202206,0.6,15.0,1408,1397,4,0,standard_liquidity_sweep,0,1,0,0.4522902552129081,1.1456417279647861,0,0,0,1,0.2223923046989371,10.0,0.07330836825830188,0.07330836825830188,,,NY,2.234588878679698,resistance|above|1203.1646,resistance|above|1203.1646|1397,s_r
1415,1415,above,1415102.0,session_high,1197.151,0.5,5.0,1410,1410,3,0,standard_liquidity_sweep,0,1,0,0.5197516999156181,0.3702819723723361,0,0,0,1,0.360007447054649,9.0,0.016790470781705577,0.016790470781705577,prev_london_high,completed_previous_session_only,Asia,0.5483077240907059,session_high|above|1197.151,session_high|above|1197.151|1410,session
1438,1438,below,1438201.0,support,1193.2205988901399,0.7,22.0,305,1416,3,1,tradeable_sweep_candidate,0,1,0,0.7134665703703242,0.4191990451007292,0,0,0,1,0.8500012828373754,8.0,0.6417982436789642,0.6417982436789642,,,Asia,1.0662683757971199,support|below|1193.2206,support|below|1193.2206|1416,s_r
1463,1463,above,1463102.0,previous_day_high,1210.673,0.5,3.0,1460,1460,3,0,standard_liquidity_sweep,0,1,0,0.534440875979967,0.48377890181457905,0,0,0,1,0.3200766611589635,8.0,0.1242750727148959,0.1242750727148959,,,Overlap,0.9310233512848954,previous_day_high|above|1210.673,previous_day_high|above|1210.673|1460,prior_period
1471,1468,above,1468102.0,previous_week_high,1203.61,0.55,20.0,1448,1448,4,0,standard_liquidity_sweep,0,1,0,0.5733333333333334,0.08019147182115054,0,0,0,1,1.07493228276915,8.0,0.22662130364441382,0.22662130364441382,,,London,5.418656189296234,previous_week_high|above|1203.61,previous_week_high|above|1203.61|1448,prior_period
1480,1479,above,1479101.0,previous_day_high,1194.571,0.5,1.0,1478,1478,4,0,micro_interaction_sweep,1,0,0,0.5338598312642249,0.1754865027987189,0,0,0,1,0.44729506752923753,10.0,-0.051014252263788314,0.051014252263788314,,,Asia,0.1754865027987189,previous_day_high|above|1194.571,previous_day_high|above|1194.571|1478,prior_period
1495,1494,below,1494202.0,session_low,1227.469,0.45,5.0,1489,1489,4,0,standard_liquidity_sweep,0,1,0,0.49128516886336593,0.49377821337054784,0,0,0,1,0.3823795888250815,7.0,0.0007048471683511837,0.0007048471683511837,prev_ny_low,completed_previous_session_only,NY,0.9117427139763711,session_low|below|1227.469,session_low|below|1227.469|1489,session
1499,1496,below,1496201.0,previous_day_low,1224.214,0.6,3.0,1493,1493,4,0,standard_liquidity_sweep,0,1,0,0.46107959822958955,0.5795901590716136,0,0,0,1,0.2606474728052927,7.0,-0.04878998582271174,0.04878998582271174,,,Asia,0.8734730124542254,previous_day_low|below|1224.214,previous_day_low|below|1224.214|1493,prior_period
1504,1503,above,1503102.0,previous_week_high,1221.038,0.55,25.0,1478,1478,4,0,standard_liquidity_sweep,0,1,0,0.5918947153813165,0.12232424330399444,0,0,0,1,0.7362815123306077,9.0,-0.0831247758347846,0.0831247758347846,,,Asia,3.7658829208233473,previous_week_high|above|1221.038,previous_week_high|above|1221.038|1478,prior_period
1517,1516,above,1516104.0,previous_day_high,1220.611,0.5,2.0,1514,1514,4,0,standard_liquidity_sweep,0,1,0,0.5518606503730346,2.480452919905756,0,0,0,1,0.27340162593258654,8.0,0.07920795923965114,0.07920795923965114,,,London,2.572994536880557,previous_day_high|above|1220.611,previous_day_high|above|1220.611|1514,prior_period
1524,1524,below,1524201.0,previous_day_low,1187.103,0.55,5.0,1517,1519,3,0,standard_liquidity_sweep,0,1,0,0.6618279607109507,0.7898756118768602,0,0,0,1,0.5218371225762248,10.0,0.1450451059439467,0.1450451059439467,,,NY,1.2334496393741352,previous_day_low|below|1187.103,previous_day_low|below|1187.103|1519,prior_period
1525,1524,below,1524204.0,session_low,1192.776,0.45,5.0,1519,1519,4,0,standard_liquidity_sweep,0,1,0,0.5883333333333334,0.16482827665890634,0,0,0,1,0.5218371225762248,10.0,0.1450451059439467,0.1450451059439467,prev_ny_low,completed_previous_session_only,NY,0.6315779892649416,session_low|below|1192.776,session_low|below|1192.776|1519,session
1528,1527,above,1527102.0,previous_day_high,1202.858,0.55,4.0,1523,1523,4,1,tradeable_sweep_candidate,0,1,0,0.6393045945832363,0.41705706456746416,0,0,0,1,1.0871234338226048,10.0,0.4763620606143021,0.4763620606143021,,,Asia,1.4563463755886472,previous_day_high|above|1202.858,previous_day_high|above|1202.858|1523,prior_period
1529,1527,above,1527103.0,session_high,1201.716,0.5,5.0,1522,1522,4,0,standard_liquidity_sweep,0,1,0,0.5782118842809357,0.2970875009059874,0,0,0,1,1.0871234338226048,10.0,0.4763620606143021,0.4763620606143021,prev_ny_high,completed_previous_session_only,Asia,1.3402696334807247,session_high|above|1201.716,session_high|above|1201.716|1522,session
1533,1533,below,1533201.0,session_low,1196.708,0.45,5.0,1528,1528,3,0,standard_liquidity_sweep,0,1,0,0.521730239612828,0.3398031799550699,0,0,0,1,0.43974226569873687,10.0,0.07573709735476579,0.07573709735476579,prev_asia_low,completed_previous_session_only,Asia,0.5689501088589092,session_low|below|1196.708,session_low|below|1196.708|1528,session
1554,1552,below,1552201.0,session_low,1174.748,0.45,5.0,1547,1547,4,0,displacement_confirmed_sweep,0,1,1,0.4689833075458203,0.29500102053601246,1,0,0,1,0.3058024960320913,10.0,-0.0837548237540101,0.0837548237540101,prev_london_low,completed_previous_session_only,London,0.649610988317777,session_low|below|1174.748,session_low|below|1174.748|1547,session
1570,1569,above,1569101.0,previous_week_high,1202.843,0.55,8.0,1561,1561,4,1,tradeable_sweep_candidate,0,1,0,0.6273582116334043,2.535234567963372,0,0,0,1,1.0008128316242924,10.0,-0.356895102686661,0.356895102686661,,,London,3.2800076825324034,previous_week_high|above|1202.843,previous_week_high|above|1202.843|1561,prior_period
1581,1581,above,1581102.0,resistance,1188.0382173913044,0.6,4.0,1578,1577,3,1,tradeable_sweep_candidate,0,1,0,0.7029204002895623,2.183499845741675,0,0,0,1,0.6971612060665764,7.0,0.1394394565968413,0.1394394565968413,,,Overlap,2.183499845741675,resistance|above|1188.0382,resistance|above|1188.0382|1577,s_r
1582,1579,below,1579201.0,previous_day_low,1182.92,0.5,1.0,1578,1578,4,0,displacement_confirmed_sweep,0,1,1,0.403969470125064,0.5574430509276678,0,0,1,1,0.2432570086459934,10.0,-0.04664004959062505,0.04664004959062505,,,Asia,0.5574430509276678,previous_day_low|below|1182.92,previous_day_low|below|1182.92|1578,prior_period
1584,1583,below,1583202.0,session_low,1181.251,0.45,3.0,1580,1580,4,0,displacement_confirmed_sweep,0,1,1,0.5011108239188725,0.7436993833014172,0,0,1,1,0.4277770597971814,9.0,1.1621821036779623,1.1621821036779623,prev_asia_low,completed_previous_session_only,Dead,0.7436993833014172,session_low|below|1181.251,session_low|below|1181.251|1580,session
1592,1591,above,1591101.0,previous_week_high,1210.549,0.55,7.0,1584,1584,4,1,tradeable_sweep_candidate,0,1,0,0.581954581622661,0.2586094068177914,0,0,0,1,0.4324215334583677,7.0,-0.04535237975609485,0.04535237975609485,,,Asia,2.309665817485981,previous_week_high|above|1210.549,previous_week_high|above|1210.549|1584,prior_period
1597,1597,above,1597101.0,session_high,1213.978,0.5,5.0,1592,1592,3,0,micro_interaction_sweep,1,0,0,0.5639205365044917,0.03757448022810025,0,0,0,1,0.4931346745945624,8.0,0.10475082957074204,0.10475082957074204,prev_london_high,completed_previous_session_only,Asia,0.49033643125595994,session_high|above|1213.978,session_high|above|1213.978|1592,session
1602,1602,below,1602201.0,support,1208.1649069767443,0.6,10.0,1599,1592,3,0,standard_liquidity_sweep,0,1,0,0.48364332370066865,0.26276643069783207,0,0,0,1,0.22994164258500496,8.0,0.025098984786654822,0.025098984786654822,,,Asia,1.0919010029064773,support|below|1208.1649,support|below|1208.1649|1592,s_r
1604,1603,below,1603201.0,previous_day_low,1207.847,0.55,4.0,1599,1599,4,0,micro_interaction_sweep,1,0,0,0.517829776296098,0.06752024122011421,0,0,0,1,0.32788758560071063,9.0,-0.22655060952597877,0.22655060952597877,,,Asia,0.35391788778477623,previous_day_low|below|1207.847,previous_day_low|below|1207.847|1599,prior_period
1607,1605,below,1605202.0,session_low,1209.269,0.45,4.0,1601,1601,4,0,standard_liquidity_sweep,0,1,0,0.44886767754278634,0.8582978611261692,0,0,0,1,0.3471691938569658,8.0,-0.008556074232475553,0.008556074232475553,prev_ny_low,completed_previous_session_only,Overlap,0.8582978611261692,session_low|below|1209.269,session_low|below|1209.269|1601,session
1615,1613,above,1613102.0,swing_high,1223.064,0.4,18.0,1593,1595,4,0,standard_liquidity_sweep,0,1,0,0.5336608505732272,0.02082925633256098,0,0,0,1,0.7366085057322722,7.0,-0.30374124430233185,0.30374124430233185,,,Dead,2.338940698470042,swing_high|above|1223.064,swing_high|above|1223.064|1595,swing
1616,1615,below,1615201.0,previous_day_low,1222.049,0.5,1.0,1614,1614,4,1,tradeable_sweep_candidate,0,1,1,0.5806480751055403,0.8246796974343074,0,1,0,1,0.6491105459698601,6.0,-0.1653706028805016,0.1653706028805016,,,Asia,0.8246796974343074,previous_day_low|below|1222.049,previous_day_low|below|1222.049|1614,prior_period
1623,1622,above,1622101.0,resistance,1239.961,0.55,3.0,1620,1619,4,0,micro_interaction_sweep,1,0,0,0.5144887051462832,0.10769568501050152,0,0,0,1,0.29944557531723837,7.0,0.5625500227833248,0.5625500227833248,,,London,0.5876892981034503,resistance|above|1239.961,resistance|above|1239.961|1619,s_r
1629,1628,above,1628101.0,session_high,1235.394,0.45,3.0,1625,1625,4,1,tradeable_sweep_candidate,0,1,1,0.6216423971567653,0.7958827012225127,1,0,0,1,1.045054524784139,9.0,-0.16140649902232115,0.16140649902232115,prev_ny_high,completed_previous_session_only,London,0.7958827012225127,session_high|above|1235.394,session_high|above|1235.394|1625,session
1647,1647,below,1647201.0,support,1275.120347826087,0.6,4.0,1644,1643,3,0,micro_interaction_sweep,1,0,0,0.5223305942702737,0.041880920682724684,1,1,0,1,0.31624315234235073,7.0,0.21514474965917274,0.21514474965917274,,,Overlap,0.2499105240332515,support|below|1275.1203,support|below|1275.1203|1643,s_r
1657,1655,above,1655101.0,previous_day_high,1297.146,0.55,1.0,1652,1654,4,1,tradeable_sweep_candidate,0,1,0,0.6381019909633889,0.11682815900350259,0,0,0,1,0.7740644098762081,6.0,-0.35478981569813234,0.35478981569813234,,,Asia,0.11682815900350259,previous_day_high|above|1297.146,previous_day_high|above|1297.146|1654,prior_period
1663,1663,above,1663101.0,session_high,1295.715,0.45,3.0,1660,1660,3,0,standard_liquidity_sweep,0,1,0,0.6871067055196417,1.1197077533440534,0,0,0,1,0.6538347215242318,9.0,0.08761585333563811,0.08761585333563811,prev_ny_high,completed_previous_session_only,London,1.1197077533440534,session_high|above|1295.715,session_high|above|1295.715|1660,session
1664,1663,below,1663202.0,support,1283.9022995483883,0.55,4.0,348,1659,4,0,standard_liquidity_sweep,0,1,0,0.5886580923243105,0.32631523600768964,0,0,0,1,0.6538347215242318,9.0,1.018719921834685,1.018719921834685,,,London,1.0541891288355165,support|below|1283.9023,support|below|1283.9023|1659,s_r
1665,1664,above,1664102.0,previous_day_high,1305.063,0.55,5.0,1657,1659,4,0,standard_liquidity_sweep,0,1,0,0.4506484970274227,1.079181224983991,0,0,0,1,0.21828790923522345,8.0,0.29989760490288553,0.29989760490288553,,,Overlap,2.264020432720952,previous_day_high|above|1305.063,previous_day_high|above|1305.063|1659,prior_period
1693,1693,below,1693201.0,support,1271.6288477511573,0.65,45.0,344,1648,3,0,standard_liquidity_sweep,0,1,0,0.7132758631634415,0.5042532676801706,0,0,0,1,0.8524818489207503,9.0,0.05668268957365062,0.05668268957365062,,,London,3.507027191571337,support|below|1271.6288,support|below|1271.6288|1648,s_r
1706,1704,below,1704202.0,previous_day_low,1278.613,0.5,1.0,1703,1703,4,0,micro_interaction_sweep,1,0,0,0.5699435160602739,0.11716332697391238,1,0,0,1,0.6408624395813207,10.0,-0.08902954172378125,0.08902954172378125,,,Asia,0.11716332697391238,previous_day_low|below|1278.613,previous_day_low|below|1278.613|1703,prior_period
1709,1707,below,1707202.0,session_low,1276.647,0.45,5.0,1702,1702,4,0,displacement_confirmed_sweep,0,1,1,0.5077135395936581,0.37791751980272775,1,0,0,1,0.5188020626032466,9.0,-0.030681219948626298,0.030681219948626298,prev_ny_low,completed_previous_session_only,NY,0.37791751980272775,session_low|below|1276.647,session_low|below|1276.647|1702,session
1710,1710,above,1710101.0,session_high,1281.118,0.5,5.0,1705,1705,3,0,micro_interaction_sweep,1,0,0,0.5408249018698585,0.22206621695729695,1,0,0,1,0.45622892134131304,10.0,-0.01902488103521367,0.01902488103521367,prev_ny_high,completed_previous_session_only,Asia,1.2300258352455975,session_high|above|1281.118,session_high|above|1281.118|1705,session
1722,1719,above,1719102.0,session_high,1265.905,0.45,5.0,1714,1714,4,0,micro_interaction_sweep,1,0,0,0.5144155054818785,0.1690936210536306,0,0,0,1,0.6739659079926709,9.0,0.28084759453689695,0.28084759453689695,prev_ny_high,completed_previous_session_only,NY,0.45380947839229746,session_high|above|1265.905,session_high|above|1265.905|1714,session
1724,1724,below,1724201.0,previous_day_low,1258.921,0.5,3.0,1721,1721,3,0,micro_interaction_sweep,1,0,0,0.5266236192540087,0.03729114088319998,1,0,0,1,0.40042511879307996,10.0,0.6537167377288304,0.6537167377288304,,,Overlap,1.348021898786908,previous_day_low|below|1258.921,previous_day_low|below|1258.921|1721,prior_period
1737,1736,above,1736102.0,previous_day_high,1239.186,0.5,3.0,1733,1733,4,0,micro_interaction_sweep,1,0,0,0.5399098049933713,0.03337588703222917,0,0,0,1,0.4935245124834281,10.0,0.11812885985775615,0.11812885985775615,,,Overlap,0.03337588703222917,previous_day_high|above|1239.186,previous_day_high|above|1239.186|1733,prior_period
1744,1741,below,1741203.0,session_low,1237.51,0.45,3.0,1738,1738,4,0,micro_interaction_sweep,1,0,0,0.5110247419343897,0.06542961133440085,0,0,0,1,0.5089268220978963,9.0,0.10178536441957926,0.10178536441957926,prev_ny_low,completed_previous_session_only,London,0.8794863777657116,session_low|below|1237.51,session_low|below|1237.51|1738,session
1758,1757,above,1757102.0,session_high,1227.891,0.45,3.0,1754,1754,4,0,standard_liquidity_sweep,0,1,0,0.5280395170822643,0.25455121260742597,0,0,0,1,0.4950987927056607,9.0,0.361831824556952,0.361831824556952,prev_london_high,completed_previous_session_only,Asia,0.9546799299270172,session_high|above|1227.891,session_high|above|1227.891|1754,session
1760,1760,above,1760102.0,previous_day_high,1232.828,0.5,3.0,1757,1757,3,0,standard_liquidity_sweep,0,1,0,0.5109891134299942,0.3045173836028988,0,0,0,1,0.20069134679716807,10.0,0.5087115300802926,0.5087115300802926,,,Overlap,1.186968370760926,previous_day_high|above|1232.828,previous_day_high|above|1232.828|1757,prior_period
1761,1760,above,1760101.0,resistance,1232.1775348837211,0.5661101039359852,8.0,1759,1752,4,0,micro_interaction_sweep,1,0,0,0.4351373980361969,0.20924180143157042,0,0,0,1,0.20069134679716807,10.0,0.5087115300802926,0.5087115300802926,,,Overlap,1.5462192219797009,resistance|above|1232.1775,resistance|above|1232.1775|1752,s_r
1764,1764,above,1764101.0,previous_day_high,1233.454,0.5,1.0,1763,1763,3,0,micro_interaction_sweep,1,0,0,0.5390496551946965,0.024921720901401236,0,0,0,1,0.4517908046534081,10.0,0.004435764263876997,0.004435764263876997,,,Asia,0.024921720901401236,previous_day_high|above|1233.454,previous_day_high|above|1233.454|1763,prior_period
1776,1775,below,1775201.0,support,1203.5799999999997,0.6,3.0,369,1772,4,0,displacement_confirmed_sweep,0,1,1,0.5394718686627401,0.9646386670839711,1,0,1,1,0.3246776317192482,7.0,0.11399030300977407,0.11399030300977407,,,Asia,0.9646386670839711,support|below|1203.58,support|below|1203.58|1772,s_r
1778,1777,below,1777204.0,session_low,1207.075,0.45,4.0,1773,1773,4,1,tradeable_sweep_candidate,0,1,1,0.6495436939580098,0.17514812963300064,1,0,1,1,1.4771556271452913,9.0,-0.23802722066153156,0.23802722066153156,prev_ny_low,completed_previous_session_only,Overlap,0.37564283524284875,session_low|below|1207.075,session_low|below|1207.075|1773,session
1782,1781,above,1781101.0,previous_day_high,1217.552,0.5,1.0,1780,1780,4,0,standard_liquidity_sweep,0,1,0,0.6272355294994467,0.415456805321318,0,0,0,1,0.5175632865001344,9.0,-0.25372760040144426,0.25372760040144426,,,Asia,0.415456805321318,previous_day_high|above|1217.552,previous_day_high|above|1217.552|1780,prior_period
1783,1783,above,1783101.0,swing_high,1211.291,0.4,5.0,1776,1778,3,0,standard_liquidity_sweep,0,1,0,0.5103101094171681,0.3484085412719165,0,0,0,1,0.30009925227393286,9.0,0.30295345711892374,0.30295345711892374,,,Overlap,0.3484085412719165,swing_high|above|1211.291,swing_high|above|1211.291|1778,swing
1788,1787,below,1787201.0,previous_day_low,1205.254,0.55,2.0,1785,1785,4,1,tradeable_sweep_candidate,0,1,0,0.637038885122642,0.47216189015031473,0,0,0,1,0.5863731327541865,9.0,-0.20865085747773165,0.20865085747773165,,,Asia,0.47216189015031473,previous_day_low|below|1205.254,previous_day_low|below|1205.254|1785,prior_period
1789,1788,above,1788101.0,session_high,1209.129,0.5,3.0,1785,1785,4,0,displacement_confirmed_sweep,0,1,1,0.6235238235188066,0.7874068150484175,0,1,1,1,0.8285254205598089,8.0,-0.12483862755732841,0.12483862755732841,prev_asia_high,completed_previous_session_only,London,0.7874068150484175,session_high|above|1209.129,session_high|above|1209.129|1785,session
1791,1789,below,1789201.0,equal_low,1201.1775,0.55,1.0,315,1788,4,0,standard_liquidity_sweep,0,1,0,0.4122665658311426,1.2376798237703612,0,0,0,1,0.1619164145778563,10.0,-0.10033397907525267,0.10033397907525267,,,Overlap,1.2376798237703612,equal_low|below|1201.1775,equal_low|below|1201.1775|1788,eqh_eql
1794,1793,below,1793202.0,previous_day_low,1200.652,0.55,5.0,1788,1788,4,1,tradeable_sweep_candidate,0,1,0,0.6582709920241239,0.3284907118250968,0,0,0,1,1.0770163034217934,8.0,-0.6264278499493848,0.6264278499493848,,,Asia,1.3112254502068723,previous_day_low|below|1200.652,previous_day_low|below|1200.652|1788,prior_period
1795,1794,above,1794102.0,previous_day_high,1203.497,0.55,3.0,1791,1791,4,0,standard_liquidity_sweep,0,1,0,0.5918491368945625,1.4526350142083098,0,0,0,1,0.529097677444443,6.0,0.0551413714845478,0.0551413714845478,,,London,1.4526350142083098,previous_day_high|above|1203.497,previous_day_high|above|1203.497|1791,prior_period
1799,1799,below,1799201.0,previous_week_low,1197.276,0.55,7.0,1792,1792,3,0,standard_liquidity_sweep,0,1,0,0.5384498962116533,0.29700733842228977,0,0,0,1,0.3913575969338684,8.0,0.11655070163440195,0.11655070163440195,,,Asia,0.9266345297469699,previous_week_low|below|1197.276,previous_week_low|below|1197.276|1792,prior_period
1805,1804,above,1804101.0,previous_day_high,1210.215,0.55,7.0,1795,1797,4,0,micro_interaction_sweep,1,0,0,0.4348907078120649,0.0850274646965502,0,0,0,1,0.1997267695301622,10.0,-0.11416946015070918,0.11416946015070918,,,Asia,2.0835498370416126,previous_day_high|above|1210.215,previous_day_high|above|1210.215|1797,prior_period
1810,1810,above,1810102.0,previous_day_high,1211.743,0.6,4.0,1804,1806,3,0,standard_liquidity_sweep,0,1,0,0.46393044085739654,0.37459328962508637,0,0,0,1,0.20149276881015796,10.0,0.04454403220211236,0.04454403220211236,,,Asia,1.2201745795423,previous_day_high|above|1211.743,previous_day_high|above|1211.743|1806,prior_period
1818,1817,below,1817202.0,session_low,1207.854,0.5,5.0,1812,1812,4,1,tradeable_sweep_candidate,0,1,0,0.5999469488577148,0.3544894560698789,0,0,0,1,0.34681508246825793,10.0,-0.049227415551805195,0.049227415551805195,prev_london_low,completed_previous_session_only,Asia,0.3544894560698789,session_low|below|1207.854,session_low|below|1207.854|1812,session
1824,1824,above,1824101.0,session_high,1217.466,0.45,5.0,1819,1819,3,0,micro_interaction_sweep,1,0,0,0.5343971085982785,0.07089995041507562,0,0,1,1,0.1732372089755052,10.0,0.7716134152092383,0.7716134152092383,prev_london_high,completed_previous_session_only,London,0.713163186674574,session_high|above|1217.466,session_high|above|1217.466|1819,session
1828,1827,below,1827202.0,session_low,1204.596,0.5,8.0,1817,1819,4,1,tradeable_sweep_candidate,0,1,1,0.5984436101319198,0.19415639092872797,1,0,0,1,1.249075788270541,8.0,0.33621510302626406,0.33621510302626406,prev_ny_low,completed_previous_session_only,Dead,2.523031612772239,session_low|below|1204.596,session_low|below|1204.596|1819,session
1831,1830,above,1830102.0,session_high,1209.184,0.45,3.0,1827,1827,4,0,displacement_confirmed_sweep,0,1,1,0.5980867584640414,0.1832155377014144,1,0,0,1,0.7536535687224319,10.0,-0.33287722419812776,0.33287722419812776,prev_ny_high,completed_previous_session_only,London,1.1699012148119172,session_high|above|1209.184,session_high|above|1209.184|1827,session
1833,1831,below,1831201.0,session_low,1205.12,0.5,4.0,1827,1827,4,0,standard_liquidity_sweep,0,1,0,0.4848114724627065,1.1892154134250457,0,0,0,1,0.3953620144900996,9.0,-0.22250367113460448,0.22250367113460448,prev_london_low,completed_previous_session_only,Overlap,1.1892154134250457,session_low|below|1205.12,session_low|below|1205.12|1827,session
1838,1838,below,1838201.0,previous_day_low,1200.217,0.55,4.0,1834,1834,3,0,micro_interaction_sweep,1,0,0,0.46246497396725195,0.14446746727895343,0,0,0,1,0.20824576825146315,8.0,-0.002453558388836119,0.002453558388836119,,,NY,0.9835048438608928,previous_day_low|below|1200.217,previous_day_low|below|1200.217|1834,prior_period
1841,1841,below,1841201.0,session_low,1200.021,0.45,4.0,1837,1837,3,0,standard_liquidity_sweep,0,1,0,0.4919083570825845,0.4433573954344869,0,0,0,1,0.36518755937312786,10.0,0.05858013128463124,0.05858013128463124,prev_london_low,completed_previous_session_only,Asia,0.6157317897033937,session_low|below|1200.021,session_low|below|1200.021|1837,session
1862,1860,below,1860201.0,previous_week_low,1163.734,0.6000000000000001,9.0,1849,1851,4,1,tradeable_sweep_candidate,0,1,0,0.6858945837563797,0.45876686572411557,0,0,0,1,0.765939540373778,8.0,-0.5108001609163734,0.5108001609163734,,,Asia,1.7902646346560247,previous_week_low|below|1163.734,previous_week_low|below|1163.734|1851,prior_period
1870,1868,below,1868201.0,previous_day_low,1154.532,0.55,5.0,1861,1863,4,0,displacement_confirmed_sweep,0,1,1,0.5697406685691375,0.609659225916567,1,0,0,1,0.7224066856913754,7.0,-0.43242305826887606,0.43242305826887606,,,London,1.5856112793208523,previous_day_low|below|1154.532,previous_day_low|below|1154.532|1863,prior_period
1873,1872,above,1872103.0,session_high,1160.681,0.45,3.0,1869,1869,4,0,standard_liquidity_sweep,0,1,0,0.6058829790098353,1.4853320382695723,0,0,0,1,0.890058872689973,7.0,0.05823241343359946,0.05823241343359946,prev_london_high,completed_previous_session_only,Asia,1.4853320382695723,session_high|above|1160.681,session_high|above|1160.681|1869,session
1886,1885,above,1885103.0,previous_day_high,1159.82,0.55,4.0,1881,1881,4,0,standard_liquidity_sweep,0,1,0,0.5765451287660867,0.2012378001569695,0,0,0,1,0.7154512876608674,10.0,-0.2186195748111535,0.2186195748111535,,,Asia,0.7016377085726941,previous_day_high|above|1159.82,previous_day_high|above|1159.82|1881,prior_period
1888,1887,below,1887205.0,previous_day_low,1153.513,0.5,2.0,1885,1885,4,0,standard_liquidity_sweep,0,1,0,0.5538774378042198,0.5691940211849675,0,0,0,1,0.530441044708864,10.0,0.07995618688625893,0.07995618688625893,,,London,1.5975914878919442,previous_day_low|below|1153.513,previous_day_low|below|1153.513|1885,prior_period
1893,1893,below,1893203.0,support,1147.9363503990699,0.6000000000000001,23.0,394,1870,3,1,tradeable_sweep_candidate,0,1,0,0.7121213836904774,1.1541454144200938,0,0,0,1,1.0938250004019159,8.0,0.17000310437467783,0.17000310437467783,,,London,2.5470967562924396,support|below|1147.9364,support|below|1147.9364|1870,s_r
1896,1894,below,1894202.0,previous_day_low,1150.249,0.55,5.0,1887,1889,4,0,micro_interaction_sweep,1,0,0,0.5485988965359354,0.21688246607459208,0,0,1,1,0.5526556320260204,8.0,0.07858423090329712,0.07858423090329712,,,Overlap,1.0853651460059617,previous_day_low|below|1150.249,previous_day_low|below|1150.249|1889,prior_period
1917,1917,below,1917201.0,support,1181.5552121212122,0.6080142665830166,4.0,1915,1913,3,0,displacement_confirmed_sweep,0,1,1,0.4894072047627863,0.2541213386805227,0,1,0,1,0.2176587143960005,7.0,0.02692065573273606,0.02692065573273606,,,Asia,0.6702656965490112,support|below|1181.5552,support|below|1181.5552|1913,s_r
1921,1919,above,1919104.0,session_high,1186.099,0.5,4.0,1915,1915,4,0,micro_interaction_sweep,1,0,0,0.5407690915741381,0.05622467553424986,0,0,0,1,0.5298180111293967,10.0,-0.18334552163110154,0.18334552163110154,prev_asia_high,completed_previous_session_only,Overlap,0.6810094957659409,session_high|above|1186.099,session_high|above|1186.099|1915,session
1924,1924,below,1924201.0,session_low,1188.77,0.45,3.0,1921,1921,3,1,tradeable_sweep_candidate,0,1,0,0.6327602382692241,0.9269436987816049,0,0,0,1,0.4522997324681483,7.0,0.21556277288346162,0.21556277288346162,prev_ny_low,completed_previous_session_only,London,0.9269436987816049,session_low|below|1188.77,session_low|below|1188.77|1921,session
1932,1930,above,1930101.0,previous_day_high,1194.992,0.6,5.0,1924,1925,4,0,standard_liquidity_sweep,0,1,0,0.5845338068944438,0.4174759139470291,0,0,0,1,0.7870047356111043,8.0,-0.19087106896780412,0.19087106896780412,,,London,1.072463809001905,previous_day_high|above|1194.992,previous_day_high|above|1194.992|1925,prior_period
1942,1941,below,1941201.0,support,1198.334,0.6,6.0,1936,1935,4,0,standard_liquidity_sweep,0,1,0,0.5880044294511865,0.7474342649275291,0,0,0,1,0.3394798256140374,9.0,0.16112607152528927,0.16112607152528927,,,Asia,1.3886718155279005,support|below|1198.334,support|below|1198.334|1935,s_r
1943,1942,below,1942202.0,support,1195.0365,0.5561739147406127,10.0,1942,1932,4,0,standard_liquidity_sweep,0,1,0,0.4568942669757028,0.6861391356109527,0,0,0,1,0.2612936373930408,9.0,0.01427109784847908,0.01427109784847908,,,London,1.9123618100045099,support|below|1195.0365,support|below|1195.0365|1932,s_r
1954,1953,below,1953201.0,previous_day_low,1182.356,0.6,3.0,1949,1950,4,1,tradeable_sweep_candidate,0,1,0,0.6006323147057794,0.20740249932480115,0,0,0,1,0.5319371977866308,9.0,-0.25968878475278007,0.25968878475278007,,,Asia,0.7164002017389604,previous_day_low|below|1182.356,previous_day_low|below|1182.356|1950,prior_period
1956,1955,above,1955102.0,session_high,1186.516,0.45,3.0,1952,1952,4,0,standard_liquidity_sweep,0,1,0,0.563599009508746,0.24243592508153763,0,0,0,1,0.48877050203457145,8.0,-0.0008787675333427709,0.0008787675333427709,prev_ny_high,completed_previous_session_only,London,1.0280425148890713,session_high|above|1186.516,session_high|above|1186.516|1952,session
1958,1956,below,1956202.0,session_low,1184.281,0.45,4.0,1952,1952,4,0,displacement_confirmed_sweep,0,1,1,0.5079925099718068,0.6444881089395457,0,0,1,1,0.4845646082628502,9.0,-0.03401671318749254,0.03401671318749254,prev_ny_low,completed_previous_session_only,Overlap,0.6444881089395457,session_low|below|1184.281,session_low|below|1184.281|1952,session
1959,1958,above,1958102.0,session_high,1185.836,0.45,3.0,1955,1955,4,0,standard_liquidity_sweep,0,1,0,0.5424755504919194,0.4990613100735012,0,0,0,1,0.5414221715858604,8.0,0.3419127999467026,0.3419127999467026,prev_asia_high,completed_previous_session_only,Dead,0.4990613100735012,session_high|above|1185.836,session_high|above|1185.836|1955,session
1960,1960,below,1960201.0,session_low,1183.35,0.45,4.0,1956,1956,3,0,displacement_confirmed_sweep,0,1,1,0.543253392717777,0.41437257435338354,0,0,1,1,0.4727168151277756,8.0,0.05516874618391889,0.05516874618391889,prev_london_low,completed_previous_session_only,Asia,0.9906796877949601,session_low|below|1183.35,session_low|below|1183.35|1956,session
1970,1967,below,1967202.0,session_low,1202.496,0.45,3.0,1964,1964,4,0,displacement_confirmed_sweep,0,1,1,0.5483333333333333,0.30113413394768235,0,1,0,1,1.0260450566382686,10.0,-0.6956776080612184,0.6956776080612184,prev_ny_low,completed_previous_session_only,London,0.7021813891741775,session_low|below|1202.496,session_low|below|1202.496|1964,session
1973,1973,above,1973101.0,resistance,1219.3726980107906,0.65,38.0,1972,1935,3,0,micro_interaction_sweep,1,0,0,0.5867088884743272,0.16175859341581394,0,0,0,1,0.4315957190367665,7.0,0.046643731944334875,0.046643731944334875,,,Asia,7.0966883025217795,resistance|above|1219.3727,resistance|above|1219.3727|1935,s_r
1980,1979,below,1979201.0,previous_day_low,1210.907,0.5,1.0,1978,1978,4,1,tradeable_sweep_candidate,0,1,0,0.6022943341166915,0.44031451380736863,0,0,0,1,0.5888699373431514,8.0,-0.18155689754113355,0.18155689754113355,,,Asia,0.44031451380736863,previous_day_low|below|1210.907,previous_day_low|below|1210.907|1978,prior_period
1995,1992,below,1992202.0,previous_day_low,1196.193,0.5,2.0,1990,1990,4,0,displacement_confirmed_sweep,0,1,1,0.49353297553787695,0.5832094847850637,1,0,0,1,0.4671657721780258,10.0,0.10739053646155812,0.10739053646155812,,,London,0.5832094847850637,previous_day_low|below|1196.193,previous_day_low|below|1196.193|1990,prior_period
2011,2010,below,2010201.0,previous_week_low,1192.553,0.55,7.0,2003,2003,4,1,tradeable_sweep_candidate,0,1,0,0.7051799913590008,0.259532750449709,0,0,0,1,0.9184665802566742,9.0,-0.6775573133041124,0.6775573133041124,,,Asia,2.4117071842710396,previous_week_low|below|1192.553,previous_week_low|below|1192.553|2003,prior_period
2017,2017,below,2017201.0,session_low,1191.571,0.45,3.0,2014,2014,3,0,micro_interaction_sweep,1,0,0,0.6418665435873145,0.010216425130452516,0,0,0,1,0.47966635896828647,9.0,0.6745099113386342,0.6745099113386342,prev_ny_low,completed_previous_session_only,London,0.4841514106540937,session_low|below|1191.571,session_low|below|1191.571|2014,session
2048,2046,above,2046103.0,session_high,1202.255,0.45,3.0,2043,2043,4,0,displacement_confirmed_sweep,0,1,1,0.5976967216260235,0.4817327949212955,1,0,1,1,0.46924180406505894,9.0,-0.019465125178665377,0.019465125178665377,prev_london_high,completed_previous_session_only,Asia,0.4817327949212955,session_high|above|1202.255,session_high|above|1202.255|2043,session
2080,2079,above,2079101.0,previous_week_high,1208.985,0.55,14.0,2065,2065,4,1,tradeable_sweep_candidate,0,1,1,0.7071648099100271,0.3144475111973252,1,0,1,1,0.8966480991002702,8.0,-0.22173790983666655,0.22173790983666655,,,London,5.402800323163096,previous_week_high|above|1208.985,previous_week_high|above|1208.985|2065,prior_period
2093,2091,below,2091202.0,previous_day_low,1176.872,0.6,5.0,2085,2086,4,0,displacement_confirmed_sweep,0,1,1,0.6100000000000001,0.7905631358281052,1,0,1,1,1.1777419080193086,9.0,-0.2125000668751099,0.2125000668751099,,,London,1.0293944810605125,previous_day_low|below|1176.872,previous_day_low|below|1176.872|2086,prior_period
2110,2110,above,2110101.0,session_high,1194.04,0.45,3.0,2107,2107,3,1,tradeable_sweep_candidate,0,1,0,0.6681379587740685,0.9642147364864162,0,0,0,1,0.6397129210740171,8.0,0.8175614187476895,0.8175614187476895,prev_ny_high,completed_previous_session_only,London,0.9642147364864162,session_high|above|1194.04,session_high|above|1194.04|2107,session
2117,2116,below,2116201.0,support,1180.906,0.55,19.0,2116,2097,4,0,standard_liquidity_sweep,0,1,0,0.4643722626103837,0.6032067816804679,0,0,0,1,0.25259732319262607,7.0,0.3804918526941354,0.3804918526941354,,,London,2.989308961618431,support|below|1180.906,support|below|1180.906|2097,s_r
2122,2122,above,2122101.0,resistance,1188.8694186046512,0.65,7.0,2117,2115,3,1,tradeable_sweep_candidate,0,1,0,0.7228721518783098,0.6291289690793327,0,0,0,1,0.6870548521164301,8.0,0.6423594784137745,0.6423594784137745,,,London,1.059629772145518,resistance|above|1188.8694,resistance|above|1188.8694|2115,s_r
2129,2129,above,2129101.0,session_high,1189.216,0.5,3.0,2126,2126,3,1,tradeable_sweep_candidate,0,1,0,0.6118876134362088,0.6772531751424864,0,0,0,1,0.22480185956436427,7.0,0.26785903994807136,0.26785903994807136,prev_asia_high,completed_previous_session_only,London,0.6772531751424864,session_high|above|1189.216,session_high|above|1189.216|2126,session
2130,2129,above,2129102.0,resistance,1190.374,0.55,3.0,2127,2126,4,0,standard_liquidity_sweep,0,1,0,0.47404570470106133,0.9398106498043964,0,0,0,1,0.22480185956436427,7.0,0.26785903994807136,0.26785903994807136,,,London,0.9398106498043964,resistance|above|1190.374,resistance|above|1190.374|2126,s_r
2134,2133,below,2133202.0,session_low,1183.991,0.45,4.0,2129,2129,4,1,tradeable_sweep_candidate,0,1,1,0.5950529342603834,0.12231582855586227,0,0,1,1,0.7744412378817966,8.0,0.1136668837209455,0.1136668837209455,prev_asia_low,completed_previous_session_only,Asia,0.8859443266872858,session_low|below|1183.991,session_low|below|1183.991|2129,session
2135,2134,above,2134102.0,previous_day_high,1191.75,0.6,4.0,2129,2130,4,1,tradeable_sweep_candidate,0,1,0,0.719149626969333,1.901295464649353,0,0,0,1,1.047780555912917,8.0,0.010197377673189255,0.010197377673189255,,,Asia,1.901295464649353,previous_day_high|above|1191.75,previous_day_high|above|1191.75|2130,prior_period
2161,2158,above,2158103.0,previous_day_high,1225.314,0.55,1.0,2157,2157,4,0,displacement_confirmed_sweep,0,1,1,0.5733333333333334,0.26777995833724166,1,0,1,1,1.2000990596250343,8.0,-0.2910166948207015,0.2910166948207015,,,Asia,0.26777995833724166,previous_day_high|above|1225.314,previous_day_high|above|1225.314|2157,prior_period
2171,2170,below,2170201.0,previous_day_low,1205.645,0.55,3.0,2167,2167,4,1,tradeable_sweep_candidate,0,1,0,0.5636123511287272,0.625656200216385,0,0,0,1,0.44215216766339616,9.0,-0.08002754165854185,0.08002754165854185,,,Asia,0.625656200216385,previous_day_low|below|1205.645,previous_day_low|below|1205.645|2167,prior_period
2179,2178,below,2178204.0,support,1203.214,0.6,7.0,456,2171,4,0,standard_liquidity_sweep,0,1,0,0.47574587677887076,1.3140049344001399,0,0,0,1,0.26019802528051017,9.0,0.057409361155591976,0.057409361155591976,,,London,1.5850124929261584,support|below|1203.214,support|below|1203.214|2171,s_r
2184,2184,below,2184202.0,session_low,1205.328,0.45,3.0,2181,2181,3,1,tradeable_sweep_candidate,0,1,0,0.6771253755380493,1.4551759271687192,0,0,0,1,0.7295870887138256,8.0,0.02093077713520519,0.02093077713520519,prev_ny_low,completed_previous_session_only,London,1.4551759271687192,session_low|below|1205.328,session_low|below|1205.328|2181,session
2203,2202,below,2202201.0,previous_day_low,1185.336,0.6,4.0,2197,2198,4,0,standard_liquidity_sweep,0,1,0,0.5782430688103187,0.9217965620839144,0,0,0,1,0.2664410053591299,8.0,0.029456902504385044,0.029456902504385044,,,Asia,0.9217965620839144,previous_day_low|below|1185.336,previous_day_low|below|1185.336|2198,prior_period
2209,2209,below,2209203.0,support,1183.7121502124196,0.65,7.0,2203,2202,3,0,standard_liquidity_sweep,0,1,0,0.7230487452527203,1.0150303727757115,0,0,0,1,0.730487452527204,9.0,-0.03471049208013916,0.03471049208013916,,,London,1.3595870180573888,support|below|1183.7122,support|below|1183.7122|2202,s_r
2210,2209,below,2209201.0,session_low,1187.057,0.45,3.0,2206,2206,4,0,standard_liquidity_sweep,0,1,0,0.5905273536951844,0.19492232514754637,0,0,0,1,0.730487452527204,9.0,-0.03471049208013916,0.03471049208013916,prev_ny_low,completed_previous_session_only,London,0.5117604515722504,session_low|below|1187.057,session_low|below|1187.057|2206,session
2214,2214,above,2214101.0,resistance,1189.327,0.55,5.0,2210,2209,3,0,standard_liquidity_sweep,0,1,0,0.46541683352328256,0.31579836753283863,0,0,0,1,0.20179029705808102,8.0,0.21794744197183955,0.21794744197183955,,,Asia,0.5430512470603271,resistance|above|1189.327,resistance|above|1189.327|2209,s_r
2216,2215,below,2215202.0,session_low,1187.021,0.45,3.0,2212,2212,4,0,displacement_confirmed_sweep,0,1,1,0.48306827429838856,0.3584135685637451,0,1,0,1,0.3826706857459714,10.0,0.6579045955303764,0.6579045955303764,prev_ny_low,completed_previous_session_only,London,0.4783126856118428,session_low|below|1187.021,session_low|below|1187.021|2212,session
2219,2218,above,2218101.0,previous_day_high,1193.439,0.6,2.0,2215,2216,4,0,displacement_confirmed_sweep,0,1,1,0.6142349847078732,0.8271418684729941,1,0,0,1,0.8423498470787313,8.0,-0.05004058497495014,0.05004058497495014,,,NY,0.8271418684729941,previous_day_high|above|1193.439,previous_day_high|above|1193.439|2216,prior_period
2221,2221,below,2221201.0,equal_low,1185.3575,0.55,5.0,390,2216,3,0,displacement_confirmed_sweep,0,1,1,0.5371546162730354,0.666887892360965,1,1,0,1,0.34817649421090285,9.0,0.047509685237537784,0.047509685237537784,,,Asia,1.9222766381011418,equal_low|below|1185.3575,equal_low|below|1185.3575|2216,eqh_eql
2222,2221,below,2221203.0,session_low,1187.695,0.45,6.0,2215,2215,4,0,displacement_confirmed_sweep,0,1,1,0.6685708136778626,0.1260898183301934,1,1,0,1,0.34817649421090285,9.0,0.047509685237537784,0.047509685237537784,prev_asia_low,completed_previous_session_only,Asia,1.3807494743094924,session_low|below|1187.695,session_low|below|1187.695|2215,session
2223,2222,above,2222101.0,previous_day_high,1197.075,0.6,3.0,2218,2219,4,1,tradeable_sweep_candidate,0,1,1,0.6667057943153573,2.6224890522730586,1,0,0,1,1.3179967386315212,9.0,-0.5966495833007092,0.5966495833007092,,,London,2.6224890522730586,previous_day_high|above|1197.075,previous_day_high|above|1197.075|2219,prior_period
2259,2258,above,2258102.0,swing_high,1177.579,0.4,6.0,2250,2252,4,0,standard_liquidity_sweep,0,1,0,0.6217393727851194,0.0852120895624159,0,0,0,1,1.0609975495394572,9.0,0.469127347884566,0.469127347884566,,,Asia,1.3357929067145136,swing_high|above|1177.579,swing_high|above|1177.579|2252,swing
2279,2278,below,2278201.0,session_low,1180.857,0.45,4.0,2274,2274,4,0,standard_liquidity_sweep,0,1,0,0.4630648719441499,0.2950484308632001,0,0,0,1,0.3326621798603747,10.0,-0.09184971141565791,0.09184971141565791,prev_ny_low,completed_previous_session_only,Overlap,0.42730088287454643,session_low|below|1180.857,session_low|below|1180.857|2274,session
2281,2280,above,2280101.0,previous_day_high,1184.377,0.55,3.0,2277,2277,4,0,standard_liquidity_sweep,0,1,0,0.5423476000943923,0.6569969014263388,0,0,0,1,0.44753566690264734,8.0,-0.3291990120667238,0.3291990120667238,,,NY,0.8419912060399831,previous_day_high|above|1184.377,previous_day_high|above|1184.377|2277,prior_period
2284,2283,below,2283204.0,previous_day_low,1180.217,0.55,2.0,2281,2281,4,1,tradeable_sweep_candidate,0,1,1,0.7091666666666667,0.7505049076073289,0,0,1,1,0.32155222366097297,8.0,0.08059738083108209,0.08059738083108209,,,Asia,0.7505049076073289,previous_day_low|below|1180.217,previous_day_low|below|1180.217|2281,prior_period
2286,2285,above,2285102.0,previous_day_high,1186.423,0.6,4.0,2280,2281,4,0,standard_liquidity_sweep,0,1,0,0.5939149917274916,0.8232172292862591,0,0,0,1,0.6808165839415825,9.0,0.036453448752193786,0.036453448752193786,,,Overlap,2.0494717154589166,previous_day_high|above|1186.423,previous_day_high|above|1186.423|2281,prior_period
2311,2311,below,2311201.0,support,1198.3600000000001,0.6,4.0,2308,2307,3,0,standard_liquidity_sweep,0,1,0,0.5731195124581231,0.35278552181316153,0,0,0,1,0.453632114478641,8.0,0.01510795746099911,0.01510795746099911,,,NY,0.4409979367325139,support|below|1198.36,support|below|1198.36|2307,s_r
2327,2327,below,2327201.0,equal_low,1172.7615,0.6000000000000001,42.0,397,2285,3,0,standard_liquidity_sweep,0,1,0,0.7278895818881096,1.1488428299540983,0,0,0,1,0.9069694509870452,9.0,-0.0003001884767324647,0.0003001884767324647,,,London,5.760438324289252,equal_low|below|1172.7615,equal_low|below|1172.7615|2285,eqh_eql
2329,2326,below,2326201.0,support,1176.0498820317202,0.65,35.0,2322,2291,4,0,standard_liquidity_sweep,0,1,0,0.48751592490875034,0.6283101150039774,0,0,0,1,0.35837314560520933,7.0,0.4335471527238152,0.4335471527238152,,,Asia,5.065771515318274,support|below|1176.0499,support|below|1176.0499|2291,s_r
2330,2327,below,2327205.0,session_low,1176.676,0.45,3.0,2324,2324,4,0,standard_liquidity_sweep,0,1,0,0.5399999999999999,0.29735267415455097,0,0,0,1,0.9069694509870452,9.0,-0.0003001884767324647,0.0003001884767324647,prev_ny_low,completed_previous_session_only,London,0.48639831429514785,session_low|below|1176.676,session_low|below|1176.676|2324,session
2333,2333,below,2333201.0,previous_week_low,1172.636,0.55,20.0,2313,2313,3,0,standard_liquidity_sweep,0,1,0,0.5733806053186176,0.26025471309035064,0,0,0,1,0.3358224762533557,8.0,0.02648226189353112,0.02648226189353112,,,London,5.423277073119314,previous_week_low|below|1172.636,previous_week_low|below|1172.636|2313,prior_period
2335,2332,below,2332202.0,session_low,1173.159,0.45,5.0,2327,2327,4,0,standard_liquidity_sweep,0,1,0,0.4181235046425145,0.7402850030609186,0,0,0,1,0.3098920949396196,7.0,-0.06079440804473804,0.06079440804473804,prev_asia_low,completed_previous_session_only,Asia,0.8463812073940764,session_low|below|1173.159,session_low|below|1173.159|2327,session
2338,2338,below,2338201.0,support,1172.357,0.65,25.0,2313,2313,3,1,tradeable_sweep_candidate,0,1,1,0.687684126361665,0.087501695120969,0,0,1,1,0.5337557279947819,8.0,0.31945138027091285,0.31945138027091285,,,Asia,5.485526396499421,support|below|1172.357,support|below|1172.357|2313,s_r
2339,2338,below,2338203.0,support,1171.165,0.65,5.0,2333,2333,4,0,displacement_confirmed_sweep,0,1,1,0.5512106635083104,0.4045291133100609,0,0,1,1,0.5337557279947819,8.0,0.31945138027091285,0.31945138027091285,,,Asia,0.9662659265598459,support|below|1171.165,support|below|1171.165|2333,s_r
2340,2338,below,2338202.0,session_low,1171.798,0.45,5.0,2333,2333,4,0,micro_interaction_sweep,1,0,0,0.5073319446266806,0.2361747880468847,0,0,1,1,0.5337557279947819,8.0,0.31945138027091285,0.31945138027091285,prev_asia_low,completed_previous_session_only,Asia,0.8012237432051783,session_low|below|1171.798,session_low|below|1171.798|2333,session
2347,2345,below,2345201.0,previous_day_low,1179.426,0.5,1.0,2344,2344,4,1,tradeable_sweep_candidate,0,1,0,0.5882932088888813,0.345391150915168,0,0,0,1,0.753684369967063,9.0,-0.4024233689923579,0.4024233689923579,,,Asia,0.345391150915168,previous_day_low|below|1179.426,previous_day_low|below|1179.426|2344,prior_period
2354,2353,below,2353201.0,equal_low,1168.8102649206985,0.7000000000000001,104.0,410,2249,4,0,micro_interaction_sweep,1,0,0,0.4918552546140014,0.24076012106727082,0,0,0,1,0.24838813653500355,8.0,0.5853108993789429,0.5853108993789429,,,Overlap,6.595132054383864,equal_low|below|1168.8103,equal_low|below|1168.8103|2249,eqh_eql
2376,2375,below,2375201.0,session_low,1165.937,0.5,5.0,2370,2370,4,1,tradeable_sweep_candidate,0,1,0,0.617978939242429,0.31382670716915506,0,0,0,1,0.6659503702288518,8.0,-0.16206285026383302,0.16206285026383302,prev_london_low,completed_previous_session_only,Asia,1.8103950346058042,session_low|below|1165.937,session_low|below|1165.937|2370,session
2390,2388,above,2388101.0,session_high,1158.735,0.45,3.0,2385,2385,4,0,standard_liquidity_sweep,0,1,0,0.5458901952922983,0.8111661598260042,0,0,0,1,0.9005686195896503,8.0,-0.30541711496374546,0.30541711496374546,prev_ny_high,completed_previous_session_only,London,1.9130926051617536,session_high|above|1158.735,session_high|above|1158.735|2385,session
2394,2394,above,2394102.0,resistance,1164.5772960346433,0.6,6.0,2389,2388,3,1,tradeable_sweep_candidate,0,1,0,0.6025450681295251,0.339785396329418,0,0,0,1,0.3592326193724383,8.0,-0.15102554280847505,0.15102554280847505,,,London,1.1000283514858626,resistance|above|1164.5773,resistance|above|1164.5773|2388,s_r
2395,2394,above,2394101.0,session_high,1162.536,0.45,3.0,2391,2391,4,0,standard_liquidity_sweep,0,1,0,0.5694936985652828,0.01064199608838951,0,0,0,1,0.3592326193724383,8.0,-0.15102554280847505,0.15102554280847505,prev_ny_high,completed_previous_session_only,London,0.7713230076542087,session_high|above|1162.536,session_high|above|1162.536|2391,session
2408,2407,below,2407201.0,support,1153.277,0.5625809035388587,19.0,2407,2388,4,0,standard_liquidity_sweep,0,1,0,0.49497803402653145,0.6398269141653601,0,0,0,1,0.2887476129094314,6.0,0.07715335173150038,0.07715335173150038,,,London,1.84151643036813,support|below|1153.277,support|below|1153.277|2388,s_r
2420,2419,below,2419201.0,previous_week_low,1147.069,0.55,14.0,2405,2405,4,1,tradeable_sweep_candidate,0,1,0,0.583452643733971,1.8756740756312822,0,0,0,1,1.6933450869146929,8.0,-0.33619504595409233,0.33619504595409233,,,London,2.759385708331317,previous_week_low|below|1147.069,previous_week_low|below|1147.069|2405,prior_period
2427,2424,below,2424201.0,session_low,1145.103,0.45,4.0,2420,2420,4,0,displacement_confirmed_sweep,0,1,1,0.4271077808496608,0.5023701175552213,1,0,0,1,0.3323527854574853,8.0,-0.23335913436053207,0.23335913436053207,prev_london_low,completed_previous_session_only,Asia,0.8227612562893126,session_low|below|1145.103,session_low|below|1145.103|2420,session
2434,2434,below,2434202.0,support,1130.991,0.65,3.0,2431,2431,3,0,standard_liquidity_sweep,0,1,0,0.5410841120721354,0.7735982740604941,0,0,0,1,0.3318769468470049,7.0,-0.0900727583915367,0.0900727583915367,,,NY,0.7735982740604941,support|below|1130.991,support|below|1130.991|2431,s_r
2448,2447,below,2447201.0,previous_day_low,1094.26,0.5,5.0,2442,2442,4,0,standard_liquidity_sweep,0,1,0,0.4164513079851962,1.040216487268854,0,0,0,1,0.16285260480603897,10.0,-0.10474168259690805,0.10474168259690805,,,Dead,1.6417088423024524,previous_day_low|below|1094.26,previous_day_low|below|1094.26|2442,prior_period
2450,2450,below,2450201.0,previous_day_low,1092.884,0.5,2.0,2448,2448,3,1,tradeable_sweep_candidate,0,1,0,0.6343112609117321,0.11577394284105319,0,0,0,1,0.7527602595508385,8.0,0.07977588443656926,0.07977588443656926,,,London,0.199588110406953,previous_day_low|below|1092.884,previous_day_low|below|1092.884|2448,prior_period
2454,2453,above,2453101.0,session_high,1097.379,0.45,3.0,2450,2450,4,0,standard_liquidity_sweep,0,1,0,0.4599949197579464,0.30718161979554187,0,0,0,1,0.30415396606153255,9.0,-0.045589374957362164,0.045589374957362164,prev_asia_high,completed_previous_session_only,Dead,0.48052505391099554,session_high|above|1097.379,session_high|above|1097.379|2450,session
2456,2455,above,2455102.0,previous_day_high,1099.634,0.5,1.0,2454,2454,4,1,tradeable_sweep_candidate,0,1,0,0.6043378683153413,0.48730628536172726,0,0,0,1,0.825749969250226,8.0,0.167653915971697,0.167653915971697,,,Asia,0.48730628536172726,previous_day_high|above|1099.634,previous_day_high|above|1099.634|2454,prior_period
2468,2467,above,2467103.0,previous_day_high,1100.651,0.55,1.0,2466,2466,4,1,tradeable_sweep_candidate,0,1,0,0.5834468582756699,0.36926253069463905,0,0,0,1,0.4968845162526868,8.0,0.17932483562565393,0.17932483562565393,,,Asia,0.36926253069463905,previous_day_high|above|1100.651,previous_day_high|above|1100.651|2466,prior_period
2469,2469,below,2469202.0,support,1094.3920947199526,0.6,3.0,2466,2466,3,1,tradeable_sweep_candidate,0,1,0,0.6902705746639541,0.17124814633360924,0,0,0,1,0.6732369951767051,8.0,-0.020512467190536062,0.020512467190536062,,,London,1.2550081949869532,support|below|1094.3921,support|below|1094.3921|2466,s_r
2472,2471,below,2471201.0,previous_day_low,1094.351,0.55,5.0,2466,2466,4,0,micro_interaction_sweep,1,0,0,0.4908450047133848,0.08112418274318284,0,0,0,1,0.32919584511679534,7.0,-0.04477371393055841,0.04477371393055841,,,NY,1.260219866769534,previous_day_low|below|1094.351,previous_day_low|below|1094.351|2466,prior_period
2483,2482,above,2482103.0,resistance,1099.0104497334964,0.65,8.0,2479,2474,4,0,displacement_confirmed_sweep,0,1,1,0.47876591584567174,0.8180242138589704,0,0,1,1,0.24691478961417931,10.0,-0.036330240252301964,0.036330240252301964,,,Overlap,0.8560515176965457,resistance|above|1099.0104,resistance|above|1099.0104|2474,s_r
2487,2485,below,2485201.0,previous_day_low,1090.247,0.6,3.0,2481,2482,4,1,tradeable_sweep_candidate,0,1,0,0.6762170412041649,0.4888751780540446,0,0,0,1,1.3354984117393218,8.0,-0.7263320534602273,0.7263320534602273,,,Asia,1.1597367215839776,previous_day_low|below|1090.247,previous_day_low|below|1090.247|2482,prior_period
2493,2493,above,2493101.0,resistance,1094.95898768505,0.65,7.0,2488,2486,3,1,tradeable_sweep_candidate,0,1,0,0.7541666666666667,2.2915944969829196,0,0,0,1,1.026924433939029,8.0,0.09566304281877533,0.09566304281877533,,,London,2.2915944969829196,resistance|above|1094.959,resistance|above|1094.959|2486,s_r
2499,2498,above,2498101.0,previous_day_high,1096.263,0.55,1.0,2497,2497,4,0,standard_liquidity_sweep,0,1,0,0.4657762897344067,0.31062203549579803,0,0,0,1,0.2456907243360167,8.0,-0.2092859417720128,0.2092859417720128,,,Asia,0.31062203549579803,previous_day_high|above|1096.263,previous_day_high|above|1096.263|2497,prior_period
2500,2500,below,2500201.0,support,1092.1568260869567,0.6,3.0,2498,2497,3,0,micro_interaction_sweep,1,0,0,0.6053552899298738,0.13397958572772845,0,0,0,1,0.40763793005149124,5.0,0.003114005980516001,0.003114005980516001,,,London,0.8918629667687655,support|below|1092.1568,support|below|1092.1568|2497,s_r
2523,2522,above,2522103.0,session_high,1090.939,0.5,3.0,2519,2519,4,1,tradeable_sweep_candidate,0,1,0,0.6067158852009041,0.39039173393656523,0,0,0,1,0.5112225222524471,9.0,-0.4106575148702526,0.4106575148702526,prev_ny_high,completed_previous_session_only,Asia,0.39039173393656523,session_high|above|1090.939,session_high|above|1090.939|2519,session
2525,2524,below,2524202.0,previous_day_low,1084.012,0.55,5.0,2519,2519,4,1,tradeable_sweep_candidate,0,1,0,0.602537042908908,1.1681519839110577,0,0,0,1,0.46811327270042213,9.0,1.5360847685655605,1.5360847685655605,,,London,2.46763179010329,previous_day_low|below|1084.012,previous_day_low|below|1084.012|2519,prior_period
2532,2532,above,2532101.0,equal_high,1105.2407933885556,0.55,77.0,434,2455,3,0,standard_liquidity_sweep,0,1,0,0.6434506850784085,0.3613969096571455,0,0,0,1,0.3898767126960212,6.0,0.31327379987966786,0.31327379987966786,,,Overlap,4.08399824201785,equal_high|above|1105.2408,equal_high|above|1105.2408|2455,eqh_eql
2534,2531,above,2531102.0,previous_week_high,1099.524,0.65,6.0,2524,2525,4,1,tradeable_sweep_candidate,0,1,0,0.6699198963793459,0.851743519548746,0,0,0,1,0.9654895380224715,8.0,0.36426275440451655,0.36426275440451655,,,London,1.2852406358230128,previous_week_high|above|1099.524,previous_week_high|above|1099.524|2525,prior_period
2537,2536,above,2536101.0,previous_day_high,1108.987,0.55,2.0,2532,2534,4,1,tradeable_sweep_candidate,0,1,0,0.7175,1.6421087518431596,0,0,0,1,1.4239209070185466,8.0,-0.4030711693276194,0.4030711693276194,,,Asia,1.8077106537243384,previous_day_high|above|1108.987,previous_day_high|above|1108.987|2534,prior_period
2556,2556,below,2556201.0,session_low,1113.611,0.5,4.0,2552,2552,3,0,standard_liquidity_sweep,0,1,0,0.5233331132343056,0.2760219798682585,0,0,0,1,0.3858154815231606,9.0,0.026878291891309643,0.026878291891309643,prev_london_low,completed_previous_session_only,Overlap,0.963306655890092,session_low|below|1113.611,session_low|below|1113.611|2552,session
2562,2562,above,2562103.0,session_high,1121.014,0.5,6.0,2555,2556,3,0,standard_liquidity_sweep,0,1,0,0.5528349774083687,0.980790369560291,0,0,0,1,1.1321658889696098,10.0,0.032233970586304256,0.032233970586304256,prev_london_high,completed_previous_session_only,London,1.3705922326956335,session_high|above|1121.014,session_high|above|1121.014|2556,session
2568,2568,below,2568202.0,support,1116.0828372093024,0.6,7.0,2563,2561,3,1,tradeable_sweep_candidate,0,1,0,0.7416666666666667,1.0518034908365914,0,0,0,1,1.2856611332524266,8.0,-0.0825216509867874,0.0825216509867874,,,London,1.0518034908365914,support|below|1116.0828,support|below|1116.0828|2561,s_r
2570,2569,below,2569201.0,session_low,1116.533,0.45,4.0,2565,2565,4,0,micro_interaction_sweep,1,0,0,0.497937665948749,0.08833910418952015,0,0,0,1,0.4198441648718724,9.0,-0.009651589997025875,0.009651589997025875,prev_ny_low,completed_previous_session_only,Overlap,0.9430359538834169,session_low|below|1116.533,session_low|below|1116.533|2565,session
2593,2593,above,2593101.0,session_high,1159.265,0.45,6.0,2587,2587,3,0,standard_liquidity_sweep,0,1,0,0.7,0.6499509473637054,0,0,0,1,0.4889833505176549,9.0,0.09716291691601468,0.09716291691601468,prev_london_high,completed_previous_session_only,London,0.6533135560985907,session_high|above|1159.265,session_high|above|1159.265|2587,session
2594,2593,above,2593103.0,resistance,1165.219527777778,0.6,10.0,2590,2583,4,0,displacement_confirmed_sweep,0,1,1,0.650381868967855,1.5118999385152079,0,0,1,1,0.4889833505176549,9.0,0.09716291691601468,0.09716291691601468,,,London,1.7170928580154057,resistance|above|1165.2195,resistance|above|1165.2195|2583,s_r
2624,2624,below,2624202.0,support,1129.2,0.55,3.0,2622,2621,3,0,standard_liquidity_sweep,0,1,0,0.6167854344764228,0.4506153023572346,0,0,0,1,0.4808073550648197,8.0,0.0086152161569752,0.0086152161569752,,,London,0.8174985421333346,support|below|1129.2,support|below|1129.2|2621,s_r
2630,2627,above,2627101.0,swing_high,1140.766,0.4,8.0,2617,2619,4,0,standard_liquidity_sweep,0,1,0,0.45322890271425437,0.868473183059583,0,0,0,1,0.21831185731541106,10.0,-0.03633265353296276,0.03633265353296276,,,Dead,1.4305874114938386,swing_high|above|1140.766,swing_high|above|1140.766|2619,swing
2648,2648,above,2648101.0,resistance,1125.857,0.55,4.0,2645,2644,3,0,standard_liquidity_sweep,0,1,0,0.7208333333333333,0.5692974420515315,0,0,0,1,0.1552731243692178,10.0,1.1211106875764685,1.1211106875764685,,,London,0.5692974420515315,resistance|above|1125.857,resistance|above|1125.857|2644,s_r
2649,2648,below,2648202.0,equal_low,1117.7219274003996,0.65,42.0,460,2606,4,0,standard_liquidity_sweep,0,1,0,0.4462759164143538,1.1970168302047035,0,0,0,1,0.1552731243692178,10.0,-0.2147588115740369,0.2147588115740369,,,London,4.271355460463706,equal_low|below|1117.7219,equal_low|below|1117.7219|2606,eqh_eql
2656,2656,below,2656202.0,support,1117.708447558081,0.55,50.0,543,2606,3,0,standard_liquidity_sweep,0,1,0,0.47076986380009955,0.2655807103689252,0,0,0,1,0.24984132616691554,10.0,0.008632357144977584,0.008632357144977584,,,Overlap,4.273605442282635,support|below|1117.7084,support|below|1117.7084|2606,s_r
2662,2662,above,2662103.0,previous_day_high,1124.258,0.5,3.0,2659,2659,3,1,tradeable_sweep_candidate,0,1,1,0.626559044813957,0.516759520757277,1,1,0,1,0.3557053138785357,7.0,0.12739735489883605,0.12739735489883605,,,Overlap,0.9659491995319611,previous_day_high|above|1124.258,previous_day_high|above|1124.258|2659,prior_period
2680,2679,below,2679202.0,previous_day_low,1105.152,0.55,2.0,2677,2677,4,1,tradeable_sweep_candidate,0,1,0,0.6508229088389214,0.34067360877298386,0,0,0,1,1.3233586808535216,9.0,-0.3078379534787925,0.3078379534787925,,,London,1.1082015762561122,previous_day_low|below|1105.152,previous_day_low|below|1105.152|2677,prior_period
2681,2679,below,2679203.0,session_low,1106.031,0.45,5.0,2674,2674,4,0,standard_liquidity_sweep,0,1,0,0.5641666666666668,0.1484707190994139,0,0,0,1,1.3233586808535216,9.0,-0.3078379534787925,0.3078379534787925,prev_london_low,completed_previous_session_only,London,1.3336037931467088,session_low|below|1106.031,session_low|below|1106.031|2674,session
2700,2700,above,2700103.0,resistance,1126.746,0.6000000000000001,37.0,553,2663,3,1,tradeable_sweep_candidate,0,1,1,0.7416666666666667,1.720617527734434,1,0,0,1,1.3740932168290512,8.0,0.10724953223348575,0.10724953223348575,,,NY,5.695217475153697,resistance|above|1126.746,resistance|above|1126.746|2663,s_r
2719,2717,below,2717201.0,session_low,1132.483,0.45,6.0,2711,2711,4,0,standard_liquidity_sweep,0,1,0,0.5285049472158496,0.911603926399332,0,0,0,1,1.2481235837893858,8.0,-0.22783057342366192,0.22783057342366192,prev_london_low,completed_previous_session_only,London,1.318098914107272,session_low|below|1132.483,session_low|below|1132.483|2711,session
2754,2752,below,2752203.0,session_low,1131.044,0.5,4.0,2748,2748,4,1,tradeable_sweep_candidate,0,1,0,0.6337872107980859,0.3098372091153649,0,0,0,1,0.4227347570475563,10.0,-0.08613312894469369,0.08613312894469369,prev_ny_low,completed_previous_session_only,Asia,0.5646857513076866,session_low|below|1131.044,session_low|below|1131.044|2748,session
2767,2766,above,2766101.0,session_high,1116.648,0.45,3.0,2763,2763,4,0,displacement_confirmed_sweep,0,1,1,0.5214400012959896,0.7488387992461999,1,1,0,1,0.4890166699066405,9.0,-0.12787561060333633,0.12787561060333633,prev_ny_high,completed_previous_session_only,London,0.7947568063737663,session_high|above|1116.648,session_high|above|1116.648|2763,session
2772,2770,below,2770201.0,previous_day_low,1110.899,0.6,4.0,2765,2766,4,1,tradeable_sweep_candidate,0,1,1,0.6679578413593144,0.28750843760849426,1,0,1,1,0.6629117469264766,8.0,-0.1870860231945481,0.1870860231945481,,,Asia,1.2519687074819108,previous_day_low|below|1110.899,previous_day_low|below|1110.899|2766,prior_period
2779,2777,below,2777201.0,previous_day_low,1136.278,0.55,1.0,2776,2776,4,0,micro_interaction_sweep,1,0,0,0.6251281051794002,0.21790547147379835,0,0,0,1,0.45448692961516707,7.0,-0.28821960237880306,0.28821960237880306,,,Asia,0.21790547147379835,previous_day_low|below|1136.278,previous_day_low|below|1136.278|2776,prior_period
2780,2779,above,2779102.0,previous_day_high,1139.612,0.55,3.0,2776,2776,4,0,displacement_confirmed_sweep,0,1,1,0.5546942031087733,1.0594792651467684,1,0,0,1,0.3747039356184551,7.0,0.44113870731249055,0.44113870731249055,,,London,1.0594792651467684,previous_day_high|above|1139.612,previous_day_high|above|1139.612|2776,prior_period
2787,2785,above,2785101.0,previous_week_high,1147.418,0.55,8.0,2777,2777,4,0,standard_liquidity_sweep,0,1,0,0.544847852928402,1.757575284623243,0,0,0,1,1.4420342361023781,9.0,-0.4110669122747118,0.4110669122747118,,,London,2.41039320564585,previous_week_high|above|1147.418,previous_week_high|above|1147.418|2777,prior_period
2790,2789,above,2789101.0,session_high,1150.462,0.45,3.0,2786,2786,4,1,tradeable_sweep_candidate,0,1,0,0.5354301338286068,0.3983427533934322,0,0,0,1,0.46316236187990584,8.0,-0.023241122101496592,0.023241122101496592,prev_london_high,completed_previous_session_only,Asia,0.7395058003060538,session_high|above|1150.462,session_high|above|1150.462|2786,session
2791,2791,below,2791201.0,support,1146.3274999999999,0.5644950001250258,4.0,2788,2787,3,0,standard_liquidity_sweep,0,1,0,0.6861070806627562,0.38063055089698555,0,0,0,1,0.6481745819263458,9.0,0.14066438152219565,0.14066438152219565,,,London,0.7858634977257697,support|below|1146.3275,support|below|1146.3275|2787,s_r
2792,2791,above,2791103.0,resistance,1151.204,0.55,4.0,579,2787,4,0,standard_liquidity_sweep,0,1,0,0.5081701715689714,0.5184466500955153,0,0,0,1,0.6481745819263458,9.0,0.2454180739927511,0.2454180739927511,,,London,0.8705574611197813,resistance|above|1151.204,resistance|above|1151.204|2787,s_r
2795,2795,below,2795201.0,support,1141.6437517578775,0.65,4.0,2791,2791,3,0,standard_liquidity_sweep,0,1,0,0.5231137740413578,0.4025442027556355,0,0,0,1,0.30778443510339465,9.0,0.22003067696433914,0.22003067696433914,,,Asia,0.9378047925127857,support|below|1141.6438,support|below|1141.6438|2791,s_r
2798,2798,above,2798101.0,resistance,1146.0473333333332,0.560045020234052,5.0,2797,2793,3,0,standard_liquidity_sweep,0,1,0,0.6745442272934505,0.23543308340197444,0,0,0,1,0.7090231500509382,9.0,0.6471493870258741,0.6471493870258741,,,Overlap,0.5714125955498958,resistance|above|1146.0473,resistance|above|1146.0473|2793,s_r
2800,2799,below,2799202.0,previous_day_low,1141.434,0.5,4.0,2795,2795,4,0,displacement_confirmed_sweep,0,1,1,0.5500706847292602,0.119284595212557,0,0,1,1,0.575706847292602,9.0,0.09926566247975192,0.09926566247975192,,,NY,0.6301535659117035,previous_day_low|below|1141.434,previous_day_low|below|1141.434|2795,prior_period
2801,2801,above,2801101.0,session_high,1146.494,0.45,3.0,2798,2798,3,0,standard_liquidity_sweep,0,1,0,0.5122939703428463,0.4316297683238843,0,0,0,1,0.40573492585711585,9.0,0.06067064311879615,0.06067064311879615,prev_london_high,completed_previous_session_only,Asia,1.146144455652213,session_high|above|1146.494,session_high|above|1146.494|2798,session
2814,2813,below,2813202.0,session_low,1156.81,0.45,3.0,2810,2810,4,0,displacement_confirmed_sweep,0,1,1,0.5635300295193625,1.163119690817216,1,0,0,1,0.7519669618602907,7.0,0.12830675665016336,0.12830675665016336,prev_asia_low,completed_previous_session_only,Dead,1.163119690817216,session_low|below|1156.81,session_low|below|1156.81|2810,session
2821,2819,above,2819101.0,previous_day_high,1168.973,0.6,7.0,2810,2812,4,1,tradeable_sweep_candidate,0,1,1,0.6381916240446773,0.06576394497187059,1,0,0,1,0.8899805076044018,4.0,-0.5939485229857127,0.5939485229857127,,,Dead,2.491655583891456,previous_day_high|above|1168.973,previous_day_high|above|1168.973|2812,prior_period
2828,2828,below,2828201.0,support,1182.5810000000001,0.5583057201250258,4.0,2825,2824,3,0,standard_liquidity_sweep,0,1,0,0.7354097633645899,0.4688681720870243,0,0,0,1,1.0785612489296268,7.0,0.3231789504043468,0.3231789504043468,,,London,0.4688681720870243,support|below|1182.581,support|below|1182.581|2824,s_r
2842,2841,below,2841201.0,previous_day_low,1171.15,0.6,2.0,2839,2839,4,0,standard_liquidity_sweep,0,1,0,0.46866680129724875,0.29262696276014616,0,0,0,1,0.24250033657645526,10.0,-0.048436125235787934,0.048436125235787934,,,London,0.32616564546074756,previous_day_low|below|1171.15,previous_day_low|below|1171.15|2839,prior_period
2848,2847,above,2847101.0,resistance,1178.1392500000002,0.6022368978344426,9.0,2842,2838,4,0,displacement_confirmed_sweep,0,1,1,0.5261037086303231,0.6655977340108347,0,1,0,1,0.2875423536238845,9.0,0.06097663857271742,0.06097663857271742,,,London,1.667963053793074,resistance|above|1178.1393,resistance|above|1178.1393|2838,s_r
2850,2850,above,2850101.0,previous_day_high,1178.227,0.5,5.0,2845,2845,3,0,displacement_confirmed_sweep,0,1,1,0.42967873370972576,0.37279990681487235,0,1,0,1,0.17836350094098122,10.0,0.03133412854370412,0.03133412854370412,,,Dead,0.9625523733270169,previous_day_high|above|1178.227,previous_day_high|above|1178.227|2845,prior_period
2861,2860,below,2860202.0,session_low,1166.055,0.45,4.0,2856,2856,4,0,displacement_confirmed_sweep,0,1,1,0.4729643942984551,0.3421521873233753,0,0,1,1,0.34699431907947115,10.0,-0.06598703420633087,0.06598703420633087,prev_ny_low,completed_previous_session_only,Overlap,0.48599997044851184,session_low|below|1166.055,session_low|below|1166.055|2856,session
2864,2863,above,2863101.0,previous_day_high,1171.754,0.6,3.0,2859,2860,4,0,standard_liquidity_sweep,0,1,0,0.5348029920853475,0.5995427481995375,0,0,0,1,0.3974241468800354,9.0,-0.24551894843682426,0.24551894843682426,,,Asia,1.32761413707219,previous_day_high|above|1171.754,previous_day_high|above|1171.754|2860,prior_period
2865,2863,above,2863102.0,session_high,1169.921,0.45,4.0,2859,2859,4,1,tradeable_sweep_candidate,0,1,0,0.6392892883110072,0.24169128045297372,0,0,0,1,0.3974241468800354,9.0,-0.24551894843682426,0.24551894843682426,prev_asia_high,completed_previous_session_only,Asia,0.9839941549692282,session_high|above|1169.921,session_high|above|1169.921|2859,session
2866,2865,below,2865202.0,support,1161.5757143245776,0.65,43.0,2859,2822,4,0,standard_liquidity_sweep,0,1,0,0.49427187952771096,1.8236455195436254,0,0,0,1,0.2752630321526108,8.0,-0.12530520000169246,0.12530520000169246,,,London,3.4992404486414297,support|below|1161.5757,support|below|1161.5757|2822,s_r
2873,2871,above,2871101.0,previous_day_high,1165.358,0.5,1.0,2870,2870,4,0,micro_interaction_sweep,1,0,0,0.5338722970183664,0.15805228769399726,0,0,0,1,0.5720563035169964,8.0,-0.3631117504061667,0.3631117504061667,,,Asia,0.15805228769399726,previous_day_high|above|1165.358,previous_day_high|above|1165.358|2870,prior_period
2878,2878,below,2878201.0,session_low,1163.533,0.5,5.0,2873,2873,3,1,tradeable_sweep_candidate,0,1,1,0.6616815724537958,0.5048616886856638,0,0,1,1,0.659460293531155,7.0,0.598564653441474,0.598564653441474,prev_asia_low,completed_previous_session_only,London,0.5048616886856638,session_low|below|1163.533,session_low|below|1163.533|2873,session
2885,2884,above,2884101.0,resistance,1179.8631280537716,0.65,36.0,597,2848,4,0,displacement_confirmed_sweep,0,1,1,0.6455841321112532,1.831344909135232,1,1,0,1,0.3931269969447996,8.0,0.030645667014721083,0.030645667014721083,,,London,3.3236971404590587,resistance|above|1179.8631,resistance|above|1179.8631|2848,s_r
2887,2885,below,2885201.0,previous_week_low,1158.712,0.55,15.0,2870,2870,4,1,tradeable_sweep_candidate,0,1,0,0.6031088245019766,4.374975223801653,0,0,0,1,1.0115913848540632,7.0,-0.44048458324520456,0.44048458324520456,,,Overlap,4.374975223801653,previous_week_low|below|1158.712,previous_week_low|below|1158.712|2870,prior_period
2888,2885,below,2885203.0,previous_day_low,1160.36,0.55,5.0,2878,2880,4,0,standard_liquidity_sweep,0,1,0,0.5733333333333334,4.031709218810948,0,0,0,1,1.0115913848540632,7.0,-0.44048458324520456,0.44048458324520456,,,Overlap,4.031709218810948,previous_day_low|below|1160.36,previous_day_low|below|1160.36|2880,prior_period
2906,2905,below,2905201.0,previous_week_low,1133.938,0.7000000000000001,5.0,2899,2900,4,0,displacement_confirmed_sweep,0,1,1,0.4697024149712621,0.3542789627419017,1,0,0,1,0.1825893707614885,7.0,-0.11676996675194558,0.11676996675194558,,,NY,1.4589139107620126,previous_week_low|below|1133.938,previous_week_low|below|1133.938|2900,prior_period
2924,2922,below,2922201.0,previous_day_low,1105.652,0.6,4.0,2916,2918,4,0,micro_interaction_sweep,1,0,0,0.43744278018338956,0.08886627779885642,0,0,0,1,0.19360695045847381,7.0,-0.12789435835757157,0.12789435835757157,,,Overlap,0.8781213416236702,previous_day_low|below|1105.652,previous_day_low|below|1105.652|2918,prior_period
2933,2932,above,2932101.0,previous_day_high,1093.878,0.5,1.0,2931,2931,4,0,micro_interaction_sweep,1,0,0,0.46290873858636966,0.08990230544690646,0,0,0,1,0.2057083919616609,8.0,-0.008082088365219496,0.008082088365219496,,,Asia,0.08990230544690646,previous_day_high|above|1093.878,previous_day_high|above|1093.878|2931,prior_period
2940,2939,below,2939202.0,previous_day_low,1088.211,0.5,2.0,2937,2937,4,1,tradeable_sweep_candidate,0,1,0,0.594855670818305,1.0178127360607137,0,0,0,1,0.6549116770453592,10.0,0.26248128803909265,0.26248128803909265,,,London,1.0178127360607137,previous_day_low|below|1088.211,previous_day_low|below|1088.211|2937,prior_period
2941,2939,below,2939203.0,session_low,1088.744,0.45,5.0,2934,2934,4,0,standard_liquidity_sweep,0,1,0,0.5402484874010907,0.9039151529575709,0,0,0,1,0.6549116770453592,10.0,0.26248128803909265,0.26248128803909265,prev_london_low,completed_previous_session_only,London,0.9039151529575709,session_low|below|1088.744,session_low|below|1088.744|2934,session
2942,2939,below,2939204.0,session_low,1089.935,0.5,3.0,2936,2936,4,0,standard_liquidity_sweep,0,1,0,0.5544861504680701,0.6494085460610011,0,0,0,1,0.6549116770453592,10.0,0.26248128803909265,0.26248128803909265,prev_asia_low,completed_previous_session_only,London,0.6494085460610011,session_low|below|1089.935,session_low|below|1089.935|2936,session
2948,2945,below,2945202.0,session_low,1087.546,0.45,3.0,2942,2942,4,0,standard_liquidity_sweep,0,1,0,0.47800582644335793,0.42538870999076595,0,0,0,1,0.4595978994417283,9.0,0.16564617716582858,0.16564617716582858,prev_ny_low,completed_previous_session_only,London,0.9655055564746454,session_low|below|1087.546,session_low|below|1087.546|2942,session
2951,2951,below,2951202.0,support,1083.8739437151971,0.65,4.0,619,2947,3,1,tradeable_sweep_candidate,0,1,0,0.7625,0.8882131687878065,0,0,0,1,2.120990843933181,6.0,0.27633545006568244,0.27633545006568244,,,London,0.9931185762602489,support|below|1083.8739,support|below|1083.8739|2947,s_r
2953,2952,below,2952201.0,previous_day_low,1083.742,0.6,4.0,2946,2948,4,0,standard_liquidity_sweep,0,1,0,0.63,0.6343431758244237,0,0,0,1,1.1181130420182959,9.0,-0.1463241155053074,0.1463241155053074,,,Overlap,1.0217536599278751,previous_day_low|below|1083.742,previous_day_low|below|1083.742|2948,prior_period
2957,2957,above,2957101.0,resistance,1085.35,0.6268430001250259,4.0,2954,2953,3,1,tradeable_sweep_candidate,0,1,0,0.7072735950058734,0.25896449624478696,0,0,0,1,0.5056284497461689,6.0,0.5404074556239112,0.5404074556239112,,,London,0.373748339537584,resistance|above|1085.35,resistance|above|1085.35|2953,s_r
2959,2957,below,2957201.0,session_low,1081.45,0.5,3.0,2954,2954,4,0,displacement_confirmed_sweep,0,1,1,0.4758606684263567,0.5079007545939589,1,0,1,1,0.5056284497461689,6.0,0.1858465336708212,0.1858465336708212,prev_asia_low,completed_previous_session_only,London,0.5079007545939589,session_low|below|1081.45,session_low|below|1081.45|2954,session
2977,2977,below,2977201.0,session_low,1069.056,0.45,5.0,2972,2972,3,0,displacement_confirmed_sweep,0,1,1,0.5963949754494655,0.059568613577837645,0,0,1,1,0.5796268309317518,9.0,0.244241188411617,0.244241188411617,prev_ny_low,completed_previous_session_only,NY,0.36928930114771,session_low|below|1069.056,session_low|below|1069.056|2972,session
2983,2981,above,2981101.0,previous_day_high,1078.973,0.6,2.0,2978,2979,4,1,tradeable_sweep_candidate,0,1,0,0.6752175841418924,0.8260034078235147,0,0,0,1,0.7355091747522567,10.0,-0.22792734661455308,0.22792734661455308,,,London,0.8260034078235147,previous_day_high|above|1078.973,previous_day_high|above|1078.973|2979,prior_period
2987,2985,above,2985101.0,session_high,1083.907,0.45,3.0,2982,2982,4,0,micro_interaction_sweep,1,0,0,0.46392629087445314,0.05763943989256492,0,0,0,1,0.3743990605194661,9.0,-0.17587582207404448,0.17587582207404448,prev_london_high,completed_previous_session_only,Asia,0.8856930382705238,session_high|above|1083.907,session_high|above|1083.907|2982,session
3000,2999,above,2999102.0,previous_day_high,1075.15,0.6,5.0,2994,2994,4,0,standard_liquidity_sweep,0,1,0,0.6118276404246797,0.12099798803157105,0,0,0,1,0.9849430709134637,8.0,0.10518971599857628,0.10518971599857628,,,London,0.9898511305291774,previous_day_high|above|1075.15,previous_day_high|above|1075.15|2994,prior_period
3006,3005,below,3005201.0,previous_day_low,1070.06,0.5,2.0,3003,3003,4,1,tradeable_sweep_candidate,0,1,0,0.5410797076926895,0.4996532561794772,0,0,0,1,0.4515076965325312,9.0,-0.1961339705214306,0.1961339705214306,,,London,1.6070291761525672,previous_day_low|below|1070.06,previous_day_low|below|1070.06|3003,prior_period
3034,3034,below,3034202.0,support,1052.7949232771327,0.65,18.0,3016,3016,3,1,tradeable_sweep_candidate,0,1,0,0.6277081213075064,0.6098752206409831,0,0,0,1,0.3980313160355518,7.0,0.01780836330381516,0.01780836330381516,,,Overlap,3.627611853744167,support|below|1052.7949,support|below|1052.7949|3016,s_r
3037,3036,below,3036201.0,previous_week_low,1052.709,0.55,17.0,3019,3019,4,0,standard_liquidity_sweep,0,1,0,0.6091666666666667,0.1536865576378358,0,0,0,1,1.0949405796201626,8.0,-0.07544883213551336,0.07544883213551336,,,Dead,3.643503312875437,previous_week_low|below|1052.709,previous_week_low|below|1052.709|3019,prior_period
3057,3057,above,3057101.0,resistance,1075.213,0.6144950001250258,4.0,3054,3053,3,1,tradeable_sweep_candidate,0,1,0,0.6435886952963918,0.5575066696220589,0,0,0,1,0.518388257810726,8.0,0.12868792392485498,0.12868792392485498,,,London,0.7230952800935371,resistance|above|1075.213,resistance|above|1075.213|3053,s_r
3064,3064,below,3064201.0,support,1073.1025,0.6130791002340519,5.0,3060,3059,3,1,tradeable_sweep_candidate,0,1,0,0.6704645032391399,1.4890526228876175,0,0,0,1,0.5120103489588388,8.0,0.1382944558549049,0.1382944558549049,,,Overlap,1.4890526228876175,support|below|1073.1025,support|below|1073.1025|3059,s_r
3069,3069,below,3069201.0,session_low,1072.067,0.45,3.0,3066,3066,3,0,micro_interaction_sweep,1,0,0,0.5831011711829496,0.07347440779563842,0,0,0,1,0.492268444380312,10.0,0.05999947798542884,0.05999947798542884,prev_ny_low,completed_previous_session_only,London,0.5937364560012415,session_low|below|1072.067,session_low|below|1072.067|3066,session
3073,3072,below,3072202.0,previous_day_low,1069.248,0.6,6.0,3064,3066,4,0,standard_liquidity_sweep,0,1,0,0.588841747192751,0.32879570454610935,0,0,0,1,0.630084138594176,10.0,0.3427429693681564,0.3427429693681564,,,Dead,1.051919612165344,previous_day_low|below|1069.248,previous_day_low|below|1069.248|3066,prior_period
3075,3074,below,3074202.0,session_low,1069.179,0.45,4.0,3070,3070,4,1,tradeable_sweep_candidate,0,1,0,0.6769801404714708,0.43053837760180474,0,0,0,1,0.5527070664461861,10.0,-0.1807088433595014,0.1807088433595014,prev_london_low,completed_previous_session_only,Asia,0.6084601879192072,session_low|below|1069.179,session_low|below|1069.179|3070,session
3077,3076,above,3076102.0,previous_day_high,1076.023,0.5,3.0,3073,3073,4,0,micro_interaction_sweep,1,0,0,0.4665883914327559,0.22157804150656857,0,0,0,1,0.31022097858188963,10.0,0.21383300722517498,0.21383300722517498,,,Overlap,1.9241461137265279,previous_day_high|above|1076.023,previous_day_high|above|1076.023|3073,prior_period
3084,3083,below,3083201.0,previous_week_low,1061.408,0.6000000000000001,6.0,3075,3077,4,1,tradeable_sweep_candidate,0,1,0,0.5945389697503266,0.4554341167681769,0,0,0,1,0.5578856732203799,9.0,-0.19227686659393756,0.19227686659393756,,,NY,2.2370903947886642,previous_week_low|below|1061.408,previous_week_low|below|1061.408|3077,prior_period
3087,3086,below,3086201.0,support,1061.5598884099381,0.6000000000000001,12.0,3079,3074,4,0,standard_liquidity_sweep,0,1,0,0.5713250862467669,0.3416938262437354,0,0,0,1,0.36903641036470936,8.0,0.5854323775114166,0.5854323775114166,,,Asia,2.3673051241200804,support|below|1061.5599,support|below|1061.5599|3074,s_r
3096,3093,above,3093104.0,session_high,1067.713,0.45,5.0,3088,3088,4,0,displacement_confirmed_sweep,0,1,1,0.5441666666666667,0.5547938307857191,1,1,0,1,1.2628592462407957,9.0,0.37937201613670685,0.37937201613670685,prev_london_high,completed_previous_session_only,London,0.9957571508937733,session_high|above|1067.713,session_high|above|1067.713|3088,session
3107,3106,above,3106102.0,resistance,1068.893303030303,0.55,8.0,3103,3098,4,0,standard_liquidity_sweep,0,1,0,0.44366711286246263,0.7996703207671491,0,0,0,1,0.2216677821561566,10.0,-0.07792852636982248,0.07792852636982248,,,Overlap,2.3434748774398466,resistance|above|1068.8933,resistance|above|1068.8933|3098,s_r
3112,3111,above,3111101.0,equal_high,1078.8854999999999,0.6000000000000001,34.0,546,3077,4,0,standard_liquidity_sweep,0,1,0,0.44290466324740324,0.9901071377620929,0,0,0,1,0.11444548125576504,8.0,-0.09180080374598489,0.09180080374598489,,,London,3.6803893760587023,equal_high|above|1078.8855,equal_high|above|1078.8855|3077,eqh_eql
3116,3115,above,3115101.0,previous_week_high,1078.312,0.55,6.0,3109,3109,4,0,micro_interaction_sweep,1,0,0,0.4570656441430218,0.07373877407933267,0,0,0,1,0.22391411035755443,7.0,-0.16054527387417936,0.16054527387417936,,,Asia,1.2648731655062229,previous_week_high|above|1078.312,previous_week_high|above|1078.312|3109,prior_period
3117,3117,below,3117201.0,session_low,1076.999,0.5,3.0,3114,3114,3,0,micro_interaction_sweep,1,0,0,0.5614680719861163,0.08763110188213903,0,0,0,1,0.3990478945694589,8.0,-0.08071765250456962,0.08071765250456962,prev_asia_low,completed_previous_session_only,London,0.3749867231078924,session_low|below|1076.999,session_low|below|1076.999|3114,session
3122,3122,below,3122201.0,support,1071.636,0.6,3.0,3120,3119,3,0,standard_liquidity_sweep,0,1,0,0.5135628538985151,0.5360380520102798,0,0,0,1,0.304740468079621,8.0,0.04179566212216986,0.04179566212216986,,,Asia,0.5360380520102798,support|below|1071.636,support|below|1071.636|3119,s_r
3131,3129,above,3129101.0,session_high,1074.471,0.5,5.0,3124,3124,4,0,standard_liquidity_sweep,0,1,0,0.4791443635565997,0.5306038952428463,0,0,0,1,0.3811942422248325,7.0,-0.004162465863375781,0.004162465863375781,prev_asia_high,completed_previous_session_only,London,1.0399335237025735,session_high|above|1074.471,session_high|above|1074.471|3124,session
3133,3133,below,3133201.0,previous_day_low,1071.635,0.5,1.0,3132,3132,3,0,standard_liquidity_sweep,0,1,0,0.47225776122106644,0.45290587107605634,0,0,0,1,0.2435819801666657,10.0,0.07024113797574816,0.07024113797574816,,,Asia,0.45290587107605634,previous_day_low|below|1071.635,previous_day_low|below|1071.635|3132,prior_period
3136,3135,below,3135203.0,session_low,1068.712,0.45,9.0,3126,3126,4,0,standard_liquidity_sweep,0,1,0,0.547974151803804,0.5548628759077582,0,0,0,1,0.5547415180380397,10.0,0.0716640330169171,0.0716640330169171,prev_ny_low,completed_previous_session_only,Overlap,1.5385602307217854,session_low|below|1068.712,session_low|below|1068.712|3126,session
3152,3152,below,3152203.0,support,1059.338,0.6,4.0,657,3148,3,1,tradeable_sweep_candidate,0,1,0,0.6622081262062935,0.8358328115541088,0,0,0,1,0.6391913235428061,8.0,0.24555655026919324,0.24555655026919324,,,London,0.8878426013966183,support|below|1059.338,support|below|1059.338|3148,s_r
3161,3160,above,3160102.0,previous_week_high,1075.221,0.6000000000000001,19.0,3139,3141,4,1,tradeable_sweep_candidate,0,1,0,0.7258333333333334,0.6908242025002068,0,0,0,1,1.5381727670420988,8.0,0.19327115835442094,0.19327115835442094,,,London,4.826541470829957,previous_week_high|above|1075.221,previous_week_high|above|1075.221|3141,prior_period
3162,3161,above,3161101.0,resistance,1081.1259336543635,0.55,48.0,652,3113,4,0,micro_interaction_sweep,1,0,0,0.46898740082796797,0.19327115835442094,0,0,0,1,0.27455183540325323,7.0,1.2935963717771457,1.2935963717771457,,,Overlap,6.757855909081961,resistance|above|1081.1259,resistance|above|1081.1259|3113,s_r
3184,3184,below,3184201.0,support,1095.8055,0.6116749504819259,6.0,3179,3178,3,1,tradeable_sweep_candidate,0,1,0,0.7004643284628098,0.3267645131574768,0,0,0,1,0.5587892417566164,8.0,0.8014177969457671,0.8014177969457671,,,London,2.136308808342819,support|below|1095.8055,support|below|1095.8055|3178,s_r
3189,3187,above,3187101.0,session_high,1104.171,0.55,3.0,3184,3184,4,0,micro_interaction_sweep,1,0,0,0.5535150366028638,0.06591263608777728,0,0,0,1,0.5871449945283992,8.0,-0.07062824953666752,0.07062824953666752,prev_ny_high,completed_previous_session_only,Dead,0.8715702842465525,session_high|above|1104.171,session_high|above|1104.171|3184,session
3202,3201,below,3201202.0,session_low,1083.401,0.5,4.0,3196,3197,4,1,tradeable_sweep_candidate,0,1,0,0.586191768719051,0.2953268262338243,0,0,0,1,0.4867913738765979,10.0,-0.07704492472861846,0.07704492472861846,prev_london_low,completed_previous_session_only,Asia,0.5540746063522285,session_low|below|1083.401,session_low|below|1083.401|3197,session
3204,3204,above,3204101.0,resistance,1093.1779999999999,0.5712495121595775,8.0,3199,3196,3,0,micro_interaction_sweep,1,0,0,0.4859435026477943,0.15127805663663882,1,1,0,1,0.27449447818641654,10.0,0.0240838887875671,0.0240838887875671,,,NY,1.8210769197676975,resistance|above|1093.178,resistance|above|1093.178|3196,s_r
3211,3209,below,3209201.0,previous_day_low,1079.714,0.55,6.0,3201,3203,4,0,standard_liquidity_sweep,0,1,0,0.5891666666666667,1.3678240307653953,0,0,0,1,1.213876712474602,8.0,-0.9695146030352751,0.9695146030352751,,,Overlap,2.236875712846402,previous_day_low|below|1079.714,previous_day_low|below|1079.714|3203,prior_period
3215,3214,above,3214101.0,session_high,1093.1,0.45,5.0,3209,3209,4,0,standard_liquidity_sweep,0,1,0,0.6133382141091169,1.9007914564687127,0,0,0,1,0.583425847324711,10.0,0.0095620863338198,0.0095620863338198,prev_london_high,completed_previous_session_only,London,2.900465722843362,session_high|above|1093.1,session_high|above|1093.1|3209,session
3222,3222,below,3222201.0,support,1087.504,0.6116749504819259,6.0,3217,3216,3,0,micro_interaction_sweep,1,0,0,0.49720195291499536,0.20804049792566076,0,0,1,1,0.2565413715696181,8.0,0.4057132397051006,0.4057132397051006,,,Dead,0.7343498624576685,support|below|1087.504,support|below|1087.504|3216,s_r
3224,3224,above,3224101.0,resistance,1091.5005,0.55,8.0,3217,3216,3,0,standard_liquidity_sweep,0,1,0,0.5595969805028921,0.4743034991212843,0,0,0,1,0.40395669401415746,10.0,0.7338072869379891,0.7338072869379891,,,Asia,0.4743034991212843,resistance|above|1091.5005,resistance|above|1091.5005|3216,s_r
3225,3225,below,3225202.0,support,1085.37,0.6,3.0,3222,3222,3,0,displacement_confirmed_sweep,0,1,1,0.611233621390334,0.31469651741428417,0,0,1,1,0.47337613930293526,10.0,-0.016970367862000273,0.016970367862000273,,,London,0.7691859741848102,support|below|1085.37,support|below|1085.37|3222,s_r
3228,3227,above,3227105.0,session_high,1091.554,0.45,10.0,3217,3217,4,0,standard_liquidity_sweep,0,1,0,0.5758333333333333,0.2536638788121088,0,0,0,1,2.2598151768456614,10.0,0.6634704905780388,0.6634704905780388,prev_ny_high,completed_previous_session_only,NY,0.901465940828246,session_high|above|1091.554,session_high|above|1091.554|3217,session
3264,3263,above,3263101.0,previous_day_high,1122.922,0.6,5.0,3257,3258,4,0,displacement_confirmed_sweep,0,1,1,0.6191606704817735,1.357637882920678,0,0,1,1,0.9332733714844011,9.0,-0.2910959135820668,0.2910959135820668,,,NY,1.357637882920678,previous_day_high|above|1122.922,previous_day_high|above|1122.922|3258,prior_period
3265,3265,above,3265101.0,session_high,1120.747,0.45,3.0,3262,3262,3,0,micro_interaction_sweep,1,0,0,0.4732169897304889,0.10981417046724301,0,0,1,1,0.3080424743262222,9.0,0.6095655312063764,0.6095655312063764,prev_london_high,completed_previous_session_only,Asia,0.9083283279370566,session_high|above|1120.747,session_high|above|1120.747|3262,session
3268,3267,below,3267201.0,previous_day_low,1114.796,0.6,3.0,3262,3264,4,1,tradeable_sweep_candidate,0,1,0,0.6549149798228424,0.6875711785175268,0,0,0,1,0.9275441814713755,9.0,-0.17162211634361993,0.17162211634361993,,,London,0.9632632161508252,previous_day_low|below|1114.796,previous_day_low|below|1114.796|3264,prior_period
3282,3281,above,3281101.0,previous_week_high,1127.994,0.6000000000000001,16.0,3263,3265,4,0,micro_interaction_sweep,1,0,0,0.511096157527604,0.15644195106814482,0,0,0,1,0.33815706048567645,8.0,-0.04022471578914296,0.04022471578914296,,,NY,2.8196565674341483,previous_week_high|above|1127.994,previous_week_high|above|1127.994|3265,prior_period
3303,3302,above,3302101.0,previous_day_high,1157.341,0.6,2.0,3299,3300,4,0,displacement_confirmed_sweep,0,1,1,0.5946806506189409,0.5650871444615155,1,0,0,1,0.29711829321401895,8.0,-0.27018860397312316,0.27018860397312316,,,Asia,0.5650871444615155,previous_day_high|above|1157.341,previous_day_high|above|1157.341|3300,prior_period
3304,3303,below,3303202.0,session_low,1154.003,0.45,3.0,3300,3300,4,0,displacement_confirmed_sweep,0,1,1,0.6288301158166103,0.8654952442782164,1,1,0,1,1.3564470117140157,7.0,-0.5642584525472681,0.5642584525472681,prev_ny_low,completed_previous_session_only,London,0.8654952442782164,session_low|below|1154.003,session_low|below|1154.003|3300,session
3315,3315,above,3315101.0,session_high,1192.477,0.45,5.0,3310,3310,3,1,tradeable_sweep_candidate,0,1,0,0.6277524332869302,0.41145865755256344,0,0,0,1,0.712667654054767,8.0,0.3828991359313028,0.3828991359313028,prev_london_high,completed_previous_session_only,London,0.41145865755256344,session_high|above|1192.477,session_high|above|1192.477|3310,session
3321,3320,below,3320202.0,session_low,1187.214,0.5,4.0,3316,3316,4,0,standard_liquidity_sweep,0,1,0,0.6199120253105962,0.42490132030284383,0,0,0,1,0.4699704817893142,8.0,-0.3757628164167417,0.3757628164167417,prev_ny_low,completed_previous_session_only,Asia,0.8288111125018334,session_low|below|1187.214,session_low|below|1187.214|3316,session
3340,3340,below,3340201.0,support,1206.2126744186048,0.55,14.0,3339,3326,3,0,standard_liquidity_sweep,0,1,0,0.4589877761315252,0.2845845305322409,0,0,0,1,0.22038610699547953,10.0,0.24890254406520998,0.24890254406520998,,,Overlap,3.463066194488734,support|below|1206.2127,support|below|1206.2127|3326,s_r
3375,3375,above,3375101.0,resistance,1222.754871267001,0.65,8.0,3372,3367,3,0,micro_interaction_sweep,1,0,0,0.551052829818252,0.20197066202531086,0,0,0,1,0.2987397294033858,9.0,0.06859335683717001,0.06859335683717001,,,Overlap,1.9121711523167886,resistance|above|1222.7549,resistance|above|1222.7549|3367,s_r
3381,3380,above,3380101.0,previous_week_high,1239.861,0.55,14.0,3366,3366,4,1,tradeable_sweep_candidate,0,1,0,0.6854765887021337,0.41624979361886566,0,0,0,1,1.0510944927792945,8.0,-0.9271117710896665,0.9271117710896665,,,London,3.723661382677798,previous_week_high|above|1239.861,previous_week_high|above|1239.861|3366,prior_period
3382,3379,above,3379101.0,previous_day_high,1232.553,0.55,1.0,3377,3378,4,0,standard_liquidity_sweep,0,1,0,0.526954232693151,0.8583909340285141,0,0,0,1,0.6195423269315103,10.0,-0.3955872738395303,0.3955872738395303,,,Asia,0.8583909340285141,previous_day_high|above|1232.553,previous_day_high|above|1232.553|3378,prior_period
3385,3385,above,3385101.0,resistance,1238.864,0.5545512284817978,5.0,3380,3380,3,0,micro_interaction_sweep,1,0,0,0.48196188829703146,0.22828693599383282,0,0,0,1,0.2544928577739637,10.0,0.3602458291296985,0.3602458291296985,,,Asia,1.003507944726131,resistance|above|1238.864,resistance|above|1238.864|3380,s_r
3386,3386,below,3386201.0,support,1232.0295,0.55,6.0,3381,3380,3,0,standard_liquidity_sweep,0,1,0,0.6172015066881472,0.30735181707063575,0,0,0,1,0.47066065905293814,10.0,0.346115468893589,0.346115468893589,,,London,1.7423684334845428,support|below|1232.0295,support|below|1232.0295|3380,s_r
3387,3387,above,3387101.0,resistance,1238.819,0.5568898202340519,5.0,3383,3382,3,0,standard_liquidity_sweep,0,1,0,0.5292191204662381,0.30313193435357544,0,0,0,1,0.26315117549779754,10.0,0.4276269855982318,0.4276269855982318,,,Overlap,0.99913048665006,resistance|above|1238.819,resistance|above|1238.819|3382,s_r
3391,3391,below,3391201.0,session_low,1232.347,0.5,5.0,3386,3386,3,0,standard_liquidity_sweep,0,1,0,0.4909692164975806,0.6578465390760633,0,0,0,1,0.3211730412439514,9.0,0.035254438189363975,0.035254438189363975,prev_ny_low,completed_previous_session_only,Asia,0.6578465390760633,session_low|below|1232.347,session_low|below|1232.347|3386,session
3395,3393,below,3393203.0,previous_day_low,1225.456,0.5,3.0,3390,3390,4,0,standard_liquidity_sweep,0,1,0,0.5766666666666668,0.13362167456424048,0,0,0,1,1.3362819748889845,9.0,0.06098593729851714,0.06098593729851714,,,Overlap,1.3660515852833988,previous_day_low|below|1225.456,previous_day_low|below|1225.456|3390,prior_period
3396,3396,above,3396101.0,previous_day_high,1226.628,0.55,1.0,3395,3395,3,0,micro_interaction_sweep,1,0,0,0.44559676410328186,0.09808493204507912,0,0,0,1,0.18690857692487134,10.0,0.006189697715744801,0.006189697715744801,,,Asia,0.09808493204507912,previous_day_high|above|1226.628,previous_day_high|above|1226.628|3395,prior_period
3403,3401,above,3401101.0,swing_high,1242.716,0.4,12.0,3387,3389,4,1,tradeable_sweep_candidate,0,1,0,0.517819548021562,0.4723062451241489,0,0,0,1,0.6113641074488633,10.0,-0.13340581681202537,0.13340581681202537,,,Dead,2.005258816503732,swing_high|above|1242.716,swing_high|above|1242.716|3389,swing
3423,3421,above,3421101.0,previous_day_high,1268.275,0.6,2.0,3418,3419,4,1,tradeable_sweep_candidate,0,1,0,0.6832518495665817,0.7614173370083641,0,0,0,1,0.7325184956658172,6.0,-0.5927973751962148,0.5927973751962148,,,Asia,0.890123708902139,previous_day_high|above|1268.275,previous_day_high|above|1268.275|3419,prior_period
3428,3428,above,3428101.0,resistance,1268.7448695652174,0.6,3.0,3426,3425,3,0,micro_interaction_sweep,1,0,0,0.5562121985464179,0.05373159940929714,0,0,0,1,0.33723443910650547,8.0,0.001471471883477343,0.001471471883477343,,,London,0.7115421237265497,resistance|above|1268.7449,resistance|above|1268.7449|3425,s_r
3431,3431,above,3431101.0,resistance,1268.8618787878788,0.65,6.0,3426,3425,3,0,micro_interaction_sweep,1,0,0,0.5104415485102725,0.17074430316077036,0,0,0,1,0.2656872046090143,8.0,0.27428236107244175,0.27428236107244175,,,Dead,0.72232549340853,resistance|above|1268.8619,resistance|above|1268.8619|3425,s_r
3441,3440,below,3440201.0,previous_day_low,1251.523,0.55,2.0,3437,3438,4,0,standard_liquidity_sweep,0,1,0,0.6307995626978036,0.5981807037895052,0,0,0,1,0.9312765010938231,10.0,-0.5716200482489361,0.5716200482489361,,,London,0.5981807037895052,previous_day_low|below|1251.523,previous_day_low|below|1251.523|3438,prior_period
3447,3446,below,3446201.0,support,1243.4700276055041,0.65,6.0,3440,3440,4,0,standard_liquidity_sweep,0,1,0,0.6502618418374103,0.5175933319126683,0,0,0,1,0.5417765011994127,10.0,1.9875739437739908,1.9875739437739908,,,London,1.1942633293905183,support|below|1243.47,support|below|1243.47|3440,s_r
3449,3449,above,3449104.0,previous_week_high,1279.766,0.55,23.0,3426,3426,3,0,standard_liquidity_sweep,0,1,0,0.5446648312066517,0.779657533469804,0,0,0,1,0.38046687600755297,9.0,0.17422705489790397,0.17422705489790397,,,Dead,3.8011542006277534,previous_week_high|above|1279.766,previous_week_high|above|1279.766|3426,prior_period
3474,3473,below,3473201.0,session_low,1231.188,0.45,4.0,3469,3469,4,0,micro_interaction_sweep,1,0,0,0.4719686707854655,0.06237940917056162,0,1,0,1,2.3563558981295833,10.0,2.747630465829294,2.747630465829294,prev_ny_low,completed_previous_session_only,Overlap,0.4029756191409967,session_low|below|1231.188,session_low|below|1231.188|3469,session
3479,3477,above,3477103.0,previous_day_high,1263.869,0.6,2.0,3474,3475,4,1,tradeable_sweep_candidate,0,1,0,0.5931652147260997,0.5716659674457386,0,0,0,1,0.7445369686295752,10.0,0.07751401806810038,0.07751401806810038,,,Asia,0.9830830191524088,previous_day_high|above|1263.869,previous_day_high|above|1263.869|3475,prior_period
3486,3483,below,3483201.0,previous_day_low,1254.424,0.55,5.0,3478,3478,4,0,standard_liquidity_sweep,0,1,0,0.4115617941471153,1.093477539263163,0,0,0,1,0.2414044853677882,8.0,-0.06251643296321795,0.06251643296321795,,,Asia,1.11602877540953,previous_day_low|below|1254.424,previous_day_low|below|1254.424|3478,prior_period
3487,3487,below,3487201.0,support,1247.661068472721,0.65,3.0,3484,3484,3,0,standard_liquidity_sweep,0,1,0,0.7143440509846742,0.86244598746723,0,0,0,1,0.6434405098467427,9.0,0.8533519426625241,0.8533519426625241,,,NY,0.86244598746723,support|below|1247.6611,support|below|1247.6611|3484,s_r
3496,3496,above,3496102.0,resistance,1255.1921212121213,0.6,12.0,3491,3484,3,1,tradeable_sweep_candidate,0,1,1,0.564858479088723,0.8363581722996215,0,1,0,1,0.3738117251768086,6.0,-0.2875935731368634,0.2875935731368634,,,Asia,1.431676688963429,resistance|above|1255.1921,resistance|above|1255.1921|3484,s_r
3498,3496,above,3496101.0,session_high,1249.206,0.45,4.0,3492,3492,4,0,displacement_confirmed_sweep,0,1,1,0.56,0.04557542965545739,0,1,0,1,0.3738117251768086,6.0,-0.2875935731368634,0.2875935731368634,prev_london_high,completed_previous_session_only,Asia,0.6889049639012652,session_high|above|1249.206,session_high|above|1249.206|3492,session
3508,3508,below,3508201.0,support,1214.916556153313,0.5500885646784497,5.0,3507,3503,3,0,standard_liquidity_sweep,0,1,0,0.6027313050956072,0.019491871994911668,0,0,0,1,0.626028036999458,8.0,0.5038715528057842,0.5038715528057842,,,Asia,1.164230844485576,support|below|1214.9166,support|below|1214.9166|3503,s_r
3514,3513,below,3513202.0,support,1208.608,0.65,5.0,3508,3508,4,0,standard_liquidity_sweep,0,1,0,0.5058372211017022,0.7065805691026965,0,0,0,1,0.3041763860875886,9.0,-0.24112474458757144,0.24112474458757144,,,Dead,1.6600935028793185,support|below|1208.608,support|below|1208.608|3508,s_r
3546,3546,below,3546201.0,previous_day_low,1216.147,0.5,1.0,3545,3545,3,0,micro_interaction_sweep,1,0,0,0.45230307040781775,0.0115147967158177,1,0,0,1,0.21409100935287767,8.0,0.10383627901992766,0.10383627901992766,,,Asia,0.0115147967158177,previous_day_low|below|1216.147,previous_day_low|below|1216.147|3545,prior_period
3562,3559,below,3559201.0,previous_day_low,1223.9,0.55,2.0,3557,3557,4,0,standard_liquidity_sweep,0,1,0,0.565,0.18177984654113485,0,0,0,1,1.128025594812942,7.0,-0.3062553565535187,0.3062553565535187,,,London,0.5229436786773153,previous_day_low|below|1223.9,previous_day_low|below|1223.9|3557,prior_period
3583,3583,above,3583102.0,previous_day_high,1259.891,0.5,1.0,3582,3582,3,0,displacement_confirmed_sweep,0,1,1,0.5442615467227299,0.41031598855116214,0,0,1,1,0.24639637907764034,8.0,0.335102121236344,0.335102121236344,,,Asia,0.41031598855116214,previous_day_high|above|1259.891,previous_day_high|above|1259.891|3582,prior_period
3584,3584,above,3584101.0,session_high,1258.161,0.45,5.0,3579,3579,3,0,displacement_confirmed_sweep,0,1,1,0.6448909311536262,0.2663456532798611,0,0,1,1,0.6044645063151011,9.0,0.5621476432501389,0.5621476432501389,prev_london_high,completed_previous_session_only,London,0.5685641592797656,session_high|above|1258.161,session_high|above|1258.161|3579,session
3610,3610,below,3610201.0,support,1233.289,0.55,4.0,3607,3606,3,0,displacement_confirmed_sweep,0,1,1,0.48643473416796473,0.29351849787245776,1,1,0,1,0.26817016875324523,8.0,0.0199610279215204,0.0199610279215204,,,Overlap,0.6129357577655044,support|below|1233.289,support|below|1233.289|3606,s_r
3611,3608,above,3608103.0,session_high,1231.935,0.45,6.0,3602,3602,4,0,displacement_confirmed_sweep,0,1,1,0.5399999999999999,0.10947097839412136,1,0,0,1,1.1814940879078595,10.0,0.3256836115725477,0.3256836115725477,prev_asia_high,completed_previous_session_only,Asia,0.3701616313490142,session_high|above|1231.935,session_high|above|1231.935|3602,session
3622,3621,above,3621102.0,session_high,1252.055,0.45,3.0,3618,3618,4,0,standard_liquidity_sweep,0,1,0,0.4761914136253338,0.5989099354130833,0,0,0,1,0.3251231988004053,10.0,0.16329355911916862,0.16329355911916862,prev_ny_high,completed_previous_session_only,London,0.5989099354130833,session_high|above|1252.055,session_high|above|1252.055|3618,session
3624,3623,below,3623202.0,session_low,1246.935,0.5,5.0,3618,3618,4,0,displacement_confirmed_sweep,0,1,1,0.5645279176981498,0.5042385660569508,0,1,0,1,0.7619458436481649,10.0,-0.1471985519382322,0.1471985519382322,prev_london_low,completed_previous_session_only,NY,0.9896189952426553,session_low|below|1246.935,session_low|below|1246.935|3618,session
3627,3627,above,3627102.0,previous_week_high,1262.609,0.55,20.0,3607,3607,3,1,tradeable_sweep_candidate,0,1,0,0.7175186170613042,0.46210935338340803,0,0,0,1,0.8418528372797075,7.0,1.3113810230142453,1.3113810230142453,,,London,4.793363257927339,previous_week_high|above|1262.609,previous_week_high|above|1262.609|3607,prior_period
3630,3630,below,3630201.0,session_low,1246.361,0.55,3.0,3627,3627,3,0,standard_liquidity_sweep,0,1,0,0.4917193524693151,0.39234254840779004,0,0,0,1,0.3022150478399544,10.0,0.3804534612401156,0.3804534612401156,prev_ny_low,completed_previous_session_only,Dead,0.4640212662624855,session_low|below|1246.361,session_low|below|1246.361|3627,session
3647,3646,above,3646101.0,equal_high,1242.240678538579,0.7,6.0,637,3640,4,0,standard_liquidity_sweep,0,1,0,0.47766972464650265,1.450452761874851,0,0,0,1,0.20250764494959003,8.0,0.0973670749508797,0.0973670749508797,,,London,1.450452761874851,equal_high|above|1242.2407,equal_high|above|1242.2407|3640,eqh_eql
3651,3650,above,3650103.0,session_high,1244.832,0.45,3.0,3647,3647,4,0,micro_interaction_sweep,1,0,0,0.51073136523949,0.08862544053790639,1,0,1,1,0.4414117464320582,10.0,-0.10247615456036635,0.10247615456036635,prev_london_high,completed_previous_session_only,Asia,0.3966831806194452,session_high|above|1244.832,session_high|above|1244.832|3647,session
3652,3652,above,3652102.0,resistance,1247.553319239632,0.6067949835388587,19.0,3650,3633,3,0,displacement_confirmed_sweep,0,1,1,0.5792981619602585,0.46397312004804564,1,0,1,1,0.32522222479237495,9.0,0.049937564115529756,0.049937564115529756,,,London,2.2434131738805876,resistance|above|1247.5533,resistance|above|1247.5533|3633,s_r
3654,3653,above,3653101.0,previous_day_high,1246.766,0.5,3.0,3650,3650,4,0,displacement_confirmed_sweep,0,1,1,0.5883860338040191,0.3565383545898671,1,0,1,1,0.8755270047068568,9.0,-0.025910095273872693,0.025910095273872693,,,Overlap,0.3565383545898671,previous_day_high|above|1246.766,previous_day_high|above|1246.766|3650,prior_period
3656,3655,below,3655203.0,session_low,1243.298,0.5,3.0,3652,3652,4,1,tradeable_sweep_candidate,0,1,1,0.6542945123304044,0.24893071578478132,1,1,0,1,1.0503717133868897,9.0,-0.060439747927108205,0.060439747927108205,prev_london_low,completed_previous_session_only,Dead,0.5335723009791807,session_low|below|1243.298,session_low|below|1243.298|3652,session
3671,3670,above,3670102.0,previous_day_high,1295.92,0.5,1.0,3669,3669,4,1,tradeable_sweep_candidate,0,1,0,0.6437187470414013,0.3555903612869395,0,0,0,1,0.6884566679714945,8.0,-0.22575303713253908,0.22575303713253908,,,Asia,0.3555903612869395,previous_day_high|above|1295.92,previous_day_high|above|1295.92|3669,prior_period
3673,3672,below,3672202.0,previous_day_low,1289.663,0.55,4.0,3668,3668,4,0,standard_liquidity_sweep,0,1,0,0.4637563584890446,0.4647490864715577,0,0,0,1,0.26147422955594485,8.0,0.08577367508654934,0.08577367508654934,,,Overlap,1.1336560724421378,previous_day_low|below|1289.663,previous_day_low|below|1289.663|3668,prior_period
3683,3682,below,3682201.0,previous_day_low,1279.549,0.5,1.0,3681,3681,4,0,standard_liquidity_sweep,0,1,0,0.6150880370872379,0.12500454436787975,0,0,0,1,0.5107306734291317,10.0,-0.3198934650691541,0.3198934650691541,,,Asia,0.12500454436787975,previous_day_low|below|1279.549,previous_day_low|below|1279.549|3681,prior_period
3690,3690,below,3690201.0,support,1274.5055,0.55,26.0,3689,3664,3,0,displacement_confirmed_sweep,0,1,1,0.5864460446671442,0.30599923704472587,0,0,1,1,0.48579738017506385,9.0,0.013800879201869466,0.013800879201869466,,,Overlap,3.084540713455052,support|below|1274.5055,support|below|1274.5055|3664,s_r
3709,3708,below,3708203.0,session_low,1262.913,0.5,5.0,3703,3703,4,0,standard_liquidity_sweep,0,1,0,0.5820808591627086,0.15488591837685428,0,0,0,1,0.2683272912863945,10.0,-0.07093410974044521,0.07093410974044521,prev_asia_low,completed_previous_session_only,London,0.46260986078307276,session_low|below|1262.913,session_low|below|1262.913|3703,session
3714,3714,above,3714101.0,resistance,1275.8845000000001,0.5534914005415432,12.0,3714,3702,3,0,standard_liquidity_sweep,0,1,0,0.5777216734577125,0.29031618046102947,0,0,0,1,0.3620158467313452,9.0,0.18760779817315762,0.18760779817315762,,,London,2.0997464395003944,resistance|above|1275.8845,resistance|above|1275.8845|3702,s_r
3720,3719,below,3719201.0,previous_week_low,1268.792,0.65,19.0,3700,3700,4,1,tradeable_sweep_candidate,0,1,0,0.6190984282986607,0.26835214133685187,0,0,0,1,0.43684855786067556,10.0,-0.2756766279530925,0.2756766279530925,,,Asia,1.477098248751758,previous_week_low|below|1268.792,previous_week_low|below|1268.792|3700,prior_period
3721,3721,below,3721201.0,support,1269.1180000000002,0.65,21.0,3700,3700,3,0,standard_liquidity_sweep,0,1,0,0.566603533555356,0.5306477679875875,0,0,0,1,0.34264666000097976,9.0,0.1741582490097193,0.1741582490097193,,,Overlap,1.4337089868042512,support|below|1269.118,support|below|1269.118|3700,s_r
3733,3731,above,3731101.0,swing_high,1280.85,0.4,9.0,3720,3722,4,0,standard_liquidity_sweep,0,1,0,0.5398854508982736,0.5820544381994063,0,0,0,1,0.42199864508703416,9.0,-0.084456602150173,0.084456602150173,,,Asia,2.14144974712326,swing_high|above|1280.85,swing_high|above|1280.85|3722,swing
3737,3736,above,3736101.0,previous_day_high,1279.397,0.5,5.0,3731,3731,4,0,standard_liquidity_sweep,0,1,0,0.4283193176446099,0.6476664699937045,0,0,0,1,0.21454829411152465,10.0,-0.07512035761995121,0.07512035761995121,,,Dead,0.9369903043266131,previous_day_high|above|1279.397,previous_day_high|above|1279.397|3731,prior_period
3738,3738,below,3738202.0,support,1272.3063333333332,0.55,10.0,3734,3728,3,0,standard_liquidity_sweep,0,1,0,0.5389061758342726,0.4610729801401027,0,0,0,1,0.38634833721868855,9.0,-0.2245230080754688,0.2245230080754688,,,Asia,1.4588767153150235,support|below|1272.3063,support|below|1272.3063|3728,s_r
3739,3739,below,3739201.0,session_low,1272.401,0.5,5.0,3734,3734,3,0,micro_interaction_sweep,1,0,0,0.6409344059756898,0.21668252207917374,0,0,0,1,0.49441229085517735,10.0,1.1654577917964755,1.1654577917964755,prev_ny_low,completed_previous_session_only,London,1.0704650960842483,session_low|below|1272.401,session_low|below|1272.401|3734,session
3740,3739,below,3739202.0,previous_day_low,1270.043,0.5,2.0,3737,3737,4,0,standard_liquidity_sweep,0,1,0,0.4395893097425074,0.552825539883605,0,0,0,1,0.49441229085517735,10.0,1.1654577917964755,1.1654577917964755,,,London,0.7844909073251501,previous_day_low|below|1270.043,previous_day_low|below|1270.043|3737,prior_period
3765,3764,below,3764201.0,previous_day_low,1247.833,0.65,3.0,3760,3761,4,1,tradeable_sweep_candidate,0,1,0,0.6158899888282017,0.1306827759876361,0,0,0,1,0.7680584927101711,7.0,-0.08823816645810834,0.08823816645810834,,,London,1.0528843893074504,previous_day_low|below|1247.833,previous_day_low|below|1247.833|3761,prior_period
3773,3772,below,3772201.0,equal_low,1226.9295000000002,0.5591076268187041,158.0,634,3614,4,0,micro_interaction_sweep,1,0,0,0.4116980081503367,0.19371381840558363,0,0,0,1,0.1048027536141516,6.0,0.06673120315072413,0.06673120315072413,,,NY,9.207930961241946,equal_low|below|1226.9295,equal_low|below|1226.9295|3614,eqh_eql
3777,3775,below,3775201.0,previous_day_low,1223.082,0.5,1.0,3774,3774,4,0,micro_interaction_sweep,1,0,0,0.513617805762141,0.15934529525877336,1,0,0,1,0.44368688182830995,6.0,-0.292269930093259,0.292269930093259,,,Asia,0.15934529525877336,previous_day_low|below|1223.082,previous_day_low|below|1223.082|3774,prior_period
3780,3779,above,3779101.0,session_high,1228.917,0.45,3.0,3776,3776,4,0,displacement_confirmed_sweep,0,1,1,0.5681855283643755,0.9863758436645453,0,1,0,1,0.7985219503104208,8.0,-0.5009674551421066,0.5009674551421066,prev_asia_high,completed_previous_session_only,Dead,1.2432167797405769,session_high|above|1228.917,session_high|above|1228.917|3776,session
3786,3785,below,3785201.0,equal_low,1217.3305,0.65,5.0,670,3780,4,1,tradeable_sweep_candidate,0,1,0,0.6320230803730146,0.38321526869539013,0,0,0,1,0.8355208209499715,5.0,-0.5925407907653973,0.5925407907653973,,,Dead,1.7682169339140077,equal_low|below|1217.3305,equal_low|below|1217.3305|3780,eqh_eql
3790,3789,below,3789201.0,previous_day_low,1211.416,0.6,3.0,3785,3786,4,0,standard_liquidity_sweep,0,1,0,0.6009249890723213,0.21525758027075373,0,0,0,1,0.6675832240565458,7.0,-0.3628592982423945,0.3628592982423945,,,Overlap,1.424093059123391,previous_day_low|below|1211.416,previous_day_low|below|1211.416|3786,prior_period
3794,3792,below,3792201.0,previous_day_low,1206.616,0.55,1.0,3789,3791,4,0,standard_liquidity_sweep,0,1,0,0.593366650356827,0.33966144623375105,0,0,0,1,0.9586665035682703,7.0,-0.44115253362088996,0.44115253362088996,,,Dead,0.33966144623375105,previous_day_low|below|1206.616,previous_day_low|below|1206.616|3791,prior_period
3808,3808,below,3808202.0,support,1209.002194285027,0.6,8.0,3805,3800,3,0,standard_liquidity_sweep,0,1,0,0.5422232892946448,0.3394992280187775,0,0,0,1,0.3013222006764114,8.0,0.13956378011257473,0.13956378011257473,,,Overlap,1.2509262869196194,support|below|1209.0022,support|below|1209.0022|3800,s_r
3810,3807,below,3807203.0,session_low,1214.194,0.45,3.0,3804,3804,4,0,standard_liquidity_sweep,0,1,0,0.5123906019341659,0.3462401172001477,0,0,0,1,0.2803193700404781,8.0,-0.2849959027814595,0.2849959027814595,prev_ny_low,completed_previous_session_only,London,0.39479669492517533,session_low|below|1214.194,session_low|below|1214.194|3804,session
3816,3815,below,3815201.0,session_low,1210.16,0.5,5.0,3810,3810,4,0,displacement_confirmed_sweep,0,1,1,0.5578741933711374,0.127087948610211,1,0,0,1,0.6120752670447069,9.0,-0.3893012620462088,0.3893012620462088,prev_london_low,completed_previous_session_only,NY,1.1662098077540757,session_low|below|1210.16,session_low|below|1210.16|3810,session
3826,3825,below,3825201.0,previous_day_low,1241.298,0.5,1.0,3824,3824,4,0,micro_interaction_sweep,1,0,0,0.49017679230599653,0.04771438520479872,0,0,0,1,0.28095372975489447,9.0,-0.0747381489768882,0.0747381489768882,,,Asia,0.04771438520479872,previous_day_low|below|1241.298,previous_day_low|below|1241.298|3824,prior_period
3832,3832,below,3832202.0,support,1239.8759696969698,0.55,7.0,3830,3825,3,0,displacement_confirmed_sweep,0,1,1,0.6583044625265713,0.20243706215290524,0,1,0,1,0.8422930641111458,10.0,0.16401157404485808,0.16401157404485808,,,London,0.9298146455427527,support|below|1239.876,support|below|1239.876|3825,s_r
3841,3841,above,3841102.0,resistance,1264.288,0.55,3.0,3838,3838,3,0,standard_liquidity_sweep,0,1,0,0.5078334147305402,0.41356778415073664,0,0,0,1,0.2925468786244427,7.0,0.04430701041717104,0.04430701041717104,,,Dead,0.6758652511948255,resistance|above|1264.288,resistance|above|1264.288|3838,s_r
3864,3863,above,3863101.0,resistance,1287.142,0.65,6.0,3857,3857,4,0,standard_liquidity_sweep,0,1,0,0.5470741861183923,1.0488577424261336,0,0,0,1,0.3302819538384658,8.0,0.21487754311411822,0.21487754311411822,,,London,1.3367702883006722,resistance|above|1287.142,resistance|above|1287.142|3857,s_r
3866,3863,above,3863102.0,session_high,1284.611,0.45,3.0,3860,3860,4,0,standard_liquidity_sweep,0,1,0,0.5323705699878524,0.59967687168494,0,0,0,1,0.3302819538384658,8.0,0.21487754311411822,0.21487754311411822,prev_ny_high,completed_previous_session_only,London,0.883053565799816,session_high|above|1284.611,session_high|above|1284.611|3860,session
3879,3878,below,3878201.0,previous_day_low,1278.376,0.55,7.0,3869,3871,4,0,standard_liquidity_sweep,0,1,0,0.45321710063782533,0.3591697434726222,0,0,0,1,0.2142927515945632,9.0,0.3834544727492462,0.3834544727492462,,,Dead,4.597250053443299,previous_day_low|below|1278.376,previous_day_low|below|1278.376|3871,prior_period
3892,3891,above,3891103.0,previous_day_high,1292.223,0.5,5.0,3886,3886,4,0,displacement_confirmed_sweep,0,1,1,0.4230663126803439,0.4143937013709425,0,1,0,1,0.21183244836752635,10.0,0.22201126329174395,0.22201126329174395,,,Dead,1.2509754922678022,previous_day_high|above|1292.223,previous_day_high|above|1292.223|3886,prior_period
3898,3898,below,3898201.0,previous_day_low,1264.4,0.55,1.0,3897,3897,3,0,standard_liquidity_sweep,0,1,0,0.5772778760674095,0.5829274035763425,0,0,0,1,0.5644454273407624,10.0,0.024249706399119365,0.024249706399119365,,,Asia,0.5829274035763425,previous_day_low|below|1264.4,previous_day_low|below|1264.4|3897,prior_period
3900,3898,below,3898202.0,session_low,1265.318,0.45,3.0,3895,3895,4,0,standard_liquidity_sweep,0,1,0,0.5408520933281614,0.46892498421481194,0,0,0,1,0.5644454273407624,10.0,0.024249706399119365,0.024249706399119365,prev_london_low,completed_previous_session_only,Asia,0.46892498421481194,session_low|below|1265.318,session_low|below|1265.318|3895,session
3905,3904,above,3904103.0,previous_day_high,1269.974,0.55,4.0,3900,3900,4,0,displacement_confirmed_sweep,0,1,1,0.4570482857412239,0.6438451844056035,1,0,0,1,0.1568852841319244,10.0,0.30526626888126396,0.30526626888126396,,,Asia,0.9988082099402767,previous_day_high|above|1269.974,previous_day_high|above|1269.974|3900,prior_period
3906,3905,below,3905201.0,session_low,1259.768,0.45,5.0,3900,3900,4,0,displacement_confirmed_sweep,0,1,1,0.5253928500768343,0.6786938626645035,1,0,1,1,0.3482114805314543,10.0,0.04390231101692048,0.04390231101692048,prev_asia_low,completed_previous_session_only,Asia,0.9403359631332909,session_low|below|1259.768,session_low|below|1259.768|3900,session
3908,3908,below,3908202.0,support,1257.4590692630288,0.55,4.0,816,3904,3,0,displacement_confirmed_sweep,0,1,1,0.6347084936198136,0.4922357792230769,1,0,1,1,1.0389541188734086,9.0,0.0646023751335042,0.0646023751335042,,,NY,0.9717660752135575,support|below|1257.4591,support|below|1257.4591|3904,s_r
3909,3908,below,3908203.0,session_low,1260.965,0.45,5.0,3903,3903,4,0,displacement_confirmed_sweep,0,1,1,0.6799999999999999,0.0655919970584972,1,0,1,1,1.0389541188734086,9.0,0.0646023751335042,0.0646023751335042,prev_ny_low,completed_previous_session_only,NY,0.5270069081075472,session_low|below|1260.965,session_low|below|1260.965|3903,session
3933,3931,above,3931103.0,session_high,1319.479,0.45,5.0,3926,3926,4,0,standard_liquidity_sweep,0,1,0,0.5437757145877243,0.22034446469134708,0,0,0,1,0.6518086666850654,9.0,-0.07832441251385569,0.07832441251385569,prev_london_high,completed_previous_session_only,London,0.6177845715130059,session_high|above|1319.479,session_high|above|1319.479|3926,session
3957,3956,below,3956201.0,session_low,1346.25,0.45,3.0,3953,3953,4,0,displacement_confirmed_sweep,0,1,1,0.5215743047487857,0.35698312251845987,0,1,0,1,0.2948663811632541,8.0,-0.20906497591800807,0.20906497591800807,prev_ny_low,completed_previous_session_only,London,0.35698312251845987,session_low|below|1346.25,session_low|below|1346.25|3953,session
3963,3961,above,3961101.0,previous_day_high,1371.194,0.55,1.0,3959,3960,4,0,standard_liquidity_sweep,0,1,0,0.5623899531297281,0.3939162240909658,0,0,0,1,0.4528973387994055,6.0,-0.2938488950292003,0.2938488950292003,,,Asia,0.3939162240909658,previous_day_high|above|1371.194,previous_day_high|above|1371.194|3960,prior_period
3969,3968,below,3968202.0,previous_day_low,1359.11,0.5,2.0,3966,3966,4,0,standard_liquidity_sweep,0,1,0,0.5963334419310542,0.6597296568853667,0,0,0,1,0.98448868497043,7.0,0.1749192135583115,0.1749192135583115,,,London,0.8609677772236202,previous_day_low|below|1359.11,previous_day_low|below|1359.11|3966,prior_period
3971,3969,above,3969101.0,previous_week_high,1357.422,0.55,21.0,3948,3948,4,0,standard_liquidity_sweep,0,1,0,0.5441844106245748,0.4298980538418621,0,0,0,1,0.5918441062457479,9.0,-0.3410391761556666,0.3410391761556666,,,Overlap,1.7143156929859487,previous_week_high|above|1357.422,previous_week_high|above|1357.422|3948,prior_period
3974,3974,below,3974202.0,support,1351.2447462575874,0.7,16.0,829,3958,3,0,displacement_confirmed_sweep,0,1,1,0.7624999999999998,0.7378872859456836,0,0,1,1,1.548121404888807,9.0,0.08983206259602983,0.08983206259602983,,,London,2.5864050815231514,support|below|1351.2447,support|below|1351.2447|3958,s_r
3978,3977,above,3977101.0,equal_high,1370.775,0.65,2.0,706,3975,4,0,standard_liquidity_sweep,0,1,0,0.5708265271400759,0.6256098948636698,0,0,0,1,0.39421435919231007,8.0,-0.1807941447007395,0.1807941447007395,,,NY,0.8277754819468669,equal_high|above|1370.775,equal_high|above|1370.775|3975,eqh_eql
3979,3976,above,3976101.0,session_high,1362.892,0.45,5.0,3971,3971,4,0,micro_interaction_sweep,1,0,0,0.4870288858038055,0.02888295939702759,0,0,0,1,0.4717388811761804,8.0,-0.19729729706194288,0.19729729706194288,prev_ny_high,completed_previous_session_only,NY,0.8746140334700009,session_high|above|1362.892,session_high|above|1362.892|3971,session
3990,3988,below,3988201.0,previous_week_low,1334.887,0.55,9.0,3979,3979,4,0,standard_liquidity_sweep,0,1,0,0.5415150546690184,1.0972756602840643,0,0,0,1,0.5234838800235172,10.0,-0.09229280449189266,0.09229280449189266,,,Overlap,2.892028792975738,previous_week_low|below|1334.887,previous_week_low|below|1334.887|3979,prior_period
4018,4017,above,4017101.0,session_high,1331.341,0.5,5.0,4012,4012,4,0,micro_interaction_sweep,1,0,0,0.5489757957943538,0.19601559488059533,0,0,0,1,0.47748958084787274,9.0,-0.03963767273670038,0.03963767273670038,prev_ny_high,completed_previous_session_only,Asia,0.46133691873190985,session_high|above|1331.341,session_high|above|1331.341|4012,session
4046,4046,above,4046101.0,resistance,1318.4066666666668,0.55,4.0,4044,4042,3,0,standard_liquidity_sweep,0,1,0,0.5486090028273103,0.25084589093686577,0,0,0,1,0.42360584040160876,8.0,0.3693905325405597,0.3693905325405597,,,Dead,0.6392245841344354,resistance|above|1318.4067,resistance|above|1318.4067|4042,s_r
4062,4062,below,4062201.0,support,1335.193,0.6130791002340519,5.0,4058,4057,3,0,displacement_confirmed_sweep,0,1,1,0.5471335926090694,0.2905076326887389,1,0,0,1,0.3486646769379374,8.0,0.0003151161644021693,0.0003151161644021693,,,Overlap,0.7943849392010057,support|below|1335.193,support|below|1335.193|4057,s_r
4066,4066,below,4066202.0,support,1332.335,0.6,3.0,852,4063,3,0,displacement_confirmed_sweep,0,1,1,0.48383373453227785,0.30788658704648336,1,0,0,1,0.24016405216918377,10.0,0.1278555821564386,0.1278555821564386,,,Asia,0.7755922636520824,support|below|1332.335,support|below|1332.335|4063,s_r
4077,4075,above,4075101.0,previous_day_high,1351.664,0.55,4.0,4071,4071,4,0,standard_liquidity_sweep,0,1,0,0.4915549344376939,0.3196992735116377,0,0,0,1,0.3809706694275679,10.0,-0.18604437770130297,0.18604437770130297,,,Overlap,0.5973110430861889,previous_day_high|above|1351.664,previous_day_high|above|1351.664|4071,prior_period
4107,4105,above,4105101.0,session_high,1334.795,0.45,3.0,4102,4102,4,0,standard_liquidity_sweep,0,1,0,0.5089079902233866,0.5954263790660994,0,0,0,1,0.5307465689005332,10.0,-0.16631916252978332,0.16631916252978332,prev_ny_high,completed_previous_session_only,London,0.5954263790660994,session_high|above|1334.795,session_high|above|1334.795|4102,session
4124,4123,above,4123102.0,session_high,1347.349,0.5,3.0,4120,4120,4,0,displacement_confirmed_sweep,0,1,1,0.6008258508544594,0.20024023380411343,1,0,1,1,0.764017332657404,10.0,0.6516028890897874,0.6516028890897874,prev_asia_high,completed_previous_session_only,London,0.8080522951885872,session_high|above|1347.349,session_high|above|1347.349|4120,session
4128,4127,below,4127201.0,session_low,1339.978,0.45,4.0,4123,4123,4,0,micro_interaction_sweep,1,0,0,0.516916453406354,-0.00599010166990786,1,0,0,1,0.4464578001825516,9.0,-0.035034864489399534,0.035034864489399534,prev_asia_low,completed_previous_session_only,Asia,1.8978497887305665,session_low|below|1339.978,session_low|below|1339.978|4123,session
4130,4129,above,4129102.0,resistance,1353.219,0.6,4.0,867,4125,4,0,displacement_confirmed_sweep,0,1,1,0.557055340453601,2.09073130135419,1,0,0,1,0.3288619933053671,8.0,-0.06932153394778243,0.06932153394778243,,,London,2.2227778994940945,resistance|above|1353.219,resistance|above|1353.219|4125,s_r
4137,4136,below,4136201.0,support,1337.78,0.55,6.0,4130,4130,4,0,micro_interaction_sweep,1,0,0,0.4471501751859169,0.16999460128418423,0,0,1,1,0.23037543796479204,9.0,0.49975706112976004,0.49975706112976004,,,London,0.3085965237498996,support|below|1337.78,support|below|1337.78|4130,s_r
4148,4146,below,4146202.0,session_low,1344.532,0.45,4.0,4142,4142,4,0,micro_interaction_sweep,1,0,0,0.5576086258340843,0.03620230191038616,0,0,0,1,0.6148033014757561,10.0,0.1999373159573111,0.1999373159573111,prev_asia_low,completed_previous_session_only,Asia,0.601345891616366,session_low|below|1344.532,session_low|below|1344.532|4142,session
4149,4149,below,4149202.0,support,1341.0332553298808,0.7,7.0,4146,4142,3,0,standard_liquidity_sweep,0,1,0,0.741595365202998,0.943252746339702,0,0,0,1,0.9296384130662952,9.0,0.11398281870489627,0.11398281870489627,,,Overlap,1.1073477514505916,support|below|1341.0333,support|below|1341.0333|4142,s_r
4160,4160,below,4160201.0,previous_day_low,1345.354,0.5,2.0,4158,4158,3,0,standard_liquidity_sweep,0,1,0,0.6698108541899346,0.07634735695910387,0,0,0,1,1.2118534365738756,10.0,0.13191096108875772,0.13191096108875772,,,London,0.5546053301371028,previous_day_low|below|1345.354,previous_day_low|below|1345.354|4158,prior_period
4172,4172,above,4172102.0,resistance,1340.7136944444446,0.55,9.0,4171,4163,3,0,standard_liquidity_sweep,0,1,0,0.5013140068526907,0.30460862162790825,0,0,0,1,0.31578501713172663,9.0,0.07972726544966068,0.07972726544966068,,,Asia,1.2438669224344086,resistance|above|1340.7137,resistance|above|1340.7137|4163,s_r
4174,4173,above,4173101.0,previous_day_high,1340.009,0.5,2.0,4171,4171,4,0,displacement_confirmed_sweep,0,1,1,0.5747925177269602,0.2558384316190159,1,0,0,1,0.8645918439362676,10.0,-0.23876917005756032,0.23876917005756032,,,London,0.2558384316190159,previous_day_high|above|1340.009,previous_day_high|above|1340.009|4171,prior_period
4186,4185,below,4185201.0,previous_day_low,1322.431,0.65,3.0,4181,4182,4,0,standard_liquidity_sweep,0,1,0,0.6310231153015403,0.31161313405029195,0,0,0,1,0.926897819682069,7.0,-0.09122615357025084,0.09122615357025084,,,London,0.6751298829553924,previous_day_low|below|1322.431,previous_day_low|below|1322.431|4182,prior_period
4192,4191,above,4191103.0,session_high,1324.89,0.45,5.0,4186,4186,4,0,displacement_confirmed_sweep,0,1,1,0.6799999999999999,0.00848282860326383,1,0,0,1,2.6232740664488543,9.0,1.1029695189878652,1.1029695189878652,prev_london_high,completed_previous_session_only,London,0.6961651353863768,session_high|above|1324.89,session_high|above|1324.89|4186,session
4196,4195,below,4195201.0,equal_low,1318.0445,0.7,3.0,750,4192,4,0,standard_liquidity_sweep,0,1,0,0.6112567770370377,0.2633701766390795,0,0,0,1,0.6042344370370439,6.0,-0.17724746535188207,0.17724746535188207,,,Dead,0.428321884215138,equal_low|below|1318.0445,equal_low|below|1318.0445|4192,eqh_eql
4204,4204,below,4204201.0,session_low,1318.45,0.5,5.0,4199,4199,3,1,tradeable_sweep_candidate,0,1,0,0.5641867815450519,0.29693286540769764,0,0,0,1,0.3946380263990662,8.0,-0.003980212066552421,0.003980212066552421,prev_asia_low,completed_previous_session_only,London,0.9915924366295664,session_low|below|1318.45,session_low|below|1318.45|4199,session
4207,4205,below,4205201.0,previous_week_low,1314.053,0.6000000000000001,9.0,4195,4196,4,0,standard_liquidity_sweep,0,1,0,0.52187303038811,0.8710694107657801,0,0,0,1,0.40468257597027474,7.0,-0.17183563578892383,0.17183563578892383,,,Overlap,1.7778921559912004,previous_week_low|below|1314.053,previous_week_low|below|1314.053|4196,prior_period
4212,4210,below,4210201.0,previous_day_low,1309.091,0.6,3.0,4206,4207,4,0,standard_liquidity_sweep,0,1,0,0.6056794748109362,1.0523945854024497,0,0,0,1,0.9567947481093614,8.0,-0.07805182772754239,0.07805182772754239,,,London,1.197587602422329,previous_day_low|below|1309.091,previous_day_low|below|1309.091|4207,prior_period
4244,4244,below,4244201.0,support,1343.6145000000001,0.55,3.0,4242,4241,3,0,micro_interaction_sweep,1,0,0,0.5911176404423533,0.1824836605882269,0,0,0,1,0.4565244234222202,8.0,0.5670552464027445,0.5670552464027445,,,Dead,0.19456641919934684,support|below|1343.6145,support|below|1343.6145|4241,s_r
4247,4247,below,4247201.0,session_low,1343.97,0.55,5.0,4242,4242,3,1,tradeable_sweep_candidate,0,1,0,0.6644074233851799,0.7204042727805955,0,0,0,1,0.4526852251296164,7.0,0.18846734272464594,0.18846734272464594,prev_asia_low,completed_previous_session_only,London,0.7204042727805955,session_low|below|1343.97,session_low|below|1343.97|4242,session
4260,4260,below,4260201.0,support,1324.6651428571429,0.6,4.0,898,4256,3,0,micro_interaction_sweep,1,0,0,0.6509131679196408,0.07333914596858976,0,0,0,1,0.45347289534971086,7.0,0.06764914877434301,0.06764914877434301,,,London,0.9486950792473728,support|below|1324.6651,support|below|1324.6651|4256,s_r
4262,4261,below,4261202.0,support,1323.5551463414636,0.65,37.0,4258,4224,4,0,standard_liquidity_sweep,0,1,0,0.5490818303485023,0.2786616883156696,0,0,0,1,0.4018712425379223,7.0,0.8344350872185047,0.8344350872185047,,,Overlap,5.238388183335192,support|below|1323.5551,support|below|1323.5551|4224,s_r
4264,4263,above,4263102.0,previous_day_high,1329.79,0.6,5.0,4258,4258,4,0,displacement_confirmed_sweep,0,1,1,0.516517621476119,0.3461341754496214,0,1,0,1,0.3517107203569643,10.0,0.07195790913286627,0.07195790913286627,,,Dead,0.9293165409512233,previous_day_high|above|1329.79,previous_day_high|above|1329.79|4258,prior_period
4270,4267,below,4267201.0,previous_day_low,1320.028,0.55,4.0,4261,4263,4,0,standard_liquidity_sweep,0,1,0,0.5514678258452348,1.0593769714735437,0,0,0,1,0.823011591785681,9.0,-0.4109609956334865,0.4109609956334865,,,Overlap,1.9616515124182352,previous_day_low|below|1320.028,previous_day_low|below|1320.028|4263,prior_period
4278,4278,below,4278201.0,previous_day_low,1319.116,0.55,5.0,4273,4273,3,0,standard_liquidity_sweep,0,1,0,0.725,0.3010308488890292,0,0,0,1,0.2186493294144867,9.0,0.27516248312111474,0.27516248312111474,,,London,1.159662002081116,previous_day_low|below|1319.116,previous_day_low|below|1319.116|4273,prior_period
4279,4278,below,4278205.0,swing_low,1312.488,0.4,7.0,4269,4271,4,0,standard_liquidity_sweep,0,1,0,0.5666569140962084,1.6180159752496448,0,0,0,1,0.2186493294144867,9.0,0.27516248312111474,0.27516248312111474,,,London,2.456698746899483,swing_low|below|1312.488,swing_low|below|1312.488|4271,swing
4285,4284,below,4284202.0,support,1308.7360000000003,0.7089578678286929,6.0,4278,4278,4,0,standard_liquidity_sweep,0,1,0,0.5335613630491322,0.7154027723167099,0,0,0,1,0.3315604197212418,8.0,-0.12303008278763793,0.12303008278763793,,,London,1.995756805287943,support|below|1308.736,support|below|1308.736|4278,s_r
4290,4290,above,4290102.0,previous_day_high,1316.89,0.5,1.0,4289,4289,3,0,micro_interaction_sweep,1,0,0,0.4768777495210044,0.13563419204909544,0,0,0,1,0.2859443738025111,9.0,0.4741702021498682,0.4741702021498682,,,Asia,0.13563419204909544,previous_day_high|above|1316.89,previous_day_high|above|1316.89|4289,prior_period
4299,4299,above,4299102.0,resistance,1318.2235605195146,0.65,9.0,4295,4290,3,0,standard_liquidity_sweep,0,1,0,0.7499999999999999,0.8855071094067285,0,0,0,1,2.8205581828615185,9.0,0.15203027569582575,0.15203027569582575,,,NY,1.0462801176332532,resistance|above|1318.2236,resistance|above|1318.2236|4290,s_r
4300,4299,below,4299202.0,support,1311.2459924398966,0.65,8.0,4294,4291,4,0,standard_liquidity_sweep,0,1,0,0.5768886404670011,0.7038407888075194,0,0,0,1,2.8205581828615185,9.0,0.18842050126129914,0.18842050126129914,,,NY,1.2734459865568997,support|below|1311.246,support|below|1311.246|4291,s_r
4301,4301,below,4301202.0,session_low,1311.88,0.45,3.0,4298,4298,3,0,standard_liquidity_sweep,0,1,0,0.6111731722361312,0.6877576867664321,0,0,0,1,0.35739716163165436,10.0,0.7590997565234443,0.7590997565234443,prev_london_low,completed_previous_session_only,Asia,0.6877576867664321,session_low|below|1311.88,session_low|below|1311.88|4298,session
4310,4309,above,4309101.0,equal_high,1336.632,0.65,9.0,776,4300,4,0,standard_liquidity_sweep,0,1,0,0.5935763363111392,0.5136305777524183,0,0,0,1,0.594096696444724,10.0,-0.06604463916830869,0.06604463916830869,,,London,3.489758451354661,equal_high|above|1336.632,equal_high|above|1336.632|4300,eqh_eql
4316,4315,above,4315101.0,session_high,1338.598,0.5,3.0,4312,4312,4,0,micro_interaction_sweep,1,0,0,0.47000001435150945,0.13056790927217973,0,0,0,1,0.3083333692121069,9.0,-0.11668065453138031,0.11668065453138031,prev_asia_high,completed_previous_session_only,London,0.6433866002103552,session_high|above|1338.598,session_high|above|1338.598|4312,session
4323,4322,above,4322103.0,session_high,1338.526,0.5,3.0,4319,4319,4,0,displacement_confirmed_sweep,0,1,1,0.5636818959183512,0.20956669416711599,1,0,0,1,0.40553201895020535,9.0,-0.03711255845493041,0.03711255845493041,prev_asia_high,completed_previous_session_only,London,0.7845694711528846,session_high|above|1338.526,session_high|above|1338.526|4319,session
4337,4334,below,4334202.0,previous_day_low,1324.235,0.5,2.0,4332,4332,4,0,standard_liquidity_sweep,0,1,0,0.5347889092049029,0.2902273729014862,0,0,0,1,0.7927613642295668,10.0,-0.38813390758821237,0.38813390758821237,,,London,0.2902273729014862,previous_day_low|below|1324.235,previous_day_low|below|1324.235|4332,prior_period
4340,4340,below,4340201.0,support,1317.8799999999999,0.6,4.0,917,4336,3,0,standard_liquidity_sweep,0,1,0,0.6926698332149843,0.38967532105388,0,0,0,1,0.6632097814713044,9.0,0.08597118095894675,0.08597118095894675,,,London,1.5035857550784095,support|below|1317.88,support|below|1317.88|4336,s_r
4344,4343,below,4343201.0,support,1319.367,0.55,3.0,4340,4340,4,0,standard_liquidity_sweep,0,1,0,0.4644500765966443,0.5376382861973908,0,0,0,1,0.27362519149161063,9.0,0.831346814584765,0.831346814584765,,,Dead,0.5376382861973908,support|below|1319.367,support|below|1319.367|4340,s_r
4346,4345,above,4345101.0,previous_day_high,1325.5,0.55,5.0,4340,4340,4,0,standard_liquidity_sweep,0,1,0,0.6218533010187306,0.4476124870355201,0,0,0,1,0.4498717433947018,9.0,-0.10061863546461342,0.10061863546461342,,,Asia,1.5157412858063721,previous_day_high|above|1325.5,previous_day_high|above|1325.5|4340,prior_period
4351,4351,below,4351201.0,previous_day_low,1315.028,0.55,1.0,4350,4350,3,0,micro_interaction_sweep,1,0,0,0.4583529456811871,0.19819562105932753,0,0,0,1,0.20838236420296768,9.0,0.08129628547580126,0.08129628547580126,,,Asia,0.19819562105932753,previous_day_low|below|1315.028,previous_day_low|below|1315.028|4350,prior_period
4358,4358,below,4358201.0,previous_day_low,1307.903,0.5,1.0,4357,4357,3,0,micro_interaction_sweep,1,0,0,0.5110295652628201,0.166562057567951,1,0,0,1,0.2887148707655803,7.0,0.24764766932045854,0.24764766932045854,,,Asia,0.166562057567951,previous_day_low|below|1307.903,previous_day_low|below|1307.903|4357,prior_period
4366,4366,below,4366201.0,support,1266.3285021613826,0.65,4.0,4362,4362,3,1,tradeable_sweep_candidate,0,1,1,0.6374780232515938,0.27495542426779984,1,0,0,1,0.4631504618611231,7.0,0.07139882563557245,0.07139882563557245,,,Overlap,1.0011583694070125,support|below|1266.3285,support|below|1266.3285|4362,s_r
4367,4366,below,4366202.0,session_low,1267.622,0.45,4.0,4362,4362,4,0,displacement_confirmed_sweep,0,1,1,0.5725238638012972,0.08967037739183543,1,0,0,1,0.4631504618611231,7.0,0.07139882563557245,0.07139882563557245,prev_ny_low,completed_previous_session_only,Overlap,0.8078031465841176,session_low|below|1267.622,session_low|below|1267.622|4362,session
4378,4378,below,4378202.0,support,1250.6797451566963,0.6513483003254324,7.0,925,4371,3,1,tradeable_sweep_candidate,0,1,0,0.7586704084146915,0.71763833541175,0,0,0,1,1.0036990105969907,7.0,0.06382139757767569,0.06382139757767569,,,Overlap,0.9679384965745843,support|below|1250.6797,support|below|1250.6797|4371,s_r
4391,4389,below,4389201.0,previous_day_low,1255.457,0.55,1.0,4387,4388,4,0,standard_liquidity_sweep,0,1,0,0.44952957206294414,0.9182800309020565,0,0,0,1,0.26269671371766823,9.0,-0.054565113421459845,0.054565113421459845,,,Asia,0.9182800309020565,previous_day_low|below|1255.457,previous_day_low|below|1255.457|4388,prior_period
4396,4396,below,4396201.0,session_low,1252.61,0.45,5.0,4391,4391,3,0,standard_liquidity_sweep,0,1,0,0.5851887946350087,0.38138971241814545,0,0,0,1,0.30446300372834384,10.0,0.0024027520023871163,0.0024027520023871163,prev_london_low,completed_previous_session_only,London,0.6666445671407485,session_low|below|1252.61,session_low|below|1252.61|4391,session
4397,4396,below,4396203.0,previous_day_low,1251.348,0.6,3.0,4392,4393,4,0,standard_liquidity_sweep,0,1,0,0.5553275257910789,0.6083174903868662,0,0,0,1,0.30446300372834384,10.0,0.0024027520023871163,0.0024027520023871163,,,London,0.88297407182873,previous_day_low|below|1251.348,previous_day_low|below|1251.348|4393,prior_period
4402,4399,above,4399103.0,session_high,1257.803,0.45,3.0,4396,4396,4,0,standard_liquidity_sweep,0,1,0,0.5432412400319626,0.4388949483652969,0,0,0,1,0.38343651754988084,9.0,-0.05274229952542719,0.05274229952542719,prev_asia_high,completed_previous_session_only,Dead,0.8888466157323673,session_high|above|1257.803,session_high|above|1257.803|4396,session
4403,4402,above,4402101.0,resistance,1260.0405217391306,0.55,16.0,4400,4386,4,0,micro_interaction_sweep,1,0,0,0.4662572974148953,0.08077822931781023,0,0,0,1,0.2604248706630228,8.0,0.4829887789911338,0.4829887789911338,,,London,1.2728616042347156,resistance|above|1260.0405,resistance|above|1260.0405|4386,s_r
4407,4407,below,4407201.0,support,1253.108,0.6,4.0,4403,4403,3,0,standard_liquidity_sweep,0,1,0,0.5153651199556102,0.6009995958530745,0,0,0,1,0.2988294665556921,7.0,0.04481066428321812,0.04481066428321812,,,Asia,0.9981878655287806,support|below|1253.108,support|below|1253.108|4403,s_r
4409,4408,below,4408203.0,equal_low,1250.5193570954148,0.55,37.0,789,4371,4,0,standard_liquidity_sweep,0,1,0,0.6079724843511161,0.5626624863654436,0,0,0,1,0.6033091179518114,9.0,0.05128363969433332,0.05128363969433332,,,London,1.9529124996603988,equal_low|below|1250.5194,equal_low|below|1250.5194|4371,eqh_eql
4421,4420,above,4420101.0,swing_high,1262.142,0.4,16.0,4402,4404,4,0,micro_interaction_sweep,1,0,0,0.47767963628459403,0.03975030286260295,0,0,0,1,0.23631468471368502,8.0,-0.01340038266150689,0.01340038266150689,,,Asia,2.1648806265163683,swing_high|above|1262.142,swing_high|above|1262.142|4404,swing
4431,4430,above,4430102.0,session_high,1271.311,0.45,3.0,4427,4427,4,0,micro_interaction_sweep,1,0,0,0.4774830950655416,0.19472261767512278,0,0,0,1,0.3582910709971874,10.0,0.002936812057379798,0.002936812057379798,prev_asia_high,completed_previous_session_only,Dead,0.6346586802091059,session_high|above|1271.311,session_high|above|1271.311|4427,session
4434,4433,above,4433102.0,resistance,1272.533450324747,0.55,5.0,4428,4428,4,0,standard_liquidity_sweep,0,1,0,0.4508271969147487,0.6040999114250386,0,0,0,1,0.22915132562020504,10.0,0.7925740789582791,0.7925740789582791,,,London,0.8822931231472622,resistance|above|1272.5335,resistance|above|1272.5335|4428,s_r
4439,4439,above,4439101.0,resistance,1266.1779999999999,0.5644950001250258,4.0,4439,4435,3,0,micro_interaction_sweep,1,0,0,0.5347912702437814,0.10425009097174957,0,0,0,1,0.27011899091021907,9.0,0.049461217251117025,0.049461217251117025,,,London,0.7637204880069991,resistance|above|1266.178,resistance|above|1266.178|4435,s_r
4444,4443,below,4443202.0,session_low,1264.106,0.5,3.0,4440,4440,4,0,standard_liquidity_sweep,0,1,0,0.4832172075162166,0.42190211278554196,0,0,0,1,0.3309596854572081,8.0,0.1975552307464964,0.1975552307464964,prev_ny_low,completed_previous_session_only,Dead,0.7749991194559865,session_low|below|1264.106,session_low|below|1264.106|4440,session
4446,4446,above,4446101.0,resistance,1266.9709659584273,0.7,11.0,4443,4435,3,1,tradeable_sweep_candidate,0,1,0,0.7487383883218822,0.5485181539816748,0,0,0,1,0.779050549885489,7.0,0.9150913316713296,0.9150913316713296,,,London,0.9841229513314311,resistance|above|1266.971,resistance|above|1266.971|4435,s_r
4447,4447,below,4447201.0,previous_day_low,1262.744,0.6,3.0,4444,4444,3,1,tradeable_sweep_candidate,0,1,0,0.6518525089013462,0.0318100494397763,0,0,0,1,0.8590168337810029,8.0,0.20684541323342215,0.20684541323342215,,,Overlap,0.7823114243434869,previous_day_low|below|1262.744,previous_day_low|below|1262.744|4444,prior_period
4470,4470,below,4470202.0,swing_low,1264.649,0.4,8.0,4459,4462,3,1,tradeable_sweep_candidate,0,1,1,0.6916666666666668,0.29016897484331794,0,0,1,1,0.21618378965536947,8.0,1.300720133923634,1.300720133923634,,,London,1.4798364930304844,swing_low|below|1264.649,swing_low|below|1264.649|4462,swing
4478,4476,below,4476201.0,previous_day_low,1274.766,0.55,2.0,4474,4474,4,0,micro_interaction_sweep,1,0,0,0.5453581493684878,0.2119936316545789,0,1,0,1,0.46631684446372185,8.0,-0.15025764988277193,0.15025764988277193,,,Asia,0.38805031329699335,previous_day_low|below|1274.766,previous_day_low|below|1274.766|4474,prior_period
4495,4494,below,4494201.0,session_low,1294.046,0.45,4.0,4490,4490,4,1,tradeable_sweep_candidate,0,1,0,0.6595430192640819,1.343404425971468,0,0,0,1,0.7264862026907614,8.0,-0.11776374518503518,0.11776374518503518,prev_london_low,completed_previous_session_only,Asia,1.4060874214803107,session_low|below|1294.046,session_low|below|1294.046|4490,session
4496,4495,below,4495201.0,support,1289.4840909090908,0.6,7.0,4493,4488,4,0,standard_liquidity_sweep,0,1,0,0.5703335719204262,0.6388947051517305,0,0,0,1,0.4700696041518198,7.0,1.6026090143697354,1.6026090143697354,,,London,2.6140887062209646,support|below|1289.4841,support|below|1289.4841|4488,s_r
4507,4507,below,4507201.0,support,1287.516,0.55,3.0,4505,4504,3,0,standard_liquidity_sweep,0,1,0,0.5827644926189338,0.27021637959672895,0,0,0,1,0.5359782595226706,8.0,0.10898562533226706,0.10898562533226706,,,Asia,0.6389014962449937,support|below|1287.516,support|below|1287.516|4504,s_r
4517,4515,below,4515202.0,session_low,1280.274,0.45,4.0,4511,4511,4,0,displacement_confirmed_sweep,0,1,1,0.66,0.32914322977396193,1,0,1,1,0.8310010884916069,10.0,-0.3548006532391031,0.3548006532391031,prev_ny_low,completed_previous_session_only,Overlap,0.7003270614509343,session_low|below|1280.274,session_low|below|1280.274|4511,session
4518,4517,below,4517203.0,support,1270.9540303003077,0.6000000000000001,40.0,4505,4477,4,0,displacement_confirmed_sweep,0,1,1,0.5739514278349475,0.7547539617816266,1,0,0,1,0.47108498396629767,9.0,2.963927745375722,2.963927745375722,,,Dead,6.083224102550902,support|below|1270.954,support|below|1270.954|4477,s_r
4519,4518,above,4518102.0,previous_week_high,1307.853,0.55,13.0,4505,4505,4,1,tradeable_sweep_candidate,0,1,1,0.7216666666666667,0.7315414416570868,1,0,0,1,2.6739657832658366,7.0,-0.7231353409433134,0.7231353409433134,,,Asia,5.168219886460327,previous_week_high|above|1307.853,previous_week_high|above|1307.853|4505,prior_period
4520,4517,above,4517104.0,session_high,1285.67,0.5,3.0,4514,4514,4,1,tradeable_sweep_candidate,0,1,1,0.6566666666666667,1.6074340448803979,1,0,0,1,0.47108498396629767,9.0,0.6104508713572353,0.6104508713572353,prev_london_high,completed_previous_session_only,Dead,1.6074340448803979,session_high|above|1285.67,session_high|above|1285.67|4514,session
4522,4521,below,4521201.0,session_low,1274.482,0.45,4.0,4517,4517,4,0,standard_liquidity_sweep,0,1,0,0.4705250013958205,0.4428357834956505,0,0,0,1,0.3200625034895511,8.0,-0.009350621756709745,0.009350621756709745,prev_ny_low,completed_previous_session_only,Overlap,4.226007682130185,session_low|below|1274.482,session_low|below|1274.482|4517,session
4539,4538,below,4538202.0,session_low,1219.967,0.45,3.0,4535,4535,4,1,tradeable_sweep_candidate,0,1,0,0.5756473584111451,0.43931949730499104,0,0,0,1,0.5391280469922473,6.0,-0.05489199789076694,0.05489199789076694,prev_ny_low,completed_previous_session_only,London,0.43931949730499104,session_low|below|1219.967,session_low|below|1219.967|4535,session
4568,4567,above,4567101.0,previous_day_high,1214.015,0.5,1.0,4566,4566,4,0,micro_interaction_sweep,1,0,0,0.4978199632620508,0.06602801644431727,0,0,0,1,0.3778832414884603,8.0,-0.09796015630922832,0.09796015630922832,,,Asia,0.06602801644431727,previous_day_high|above|1214.015,previous_day_high|above|1214.015|4566,prior_period
4571,4571,above,4571101.0,resistance,1217.445,0.6000000000000001,3.0,964,4568,3,0,standard_liquidity_sweep,0,1,0,0.5450244296631503,0.5097674977628716,0,0,0,1,0.4016443838367196,10.0,0.10655165847486024,0.10655165847486024,,,Dead,0.9793441865049298,resistance|above|1217.445,resistance|above|1217.445|4568,s_r
4575,4575,below,4575203.0,support,1209.9962322578829,0.6058674321595773,8.0,4572,4567,3,0,displacement_confirmed_sweep,0,1,1,0.5478194833985662,0.2791866034847848,1,0,0,1,0.35734090116767486,10.0,0.19878846856013935,0.19878846856013935,,,Overlap,0.9609225308415039,support|below|1209.9962,support|below|1209.9962|4567,s_r
4589,4588,below,4588201.0,equal_low,1180.054,0.7,5.0,827,4583,4,0,displacement_confirmed_sweep,0,1,1,0.655,0.3846796439335601,0,0,1,1,1.3310375908932743,6.0,-0.4207426310470567,0.4207426310470567,,,Dead,0.8846455656755167,equal_low|below|1180.054,equal_low|below|1180.054|4583,eqh_eql
4591,4590,above,4590101.0,session_high,1189.073,0.45,3.0,4587,4587,4,0,standard_liquidity_sweep,0,1,0,0.5297510369792969,0.8204276677326172,0,0,0,1,0.4852889607087388,7.0,-0.1012868389346313,0.1012868389346313,prev_london_high,completed_previous_session_only,Asia,1.4981639227600698,session_high|above|1189.073,session_high|above|1189.073|4587,session
4594,4593,above,4593102.0,session_high,1191.847,0.45,10.0,4583,4583,4,0,standard_liquidity_sweep,0,1,0,0.5440778948227106,0.9681554068086711,0,0,0,1,0.4864552224760638,8.0,-0.11686108218101657,0.11686108218101657,prev_ny_high,completed_previous_session_only,Dead,1.8295495157539468,session_high|above|1191.847,session_high|above|1191.847|4583,session
4603,4601,below,4601201.0,session_low,1188.699,0.45,5.0,4596,4596,4,0,displacement_confirmed_sweep,0,1,1,0.5180061621153107,0.4302529872465676,1,0,0,1,0.48093908327063795,10.0,-0.08182278714287651,0.08182278714287651,prev_asia_low,completed_previous_session_only,Asia,0.5153430533106802,session_low|below|1188.699,session_low|below|1188.699|4596,session
4611,4611,below,4611201.0,previous_week_low,1168.912,0.55,17.0,4594,4594,3,1,tradeable_sweep_candidate,0,1,0,0.6535188839501253,0.5569496655035163,0,0,0,1,1.0385790538218442,8.0,0.005557354319839163,0.005557354319839163,,,Dead,3.19038509344653,previous_week_low|below|1168.912,previous_week_low|below|1168.912|4594,prior_period
4615,4613,below,4613201.0,equal_low,1168.4875000000002,0.6000000000000001,19.0,828,4594,4,0,standard_liquidity_sweep,0,1,0,0.4708506969156822,0.9030371468157959,0,0,0,1,0.15556287467432575,8.0,-0.19512247548220513,0.19512247548220513,,,Asia,3.2498502294363254,equal_low|below|1168.4875,equal_low|below|1168.4875|4594,eqh_eql
4620,4620,below,4620201.0,support,1170.5230000000001,0.55,4.0,4617,4616,3,0,micro_interaction_sweep,1,0,0,0.5871342964510248,0.1301582940695403,0,0,0,1,0.3905542082156101,8.0,0.46704122069691884,0.46704122069691884,,,London,0.48989369543052497,support|below|1170.523,support|below|1170.523|4616,s_r
4627,4625,below,4625203.0,previous_day_low,1171.463,0.55,5.0,4620,4620,4,1,tradeable_sweep_candidate,0,1,0,0.6343192253747365,0.38668334595102827,0,0,0,1,1.3688724230053557,9.0,-0.19220468953157296,0.19220468953157296,,,Asia,0.5678839458351339,previous_day_low|below|1171.463,previous_day_low|below|1171.463|4620,prior_period
4628,4627,below,4627202.0,support,1160.42911482916,0.7000000000000001,16.0,4624,4611,4,0,standard_liquidity_sweep,0,1,0,0.4889311875870449,0.488223728420618,0,0,0,1,0.2098279689676122,6.0,1.0553417345082348,1.0553417345082348,,,Overlap,2.0950509574627936,support|below|1160.4291,support|below|1160.4291|4611,s_r
4633,4633,below,4633201.0,session_low,1168.993,0.5,4.0,4629,4629,3,0,standard_liquidity_sweep,0,1,0,0.4867243697504053,0.41516091637669017,0,0,0,1,0.3105609243760132,9.0,-0.054005070728229805,0.054005070728229805,prev_asia_low,completed_previous_session_only,Overlap,0.5594978223364918,session_low|below|1168.993,session_low|below|1168.993|4629,session
4637,4636,below,4636202.0,session_low,1169.38,0.5,4.0,4632,4632,4,0,standard_liquidity_sweep,0,1,0,0.5408438896569355,0.020590505489639747,0,0,0,1,0.5251055632360218,10.0,0.043303225899729354,0.043303225899729354,prev_london_low,completed_previous_session_only,Asia,0.36592178838470646,session_low|below|1169.38,session_low|below|1169.38|4632,session
4639,4638,above,4638102.0,previous_day_high,1175.193,0.55,5.0,4633,4633,4,0,standard_liquidity_sweep,0,1,0,0.5909520156871313,0.5528994906885522,0,0,0,1,0.708505597811744,9.0,-0.05463814141196373,0.05463814141196373,,,London,1.0622957476534074,previous_day_high|above|1175.193,previous_day_high|above|1175.193|4633,prior_period
4680,4678,above,4678101.0,session_high,1132.551,0.5,3.0,4675,4675,4,0,standard_liquidity_sweep,0,1,0,0.453358865105037,0.26032657397752307,0,0,0,1,0.31225431673927057,8.0,-0.1415735774772146,0.1415735774772146,prev_ny_high,completed_previous_session_only,Asia,0.7063156879872396,session_high|above|1132.551,session_high|above|1132.551|4675,session
4685,4684,above,4684101.0,swing_high,1141.181,0.4,1.0,4681,4683,4,0,standard_liquidity_sweep,0,1,0,0.3917143514066536,0.457052388305588,0,0,0,1,0.17511921184996726,10.0,-0.028068974294749714,0.028068974294749714,,,Asia,0.457052388305588,swing_high|above|1141.181,swing_high|above|1141.181|4683,swing
4699,4696,above,4696101.0,session_high,1134.227,0.45,3.0,4693,4693,4,0,micro_interaction_sweep,1,0,0,0.5048146118050709,0.04223374032661462,0,0,0,1,0.49682516992710657,8.0,-0.3872393211456192,0.3872393211456192,prev_london_high,completed_previous_session_only,Asia,0.4988884491934129,session_high|above|1134.227,session_high|above|1134.227|4693,session
4702,4702,below,4702201.0,support,1130.7097986302215,0.6,8.0,4702,4694,3,0,micro_interaction_sweep,1,0,0,0.5006596442885483,0.17235910333552554,0,0,0,1,0.29331577738803755,10.0,0.08378386928384189,0.08378386928384189,,,Asia,1.0201383317244412,support|below|1130.7098,support|below|1130.7098|4694,s_r
4704,4704,below,4704202.0,support,1129.883,0.55,3.0,4702,4701,3,0,standard_liquidity_sweep,0,1,0,0.5902515663003348,0.23221150728326856,0,0,0,1,0.5222864189657378,10.0,0.25499201873593436,0.25499201873593436,,,London,0.3403690542994366,support|below|1129.883,support|below|1129.883|4701,s_r
4706,4705,above,4705101.0,resistance,1132.3315,0.5568898202340519,5.0,4701,4700,4,0,micro_interaction_sweep,1,0,0,0.45783978545109943,0.11030904732084126,0,0,0,1,0.2527933259814661,10.0,0.7718593984772637,0.7718593984772637,,,Overlap,0.29375507512480376,resistance|above|1132.3315,resistance|above|1132.3315|4700,s_r
4711,4711,above,4711101.0,resistance,1133.8821835089752,0.65,7.0,4705,4704,3,0,micro_interaction_sweep,1,0,0,0.5180288616126463,0.17739144686913585,0,0,0,1,0.2684048792394771,8.0,0.4138710963082856,0.4138710963082856,,,Overlap,1.1854038309862467,resistance|above|1133.8822,resistance|above|1133.8822|4704,s_r
4716,4715,above,4715102.0,previous_week_high,1142.304,0.55,2.0,4713,4713,4,0,standard_liquidity_sweep,0,1,0,0.6091666666666667,0.6742343759197396,0,0,0,1,1.715533285688734,8.0,0.10602189597746914,0.10602189597746914,,,Asia,1.1178451754098582,previous_week_high|above|1142.304,previous_week_high|above|1142.304|4713,prior_period
4722,4722,below,4722201.0,support,1137.891,0.55,6.0,4717,4716,3,0,standard_liquidity_sweep,0,1,0,0.4713649623850965,0.31010576197387546,0,0,0,1,0.20994971864451503,10.0,0.11619035409211406,0.11619035409211406,,,London,1.2816280525615409,support|below|1137.891,support|below|1137.891|4716,s_r
4723,4723,below,4723201.0,session_low,1137.799,0.45,4.0,4719,4719,3,0,micro_interaction_sweep,1,0,0,0.5212271052482844,0.1366683475336605,0,0,0,1,0.31560063847008,10.0,0.7584595989039685,0.7584595989039685,prev_ny_low,completed_previous_session_only,Overlap,1.3019713549831748,session_low|below|1137.799,session_low|below|1137.799|4719,session
4737,4735,below,4735201.0,session_low,1153.982,0.45,4.0,4731,4731,4,0,displacement_confirmed_sweep,0,1,1,0.5762492117695321,1.1882400422939163,1,0,0,1,0.7069369092228949,9.0,-0.4530221885071595,0.4530221885071595,prev_ny_low,completed_previous_session_only,Overlap,1.3398641539108196,session_low|below|1153.982,session_low|below|1153.982|4731,session
4740,4739,below,4739202.0,previous_day_low,1148.836,0.6,2.0,4736,4737,4,0,standard_liquidity_sweep,0,1,0,0.5314006429861681,1.629552040857833,0,0,0,1,0.33593423417668505,10.0,0.15038402592546574,0.15038402592546574,,,Asia,1.629552040857833,previous_day_low|below|1148.836,previous_day_low|below|1148.836|4737,prior_period
4742,4741,above,4741101.0,previous_day_high,1158.608,0.55,3.0,4738,4738,4,0,standard_liquidity_sweep,0,1,0,0.584317782010226,0.8665768795391859,0,0,0,1,0.7515111534355923,9.0,-0.12256663572362907,0.12256663572362907,,,Overlap,2.083463766934752,previous_day_high|above|1158.608,previous_day_high|above|1158.608|4738,prior_period
4748,4745,above,4745102.0,equal_high,1163.4434999999999,0.7000000000000001,8.0,856,4737,4,0,micro_interaction_sweep,1,0,0,0.5709065286752607,0.1966612117893371,0,0,0,1,0.6423986200859395,7.0,0.06916159405032568,0.06916159405032568,,,Asia,2.937966654552466,equal_high|above|1163.4435,equal_high|above|1163.4435|4737,eqh_eql
4768,4768,above,4768101.0,previous_day_high,1186.027,0.55,1.0,4765,4767,3,0,standard_liquidity_sweep,0,1,0,0.4871391699229509,0.31205857812339166,0,0,0,1,0.43385772742899564,7.0,0.07467086511264903,0.07467086511264903,,,Asia,0.31205857812339166,previous_day_high|above|1186.027,previous_day_high|above|1186.027|4767,prior_period
4777,4776,below,4776203.0,session_low,1185.479,0.45,3.0,4773,4773,4,1,tradeable_sweep_candidate,0,1,1,0.6883333333333334,0.5024049067076624,1,1,0,1,1.002597702284532,6.0,0.046020604295127644,0.046020604295127644,prev_ny_low,completed_previous_session_only,London,0.847732279401987,session_low|below|1185.479,session_low|below|1185.479|4773,session
4789,4788,below,4788202.0,previous_day_low,1191.387,0.6,2.0,4786,4786,4,1,tradeable_sweep_candidate,0,1,0,0.597624138947939,0.7806412005325449,0,0,0,1,0.49132263155539124,7.0,0.01243312069380897,0.01243312069380897,,,London,0.7806412005325449,previous_day_low|below|1191.387,previous_day_low|below|1191.387|4786,prior_period
4812,4811,below,4811202.0,previous_day_low,1197.504,0.55,2.0,4808,4809,4,0,standard_liquidity_sweep,0,1,0,0.524670852449997,0.8366571479061397,0,0,0,1,0.2763649707635672,10.0,0.05625830917208882,0.05625830917208882,,,London,0.8366571479061397,previous_day_low|below|1197.504,previous_day_low|below|1197.504|4809,prior_period
4816,4814,above,4814102.0,session_high,1205.749,0.5,3.0,4811,4811,4,0,micro_interaction_sweep,1,0,0,0.4789878942030841,0.21006807552979037,1,0,0,1,0.17876672228634272,10.0,0.014129874141665255,0.014129874141665255,prev_london_high,completed_previous_session_only,Dead,1.4800385122032305,session_high|above|1205.749,session_high|above|1205.749|4811,session
4819,4819,above,4819101.0,equal_high,1209.436858043488,0.6000000000000001,12.0,870,4807,3,1,tradeable_sweep_candidate,0,1,1,0.61599016668008,0.5377801776769329,1,0,0,1,0.7002986383488373,7.0,0.052620697536048554,0.052620697536048554,,,NY,2.0661194669869265,equal_high|above|1209.4369,equal_high|above|1209.4369|4807,eqh_eql
4827,4824,above,4824101.0,session_high,1215.479,0.5,4.0,4820,4820,4,0,standard_liquidity_sweep,0,1,0,0.5183133905444643,0.40386734793509893,0,0,0,1,0.5331339054446436,8.0,-0.030533895350103687,0.030533895350103687,prev_london_high,completed_previous_session_only,Overlap,0.40386734793509893,session_high|above|1215.479,session_high|above|1215.479|4820,session
4836,4835,below,4835201.0,support,1195.7532662068893,0.65,45.0,4812,4790,4,0,standard_liquidity_sweep,0,1,0,0.5675338007462097,1.4858457911737513,0,0,0,1,0.38422606737156184,9.0,0.03324293193834894,0.03324293193834894,,,London,3.548244937648207,support|below|1195.7533,support|below|1195.7533|4790,s_r
4847,4845,below,4845201.0,previous_day_low,1184.35,0.55,1.0,4842,4844,4,0,micro_interaction_sweep,1,0,0,0.5788606468037246,0.22170228372364223,0,0,0,1,0.45962696607860315,9.0,-0.4077223239016591,0.4077223239016591,,,Asia,0.22170228372364223,previous_day_low|below|1184.35,previous_day_low|below|1184.35|4844,prior_period
4848,4845,below,4845202.0,session_low,1185.493,0.45,3.0,4842,4842,4,0,micro_interaction_sweep,1,0,0,0.5368285424272725,0.026323941166876967,0,0,0,1,0.45962696607860315,9.0,-0.4077223239016591,0.4077223239016591,prev_london_low,completed_previous_session_only,Asia,0.6861103383801732,session_low|below|1185.493,session_low|below|1185.493|4842,session
4854,4854,above,4854102.0,resistance,1195.686,0.6,4.0,4850,4850,3,1,tradeable_sweep_candidate,0,1,1,0.6541695129226076,0.5071951338336578,1,0,0,1,0.601626005856848,7.0,-0.0672441521511247,0.0672441521511247,,,Overlap,0.7964353868390099,resistance|above|1195.686,resistance|above|1195.686|4850,s_r
4857,4857,above,4857101.0,resistance,1200.1525000000001,0.55,20.0,4857,4837,3,0,micro_interaction_sweep,1,0,0,0.5344609877531435,0.11048456583486589,1,0,0,1,0.3882358027161921,8.0,0.08794198665379996,0.08794198665379996,,,Asia,3.1694162902353327,resistance|above|1200.1525,resistance|above|1200.1525|4837,s_r
4869,4869,above,4869101.0,resistance,1214.7172497126187,0.65,10.0,1033,4859,3,0,micro_interaction_sweep,1,0,0,0.49444604195927616,0.13894455610218728,0,0,0,1,0.21528177156485714,7.0,0.1760585397032219,0.1760585397032219,,,Asia,1.794206677320793,resistance|above|1214.7172,resistance|above|1214.7172|4859,s_r
4872,4870,above,4870101.0,previous_week_high,1219.804,0.55,19.0,4851,4851,4,0,standard_liquidity_sweep,0,1,0,0.5813958184119462,0.9885475947501571,0,0,0,1,0.5761033180553904,8.0,-0.37203238978714653,0.37203238978714653,,,Asia,5.430555690767468,previous_week_high|above|1219.804,previous_week_high|above|1219.804|4851,prior_period
4877,4877,below,4877201.0,support,1211.6,0.55,7.0,4875,4870,3,0,standard_liquidity_sweep,0,1,0,0.6618939869317071,0.27436676361860385,0,0,0,1,0.26965969176056537,7.0,0.5752239191889923,0.5752239191889923,,,London,1.6012525773883874,support|below|1211.6,support|below|1211.6|4870,s_r
4901,4901,below,4901201.0,session_low,1237.883,0.45,3.0,4898,4898,3,1,tradeable_sweep_candidate,0,1,0,0.5772802127736977,0.7366004098032761,0,0,0,1,0.43708365595514903,8.0,0.028336355661501243,0.028336355661501243,prev_ny_low,completed_previous_session_only,London,0.7366004098032761,session_low|below|1237.883,session_low|below|1237.883|4898,session
4914,4913,below,4913202.0,session_low,1223.903,0.45,5.0,4908,4908,4,0,standard_liquidity_sweep,0,1,0,0.4848489378978411,1.2646244771977144,0,0,0,1,1.1754496711109035,9.0,0.05910529897877952,0.05910529897877952,prev_london_low,completed_previous_session_only,London,1.6234821641777748,session_low|below|1223.903,session_low|below|1223.903|4908,session
4915,4914,below,4914201.0,equal_low,1221.879403420857,0.75,32.0,889,4882,4,0,micro_interaction_sweep,1,0,0,0.5037160102480228,0.05930451452445419,0,0,0,1,0.2363733589533903,7.0,0.6770076006512772,0.6770076006512772,,,Overlap,3.8576636341937824,equal_low|below|1221.8794,equal_low|below|1221.8794|4882,eqh_eql
4919,4919,above,4919103.0,previous_day_high,1232.235,0.5,2.0,4917,4917,3,0,standard_liquidity_sweep,0,1,0,0.565630595456913,0.7416359714287416,0,0,0,1,0.4220225909630767,9.0,-0.032785856208515984,0.032785856208515984,,,London,0.7416359714287416,previous_day_high|above|1232.235,previous_day_high|above|1232.235|4917,prior_period
4925,4925,below,4925203.0,support,1221.8345242692894,0.7000000000000001,43.0,4911,4882,3,0,displacement_confirmed_sweep,0,1,1,0.7070736187709139,0.8544128376846609,0,0,1,1,0.9084975743741195,9.0,0.11967402698954811,0.11967402698954811,,,London,3.866416083607678,support|below|1221.8345,support|below|1221.8345|4882,s_r
4929,4928,above,4928101.0,previous_day_high,1234.449,0.55,7.0,4919,4921,4,0,micro_interaction_sweep,1,0,0,0.5297287651041027,0.21692493867875634,0,0,0,1,0.4055719127602567,8.0,-0.20152305451656033,0.20152305451656033,,,Dead,1.8139214420193965,previous_day_high|above|1234.449,previous_day_high|above|1234.449|4921,prior_period
4938,4937,above,4937102.0,session_high,1241.253,0.45,3.0,4934,4934,4,1,tradeable_sweep_candidate,0,1,0,0.545863003864253,0.004744386520105111,0,0,0,1,0.51551073888156,8.0,0.09180688534563916,0.09180688534563916,prev_ny_high,completed_previous_session_only,London,0.8125570593125614,session_high|above|1241.253,session_high|above|1241.253|4934,session
4948,4947,below,4947202.0,previous_day_low,1232.729,0.55,4.0,4943,4943,4,1,tradeable_sweep_candidate,0,1,0,0.6376512037442241,0.5094980056166681,0,0,0,1,1.0791143704233077,10.0,-0.5012130197651135,0.5012130197651135,,,Asia,1.063565003083549,previous_day_low|below|1232.729,previous_day_low|below|1232.729|4943,prior_period
4949,4947,below,4947203.0,session_low,1233.541,0.45,7.0,4940,4940,4,0,standard_liquidity_sweep,0,1,0,0.599617322610507,0.315721714955926,0,0,0,1,1.0791143704233077,10.0,-0.5012130197651135,0.5012130197651135,prev_ny_low,completed_previous_session_only,Asia,0.8757001384971368,session_low|below|1233.541,session_low|below|1233.541|4940,session
4954,4954,above,4954102.0,previous_day_high,1238.823,0.55,3.0,4949,4951,3,0,standard_liquidity_sweep,0,1,0,0.5784609738077526,0.29642518852510175,0,0,0,1,0.3385559403465398,10.0,0.25476840102267195,0.25476840102267195,,,London,0.9703020457680204,previous_day_high|above|1238.823,previous_day_high|above|1238.823|4951,prior_period
4955,4953,above,4953103.0,session_high,1234.865,0.45,5.0,4948,4948,4,0,displacement_confirmed_sweep,0,1,1,0.6206962718301038,0.07194988269203813,1,0,0,1,0.7596037639947915,9.0,-0.05050375429973988,0.05050375429973988,prev_asia_high,completed_previous_session_only,Asia,0.3646449668354568,session_high|above|1234.865,session_high|above|1234.865|4948,session
4956,4955,below,4955202.0,session_low,1235.197,0.5,4.0,4951,4951,4,1,tradeable_sweep_candidate,0,1,1,0.6178964447149783,0.4995161350930627,1,1,0,1,1.0358571817049054,10.0,-0.031226463897545558,0.031226463897545558,prev_london_low,completed_previous_session_only,Overlap,0.5284694650374369,session_low|below|1235.197,session_low|below|1235.197|4951,session
4973,4973,above,4973102.0,resistance,1260.0640000000003,0.65,7.0,4966,4966,3,1,tradeable_sweep_candidate,0,1,0,0.6956361721959649,0.6772459324842476,0,0,0,1,0.6653851791715015,7.0,0.37471750202073806,0.37471750202073806,,,Overlap,1.2539712463302604,resistance|above|1260.064,resistance|above|1260.064|4966,s_r
4978,4977,below,4977202.0,session_low,1253.301,0.45,5.0,4972,4972,4,1,tradeable_sweep_candidate,0,1,0,0.6012739500257739,0.08395856248415076,0,0,0,1,0.6938689292435098,7.0,0.24937680969549986,0.24937680969549986,prev_asia_low,completed_previous_session_only,Asia,0.8571641986349068,session_low|below|1253.301,session_low|below|1253.301|4972,session
4985,4984,below,4984201.0,previous_day_low,1242.419,0.55,2.0,4982,4982,4,1,tradeable_sweep_candidate,0,1,0,0.6759241222128207,0.6541469382752423,0,0,0,1,1.0506293509578175,10.0,-0.08135487787690601,0.08135487787690601,,,London,0.6541469382752423,previous_day_low|below|1242.419,previous_day_low|below|1242.419|4982,prior_period
4997,4997,below,4997202.0,support,1225.917863701762,0.6000000000000001,49.0,4995,4948,3,0,micro_interaction_sweep,1,0,0,0.6023458582831012,0.15399088394507265,0,0,0,1,0.38741966315212323,9.0,0.516510259512782,0.516510259512782,,,Overlap,7.182760627475894,support|below|1225.9179,support|below|1225.9179|4948,s_r
4998,4995,below,4995202.0,previous_day_low,1230.78,0.6,2.0,4991,4993,4,0,standard_liquidity_sweep,0,1,0,0.5717767679251344,0.19131514539309277,0,0,0,1,0.9427676792513449,9.0,0.2847040415258232,0.2847040415258232,,,Asia,0.3048957126928752,previous_day_low|below|1230.78,previous_day_low|below|1230.78|4993,prior_period
5020,5019,below,5019201.0,previous_day_low,1205.742,0.5,1.0,5018,5018,4,1,tradeable_sweep_candidate,0,1,0,0.6365797695867436,0.07966814233402175,0,0,0,1,0.5594030331118252,7.0,-0.20606160583802616,0.20606160583802616,,,Asia,0.07966814233402175,previous_day_low|below|1205.742,previous_day_low|below|1205.742|5018,prior_period
5026,5025,below,5025201.0,previous_day_low,1197.538,0.5,1.0,5024,5024,4,1,tradeable_sweep_candidate,0,1,0,0.6601849391782063,0.06452874522728587,0,0,0,1,0.5935160584487296,7.0,-0.19873795290479762,0.19873795290479762,,,Asia,0.06452874522728587,previous_day_low|below|1197.538,previous_day_low|below|1197.538|5024,prior_period
5035,5034,below,5034201.0,support,1203.858652173913,0.6,5.0,5030,5029,4,0,standard_liquidity_sweep,0,1,0,0.4548146679008304,0.9481266903218619,0,0,0,1,0.20654282216452846,9.0,0.01444446904621205,0.01444446904621205,,,London,1.5472088680744418,support|below|1203.8587,support|below|1203.8587|5029,s_r
5037,5036,below,5036202.0,previous_day_low,1203.723,0.55,6.0,5030,5030,4,0,standard_liquidity_sweep,0,1,0,0.5793929287699497,0.13673617720204306,0,0,0,1,0.6605959543661639,10.0,-0.10900707051210103,0.10900707051210103,,,NY,1.57639425188949,previous_day_low|below|1203.723,previous_day_low|below|1203.723|5030,prior_period
5040,5040,above,5040101.0,session_high,1204.32,0.5,3.0,5037,5037,3,0,displacement_confirmed_sweep,0,1,1,0.6485636144886239,0.23664859633188806,0,1,0,1,0.6746930041233322,9.0,-0.04320582095836721,0.04320582095836721,prev_asia_high,completed_previous_session_only,London,0.6193006942836079,session_high|above|1204.32,session_high|above|1204.32|5037,session
5041,5041,above,5041101.0,session_high,1204.605,0.45,4.0,5037,5037,3,0,micro_interaction_sweep,1,0,0,0.51854378455473,0.021602910479183605,0,1,0,1,0.3432248728643751,9.0,0.6707875937728126,0.6707875937728126,prev_ny_high,completed_previous_session_only,Overlap,0.6846955434391802,session_high|above|1204.605,session_high|above|1204.605|5037,session
5043,5042,below,5042202.0,equal_low,1200.601,0.7,5.0,915,5037,4,0,displacement_confirmed_sweep,0,1,1,0.627054868921787,0.22508749811052156,1,0,1,1,0.7622153558845359,8.0,0.30206891927250146,0.30206891927250146,,,NY,0.8889029164537035,equal_low|below|1200.601,equal_low|below|1200.601|5037,eqh_eql
5069,5068,below,5068201.0,previous_day_low,1228.58,0.5,5.0,5063,5063,4,0,displacement_confirmed_sweep,0,1,1,0.5511061498680369,1.4901193816117093,1,1,0,1,0.490265374670092,8.0,-0.1542116038822623,0.1542116038822623,,,Dead,1.4901193816117093,previous_day_low|below|1228.58,previous_day_low|below|1228.58|5063,prior_period
5070,5070,below,5070201.0,session_low,1229.95,0.45,4.0,5066,5066,3,0,micro_interaction_sweep,1,0,0,0.5370505219400274,0.028087509052593503,1,1,0,1,0.4091206492330046,7.0,0.5121177285667912,0.5121177285667912,prev_london_low,completed_previous_session_only,Asia,1.1376567516379235,session_low|below|1229.95,session_low|below|1229.95|5066,session
5071,5068,below,5068204.0,session_low,1232.192,0.45,3.0,5065,5065,4,0,displacement_confirmed_sweep,0,1,1,0.6265567996093135,0.5608529440458461,1,1,0,1,0.490265374670092,8.0,-0.1542116038822623,0.1542116038822623,prev_asia_low,completed_previous_session_only,Dead,0.5608529440458461,session_low|below|1232.192,session_low|below|1232.192|5065,session
5079,5076,above,5076101.0,resistance,1247.548,0.6,3.0,1079,5073,4,0,micro_interaction_sweep,1,0,0,0.4272055147093064,0.02601767355796249,0,0,0,1,0.22843045343993273,7.0,0.47643540973955895,0.47643540973955895,,,Asia,0.4866753055340844,resistance|above|1247.548,resistance|above|1247.548|5073,s_r
5084,5083,above,5083103.0,resistance,1251.277,0.6,4.0,1080,5079,4,0,standard_liquidity_sweep,0,1,0,0.5735049381866665,0.8573690338530375,0,0,0,1,0.34197805317908986,7.0,0.24325014014833987,0.24325014014833987,,,London,1.3475594305503942,resistance|above|1251.277,resistance|above|1251.277|5079,s_r
5085,5084,below,5084202.0,support,1244.5067579077513,0.6,8.0,5080,5076,4,0,standard_liquidity_sweep,0,1,0,0.44873224912187143,0.7899789655898635,0,0,0,1,0.2030806228046785,9.0,0.0010902113301273148,0.0010902113301273148,,,Overlap,1.0578613404720272,support|below|1244.5068,support|below|1244.5068|5076,s_r
5088,5086,below,5086202.0,previous_day_low,1244.199,0.55,5.0,5081,5081,4,0,micro_interaction_sweep,1,0,0,0.48655838661891065,0.0929927711032198,1,0,0,1,0.34764596654727653,8.0,0.10818584158205731,0.10818584158205731,,,Dead,0.8593385896098579,previous_day_low|below|1244.199,previous_day_low|below|1244.199|5081,prior_period
5092,5091,below,5091204.0,session_low,1243.987,0.45,5.0,5086,5086,4,0,standard_liquidity_sweep,0,1,0,0.535349501850348,1.327316225652813,0,0,0,1,0.18341900757787924,8.0,-0.042998566895353724,0.042998566895353724,prev_ny_low,completed_previous_session_only,NY,1.327316225652813,session_low|below|1243.987,session_low|below|1243.987|5086,session
5096,5096,above,5096101.0,resistance,1258.05,0.65,3.0,5094,5093,3,1,tradeable_sweep_candidate,0,1,0,0.6180032187731282,0.26717408594041975,0,0,0,1,0.46865515818607495,7.0,0.5677765847981626,0.5677765847981626,,,London,0.27125093681333884,resistance|above|1258.05,resistance|above|1258.05|5093,s_r
5101,5100,below,5100201.0,previous_day_low,1252.442,0.55,1.0,5099,5099,4,0,displacement_confirmed_sweep,0,1,1,0.4808687888526449,0.33980017687990044,1,0,0,1,0.293838638798279,9.0,-0.14977520249763976,0.14977520249763976,,,Asia,0.33980017687990044,previous_day_low|below|1252.442,previous_day_low|below|1252.442|5099,prior_period
5103,5102,above,5102102.0,session_high,1255.539,0.45,3.0,5099,5099,4,1,tradeable_sweep_candidate,0,1,1,0.6043237579433945,0.319939582701995,1,0,1,1,0.6202619947142448,8.0,0.23109514572187853,0.23109514572187853,prev_ny_high,completed_previous_session_only,London,0.8049359399766406,session_high|above|1255.539,session_high|above|1255.539|5099,session
5111,5108,above,5108101.0,session_high,1252.051,0.45,3.0,5105,5105,4,0,micro_interaction_sweep,1,0,0,0.4859770784096192,0.0868117379315798,0,1,0,1,0.47952602935738126,8.0,-0.003521072266982298,0.003521072266982298,prev_ny_high,completed_previous_session_only,London,0.6907560594598747,session_high|above|1252.051,session_high|above|1252.051|5105,session
5114,5114,below,5114202.0,support,1248.1731395348838,0.55,10.0,5112,5104,3,0,standard_liquidity_sweep,0,1,0,0.6850275831813563,0.4772107548484604,0,0,0,1,0.6777590124706773,8.0,0.0263952719544434,0.0263952719544434,,,London,1.1626817428117453,support|below|1248.1731,support|below|1248.1731|5104,s_r
5127,5125,below,5125201.0,previous_day_low,1247.272,0.55,1.0,5124,5124,4,0,micro_interaction_sweep,1,0,0,0.5018688809022327,0.20653456226037192,1,0,1,1,0.2681200475885172,8.0,-0.1274134557296371,0.1274134557296371,,,Asia,0.20653456226037192,previous_day_low|below|1247.272,previous_day_low|below|1247.272|5124,prior_period
5141,5138,below,5138204.0,session_low,1254.638,0.45,5.0,5133,5133,4,0,standard_liquidity_sweep,0,1,0,0.5501794608042567,0.2692814518324947,0,0,0,1,0.3873110768139516,8.0,-0.15149923072655486,0.15149923072655486,prev_asia_low,completed_previous_session_only,Asia,0.5136401176106978,session_low|below|1254.638,session_low|below|1254.638|5133,session
5142,5142,above,5142101.0,resistance,1256.9836666666667,0.55,7.0,5139,5135,3,0,micro_interaction_sweep,1,0,0,0.5091190506445489,0.19878120999542792,0,0,0,1,0.25629108740225676,7.0,0.5563678272391264,0.5563678272391264,,,Dead,2.2313563252973,resistance|above|1256.9837,resistance|above|1256.9837|5135,s_r
5158,5158,below,5158201.0,support,1251.3220454545456,0.6,14.0,5156,5144,3,1,tradeable_sweep_candidate,0,1,1,0.6331247363813566,0.21539937071772325,0,0,1,1,0.6926459454589458,8.0,0.06352938751826656,0.06352938751826656,,,London,2.8256158192705496,support|below|1251.322,support|below|1251.322|5144,s_r
5160,5159,above,5159103.0,previous_day_high,1255.813,0.5,3.0,5156,5156,4,0,displacement_confirmed_sweep,0,1,1,0.4340837704350605,0.8226441288157997,1,0,0,1,0.23937609275431795,9.0,-0.13958751880808934,0.13958751880808934,,,Overlap,0.8226441288157997,previous_day_high|above|1255.813,previous_day_high|above|1255.813|5156,prior_period
5182,5181,below,5181202.0,previous_day_low,1289.317,0.55,1.0,5180,5180,4,0,standard_liquidity_sweep,0,1,0,0.5661331172882533,0.34643760269866253,0,0,0,1,0.5279978395491995,7.0,0.2944603335947587,0.2944603335947587,,,Asia,0.34643760269866253,previous_day_low|below|1289.317,previous_day_low|below|1289.317|5180,prior_period
5184,5182,above,5182101.0,session_high,1288.168,0.5,6.0,5176,5176,4,0,micro_interaction_sweep,1,0,0,0.511908333207659,0.08357362253217457,0,0,0,1,0.44196544131762666,7.0,-0.30308498658798405,0.30308498658798405,prev_london_high,completed_previous_session_only,Asia,0.7793932243361354,session_high|above|1288.168,session_high|above|1288.168|5176,session
5190,5189,below,5189202.0,support,1281.4410039985623,0.7,13.0,5185,5176,4,0,standard_liquidity_sweep,0,1,0,0.5838498887248605,0.9231532854363951,0,0,0,1,0.3009197461211083,10.0,0.4249499775369292,0.4249499775369292,,,London,2.339163334246538,support|below|1281.441,support|below|1281.441|5176,s_r
5195,5195,below,5195202.0,support,1278.808,0.65,6.0,5189,5189,3,0,standard_liquidity_sweep,0,1,0,0.72311437283537,0.9009173173359242,0,0,0,1,0.9920977670660749,9.0,-0.17068808825708706,0.17068808825708706,,,London,2.2311348357287506,support|below|1278.808,support|below|1278.808|5189,s_r
5208,5208,above,5208101.0,resistance,1285.7355,0.5521668163034317,13.0,5208,5195,3,0,displacement_confirmed_sweep,0,1,1,0.5866670485682686,0.34245355109651615,0,0,1,1,0.390498140701307,8.0,0.227419769880075,0.227419769880075,,,Overlap,1.4500589400664927,resistance|above|1285.7355,resistance|above|1285.7355|5195,s_r
5209,5207,above,5207101.0,previous_day_high,1283.362,0.65,5.0,5202,5202,4,0,micro_interaction_sweep,1,0,0,0.5413504843615689,0.12881811608061663,0,0,1,1,0.4429595442372554,9.0,-0.14093241591365074,0.14093241591365074,,,London,0.8183672066754034,previous_day_high|above|1283.362,previous_day_high|above|1283.362|5202,prior_period
5218,5215,above,5215101.0,session_high,1274.391,0.45,4.0,5211,5211,4,0,displacement_confirmed_sweep,0,1,1,0.4240798361115826,0.32672197761164373,0,1,0,1,0.33519959027895657,8.0,-0.20875114861683058,0.20875114861683058,prev_ny_high,completed_previous_session_only,Overlap,0.5299823763375462,session_high|above|1274.391,session_high|above|1274.391|5211,session
5228,5227,below,5227202.0,support,1261.0739282689512,0.65,4.0,5223,5223,4,0,standard_liquidity_sweep,0,1,0,0.5129761218761407,0.45856079892013973,0,0,0,1,0.3324403046903519,8.0,0.9021100946568427,0.9021100946568427,,,Overlap,0.8702829369810127,support|below|1261.0739,support|below|1261.0739|5223,s_r
5238,5238,below,5238201.0,previous_week_low,1265.307,0.55,26.0,5212,5212,3,0,displacement_confirmed_sweep,0,1,1,0.6150421551524048,0.30787950349381377,0,0,1,1,0.22509613624550315,10.0,0.36198543537553135,0.36198543537553135,,,London,1.8753392425786921,previous_week_low|below|1265.307,previous_week_low|below|1265.307|5212,prior_period
5240,5238,above,5238102.0,previous_day_high,1267.532,0.55,2.0,5236,5236,4,0,micro_interaction_sweep,1,0,0,0.42503845449820127,0.237528056437445,0,0,0,1,0.22509613624550315,10.0,0.1479025431847054,0.1479025431847054,,,London,0.4036312042288088,previous_day_high|above|1267.532,previous_day_high|above|1267.532|5236,prior_period
5242,5241,above,5241102.0,previous_day_high,1268.487,0.6,2.0,5239,5239,4,0,displacement_confirmed_sweep,0,1,1,0.5855230110830641,0.39010423919221465,0,0,1,1,0.6533906706746871,10.0,-0.04692861170592323,0.04692861170592323,,,NY,0.39010423919221465,previous_day_high|above|1268.487,previous_day_high|above|1268.487|5239,prior_period
5244,5242,below,5242202.0,support,1263.2951515151515,0.6,8.0,5239,5234,4,0,standard_liquidity_sweep,0,1,0,0.5382929142293504,1.8814888418812337,0,0,0,1,0.4665656189067092,9.0,-0.10423548464319868,0.10423548464319868,,,Dead,1.8814888418812337,support|below|1263.2952,support|below|1263.2952|5234,s_r
5245,5243,below,5243201.0,session_low,1263.43,0.45,4.0,5239,5239,4,0,micro_interaction_sweep,1,0,0,0.476855752324678,0.13967094741373537,0,0,0,1,0.32707340074385577,9.0,-0.26671631074519303,0.26671631074519303,prev_london_low,completed_previous_session_only,Asia,1.8467182254823822,session_low|below|1263.43,session_low|below|1263.43|5239,session
5251,5251,below,5251201.0,previous_day_low,1254.013,0.55,3.0,5246,5248,3,0,standard_liquidity_sweep,0,1,0,0.6302963953777448,0.4169961094846177,0,0,0,1,0.5303810099951632,10.0,0.1621346959939822,0.1621346959939822,,,London,0.5866121220865115,previous_day_low|below|1254.013,previous_day_low|below|1254.013|5248,prior_period
5256,5256,below,5256201.0,session_low,1253.435,0.45,5.0,5251,5251,3,0,standard_liquidity_sweep,0,1,0,0.503085075657466,0.4270737812122042,0,0,0,1,0.3805809998592084,9.0,0.10272319022748178,0.10272319022748178,prev_asia_low,completed_previous_session_only,Asia,0.7491293324130245,session_low|below|1253.435,session_low|below|1253.435|5251,session
5276,5275,above,5275101.0,previous_day_high,1234.648,0.5,1.0,5274,5274,4,0,standard_liquidity_sweep,0,1,0,0.5083259913342737,0.9573990701800458,0,0,0,1,0.35227101622286544,7.0,0.19627338424011115,0.19627338424011115,,,Asia,0.9573990701800458,previous_day_high|above|1234.648,previous_day_high|above|1234.648|5274,prior_period
5280,5280,below,5280201.0,support,1226.5413324443316,0.65,15.0,5279,5265,3,0,displacement_confirmed_sweep,0,1,1,0.5149920025894971,0.36742059829148627,1,0,0,1,0.2666466731404092,7.0,0.2752312311243222,0.2752312311243222,,,Asia,1.4266964562098012,support|below|1226.5413,support|below|1226.5413|5265,s_r
5284,5282,below,5282201.0,previous_week_low,1221.109,0.6000000000000001,8.0,5272,5274,4,1,tradeable_sweep_candidate,0,1,1,0.6231127401255186,0.9120186323279321,1,0,0,1,0.9667755611270616,6.0,-0.5913715325348297,0.5913715325348297,,,London,2.363789572625818,previous_week_low|below|1221.109,previous_week_low|below|1221.109|5274,prior_period
5295,5294,above,5294101.0,resistance,1225.7428604651166,0.6,12.0,5289,5282,4,0,standard_liquidity_sweep,0,1,0,0.46729898339094267,0.6424626893053891,0,0,0,1,0.20954860224228752,10.0,0.1962366624462262,0.1962366624462262,,,London,1.8387063598727273,resistance|above|1225.7429,resistance|above|1225.7429|5282,s_r
5302,5299,above,5299101.0,previous_day_high,1227.68,0.6,4.0,5294,5295,4,0,micro_interaction_sweep,1,0,0,0.5312345475897109,0.016293216565932314,0,0,0,1,0.5373454758971097,7.0,-0.25627986199298813,0.25627986199298813,,,Asia,0.7062135451425257,previous_day_high|above|1227.68,previous_day_high|above|1227.68|5295,prior_period
5308,5307,above,5307104.0,previous_week_high,1236.511,0.55,2.0,5305,5305,4,0,standard_liquidity_sweep,0,1,0,0.4556217022918113,1.2594703080966065,0,0,0,1,0.1923217666264921,9.0,-0.24492671659455306,0.24492671659455306,,,London,1.2594703080966065,previous_week_high|above|1236.511,previous_week_high|above|1236.511|5305,prior_period
5325,5324,above,5324102.0,session_high,1260.237,0.45,4.0,5320,5320,4,1,tradeable_sweep_candidate,0,1,0,0.671777957841162,0.8684711275651027,0,0,0,1,0.31920936435556113,8.0,-0.1240680483336568,0.1240680483336568,prev_london_high,completed_previous_session_only,Asia,0.8684711275651027,session_high|above|1260.237,session_high|above|1260.237|5320,session
5346,5346,below,5346201.0,support,1251.9478055555558,0.5608959524672555,11.0,5342,5335,3,0,micro_interaction_sweep,1,0,0,0.5484839904452252,0.24760562564631983,0,0,0,1,0.41648333915436153,8.0,0.05412115027925013,0.05412115027925013,,,NY,2.1620629748210605,support|below|1251.9478,support|below|1251.9478|5335,s_r
5369,5369,below,5369201.0,previous_day_low,1266.177,0.55,3.0,5366,5366,3,0,displacement_confirmed_sweep,0,1,1,0.5152293941030198,0.2855699331796749,0,1,0,1,0.3297401519242161,7.0,0.2967661367318928,0.2967661367318928,,,London,0.2855699331796749,previous_day_low|below|1266.177,previous_day_low|below|1266.177|5366,prior_period
5373,5372,above,5372101.0,previous_week_high,1269.418,0.65,7.0,5363,5365,4,0,displacement_confirmed_sweep,0,1,1,0.5240214488921829,0.6953335555789436,0,0,1,1,0.2975536222304572,5.0,-0.21201401356272814,0.21201401356272814,,,Dead,0.7825731591714755,previous_week_high|above|1269.418,previous_week_high|above|1269.418|5365,prior_period
5383,5382,above,5382101.0,previous_day_high,1270.479,0.55,7.0,5373,5375,4,0,standard_liquidity_sweep,0,1,0,0.6113425445289763,0.8938500571693289,0,0,0,1,0.8967587786230965,8.0,-0.3509706819256246,0.3509706819256246,,,Overlap,2.8759080700898707,previous_day_high|above|1270.479,previous_day_high|above|1270.479|5375,prior_period
5385,5384,above,5384101.0,previous_week_high,1269.418,0.55,17.0,5367,5367,4,0,micro_interaction_sweep,1,0,0,0.44333654323024546,0.1002521191630633,0,0,1,1,0.21042469140894685,9.0,-0.0776299869848257,0.0776299869848257,,,Dead,2.584916418138149,previous_week_high|above|1269.418,previous_week_high|above|1269.418|5367,prior_period
5393,5390,below,5390205.0,session_low,1265.107,0.45,3.0,5387,5387,4,0,displacement_confirmed_sweep,0,1,1,0.6358333333333333,0.14561054498446135,1,0,0,1,1.1901722373200487,10.0,0.23257079238879763,0.23257079238879763,prev_asia_low,completed_previous_session_only,Dead,0.6145013991707825,session_low|below|1265.107,session_low|below|1265.107|5387,session
5401,5400,above,5400102.0,resistance,1281.9904615384612,0.7000000000000001,3.0,5398,5397,4,0,standard_liquidity_sweep,0,1,0,0.48932163600180917,0.373799874212041,0,0,0,1,0.21080409000452283,6.0,-0.07098589336814676,0.07098589336814676,,,London,0.4535944342629172,resistance|above|1281.9905,resistance|above|1281.9905|5397,s_r
5412,5411,below,5411201.0,session_low,1290.066,0.45,4.0,5407,5407,4,1,tradeable_sweep_candidate,0,1,1,0.6052760418186498,0.4524518920457179,1,0,0,1,0.5418682070926135,8.0,-0.10609508916795778,0.10609508916795778,prev_london_low,completed_previous_session_only,Asia,0.9199662382566499,session_low|below|1290.066,session_low|below|1290.066|5407,session
5414,5413,below,5413201.0,previous_day_low,1284.333,0.5,3.0,5410,5410,4,0,standard_liquidity_sweep,0,1,0,0.5168159572176989,1.83172498385493,0,0,0,1,0.3837065597109138,7.0,-0.2322813436534426,0.2322813436534426,,,Overlap,1.8545636202069093,previous_day_low|below|1284.333,previous_day_low|below|1284.333|5410,prior_period
5431,5431,below,5431201.0,previous_day_low,1265.402,0.6,3.0,5428,5428,3,1,tradeable_sweep_candidate,0,1,0,0.6006938771837924,0.6016650626167859,0,0,0,1,0.42030594167539415,6.0,0.22854015243639564,0.22854015243639564,,,London,0.6016650626167859,previous_day_low|below|1265.402,previous_day_low|below|1265.402|5428,prior_period
5435,5434,below,5434203.0,support,1264.789880436947,0.6000000000000001,10.0,5429,5424,4,0,micro_interaction_sweep,1,0,0,0.4631110592011284,0.10266082591722908,0,0,0,1,0.2286109813361542,8.0,0.22162863924123266,0.22162863924123266,,,Dead,1.039141598131696,support|below|1264.7899,support|below|1264.7899|5424,s_r
5437,5436,below,5436202.0,session_low,1263.219,0.5,4.0,5431,5432,4,0,standard_liquidity_sweep,0,1,0,0.5340556577698499,0.5442155202064827,0,0,0,1,0.5967290808483912,8.0,-0.09981888358264338,0.09981888358264338,prev_london_low,completed_previous_session_only,Asia,0.6700209649721236,session_low|below|1263.219,session_low|below|1263.219|5432,session
5438,5436,below,5436203.0,previous_week_low,1264.273,0.55,7.0,5429,5429,4,0,displacement_confirmed_sweep,0,1,1,0.5552506151736527,0.31550612694589747,1,0,1,1,0.5967290808483912,8.0,-0.09981888358264338,0.09981888358264338,,,Asia,0.8238697913359312,previous_week_low|below|1264.273,previous_week_low|below|1264.273|5429,prior_period
5444,5443,above,5443102.0,previous_day_high,1270.06,0.6,2.0,5441,5441,4,1,tradeable_sweep_candidate,0,1,1,0.73,0.6573879630446824,1,0,0,1,1.8867782041521877,9.0,0.6800965863805176,0.6800965863805176,,,London,0.6573879630446824,previous_day_high|above|1270.06,previous_day_high|above|1270.06|5441,prior_period
5469,5468,below,5468201.0,previous_day_low,1242.805,0.6,3.0,5465,5465,4,0,standard_liquidity_sweep,0,1,0,0.5557394430382899,0.836196940236203,0,0,0,1,0.37374596558519824,6.0,-0.022057138952603424,0.022057138952603424,,,London,0.836196940236203,previous_day_low|below|1242.805,previous_day_low|below|1242.805|5465,prior_period
5475,5474,below,5474202.0,session_low,1242.23,0.45,3.0,5471,5471,4,0,displacement_confirmed_sweep,0,1,1,0.5257573547258915,1.4051590643161505,1,0,0,1,0.4128229169201485,7.0,0.050837638382826976,0.050837638382826976,prev_ny_low,completed_previous_session_only,London,1.4051590643161505,session_low|below|1242.23,session_low|below|1242.23|5471,session
5482,5480,below,5480201.0,previous_week_low,1250.158,0.6000000000000001,20.0,5460,5460,4,0,micro_interaction_sweep,1,0,0,0.4504808870423561,0.1383112628611325,0,0,1,1,0.22620221760589013,6.0,0.03665313711209998,0.03665313711209998,,,London,0.7503457491261927,previous_week_low|below|1250.158,previous_week_low|below|1250.158|5460,prior_period
5492,5492,below,5492201.0,support,1240.9519292755824,0.7000000000000001,24.0,5474,5468,3,1,tradeable_sweep_candidate,0,1,0,0.775,4.170677661982136,0,0,0,1,1.1246968895724745,6.0,0.4192617018411539,0.4192617018411539,,,Asia,4.7516722976651256,support|below|1240.9519,support|below|1240.9519|5468,s_r
5505,5504,above,5504102.0,session_high,1251.592,0.45,4.0,5500,5500,4,1,tradeable_sweep_candidate,0,1,1,0.6444924534503494,0.14431199296226754,0,0,1,1,0.6286373860541569,10.0,0.04964082782955092,0.04964082782955092,prev_london_high,completed_previous_session_only,Asia,0.7173877177660714,session_high|above|1251.592,session_high|above|1251.592|5500,session
5506,5505,above,5505101.0,resistance,1253.127,0.6,7.0,5498,5498,4,0,micro_interaction_sweep,1,0,0,0.45610107459931004,0.04964082782955092,0,0,1,1,0.22150268649827515,8.0,0.8181331638497731,0.8181331638497731,,,London,1.1351482920202456,resistance|above|1253.127,resistance|above|1253.127|5498,s_r
5517,5517,below,5517202.0,previous_week_low,1240.679,0.55,26.0,5491,5491,3,1,tradeable_sweep_candidate,0,1,0,0.579139572380593,0.5756023746186786,0,0,0,1,0.3621299714681142,8.0,0.05824167493639985,0.05824167493639985,,,London,4.253162748885212,previous_week_low|below|1240.679,previous_week_low|below|1240.679|5491,prior_period
5534,5533,above,5533101.0,session_high,1226.503,0.45,3.0,5530,5530,4,0,standard_liquidity_sweep,0,1,0,0.544338559996249,0.35023040126836413,0,0,0,1,0.5600522666291561,7.0,-0.20835781348052476,0.20835781348052476,prev_asia_high,completed_previous_session_only,Dead,0.7839967333071455,session_high|above|1226.503,session_high|above|1226.503|5530,session
5537,5535,below,5535203.0,session_low,1222.391,0.45,4.0,5531,5531,4,1,tradeable_sweep_candidate,0,1,0,0.6295265930607464,0.8410314657752803,0,0,0,1,1.2813043624834484,8.0,-0.3631939869606319,0.3631939869606319,prev_london_low,completed_previous_session_only,Asia,1.2022874295267052,session_low|below|1222.391,session_low|below|1222.391|5531,session
5540,5538,above,5538103.0,session_high,1225.422,0.45,5.0,5533,5533,4,0,standard_liquidity_sweep,0,1,0,0.5468756688188301,0.45774033207517884,0,0,0,1,0.7437566881883002,8.0,0.14494674407006325,0.14494674407006325,prev_ny_high,completed_previous_session_only,NY,1.1609000528668536,session_high|above|1225.422,session_high|above|1225.422|5533,session
5554,5553,below,5553201.0,previous_week_low,1207.266,0.6000000000000001,2.0,5549,5551,4,0,standard_liquidity_sweep,0,1,0,0.5913923834507909,0.957880428259992,0,0,0,1,0.5305905011745751,7.0,-0.14326776483836792,0.14326776483836792,,,Asia,1.22590343216331,previous_week_low|below|1207.266,previous_week_low|below|1207.266|5551,prior_period
5558,5556,above,5556101.0,previous_day_high,1213.8,0.55,4.0,5552,5552,4,0,displacement_confirmed_sweep,0,1,1,0.44454494957324303,0.38913626145386243,1,0,0,1,0.2634457072664409,9.0,-0.03196446725755097,0.03196446725755097,,,Overlap,1.5038950547420598,previous_day_high|above|1213.8,previous_day_high|above|1213.8|5552,prior_period
5568,5567,above,5567101.0,previous_day_high,1220.386,0.6,2.0,5565,5565,4,1,tradeable_sweep_candidate,0,1,0,0.6442889842548941,0.7797144653478474,0,0,0,1,1.0675711777069794,8.0,-0.5159475322394402,0.5159475322394402,,,London,0.7797144653478474,previous_day_high|above|1220.386,previous_day_high|above|1220.386|5565,prior_period
5577,5576,below,5576201.0,support,1216.5754000000002,0.55,13.0,5574,5563,4,0,micro_interaction_sweep,1,0,0,0.4521955531858847,0.23011625765079471,0,1,0,1,0.24298888296471174,9.0,0.04685679678289959,0.04685679678289959,,,Dead,1.453588752127609,support|below|1216.5754,support|below|1216.5754|5563,s_r
5604,5603,below,5603203.0,session_low,1239.085,0.45,4.0,5599,5599,4,1,tradeable_sweep_candidate,0,1,1,0.6577922868903778,0.13705786173881582,1,1,0,1,0.7362562022371109,9.0,0.1756383422530163,0.1756383422530163,prev_london_low,completed_previous_session_only,Asia,0.6892738420307544,session_low|below|1239.085,session_low|below|1239.085|5599,session
5605,5604,above,5604102.0,previous_day_high,1244.006,0.55,5.0,5599,5599,4,1,tradeable_sweep_candidate,0,1,0,0.6160607015712289,1.9638065505892195,0,0,0,1,0.7807554859193118,8.0,-0.3104208558474282,0.3104208558474282,,,London,1.9638065505892195,previous_day_high|above|1244.006,previous_day_high|above|1244.006|5599,prior_period
5614,5614,above,5614101.0,resistance,1255.4522653061224,0.6,93.0,5613,5521,3,0,standard_liquidity_sweep,0,1,0,0.5154740578995908,0.49878511758656147,0,0,0,1,0.26390400369198147,6.0,0.44692806752946895,0.44692806752946895,,,Dead,10.730306404805647,resistance|above|1255.4523,resistance|above|1255.4523|5521,s_r
5616,5615,below,5615201.0,previous_day_low,1253.323,0.55,1.0,5614,5614,4,0,micro_interaction_sweep,1,0,0,0.5651905327948682,0.13465758668082567,0,0,0,1,0.4020029487017309,7.0,-0.25415888905526013,0.25415888905526013,,,Asia,0.13465758668082567,previous_day_low|below|1253.323,previous_day_low|below|1253.323|5614,prior_period
5636,5635,above,5635102.0,previous_day_high,1264.068,0.5,2.0,5633,5633,4,0,displacement_confirmed_sweep,0,1,1,0.5176216001456722,0.4150286881282813,1,0,0,1,0.2520824291546789,8.0,1.346278630261092,1.346278630261092,,,London,0.4150286881282813,previous_day_high|above|1264.068,previous_day_high|above|1264.068|5633,prior_period
5637,5637,above,5637103.0,equal_high,1265.0529999999999,0.6000000000000001,2.0,1031,5635,3,1,tradeable_sweep_candidate,0,1,1,0.7416666666666667,0.8698111686645129,1,0,0,1,0.891040088386504,8.0,0.8140646984162856,0.8140646984162856,,,NY,1.63321946411031,equal_high|above|1265.053,equal_high|above|1265.053|5635,eqh_eql
5651,5651,below,5651202.0,previous_day_low,1268.058,0.5,5.0,5646,5646,3,0,standard_liquidity_sweep,0,1,0,0.4743293371098493,0.3210737396706318,0,0,0,1,0.2691566761079566,8.0,0.28234814374004996,0.28234814374004996,,,Dead,0.42126591502107946,previous_day_low|below|1268.058,previous_day_low|below|1268.058|5646,prior_period
5654,5654,below,5654201.0,session_low,1266.354,0.45,5.0,5649,5649,3,1,tradeable_sweep_candidate,0,1,0,0.6355810442252897,0.11647087140849861,0,0,0,1,0.7268756123462495,8.0,1.4093019965993445,1.4093019965993445,prev_london_low,completed_previous_session_only,London,0.9069133997040794,session_low|below|1266.354,session_low|below|1266.354|5649,session
5656,5654,above,5654103.0,session_high,1269.663,0.45,5.0,5649,5649,4,0,standard_liquidity_sweep,0,1,0,0.5680440515628983,0.7017926391874999,0,0,0,1,0.7268756123462495,8.0,-0.41823673198399264,0.41823673198399264,prev_london_high,completed_previous_session_only,London,0.7017926391874999,session_high|above|1269.663,session_high|above|1269.663|5649,session
5661,5661,above,5661101.0,resistance,1270.814,0.65,15.0,5646,5646,3,0,micro_interaction_sweep,1,0,0,0.5675342440409853,0.05707839632289096,1,0,0,1,0.3412208250123544,8.0,0.5835438962684026,0.5835438962684026,,,Overlap,0.9864167856656076,resistance|above|1270.814,resistance|above|1270.814|5646,s_r
5663,5663,below,5663201.0,equal_low,1262.5423188012628,0.8417995693473728,9.0,1037,5654,3,0,displacement_confirmed_sweep,0,1,1,0.7421627554208314,0.7835604399982791,1,0,0,1,1.3248148419390149,10.0,0.11652440499263234,0.11652440499263234,,,Dead,2.239823011407738,equal_low|below|1262.5423,equal_low|below|1262.5423|5654,eqh_eql
5666,5663,below,5663202.0,session_low,1264.073,0.45,3.0,5660,5660,4,0,displacement_confirmed_sweep,0,1,1,0.6268721215619151,0.44643601355854245,1,0,0,1,1.3248148419390149,10.0,0.11652440499263234,0.11652440499263234,prev_asia_low,completed_previous_session_only,Dead,1.4171188052581642,session_low|below|1264.073,session_low|below|1264.073|5660,session
5679,5678,below,5678201.0,previous_day_low,1256.417,0.55,2.0,5676,5676,4,0,micro_interaction_sweep,1,0,0,0.4589585408556153,0.2376764722299655,0,0,0,1,0.16428037840937298,8.0,-0.09211523467034047,0.09211523467034047,,,Asia,0.3482919835865638,previous_day_low|below|1256.417,previous_day_low|below|1256.417|5676,prior_period
5685,5684,above,5684102.0,swing_high,1259.902,0.4,2.0,5680,5682,4,0,displacement_confirmed_sweep,0,1,1,0.6535454571218047,0.018110711341684235,1,0,0,1,1.129244701940099,7.0,-0.8073993486850833,0.8073993486850833,,,Asia,0.018110711341684235,swing_high|above|1259.902,swing_high|above|1259.902|5682,swing
5686,5685,below,5685202.0,previous_day_low,1255.698,0.6,5.0,5679,5680,4,1,tradeable_sweep_candidate,0,1,0,0.6756450734487391,2.1932182110519265,0,0,0,1,0.4299236359208487,9.0,-0.18297748857936358,0.18297748857936358,,,London,2.1932182110519265,previous_day_low|below|1255.698,previous_day_low|below|1255.698|5680,prior_period
5687,5685,below,5685203.0,session_low,1256.559,0.45,3.0,5682,5682,4,1,tradeable_sweep_candidate,0,1,0,0.585791943096072,1.9647690361528856,0,0,0,1,0.4299236359208487,9.0,-0.18297748857936358,0.18297748857936358,prev_ny_low,completed_previous_session_only,London,1.9647690361528856,session_low|below|1256.559,session_low|below|1256.559|5682,session
5703,5703,above,5703101.0,session_high,1287.782,0.45,5.0,5698,5698,3,1,tradeable_sweep_candidate,0,1,0,0.6921075702715355,0.06373789769474744,0,0,0,1,0.48586379315402994,7.0,0.4142416617463188,0.4142416617463188,prev_london_high,completed_previous_session_only,London,0.5880402192870068,session_high|above|1287.782,session_high|above|1287.782|5698,session
5705,5704,above,5704101.0,previous_day_high,1288.969,0.6,3.0,5700,5701,4,0,displacement_confirmed_sweep,0,1,1,0.4685535216041344,0.6531653024134394,0,0,1,1,0.2109671373436693,8.0,-0.1598481771411726,0.1598481771411726,,,Overlap,0.8165489547997552,previous_day_high|above|1288.969,previous_day_high|above|1288.969|5701,prior_period
5710,5709,below,5709202.0,session_low,1283.835,0.45,6.0,5703,5703,4,1,tradeable_sweep_candidate,0,1,0,0.6186957275543365,0.6611317521097793,0,0,0,1,1.0356354038351359,8.0,0.033551678579600425,0.033551678579600425,prev_asia_low,completed_previous_session_only,Asia,1.2012955647589025,session_low|below|1283.835,session_low|below|1283.835|5703,session
5717,5716,below,5716201.0,previous_day_low,1271.157,0.55,2.0,5713,5714,4,1,tradeable_sweep_candidate,0,1,0,0.6010640721533329,0.7041180063971137,0,0,0,1,0.77378775367719,10.0,-0.02289780087411896,0.02289780087411896,,,London,0.8758904458155637,previous_day_low|below|1271.157,previous_day_low|below|1271.157|5714,prior_period
5735,5733,above,5733103.0,session_high,1289.281,0.5,4.0,5729,5729,4,1,tradeable_sweep_candidate,0,1,0,0.6763402615904618,0.09073514316418187,0,0,0,1,1.4958533886609184,8.0,-0.6071722506952024,0.6071722506952024,prev_ny_high,completed_previous_session_only,Asia,0.5354608921825096,session_high|above|1289.281,session_high|above|1289.281|5729,session
5738,5735,below,5735201.0,support,1286.393,0.55,5.0,5731,5730,4,0,standard_liquidity_sweep,0,1,0,0.48830804524634575,1.4637750850945033,0,0,0,1,0.44368677978253096,7.0,0.23125700661879772,0.23125700661879772,,,Overlap,1.67748446524233,support|below|1286.393,support|below|1286.393|5730,s_r
5739,5736,below,5736202.0,session_low,1286.443,0.5,5.0,5731,5731,4,0,micro_interaction_sweep,1,0,0,0.5089232731836778,0.22304475496330756,0,0,0,1,0.5225660651701106,10.0,0.45650968415756704,0.45650968415756704,prev_asia_low,completed_previous_session_only,NY,1.667843749924854,session_low|below|1286.443,session_low|below|1286.443|5731,session
5748,5747,below,5747201.0,support,1284.3440000000003,0.55,7.0,5745,5740,4,0,standard_liquidity_sweep,0,1,0,0.5067444339146037,0.3658461249517095,0,0,0,1,0.37936108478650915,8.0,0.2373178305970312,0.2373178305970312,,,London,1.3268675107960999,support|below|1284.344,support|below|1284.344|5740,s_r
5765,5765,below,5765204.0,previous_day_low,1284.217,0.55,5.0,5758,5760,3,0,displacement_confirmed_sweep,0,1,1,0.7208333333333333,0.9913976322845339,0,0,1,1,0.5224797803085497,10.0,0.9671533168260378,0.9671533168260378,,,London,0.9913976322845339,previous_day_low|below|1284.217,previous_day_low|below|1284.217|5760,prior_period
5766,5765,above,5765101.0,resistance,1290.4755357142858,0.6,15.0,5583,5750,4,1,tradeable_sweep_candidate,0,1,0,0.6319804432717588,0.7598576566545642,0,0,0,1,0.5224797803085497,10.0,0.032003532209656654,0.032003532209656654,,,London,1.2000899109345662,resistance|above|1290.4755,resistance|above|1290.4755|5750,s_r
5780,5779,below,5779201.0,session_low,1309.226,0.45,4.0,5775,5775,4,0,standard_liquidity_sweep,0,1,0,0.5146618465431406,1.7346927385429196,0,0,0,1,0.4304046163578516,7.0,-0.3412732063258414,0.3412732063258414,prev_ny_low,completed_previous_session_only,Overlap,2.087023842984982,session_low|below|1309.226,session_low|below|1309.226|5775,session
5789,5787,below,5787203.0,session_low,1306.215,0.45,3.0,5784,5784,4,0,displacement_confirmed_sweep,0,1,1,0.5621008685621081,0.3701803320881249,1,0,0,1,1.2836938024200493,9.0,-0.3157385286878253,0.3157385286878253,prev_asia_low,completed_previous_session_only,Dead,0.3701803320881249,session_low|below|1306.215,session_low|below|1306.215|5784,session
5796,5796,above,5796102.0,equal_high,1323.9358019876358,0.7126525870942364,22.0,1059,5774,3,1,tradeable_sweep_candidate,0,1,0,0.7301745426481743,0.962734272878272,0,0,0,1,0.6034472920794853,8.0,-0.25775196113735327,0.25775196113735327,,,London,3.408088177241929,equal_high|above|1323.9358,equal_high|above|1323.9358|5774,eqh_eql
5809,5808,below,5808201.0,support,1331.9150892857144,0.6,8.0,5803,5800,4,0,displacement_confirmed_sweep,0,1,1,0.5511277154804022,0.6819835006546646,0,1,0,1,0.24810076567577574,8.0,0.06997269731084653,0.06997269731084653,,,Asia,0.855614262147581,support|below|1331.9151,support|below|1331.9151|5800,s_r
5812,5810,above,5810101.0,previous_day_high,1339.696,0.55,6.0,5802,5804,4,0,standard_liquidity_sweep,0,1,0,0.5629424710099814,0.5405603796170115,0,0,0,1,0.9128080168186552,8.0,-0.6087999878575988,0.6087999878575988,,,Overlap,1.3335753104207824,previous_day_high|above|1339.696,previous_day_high|above|1339.696|5804,prior_period
5828,5827,below,5827201.0,session_low,1345.121,0.45,3.0,5824,5824,4,0,standard_liquidity_sweep,0,1,0,0.49234074931842414,1.6958667937745042,0,0,0,1,0.39907651761507246,6.0,-0.1913358314003171,0.1913358314003171,prev_ny_low,completed_previous_session_only,London,1.725005281708144,session_low|below|1345.121,session_low|below|1345.121|5824,session
5830,5830,above,5830101.0,previous_week_high,1338.048,0.55,29.0,5801,5801,3,0,micro_interaction_sweep,1,0,0,0.4862280656137195,-1.325028969968224,0,0,1,1,0.2780701640342986,9.0,0.49947577260421944,0.49947577260421944,,,NY,1.0363032812616604,previous_week_high|above|1338.048,previous_week_high|above|1338.048|5801,prior_period
5838,5838,below,5838202.0,previous_week_low,1325.017,0.55,6.0,5832,5832,3,0,micro_interaction_sweep,1,0,0,0.5074071337118302,0.15692182290562795,0,0,0,1,0.33101783427957554,9.0,0.20203137889932649,0.20203137889932649,,,Asia,1.9560082213493941,previous_week_low|below|1325.017,previous_week_low|below|1325.017|5832,prior_period
5840,5839,below,5839201.0,previous_day_low,1324.38,0.5,1.0,5838,5838,4,0,standard_liquidity_sweep,0,1,0,0.5128728279568823,0.32400102804154085,0,0,0,1,0.32034219253544194,9.0,-0.1311761104657439,0.1311761104657439,,,Asia,0.32400102804154085,previous_day_low|below|1324.38,previous_day_low|below|1324.38|5838,prior_period
5848,5847,below,5847201.0,previous_day_low,1322.546,0.55,6.0,5839,5841,4,0,micro_interaction_sweep,1,0,0,0.48443369221934024,0.1147491893266391,0,0,0,1,0.3027508972150173,9.0,-0.18509981533055347,0.18509981533055347,,,Overlap,2.2254185893797627,previous_day_low|below|1322.546,previous_day_low|below|1322.546|5841,prior_period
5852,5852,below,5852202.0,support,1320.3400000000001,0.55,6.0,5847,5846,3,0,standard_liquidity_sweep,0,1,0,0.6920484576006934,0.9080115387430866,0,0,0,1,0.479019945260312,9.0,-0.04990318391157226,0.04990318391157226,,,London,0.9080115387430866,support|below|1320.34,support|below|1320.34|5846,s_r
5853,5852,below,5852203.0,support,1318.66,0.6,3.0,5849,5849,4,1,tradeable_sweep_candidate,0,1,0,0.5657875228087549,1.2224095983243906,0,0,0,1,0.479019945260312,9.0,-0.04990318391157226,0.04990318391157226,,,London,1.2224095983243906,support|below|1318.66,support|below|1318.66|5849,s_r
5862,5862,below,5862201.0,swing_low,1315.388,0.4,8.0,5852,5854,3,0,standard_liquidity_sweep,0,1,0,0.46066718328298023,0.3687834239191321,0,0,0,1,0.3079179582074505,9.0,0.6141471524760028,0.6141471524760028,,,Dead,2.9804569934327323,swing_low|below|1315.388,swing_low|below|1315.388|5854,swing
5878,5876,above,5876102.0,previous_day_high,1312.904,0.5,1.0,5875,5875,4,0,standard_liquidity_sweep,0,1,0,0.6398623832212806,0.14510691202460502,0,0,0,1,0.7152904988794729,9.0,0.17934262589031152,0.17934262589031152,,,Asia,0.14510691202460502,previous_day_high|above|1312.904,previous_day_high|above|1312.904|5875,prior_period
5895,5893,below,5893203.0,previous_day_low,1293.303,0.55,3.0,5890,5890,4,1,tradeable_sweep_candidate,0,1,1,0.5935572110749288,0.01521895412596772,1,0,1,1,1.1296560502929458,10.0,-0.14146591168867775,0.14146591168867775,,,Dead,0.6289933871099435,previous_day_low|below|1293.303,previous_day_low|below|1293.303|5890,prior_period
5907,5907,below,5907203.0,equal_low,1287.9253671742767,0.7000000000000001,24.0,1079,5883,3,0,standard_liquidity_sweep,0,1,0,0.6249503850776916,0.7039951542063819,0,0,0,1,0.4493622297582996,10.0,0.034569221264654164,0.034569221264654164,,,Asia,4.2082993112648674,equal_low|below|1287.9254,equal_low|below|1287.9254|5883,eqh_eql
5913,5912,below,5912201.0,session_low,1282.393,0.45,3.0,5909,5909,4,0,standard_liquidity_sweep,0,1,0,0.5610696907100503,0.16932373942739476,0,0,0,1,0.7690302404338358,10.0,-0.32928314450130153,0.32928314450130153,prev_london_low,completed_previous_session_only,Asia,0.5084450756511213,session_low|below|1282.393,session_low|below|1282.393|5909,session
5920,5919,above,5919101.0,previous_day_high,1288.532,0.55,2.0,5915,5917,4,0,standard_liquidity_sweep,0,1,0,0.44568561864031214,0.2565707733041503,0,0,0,1,0.151233044295226,9.0,-0.1118377697936361,0.1118377697936361,,,Asia,0.7838742395776168,previous_day_high|above|1288.532,previous_day_high|above|1288.532|5917,prior_period
5923,5922,below,5922201.0,support,1277.652,0.6,12.0,5912,5910,4,0,standard_liquidity_sweep,0,1,0,0.5188627920122396,0.8121808917352138,0,0,0,1,0.37840698003059914,10.0,0.20612401331344046,0.20612401331344046,,,NY,2.1432149573636234,support|below|1277.652,support|below|1277.652|5910,s_r
5925,5925,below,5925201.0,previous_week_low,1274.065,0.65,1.0,5922,5924,3,0,micro_interaction_sweep,1,0,0,0.5228893267434587,0.147613368397917,0,0,0,1,0.2968066501919798,8.0,0.029436919823194085,0.029436919823194085,,,Asia,0.147613368397917,previous_week_low|below|1274.065,previous_week_low|below|1274.065|5924,prior_period
5929,5929,below,5929201.0,support,1271.1497793454319,0.6772862769140837,3.0,5926,5926,3,0,standard_liquidity_sweep,0,1,0,0.5274804929023614,0.4258583533495337,0,0,0,1,0.2912306425179346,8.0,0.09154960528042279,0.09154960528042279,,,NY,0.5809249419540291,support|below|1271.1498,support|below|1271.1498|5926,s_r
5931,5930,below,5930202.0,session_low,1271.269,0.55,3.0,5926,5927,4,0,standard_liquidity_sweep,0,1,0,0.5687393581494629,0.06818890031099607,0,0,0,1,0.5540602481612952,9.0,0.16897851696591568,0.16897851696591568,prev_london_low,completed_previous_session_only,Dead,0.4247361810598514,session_low|below|1271.269,session_low|below|1271.269|5927,session
5939,5939,below,5939202.0,previous_week_low,1274.065,0.55,14.0,5925,5925,3,0,standard_liquidity_sweep,0,1,0,0.6875805751709817,1.226375064291838,0,0,0,1,0.7219570917959539,10.0,0.04245639396655314,0.04245639396655314,,,London,1.226375064291838,previous_week_low|below|1274.065,previous_week_low|below|1274.065|5925,prior_period
5951,5951,below,5951202.0,support,1265.2480000000003,0.65,4.0,5947,5947,3,1,tradeable_sweep_candidate,0,1,1,0.7424150289237247,0.9868417950797964,1,0,1,1,0.8824836225705794,8.0,1.1477051666035885,1.1477051666035885,,,London,0.9868417950797964,support|below|1265.248,support|below|1265.248|5947,s_r
5956,5955,above,5955101.0,swing_high,1282.15,0.4,14.0,5939,5941,4,0,standard_liquidity_sweep,0,1,0,0.5327196983023702,1.2579521634435393,0,0,0,1,1.757786637874403,10.0,-0.292488516907843,0.292488516907843,,,Dead,3.291665428688601,swing_high|above|1282.15,swing_high|above|1282.15|5941,swing
5976,5974,above,5974101.0,previous_day_high,1294.066,0.55,7.0,5965,5967,4,0,micro_interaction_sweep,1,0,0,0.5868754131053954,0.1443645400456629,0,0,0,1,0.5260104217389288,10.0,-0.12389114563664642,0.12389114563664642,,,Asia,1.3010798643242307,previous_day_high|above|1294.066,previous_day_high|above|1294.066|5967,prior_period
5981,5980,above,5980102.0,session_high,1296.243,0.45,3.0,5977,5977,4,1,tradeable_sweep_candidate,0,1,0,0.5416993392718228,0.09185980488296505,0,0,0,1,0.5161070342856472,9.0,0.14091489696372242,0.14091489696372242,prev_london_high,completed_previous_session_only,Asia,0.648361242155852,session_high|above|1296.243,session_high|above|1296.243|5977,session
5983,5982,below,5982201.0,session_low,1292.566,0.5,3.0,5979,5979,4,0,micro_interaction_sweep,1,0,0,0.5300536572470949,0.19831165399267395,0,0,0,1,1.1250897501726629,10.0,1.4223399205385738,1.4223399205385738,prev_asia_low,completed_previous_session_only,London,1.0725466009177351,session_low|below|1292.566,session_low|below|1292.566|5979,session
5989,5988,above,5988101.0,previous_week_high,1304.522,0.6000000000000001,1.0,5987,5987,4,0,micro_interaction_sweep,1,0,0,0.5252739573088431,0.21330330836887515,1,0,0,1,0.30100990338807887,10.0,-0.17303118624035102,0.17303118624035102,,,Asia,0.21330330836887515,previous_week_high|above|1304.522,previous_week_high|above|1304.522|5987,prior_period
6002,6001,below,6001201.0,support,1279.3114745762712,0.65,44.0,5987,5957,4,0,micro_interaction_sweep,1,0,0,0.5232828153776979,0.03212998578800715,0,0,0,1,0.3405923214394054,8.0,0.30360276949227566,0.30360276949227566,,,London,6.413670842620731,support|below|1279.3115,support|below|1279.3115|5957,s_r
6005,6004,below,6004202.0,previous_week_low,1279.293,0.6000000000000001,17.0,5987,5987,4,0,standard_liquidity_sweep,0,1,0,0.5944940352907564,0.1686237646645953,0,0,0,1,0.6866070195742293,10.0,0.13267332484706118,0.13267332484706118,,,Dead,6.4182440584254605,previous_week_low|below|1279.293,previous_week_low|below|1279.293|5987,prior_period
6008,6007,above,6007101.0,resistance,1287.8265652173914,0.6,3.0,5632,6004,4,0,standard_liquidity_sweep,0,1,0,0.4933112952635894,0.431168713135801,0,0,0,1,0.29248193524034893,9.0,0.03776745736915489,0.03776745736915489,,,London,2.346504922372884,resistance|above|1287.8266,resistance|above|1287.8266|6004,s_r
6010,6009,above,6009102.0,previous_day_high,1287.857,0.55,4.0,6005,6005,4,0,standard_liquidity_sweep,0,1,0,0.5770502596810894,0.35310942202439505,0,0,0,1,0.611173478101898,10.0,-0.07480345475570963,0.07480345475570963,,,NY,1.4760229242581906,previous_day_high|above|1287.857,previous_day_high|above|1287.857|6005,prior_period
6032,6030,below,6030201.0,previous_week_low,1273.164,0.65,12.0,6018,6018,4,0,micro_interaction_sweep,1,0,0,0.6679919732022046,0.24084267682502705,0,0,0,1,0.5506670707383353,9.0,-0.01585287048904415,0.01585287048904415,,,Asia,2.0377610691199255,previous_week_low|below|1273.164,previous_week_low|below|1273.164|6018,prior_period
6036,6036,above,6036101.0,resistance,1281.0631304347828,0.55,8.0,6036,6028,3,0,displacement_confirmed_sweep,0,1,1,0.46725805082210753,0.38994553528708975,0,1,0,1,0.22022846038860217,8.0,0.20384396961693765,0.20384396961693765,,,Asia,1.7922543617422768,resistance|above|1281.0631,resistance|above|1281.0631|6028,s_r
6045,6044,below,6044201.0,previous_day_low,1265.204,0.55,3.0,6041,6041,4,0,standard_liquidity_sweep,0,1,0,0.534835047801063,0.45640659809087636,0,0,0,1,0.44958761950265724,9.0,0.8570070209002469,0.8570070209002469,,,London,0.5042074627525309,previous_day_low|below|1265.204,previous_day_low|below|1265.204|6041,prior_period
6058,6057,below,6057202.0,session_low,1269.651,0.45,5.0,6052,6052,4,0,displacement_confirmed_sweep,0,1,1,0.5176178429796711,0.7799632995773498,0,1,0,1,0.2036510461021546,10.0,0.06710499638088464,0.06710499638088464,prev_london_low,completed_previous_session_only,London,1.8851076072598258,session_low|below|1269.651,session_low|below|1269.651|6052,session
6063,6062,above,6062102.0,previous_day_high,1278.083,0.55,5.0,6057,6057,4,1,tradeable_sweep_candidate,0,1,0,0.6547905040035727,0.7786652000229858,0,0,0,1,0.6175982985762296,10.0,-0.007970479517042285,0.007970479517042285,,,Asia,2.140223020280154,previous_day_high|above|1278.083,previous_day_high|above|1278.083|6057,prior_period
6070,6069,above,6069102.0,previous_day_high,1281.345,0.55,2.0,6066,6067,4,0,displacement_confirmed_sweep,0,1,1,0.591923049195291,1.1944941188764067,0,0,1,1,0.5466847811215498,10.0,0.24276870980024706,0.24276870980024706,,,London,1.1944941188764067,previous_day_high|above|1281.345,previous_day_high|above|1281.345|6067,prior_period
6076,6075,above,6075101.0,resistance,1277.8270000000002,0.55,4.0,6072,6071,4,0,standard_liquidity_sweep,0,1,0,0.5063573583093918,0.5852785839810181,0,0,0,1,1.4597133595123668,9.0,2.2657350259333864,2.2657350259333864,,,London,0.5852785839810181,resistance|above|1277.827,resistance|above|1277.827|6071,s_r
6085,6083,above,6083101.0,swing_high,1280.051,0.4,6.0,6075,6077,4,0,standard_liquidity_sweep,0,1,0,0.50714507231108,1.9164459809696628,0,0,0,1,0.5964507231108003,9.0,-0.31742887422081323,0.31742887422081323,,,Overlap,2.5729366625788113,swing_high|above|1280.051,swing_high|above|1280.051|6077,swing
6095,6094,above,6094101.0,previous_week_high,1284.106,0.55,15.0,6079,6079,4,0,standard_liquidity_sweep,0,1,0,0.5568993538524867,0.6568970410776311,0,0,0,1,0.3599979239795449,9.0,-0.18432959710239274,0.18432959710239274,,,London,3.495499061266341,previous_week_high|above|1284.106,previous_week_high|above|1284.106|6079,prior_period
6096,6094,above,6094102.0,swing_high,1282.924,0.4,9.0,6083,6085,4,0,standard_liquidity_sweep,0,1,0,0.5222501036961533,0.3813639315837435,0,0,0,1,0.3599979239795449,9.0,-0.18432959710239274,0.18432959710239274,,,London,1.8326550352285351,swing_high|above|1282.924,swing_high|above|1282.924|6085,swing
6103,6102,above,6102101.0,resistance,1287.132,0.55,6.0,1306,6096,4,0,micro_interaction_sweep,1,0,0,0.44119686149378073,0.1488218375381786,1,0,0,1,0.20507548706778503,7.0,0.5244758064068747,0.5244758064068747,,,NY,1.4840186434749925,resistance|above|1287.132,resistance|above|1287.132|6096,s_r
6119,6117,below,6117204.0,session_low,1276.114,0.45,4.0,6113,6113,4,1,tradeable_sweep_candidate,0,1,1,0.6348698299779599,0.0379470488680314,1,0,1,1,1.4564420628430745,9.0,0.05408251254518228,0.05408251254518228,prev_london_low,completed_previous_session_only,Asia,0.7004135241216104,session_low|below|1276.114,session_low|below|1276.114|6113,session
6120,6119,above,6119101.0,previous_day_high,1279.766,0.6,4.0,6113,6115,4,0,standard_liquidity_sweep,0,1,0,0.608403043532923,1.7695746754015718,0,0,0,1,0.8673637686625625,8.0,-0.6455774333968177,0.6455774333968177,,,Overlap,2.09461571087684,previous_day_high|above|1279.766,previous_day_high|above|1279.766|6115,prior_period
6125,6123,above,6123103.0,previous_day_high,1283.493,0.55,2.0,6119,6121,4,0,standard_liquidity_sweep,0,1,0,0.5997037914943558,0.6557832455290789,0,0,0,1,0.6160315106879233,10.0,0.04877600084626642,0.04877600084626642,,,Asia,0.6557832455290789,previous_day_high|above|1283.493,previous_day_high|above|1283.493|6121,prior_period
6129,6129,below,6129201.0,support,1276.641347826087,0.6,3.0,6127,6126,3,0,micro_interaction_sweep,1,0,0,0.5250030923014404,0.21748230551926348,0,0,0,1,0.27373509532333284,9.0,0.321930023496984,0.321930023496984,,,Asia,0.40641040195553635,support|below|1276.6413,support|below|1276.6413|6126,s_r
6131,6130,above,6130101.0,session_high,1279.243,0.5,3.0,6127,6127,4,1,tradeable_sweep_candidate,0,1,0,0.5729665578858779,0.290469796760266,0,0,0,1,0.5240427146152237,10.0,-0.2555687645155633,0.2555687645155633,prev_asia_high,completed_previous_session_only,London,0.39443786176625883,session_high|above|1279.243,session_high|above|1279.243|6127,session
6161,6161,below,6161201.0,support,1290.697,0.55,4.0,6157,6157,3,0,micro_interaction_sweep,1,0,0,0.5271522521372104,0.1048555380641777,0,0,0,1,0.35954729700969246,7.0,0.07965276984489966,0.07965276984489966,,,Overlap,0.2581015395723408,support|below|1290.697,support|below|1290.697|6157,s_r
6166,6165,below,6165202.0,support,1286.892,0.55,6.0,6163,6159,4,0,displacement_confirmed_sweep,0,1,1,0.49201200613438834,0.5730510882609402,0,1,0,1,0.3529466820026375,9.0,0.3636668967529984,0.3636668967529984,,,London,1.3903957293871243,support|below|1286.892,support|below|1286.892|6159,s_r
6170,6170,above,6170101.0,previous_week_high,1294.517,0.7000000000000001,13.0,6156,6157,3,1,tradeable_sweep_candidate,0,1,0,0.7248768019993909,0.11421429743335904,0,0,0,1,1.0553189818004336,8.0,-0.03402697837496002,0.03402697837496002,,,London,1.5613086533615648,previous_week_high|above|1294.517,previous_week_high|above|1294.517|6157,prior_period
6171,6171,above,6171101.0,resistance,1294.60565038014,0.75,32.0,5659,6139,3,1,tradeable_sweep_candidate,0,1,0,0.6797385876137713,-0.012633328956798518,0,0,0,1,0.5010904644539084,8.0,0.07073181357084389,0.07073181357084389,,,Overlap,3.647336872704286,resistance|above|1294.6057,resistance|above|1294.6057|6139,s_r
6173,6173,above,6173101.0,resistance,1294.6755329099567,0.65,34.0,5659,6139,3,0,micro_interaction_sweep,1,0,0,0.5034067860449595,0.12049492021550508,0,0,0,1,0.24810029844573192,8.0,0.2237709993861999,0.2237709993861999,,,Dead,3.66154083446216,resistance|above|1294.6755,resistance|above|1294.6755|6139,s_r
6178,6176,above,6176102.0,session_high,1295.137,0.45,3.0,6173,6173,4,0,displacement_confirmed_sweep,0,1,1,0.4573333685447818,0.540859702351931,1,0,0,1,0.3579167546952879,10.0,0.4643104797562363,0.4643104797562363,prev_ny_high,completed_previous_session_only,London,0.540859702351931,session_high|above|1295.137,session_high|above|1295.137|6173,session
6179,6178,below,6178202.0,session_low,1293.333,0.45,5.0,6173,6173,4,0,displacement_confirmed_sweep,0,1,1,0.5043936904192164,0.5303727465225566,1,0,0,1,0.43598422604804127,8.0,0.0027033971175388213,0.0027033971175388213,prev_ny_low,completed_previous_session_only,NY,0.5303727465225566,session_low|below|1293.333,session_low|below|1293.333|6173,session
6185,6184,below,6184201.0,support,1274.7691715110134,0.65,55.0,6168,6129,4,0,standard_liquidity_sweep,0,1,0,0.5992065185937177,1.9657630456347457,0,0,0,1,0.6920651859371769,6.0,0.0038478618345069277,0.0038478618345069277,,,NY,5.456489216508387,support|below|1274.7692,support|below|1274.7692|6129,s_r
6189,6189,below,6189201.0,support,1274.308,0.6000000000000001,22.0,6168,6167,3,0,standard_liquidity_sweep,0,1,0,0.6285999759878105,1.0580540204743814,0,0,0,1,0.6481188721893397,10.0,0.05026043714034558,0.05026043714034558,,,Overlap,5.578384114935193,support|below|1274.308,support|below|1274.308|6167,s_r
6194,6194,below,6194201.0,support,1274.097,0.65,26.0,6168,6168,3,0,standard_liquidity_sweep,0,1,0,0.5277396356677537,0.5437976014472731,0,0,0,1,0.30344320399833336,9.0,0.11789092296844592,0.11789092296844592,,,London,5.634154740296548,support|below|1274.097,support|below|1274.097|6168,s_r
6196,6195,above,6195105.0,resistance,1284.9209696969697,0.55,11.0,6192,6184,4,0,standard_liquidity_sweep,0,1,0,0.5678416723640908,2.0303376591159616,0,0,0,1,0.586750056974241,8.0,0.29960942473730207,0.29960942473730207,,,Overlap,2.0303376591159616,resistance|above|1284.921,resistance|above|1284.921|6184,s_r
6199,6199,below,6199203.0,previous_day_low,1272.112,0.55,4.0,6195,6195,3,0,standard_liquidity_sweep,0,1,0,0.4875727721314669,0.4910555754102832,0,0,0,1,0.29184859699533394,10.0,0.16257389566481265,0.16257389566481265,,,Asia,1.374262454106996,previous_day_low|below|1272.112,previous_day_low|below|1272.112|6195,prior_period
6203,6202,above,6202101.0,previous_day_high,1275.811,0.55,4.0,6198,6198,4,0,micro_interaction_sweep,1,0,0,0.4596951693567333,0.21788664433401178,1,1,0,1,0.25132125672516664,8.0,-0.013810997854117683,0.013810997854117683,,,NY,0.47438992443274375,previous_day_high|above|1275.811,previous_day_high|above|1275.811|6198,prior_period
6214,6214,below,6214201.0,session_low,1263.125,0.5,5.0,6209,6209,3,0,standard_liquidity_sweep,0,1,0,0.49483575756937165,0.40509501773587087,0,0,0,1,0.31000606059009583,7.0,0.015624848926738892,0.015624848926738892,prev_london_low,completed_previous_session_only,NY,1.0585735914328576,session_low|below|1263.125,session_low|below|1263.125|6209,session
6230,6228,above,6228102.0,previous_day_high,1249.132,0.55,1.0,6227,6227,4,0,micro_interaction_sweep,1,0,0,0.47470670626528916,0.17808567880111745,0,1,0,1,0.3154354093284147,8.0,-0.027694477902330365,0.027694477902330365,,,Asia,0.17808567880111745,previous_day_high|above|1249.132,previous_day_high|above|1249.132|6227,prior_period
6233,6232,below,6232201.0,previous_week_low,1243.075,0.6000000000000001,6.0,6224,6226,4,0,standard_liquidity_sweep,0,1,0,0.5909898903067974,0.4070870854064296,0,0,0,1,0.5682322364013068,5.0,-0.30145321632247807,0.30145321632247807,,,NY,1.9240140647396948,previous_week_low|below|1243.075,previous_week_low|below|1243.075|6226,prior_period
6238,6236,below,6236201.0,previous_day_low,1240.666,0.6,3.0,6232,6233,4,0,standard_liquidity_sweep,0,1,0,0.492901794003273,0.8062235722183266,0,0,0,1,0.3218378183415158,6.0,-0.02839745455955551,0.02839745455955551,,,London,1.2464151490158435,previous_day_low|below|1240.666,previous_day_low|below|1240.666|6233,prior_period
6254,6254,above,6254102.0,swing_high,1259.046,0.4,7.0,6245,6247,3,0,standard_liquidity_sweep,0,1,0,0.5739663037522181,0.15911284964555927,0,0,0,1,0.45835767054815585,10.0,0.5823718045582633,0.5823718045582633,,,London,1.5719196664542494,swing_high|above|1259.046,swing_high|above|1259.046|6247,swing
6261,6261,above,6261101.0,resistance,1261.9099154091032,0.65,7.0,6254,6254,3,0,micro_interaction_sweep,1,0,0,0.5347623527189526,0.21123623876259173,0,0,0,1,0.2776904154118505,8.0,0.14417565257132994,0.14417565257132994,,,Overlap,1.7895045220208938,resistance|above|1261.9099,resistance|above|1261.9099|6254,s_r
6266,6264,above,6264103.0,previous_week_high,1261.832,0.6000000000000001,6.0,6258,6258,4,0,micro_interaction_sweep,1,0,0,0.5825195365880967,0.07967409503895154,0,0,0,1,0.6423254541974138,10.0,0.1048279752389647,0.1048279752389647,,,Asia,1.2656457397255563,previous_week_high|above|1261.832,previous_week_high|above|1261.832|6258,prior_period
6268,6267,below,6267201.0,support,1260.292,0.625427100234052,5.0,6263,6262,4,0,displacement_confirmed_sweep,0,1,1,0.46053166470945434,0.2525592241488089,0,1,0,1,0.2166872241273532,9.0,0.11823986084766262,0.11823986084766262,,,Overlap,0.8305429830790428,support|below|1260.292,support|below|1260.292|6262,s_r
6269,6269,above,6269101.0,previous_day_high,1263.931,0.5,5.0,6264,6264,3,0,standard_liquidity_sweep,0,1,0,0.4628041209175079,0.7023220166136973,0,0,0,1,0.2507603022937698,9.0,0.06453591204074272,0.06453591204074272,,,Dead,0.8443437043079232,previous_day_high|above|1263.931,previous_day_high|above|1263.931|6264,prior_period
6276,6275,above,6275102.0,session_high,1266.082,0.55,3.0,6272,6272,4,0,standard_liquidity_sweep,0,1,0,0.5673772147931913,0.22642850894960842,0,0,0,1,0.5404388145985792,10.0,0.10054005666037853,0.10054005666037853,prev_ny_high,completed_previous_session_only,Dead,0.8174907787455393,session_high|above|1266.082,session_high|above|1266.082|6272,session
6278,6278,below,6278201.0,support,1264.3195,0.6144950001250258,4.0,6275,6274,3,1,tradeable_sweep_candidate,0,1,0,0.5830597615458807,0.3647339618589833,0,0,0,1,0.3617358177586906,8.0,0.045148379090972426,0.045148379090972426,,,London,0.9191204893266259,support|below|1264.3195,support|below|1264.3195|6274,s_r
6322,6320,above,6320103.0,session_high,1314.452,0.45,5.0,6315,6315,4,1,tradeable_sweep_candidate,0,1,0,0.6057191003516386,0.10724881540948449,0,0,0,1,0.8197874950243585,9.0,-0.3275346964753509,0.3275346964753509,prev_london_high,completed_previous_session_only,London,0.5263407498197095,session_high|above|1314.452,session_high|above|1314.452|6315,session
6325,6323,below,6323204.0,session_low,1311.581,0.45,3.0,6320,6320,4,0,displacement_confirmed_sweep,0,1,1,0.5683333333333335,0.27628687650342676,0,1,0,1,1.2338640881470997,8.0,-0.02932206718860006,0.02932206718860006,prev_asia_low,completed_previous_session_only,Dead,1.2457252135177053,session_low|below|1311.581,session_low|below|1311.581|6320,session
6326,6326,below,6326201.0,session_low,1313.304,0.45,5.0,6321,6321,3,0,displacement_confirmed_sweep,0,1,1,0.6413145085153223,0.040282136698446665,0,1,0,1,0.8369765416584026,9.0,0.28444972261875456,0.28444972261875456,prev_london_low,completed_previous_session_only,London,0.6379357397149833,session_low|below|1313.304,session_low|below|1313.304|6321,session
6329,6328,above,6328101.0,swing_high,1321.388,0.4,9.0,6317,6319,4,0,standard_liquidity_sweep,0,1,0,0.5653425085766518,0.4381050279020487,0,0,0,1,0.8534250857665177,5.0,-0.20278286329940323,0.20278286329940323,,,NY,3.0620312337330113,swing_high|above|1321.388,swing_high|above|1321.388|6319,swing
6339,6339,below,6339201.0,session_low,1318.391,0.45,4.0,6335,6335,3,1,tradeable_sweep_candidate,0,1,0,0.5715560059763014,0.11251638737134649,0,0,0,1,0.5157609066096558,8.0,0.0983175576207307,0.0983175576207307,prev_ny_low,completed_previous_session_only,Overlap,0.3547322048007697,session_low|below|1318.391,session_low|below|1318.391|6335,session
6340,6338,below,6338201.0,previous_day_low,1319.038,0.5,2.0,6336,6336,4,0,micro_interaction_sweep,1,0,0,0.48532286756444903,0.20158425420986753,0,0,0,1,0.396640502244456,8.0,-0.01841545188994549,0.01841545188994549,,,London,0.20158425420986753,previous_day_low|below|1319.038,previous_day_low|below|1319.038|6336,prior_period
6343,6343,below,6343201.0,previous_day_low,1314.565,0.55,5.0,6338,6338,3,1,tradeable_sweep_candidate,0,1,0,0.583763848214428,0.7276821463195782,0,0,0,1,0.4775858561215703,8.0,0.05513071627712589,0.05513071627712589,,,Asia,1.1579825425799186,previous_day_low|below|1314.565,previous_day_low|below|1314.565|6338,prior_period
6350,6349,above,6349102.0,previous_day_high,1320.126,0.55,5.0,6344,6344,4,1,tradeable_sweep_candidate,0,1,0,0.6679448721101016,2.236423531492795,0,0,0,1,0.504448721101015,8.0,0.09122214482777431,0.09122214482777431,,,Asia,2.236423531492795,previous_day_high|above|1320.126,previous_day_high|above|1320.126|6344,prior_period
6362,6360,above,6360101.0,swing_high,1327.636,0.4,8.0,6350,6352,4,0,displacement_confirmed_sweep,0,1,1,0.5798924113330078,0.283973449487472,1,0,0,1,0.5233731017579248,7.0,-0.23206719155274233,0.23206719155274233,,,Asia,1.9927968943577516,swing_high|above|1327.636,swing_high|above|1327.636|6352,swing
6368,6367,above,6367101.0,previous_week_high,1341.975,0.6000000000000001,1.0,6366,6366,4,0,micro_interaction_sweep,1,0,0,0.5079246837090737,0.18918677257041885,1,0,0,1,0.3198117092726844,6.0,-0.1914910853495514,0.1914910853495514,,,Asia,0.18918677257041885,previous_week_high|above|1341.975,previous_week_high|above|1341.975|6366,prior_period
6370,6370,below,6370201.0,support,1340.0684999999999,0.55,3.0,6368,6367,3,0,micro_interaction_sweep,1,0,0,0.49951037215969124,0.10190963057662505,1,0,0,1,0.29044259706589476,7.0,0.15485258759084783,0.15485258759084783,,,Dead,0.534609275404911,support|below|1340.0685,support|below|1340.0685|6367,s_r
6374,6372,below,6372202.0,previous_day_low,1338.083,0.5,1.0,6371,6371,4,0,standard_liquidity_sweep,0,1,0,0.5943535214191465,0.4113273668647908,0,0,0,1,1.2285845729698743,8.0,-0.6700309215056471,0.6700309215056471,,,Asia,0.4113273668647908,previous_day_low|below|1338.083,previous_day_low|below|1338.083|6371,prior_period
6377,6376,above,6376102.0,resistance,1341.8652564102563,0.65,11.0,6366,6365,4,0,displacement_confirmed_sweep,0,1,1,0.481650204417885,0.7082423811020826,1,0,0,1,0.23181186126251846,8.0,0.10626101811583245,0.10626101811583245,,,Dead,1.78413577270407,resistance|above|1341.8653,resistance|above|1341.8653|6365,s_r
6379,6378,above,6378101.0,session_high,1337.046,0.45,4.0,6374,6374,4,0,displacement_confirmed_sweep,0,1,1,0.48212966140560215,0.7107084949776793,1,0,0,1,0.34283672832214085,9.0,-0.20816440023537078,0.20816440023537078,prev_london_high,completed_previous_session_only,Asia,0.7107084949776793,session_high|above|1337.046,session_high|above|1337.046|6374,session
6380,6379,below,6379201.0,session_low,1337.501,0.45,3.0,6376,6376,4,0,displacement_confirmed_sweep,0,1,1,0.578222349757006,0.1219816867621366,1,0,0,1,0.6951978659360538,9.0,-0.34017079138681616,0.34017079138681616,prev_ny_low,completed_previous_session_only,London,0.39926014895004425,session_low|below|1337.501,session_low|below|1337.501|6376,session
6393,6390,above,6390102.0,session_high,1332.402,0.45,4.0,6386,6386,4,0,standard_liquidity_sweep,0,1,0,0.5413217226768815,0.06782770470540385,0,0,0,1,0.8648915821544779,9.0,-0.3961123668820494,0.3961123668820494,prev_london_high,completed_previous_session_only,Asia,0.987653938069056,session_high|above|1332.402,session_high|above|1332.402|6386,session
6396,6395,below,6395202.0,previous_day_low,1330.242,0.55,1.0,6394,6394,4,0,micro_interaction_sweep,1,0,0,0.4950962466687526,0.24769737634103,0,0,0,1,0.30857395000521487,8.0,-0.13977483378948657,0.13977483378948657,,,Asia,0.24769737634103,previous_day_low|below|1330.242,previous_day_low|below|1330.242|6394,prior_period
6403,6400,above,6400102.0,session_high,1334.789,0.55,3.0,6397,6397,4,0,micro_interaction_sweep,1,0,0,0.543464371932873,0.22209564722146588,0,0,0,1,0.4743072437956768,8.0,-0.15261871196099377,0.15261871196099377,prev_ny_high,completed_previous_session_only,Dead,0.5668885835823172,session_high|above|1334.789,session_high|above|1334.789|6397,session
6414,6413,above,6413101.0,previous_day_high,1362.096,0.55,1.0,6412,6412,4,1,tradeable_sweep_candidate,0,1,0,0.6548989443967346,0.2106684777579213,0,0,0,1,0.7196591114003956,6.0,-0.22840706924168466,0.22840706924168466,,,Asia,0.2106684777579213,previous_day_high|above|1362.096,previous_day_high|above|1362.096|6412,prior_period
6416,6415,below,6415202.0,session_low,1357.438,0.45,3.0,6412,6412,4,1,tradeable_sweep_candidate,0,1,0,0.6233197248291971,0.36394464469602456,0,0,0,1,0.70759333216583,7.0,-0.24671620285910936,0.24671620285910936,prev_ny_low,completed_previous_session_only,London,1.0954976385388873,session_low|below|1357.438,session_low|below|1357.438|6412,session
6417,6416,above,6416101.0,resistance,1361.9475151515153,0.65,5.0,6412,6411,4,0,standard_liquidity_sweep,0,1,0,0.6190170212655673,1.2310320508025436,0,0,0,1,0.3267092198305848,7.0,0.2608818681097265,0.2608818681097265,,,Overlap,1.2310320508025436,resistance|above|1361.9475,resistance|above|1361.9475|6411,s_r
6428,6428,below,6428201.0,swing_low,1341.924,0.4,9.0,6417,6419,3,0,displacement_confirmed_sweep,0,1,1,0.5669259994855508,0.22118197521768093,1,0,0,1,0.7391572075240143,10.0,0.08033230530474808,0.08033230530474808,,,Overlap,1.786107141504553,swing_low|below|1341.924,swing_low|below|1341.924|6419,swing
6434,6433,above,6433101.0,session_high,1344.619,0.45,3.0,6430,6430,4,0,standard_liquidity_sweep,0,1,0,0.5633319058913004,0.08656643255135407,0,0,0,1,0.6487184086603652,10.0,-0.1622976654523018,0.1622976654523018,prev_ny_high,completed_previous_session_only,London,1.6531620241322633,session_high|above|1344.619,session_high|above|1344.619|6430,session
6437,6434,below,6434201.0,session_low,1338.907,0.45,4.0,6430,6430,4,0,standard_liquidity_sweep,0,1,0,0.49056719706953694,1.0614676606641227,0,0,0,1,0.4910013260071757,9.0,-0.2669272728047701,0.2669272728047701,prev_ny_low,completed_previous_session_only,Overlap,1.0614676606641227,session_low|below|1338.907,session_low|below|1338.907|6430,session
6442,6441,below,6441203.0,support,1334.8354912280702,0.6,39.0,6431,6402,4,0,standard_liquidity_sweep,0,1,0,0.46051930378315464,0.8994206951289008,0,0,0,1,0.2429649261245532,10.0,1.586003326410218,1.586003326410218,,,NY,5.302973421836043,support|below|1334.8355,support|below|1334.8355|6402,s_r
6444,6441,above,6441104.0,session_high,1340.234,0.45,5.0,6436,6436,4,0,standard_liquidity_sweep,0,1,0,0.5358333333333333,-0.000998522603733939,0,0,0,1,0.2429649261245532,10.0,0.09911342029889375,0.09911342029889375,prev_ny_high,completed_previous_session_only,NY,0.4300050355787979,session_high|above|1340.234,session_high|above|1340.234|6436,session
6445,6444,below,6444201.0,session_low,1340.81,0.45,4.0,6440,6440,4,0,micro_interaction_sweep,1,0,0,0.49815177363532914,0.10095352836089802,0,0,0,1,0.42037943408832285,10.0,-0.24634568351732658,0.24634568351732658,prev_london_low,completed_previous_session_only,Asia,1.1087211575503528,session_low|below|1340.81,session_low|below|1340.81|6440,session
6452,6452,below,6452201.0,support,1331.59567283699,0.79106162813735,10.0,1368,6442,3,0,micro_interaction_sweep,1,0,0,0.6608858762329056,0.02849928091492917,0,0,0,1,0.4960882776256119,8.0,0.1384560102403264,0.1384560102403264,,,Overlap,2.5456322106385847,support|below|1331.5957,support|below|1331.5957|6442,s_r
6457,6456,above,6456101.0,previous_day_high,1333.836,0.5,1.0,6455,6455,4,0,standard_liquidity_sweep,0,1,0,0.562960048250347,0.3305751669013808,0,0,0,1,0.6629338158368021,10.0,-0.42198017720910375,0.42198017720910375,,,Asia,0.3305751669013808,previous_day_high|above|1333.836,previous_day_high|above|1333.836|6455,prior_period
6464,6464,below,6464201.0,previous_week_low,1327.301,0.6000000000000001,10.0,6452,6454,3,0,standard_liquidity_sweep,0,1,0,0.570383037634425,0.5548169045161075,0,0,0,1,0.3188746280689882,8.0,0.0010068211080301165,0.0010068211080301165,,,Overlap,2.583202576841032,previous_week_low|below|1327.301,previous_week_low|below|1327.301|6454,prior_period
6466,6464,below,6464202.0,previous_day_low,1329.78,0.55,3.0,6461,6461,4,0,micro_interaction_sweep,1,0,0,0.5650433131895367,0.19673538764669588,1,0,0,1,0.3188746280689882,8.0,0.0010068211080301165,0.0010068211080301165,,,Overlap,2.1738006466232993,previous_day_low|below|1329.78,previous_day_low|below|1329.78|6461,prior_period
6474,6473,below,6473201.0,previous_day_low,1311.111,0.55,1.0,6470,6472,4,0,standard_liquidity_sweep,0,1,0,0.45232508787070386,0.43750872921356326,0,0,0,1,0.21206271967675955,8.0,-0.041142188637094436,0.041142188637094436,,,Asia,0.43750872921356326,previous_day_low|below|1311.111,previous_day_low|below|1311.111|6472,prior_period
6476,6476,above,6476101.0,session_high,1318.399,0.45,4.0,6472,6472,3,0,standard_liquidity_sweep,0,1,0,0.5882808882770688,0.42157866220856394,0,0,0,1,0.5218286034727389,9.0,0.1035307949289795,0.1035307949289795,prev_ny_high,completed_previous_session_only,Overlap,1.0932273492934075,session_high|above|1318.399,session_high|above|1318.399|6472,session
6486,6484,above,6484101.0,swing_high,1322.651,0.4,4.0,6478,6480,4,0,standard_liquidity_sweep,0,1,0,0.49480975475353606,1.1258227771112201,0,0,0,1,0.7973123432800427,9.0,-0.17463573766637072,0.17463573766637072,,,Dead,1.253323638667406,swing_high|above|1322.651,swing_high|above|1322.651|6480,swing
6493,6492,above,6492102.0,previous_day_high,1326.102,0.55,2.0,6488,6490,4,0,standard_liquidity_sweep,0,1,0,0.586033273044895,0.06883752564791935,0,0,0,1,0.7936297469379325,10.0,0.4707481093606178,0.4707481093606178,,,Asia,0.510508198372434,previous_day_high|above|1326.102,previous_day_high|above|1326.102|6490,prior_period
6499,6499,below,6499203.0,support,1322.9158484848488,0.6,7.0,6494,6492,3,0,displacement_confirmed_sweep,0,1,1,0.7115474799199669,1.6271928805582851,1,1,0,1,0.8402265080648512,9.0,0.5701144913533691,0.5701144913533691,,,London,2.1097236887691637,support|below|1322.9158,support|below|1322.9158|6492,s_r
6511,6509,above,6509101.0,previous_day_high,1357.051,0.6,4.0,6504,6505,4,0,micro_interaction_sweep,1,0,0,0.5746432432520259,0.0593961989354924,0,0,0,1,0.45505354803194326,7.0,-0.08366958509078334,0.08366958509078334,,,Asia,0.8955237075778691,previous_day_high|above|1357.051,previous_day_high|above|1357.051|6505,prior_period
6514,6512,below,6512201.0,previous_day_low,1348.442,0.5,3.0,6509,6509,4,0,standard_liquidity_sweep,0,1,0,0.4009340230091195,0.8637501766379141,0,0,0,1,0.1856683908561321,9.0,-0.00915157482080617,0.00915157482080617,,,Overlap,1.6748672879640742,previous_day_low|below|1348.442,previous_day_low|below|1348.442|6509,prior_period
6517,6517,below,6517201.0,previous_day_low,1347.003,0.5,2.0,6515,6515,3,0,micro_interaction_sweep,1,0,0,0.4551096347756073,0.2178961900880518,0,0,0,1,0.24194075360568498,10.0,0.024601144660732318,0.024601144660732318,,,London,0.2178961900880518,previous_day_low|below|1347.003,previous_day_low|below|1347.003|6515,prior_period
6529,6529,below,6529201.0,session_low,1327.896,0.45,4.0,6525,6525,3,0,standard_liquidity_sweep,0,1,0,0.5472317820600259,0.47393426143778977,0,0,0,1,0.3631643509645455,8.0,0.19675919313451282,0.19675919313451282,prev_ny_low,completed_previous_session_only,Overlap,0.47393426143778977,session_low|below|1327.896,session_low|below|1327.896|6525,session
6530,6530,above,6530102.0,resistance,1331.9724999999999,0.55,6.0,6525,6524,3,0,displacement_confirmed_sweep,0,1,1,0.6657324809872321,0.5397778599535165,0,1,0,1,0.5780142691175368,9.0,0.9435055507543038,0.9435055507543038,,,NY,0.8505768534604907,resistance|above|1331.9725,resistance|above|1331.9725|6524,s_r
6554,6553,below,6553201.0,support,1316.0520937896404,0.5821179140105129,66.0,1383,6487,4,0,standard_liquidity_sweep,0,1,0,0.4722460544022042,1.8915234828023189,0,0,0,1,1.3150513507170718,9.0,0.358966555713209,0.358966555713209,,,Overlap,6.981410804735669,support|below|1316.0521,support|below|1316.0521|6487,s_r
6560,6559,above,6559101.0,session_high,1318.787,0.45,4.0,6555,6555,4,0,micro_interaction_sweep,1,0,0,0.49926229642715075,0.14923938875588766,0,0,0,1,0.4127390744012103,8.0,-0.019902680085839113,0.019902680085839113,prev_ny_high,completed_previous_session_only,Overlap,0.3741314899581236,session_high|above|1318.787,session_high|above|1318.787|6555,session
6566,6563,below,6563202.0,swing_low,1313.258,0.4,8.0,6553,6555,4,0,micro_interaction_sweep,1,0,0,0.5618975708466724,0.17710658494408238,0,0,1,1,0.6375799101169403,7.0,0.008852417221491824,0.008852417221491824,,,Asia,1.2798651219509523,swing_low|below|1313.258,swing_low|below|1313.258|6555,swing
6571,6571,below,6571201.0,previous_week_low,1320.808,0.55,27.0,6544,6544,3,1,tradeable_sweep_candidate,0,1,0,0.626430489351429,0.3868961039363047,0,0,0,1,0.6080386669951915,8.0,0.277741658905796,0.277741658905796,,,Overlap,3.662353401732382,previous_week_low|below|1320.808,previous_week_low|below|1320.808|6544,prior_period
6572,6570,above,6570101.0,previous_day_high,1321.043,0.6,3.0,6566,6567,4,0,standard_liquidity_sweep,0,1,0,0.5800706587329414,0.39251276929916723,0,0,0,1,0.7840399206627466,9.0,-0.3446467617313832,0.3446467617313832,,,London,0.7762221585246519,previous_day_high|above|1321.043,previous_day_high|above|1321.043|6567,prior_period
6575,6575,above,6575101.0,previous_day_high,1326.597,0.5,1.0,6574,6574,3,0,micro_interaction_sweep,1,0,0,0.4474517521080209,0.2021162122527792,0,0,0,1,0.21237938027005232,9.0,0.09259046551282336,0.09259046551282336,,,Asia,0.2021162122527792,previous_day_high|above|1326.597,previous_day_high|above|1326.597|6574,prior_period
6576,6573,above,6573101.0,previous_day_high,1325.404,0.6,2.0,6570,6571,4,0,standard_liquidity_sweep,0,1,0,0.41277146895351463,0.8451072290249043,0,0,0,1,0.21317867238378657,9.0,-0.016082213339919202,0.016082213339919202,,,Dead,0.8451072290249043,previous_day_high|above|1325.404,previous_day_high|above|1325.404|6571,prior_period
6578,6577,below,6577201.0,previous_day_low,1318.856,0.5,3.0,6574,6574,4,0,displacement_confirmed_sweep,0,1,1,0.43313757810451475,0.3763951174549288,1,1,0,1,0.21617727859462024,10.0,-0.18950974029028325,0.18950974029028325,,,Overlap,1.4006236876845457,previous_day_low|below|1318.856,previous_day_low|below|1318.856|6574,prior_period
6579,6577,below,6577204.0,session_low,1320.123,0.45,4.0,6573,6573,4,0,micro_interaction_sweep,1,0,0,0.4923227441515448,0.13711131724648454,1,1,0,1,0.21617727859462024,10.0,-0.18950974029028325,0.18950974029028325,prev_ny_low,completed_previous_session_only,Overlap,1.1562234380913214,session_low|below|1320.123,session_low|below|1320.123|6573,session
6600,6600,below,6600201.0,previous_day_low,1316.723,0.6,2.0,6597,6598,3,1,tradeable_sweep_candidate,0,1,0,0.6951737475918394,0.6828420518746583,0,0,0,1,0.878704275140596,8.0,0.9067457513996685,0.9067457513996685,,,London,0.6828420518746583,previous_day_low|below|1316.723,previous_day_low|below|1316.723|6598,prior_period
6609,6607,below,6607203.0,previous_day_low,1321.107,0.5,2.0,6605,6605,4,1,tradeable_sweep_candidate,0,1,0,0.615485501644984,0.6567119129531266,0,0,0,1,1.1537630520285023,9.0,0.0007146993921672394,0.0007146993921672394,,,Asia,0.6567119129531266,previous_day_low|below|1321.107,previous_day_low|below|1321.107|6605,prior_period
6615,6614,below,6614202.0,support,1315.631604651163,0.7,45.0,1404,6569,4,0,displacement_confirmed_sweep,0,1,1,0.5810092444234356,0.7579280805139431,0,1,0,1,0.334465758621419,8.0,1.293605802213595,1.293605802213595,,,London,3.856563040853425,support|below|1315.6316,support|below|1315.6316|6569,s_r
6616,6614,above,6614102.0,resistance,1325.3666421999158,0.6,12.0,5751,6602,4,0,standard_liquidity_sweep,0,1,0,0.4572249313690268,1.6188498404493474,0,0,0,1,0.334465758621419,8.0,0.17458486853880917,0.17458486853880917,,,London,2.0237052055471163,resistance|above|1325.3666,resistance|above|1325.3666|6602,s_r
6621,6620,below,6620202.0,session_low,1325.339,0.45,3.0,6617,6617,4,1,tradeable_sweep_candidate,0,1,0,0.6064262378088997,0.054676695717339636,0,0,0,1,0.839323071831905,9.0,0.15717816257245146,0.15717816257245146,prev_ny_low,completed_previous_session_only,London,0.7605927262388982,session_low|below|1325.339,session_low|below|1325.339|6617,session
6633,6632,below,6632201.0,equal_low,1312.763,0.6000000000000001,27.0,1202,6605,4,1,tradeable_sweep_candidate,0,1,0,0.6062320467578826,1.899840888598594,0,0,0,1,0.6485462064286851,10.0,-0.6121811404411713,0.6121811404411713,,,London,3.403647195755346,equal_low|below|1312.763,equal_low|below|1312.763|6605,eqh_eql
6638,6637,below,6637201.0,previous_week_low,1309.537,0.65,4.0,6633,6633,4,1,tradeable_sweep_candidate,0,1,0,0.576819444837865,0.5731318185544892,0,0,0,1,0.4504491698607328,8.0,-0.022780797432992352,0.022780797432992352,,,Asia,0.824179843994659,previous_week_low|below|1309.537,previous_week_low|below|1309.537|6633,prior_period
6639,6636,below,6636201.0,previous_week_low,1312.618,0.6000000000000001,31.0,6605,6605,4,0,micro_interaction_sweep,1,0,0,0.5894562492630581,0.10011423254686314,0,0,0,1,0.5994963572446994,8.0,-0.15866226887456925,0.15866226887456925,,,Dead,3.434121344775689,previous_week_low|below|1312.618,previous_week_low|below|1312.618|6605,prior_period
6640,6639,below,6639201.0,previous_day_low,1310.094,0.5,2.0,6637,6637,4,0,standard_liquidity_sweep,0,1,0,0.47320308536093747,0.3226535520564084,0,0,0,1,0.21496526165203708,9.0,0.7024963373816308,0.7024963373816308,,,London,0.3226535520564084,previous_day_low|below|1310.094,previous_day_low|below|1310.094|6637,prior_period
6677,6676,below,6676201.0,previous_day_low,1343.408,0.5,2.0,6674,6674,4,0,standard_liquidity_sweep,0,1,0,0.5747110467205834,0.9562136340286731,0,0,0,1,0.6655549510826031,8.0,-0.2515283800991743,0.2515283800991743,,,London,2.323632064974053,previous_day_low|below|1343.408,previous_day_low|below|1343.408|6674,prior_period
6689,6688,below,6688202.0,previous_day_low,1323.355,0.6,3.0,6683,6685,4,0,standard_liquidity_sweep,0,1,0,0.5599906237052148,0.3086597821027886,0,0,0,1,0.4754244504738035,10.0,-0.07228121134499345,0.07228121134499345,,,London,0.7677540418711305,previous_day_low|below|1323.355,previous_day_low|below|1323.355|6685,prior_period
6702,6701,below,6701202.0,session_low,1331.938,0.45,5.0,6696,6696,4,1,tradeable_sweep_candidate,0,1,1,0.5717019972280228,0.9301466775162481,1,0,0,1,0.599573558977742,10.0,0.20192989482377452,0.20192989482377452,prev_london_low,completed_previous_session_only,London,2.065882825183869,session_low|below|1331.938,session_low|below|1331.938|6696,session
6707,6706,above,6706102.0,session_high,1341.079,0.45,4.0,6702,6702,4,1,tradeable_sweep_candidate,0,1,1,0.6606519074422507,1.3823025332901258,0,0,1,1,0.5514618636137587,9.0,-0.15264344664479806,0.15264344664479806,prev_london_high,completed_previous_session_only,Asia,1.666772707019055,session_high|above|1341.079,session_high|above|1341.079|6702,session
6708,6707,above,6707101.0,resistance,1344.8688310203725,0.5830388895585346,10.0,1425,6697,4,0,displacement_confirmed_sweep,0,1,1,0.5688956147216903,0.38457001552563236,0,0,1,1,0.4400314300452952,7.0,1.5179650770870015,1.5179650770870015,,,London,2.9207936819956557,resistance|above|1344.8688,resistance|above|1344.8688|6697,s_r
6712,6711,below,6711202.0,swing_low,1328.755,0.4,8.0,6701,6703,4,0,standard_liquidity_sweep,0,1,0,0.5246514249209424,0.3800180269866902,0,0,0,1,0.5298475825427569,10.0,0.2946996061816452,0.2946996061816452,,,Asia,2.629732319770207,swing_low|below|1328.755,swing_low|below|1328.755|6703,swing
6718,6718,below,6718202.0,support,1322.8903488696167,0.65,28.0,6713,6690,3,1,tradeable_sweep_candidate,0,1,1,0.6128097254961691,0.3256337941557759,0,0,1,1,0.5472657773349963,8.0,-0.10478128666056827,0.10478128666056827,,,Asia,3.9283167708310254,support|below|1322.8903,support|below|1322.8903|6690,s_r
6719,6718,below,6718203.0,support,1320.8489999999997,0.6000000000000001,30.0,6693,6688,4,0,displacement_confirmed_sweep,0,1,1,0.564217423290863,0.6974804964071248,0,0,1,1,0.5472657773349963,8.0,-0.10478128666056827,0.10478128666056827,,,Asia,4.348522786170829,support|below|1320.849,support|below|1320.849|6688,s_r
6720,6719,above,6719102.0,resistance,1333.3,0.6,3.0,5773,6716,4,0,standard_liquidity_sweep,0,1,0,0.49994325638571413,1.7033174921383707,0,0,0,1,0.2435185690209835,8.0,-0.08171319921755585,0.08171319921755585,,,London,1.7033174921383707,resistance|above|1333.3,resistance|above|1333.3|6716,s_r
6726,6725,below,6725201.0,previous_day_low,1329.734,0.5,1.0,6724,6724,4,0,displacement_confirmed_sweep,0,1,1,0.583443351782284,0.3002084251151341,0,1,0,1,0.5622581361249444,9.0,-0.2657467122067525,0.2657467122067525,,,Asia,0.3002084251151341,previous_day_low|below|1329.734,previous_day_low|below|1329.734|6724,prior_period
6729,6727,above,6727102.0,previous_day_high,1334.763,0.6,4.0,6723,6723,4,0,standard_liquidity_sweep,0,1,0,0.5593825436627928,0.4834309339169689,0,0,0,1,0.5771587699612608,9.0,-0.34702932718499035,0.34702932718499035,,,Overlap,1.2149230017577828,previous_day_high|above|1334.763,previous_day_high|above|1334.763|6723,prior_period
6747,6744,below,6744201.0,previous_day_low,1340.045,0.5,2.0,6742,6742,4,0,standard_liquidity_sweep,0,1,0,0.45324198078378086,0.8725407841262063,0,0,0,1,0.38727161862611886,10.0,-0.2890767831841416,0.2890767831841416,,,London,1.7401198029871652,previous_day_low|below|1340.045,previous_day_low|below|1340.045|6742,prior_period
6750,6750,below,6750201.0,session_low,1337.584,0.45,5.0,6745,6745,3,0,displacement_confirmed_sweep,0,1,1,0.6511362926834925,0.22914418915363027,0,0,1,1,0.8369785451912237,10.0,1.2075444245304885,1.2075444245304885,prev_london_low,completed_previous_session_only,London,0.48008686687058155,session_low|below|1337.584,session_low|below|1337.584|6745,session
6755,6754,above,6754103.0,session_high,1345.691,0.45,3.0,6751,6751,4,0,standard_liquidity_sweep,0,1,0,0.5326513685731357,0.5638539447855851,0,0,0,1,0.19830687341311765,9.0,-0.015079754069857228,0.015079754069857228,prev_london_high,completed_previous_session_only,Dead,0.5638539447855851,session_high|above|1345.691,session_high|above|1345.691|6751,session
6758,6757,above,6757102.0,session_high,1347.464,0.45,3.0,6754,6754,4,0,standard_liquidity_sweep,0,1,0,0.5304083095600584,0.7355455813358476,0,0,0,1,0.2825202443994647,9.0,-0.12428951255330895,0.12428951255330895,prev_ny_high,completed_previous_session_only,London,0.7355455813358476,session_high|above|1347.464,session_high|above|1347.464|6754,session
6763,6763,below,6763201.0,support,1340.9765275139648,0.65,10.0,6761,6753,3,0,standard_liquidity_sweep,0,1,0,0.5881058367221231,0.29831455182084743,0,0,0,1,0.29773008517709537,6.0,0.3385507802945992,0.3385507802945992,,,London,1.330025294702602,support|below|1340.9765,support|below|1340.9765|6753,s_r
6770,6769,above,6769101.0,swing_high,1350.435,0.4,10.0,6757,6759,4,1,tradeable_sweep_candidate,0,1,0,0.5857230125844667,0.25713293111972446,0,0,0,1,0.9509345935614874,10.0,-0.032499598969011084,0.032499598969011084,,,London,1.3512881185628889,swing_high|above|1350.435,swing_high|above|1350.435|6759,swing
6776,6776,below,6776203.0,previous_day_low,1342.217,0.5,3.0,6773,6773,3,0,standard_liquidity_sweep,0,1,0,0.5765986487177834,0.6910724997601294,0,0,0,1,0.3683350258498095,9.0,-0.1701567712008843,0.1701567712008843,,,Overlap,2.296715390797563,previous_day_low|below|1342.217,previous_day_low|below|1342.217|6773,prior_period
6797,6794,above,6794101.0,resistance,1328.672,0.55,6.0,6789,6788,4,0,displacement_confirmed_sweep,0,1,1,0.43042661317378555,0.5871503611286164,0,1,0,1,0.27814986626779725,5.0,0.18000977794688394,0.18000977794688394,,,London,0.9937731684604967,resistance|above|1328.672,resistance|above|1328.672|6788,s_r
6805,6805,below,6805201.0,session_low,1322.821,0.45,5.0,6800,6800,3,0,displacement_confirmed_sweep,0,1,1,0.5085622723050999,0.5148940130237005,1,0,0,1,0.35160687807188995,7.0,0.4254210372432756,0.4254210372432756,prev_asia_low,completed_previous_session_only,Asia,0.5148940130237005,session_low|below|1322.821,session_low|below|1322.821|6800,session
6820,6819,below,6819201.0,equal_low,1315.205,0.7000000000000001,6.0,1245,6813,4,1,tradeable_sweep_candidate,0,1,0,0.7230171638525407,0.32370191565242257,0,0,0,1,1.181943515529498,5.0,-0.3531127396917111,0.3531127396917111,,,London,2.2326866779722687,equal_low|below|1315.205,equal_low|below|1315.205|6813,eqh_eql
6837,6837,above,6837101.0,resistance,1313.4749999999997,0.65,4.0,1456,6833,3,1,tradeable_sweep_candidate,0,1,0,0.7094191148972127,0.3784348605581773,0,0,0,1,0.7948450524578177,7.0,0.02811546540631742,0.02811546540631742,,,London,1.5024231792125065,resistance|above|1313.475,resistance|above|1313.475|6833,s_r
6848,6848,below,6848201.0,support,1313.280090909091,0.6,3.0,6847,6845,3,0,standard_liquidity_sweep,0,1,0,0.5981884572093282,1.0605048704489461,0,0,0,1,0.4850544763566538,5.0,0.019245764263929193,0.019245764263929193,,,Asia,1.0605048704489461,support|below|1313.2801,support|below|1313.2801|6845,s_r
6850,6849,below,6849201.0,previous_day_low,1313.211,0.55,2.0,6847,6847,4,0,micro_interaction_sweep,1,0,0,0.5210050351617365,0.03403522921910373,0,0,0,1,0.31875423755760696,8.0,-0.10552015709924975,0.10552015709924975,,,Asia,1.0761480531351864,previous_day_low|below|1313.211,previous_day_low|below|1313.211|6847,prior_period
6857,6855,below,6855201.0,equal_low,1310.2559999999999,0.7,5.0,1247,6850,4,0,standard_liquidity_sweep,0,1,0,0.6889538806625557,0.6535872770951922,0,0,0,1,0.6645388066255582,6.0,-0.09429114797698078,0.09429114797698078,,,Asia,0.8363056667330503,equal_low|below|1310.256,equal_low|below|1310.256|6850,eqh_eql
6859,6857,above,6857101.0,session_high,1314.725,0.5,4.0,6853,6853,4,0,standard_liquidity_sweep,0,1,0,0.543990705710484,1.5435418537340566,0,0,0,1,0.592783163299531,9.0,-0.007397294112007439,0.007397294112007439,prev_asia_high,completed_previous_session_only,Overlap,1.5435418537340566,session_high|above|1314.725,session_high|above|1314.725|6853,session
6861,6861,below,6861202.0,support,1306.1186272906896,0.65,21.0,6856,6840,3,0,standard_liquidity_sweep,0,1,0,0.5478597198510293,0.39449747805062596,0,0,0,1,0.28826035595094424,9.0,0.32195993723919647,0.32195993723919647,,,Asia,2.6819639763907452,support|below|1306.1186,support|below|1306.1186|6840,s_r
6868,6868,above,6868101.0,resistance,1317.5259218566716,0.65,10.0,4025,6858,3,1,tradeable_sweep_candidate,0,1,0,0.7219497223011225,0.2391688710909992,0,0,0,1,0.837412760350639,8.0,0.0349017328570977,0.0349017328570977,,,London,1.935528682082579,resistance|above|1317.5259,resistance|above|1317.5259|6858,s_r
6874,6873,above,6873103.0,previous_week_high,1322.268,0.55,25.0,6848,6848,4,1,tradeable_sweep_candidate,0,1,0,0.6027698410968026,0.6095051455039645,0,0,0,1,0.5648610012962878,10.0,0.1333097823126714,0.1333097823126714,,,Asia,3.20160739100496,previous_week_high|above|1322.268,previous_week_high|above|1322.268|6848,prior_period
6878,6875,below,6875201.0,session_low,1320.245,0.45,4.0,6871,6871,4,0,displacement_confirmed_sweep,0,1,1,0.4950318184955356,0.4015782189777141,1,0,0,1,0.5086515182886893,9.0,-0.07498807682408043,0.07498807682408043,prev_ny_low,completed_previous_session_only,Overlap,0.861350078128256,session_low|below|1320.245,session_low|below|1320.245|6871,session
6894,6893,below,6893201.0,previous_day_low,1288.552,0.6,3.0,6888,6890,4,1,tradeable_sweep_candidate,0,1,0,0.5852958850987056,0.561192295345606,0,0,0,1,0.4790211098419983,7.0,-0.049863972184904196,0.049863972184904196,,,London,1.313445967505055,previous_day_low|below|1288.552,previous_day_low|below|1288.552|6890,prior_period
6898,6898,below,6898201.0,support,1286.2079999999999,0.65,5.0,6893,6893,3,1,tradeable_sweep_candidate,0,1,0,0.5946568559578977,0.6716876080506855,0,0,0,1,0.3950913022278271,6.0,0.2794132731493276,0.2794132731493276,,,Asia,1.4140115271981242,support|below|1286.208,support|below|1286.208|6893,s_r
6899,6898,below,6898202.0,session_low,1289.431,0.45,5.0,6893,6893,4,1,tradeable_sweep_candidate,0,1,0,0.6393960115464499,-0.0012527589830156711,0,0,0,1,0.3950913022278271,6.0,0.2794132731493276,0.2794132731493276,prev_asia_low,completed_previous_session_only,Asia,0.740145025326216,session_low|below|1289.431,session_low|below|1289.431|6893,session
6907,6906,above,6906101.0,previous_day_high,1293.17,0.55,3.0,6903,6903,4,0,standard_liquidity_sweep,0,1,0,0.44772873743637587,0.2597335414001084,0,0,0,1,0.20057184359093957,8.0,-0.11972117795737705,0.11972117795737705,,,Overlap,1.404797034277157,previous_day_high|above|1293.17,previous_day_high|above|1293.17|6903,prior_period
6912,6910,below,6910202.0,equal_low,1286.0385,0.6000000000000001,5.0,1260,6905,4,1,tradeable_sweep_candidate,0,1,1,0.6309878886226515,0.7486537737789111,0,0,1,1,0.7202911329829108,8.0,-0.09850732274548582,0.09850732274548582,,,Asia,1.7037500844565419,equal_low|below|1286.0385,equal_low|below|1286.0385|6905,eqh_eql
6915,6914,above,6914102.0,previous_day_high,1291.933,0.55,5.0,6909,6909,4,0,micro_interaction_sweep,1,0,0,0.4848794653732085,0.010428774860135034,0,0,0,1,0.30386533009968775,9.0,0.2177344882931783,0.2177344882931783,,,NY,2.0211467000190932,previous_day_high|above|1291.933,previous_day_high|above|1291.933|6909,prior_period
6918,6917,above,6917102.0,previous_day_high,1293.389,0.6,2.0,6915,6915,4,1,tradeable_sweep_candidate,0,1,1,0.6217610594368436,1.146188850831587,1,0,0,1,0.4614702497726081,7.0,0.06263963055721095,0.06263963055721095,,,Asia,1.146188850831587,previous_day_high|above|1293.389,previous_day_high|above|1293.389|6915,prior_period
6924,6924,below,6924202.0,session_low,1290.724,0.45,3.0,6921,6921,3,1,tradeable_sweep_candidate,0,1,0,0.6796408525223839,1.4239024641138143,0,0,0,1,0.9560974708995119,8.0,-0.003937969205960486,0.003937969205960486,prev_ny_low,completed_previous_session_only,London,1.4239024641138143,session_low|below|1290.724,session_low|below|1290.724|6921,session
6925,6924,below,6924201.0,session_low,1291.24,0.45,5.0,6919,6919,4,0,displacement_confirmed_sweep,0,1,1,0.6428156600668177,1.3059108676013964,1,1,0,1,0.9560974708995119,8.0,-0.003937969205960486,0.003937969205960486,prev_london_low,completed_previous_session_only,London,1.3059108676013964,session_low|below|1291.24,session_low|below|1291.24|6919,session
6946,6946,above,6946103.0,previous_day_high,1299.893,0.5,5.0,6941,6941,3,0,standard_liquidity_sweep,0,1,0,0.5220789316483598,0.6913081977917253,0,0,0,1,0.3760606387223479,9.0,-0.19583638505931442,0.19583638505931442,,,Dead,0.7692935390905823,previous_day_high|above|1299.893,previous_day_high|above|1299.893|6941,prior_period
6949,6949,below,6949201.0,support,1296.8485,0.55,6.0,6944,6943,3,0,standard_liquidity_sweep,0,1,0,0.7333333333333334,1.6226642606632198,0,0,0,1,0.6335293223564065,7.0,1.1370173622181001,1.1370173622181001,,,London,1.6226642606632198,support|below|1296.8485,support|below|1296.8485|6943,s_r
6950,6949,below,6949203.0,equal_low,1295.5425385076198,0.65,19.0,1270,6930,4,0,standard_liquidity_sweep,0,1,0,0.688144720880623,1.936587235181822,0,0,0,1,0.6335293223564065,7.0,1.1370173622181001,1.1370173622181001,,,London,2.420318004888382,equal_low|below|1295.5425,equal_low|below|1295.5425|6930,eqh_eql
6951,6948,above,6948101.0,previous_day_high,1301.266,0.55,1.0,6946,6947,4,0,standard_liquidity_sweep,0,1,0,0.5691666666666667,1.24753338005274,0,0,0,1,1.2614979690334707,8.0,-0.5607993067368534,0.5607993067368534,,,Asia,1.24753338005274,previous_day_high|above|1301.266,previous_day_high|above|1301.266|6947,prior_period
6961,6961,below,6961201.0,support,1301.3075,0.5644950001250258,4.0,6958,6957,3,0,standard_liquidity_sweep,0,1,0,0.6699344124723524,0.6047079461609908,0,0,0,1,0.6428557928727825,8.0,0.6855165744888488,0.6855165744888488,,,London,0.8023502694747592,support|below|1301.3075,support|below|1301.3075|6957,s_r
6962,6961,above,6961101.0,resistance,1304.6401304347828,0.55,12.0,6959,6949,4,0,micro_interaction_sweep,1,0,0,0.46590794550703557,0.15305407885537634,0,0,0,1,0.6428557928727825,8.0,0.025413377180551526,0.025413377180551526,,,London,1.5294294085131699,resistance|above|1304.6401,resistance|above|1304.6401|6949,s_r
6967,6967,below,6967203.0,support,1292.2243215932808,0.6113396719332455,41.0,1484,6926,3,0,standard_liquidity_sweep,0,1,0,0.6766976705613826,1.286599038814574,0,0,0,1,0.5951221346349275,9.0,-0.08601908499501931,0.08601908499501931,,,London,3.201066578909596,support|below|1292.2243,support|below|1292.2243|6926,s_r
6975,6973,above,6973101.0,previous_day_high,1294.498,0.5,1.0,6972,6972,4,0,standard_liquidity_sweep,0,1,0,0.40130910257110675,0.756427360850223,0,0,0,1,0.1866060897611002,6.0,-0.11150003624233676,0.11150003624233676,,,Asia,0.756427360850223,previous_day_high|above|1294.498,previous_day_high|above|1294.498|6972,prior_period
6978,6977,below,6977201.0,previous_day_low,1291.831,0.5,5.0,6972,6972,4,0,micro_interaction_sweep,1,0,0,0.46146329078089676,0.07410589266288195,0,0,0,1,0.2765748936189086,8.0,-0.03153470749669681,0.03153470749669681,,,Dead,0.7297341249290967,previous_day_low|below|1291.831,previous_day_low|below|1291.831|6972,prior_period
6982,6981,above,6981101.0,resistance,1298.178262694497,0.6508532244022874,14.0,1489,6967,4,0,standard_liquidity_sweep,0,1,0,0.5560606559871452,1.17096419628013,0,0,0,1,0.40836837471643317,7.0,0.21633750072089689,0.21633750072089689,,,Overlap,1.971217390584809,resistance|above|1298.1783,resistance|above|1298.1783|6967,s_r
6987,6986,above,6986103.0,previous_day_high,1300.472,0.55,3.0,6981,6983,4,0,standard_liquidity_sweep,0,1,0,0.5057855634806961,1.4960868575721846,0,0,0,1,0.31116903443273647,8.0,0.25130589066671793,0.25130589066671793,,,London,1.4960868575721846,previous_day_high|above|1300.472,previous_day_high|above|1300.472|6983,prior_period
6993,6992,above,6992102.0,previous_day_high,1301.752,0.6,5.0,6986,6987,4,0,standard_liquidity_sweep,0,1,0,0.5445786844804287,0.934083726350487,0,0,0,1,0.43202444898451686,8.0,0.563836521101408,0.563836521101408,,,London,1.3753502700956752,previous_day_high|above|1301.752,previous_day_high|above|1301.752|6987,prior_period
6996,6996,below,6996201.0,previous_day_low,1294.765,0.55,3.0,6993,6993,3,0,standard_liquidity_sweep,0,1,0,0.6106812077593474,0.5390622956032537,0,0,0,1,0.8568120775934743,9.0,0.019166896536209687,0.019166896536209687,,,Asia,0.5390622956032537,previous_day_low|below|1294.765,previous_day_low|below|1294.765|6993,prior_period
6997,6996,below,6996203.0,session_low,1295.869,0.45,4.0,6992,6992,4,0,standard_liquidity_sweep,0,1,0,0.6226505265859318,0.2435683659379495,0,0,0,1,0.8568120775934743,9.0,0.019166896536209687,0.019166896536209687,prev_asia_low,completed_previous_session_only,Asia,0.45185244686079273,session_low|below|1295.869,session_low|below|1295.869|6992,session
7002,7002,above,7002102.0,previous_day_high,1300.428,0.65,4.0,6998,6998,3,0,displacement_confirmed_sweep,0,1,1,0.4888878378579273,0.5162653517399792,1,0,0,1,0.22221959464481814,9.0,0.21092563103528886,0.21092563103528886,,,Dead,0.6610852404318401,previous_day_high|above|1300.428,previous_day_high|above|1300.428|6998,prior_period
7005,7004,below,7004202.0,session_low,1297.167,0.45,5.0,6999,6999,4,1,tradeable_sweep_candidate,0,1,1,0.606968657102362,0.03974507579326289,1,0,0,1,0.8952067490279884,9.0,0.3645116920390803,0.3645116920390803,prev_london_low,completed_previous_session_only,Asia,0.7013717039686873,session_low|below|1297.167,session_low|below|1297.167|6999,session
7006,7005,above,7005102.0,session_high,1299.897,0.5,3.0,7002,7002,4,0,standard_liquidity_sweep,0,1,0,0.47713967259795276,1.2677374056646682,0,0,0,1,0.31053101705534747,8.0,-0.07601540521665062,0.07601540521665062,prev_asia_high,completed_previous_session_only,London,1.2677374056646682,session_high|above|1299.897,session_high|above|1299.897|7002,session
7011,7011,below,7011202.0,session_low,1295.001,0.45,5.0,7006,7006,3,0,standard_liquidity_sweep,0,1,0,0.6602111123903044,0.7276674083819015,0,0,0,1,0.40329330081518283,10.0,0.6906395787837845,0.6906395787837845,prev_london_low,completed_previous_session_only,London,1.2738866739175334,session_low|below|1295.001,session_low|below|1295.001|7006,session
7012,7011,below,7011203.0,support,1294.1917261716565,0.6,26.0,7004,6985,4,0,standard_liquidity_sweep,0,1,0,0.5532175301491039,0.9715109650452715,0,0,0,1,0.40329330081518283,10.0,0.6906395787837845,0.6906395787837845,,,London,1.7570539942367265,support|below|1294.1917,support|below|1294.1917|6985,s_r
7018,7018,below,7018201.0,session_low,1294.728,0.45,4.0,7014,7014,3,0,displacement_confirmed_sweep,0,1,1,0.6557595284945376,0.5979783071295023,0,0,1,1,0.5992619516120418,10.0,1.2874224590485341,1.2874224590485341,prev_ny_low,completed_previous_session_only,Overlap,0.5979783071295023,session_low|below|1294.728,session_low|below|1294.728|7014,session
7024,7022,above,7022101.0,previous_week_high,1303.057,0.55,19.0,7003,7003,4,0,micro_interaction_sweep,1,0,0,0.5885825467314729,0.15093184622639186,1,0,1,1,0.6882588572493391,7.0,-0.43141748487933906,0.43141748487933906,,,Asia,2.5537641175857195,previous_week_high|above|1303.057,previous_week_high|above|1303.057|7003,prior_period
7026,7026,below,7026201.0,support,1301.595,0.628270748481798,3.0,7024,7023,3,0,displacement_confirmed_sweep,0,1,1,0.5092052280870756,0.30468212315279714,1,0,0,1,0.2865938524165653,9.0,0.08582522706015824,0.08582522706015824,,,Dead,1.3246620453756581,support|below|1301.595,support|below|1301.595|7023,s_r
7040,7039,above,7039101.0,previous_day_high,1282.314,0.55,5.0,7034,7034,4,0,standard_liquidity_sweep,0,1,0,0.5119320072806431,0.762240080109065,0,0,0,1,0.3714966848682743,8.0,-0.26855182038667463,0.26855182038667463,,,Dead,0.8503295305931657,previous_day_high|above|1282.314,previous_day_high|above|1282.314|7034,prior_period
7043,7042,below,7042201.0,previous_week_low,1275.161,0.55,8.0,7034,7034,4,1,tradeable_sweep_candidate,0,1,0,0.6425026452279302,0.9395239184091636,0,0,0,1,1.0528822509498508,8.0,-0.24827223448322083,0.24827223448322083,,,London,1.9535967074271163,previous_week_low|below|1275.161,previous_week_low|below|1275.161|7034,prior_period
7054,7052,below,7052201.0,previous_day_low,1266.345,0.55,1.0,7051,7051,4,1,tradeable_sweep_candidate,0,1,1,0.673948035656785,0.04945837865316888,0,0,1,1,1.0586687234520336,6.0,-0.8396338151515835,0.8396338151515835,,,Asia,0.04945837865316888,previous_day_low|below|1266.345,previous_day_low|below|1266.345|7051,prior_period
7064,7063,above,7063101.0,previous_day_high,1271.022,0.65,3.0,7059,7060,4,0,displacement_confirmed_sweep,0,1,1,0.4960642557245074,0.619844711430047,0,0,1,1,0.2484939726446019,7.0,-0.021384557558785707,0.021384557558785707,,,NY,0.619844711430047,previous_day_high|above|1271.022,previous_day_high|above|1271.022|7060,prior_period
7066,7065,below,7065201.0,session_low,1266.208,0.5,4.0,7060,7061,4,1,tradeable_sweep_candidate,0,1,0,0.5608429703973107,0.8261691375514831,0,0,0,1,1.2719464458063745,9.0,-0.12183293376986325,0.12183293376986325,prev_london_low,completed_previous_session_only,Asia,1.3244891156316834,session_low|below|1266.208,session_low|below|1266.208|7061,session
7068,7065,below,7065202.0,session_low,1267.201,0.45,5.0,7060,7060,4,0,displacement_confirmed_sweep,0,1,1,0.5278565293190576,0.5555932953388869,1,0,0,1,1.2719464458063745,9.0,-0.12183293376986325,0.12183293376986325,prev_asia_low,completed_previous_session_only,Asia,1.0556933478364305,session_low|below|1267.201,session_low|below|1267.201|7060,session
7077,7076,below,7076202.0,session_low,1256.026,0.45,3.0,7073,7073,4,1,tradeable_sweep_candidate,0,1,0,0.5520854067746644,0.5942398964951379,0,0,0,1,0.5452567698696218,8.0,-0.10160064034838835,0.10160064034838835,prev_asia_low,completed_previous_session_only,Dead,0.8152242388027423,session_low|below|1256.026,session_low|below|1256.026|7073,session
7080,7080,below,7080202.0,support,1253.4908366941877,0.7174872001609649,4.0,1518,7076,3,0,standard_liquidity_sweep,0,1,0,0.579511633453085,0.34887003466810235,0,0,0,1,0.32277994572030544,7.0,0.04440425929705825,0.04440425929705825,,,Overlap,1.1230175412732304,support|below|1253.4908,support|below|1253.4908|7076,s_r
7084,7083,below,7083201.0,previous_day_low,1250.6,0.55,1.0,7082,7082,4,0,standard_liquidity_sweep,0,1,0,0.49300887631473134,0.6755921496798335,0,0,0,1,0.234917202076104,6.0,-0.043163245154426357,0.043163245154426357,,,Asia,0.6755921496798335,previous_day_low|below|1250.6,previous_day_low|below|1250.6|7082,prior_period
7116,7115,below,7115202.0,previous_day_low,1253.889,0.55,4.0,7111,7111,4,0,standard_liquidity_sweep,0,1,0,0.63133211528072,0.33554605963389406,0,0,0,1,0.6287214977578209,9.0,0.155283778669451,0.155283778669451,,,Asia,0.7070596064691856,previous_day_low|below|1253.889,previous_day_low|below|1253.889|7111,prior_period
7117,7117,above,7117101.0,resistance,1257.298,0.6000000000000001,7.0,7113,7110,3,0,micro_interaction_sweep,1,0,0,0.5615154046743208,0.050931744897989094,0,0,0,1,0.366559947129157,9.0,0.4660536023079879,0.4660536023079879,,,Overlap,1.2832841128820993,resistance|above|1257.298,resistance|above|1257.298|7110,s_r
7130,7128,above,7128101.0,previous_week_high,1261.012,0.55,1.0,7127,7127,4,1,tradeable_sweep_candidate,0,1,1,0.6096929225929801,0.10605969438160365,1,0,1,1,1.0605185204302428,8.0,-1.0266080513970657,1.0266080513970657,,,Asia,0.10605969438160365,previous_week_high|above|1261.012,previous_week_high|above|1261.012|7127,prior_period
7133,7132,above,7132101.0,previous_day_high,1259.233,0.55,5.0,7127,7127,4,0,displacement_confirmed_sweep,0,1,1,0.4430397799589102,0.28725740411403267,1,0,1,1,0.21349757533838437,9.0,-0.17432608824712464,0.17432608824712464,,,Dead,0.28725740411403267,previous_day_high|above|1259.233,previous_day_high|above|1259.233|7127,prior_period
7135,7134,below,7134201.0,swing_low,1251.237,0.4,17.0,7115,7117,4,0,standard_liquidity_sweep,0,1,0,0.5297241078429429,1.5276101042398191,0,0,0,1,1.7206337761137833,9.0,-0.2984213023593945,0.2984213023593945,,,Asia,3.4819771980587255,swing_low|below|1251.237,swing_low|below|1251.237|7117,swing
7153,7152,below,7152202.0,previous_day_low,1242.137,0.6,5.0,7147,7147,4,1,tradeable_sweep_candidate,0,1,0,0.6604241808287373,0.6833155032538634,0,0,0,1,0.788120504197052,7.0,-0.09743107851234674,0.09743107851234674,,,Asia,1.283728611730754,previous_day_low|below|1242.137,previous_day_low|below|1242.137|7147,prior_period
7154,7153,below,7153202.0,support,1237.8531125153777,0.6000000000000001,52.0,7127,7101,4,0,standard_liquidity_sweep,0,1,0,0.4438575053108581,0.7674323370397611,0,0,0,1,0.20131042994381193,6.0,0.7921990871266603,0.7921990871266603,,,London,6.843857954287207,support|below|1237.8531,support|below|1237.8531|7101,s_r
7160,7158,above,7158101.0,session_high,1243.655,0.45,4.0,7154,7154,4,0,standard_liquidity_sweep,0,1,0,0.5512123873249243,0.3238031815845119,0,0,0,1,0.49895664777326154,9.0,-0.03441080329470127,0.03441080329470127,prev_london_high,completed_previous_session_only,Asia,0.836433045148386,session_high|above|1243.655,session_high|above|1243.655|7154,session
7173,7170,below,7170201.0,previous_day_low,1226.025,0.6,3.0,7166,7167,4,1,tradeable_sweep_candidate,0,1,1,0.5912443497720955,0.5674422883372925,1,0,0,1,0.9185317580389233,6.0,-0.3926951576754496,0.3926951576754496,,,Asia,0.5702881585411003,previous_day_low|below|1226.025,previous_day_low|below|1226.025|7167,prior_period
7179,7177,below,7177202.0,session_low,1221.982,0.45,4.0,7173,7173,4,1,tradeable_sweep_candidate,0,1,0,0.6671182529329872,0.4953621133479898,0,0,0,1,1.33085179005021,7.0,-1.2134787052636424,1.2134787052636424,prev_london_low,completed_previous_session_only,Asia,1.3164654756133676,session_low|below|1221.982,session_low|below|1221.982|7173,session
7184,7184,above,7184101.0,equal_high,1228.5123193533996,0.65,16.0,1318,7168,3,0,standard_liquidity_sweep,0,1,0,0.6551122124220843,0.815965594989104,0,0,0,1,0.4704750742856897,9.0,0.019477303352947575,0.019477303352947575,,,London,2.988412111854389,equal_high|above|1228.5123,equal_high|above|1228.5123|7168,eqh_eql
7188,7188,above,7188101.0,resistance,1231.938906976744,0.65,4.0,7185,7184,3,0,micro_interaction_sweep,1,0,0,0.5928187187695833,0.02412137730726457,0,0,0,1,0.44128185814355436,8.0,0.05507794971330693,0.05507794971330693,,,Dead,0.6413659421787398,resistance|above|1231.9389,resistance|above|1231.9389|7184,s_r
7203,7202,above,7202101.0,previous_day_high,1229.483,0.6,4.0,7197,7198,4,1,tradeable_sweep_candidate,0,1,0,0.6174749997741652,0.4450227288882679,0,0,0,1,0.4985312957306675,8.0,-0.18600025500612247,0.18600025500612247,,,Asia,1.0213257728529002,previous_day_high|above|1229.483,previous_day_high|above|1229.483|7198,prior_period
7215,7214,below,7214202.0,previous_day_low,1222.015,0.6,2.0,7212,7212,4,1,tradeable_sweep_candidate,0,1,0,0.681369662122243,0.38053377703366104,0,0,0,1,1.0424648530824943,8.0,0.27380647883225073,0.27380647883225073,,,Asia,0.5243482911914195,previous_day_low|below|1222.015,previous_day_low|below|1222.015|7212,prior_period
7216,7215,above,7215102.0,session_high,1224.04,0.45,3.0,7212,7212,4,0,standard_liquidity_sweep,0,1,0,0.4821663774536804,1.1554268425913299,0,0,0,1,0.38041594363420095,7.0,0.10475535962102912,0.10475535962102912,prev_ny_high,completed_previous_session_only,London,1.1554268425913299,session_high|above|1224.04,session_high|above|1224.04|7212,session
7223,7222,above,7222101.0,previous_day_high,1223.885,0.55,3.0,7219,7219,4,0,standard_liquidity_sweep,0,1,0,0.4732918283345151,0.5903823761837522,0,0,0,1,0.26447957083628776,10.0,-0.13955313710493084,0.13955313710493084,,,London,0.9474650170541329,previous_day_high|above|1223.885,previous_day_high|above|1223.885|7219,prior_period
7228,7227,below,7227203.0,session_low,1220.54,0.5,4.0,7223,7223,4,1,tradeable_sweep_candidate,0,1,1,0.687666672354195,0.425515149514517,0,0,1,1,0.363113633079322,8.0,-0.10042481196349012,0.10042481196349012,prev_ny_low,completed_previous_session_only,Asia,0.44406183532668775,session_low|below|1220.54,session_low|below|1220.54|7223,session
7229,7229,above,7229101.0,resistance,1225.353,0.65,15.0,7222,7214,3,0,standard_liquidity_sweep,0,1,0,0.6226762302904771,0.9173156241603059,0,0,0,1,0.4915074788129981,9.0,0.012506718433047142,0.012506718433047142,,,Overlap,1.7521957649720006,resistance|above|1225.353,resistance|above|1225.353|7214,s_r
7231,7229,above,7229103.0,session_high,1222.83,0.5,4.0,7225,7225,4,1,tradeable_sweep_candidate,0,1,0,0.5885439453348926,0.34698853698519927,0,0,0,1,0.4915074788129981,9.0,0.012506718433047142,0.012506718433047142,prev_asia_high,completed_previous_session_only,Overlap,1.1074838041983943,session_high|above|1222.83,session_high|above|1222.83|7225,session
7237,7236,below,7236201.0,previous_week_low,1217.41,0.6000000000000001,16.0,7220,7220,4,0,standard_liquidity_sweep,0,1,0,0.5782282117829249,0.10772038866070938,0,0,0,1,0.5239487844959151,6.0,-0.09614141919114771,0.09614141919114771,,,NY,1.7002668076653271,previous_week_low|below|1217.41,previous_week_low|below|1217.41|7220,prior_period
7247,7246,above,7246101.0,session_high,1218.264,0.45,5.0,7241,7241,4,0,standard_liquidity_sweep,0,1,0,0.46163189218901773,1.8626587813998037,0,0,0,1,0.30824639713921104,6.0,-0.09768371740329544,0.09768371740329544,prev_london_high,completed_previous_session_only,London,2.406830757928127,session_high|above|1218.264,session_high|above|1218.264|7241,session
7253,7253,below,7253201.0,support,1208.8605,0.6102824533576839,7.0,7247,7246,3,0,micro_interaction_sweep,1,0,0,0.4912121544520371,0.2032745133138578,0,0,0,1,0.23202051944820692,7.0,0.35774065665054616,0.35774065665054616,,,London,1.7987371185172834,support|below|1208.8605,support|below|1208.8605|7246,s_r
7259,7257,above,7257101.0,session_high,1211.59,0.45,3.0,7254,7254,4,0,standard_liquidity_sweep,0,1,0,0.4450983456151004,0.4245943270543841,0,0,0,1,0.3377458640377509,9.0,-0.3009504168460062,0.3009504168460062,prev_london_high,completed_previous_session_only,Asia,0.7471972993353835,session_high|above|1211.59,session_high|above|1211.59|7254,session
7265,7265,below,7265202.0,support,1208.478,0.55,3.0,7263,7262,3,0,standard_liquidity_sweep,0,1,0,0.6262640867423334,0.33995227984124105,0,0,0,1,0.45262382368523385,10.0,0.11756814566683654,0.11756814566683654,,,London,1.2085474479940919,support|below|1208.478,support|below|1208.478|7262,s_r
7277,7275,below,7275202.0,previous_day_low,1210.427,0.55,4.0,7271,7271,4,1,tradeable_sweep_candidate,0,1,1,0.6891666666666667,0.5024295236929004,1,0,0,1,1.1820357812006863,10.0,0.03458540052897275,0.03458540052897275,,,Asia,0.789231087693922,previous_day_low|below|1210.427,previous_day_low|below|1210.427|7271,prior_period
7278,7277,above,7277102.0,session_high,1212.902,0.5,3.0,7274,7274,4,1,tradeable_sweep_candidate,0,1,1,0.5989030673578876,0.6639837729321834,1,1,0,1,0.9395903538825553,8.0,0.28488519186029826,0.28488519186029826,prev_asia_high,completed_previous_session_only,London,1.0505622018847756,session_high|above|1212.902,session_high|above|1212.902|7274,session
7280,7279,below,7279202.0,session_low,1211.384,0.45,5.0,7274,7274,4,0,micro_interaction_sweep,1,0,0,0.45124880096376946,0.06164119065608759,1,0,0,1,0.30312200240942355,10.0,0.0797444037108125,0.0797444037108125,prev_ny_low,completed_previous_session_only,NY,1.1184399922891397,session_low|below|1211.384,session_low|below|1211.384|7274,session
7315,7314,above,7314102.0,previous_day_high,1186.544,0.5,1.0,7313,7313,4,0,standard_liquidity_sweep,0,1,0,0.5642472617311284,0.09107321345798453,0,0,0,1,0.6476937784678266,10.0,0.01619234446168186,0.01619234446168186,,,Asia,0.09107321345798453,previous_day_high|above|1186.544,previous_day_high|above|1186.544|7313,prior_period
7325,7323,above,7323102.0,previous_day_high,1194.599,0.5,4.0,7319,7319,4,0,standard_liquidity_sweep,0,1,0,0.5111792400427945,0.3873163470106152,0,0,0,1,0.47169810010698626,9.0,0.04211973923499498,0.04211973923499498,,,NY,1.1713936002384335,previous_day_high|above|1194.599,previous_day_high|above|1194.599|7319,prior_period
7327,7327,above,7327102.0,resistance,1198.2056535613865,0.65,37.0,7324,7290,3,0,standard_liquidity_sweep,0,1,0,0.6698400515365441,0.3297036262143681,0,0,0,1,0.5066196285987731,9.0,0.22823760626043862,0.22823760626043862,,,London,4.677135046712615,resistance|above|1198.2057,resistance|above|1198.2057|7290,s_r
7344,7344,above,7344101.0,session_high,1206.302,0.45,4.0,7340,7340,3,0,micro_interaction_sweep,1,0,0,0.4806578255372737,0.1138974620353591,1,0,0,1,0.32664456384318424,9.0,0.2445513533534317,0.2445513533534317,prev_london_high,completed_previous_session_only,Asia,0.36133100929242906,session_high|above|1206.302,session_high|above|1206.302|7340,session
7349,7346,above,7346101.0,previous_week_high,1208.498,0.6000000000000001,3.0,7340,7343,4,0,displacement_confirmed_sweep,0,1,1,0.5609318212497718,1.127849400541997,1,0,1,1,0.7926515458310505,8.0,-0.5138251990089617,0.5138251990089617,,,London,1.127849400541997,previous_week_high|above|1208.498,previous_week_high|above|1208.498|7343,prior_period
7352,7351,above,7351101.0,previous_day_high,1212.428,0.6,4.0,7346,7347,4,0,micro_interaction_sweep,1,0,0,0.6079458592089093,0.18380886454786358,1,0,1,1,0.4183541181772769,7.0,-0.022363422083976972,0.022363422083976972,,,Asia,0.9231825309443248,previous_day_high|above|1212.428,previous_day_high|above|1212.428|7347,prior_period
7355,7353,below,7353201.0,previous_day_low,1203.038,0.55,6.0,7345,7347,4,0,standard_liquidity_sweep,0,1,0,0.5415409881421595,1.4259826822755506,0,0,0,1,0.5654098814215945,9.0,-0.45774140400194113,0.45774140400194113,,,Overlap,2.143500122777803,previous_day_low|below|1203.038,previous_day_low|below|1203.038|7347,prior_period
7364,7364,below,7364201.0,support,1199.8040974719513,0.55,10.0,7362,7354,3,0,standard_liquidity_sweep,0,1,0,0.7059154226950071,1.009925426698974,0,0,0,1,0.8508208936167374,10.0,0.1314364131300349,0.1314364131300349,,,London,1.5253665203844677,support|below|1199.8041,support|below|1199.8041|7354,s_r
7367,7364,below,7364202.0,previous_day_low,1201.406,0.5,2.0,7362,7362,4,0,standard_liquidity_sweep,0,1,0,0.5610709358688711,0.634033527747631,0,0,0,1,0.8508208936167374,10.0,0.1314364131300349,0.1314364131300349,,,London,0.634033527747631,previous_day_low|below|1201.406,previous_day_low|below|1201.406|7362,prior_period
7369,7369,above,7369101.0,previous_day_high,1206.708,0.55,4.0,7365,7365,3,0,standard_liquidity_sweep,0,1,0,0.5881659018121511,0.6262715844430434,0,0,0,1,0.46500224699528936,9.0,0.015774084824048296,0.015774084824048296,,,Asia,1.5668672889199142,previous_day_high|above|1206.708,previous_day_high|above|1206.708|7365,prior_period
7370,7369,above,7369103.0,session_high,1205.351,0.45,5.0,7364,7364,4,1,tradeable_sweep_candidate,0,1,0,0.6074797257149873,0.32275353441120896,0,0,0,1,0.46500224699528936,9.0,0.015774084824048296,0.015774084824048296,prev_asia_high,completed_previous_session_only,Asia,1.263595443097033,session_high|above|1205.351,session_high|above|1205.351|7364,session
7402,7401,below,7401203.0,support,1194.9548181818184,0.65,26.0,7375,7375,4,0,standard_liquidity_sweep,0,1,0,0.48113876587615106,1.6220935495426145,0,0,0,1,0.22781032737245668,9.0,-0.14347499861530275,0.14347499861530275,,,London,2.4969460604170766,support|below|1194.9548,support|below|1194.9548|7375,s_r
7407,7406,below,7406202.0,previous_day_low,1193.862,0.55,1.0,7405,7405,4,1,tradeable_sweep_candidate,0,1,0,0.5774595458503206,0.1398421304038704,0,0,0,1,0.5636381706855876,10.0,-0.104166668067892,0.104166668067892,,,Asia,0.1398421304038704,previous_day_low|below|1193.862,previous_day_low|below|1193.862|7405,prior_period
7408,7405,below,7405201.0,previous_week_low,1194.695,0.55,30.0,7375,7375,4,0,micro_interaction_sweep,1,0,0,0.42543428937240924,0.05081934749510808,0,0,0,1,0.18982091996722064,9.0,-0.06524324745952274,0.06524324745952274,,,Dead,2.559181351093297,previous_week_low|below|1194.695,previous_week_low|below|1194.695|7375,prior_period
7409,7408,above,7408101.0,previous_day_high,1196.301,0.6,3.0,7405,7405,4,0,standard_liquidity_sweep,0,1,0,0.5726798073251184,0.5249117338921875,0,0,0,1,0.5101314065845158,10.0,-0.15454257160804483,0.15454257160804483,,,London,0.826900248652829,previous_day_high|above|1196.301,previous_day_high|above|1196.301|7405,prior_period
7414,7414,below,7414203.0,previous_week_low,1189.513,0.55,8.0,7406,7406,3,1,tradeable_sweep_candidate,0,1,0,0.6102257037415774,1.1700590213687776,0,0,0,1,0.6597074208951366,8.0,0.11388372314279924,0.11388372314279924,,,London,1.7488206507496924,previous_week_low|below|1189.513,previous_week_low|below|1189.513|7406,prior_period
7422,7421,above,7421102.0,previous_week_high,1206.94,0.55,15.0,7406,7406,4,0,standard_liquidity_sweep,0,1,0,0.4802330292143238,2.0848626801396253,0,0,0,1,1.8878734714596621,10.0,0.169103814925294,0.169103814925294,,,Overlap,3.612964765780091,previous_week_high|above|1206.94,previous_week_high|above|1206.94|7406,prior_period
7426,7426,above,7426102.0,resistance,1208.556493641508,0.65,57.0,7421,7369,3,0,standard_liquidity_sweep,0,1,0,0.7116393048235394,0.7673350252433792,0,0,0,1,1.025989078424041,9.0,0.8662430163704367,0.8662430163704367,,,London,4.2314555576759565,resistance|above|1208.5565,resistance|above|1208.5565|7369,s_r
7451,7451,above,7451101.0,resistance,1203.494,0.6,6.0,7446,7445,3,0,standard_liquidity_sweep,0,1,0,0.6776036412810427,0.15883977083245462,0,0,0,1,0.5598229348683993,9.0,0.019901904922396844,0.019901904922396844,,,London,1.347315521153458,resistance|above|1203.494,resistance|above|1203.494|7445,s_r
7458,7457,above,7457102.0,resistance,1206.4132545026482,0.6,5.0,1598,7452,4,0,displacement_confirmed_sweep,0,1,1,0.4985491148054626,0.840873410340239,0,0,1,1,0.2906977942123198,9.0,-0.08968376461429325,0.08968376461429325,,,London,0.9011244006515973,resistance|above|1206.4133,resistance|above|1206.4133|7452,s_r
7462,7461,above,7461102.0,session_high,1208.35,0.45,3.0,7458,7458,4,0,micro_interaction_sweep,1,0,0,0.5645909547615017,0.06829543272309034,0,0,1,1,0.4935851112471939,10.0,0.09882502774422638,0.09882502774422638,prev_london_high,completed_previous_session_only,Asia,0.43073397934035795,session_high|above|1208.35,session_high|above|1208.35|7458,session
7471,7470,above,7470102.0,previous_day_high,1199.202,0.6,3.0,7467,7467,4,0,standard_liquidity_sweep,0,1,0,0.6360200419999783,0.15246795495407037,0,0,0,1,1.0740435448948005,9.0,0.6472164646360771,0.6472164646360771,,,London,0.8115180994815011,previous_day_high|above|1199.202,previous_day_high|above|1199.202|7467,prior_period
7506,7505,above,7505102.0,previous_day_high,1191.983,0.55,3.0,7502,7502,4,1,tradeable_sweep_candidate,0,1,1,0.6053470596457667,0.1810949823387504,1,0,0,1,0.6406452298598945,9.0,0.21397346650182003,0.21397346650182003,,,Asia,0.680989598959903,previous_day_high|above|1191.983,previous_day_high|above|1191.983|7502,prior_period
7508,7507,above,7507102.0,previous_week_high,1204.101,0.55,8.0,7499,7499,4,1,tradeable_sweep_candidate,0,1,0,0.6358249408285028,3.5270508105171827,0,0,0,1,0.6517122162105178,9.0,0.5590931577310482,0.5590931577310482,,,London,4.39313351427439,previous_week_high|above|1204.101,previous_week_high|above|1204.101|7499,prior_period
7516,7515,above,7515102.0,resistance,1205.1593994685502,0.55,5.0,7510,7510,4,0,standard_liquidity_sweep,0,1,0,0.44056345775440453,1.4265253336893542,0,0,0,1,0.20349197771934469,8.0,1.104463391081694,1.104463391081694,,,NY,1.4265253336893542,resistance|above|1205.1594,resistance|above|1205.1594|7510,s_r
7533,7533,below,7533201.0,support,1184.4456610138388,0.65,33.0,7530,7500,3,1,tradeable_sweep_candidate,0,1,0,0.5615733131476075,0.36955974685424575,0,0,0,1,0.38107809031793843,7.0,0.5432438005661836,0.5432438005661836,,,Overlap,4.56085898327971,support|below|1184.4457,support|below|1184.4457|7500,s_r
7540,7539,above,7539101.0,session_high,1188.929,0.5,4.0,7535,7535,4,0,standard_liquidity_sweep,0,1,0,0.4698263700602508,0.2512472015105809,0,0,0,1,0.3183159251506269,9.0,-0.06950709353077754,0.06950709353077754,prev_london_high,completed_previous_session_only,Overlap,0.4600468077405743,session_high|above|1188.929,session_high|above|1188.929|7535,session
7545,7544,below,7544201.0,session_low,1188.719,0.45,3.0,7541,7541,4,0,displacement_confirmed_sweep,0,1,1,0.584382133108997,0.05653990169013211,1,0,0,1,0.8375768534449801,10.0,-0.23975607249086225,0.23975607249086225,prev_ny_low,completed_previous_session_only,London,0.42845017946618114,session_low|below|1188.719,session_low|below|1188.719|7541,session
7564,7562,above,7562101.0,previous_week_high,1226.225,0.6000000000000001,9.0,7551,7553,4,1,tradeable_sweep_candidate,0,1,0,0.6218147964186213,0.27718645525698166,0,0,0,1,1.2866810704205842,5.0,-1.016358977401349,1.016358977401349,,,Asia,1.7814673479264684,previous_week_high|above|1226.225,previous_week_high|above|1226.225|7553,prior_period
7574,7572,below,7572203.0,session_low,1224.989,0.45,3.0,7569,7569,4,0,micro_interaction_sweep,1,0,0,0.5454025317446631,0.0705836189563962,0,0,0,1,0.6625236735575044,9.0,-0.1510640298013983,0.1510640298013983,prev_asia_low,completed_previous_session_only,Dead,0.7993764746069629,session_low|below|1224.989,session_low|below|1224.989|7569,session
7575,7574,above,7574101.0,resistance,1226.6288518672632,0.65,13.0,7561,7561,4,0,standard_liquidity_sweep,0,1,0,0.5334047660989764,0.7134840805369129,0,0,0,1,0.21750537872009493,8.0,0.2971242010481773,0.2971242010481773,,,Asia,0.9141212181578651,resistance|above|1226.6289,resistance|above|1226.6289|7561,s_r
7580,7579,below,7579201.0,support,1220.5748051645003,0.65,17.0,7573,7562,4,0,standard_liquidity_sweep,0,1,0,0.4912437692410517,0.5457263938270028,0,0,0,1,0.23397192666627276,7.0,0.005701534572643705,0.005701534572643705,,,Asia,2.0675444515230015,support|below|1220.5748,support|below|1220.5748|7562,s_r
7583,7582,above,7582101.0,previous_week_high,1226.225,0.6000000000000001,21.0,7561,7561,4,0,standard_liquidity_sweep,0,1,0,0.6139502467161652,0.31131416599029704,0,0,0,1,0.8395024671616506,7.0,-0.014335617809235385,0.014335617809235385,,,Overlap,1.2729248409495684,previous_week_high|above|1226.225,previous_week_high|above|1226.225|7561,prior_period
7600,7599,above,7599101.0,previous_week_high,1233.141,0.55,7.0,7592,7592,4,1,tradeable_sweep_candidate,0,1,0,0.6833445472922255,0.9476446411607506,0,0,0,1,0.8186989313771709,7.0,-0.29373167766967156,0.29373167766967156,,,Asia,3.001158041864952,previous_week_high|above|1233.141,previous_week_high|above|1233.141|7592,prior_period
7601,7599,above,7599102.0,swing_high,1230.715,0.4,10.0,7587,7589,4,1,tradeable_sweep_candidate,0,1,0,0.5928788295761964,0.32913888397590524,0,0,0,1,0.8186989313771709,7.0,-0.29373167766967156,0.29373167766967156,,,Asia,2.3858325040153345,swing_high|above|1230.715,swing_high|above|1230.715|7589,swing
7614,7612,below,7612201.0,session_low,1229.915,0.5,3.0,7609,7609,4,0,standard_liquidity_sweep,0,1,0,0.4584528499726821,0.7158038322963461,0,0,0,1,0.35029879159837196,10.0,-0.09442470435380279,0.09442470435380279,prev_asia_low,completed_previous_session_only,London,1.464732798211616,session_low|below|1229.915,session_low|below|1229.915|7609,session
7619,7618,above,7618101.0,equal_high,1239.4035,0.6,6.0,1394,7612,4,1,tradeable_sweep_candidate,0,1,0,0.6897494105880084,0.6578351260900385,0,0,0,1,0.6909615091320958,6.0,-0.744212302129156,0.744212302129156,,,London,2.2603006891392745,equal_high|above|1239.4035,equal_high|above|1239.4035|7612,eqh_eql
7626,7626,below,7626202.0,support,1227.8393467139174,0.55,12.0,1629,7614,3,0,standard_liquidity_sweep,0,1,0,0.6129942644578447,0.5843853509912652,0,0,0,1,0.5769519022828186,9.0,-0.03489586222493851,0.03489586222493851,,,Overlap,3.0549077348610187,support|below|1227.8393,support|below|1227.8393|7614,s_r
7631,7630,below,7630203.0,previous_day_low,1224.262,0.55,2.0,7626,7628,4,1,tradeable_sweep_candidate,0,1,0,0.6614372905928009,0.6106958307772172,0,0,0,1,0.9037122545092703,7.0,0.10167510474293616,0.10167510474293616,,,Asia,0.7672864208524967,previous_day_low|below|1224.262,previous_day_low|below|1224.262|7628,prior_period
7655,7654,below,7654202.0,previous_day_low,1231.71,0.55,2.0,7652,7652,4,0,micro_interaction_sweep,1,0,0,0.43623824982642656,0.14600930858752845,0,0,0,1,0.1862876245937161,9.0,0.1605922965465815,0.1605922965465815,,,Asia,0.14600930858752845,previous_day_low|below|1231.71,previous_day_low|below|1231.71|7652,prior_period
7656,7656,below,7656202.0,support,1230.2554092106861,0.55,8.0,7650,7648,3,0,standard_liquidity_sweep,0,1,0,0.6230367365044419,0.4248483715250559,0,0,0,1,0.5914340366829617,9.0,0.0007055125340578886,0.0007055125340578886,,,London,1.0722460115338381,support|below|1230.2554,support|below|1230.2554|7648,s_r
7662,7661,above,7661104.0,session_high,1232.565,0.45,4.0,7657,7657,4,1,tradeable_sweep_candidate,0,1,0,0.5929726641448563,0.5777215405321318,0,0,0,1,0.3768040959475424,10.0,-0.25831687046403773,0.25831687046403773,prev_london_high,completed_previous_session_only,Asia,0.5850491974088854,session_high|above|1232.565,session_high|above|1232.565|7657,session
7664,7663,below,7663201.0,previous_day_low,1226.784,0.55,5.0,7656,7658,4,0,standard_liquidity_sweep,0,1,0,0.5847359478393479,0.978680777029789,0,0,0,1,0.7556928117268115,9.0,-0.23981067148708168,0.23981067148708168,,,Overlap,2.100633771874423,previous_day_low|below|1226.784,previous_day_low|below|1226.784|7658,prior_period
7673,7673,below,7673202.0,swing_low,1222.829,0.4,6.0,7665,7667,3,0,standard_liquidity_sweep,0,1,0,0.49743087371025735,0.3956773459679062,0,0,0,1,0.6240019710518787,8.0,0.10637560623238339,0.10637560623238339,,,Asia,2.2605051613029077,swing_low|below|1222.829,swing_low|below|1222.829|7667,swing
7692,7691,below,7691201.0,previous_day_low,1199.84,0.6,2.0,7688,7689,4,1,tradeable_sweep_candidate,0,1,0,0.6458647864601323,0.7757291577863413,0,0,0,1,0.7775307036225777,6.0,-0.4093735648283439,0.4093735648283439,,,Asia,0.8449354729723506,previous_day_low|below|1199.84,previous_day_low|below|1199.84|7689,prior_period
7693,7693,above,7693101.0,session_high,1202.594,0.45,4.0,7689,7689,3,0,standard_liquidity_sweep,0,1,0,0.536615865100259,0.3497623906883631,0,0,0,1,0.3476781168273608,9.0,0.28606689922732487,0.28606689922732487,prev_ny_high,completed_previous_session_only,Overlap,1.0005716757551177,session_high|above|1202.594,session_high|above|1202.594|7689,session
7705,7704,below,7704201.0,support,1209.26,0.5583057201250258,4.0,7701,7700,4,0,standard_liquidity_sweep,0,1,0,0.5208566645558077,0.30113353378513397,0,0,0,1,0.32861797873923826,9.0,0.48663956657601876,0.48663956657601876,,,London,0.8196968111195345,support|below|1209.26,support|below|1209.26|7700,s_r
7709,7709,above,7709101.0,previous_day_high,1216.784,0.6,7.0,7700,7702,3,0,standard_liquidity_sweep,0,1,0,0.5024513456710682,0.2546955773506363,0,0,0,1,0.2940097042385227,10.0,0.05340135135246529,0.05340135135246529,,,Asia,1.1122967271002622,previous_day_high|above|1216.784,previous_day_high|above|1216.784|7702,prior_period
7716,7716,below,7716202.0,support,1220.7433839682176,0.55,4.0,7713,7712,3,0,micro_interaction_sweep,1,0,0,0.45573937572334466,0.247322324374145,0,0,0,1,0.2112253816768321,10.0,0.13644116040446197,0.13644116040446197,,,London,0.247322324374145,support|below|1220.7434,support|below|1220.7434|7712,s_r
7719,7717,above,7717104.0,session_high,1222.476,0.5,4.0,7713,7713,4,0,micro_interaction_sweep,1,0,0,0.5335911764845649,0.1664021735106799,0,0,0,1,0.33533870222985784,10.0,-0.09662301589674796,0.09662301589674796,prev_london_high,completed_previous_session_only,Overlap,0.7070776789692769,session_high|above|1222.476,session_high|above|1222.476|7713,session
7722,7722,above,7722102.0,previous_week_high,1225.234,0.65,8.0,7714,7714,3,0,standard_liquidity_sweep,0,1,0,0.6724256105475397,0.5101261573645984,0,0,0,1,0.8077291281554186,9.0,0.10110782406218545,0.10110782406218545,,,London,1.287989278193887,previous_week_high|above|1225.234,previous_week_high|above|1225.234|7714,prior_period
7744,7743,above,7743101.0,session_high,1225.333,0.45,3.0,7740,7740,4,0,standard_liquidity_sweep,0,1,0,0.6011195635889469,0.07845114392932102,0,0,0,1,0.8022436822307818,10.0,-0.24928476001516228,0.24928476001516228,prev_london_high,completed_previous_session_only,Asia,0.7466703466155609,session_high|above|1225.333,session_high|above|1225.333|7740,session
7749,7746,below,7746201.0,previous_day_low,1222.197,0.55,4.0,7742,7742,4,0,micro_interaction_sweep,1,0,0,0.4746658274137413,0.21848522755259278,0,0,0,1,0.168136413815181,9.0,-0.039524604740140884,0.039524604740140884,,,NY,1.1968690114185196,previous_day_low|below|1222.197,previous_day_low|below|1222.197|7742,prior_period
7757,7756,below,7756202.0,session_low,1212.779,0.45,3.0,7753,7753,4,0,micro_interaction_sweep,1,0,0,0.6263351168527176,0.22481613926075408,0,0,0,1,0.4700044587984604,10.0,-0.014866321081254942,0.014866321081254942,prev_ny_low,completed_previous_session_only,London,0.686130151554625,session_low|below|1212.779,session_low|below|1212.779|7753,session
7763,7762,above,7762102.0,previous_day_high,1226.154,0.55,3.0,7757,7759,4,0,standard_liquidity_sweep,0,1,0,0.6111994549791537,0.20630735286225296,0,0,0,1,0.5263015669414499,10.0,0.0940831344703367,0.0940831344703367,,,London,0.6299465362521097,previous_day_high|above|1226.154,previous_day_high|above|1226.154|7759,prior_period
7769,7768,below,7768201.0,previous_week_low,1217.963,0.55,26.0,7742,7742,4,0,displacement_confirmed_sweep,0,1,1,0.530201202701298,1.0633247470654024,0,1,0,1,0.3445021807474164,10.0,-0.23008722290795516,0.23008722290795516,,,London,2.4762286161511384,previous_week_low|below|1217.963,previous_week_low|below|1217.963|7742,prior_period
7771,7768,below,7768203.0,previous_day_low,1221.305,0.5,2.0,7766,7766,4,0,displacement_confirmed_sweep,0,1,1,0.5525,0.18109254629761154,0,1,0,1,0.3445021807474164,10.0,-0.23008722290795516,0.23008722290795516,,,London,0.7838676938417881,previous_day_low|below|1221.305,previous_day_low|below|1221.305|7766,prior_period
7786,7785,below,7785201.0,support,1234.511,0.6,6.0,7780,7779,4,0,standard_liquidity_sweep,0,1,0,0.45868890449423594,0.30553802236984373,0,0,0,1,0.21755559456892318,7.0,0.4014172696146239,0.4014172696146239,,,Asia,1.4454438928404643,support|below|1234.511,support|below|1234.511|7779,s_r
7788,7788,above,7788102.0,resistance,1238.8035,0.624022950481926,6.0,7783,7782,3,1,tradeable_sweep_candidate,0,1,1,0.7518390709538149,0.6278467896404427,1,0,0,1,0.4486443151176782,7.0,-0.2031580578141867,0.2031580578141867,,,NY,0.9081519879797585,resistance|above|1238.8035,resistance|above|1238.8035|7782,s_r
7789,7788,above,7788103.0,resistance,1241.6078649194883,0.65,9.0,1660,7779,4,0,displacement_confirmed_sweep,0,1,1,0.5636243927137381,1.348121492721223,1,0,0,1,0.4486443151176782,7.0,-0.2031580578141867,0.2031580578141867,,,NY,1.5775670429551896,resistance|above|1241.6079,resistance|above|1241.6079|7779,s_r
7793,7792,above,7792103.0,session_high,1238.618,0.45,5.0,7787,7787,4,1,tradeable_sweep_candidate,0,1,0,0.62963858696025,0.6048862494069979,0,0,0,1,1.2340506340960853,8.0,0.07352636628276397,0.07352636628276397,prev_london_high,completed_previous_session_only,London,0.6076789904280748,session_high|above|1238.618,session_high|above|1238.618|7787,session
7822,7821,below,7821202.0,previous_day_low,1241.953,0.55,5.0,7816,7816,4,0,standard_liquidity_sweep,0,1,0,0.6122607709386326,1.141449884023462,0,0,0,1,0.5013745592289832,9.0,0.055948173549336976,0.055948173549336976,,,Asia,1.141449884023462,previous_day_low|below|1241.953,previous_day_low|below|1241.953|7816,prior_period
7823,7822,below,7822201.0,swing_low,1240.834,0.4,9.0,7811,7813,4,0,micro_interaction_sweep,1,0,0,0.4350544520460617,0.21247531572016656,0,0,0,1,0.22072611705304143,9.0,0.4968414730152005,0.4968414730152005,,,London,1.4761674993856595,swing_low|below|1240.834,swing_low|below|1240.834|7813,swing
7831,7831,below,7831201.0,support,1237.207,0.55,3.0,7828,7828,3,0,standard_liquidity_sweep,0,1,0,0.6575326699143388,0.03829333029973003,0,0,0,1,0.5327597922363853,7.0,0.17039758606022307,0.17039758606022307,,,Dead,0.4329389467656869,support|below|1237.207,support|below|1237.207|7828,s_r
7840,7839,above,7839102.0,previous_day_high,1248.128,0.55,2.0,7835,7837,4,1,tradeable_sweep_candidate,0,1,0,0.5795889717571789,0.8260167874165447,0,0,0,1,0.43933068080236615,6.0,0.16511443526490555,0.16511443526490555,,,Asia,0.8260167874165447,previous_day_high|above|1248.128,previous_day_high|above|1248.128|7837,prior_period
7844,7843,above,7843102.0,previous_week_high,1249.994,0.6000000000000001,11.0,7832,7832,4,0,micro_interaction_sweep,1,0,0,0.4977685570048347,0.2492289119728432,1,0,0,1,0.2631713925120867,7.0,-0.16444528221919114,0.16444528221919114,,,Dead,3.632975924171909,previous_week_high|above|1249.994,previous_week_high|above|1249.994|7832,prior_period
7848,7846,above,7846105.0,swing_high,1247.996,0.4,9.0,7835,7837,4,1,tradeable_sweep_candidate,0,1,1,0.6558333333333334,0.0501199922953285,1,0,0,1,1.5160087048949966,9.0,-1.1311677412935746,1.1311677412935746,,,London,0.7882363938133401,swing_high|above|1247.996,swing_high|above|1247.996|7837,swing
7850,7848,below,7848201.0,previous_day_low,1245.026,0.5,4.0,7844,7844,4,0,displacement_confirmed_sweep,0,1,1,0.5508926547367218,1.5130627922580866,1,1,0,1,0.7422598807005498,7.0,-0.48046697671901795,0.48046697671901795,,,NY,2.7639521937412006,previous_day_low|below|1245.026,previous_day_low|below|1245.026|7844,prior_period
7851,7848,below,7848205.0,session_low,1248.474,0.45,5.0,7843,7843,4,0,displacement_confirmed_sweep,0,1,1,0.596626340777465,0.6806006081658854,1,1,0,1,0.7422598807005498,7.0,-0.48046697671901795,0.48046697671901795,prev_ny_low,completed_previous_session_only,NY,1.8691904658265044,session_low|below|1248.474,session_low|below|1248.474|7843,session
7863,7861,above,7861101.0,previous_day_high,1262.699,0.55,3.0,7858,7858,4,0,standard_liquidity_sweep,0,1,0,0.43503712483006063,1.5566683198712945,0,0,0,1,0.22925947874181823,8.0,-0.21909071153954848,0.21909071153954848,,,Dead,1.5566683198712945,previous_day_high|above|1262.699,previous_day_high|above|1262.699|7858,prior_period
7881,7880,above,7880101.0,previous_day_high,1278.841,0.6,7.0,7871,7873,4,0,micro_interaction_sweep,1,0,0,0.5574425120150528,0.09781428203298259,0,0,0,1,0.42756555013924996,6.0,-0.3497423350036523,0.3497423350036523,,,Asia,1.9120861805086402,previous_day_high|above|1278.841,previous_day_high|above|1278.841|7873,prior_period
7888,7887,above,7887102.0,previous_day_high,1280.599,0.55,2.0,7885,7885,4,1,tradeable_sweep_candidate,0,1,0,0.5801210768240462,0.2248996422081028,0,0,0,1,0.2478291636943993,8.0,-0.06727712769850033,0.06727712769850033,,,Asia,0.5205869412652528,previous_day_high|above|1280.599,previous_day_high|above|1280.599|7885,prior_period
7894,7892,above,7892101.0,session_high,1284.072,0.5,3.0,7888,7889,4,1,tradeable_sweep_candidate,0,1,0,0.6127808763357585,0.30706254147391837,0,0,0,1,0.7205600845826422,8.0,-0.38053279459271017,0.38053279459271017,prev_london_high,completed_previous_session_only,Asia,0.8233180201012921,session_high|above|1284.072,session_high|above|1284.072|7889,session
7895,7892,above,7892102.0,session_high,1283.261,0.45,4.0,7888,7888,4,0,micro_interaction_sweep,1,0,0,0.602990913398326,0.12712921695414808,0,0,0,1,0.7205600845826422,8.0,-0.38053279459271017,0.38053279459271017,prev_asia_high,completed_previous_session_only,Asia,0.6499316492100681,session_high|above|1283.261,session_high|above|1283.261|7888,session
7899,7898,above,7898102.0,session_high,1288.715,0.5,4.0,7893,7894,4,1,tradeable_sweep_candidate,0,1,0,0.601550725174513,0.04908547808695132,0,0,0,1,0.6825597868998878,7.0,-0.4101602836087623,0.4101602836087623,prev_asia_high,completed_previous_session_only,Asia,1.859757326242073,session_high|above|1288.715,session_high|above|1288.715|7894,session
7907,7906,below,7906201.0,swing_low,1278.423,0.4,9.0,7895,7897,4,0,standard_liquidity_sweep,0,1,0,0.5239973946645962,2.4828232837819124,0,0,0,1,1.3685270804579956,8.0,-0.1346907921463921,0.1346907921463921,,,London,3.526947323525773,swing_low|below|1278.423,swing_low|below|1278.423|7897,swing
7909,7906,below,7906204.0,previous_day_low,1284.489,0.55,5.0,7901,7901,4,0,standard_liquidity_sweep,0,1,0,0.5608333333333333,1.2891317533530304,0,0,0,1,1.3685270804579956,8.0,-0.1346907921463921,0.1346907921463921,,,London,2.354904896413493,previous_day_low|below|1284.489,previous_day_low|below|1284.489|7901,prior_period
7912,7912,above,7912101.0,resistance,1292.2015000000001,0.624022950481926,6.0,7907,7906,3,0,micro_interaction_sweep,1,0,0,0.5512426903449665,0.24013113814557624,0,0,0,1,0.39434238181121256,9.0,0.20269779147723255,0.20269779147723255,,,London,2.49881446041249,resistance|above|1292.2015,resistance|above|1292.2015|7906,s_r
7924,7923,below,7923201.0,session_low,1281.592,0.45,5.0,7918,7918,4,0,micro_interaction_sweep,1,0,0,0.49293761281259096,0.1482063699655339,1,0,0,1,0.3395051888473669,9.0,-0.17355469469405438,0.17355469469405438,prev_asia_low,completed_previous_session_only,Asia,0.7148014443369635,session_low|below|1281.592,session_low|below|1281.592|7918,session
7933,7931,below,7931201.0,session_low,1289.098,0.5,4.0,7927,7927,4,0,standard_liquidity_sweep,0,1,0,0.531046803878973,0.5744848642462663,0,0,0,1,0.5854680387897293,9.0,-0.2795726639180809,0.2795726639180809,prev_london_low,completed_previous_session_only,Overlap,1.3454088191590545,session_low|below|1289.098,session_low|below|1289.098|7927,session
7942,7941,above,7941103.0,previous_day_high,1292.732,0.5,1.0,7940,7940,4,1,tradeable_sweep_candidate,0,1,0,0.6095626832437373,0.32210822740063094,0,0,0,1,0.10111338913306035,9.0,-0.006619160913901785,0.006619160913901785,,,Asia,0.32210822740063094,previous_day_high|above|1292.732,previous_day_high|above|1292.732|7940,prior_period
7947,7947,below,7947201.0,support,1288.4,0.6,5.0,7943,7942,3,0,standard_liquidity_sweep,0,1,0,0.5740570237376107,0.5494915401777921,0,0,0,1,0.417488453690045,9.0,0.14982294510569782,0.14982294510569782,,,Asia,0.9842132405176669,support|below|1288.4,support|below|1288.4|7942,s_r
7948,7947,below,7947202.0,session_low,1290.125,0.45,5.0,7942,7942,4,1,tradeable_sweep_candidate,0,1,0,0.6092966507717108,0.13026424835706893,0,0,0,1,0.417488453690045,9.0,0.14982294510569782,0.14982294510569782,prev_asia_low,completed_previous_session_only,Asia,0.5754080780103523,session_low|below|1290.125,session_low|below|1290.125|7942,session
7949,7948,above,7948102.0,session_high,1292.576,0.5,3.0,7945,7945,4,1,tradeable_sweep_candidate,0,1,0,0.5928060023099498,0.8512340449125161,0,0,0,1,0.45667244822205183,7.0,0.40566720820105284,0.40566720820105284,prev_asia_high,completed_previous_session_only,London,0.8512340449125161,session_high|above|1292.576,session_high|above|1292.576|7945,session
7950,7949,below,7949201.0,support,1288.3500000000001,0.6,7.0,7946,7942,4,0,standard_liquidity_sweep,0,1,0,0.46242533983987666,1.3841221645859603,0,0,0,1,0.226896682933025,7.0,0.06416120392253831,0.06416120392253831,,,Overlap,1.3841221645859603,support|below|1288.35,support|below|1288.35|7942,s_r
7952,7949,below,7949202.0,session_low,1290.79,0.45,4.0,7945,7945,4,0,standard_liquidity_sweep,0,1,0,0.5344506464719918,0.8199293677951862,0,0,0,1,0.226896682933025,7.0,0.06416120392253831,0.06416120392253831,prev_ny_low,completed_previous_session_only,Overlap,0.8199293677951862,session_low|below|1290.79,session_low|below|1290.79|7945,session
7957,7957,above,7957101.0,previous_day_high,1294.582,0.55,6.0,7949,7951,3,0,standard_liquidity_sweep,0,1,0,0.454210669332639,0.2989758067107486,0,0,0,1,0.18761000666493072,8.0,0.33701769677053883,0.33701769677053883,,,Dead,1.2488941710782484,previous_day_high|above|1294.582,previous_day_high|above|1294.582|7951,prior_period
7961,7960,below,7960202.0,session_low,1292.161,0.45,3.0,7957,7957,4,1,tradeable_sweep_candidate,0,1,0,0.581055163797156,0.5480906779644688,0,0,0,1,0.6772774128140696,7.0,-0.1600837521196545,0.1600837521196545,prev_ny_low,completed_previous_session_only,London,0.5480906779644688,session_low|below|1292.161,session_low|below|1292.161|7957,session
7977,7976,above,7976102.0,session_high,1282.962,0.45,7.0,7969,7969,4,1,tradeable_sweep_candidate,0,1,0,0.5508463172641979,1.2098590310110833,0,0,0,1,0.3669923629085932,8.0,-0.0956210086763135,0.0956210086763135,prev_ny_high,completed_previous_session_only,Asia,1.3623609021625231,session_high|above|1282.962,session_high|above|1282.962|7969,session
7983,7982,above,7982101.0,session_high,1284.807,0.5,5.0,7976,7977,4,0,micro_interaction_sweep,1,0,0,0.5856470898172215,0.178468713085105,1,0,0,1,0.4814547811200587,10.0,-0.02941738227045987,0.02941738227045987,prev_asia_high,completed_previous_session_only,Asia,0.8870529480391809,session_high|above|1284.807,session_high|above|1284.807|7977,session
7984,7983,below,7983204.0,session_low,1283.285,0.5,3.0,7980,7980,4,1,tradeable_sweep_candidate,0,1,0,0.6627812243473561,0.4727169448020321,0,0,0,1,1.2603646148434875,9.0,-0.17997476248031907,0.17997476248031907,prev_asia_low,completed_previous_session_only,London,0.4727169448020321,session_low|below|1283.285,session_low|below|1283.285|7980,session
7989,7988,below,7988201.0,previous_week_low,1280.416,0.55,18.0,7970,7970,4,1,tradeable_sweep_candidate,0,1,0,0.6837955212350444,0.23818455329916638,0,0,0,1,0.7462885456837774,8.0,-0.19940873408513538,0.19940873408513538,,,Asia,1.308345358010441,previous_week_low|below|1280.416,previous_week_low|below|1280.416|7970,prior_period
7990,7989,below,7989201.0,support,1278.6279999999997,0.65,6.0,7983,7983,4,0,displacement_confirmed_sweep,0,1,1,0.5981678107642934,0.28634442196977833,1,0,0,1,0.39482408871860447,8.0,1.2118951344989837,1.2118951344989837,,,London,1.260574801530079,support|below|1278.628,support|below|1278.628|7983,s_r
8001,8001,below,8001202.0,support,1299.403,0.55,3.0,7999,7998,3,0,standard_liquidity_sweep,0,1,0,0.5641359408215242,0.426096864988008,0,0,0,1,0.3718429796610233,7.0,0.421940579057688,0.421940579057688,,,London,0.8173313978225005,support|below|1299.403,support|below|1299.403|7998,s_r
8019,8019,above,8019102.0,previous_day_high,1323.159,0.6,3.0,8015,8016,3,1,tradeable_sweep_candidate,0,1,0,0.6447499429073926,0.18201131485296204,0,0,0,1,0.7280742778158484,6.0,0.004453782453461234,0.004453782453461234,,,London,1.0296758981744103,previous_day_high|above|1323.159,previous_day_high|above|1323.159|8016,prior_period
8025,8025,below,8025201.0,session_low,1318.695,0.45,3.0,8022,8022,3,1,tradeable_sweep_candidate,0,1,0,0.5940088037193324,0.6707514753349118,0,0,0,1,0.46743070128673025,8.0,0.6741193659413234,0.6741193659413234,prev_ny_low,completed_previous_session_only,London,0.6707514753349118,session_low|below|1318.695,session_low|below|1318.695|8022,session
8026,8025,above,8025101.0,session_high,1321.487,0.45,3.0,8022,8022,4,0,micro_interaction_sweep,1,0,0,0.5492686588558735,0.02803140493938881,0,0,0,1,0.46743070128673025,8.0,-0.009286702674567932,0.009286702674567932,prev_ny_high,completed_previous_session_only,London,0.954696930172708,session_high|above|1321.487,session_high|above|1321.487|8022,session
8037,8037,above,8037101.0,resistance,1315.2143043478263,0.6,3.0,6033,8034,3,0,standard_liquidity_sweep,0,1,0,0.562548804764946,0.414685559073213,0,0,0,1,0.31893623072555305,8.0,0.30436624452150596,0.30436624452150596,,,London,0.414685559073213,resistance|above|1315.2143,resistance|above|1315.2143|8034,s_r
8053,8050,above,8050101.0,session_high,1309.533,0.45,4.0,8046,8046,4,0,micro_interaction_sweep,1,0,0,0.4913449344163188,0.02344102235599246,0,0,0,1,0.5134493441631878,10.0,-0.2696774809656463,0.2696774809656463,prev_ny_high,completed_previous_session_only,Overlap,1.4088185843876992,session_high|above|1309.533,session_high|above|1309.533|8046,session
8062,8060,below,8060202.0,session_low,1307.756,0.45,5.0,8055,8055,4,0,standard_liquidity_sweep,0,1,0,0.5323201196346145,1.1988833795829585,0,0,0,1,0.4626878475493739,9.0,0.3385302977243131,0.3385302977243131,prev_asia_low,completed_previous_session_only,Asia,1.8530105459394002,session_low|below|1307.756,session_low|below|1307.756|8055,session
8067,8066,above,8066101.0,previous_day_high,1312.27,0.55,5.0,8061,8061,4,1,tradeable_sweep_candidate,0,1,0,0.5616769749407604,0.27918018368442404,0,0,0,1,0.4527669500991673,9.0,-0.3094256618655727,0.3094256618655727,,,Asia,1.7283819020960083,previous_day_high|above|1312.27,previous_day_high|above|1312.27|8061,prior_period
8073,8073,below,8073202.0,support,1310.006,0.55,6.0,8068,8067,3,0,standard_liquidity_sweep,0,1,0,0.6267638898511805,0.3643735354794458,0,0,0,1,0.45219074362241196,9.0,0.6809733736692462,0.6809733736692462,,,London,1.0163385515338088,support|below|1310.006,support|below|1310.006|8067,s_r
8074,8074,above,8074102.0,resistance,1315.1466504821526,0.6,40.0,6033,8034,3,1,tradeable_sweep_candidate,0,1,0,0.6842235206114017,0.560733158917995,0,0,0,1,0.5627008704219033,8.0,0.8908828941706722,0.8908828941706722,,,Overlap,2.95983155271753,resistance|above|1315.1467,resistance|above|1315.1467|8034,s_r
8075,8074,above,8074103.0,previous_week_high,1316.806,0.55,15.0,8059,8059,4,0,standard_liquidity_sweep,0,1,0,0.48812674360515973,1.0505349964840958,0,0,0,1,0.5627008704219033,8.0,0.8908828941706722,0.8908828941706722,,,Overlap,3.048459408057869,previous_week_high|above|1316.806,previous_week_high|above|1316.806|8059,prior_period
8076,8075,below,8075202.0,previous_day_low,1307.42,0.5,4.0,8071,8071,4,0,standard_liquidity_sweep,0,1,0,0.5571292950989407,0.8857112550049991,0,0,0,1,0.646292950989407,10.0,0.02368955531168613,0.02368955531168613,,,NY,1.813744951493331,previous_day_low|below|1307.42,previous_day_low|below|1307.42|8071,prior_period
8079,8079,below,8079201.0,support,1305.427650382705,0.75,30.0,1719,8049,3,1,tradeable_sweep_candidate,0,1,0,0.7469699155782843,0.23718301275808135,0,0,0,1,0.6780324891161751,8.0,1.2623185939904882,1.2623185939904882,,,London,2.5216075388855934,support|below|1305.4277,support|below|1305.4277|8049,s_r
8080,8079,below,8079202.0,previous_week_low,1302.748,0.55,20.0,8059,8059,4,0,standard_liquidity_sweep,0,1,0,0.527029326880315,0.9591320412147306,0,0,0,1,0.6780324891161751,8.0,1.2623185939904882,1.2623185939904882,,,London,3.254380179881146,previous_week_low|below|1302.748,previous_week_low|below|1302.748|8059,prior_period
8094,8091,above,8091103.0,previous_week_high,1324.833,0.6000000000000001,2.0,8089,8089,4,0,micro_interaction_sweep,1,0,0,0.5463112907854962,0.0875855530581038,1,0,0,1,0.6464462411882941,8.0,0.005980998376311966,0.005980998376311966,,,London,0.38790005141661615,previous_week_high|above|1324.833,previous_week_high|above|1324.833|8089,prior_period
8121,8120,below,8120201.0,support,1327.2054072156204,0.65,4.0,8117,8116,4,0,standard_liquidity_sweep,0,1,0,0.5062527274892025,0.5548353150196527,0,0,0,1,0.2622698016450443,9.0,0.8133319361237616,0.8133319361237616,,,London,0.8552850196741546,support|below|1327.2054,support|below|1327.2054|8116,s_r
8126,8126,below,8126201.0,previous_day_low,1325.106,0.6,5.0,8120,8121,3,0,micro_interaction_sweep,1,0,0,0.5915297391902827,0.17014186180341473,0,0,0,1,0.3813516886871295,9.0,0.11772658737846804,0.11772658737846804,,,London,0.9863323399341601,previous_day_low|below|1325.106,previous_day_low|below|1325.106|8121,prior_period
8157,8155,below,8155201.0,session_low,1286.068,0.5,5.0,8150,8150,4,0,micro_interaction_sweep,1,0,0,0.5742772621471511,0.18882599363821612,0,0,0,1,0.5330802562118975,8.0,-0.3115562458150102,0.3115562458150102,prev_ny_low,completed_previous_session_only,Asia,0.35127308659377404,session_low|below|1286.068,session_low|below|1286.068|8150,session
8161,8160,above,8160101.0,previous_day_high,1289.517,0.55,4.0,8156,8156,4,0,standard_liquidity_sweep,0,1,0,0.45246797966853364,0.6310543919166797,0,0,0,1,0.2332532825046674,9.0,-0.17912460837263108,0.17912460837263108,,,Asia,0.7800413163370377,previous_day_high|above|1289.517,previous_day_high|above|1289.517|8156,prior_period
8163,8163,below,8163201.0,support,1285.3310000000001,0.55,5.0,8159,8158,3,0,micro_interaction_sweep,1,0,0,0.49552085737599844,0.08986690694731818,0,0,0,1,0.2685901063902745,9.0,0.0950747743821482,0.0950747743821482,,,Overlap,1.0890950096444316,support|below|1285.331,support|below|1285.331|8158,s_r
8167,8167,below,8167201.0,support,1283.3837003602307,0.65,17.0,8163,8150,3,1,tradeable_sweep_candidate,0,1,1,0.5948411265046138,0.2823494524321181,0,0,1,1,0.45407693568867824,7.0,0.6401192028035738,0.6401192028035738,,,Asia,1.5124072491564837,support|below|1283.3837,support|below|1283.3837|8150,s_r
8168,8168,below,8168201.0,session_low,1284.89,0.45,3.0,8165,8165,3,0,displacement_confirmed_sweep,0,1,1,0.615741458264582,0.30419214096203473,0,0,1,1,0.2417875313109252,10.0,0.04559121741250196,0.04559121741250196,prev_ny_low,completed_previous_session_only,London,0.42355400496628876,session_low|below|1284.89,session_low|below|1284.89|8165,session
8169,8168,above,8168101.0,resistance,1287.3029999999999,0.55,4.0,8165,8164,4,0,micro_interaction_sweep,1,0,0,0.484149684097673,0.23394248964018574,0,0,0,1,0.2417875313109252,10.0,0.4782735807611048,0.4782735807611048,,,London,0.6282178438902597,resistance|above|1287.303,resistance|above|1287.303|8164,s_r
8185,8182,below,8182202.0,previous_day_low,1295.637,0.55,3.0,8179,8179,4,0,displacement_confirmed_sweep,0,1,1,0.5608333333333333,0.05412081329631402,1,1,0,1,1.1623538388421357,9.0,0.18549560492195036,0.18549560492195036,,,London,0.4661464553186415,previous_day_low|below|1295.637,previous_day_low|below|1295.637|8179,prior_period
8204,8204,above,8204101.0,previous_week_high,1300.682,0.55,25.0,8179,8179,3,0,standard_liquidity_sweep,0,1,0,0.5057338537907491,0.4564634929336368,0,0,0,1,0.316417967810206,8.0,0.057863470965309645,0.057863470965309645,,,Asia,2.188299630257599,previous_week_high|above|1300.682,previous_week_high|above|1300.682|8179,prior_period
8211,8210,below,8210201.0,session_low,1300.563,0.45,3.0,8207,8207,4,0,displacement_confirmed_sweep,0,1,1,0.5397895798408052,0.44462641338747766,0,1,0,1,0.639562465074719,9.0,-0.3905580351684014,0.3905580351684014,prev_london_low,completed_previous_session_only,Dead,0.44462641338747766,session_low|below|1300.563,session_low|below|1300.563|8207,session
8214,8212,above,8212101.0,session_high,1304.338,0.45,6.0,8206,8206,4,0,micro_interaction_sweep,1,0,0,0.4686853630520148,0.2312154988683559,0,0,0,1,0.3534821189943522,9.0,-0.21597252116137622,0.21597252116137622,prev_asia_high,completed_previous_session_only,Asia,1.4122881687515243,session_high|above|1304.338,session_high|above|1304.338|8206,session
8217,8216,above,8216102.0,session_high,1305.667,0.45,3.0,8213,8213,4,0,standard_liquidity_sweep,0,1,0,0.5228579482339568,0.6564579124167105,0,0,0,1,0.20956753541530257,9.0,-0.2007125691301747,0.2007125691301747,prev_asia_high,completed_previous_session_only,Dead,0.7622387072115623,session_high|above|1305.667,session_high|above|1305.667|8213,session
8220,8218,above,8218101.0,previous_day_high,1307.425,0.5,1.0,8217,8217,4,0,standard_liquidity_sweep,0,1,0,0.5188750790919002,0.5191384017890879,0,0,0,1,0.38367906080030895,10.0,-0.10288600513081182,0.10288600513081182,,,Asia,0.5191384017890879,previous_day_high|above|1307.425,previous_day_high|above|1307.425|8217,prior_period
8224,8224,below,8224201.0,support,1303.6830000000002,0.6,6.0,8219,8218,3,1,tradeable_sweep_candidate,0,1,1,0.6383186850617795,0.41780557352318587,0,1,0,1,0.5004057017856759,8.0,0.2745380688609783,0.2745380688609783,,,Asia,1.1054886905460617,support|below|1303.683,support|below|1303.683|8218,s_r
8225,8225,above,8225102.0,session_high,1307.566,0.45,3.0,8222,8222,3,0,standard_liquidity_sweep,0,1,0,0.6489071677859101,0.8324518806586653,0,0,0,1,0.530738344525767,10.0,0.7913593606249232,0.7913593606249232,prev_ny_high,completed_previous_session_only,London,0.8324518806586653,session_high|above|1307.566,session_high|above|1307.566|8222,session
8227,8226,below,8226201.0,support,1301.9839803693271,0.6000000000000001,11.0,1745,8215,4,1,tradeable_sweep_candidate,0,1,0,0.5901797075545121,0.40227951995658406,0,0,0,1,1.163150507742427,7.0,2.5714301345196273,2.5714301345196273,,,Overlap,1.560710936480372,support|below|1301.984,support|below|1301.984|8215,s_r
8247,8244,above,8244101.0,resistance,1320.3019999999997,0.6000000000000001,14.0,8242,8230,4,0,standard_liquidity_sweep,0,1,0,0.46367376473305977,0.8310395792764677,0,0,0,1,0.33001774516598265,8.0,0.12560527370479146,0.12560527370479146,,,London,2.26980781851028,resistance|above|1320.302,resistance|above|1320.302|8230,s_r
8250,8249,below,8249201.0,previous_day_low,1314.858,0.55,5.0,8244,8244,4,0,standard_liquidity_sweep,0,1,0,0.5355790097722177,0.8294360315436292,0,0,0,1,0.2275859217117398,10.0,-0.05227325612447049,0.05227325612447049,,,Asia,1.724518872003154,previous_day_low|below|1314.858,previous_day_low|below|1314.858|8244,prior_period
8251,8249,below,8249202.0,session_low,1316.057,0.45,4.0,8245,8245,4,0,standard_liquidity_sweep,0,1,0,0.5407044735237501,0.532572210104576,0,0,0,1,0.2275859217117398,10.0,-0.05227325612447049,0.05227325612447049,prev_london_low,completed_previous_session_only,Asia,1.4342748900362963,session_low|below|1316.057,session_low|below|1316.057|8245,session
8267,8266,below,8266201.0,previous_day_low,1288.52,0.55,1.0,8263,8265,4,0,standard_liquidity_sweep,0,1,0,0.5347688434192848,0.5370052178604823,0,0,0,1,0.38376278784392936,8.0,-0.2668743404547788,0.2668743404547788,,,Asia,0.5370052178604823,previous_day_low|below|1288.52,previous_day_low|below|1288.52|8265,prior_period
8270,8268,above,8268101.0,session_high,1292.214,0.5,3.0,8265,8265,4,0,standard_liquidity_sweep,0,1,0,0.5725,0.18138818784857738,0,0,0,1,1.4733249818266627,10.0,-0.6115018668714453,0.6115018668714453,prev_asia_high,completed_previous_session_only,London,1.0406842412711284,session_high|above|1292.214,session_high|above|1292.214|8265,session
8275,8275,above,8275102.0,previous_day_high,1293.611,0.55,2.0,8273,8273,3,1,tradeable_sweep_candidate,0,1,0,0.6834998799281186,0.7959646208767238,0,0,0,1,0.5926973514031201,7.0,0.26041082788270575,0.26041082788270575,,,London,0.9698806895580631,previous_day_high|above|1293.611,previous_day_high|above|1293.611|8273,prior_period
8289,8287,below,8287201.0,session_low,1290.545,0.5,3.0,8284,8284,4,0,standard_liquidity_sweep,0,1,0,0.5328010842776463,0.5988585465817843,0,0,0,1,0.5613441761097949,9.0,-0.06109868583507775,0.06109868583507775,prev_asia_low,completed_previous_session_only,London,0.5988585465817843,session_low|below|1290.545,session_low|below|1290.545|8284,session
8293,8293,below,8293201.0,previous_week_low,1286.688,0.55,20.0,8273,8273,3,0,standard_liquidity_sweep,0,1,0,0.7208333333333333,1.2905584442918985,0,0,0,1,1.9280679363344473,10.0,0.18191737339496533,0.18191737339496533,,,London,1.8048681742070427,previous_week_low|below|1286.688,previous_week_low|below|1286.688|8273,prior_period
8294,8293,below,8293204.0,session_low,1289.53,0.45,3.0,8290,8290,4,1,tradeable_sweep_candidate,0,1,0,0.6097453224720882,0.4577321276076542,0,0,0,1,1.9280679363344473,10.0,0.18191737339496533,0.18191737339496533,prev_ny_low,completed_previous_session_only,London,0.9902841895959029,session_low|below|1289.53,session_low|below|1289.53|8290,session
8296,8294,above,8294101.0,session_high,1291.093,0.5,4.0,8290,8290,4,0,standard_liquidity_sweep,0,1,0,0.509816505064544,0.9467390066121233,0,0,0,1,0.4787079293280267,8.0,-0.3047221873316793,0.3047221873316793,prev_london_high,completed_previous_session_only,Overlap,0.9467390066121233,session_high|above|1291.093,session_high|above|1291.093|8290,session
8301,8299,above,8299101.0,session_high,1290.794,0.5,5.0,8294,8294,4,0,micro_interaction_sweep,1,0,0,0.5203069204703012,0.23799082232884275,0,0,0,1,0.4841006345090863,8.0,-0.3116878093218462,0.3116878093218462,prev_asia_high,completed_previous_session_only,London,0.5762937260813458,session_high|above|1290.794,session_high|above|1290.794|8294,session
8315,8312,above,8312101.0,previous_day_high,1303.627,0.6,5.0,8306,8307,4,0,standard_liquidity_sweep,0,1,0,0.5431294424585202,0.6380949654614663,0,0,0,1,0.6562944245852025,10.0,-0.03665403023568555,0.03665403023568555,,,London,1.6824079756110912,previous_day_high|above|1303.627,previous_day_high|above|1303.627|8307,prior_period
8333,8332,below,8332202.0,session_low,1290.098,0.45,5.0,8327,8327,4,0,micro_interaction_sweep,1,0,0,0.4476132093226767,0.22577015650127938,0,0,0,1,0.15536490905365685,10.0,-0.15536490905365685,0.15536490905365685,prev_ny_low,completed_previous_session_only,NY,1.1290605947878625,session_low|below|1290.098,session_low|below|1290.098|8327,session
8337,8336,below,8336201.0,previous_week_low,1286.853,0.6000000000000001,1.0,8335,8335,4,0,micro_interaction_sweep,1,0,0,0.6093029154231041,0.050260519828534966,0,0,0,1,0.38448134347519647,8.0,-0.12414647406766752,0.12414647406766752,,,Asia,0.050260519828534966,previous_week_low|below|1286.853,previous_week_low|below|1286.853|8335,prior_period
8354,8352,below,8352201.0,previous_day_low,1272.894,0.6,6.0,8344,8346,4,0,standard_liquidity_sweep,0,1,0,0.49894355033753246,0.34020051370384746,0,0,0,1,0.27296120851841776,7.0,-0.17159922594045376,0.17159922594045376,,,Dead,1.4589683958523567,previous_day_low|below|1272.894,previous_day_low|below|1272.894|8346,prior_period
8360,8359,above,8359101.0,previous_day_high,1277.564,0.55,4.0,8355,8355,4,0,standard_liquidity_sweep,0,1,0,0.4972452810690677,0.3503972594113977,0,0,0,1,0.3451965360060025,9.0,-0.27235421611997307,0.27235421611997307,,,Dead,0.9808573351934636,previous_day_high|above|1277.564,previous_day_high|above|1277.564|8355,prior_period
8362,8361,above,8361102.0,previous_day_high,1278.744,0.5,1.0,8360,8360,4,0,standard_liquidity_sweep,0,1,0,0.5150160068923836,0.4295858893281202,0,0,0,1,0.29900051454085025,8.0,0.039490633996037784,0.039490633996037784,,,Asia,0.4295858893281202,previous_day_high|above|1278.744,previous_day_high|above|1278.744|8360,prior_period
8370,8368,below,8368201.0,previous_week_low,1271.102,0.55,8.0,8360,8360,4,0,standard_liquidity_sweep,0,1,0,0.5975,0.6255424598624069,0,0,0,1,1.3999005437923027,6.0,-0.5952333020849525,0.5952333020849525,,,London,2.514039083035933,previous_week_low|below|1271.102,previous_week_low|below|1271.102|8360,prior_period
8375,8375,above,8375102.0,resistance,1275.647181818182,0.55,11.0,8372,8364,3,0,standard_liquidity_sweep,0,1,0,0.6378023254830513,0.4995129237370197,0,0,0,1,0.6340414323098248,10.0,-0.12056002532080867,0.12056002532080867,,,Overlap,1.9136755936116048,resistance|above|1275.6472,resistance|above|1275.6472|8364,s_r
8376,8376,above,8376101.0,previous_day_high,1275.769,0.5,4.0,8372,8372,3,0,micro_interaction_sweep,1,0,0,0.42261228085505276,0.17559213099656076,0,0,0,1,0.16069736880429872,10.0,0.28937277563475466,0.28937277563475466,,,NY,1.669896567190968,previous_day_high|above|1275.769,previous_day_high|above|1275.769|8372,prior_period
8381,8380,above,8380102.0,previous_day_high,1278.389,0.6,3.0,8375,8377,4,1,tradeable_sweep_candidate,0,1,0,0.6323953926147289,0.46565794961229484,0,0,0,1,1.1387302824877015,9.0,0.020988813265301103,0.020988813265301103,,,London,0.6287104921247028,previous_day_high|above|1278.389,previous_day_high|above|1278.389|8377,prior_period
8387,8386,below,8386203.0,support,1274.7994186046515,0.6,10.0,8381,8376,4,0,displacement_confirmed_sweep,0,1,1,0.46468459364835496,1.858924924011881,0,1,0,1,1.2578230348674198,10.0,1.7194580484295177,1.7194580484295177,,,London,2.0843897748408935,support|below|1274.7994,support|below|1274.7994|8376,s_r
8399,8398,above,8398101.0,session_high,1283.996,0.45,4.0,8394,8394,4,1,tradeable_sweep_candidate,0,1,0,0.60345552759519,0.41202062970279096,0,0,0,1,0.4232221523213085,9.0,-0.26580990413053734,0.26580990413053734,prev_london_high,completed_previous_session_only,Asia,1.142081638317532,session_high|above|1283.996,session_high|above|1283.996|8394,session
8404,8402,below,8402203.0,session_low,1281.71,0.45,3.0,8399,8399,4,0,standard_liquidity_sweep,0,1,0,0.5387111867829171,0.2519967739155126,0,0,0,1,0.703778534495837,9.0,0.07135865971216959,0.07135865971216959,prev_asia_low,completed_previous_session_only,Dead,0.6342872915321143,session_low|below|1281.71,session_low|below|1281.71|8399,session
8407,8406,above,8406102.0,session_high,1284.139,0.45,4.0,8402,8402,4,1,tradeable_sweep_candidate,0,1,0,0.5679491101676136,0.6447170171194138,0,0,0,1,1.5539436117010517,10.0,1.4959086695251829,1.4959086695251829,prev_ny_high,completed_previous_session_only,Overlap,1.8792556207315363,session_high|above|1284.139,session_high|above|1284.139|8402,session
8422,8420,above,8420101.0,previous_day_high,1282.352,0.55,2.0,8418,8418,4,0,standard_liquidity_sweep,0,1,0,0.565190204726903,1.0000433209962791,0,0,0,1,0.760235380602362,9.0,-0.18414940519180586,0.18414940519180586,,,NY,1.0000433209962791,previous_day_high|above|1282.352,previous_day_high|above|1282.352|8418,prior_period
8424,8424,below,8424201.0,support,1279.396,0.6,4.0,8421,8420,3,0,standard_liquidity_sweep,0,1,0,0.6494427515860983,0.5781557798728911,0,0,0,1,0.4834054883415127,9.0,0.037861439720662415,0.037861439720662415,,,London,0.8496086249314307,support|below|1279.396,support|below|1279.396|8420,s_r
8436,8434,above,8434101.0,previous_week_high,1287.027,0.6000000000000001,12.0,8422,8422,4,0,displacement_confirmed_sweep,0,1,1,0.5503706433626677,0.3515121149101506,1,0,0,1,0.23634327507333588,9.0,-0.07293514495783932,0.07293514495783932,,,Asia,1.779249544607554,previous_week_high|above|1287.027,previous_week_high|above|1287.027|8422,prior_period
8449,8448,above,8448101.0,resistance,1287.9950000000001,0.65,6.0,8442,8442,4,0,standard_liquidity_sweep,0,1,0,0.48956254739589455,0.5788775879836268,0,0,0,1,0.22944320188219233,8.0,0.0997171018481429,0.0997171018481429,,,London,1.0640887561558838,resistance|above|1287.995,resistance|above|1287.995|8442,s_r
8455,8453,below,8453203.0,session_low,1284.328,0.45,4.0,8449,8449,4,0,micro_interaction_sweep,1,0,0,0.6117148892085164,0.0222251358899703,1,1,0,1,0.5171488920851632,10.0,-0.21802750360834408,0.21802750360834408,prev_london_low,completed_previous_session_only,Asia,0.8797524214420541,session_low|below|1284.328,session_low|below|1284.328|8449,session
8466,8465,below,8465201.0,previous_day_low,1293.692,0.55,1.0,8462,8464,4,0,standard_liquidity_sweep,0,1,0,0.43960738059869703,0.6434796835120857,0,0,0,1,0.19068511816340933,9.0,-0.03632097488828632,0.03632097488828632,,,Asia,0.6434796835120857,previous_day_low|below|1293.692,previous_day_low|below|1293.692|8464,prior_period
8468,8467,above,8467102.0,previous_day_high,1299.845,0.55,5.0,8462,8462,4,0,displacement_confirmed_sweep,0,1,1,0.4537411192190101,0.4891135868410646,1,1,0,1,0.23559258461959345,8.0,0.8051444690437887,0.8051444690437887,,,London,1.729373690702845,previous_day_high|above|1299.845,previous_day_high|above|1299.845|8462,prior_period
8482,8479,below,8479201.0,previous_week_low,1276.98,0.55,26.0,8453,8453,4,0,standard_liquidity_sweep,0,1,0,0.4756271024382701,2.2674446946170512,0,0,0,1,0.40156775609567524,10.0,-0.24094065365741582,0.24094065365741582,,,London,5.571549686624063,previous_week_low|below|1276.98,previous_week_low|below|1276.98|8453,prior_period
8485,8485,below,8485201.0,session_low,1275.27,0.45,5.0,8480,8480,3,0,micro_interaction_sweep,1,0,0,0.5292100950405171,0.13884019531373396,0,0,0,1,0.43844694340626905,9.0,0.27798716852442856,0.27798716852442856,prev_london_low,completed_previous_session_only,Asia,0.7089190643623902,session_low|below|1275.27,session_low|below|1275.27|8480,session
8487,8486,below,8486201.0,previous_day_low,1275.957,0.5,2.0,8484,8484,4,0,micro_interaction_sweep,1,0,0,0.41772091582675686,0.09364625657818668,0,0,0,1,0.19846895623355892,10.0,0.49047860905246543,0.49047860905246543,,,London,0.09364625657818668,previous_day_low|below|1275.957,previous_day_low|below|1275.957|8484,prior_period
8491,8490,below,8490201.0,previous_week_low,1274.785,0.55,6.0,8484,8484,4,0,standard_liquidity_sweep,0,1,0,0.4326567495086283,0.37973890810123834,0,0,0,1,0.1733085404382375,9.0,-0.006049163715115247,0.006049163715115247,,,Asia,0.8082458449891773,previous_week_low|below|1274.785,previous_week_low|below|1274.785|8484,prior_period
8492,8492,below,8492201.0,previous_day_low,1273.636,0.55,5.0,8485,8487,3,0,standard_liquidity_sweep,0,1,0,0.7208333333333333,0.48679595466901704,0,0,0,1,1.2183359943302874,10.0,0.020803717074945428,0.020803717074945428,,,London,1.1303668719038233,previous_day_low|below|1273.636,previous_day_low|below|1273.636|8487,prior_period
8498,8498,above,8498101.0,session_high,1275.304,0.45,5.0,8493,8493,3,0,standard_liquidity_sweep,0,1,0,0.6566386712470846,0.4590902789759986,0,0,0,1,0.7870598062787016,10.0,0.025794397012488125,0.025794397012488125,prev_london_high,completed_previous_session_only,London,0.5975496100091047,session_high|above|1275.304,session_high|above|1275.304|8493,session
8499,8498,above,8498102.0,session_high,1274.678,0.5,3.0,8495,8495,4,0,displacement_confirmed_sweep,0,1,1,0.5805008949085347,0.246208416280491,1,0,0,1,0.7870598062787016,10.0,0.025794397012488125,0.025794397012488125,prev_asia_high,completed_previous_session_only,London,0.38857415980483345,session_high|above|1274.678,session_high|above|1274.678|8495,session
8517,8514,above,8514103.0,previous_day_high,1285.155,0.55,4.0,8510,8510,4,0,micro_interaction_sweep,1,0,0,0.5458673440683651,0.12576237964657347,0,0,0,1,0.7253401073503171,10.0,0.18308907361951454,0.18308907361951454,,,Dead,0.597297428127143,previous_day_high|above|1285.155,previous_day_high|above|1285.155|8510,prior_period
8522,8520,below,8520201.0,previous_day_low,1283.368,0.5,5.0,8515,8515,4,0,standard_liquidity_sweep,0,1,0,0.4759315581523362,0.7551896068754326,0,0,0,1,0.29496260103229166,9.0,-0.15778913334790226,0.15778913334790226,,,Dead,0.8834511136675979,previous_day_low|below|1283.368,previous_day_low|below|1283.368|8515,prior_period
8534,8534,below,8534201.0,support,1276.281826941409,0.5815636366867809,30.0,1810,8504,3,0,displacement_confirmed_sweep,0,1,1,0.5241375334552995,0.40545282690527956,1,0,1,1,0.27437099266684245,8.0,0.14675440068152934,0.14675440068152934,,,Asia,3.687465906255396,support|below|1276.2818,support|below|1276.2818|8504,s_r
8535,8532,below,8532202.0,session_low,1279.386,0.45,3.0,8529,8529,4,0,micro_interaction_sweep,1,0,0,0.5957380963254052,0.15648810688811132,1,0,1,1,0.5573809632540522,9.0,0.012753632210071099,0.012753632210071099,prev_asia_low,completed_previous_session_only,Dead,0.8840357574370886,session_low|below|1279.386,session_low|below|1279.386|8529,session
8555,8554,below,8554202.0,session_low,1323.576,0.45,3.0,8551,8551,4,1,tradeable_sweep_candidate,0,1,1,0.5621557803311926,0.6687490288918574,1,0,0,1,0.7122296587314898,7.0,-0.08628417715299229,0.08628417715299229,prev_ny_low,completed_previous_session_only,London,0.6687490288918574,session_low|below|1323.576,session_low|below|1323.576|8551,session
8561,8558,above,8558102.0,session_high,1328.186,0.5,3.0,8555,8555,4,1,tradeable_sweep_candidate,0,1,0,0.6070888631714161,0.5173708392389399,0,0,0,1,0.9446445587906435,7.0,-0.8586637926928419,0.8586637926928419,prev_ny_high,completed_previous_session_only,Asia,0.542380549240323,session_high|above|1328.186,session_high|above|1328.186|8555,session
8571,8570,below,8570202.0,session_low,1332.958,0.5,3.0,8567,8567,4,0,standard_liquidity_sweep,0,1,0,0.5572611752125097,0.07335162902498517,0,0,0,1,0.522611752125097,8.0,0.14954715395029775,0.14954715395029775,prev_ny_low,completed_previous_session_only,Asia,0.39403227860121065,session_low|below|1332.958,session_low|below|1332.958|8567,session
8574,8572,above,8572101.0,previous_day_high,1339.657,0.55,3.0,8567,8569,4,0,displacement_confirmed_sweep,0,1,1,0.5975,1.298153054875905,0,0,1,1,1.431181117182699,7.0,-0.910004502670892,0.910004502670892,,,London,1.6186043624399935,previous_day_high|above|1339.657,previous_day_high|above|1339.657|8569,prior_period
8575,8572,above,8572103.0,session_high,1336.015,0.5,3.0,8569,8569,4,0,displacement_confirmed_sweep,0,1,1,0.5608333333333334,0.5887947014088615,0,0,1,1,1.431181117182699,7.0,-0.910004502670892,0.910004502670892,prev_asia_high,completed_previous_session_only,London,0.9128750330964897,session_high|above|1336.015,session_high|above|1336.015|8569,session
8582,8580,below,8580201.0,previous_day_low,1328.801,0.5,3.0,8577,8577,4,0,micro_interaction_sweep,1,0,0,0.5319604245708635,0.06594012660287864,0,0,0,1,0.6362709123753011,9.0,-0.18383544067504878,0.18383544067504878,,,Overlap,0.06594012660287864,previous_day_low|below|1328.801,previous_day_low|below|1328.801|8577,prior_period
8585,8584,below,8584202.0,previous_day_low,1325.045,0.6,5.0,8578,8579,4,1,tradeable_sweep_candidate,0,1,0,0.6379961651405424,0.011207158064873445,0,0,0,1,0.7666171284796229,9.0,0.47931052677157526,0.47931052677157526,,,Asia,0.7632730386458744,previous_day_low|below|1325.045,previous_day_low|below|1325.045|8579,prior_period
8604,8601,above,8601101.0,previous_week_high,1348.016,0.6000000000000001,24.0,8577,8577,4,1,tradeable_sweep_candidate,0,1,1,0.6502173757894417,0.2479267968500295,0,0,1,1,1.4093745870235366,6.0,-1.3508657519089977,1.3508657519089977,,,Asia,5.142548415412326,previous_week_high|above|1348.016,previous_week_high|above|1348.016|8577,prior_period
8610,8609,below,8609204.0,swing_low,1337.77,0.4,3.0,8604,8606,4,1,tradeable_sweep_candidate,0,1,0,0.6363083667586268,0.057126030032892385,0,0,0,1,0.5620132091042633,8.0,0.29532371320178724,0.29532371320178724,,,Asia,0.6597296934942274,swing_low|below|1337.77,swing_low|below|1337.77|8606,swing
8632,8631,above,8631101.0,previous_day_high,1393.59,0.55,5.0,8625,8626,4,1,tradeable_sweep_candidate,0,1,1,0.6574894740731005,0.5833397025986383,1,0,0,1,1.9470120822332257,7.0,-1.344763869520139,1.344763869520139,,,Dead,1.5349137905543693,previous_day_high|above|1393.59,previous_day_high|above|1393.59|8626,prior_period
8638,8638,above,8638101.0,resistance,1407.2670000000003,0.6,5.0,8634,8633,3,0,micro_interaction_sweep,1,0,0,0.5374445786020161,0.19813455760416496,0,0,0,1,0.2980358994569067,8.0,0.10626251400425338,0.10626251400425338,,,Dead,1.409013854362866,resistance|above|1407.267,resistance|above|1407.267|8633,s_r
8653,8652,above,8652101.0,previous_week_high,1411.51,0.55,13.0,8639,8639,4,0,standard_liquidity_sweep,0,1,0,0.4503368048415059,0.5679561488990907,0,0,0,1,0.1508441500483906,7.0,0.5062847498825752,0.5062847498825752,,,Asia,0.908844175934579,previous_week_high|above|1411.51,previous_week_high|above|1411.51|8639,prior_period
8654,8653,below,8653201.0,support,1404.5877826086958,0.55,12.0,8651,8641,4,0,micro_interaction_sweep,1,0,0,0.4415903819070647,0.14307843347657184,0,0,0,1,0.20605928810099494,9.0,0.3723205890283309,0.3723205890283309,,,London,2.655409188084472,support|below|1404.5878,support|below|1404.5878|8641,s_r
8659,8659,below,8659201.0,previous_day_low,1401.386,0.65,5.0,8653,8654,3,0,standard_liquidity_sweep,0,1,0,0.5186323111123167,0.4523328153145507,0,0,0,1,0.2757474444474582,7.0,0.3985318655822866,0.3985318655822866,,,London,0.7898361302083218,previous_day_low|below|1401.386,previous_day_low|below|1401.386|8654,prior_period
8663,8662,above,8662102.0,previous_day_high,1415.158,0.5,5.0,8657,8657,4,0,displacement_confirmed_sweep,0,1,1,0.6008333333333334,0.7875799889704919,0,1,0,1,1.029954677728782,9.0,0.5316283823673499,0.5316283823673499,,,Dead,1.3108517551251604,previous_day_high|above|1415.158,previous_day_high|above|1415.158|8657,prior_period
8681,8680,above,8680101.0,swing_high,1424.56,0.4,16.0,8662,8664,4,1,tradeable_sweep_candidate,0,1,0,0.68,1.86114577446329,0,0,0,1,1.0855906382213616,5.0,-0.19464250260017515,0.19464250260017515,,,NY,4.428373836821933,swing_high|above|1424.56,swing_high|above|1424.56|8664,swing
8693,8692,above,8692101.0,session_high,1420.999,0.5,5.0,8687,8687,4,0,standard_liquidity_sweep,0,1,0,0.5034215920990968,0.721236584249808,0,0,0,1,0.3623028131312713,8.0,-0.24202021921350592,0.24202021921350592,prev_asia_high,completed_previous_session_only,NY,0.7445971476287133,session_high|above|1420.999,session_high|above|1420.999|8687,session
8703,8701,above,8701101.0,previous_day_high,1401.342,0.55,1.0,8700,8700,4,0,standard_liquidity_sweep,0,1,0,0.5707339868827688,0.408439107814186,0,0,0,1,0.5235718323103656,9.0,-0.4315696563666689,0.4315696563666689,,,Asia,0.408439107814186,previous_day_high|above|1401.342,previous_day_high|above|1401.342|8700,prior_period
8706,8706,below,8706201.0,previous_day_low,1392.62,0.5,5.0,8701,8701,3,0,micro_interaction_sweep,1,0,0,0.45900349614838964,0.21434128263818128,0,0,0,1,0.25167540703764096,10.0,0.2274709746387774,0.2274709746387774,,,Dead,1.435878765979891,previous_day_low|below|1392.62,previous_day_low|below|1392.62|8701,prior_period
8709,8708,below,8708202.0,previous_day_low,1390.634,0.5,1.0,8707,8707,4,1,tradeable_sweep_candidate,0,1,0,0.6023646980944621,0.3848386054820981,0,0,0,1,0.6545057880567042,10.0,0.08086662422686511,0.08086662422686511,,,Asia,0.3848386054820981,previous_day_low|below|1390.634,previous_day_low|below|1390.634|8707,prior_period
8711,8710,above,8710101.0,session_high,1397.295,0.45,4.0,8706,8706,4,0,displacement_confirmed_sweep,0,1,1,0.47261136005932647,0.5038670643115202,1,0,0,1,0.34611173348164953,9.0,-0.07190723802364246,0.07190723802364246,prev_ny_high,completed_previous_session_only,Overlap,1.0087926168091457,session_high|above|1397.295,session_high|above|1397.295|8706,session
8734,8732,above,8732101.0,session_high,1412.284,0.45,5.0,8727,8727,4,0,standard_liquidity_sweep,0,1,0,0.4772256774918792,0.25094341709396134,0,0,0,1,0.33651383110205624,9.0,-0.21686140915944602,0.21686140915944602,prev_asia_high,completed_previous_session_only,Asia,0.50579186814806,session_high|above|1412.284,session_high|above|1412.284|8727,session
8749,8748,above,8748101.0,resistance,1426.976,0.6000000000000001,29.0,1845,8719,4,0,displacement_confirmed_sweep,0,1,1,0.5188772278273088,0.6852055345807602,1,0,0,1,0.2519902555017406,4.0,0.07698691246333535,0.07698691246333535,,,NY,3.772788338527873,resistance|above|1426.976,resistance|above|1426.976|8719,s_r
8763,8762,above,8762101.0,previous_week_high,1426.976,0.55,30.0,8732,8732,4,0,displacement_confirmed_sweep,0,1,1,0.4488095324710441,0.28835291648647027,0,0,1,1,0.22410716451094354,8.0,-0.0851786818748008,0.0851786818748008,,,Dead,3.772788338527873,previous_week_high|above|1426.976,previous_week_high|above|1426.976|8732,prior_period
8771,8768,below,8768204.0,previous_day_low,1422.153,0.5,5.0,8763,8763,4,0,standard_liquidity_sweep,0,1,0,0.6048546419909764,0.3075180324685693,0,0,0,1,0.917040982364996,8.0,0.03229939680866368,0.03229939680866368,,,Dead,0.8655433515196963,previous_day_low|below|1422.153,previous_day_low|below|1422.153|8763,prior_period
8784,8783,above,8783102.0,equal_high,1429.7951116098957,0.7,11.0,1588,8772,4,1,tradeable_sweep_candidate,0,1,0,0.6374005056355206,0.624040103759698,0,0,0,1,0.45713564739512147,8.0,1.378926859198535,1.378926859198535,,,London,1.97809038802245,equal_high|above|1429.7951,equal_high|above|1429.7951|8772,eqh_eql
8794,8793,above,8793102.0,session_high,1419.831,0.45,4.0,8789,8789,4,0,standard_liquidity_sweep,0,1,0,0.5648345701595547,0.06159482820610044,0,0,0,1,0.7650123682622136,9.0,-0.17398567003904436,0.17398567003904436,prev_asia_high,completed_previous_session_only,Dead,0.41222808340791517,session_high|above|1419.831,session_high|above|1419.831|8789,session
8796,8796,below,8796201.0,previous_day_low,1418.058,0.55,3.0,8793,8793,3,0,standard_liquidity_sweep,0,1,0,0.6317417503858982,0.25148688060435254,0,0,0,1,0.6243559044691124,10.0,0.4318311731198602,0.4318311731198602,,,London,0.6546757272625514,previous_day_low|below|1418.058,previous_day_low|below|1418.058|8793,prior_period
8808,8806,above,8806102.0,session_high,1430.798,0.45,3.0,8803,8803,4,0,displacement_confirmed_sweep,0,1,1,0.5682529396859555,0.5169469171196118,0,0,1,1,0.40604901588155545,10.0,-0.018568070575512997,0.018568070575512997,prev_london_high,completed_previous_session_only,Asia,0.5169469171196118,session_high|above|1430.798,session_high|above|1430.798|8803,session
8809,8808,above,8808101.0,session_high,1431.761,0.45,3.0,8805,8805,4,0,micro_interaction_sweep,1,0,0,0.5668801546378236,0.09430952857233685,0,0,1,1,0.3526170532612257,10.0,0.8407776558974225,0.8407776558974225,prev_ny_high,completed_previous_session_only,London,0.713791472748781,session_high|above|1431.761,session_high|above|1431.761|8805,session
8810,8810,below,8810201.0,swing_low,1414.588,0.4,12.0,8796,8798,3,0,displacement_confirmed_sweep,0,1,1,0.6866109496561961,0.5596409878804508,1,1,0,1,0.3429535462547799,9.0,0.0395718817584855,0.0395718817584855,,,NY,3.5370302341475237,swing_low|below|1414.588,swing_low|below|1414.588|8798,swing
8811,8810,below,8810202.0,support,1411.008,0.6000000000000001,25.0,1859,8785,4,0,displacement_confirmed_sweep,0,1,1,0.5496724240667376,1.1520462914321765,1,1,0,1,0.3429535462547799,9.0,0.0395718817584855,0.0395718817584855,,,NY,4.294043938831437,support|below|1411.008,support|below|1411.008|8785,s_r
8815,8814,below,8814201.0,previous_day_low,1403.73,0.5,2.0,8812,8812,4,0,displacement_confirmed_sweep,0,1,1,0.6214605422847823,0.5156804119857913,1,1,0,1,0.4578180223786225,8.0,1.396164943019105,1.396164943019105,,,London,0.5156804119857913,previous_day_low|below|1403.73,previous_day_low|below|1403.73|8812,prior_period
8817,8815,above,8815102.0,equal_high,1433.342,0.7000000000000001,21.0,1592,8794,4,1,tradeable_sweep_candidate,0,1,0,0.6895200789964528,2.704532963416358,0,0,0,1,0.8192079429397761,10.0,0.537587156235845,0.537587156235845,,,Overlap,4.006721241243109,equal_high|above|1433.342,equal_high|above|1433.342|8794,eqh_eql
8818,8818,above,8818101.0,previous_week_high,1433.606,0.55,24.0,8794,8794,3,0,micro_interaction_sweep,1,0,0,0.46108657327763575,0.13610061024571,0,0,0,1,0.21521643319408923,9.0,0.027231000053271157,0.027231000053271157,,,Asia,4.045412283625337,previous_week_high|above|1433.606,previous_week_high|above|1433.606|8794,prior_period
8835,8835,above,8835102.0,previous_day_high,1474.701,0.6,5.0,8830,8830,3,0,standard_liquidity_sweep,0,1,0,0.47262319361654487,0.4146437680798868,0,0,0,1,0.19197465070802885,7.0,0.057681582298294794,0.057681582298294794,,,NY,1.2793021440242414,previous_day_high|above|1474.701,previous_day_high|above|1474.701|8830,prior_period
8851,8851,below,8851201.0,support,1500.393,0.5583057201250258,4.0,8848,8847,3,0,standard_liquidity_sweep,0,1,0,0.5744880097259183,0.27709981609756584,0,0,0,1,0.4726956159033211,7.0,0.15463198012828014,0.15463198012828014,,,London,0.41965812728620394,support|below|1500.393,support|below|1500.393|8847,s_r
8857,8856,below,8856202.0,previous_day_low,1493.851,0.6,4.0,8852,8852,4,0,displacement_confirmed_sweep,0,1,1,0.5742078850797832,0.2711303117078346,0,0,1,1,0.5670788507978315,10.0,0.12819545824884088,0.12819545824884088,,,Asia,0.3251773090285125,previous_day_low|below|1493.851,previous_day_low|below|1493.851|8852,prior_period
8858,8858,above,8858101.0,session_high,1504.67,0.45,6.0,8852,8852,3,0,micro_interaction_sweep,1,0,0,0.5061586836207517,0.04656940596350653,0,0,0,1,0.3799800423852123,8.0,0.10555583522260202,0.10555583522260202,prev_london_high,completed_previous_session_only,London,1.5661264042236729,session_high|above|1504.67,session_high|above|1504.67|8852,session
8864,8862,above,8862101.0,previous_day_high,1519.168,0.55,1.0,8859,8861,4,0,standard_liquidity_sweep,0,1,0,0.6537297232491357,0.44475796995622097,0,0,0,1,0.5622972324913571,6.0,-0.33284935479765965,0.33284935479765965,,,Asia,0.44475796995622097,previous_day_high|above|1519.168,previous_day_high|above|1519.168|8861,prior_period
8877,8877,above,8877102.0,equal_high,1524.0614999999998,0.6,3.0,1607,8874,3,0,standard_liquidity_sweep,0,1,0,0.4779315009089572,0.46378058305389874,0,0,0,1,0.23649541893905954,10.0,0.028757933261773158,0.028757933261773158,,,Overlap,0.8704022478598789,equal_high|above|1524.0615,equal_high|above|1524.0615|8874,eqh_eql
8879,8879,above,8879102.0,previous_day_high,1524.149,0.55,5.0,8874,8874,3,0,micro_interaction_sweep,1,0,0,0.4881795626091127,0.17194725112681308,0,0,0,1,0.272532239856115,8.0,0.5053797515227475,0.5053797515227475,,,Dead,0.8778825009353414,previous_day_high|above|1524.149,previous_day_high|above|1524.149|8874,prior_period
8883,8881,below,8881201.0,previous_day_low,1507.807,0.6,5.0,8876,8876,4,0,standard_liquidity_sweep,0,1,0,0.42961335036469683,0.6742024818716094,0,0,0,1,0.20528337591174206,7.0,0.40967188096072815,0.40967188096072815,,,Asia,1.2675824506735762,previous_day_low|below|1507.807,previous_day_low|below|1507.807|8876,prior_period
8886,8886,above,8886101.0,previous_week_high,1510.239,0.55,30.0,8856,8856,3,0,micro_interaction_sweep,1,0,0,0.4692685404193307,0.06843799015008856,0,0,1,1,0.23567135104832657,9.0,0.12756522671423673,0.12756522671423673,,,Dead,2.1947215714396417,previous_week_high|above|1510.239,previous_week_high|above|1510.239|8856,prior_period
8907,8907,below,8907201.0,previous_day_low,1496.119,0.55,5.0,8900,8902,3,0,standard_liquidity_sweep,0,1,0,0.6620477151777346,0.021235655948050044,0,0,0,1,0.5208413956272628,10.0,0.5957520983905077,0.5957520983905077,,,London,0.933361173335663,previous_day_low|below|1496.119,previous_day_low|below|1496.119|8902,prior_period
8930,8930,above,8930101.0,session_high,1538.365,0.45,3.0,8927,8927,3,0,standard_liquidity_sweep,0,1,0,0.4922213636377525,0.46874377455661226,0,0,0,1,0.3451367424277145,8.0,0.050344868753716854,0.050344868753716854,prev_london_high,completed_previous_session_only,Asia,0.46874377455661226,session_high|above|1538.365,session_high|above|1538.365|8927,session
8933,8932,above,8932102.0,previous_day_high,1544.562,0.55,3.0,8927,8929,4,0,micro_interaction_sweep,1,0,0,0.45907863932254395,0.21061742906261072,1,0,0,1,0.2601965983063597,8.0,0.7079571885899358,0.7079571885899358,,,London,1.203765325904607,previous_day_high|above|1544.562,previous_day_high|above|1544.562|8929,prior_period
8937,8936,above,8936103.0,session_high,1543.488,0.45,4.0,8932,8932,4,1,tradeable_sweep_candidate,0,1,1,0.602723619091104,0.25668835584349836,1,0,0,1,0.42470449584077236,9.0,-0.296216222252104,0.296216222252104,prev_asia_high,completed_previous_session_only,Asia,0.6527759773809384,session_high|above|1543.488,session_high|above|1543.488|8932,session
8938,8938,above,8938101.0,session_high,1542.078,0.45,3.0,8935,8935,3,1,tradeable_sweep_candidate,0,1,1,0.5572340839909019,0.675606780284538,1,0,0,1,0.35719219780336864,8.0,0.3483051191977375,0.3483051191977375,prev_ny_high,completed_previous_session_only,London,0.675606780284538,session_high|above|1542.078,session_high|above|1542.078|8935,session
8946,8945,below,8945203.0,support,1519.456,0.6,5.0,1889,8940,4,0,standard_liquidity_sweep,0,1,0,0.4441221817475266,0.9794910986096028,0,0,0,1,0.20197212103548332,10.0,0.13911797863550407,0.13911797863550407,,,Overlap,0.983891324862596,support|below|1519.456,support|below|1519.456|8940,s_r
8950,8949,below,8949202.0,session_low,1523.924,0.45,4.0,8945,8945,4,0,micro_interaction_sweep,1,0,0,0.46293212829731845,0.15189958974673795,0,0,0,1,0.3323303207432961,9.0,0.002301522852794512,0.002301522852794512,prev_london_low,completed_previous_session_only,Asia,0.5773804974881422,session_low|below|1523.924,session_low|below|1523.924|8945,session
8966,8964,above,8964103.0,session_high,1549.033,0.5,4.0,8960,8960,4,1,tradeable_sweep_candidate,0,1,1,0.6134803154064091,0.2868871648435644,0,0,1,1,0.7387995798954423,8.0,0.10495574308493286,0.10495574308493286,prev_london_high,completed_previous_session_only,Overlap,1.533043274629341,session_high|above|1549.033,session_high|above|1549.033|8960,session
8970,8969,below,8969201.0,previous_week_low,1516.711,0.55,20.0,8949,8949,4,1,tradeable_sweep_candidate,0,1,0,0.6722469221984216,2.7915622917980967,0,0,0,1,2.52734279982865,9.0,-0.25695470415014887,0.25695470415014887,,,London,4.123483464037563,previous_week_low|below|1516.711,previous_week_low|below|1516.711|8949,prior_period
8976,8975,above,8975101.0,session_high,1519.275,0.5,3.0,8972,8972,4,1,tradeable_sweep_candidate,0,1,1,0.6631893805872278,1.1832940776189103,0,1,0,1,0.7360453168864535,7.0,-0.056318215170894484,0.056318215170894484,prev_asia_high,completed_previous_session_only,London,1.2936614228930114,session_high|above|1519.275,session_high|above|1519.275|8972,session
8978,8978,below,8978201.0,swing_low,1506.033,0.4,7.0,8969,8971,3,0,micro_interaction_sweep,1,0,0,0.47333517432054684,-0.04177664460731203,0,0,0,1,0.3291712691347004,8.0,0.07114948395179231,0.07114948395179231,,,NY,1.2326049743080842,swing_low|below|1506.033,swing_low|below|1506.033|8971,swing
8990,8990,below,8990202.0,previous_day_low,1486.419,0.55,4.0,8985,8986,3,0,standard_liquidity_sweep,0,1,0,0.46793931730967914,0.4767474040181403,0,0,0,1,0.2219316266075311,8.0,-0.0352238122074279,0.0352238122074279,,,NY,1.0026915587687808,previous_day_low|below|1486.419,previous_day_low|below|1486.419|8986,prior_period
9001,8998,above,8998101.0,previous_day_high,1498.346,0.55,1.0,8997,8997,4,0,standard_liquidity_sweep,0,1,0,0.5510675712001696,0.6855807992490297,0,0,0,1,0.4468608088418532,7.0,-0.33502351351420206,0.33502351351420206,,,Asia,0.6855807992490297,previous_day_high|above|1498.346,previous_day_high|above|1498.346|8997,prior_period
9009,9007,below,9007203.0,session_low,1495.182,0.45,4.0,9003,9003,4,0,standard_liquidity_sweep,0,1,0,0.5539854605685679,0.05845345318057673,0,0,0,1,0.6579279331992028,8.0,0.22337638816179017,0.22337638816179017,prev_ny_low,completed_previous_session_only,Overlap,1.114440583515525,session_low|below|1495.182,session_low|below|1495.182|9003,session
9010,9010,above,9010103.0,previous_day_high,1508.914,0.55,3.0,9007,9007,3,0,standard_liquidity_sweep,0,1,0,0.5397921263672611,0.48918099324553865,0,0,0,1,0.2934985835935697,10.0,0.2614339913894451,0.2614339913894451,,,Dead,2.339002370317745,previous_day_high|above|1508.914,previous_day_high|above|1508.914|9007,prior_period
9018,9017,below,9017201.0,previous_day_low,1495.83,0.55,3.0,9014,9014,4,0,standard_liquidity_sweep,0,1,0,0.484692522372476,0.31352444001018615,0,0,0,1,0.29298130593118993,8.0,-0.1855388564543839,0.1855388564543839,,,Asia,0.6204315248681649,previous_day_low|below|1495.83,previous_day_low|below|1495.83|9014,prior_period
9026,9025,above,9025102.0,session_high,1505.35,0.45,5.0,9020,9020,4,1,tradeable_sweep_candidate,0,1,0,0.6010442328640956,0.6315639939876163,0,0,0,1,0.4067772488269054,9.0,0.12394592533315435,0.12394592533315435,prev_london_high,completed_previous_session_only,London,0.6315639939876163,session_high|above|1505.35,session_high|above|1505.35|9020,session
9029,9026,below,9026201.0,previous_day_low,1493.384,0.55,7.0,9017,9019,4,0,standard_liquidity_sweep,0,1,0,0.5691666666666667,2.033737350558656,0,0,0,1,1.305575607437624,7.0,-0.37262550347090323,0.37262550347090323,,,Overlap,2.033737350558656,previous_day_low|below|1493.384,previous_day_low|below|1493.384|9019,prior_period
9035,9035,above,9035101.0,resistance,1504.3910000000003,0.6,4.0,9032,9031,3,0,micro_interaction_sweep,1,0,0,0.4880139179394493,0.16039904106341896,0,0,0,1,0.25128479484862326,9.0,0.011681742290395971,0.011681742290395971,,,Asia,0.887582969908596,resistance|above|1504.391,resistance|above|1504.391|9031,s_r
9042,9041,above,9041101.0,previous_day_high,1516.873,0.55,1.0,9039,9040,4,0,standard_liquidity_sweep,0,1,0,0.5171717768944656,0.5092043596308371,0,0,0,1,0.3845961089028307,8.0,-0.06493372282778323,0.06493372282778323,,,Dead,0.5092043596308371,previous_day_high|above|1516.873,previous_day_high|above|1516.873|9040,prior_period
9062,9062,below,9062202.0,session_low,1502.909,0.45,3.0,9059,9059,3,0,standard_liquidity_sweep,0,1,0,0.6135922964253739,0.9286986311567899,0,0,0,1,0.4661488127451768,10.0,0.4010119180838651,0.4010119180838651,prev_ny_low,completed_previous_session_only,London,0.9286986311567899,session_low|below|1502.909,session_low|below|1502.909|9059,session
9073,9073,below,9073201.0,support,1490.9099130434786,0.6,6.0,9068,9067,3,0,micro_interaction_sweep,1,0,0,0.5041791409962089,0.13987276445478178,0,0,0,1,0.2708645191571887,7.0,0.0279561032571347,0.0279561032571347,,,Asia,1.0648375848767584,support|below|1490.9099,support|below|1490.9099|9067,s_r
9080,9079,below,9079201.0,previous_day_low,1464.374,0.55,1.0,9076,9078,4,1,tradeable_sweep_candidate,0,1,0,0.5905913154983026,0.3416423795582843,0,0,0,1,0.46191561141214454,5.0,-0.19874143872760064,0.19874143872760064,,,Asia,0.3416423795582843,previous_day_low|below|1464.374,previous_day_low|below|1464.374|9078,prior_period
9100,9099,below,9099203.0,session_low,1498.177,0.45,5.0,9094,9094,4,0,standard_liquidity_sweep,0,1,0,0.48511753142617997,1.4662754482829143,0,0,0,1,0.32519027444382714,9.0,0.03614542044657109,0.03614542044657109,prev_london_low,completed_previous_session_only,London,1.4662754482829143,session_low|below|1498.177,session_low|below|1498.177|9094,session
9112,9112,above,9112101.0,resistance,1504.3874999999998,0.55,6.0,9107,9106,3,0,standard_liquidity_sweep,0,1,0,0.624007744910523,0.2614457146366431,0,0,0,1,0.42884090320104734,10.0,0.3028572049605456,0.3028572049605456,,,London,1.8025270196301306,resistance|above|1504.3875,resistance|above|1504.3875|9106,s_r
9115,9115,above,9115101.0,previous_day_high,1507.776,0.5,5.0,9110,9110,3,0,micro_interaction_sweep,1,0,0,0.4274297097347629,0.10753210327571583,0,0,0,1,0.172740941003574,10.0,0.3413312162869356,0.3413312162869356,,,Dead,2.257438039331262,previous_day_high|above|1507.776,previous_day_high|above|1507.776|9110,prior_period
9118,9117,above,9117101.0,session_high,1508.607,0.45,4.0,9113,9113,4,0,micro_interaction_sweep,1,0,0,0.47894757213789724,0.05829041005892926,0,0,0,1,0.33545106727793944,9.0,0.7960189790325384,0.7960189790325384,prev_london_high,completed_previous_session_only,Asia,0.45714739779478575,session_high|above|1508.607,session_high|above|1508.607|9113,session
9121,9120,above,9120101.0,previous_day_high,1511.994,0.65,5.0,9114,9115,4,1,tradeable_sweep_candidate,0,1,0,0.6323517000323373,0.5881975347757347,0,0,0,1,0.5893271705351293,9.0,-0.4127217674271105,0.4127217674271105,,,NY,1.2131161761215215,previous_day_high|above|1511.994,previous_day_high|above|1511.994|9115,prior_period
9156,9156,above,9156102.0,resistance,1492.96,0.6,4.0,6250,9152,3,0,micro_interaction_sweep,1,0,0,0.601635675654129,0.2311865994962399,0,0,0,1,0.497602292563144,9.0,-0.05501522516613312,0.05501522516613312,,,Overlap,0.8928464252076005,resistance|above|1492.96,resistance|above|1492.96|9152,s_r
9167,9167,below,9167202.0,previous_day_low,1489.047,0.5,1.0,9166,9166,3,0,standard_liquidity_sweep,0,1,0,0.5026152669818952,0.52619032734989,0,0,0,1,0.32945483412140447,7.0,0.1736497524052679,0.1736497524052679,,,Asia,0.52619032734989,previous_day_low|below|1489.047,previous_day_low|below|1489.047|9166,prior_period
9168,9168,above,9168101.0,previous_day_high,1492.215,0.55,3.0,9165,9165,3,0,displacement_confirmed_sweep,0,1,1,0.6238262251370212,0.15945076712570744,0,0,1,1,0.5438493074729351,9.0,0.7183695170212197,0.7183695170212197,,,London,0.37132213834267724,previous_day_high|above|1492.215,previous_day_high|above|1492.215|9165,prior_period
9169,9168,above,9168102.0,session_high,1493.432,0.55,6.0,9162,9162,4,0,displacement_confirmed_sweep,0,1,1,0.5241635803851127,0.39296651152044165,0,0,1,1,0.5438493074729351,9.0,0.7183695170212197,0.7183695170212197,prev_asia_high,completed_previous_session_only,London,0.6181535108729022,session_high|above|1493.432,session_high|above|1493.432|9162,session
9172,9169,below,9169202.0,swing_low,1484.836,0.4,6.0,9161,9163,4,0,standard_liquidity_sweep,0,1,0,0.4383102963054584,0.6678356780885427,0,0,0,1,0.3811924074303128,9.0,0.03893900936112887,0.03893900936112887,,,Overlap,1.3336930490956855,swing_low|below|1484.836,swing_low|below|1484.836|9163,swing
9186,9185,below,9185201.0,session_low,1490.958,0.5,4.0,9181,9181,4,0,displacement_confirmed_sweep,0,1,1,0.6614511387520503,0.24407814829530597,1,1,0,1,0.7293599357835776,9.0,-0.18523426940535306,0.18523426940535306,prev_ny_low,completed_previous_session_only,Asia,0.38881219625954105,session_low|below|1490.958,session_low|below|1490.958|9181,session
9206,9204,below,9204202.0,previous_day_low,1489.858,0.65,4.0,9199,9200,4,0,standard_liquidity_sweep,0,1,0,0.6627931015882823,0.4773369614867134,0,0,0,1,1.13474755471456,9.0,0.0512490684096489,0.0512490684096489,,,Asia,0.4773369614867134,previous_day_low|below|1489.858,previous_day_low|below|1489.858|9200,prior_period
9212,9210,above,9210102.0,session_high,1490.102,0.5,4.0,9206,9206,4,0,micro_interaction_sweep,1,0,0,0.6358320092629081,0.2201684186660493,0,0,0,1,0.6749867592957468,8.0,0.2669835916124416,0.2669835916124416,prev_ny_high,completed_previous_session_only,Asia,0.5498642056495746,session_high|above|1490.102,session_high|above|1490.102|9206,session
9232,9231,below,9231201.0,session_low,1508.584,0.55,5.0,9226,9226,4,0,displacement_confirmed_sweep,0,1,1,0.5830577396793561,0.26931373931798663,1,0,0,1,0.6972440634602277,7.0,-0.21332749123584374,0.21332749123584374,prev_london_low,completed_previous_session_only,Overlap,0.8107885327435252,session_low|below|1508.584,session_low|below|1508.584|9226,session
9234,9234,below,9234201.0,previous_day_low,1504.392,0.55,1.0,9231,9233,3,0,displacement_confirmed_sweep,0,1,1,0.5310000958616675,0.25742801681614375,1,0,0,1,0.390000239654169,9.0,0.004270784107698416,0.004270784107698416,,,Asia,0.25742801681614375,previous_day_low|below|1504.392,previous_day_low|below|1504.392|9233,prior_period
9248,9247,below,9247203.0,session_low,1483.795,0.45,5.0,9242,9242,4,0,standard_liquidity_sweep,0,1,0,0.5424863025806195,1.4489618223845633,0,0,0,1,0.19771085353635975,9.0,-0.14554206839034567,0.14554206839034567,prev_asia_low,completed_previous_session_only,Asia,1.4489618223845633,session_low|below|1483.795,session_low|below|1483.795|9242,session
9254,9254,below,9254202.0,support,1460.361,0.6,4.0,1956,9250,3,1,tradeable_sweep_candidate,0,1,0,0.6886723433880765,0.9210424076224613,0,0,0,1,0.5298127198184791,7.0,0.1243425210744188,0.1243425210744188,,,London,1.4981513331341865,support|below|1460.361,support|below|1460.361|9250,s_r
9260,9259,above,9259102.0,previous_day_high,1463.7,0.5,1.0,9258,9258,4,0,micro_interaction_sweep,1,0,0,0.5243752117895984,0.02018555283488112,0,1,0,1,0.4284503126899557,7.0,0.16838306760472282,0.16838306760472282,,,Asia,0.02018555283488112,previous_day_high|above|1463.7,previous_day_high|above|1463.7|9258,prior_period
9261,9261,below,9261201.0,support,1456.378941396054,0.65,7.0,9254,9254,3,1,tradeable_sweep_candidate,0,1,0,0.6870777615254092,0.5173266913474011,0,0,0,1,1.0293600709034583,8.0,0.06616076761589038,0.06616076761589038,,,Overlap,1.469373264497522,support|below|1456.3789,support|below|1456.3789|9254,s_r
9268,9268,above,9268102.0,resistance,1457.0095000000001,0.6116749504819259,6.0,9263,9262,3,0,standard_liquidity_sweep,0,1,0,0.5546074235125371,0.6475869006988297,0,0,0,1,0.40005504806347225,8.0,-0.10826985667949118,0.10826985667949118,,,NY,0.9599661520522812,resistance|above|1457.0095,resistance|above|1457.0095|9262,s_r
9285,9282,below,9282202.0,session_low,1466.658,0.45,3.0,9279,9279,4,0,micro_interaction_sweep,1,0,0,0.5065398438998819,0.075656011183064,1,0,0,1,0.6237317723321526,10.0,0.3654344693071136,0.3654344693071136,prev_london_low,completed_previous_session_only,Asia,1.1695350265597797,session_low|below|1466.658,session_low|below|1466.658|9279,session
9290,9289,below,9289204.0,session_low,1463.586,0.45,4.0,9285,9285,4,1,tradeable_sweep_candidate,0,1,1,0.6540027902259303,0.250453996244781,1,0,1,1,0.9605606121677343,9.0,0.06911889274037072,0.06911889274037072,prev_london_low,completed_previous_session_only,Asia,0.7932252205151613,session_low|below|1463.586,session_low|below|1463.586|9285,session
9293,9293,above,9293101.0,resistance,1472.4075454545457,0.55,37.0,6270,9256,3,0,standard_liquidity_sweep,0,1,0,0.5111776172788457,0.2606339705480291,0,0,0,1,0.3404440431971143,9.0,0.34752454337746,0.34752454337746,,,Dead,3.478341217070801,resistance|above|1472.4075,resistance|above|1472.4075|9256,s_r
9294,9293,above,9293103.0,previous_week_high,1474.378,0.55,5.0,9288,9288,4,0,standard_liquidity_sweep,0,1,0,0.4217108856618857,0.6084508226368638,0,0,0,1,0.3404440431971143,9.0,0.34752454337746,0.34752454337746,,,Dead,3.1573894197678496,previous_week_high|above|1474.378,previous_week_high|above|1474.378|9288,prior_period
9298,9297,above,9297104.0,session_high,1472.331,0.45,4.0,9293,9293,4,0,standard_liquidity_sweep,0,1,0,0.5085999747595451,0.5446342381162749,0,0,0,1,0.44649993689886286,9.0,0.03475180027035818,0.03475180027035818,prev_ny_high,completed_previous_session_only,Overlap,1.2267895147731458,session_high|above|1472.331,session_high|above|1472.331|9293,session
9300,9300,above,9300101.0,previous_day_high,1475.152,0.55,5.0,9293,9295,3,0,micro_interaction_sweep,1,0,0,0.4385664733543001,0.23956612886949097,0,0,0,1,0.16933285005241683,10.0,0.043836453736384,0.043836453736384,,,Asia,1.720832801165048,previous_day_high|above|1475.152,previous_day_high|above|1475.152|9295,prior_period
9302,9299,above,9299102.0,session_high,1473.162,0.45,3.0,9296,9296,4,0,micro_interaction_sweep,1,0,0,0.522586855275372,0.16300252600857595,0,0,0,1,0.373033330555776,10.0,0.12427914240145836,0.12427914240145836,prev_asia_high,completed_previous_session_only,Dead,0.6912461758793773,session_high|above|1473.162,session_high|above|1473.162|9296,session
9304,9303,below,9303202.0,session_low,1471.398,0.45,4.0,9299,9299,4,0,standard_liquidity_sweep,0,1,0,0.5841666666666667,0.17094779034718804,0,0,0,1,1.025701022943452,9.0,0.1187616884783406,0.1187616884783406,prev_ny_low,completed_previous_session_only,Overlap,0.8558189690664821,session_low|below|1471.398,session_low|below|1471.398|9299,session
9312,9309,below,9309201.0,previous_day_low,1465.551,0.6,4.0,9303,9305,4,0,standard_liquidity_sweep,0,1,0,0.5300629172155841,0.38480817972811143,0,0,0,1,0.4959906263722932,10.0,-0.15469974065892184,0.15469974065892184,,,Overlap,1.2377381432700034,previous_day_low|below|1465.551,previous_day_low|below|1465.551|9305,prior_period
9321,9320,below,9320201.0,equal_low,1456.8615456569182,0.75,49.0,1673,9271,4,0,standard_liquidity_sweep,0,1,0,0.5058173886151212,0.3260790770103516,0,0,0,1,0.25204347153780277,7.0,0.48478457355977733,0.48478457355977733,,,London,3.6495700065193435,equal_low|below|1456.8615,equal_low|below|1456.8615|9271,eqh_eql
9323,9323,below,9323201.0,support,1454.1665,0.6159227484817978,3.0,9321,9320,3,0,micro_interaction_sweep,1,0,0,0.5753095545968304,0.17592137405794642,1,0,0,1,0.4387388353576188,7.0,0.05935415698780449,0.05935415698780449,,,Dead,1.0192664562796798,support|below|1454.1665,support|below|1454.1665|9320,s_r
9324,9321,below,9321201.0,previous_week_low,1456.275,0.6000000000000001,3.0,9318,9318,4,0,displacement_confirmed_sweep,0,1,1,0.42769163281118233,0.6011084013977349,1,0,0,1,0.2400624153612892,9.0,-0.03161315757845376,0.03161315757845376,,,Overlap,0.6011084013977349,previous_week_low|below|1456.275,previous_week_low|below|1456.275|9318,prior_period
9326,9326,below,9326201.0,session_low,1453.648,0.5,5.0,9321,9321,3,0,displacement_confirmed_sweep,0,1,1,0.6080655046063611,0.9758096229682819,1,0,0,1,0.25951266881020174,10.0,0.007660352871210608,0.007660352871210608,prev_asia_low,completed_previous_session_only,London,0.9758096229682819,session_low|below|1453.648,session_low|below|1453.648|9321,session
9327,9326,below,9326203.0,support,1451.565,0.6,3.0,9323,9323,4,0,displacement_confirmed_sweep,0,1,1,0.5109081533069527,1.4240150131871914,1,0,0,1,0.25951266881020174,10.0,0.007660352871210608,0.007660352871210608,,,London,1.4240150131871914,support|below|1451.565,support|below|1451.565|9323,s_r
9343,9343,below,9343203.0,session_low,1454.721,0.45,4.0,9339,9339,3,0,standard_liquidity_sweep,0,1,0,0.5933815099889408,0.4199220289827686,0,0,0,1,0.22223887671240905,10.0,0.21765193077402217,0.21765193077402217,prev_london_low,completed_previous_session_only,London,0.7411697589382022,session_low|below|1454.721,session_low|below|1454.721|9339,session
9344,9343,below,9343204.0,support,1454.048,0.55,3.0,9341,9340,4,0,standard_liquidity_sweep,0,1,0,0.537435726557502,0.6021319100307484,0,0,0,1,0.22223887671240905,10.0,0.21765193077402217,0.21765193077402217,,,London,0.9208553669228562,support|below|1454.048,support|below|1454.048|9340,s_r
9347,9347,below,9347201.0,session_low,1455.708,0.45,4.0,9343,9343,3,1,tradeable_sweep_candidate,0,1,0,0.562864679081446,1.1129402076558357,0,0,0,1,1.2919518083019272,8.0,0.25167892369516504,0.25167892369516504,prev_asia_low,completed_previous_session_only,Asia,1.9277663575772561,session_low|below|1455.708,session_low|below|1455.708|9343,session
9349,9347,below,9347202.0,previous_day_low,1459.316,0.5,1.0,9346,9346,4,0,displacement_confirmed_sweep,0,1,1,0.6725,0.21038047081107522,1,0,0,1,1.2919518083019272,8.0,0.25167892369516504,0.25167892369516504,,,Asia,0.21038047081107522,previous_day_low|below|1459.316,previous_day_low|below|1459.316|9346,prior_period
9350,9349,above,9349101.0,previous_day_high,1463.748,0.5,3.0,9346,9346,4,0,displacement_confirmed_sweep,0,1,1,0.45611163959629997,1.311788398351129,1,0,0,1,0.2631957656574166,9.0,-0.037278581142589085,0.037278581142589085,,,Overlap,1.6754625491707449,previous_day_high|above|1463.748,previous_day_high|above|1463.748|9346,prior_period
9360,9360,above,9360101.0,session_high,1479.173,0.45,3.0,9357,9357,3,1,tradeable_sweep_candidate,0,1,0,0.6299900482730141,0.43538534733976403,0,0,0,1,0.4892623595922409,8.0,0.7688674976131206,0.7688674976131206,prev_ny_high,completed_previous_session_only,London,0.43538534733976403,session_high|above|1479.173,session_high|above|1479.173|9357,session
9371,9370,below,9370201.0,previous_day_low,1472.815,0.6,4.0,9366,9366,4,0,displacement_confirmed_sweep,0,1,1,0.49846151102545483,0.7156092000586424,1,0,0,1,0.3065704442303038,8.0,-0.05428164854832098,0.05428164854832098,,,Asia,0.7734301341744815,previous_day_low|below|1472.815,previous_day_low|below|1472.815|9366,prior_period
9379,9377,above,9377101.0,previous_day_high,1461.499,0.5,1.0,9376,9376,4,0,micro_interaction_sweep,1,0,0,0.5087191730046564,0.14548035012507626,0,0,0,1,0.47596459917830775,10.0,-0.2913545096992898,0.2913545096992898,,,Asia,0.14548035012507626,previous_day_high|above|1461.499,previous_day_high|above|1461.499|9376,prior_period
9385,9384,above,9384101.0,equal_high,1465.1125000000002,0.7,5.0,1691,9379,4,1,tradeable_sweep_candidate,0,1,0,0.6741883082128588,0.09287376712661856,0,0,0,1,0.9085991424264076,10.0,-0.08925875320783809,0.08925875320783809,,,London,1.2218230054999148,equal_high|above|1465.1125,equal_high|above|1465.1125|9379,eqh_eql
9393,9392,above,9392104.0,previous_week_high,1483.952,0.55,16.0,9376,9376,4,0,standard_liquidity_sweep,0,1,0,0.5519514594665473,3.6690787132138247,0,0,0,1,0.5111812613321397,9.0,1.2145100278598655,1.2145100278598655,,,NY,5.6485170389546075,previous_week_high|above|1483.952,previous_week_high|above|1483.952|9376,prior_period
9399,9399,below,9399201.0,session_low,1463.847,0.45,6.0,9393,9393,3,0,standard_liquidity_sweep,0,1,0,0.5700238045202621,0.9812158358695107,0,0,0,1,0.2608965779865985,10.0,0.8622846797500475,0.8622846797500475,prev_ny_low,completed_previous_session_only,Dead,2.2367730505875945,session_low|below|1463.847,session_low|below|1463.847|9393,session
9400,9399,below,9399202.0,support,1462.6480000000001,0.55,10.0,9394,9389,4,0,standard_liquidity_sweep,0,1,0,0.4551919645279727,1.1825640794442793,0,0,0,1,0.2608965779865985,10.0,0.8622846797500475,0.8622846797500475,,,Dead,2.4809364598787624,support|below|1462.648,support|below|1462.648|9389,s_r
9414,9413,above,9413103.0,session_high,1478.675,0.45,5.0,9408,9408,4,0,standard_liquidity_sweep,0,1,0,0.4729238912868771,0.289278800453367,0,0,0,1,0.3573097282171927,10.0,-0.05640664647608663,0.05640664647608663,prev_asia_high,completed_previous_session_only,Asia,0.5248510488018704,session_high|above|1478.675,session_high|above|1478.675|9408,session
9420,9420,below,9420201.0,support,1473.687,0.6,15.0,9415,9405,3,0,standard_liquidity_sweep,0,1,0,0.6735009931848641,1.2448643469576048,0,0,0,1,0.5833298342879737,9.0,0.0881272705776592,0.0881272705776592,,,London,1.292280328799201,support|below|1473.687,support|below|1473.687|9405,s_r
9421,9421,above,9421101.0,session_high,1476.786,0.45,4.0,9417,9417,3,0,standard_liquidity_sweep,0,1,0,0.5158944769274433,0.6085727588104612,0,0,0,1,0.3524935923029269,9.0,0.5160631841481609,0.5160631841481609,prev_ny_high,completed_previous_session_only,Overlap,0.6085727588104612,session_high|above|1476.786,session_high|above|1476.786|9417,session
9422,9420,below,9420202.0,session_low,1475.065,0.5,5.0,9415,9415,4,0,standard_liquidity_sweep,0,1,0,0.5725,0.909362084077152,0,0,0,1,0.5833298342879737,9.0,0.0881272705776592,0.0881272705776592,prev_ny_low,completed_previous_session_only,London,0.909362084077152,session_low|below|1475.065,session_low|below|1475.065|9415,session
9426,9425,below,9425203.0,session_low,1475.919,0.45,5.0,9420,9420,4,0,standard_liquidity_sweep,0,1,0,0.5913213334393415,0.1049743410840263,0,0,0,1,0.6705510808410514,9.0,-0.04773667316332265,0.04773667316332265,prev_asia_low,completed_previous_session_only,Asia,0.41738147637411915,session_low|below|1475.919,session_low|below|1475.919|9420,session
9428,9427,above,9427102.0,previous_day_high,1479.201,0.5,3.0,9424,9424,4,0,standard_liquidity_sweep,0,1,0,0.5578354603148198,0.6787536661275959,0,0,0,1,0.5700212698148631,10.0,-0.12965842739947717,0.12965842739947717,,,Overlap,1.2110694530132309,previous_day_high|above|1479.201,previous_day_high|above|1479.201|9424,prior_period
9457,9456,above,9456102.0,session_high,1512.205,0.45,4.0,9452,9452,4,0,standard_liquidity_sweep,0,1,0,0.5604360544108234,0.3560461160667141,0,0,0,1,0.6793605441082343,8.0,0.16510573135059667,0.16510573135059667,prev_ny_high,completed_previous_session_only,Overlap,0.8123556861639468,session_high|above|1512.205,session_high|above|1512.205|9452,session
9459,9458,above,9458102.0,session_high,1513.903,0.45,3.0,9455,9455,4,0,displacement_confirmed_sweep,0,1,1,0.4648620336252177,0.9395363951206968,1,0,0,1,0.3059050840630442,9.0,0.03258703821232951,0.03258703821232951,prev_asia_high,completed_previous_session_only,Dead,0.9395363951206968,session_high|above|1513.903,session_high|above|1513.903|9455,session
9468,9468,above,9468101.0,previous_day_high,1521.916,0.5,3.0,9465,9465,3,1,tradeable_sweep_candidate,0,1,0,0.6623545330399401,0.7971065115989916,0,0,0,1,0.6358944197711597,8.0,0.3828706960999565,0.3828706960999565,,,Overlap,0.7971065115989916,previous_day_high|above|1521.916,previous_day_high|above|1521.916|9465,prior_period
9489,9488,below,9488201.0,previous_day_low,1559.585,0.5,5.0,9483,9483,4,0,standard_liquidity_sweep,0,1,0,0.5482873972047995,0.706983453573203,0,0,0,1,0.5162073053813272,8.0,-0.07922463706613418,0.07922463706613418,,,Dead,2.1915991558477903,previous_day_low|below|1559.585,previous_day_low|below|1559.585|9483,prior_period
9494,9494,above,9494101.0,resistance,1588.489,0.65,12.0,9482,9482,3,1,tradeable_sweep_candidate,0,1,1,0.7541666666666667,1.7486948671733062,1,0,0,1,2.077566480200909,8.0,0.29332928038144523,0.29332928038144523,,,Dead,3.512371428309086,resistance|above|1588.489,resistance|above|1588.489|9482,s_r
9497,9494,above,9494102.0,previous_day_high,1579.422,0.5,5.0,9489,9489,4,1,tradeable_sweep_candidate,0,1,1,0.5998572031362595,0.6665616184249897,1,0,0,1,2.077566480200909,8.0,0.29332928038144523,0.29332928038144523,,,Dead,1.7060352706619006,previous_day_high|above|1579.422,previous_day_high|above|1579.422|9489,prior_period
9500,9498,below,9498202.0,previous_day_low,1557.898,0.5,3.0,9495,9495,4,0,displacement_confirmed_sweep,0,1,1,0.5035120506818718,1.4113652839932616,1,0,0,1,0.46294679337134603,10.0,0.06294043320673036,0.06294043320673036,,,Overlap,3.358888531136358,previous_day_low|below|1557.898,previous_day_low|below|1557.898|9495,prior_period
9504,9501,below,9501203.0,previous_day_low,1552.173,0.6,1.0,9499,9500,4,0,standard_liquidity_sweep,0,1,0,0.5733333333333333,0.730054685027702,0,0,0,1,1.0106594979749264,10.0,0.26219233312358575,0.26219233312358575,,,Asia,0.730054685027702,previous_day_low|below|1552.173,previous_day_low|below|1552.173|9500,prior_period
9512,9511,above,9511101.0,previous_day_high,1560.516,0.5,4.0,9507,9507,4,0,micro_interaction_sweep,1,0,0,0.4498220306624051,0.21464934176350758,0,0,0,1,0.2683050766560128,10.0,-0.09343635075808315,0.09343635075808315,,,NY,1.266183796394363,previous_day_high|above|1560.516,previous_day_high|above|1560.516|9507,prior_period
9520,9518,below,9518201.0,previous_week_low,1540.027,0.55,5.0,9513,9513,4,0,standard_liquidity_sweep,0,1,0,0.5481464507610261,0.9616873286799407,0,0,0,1,0.5064645076102604,10.0,-0.006261567854446242,0.006261567854446242,,,Dead,1.738705968068239,previous_week_low|below|1540.027,previous_week_low|below|1540.027|9513,prior_period
9521,9518,below,9518203.0,session_low,1546.273,0.5,3.0,9514,9515,4,1,tradeable_sweep_candidate,0,1,0,0.5850620916661707,0.17547017489265246,0,0,0,1,0.5064645076102604,10.0,-0.006261567854446242,0.006261567854446242,prev_asia_low,completed_previous_session_only,Dead,0.5563130708799884,session_low|below|1546.273,session_low|below|1546.273|9515,session
9527,9527,above,9527101.0,resistance,1552.782,0.55,3.0,6326,9524,3,0,standard_liquidity_sweep,0,1,0,0.6172049634007853,0.13945554456184625,0,0,0,1,0.5048011547415476,9.0,0.46770342777699175,0.46770342777699175,,,London,0.2923407117332538,resistance|above|1552.782,resistance|above|1552.782|9524,s_r
9541,9540,above,9540102.0,swing_high,1558.022,0.4,9.0,9529,9531,4,0,standard_liquidity_sweep,0,1,0,0.5286414198548416,0.09593837810817618,0,0,0,1,0.5280808652150824,9.0,0.2454264984721483,0.2454264984721483,,,Overlap,1.1879936369111967,swing_high|above|1558.022,swing_high|above|1558.022|9531,swing
9544,9543,above,9543101.0,previous_week_high,1561.173,0.65,3.0,9540,9540,4,0,displacement_confirmed_sweep,0,1,1,0.49391670431527473,0.6038538299906641,1,0,0,1,0.26395842745485354,10.0,-0.04237699923766779,0.04237699923766779,,,Asia,0.8429466601862512,previous_week_high|above|1561.173,previous_week_high|above|1561.173|9540,prior_period
9549,9547,above,9547101.0,equal_high,1562.8200000000002,0.55,2.0,1716,9545,4,0,displacement_confirmed_sweep,0,1,1,0.6891666666666667,0.49600439836350124,1,0,0,1,1.0622500605046954,10.0,-0.779633071930042,0.779633071930042,,,Dead,0.52508532100567,equal_high|above|1562.82,equal_high|above|1562.82|9545,eqh_eql
9551,9549,below,9549203.0,previous_day_low,1557.722,0.6,4.0,9545,9545,4,0,standard_liquidity_sweep,0,1,0,0.6520328316703358,1.5431207490858976,0,0,0,1,0.9676796915539179,8.0,0.18111379776971684,0.18111379776971684,,,Asia,1.7537922387681717,previous_day_low|below|1557.722,previous_day_low|below|1557.722|9545,prior_period
9555,9553,below,9553202.0,session_low,1552.253,0.45,3.0,9550,9550,4,0,standard_liquidity_sweep,0,1,0,0.4425196929424636,0.9436229883922869,0,0,0,1,0.34171589902282584,9.0,0.08671241475208812,0.08671241475208812,prev_asia_low,completed_previous_session_only,Dead,1.0155686865066624,session_low|below|1552.253,session_low|below|1552.253|9550,session
9559,9559,above,9559102.0,previous_week_high,1561.173,0.55,16.0,9543,9543,3,0,standard_liquidity_sweep,0,1,0,0.5999835148905495,0.4469528692608992,0,0,0,1,0.5907302023724098,9.0,0.5408566987503625,0.5408566987503625,,,Dead,1.6060647254073654,previous_week_high|above|1561.173,previous_week_high|above|1561.173|9543,prior_period
9563,9563,above,9563101.0,resistance,1563.646,0.6,4.0,6333,9559,3,1,tradeable_sweep_candidate,0,1,0,0.674966209063225,0.13459081605070078,0,0,0,1,0.5781034495453825,8.0,0.22256651378896658,0.22256651378896658,,,Overlap,1.5774420667158129,resistance|above|1563.646,resistance|above|1563.646|9559,s_r
9591,9591,above,9591101.0,resistance,1580.5942608695652,0.5506270411629078,11.0,9590,9580,3,0,micro_interaction_sweep,1,0,0,0.5074451096101842,0.22016781775257574,1,0,0,1,0.2846052773076486,8.0,0.06857621451576176,0.06857621451576176,,,Asia,2.3062027521085273,resistance|above|1580.5943,resistance|above|1580.5943|9580,s_r
9594,9593,above,9593103.0,previous_day_high,1580.546,0.5,3.0,9590,9590,4,1,tradeable_sweep_candidate,0,1,1,0.6278959709908583,0.38927504896345416,1,0,0,1,0.813581629931557,10.0,-0.17001574995581886,0.17001574995581886,,,Overlap,0.38927504896345416,previous_day_high|above|1580.546,previous_day_high|above|1580.546|9590,prior_period
9599,9599,above,9599102.0,previous_day_high,1585.896,0.6,4.0,9593,9595,3,1,tradeable_sweep_candidate,0,1,0,0.6714720060061723,0.46134435709491306,0,0,0,1,0.44951334834876394,8.0,0.009555328333201106,0.009555328333201106,,,Overlap,1.976666638307462,previous_day_high|above|1585.896,previous_day_high|above|1585.896|9595,prior_period
9601,9600,above,9600101.0,previous_week_high,1588.269,0.55,28.0,9572,9572,4,0,standard_liquidity_sweep,0,1,0,0.5740520737980636,0.37958904971674207,0,0,0,1,0.2947134765011352,7.0,-0.06649645981419694,0.06649645981419694,,,NY,3.451560010600322,previous_week_high|above|1588.269,previous_week_high|above|1588.269|9572,prior_period
9617,9615,below,9615203.0,session_low,1556.451,0.45,4.0,9611,9611,4,1,tradeable_sweep_candidate,0,1,0,0.5672033889968584,0.4248687809732134,0,0,0,1,1.156118942326131,8.0,0.1884629126519271,0.1884629126519271,prev_london_low,completed_previous_session_only,Asia,0.4248687809732134,session_low|below|1556.451,session_low|below|1556.451|9611,session
9619,9617,above,9617102.0,session_high,1555.302,0.45,4.0,9613,9613,4,0,micro_interaction_sweep,1,0,0,0.5182879362929619,0.13257313293241674,0,0,0,1,0.541212696262951,8.0,-0.08842420684607961,0.08842420684607961,prev_ny_high,completed_previous_session_only,Overlap,0.43173876680694884,session_high|above|1555.302,session_high|above|1555.302|9613,session
9629,9628,below,9628203.0,support,1562.2694999999999,0.561674950481926,6.0,9623,9622,4,0,standard_liquidity_sweep,0,1,0,0.5133178160142842,1.0497617511751682,0,0,0,1,0.505037848586338,10.0,1.0035663833495094,1.0035663833495094,,,London,1.0497617511751682,support|below|1562.2695,support|below|1562.2695|9622,s_r
9631,9631,above,9631102.0,previous_day_high,1573.996,0.6,2.0,9629,9629,3,0,standard_liquidity_sweep,0,1,0,0.5708006436996111,0.6789350725261379,0,0,0,1,0.36235568182601785,9.0,0.564893574109694,0.564893574109694,,,Dead,0.6789350725261379,previous_day_high|above|1573.996,previous_day_high|above|1573.996|9629,prior_period
9636,9635,above,9635103.0,session_high,1573.17,0.45,4.0,9631,9631,4,0,standard_liquidity_sweep,0,1,0,0.5463098914114886,0.22564433746627904,0,0,0,1,0.5797655807815514,9.0,-0.09667899445478888,0.09667899445478888,prev_ny_high,completed_previous_session_only,Overlap,0.48507083673909945,session_high|above|1573.17,session_high|above|1573.17|9631,session
9640,9637,below,9637202.0,session_low,1569.091,0.45,3.0,9634,9634,4,0,standard_liquidity_sweep,0,1,0,0.468021558198694,0.45059018603252576,0,0,0,1,0.22113821416603266,8.0,-0.04667949510115196,0.04667949510115196,prev_asia_low,completed_previous_session_only,Dead,1.1035591121419313,session_low|below|1569.091,session_low|below|1569.091|9634,session
9641,9641,below,9641202.0,support,1567.3884722222222,0.55,10.0,9638,9631,3,0,standard_liquidity_sweep,0,1,0,0.6547929111430459,0.6760253593106447,0,0,0,1,0.7160177436883333,7.0,0.022975960255991846,0.022975960255991846,,,Overlap,1.3660769328547062,support|below|1567.3885,support|below|1567.3885|9631,s_r
9643,9642,below,9642202.0,previous_day_low,1566.564,0.5,4.0,9638,9638,4,0,standard_liquidity_sweep,0,1,0,0.5811931636682717,0.20598028705016672,0,0,0,1,0.8869316366827171,8.0,-0.011609052836168221,0.011609052836168221,,,NY,0.8144140088798999,previous_day_low|below|1566.564,previous_day_low|below|1566.564|9638,prior_period
9645,9645,below,9645201.0,session_low,1565.747,0.45,5.0,9640,9640,3,0,displacement_confirmed_sweep,0,1,1,0.5801392941390887,0.056583916944267836,0,0,1,1,0.8013929413908869,9.0,0.12103268115448935,0.12103268115448935,prev_asia_low,completed_previous_session_only,Asia,0.9515484370033342,session_low|below|1565.747,session_low|below|1565.747|9640,session
9664,9663,below,9663201.0,previous_day_low,1580.338,0.5,1.0,9662,9662,4,0,standard_liquidity_sweep,0,1,0,0.48893626238300875,0.3430991856274262,0,0,0,1,0.34525732262418857,8.0,-0.009038149806907593,0.009038149806907593,,,Asia,0.3430991856274262,previous_day_low|below|1580.338,previous_day_low|below|1580.338|9662,prior_period
9675,9674,above,9674102.0,previous_day_high,1604.998,0.55,2.0,9670,9672,4,1,tradeable_sweep_candidate,0,1,0,0.7175,0.2891656221937632,0,0,0,1,1.1369319961516813,6.0,0.28718217626903847,0.28718217626903847,,,Asia,0.5033542597921806,previous_day_high|above|1604.998,previous_day_high|above|1604.998|9672,prior_period
9693,9692,above,9692101.0,previous_week_high,1680.065,0.65,1.0,9690,9691,4,1,tradeable_sweep_candidate,0,1,1,0.7349985204887037,1.5843693671295058,1,0,0,1,0.9249852048870373,6.0,-0.6829245005923872,0.6829245005923872,,,Asia,1.5843693671295058,previous_week_high|above|1680.065,previous_week_high|above|1680.065|9691,prior_period
9696,9696,below,9696202.0,previous_day_low,1651.538,0.5,5.0,9691,9691,3,0,displacement_confirmed_sweep,0,1,1,0.6626517159919795,0.6187606231336727,1,0,0,1,0.7537620572344452,9.0,-0.10546045680808026,0.10546045680808026,,,Dead,3.566125215169794,previous_day_low|below|1651.538,previous_day_low|below|1651.538|9691,prior_period
9699,9699,below,9699201.0,session_low,1650.305,0.45,3.0,9696,9696,3,0,standard_liquidity_sweep,0,1,0,0.6110598484764551,0.2035204246437555,0,0,0,1,0.6737590152558147,10.0,0.06133847485871355,0.06133847485871355,prev_ny_low,completed_previous_session_only,London,0.6185824700859359,session_low|below|1650.305,session_low|below|1650.305|9696,session
9701,9701,below,9701201.0,support,1633.0408298766436,0.55,14.0,9697,9687,3,0,standard_liquidity_sweep,0,1,0,0.6059024822152004,0.8690108267549929,0,0,0,1,0.5175650704528078,10.0,0.0939787739373261,0.0939787739373261,,,NY,5.435619172379494,support|below|1633.0408,support|below|1633.0408|9687,s_r
9703,9701,below,9701202.0,previous_day_low,1642.661,0.55,4.0,9697,9697,4,0,standard_liquidity_sweep,0,1,0,0.5808333333333333,0.16293718884920924,0,0,0,1,0.5175650704528078,10.0,0.0939787739373261,0.0939787739373261,,,NY,0.7706768686747082,previous_day_low|below|1642.661,previous_day_low|below|1642.661|9697,prior_period
9706,9705,below,9705203.0,session_low,1641.221,0.45,5.0,9700,9700,4,0,standard_liquidity_sweep,0,1,0,0.599011111391215,0.577114476597503,0,0,0,1,1.142421375753907,10.0,0.13759851329853506,0.13759851329853506,prev_london_low,completed_previous_session_only,London,0.577114476597503,session_low|below|1641.221,session_low|below|1641.221|9700,session
9712,9711,above,9711103.0,session_high,1649.854,0.5,5.0,9706,9706,4,0,standard_liquidity_sweep,0,1,0,0.598193570727909,0.13292460151370514,0,0,0,1,0.19381166609745576,10.0,0.10154282941528074,0.10154282941528074,prev_ny_high,completed_previous_session_only,London,0.6224666322333394,session_high|above|1649.854,session_high|above|1649.854|9706,session
9719,9718,below,9718201.0,previous_week_low,1578.81,0.55,27.0,9691,9691,4,1,tradeable_sweep_candidate,0,1,0,0.6569286183398504,2.4719530904576166,0,0,0,1,0.9241611959022472,9.0,-0.27150977073109384,0.27150977073109384,,,Overlap,10.916685090718765,previous_week_low|below|1578.81,previous_week_low|below|1578.81|9691,prior_period
9723,9722,above,9722101.0,previous_day_high,1606.468,0.5,1.0,9721,9721,4,0,micro_interaction_sweep,1,0,0,0.4411912257515101,0.23167545398939388,0,0,0,1,0.23818102985978706,10.0,-0.15511586582566952,0.15511586582566952,,,Asia,0.23167545398939388,previous_day_high|above|1606.468,previous_day_high|above|1606.468|9721,prior_period
9748,9748,below,9748201.0,support,1667.5806666666667,0.681432540234052,5.0,9744,9743,3,1,tradeable_sweep_candidate,0,1,1,0.7703581350585129,1.1863940021361898,1,1,0,1,1.4818592720061878,6.0,0.2822551734670196,0.2822551734670196,,,Overlap,1.1863940021361898,support|below|1667.5807,support|below|1667.5807|9743,s_r
9754,9753,below,9753201.0,session_low,1668.197,0.5,6.0,9747,9747,4,1,tradeable_sweep_candidate,0,1,0,0.6551269830417663,0.044135433607815674,0,0,0,1,1.0933172337999923,6.0,-0.3090591937003142,0.3090591937003142,prev_london_low,completed_previous_session_only,Asia,1.6371580645594315,session_low|below|1668.197,session_low|below|1668.197|9747,session
9759,9759,below,9759202.0,support,1656.5300000000002,0.6,5.0,9755,9754,3,0,standard_liquidity_sweep,0,1,0,0.5071879966321149,0.6426971277630329,0,0,0,1,0.28880332491362043,8.0,-0.06662555984909371,0.06662555984909371,,,Asia,1.049988457428059,support|below|1656.53,support|below|1656.53|9754,s_r
9763,9763,below,9763201.0,support,1649.3951589020407,0.689541385070737,3.0,2056,9760,3,0,micro_interaction_sweep,1,0,0,0.558799250017152,0.24827671611614605,0,0,0,1,0.3722847593736696,9.0,0.1937919899061167,0.1937919899061167,,,NY,0.6772116230766597,support|below|1649.3952,support|below|1649.3952|9760,s_r
9787,9785,below,9785202.0,previous_week_low,1504.043,0.6000000000000001,3.0,9780,9782,4,1,tradeable_sweep_candidate,0,1,1,0.6699550055444029,1.4640947465690197,1,0,0,1,0.9538332927712044,9.0,0.5371263228230169,0.5371263228230169,,,Asia,1.514441106615516,previous_week_low|below|1504.043,previous_week_low|below|1504.043|9782,prior_period
9792,9791,below,9791202.0,session_low,1475.092,0.45,5.0,9786,9786,4,0,displacement_confirmed_sweep,0,1,1,0.49260110642920063,0.26690126299591044,1,0,0,1,0.32457935484736966,8.0,0.1944560745657455,0.1944560745657455,prev_asia_low,completed_previous_session_only,Asia,1.0600374140113644,session_low|below|1475.092,session_low|below|1475.092|9786,session
9805,9805,below,9805201.0,previous_day_low,1470.177,0.55,4.0,9801,9801,3,0,micro_interaction_sweep,1,0,0,0.4481060576433486,0.1263319845176043,0,0,0,1,0.1723484774417048,8.0,0.0326540747354233,0.0326540747354233,,,Overlap,0.6385920840131297,previous_day_low|below|1470.177,previous_day_low|below|1470.177|9801,prior_period
9811,9808,above,9808101.0,previous_day_high,1495.78,0.6,4.0,9804,9804,4,0,standard_liquidity_sweep,0,1,0,0.4756104470290808,0.3553365805177723,0,0,0,1,0.3286094509060353,6.0,-0.13020573555112197,0.13020573555112197,,,Asia,0.9828392360037146,previous_day_high|above|1495.78,previous_day_high|above|1495.78|9804,prior_period
9829,9828,above,9828102.0,session_high,1608.52,0.45,5.0,9823,9823,4,1,tradeable_sweep_candidate,0,1,0,0.6099964975196077,0.02587786575696206,0,0,0,1,0.5754798358723574,9.0,-0.03184893500019294,0.03184893500019294,prev_asia_high,completed_previous_session_only,Asia,0.5767480732572138,session_high|above|1608.52,session_high|above|1608.52|9823,session
9835,9835,above,9835101.0,resistance,1624.2220000000002,0.55,7.0,9833,9828,3,0,standard_liquidity_sweep,0,1,0,0.5704175216660142,0.4983631817852018,0,0,0,1,0.4150341115944938,9.0,0.10496817855717647,0.10496817855717647,,,London,1.1155163544029334,resistance|above|1624.222,resistance|above|1624.222|9828,s_r
9837,9836,above,9836103.0,swing_high,1636.353,0.4,8.0,9826,9828,4,0,standard_liquidity_sweep,0,1,0,0.40933867064882373,0.6186305319565127,0,0,0,1,0.21918000995539266,9.0,-0.06404444994040363,0.06404444994040363,,,Overlap,1.6347324421618934,swing_high|above|1636.353,swing_high|above|1636.353|9828,swing
9873,9872,above,9872102.0,previous_day_high,1618.249,0.6,4.0,9867,9868,4,0,micro_interaction_sweep,1,0,0,0.4958472107560939,0.013317229400983238,0,0,0,1,0.3000346935569014,9.0,-0.0818340903721729,0.0818340903721729,,,Overlap,0.7956075063048578,previous_day_high|above|1618.249,previous_day_high|above|1618.249|9868,prior_period
9911,9909,above,9909102.0,previous_day_high,1724.592,0.55,2.0,9906,9907,4,0,standard_liquidity_sweep,0,1,0,0.5975,0.2875450274480979,0,0,0,1,1.365414562075554,8.0,-0.2684649830324566,0.2684649830324566,,,London,0.9358547995345415,previous_day_high|above|1724.592,previous_day_high|above|1724.592|9907,prior_period
9912,9909,above,9909103.0,session_high,1720.78,0.45,3.0,9906,9906,4,0,standard_liquidity_sweep,0,1,0,0.5399999999999999,0.024180864874292957,0,0,0,1,1.365414562075554,8.0,-0.2684649830324566,0.2684649830324566,prev_ny_high,completed_previous_session_only,London,0.6667533062988341,session_high|above|1720.78,session_high|above|1720.78|9906,session
9914,9913,below,9913201.0,session_low,1715.985,0.5,3.0,9910,9910,4,0,standard_liquidity_sweep,0,1,0,0.495168877493864,0.2945382755162133,0,0,0,1,0.3378288650755186,8.0,-0.28514233768122876,0.28514233768122876,prev_ny_low,completed_previous_session_only,Asia,0.9515926174852313,session_low|below|1715.985,session_low|below|1715.985|9910,session
9921,9920,above,9920102.0,previous_day_high,1726.39,0.6,5.0,9915,9915,4,1,tradeable_sweep_candidate,0,1,0,0.5560927158082487,0.3865259108206689,0,0,0,1,0.40182324353896953,8.0,0.14358780724799103,0.14358780724799103,,,Asia,0.8199467231188118,previous_day_high|above|1726.39,previous_day_high|above|1726.39|9915,prior_period
9922,9921,above,9921101.0,resistance,1731.753,0.5561739147406127,10.0,9921,9911,4,0,micro_interaction_sweep,1,0,0,0.4945533634494349,0.172319282244806,0,0,0,1,0.3032346197276283,7.0,0.4726303847896337,0.4726303847896337,,,London,1.306988787807993,resistance|above|1731.753,resistance|above|1731.753|9911,s_r
9924,9923,below,9923201.0,support,1706.339449948664,0.6,18.0,9914,9905,4,0,standard_liquidity_sweep,0,1,0,0.4638146334942141,0.49563058433365764,0,0,0,1,0.24078658373553527,9.0,0.007466043384872787,0.007466043384872787,,,NY,1.5956438603223762,support|below|1706.3394,support|below|1706.3394|9905,s_r
9927,9927,above,9927101.0,previous_week_high,1689.802,0.55,26.0,9901,9901,3,0,standard_liquidity_sweep,0,1,0,0.627955250152995,0.17776575287978513,0,0,0,1,0.6418855564815931,10.0,0.09022415895174542,0.09022415895174542,,,London,0.2613286875879841,previous_week_high|above|1689.802,previous_week_high|above|1689.802|9901,prior_period
9940,9940,below,9940202.0,support,1668.5603975973293,0.7000000000000001,9.0,9931,9931,3,1,tradeable_sweep_candidate,0,1,1,0.7215518116232651,0.6498342546366578,0,0,1,1,0.5451789757864788,7.0,0.6592552426692556,0.6592552426692556,,,London,1.8453958591121007,support|below|1668.5604,support|below|1668.5604|9931,s_r
9959,9958,below,9958202.0,support,1719.292,0.6116749504819259,6.0,9953,9952,4,0,standard_liquidity_sweep,0,1,0,0.5507464473289733,1.1827523283506762,0,0,0,1,0.35404594691578034,8.0,-0.15423622637914944,0.15423622637914944,,,London,1.1827523283506762,support|below|1719.292,support|below|1719.292|9952,s_r
9966,9965,below,9965201.0,session_low,1712.079,0.5,6.0,9959,9959,4,0,standard_liquidity_sweep,0,1,0,0.5425068609014825,0.23935415545008407,0,0,0,1,0.5000686090148243,9.0,-0.019340524791724503,0.019340524791724503,prev_asia_low,completed_previous_session_only,London,1.0117423604224147,session_low|below|1712.079,session_low|below|1712.079|9959,session
9971,9971,below,9971201.0,support,1698.113,0.55,3.0,9969,9968,3,0,standard_liquidity_sweep,0,1,0,0.6160309197417105,0.8078341414724546,0,0,0,1,0.5426281090894676,10.0,0.02837360987879637,0.02837360987879637,,,London,0.8078341414724546,support|below|1698.113,support|below|1698.113|9968,s_r
9972,9971,below,9971202.0,session_low,1705.615,0.45,5.0,9966,9966,4,0,standard_liquidity_sweep,0,1,0,0.6065102165916896,0.21251275352290513,0,0,0,1,0.5426281090894676,10.0,0.02837360987879637,0.02837360987879637,prev_london_low,completed_previous_session_only,London,0.5497947415200745,session_low|below|1705.615,session_low|below|1705.615|9966,session
9978,9977,below,9977202.0,session_low,1701.706,0.45,3.0,9974,9974,4,1,tradeable_sweep_candidate,0,1,0,0.5777462445881711,0.05601255942858072,0,0,0,1,0.5556163079485985,10.0,-0.052441485873961025,0.052441485873961025,prev_ny_low,completed_previous_session_only,London,0.5073666951326747,session_low|below|1701.706,session_low|below|1701.706|9974,session
9980,9979,above,9979102.0,previous_day_high,1713.653,0.5,4.0,9975,9975,4,0,displacement_confirmed_sweep,0,1,1,0.42287448769113506,0.8449114369501287,1,0,0,1,0.19051955256117106,9.0,0.11909991631910025,0.11909991631910025,,,NY,1.184667161265466,previous_day_high|above|1713.653,previous_day_high|above|1713.653|9975,prior_period
9982,9981,above,9981101.0,previous_day_high,1715.983,0.55,1.0,9980,9980,4,0,displacement_confirmed_sweep,0,1,1,0.470659913920748,0.5474660948898158,1,1,0,1,0.2578997848018699,8.0,-0.07304035544454399,0.07304035544454399,,,Asia,0.5474660948898158,previous_day_high|above|1715.983,previous_day_high|above|1715.983|9980,prior_period
9983,9983,below,9983202.0,session_low,1702.045,0.45,3.0,9980,9980,3,1,tradeable_sweep_candidate,0,1,1,0.6512771929904436,1.1316389005367682,1,0,0,1,0.8291270943290447,8.0,-0.2407480945161763,0.2407480945161763,prev_ny_low,completed_previous_session_only,London,1.2609475598623732,session_low|below|1702.045,session_low|below|1702.045|9980,session
9989,9987,below,9987201.0,previous_day_low,1679.797,0.6,1.0,9985,9986,4,1,tradeable_sweep_candidate,0,1,0,0.6358317065569243,0.6824431605501596,0,0,0,1,0.8613029087228558,10.0,-0.32988744803257586,0.32988744803257586,,,Asia,0.6824431605501596,previous_day_low|below|1679.797,previous_day_low|below|1679.797|9986,prior_period
10001,10001,below,10001201.0,support,1695.3261860465116,0.65,10.0,9996,9991,3,0,standard_liquidity_sweep,0,1,0,0.6205861026325872,0.35734645869014575,0,0,0,1,0.6084703252767416,9.0,0.1737141341286211,0.1737141341286211,,,Asia,0.9710843859330338,support|below|1695.3262,support|below|1695.3262|9991,s_r
10009,10009,below,10009201.0,support,1685.8189999999995,0.6,8.0,10001,10001,3,0,micro_interaction_sweep,1,0,0,0.5748715394856218,0.24221934073342813,0,0,0,1,0.3555857095129952,8.0,0.153169165108614,0.153169165108614,,,Overlap,1.7291531572578058,support|below|1685.819,support|below|1685.819|10001,s_r
10020,10019,above,10019102.0,equal_high,1721.3145,0.6,2.0,1796,10017,4,0,standard_liquidity_sweep,0,1,0,0.5023181012026627,0.4585501792635818,0,0,0,1,0.10590588420259622,8.0,0.15916883250305017,0.15916883250305017,,,Asia,0.4735357977043797,equal_high|above|1721.3145,equal_high|above|1721.3145|10017,eqh_eql
10025,10025,below,10025201.0,session_low,1704.632,0.45,4.0,10021,10021,3,0,standard_liquidity_sweep,0,1,0,0.481977275478282,0.42954741272414043,0,0,0,1,0.3195265220290385,8.0,0.16739332592672793,0.16739332592672793,prev_london_low,completed_previous_session_only,Asia,0.42954741272414043,session_low|below|1704.632,session_low|below|1704.632|10021,session
10058,10055,above,10055101.0,previous_day_high,1750.708,0.6,1.0,10052,10054,4,1,tradeable_sweep_candidate,0,1,0,0.6832582783479825,0.5312028412406514,0,0,0,1,1.1143667048025845,6.0,-0.9733783435610954,0.9733783435610954,,,Dead,0.5312028412406514,previous_day_high|above|1750.708,previous_day_high|above|1750.708|10054,prior_period
10063,10062,below,10062202.0,session_low,1730.346,0.45,3.0,10059,10059,4,0,standard_liquidity_sweep,0,1,0,0.5334817481608977,0.5191095319955283,0,0,0,1,0.48787103706891066,7.0,-0.01312967380212216,0.01312967380212216,prev_london_low,completed_previous_session_only,Asia,0.5191095319955283,session_low|below|1730.346,session_low|below|1730.346|10059,session
10072,10071,above,10071101.0,previous_day_high,1750.547,0.5,3.0,10068,10068,4,0,displacement_confirmed_sweep,0,1,1,0.46823723062177025,0.36669885734797164,0,1,0,1,0.30392640988775893,10.0,-0.03919434981912734,0.03919434981912734,,,Overlap,0.36669885734797164,previous_day_high|above|1750.547,previous_day_high|above|1750.547|10068,prior_period
10078,10076,below,10076201.0,swing_low,1724.698,0.4,12.0,10062,10064,4,0,standard_liquidity_sweep,0,1,0,0.5420310995665764,1.0109945600241153,0,0,0,1,0.9036443289990962,9.0,-0.32515881383433665,0.32515881383433665,,,London,2.553176355959499,swing_low|below|1724.698,swing_low|below|1724.698|10064,swing
10089,10089,below,10089202.0,session_low,1723.758,0.45,6.0,10083,10083,3,0,standard_liquidity_sweep,0,1,0,0.5697945427790072,0.4858963524786345,0,0,0,1,0.8382425253647973,10.0,0.6486124065149652,0.6486124065149652,prev_london_low,completed_previous_session_only,London,1.0755621238513997,session_low|below|1723.758,session_low|below|1723.758|10083,session
10093,10092,above,10092103.0,session_high,1730.74,0.45,3.0,10089,10089,4,0,displacement_confirmed_sweep,0,1,1,0.4794718854451863,0.4842682583998461,1,1,0,1,0.3352146896693353,10.0,-0.1303877778678076,0.1303877778678076,prev_asia_high,completed_previous_session_only,Dead,0.4842682583998461,session_high|above|1730.74,session_high|above|1730.74|10089,session
10100,10099,below,10099201.0,previous_day_low,1705.99,0.6,1.0,10097,10098,4,0,displacement_confirmed_sweep,0,1,1,0.5428424222942464,0.5338144612473298,1,0,0,1,0.39619729479705956,10.0,-0.03976534906784336,0.03976534906784336,,,Asia,0.5338144612473298,previous_day_low|below|1705.99,previous_day_low|below|1705.99|10098,prior_period
10110,10110,below,10110202.0,support,1714.618,0.65,23.0,10087,10087,3,0,displacement_confirmed_sweep,0,1,1,0.5425209233114158,0.4423887979481486,0,0,1,1,0.3289878770765943,10.0,0.08984392202855829,0.08984392202855829,,,Dead,2.240331627042787,support|below|1714.618,support|below|1714.618|10087,s_r
10126,10125,above,10125101.0,previous_week_high,1740.482,0.6000000000000001,7.0,10118,10118,4,0,displacement_confirmed_sweep,0,1,1,0.46658603993974573,0.4514071414326496,0,0,1,1,0.16430672944787192,9.0,0.08289451235848551,0.08289451235848551,,,Asia,0.6345863046979358,previous_week_high|above|1740.482,previous_week_high|above|1740.482|10118,prior_period
10128,10127,below,10127201.0,support,1725.8696666666667,0.55,14.0,10124,10113,4,0,displacement_confirmed_sweep,0,1,1,0.48154087685610786,1.6150922225535482,1,0,0,1,0.29551885880693624,7.0,0.19945134200980555,0.19945134200980555,,,Overlap,1.6150922225535482,support|below|1725.8697,support|below|1725.8697|10113,s_r
10133,10132,below,10132202.0,previous_week_low,1693.147,0.55,14.0,10118,10118,4,1,tradeable_sweep_candidate,0,1,0,0.5577635536930691,2.5906786114070566,0,0,0,1,0.40238035284124857,8.0,0.047892331863314076,0.047892331863314076,,,London,5.358725895193257,previous_week_low|below|1693.147,previous_week_low|below|1693.147|10118,prior_period
10154,10154,above,10154101.0,session_high,1697.065,0.5,3.0,10150,10151,3,0,displacement_confirmed_sweep,0,1,1,0.5834433992671959,0.037431055907775235,1,0,0,1,0.6677673260052914,8.0,0.1481186145942312,0.1481186145942312,prev_asia_high,completed_previous_session_only,Dead,0.4127977909533431,session_high|above|1697.065,session_high|above|1697.065|10151,session
10163,10163,above,10163101.0,equal_high,1720.6241536083642,0.75,23.0,1823,10140,3,0,micro_interaction_sweep,1,0,0,0.6306730461928363,0.12629793008126905,0,0,0,1,0.4244384296345815,8.0,0.2605119132274337,0.2605119132274337,,,London,3.5948566348582656,equal_high|above|1720.6242,equal_high|above|1720.6242|10140,eqh_eql
10170,10169,above,10169102.0,previous_day_high,1739.51,0.6,3.0,10165,10166,4,0,standard_liquidity_sweep,0,1,0,0.5794294231952412,0.6795667938694898,0,0,0,1,0.39068165320064036,9.0,0.13640431279929496,0.13640431279929496,,,London,0.6795667938694898,previous_day_high|above|1739.51,previous_day_high|above|1739.51|10166,prior_period
10183,10182,below,10182201.0,support,1706.1823826114412,0.6406989046236076,17.0,2135,10165,4,0,standard_liquidity_sweep,0,1,0,0.5087760210567871,0.32369294451916797,0,0,0,1,0.3114803266386994,7.0,0.8994693808340758,0.8994693808340758,,,London,3.174201895587025,support|below|1706.1824,support|below|1706.1824|10165,s_r
10188,10188,below,10188201.0,support,1721.776,0.5583057201250258,4.0,10185,10184,3,0,standard_liquidity_sweep,0,1,0,0.5887282787826503,0.776118299033445,0,0,0,1,0.36725347707194883,8.0,0.6741396278767299,0.6741396278767299,,,London,0.776118299033445,support|below|1721.776,support|below|1721.776|10184,s_r
10193,10193,below,10193201.0,support,1716.442,0.6,4.0,10189,10189,3,1,tradeable_sweep_candidate,0,1,0,0.5823584557205075,1.185881933822087,0,0,0,1,0.42737522125497507,8.0,0.17301042430092192,0.17301042430092192,,,Asia,1.185881933822087,support|below|1716.442,support|below|1716.442|10189,s_r
10194,10193,below,10193202.0,session_low,1721.228,0.45,5.0,10188,10188,4,0,standard_liquidity_sweep,0,1,0,0.5884287680620621,0.7083763865166358,0,0,0,1,0.42737522125497507,8.0,0.17301042430092192,0.17301042430092192,prev_asia_low,completed_previous_session_only,Asia,0.7238340744837315,session_low|below|1721.228,session_low|below|1721.228|10188,session
10214,10213,above,10213103.0,resistance,1758.2249999999997,0.7000000000000001,3.0,10210,10210,4,0,standard_liquidity_sweep,0,1,0,0.572144147866088,1.2456548945428467,0,0,0,1,0.37589736881534186,8.0,-0.21900631473120719,0.21900631473120719,,,London,1.2456548945428467,resistance|above|1758.225,resistance|above|1758.225|10210,s_r
10226,10224,above,10224101.0,previous_day_high,1773.097,0.5,1.0,10223,10223,4,1,tradeable_sweep_candidate,0,1,0,0.5912653876746629,0.37208215245197895,0,0,0,1,0.6647422804789466,7.0,-0.2850946869252642,0.2850946869252642,,,Asia,0.37208215245197895,previous_day_high|above|1773.097,previous_day_high|above|1773.097|10223,prior_period
10229,10226,below,10226202.0,session_low,1765.617,0.45,4.0,10222,10222,4,0,standard_liquidity_sweep,0,1,0,0.5044441905809445,0.8549239553926141,0,0,0,1,0.5194419058094449,6.0,0.055626058495705025,0.055626058495705025,prev_ny_low,completed_previous_session_only,Overlap,1.1113280298934443,session_low|below|1765.617,session_low|below|1765.617|10222,session
10232,10230,below,10230201.0,session_low,1761.393,0.45,4.0,10226,10226,4,0,standard_liquidity_sweep,0,1,0,0.44982290404879177,0.48071847965815456,0,0,0,1,0.31830726012197935,7.0,-0.2573568809625953,0.2573568809625953,prev_london_low,completed_previous_session_only,Asia,0.48071847965815456,session_low|below|1761.393,session_low|below|1761.393|10226,session
10237,10237,below,10237201.0,support,1753.824,0.6,6.0,10232,10231,3,1,tradeable_sweep_candidate,0,1,1,0.6781423835797208,0.9069071222623352,0,0,1,1,0.7267004851440014,8.0,0.15533134682322722,0.15533134682322722,,,London,1.0288265613935483,support|below|1753.824,support|below|1753.824|10231,s_r
10244,10244,below,10244201.0,support,1767.1852093023256,0.6,5.0,10242,10239,3,0,standard_liquidity_sweep,0,1,0,0.5472050281644345,0.569797871434597,0,0,0,1,0.318005345506642,7.0,0.6302486993328037,0.6302486993328037,,,London,0.7077642387973138,support|below|1767.1852,support|below|1767.1852|10239,s_r
10256,10255,above,10255102.0,resistance,1785.5800000000002,0.6,3.0,2152,10252,4,0,displacement_confirmed_sweep,0,1,1,0.6057148462116395,0.26701007555435474,1,0,0,1,0.3351204488624321,7.0,0.28490159801774706,0.28490159801774706,,,Asia,0.5182600658581887,resistance|above|1785.58,resistance|above|1785.58|10252,s_r
10257,10257,below,10257201.0,previous_day_low,1763.448,0.55,5.0,10250,10252,3,0,standard_liquidity_sweep,0,1,0,0.6344821034193712,0.22995157521652074,0,0,0,1,0.2117236388550959,9.0,0.7470229320576938,0.7470229320576938,,,Overlap,2.6440574082724497,previous_day_low|below|1763.448,previous_day_low|below|1763.448|10252,prior_period
10258,10257,below,10257202.0,support,1762.804258537814,0.5674081817945882,13.0,10257,10244,4,0,standard_liquidity_sweep,0,1,0,0.44404150099068546,0.3019152909490932,0,0,0,1,0.2117236388550959,9.0,0.7470229320576938,0.7470229320576938,,,Overlap,2.7287300469206226,support|below|1762.8043,support|below|1762.8043|10244,s_r
10262,10262,below,10262201.0,session_low,1767.965,0.45,3.0,10259,10259,3,0,standard_liquidity_sweep,0,1,0,0.6958333333333333,0.4680325521441574,0,0,0,1,0.6389689480930734,10.0,0.7573887395912696,0.7573887395912696,prev_ny_low,completed_previous_session_only,London,0.4680325521441574,session_low|below|1767.965,session_low|below|1767.965|10259,session
10271,10271,below,10271201.0,support,1772.5159090909092,0.65,4.0,10268,10267,3,0,micro_interaction_sweep,1,0,0,0.52020426239531,0.24798396588332283,0,0,0,1,0.2900939893216083,8.0,0.1421841053592758,0.1421841053592758,,,Dead,0.40675922069456544,support|below|1772.5159,support|below|1772.5159|10267,s_r
10299,10299,below,10299201.0,session_low,1798.28,0.45,4.0,10295,10295,3,0,standard_liquidity_sweep,0,1,0,0.6129601617027678,0.4835284509238902,0,0,0,1,0.2840223376446938,9.0,0.12627107942032573,0.12627107942032573,prev_ny_low,completed_previous_session_only,Overlap,1.185527544815161,session_low|below|1798.28,session_low|below|1798.28|10295,session
10300,10299,below,10299203.0,support,1795.1877165124126,0.6517491908584021,5.0,2163,10294,4,0,standard_liquidity_sweep,0,1,0,0.5023795661058114,0.8679992775041376,0,0,0,1,0.2840223376446938,9.0,0.12627107942032573,0.12627107942032573,,,Overlap,1.5754847037250486,support|below|1795.1877,support|below|1795.1877|10294,s_r
10306,10305,above,10305101.0,resistance,1809.7276832666187,0.6871840716432689,8.0,2164,10297,4,0,micro_interaction_sweep,1,0,0,0.5601282188275195,0.16138349330454094,1,0,1,1,0.2849970806338079,8.0,0.29233166725118886,0.29233166725118886,,,London,1.5897548829419514,resistance|above|1809.7277,resistance|above|1809.7277|10297,s_r
10311,10310,below,10310201.0,equal_low,1795.3125,0.6,1.0,1851,10309,4,1,tradeable_sweep_candidate,0,1,1,0.7195673842485237,0.781325101789062,1,0,0,1,0.9373405091519036,7.0,-0.20309044364957188,0.20309044364957188,,,Asia,0.781325101789062,equal_low|below|1795.3125,equal_low|below|1795.3125|10309,eqh_eql
10316,10316,above,10316102.0,resistance,1810.5944140652873,0.6,17.0,2164,10299,3,0,standard_liquidity_sweep,0,1,0,0.5247594995284625,0.5299712275898792,0,0,0,1,0.33621190671461354,10.0,-0.0112669522891676,0.0112669522891676,,,Asia,2.1519825675640996,resistance|above|1810.5944,resistance|above|1810.5944|10299,s_r
10320,10317,above,10317102.0,previous_day_high,1811.061,0.55,3.0,10314,10314,4,0,displacement_confirmed_sweep,0,1,1,0.38793792195671417,0.45147340584573936,1,0,1,1,0.1615114715584521,10.0,-0.06176198672396055,0.06176198672396055,,,London,0.5923454187120925,previous_day_high|above|1811.061,previous_day_high|above|1811.061|10314,prior_period
10372,10372,below,10372201.0,support,1926.5560000000003,0.6,6.0,10367,10366,3,1,tradeable_sweep_candidate,0,1,1,0.7330014122181533,0.7939968192132081,1,0,0,1,1.1262043076548418,8.0,0.09866121140039269,0.09866121140039269,,,Asia,2.80532165207413,support|below|1926.556,support|below|1926.556|10366,s_r
10373,10372,below,10372202.0,session_low,1930.945,0.45,4.0,10368,10368,4,0,displacement_confirmed_sweep,0,1,1,0.6799999999999999,0.5121420764498174,1,0,0,1,1.1262043076548418,8.0,0.09866121140039269,0.09866121140039269,prev_london_low,completed_previous_session_only,Asia,2.4919213738408086,session_low|below|1930.945,session_low|below|1930.945|10368,session
10379,10379,below,10379201.0,support,1948.247,0.6268430001250259,4.0,10376,10375,3,0,standard_liquidity_sweep,0,1,0,0.5575451713213563,0.4536175802053301,0,0,0,1,0.3781458785524879,9.0,0.48022667905432365,0.48022667905432365,,,London,0.552739752953316,support|below|1948.247,support|below|1948.247|10375,s_r
10383,10380,above,10380102.0,session_high,1961.66,0.55,4.0,10376,10376,4,0,standard_liquidity_sweep,0,1,0,0.5775,0.32816695123631034,0,0,0,1,1.0723869111477142,8.0,-0.045014198516946706,0.045014198516946706,prev_london_high,completed_previous_session_only,Overlap,0.6491219343106466,session_high|above|1961.66,session_high|above|1961.66|10376,session
10386,10385,below,10385203.0,session_low,1950.892,0.45,3.0,10382,10382,4,0,standard_liquidity_sweep,0,1,0,0.5577096916669617,0.12925460193085572,0,0,0,1,0.6520969166696167,9.0,-0.021178418247392392,0.021178418247392392,prev_ny_low,completed_previous_session_only,London,0.898298042903702,session_low|below|1950.892,session_low|below|1950.892|10382,session
10430,10429,above,10429101.0,previous_day_high,2035.878,0.6,3.0,10426,10426,4,0,standard_liquidity_sweep,0,1,0,0.6066176816499157,0.4185046188048197,0,0,0,1,0.8495101498324892,9.0,-0.019653999828789764,0.019653999828789764,,,London,0.45244854494723824,previous_day_high|above|2035.878,previous_day_high|above|2035.878|10426,prior_period
10443,10443,above,10443102.0,resistance,1948.288,0.628270748481798,3.0,10441,10440,3,0,standard_liquidity_sweep,0,1,0,0.6893881789104572,0.7299698160572422,0,0,0,1,0.49746789614168624,10.0,0.44211737894367426,0.44211737894367426,,,NY,0.7299698160572422,resistance|above|1948.288,resistance|above|1948.288|10440,s_r
10457,10457,below,10457202.0,session_low,1938.268,0.45,4.0,10453,10453,3,0,displacement_confirmed_sweep,0,1,1,0.5377903394917186,0.497659089584212,0,0,1,1,0.46947584872929676,9.0,-0.07918483488956937,0.07918483488956937,prev_asia_low,completed_previous_session_only,Dead,0.497659089584212,session_low|below|1938.268,session_low|below|1938.268|10453,session
10469,10467,above,10467102.0,previous_day_high,1995.68,0.5,3.0,10464,10464,4,0,micro_interaction_sweep,1,0,0,0.5474235682518395,0.159466580884949,0,0,1,1,0.6953231950534926,10.0,0.28929505195655597,0.28929505195655597,,,Overlap,0.159466580884949,previous_day_high|above|1995.68,previous_day_high|above|1995.68|10464,prior_period
10484,10484,below,10484203.0,previous_day_low,1923.707,0.5,2.0,10482,10482,3,0,standard_liquidity_sweep,0,1,0,0.6330655516959789,0.5536863981096795,0,0,0,1,0.6143431025862246,10.0,0.8091300540381207,0.8091300540381207,,,London,1.2848243588584165,previous_day_low|below|1923.707,previous_day_low|below|1923.707|10482,prior_period
10491,10490,above,10490104.0,previous_day_high,1940.578,0.55,2.0,10488,10488,4,1,tradeable_sweep_candidate,0,1,0,0.6045059294512671,0.3547036804059746,0,0,0,1,0.5965878182612493,8.0,0.22470179486913755,0.22470179486913755,,,Asia,0.3547036804059746,previous_day_high|above|1940.578,previous_day_high|above|1940.578|10488,prior_period
10492,10491,above,10491102.0,swing_high,1955.682,0.4,8.0,10481,10483,4,0,displacement_confirmed_sweep,0,1,1,0.44592257209541103,0.340924276850241,0,0,1,1,0.3210564302385275,7.0,1.2602401579982403,1.2602401579982403,,,London,1.2508971211640536,swing_high|above|1955.682,swing_high|above|1955.682|10483,swing
10494,10492,below,10492201.0,previous_day_low,1928.977,0.55,4.0,10488,10488,4,0,micro_interaction_sweep,1,0,0,0.4253182925231281,0.07974022640413803,0,0,0,1,0.2049623979744869,9.0,-0.07247415522355116,0.07247415522355116,,,Overlap,1.2435488894020235,previous_day_low|below|1928.977,previous_day_low|below|1928.977|10488,prior_period
10498,10497,below,10497202.0,previous_day_low,1923.626,0.6,3.0,10493,10494,4,0,standard_liquidity_sweep,0,1,0,0.5821170951785277,0.03152240974509562,0,0,0,1,0.5594026166387854,10.0,-0.22184855907726653,0.22184855907726653,,,London,0.6744118504021996,previous_day_low|below|1923.626,previous_day_low|below|1923.626|10494,prior_period
10503,10503,below,10503201.0,previous_day_low,1914.018,0.65,5.0,10498,10498,3,0,standard_liquidity_sweep,0,1,0,0.7157377835077211,0.31060480851736827,0,0,0,1,0.7700411815299643,9.0,1.5074328666723908,1.5074328666723908,,,London,1.0458082516318397,previous_day_low|below|1914.018,previous_day_low|below|1914.018|10498,prior_period
10504,10503,below,10503202.0,support,1912.4212714314765,0.6000000000000001,19.0,10489,10484,4,0,standard_liquidity_sweep,0,1,0,0.5809219222675116,0.4247215989638622,0,0,0,1,0.7700411815299643,9.0,1.5074328666723908,1.5074328666723908,,,London,2.225840882084357,support|below|1912.4213,support|below|1912.4213|10484,s_r
10509,10509,above,10509102.0,equal_high,1954.6614883198313,0.7,3.0,1882,10506,3,1,tradeable_sweep_candidate,0,1,0,0.7708333333333333,1.012830104075785,0,0,0,1,1.0843368044637836,7.0,1.3085242267245345,1.3085242267245345,,,London,1.012830104075785,equal_high|above|1954.6615,equal_high|above|1954.6615|10506,eqh_eql
10521,10521,below,10521201.0,support,1963.9555454545455,0.6,4.0,10519,10517,3,0,displacement_confirmed_sweep,0,1,1,0.5931703019150563,0.07444508471536995,1,0,0,1,0.5150363524838949,8.0,0.15018143373920004,0.15018143373920004,,,Asia,0.5582813695113895,support|below|1963.9555,support|below|1963.9555|10517,s_r
10523,10522,below,10522201.0,previous_day_low,1964.671,0.55,3.0,10519,10519,4,0,micro_interaction_sweep,1,0,0,0.49640134478633074,0.10144012962243144,1,0,0,1,0.3309084792395452,8.0,-0.12823472568753633,0.12823472568753633,,,London,0.39377052174565197,previous_day_low|below|1964.671,previous_day_low|below|1964.671|10519,prior_period
10540,10538,below,10538203.0,session_low,1936.213,0.45,3.0,10535,10535,4,1,tradeable_sweep_candidate,0,1,0,0.5951494238473716,0.7282278424084319,0,0,0,1,0.3299631796714205,10.0,-0.17655136848233652,0.17655136848233652,prev_london_low,completed_previous_session_only,Asia,0.7282278424084319,session_low|below|1936.213,session_low|below|1936.213|10535,session
10547,10546,below,10546203.0,session_low,1928.833,0.45,3.0,10543,10543,4,0,standard_liquidity_sweep,0,1,0,0.5982167202148607,0.6826460665913475,0,0,0,1,0.25511755202444863,9.0,-0.17529464895061753,0.17529464895061753,prev_ny_low,completed_previous_session_only,London,0.6826460665913475,session_low|below|1928.833,session_low|below|1928.833|10543,session
10555,10552,below,10552201.0,previous_day_low,1929.324,0.55,2.0,10550,10550,4,0,micro_interaction_sweep,1,0,0,0.519220312799447,0.07547270974380198,0,0,0,1,0.5005364613278033,8.0,-0.180553793826943,0.180553793826943,,,Asia,0.5972445563760015,previous_day_low|below|1929.324,previous_day_low|below|1929.324|10550,prior_period
10559,10558,below,10558201.0,previous_week_low,1916.177,0.6000000000000001,10.0,10546,10548,4,1,tradeable_sweep_candidate,0,1,0,0.6545747266951732,1.3040699897084194,0,0,0,1,0.4260201500712663,9.0,-0.01619421722137701,0.01619421722137701,,,Asia,1.537150491577743,previous_week_low|below|1916.177,previous_week_low|below|1916.177|10548,prior_period
10560,10558,below,10558204.0,session_low,1924.11,0.45,4.0,10554,10554,4,1,tradeable_sweep_candidate,0,1,1,0.6068854357411947,0.626851658446516,1,0,0,1,0.4260201500712663,9.0,-0.01619421722137701,0.01619421722137701,prev_london_low,completed_previous_session_only,Asia,0.626851658446516,session_low|below|1924.11,session_low|below|1924.11|10554,session
10572,10571,above,10571101.0,previous_day_high,1950.573,0.6,3.0,10568,10568,4,1,tradeable_sweep_candidate,0,1,0,0.672381950220993,0.05152669949965901,0,0,0,1,1.2307459416198754,9.0,-0.35054295889068887,0.35054295889068887,,,London,0.5599310508491,previous_day_high|above|1950.573,previous_day_high|above|1950.573|10568,prior_period
10580,10578,below,10578201.0,session_low,1941.145,0.5,4.0,10574,10574,4,0,standard_liquidity_sweep,0,1,0,0.4584721078503375,0.6496226916206128,0,0,0,1,0.329513602959177,9.0,-0.023912938453779006,0.023912938453779006,prev_london_low,completed_previous_session_only,Overlap,0.6496226916206128,session_low|below|1941.145,session_low|below|1941.145|10574,session
10582,10581,above,10581102.0,session_high,1946.972,0.45,4.0,10577,10577,4,0,standard_liquidity_sweep,0,1,0,0.4648789282081162,0.5158536128649481,0,0,0,1,0.3163639871869573,9.0,0.0753770045701963,0.0753770045701963,prev_asia_high,completed_previous_session_only,Dead,0.679809257002375,session_high|above|1946.972,session_high|above|1946.972|10577,session
10590,10589,above,10589102.0,previous_week_high,1966.23,0.65,16.0,10571,10573,4,1,tradeable_sweep_candidate,0,1,1,0.6421981662179913,0.31495023860257343,1,0,0,1,0.45269348922895236,7.0,0.04677350706698838,0.04677350706698838,,,Asia,2.372345348967719,previous_week_high|above|1966.23,previous_week_high|above|1966.23|10573,prior_period
10591,10590,below,10590201.0,session_low,1955.952,0.45,3.0,10587,10587,4,1,tradeable_sweep_candidate,0,1,0,0.5591218561269274,1.4129964301157876,0,0,0,1,0.6995782829955063,7.0,-0.28684303175214304,0.28684303175214304,prev_ny_low,completed_previous_session_only,London,1.4129964301157876,session_low|below|1955.952,session_low|below|1955.952|10587,session
10602,10601,below,10601201.0,previous_day_low,1942.293,0.5,1.0,10600,10600,4,1,tradeable_sweep_candidate,0,1,0,0.6384846355394245,0.21113925665589223,0,0,0,1,0.5094592889620229,9.0,-0.0817980010200697,0.0817980010200697,,,Asia,0.21113925665589223,previous_day_low|below|1942.293,previous_day_low|below|1942.293|10600,prior_period
10603,10602,below,10602201.0,equal_low,1936.345706159054,0.5537373631611604,26.0,1902,10576,4,0,standard_liquidity_sweep,0,1,0,0.43912561040604203,0.4469810725325617,0,0,0,1,0.20797817403937974,8.0,0.662752296534271,0.662752296534271,,,London,3.311935576394342,equal_low|below|1936.3457,equal_low|below|1936.3457|10576,eqh_eql
10610,10609,above,10609101.0,resistance,1955.4797071951675,0.7,4.0,6536,10605,4,0,micro_interaction_sweep,1,0,0,0.49758799128971526,0.12370284880242782,1,0,0,1,0.26271997822428805,9.0,0.40062179202957865,0.40062179202957865,,,Overlap,0.38739343631505485,resistance|above|1955.4797,resistance|above|1955.4797|10605,s_r
10626,10625,below,10625201.0,swing_low,1881.815,0.4,8.0,10615,10617,4,1,tradeable_sweep_candidate,0,1,1,0.5710390818576466,1.364221718514508,1,0,0,1,1.4200465049762265,9.0,-0.04613075257307643,0.04613075257307643,,,Asia,2.286143752014862,swing_low|below|1881.815,swing_low|below|1881.815|10617,swing
10632,10631,below,10631201.0,previous_day_low,1853.326,0.55,1.0,10630,10630,4,0,standard_liquidity_sweep,0,1,0,0.489623022322057,0.43550805789104224,0,0,0,1,0.3092489581570625,8.0,-0.03310497985493099,0.03310497985493099,,,Asia,0.43550805789104224,previous_day_low|below|1853.326,previous_day_low|below|1853.326|10630,prior_period
10638,10635,above,10635101.0,session_high,1863.653,0.5,5.0,10630,10630,4,0,micro_interaction_sweep,1,0,0,0.49846583462396155,0.08213896484398474,0,0,0,1,0.46908125322657057,8.0,-0.24669638071612668,0.24669638071612668,prev_london_high,completed_previous_session_only,NY,0.7279731240864326,session_high|above|1863.653,session_high|above|1863.653|10630,session
10640,10640,below,10640201.0,session_low,1861.467,0.45,4.0,10636,10636,3,0,micro_interaction_sweep,1,0,0,0.47865501983328346,0.06367118719020207,0,0,0,1,0.32163754958320867,9.0,0.22413411311231057,0.22413411311231057,prev_ny_low,completed_previous_session_only,Overlap,0.8855737508517525,session_low|below|1861.467,session_low|below|1861.467|10636,session
10645,10645,below,10645203.0,session_low,1852.201,0.5,5.0,10639,10640,3,0,displacement_confirmed_sweep,0,1,1,0.49673111281533433,0.6090123684418309,0,0,1,1,0.3239157340465485,10.0,0.00980564038452934,0.00980564038452934,prev_london_low,completed_previous_session_only,Asia,0.9896589532842064,session_low|below|1852.201,session_low|below|1852.201|10640,session
10652,10652,above,10652101.0,previous_day_high,1887.018,0.6,2.0,10649,10650,3,0,micro_interaction_sweep,1,0,0,0.5969658486643595,0.09090075685784169,0,0,0,1,0.41380423219936807,8.0,0.026963194574964534,0.026963194574964534,,,London,0.2669565745378914,previous_day_high|above|1887.018,previous_day_high|above|1887.018|10650,prior_period
10658,10658,above,10658101.0,resistance,1892.65,0.55,5.0,10653,10653,3,0,standard_liquidity_sweep,0,1,0,0.6827231959414757,0.7127768755664655,0,0,0,1,0.5355652927480903,8.0,0.06707914472395098,0.06707914472395098,,,London,0.7127768755664655,resistance|above|1892.65,resistance|above|1892.65|10653,s_r
10667,10664,above,10664102.0,session_high,1900.066,0.5,5.0,10659,10659,4,0,displacement_confirmed_sweep,0,1,1,0.5348410997679645,0.3644952642788572,1,0,0,1,0.6351526974372205,9.0,-0.17276227160905455,0.17276227160905455,prev_asia_high,completed_previous_session_only,London,1.024267543673141,session_high|above|1900.066,session_high|above|1900.066|10659,session
10669,10668,above,10668103.0,session_high,1908.993,0.45,3.0,10665,10665,4,1,tradeable_sweep_candidate,0,1,0,0.6202531001439745,1.4824832515243571,0,0,0,1,0.4296137760191028,8.0,-0.06461806892524284,0.06461806892524284,prev_london_high,completed_previous_session_only,Asia,1.4824832515243571,session_high|above|1908.993,session_high|above|1908.993|10665,session
10676,10675,below,10675202.0,previous_day_low,1897.304,0.55,4.0,10671,10671,4,0,displacement_confirmed_sweep,0,1,1,0.5752571521689367,0.17549887606532913,1,0,0,1,0.5359048550227,8.0,0.31753178877232163,0.31753178877232163,,,Asia,0.48368001551487727,previous_day_low|below|1897.304,previous_day_low|below|1897.304|10671,prior_period
10680,10677,above,10677102.0,session_high,1911.737,0.45,6.0,10671,10671,4,0,displacement_confirmed_sweep,0,1,1,0.4973552928797224,1.0584010776382038,1,0,0,1,1.2380861728121817,9.0,0.01750520255705588,0.01750520255705588,prev_london_high,completed_previous_session_only,London,1.7506225264074557,session_high|above|1911.737,session_high|above|1911.737|10671,session
10683,10683,above,10683101.0,resistance,1914.2855,0.6268430001250259,4.0,10680,10679,3,0,displacement_confirmed_sweep,0,1,1,0.6408678877675985,0.12095144007776652,1,0,0,1,0.5609608304518631,9.0,0.3217591374396364,0.3217591374396364,,,London,0.4347280541308783,resistance|above|1914.2855,resistance|above|1914.2855|10679,s_r
10684,10683,above,10683103.0,previous_day_high,1918.432,0.6,5.0,10677,10678,4,0,displacement_confirmed_sweep,0,1,1,0.48309882787995956,0.5397615831111443,1,0,0,1,0.5609608304518631,9.0,0.3217591374396364,0.3217591374396364,,,London,0.8327847785327233,previous_day_high|above|1918.432,previous_day_high|above|1918.432|10678,prior_period
10687,10685,below,10685202.0,previous_day_low,1886.214,0.55,7.0,10676,10678,4,0,standard_liquidity_sweep,0,1,0,0.5891666666666667,1.010591932845097,0,0,0,1,1.0250212289271625,8.0,0.04321599223196857,0.04321599223196857,,,NY,2.7143624222546348,previous_day_low|below|1886.214,previous_day_low|below|1886.214|10678,prior_period
10696,10695,above,10695102.0,previous_day_high,1897.859,0.5,2.0,10693,10693,4,0,standard_liquidity_sweep,0,1,0,0.43727677330271636,0.45042090425583076,0,0,0,1,0.23694193325679094,9.0,1.0609640236170679,1.0609640236170679,,,London,0.45042090425583076,previous_day_high|above|1897.859,previous_day_high|above|1897.859|10693,prior_period
10708,10707,below,10707201.0,previous_day_low,1921.169,0.5,1.0,10706,10706,4,0,standard_liquidity_sweep,0,1,0,0.4860230564384853,0.4817258979435681,0,0,0,1,0.2352344877195052,8.0,-0.12973907278707286,0.12973907278707286,,,Asia,0.4817258979435681,previous_day_low|below|1921.169,previous_day_low|below|1921.169|10706,prior_period
10713,10711,below,10711203.0,session_low,1918.85,0.45,3.0,10708,10708,4,1,tradeable_sweep_candidate,0,1,1,0.5528831897029537,0.5579160946869586,1,0,0,1,0.8125600655843398,8.0,0.08629141349610192,0.08629141349610192,prev_asia_low,completed_previous_session_only,Dead,0.5579160946869586,session_low|below|1918.85,session_low|below|1918.85|10708,session
10718,10717,below,10717201.0,equal_low,1886.2475374757337,0.6000000000000001,2.0,1919,10715,4,0,standard_liquidity_sweep,0,1,0,0.47239275014588006,0.42742054220076564,0,0,0,1,0.2518152086980334,7.0,0.7242191419396793,0.7242191419396793,,,Dead,0.7237376805026884,equal_low|below|1886.2475,equal_low|below|1886.2475|10715,eqh_eql
10726,10725,below,10725201.0,session_low,1897.943,0.45,4.0,10721,10721,4,1,tradeable_sweep_candidate,0,1,0,0.6255947452966129,-0.0015798590502100961,0,0,0,1,0.7110488898316629,10.0,-0.1125849026584901,0.1125849026584901,prev_london_low,completed_previous_session_only,Asia,0.3842340347518822,session_low|below|1897.943,session_low|below|1897.943|10721,session
10732,10731,above,10731101.0,previous_day_high,1910.281,0.5,1.0,10730,10730,4,0,standard_liquidity_sweep,0,1,0,0.44170364378325266,0.4411950944987483,0,0,0,1,0.19961109467827487,10.0,0.3271597056487392,0.3271597056487392,,,Asia,0.4411950944987483,previous_day_high|above|1910.281,previous_day_high|above|1910.281|10730,prior_period
10740,10739,above,10739101.0,resistance,1913.775088984527,0.6122485064740212,6.0,4082,10733,4,0,micro_interaction_sweep,1,0,0,0.5029257452904048,0.021935725108393745,0,0,0,1,0.32049238001308183,8.0,0.5567403573780662,0.5567403573780662,,,London,1.5022698448661305,resistance|above|1913.7751,resistance|above|1913.7751|10733,s_r
10742,10742,below,10742202.0,session_low,1899.495,0.45,3.0,10739,10739,3,0,standard_liquidity_sweep,0,1,0,0.5576629788257653,0.42519599206059105,0,0,0,1,0.5766297882576529,9.0,0.04496503019970367,0.04496503019970367,prev_asia_low,completed_previous_session_only,Dead,0.939058088853178,session_low|below|1899.495,session_low|below|1899.495|10739,session
10746,10745,below,10745202.0,session_low,1900.51,0.45,3.0,10742,10742,4,0,standard_liquidity_sweep,0,1,0,0.4883481495430722,0.564195643290942,0,0,0,1,0.3282766817645523,9.0,0.6466877168842519,0.6466877168842519,prev_ny_low,completed_previous_session_only,London,0.564195643290942,session_low|below|1900.51,session_low|below|1900.51|10742,session
10750,10750,above,10750102.0,previous_day_high,1920.358,0.5,1.0,10749,10749,3,0,standard_liquidity_sweep,0,1,0,0.47823565092387266,0.3139722014229347,0,0,0,1,0.2681032427907271,10.0,0.10161971285773697,0.10161971285773697,,,Asia,0.3139722014229347,previous_day_high|above|1920.358,previous_day_high|above|1920.358|10749,prior_period
10754,10754,below,10754201.0,support,1914.5615,0.6144950001250258,4.0,10751,10750,3,1,tradeable_sweep_candidate,0,1,0,0.5785703747110541,1.0531810744371244,0,0,0,1,0.4063902380611468,8.0,0.018139986171782602,0.018139986171782602,,,Dead,1.3789205414427956,support|below|1914.5615,support|below|1914.5615|10750,s_r
10767,10766,below,10766201.0,equal_low,1893.8905,0.65,7.0,1932,10759,4,0,standard_liquidity_sweep,0,1,0,0.4900855783188074,0.8002420092847395,0,0,0,1,0.2752139457970184,10.0,-0.05074525051982285,0.05074525051982285,,,NY,1.9064663403611413,equal_low|below|1893.8905,equal_low|below|1893.8905|10759,eqh_eql
10771,10769,above,10769101.0,previous_day_high,1903.551,0.55,2.0,10767,10767,4,0,standard_liquidity_sweep,0,1,0,0.42274261733929125,0.6396482162596865,0,0,0,1,0.17733274787257217,6.0,-0.11822183191503971,0.11822183191503971,,,Asia,0.6396482162596865,previous_day_high|above|1903.551,previous_day_high|above|1903.551|10767,prior_period
10788,10788,below,10788204.0,support,1869.711974215602,0.65,6.0,2270,10782,3,0,standard_liquidity_sweep,0,1,0,0.7349552870078573,0.9360842737484192,0,0,0,1,0.8912195367452398,10.0,0.11355616069599109,0.11355616069599109,,,London,1.4789990502003516,support|below|1869.712,support|below|1869.712|10782,s_r
10791,10789,below,10789201.0,previous_day_low,1869.05,0.55,4.0,10783,10785,4,0,standard_liquidity_sweep,0,1,0,0.490118735771757,0.4858903496447776,0,0,0,1,0.37738017276272584,8.0,-0.009744309821533332,0.009744309821533332,,,Overlap,1.5540801315049477,previous_day_low|below|1869.05,previous_day_low|below|1869.05|10785,prior_period
10795,10794,above,10794102.0,resistance,1884.9100000000003,0.55,7.0,10792,10787,4,0,standard_liquidity_sweep,0,1,0,0.5156298572147576,0.9095165655253319,0,0,0,1,0.37553379153084154,9.0,-0.1461920249887715,0.1461920249887715,,,London,1.9689159079131258,resistance|above|1884.91,resistance|above|1884.91|10787,s_r
10796,10794,above,10794101.0,session_high,1877.98,0.5,5.0,10789,10789,4,0,standard_liquidity_sweep,0,1,0,0.5683333333333334,0.1872809978513791,0,0,0,1,0.37553379153084154,9.0,-0.1461920249887715,0.1461920249887715,prev_asia_high,completed_previous_session_only,London,1.228046752141922,session_high|above|1877.98,session_high|above|1877.98|10789,session
10810,10807,above,10807102.0,previous_day_high,1898.374,0.55,2.0,10804,10805,4,0,standard_liquidity_sweep,0,1,0,0.6649999999999999,0.16505024729843254,0,0,0,1,1.0959976206569542,9.0,0.03152306620481377,0.03152306620481377,,,London,0.6247029865509716,previous_day_high|above|1898.374,previous_day_high|above|1898.374|10805,prior_period
10811,10810,below,10810204.0,support,1879.6170000000002,0.55,10.0,10805,10800,4,0,standard_liquidity_sweep,0,1,0,0.5398179168579809,3.4048722630814674,0,0,0,1,0.34003916350534685,9.0,-0.30351996255347985,0.30351996255347985,,,Dead,3.4048722630814674,support|below|1879.617,support|below|1879.617|10800,s_r
10813,10812,below,10812202.0,session_low,1896.844,0.45,4.0,10808,10808,4,0,displacement_confirmed_sweep,0,1,1,0.6518368749751504,0.23208257076764036,0,1,0,1,1.2716970965427787,10.0,0.2614614802764532,0.2614614802764532,prev_london_low,completed_previous_session_only,Asia,1.4393951168125176,session_low|below|1896.844,session_low|below|1896.844|10808,session
10825,10825,above,10825101.0,resistance,1952.4255716721093,0.7,4.0,2277,10821,3,0,micro_interaction_sweep,1,0,0,0.6605606086595595,0.10035550825768326,0,0,0,1,0.457650063781427,6.0,0.8355793213996195,0.8355793213996195,,,London,0.9367674628867193,resistance|above|1952.4256,resistance|above|1952.4256|10821,s_r
10829,10829,above,10829101.0,resistance,1960.1431534166088,0.75,4.0,10825,10825,3,0,displacement_confirmed_sweep,0,1,1,0.5387650216205642,0.2517144204019881,1,0,1,1,0.25316255405141025,6.0,0.2805591397512387,0.2805591397512387,,,Asia,1.4396927148919434,resistance|above|1960.1432,resistance|above|1960.1432|10825,s_r
10834,10831,below,10831202.0,previous_week_low,1876.406,0.6000000000000001,19.0,10810,10812,4,0,standard_liquidity_sweep,0,1,0,0.5887168330411116,7.038933077328264,0,0,0,1,0.945501663744448,7.0,0.19147355752355588,0.19147355752355588,,,London,7.038933077328264,previous_week_low|below|1876.406,previous_week_low|below|1876.406|10812,prior_period
10846,10843,below,10843202.0,previous_day_low,1867.156,0.55,5.0,10838,10838,4,0,standard_liquidity_sweep,0,1,0,0.5394311374363889,0.5759599514647014,0,0,0,1,0.7026447076972226,10.0,0.13751467260244374,0.13751467260244374,,,London,1.023506672659585,previous_day_low|below|1867.156,previous_day_low|below|1867.156|10838,prior_period
10851,10850,below,10850201.0,previous_week_low,1876.406,0.55,21.0,10829,10829,4,0,micro_interaction_sweep,1,0,0,0.4265995136464629,0.23531147823500878,0,0,0,1,0.1789987841161573,9.0,0.11001456329098412,0.11001456329098412,,,Overlap,7.038933077328264,previous_week_low|below|1876.406,previous_week_low|below|1876.406|10829,prior_period
10861,10861,below,10861201.0,support,1886.804913043478,0.6,3.0,10367,10858,3,0,standard_liquidity_sweep,0,1,0,0.7374999999999999,0.43180178144965664,0,0,0,1,1.929037658629544,9.0,0.07244558685438138,0.07244558685438138,,,London,0.762392063112137,support|below|1886.8049,support|below|1886.8049|10858,s_r
10877,10877,below,10877201.0,equal_low,1862.509,0.65,3.0,1953,10874,3,0,standard_liquidity_sweep,0,1,0,0.5836685790433401,0.8501625693625767,0,0,0,1,0.4591714476083504,9.0,0.09892436406313532,0.09892436406313532,,,Asia,0.9983542914575846,equal_low|below|1862.509,equal_low|below|1862.509|10874,eqh_eql
10880,10878,below,10878201.0,previous_day_low,1862.814,0.6,4.0,10873,10874,4,1,tradeable_sweep_candidate,0,1,0,0.5847841556752655,0.06872223089070102,0,0,0,1,0.7773165006953024,7.0,-0.3894972586341298,0.3894972586341298,,,Asia,0.9693848252893201,previous_day_low|below|1862.814,previous_day_low|below|1862.814|10874,prior_period
10887,10885,above,10885101.0,previous_day_high,1870.834,0.5,2.0,10883,10883,4,0,displacement_confirmed_sweep,0,1,1,0.5581689621905379,0.5777131441204706,1,1,0,1,0.856689621905379,9.0,-0.47359033469643835,0.47359033469643835,,,London,0.5777131441204706,previous_day_high|above|1870.834,previous_day_high|above|1870.834|10883,prior_period
10912,10912,below,10912201.0,previous_day_low,1805.598,0.55,2.0,10910,10910,3,0,displacement_confirmed_sweep,0,1,1,0.5864141436895045,0.3733786790431567,1,0,0,1,0.5308081035617115,7.0,0.3669978876257586,0.3669978876257586,,,Asia,0.515949485413393,previous_day_low|below|1805.598,previous_day_low|below|1805.598|10910,prior_period
10919,10916,below,10916201.0,previous_day_low,1774.201,0.6,1.0,10914,10915,4,1,tradeable_sweep_candidate,0,1,0,0.6363133937829663,1.1940070108942729,0,0,0,1,0.8887614045075649,6.0,-0.6566345634633566,0.6566345634633566,,,Dead,1.1940070108942729,previous_day_low|below|1774.201,previous_day_low|below|1774.201|10915,prior_period
10937,10935,above,10935101.0,previous_day_high,1832.315,0.65,4.0,10930,10931,4,0,standard_liquidity_sweep,0,1,0,0.6093215052808538,0.28374181721353986,0,0,0,1,0.4648018295239321,9.0,-0.06934657867718644,0.06934657867718644,,,Asia,1.1924836440296602,previous_day_high|above|1832.315,previous_day_high|above|1832.315|10931,prior_period
10943,10943,below,10943201.0,support,1837.5675,0.6258277201250259,4.0,10940,10939,3,0,micro_interaction_sweep,1,0,0,0.6551192044472592,0.20550053516827657,0,0,0,1,0.2133824558456981,6.0,0.5125959044179517,0.5125959044179517,,,London,0.6541903406520388,support|below|1837.5675,support|below|1837.5675|10939,s_r
10944,10943,above,10943101.0,resistance,1844.4918333333333,0.7102442366028336,5.0,6602,10938,4,0,displacement_confirmed_sweep,0,1,1,0.5027773014860701,0.49806149483599216,1,0,0,1,0.2133824558456981,6.0,0.1628984161627745,0.1628984161627745,,,London,0.6306989643118438,resistance|above|1844.4918,resistance|above|1844.4918|10938,s_r
10945,10944,below,10944201.0,session_low,1837.704,0.5,4.0,10940,10940,4,0,displacement_confirmed_sweep,0,1,1,0.5815178361095629,0.4992798246857274,1,1,0,1,0.8068450277622939,8.0,-0.21420244144147008,0.21420244144147008,prev_asia_low,completed_previous_session_only,Overlap,0.6410012140736617,session_low|below|1837.704,session_low|below|1837.704|10940,session
10949,10948,below,10948201.0,previous_day_low,1832.833,0.55,4.0,10944,10944,4,0,displacement_confirmed_sweep,0,1,1,0.6363612146521075,0.6770756582577739,1,1,0,1,1.0684896641223403,7.0,-0.11843103859482661,0.11843103859482661,,,Asia,0.6770756582577739,previous_day_low|below|1832.833,previous_day_low|below|1832.833|10944,prior_period
10958,10955,above,10955101.0,previous_day_high,1869.136,0.5,2.0,10953,10953,4,0,displacement_confirmed_sweep,0,1,1,0.5140196197401227,0.5265618365254852,0,0,1,1,0.5318628640678934,10.0,-0.06707941406240228,0.06707941406240228,,,London,0.5265618365254852,previous_day_high|above|1869.136,previous_day_high|above|1869.136|10953,prior_period
10968,10967,above,10967103.0,session_high,1840.261,0.45,3.0,10964,10964,4,1,tradeable_sweep_candidate,0,1,0,0.5937056106731416,0.3655108319435105,0,0,0,1,0.1515849913706687,9.0,0.03415886602997265,0.03415886602997265,prev_ny_high,completed_previous_session_only,London,0.44372603518465836,session_high|above|1840.261,session_high|above|1840.261|10964,session
10973,10973,below,10973201.0,session_low,1831.389,0.5,3.0,10970,10970,3,0,standard_liquidity_sweep,0,1,0,0.6391111664961768,0.05433150419640495,0,0,0,1,0.3319099654026829,9.0,0.8418043636706566,0.8418043636706566,prev_asia_low,completed_previous_session_only,London,0.5810296019141751,session_low|below|1831.389,session_low|below|1831.389|10970,session
10974,10973,below,10973202.0,support,1828.516,0.55,7.0,10971,10966,4,0,standard_liquidity_sweep,0,1,0,0.48359731949440654,0.31233879602492887,0,0,0,1,0.3319099654026829,9.0,0.8418043636706566,0.8418043636706566,,,London,1.5295134601187015,support|below|1828.516,support|below|1828.516|10966,s_r
10975,10973,above,10973102.0,session_high,1836.84,0.45,3.0,10970,10970,4,0,standard_liquidity_sweep,0,1,0,0.5023146554402081,0.4351908584062325,0,0,0,1,0.3319099654026829,9.0,-0.15022443725667917,0.15022443725667917,prev_ny_high,completed_previous_session_only,London,0.4351908584062325,session_high|above|1836.84,session_high|above|1836.84|10970,session
10978,10978,below,10978201.0,equal_low,1823.5725,0.55,4.0,1962,10974,3,0,standard_liquidity_sweep,0,1,0,0.5959597250268679,0.9761407311344183,0,0,0,1,0.214784063041461,9.0,0.06529641603564819,0.06529641603564819,,,Asia,1.4805933287690525,equal_low|below|1823.5725,equal_low|below|1823.5725|10974,eqh_eql
10979,10978,below,10978202.0,support,1823.0912904564966,0.65,39.0,2298,10939,4,0,standard_liquidity_sweep,0,1,0,0.5129583088639946,1.0233757088230149,0,0,0,1,0.214784063041461,9.0,0.06529641603564819,0.06529641603564819,,,Asia,4.294614748044176,support|below|1823.0913,support|below|1823.0913|10939,s_r
10991,10990,above,10990102.0,previous_day_high,1858.144,0.5,1.0,10989,10989,4,1,tradeable_sweep_candidate,0,1,0,0.6474369999020787,0.11214961324525054,0,0,0,1,0.7453842484130886,9.0,0.2575706683182032,0.2575706683182032,,,Asia,0.11214961324525054,previous_day_high|above|1858.144,previous_day_high|above|1858.144|10989,prior_period
10994,10993,above,10993101.0,previous_week_high,1875.154,0.55,16.0,10977,10977,4,0,standard_liquidity_sweep,0,1,0,0.6091666666666667,1.9968303459716719,0,0,0,1,1.6188668764294227,8.0,-0.77917062751076,0.77917062751076,,,NY,4.770435218914412,previous_week_high|above|1875.154,previous_week_high|above|1875.154|10977,prior_period
11008,11006,above,11006103.0,session_high,1886.648,0.45,3.0,11003,11003,4,1,tradeable_sweep_candidate,0,1,0,0.6766666666666667,0.5086077634688612,0,0,0,1,0.8395897718456737,9.0,-0.0762875985585637,0.0762875985585637,prev_asia_high,completed_previous_session_only,Dead,0.5086077634688612,session_high|above|1886.648,session_high|above|1886.648|11003,session
11009,11008,below,11008203.0,previous_day_low,1879.684,0.5,1.0,11007,11007,4,0,standard_liquidity_sweep,0,1,0,0.688099528792375,1.6596360946377733,0,0,0,1,1.6202396069659628,5.0,0.479769647853798,0.479769647853798,,,Asia,1.6596360946377733,previous_day_low|below|1879.684,previous_day_low|below|1879.684|11007,prior_period
11028,11028,above,11028102.0,previous_day_high,1879.641,0.6,3.0,11024,11025,3,0,standard_liquidity_sweep,0,1,0,0.48994812583203834,0.2751469617321299,0,0,0,1,0.2561203145800958,9.0,0.04067847910323322,0.04067847910323322,,,Overlap,0.6574526227053459,previous_day_high|above|1879.641,previous_day_high|above|1879.641|11025,prior_period
11032,11031,below,11031201.0,previous_day_low,1880.582,0.5,1.0,11030,11030,4,0,standard_liquidity_sweep,0,1,0,0.5336569339893219,0.5249288766330429,0,0,0,1,0.317676434935027,7.0,-0.11727109239381836,0.11727109239381836,,,Asia,0.5249288766330429,previous_day_low|below|1880.582,previous_day_low|below|1880.582|11030,prior_period
11050,11050,above,11050101.0,session_high,1894.324,0.45,3.0,11047,11047,3,0,displacement_confirmed_sweep,0,1,1,0.5542729726830109,0.14412595059349842,1,0,0,1,0.5427297268301086,9.0,0.15019924653293917,0.15019924653293917,prev_ny_high,completed_previous_session_only,London,0.7254842027424604,session_high|above|1894.324,session_high|above|1894.324|11047,session
11062,11061,above,11061101.0,previous_day_high,1945.519,0.5,1.0,11060,11060,4,0,standard_liquidity_sweep,0,1,0,0.5172008949187424,0.49204926966316953,0,0,0,1,0.37270734994804267,7.0,-0.1278438869130926,0.1278438869130926,,,Asia,0.49204926966316953,previous_day_high|above|1945.519,previous_day_high|above|1945.519|11060,prior_period
11068,11067,above,11067103.0,session_high,1948.13,0.45,5.0,11062,11062,4,1,tradeable_sweep_candidate,0,1,0,0.6925,0.3082074545429797,0,0,0,1,0.38535152099431536,8.0,-0.13362004887483822,0.13362004887483822,prev_asia_high,completed_previous_session_only,Asia,0.4071343793139266,session_high|above|1948.13,session_high|above|1948.13|11062,session
11071,11070,above,11070101.0,previous_week_high,1921.709,0.55,16.0,11054,11054,4,0,standard_liquidity_sweep,0,1,0,0.4272356171449921,0.77701443345112,0,0,0,1,0.18058904286248023,10.0,0.22235205915443548,0.22235205915443548,,,NY,0.77701443345112,previous_week_high|above|1921.709,previous_week_high|above|1921.709|11054,prior_period
11092,11090,above,11090102.0,session_high,1852.322,0.45,3.0,11087,11087,4,0,standard_liquidity_sweep,0,1,0,0.5359063408369807,0.310916335761056,0,0,0,1,0.3187892828894521,9.0,-0.2722636090477108,0.2722636090477108,prev_london_high,completed_previous_session_only,Asia,0.5209954512081545,session_high|above|1852.322,session_high|above|1852.322|11087,session
11093,11092,below,11092201.0,session_low,1843.262,0.45,3.0,11089,11089,4,0,standard_liquidity_sweep,0,1,0,0.5376248935893193,1.033880743151543,0,0,0,1,0.5345822692265252,9.0,-0.11149264447681609,0.11149264447681609,prev_ny_low,completed_previous_session_only,London,1.033880743151543,session_low|below|1843.262,session_low|below|1843.262|11089,session
11102,11101,below,11101202.0,support,1834.2670000000003,0.6,8.0,2332,11093,4,0,standard_liquidity_sweep,0,1,0,0.5312532605601505,0.7627948228764067,0,0,0,1,0.3989664847337096,9.0,-0.05673761068739704,0.05673761068739704,,,Dead,1.6834419927419892,support|below|1834.267,support|below|1834.267|11093,s_r
11113,11113,below,11113204.0,previous_week_low,1816.386,0.55,29.0,11084,11084,3,1,tradeable_sweep_candidate,0,1,0,0.7094618621741119,0.8263386390508753,0,0,0,1,1.1128765089556727,7.0,0.08530009772652065,0.08530009772652065,,,Dead,2.912951667272421,previous_week_low|below|1816.386,previous_week_low|below|1816.386|11084,prior_period
11114,11111,below,11111202.0,previous_day_low,1833.967,0.5,3.0,11108,11108,4,0,standard_liquidity_sweep,0,1,0,0.5396804435135822,0.4023552665057856,0,0,0,1,0.7884711018024886,8.0,0.07220564931705092,0.07220564931705092,,,Overlap,1.5487374088196542,previous_day_low|below|1833.967,previous_day_low|below|1833.967|11108,prior_period
11121,11120,above,11120101.0,previous_day_high,1843.537,0.5,1.0,11119,11119,4,0,micro_interaction_sweep,1,0,0,0.4387188179808948,0.2361957458396284,0,0,0,1,0.1575789740557241,7.0,-0.09414138385615915,0.09414138385615915,,,Asia,0.2361957458396284,previous_day_high|above|1843.537,previous_day_high|above|1843.537|11119,prior_period
11132,11131,above,11131101.0,previous_day_high,1872.268,0.55,1.0,11130,11130,4,0,micro_interaction_sweep,1,0,0,0.4689220457527901,0.0765481586765271,0,0,0,1,0.23505724903247655,9.0,-0.15600005929138994,0.15600005929138994,,,Asia,0.0765481586765271,previous_day_high|above|1872.268,previous_day_high|above|1872.268|11130,prior_period
11134,11133,below,11133201.0,session_low,1866.001,0.5,3.0,11130,11130,4,1,tradeable_sweep_candidate,0,1,0,0.5751805531308105,0.374821014972418,0,0,0,1,0.7228987936217891,8.0,-0.173273308116891,0.173273308116891,prev_asia_low,completed_previous_session_only,London,0.7321063477882744,session_low|below|1866.001,session_low|below|1866.001|11130,session
11144,11143,below,11143202.0,previous_day_low,1852.721,0.55,1.0,11142,11142,4,0,micro_interaction_sweep,1,0,0,0.4950842663850619,0.1632504217621867,0,0,0,1,0.3397939992959882,9.0,0.19558748535232046,0.19558748535232046,,,Asia,0.1632504217621867,previous_day_low|below|1852.721,previous_day_low|below|1852.721|11142,prior_period
11145,11144,above,11144102.0,previous_day_high,1859.871,0.5,1.0,11143,11143,4,0,standard_liquidity_sweep,0,1,0,0.533049430457618,0.9526588125716932,0,0,0,1,0.34659619586097257,8.0,0.13865850123269874,0.13865850123269874,,,Asia,0.9526588125716932,previous_day_high|above|1859.871,previous_day_high|above|1859.871|11143,prior_period
11146,11146,below,11146201.0,support,1853.2670606060608,0.6,5.0,11142,11141,3,0,micro_interaction_sweep,1,0,0,0.5969086969030215,0.24719004841748646,0,0,0,1,0.4242322346687031,9.0,0.35514411771037124,0.35514411771037124,,,Overlap,0.9394678498351481,support|below|1853.2671,support|below|1853.2671|11141,s_r
11151,11150,below,11150204.0,session_low,1854.84,0.45,4.0,11146,11146,4,1,tradeable_sweep_candidate,0,1,0,0.5836230220951661,0.007417154867548886,0,0,0,1,0.6956717124979896,10.0,0.011419912147926082,0.011419912147926082,prev_london_low,completed_previous_session_only,Asia,0.583701586350161,session_low|below|1854.84,session_low|below|1854.84|11146,session
11154,11154,below,11154201.0,support,1847.0630000000003,0.6,7.0,2341,11147,3,0,standard_liquidity_sweep,0,1,0,0.5179402724348169,0.37793832580556497,0,0,0,1,0.3365173477537089,10.0,0.08636812640012903,0.08636812640012903,,,Dead,1.3851576663369147,support|below|1847.063,support|below|1847.063|11147,s_r
11155,11154,below,11154202.0,session_low,1848.718,0.5,3.0,11151,11151,4,0,standard_liquidity_sweep,0,1,0,0.5484114125859558,0.19504711843475103,0,0,0,1,0.3365173477537089,10.0,0.08636812640012903,0.08636812640012903,prev_london_low,completed_previous_session_only,Dead,0.7622909106867023,session_low|below|1848.718,session_low|below|1848.718|11151,session
11158,11157,below,11157202.0,previous_day_low,1843.17,0.55,2.0,11154,11155,4,1,tradeable_sweep_candidate,0,1,0,0.6578049177046021,0.38805340108965586,0,0,0,1,1.2949701402521916,10.0,0.4810540910742102,0.4810540910742102,,,London,0.6000071562231613,previous_day_low|below|1843.17,previous_day_low|below|1843.17|11155,prior_period
11164,11163,above,11163105.0,session_high,1846.607,0.45,5.0,11158,11158,4,1,tradeable_sweep_candidate,0,1,0,0.6776411687986647,0.5301264072640796,0,0,0,1,0.9676844034905362,9.0,-0.12946558913888162,0.12946558913888162,prev_london_high,completed_previous_session_only,London,1.008222391205094,session_high|above|1846.607,session_high|above|1846.607|11158,session
11165,11164,below,11164201.0,session_low,1839.053,0.45,4.0,11160,11160,4,0,displacement_confirmed_sweep,0,1,1,0.4664906597257704,1.4494475957751756,0,0,1,1,0.3516433159810928,8.0,0.13003914312917172,0.13003914312917172,prev_ny_low,completed_previous_session_only,Overlap,1.4494475957751756,session_low|below|1839.053,session_low|below|1839.053|11160,session
11170,11169,above,11169101.0,previous_day_high,1863.959,0.6,5.0,11164,11164,4,1,tradeable_sweep_candidate,0,1,0,0.6798963695023754,0.5625467383857596,0,0,0,1,0.945641532348094,9.0,-0.07255395207763216,0.07255395207763216,,,London,1.9912472357579138,previous_day_high|above|1863.959,previous_day_high|above|1863.959|11164,prior_period
11189,11188,below,11188204.0,previous_week_low,1831.176,0.6000000000000001,15.0,11173,11173,4,0,standard_liquidity_sweep,0,1,0,0.4298478166107454,0.4314637513679567,0,0,0,1,0.1558695415268633,10.0,-0.0588545162890673,0.0588545162890673,,,Overlap,2.6435859158421944,previous_week_low|below|1831.176,previous_week_low|below|1831.176|11173,prior_period
11206,11206,above,11206101.0,resistance,1834.812,0.5593254942776299,17.0,11206,11189,3,0,standard_liquidity_sweep,0,1,0,0.4992945764500941,0.2556520230318561,0,0,0,1,0.2929174432519324,8.0,0.33395964411417356,0.33395964411417356,,,Overlap,4.0107187305265,resistance|above|1834.812,resistance|above|1834.812|11189,s_r
11210,11210,above,11210101.0,resistance,1842.294739130435,0.55,24.0,11209,11186,3,0,micro_interaction_sweep,1,0,0,0.5394540112343761,0.24676696161206932,0,0,0,1,0.4215516947526069,10.0,0.061284699128809544,0.061284699128809544,,,Asia,4.621533498321655,resistance|above|1842.2947,resistance|above|1842.2947|11186,s_r
11217,11217,above,11217102.0,previous_day_high,1848.431,0.55,5.0,11210,11212,3,0,standard_liquidity_sweep,0,1,0,0.6476616077035677,0.7279661816789812,0,0,0,1,0.5933814395413404,9.0,0.6220025793513632,0.6220025793513632,,,London,1.2644593607633492,previous_day_high|above|1848.431,previous_day_high|above|1848.431|11212,prior_period
11221,11221,below,11221201.0,session_low,1837.58,0.45,3.0,11218,11218,3,0,micro_interaction_sweep,1,0,0,0.5073352213710263,0.018996873386317007,1,0,0,1,0.38292138676089893,8.0,0.5033875982059537,0.5033875982059537,prev_london_low,completed_previous_session_only,Asia,0.5596916300707481,session_low|below|1837.58,session_low|below|1837.58|11218,session
11230,11229,below,11229202.0,previous_day_low,1819.262,0.5,2.0,11227,11227,4,1,tradeable_sweep_candidate,0,1,0,0.6346304377201393,0.1344779111902683,0,0,0,1,0.9301297138142589,8.0,0.20841386303201717,0.20841386303201717,,,London,0.1344779111902683,previous_day_low|below|1819.262,previous_day_low|below|1819.262|11227,prior_period
11238,11236,below,11236203.0,session_low,1817.303,0.45,4.0,11232,11232,4,0,micro_interaction_sweep,1,0,0,0.5312314397631912,0.12866345275925062,1,0,0,1,0.6706477309652441,8.0,0.21613560725223704,0.21613560725223704,prev_ny_low,completed_previous_session_only,Overlap,0.801522016053772,session_low|below|1817.303,session_low|below|1817.303|11232,session
11256,11256,below,11256201.0,previous_day_low,1769.359,0.5,5.0,11251,11251,3,1,tradeable_sweep_candidate,0,1,0,0.6276357828994759,0.6130711858663189,0,0,0,1,0.8429161186078024,8.0,0.05859283333241556,0.05859283333241556,,,Dead,1.5646616324337623,previous_day_low|below|1769.359,previous_day_low|below|1769.359|11251,prior_period
11278,11277,below,11277202.0,previous_day_low,1795.457,0.6,5.0,11271,11272,4,0,standard_liquidity_sweep,0,1,0,0.670570514044423,1.2088264733771068,0,0,0,1,1.135683171724276,9.0,0.4897967895127041,0.4897967895127041,,,London,1.4549379371859326,previous_day_low|below|1795.457,previous_day_low|below|1795.457|11272,prior_period
11279,11277,below,11277204.0,session_low,1803.01,0.5,3.0,11274,11274,4,0,standard_liquidity_sweep,0,1,0,0.5725,0.4158556245480961,0,0,0,1,1.135683171724276,9.0,0.4897967895127041,0.4897967895127041,prev_asia_low,completed_previous_session_only,London,0.7043644627261763,session_low|below|1803.01,session_low|below|1803.01|11274,session
11288,11288,below,11288201.0,support,1760.526,0.6000000000000001,32.0,10447,11256,3,0,micro_interaction_sweep,1,0,0,0.5658503511352654,0.18443845476787904,1,0,0,1,0.33437327478092144,6.0,0.31154222913442,0.31154222913442,,,Asia,5.2365668897124245,support|below|1760.526,support|below|1760.526|11256,s_r
11299,11298,below,11298201.0,previous_week_low,1717.048,0.6000000000000001,6.0,11290,11292,4,0,standard_liquidity_sweep,0,1,0,0.5678920542199036,0.5408615308864211,0,0,0,1,0.46973013554975906,7.0,-0.309685916090411,0.309685916090411,,,Dead,2.715598988868734,previous_week_low|below|1717.048,previous_week_low|below|1717.048|11292,prior_period
11309,11308,below,11308201.0,support,1707.3855520026505,0.65,8.0,2369,11300,4,0,standard_liquidity_sweep,0,1,0,0.4872473787734701,0.26411848359901446,0,0,0,1,0.23686844693367515,5.0,0.8090603852959335,0.8090603852959335,,,Overlap,2.1593728319887147,support|below|1707.3856,support|below|1707.3856|11300,s_r
11319,11319,above,11319101.0,resistance,1700.3825,0.6144950001250258,4.0,11316,11315,3,1,tradeable_sweep_candidate,0,1,0,0.6218571629770162,0.42911643486560525,0,0,0,1,0.4191026424007047,7.0,0.42708685305852007,0.42708685305852007,,,London,0.4339814877430595,resistance|above|1700.3825,resistance|above|1700.3825|11315,s_r
11323,11322,above,11322101.0,previous_day_high,1707.513,0.55,2.0,11320,11320,4,0,displacement_confirmed_sweep,0,1,1,0.5467983383742032,0.528546195344092,0,1,0,1,0.47949584593550815,8.0,-0.07947107864877774,0.07947107864877774,,,Dead,0.6416033722663514,previous_day_high|above|1707.513,previous_day_high|above|1707.513|11320,prior_period
11328,11325,below,11325201.0,previous_week_low,1687.038,0.65,7.0,11316,11318,4,0,displacement_confirmed_sweep,0,1,1,0.4308082301546805,0.42790608417132353,0,0,1,1,0.20618724205336797,7.0,-0.01804236852511677,0.01804236852511677,,,London,1.6410548937480989,previous_week_low|below|1687.038,previous_week_low|below|1687.038|11318,prior_period
11334,11331,above,11331102.0,swing_high,1713.8,0.4,7.0,11322,11324,4,0,standard_liquidity_sweep,0,1,0,0.498438238412501,0.9393321624084294,0,0,0,1,0.924104573052059,9.0,0.3000219857053983,0.3000219857053983,,,London,2.6091332581032765,swing_high|above|1713.8,swing_high|above|1713.8|11324,swing
11350,11347,below,11347202.0,previous_day_low,1718.426,0.55,3.0,11344,11344,4,1,tradeable_sweep_candidate,0,1,1,0.5970879292649897,0.08897353682673119,1,0,0,1,0.9110789698374139,9.0,0.33677043595166445,0.33677043595166445,,,Asia,0.5736467245506823,previous_day_low|below|1718.426,previous_day_low|below|1718.426|11344,prior_period
11354,11351,above,11351101.0,session_high,1725.244,0.45,5.0,11346,11346,4,0,micro_interaction_sweep,1,0,0,0.41954772941600627,0.08643187866414367,0,0,0,1,0.3342859902066824,10.0,-0.059821578438804125,0.059821578438804125,prev_ny_high,completed_previous_session_only,NY,2.2046816096105246,session_high|above|1725.244,session_high|above|1725.244|11346,session
11357,11357,above,11357101.0,session_high,1730.125,0.45,4.0,11353,11353,3,0,micro_interaction_sweep,1,0,0,0.6042286369543091,0.11506088726577055,0,0,0,1,0.43913940592331474,10.0,0.6574129477104711,0.6574129477104711,prev_ny_high,completed_previous_session_only,London,0.6773377662803262,session_high|above|1730.125,session_high|above|1730.125|11353,session
11361,11361,above,11361101.0,session_high,1731.985,0.5,4.0,11357,11357,3,0,standard_liquidity_sweep,0,1,0,0.5665024235127168,0.04019071124588739,0,0,0,1,0.5400242351271688,9.0,0.11946827708056398,0.11946827708056398,prev_ny_high,completed_previous_session_only,Asia,0.8502817304772576,session_high|above|1731.985,session_high|above|1731.985|11357,session
11363,11363,above,11363101.0,resistance,1735.4293563553674,0.65,53.0,2379,11310,3,0,micro_interaction_sweep,1,0,0,0.6239361785597148,0.15606641685661796,0,0,0,1,0.3559305555590358,9.0,0.17472446273767192,0.17472446273767192,,,London,4.300998979957117,resistance|above|1735.4294,resistance|above|1735.4294|11310,s_r
11369,11369,below,11369202.0,support,1729.4089999999999,0.55,10.0,11364,11359,3,0,displacement_confirmed_sweep,0,1,1,0.6633244554327955,0.7303543928581503,1,1,0,1,0.5927441155291195,9.0,-0.1932536024244535,0.1932536024244535,,,London,0.9481982541138186,support|below|1729.409,support|below|1729.409|11359,s_r
11370,11369,below,11369203.0,previous_day_low,1725.943,0.5,2.0,11367,11367,4,0,displacement_confirmed_sweep,0,1,1,0.5839993406473935,1.186299696468779,1,1,0,1,0.5927441155291195,9.0,-0.1932536024244535,0.1932536024244535,,,London,1.3866845981776403,previous_day_low|below|1725.943,previous_day_low|below|1725.943|11367,prior_period
11371,11370,below,11370201.0,session_low,1730.156,0.45,4.0,11366,11366,4,0,micro_interaction_sweep,1,0,0,0.5307801086129357,0.2032255388003952,1,1,0,1,0.9585897623827438,10.0,2.1274430026656543,2.1274430026656543,prev_ny_low,completed_previous_session_only,Overlap,0.8536947056384245,session_low|below|1730.156,session_low|below|1730.156|11366,session
11376,11375,below,11375202.0,previous_day_low,1723.058,0.6,5.0,11369,11370,4,0,standard_liquidity_sweep,0,1,0,0.5387853861950502,1.1224746185355032,0,0,0,1,0.39504200989168237,10.0,-0.39866984666656596,0.39866984666656596,,,London,3.491002526603256,previous_day_low|below|1723.058,previous_day_low|below|1723.058|11370,prior_period
11381,11381,above,11381101.0,session_high,1737.469,0.45,3.0,11378,11378,3,0,standard_liquidity_sweep,0,1,0,0.624324417548672,0.06688236585553144,0,0,0,1,0.6094763275146896,9.0,0.20820184260653288,0.20820184260653288,prev_ny_high,completed_previous_session_only,London,0.6883584053370113,session_high|above|1737.469,session_high|above|1737.469|11378,session
11387,11386,below,11386202.0,previous_day_low,1732.311,0.55,4.0,11382,11382,4,0,standard_liquidity_sweep,0,1,0,0.5043264026926052,0.6819402263704217,0,0,0,1,0.36289934006484614,9.0,0.02968252305291501,0.02968252305291501,,,Asia,1.3215980631236075,previous_day_low|below|1732.311,previous_day_low|below|1732.311|11382,prior_period
11394,11393,above,11393102.0,session_high,1738.883,0.45,4.0,11389,11389,4,0,micro_interaction_sweep,1,0,0,0.5429435915745773,0.08414090305760608,0,0,0,1,0.41683360652291995,10.0,0.039352652933888066,0.039352652933888066,prev_london_high,completed_previous_session_only,Asia,0.5219521802042942,session_high|above|1738.883,session_high|above|1738.883|11389,session
11395,11395,below,11395201.0,previous_day_low,1726.98,0.55,6.0,11387,11389,3,0,standard_liquidity_sweep,0,1,0,0.49938740196633113,0.31826353330137325,0,0,0,1,0.2693752881275537,8.0,0.00011304040626151048,0.00011304040626151048,,,Overlap,1.5554838798063857,previous_day_low|below|1726.98,previous_day_low|below|1726.98|11389,prior_period
11397,11394,below,11394201.0,session_low,1730.383,0.45,5.0,11389,11389,4,0,standard_liquidity_sweep,0,1,0,0.4963742116867819,1.156921147859907,0,0,0,1,0.5220754502011523,10.0,-0.05623536152039708,0.05623536152039708,prev_london_low,completed_previous_session_only,London,1.156921147859907,session_low|below|1730.383,session_low|below|1730.383|11389,session
11404,11404,above,11404101.0,session_high,1735.823,0.45,4.0,11400,11400,3,0,micro_interaction_sweep,1,0,0,0.5167880960256926,0.09404533322465036,0,0,0,1,0.4273869067308984,10.0,0.29810714043197295,0.29810714043197295,prev_asia_high,completed_previous_session_only,Asia,0.45674297109737755,session_high|above|1735.823,session_high|above|1735.823|11400,session
11406,11406,above,11406101.0,equal_high,1738.6984505051953,0.7,4.0,2041,11402,3,0,standard_liquidity_sweep,0,1,0,0.7267654693544037,1.0294342363190379,0,0,0,1,0.6426546935440371,9.0,0.22823854191136367,0.22823854191136367,,,London,1.0294342363190379,equal_high|above|1738.6985,equal_high|above|1738.6985|11402,eqh_eql
11407,11407,below,11407203.0,previous_day_low,1727.068,0.5,3.0,11404,11404,3,0,standard_liquidity_sweep,0,1,0,0.6232513831634644,1.2070618663024022,0,0,0,1,0.6234405634601672,9.0,0.09076425117139016,0.09076425117139016,,,Overlap,1.2070618663024022,previous_day_low|below|1727.068,previous_day_low|below|1727.068|11404,prior_period
11412,11412,below,11412201.0,session_low,1724.872,0.45,5.0,11407,11407,3,0,micro_interaction_sweep,1,0,0,0.5610221558294601,0.09562762178301029,0,0,0,1,0.40802305091335705,9.0,0.7475157263903416,0.7475157263903416,prev_london_low,completed_previous_session_only,London,0.6621743521766054,session_low|below|1724.872,session_low|below|1724.872|11407,session
11432,11432,above,11432101.0,previous_day_high,1708.388,0.5,3.0,11429,11429,3,1,tradeable_sweep_candidate,0,1,1,0.6299784101219058,0.48134429594924777,1,0,0,1,0.6960753812569913,7.0,0.060743889014408345,0.060743889014408345,,,Overlap,2.612176520339268,previous_day_high|above|1708.388,previous_day_high|above|1708.388|11429,prior_period
11436,11435,above,11435101.0,previous_day_high,1715.126,0.55,1.0,11432,11434,4,0,displacement_confirmed_sweep,0,1,1,0.4765902136997673,0.34592109376211566,1,0,0,1,0.27272553424941826,7.0,-0.012721240140934174,0.012721240140934174,,,Asia,0.34592109376211566,previous_day_high|above|1715.126,previous_day_high|above|1715.126|11434,prior_period
11444,11441,above,11441101.0,previous_day_high,1730.385,0.55,1.0,11440,11440,4,0,micro_interaction_sweep,1,0,0,0.529026497519196,0.17135043239036232,0,0,0,1,0.5985983085252928,10.0,-0.44508104848600655,0.44508104848600655,,,Asia,0.17135043239036232,previous_day_high|above|1730.385,previous_day_high|above|1730.385|11440,prior_period
11450,11449,below,11449201.0,previous_day_low,1724.39,0.5,1.0,11448,11448,4,0,micro_interaction_sweep,1,0,0,0.5391369922367801,0.24312497365340124,0,0,0,1,0.19992581392528364,8.0,-0.02900639734019356,0.02900639734019356,,,Asia,0.24312497365340124,previous_day_low|below|1724.39,previous_day_low|below|1724.39|11448,prior_period
11451,11451,above,11451101.0,resistance,1729.8979565217394,0.65,4.0,6703,11447,3,0,micro_interaction_sweep,1,0,0,0.6291379496369095,0.14697270495950673,1,0,0,1,0.4358151434871392,8.0,0.6131259556105255,0.6131259556105255,,,Overlap,0.8879632543399363,resistance|above|1729.898,resistance|above|1729.898|11447,s_r
11454,11453,above,11453103.0,previous_day_high,1729.781,0.55,5.0,11448,11448,4,1,tradeable_sweep_candidate,0,1,1,0.618690379781329,0.3977138302005013,1,0,0,1,0.8077463394863813,9.0,-0.13520938159548293,0.13520938159548293,,,Dead,0.8697240750867189,previous_day_high|above|1729.781,previous_day_high|above|1729.781|11448,prior_period
11455,11454,above,11454102.0,previous_week_high,1737.39,0.55,6.0,11448,11448,4,0,displacement_confirmed_sweep,0,1,1,0.5148464825102065,0.4645342636305624,1,0,0,1,0.15972457611144608,7.0,0.9950253166845029,0.9950253166845029,,,Asia,2.056335243696182,previous_week_high|above|1737.39,previous_week_high|above|1737.39|11448,prior_period
11465,11465,below,11465201.0,support,1735.6055000000001,0.55,4.0,11462,11461,3,0,micro_interaction_sweep,1,0,0,0.47575688130790345,0.14231348430483137,0,1,0,1,0.2518922032697586,9.0,0.07990900807330624,0.07990900807330624,,,Dead,0.6714562217667023,support|below|1735.6055,support|below|1735.6055|11461,s_r
11475,11474,below,11474202.0,support,1734.615,0.55,3.0,10489,11471,4,0,standard_liquidity_sweep,0,1,0,0.5258475716343475,1.6334266520703915,0,0,0,1,0.40628559575253514,7.0,-0.5575473087404901,0.5575473087404901,,,London,3.1934289118750074,support|below|1734.615,support|below|1734.615|11471,s_r
11486,11485,below,11485201.0,previous_day_low,1727.255,0.6,2.0,11482,11483,4,0,micro_interaction_sweep,1,0,0,0.6664449968535707,0.052662328109407734,1,0,0,1,0.4869458254672599,7.0,-0.1290539482795751,0.1290539482795751,,,Asia,0.8085354884947028,previous_day_low|below|1727.255,previous_day_low|below|1727.255|11483,prior_period
11487,11486,above,11486102.0,previous_day_high,1745.02,0.55,5.0,11481,11481,4,1,tradeable_sweep_candidate,0,1,0,0.5918361471575088,2.492603836100782,0,0,0,1,0.4378368601972726,8.0,0.09755211826152978,0.09755211826152978,,,London,2.492603836100782,previous_day_high|above|1745.02,previous_day_high|above|1745.02|11481,prior_period
11510,11510,below,11510201.0,previous_day_low,1773.035,0.55,3.0,11507,11507,3,1,tradeable_sweep_candidate,0,1,0,0.6758029095758251,1.7343876747044522,0,0,0,1,0.6433599398348055,6.0,0.057523947561693836,0.057523947561693836,,,London,1.7343876747044522,previous_day_low|below|1773.035,previous_day_low|below|1773.035|11507,prior_period
11523,11523,above,11523102.0,resistance,1883.825,0.6,4.0,2420,11519,3,0,standard_liquidity_sweep,0,1,0,0.5714596845959311,0.4343272677831247,0,0,0,1,0.319087942643372,7.0,0.15947969192193698,0.15947969192193698,,,London,0.8976830667032399,resistance|above|1883.825,resistance|above|1883.825|11519,s_r
11533,11532,below,11532201.0,previous_day_low,1874.46,0.55,5.0,11527,11527,4,0,displacement_confirmed_sweep,0,1,1,0.4356336668693581,0.5488883588781891,0,1,0,1,0.180750833840062,8.0,-0.10769144168423708,0.10769144168423708,,,Dead,0.9287984832626779,previous_day_low|below|1874.46,previous_day_low|below|1874.46|11527,prior_period
11541,11540,above,11540101.0,previous_day_high,1904.335,0.5,1.0,11539,11539,4,1,tradeable_sweep_candidate,0,1,0,0.6159981334968883,0.11862364250765081,0,0,0,1,0.5958423107257678,6.0,-0.27348434157219786,0.27348434157219786,,,Asia,0.11862364250765081,previous_day_high|above|1904.335,previous_day_high|above|1904.335|11539,prior_period
11545,11542,below,11542201.0,session_low,1897.115,0.45,4.0,11538,11538,4,0,micro_interaction_sweep,1,0,0,0.5076803531845847,0.19585884283082616,0,0,0,1,0.6351368651791796,8.0,-0.379127851830044,0.379127851830044,prev_ny_low,completed_previous_session_only,Overlap,1.0242664503749983,session_low|below|1897.115,session_low|below|1897.115|11538,session
11548,11547,below,11547202.0,session_low,1893.055,0.5,3.0,11544,11544,4,1,tradeable_sweep_candidate,0,1,0,0.5903767755966396,0.34333830447222086,0,0,0,1,0.44126488010233744,8.0,0.10953383548641432,0.10953383548641432,prev_asia_low,completed_previous_session_only,London,0.8992044872718856,session_low|below|1893.055,session_low|below|1893.055|11544,session
11554,11553,below,11553201.0,support,1887.8886082379497,0.7,6.0,11547,11547,4,0,standard_liquidity_sweep,0,1,0,0.6310608215759984,0.5465209516688597,0,0,0,1,0.4765602412399373,9.0,1.111022516494508,1.111022516494508,,,London,0.8962722264073021,support|below|1887.8886,support|below|1887.8886|11547,s_r
11555,11555,above,11555101.0,previous_day_high,1903.555,0.5,4.0,11551,11551,3,0,micro_interaction_sweep,1,0,0,0.4782048627902817,0.15068310270530388,0,0,0,1,0.26842882364237103,7.0,0.28496448012959114,0.28496448012959114,,,NY,1.4531681824748353,previous_day_high|above|1903.555,previous_day_high|above|1903.555|11551,prior_period
11564,11562,above,11562103.0,previous_day_high,1908.685,0.5,5.0,11557,11557,4,1,tradeable_sweep_candidate,0,1,0,0.5606344896880239,0.923179269074735,0,0,0,1,0.4106337296539365,10.0,0.06839158589188692,0.06839158589188692,,,Dead,0.923179269074735,previous_day_high|above|1908.685,previous_day_high|above|1908.685|11557,prior_period
11565,11565,above,11565101.0,session_high,1906.365,0.45,5.0,11560,11560,3,0,standard_liquidity_sweep,0,1,0,0.635595979030284,0.11250613119101015,0,0,0,1,0.6735698443675503,10.0,0.3495742230262131,0.3495742230262131,prev_london_high,completed_previous_session_only,London,0.6242573005815966,session_high|above|1906.365,session_high|above|1906.365|11560,session
11566,11566,below,11566201.0,support,1901.1550000000002,0.65,11.0,11562,11555,3,1,tradeable_sweep_candidate,0,1,0,0.7129935382380824,0.2850187044882219,0,0,0,1,0.7778849199460268,8.0,0.21604966795853417,0.21604966795853417,,,Overlap,1.4271024102486916,support|below|1901.155,support|below|1901.155|11555,s_r
11575,11572,above,11572102.0,session_high,1903.465,0.45,4.0,11568,11568,4,0,micro_interaction_sweep,1,0,0,0.4857468460226581,0.046661067503876434,1,1,0,1,0.4893671150566454,9.0,0.22804870503875288,0.22804870503875288,prev_ny_high,completed_previous_session_only,Overlap,0.8009433538471974,session_high|above|1903.465,session_high|above|1903.465|11568,session
11578,11577,below,11577202.0,previous_week_low,1872.555,0.55,20.0,11557,11557,4,1,tradeable_sweep_candidate,0,1,1,0.6943329593647918,2.56665798764218,1,0,0,1,0.7683295936479174,8.0,0.1530496115689039,0.1530496115689039,,,London,5.076197531671473,previous_week_low|below|1872.555,previous_week_low|below|1872.555|11557,prior_period
11593,11590,above,11590102.0,swing_high,1896.085,0.4,4.0,11584,11586,4,0,standard_liquidity_sweep,0,1,0,0.36532746567993896,0.8300433394633466,0,0,0,1,0.6991241049149499,10.0,0.052434307868597645,0.052434307868597645,,,Overlap,1.3318712707265699,swing_high|above|1896.085,swing_high|above|1896.085|11586,swing
11602,11601,above,11601101.0,session_high,1893.845,0.45,3.0,11598,11598,4,0,standard_liquidity_sweep,0,1,0,0.5684394298245367,0.47398045227649116,0,0,0,1,0.6046151102682876,10.0,-0.0680571782412491,0.0680571782412491,prev_ny_high,completed_previous_session_only,London,0.47398045227649116,session_high|above|1893.845,session_high|above|1893.845|11598,session
11607,11606,below,11606201.0,swing_low,1883.675,0.4,9.0,11595,11597,4,1,tradeable_sweep_candidate,0,1,1,0.6658790122060474,0.04471980129590459,0,0,1,1,0.9421234553938068,10.0,-0.3778776205808828,0.3778776205808828,,,Asia,1.3040241473726342,swing_low|below|1883.675,swing_low|below|1883.675|11597,swing
11621,11620,below,11620201.0,previous_week_low,1863.835,0.6000000000000001,3.0,11617,11617,4,0,micro_interaction_sweep,1,0,0,0.4361854981547879,0.04036944504398438,0,0,0,1,0.161297078720303,9.0,-0.07294326489899722,0.07294326489899722,,,Overlap,0.04036944504398438,previous_week_low|below|1863.835,previous_week_low|below|1863.835|11617,prior_period
11630,11630,below,11630201.0,session_low,1859.505,0.45,5.0,11625,11625,3,0,micro_interaction_sweep,1,0,0,0.4787224098911953,0.028899077745627146,1,0,0,1,0.3322226913946548,10.0,0.10396897176737145,0.10396897176737145,prev_asia_low,completed_previous_session_only,Asia,0.6396520241585725,session_low|below|1859.505,session_low|below|1859.505|11625,session
11633,11632,above,11632103.0,session_high,1859.335,0.45,4.0,11628,11628,4,0,micro_interaction_sweep,1,0,0,0.6096380834281196,0.05161292310748662,1,1,1,1,0.43867854190363226,9.0,-0.06129480996461831,0.06129480996461831,prev_ny_high,completed_previous_session_only,Overlap,0.6599210154088492,session_high|above|1859.335,session_high|above|1859.335|11628,session
11646,11645,below,11645202.0,session_low,1769.405,0.45,5.0,11640,11640,4,0,standard_liquidity_sweep,0,1,0,0.556367668214628,0.2623130207944471,0,0,0,1,0.4634255604092507,9.0,-0.23611238995534198,0.23611238995534198,prev_ny_low,completed_previous_session_only,NY,1.9125640274814861,session_low|below|1769.405,session_low|below|1769.405|11640,session
11653,11653,above,11653101.0,session_high,1785.79,0.45,4.0,11649,11649,3,0,micro_interaction_sweep,1,0,0,0.4880189039873656,0.039044194269435485,0,0,0,1,0.35546392663508053,10.0,0.3973080749547975,0.3973080749547975,prev_asia_high,completed_previous_session_only,Asia,0.8209440614587946,session_high|above|1785.79,session_high|above|1785.79|11649,session
11662,11661,above,11661105.0,session_high,1783.055,0.45,3.0,11658,11658,4,1,tradeable_sweep_candidate,0,1,0,0.5973024736378278,0.06785575225574707,0,0,0,1,0.44014317315988677,8.0,0.19212866430447617,0.19212866430447617,prev_ny_high,completed_previous_session_only,London,0.37037354998005856,session_high|above|1783.055,session_high|above|1783.055|11658,session
11668,11667,above,11667101.0,session_high,1782.3,0.5,3.0,11664,11664,4,1,tradeable_sweep_candidate,0,1,0,0.5782472212034854,0.08634970161332257,0,0,0,1,0.5469144350588888,8.0,-0.13737661164986542,0.13737661164986542,prev_asia_high,completed_previous_session_only,London,0.5850027710813571,session_high|above|1782.3,session_high|above|1782.3|11664,session
11677,11676,below,11676202.0,previous_day_low,1775.545,0.55,3.0,11673,11673,4,0,standard_liquidity_sweep,0,1,0,0.5601813678124735,0.6045452252133441,0,0,0,1,0.5518136781247353,10.0,0.06297302029940265,0.06297302029940265,,,Dead,1.4298363090302497,previous_day_low|below|1775.545,previous_day_low|below|1775.545|11673,prior_period
11678,11677,below,11677201.0,swing_low,1772.725,0.4,10.0,11665,11667,4,0,micro_interaction_sweep,1,0,0,0.38942965414302855,0.06841592350734833,0,0,0,1,0.13551646049772986,9.0,1.3820527915840157,1.3820527915840157,,,Asia,1.7521495297709004,swing_low|below|1772.725,swing_low|below|1772.725|11667,swing
11684,11684,below,11684202.0,swing_low,1770.625,0.4,6.0,11676,11678,3,0,standard_liquidity_sweep,0,1,0,0.5057773090251063,0.9275352720519858,0,0,0,1,0.48786429542256543,10.0,0.05248417848067474,0.05248417848067474,,,Asia,0.9918964090784994,swing_low|below|1770.625,swing_low|below|1770.625|11678,swing
11698,11695,above,11695101.0,previous_day_high,1774.275,0.55,1.0,11692,11694,4,0,standard_liquidity_sweep,0,1,0,0.5134987161950431,0.3408786182655095,0,0,0,1,0.33588803004537243,10.0,-0.2870738526685257,0.2870738526685257,,,Asia,0.3408786182655095,previous_day_high|above|1774.275,previous_day_high|above|1774.275|11694,prior_period
11710,11708,above,11708102.0,previous_day_high,1789.815,0.5,1.0,11707,11707,4,0,standard_liquidity_sweep,0,1,0,0.5263776954867875,0.45560932002031695,0,0,0,1,0.5387769548678747,9.0,0.05518310220564805,0.05518310220564805,,,Asia,0.45560932002031695,previous_day_high|above|1789.815,previous_day_high|above|1789.815|11707,prior_period
11711,11710,below,11710202.0,session_low,1785.965,0.45,4.0,11706,11706,4,0,displacement_confirmed_sweep,0,1,1,0.5131631070360338,0.6297845488866075,0,1,0,1,0.2584472791843196,9.0,-0.2584472791843196,0.2584472791843196,prev_ny_low,completed_previous_session_only,Overlap,0.6297845488866075,session_low|below|1785.965,session_low|below|1785.965|11706,session
11716,11716,above,11716101.0,previous_day_high,1796.245,0.5,4.0,11712,11712,3,0,micro_interaction_sweep,1,0,0,0.4194765176434847,0.0881100638649478,0,0,0,1,0.15285796077537855,10.0,0.2347461540478726,0.2347461540478726,,,NY,0.0881100638649478,previous_day_high|above|1796.245,previous_day_high|above|1796.245|11712,prior_period
11726,11725,above,11725102.0,previous_day_high,1809.675,0.55,4.0,11721,11721,4,1,tradeable_sweep_candidate,0,1,0,0.6775853986758138,1.4333646481337528,0,0,0,1,0.6008539867581376,10.0,0.22643293760235225,0.22643293760235225,,,Asia,1.4333646481337528,previous_day_high|above|1809.675,previous_day_high|above|1809.675|11721,prior_period
11727,11726,above,11726101.0,resistance,1814.934042615532,0.5609047421765491,12.0,11714,11714,4,0,micro_interaction_sweep,1,0,0,0.5085381000448305,0.23244621926852158,0,0,0,1,0.20775566811594381,6.0,0.7030594315068763,0.7030594315068763,,,London,2.2752953990865876,resistance|above|1814.934,resistance|above|1814.934|11714,s_r
11728,11727,below,11727201.0,support,1797.0260101231393,0.65,8.0,11724,11719,4,0,standard_liquidity_sweep,0,1,0,0.48825134695843336,1.2462095070866048,0,0,0,1,0.24979503406275008,8.0,0.26922249609070165,0.26922249609070165,,,Overlap,1.7601672470367138,support|below|1797.026,support|below|1797.026|11719,s_r
11729,11727,below,11727202.0,session_low,1802.305,0.45,4.0,11723,11723,4,0,standard_liquidity_sweep,0,1,0,0.5523659009159827,0.6715974720411351,0,0,0,1,0.24979503406275008,8.0,0.26922249609070165,0.26922249609070165,prev_ny_low,completed_previous_session_only,Overlap,1.1727779667464153,session_low|below|1802.305,session_low|below|1802.305|11723,session
11735,11735,above,11735101.0,session_high,1807.695,0.45,3.0,11732,11732,3,0,micro_interaction_sweep,1,0,0,0.49992253162046063,-0.061372064548442726,1,1,0,1,0.3643896623844849,8.0,0.25102398964262,0.25102398964262,prev_asia_high,completed_previous_session_only,Dead,0.4340553231047995,session_high|above|1807.695,session_high|above|1807.695|11732,session
11739,11738,below,11738203.0,session_low,1798.855,0.5,5.0,11733,11733,4,1,tradeable_sweep_candidate,0,1,1,0.5827774659924149,0.3448125627859335,1,0,0,1,0.710250291656863,10.0,-0.17670753644752843,0.17670753644752843,prev_asia_low,completed_previous_session_only,London,1.2847733873634752,session_low|below|1798.855,session_low|below|1798.855|11733,session
11742,11741,above,11741103.0,session_high,1807.395,0.5,3.0,11738,11738,4,0,standard_liquidity_sweep,0,1,0,0.5098250457304812,0.25704427069237634,0,0,0,1,0.41831261432620276,9.0,0.1507567491689944,0.1507567491689944,prev_ny_high,completed_previous_session_only,Dead,1.735154003052559,session_high|above|1807.395,session_high|above|1807.395|11738,session
11744,11744,below,11744201.0,support,1805.3725,0.6144950001250258,4.0,11741,11740,3,1,tradeable_sweep_candidate,0,1,0,0.7103447728081381,0.34523053369602263,0,0,0,1,0.6505435611021501,8.0,0.9281246085012586,0.9281246085012586,,,London,0.5997950368368226,support|below|1805.3725,support|below|1805.3725|11740,s_r
11745,11744,above,11744103.0,previous_day_high,1810.985,0.5,2.0,11742,11742,4,1,tradeable_sweep_candidate,0,1,0,0.6233366026219499,0.33048223713880504,0,0,0,1,0.6505435611021501,8.0,-0.12338109549673992,0.12338109549673992,,,London,0.5315079599727333,previous_day_high|above|1810.985,previous_day_high|above|1810.985|11742,prior_period
11756,11755,above,11755101.0,previous_day_high,1829.655,0.6,4.0,11750,11751,4,1,tradeable_sweep_candidate,0,1,0,0.6507773627106768,0.10212857627164967,0,0,0,1,0.5515630541897083,7.0,-0.28272339619792175,0.28272339619792175,,,Asia,0.696584171723819,previous_day_high|above|1829.655,previous_day_high|above|1829.655|11751,prior_period
11761,11761,below,11761201.0,session_low,1823.575,0.45,5.0,11756,11756,3,0,micro_interaction_sweep,1,0,0,0.5037192050432746,0.1309065353003186,1,0,0,1,0.3738813459415196,8.0,0.021344975550984246,0.021344975550984246,prev_asia_low,completed_previous_session_only,Asia,0.7206235187465031,session_low|below|1823.575,session_low|below|1823.575|11756,session
11762,11762,below,11762202.0,support,1820.4671739130436,0.6,3.0,10548,11759,3,0,displacement_confirmed_sweep,0,1,1,0.656567076988184,0.44932221324652655,1,0,0,1,0.5691865617103568,9.0,0.34459382875121264,0.34459382875121264,,,London,0.7566931888224274,support|below|1820.4672,support|below|1820.4672|11759,s_r
11768,11767,below,11767201.0,previous_day_low,1808.96,0.6,2.0,11764,11765,4,1,tradeable_sweep_candidate,0,1,0,0.7116526173525348,0.26236791777572793,0,0,0,1,0.899859506858681,7.0,-0.7699502118544258,0.7699502118544258,,,Asia,0.45521552226591316,previous_day_low|below|1808.96,previous_day_low|below|1808.96|11765,prior_period
11772,11771,above,11771102.0,session_high,1815.365,0.5,3.0,11768,11768,4,0,standard_liquidity_sweep,0,1,0,0.4746240580708769,0.31579112121034575,0,0,0,1,0.33031014517719215,10.0,-0.030028195016108376,0.030028195016108376,prev_london_high,completed_previous_session_only,Dead,0.8800496877935283,session_high|above|1815.365,session_high|above|1815.365|11768,session
11775,11774,above,11774103.0,previous_day_high,1818.225,0.55,2.0,11772,11772,4,0,standard_liquidity_sweep,0,1,0,0.6400927509379166,0.2630208203917706,0,0,0,1,0.6982940693068718,10.0,0.3362600625589495,0.3362600625589495,,,London,0.3622672349657755,previous_day_high|above|1818.225,previous_day_high|above|1818.225|11772,prior_period
11780,11779,below,11779201.0,previous_day_low,1804.935,0.55,1.0,11775,11778,4,0,standard_liquidity_sweep,0,1,0,0.5399250222581075,0.43299254506809054,0,0,0,1,0.287433715530406,10.0,-0.009541368150378818,0.009541368150378818,,,Asia,0.43299254506809054,previous_day_low|below|1804.935,previous_day_low|below|1804.935|11778,prior_period
11786,11785,below,11785201.0,equal_low,1794.5764580880473,0.7,4.0,2103,11781,4,0,standard_liquidity_sweep,0,1,0,0.5408326049708188,0.5463220783779523,0,0,0,1,0.12331812334805839,7.0,0.24783753853684062,0.24783753853684062,,,Asia,1.075680945167104,equal_low|below|1794.5765,equal_low|below|1794.5765|11781,eqh_eql
11789,11787,above,11787102.0,session_high,1805.295,0.45,4.0,11783,11783,4,0,standard_liquidity_sweep,0,1,0,0.4389366474834424,0.7671234360250708,0,0,0,1,0.32234161870860595,8.0,-0.07570144075734221,0.07570144075734221,prev_ny_high,completed_previous_session_only,Overlap,1.122500150724834,session_high|above|1805.295,session_high|above|1805.295|11783,session
11791,11791,above,11791102.0,session_high,1806.135,0.45,4.0,11787,11787,3,1,tradeable_sweep_candidate,0,1,0,0.5717345428158133,0.5515978010043342,0,0,0,1,0.9458183995398496,8.0,0.12656274986649543,0.12656274986649543,prev_london_high,completed_previous_session_only,Asia,0.5515978010043342,session_high|above|1806.135,session_high|above|1806.135|11787,session
11793,11792,below,11792204.0,previous_day_low,1792.625,0.55,5.0,11785,11787,4,0,standard_liquidity_sweep,0,1,0,0.5504546130581823,1.325506649139336,0,0,0,1,0.2916736349463022,9.0,0.1766728318420482,0.1766728318420482,,,London,1.78994547056278,previous_day_low|below|1792.625,previous_day_low|below|1792.625|11787,prior_period
11799,11799,below,11799201.0,previous_day_low,1798.345,0.5,3.0,11796,11796,3,0,standard_liquidity_sweep,0,1,0,0.48115916489727917,0.517029470598294,0,0,0,1,0.23609671033603444,10.0,0.005232060062843465,0.005232060062843465,,,Overlap,1.3223354793779307,previous_day_low|below|1798.345,previous_day_low|below|1798.345|11796,prior_period
11809,11808,above,11808101.0,previous_day_high,1805.14,0.6,3.0,11804,11805,4,0,standard_liquidity_sweep,0,1,0,0.5229012709492477,0.3994188959942824,0,0,0,1,0.3114203271299013,7.0,-0.03395998926937196,0.03395998926937196,,,Asia,0.9055126675386393,previous_day_high|above|1805.14,previous_day_high|above|1805.14|11805,prior_period
11811,11810,below,11810203.0,session_low,1798.075,0.5,3.0,11807,11807,4,1,tradeable_sweep_candidate,0,1,1,0.6080917898088938,0.17491359931297246,0,1,0,1,0.5017835946220426,9.0,0.03690628984490056,0.03690628984490056,prev_asia_low,completed_previous_session_only,London,1.0549273262405077,session_low|below|1798.075,session_low|below|1798.075|11807,session
11812,11812,below,11812201.0,support,1798.2649999999999,0.554058790481926,6.0,11807,11806,3,0,displacement_confirmed_sweep,0,1,1,0.6820293327871638,0.046251660783561487,0,1,0,1,0.6507776508566756,9.0,1.066173010368586,1.066173010368586,,,NY,1.0274703136397523,support|below|1798.265,support|below|1798.265|11806,s_r
11828,11828,below,11828201.0,support,1808.405,0.55,3.0,10562,11825,3,0,standard_liquidity_sweep,0,1,0,0.529376199604881,0.2621389303201257,0,0,0,1,0.30978960307879105,9.0,0.05247778312048622,0.05247778312048622,,,London,0.4329892748957967,support|below|1808.405,support|below|1808.405|11825,s_r
11830,11829,above,11829102.0,resistance,1816.835,0.55,4.0,6780,11825,4,0,standard_liquidity_sweep,0,1,0,0.47188236271525347,1.1763769716171406,0,0,0,1,0.28178924012146706,9.0,-0.13705628634213463,0.13705628634213463,,,Overlap,1.1763769716171406,resistance|above|1816.835,resistance|above|1816.835|11825,s_r
11841,11840,above,11840104.0,previous_day_high,1814.94,0.6,5.0,11835,11835,4,1,tradeable_sweep_candidate,0,1,0,0.73,0.01956292338946656,0,0,0,1,2.5247101400670853,7.0,0.3966637377940283,0.3966637377940283,,,London,0.7668044851523721,previous_day_high|above|1814.94,previous_day_high|above|1814.94|11835,prior_period
11842,11841,below,11841203.0,session_low,1809.715,0.45,4.0,11837,11837,4,0,standard_liquidity_sweep,0,1,0,0.5197262883693611,2.9253972088503994,0,0,0,1,0.44306572092340274,6.0,-0.09817199647282744,0.09817199647282744,prev_ny_low,completed_previous_session_only,Overlap,2.9253972088503994,session_low|below|1809.715,session_low|below|1809.715|11837,session
11865,11863,below,11863201.0,previous_day_low,1730.275,0.5,1.0,11862,11862,4,0,standard_liquidity_sweep,0,1,0,0.3934868375389799,0.3225392378555747,0,0,0,1,0.15663376051411654,7.0,-0.05146537845464236,0.05146537845464236,,,Asia,0.3225392378555747,previous_day_low|below|1730.275,previous_day_low|below|1730.275|11862,prior_period
11867,11867,below,11867201.0,support,1728.185,0.55,3.0,11864,11864,3,0,micro_interaction_sweep,1,0,0,0.4987532970246366,0.0763240429009491,0,0,0,1,0.3093832425615914,9.0,0.25321568947419987,0.25321568947419987,,,Dead,0.24179827659555223,support|below|1728.185,support|below|1728.185|11864,s_r
11875,11875,above,11875101.0,previous_day_high,1754.355,0.55,2.0,11873,11873,3,0,standard_liquidity_sweep,0,1,0,0.5320197651584383,0.32189178309138883,0,0,0,1,0.4029660795627624,10.0,0.07024678954539763,0.07024678954539763,,,Asia,0.3878405662345518,previous_day_high|above|1754.355,previous_day_high|above|1754.355|11873,prior_period
11896,11895,below,11895202.0,session_low,1785.8,0.45,4.0,11891,11891,4,0,standard_liquidity_sweep,0,1,0,0.5535895965451718,0.5216771670499997,0,0,0,1,0.6942292987850502,8.0,-0.07262907838371058,0.07262907838371058,prev_ny_low,completed_previous_session_only,Overlap,1.0900884013148644,session_low|below|1785.8,session_low|below|1785.8|11891,session
11901,11901,below,11901201.0,support,1780.4950000000001,0.6,5.0,2494,11896,3,0,standard_liquidity_sweep,0,1,0,0.5949627315819389,0.7649234527840795,0,0,0,1,0.36279807549465853,10.0,0.060951630761601316,0.060951630761601316,,,Overlap,1.4520664225271311,support|below|1780.495,support|below|1780.495|11896,s_r
11902,11901,below,11901202.0,session_low,1782.87,0.5,4.0,11897,11897,4,1,tradeable_sweep_candidate,0,1,0,0.5909605868944913,0.4303574858665713,0,0,0,1,0.36279807549465853,10.0,0.060951630761601316,0.060951630761601316,prev_london_low,completed_previous_session_only,Overlap,1.1112899646712375,session_low|below|1782.87,session_low|below|1782.87|11897,session
11903,11902,above,11902101.0,session_high,1785.945,0.45,5.0,11897,11897,4,0,standard_liquidity_sweep,0,1,0,0.5388946916828878,0.6940174320812317,0,0,0,1,0.5889469168288785,8.0,-0.1895461341518293,0.1895461341518293,prev_ny_high,completed_previous_session_only,NY,0.6940174320812317,session_high|above|1785.945,session_high|above|1785.945|11897,session
11907,11905,above,11905104.0,previous_week_high,1782.535,0.55,19.0,11886,11886,4,0,standard_liquidity_sweep,0,1,0,0.6226563294182166,0.5045834295379983,0,0,0,1,0.90601952914286,8.0,0.22286434259838314,0.22286434259838314,,,Asia,1.0383866513446307,previous_week_high|above|1782.535,previous_week_high|above|1782.535|11886,prior_period
11909,11907,below,11907201.0,session_low,1780.735,0.45,4.0,11903,11903,4,0,standard_liquidity_sweep,0,1,0,0.4981505850425489,0.41837841242169405,0,0,0,1,0.44954312927303897,9.0,-0.0012469989716301143,0.0012469989716301143,prev_ny_low,completed_previous_session_only,Overlap,1.0446766059299264,session_low|below|1780.735,session_low|below|1780.735|11903,session
11925,11924,above,11924101.0,previous_day_high,1806.305,0.6,5.0,11918,11919,4,1,tradeable_sweep_candidate,0,1,1,0.5718437313928185,0.4950824087573355,0,0,1,1,0.43948530184552465,8.0,-0.04301650589025933,0.04301650589025933,,,London,0.4950824087573355,previous_day_high|above|1806.305,previous_day_high|above|1806.305|11919,prior_period
11937,11936,below,11936202.0,support,1782.68799169094,0.6,4.0,2502,11932,4,0,displacement_confirmed_sweep,0,1,1,0.5451947072793649,0.4284649923132196,0,0,1,1,0.2672478387022583,10.0,0.3649922757833484,0.3649922757833484,,,London,1.1151741317539823,support|below|1782.688,support|below|1782.688|11932,s_r
11938,11937,above,11937103.0,previous_week_high,1795.43,0.55,21.0,11916,11916,4,0,standard_liquidity_sweep,0,1,0,0.5009532736907273,1.4355870280304632,0,0,0,1,0.3752998508934849,10.0,-0.08270496714134444,0.08270496714134444,,,Overlap,1.5481780446710833,previous_week_high|above|1795.43,previous_week_high|above|1795.43|11916,prior_period
11941,11940,above,11940101.0,previous_day_high,1798.13,0.55,1.0,11937,11939,4,0,standard_liquidity_sweep,0,1,0,0.5797669599539284,0.5250035693124809,0,0,0,1,0.6643362662059495,9.0,-0.5336958384380568,0.5336958384380568,,,Asia,0.5250035693124809,previous_day_high|above|1798.13,previous_day_high|above|1798.13|11939,prior_period
11947,11946,below,11946201.0,previous_day_low,1816.255,0.55,1.0,11945,11945,4,0,micro_interaction_sweep,1,0,0,0.48457801739047257,0.14919984808401784,0,0,0,1,0.3031117101428481,7.0,-0.14089958401172403,0.14089958401172403,,,Asia,0.14919984808401784,previous_day_low|below|1816.255,previous_day_low|below|1816.255|11945,prior_period
11954,11954,below,11954202.0,support,1807.655,0.65,4.0,11950,11950,3,1,tradeable_sweep_candidate,0,1,0,0.7160838740065557,0.9512023206044394,0,0,0,1,0.6861069673272003,8.0,-0.2077780481703754,0.2077780481703754,,,London,1.3238821568179033,support|below|1807.655,support|below|1807.655|11950,s_r
11955,11954,below,11954201.0,session_low,1812.005,0.5,5.0,11949,11949,4,1,tradeable_sweep_candidate,0,1,0,0.6910697415286297,0.3327075381486237,0,0,0,1,0.6861069673272003,8.0,-0.2077780481703754,0.2077780481703754,prev_asia_low,completed_previous_session_only,London,0.7164045848603032,session_low|below|1812.005,session_low|below|1812.005|11949,session
11966,11966,below,11966201.0,session_low,1812.165,0.45,3.0,11963,11963,3,1,tradeable_sweep_candidate,0,1,0,0.5739686652135475,0.7094138158111408,0,0,0,1,0.46483905205198056,7.0,0.035168744069725415,0.035168744069725415,prev_ny_low,completed_previous_session_only,London,0.7094138158111408,session_low|below|1812.165,session_low|below|1812.165|11963,session
11968,11967,below,11967202.0,support,1808.3883985015955,0.65,17.0,11961,11950,4,0,displacement_confirmed_sweep,0,1,1,0.4854866643202252,0.6126397508119797,0,0,1,1,0.2532999941338963,8.0,-0.13664193212692177,0.13664193212692177,,,Overlap,1.2963082911191732,support|below|1808.3884,support|below|1808.3884|11950,s_r
11980,11977,below,11977201.0,previous_day_low,1825.04,0.5,1.0,11976,11976,4,0,standard_liquidity_sweep,0,1,0,0.39809677718879877,0.38964458909997995,0,0,0,1,0.24940860963866368,9.0,-0.07024482992986998,0.07024482992986998,,,Asia,0.38964458909997995,previous_day_low|below|1825.04,previous_day_low|below|1825.04|11976,prior_period
11990,11989,below,11989201.0,support,1785.4250000000002,0.6006294350260336,45.0,2506,11944,4,0,standard_liquidity_sweep,0,1,0,0.5920151810608886,1.6862338003825317,0,0,0,1,0.31089455576095065,10.0,0.424858391636845,0.424858391636845,,,London,7.068434859522861,support|below|1785.425,support|below|1785.425|11944,s_r
11996,11996,below,11996201.0,support,1788.495,0.55,5.0,11992,11991,3,0,micro_interaction_sweep,1,0,0,0.6307500415752144,0.20872653618869286,0,0,0,1,0.4797671354746609,10.0,1.0141114006000937,1.0141114006000937,,,Overlap,0.8304741099875553,support|below|1788.495,support|below|1788.495|11991,s_r
12000,11999,above,11999101.0,previous_day_high,1800.885,0.6,3.0,11995,11996,4,0,standard_liquidity_sweep,0,1,0,0.5220244238678615,0.8088872975697535,0,0,0,1,0.3595717834385075,10.0,-0.1813438283892561,0.1813438283892561,,,Asia,0.8332779756061731,previous_day_high|above|1800.885,previous_day_high|above|1800.885|11996,prior_period
12001,11999,above,11999103.0,session_high,1795.7,0.45,4.0,11995,11995,4,1,tradeable_sweep_candidate,0,1,0,0.6297496312312872,0.1473603830746144,0,0,0,1,0.3595717834385075,10.0,-0.1813438283892561,0.1813438283892561,prev_asia_high,completed_previous_session_only,Asia,0.7282670421537042,session_high|above|1795.7,session_high|above|1795.7|11995,session
12004,12004,below,12004201.0,support,1786.9518181818182,0.6,10.0,12004,11994,3,0,micro_interaction_sweep,1,0,0,0.5012265215796723,0.0641121738854131,0,0,0,1,0.273899637282514,8.0,0.1774546500202817,0.1774546500202817,,,Dead,1.9179050191471834,support|below|1786.9518,support|below|1786.9518|11994,s_r
12006,12006,below,12006201.0,session_low,1789.58,0.45,4.0,12002,12002,3,0,standard_liquidity_sweep,0,1,0,0.5204943501017016,0.44834168347289055,0,0,0,1,0.3619463387676854,7.0,0.05465856312883429,0.05465856312883429,prev_london_low,completed_previous_session_only,Asia,0.44834168347289055,session_low|below|1789.58,session_low|below|1789.58|12002,session
12010,12007,above,12007102.0,session_high,1791.16,0.45,3.0,12004,12004,4,0,micro_interaction_sweep,1,0,0,0.4519658581105467,0.15597687527006665,1,0,0,1,0.40491464527636667,9.0,-0.0255942806576566,0.0255942806576566,prev_ny_high,completed_previous_session_only,London,0.36636367169033757,session_high|above|1791.16,session_high|above|1791.16|12004,session
12013,12013,above,12013101.0,session_high,1793.595,0.5,5.0,12008,12008,3,0,displacement_confirmed_sweep,0,1,1,0.6888335948051196,0.8635563071484498,1,0,0,1,0.36901718883059836,10.0,-0.06336566766453838,0.06336566766453838,prev_ny_high,completed_previous_session_only,London,0.8635563071484498,session_high|above|1793.595,session_high|above|1793.595|12008,session
12014,12013,below,12013204.0,previous_week_low,1782.24,0.55,8.0,12005,12005,4,0,displacement_confirmed_sweep,0,1,1,0.5277482395239728,0.8154988071787421,1,0,1,1,0.36901718883059836,10.0,0.872894401501278,0.872894401501278,,,London,1.5898151824458049,previous_week_low|below|1782.24,previous_week_low|below|1782.24|12005,prior_period
12022,12022,below,12022204.0,previous_day_low,1780.125,0.55,7.0,12013,12015,3,0,standard_liquidity_sweep,0,1,0,0.7208333333333333,1.8694418646707915,0,0,0,1,3.361170724106292,10.0,0.4915032880292702,0.4915032880292702,,,Dead,3.0749127968068164,previous_day_low|below|1780.125,previous_day_low|below|1780.125|12015,prior_period
12035,12035,below,12035203.0,swing_low,1747.275,0.4,1.0,12032,12034,3,0,standard_liquidity_sweep,0,1,0,0.5398831437733475,0.2956205385471406,0,0,0,1,0.12926497866793205,9.0,0.03156799624760683,0.03156799624760683,,,Asia,0.2956205385471406,swing_low|below|1747.275,swing_low|below|1747.275|12034,swing
12036,12035,below,12035204.0,equal_low,1745.5746277626572,0.7840731815215612,13.0,2153,12022,4,0,standard_liquidity_sweep,0,1,0,0.4652242868475632,0.4631755240584444,0,0,0,1,0.12926497866793205,9.0,0.03156799624760683,0.03156799624760683,,,Asia,4.818884087308182,equal_low|below|1745.5746,equal_low|below|1745.5746|12022,eqh_eql
12052,12051,above,12051104.0,resistance,1781.695,0.6,6.0,2531,12045,4,0,standard_liquidity_sweep,0,1,0,0.567368742325282,0.7763160312872829,0,0,0,1,0.5403540899194873,10.0,0.9642635247905412,0.9642635247905412,,,NY,0.9556376189602555,resistance|above|1781.695,resistance|above|1781.695|12045,s_r
12058,12057,below,12057202.0,previous_week_low,1745.18,0.55,22.0,12035,12035,4,0,standard_liquidity_sweep,0,1,0,0.5848533084810503,0.7420645046905538,0,0,0,1,0.7151997514771697,9.0,0.025695799454267497,0.025695799454267497,,,NY,4.069688890536927,previous_week_low|below|1745.18,previous_week_low|below|1745.18|12035,prior_period
12063,12061,below,12061205.0,session_low,1749.61,0.45,5.0,12056,12056,4,0,displacement_confirmed_sweep,0,1,1,0.5504921740613081,0.47318207250716987,0,0,1,1,0.9049217406130808,10.0,0.0773270064991363,0.0773270064991363,prev_london_low,completed_previous_session_only,London,0.5487735968025725,session_low|below|1749.61,session_low|below|1749.61|12056,session
12066,12064,above,12064101.0,previous_day_high,1757.565,0.65,3.0,12061,12061,4,0,standard_liquidity_sweep,0,1,0,0.4526900860857646,0.7170989490798417,0,0,0,1,0.21089188188107816,8.0,-0.12643518036945484,0.12643518036945484,,,Dead,1.4496366661416804,previous_day_high|above|1757.565,previous_day_high|above|1757.565|12061,prior_period
12067,12067,below,12067201.0,previous_day_low,1748.135,0.5,2.0,12065,12065,3,0,micro_interaction_sweep,1,0,0,0.5529036558287987,0.022078936598425792,0,0,0,1,0.34282954532016646,8.0,0.7793858815392599,0.7793858815392599,,,London,1.1681876866093095,previous_day_low|below|1748.135,previous_day_low|below|1748.135|12065,prior_period
12082,12080,below,12080201.0,previous_day_low,1728.02,0.55,5.0,12073,12075,4,0,displacement_confirmed_sweep,0,1,1,0.5658436397508638,1.050400722913831,0,0,1,1,0.7251030641753051,9.0,-0.5659614333980282,0.5659614333980282,,,Overlap,1.769747807694752,previous_day_low|below|1728.02,previous_day_low|below|1728.02|12075,prior_period
12098,12098,above,12098103.0,previous_week_high,1765.62,0.65,3.0,12094,12095,3,1,tradeable_sweep_candidate,0,1,0,0.6840146192218929,1.5541965375730826,0,0,0,1,0.5133996263646597,8.0,0.08138580707122577,0.08138580707122577,,,Overlap,1.720341947584329,previous_week_high|above|1765.62,previous_week_high|above|1765.62|12095,prior_period
12101,12098,above,12098104.0,session_high,1760.655,0.45,4.0,12094,12094,4,0,standard_liquidity_sweep,0,1,0,0.5483333333333333,0.9874256371654181,0,0,0,1,0.5133996263646597,8.0,0.08138580707122577,0.08138580707122577,prev_ny_high,completed_previous_session_only,Overlap,1.1441869546834078,session_high|above|1760.655,session_high|above|1760.655|12094,session
12109,12108,below,12108202.0,session_low,1750.41,0.45,4.0,12104,12104,4,1,tradeable_sweep_candidate,0,1,0,0.5836196331231852,0.07750210315563878,0,0,0,1,0.5421651876253925,7.0,0.048408071696848305,0.048408071696848305,prev_london_low,completed_previous_session_only,Asia,1.211356237053061,session_low|below|1750.41,session_low|below|1750.41|12104,session
12114,12114,above,12114101.0,session_high,1761.14,0.45,4.0,12110,12110,3,1,tradeable_sweep_candidate,0,1,0,0.5920932901512893,0.6193522694887821,0,0,0,1,0.707523165295274,6.0,0.1628919765442811,0.1628919765442811,prev_london_high,completed_previous_session_only,Asia,0.6193522694887821,session_high|above|1761.14,session_high|above|1761.14|12110,session
12122,12121,above,12121103.0,session_high,1764.62,0.45,5.0,12116,12116,4,1,tradeable_sweep_candidate,0,1,0,0.6739590971286519,0.7221974549868246,0,0,0,1,1.6752270270180776,9.0,-0.6717206355729124,0.6717206355729124,prev_london_high,completed_previous_session_only,London,1.209256916537441,session_high|above|1764.62,session_high|above|1764.62|12116,session
12125,12124,below,12124201.0,support,1754.8671698113205,0.6,10.0,12121,12114,4,0,micro_interaction_sweep,1,0,0,0.461528241192491,0.23331970371224178,0,0,0,1,0.22465393631456074,7.0,0.5655001567293241,0.5655001567293241,,,Dead,2.0643861290894754,support|below|1754.8672,support|below|1754.8672|12114,s_r
12132,12131,above,12131101.0,previous_day_high,1760.355,0.55,4.0,12127,12127,4,0,standard_liquidity_sweep,0,1,0,0.4871358009355204,0.5544526371722504,0,0,0,1,0.21347771615170105,7.0,-0.17207597726165527,0.17207597726165527,,,Asia,0.7874186239776454,previous_day_high|above|1760.355,previous_day_high|above|1760.355|12127,prior_period
12145,12144,above,12144101.0,previous_day_high,1796.07,0.55,2.0,12140,12142,4,0,standard_liquidity_sweep,0,1,0,0.5627596949129338,0.5879274777074304,0,0,0,1,0.2956474729341999,6.0,-0.10286068329169097,0.10286068329169097,,,Asia,0.7959357465465314,previous_day_high|above|1796.07,previous_day_high|above|1796.07|12142,prior_period
12157,12156,below,12156201.0,previous_day_low,1764.545,0.6,4.0,12151,12152,4,1,tradeable_sweep_candidate,0,1,0,0.6613151802944882,0.45517358735132696,0,0,0,1,0.46370461740288693,10.0,-0.29804924072169214,0.29804924072169214,,,Asia,0.7678243485293322,previous_day_low|below|1764.545,previous_day_low|below|1764.545|12152,prior_period
12160,12159,below,12159202.0,session_low,1766.515,0.45,5.0,12154,12154,4,0,micro_interaction_sweep,1,0,0,0.4716204070764398,0.08423716280692858,0,0,0,1,0.3644676843577663,9.0,0.022863286472606305,0.022863286472606305,prev_ny_low,completed_previous_session_only,NY,0.5169762611988492,session_low|below|1766.515,session_low|below|1766.515|12154,session
12170,12169,above,12169102.0,resistance,1784.0896016425854,0.7,18.0,2559,12151,4,0,standard_liquidity_sweep,0,1,0,0.5670264886597173,0.7143644850822314,0,0,0,1,0.33864205488235777,8.0,-0.058340163894299336,0.058340163894299336,,,London,2.84739439598659,resistance|above|1784.0896,resistance|above|1784.0896|12151,s_r
12171,12170,above,12170101.0,previous_day_high,1785.02,0.55,5.0,12163,12165,4,0,standard_liquidity_sweep,0,1,0,0.48855207129942085,0.6462295077523375,0,0,0,1,0.30263017824855204,9.0,-0.04555052167452631,0.04555052167452631,,,Overlap,2.0644036714003664,previous_day_high|above|1785.02,previous_day_high|above|1785.02|12165,prior_period
12177,12175,below,12175201.0,session_low,1780.755,0.5,3.0,12172,12172,4,0,displacement_confirmed_sweep,0,1,1,0.531951352870532,0.8901943437027056,1,1,0,1,0.5528468620386519,8.0,-0.13725853126479126,0.13725853126479126,prev_asia_low,completed_previous_session_only,London,0.8901943437027056,session_low|below|1780.755,session_low|below|1780.755|12172,session
12182,12181,above,12181101.0,previous_week_high,1800.47,0.55,26.0,12155,12155,4,1,tradeable_sweep_candidate,0,1,0,0.7175,1.0444455467726534,0,0,0,1,1.1450159028575888,6.0,-0.9305225656831598,0.9305225656831598,,,London,4.984009403927992,previous_week_high|above|1800.47,previous_week_high|above|1800.47|12155,prior_period
12184,12184,above,12184101.0,resistance,1795.115,0.55,3.0,12181,12181,3,0,standard_liquidity_sweep,0,1,0,0.4630205619309828,0.25212996456181413,0,0,0,1,0.22005140482745697,9.0,0.04982196833887862,0.04982196833887862,,,Dead,0.3813475425233808,resistance|above|1795.115,resistance|above|1795.115|12181,s_r
12195,12193,below,12193201.0,previous_day_low,1792.185,0.5,2.0,12191,12191,4,0,standard_liquidity_sweep,0,1,0,0.494841751366037,1.3856374953494386,0,0,0,1,0.4308543784150924,8.0,-0.2695848624720197,0.2695848624720197,,,London,1.6391006881767824,previous_day_low|below|1792.185,previous_day_low|below|1792.185|12191,prior_period
12199,12197,below,12197202.0,session_low,1788.605,0.45,3.0,12194,12194,4,0,micro_interaction_sweep,1,0,0,0.5399028184626116,0.0925153146360504,0,0,0,1,0.40879989451006643,8.0,0.15081314789617511,0.15081314789617511,prev_london_low,completed_previous_session_only,Asia,0.4910576175691387,session_low|below|1788.605,session_low|below|1788.605|12194,session
12200,12200,below,12200201.0,session_low,1790.96,0.45,4.0,12196,12196,3,1,tradeable_sweep_candidate,0,1,0,0.67749046526173,0.4978397310884659,0,0,0,1,0.7332379859506326,8.0,0.7927215494695041,0.7927215494695041,prev_ny_low,completed_previous_session_only,Overlap,0.4978397310884659,session_low|below|1790.96,session_low|below|1790.96|12196,session
12204,12203,above,12203101.0,previous_day_high,1798.97,0.55,1.0,12202,12202,4,1,tradeable_sweep_candidate,0,1,0,0.6053626307487734,0.18618532610037358,0,0,0,1,0.5297441133615646,10.0,-0.38856380944048685,0.38856380944048685,,,Asia,0.18618532610037358,previous_day_high|above|1798.97,previous_day_high|above|1798.97|12202,prior_period
12210,12210,below,12210201.0,support,1795.1433333333334,0.55,9.0,12205,12201,3,0,micro_interaction_sweep,1,0,0,0.5225226261130405,0.15924755530700255,1,0,0,1,0.3688065652826012,9.0,0.3806687570610774,0.3806687570610774,,,Asia,0.9333467657611928,support|below|1795.1433,support|below|1795.1433|12201,s_r
12232,12229,below,12229201.0,previous_week_low,1771.775,0.6000000000000001,15.0,12212,12214,4,0,displacement_confirmed_sweep,0,1,1,0.56044307803938,1.6263290169342823,1,0,0,1,0.8294307803938002,10.0,-0.6539742691566589,0.6539742691566589,,,London,3.191103376901549,previous_week_low|below|1771.775,previous_week_low|below|1771.775|12214,prior_period
12237,12236,above,12236101.0,equal_high,1795.9540596833217,0.6194085583893207,16.0,2192,12220,4,0,micro_interaction_sweep,1,0,0,0.4359785548806287,0.03015222479091085,1,0,0,1,0.1590660382082462,8.0,0.2991866243077224,0.2991866243077224,,,Overlap,4.143881538725989,equal_high|above|1795.9541,equal_high|above|1795.9541|12220,eqh_eql
12254,12254,above,12254102.0,resistance,1827.0608695652174,0.6105905083609401,3.0,6865,12251,3,0,standard_liquidity_sweep,0,1,0,0.6179227283092791,0.2675978389780502,0,0,0,1,0.3417330120172942,7.0,0.0006662169991219545,0.0006662169991219545,,,London,0.5417451578882831,resistance|above|1827.0609,resistance|above|1827.0609|12251,s_r
12258,12255,above,12255102.0,previous_day_high,1827.05,0.55,3.0,12252,12252,4,0,micro_interaction_sweep,1,0,0,0.5268517263213489,0.11392310684736995,1,0,0,1,0.535183929880156,8.0,0.018054397634524783,0.018054397634524783,,,Overlap,0.4195198770246432,previous_day_high|above|1827.05,previous_day_high|above|1827.05|12252,prior_period
12272,12271,below,12271202.0,session_low,1854.825,0.45,4.0,12267,12267,4,1,tradeable_sweep_candidate,0,1,0,0.6319857325405973,0.3165394133416631,0,0,0,1,0.9702668919875362,8.0,0.23972110696752744,0.23972110696752744,prev_london_low,completed_previous_session_only,Asia,0.7221888518322143,session_low|below|1854.825,session_low|below|1854.825|12267,session
12274,12273,above,12273102.0,previous_day_high,1865.87,0.55,4.0,12266,12269,4,0,standard_liquidity_sweep,0,1,0,0.47904693077193844,0.768511935869784,0,0,0,1,0.278867326929846,9.0,0.07124347768276548,0.07124347768276548,,,Overlap,2.0907823103242698,previous_day_high|above|1865.87,previous_day_high|above|1865.87|12269,prior_period
12275,12273,above,12273103.0,session_high,1863.26,0.45,4.0,12269,12269,4,0,standard_liquidity_sweep,0,1,0,0.5269503722290018,0.5019582943255853,0,0,0,1,0.278867326929846,9.0,0.07124347768276548,0.07124347768276548,prev_ny_high,completed_previous_session_only,Overlap,1.8146212865415705,session_high|above|1863.26,session_high|above|1863.26|12269,session
12279,12278,above,12278103.0,equal_high,1868.1875,0.75,3.0,2198,12275,4,0,displacement_confirmed_sweep,0,1,1,0.48400045814765436,0.5625649693245812,1,0,0,1,0.19750114536913582,8.0,0.45577187392873886,0.45577187392873886,,,London,1.2017591415554885,equal_high|above|1868.1875,equal_high|above|1868.1875|12275,eqh_eql
12284,12283,above,12283102.0,previous_week_high,1868.61,0.55,7.0,12276,12276,4,1,tradeable_sweep_candidate,0,1,1,0.6888932114334988,0.4262689560844302,1,0,0,1,0.5050323638382371,8.0,-0.41837340140691415,0.41837340140691415,,,Asia,1.2480333030781197,previous_week_high|above|1868.61,previous_week_high|above|1868.61|12276,prior_period
12297,12296,below,12296201.0,support,1858.9375,0.55,6.0,12291,12290,4,0,standard_liquidity_sweep,0,1,0,0.4896095927967375,0.2611804453711804,0,0,0,1,0.3199981033448243,9.0,0.2764023710443546,0.2764023710443546,,,London,1.0053750117017783,support|below|1858.9375,support|below|1858.9375|12290,s_r
12301,12301,below,12301201.0,session_low,1858.665,0.45,5.0,12296,12296,3,0,standard_liquidity_sweep,0,1,0,0.6031628032943633,0.04674737599572879,0,0,0,1,0.3514819385577482,10.0,0.10479359655884533,0.10479359655884533,prev_asia_low,completed_previous_session_only,Asia,0.3784736636938439,session_low|below|1858.665,session_low|below|1858.665|12296,session
12302,12301,below,12301202.0,support,1855.6706410201452,0.7,5.0,10655,12296,4,0,standard_liquidity_sweep,0,1,0,0.5930171174181322,0.4250674438265692,0,0,0,1,0.3514819385577482,10.0,0.10479359655884533,0.10479359655884533,,,Asia,0.7464236680835208,support|below|1855.6706,support|below|1855.6706|12296,s_r
12305,12305,below,12305201.0,support,1844.4730466809222,0.55,43.0,12305,12262,3,0,micro_interaction_sweep,1,0,0,0.5277344289549147,0.17876620973320895,0,0,0,1,0.3922527390539534,10.0,0.21417049371164842,0.21417049371164842,,,Dead,3.397714649764437,support|below|1844.473,support|below|1844.473|12262,s_r
12321,12320,below,12320201.0,support,1781.8800000000003,0.6,4.0,2590,12316,4,0,standard_liquidity_sweep,0,1,0,0.4799599785962,0.7687789520396159,0,0,0,1,0.2595059594977189,10.0,0.005660428619295946,0.005660428619295946,,,London,1.2037463309111416,support|below|1781.88,support|below|1781.88|12316,s_r
12322,12320,below,12320203.0,session_low,1788.315,0.5,3.0,12317,12317,4,0,standard_liquidity_sweep,0,1,0,0.5705783233056536,0.09661963731476104,0,0,0,1,0.2595059594977189,10.0,0.005660428619295946,0.005660428619295946,prev_asia_low,completed_previous_session_only,London,0.5708943995865388,session_low|below|1788.315,session_low|below|1788.315|12317,session
12332,12332,below,12332204.0,support,1787.295,0.55,4.0,10661,12328,3,0,standard_liquidity_sweep,0,1,0,0.6532551387703891,1.2119084901471486,0,0,0,1,0.6188751865053911,10.0,0.1617645251592629,0.1617645251592629,,,Overlap,2.640083566647982,support|below|1787.295,support|below|1787.295|12328,s_r
12333,12333,below,12333201.0,session_low,1782.385,0.45,10.0,12323,12323,3,0,standard_liquidity_sweep,0,1,0,0.5839949165243714,0.8843127375373752,0,0,0,1,0.7982824985770467,8.0,1.1574418570200207,1.1574418570200207,prev_ny_low,completed_previous_session_only,Dead,3.222289284691633,session_low|below|1782.385,session_low|below|1782.385|12323,session
12334,12333,below,12333203.0,swing_low,1778.475,0.4,11.0,12320,12322,4,0,standard_liquidity_sweep,0,1,0,0.49133180783211783,1.2676456426117892,0,0,0,1,0.7982824985770467,8.0,1.1574418570200207,1.1574418570200207,,,Dead,3.6859195000787373,swing_low|below|1778.475,swing_low|below|1778.475|12322,swing
12336,12335,above,12335101.0,previous_day_high,1795.895,0.5,1.0,12334,12334,4,0,micro_interaction_sweep,1,0,0,0.5275993750069597,0.09841489254449813,0,0,0,1,0.32579639291102397,10.0,-0.026830291180904523,0.026830291180904523,,,Asia,0.09841489254449813,previous_day_high|above|1795.895,previous_day_high|above|1795.895|12334,prior_period
12343,12342,above,12342102.0,session_high,1796.12,0.45,5.0,12337,12337,4,0,displacement_confirmed_sweep,0,1,1,0.6584968465049729,0.01102849325051452,1,0,0,1,0.5071504642544769,9.0,-0.30489402910536945,0.30489402910536945,prev_london_high,completed_previous_session_only,London,1.1784228415253772,session_high|above|1796.12,session_high|above|1796.12|12337,session
12344,12343,below,12343201.0,support,1773.5499999999997,0.65,10.0,12333,12333,4,0,standard_liquidity_sweep,0,1,0,0.4662754504478001,2.895487025579928,0,0,0,1,0.2052719594528337,10.0,0.24495271782857211,0.24495271782857211,,,Overlap,2.895487025579928,support|below|1773.55,support|below|1773.55|12333,s_r
12346,12343,below,12343202.0,previous_day_low,1781.13,0.55,4.0,12339,12339,4,0,standard_liquidity_sweep,0,1,0,0.5634401361302736,2.1327488273558894,0,0,0,1,0.2052719594528337,10.0,0.24495271782857211,0.24495271782857211,,,Overlap,2.1327488273558894,previous_day_low|below|1781.13,previous_day_low|below|1781.13|12339,prior_period
12348,12347,below,12347201.0,session_low,1787.925,0.45,5.0,12342,12342,4,1,tradeable_sweep_candidate,0,1,0,0.6549618600454354,0.016182256391093653,0,0,0,1,0.9651004989190579,9.0,-0.14870512516267353,0.14870512516267353,prev_asia_low,completed_previous_session_only,Asia,1.449001326441382,session_low|below|1787.925,session_low|below|1787.925|12342,session
12357,12354,below,12354202.0,swing_low,1769.815,0.4,9.0,12343,12345,4,0,standard_liquidity_sweep,0,1,0,0.48723839940550157,0.591606786086049,0,0,0,1,0.5973839940550153,10.0,-0.23471944296462183,0.23471944296462183,,,London,1.5824708089706139,swing_low|below|1769.815,swing_low|below|1769.815|12345,swing
12365,12365,below,12365201.0,support,1781.0498501591505,0.65,3.0,10669,12362,3,0,standard_liquidity_sweep,0,1,0,0.4993002484264266,0.35996644883163,0,0,0,1,0.23783395439939986,8.0,0.11787194250743677,0.11787194250743677,,,Asia,0.5842644058202678,support|below|1781.0499,support|below|1781.0499|12362,s_r
12373,12372,below,12372201.0,support,1776.870265966439,0.65,7.0,10670,12365,4,0,standard_liquidity_sweep,0,1,0,0.5193574568002952,0.44679081860392716,0,0,0,1,0.3456829923861472,7.0,0.3273904084081368,0.3273904084081368,,,London,0.7826230107755183,support|below|1776.8703,support|below|1776.8703|12365,s_r
12378,12377,above,12377101.0,previous_day_high,1790.325,0.5,1.0,12376,12376,4,0,micro_interaction_sweep,1,0,0,0.5700869540263811,0.2246082857091,0,0,0,1,0.35319086820274836,10.0,-0.2083760595333411,0.2083760595333411,,,Asia,0.2246082857091,previous_day_high|above|1790.325,previous_day_high|above|1790.325|12376,prior_period
12379,12378,below,12378201.0,session_low,1783.72,0.45,3.0,12375,12375,4,0,standard_liquidity_sweep,0,1,0,0.5583732107149043,1.073988558412456,0,0,0,1,0.526791388523146,9.0,-0.29273123366985393,0.29273123366985393,prev_ny_low,completed_previous_session_only,London,1.073988558412456,session_low|below|1783.72,session_low|below|1783.72|12375,session
12390,12389,below,12389201.0,previous_day_low,1773.105,0.55,2.0,12385,12387,4,0,micro_interaction_sweep,1,0,0,0.6420734433723888,0.062164132325594194,0,0,0,1,0.4572669417643051,9.0,-0.29565956983785757,0.29565956983785757,,,Asia,0.7000419245616379,previous_day_low|below|1773.105,previous_day_low|below|1773.105|12387,prior_period
12397,12396,above,12396102.0,previous_day_high,1788.175,0.55,2.0,12394,12394,4,0,micro_interaction_sweep,1,0,0,0.5755088193410682,0.21158080321005837,0,0,0,1,0.2162941943140564,9.0,0.08258151616055347,0.08258151616055347,,,London,0.5606882403962278,previous_day_high|above|1788.175,previous_day_high|above|1788.175|12394,prior_period
12403,12402,below,12402201.0,equal_low,1770.0887125282434,0.7000000000000001,13.0,2215,12389,4,0,standard_liquidity_sweep,0,1,0,0.5816957433317422,2.4322820410250166,0,0,0,1,0.3316331249952065,7.0,0.8127447570483467,0.8127447570483467,,,London,2.989247440795293,equal_low|below|1770.0887,equal_low|below|1770.0887|12389,eqh_eql
12410,12409,below,12409203.0,previous_day_low,1766.385,0.6,5.0,12402,12404,4,1,tradeable_sweep_candidate,0,1,0,0.720079081326035,0.4933192972558594,0,0,0,1,0.9424574799270165,9.0,0.09062091153143002,0.09062091153143002,,,Overlap,0.9236856406752553,previous_day_low|below|1766.385,previous_day_low|below|1766.385|12404,prior_period
12420,12420,above,12420101.0,resistance,1808.8801268902157,0.763184059229395,76.0,2595,12344,3,1,tradeable_sweep_candidate,0,1,0,0.6876241376781895,0.1521221230769118,0,0,0,1,0.5099465646910748,8.0,0.2326053372165696,0.2326053372165696,,,London,7.01634324016706,resistance|above|1808.8801,resistance|above|1808.8801|12344,s_r
12434,12433,below,12433201.0,previous_day_low,1788.205,0.65,4.0,12428,12429,4,0,displacement_confirmed_sweep,0,1,1,0.5886406459951112,0.5810467279179047,1,0,1,1,0.5030731266177784,10.0,-0.0029079371480769684,0.0029079371480769684,,,Overlap,1.1850740746070438,previous_day_low|below|1788.205,previous_day_low|below|1788.205|12429,prior_period
12446,12445,above,12445101.0,previous_day_high,1808.385,0.6,3.0,12441,12442,4,0,standard_liquidity_sweep,0,1,0,0.5101944180005527,0.8910914235628893,0,0,0,1,0.34631937833471493,10.0,-0.02839976678827906,0.02839976678827906,,,Overlap,0.8910914235628893,previous_day_high|above|1808.385,previous_day_high|above|1808.385|12442,prior_period
12449,12447,above,12447103.0,session_high,1808.22,0.45,3.0,12444,12444,4,0,micro_interaction_sweep,1,0,0,0.5223902831897296,-0.0008283529323199566,0,0,0,1,0.5822361652306284,10.0,-0.07371126416147993,0.07371126416147993,prev_asia_high,completed_previous_session_only,Dead,0.8645995163758902,session_high|above|1808.22,session_high|above|1808.22|12444,session
12451,12451,above,12451101.0,session_high,1809.41,0.45,4.0,12447,12447,3,0,standard_liquidity_sweep,0,1,0,0.6015952321454172,0.1157671961250922,0,0,0,1,0.6708370401284366,10.0,0.3129442070890029,0.3129442070890029,prev_ny_high,completed_previous_session_only,Overlap,0.6912162483271123,session_high|above|1809.41,session_high|above|1809.41|12447,session
12457,12454,above,12454105.0,session_high,1810.185,0.45,3.0,12451,12451,4,0,micro_interaction_sweep,1,0,0,0.5801612147077371,0.17980380933907403,1,0,0,1,0.3393769730694693,9.0,-0.2764974831352776,0.2764974831352776,prev_london_high,completed_previous_session_only,Asia,0.44439773581200076,session_high|above|1810.185,session_high|above|1810.185|12451,session
12459,12457,below,12457202.0,session_low,1806.885,0.45,4.0,12453,12453,4,0,displacement_confirmed_sweep,0,1,1,0.43666444283373884,1.137186090891487,1,0,0,1,0.3062444404176804,8.0,0.13299533043911346,0.13299533043911346,prev_ny_low,completed_previous_session_only,Overlap,1.9068171303212689,session_low|below|1806.885,session_low|below|1806.885|12453,session
12463,12461,below,12461202.0,previous_day_low,1804.015,0.5,1.0,12460,12460,4,0,standard_liquidity_sweep,0,1,0,0.6543005311587721,0.34866130803228146,0,0,0,1,1.5922905115869097,9.0,1.233485136150531,1.233485136150531,,,Asia,0.34866130803228146,previous_day_low|below|1804.015,previous_day_low|below|1804.015|12460,prior_period
12486,12486,below,12486201.0,session_low,1802.755,0.45,5.0,12481,12481,3,0,standard_liquidity_sweep,0,1,0,0.6574625548510434,0.4173677043867493,0,0,0,1,0.6162922151771005,10.0,1.030659335961642,1.030659335961642,prev_london_low,completed_previous_session_only,London,0.4173677043867493,session_low|below|1802.755,session_low|below|1802.755|12481,session
12494,12491,above,12491101.0,previous_day_high,1816.705,0.5,1.0,12490,12490,4,0,displacement_confirmed_sweep,0,1,1,0.5453930986563191,0.575386213586327,1,0,0,1,0.5134561687558274,8.0,-0.2415370734679923,0.2415370734679923,,,Asia,0.575386213586327,previous_day_high|above|1816.705,previous_day_high|above|1816.705|12490,prior_period
12500,12498,below,12498202.0,support,1789.355,0.6000000000000001,21.0,12478,12477,4,0,standard_liquidity_sweep,0,1,0,0.4541528576814569,1.4601216870174156,0,0,0,1,0.245798810870309,10.0,-0.2337456348715412,0.2337456348715412,,,London,6.227885124534933,support|below|1789.355,support|below|1789.355|12477,s_r
12504,12504,below,12504203.0,previous_day_low,1786.295,0.65,5.0,12499,12499,3,0,displacement_confirmed_sweep,0,1,1,0.6865747067806555,0.6597428855814172,0,0,1,1,0.4768534336183052,10.0,0.1979510937964661,0.1979510937964661,,,London,0.6674579809465828,previous_day_low|below|1786.295,previous_day_low|below|1786.295|12499,prior_period
12510,12509,above,12509104.0,previous_day_high,1796.675,0.55,4.0,12505,12505,4,1,tradeable_sweep_candidate,0,1,0,0.6663744990430541,0.49083644180922636,0,0,0,1,0.5304116570972082,8.0,-0.1446577246628639,0.1446577246628639,,,Asia,0.49083644180922636,previous_day_high|above|1796.675,previous_day_high|above|1796.675|12505,prior_period
12511,12510,below,12510201.0,session_low,1794.22,0.45,3.0,12507,12507,4,0,standard_liquidity_sweep,0,1,0,0.593187256457119,0.7206097765613362,0,0,0,1,0.5071222224639529,7.0,-0.014122391005341454,0.014122391005341454,prev_ny_low,completed_previous_session_only,London,0.7206097765613362,session_low|below|1794.22,session_low|below|1794.22|12507,session
12516,12516,above,12516101.0,resistance,1806.295,0.55,3.0,6918,12513,3,0,micro_interaction_sweep,1,0,0,0.5671817237295262,0.039306392439835164,1,0,0,1,0.2948946980032608,8.0,0.06866124438021826,0.06866124438021826,,,London,0.15376998237550926,resistance|above|1806.295,resistance|above|1806.295|12513,s_r
12530,12529,below,12529202.0,support,1815.2212948128536,0.6,8.0,10701,12521,4,0,standard_liquidity_sweep,0,1,0,0.49138370349724464,0.506481750821464,0,0,0,1,0.27845925874311156,6.0,0.2883308493622119,0.2883308493622119,,,Overlap,1.6177505778778638,support|below|1815.2213,support|below|1815.2213|12521,s_r
12533,12532,above,12532101.0,session_high,1825.845,0.45,3.0,12529,12529,4,0,micro_interaction_sweep,1,0,0,0.4767227482169789,0.1161602214887133,0,0,0,1,0.345973537209114,8.0,-0.15681978088451867,0.15681978088451867,prev_london_high,completed_previous_session_only,Asia,0.8141542902197505,session_high|above|1825.845,session_high|above|1825.845|12529,session
12541,12538,above,12538101.0,previous_day_high,1818.415,0.55,1.0,12537,12537,4,0,micro_interaction_sweep,1,0,0,0.4205603513435033,0.046061606008083386,0,0,1,1,0.2534842116920915,8.0,-0.17279309607304966,0.17279309607304966,,,Asia,0.046061606008083386,previous_day_high|above|1818.415,previous_day_high|above|1818.415|12537,prior_period
12546,12545,below,12545201.0,swing_low,1813.035,0.4,6.0,12537,12539,4,1,tradeable_sweep_candidate,0,1,0,0.6432339894871748,0.8390265342118151,0,0,0,1,0.7156732282050813,9.0,-0.5455320456506421,0.5455320456506421,,,Asia,1.7011292528385538,swing_low|below|1813.035,swing_low|below|1813.035|12539,swing
12559,12558,above,12558102.0,session_high,1843.235,0.45,3.0,12555,12555,4,1,tradeable_sweep_candidate,0,1,0,0.5940170734038063,0.9472331354379651,0,0,0,1,0.43039653824036717,8.0,-0.31014946452415587,0.31014946452415587,prev_ny_high,completed_previous_session_only,London,0.9472331354379651,session_high|above|1843.235,session_high|above|1843.235|12555,session
12561,12560,below,12560201.0,session_low,1840.025,0.45,5.0,12555,12555,4,0,micro_interaction_sweep,1,0,0,0.4970064131994183,0.20076384987145565,0,0,0,1,0.4175160329985457,9.0,-0.129143799310637,0.129143799310637,prev_ny_low,completed_previous_session_only,NY,0.8967205558227932,session_low|below|1840.025,session_low|below|1840.025|12555,session
12564,12563,below,12563202.0,session_low,1837.18,0.5,5.0,12558,12558,4,1,tradeable_sweep_candidate,0,1,0,0.6509960488948048,0.4794032644111393,0,0,0,1,1.0711345009417492,9.0,-0.2780208262001587,0.2780208262001587,prev_ny_low,completed_previous_session_only,Asia,1.3139192445089531,session_low|below|1837.18,session_low|below|1837.18|12558,session
12572,12571,below,12571201.0,previous_day_low,1832.075,0.55,3.0,12568,12568,4,0,displacement_confirmed_sweep,0,1,1,0.48524676625920266,0.2619460402672992,1,0,0,1,0.3256169156480066,9.0,1.147350942932959,1.147350942932959,,,Overlap,1.0856562259034954,previous_day_low|below|1832.075,previous_day_low|below|1832.075|12568,prior_period
12579,12576,above,12576101.0,previous_week_high,1847.8,0.55,8.0,12568,12568,4,0,displacement_confirmed_sweep,0,1,1,0.5364342873290577,1.3966426944167367,0,0,1,1,1.0859233943450362,8.0,-0.29413083712871685,0.29413083712871685,,,London,1.872303432894939,previous_week_high|above|1847.8,previous_week_high|above|1847.8|12568,prior_period
12614,12613,above,12613101.0,previous_day_high,1808.665,0.6,5.0,12606,12608,4,0,displacement_confirmed_sweep,0,1,1,0.48956854632264046,0.8036997421062709,1,0,1,1,0.2843380324732679,10.0,-0.06113267698176165,0.06113267698176165,,,Overlap,1.6318740576526614,previous_day_high|above|1808.665,previous_day_high|above|1808.665|12608,prior_period
12619,12618,below,12618204.0,session_low,1800.425,0.45,5.0,12613,12613,4,1,tradeable_sweep_candidate,0,1,1,0.6883333333333334,0.43364558567283806,1,0,0,1,0.8487698492328727,8.0,0.2770898133234627,0.2770898133234627,prev_london_low,completed_previous_session_only,London,1.2326053707716267,session_low|below|1800.425,session_low|below|1800.425|12613,session
12624,12623,above,12623103.0,previous_day_high,1807.66,0.55,5.0,12618,12618,4,1,tradeable_sweep_candidate,0,1,0,0.7132987510016126,0.11341761832653888,0,0,0,1,0.9996541766827918,10.0,-0.37982372606945036,0.37982372606945036,,,Asia,2.3837015783009416,previous_day_high|above|1807.66,previous_day_high|above|1807.66|12618,prior_period
12625,12624,below,12624201.0,session_low,1804.405,0.45,3.0,12621,12621,4,1,tradeable_sweep_candidate,0,1,0,0.6443497517095058,1.3159247202406275,0,0,0,1,1.5846880684161793,7.0,-0.024242410064344508,0.024242410064344508,prev_ny_low,completed_previous_session_only,London,1.3159247202406275,session_low|below|1804.405,session_low|below|1804.405|12621,session
12630,12630,above,12630102.0,equal_high,1815.005,0.75,5.0,2258,12625,3,0,standard_liquidity_sweep,0,1,0,0.5800702534907624,0.6832336443696766,0,0,0,1,0.26483806541599586,9.0,0.13569299414158675,0.13569299414158675,,,London,0.9619563700183232,equal_high|above|1815.005,equal_high|above|1815.005|12625,eqh_eql
12642,12642,above,12642101.0,resistance,1828.7909392089625,0.7,4.0,12639,12638,3,1,tradeable_sweep_candidate,0,1,0,0.6588728467956936,0.36762278051262187,0,0,0,1,0.4736974937052648,7.0,0.04329537717374493,0.04329537717374493,,,London,0.45869066834542527,resistance|above|1828.7909,resistance|above|1828.7909|12638,s_r
12649,12649,above,12649102.0,resistance,1836.1938559463972,0.65,5.0,2646,12644,3,1,tradeable_sweep_candidate,0,1,0,0.722804771256233,0.8063456085370635,0,0,0,1,0.6863810458956632,8.0,-0.11049423554873729,0.11049423554873729,,,Overlap,0.8063456085370635,resistance|above|1836.1939,resistance|above|1836.1939|12644,s_r
12650,12649,above,12649101.0,session_high,1834.53,0.45,4.0,12645,12645,4,1,tradeable_sweep_candidate,0,1,1,0.5983333177543644,0.5299379544097286,1,0,0,1,0.6863810458956632,8.0,-0.11049423554873729,0.11049423554873729,prev_ny_high,completed_previous_session_only,Overlap,0.5299379544097286,session_high|above|1834.53,session_high|above|1834.53|12645,session
12661,12660,below,12660201.0,support,1853.815,0.55,3.0,10728,12657,4,0,micro_interaction_sweep,1,0,0,0.5026914954127981,0.20035361210678235,1,0,0,1,0.15363664684452086,8.0,1.4320311336476557,1.4320311336476557,,,London,0.20035361210678235,support|below|1853.815,support|below|1853.815|12657,s_r
12667,12666,below,12666201.0,previous_day_low,1850.68,0.55,5.0,12661,12661,4,0,standard_liquidity_sweep,0,1,0,0.5699769624735116,0.44117469488141414,0,0,0,1,0.6497696247351163,10.0,-0.20556533155284654,0.20556533155284654,,,London,3.373570743364265,previous_day_low|below|1850.68,previous_day_low|below|1850.68|12661,prior_period
12671,12671,above,12671101.0,resistance,1856.555,0.5754271002340521,5.0,12669,12666,3,0,micro_interaction_sweep,1,0,0,0.4690369765342758,0.16367623380163862,0,0,0,1,0.2192005036894068,9.0,0.21935685366312743,0.21935685366312743,,,Asia,0.8034347983216505,resistance|above|1856.555,resistance|above|1856.555|12666,s_r
12697,12697,below,12697201.0,session_low,1901.075,0.45,4.0,12693,12693,3,0,standard_liquidity_sweep,0,1,0,0.6382200059742097,0.03199409170877755,0,0,0,1,0.6987174643589446,9.0,0.22794697497973893,0.22794697497973893,prev_ny_low,completed_previous_session_only,Overlap,0.9619468230301055,session_low|below|1901.075,session_low|below|1901.075|12693,session
12710,12710,below,12710204.0,previous_day_low,1889.505,0.55,7.0,12701,12703,3,1,tradeable_sweep_candidate,0,1,0,0.6083300186901213,1.9477818808641074,0,0,0,1,0.660624323701263,7.0,-0.04118251373029674,0.04118251373029674,,,NY,6.676793314329543,previous_day_low|below|1889.505,previous_day_low|below|1889.505|12703,prior_period
12711,12710,below,12710201.0,session_low,1904.49,0.45,5.0,12705,12705,4,0,standard_liquidity_sweep,0,1,0,0.5841666666666667,0.9933178035342014,0,0,0,1,0.660624323701263,7.0,-0.04118251373029674,0.04118251373029674,prev_ny_low,completed_previous_session_only,NY,5.488741924253812,session_low|below|1904.49,session_low|below|1904.49|12705,session
12722,12721,below,12721201.0,previous_day_low,1903.845,0.55,3.0,12718,12718,4,0,displacement_confirmed_sweep,0,1,1,0.5884095603205363,0.3875994332959731,0,0,1,1,0.7507622698720292,8.0,-0.29422539682533355,0.29422539682533355,,,Overlap,0.3875994332959731,previous_day_low|below|1903.845,previous_day_low|below|1903.845|12718,prior_period
12750,12750,below,12750201.0,support,1975.221086956522,0.6,3.0,10746,12747,3,1,tradeable_sweep_candidate,0,1,1,0.7190628377511483,1.648930435603001,1,0,0,1,0.6906283775114833,6.0,0.5041198479085616,0.5041198479085616,,,London,1.648930435603001,support|below|1975.2211,support|below|1975.2211|12747,s_r
12763,12762,below,12762201.0,support,1984.6250000000005,0.55,7.0,12760,12755,4,0,standard_liquidity_sweep,0,1,0,0.49418159567261605,1.2611016068277097,0,0,0,1,0.2740657479183168,8.0,0.07622127988075683,0.07622127988075683,,,London,2.9915897671672598,support|below|1984.625,support|below|1984.625|12755,s_r
12774,12774,below,12774202.0,previous_day_low,1972.625,0.5,2.0,12772,12772,3,1,tradeable_sweep_candidate,0,1,0,0.5977804901011592,0.9025213811123065,0,0,0,1,0.6535677557062726,8.0,0.03749225627123039,0.03749225627123039,,,London,0.9025213811123065,previous_day_low|below|1972.625,previous_day_low|below|1972.625|12772,prior_period
12781,12781,below,12781201.0,previous_week_low,1958.405,0.7000000000000001,6.0,12774,12775,3,0,standard_liquidity_sweep,0,1,0,0.6406096088265104,0.2798440251144949,0,0,0,1,0.47925008671229413,10.0,0.025023273540031112,0.025023273540031112,,,London,1.439257175020828,previous_week_low|below|1958.405,previous_week_low|below|1958.405|12775,prior_period
12795,12795,below,12795201.0,support,1906.935,0.6,6.0,2671,12789,3,1,tradeable_sweep_candidate,0,1,0,0.6799025919170111,0.0242778117435098,0,0,0,1,0.6199544954650887,8.0,1.1758429464197924,1.1758429464197924,,,NY,0.9302460171117346,support|below|1906.935,support|below|1906.935|12789,s_r
12805,12805,below,12805201.0,support,1929.9150000000002,0.55,7.0,12803,12798,3,0,standard_liquidity_sweep,0,1,0,0.6268455526339635,0.2575352055549581,0,0,0,1,0.5256252979353535,8.0,0.24599362780497436,0.24599362780497436,,,London,0.9760957303270533,support|below|1929.915,support|below|1929.915|12798,s_r
12818,12818,below,12818203.0,support,1918.0205580056652,0.6,11.0,10757,12807,3,1,tradeable_sweep_candidate,0,1,0,0.6184260119044853,0.452421281342521,0,0,0,1,0.4115803654830742,8.0,0.06846261862627268,0.06846261862627268,,,Overlap,1.6557024022573383,support|below|1918.0206,support|below|1918.0206|12807,s_r
12827,12825,above,12825103.0,previous_day_high,1938.315,0.5,4.0,12821,12821,4,0,standard_liquidity_sweep,0,1,0,0.5720238123108717,0.1679562265666212,0,0,0,1,0.911904789775383,9.0,0.02986215486674845,0.02986215486674845,,,NY,1.6200202510613142,previous_day_high|above|1938.315,previous_day_high|above|1938.315|12821,prior_period
12848,12847,below,12847203.0,previous_week_low,1910.58,0.55,8.0,12839,12839,4,1,tradeable_sweep_candidate,0,1,0,0.6416318197295725,0.19028805521305153,0,0,0,1,1.6268782568776554,10.0,0.021286994395780835,0.021286994395780835,,,London,2.205059724663517,previous_week_low|below|1910.58,previous_week_low|below|1910.58|12839,prior_period
12849,12846,below,12846202.0,previous_day_low,1916.945,0.6,2.0,12843,12844,4,0,standard_liquidity_sweep,0,1,0,0.539053587165375,0.5156961950222865,0,0,0,1,0.6572025383204165,9.0,0.19028805521305153,0.19028805521305153,,,Asia,0.8214879309924861,previous_day_low|below|1916.945,previous_day_low|below|1916.945|12844,prior_period
12854,12854,above,12854101.0,resistance,1934.4099999999999,0.5548270691021709,11.0,12854,12843,3,0,micro_interaction_sweep,1,0,0,0.4836896233949541,0.23731239843723104,0,0,0,1,0.25749187780873106,9.0,0.24423305590310163,0.24423305590310163,,,Overlap,2.144861787175019,resistance|above|1934.41,resistance|above|1934.41|12843,s_r
12856,12853,above,12853102.0,previous_day_high,1928.155,0.55,2.0,12851,12851,4,0,standard_liquidity_sweep,0,1,0,0.5176308077840842,0.7673634157578206,0,0,0,1,0.5263080778408421,10.0,0.23429754038087208,0.23429754038087208,,,London,0.7673634157578206,previous_day_high|above|1928.155,previous_day_high|above|1928.155|12851,prior_period
12858,12858,above,12858101.0,session_high,1928.335,0.45,5.0,12853,12853,3,0,standard_liquidity_sweep,0,1,0,0.560737270591404,0.4562090452759264,0,0,0,1,0.5124809941672526,9.0,0.23230594515824388,0.23230594515824388,prev_asia_high,completed_previous_session_only,Asia,0.4562090452759264,session_high|above|1928.335,session_high|above|1928.335|12853,session
12861,12859,above,12859101.0,resistance,1938.405,0.6,4.0,2685,12855,4,0,standard_liquidity_sweep,0,1,0,0.45507150316623685,1.1774860937414244,0,0,0,1,0.2585120912489255,10.0,0.07442863979417896,0.07442863979417896,,,London,1.4063693526034373,resistance|above|1938.405,resistance|above|1938.405|12855,s_r
12870,12870,above,12870101.0,resistance,1926.362391304348,0.6,3.0,12868,12867,3,0,standard_liquidity_sweep,0,1,0,0.5996195448222532,0.6267574834863905,0,0,0,1,0.5378621148891981,7.0,0.035494512925011,0.035494512925011,,,Asia,0.6267574834863905,resistance|above|1926.3624,resistance|above|1926.3624|12867,s_r
12878,12877,above,12877104.0,session_high,1933.52,0.5,3.0,12874,12874,4,1,tradeable_sweep_candidate,0,1,1,0.6877374928427294,0.4300425886949641,1,0,0,1,0.6632203057500243,10.0,0.0030146377534065014,0.0030146377534065014,prev_asia_high,completed_previous_session_only,London,0.4300425886949641,session_high|above|1933.52,session_high|above|1933.52|12874,session
12883,12883,below,12883201.0,session_low,1923.915,0.45,5.0,12878,12878,3,0,standard_liquidity_sweep,0,1,0,0.5893788180317834,0.5334078782933914,0,0,0,1,0.5268058244850081,10.0,0.5742822592739502,0.5742822592739502,prev_london_low,completed_previous_session_only,London,0.5334078782933914,session_low|below|1923.915,session_low|below|1923.915|12878,session
12886,12885,above,12885101.0,session_high,1924.59,0.45,5.0,12880,12880,4,0,standard_liquidity_sweep,0,1,0,0.5003775144324728,0.3180139055960948,0,0,0,1,0.43636045274784857,10.0,-0.07606283121292978,0.07606283121292978,prev_ny_high,completed_previous_session_only,NY,0.3689054648773744,session_high|above|1924.59,session_high|above|1924.59|12880,session
12891,12890,above,12890101.0,previous_day_high,1933.325,0.55,3.0,12887,12887,4,0,micro_interaction_sweep,1,0,0,0.5159646625410625,0.1701484758271441,0,0,0,1,0.3711616563526563,7.0,-0.13880842432699572,0.13880842432699572,,,Overlap,0.9942118549894183,previous_day_high|above|1933.325,previous_day_high|above|1933.325|12887,prior_period
12896,12896,above,12896102.0,resistance,1944.485,0.5591846280521975,17.0,2690,12879,3,0,standard_liquidity_sweep,0,1,0,0.5293873421179097,0.5726671483325528,0,0,0,1,0.29012412391714737,9.0,-0.14191124921060547,0.14191124921060547,,,Overlap,2.3286849638721865,resistance|above|1944.485,resistance|above|1944.485|12879,s_r
12902,12900,above,12900102.0,equal_high,1949.72,0.7000000000000001,1.0,2295,12899,4,1,tradeable_sweep_candidate,0,1,0,0.6766204365246142,0.5150346095946535,0,0,0,1,1.0017592835489493,8.0,0.8681913790757789,0.8681913790757789,,,Asia,0.5150346095946535,equal_high|above|1949.72,equal_high|above|1949.72|12899,eqh_eql
12908,12907,above,12907104.0,resistance,1969.4850000000004,0.65,6.0,12901,12901,4,0,standard_liquidity_sweep,0,1,0,0.5447504945436549,1.7022001996221534,0,0,0,1,0.21908945404806815,7.0,-0.0891955081057822,0.0891955081057822,,,London,2.183919606040592,resistance|above|1969.485,resistance|above|1969.485|12901,s_r
12920,12919,below,12919201.0,previous_day_low,1965.505,0.5,2.0,12917,12917,4,1,tradeable_sweep_candidate,0,1,1,0.6255853727363231,0.377258412555925,0,1,0,1,0.5186993894555505,6.0,-0.3699328341623721,0.3699328341623721,,,London,0.734996133875074,previous_day_low|below|1965.505,previous_day_low|below|1965.505|12917,prior_period
12926,12924,above,12924101.0,previous_week_high,1988.455,0.6000000000000001,1.0,12923,12923,4,0,displacement_confirmed_sweep,0,1,1,0.61883414937617,0.33703560014948986,1,0,1,1,0.5273548312440219,6.0,-0.4118107951849344,0.4118107951849344,,,Asia,0.33703560014948986,previous_week_high|above|1988.455,previous_week_high|above|1988.455|12923,prior_period
12949,12949,below,12949203.0,support,1938.6325694307732,0.7,52.0,12943,12897,3,0,standard_liquidity_sweep,0,1,0,0.6940018202065675,0.521225330926872,0,0,0,1,0.5876066723488164,9.0,0.025394532142475335,0.025394532142475335,,,London,5.332054140690713,support|below|1938.6326,support|below|1938.6326|12897,s_r
12972,12971,below,12971201.0,previous_day_low,1881.145,0.55,3.0,12968,12968,4,1,tradeable_sweep_candidate,0,1,1,0.6075646489388233,0.1241846661626897,1,0,0,1,0.8589798227215667,6.0,-0.6947495236405383,0.6947495236405383,,,Asia,0.8607727251703883,previous_day_low|below|1881.145,previous_day_low|below|1881.145|12968,prior_period
12974,12973,above,12973101.0,resistance,1891.415,0.6144950001250258,4.0,12970,12969,4,0,micro_interaction_sweep,1,0,0,0.5167430171824735,0.17087704004112553,0,0,0,1,0.23033943326999767,7.0,0.0878634655647312,0.0878634655647312,,,London,1.6423029908103048,resistance|above|1891.415,resistance|above|1891.415|12969,s_r
12979,12978,above,12978101.0,swing_high,1911.135,0.4,15.0,12961,12963,4,1,tradeable_sweep_candidate,0,1,0,0.5979982207441813,0.3995117742621102,0,0,0,1,0.5868937373605791,8.0,-0.3019590679244633,0.3019590679244633,,,Asia,3.461753270517009,swing_high|above|1911.135,swing_high|above|1911.135|12963,swing
12991,12990,below,12990201.0,support,1854.2950000000003,0.65,5.0,12985,12985,4,0,standard_liquidity_sweep,0,1,0,0.515965699604052,0.4452525900471003,0,0,0,1,0.21231476093903953,6.0,0.27291478564133853,0.27291478564133853,,,Asia,0.9156582260231129,support|below|1854.295,support|below|1854.295|12985,s_r
12994,12991,above,12991101.0,session_high,1865.305,0.5,3.0,12988,12988,4,0,standard_liquidity_sweep,0,1,0,0.49683383011847587,0.6602503665050152,0,0,0,1,0.4858345752961897,7.0,-0.46862964092650733,0.46862964092650733,prev_asia_high,completed_previous_session_only,London,0.6602503665050152,session_high|above|1865.305,session_high|above|1865.305|12988,session
12998,12997,below,12997202.0,session_low,1865.105,0.45,3.0,12994,12994,4,0,displacement_confirmed_sweep,0,1,1,0.4720207129899602,0.428044472920612,1,0,1,1,0.3342184491415671,8.0,0.19734583840886508,0.19734583840886508,prev_ny_low,completed_previous_session_only,London,0.428044472920612,session_low|below|1865.105,session_low|below|1865.105|12994,session
13003,13003,above,13003101.0,resistance,1903.0198783743654,0.65,3.0,7015,13000,3,0,displacement_confirmed_sweep,0,1,1,0.6625769585822546,0.4739917263753025,1,0,0,1,0.4064423964556365,9.0,0.6595763252648218,0.6595763252648218,,,London,0.4739917263753025,resistance|above|1903.0199,resistance|above|1903.0199|13000,s_r
13007,13006,below,13006201.0,previous_week_low,1871.835,0.55,23.0,12983,12983,4,0,standard_liquidity_sweep,0,1,0,0.5527530245130742,0.3962573488715157,0,0,0,1,0.47354922794935206,9.0,-0.14395267228360173,0.14395267228360173,,,Dead,2.274467107449641,previous_week_low|below|1871.835,previous_week_low|below|1871.835|12983,prior_period
13012,13010,above,13010101.0,session_high,1880.895,0.45,4.0,13006,13006,4,0,standard_liquidity_sweep,0,1,0,0.546942887914346,0.011867715544363626,0,0,0,1,0.9110955458101263,9.0,-0.09877445206094194,0.09877445206094194,prev_ny_high,completed_previous_session_only,Overlap,0.8566363940811295,session_high|above|1880.895,session_high|above|1880.895|13006,session
13021,13021,above,13021101.0,session_high,1858.57,0.45,3.0,13018,13018,3,1,tradeable_sweep_candidate,0,1,1,0.5625020437009913,0.08969781463733516,0,1,0,1,0.544772672259973,8.0,0.1475523574908812,0.1475523574908812,prev_ny_high,completed_previous_session_only,London,0.39509341098485146,session_high|above|1858.57,session_high|above|1858.57|13018,session
13027,13027,below,13027201.0,previous_week_low,1850.315,0.55,14.0,13013,13013,3,1,tradeable_sweep_candidate,0,1,0,0.691326902330733,0.17566769893237877,0,0,0,1,1.306081138398818,8.0,0.2580428847603718,0.2580428847603718,,,London,1.840092983024595,previous_week_low|below|1850.315,previous_week_low|below|1850.315|13013,prior_period
13041,13039,below,13039201.0,previous_day_low,1809.695,0.55,2.0,13036,13037,4,0,standard_liquidity_sweep,0,1,0,0.587691929292409,1.1875883550297046,0,0,0,1,0.9019192929240893,7.0,-0.2961899620611001,0.2961899620611001,,,London,1.4229928072952798,previous_day_low|below|1809.695,previous_day_low|below|1809.695|13037,prior_period
13044,13044,below,13044201.0,support,1798.8849999999998,0.7000000000000001,5.0,13039,13039,3,1,tradeable_sweep_candidate,0,1,0,0.6762228775544795,0.9075327728273188,0,0,0,1,0.9217429764820866,7.0,0.1169693581736008,0.1169693581736008,,,Asia,1.384080499377972,support|below|1798.885,support|below|1798.885|13039,s_r
13051,13051,above,13051101.0,resistance,1828.7391071428574,0.6,13.0,13049,13038,3,0,micro_interaction_sweep,1,0,0,0.5954979427352797,0.04777032965414322,0,0,0,1,0.40337346754136855,9.0,0.44895330579008547,0.44895330579008547,,,London,2.377327607072952,resistance|above|1828.7391,resistance|above|1828.7391|13038,s_r
13058,13057,below,13057202.0,session_low,1812.675,0.45,3.0,13054,13054,4,1,tradeable_sweep_candidate,0,1,1,0.5760371084256835,0.6462755782254591,1,0,1,1,0.3537087718934758,10.0,-0.0550857923440805,0.0550857923440805,prev_ny_low,completed_previous_session_only,London,0.6462755782254591,session_low|below|1812.675,session_low|below|1812.675|13054,session
13059,13058,above,13058101.0,resistance,1820.2749999999999,0.6812130202340521,5.0,13054,13053,4,0,displacement_confirmed_sweep,0,1,1,0.496704855425518,0.9731823314118032,1,0,0,1,0.28267066758417925,8.0,0.2719767893065925,0.2719767893065925,,,Overlap,0.9731823314118032,resistance|above|1820.275,resistance|above|1820.275|13053,s_r
13069,13067,above,13067103.0,session_high,1841.455,0.45,3.0,13064,13064,4,0,standard_liquidity_sweep,0,1,0,0.523089324268582,0.36897680107754377,0,0,0,1,0.514369923432692,10.0,-0.2155067663393934,0.2155067663393934,prev_london_high,completed_previous_session_only,Asia,0.36897680107754377,session_high|above|1841.455,session_high|above|1841.455|13064,session
13070,13069,below,13069202.0,session_low,1839.775,0.45,3.0,13066,13066,4,0,displacement_confirmed_sweep,0,1,1,0.5044433202798523,0.7265365901745159,0,1,0,1,0.3679420902328918,10.0,-0.01630768266960962,0.01630768266960962,prev_ny_low,completed_previous_session_only,London,0.7265365901745159,session_low|below|1839.775,session_low|below|1839.775|13066,session
13072,13072,above,13072102.0,equal_high,1849.1149999999998,0.65,3.0,2328,13069,3,0,standard_liquidity_sweep,0,1,0,0.5735147563316791,0.29510165006831895,0,0,0,1,0.44420355749586454,10.0,0.0027556020886899154,0.0027556020886899154,,,Dead,1.3188838359039858,equal_high|above|1849.115,equal_high|above|1849.115|13069,eqh_eql
13077,13077,above,13077101.0,previous_week_high,1853.61,0.6000000000000001,4.0,13073,13073,3,0,standard_liquidity_sweep,0,1,0,0.5884462110480672,0.023281773056531906,0,0,0,1,0.5094621104806708,9.0,0.023498252397037494,0.023498252397037494,,,NY,0.023281773056531906,previous_week_high|above|1853.61,previous_week_high|above|1853.61|13073,prior_period
13082,13081,above,13081101.0,previous_day_high,1865.225,0.6,5.0,13075,13076,4,0,standard_liquidity_sweep,0,1,0,0.5077166154889885,0.9101909894715208,0,0,0,1,0.23778872441221174,10.0,-0.21148018469001204,0.21148018469001204,,,London,1.6002699186778042,previous_day_high|above|1865.225,previous_day_high|above|1865.225|13076,prior_period
13089,13088,below,13088202.0,previous_day_low,1849.205,0.5,3.0,13085,13085,4,0,standard_liquidity_sweep,0,1,0,0.5880810347447081,0.01376276411045507,0,0,0,1,0.9558103474470809,10.0,0.051589660636546,0.051589660636546,,,Overlap,1.1981939025683421,previous_day_low|below|1849.205,previous_day_low|below|1849.205|13085,prior_period
13093,13091,below,13091203.0,session_low,1846.895,0.5,3.0,13088,13088,4,0,standard_liquidity_sweep,0,1,0,0.6039739466456377,0.30801115790733596,0,0,0,1,0.47911837945427754,10.0,0.013244859047414709,0.013244859047414709,prev_ny_low,completed_previous_session_only,Asia,0.6720433493723127,session_low|below|1846.895,session_low|below|1846.895|13088,session
13099,13098,above,13098101.0,previous_day_high,1856.375,0.5,1.0,13097,13097,4,0,standard_liquidity_sweep,0,1,0,0.6094574389091912,0.3542863322441096,0,0,0,1,0.485617948056264,8.0,-0.24897163834356115,0.24897163834356115,,,Asia,0.3542863322441096,previous_day_high|above|1856.375,previous_day_high|above|1856.375|13097,prior_period
13104,13103,above,13103102.0,session_high,1860.315,0.45,4.0,13099,13099,4,0,standard_liquidity_sweep,0,1,0,0.49695965052712066,0.48382047191930455,0,0,0,1,0.3861491263178017,8.0,0.10934304981624735,0.10934304981624735,prev_asia_high,completed_previous_session_only,Asia,0.9313338198724225,session_high|above|1860.315,session_high|above|1860.315|13099,session
13109,13108,below,13108201.0,support,1848.6265815722759,0.6,13.0,13102,13095,4,0,standard_liquidity_sweep,0,1,0,0.4653926949636294,0.9156470873893324,0,0,0,1,0.2343150707424069,9.0,0.03831651887470548,0.03831651887470548,,,Dead,1.7131746920218769,support|below|1848.6266,support|below|1848.6266|13095,s_r
13127,13126,above,13126101.0,previous_week_high,1869.505,0.6000000000000001,23.0,13103,13103,4,0,micro_interaction_sweep,1,0,0,0.5592550712935125,0.16160536315331434,1,0,0,1,0.4689710115671143,8.0,-0.288549188082158,0.288549188082158,,,Dead,4.810379328875989,previous_week_high|above|1869.505,previous_week_high|above|1869.505|13103,prior_period
13135,13135,above,13135101.0,resistance,1853.945,0.55,3.0,7042,13132,3,0,micro_interaction_sweep,1,0,0,0.5738709045171827,0.017393795779153672,0,0,1,1,0.4069849293363371,10.0,0.4865731753895177,0.4865731753895177,,,London,0.12654857378251186,resistance|above|1853.945,resistance|above|1853.945|13132,s_r
13149,13148,above,13148101.0,resistance,1856.40125,0.75,14.0,2742,13134,4,0,standard_liquidity_sweep,0,1,0,0.491964834564546,0.5621514745186633,0,0,0,1,0.20699541974469823,8.0,0.2666319029031788,0.2666319029031788,,,Overlap,2.516559533407851,resistance|above|1856.4012,resistance|above|1856.4012|13134,s_r
13154,13154,below,13154201.0,support,1844.995,0.6,8.0,13147,13146,3,0,standard_liquidity_sweep,0,1,0,0.6669828496017755,0.22625069045375443,0,0,0,1,0.6035590726035137,9.0,0.5161416971760368,0.5161416971760368,,,Overlap,1.3122234598427844,support|below|1844.995,support|below|1844.995|13146,s_r
13160,13159,below,13159202.0,previous_day_low,1839.845,0.55,3.0,13154,13156,4,0,displacement_confirmed_sweep,0,1,1,0.705,0.45225094330831606,1,0,0,1,0.2631827738949268,10.0,0.7016955523287804,0.7016955523287804,,,London,0.8143310290672169,previous_day_low|below|1839.845,previous_day_low|below|1839.845|13156,prior_period
13169,13167,below,13167201.0,previous_week_low,1824.885,0.6000000000000001,6.0,13159,13161,4,0,standard_liquidity_sweep,0,1,0,0.5577156866346225,0.3118449742632104,0,0,0,1,0.5604901996795573,7.0,-0.550110751537333,0.550110751537333,,,NY,4.705107446943249,previous_week_low|below|1824.885,previous_week_low|below|1824.885|13161,prior_period
13174,13172,below,13172201.0,previous_day_low,1811.785,0.55,3.0,13168,13169,4,0,standard_liquidity_sweep,0,1,0,0.4418989043466649,0.3725288440298826,0,0,0,1,0.23599726086666217,8.0,-0.05438999371537329,0.05438999371537329,,,Overlap,1.431635891490261,previous_day_low|below|1811.785,previous_day_low|below|1811.785|13169,prior_period
13177,13177,above,13177102.0,resistance,1830.5753503241153,0.6,10.0,7050,13167,3,1,tradeable_sweep_candidate,0,1,0,0.6154305288016579,0.5354361426811145,0,0,0,1,0.3972352696858612,8.0,0.17526366722035702,0.17526366722035702,,,London,2.1222681004058015,resistance|above|1830.5754,resistance|above|1830.5754|13167,s_r
13180,13179,above,13179102.0,previous_day_high,1831.405,0.5,4.0,13175,13175,4,0,displacement_confirmed_sweep,0,1,1,0.5859135340907187,1.091075776596257,1,0,0,1,0.8924686742405193,7.0,0.18912666241230375,0.18912666241230375,,,NY,1.327734628108412,previous_day_high|above|1831.405,previous_day_high|above|1831.405|13175,prior_period
13183,13183,below,13183202.0,previous_week_low,1824.885,0.55,20.0,13163,13163,3,0,displacement_confirmed_sweep,0,1,1,0.6787034267970663,0.4802522017682497,1,0,0,1,0.8995279060387236,10.0,0.13289507757555152,0.13289507757555152,,,London,4.038280983499658,previous_week_low|below|1824.885,previous_week_low|below|1824.885|13163,prior_period
13194,13193,above,13193101.0,previous_day_high,1841.975,0.55,1.0,13192,13192,4,0,standard_liquidity_sweep,0,1,0,0.49886041037788253,0.48600506143257605,0,0,0,1,0.35965102594470627,8.0,-0.01655682472380273,0.01655682472380273,,,Asia,0.48600506143257605,previous_day_high|above|1841.975,previous_day_high|above|1841.975|13192,prior_period
13200,13199,below,13199203.0,session_low,1836.255,0.45,3.0,13196,13196,4,0,standard_liquidity_sweep,0,1,0,0.4479906724036863,0.5591499865790689,0,0,0,1,0.15712266438396413,10.0,0.030428685003945223,0.030428685003945223,prev_london_low,completed_previous_session_only,Asia,0.5591499865790689,session_low|below|1836.255,session_low|below|1836.255|13196,session
13201,13201,below,13201203.0,swing_low,1833.645,0.4,8.0,13191,13193,3,0,standard_liquidity_sweep,0,1,0,0.5137045485586785,0.3999104445709456,0,0,0,1,0.33717050191175146,10.0,0.39919183169484423,0.39919183169484423,,,London,0.8469964293742285,swing_low|below|1833.645,swing_low|below|1833.645|13193,swing
13202,13202,above,13202101.0,resistance,1839.15,0.555462940234052,5.0,13198,13197,3,0,micro_interaction_sweep,1,0,0,0.5309959231905372,0.078372407635024,1,0,1,1,0.35801386259229684,10.0,0.6475155570209434,0.6475155570209434,,,Overlap,0.4381730640566703,resistance|above|1839.15,resistance|above|1839.15|13197,s_r
13208,13207,above,13207101.0,previous_day_high,1843.425,0.55,3.0,13202,13204,4,1,tradeable_sweep_candidate,0,1,0,0.595638177948957,1.7916443144227943,0,0,0,1,0.4703622459850592,9.0,-0.1085034016113161,0.1085034016113161,,,London,2.2069270539672816,previous_day_high|above|1843.425,previous_day_high|above|1843.425|13204,prior_period
13209,13207,above,13207103.0,session_high,1839.405,0.45,5.0,13202,13202,4,0,displacement_confirmed_sweep,0,1,1,0.5589879253795882,1.3095552820279097,1,0,0,1,0.4703622459850592,9.0,-0.1085034016113161,0.1085034016113161,prev_london_high,completed_previous_session_only,London,1.730458377439436,session_high|above|1839.405,session_high|above|1839.405|13202,session
13210,13207,above,13207105.0,session_high,1834.395,0.45,3.0,13204,13204,4,0,displacement_confirmed_sweep,0,1,1,0.5399999999999999,0.7087428312074178,1,1,0,1,0.4703622459850592,9.0,-0.1085034016113161,0.1085034016113161,prev_ny_high,completed_previous_session_only,London,1.1366503999756268,session_high|above|1834.395,session_high|above|1834.395|13204,session
13214,13213,above,13213102.0,session_high,1841.485,0.45,3.0,13210,13210,4,1,tradeable_sweep_candidate,0,1,1,0.6250061278760366,1.1574409087268558,1,1,0,1,0.47709865302342475,9.0,0.2700854198696542,0.2700854198696542,prev_ny_high,completed_previous_session_only,London,1.1574409087268558,session_high|above|1841.485,session_high|above|1841.485|13210,session
13219,13219,below,13219201.0,session_low,1822.255,0.45,3.0,13216,13216,3,0,standard_liquidity_sweep,0,1,0,0.6226159334300725,0.7193073927045414,0,0,0,1,0.6027691525670656,9.0,0.02911407355869276,0.02911407355869276,prev_ny_low,completed_previous_session_only,London,0.7193073927045414,session_low|below|1822.255,session_low|below|1822.255|13216,session
13220,13219,below,13219202.0,session_low,1823.745,0.45,5.0,13214,13214,4,0,standard_liquidity_sweep,0,1,0,0.6486781018444703,0.5544200057615245,0,0,0,1,0.6027691525670656,9.0,0.02911407355869276,0.02911407355869276,prev_london_low,completed_previous_session_only,London,0.5544200057615245,session_low|below|1823.745,session_low|below|1823.745|13214,session
13225,13224,above,13224101.0,previous_day_high,1836.775,0.5,1.0,13223,13223,4,0,micro_interaction_sweep,1,0,0,0.5563543603178597,0.16074327133495167,0,0,0,1,0.4799374845670676,8.0,-0.03486228701455268,0.03486228701455268,,,Asia,0.16074327133495167,previous_day_high|above|1836.775,previous_day_high|above|1836.775|13223,prior_period
13226,13226,below,13226201.0,session_low,1823.435,0.45,4.0,13222,13222,3,0,standard_liquidity_sweep,0,1,0,0.49914772076932046,0.5609067474075853,0,0,0,1,0.7505653414396439,9.0,0.05668922518426212,0.05668922518426212,prev_ny_low,completed_previous_session_only,Overlap,1.5850719829285804,session_low|below|1823.435,session_low|below|1823.435|13222,session
13232,13231,below,13231201.0,equal_low,1820.659401903008,0.65,3.0,2357,13228,4,0,standard_liquidity_sweep,0,1,0,0.46272291200495674,0.5076345543604901,0,0,0,1,0.15782186947328852,9.0,0.038593396254894274,0.038593396254894274,,,London,0.5667954809972601,equal_low|below|1820.6594,equal_low|below|1820.6594|13228,eqh_eql
13233,13232,below,13232201.0,support,1820.6349999999998,0.6,4.0,10842,13228,4,0,micro_interaction_sweep,1,0,0,0.4539211189959103,0.04177931768590807,0,0,0,1,0.2160527974897757,8.0,0.07206984735591623,0.07206984735591623,,,Overlap,0.5699136373429,support|below|1820.635,support|below|1820.635|13228,s_r
13234,13231,below,13231202.0,session_low,1822.3,0.5,3.0,13228,13228,4,0,standard_liquidity_sweep,0,1,0,0.4638613494598149,0.29274532616690463,0,0,0,1,0.15782186947328852,9.0,0.038593396254894274,0.038593396254894274,prev_asia_low,completed_previous_session_only,London,0.3571543982899894,session_low|below|1822.3,session_low|below|1822.3|13228,session
13238,13237,above,13237103.0,resistance,1829.3250000000003,0.55,7.0,13235,13230,4,0,standard_liquidity_sweep,0,1,0,0.5334650108640961,2.097058638846709,0,0,0,1,0.3786657178130242,7.0,0.6628979628104215,0.6628979628104215,,,London,2.097058638846709,resistance|above|1829.325,resistance|above|1829.325|13230,s_r
13239,13236,below,13236201.0,previous_week_low,1816.665,0.55,13.0,13223,13223,4,0,standard_liquidity_sweep,0,1,0,0.5433303280086349,0.622592561270395,0,0,0,1,0.8995540456235473,9.0,-0.2922481447746826,0.2922481447746826,,,Asia,2.3717975932237696,previous_week_low|below|1816.665,previous_week_low|below|1816.665|13223,prior_period
13243,13243,below,13243201.0,previous_day_low,1811.755,0.55,5.0,13236,13238,3,1,tradeable_sweep_candidate,0,1,0,0.7291666666666667,0.15504078571934443,0,0,0,1,1.136378553685904,8.0,0.6272219289824676,0.6272219289824676,,,London,1.130686260606936,previous_day_low|below|1811.755,previous_day_low|below|1811.755|13238,prior_period
13250,13247,below,13247201.0,previous_day_low,1802.515,0.6,3.0,13243,13244,4,1,tradeable_sweep_candidate,0,1,0,0.6672440503167397,0.24213391975466605,0,0,0,1,0.9259928723067583,6.0,-0.65580927561248,0.65580927561248,,,Asia,0.6795191266122848,previous_day_low|below|1802.515,previous_day_low|below|1802.515|13244,prior_period
13255,13255,below,13255201.0,previous_day_low,1805.295,0.5,2.0,13253,13253,3,0,micro_interaction_sweep,1,0,0,0.43562924079218723,0.04675855069262262,0,0,0,1,0.1828231019804681,9.0,0.4208612347603838,0.4208612347603838,,,London,0.8648368999629167,previous_day_low|below|1805.295,previous_day_low|below|1805.295|13253,prior_period
13274,13273,above,13273102.0,session_high,1743.725,0.45,3.0,13270,13270,4,0,micro_interaction_sweep,1,0,0,0.5434519357598023,0.049728996130635236,0,0,0,1,0.498677203810609,8.0,0.06383068208776793,0.06383068208776793,prev_ny_high,completed_previous_session_only,London,0.6252890819533468,session_high|above|1743.725,session_high|above|1743.725|13270,session
13278,13278,below,13278201.0,support,1737.6980232558142,0.65,6.0,13273,13272,3,0,standard_liquidity_sweep,0,1,0,0.5463206373486887,0.5899835575159482,0,0,0,1,0.32413492670505517,5.0,0.06444402262312217,0.06444402262312217,,,Asia,0.920256592483216,support|below|1737.698,support|below|1737.698|13272,s_r
13280,13279,below,13279202.0,support,1732.8602898183926,0.6693353442959822,10.0,2770,13269,4,0,standard_liquidity_sweep,0,1,0,0.5598094038407676,0.5955775064857962,0,0,0,1,0.3665304913869755,7.0,-0.060687033313356675,0.060687033313356675,,,London,1.4027500691541086,support|below|1732.8603,support|below|1732.8603|13269,s_r
13281,13280,above,13280104.0,resistance,1748.3618395158555,0.65,8.0,2771,13272,4,0,standard_liquidity_sweep,0,1,0,0.4811852533383572,1.1979866740574143,0,0,0,1,0.24254646667922625,7.0,0.01675629856752219,0.01675629856752219,,,Overlap,1.1979866740574143,resistance|above|1748.3618,resistance|above|1748.3618|13272,s_r
13282,13280,above,13280103.0,session_high,1740.975,0.45,4.0,13276,13276,4,0,standard_liquidity_sweep,0,1,0,0.5641666666666668,0.4381809523980256,0,0,0,1,0.24254646667922625,7.0,0.01675629856752219,0.01675629856752219,prev_ny_high,completed_previous_session_only,Overlap,0.4381809523980256,session_high|above|1740.975,session_high|above|1740.975|13276,session
13285,13284,below,13284203.0,previous_day_low,1738.395,0.5,1.0,13283,13283,4,0,micro_interaction_sweep,1,0,0,0.5523413975877884,0.2172587369313213,0,0,0,1,0.43081766090826584,9.0,0.22848113414923976,0.22848113414923976,,,Asia,0.2172587369313213,previous_day_low|below|1738.395,previous_day_low|below|1738.395|13283,prior_period
13289,13288,below,13288202.0,support,1727.7049999999997,0.65,9.0,13279,13279,4,0,standard_liquidity_sweep,0,1,0,0.5189255543685307,0.6978389352591777,0,0,0,1,0.34731388592132684,7.0,0.30692068006527845,0.30692068006527845,,,Dead,1.5612927606458769,support|below|1727.705,support|below|1727.705|13279,s_r
13296,13296,below,13296201.0,session_low,1725.255,0.45,5.0,13291,13291,3,0,micro_interaction_sweep,1,0,0,0.4974390993987849,0.029208151482060005,0,0,0,1,0.3254465861750474,8.0,0.30390134179408984,0.30390134179408984,prev_asia_low,completed_previous_session_only,Asia,0.4312813849108017,session_low|below|1725.255,session_low|below|1725.255|13291,session
13297,13297,below,13297201.0,equal_low,1722.7538041675132,0.7,9.0,2371,13288,3,1,tradeable_sweep_candidate,0,1,0,0.7666666666666666,0.5875270020861083,0,0,0,1,1.4036649077251404,8.0,0.03528277402025207,0.03528277402025207,,,London,1.249285374853139,equal_low|below|1722.7538,equal_low|below|1722.7538|13288,eqh_eql
13299,13298,above,13298101.0,previous_day_high,1739.215,0.5,3.0,13295,13295,4,0,standard_liquidity_sweep,0,1,0,0.5591471075165861,1.6184858614105588,0,0,0,1,0.5414710751658605,7.0,-0.035431832099788334,0.035431832099788334,,,Overlap,1.6184858614105588,previous_day_high|above|1739.215,previous_day_high|above|1739.215|13295,prior_period
13300,13298,above,13298105.0,session_high,1730.125,0.5,4.0,13294,13294,4,0,standard_liquidity_sweep,0,1,0,0.5808333333333334,0.7052619954749947,0,0,0,1,0.5414710751658605,7.0,-0.035431832099788334,0.035431832099788334,prev_asia_high,completed_previous_session_only,Overlap,0.7052619954749947,session_high|above|1730.125,session_high|above|1730.125|13294,session
13304,13303,below,13303201.0,previous_day_low,1706.965,0.6,5.0,13297,13298,4,1,tradeable_sweep_candidate,0,1,0,0.7127250251377111,0.8682230782799121,0,0,0,1,0.8272502513771106,7.0,-0.3816081180515647,0.3816081180515647,,,London,2.9653717941969178,previous_day_low|below|1706.965,previous_day_low|below|1706.965|13298,prior_period
13316,13314,above,13314102.0,previous_day_high,1714.575,0.5,1.0,13313,13313,4,0,standard_liquidity_sweep,0,1,0,0.5600119402628866,0.02652606507106377,0,0,0,1,0.9167860692955322,10.0,-0.5392268556535565,0.5392268556535565,,,Asia,0.02652606507106377,previous_day_high|above|1714.575,previous_day_high|above|1714.575|13313,prior_period
13333,13332,below,13332201.0,previous_day_low,1689.805,0.5,1.0,13331,13331,4,1,tradeable_sweep_candidate,0,1,1,0.700141566510307,0.4268137708347252,1,0,0,1,0.9514156651030701,7.0,-0.6678564864841225,0.6678564864841225,,,Asia,0.4268137708347252,previous_day_low|below|1689.805,previous_day_low|below|1689.805|13331,prior_period
13335,13334,below,13334201.0,swing_low,1705.145,0.4,14.0,13318,13320,4,0,micro_interaction_sweep,1,0,0,0.38240055478934554,0.06469720572163598,0,0,0,1,0.23958358689153103,10.0,0.8697816759291078,0.8697816759291078,,,Overlap,0.9781265325207857,swing_low|below|1705.145,swing_low|below|1705.145|13320,swing
13337,13334,above,13334101.0,resistance,1714.3252325581395,0.55,14.0,13331,13320,4,0,standard_liquidity_sweep,0,1,0,0.41916676808994574,0.8932631078046572,0,0,0,1,0.23958358689153103,10.0,0.05331636567060261,0.05331636567060261,,,Overlap,3.7173902600506503,resistance|above|1714.3252,resistance|above|1714.3252|13320,s_r
13345,13344,above,13344103.0,previous_day_high,1726.985,0.55,2.0,13342,13342,4,1,tradeable_sweep_candidate,0,1,1,0.628585317769947,0.17104655441672476,1,0,0,1,0.840332140694618,8.0,0.4066971503797641,0.4066971503797641,,,Asia,0.23359584126450894,previous_day_high|above|1726.985,previous_day_high|above|1726.985|13342,prior_period
13346,13346,below,13346201.0,previous_day_low,1719.795,0.55,3.0,13343,13343,3,0,micro_interaction_sweep,1,0,0,0.5800815994526073,0.025204850090156748,0,0,0,1,0.426773971376682,7.0,-0.0594606432030571,0.0594606432030571,,,Overlap,1.4654809644368259,previous_day_low|below|1719.795,previous_day_low|below|1719.795|13343,prior_period
13351,13351,below,13351201.0,session_low,1718.825,0.5,5.0,13346,13346,3,1,tradeable_sweep_candidate,0,1,0,0.5971926162026883,0.125482210587568,0,0,0,1,0.5504235025899313,8.0,0.11999754084897347,0.11999754084897347,prev_asia_low,completed_previous_session_only,London,0.8176494307780223,session_low|below|1718.825,session_low|below|1718.825|13346,session
13357,13356,above,13356101.0,session_high,1721.845,0.45,4.0,13352,13352,4,0,standard_liquidity_sweep,0,1,0,0.5313743909041315,0.3449136691717181,0,0,0,1,0.3846527911372336,8.0,-0.03350008756404904,0.03350008756404904,prev_london_high,completed_previous_session_only,Asia,0.5615236542042027,session_high|above|1721.845,session_high|above|1721.845|13352,session
13358,13357,below,13357202.0,session_low,1716.24,0.45,3.0,13354,13354,4,1,tradeable_sweep_candidate,0,1,1,0.5613678535057649,0.7041000546944554,0,0,1,1,0.5583287940422753,6.0,0.12796034870610445,0.12796034870610445,prev_ny_low,completed_previous_session_only,London,0.7041000546944554,session_low|below|1716.24,session_low|below|1716.24|13354,session
13369,13367,above,13367101.0,previous_day_high,1756.915,0.55,1.0,13366,13366,4,0,displacement_confirmed_sweep,0,1,1,0.6701893541563639,0.3803779859785915,1,0,0,1,0.8518935415636403,9.0,-0.7063705799748502,0.7063705799748502,,,Asia,0.3803779859785915,previous_day_high|above|1756.915,previous_day_high|above|1756.915|13366,prior_period
13374,13373,below,13373201.0,previous_day_low,1760.365,0.55,1.0,13372,13372,4,0,displacement_confirmed_sweep,0,1,1,0.4587726733782976,0.32857559493138083,1,0,0,1,0.22861932665854517,10.0,-0.14612225831241302,0.14612225831241302,,,Asia,0.32857559493138083,previous_day_low|below|1760.365,previous_day_low|below|1760.365|13372,prior_period
13379,13378,above,13378102.0,session_high,1773.63,0.45,3.0,13375,13375,4,0,standard_liquidity_sweep,0,1,0,0.5651634003400662,0.1817408004745774,0,0,0,1,0.7266340034006611,10.0,-0.23175744365960008,0.23175744365960008,prev_asia_high,completed_previous_session_only,Dead,0.4887807208988994,session_high|above|1773.63,session_high|above|1773.63|13375,session
13381,13381,above,13381101.0,resistance,1780.4649999999997,0.6,3.0,7090,13378,3,0,standard_liquidity_sweep,0,1,0,0.6628305603675948,0.6501086434018242,0,0,0,1,0.699913828363951,9.0,0.010511285436014919,0.010511285436014919,,,London,0.8734603742335864,resistance|above|1780.465,resistance|above|1780.465|13378,s_r
13382,13381,above,13381103.0,session_high,1775.275,0.45,5.0,13376,13376,4,1,tradeable_sweep_candidate,0,1,0,0.6705968968911571,0.08112654234694562,0,0,0,1,0.699913828363951,9.0,0.010511285436014919,0.010511285436014919,prev_london_high,completed_previous_session_only,London,0.6594907603635861,session_high|above|1775.275,session_high|above|1775.275|13376,session
13385,13384,below,13384202.0,support,1759.574642857143,0.55,13.0,13379,13371,4,0,micro_interaction_sweep,1,0,0,0.4495628315196306,0.12337305492066483,0,0,0,1,0.23640707879907644,10.0,0.43323925235479016,0.43323925235479016,,,Dead,2.1853337824595633,support|below|1759.5746,support|below|1759.5746|13371,s_r
13388,13388,below,13388202.0,support,1759.6580303030305,0.55,17.0,13384,13371,3,0,standard_liquidity_sweep,0,1,0,0.547730776705901,0.7249900147854955,0,0,0,1,0.30961348015343026,9.0,-0.18167588204196938,0.18167588204196938,,,Overlap,2.1765686900045074,support|below|1759.658,support|below|1759.658|13371,s_r
13412,13411,above,13411101.0,previous_week_high,1794.82,0.55,8.0,13403,13403,4,1,tradeable_sweep_candidate,0,1,0,0.5992445922846251,0.4836779008384938,0,0,0,1,0.6622926152161627,8.0,-0.3338483173709666,0.3338483173709666,,,London,2.2901488519925173,previous_week_high|above|1794.82,previous_week_high|above|1794.82|13403,prior_period
13417,13417,above,13417103.0,resistance,1800.335,0.65,6.0,13411,13411,3,0,displacement_confirmed_sweep,0,1,1,0.7229626389017483,0.8295783714433459,0,0,1,1,0.7712930556841494,10.0,0.03484115796515881,0.03484115796515881,,,London,1.6018875130672905,resistance|above|1800.335,resistance|above|1800.335|13411,s_r
13422,13421,below,13421201.0,previous_day_low,1787.135,0.65,4.0,13417,13417,4,0,micro_interaction_sweep,1,0,0,0.5958581683611435,0.12168329813654054,0,0,0,1,0.46963569266379795,9.0,-0.09937035545582647,0.09937035545582647,,,Asia,1.0086219966860392,previous_day_low|below|1787.135,previous_day_low|below|1787.135|13417,prior_period
13425,13425,below,13425202.0,session_low,1788.045,0.45,5.0,13420,13420,3,0,micro_interaction_sweep,1,0,0,0.5009794364523888,0.14140926587202862,0,0,0,1,0.3878652577976388,10.0,0.045521163696506724,0.045521163696506724,prev_ny_low,completed_previous_session_only,NY,1.1189920412555034,session_low|below|1788.045,session_low|below|1788.045|13420,session
13432,13431,above,13431101.0,previous_day_high,1799.165,0.5,4.0,13427,13427,4,0,micro_interaction_sweep,1,0,0,0.4946872303674484,0.033073142204725,1,0,0,1,0.35963474258528766,7.0,-0.34652305926186394,0.34652305926186394,,,NY,1.5415743727730982,previous_day_high|above|1799.165,previous_day_high|above|1799.165|13427,prior_period
13446,13445,above,13445102.0,session_high,1778.505,0.45,3.0,13442,13442,4,0,displacement_confirmed_sweep,0,1,1,0.5553332542545255,0.5454876050576254,0,1,0,1,0.4612931201691798,8.0,0.21517187074992156,0.21517187074992156,prev_london_high,completed_previous_session_only,Asia,0.5454876050576254,session_high|above|1778.505,session_high|above|1778.505|13442,session
13472,13472,above,13472102.0,previous_day_high,1748.955,0.55,3.0,13469,13469,3,0,standard_liquidity_sweep,0,1,0,0.6674131950411004,0.25410107222049527,0,0,0,1,0.6454322170192054,9.0,0.27048708705615354,0.27048708705615354,,,Overlap,1.7489889456045946,previous_day_high|above|1748.955,previous_day_high|above|1748.955|13469,prior_period
13476,13476,above,13476101.0,resistance,1749.1340697674418,0.55,15.0,13472,13461,3,0,standard_liquidity_sweep,0,1,0,0.5875893135402973,0.48492013964934866,0,0,0,1,0.45684279354222107,7.0,0.0026936161400598654,0.0026936161400598654,,,Asia,2.207670498832356,resistance|above|1749.1341,resistance|above|1749.1341|13461,s_r
13478,13477,below,13477201.0,session_low,1745.81,0.45,3.0,13474,13474,4,0,displacement_confirmed_sweep,0,1,1,0.5536549252917586,0.4668332411533004,0,1,0,1,0.491277718670773,9.0,-0.009202608563004842,0.009202608563004842,prev_ny_low,completed_previous_session_only,London,0.4668332411533004,session_low|below|1745.81,session_low|below|1745.81|13474,session
13483,13481,above,13481103.0,swing_high,1755.79,0.4,1.0,13478,13480,4,0,micro_interaction_sweep,1,0,0,0.5204080920107843,0.0934160528315585,0,0,0,1,0.41385143244590455,8.0,-0.07426253927163044,0.07426253927163044,,,Asia,0.0934160528315585,swing_high|above|1755.79,swing_high|above|1755.79|13480,swing
13486,13484,above,13484101.0,previous_day_high,1756.505,0.55,4.0,13478,13480,4,0,displacement_confirmed_sweep,0,1,1,0.5119469572001141,0.43320761431858823,0,0,1,1,0.44236739300028527,9.0,-0.2882090590759291,0.2882090590759291,,,Overlap,0.43320761431858823,previous_day_high|above|1756.505,previous_day_high|above|1756.505|13480,prior_period
13489,13489,below,13489201.0,support,1749.055,0.5561739147406127,10.0,13489,13479,3,0,displacement_confirmed_sweep,0,1,1,0.6760227089533282,0.0924989413990688,1,0,0,1,0.6368569543117375,7.0,0.25799472726241707,0.25799472726241707,,,London,1.9991292952198436,support|below|1749.055,support|below|1749.055|13479,s_r
13496,13495,above,13495102.0,previous_day_high,1738.345,0.5,2.0,13493,13493,4,0,standard_liquidity_sweep,0,1,0,0.5501002005110992,1.8408400731047578,0,0,0,1,0.3925661138166775,7.0,-0.11523359239844462,0.11523359239844462,,,London,1.8408400731047578,previous_day_high|above|1738.345,previous_day_high|above|1738.345|13493,prior_period
13503,13502,below,13502201.0,previous_week_low,1723.63,0.55,9.0,13493,13493,4,0,displacement_confirmed_sweep,0,1,1,0.48884560921138454,1.0884959680237918,1,0,0,1,0.31378068969512807,9.0,0.04422005858635012,0.04422005858635012,,,Overlap,1.861932256122106,previous_week_low|below|1723.63,previous_week_low|below|1723.63|13493,prior_period
13529,13528,above,13528101.0,swing_high,1717.88,0.4,6.0,13520,13522,4,0,standard_liquidity_sweep,0,1,0,0.5758333333333334,1.2061017387944963,0,0,0,1,1.9130105107716053,8.0,-0.054303927542562073,0.054303927542562073,,,Dead,1.2061017387944963,swing_high|above|1717.88,swing_high|above|1717.88|13522,swing
13530,13528,above,13528104.0,previous_day_high,1712.69,0.5,5.0,13523,13523,4,1,tradeable_sweep_candidate,0,1,0,0.5999116902667777,0.4142398761324668,0,0,0,1,1.9130105107716053,8.0,-0.054303927542562073,0.054303927542562073,,,Dead,0.4142398761324668,previous_day_high|above|1712.69,previous_day_high|above|1712.69|13523,prior_period
13537,13537,below,13537202.0,session_low,1699.715,0.45,3.0,13534,13534,3,0,displacement_confirmed_sweep,0,1,1,0.5723121348472444,0.9178704220164752,1,0,0,1,0.3458277820882861,10.0,-0.2017328728848217,0.2017328728848217,prev_ny_low,completed_previous_session_only,London,0.9178704220164752,session_low|below|1699.715,session_low|below|1699.715|13534,session
13543,13542,above,13542101.0,previous_day_high,1719.355,0.6,2.0,13539,13540,4,1,tradeable_sweep_candidate,0,1,0,0.6506185445410533,0.4206878291849359,0,0,0,1,0.43696302801929976,9.0,-0.145009854431189,0.145009854431189,,,Asia,0.5022209910857177,previous_day_high|above|1719.355,previous_day_high|above|1719.355|13540,prior_period
13546,13543,below,13543201.0,session_low,1713.42,0.5,3.0,13540,13540,4,0,displacement_confirmed_sweep,0,1,1,0.4801321966490892,0.9100173975859435,1,0,0,1,0.4440804916227229,7.0,-0.23347957155329022,0.23347957155329022,prev_asia_low,completed_previous_session_only,London,0.9100173975859435,session_low|below|1713.42,session_low|below|1713.42|13540,session
13549,13548,above,13548102.0,session_high,1722.745,0.45,5.0,13543,13543,4,0,displacement_confirmed_sweep,0,1,1,0.6219169485967201,0.4208294912781508,1,0,0,1,0.15976153431665038,10.0,0.1054913947968777,0.1054913947968777,prev_asia_high,completed_previous_session_only,Asia,1.7411080383023574,session_high|above|1722.745,session_high|above|1722.745|13543,session
13554,13553,below,13553203.0,previous_day_low,1715.72,0.55,4.0,13549,13549,4,0,micro_interaction_sweep,1,0,0,0.5735246052649997,0.09931799183365309,1,0,0,1,0.48407444675857064,9.0,-0.17694627296656545,0.17694627296656545,,,Asia,0.16638016892224783,previous_day_low|below|1715.72,previous_day_low|below|1715.72|13549,prior_period
13555,13555,above,13555102.0,resistance,1729.397227617378,0.7000000000000001,7.0,13548,13548,3,0,standard_liquidity_sweep,0,1,0,0.6195837904986918,0.506419200993302,0,0,0,1,0.33795726392444525,9.0,0.18636393183593816,0.18636393183593816,,,London,2.060441727105648,resistance|above|1729.3972,resistance|above|1729.3972|13548,s_r
13558,13558,below,13558201.0,support,1723.49,0.6159227484817978,3.0,13556,13555,3,0,micro_interaction_sweep,1,0,0,0.47907186371788957,0.1195746211064487,0,0,0,1,0.2189779414936002,9.0,0.004226421813196973,0.004226421813196973,,,Dead,0.6053793811339847,support|below|1723.49,support|below|1723.49|13555,s_r
13560,13559,below,13559201.0,session_low,1723.3,0.45,3.0,13556,13556,4,0,micro_interaction_sweep,1,0,0,0.5183643173395572,0.02716985451336204,0,0,0,1,0.42513137765377285,9.0,-0.22761458715092917,0.22761458715092917,prev_london_low,completed_previous_session_only,Asia,0.6273511256259603,session_low|below|1723.3,session_low|below|1723.3|13556,session
13562,13561,above,13561102.0,previous_week_high,1729.415,0.55,8.0,13553,13553,4,0,displacement_confirmed_sweep,0,1,1,0.5082715948737542,0.3440221456773776,0,0,1,1,0.23093706068249042,9.0,2.304459288444818,2.304459288444818,,,London,2.062687982010442,previous_week_high|above|1729.415,previous_week_high|above|1729.415|13553,prior_period
13569,13569,below,13569201.0,previous_day_low,1696.965,0.55,6.0,13561,13563,3,0,micro_interaction_sweep,1,0,0,0.547104239362435,0.06935705547929237,1,0,0,1,0.4094272650727542,7.0,0.03921944774283735,0.03921944774283735,,,NY,0.8951468276956737,previous_day_low|below|1696.965,previous_day_low|below|1696.965|13563,prior_period
13579,13578,below,13578201.0,previous_day_low,1660.265,0.55,2.0,13574,13576,4,1,tradeable_sweep_candidate,0,1,0,0.6354619877834177,0.2805647317815827,0,0,0,1,0.6781883752064312,7.0,-0.07480821852117872,0.07480821852117872,,,Asia,0.2805647317815827,previous_day_low|below|1660.265,previous_day_low|below|1660.265|13576,prior_period
13590,13590,above,13590101.0,session_high,1671.77,0.45,5.0,13585,13585,3,0,micro_interaction_sweep,1,0,0,0.5638234553764031,0.12986247030159456,0,0,0,1,0.4667872529606423,9.0,0.4639058501646046,0.4639058501646046,prev_asia_high,completed_previous_session_only,Asia,0.8072622158225412,session_high|above|1671.77,session_high|above|1671.77|13585,session
13598,13596,above,13596101.0,session_high,1670.16,0.45,4.0,13592,13592,4,1,tradeable_sweep_candidate,0,1,0,0.5571385303862932,0.566217107869564,0,0,0,1,0.7582647350959495,7.0,-0.3935934694610685,0.3935934694610685,prev_london_high,completed_previous_session_only,Asia,0.6920566888856232,session_high|above|1670.16,session_high|above|1670.16|13592,session
13599,13599,above,13599101.0,resistance,1677.8441674698604,0.65,5.0,7133,13594,3,1,tradeable_sweep_candidate,0,1,0,0.75182805646083,1.1696030407439075,0,0,0,1,0.9349472312749658,7.0,0.4327583874813079,0.4327583874813079,,,NY,1.6624726553152085,resistance|above|1677.8442,resistance|above|1677.8442|13594,s_r
13600,13599,below,13599203.0,equal_low,1661.1024923703826,0.65,24.0,2421,13575,4,0,standard_liquidity_sweep,0,1,0,0.5966475419302482,0.9589715468641713,0,0,0,1,0.9349472312749658,7.0,1.102110524577131,1.102110524577131,,,NY,1.6150233343371454,equal_low|below|1661.1025,equal_low|below|1661.1025|13575,eqh_eql
13601,13600,below,13600201.0,previous_day_low,1659.875,0.55,7.0,13591,13593,4,0,standard_liquidity_sweep,0,1,0,0.4958052043769636,1.410332220840922,0,0,0,1,0.3103463442757425,7.0,-0.0038975993001628324,0.0038975993001628324,,,Dead,1.6869189753419869,previous_day_low|below|1659.875,previous_day_low|below|1659.875|13593,prior_period
13602,13600,below,13600202.0,session_low,1661.625,0.45,3.0,13597,13597,4,0,standard_liquidity_sweep,0,1,0,0.6190131921298753,1.2308353927338955,0,0,0,1,0.3103463442757425,7.0,-0.0038975993001628324,0.0038975993001628324,prev_asia_low,completed_previous_session_only,Dead,1.3149993072318438,session_low|below|1661.625,session_low|below|1661.625|13597,session
13604,13603,above,13603101.0,resistance,1677.9118470813587,0.55,9.0,7133,13594,4,0,standard_liquidity_sweep,0,1,0,0.6049322510247332,1.048665212337062,0,0,0,1,0.43342622255354585,4.0,0.4045157856449786,0.4045157856449786,,,London,1.7614076633379538,resistance|above|1677.9118,resistance|above|1677.9118|13594,s_r
13615,13614,above,13614101.0,resistance,1645.6963043478263,0.6,3.0,13612,13611,4,0,displacement_confirmed_sweep,0,1,1,0.5065071664966762,0.7928758154419158,1,0,0,1,0.24735038376922988,5.0,0.33539161832471587,0.33539161832471587,,,Asia,0.7928758154419158,resistance|above|1645.6963,resistance|above|1645.6963|13611,s_r
13618,13616,below,13616201.0,previous_week_low,1626.575,0.65,3.0,13612,13613,4,0,standard_liquidity_sweep,0,1,0,0.534440722748374,1.7234595107786141,0,0,0,1,0.39443514020426806,7.0,-0.17628835858109235,0.17628835858109235,,,Overlap,1.7234595107786141,previous_week_low|below|1626.575,previous_week_low|below|1626.575|13613,prior_period
13627,13626,below,13626201.0,swing_low,1621.015,0.4,7.0,13617,13619,4,1,tradeable_sweep_candidate,0,1,1,0.641168955574822,0.20805398908631262,1,0,0,1,0.6116895557482203,4.0,-0.43385010024315257,0.43385010024315257,,,Asia,1.5759869915308218,swing_low|below|1621.015,swing_low|below|1621.015|13619,swing
13645,13645,above,13645101.0,resistance,1669.1526086956524,0.6,3.0,7143,13642,3,1,tradeable_sweep_candidate,0,1,1,0.6277756502740681,0.7568448837924299,1,0,0,1,0.4234797564055051,5.0,0.03784356903024192,0.03784356903024192,,,London,0.7568448837924299,resistance|above|1669.1526,resistance|above|1669.1526|13642,s_r
13665,13664,below,13664201.0,session_low,1713.295,0.5,4.0,13660,13660,4,0,standard_liquidity_sweep,0,1,0,0.5554227001152436,0.04869237726421818,0,0,0,1,0.5458936678191018,8.0,-0.10518557738531889,0.10518557738531889,prev_asia_low,completed_previous_session_only,Overlap,0.9426954036838376,session_low|below|1713.295,session_low|below|1713.295|13660,session
13681,13680,below,13680201.0,previous_day_low,1665.59,0.55,2.0,13676,13678,4,0,micro_interaction_sweep,1,0,0,0.5831951324506953,0.09588804840837,0,0,0,1,0.3907960661177328,9.0,-0.33488975651884084,0.33488975651884084,,,Asia,0.2719840029856834,previous_day_low|below|1665.59,previous_day_low|below|1665.59|13678,prior_period
13683,13682,above,13682103.0,session_high,1670.84,0.45,4.0,13678,13678,4,0,standard_liquidity_sweep,0,1,0,0.5758333333333333,0.4181624481203918,0,0,0,1,1.2901451391844678,9.0,0.3322876688370247,0.3322876688370247,prev_ny_high,completed_previous_session_only,Overlap,0.910395884742739,session_high|above|1670.84,session_high|above|1670.84|13678,session
13685,13683,below,13683202.0,session_low,1667.355,0.45,5.0,13678,13678,4,0,standard_liquidity_sweep,0,1,0,0.4577875388616245,1.0674679643768823,0,0,0,1,0.3486355138207279,10.0,0.03857851997196233,0.03857851997196233,prev_ny_low,completed_previous_session_only,NY,1.0674679643768823,session_low|below|1667.355,session_low|below|1667.355|13678,session
13693,13692,above,13692102.0,session_high,1673.14,0.45,4.0,13688,13688,4,1,tradeable_sweep_candidate,0,1,1,0.6416100103162911,0.4837038721398877,1,1,0,1,0.5327667698295764,8.0,0.05938483103194613,0.05938483103194613,prev_london_high,completed_previous_session_only,Asia,0.4837038721398877,session_high|above|1673.14,session_high|above|1673.14|13688,session
13694,13693,below,13693205.0,session_low,1670.255,0.45,3.0,13690,13690,4,1,tradeable_sweep_candidate,0,1,1,0.6925,0.5101439770555164,1,0,0,1,1.6754825939552822,7.0,-0.9802634750291287,0.9802634750291287,prev_ny_low,completed_previous_session_only,London,0.5101439770555164,session_low|below|1670.255,session_low|below|1670.255|13690,session
13696,13696,below,13696202.0,previous_day_low,1661.285,0.5,5.0,13691,13691,3,0,standard_liquidity_sweep,0,1,0,0.44481095908356166,0.3906271847924206,0,0,0,1,0.20577739770890421,9.0,0.39327291917506335,0.39327291917506335,,,Dead,1.524776232973034,previous_day_low|below|1661.285,previous_day_low|below|1661.285|13691,prior_period
13706,13705,above,13705101.0,session_high,1663.875,0.45,5.0,13700,13700,4,1,tradeable_sweep_candidate,0,1,0,0.5213548889267633,0.6422986631924805,0,0,0,1,0.4064772394976457,8.0,-0.09564170341120351,0.09564170341120351,prev_london_high,completed_previous_session_only,London,1.6923227590020726,session_high|above|1663.875,session_high|above|1663.875|13700,session
13728,13727,below,13727201.0,previous_day_low,1622.38,0.6,4.0,13721,13723,4,0,displacement_confirmed_sweep,0,1,1,0.5230619547795836,0.524657245710153,0,0,1,1,0.2971448252782485,8.0,-0.13085800959370725,0.13085800959370725,,,Asia,1.1246711363418824,previous_day_low|below|1622.38,previous_day_low|below|1622.38|13723,prior_period
13741,13740,below,13740201.0,previous_day_low,1643.845,0.65,5.0,13735,13735,4,1,tradeable_sweep_candidate,0,1,1,0.631945179553189,0.4380999129708853,1,0,1,1,0.4939222343986798,8.0,-0.4137433909375036,0.4137433909375036,,,Asia,0.7034402070045888,previous_day_low|below|1643.845,previous_day_low|below|1643.845|13735,prior_period
13742,13741,above,13741101.0,previous_day_high,1658.595,0.5,2.0,13739,13739,4,0,standard_liquidity_sweep,0,1,0,0.4495859877020301,1.9299458794662094,0,0,0,1,0.16671457195443953,8.0,-0.061693810525511,0.061693810525511,,,London,1.9299458794662094,previous_day_high|above|1658.595,previous_day_high|above|1658.595|13739,prior_period
13743,13741,above,13741103.0,session_high,1654.355,0.45,5.0,13736,13736,4,0,standard_liquidity_sweep,0,1,0,0.5207742699122142,1.4941019098823636,0,0,0,1,0.16671457195443953,8.0,-0.061693810525511,0.061693810525511,prev_london_high,completed_previous_session_only,London,1.4941019098823636,session_high|above|1654.355,session_high|above|1654.355|13736,session
13747,13746,above,13746101.0,resistance,1670.9546482195692,0.65,45.0,7154,13701,4,0,standard_liquidity_sweep,0,1,0,0.5256585827956859,1.2820423897669826,0,0,0,1,0.22293713954228664,8.0,0.1282885885784277,0.1282885885784277,,,Asia,5.682283147345817,resistance|above|1670.9546,resistance|above|1670.9546|13701,s_r
13755,13753,below,13753202.0,session_low,1660.56,0.45,5.0,13748,13748,4,0,micro_interaction_sweep,1,0,0,0.5258792085244427,0.19174836680575144,0,0,0,1,0.6171254185777592,9.0,-0.0836959795152624,0.0836959795152624,prev_london_low,completed_previous_session_only,London,0.8844722511963411,session_low|below|1660.56,session_low|below|1660.56|13748,session
13765,13764,below,13764201.0,equal_low,1638.8182469116505,0.7000000000000001,24.0,2451,13740,4,0,standard_liquidity_sweep,0,1,0,0.4715339142442002,0.3050351254927589,0,0,0,1,0.10736926096414103,8.0,0.05185006966164646,0.05185006966164646,,,Asia,3.2139667756066626,equal_low|below|1638.8182,equal_low|below|1638.8182|13740,eqh_eql
13779,13779,above,13779103.0,resistance,1656.7358761873443,0.6,8.0,13775,13771,3,0,standard_liquidity_sweep,0,1,0,0.7333333333333333,0.9217271245748379,0,0,0,1,1.2040290366016948,10.0,1.6912219616397661,1.6912219616397661,,,NY,1.1295354059210392,resistance|above|1656.7359,resistance|above|1656.7359|13771,s_r
13792,13791,above,13791102.0,previous_week_high,1674.855,0.55,28.0,13763,13763,4,0,standard_liquidity_sweep,0,1,0,0.5698708487064221,0.04918618397205289,0,0,0,1,0.648708487064222,9.0,0.21571871342986013,0.21571871342986013,,,NY,5.839813006134636,previous_week_high|above|1674.855,previous_week_high|above|1674.855|13763,prior_period
13796,13795,below,13795201.0,support,1670.235,0.55,3.0,10955,13792,4,0,micro_interaction_sweep,1,0,0,0.5284238511799745,0.06440914808218202,0,0,0,1,0.26952441743344424,6.0,0.8039761904216909,0.8039761904216909,,,Asia,0.2193894723825411,support|below|1670.235,support|below|1670.235|13792,s_r
13809,13809,above,13809103.0,previous_day_high,1716.82,0.55,4.0,13803,13805,3,1,tradeable_sweep_candidate,0,1,1,0.6462892299942196,0.5141548552603492,1,0,0,1,0.384169560363081,8.0,0.7929984943363778,0.7929984943363778,,,Overlap,0.8713254654637418,previous_day_high|above|1716.82,previous_day_high|above|1716.82|13805,prior_period
13810,13809,above,13809102.0,resistance,1716.3526309924814,0.5701758766907704,5.0,2878,13804,4,0,displacement_confirmed_sweep,0,1,1,0.5178784599845917,0.4677200640692645,1,0,0,1,0.384169560363081,8.0,0.7929984943363778,0.7929984943363778,,,Overlap,0.8246782125405565,resistance|above|1716.3526,resistance|above|1716.3526|13804,s_r
13826,13825,below,13825202.0,previous_day_low,1760.755,0.5,1.0,13824,13824,4,1,tradeable_sweep_candidate,0,1,1,0.5997826256794058,0.06313313697038571,0,1,0,1,0.6069590455039281,7.0,0.24063426361395135,0.24063426361395135,,,Asia,0.06313313697038571,previous_day_low|below|1760.755,previous_day_low|below|1760.755|13824,prior_period
13828,13827,above,13827101.0,previous_week_high,1772.825,0.65,4.0,13822,13823,4,0,standard_liquidity_sweep,0,1,0,0.4779714106079682,0.3414382180578005,0,0,0,1,0.19284519318658713,7.0,-0.03464830894131442,0.03464830894131442,,,Overlap,1.4311898047563545,previous_week_high|above|1772.825,previous_week_high|above|1772.825|13823,prior_period
13832,13831,above,13831101.0,previous_day_high,1774.94,0.6,2.0,13827,13829,4,1,tradeable_sweep_candidate,0,1,0,0.7280333479142723,0.5176008433024307,0,0,0,1,0.9386668124760563,6.0,-0.1678147033445211,0.1678147033445211,,,Asia,0.5176008433024307,previous_day_high|above|1774.94,previous_day_high|above|1774.94|13829,prior_period
13841,13840,above,13840101.0,previous_week_high,1772.825,0.55,16.0,13824,13824,4,0,micro_interaction_sweep,1,0,0,0.4855028514989834,0.0,0,0,0,1,0.3262571287474585,9.0,-0.06346643233991921,0.06346643233991921,,,NY,1.4311898047563545,previous_week_high|above|1772.825,previous_week_high|above|1772.825|13824,prior_period
13842,13842,below,13842201.0,support,1767.165,0.55,7.0,10963,13835,3,0,micro_interaction_sweep,1,0,0,0.5640600525011201,0.027615804710015127,0,0,0,1,0.4726501312528005,9.0,0.08153854803428807,0.08153854803428807,,,Asia,1.4089236606374977,support|below|1767.165,support|below|1767.165|13835,s_r
13867,13866,below,13866202.0,support,1736.5226744186048,0.6,11.0,13865,13855,4,0,displacement_confirmed_sweep,0,1,1,0.49566275845389235,0.6892551874400715,0,0,1,1,0.2632522444178107,8.0,-0.19214212029961028,0.19214212029961028,,,Asia,1.1959964341581815,support|below|1736.5227,support|below|1736.5227|13855,s_r
13868,13868,below,13868202.0,equal_low,1732.6607050386228,0.600898385098207,10.0,2471,13858,3,1,tradeable_sweep_candidate,0,1,1,0.7310986629736873,0.5716175333018338,0,0,1,1,1.1163603209037585,8.0,0.6316552457814899,0.6316552457814899,,,London,1.6846488369465258,equal_low|below|1732.6607,equal_low|below|1732.6607|13858,eqh_eql
13879,13879,below,13879201.0,support,1752.3145652173916,0.6,6.0,13874,13873,3,0,standard_liquidity_sweep,0,1,0,0.52415513103268,0.6126198398063534,0,0,0,1,0.3310131961909043,10.0,0.01350778516149154,0.01350778516149154,,,Asia,0.8365567932201982,support|below|1752.3146,support|below|1752.3146|13873,s_r
13881,13880,below,13880201.0,previous_day_low,1752.295,0.5,2.0,13878,13878,4,0,displacement_confirmed_sweep,0,1,1,0.5743663610552702,0.016139171881308687,1,0,0,1,0.860330277219368,10.0,-0.08161764682798114,0.08161764682798114,,,London,0.6152596839882615,previous_day_low|below|1752.295,previous_day_low|below|1752.295|13878,prior_period
13885,13884,above,13884104.0,previous_day_high,1754.015,0.55,3.0,13881,13881,4,1,tradeable_sweep_candidate,0,1,1,0.6719046269220824,0.3197707405728113,1,0,1,1,1.234117031571226,10.0,0.051956070455958264,0.051956070455958264,,,Asia,0.5047399739079829,previous_day_high|above|1754.015,previous_day_high|above|1754.015|13881,prior_period
13889,13886,below,13886202.0,previous_day_low,1745.895,0.55,4.0,13880,13882,4,0,standard_liquidity_sweep,0,1,0,0.5376724169959795,0.28555596555081897,0,0,0,1,0.643390836626461,10.0,-0.5363539974422183,0.5363539974422183,,,Overlap,1.8883786595352066,previous_day_low|below|1745.895,previous_day_low|below|1745.895|13882,prior_period
13896,13896,above,13896102.0,previous_day_high,1758.905,0.55,5.0,13891,13891,3,0,standard_liquidity_sweep,0,1,0,0.5920280687379924,0.7229813796024688,0,0,0,1,0.5281056497936031,10.0,0.005480371222097248,0.005480371222097248,,,Asia,1.1599690746502196,previous_day_high|above|1758.905,previous_day_high|above|1758.905|13891,prior_period
13898,13897,above,13897102.0,resistance,1761.2115957240421,0.6000000000000001,18.0,2893,13879,4,0,displacement_confirmed_sweep,0,1,1,0.545224794671899,0.3352250637630521,1,0,0,1,0.22929077754422955,9.0,0.24296845850109322,0.24296845850109322,,,London,2.4368832365737454,resistance|above|1761.2116,resistance|above|1761.2116|13879,s_r
13914,13912,above,13912102.0,previous_day_high,1802.9,0.55,3.0,13909,13909,4,0,displacement_confirmed_sweep,0,1,1,0.5435458420163612,0.5411644654914277,0,0,1,1,0.5021250868302792,8.0,-0.2520126381868139,0.2520126381868139,,,Dead,1.723209508478367,previous_day_high|above|1802.9,previous_day_high|above|1802.9|13909,prior_period
13922,13920,below,13920202.0,previous_day_low,1772.76,0.55,3.0,13917,13917,4,0,micro_interaction_sweep,1,0,0,0.5368247935767705,0.11739053856603403,0,0,0,1,0.5599146024343722,10.0,0.10453751517150534,0.10453751517150534,,,Overlap,0.11739053856603403,previous_day_low|below|1772.76,previous_day_low|below|1772.76|13917,prior_period
13932,13931,above,13931101.0,previous_day_high,1790.45,0.6,3.0,13927,13928,4,0,standard_liquidity_sweep,0,1,0,0.5032217874958385,0.7897328869520369,0,0,0,1,0.23674023491084895,10.0,-0.2097988522454358,0.2097988522454358,,,London,0.9436594998694539,previous_day_high|above|1790.45,previous_day_high|above|1790.45|13928,prior_period
13936,13935,above,13935102.0,swing_high,1794.765,0.4,1.0,13932,13934,4,0,micro_interaction_sweep,1,0,0,0.4689871375290594,0.18951311077983268,0,0,0,1,0.3635352120528114,10.0,-0.0006267848483806272,0.0006267848483806272,,,Asia,0.18951311077983268,swing_high|above|1794.765,swing_high|above|1794.765|13934,swing
13942,13940,below,13940201.0,previous_day_low,1788.865,0.55,3.0,13937,13937,4,0,standard_liquidity_sweep,0,1,0,0.41312303931715993,0.9261692923491942,0,0,0,1,0.1848909316262332,9.0,-0.074296662708693,0.074296662708693,,,Dead,1.0931386650525743,previous_day_low|below|1788.865,previous_day_low|below|1788.865|13937,prior_period
13947,13947,below,13947201.0,session_low,1785.03,0.5,4.0,13943,13943,3,0,displacement_confirmed_sweep,0,1,1,0.5633166671743538,0.07464663830796965,1,0,0,1,0.5081666717435381,9.0,0.05596829425962219,0.05596829425962219,prev_london_low,completed_previous_session_only,Asia,0.35902412986579946,session_low|below|1785.03,session_low|below|1785.03|13943,session
13957,13957,below,13957202.0,support,1804.994358796877,0.6000000000000001,3.0,2912,13954,3,1,tradeable_sweep_candidate,0,1,1,0.7290542425357687,0.5191153361820082,1,0,0,1,0.8738757586910186,8.0,-0.20015062854919938,0.20015062854919938,,,NY,0.5881879555648318,support|below|1804.9944,support|below|1804.9944|13954,s_r
13971,13970,above,13970101.0,previous_day_high,1794.16,0.6,2.0,13968,13968,4,0,micro_interaction_sweep,1,0,0,0.4401526182374013,0.12307719780523871,0,0,0,1,0.17121487892683665,9.0,-0.03336775595697311,0.03336775595697311,,,Dead,0.26299143071399406,previous_day_high|above|1794.16,previous_day_high|above|1794.16|13968,prior_period
13977,13974,below,13974202.0,previous_day_low,1790.81,0.6,4.0,13970,13970,4,0,micro_interaction_sweep,1,0,0,0.6225830958837761,0.17814242216453782,1,0,0,1,0.7143857844373457,10.0,0.0149175685845372,0.0149175685845372,,,Overlap,0.5529073213714508,previous_day_low|below|1790.81,previous_day_low|below|1790.81|13970,prior_period
13986,13986,above,13986101.0,resistance,1818.6816666666666,0.55,5.0,13982,13981,3,0,micro_interaction_sweep,1,0,0,0.5714670578594784,-0.0029130189850436325,0,0,1,1,0.24501538885112,8.0,0.22024973903849585,0.22024973903849585,,,Overlap,0.7098312602449249,resistance|above|1818.6817,resistance|above|1818.6817|13981,s_r
13987,13986,above,13986102.0,resistance,1821.0199999999998,0.6,4.0,2917,13982,4,0,displacement_confirmed_sweep,0,1,1,0.46967282220711465,0.2890130978734988,1,0,1,1,0.24501538885112,8.0,0.22024973903849585,0.22024973903849585,,,Overlap,1.0019677396006175,resistance|above|1821.02,resistance|above|1821.02|13982,s_r
13988,13987,below,13987201.0,session_low,1815.28,0.45,5.0,13982,13982,4,0,micro_interaction_sweep,1,0,0,0.46219161906339773,0.20026449611361152,1,0,0,1,0.32006238099182777,8.0,-0.1018380303155907,0.1018380303155907,prev_ny_low,completed_previous_session_only,NY,0.4275895724478592,session_low|below|1815.28,session_low|below|1815.28|13982,session
14004,14004,above,14004104.0,equal_high,1824.0763498249348,0.7000000000000001,55.0,2490,13949,3,0,standard_liquidity_sweep,0,1,0,0.7322087060629735,2.080691107899638,0,0,0,1,0.8320878927940758,9.0,0.49875854042163403,0.49875854042163403,,,Overlap,4.682225257017658,equal_high|above|1824.0763,equal_high|above|1824.0763|13949,eqh_eql
14009,14008,below,14008202.0,session_low,1803.68,0.45,5.0,14003,14003,4,0,standard_liquidity_sweep,0,1,0,0.5693288783722441,0.7702838623621059,0,0,0,1,0.28918339377227664,10.0,0.033473006858397096,0.033473006858397096,prev_asia_low,completed_previous_session_only,Asia,1.388640389971546,session_low|below|1803.68,session_low|below|1803.68|14003,session
14010,14010,below,14010201.0,support,1802.6912769651071,0.65,8.0,10998,14002,3,1,tradeable_sweep_candidate,0,1,0,0.6709763763966305,0.3349377338111704,0,0,0,1,0.5192404029565899,8.0,0.10103884408728876,0.10103884408728876,,,Overlap,1.4987430957251597,support|below|1802.6913,support|below|1802.6913|14002,s_r
14021,14021,above,14021101.0,previous_day_high,1820.085,0.55,3.0,14016,14018,3,0,displacement_confirmed_sweep,0,1,1,0.6557497052796333,0.5367398470314171,1,0,0,1,0.6674760013958294,9.0,0.15112664182548846,0.15112664182548846,,,London,0.5367398470314171,previous_day_high|above|1820.085,previous_day_high|above|1820.085|14018,prior_period
14022,14021,above,14021104.0,previous_week_high,1823.74,0.55,21.0,14000,14000,4,0,displacement_confirmed_sweep,0,1,1,0.5199436520419571,1.0296504351971973,1,0,0,1,0.6674760013958294,9.0,0.15112664182548846,0.15112664182548846,,,London,2.5367757340544874,previous_week_high|above|1823.74,previous_week_high|above|1823.74|14000,prior_period
14028,14027,above,14027101.0,previous_day_high,1839.88,0.5,2.0,14025,14025,4,1,tradeable_sweep_candidate,0,1,0,0.7050000000000001,0.6303041243175368,0,0,0,1,1.0383012574503228,7.0,-0.5259954138909028,0.5259954138909028,,,London,0.6303041243175368,previous_day_high|above|1839.88,previous_day_high|above|1839.88|14025,prior_period
14063,14062,above,14062101.0,previous_day_high,1880.675,0.55,2.0,14058,14060,4,1,tradeable_sweep_candidate,0,1,1,0.6392632033833242,0.0016825156829861898,1,0,0,1,0.673606319746838,6.0,-0.4610995641124207,0.4610995641124207,,,Asia,0.652218783342609,previous_day_high|above|1880.675,previous_day_high|above|1880.675|14060,prior_period
14064,14064,below,14064201.0,previous_day_low,1870.325,0.55,3.0,14061,14061,3,0,micro_interaction_sweep,1,0,0,0.5626055385548271,0.14654713399034017,0,0,0,1,0.34920425395327304,7.0,0.7901349709265048,0.7901349709265048,,,Overlap,1.6467841575443225,previous_day_low|below|1870.325,previous_day_low|below|1870.325|14061,prior_period
14069,14069,above,14069102.0,previous_day_high,1886.555,0.55,5.0,14062,14064,3,1,tradeable_sweep_candidate,0,1,1,0.7333333333333334,0.2776593194271013,1,0,0,1,1.327601840879284,7.0,0.37300424564399265,0.37300424564399265,,,London,1.215962840963185,previous_day_high|above|1886.555,previous_day_high|above|1886.555|14064,prior_period
14070,14069,below,14069203.0,session_low,1870.495,0.45,5.0,14064,14064,4,0,displacement_confirmed_sweep,0,1,1,0.5603743676742181,1.656921448468418,1,0,0,1,1.327601840879284,7.0,0.2525138479597152,0.2525138479597152,prev_london_low,completed_previous_session_only,London,1.656921448468418,session_low|below|1870.495,session_low|below|1870.495|14064,session
14090,14090,below,14090201.0,session_low,1903.66,0.55,3.0,14086,14087,3,0,displacement_confirmed_sweep,0,1,1,0.5125802588936429,0.5250331051562691,1,0,0,1,0.3439506472341071,9.0,0.04008243763041726,0.04008243763041726,prev_ny_low,completed_previous_session_only,Dead,1.0579727641749634,session_low|below|1903.66,session_low|below|1903.66|14087,session
14094,14093,above,14093101.0,previous_day_high,1916.54,0.6,5.0,14088,14088,4,1,tradeable_sweep_candidate,0,1,1,0.7075636649321733,0.24001315172154347,1,0,0,1,0.9593342511090824,7.0,-0.49029184308437856,0.49029184308437856,,,London,1.4845211856428644,previous_day_high|above|1916.54,previous_day_high|above|1916.54|14088,prior_period
14103,14101,above,14101101.0,previous_week_high,1928.755,0.55,22.0,14079,14079,4,0,standard_liquidity_sweep,0,1,0,0.5625013568795537,0.3984789605904459,0,0,0,1,0.6500135687955372,7.0,-0.3372905053828701,0.3372905053828701,,,NY,2.812004808090009,previous_week_high|above|1928.755,previous_week_high|above|1928.755|14079,prior_period
14110,14109,below,14109201.0,previous_day_low,1923.79,0.55,4.0,14105,14105,4,0,displacement_confirmed_sweep,0,1,1,0.45033947437478206,0.8607762845005823,0,1,0,1,0.20709868593695507,7.0,-0.11563886016783177,0.11563886016783177,,,Asia,0.8607762845005823,previous_day_low|below|1923.79,previous_day_low|below|1923.79|14105,prior_period
14112,14111,below,14111204.0,session_low,1925.715,0.45,3.0,14108,14108,4,1,tradeable_sweep_candidate,0,1,1,0.6291454665266103,0.07095695246825832,1,1,0,1,0.7286970925751425,8.0,-0.2345116333840045,0.2345116333840045,prev_ny_low,completed_previous_session_only,London,0.6541685104776913,session_low|below|1925.715,session_low|below|1925.715|14108,session
14117,14115,above,14115101.0,previous_week_high,1937.43,0.65,9.0,14104,14106,4,0,displacement_confirmed_sweep,0,1,1,0.5311704340800563,0.27421446429359997,1,0,0,1,0.2626235932051126,6.0,-0.2372738255212206,0.2372738255212206,,,Asia,2.0985268480927903,previous_week_high|above|1937.43,previous_week_high|above|1937.43|14106,prior_period
14118,14117,below,14117202.0,session_low,1924.83,0.45,3.0,14114,14114,4,0,standard_liquidity_sweep,0,1,0,0.5559274429742902,1.4052730780075724,0,0,0,1,0.34896223769097856,6.0,0.12083179975447532,0.12083179975447532,prev_ny_low,completed_previous_session_only,London,1.51490211678939,session_low|below|1924.83,session_low|below|1924.83|14114,session
14121,14121,below,14121202.0,session_low,1931.85,0.45,4.0,14117,14117,3,0,displacement_confirmed_sweep,0,1,1,0.5643765686624177,0.3344015495288394,0,1,0,1,0.602099019957509,8.0,-0.05871709450826787,0.05871709450826787,prev_asia_low,completed_previous_session_only,Asia,0.5178403310864662,session_low|below|1931.85,session_low|below|1931.85|14117,session
14128,14125,above,14125101.0,previous_day_high,1942.505,0.55,7.0,14116,14118,4,0,micro_interaction_sweep,1,0,0,0.5383191327570358,0.23458302508707288,0,0,0,1,0.532473891810148,6.0,-0.35257756341178403,0.35257756341178403,,,NY,1.6708960087559626,previous_day_high|above|1942.505,previous_day_high|above|1942.505|14118,prior_period
14129,14129,above,14129101.0,previous_week_high,1937.43,0.55,20.0,14109,14109,3,0,micro_interaction_sweep,1,0,0,0.6607664421984123,0.06948095704809294,0,0,0,1,0.4936228974172803,8.0,0.4544307276726154,0.4544307276726154,,,London,2.0985268480927903,previous_week_high|above|1937.43,previous_week_high|above|1937.43|14109,prior_period
14140,14140,below,14140202.0,support,1925.4837379368619,0.6,3.0,11025,14137,3,0,standard_liquidity_sweep,0,1,0,0.5443211442450467,0.5673733963520968,0,0,0,1,0.3423843154748621,8.0,0.4490551967601595,0.4490551967601595,,,Asia,0.5673733963520968,support|below|1925.4837,support|below|1925.4837|14137,s_r
14141,14139,above,14139103.0,session_high,1929.23,0.45,4.0,14135,14135,4,0,displacement_confirmed_sweep,0,1,1,0.5523413943796138,0.28532210364105803,0,1,0,1,0.5445742257338055,10.0,0.056542769554819426,0.056542769554819426,prev_asia_high,completed_previous_session_only,Asia,0.5759785390248674,session_high|above|1929.23,session_high|above|1929.23|14135,session
14144,14141,below,14141201.0,support,1924.81,0.55,3.0,11025,14138,4,0,displacement_confirmed_sweep,0,1,1,0.4003028759458223,0.5866771072315058,1,0,0,1,0.2028405231978892,9.0,0.043166006733910724,0.043166006733910724,,,London,0.6367963509999812,support|below|1924.81,support|below|1924.81|14138,s_r
14147,14146,below,14146202.0,previous_week_low,1911.38,0.55,7.0,14139,14139,4,1,tradeable_sweep_candidate,0,1,1,0.7084362407154424,0.44310608614686103,1,0,0,1,0.951029073821091,9.0,0.44273837079965006,0.44273837079965006,,,Asia,2.0206434373963496,previous_week_low|below|1911.38,previous_week_low|below|1911.38|14139,prior_period
14153,14153,above,14153102.0,previous_day_high,1931.14,0.6,3.0,14148,14150,3,0,displacement_confirmed_sweep,0,1,1,0.5243721592593354,0.5090209950670054,1,0,0,1,0.23010101726048765,9.0,0.30556508239799257,0.30556508239799257,,,London,0.5956312687067735,previous_day_high|above|1931.14,previous_day_high|above|1931.14|14150,prior_period
14183,14182,above,14182102.0,session_high,1877.97,0.5,5.0,14177,14177,4,1,tradeable_sweep_candidate,0,1,0,0.5909455483518564,0.17131741305373896,0,0,0,1,0.8128344644956851,9.0,0.06026352791340263,0.06026352791340263,prev_ny_high,completed_previous_session_only,Asia,0.7872443461485162,session_high|above|1877.97,session_high|above|1877.97|14177,session
14190,14189,above,14189101.0,resistance,1886.3507012388654,0.65,7.0,14182,14182,4,0,micro_interaction_sweep,1,0,0,0.5388099212824331,0.07089020074215434,0,0,1,1,0.23704689049095037,8.0,0.7052712267007097,0.7052712267007097,,,London,1.2100446711372075,resistance|above|1886.3507,resistance|above|1886.3507|14182,s_r
14194,14191,below,14191201.0,previous_week_low,1861.36,0.55,22.0,14169,14169,4,0,standard_liquidity_sweep,0,1,0,0.4692711683564737,0.4777574043179126,0,0,0,1,0.23445613691517356,9.0,0.02978746001793011,0.02978746001793011,,,NY,2.5317138880404406,previous_week_low|below|1861.36,previous_week_low|below|1861.36|14169,prior_period
14199,14199,below,14199202.0,session_low,1860.185,0.45,3.0,14196,14196,3,0,micro_interaction_sweep,1,0,0,0.48709480436840685,0.1406783908201434,0,0,0,1,0.33232034425435053,8.0,0.1568136624450185,0.1568136624450185,prev_london_low,completed_previous_session_only,Asia,0.5119450681612523,session_low|below|1860.185,session_low|below|1860.185|14196,session
14200,14200,below,14200201.0,previous_day_low,1858.115,0.5,1.0,14199,14199,3,0,standard_liquidity_sweep,0,1,0,0.5423548050781707,0.4953650131541324,0,0,0,1,0.4392203460287598,8.0,0.05407358499308415,0.05407358499308415,,,Asia,0.4953650131541324,previous_day_low|below|1858.115,previous_day_low|below|1858.115|14199,prior_period
14207,14207,below,14207202.0,support,1852.9742027077884,0.65,13.0,2958,14194,3,1,tradeable_sweep_candidate,0,1,0,0.7350745720651375,0.7038996308719334,0,0,0,1,0.7674123873180413,7.0,0.005426075785894855,0.005426075785894855,,,London,1.246578324133019,support|below|1852.9742,support|below|1852.9742|14194,s_r
14208,14207,below,14207203.0,support,1850.7548642991337,0.65,4.0,2959,14203,4,1,tradeable_sweep_candidate,0,1,0,0.696334224201641,0.9560369124766268,0,0,0,1,0.7674123873180413,7.0,0.005426075785894855,0.005426075785894855,,,London,1.2743782391934748,support|below|1850.7549,support|below|1850.7549|14203,s_r
14218,14218,above,14218101.0,resistance,1838.795,0.55,5.0,14214,14213,3,0,displacement_confirmed_sweep,0,1,1,0.5824958225402,0.25332357476210055,1,1,0,1,0.5332915587353331,8.0,0.07003894259281059,0.07003894259281059,,,Asia,0.5197551412840112,resistance|above|1838.795,resistance|above|1838.795|14213,s_r
14220,14219,below,14219203.0,session_low,1834.32,0.5,3.0,14216,14216,4,1,tradeable_sweep_candidate,0,1,1,0.6478379916563162,0.4012757462836617,1,0,0,1,0.2858373910624751,9.0,-0.16605301675032533,0.16605301675032533,prev_asia_low,completed_previous_session_only,London,0.8275463087439034,session_low|below|1834.32,session_low|below|1834.32|14216,session
14221,14220,above,14220103.0,session_high,1838.66,0.45,4.0,14216,14216,4,0,displacement_confirmed_sweep,0,1,1,0.5512533604231962,1.011226885287583,1,0,0,1,0.6292002708986278,6.0,0.06612924021807762,0.06612924021807762,prev_ny_high,completed_previous_session_only,Overlap,1.011226885287583,session_high|above|1838.66,session_high|above|1838.66|14216,session
14226,14223,below,14223202.0,session_low,1827.66,0.5,3.0,14220,14220,4,0,micro_interaction_sweep,1,0,0,0.5391061725215741,0.18755334285010722,1,0,0,1,0.44511468923904374,8.0,-0.17061893386841126,0.17061893386841126,prev_london_low,completed_previous_session_only,Asia,1.6007166088085396,session_low|below|1827.66,session_low|below|1827.66|14220,session
14232,14231,above,14231102.0,swing_high,1845.28,0.4,8.0,14221,14223,4,0,micro_interaction_sweep,1,0,0,0.4028842455822049,0.1990990932402157,0,0,0,1,0.2030439472888456,9.0,0.12298661950066586,0.12298661950066586,,,London,2.1946796304715845,swing_high|above|1845.28,swing_high|above|1845.28|14223,swing
14243,14243,above,14243101.0,session_high,1836.525,0.45,3.0,14240,14240,3,1,tradeable_sweep_candidate,0,1,0,0.6945811590882458,0.42691120868584287,0,0,0,1,1.2403831997981336,8.0,0.07874415906378757,0.07874415906378757,prev_ny_high,completed_previous_session_only,London,0.42691120868584287,session_high|above|1836.525,session_high|above|1836.525|14240,session
14247,14245,below,14245202.0,previous_day_low,1830.23,0.55,6.0,14237,14239,4,0,standard_liquidity_sweep,0,1,0,0.5780368041219673,0.060449925266432294,0,0,0,1,0.8470347078863395,9.0,0.4348279064223682,0.4348279064223682,,,NY,0.7758064188164309,previous_day_low|below|1830.23,previous_day_low|below|1830.23|14239,prior_period
14249,14249,below,14249201.0,support,1823.1823840842442,0.65,24.0,14246,14225,3,1,tradeable_sweep_candidate,0,1,0,0.6916232314336392,0.4168107050090039,0,0,0,1,0.44780807858409816,6.0,0.6004809059592191,0.6004809059592191,,,London,2.700788010862129,support|below|1823.1824,support|below|1823.1824|14225,s_r
14252,14250,below,14250201.0,previous_day_low,1823.1,0.6,4.0,14246,14246,4,0,standard_liquidity_sweep,0,1,0,0.5526717143327303,0.610459506638307,0,0,0,1,0.5517171433273036,9.0,-0.047767718036980815,0.047767718036980815,,,Overlap,1.1528869408539466,previous_day_low|below|1823.1,previous_day_low|below|1823.1|14246,prior_period
14260,14259,below,14259202.0,previous_day_low,1809.716,0.55,1.0,14258,14258,4,0,standard_liquidity_sweep,0,1,0,0.5688474757479973,0.1943108119123261,0,0,0,1,0.4107518541735365,8.0,-0.21299279542717084,0.21299279542717084,,,Asia,0.1943108119123261,previous_day_low|below|1809.716,previous_day_low|below|1809.716|14258,prior_period
14285,14284,above,14284102.0,swing_high,1844.141,0.4,8.0,14274,14276,4,0,micro_interaction_sweep,1,0,0,0.5082045371859336,0.20818574442856844,0,0,0,1,0.44551134296483413,7.0,0.07484298837503174,0.07484298837503174,,,Asia,1.8371948123524535,swing_high|above|1844.141,swing_high|above|1844.141|14276,swing
14291,14291,below,14291201.0,support,1850.0357826086959,0.6,3.0,11055,14288,3,0,micro_interaction_sweep,1,0,0,0.613960200301151,0.016790917446000832,0,0,0,1,0.31615050075287743,9.0,0.2642571220855333,0.2642571220855333,,,London,0.4422847413867342,support|below|1850.0358,support|below|1850.0358|14288,s_r
14304,14303,above,14303101.0,session_high,1816.04,0.45,3.0,14300,14300,4,0,displacement_confirmed_sweep,0,1,1,0.6568891412087742,0.28797452644299026,1,0,0,1,0.8105580787544079,10.0,-0.6380063589480099,0.6380063589480099,prev_ny_high,completed_previous_session_only,London,0.69200681719087,session_high|above|1816.04,session_high|above|1816.04|14300,session
14333,14333,below,14333201.0,support,1895.38,0.65,5.0,14328,14328,3,0,displacement_confirmed_sweep,0,1,1,0.6306443894379483,0.4319151043799292,1,1,0,1,0.7231105610461495,7.0,0.08445919777595896,0.08445919777595896,,,Asia,0.9338527727295307,support|below|1895.38,support|below|1895.38|14328,s_r
14337,14334,above,14334102.0,session_high,1911.96,0.45,5.0,14329,14329,4,0,standard_liquidity_sweep,0,1,0,0.5441666666666667,1.3666635992452971,0,0,0,1,1.2052765067647109,7.0,-0.9669796258976971,0.9669796258976971,prev_london_high,completed_previous_session_only,London,1.3666635992452971,session_high|above|1911.96,session_high|above|1911.96|14329,session
14369,14369,above,14369101.0,resistance,1978.8799999999999,0.65,3.0,14366,14366,3,0,micro_interaction_sweep,1,0,0,0.5160583248629504,0.1321483043717424,0,0,0,1,0.23574762296472357,7.0,0.05856051129869737,0.05856051129869737,,,Asia,0.712239703712707,resistance|above|1978.88,resistance|above|1978.88|14366,s_r
14388,14387,below,14387202.0,session_low,1955.96,0.45,5.0,14382,14382,4,0,standard_liquidity_sweep,0,1,0,0.5675677985176112,0.30369898346803154,0,0,0,1,0.5851491539765035,8.0,0.09745299100860307,0.09745299100860307,prev_asia_low,completed_previous_session_only,Asia,0.5491602965255256,session_low|below|1955.96,session_low|below|1955.96|14382,session
14397,14397,below,14397201.0,session_low,1958.68,0.45,3.0,14394,14394,3,0,standard_liquidity_sweep,0,1,0,0.48161809402974515,0.5617541431207308,0,0,0,1,0.3186285684076962,8.0,0.045107056370969435,0.045107056370969435,prev_asia_low,completed_previous_session_only,Dead,0.9702318005607279,session_low|below|1958.68,session_low|below|1958.68|14394,session
14400,14400,above,14400101.0,resistance,1971.663043478261,0.6,3.0,7294,14397,3,0,standard_liquidity_sweep,0,1,0,0.5642408086879995,0.4211844463831066,0,0,0,1,0.276621299823548,7.0,0.49684897113787446,0.49684897113787446,,,London,1.2009075692473894,resistance|above|1971.663,resistance|above|1971.663|14397,s_r
14407,14406,above,14406102.0,previous_day_high,1984.29,0.6,2.0,14401,14404,4,0,displacement_confirmed_sweep,0,1,1,0.5495640660266962,0.5965926666534986,0,0,1,1,0.2547907837985073,9.0,0.43833580962967944,0.43833580962967944,,,London,0.5965926666534986,previous_day_high|above|1984.29,previous_day_high|above|1984.29|14404,prior_period
14411,14410,below,14410202.0,swing_low,1955.36,0.4,11.0,14397,14399,4,1,tradeable_sweep_candidate,0,1,0,0.5286061639277586,0.49094524453079247,0,0,0,1,0.554646661342303,10.0,0.07253830891219663,0.07253830891219663,,,Asia,2.7106644741434636,swing_low|below|1955.36,swing_low|below|1955.36|14399,swing
14424,14424,above,14424101.0,resistance,2025.04,0.55,3.0,7299,14421,3,0,standard_liquidity_sweep,0,1,0,0.6542329247187708,0.04881519310111785,0,0,0,1,0.6172357500790692,7.0,0.23342043701477452,0.23342043701477452,,,London,0.4176356975298416,resistance|above|2025.04,resistance|above|2025.04|14421,s_r
14442,14441,above,14441103.0,session_high,2001.91,0.45,5.0,14436,14436,4,1,tradeable_sweep_candidate,0,1,0,0.5744768361740047,0.27921058474263355,0,0,0,1,0.4377084145489792,10.0,-0.14899672593464963,0.14899672593464963,prev_asia_high,completed_previous_session_only,Asia,1.255312082988027,session_high|above|2001.91,session_high|above|2001.91|14436,session
14448,14448,above,14448101.0,resistance,2015.11,0.55,3.0,7304,14445,3,0,standard_liquidity_sweep,0,1,0,0.7291666666666667,0.44477384947876963,0,0,0,1,0.3880286758306792,8.0,0.6747645623320354,0.6747645623320354,,,London,0.44477384947876963,resistance|above|2015.11,resistance|above|2015.11|14445,s_r
14449,14448,above,14448102.0,resistance,2021.4808505605401,0.616095474311396,22.0,14446,14426,4,0,displacement_confirmed_sweep,0,1,1,0.6177325188271265,1.109935288038739,1,0,0,1,0.3880286758306792,8.0,0.6747645623320354,0.6747645623320354,,,London,3.0355675310314054,resistance|above|2021.4809,resistance|above|2021.4809|14426,s_r
14467,14467,below,14467203.0,support,1992.0259661700597,0.588976346818787,26.0,3013,14441,3,0,standard_liquidity_sweep,0,1,0,0.6377416599550736,0.31707367365492045,0,0,0,1,0.7288316000499364,10.0,-0.01243160216861385,0.01243160216861385,,,Overlap,5.0545017314805785,support|below|1992.026,support|below|1992.026|14441,s_r
14469,14467,below,14467201.0,previous_day_low,1995.435,0.5,3.0,14464,14464,4,0,standard_liquidity_sweep,0,1,0,0.5808333333333334,0.037697755122375845,0,0,0,1,0.7288316000499364,10.0,-0.01243160216861385,0.01243160216861385,,,Overlap,1.3221051738526475,previous_day_low|below|1995.435,previous_day_low|below|1995.435|14464,prior_period
14478,14477,below,14477201.0,equal_low,1981.37,0.6571398741297739,13.0,2577,14464,4,1,tradeable_sweep_candidate,0,1,0,0.6900065268065194,1.914882580014,0,0,0,1,0.7479604398137737,9.0,-0.6478781074289718,0.6478781074289718,,,Asia,2.490305699958613,equal_low|below|1981.37,equal_low|below|1981.37|14464,eqh_eql
14479,14477,below,14477202.0,previous_day_low,1991.23,0.55,4.0,14473,14473,4,0,standard_liquidity_sweep,0,1,0,0.6156270677099511,0.9248069513334483,0,0,0,1,0.7479604398137737,9.0,-0.6478781074289718,0.6478781074289718,,,Asia,1.3114548784353963,previous_day_low|below|1991.23,previous_day_low|below|1991.23|14473,prior_period
14485,14485,above,14485101.0,resistance,2006.92,0.55,4.0,7311,14481,3,0,standard_liquidity_sweep,0,1,0,0.5878387735794547,0.3082563819430324,0,0,0,1,0.4248344770722389,9.0,0.022028472475568807,0.022028472475568807,,,Overlap,1.1937161528173594,resistance|above|2006.92,resistance|above|2006.92|14481,s_r
14492,14490,below,14490203.0,previous_week_low,1981.62,0.6000000000000001,26.0,14464,14464,4,0,standard_liquidity_sweep,0,1,0,0.5763905808769421,0.4345940798976166,0,0,0,1,0.7889058087694204,9.0,0.09639780567429161,0.09639780567429161,,,London,2.4688892422706306,previous_week_low|below|1981.62,previous_week_low|below|1981.62|14464,prior_period
14495,14494,below,14494201.0,previous_day_low,1979.11,0.55,1.0,14493,14493,4,0,micro_interaction_sweep,1,0,0,0.4411510089318824,0.029059194321162014,0,0,0,1,0.20496085566303934,10.0,-0.045754359578534694,0.045754359578534694,,,Asia,0.029059194321162014,previous_day_low|below|1979.11,previous_day_low|below|1979.11|14493,prior_period
14503,14502,below,14502201.0,session_low,1986.91,0.5,3.0,14499,14499,4,0,standard_liquidity_sweep,0,1,0,0.6644218116676357,0.1171314705695051,0,0,0,1,0.9972715028444272,10.0,-0.16251831898205124,0.16251831898205124,prev_asia_low,completed_previous_session_only,London,0.9814569199855834,session_low|below|1986.91,session_low|below|1986.91|14499,session
14506,14505,above,14505101.0,session_high,1998.29,0.45,3.0,14502,14502,4,0,micro_interaction_sweep,1,0,0,0.4863668692457584,0.11724086355281797,0,0,0,1,0.390917173114396,10.0,-0.067703330100476,0.067703330100476,prev_asia_high,completed_previous_session_only,Dead,1.2133469951273543,session_high|above|1998.29,session_high|above|1998.29|14502,session
14509,14508,above,14508101.0,resistance,2003.8948437601455,0.65,19.0,14504,14489,4,0,displacement_confirmed_sweep,0,1,1,0.5861185748061803,0.49505412386514797,0,0,1,1,0.32619243446440055,9.0,0.08213081945729643,0.08213081945729643,,,London,2.6027272454218777,resistance|above|2003.8948,resistance|above|2003.8948|14489,s_r
14512,14509,below,14509204.0,session_low,1994.375,0.45,4.0,14505,14505,4,0,standard_liquidity_sweep,0,1,0,0.5321244874789564,0.8014970076718936,0,0,0,1,0.9629115414562304,9.0,0.09833619899190431,0.09833619899190431,prev_ny_low,completed_previous_session_only,Overlap,0.8014970076718936,session_low|below|1994.375,session_low|below|1994.375|14505,session
14515,14514,below,14514202.0,session_low,1984.55,0.45,3.0,14511,14511,4,0,standard_liquidity_sweep,0,1,0,0.6133156066153451,1.1880905655635994,0,0,0,1,0.7854146032219474,9.0,-0.12115888701264925,0.12115888701264925,prev_ny_low,completed_previous_session_only,London,1.3419053343978915,session_low|below|1984.55,session_low|below|1984.55|14511,session
14522,14521,above,14521102.0,session_high,1990.13,0.5,4.0,14517,14517,4,0,standard_liquidity_sweep,0,1,0,0.5209118670349642,0.33704205057749953,0,0,0,1,0.45644633425407716,10.0,0.04195617819910698,0.04195617819910698,prev_london_high,completed_previous_session_only,Overlap,0.6845072371600597,session_high|above|1990.13,session_high|above|1990.13|14517,session
14525,14525,below,14525201.0,previous_day_low,1981.03,0.5,1.0,14524,14524,3,0,micro_interaction_sweep,1,0,0,0.5264605977713244,0.10397651905519649,0,0,0,1,0.399484827761644,8.0,0.36535798317899937,0.36535798317899937,,,Asia,0.10397651905519649,previous_day_low|below|1981.03,previous_day_low|below|1981.03|14524,prior_period
14527,14526,above,14526102.0,previous_day_high,1991.88,0.55,3.0,14523,14523,4,0,standard_liquidity_sweep,0,1,0,0.668323897037998,0.7236898512968479,0,0,0,1,1.3102674626323572,9.0,-0.18453165255756718,0.18453165255756718,,,London,0.9704475111818939,previous_day_high|above|1991.88,previous_day_high|above|1991.88|14523,prior_period
14568,14568,above,14568101.0,resistance,2038.23,0.6,3.0,7328,14565,3,0,standard_liquidity_sweep,0,1,0,0.7267756434535153,1.0478491874618077,0,0,0,1,0.9344231012018201,10.0,0.012739262054209962,0.012739262054209962,,,London,1.0478491874618077,resistance|above|2038.23,resistance|above|2038.23|14565,s_r
14569,14568,above,14568103.0,session_high,2033.585,0.5,5.0,14563,14563,4,1,tradeable_sweep_candidate,0,1,1,0.6966666666666668,0.5190866154074767,0,0,1,1,0.9344231012018201,10.0,0.012739262054209962,0.012739262054209962,prev_asia_high,completed_previous_session_only,London,0.5190866154074767,session_high|above|2033.585,session_high|above|2033.585|14563,session
14575,14574,above,14574101.0,resistance,2034.16,0.55,4.0,14571,14570,4,0,displacement_confirmed_sweep,0,1,1,0.6596071543170144,0.7768904850944466,1,0,0,1,0.950873664027349,9.0,1.9595149662742843,1.9595149662742843,,,London,0.7768904850944466,resistance|above|2034.16,resistance|above|2034.16|14570,s_r
14580,14578,below,14578201.0,previous_day_low,2010.74,0.55,3.0,14575,14575,4,0,micro_interaction_sweep,1,0,0,0.49387701771503045,0.12768595124314305,1,0,0,1,0.25643356772545767,9.0,-0.12354491724425314,0.12354491724425314,,,Asia,0.40882236979614806,previous_day_low|below|2010.74,previous_day_low|below|2010.74|14575,prior_period
14581,14581,below,14581201.0,session_low,2013.45,0.45,4.0,14577,14577,3,0,standard_liquidity_sweep,0,1,0,0.6329965801728711,0.6001157742647518,0,0,0,1,0.47740981600874954,9.0,0.10090070475330762,0.10090070475330762,prev_ny_low,completed_previous_session_only,Overlap,0.6001157742647518,session_low|below|2013.45,session_low|below|2013.45|14577,session
14587,14586,above,14586103.0,previous_day_high,2018.8,0.5,2.0,14584,14584,4,0,micro_interaction_sweep,1,0,0,0.513054686763346,0.24527135167313777,0,0,0,1,0.33082935191211005,10.0,0.12897631254659767,0.12897631254659767,,,London,0.24527135167313777,previous_day_high|above|2018.8,previous_day_high|above|2018.8|14584,prior_period
14603,14603,below,14603201.0,session_low,1976.49,0.45,4.0,14599,14599,3,0,displacement_confirmed_sweep,0,1,1,0.5588416374308647,0.20319865183200275,1,0,0,1,0.5050830409753122,7.0,0.1084820388238061,0.1084820388238061,prev_london_low,completed_previous_session_only,Asia,1.0122973056581122,session_low|below|1976.49,session_low|below|1976.49|14599,session
14617,14616,below,14616202.0,session_low,1974.29,0.45,3.0,14613,14613,4,1,tradeable_sweep_candidate,0,1,0,0.5934894824463276,0.5566239713220178,0,0,0,1,0.7943995871884374,8.0,0.02992948636279042,0.02992948636279042,prev_ny_low,completed_previous_session_only,London,0.6184428579461128,session_low|below|1974.29,session_low|below|1974.29|14613,session
14622,14621,below,14621202.0,previous_day_low,1960.36,0.5,1.0,14620,14620,4,1,tradeable_sweep_candidate,0,1,0,0.6528983268215856,0.07188987609798092,0,0,0,1,0.6519795381664647,8.0,0.08174221703002778,0.08174221703002778,,,Asia,0.07188987609798092,previous_day_low|below|1960.36,previous_day_low|below|1960.36|14620,prior_period
14627,14626,above,14626101.0,previous_day_high,1977.765,0.55,1.0,14625,14625,4,0,standard_liquidity_sweep,0,1,0,0.4922319157554952,0.4128778441158879,0,0,0,1,0.3086554145619936,7.0,-0.18943930205922674,0.18943930205922674,,,Asia,0.4128778441158879,previous_day_high|above|1977.765,previous_day_high|above|1977.765|14625,prior_period
14647,14646,above,14646101.0,previous_day_high,1946.34,0.5,2.0,14644,14644,4,0,micro_interaction_sweep,1,0,0,0.5133169270895499,0.04962233475663546,1,0,0,1,0.39579231772387463,8.0,-0.03476945690109158,0.03476945690109158,,,London,0.04962233475663546,previous_day_high|above|1946.34,previous_day_high|above|1946.34|14644,prior_period
14651,14650,below,14650202.0,previous_day_low,1940.84,0.55,4.0,14646,14646,4,1,tradeable_sweep_candidate,0,1,1,0.6631499324139725,0.546406800322699,1,0,1,1,0.5805491675662886,7.0,-0.41132526127567665,0.41132526127567665,,,Asia,0.672209500087384,previous_day_low|below|1940.84,previous_day_low|below|1940.84|14646,prior_period
14657,14656,above,14656102.0,session_high,1962.29,0.45,3.0,14653,14653,4,0,standard_liquidity_sweep,0,1,0,0.5149359170405383,0.856077484737091,0,0,0,1,0.20734734996674392,7.0,-0.10564038426490391,0.10564038426490391,prev_london_high,completed_previous_session_only,Asia,0.856077484737091,session_high|above|1962.29,session_high|above|1962.29|14653,session
14689,14688,above,14688101.0,previous_day_high,1966.75,0.6,5.0,14683,14683,4,1,tradeable_sweep_candidate,0,1,1,0.641481172784847,0.2923706622342912,1,0,0,1,0.42453626529545063,9.0,-0.3543954910292545,0.3543954910292545,,,London,0.46718463486509804,previous_day_high|above|1966.75,previous_day_high|above|1966.75|14683,prior_period
14700,14700,above,14700101.0,session_high,1966.06,0.5,3.0,14697,14697,3,0,displacement_confirmed_sweep,0,1,1,0.6785586602393152,0.5160083090409661,0,0,1,1,0.30121297846932354,9.0,0.5141393942838118,0.5141393942838118,prev_asia_high,completed_previous_session_only,London,0.5160083090409661,session_high|above|1966.06,session_high|above|1966.06|14697,session
14701,14700,above,14700103.0,previous_day_high,1970.495,0.55,3.0,14695,14697,4,0,displacement_confirmed_sweep,0,1,1,0.5631311362975194,1.0661277442805661,1,0,1,1,0.30121297846932354,9.0,0.5141393942838118,0.5141393942838118,,,London,1.0661277442805661,previous_day_high|above|1970.495,previous_day_high|above|1970.495|14697,prior_period
14706,14705,above,14705103.0,previous_day_high,1960.585,0.5,1.0,14704,14704,4,0,displacement_confirmed_sweep,0,1,1,0.6158160961671785,0.18447457095441522,1,0,0,1,0.6336431626937895,9.0,0.10855241432601544,0.10855241432601544,,,Asia,0.18447457095441522,previous_day_high|above|1960.585,previous_day_high|above|1960.585|14704,prior_period
14707,14706,below,14706202.0,previous_day_low,1955.53,0.5,2.0,14704,14704,4,1,tradeable_sweep_candidate,0,1,0,0.6289491233783177,1.220583542479883,0,0,0,1,0.731583774269994,9.0,-0.19564938495730994,0.19564938495730994,,,London,1.220583542479883,previous_day_low|below|1955.53,previous_day_low|below|1955.53|14704,prior_period
14708,14706,below,14706203.0,session_low,1956.6,0.45,5.0,14701,14701,4,0,standard_liquidity_sweep,0,1,0,0.5455639976879955,1.085524143260298,0,0,0,1,0.731583774269994,9.0,-0.19564938495730994,0.19564938495730994,prev_london_low,completed_previous_session_only,London,1.085524143260298,session_low|below|1956.6,session_low|below|1956.6|14701,session
14713,14712,above,14712101.0,resistance,1966.98,0.6,5.0,7357,14707,4,0,displacement_confirmed_sweep,0,1,1,0.6225146347113529,0.48410962202183,0,1,0,1,0.3870907777303666,8.0,1.4430614305783775,1.4430614305783775,,,London,1.2778479082412084,resistance|above|1966.98,resistance|above|1966.98|14707,s_r
14724,14721,below,14721203.0,previous_day_low,1940.04,0.6,5.0,14714,14716,4,0,micro_interaction_sweep,1,0,0,0.6600695586159017,0.1289976629118499,0,0,1,1,0.7423622528256834,8.0,0.14399973162821667,0.14399973162821667,,,Dead,1.8355875728384754,previous_day_low|below|1940.04,previous_day_low|below|1940.04|14716,prior_period
14725,14724,below,14724201.0,support,1932.2496917896128,0.55,73.0,3049,14651,4,0,displacement_confirmed_sweep,0,1,1,0.6352014660313732,0.38628707255254885,0,0,1,1,0.5520219418810699,7.0,1.9490143937863762,1.9490143937863762,,,London,5.603794339138062,support|below|1932.2497,support|below|1932.2497|14651,s_r
14730,14729,above,14729102.0,previous_day_high,1962.04,0.5,1.0,14728,14728,4,0,standard_liquidity_sweep,0,1,0,0.5351049106635238,0.4279453942502695,0,0,0,1,0.29520105217521414,10.0,0.1949176198257937,0.1949176198257937,,,Asia,0.4279453942502695,previous_day_high|above|1962.04,previous_day_high|above|1962.04|14728,prior_period
14731,14729,above,14729103.0,session_high,1959.625,0.5,9.0,14718,14720,4,0,micro_interaction_sweep,1,0,0,0.6175415890349475,0.16630283042384586,0,0,0,1,0.29520105217521414,10.0,0.1949176198257937,0.1949176198257937,prev_ny_high,completed_previous_session_only,Asia,2.86526738728383,session_high|above|1959.625,session_high|above|1959.625|14720,session
14749,14748,below,14748203.0,support,1924.6400000000003,0.6266750590722204,24.0,14734,14724,4,1,tradeable_sweep_candidate,0,1,0,0.6825456387831998,1.152262959383145,0,0,0,1,0.5004354068181139,8.0,-0.1398643427873931,0.1398643427873931,,,London,4.360949621798893,support|below|1924.64,support|below|1924.64|14724,s_r
14761,14760,above,14760101.0,session_high,1930.97,0.45,5.0,14755,14755,4,0,standard_liquidity_sweep,0,1,0,0.5447312811301541,1.7933435213180233,0,0,0,1,0.6473128113015412,7.0,-0.07073053798210005,0.07073053798210005,prev_london_high,completed_previous_session_only,London,2.5339603906832875,session_high|above|1930.97,session_high|above|1930.97|14755,session
14763,14761,below,14761202.0,previous_week_low,1924.64,0.55,27.0,14734,14734,4,0,standard_liquidity_sweep,0,1,0,0.5661504643836331,0.8095495238347276,0,0,0,1,0.8115046438363316,9.0,0.4691545800199107,0.4691545800199107,,,Overlap,3.781903733303983,previous_week_low|below|1924.64,previous_week_low|below|1924.64|14734,prior_period
14766,14765,above,14765101.0,previous_day_high,1927.946,0.5,1.0,14764,14764,4,0,standard_liquidity_sweep,0,1,0,0.5636955016505468,0.219510850585683,0,0,0,1,0.6050111359859226,9.0,-0.15053594615763136,0.15053594615763136,,,Asia,0.219510850585683,previous_day_high|above|1927.946,previous_day_high|above|1927.946|14764,prior_period
14778,14777,below,14777201.0,previous_week_low,1909.521,0.55,13.0,14764,14764,4,0,standard_liquidity_sweep,0,1,0,0.5942972791103902,0.817982258038978,0,0,0,1,0.48089135667299115,6.0,-0.2893307721113967,0.2893307721113967,,,Asia,2.4318844479947814,previous_week_low|below|1909.521,previous_week_low|below|1909.521|14764,prior_period
14779,14777,below,14777202.0,previous_day_low,1910.835,0.6,2.0,14774,14775,4,0,standard_liquidity_sweep,0,1,0,0.6440232093358632,0.6408808101788218,0,0,0,1,0.48089135667299115,6.0,-0.2893307721113967,0.2893307721113967,,,Asia,0.6408808101788218,previous_day_low|below|1910.835,previous_day_low|below|1910.835|14775,prior_period
14785,14784,below,14784201.0,previous_day_low,1902.82,0.65,5.0,14778,14779,4,1,tradeable_sweep_candidate,0,1,0,0.7328486580953535,0.32195132831502427,0,0,0,1,1.1775850759245399,6.0,-0.39047538605445,0.39047538605445,,,London,1.162027196322646,previous_day_low|below|1902.82,previous_day_low|below|1902.82|14779,prior_period
14796,14795,below,14795201.0,previous_day_low,1916.02,0.5,1.0,14794,14794,4,0,displacement_confirmed_sweep,0,1,1,0.6113244647835282,0.13105940867728702,1,0,1,1,0.8389083690132141,9.0,-0.40614929384614246,0.40614929384614246,,,Asia,0.13105940867728702,previous_day_low|below|1916.02,previous_day_low|below|1916.02|14794,prior_period
14797,14796,above,14796101.0,swing_high,1922.75,0.4,3.0,14791,14793,4,0,standard_liquidity_sweep,0,1,0,0.5722226361306532,1.348695758530439,0,0,0,1,0.8584788900444686,9.0,-0.4101549482202007,0.4101549482202007,,,London,1.348695758530439,swing_high|above|1922.75,swing_high|above|1922.75|14793,swing
14803,14801,above,14801102.0,session_high,1927.025,0.45,4.0,14797,14797,4,0,standard_liquidity_sweep,0,1,0,0.5118256270346091,0.4855470610981668,0,0,0,1,0.518256270346091,9.0,0.33533027976802626,0.33533027976802626,prev_london_high,completed_previous_session_only,Asia,0.8086813168331267,session_high|above|1927.025,session_high|above|1927.025|14797,session
14808,14808,above,14808102.0,previous_day_high,1930.735,0.6,9.0,14797,14799,3,0,displacement_confirmed_sweep,0,1,1,0.6853376971832977,0.2906631747136533,0,0,1,1,0.6158476520518983,10.0,0.8459396082396765,0.8459396082396765,,,London,1.2776040466776741,previous_day_high|above|1930.735,previous_day_high|above|1930.735|14799,prior_period
14815,14814,above,14814101.0,resistance,1921.4225000000001,0.6268430001250259,4.0,14811,14810,4,0,standard_liquidity_sweep,0,1,0,0.6970210160238339,0.6645173359307549,0,0,0,1,0.728102659925775,10.0,1.4139752627691038,1.4139752627691038,,,London,0.9757446529911558,resistance|above|1921.4225,resistance|above|1921.4225|14810,s_r
14821,14821,above,14821101.0,resistance,1927.7309754307212,0.8012048205901623,7.0,14814,14814,3,1,tradeable_sweep_candidate,0,1,0,0.7733008275537525,0.6142964026425185,0,0,0,1,0.775799911717034,7.0,0.09546895355140282,0.09546895355140282,,,Overlap,2.443958026887071,resistance|above|1927.731,resistance|above|1927.731|14814,s_r
14826,14826,below,14826201.0,support,1922.84,0.55,3.0,11162,14823,3,0,displacement_confirmed_sweep,0,1,1,0.6745614334276977,0.05928972397090631,0,1,0,1,1.2784556057619247,7.0,0.024631442018851504,0.024631442018851504,,,London,0.29533612847852037,support|below|1922.84,support|below|1922.84|14823,s_r
14832,14831,above,14831101.0,equal_high,1934.9625,0.65,8.0,2643,14823,4,1,tradeable_sweep_candidate,0,1,0,0.6189483021866772,0.8991278915074481,0,0,0,1,0.492325343742354,8.0,-0.47226764455284403,0.47226764455284403,,,Asia,2.082515717165629,equal_high|above|1934.9625,equal_high|above|1934.9625|14823,eqh_eql
14837,14836,above,14836101.0,session_high,1938.42,0.55,4.0,14832,14832,4,0,micro_interaction_sweep,1,0,0,0.5202142409906951,0.13163529464924548,1,0,0,1,0.40261893581007085,10.0,-0.03103036114140273,0.03103036114140273,prev_london_high,completed_previous_session_only,Asia,0.9145198863526757,session_high|above|1938.42,session_high|above|1938.42|14832,session
14844,14843,above,14843101.0,previous_day_high,1959.92,0.5,1.0,14842,14842,4,1,tradeable_sweep_candidate,0,1,0,0.6456976173127738,0.6421444769875424,0,0,0,1,0.48716070994860106,9.0,-0.011329318836004243,0.011329318836004243,,,Asia,0.6421444769875424,previous_day_high|above|1959.92,previous_day_high|above|1959.92|14842,prior_period
14851,14851,below,14851201.0,session_low,1958.84,0.45,4.0,14847,14847,3,0,standard_liquidity_sweep,0,1,0,0.6854489695427458,0.1631020614999913,0,0,0,1,1.117220737020055,10.0,0.2023645108564751,0.2023645108564751,prev_ny_low,completed_previous_session_only,Overlap,0.5840089088440671,session_low|below|1958.84,session_low|below|1958.84|14847,session
14855,14853,below,14853202.0,session_low,1954.34,0.55,3.0,14850,14850,4,0,micro_interaction_sweep,1,0,0,0.5087149226305827,0.132652813930514,0,0,0,1,0.43428730657645687,10.0,0.1252601325323454,0.1252601325323454,prev_asia_low,completed_previous_session_only,Dead,0.8347536072829359,session_low|below|1954.34,session_low|below|1954.34|14850,session
14856,14855,above,14855102.0,previous_day_high,1955.93,0.5,1.0,14854,14854,4,0,standard_liquidity_sweep,0,1,0,0.5724422076684959,0.2839153913360791,0,0,0,1,0.47796128546396294,9.0,0.3250997932660177,0.3250997932660177,,,Asia,0.2839153913360791,previous_day_high|above|1955.93,previous_day_high|above|1955.93|14854,prior_period
14857,14856,below,14856202.0,previous_day_low,1951.34,0.5,2.0,14854,14854,4,1,tradeable_sweep_candidate,0,1,0,0.5747051874495007,1.0535242748665568,0,0,0,1,0.6420656827760105,9.0,-0.009363457873808394,0.009363457873808394,,,London,1.0535242748665568,previous_day_low|below|1951.34,previous_day_low|below|1951.34|14854,prior_period
14869,14869,below,14869201.0,session_low,1975.32,0.45,4.0,14865,14865,3,1,tradeable_sweep_candidate,0,1,1,0.6373135725812251,0.24310728958466937,0,1,0,1,0.7831155414874722,8.0,0.27978454713825757,0.27978454713825757,prev_ny_low,completed_previous_session_only,Overlap,0.4170371139109459,session_low|below|1975.32,session_low|below|1975.32|14865,session
14872,14871,above,14871102.0,session_high,1980.93,0.45,3.0,14868,14868,4,0,displacement_confirmed_sweep,0,1,1,0.5508071857306631,0.5686541710843772,0,0,1,1,0.6247385239732972,10.0,-0.09392921863934003,0.09392921863934003,prev_asia_high,completed_previous_session_only,Dead,0.5686541710843772,session_high|above|1980.93,session_high|above|1980.93|14868,session
14875,14875,below,14875201.0,support,1969.75,0.6,5.0,3101,14870,3,0,standard_liquidity_sweep,0,1,0,0.6619675292579077,0.873024447534253,0,0,0,1,0.5067594506788149,9.0,0.10696663692260401,0.10696663692260401,,,Overlap,2.2237196412755984,support|below|1969.75,support|below|1969.75|14870,s_r
14882,14881,above,14881101.0,previous_week_high,1963.745,0.55,27.0,14854,14854,4,0,standard_liquidity_sweep,0,1,0,0.44164538506042406,0.3041610053008665,0,0,0,1,0.2270301293177269,10.0,0.12944105880500845,0.12944105880500845,,,Overlap,1.7743752670882873,previous_week_high|above|1963.745,previous_week_high|above|1963.745|14854,prior_period
14886,14885,below,14885201.0,previous_day_low,1959.16,0.5,1.0,14884,14884,4,0,micro_interaction_sweep,1,0,0,0.5204005405738311,0.13887904618596772,0,0,0,1,0.47807125561759123,10.0,0.9493985593533847,0.9493985593533847,,,Asia,0.13887904618596772,previous_day_low|below|1959.16,previous_day_low|below|1959.16|14884,prior_period
14889,14888,below,14888201.0,swing_low,1956.8,0.4,5.0,14881,14883,4,0,standard_liquidity_sweep,0,1,0,0.5176955606047594,0.3490956039073099,0,0,0,1,0.5019556060475943,10.0,-0.3178551217936205,0.3178551217936205,,,NY,1.3030813691519918,swing_low|below|1956.8,swing_low|below|1956.8|14883,swing
14893,14892,below,14892202.0,session_low,1959.43,0.5,5.0,14887,14887,4,0,displacement_confirmed_sweep,0,1,1,0.5814821953029806,0.434130858466452,0,0,1,1,0.8898219530298057,9.0,0.08461499706525806,0.08461499706525806,prev_asia_low,completed_previous_session_only,London,0.4838624864254899,session_low|below|1959.43,session_low|below|1959.43|14887,session
14894,14893,below,14893202.0,previous_day_low,1953.46,0.65,4.0,14888,14889,4,0,displacement_confirmed_sweep,0,1,1,0.4491203295222225,0.5118708224786909,0,0,1,1,0.1832174904722228,9.0,0.8142669913758239,0.8142669913758239,,,Overlap,1.3630775341097365,previous_day_low|below|1953.46,previous_day_low|below|1953.46|14889,prior_period
14898,14897,above,14897102.0,swing_high,1967.905,0.4,9.0,14886,14888,4,1,tradeable_sweep_candidate,0,1,0,0.546149249608557,0.4549384682178544,0,0,0,1,0.9335940543774327,10.0,0.11645304993732916,0.11645304993732916,,,Asia,1.9867823688471176,swing_high|above|1967.905,swing_high|above|1967.905|14888,swing
14903,14903,above,14903101.0,resistance,1978.3550000000002,0.6,3.0,14901,14900,3,0,displacement_confirmed_sweep,0,1,1,0.5576884590878226,0.3530981984010462,1,1,0,1,0.4150544810528897,8.0,0.39021079099716266,0.39021079099716266,,,Asia,0.8057977444275799,resistance|above|1978.355,resistance|above|1978.355|14900,s_r
14904,14901,above,14901103.0,session_high,1972.5,0.45,3.0,14898,14898,4,0,micro_interaction_sweep,1,0,0,0.5821917879936102,0.03614916471739733,1,1,0,1,0.7281238880883131,10.0,0.08376062843044813,0.08376062843044813,prev_asia_high,completed_previous_session_only,Dead,0.8551463745003844,session_high|above|1972.5,session_high|above|1972.5|14898,session
14905,14904,below,14904201.0,previous_week_low,1945.75,0.55,20.0,14884,14884,4,0,standard_liquidity_sweep,0,1,0,0.5217684760429414,3.8863683150404844,0,0,0,1,0.2603192486348472,8.0,-0.04252226770530241,0.04252226770530241,,,London,4.217050851844831,previous_week_low|below|1945.75,previous_week_low|below|1945.75|14884,prior_period
14919,14916,above,14916104.0,previous_day_high,1960.5,0.6,5.0,14911,14911,4,0,displacement_confirmed_sweep,0,1,1,0.5774999999999999,0.4336910697951011,0,0,1,1,1.2535984514281782,10.0,0.8053589943164754,0.8053589943164754,,,London,0.6438504270914922,previous_day_high|above|1960.5,previous_day_high|above|1960.5|14911,prior_period
14924,14923,below,14923201.0,previous_week_low,1942.57,0.55,9.0,14914,14914,4,0,standard_liquidity_sweep,0,1,0,0.421761567727212,0.6265383260083613,0,0,0,1,0.15648725265136335,9.0,0.02744365997991982,0.02744365997991982,,,Overlap,3.2390780650606916,previous_week_low|below|1942.57,previous_week_low|below|1942.57|14914,prior_period
14935,14934,below,14934201.0,previous_day_low,1932.94,0.55,3.0,14929,14931,4,1,tradeable_sweep_candidate,0,1,0,0.6114187405328433,0.43191578570960837,0,0,0,1,0.457706859847416,9.0,-0.08490793921808353,0.08490793921808353,,,London,0.5151423371173804,previous_day_low|below|1932.94,previous_day_low|below|1932.94|14931,prior_period
14940,14940,below,14940201.0,support,1932.5781806739662,0.55,10.0,3115,14930,3,0,standard_liquidity_sweep,0,1,0,0.727154269620789,0.14244936611959702,0,0,0,1,0.683918532077933,8.0,1.3952327651341492,1.3952327651341492,,,London,0.5761270511400631,support|below|1932.5782,support|below|1932.5782|14930,s_r
14941,14940,below,14940202.0,support,1930.0192747665565,0.7,7.0,3116,14933,4,0,standard_liquidity_sweep,0,1,0,0.6480118349232821,0.5336352047110303,0,0,0,1,0.683918532077933,8.0,1.3952327651341492,1.3952327651341492,,,London,0.9473057965874515,support|below|1930.0193,support|below|1930.0193|14933,s_r
14951,14951,below,14951201.0,session_low,1933.32,0.45,4.0,14947,14947,3,0,micro_interaction_sweep,1,0,0,0.5395313911809694,0.10569635481602323,0,0,0,1,0.19023916395750987,10.0,0.2578448172647321,0.2578448172647321,prev_london_low,completed_previous_session_only,Asia,0.4793701459510202,session_low|below|1933.32,session_low|below|1933.32|14947,session
14967,14965,below,14965201.0,previous_day_low,1914.03,0.6,4.0,14960,14961,4,0,standard_liquidity_sweep,0,1,0,0.4258333218880653,1.3626015709965398,0,0,0,1,0.17499997138683002,9.0,-0.055341871293251264,0.055341871293251264,,,Overlap,1.3626015709965398,previous_day_low|below|1914.03,previous_day_low|below|1914.03|14961,prior_period
14974,14973,below,14973201.0,previous_day_low,1912.19,0.6,3.0,14970,14970,4,0,micro_interaction_sweep,1,0,0,0.5160096246335556,0.23581679571460495,1,0,0,1,0.36085739491722224,9.0,-0.11234239653084101,0.11234239653084101,,,Dead,0.6391138898007166,previous_day_low|below|1912.19,previous_day_low|below|1912.19|14970,prior_period
14977,14976,below,14976202.0,previous_week_low,1910.07,0.7000000000000001,2.0,14973,14974,4,1,tradeable_sweep_candidate,0,1,0,0.7051220091840003,0.679170538051199,0,0,0,1,1.1940033786752227,9.0,0.23686706702464835,0.23686706702464835,,,London,0.679170538051199,previous_week_low|below|1910.07,previous_week_low|below|1910.07|14974,prior_period
14982,14982,below,14982201.0,equal_low,1902.7263803087465,0.75,166.0,2640,14816,3,1,tradeable_sweep_candidate,0,1,0,0.7747711387322493,0.2887032932722416,0,0,0,1,0.872711387322493,6.0,0.16318325730253508,0.16318325730253508,,,London,11.984147901709564,equal_low|below|1902.7264,equal_low|below|1902.7264|14816,eqh_eql
14985,14984,below,14984201.0,previous_day_low,1902.66,0.55,4.0,14980,14980,4,0,standard_liquidity_sweep,0,1,0,0.4511466207091256,0.26821103718253997,0,0,0,1,0.2195332184394806,7.0,-0.16985781864661845,0.16985781864661845,,,NY,0.4180374610889974,previous_day_low|below|1902.66,previous_day_low|below|1902.66|14980,prior_period
14997,14995,below,14995202.0,session_low,1892.06,0.5,4.0,14991,14991,4,0,standard_liquidity_sweep,0,1,0,0.5808333333333334,0.6451945057030206,0,0,0,1,0.7059994794992517,8.0,-0.5248548762066672,0.5248548762066672,prev_asia_low,completed_previous_session_only,Overlap,0.6451945057030206,session_low|below|1892.06,session_low|below|1892.06|14991,session
15006,15006,above,15006102.0,resistance,1891.15,0.55,3.0,7416,15003,3,0,standard_liquidity_sweep,0,1,0,0.7120916205317478,0.2763550311295517,0,0,0,1,1.1096878244351072,8.0,-0.02020696421998409,0.02020696421998409,,,London,0.9528535120897331,resistance|above|1891.15,resistance|above|1891.15|15003,s_r
15008,15007,below,15007201.0,session_low,1887.57,0.45,4.0,15003,15003,4,0,displacement_confirmed_sweep,0,1,1,0.47926813286675235,0.38393232018005113,1,0,1,1,0.3419203321668808,7.0,1.018295487064725,1.018295487064725,prev_ny_low,completed_previous_session_only,Overlap,0.38393232018005113,session_low|below|1887.57,session_low|below|1887.57|15003,session
15012,15011,above,15011103.0,previous_day_high,1898.785,0.6,4.0,15006,15007,4,1,tradeable_sweep_candidate,0,1,1,0.6860612357625434,0.56772824210946,1,0,0,1,0.8132624414178365,7.0,0.09889925166991255,0.09889925166991255,,,Asia,0.6562182794207243,previous_day_high|above|1898.785,previous_day_high|above|1898.785|15007,prior_period
15013,15012,below,15012202.0,session_low,1893.86,0.5,3.0,15009,15009,4,1,tradeable_sweep_candidate,0,1,1,0.6183892419069831,1.463872394552158,1,0,0,1,0.6978579285640926,7.0,0.4999772704934526,0.4999772704934526,prev_asia_low,completed_previous_session_only,London,1.463872394552158,session_low|below|1893.86,session_low|below|1893.86|15009,session
15017,15017,above,15017102.0,previous_day_high,1904.495,0.6,4.0,15012,15013,3,0,displacement_confirmed_sweep,0,1,1,0.4772372913156065,0.3055743658807449,1,0,0,1,0.1601115478219224,8.0,0.27376557155229986,0.27376557155229986,,,Asia,1.051913304730303,previous_day_high|above|1904.495,previous_day_high|above|1904.495|15013,prior_period
15020,15018,above,15018101.0,previous_week_high,1916.21,0.55,14.0,15004,15004,4,0,standard_liquidity_sweep,0,1,0,0.5013975255987044,2.2564943527231485,0,0,0,1,0.39516048066342757,9.0,-0.2566355889179408,0.2566355889179408,,,London,4.544409696460284,previous_week_high|above|1916.21,previous_week_high|above|1916.21|15004,prior_period
15024,15022,above,15022102.0,session_high,1918.92,0.45,3.0,15019,15019,4,0,micro_interaction_sweep,1,0,0,0.5805015725126661,0.02505480281902045,0,0,0,1,0.558914380539995,8.0,-0.1906124187968852,0.1906124187968852,prev_london_high,completed_previous_session_only,Asia,0.5527442896194503,session_high|above|1918.92,session_high|above|1918.92|15019,session
15025,15025,above,15025103.0,resistance,1920.74,0.6,3.0,15022,15022,3,0,standard_liquidity_sweep,0,1,0,0.586989082800198,0.7356894047079131,0,0,0,1,0.3346969327177223,9.0,-0.14617669659017007,0.14617669659017007,,,Overlap,0.7356894047079131,resistance|above|1920.74,resistance|above|1920.74|15022,s_r
15030,15030,above,15030102.0,resistance,1918.0425,0.6144950001250258,4.0,15027,15026,3,0,standard_liquidity_sweep,0,1,0,0.5382849466290184,0.3494330003346772,0,0,0,1,0.30677575231896137,7.0,0.18246729993874594,0.18246729993874594,,,London,0.6396392490734549,resistance|above|1918.0425,resistance|above|1918.0425|15026,s_r
15031,15031,below,15031201.0,support,1912.3088651520957,0.6,7.0,15024,15024,3,1,tradeable_sweep_candidate,0,1,0,0.7416666666666667,0.5019841831324883,0,0,0,1,1.0798859712828994,8.0,0.0031910097274862118,0.0031910097274862118,,,Overlap,0.8103163392421804,support|below|1912.3089,support|below|1912.3089|15024,s_r
15037,15037,above,15037104.0,equal_high,1923.145,0.6000000000000001,10.0,2684,15027,3,0,standard_liquidity_sweep,0,1,0,0.598064080048761,0.8614727602388936,0,0,0,1,0.44584363884917283,9.0,0.0346767274660522,0.0346767274660522,,,Overlap,1.632884720018446,equal_high|above|1923.145,equal_high|above|1923.145|15027,eqh_eql
15042,15040,above,15040101.0,previous_week_high,1923.35,0.55,6.0,15034,15034,4,0,micro_interaction_sweep,1,0,0,0.5996567342397628,0.2284059078616702,1,0,0,1,0.45553485360650897,8.0,-0.19693830034707568,0.19693830034707568,,,Asia,1.600213329349012,previous_week_high|above|1923.35,previous_week_high|above|1923.35|15034,prior_period
15057,15055,below,15055202.0,session_low,1942.08,0.45,4.0,15051,15051,4,0,standard_liquidity_sweep,0,1,0,0.5188892537666909,0.30587375638916503,0,0,0,1,0.5472258710002418,9.0,0.019768422269326544,0.019768422269326544,prev_ny_low,completed_previous_session_only,Overlap,0.8980964166348452,session_low|below|1942.08,session_low|below|1942.08|15051,session
15059,15058,below,15058202.0,session_low,1940.36,0.45,3.0,15055,15055,4,0,standard_liquidity_sweep,0,1,0,0.5013735858209293,0.4184813294508852,0,0,0,1,0.40760063121898976,8.0,0.0679334385365269,0.0679334385365269,prev_london_low,completed_previous_session_only,Asia,0.4184813294508852,session_low|below|1940.36,session_low|below|1940.36|15055,session
15060,15060,above,15060103.0,swing_high,1949.06,0.4,9.0,15049,15051,3,1,tradeable_sweep_candidate,0,1,0,0.6628220210844019,0.9020093560198923,0,0,0,1,0.5656037510496843,7.0,0.14669674659411194,0.14669674659411194,,,London,1.7606082820710192,swing_high|above|1949.06,swing_high|above|1949.06|15051,swing
15061,15061,below,15061203.0,support,1938.4826086956525,0.65,4.0,11208,15057,3,0,standard_liquidity_sweep,0,1,0,0.7067934387975571,0.8763462343658796,0,0,0,1,0.567934387975571,9.0,0.17759729238791475,0.17759729238791475,,,Overlap,1.0733334843124012,support|below|1938.4826,support|below|1938.4826|15057,s_r
15065,15064,above,15064101.0,previous_day_high,1944.095,0.55,4.0,15060,15060,4,0,micro_interaction_sweep,1,0,0,0.4780223309254263,0.18169007545416388,0,0,0,1,0.28672249398023236,9.0,-0.08269112679055415,0.08269112679055415,,,Asia,0.7520772556552011,previous_day_high|above|1944.095,previous_day_high|above|1944.095|15060,prior_period
15078,15078,below,15078201.0,support,1924.22,0.6,3.0,11212,15075,3,1,tradeable_sweep_candidate,0,1,1,0.6847716248636246,0.22402335499807552,1,0,0,1,0.5199891281265088,8.0,0.7285495834813319,0.7285495834813319,,,London,0.8361818561815291,support|below|1924.22,support|below|1924.22|15075,s_r
15091,15090,above,15090103.0,previous_day_high,1926.04,0.5,2.0,15088,15088,4,1,tradeable_sweep_candidate,0,1,0,0.6062909999027658,0.17614675049125925,0,0,0,1,0.5453517381861667,10.0,0.10985502639729301,0.10985502639729301,,,London,0.17614675049125925,previous_day_high|above|1926.04,previous_day_high|above|1926.04|15088,prior_period
15109,15108,below,15108201.0,support,1907.7386274318294,0.65,6.0,15102,15102,4,0,standard_liquidity_sweep,0,1,0,0.5382556021323718,0.6952911569692871,0,0,0,1,0.22394409961459377,7.0,1.044893534600332,1.044893534600332,,,London,1.080756439078314,support|below|1907.7386,support|below|1907.7386|15102,s_r
15115,15114,below,15114201.0,previous_day_low,1905.61,0.65,5.0,15108,15109,4,1,tradeable_sweep_candidate,0,1,1,0.7190502786340311,0.14109679379328527,0,0,1,1,0.7655027863403111,6.0,-0.47194992992620166,0.47194992992620166,,,London,1.0421679324994158,previous_day_low|below|1905.61,previous_day_low|below|1905.61|15109,prior_period
15126,15124,above,15124102.0,previous_day_high,1926.63,0.55,3.0,15121,15121,4,1,tradeable_sweep_candidate,0,1,1,0.5739869490290507,0.2583523958935619,1,0,0,1,0.7182597001729834,8.0,0.03162723380727389,0.03162723380727389,,,Asia,0.5164960715351873,previous_day_high|above|1926.63,previous_day_high|above|1926.63|15121,prior_period
15137,15137,below,15137201.0,session_low,1929.75,0.5,5.0,15132,15132,3,0,displacement_confirmed_sweep,0,1,1,0.522749552710872,0.30618843081813535,1,1,0,1,0.3902072151105131,8.0,0.4407299123837521,0.4407299123837521,prev_ny_low,completed_previous_session_only,Asia,0.96822340461891,session_low|below|1929.75,session_low|below|1929.75|15132,session
15140,15138,above,15138103.0,session_high,1932.34,0.5,3.0,15135,15135,4,1,tradeable_sweep_candidate,0,1,1,0.6808333333333334,0.11609470862790994,1,0,0,1,1.1607102047409756,9.0,-0.6162978213446908,0.6162978213446908,prev_asia_high,completed_previous_session_only,London,0.4762387976177025,session_high|above|1932.34,session_high|above|1932.34|15135,session
15142,15141,below,15141201.0,previous_day_low,1928.495,0.6,5.0,15136,15136,4,0,standard_liquidity_sweep,0,1,0,0.5770148026823723,0.31744180781981723,0,0,0,1,0.5951480268237225,10.0,-0.2615164432114758,0.2615164432114758,,,Dead,3.2447380021250116,previous_day_low|below|1928.495,previous_day_low|below|1928.495|15136,prior_period
15155,15154,below,15154201.0,previous_day_low,1922.91,0.55,4.0,15150,15150,4,0,micro_interaction_sweep,1,0,0,0.4279094957626823,0.15434181785014056,1,0,0,1,0.17185707274003895,10.0,-0.2382563962987277,0.2382563962987277,,,Asia,0.5381292089113285,previous_day_low|below|1922.91,previous_day_low|below|1922.91|15150,prior_period
15198,15198,above,15198101.0,resistance,1825.0700000000002,0.5644950001250258,4.0,15198,15194,3,0,standard_liquidity_sweep,0,1,0,0.6891886310598547,0.3641336890957156,0,0,0,1,0.5639821436193151,8.0,0.5730246402837262,0.5730246402837262,,,London,0.477418500197827,resistance|above|1825.07,resistance|above|1825.07|15194,s_r
15203,15201,above,15201102.0,session_high,1824.585,0.45,3.0,15198,15198,4,0,standard_liquidity_sweep,0,1,0,0.5108598400983574,0.39897028370110166,0,0,0,1,0.4500662669125601,8.0,0.2238067948543396,0.2238067948543396,prev_asia_high,completed_previous_session_only,Dead,0.7403394426598483,session_high|above|1824.585,session_high|above|1824.585|15198,session
15205,15204,below,15204202.0,equal_low,1816.3708173959885,0.75,13.0,2717,15191,4,0,standard_liquidity_sweep,0,1,0,0.5307264544463157,0.7306014324156286,0,0,0,1,0.17419705844938696,6.0,0.13347417567391656,0.13347417567391656,,,London,1.50074804781138,equal_low|below|1816.3708,equal_low|below|1816.3708|15191,eqh_eql
15210,15210,below,15210201.0,session_low,1818.67,0.5,3.0,15207,15207,3,1,tradeable_sweep_candidate,0,1,0,0.7166666666666668,0.2792037776611651,0,0,0,1,0.22901059343156743,8.0,0.36642239969306695,0.36642239969306695,prev_asia_low,completed_previous_session_only,London,0.581059619300914,session_low|below|1818.67,session_low|below|1818.67|15207,session
15211,15210,below,15210203.0,support,1813.0399999999997,0.65,6.0,15204,15204,4,0,standard_liquidity_sweep,0,1,0,0.5716042373726269,1.115329984167842,0,0,0,1,0.22901059343156743,8.0,0.36642239969306695,0.36642239969306695,,,London,1.361815145951147,support|below|1813.04,support|below|1813.04|15204,s_r
15217,15216,below,15216201.0,previous_day_low,1845.695,0.5,2.0,15214,15214,4,0,displacement_confirmed_sweep,0,1,1,0.4178061654632365,0.6629545341980888,0,0,1,1,0.17784874699142453,8.0,-0.03952194377586607,0.03952194377586607,,,London,0.7215798862316908,previous_day_low|below|1845.695,previous_day_low|below|1845.695|15214,prior_period
15237,15235,below,15235202.0,session_low,1870.995,0.45,4.0,15231,15231,4,0,displacement_confirmed_sweep,0,1,1,0.4792562745280037,0.42042479489373796,1,1,0,1,0.41272401965334254,9.0,0.1866414082050267,0.1866414082050267,prev_ny_low,completed_previous_session_only,Overlap,1.5232922362339996,session_low|below|1870.995,session_low|below|1870.995|15231,session
15246,15246,above,15246101.0,session_high,1919.23,0.45,5.0,15241,15241,3,0,standard_liquidity_sweep,0,1,0,0.628347860995294,0.319342911730328,0,0,0,1,0.5693315685078493,9.0,0.13011775586232774,0.13011775586232774,prev_london_high,completed_previous_session_only,London,0.4364703289345998,session_high|above|1919.23,session_high|above|1919.23|15241,session
15253,15252,above,15252102.0,previous_day_high,1924.59,0.6,5.0,15247,15247,4,1,tradeable_sweep_candidate,0,1,1,0.6618189520186164,0.18281523931038118,1,0,0,1,0.8080156317758778,9.0,0.0005734674462693448,0.0005734674462693448,,,London,1.079610188250853,previous_day_high|above|1924.59,previous_day_high|above|1924.59|15247,prior_period
15272,15269,above,15269101.0,previous_day_high,1982.535,0.55,1.0,15267,15268,4,0,standard_liquidity_sweep,0,1,0,0.43785118293047776,0.479222108045951,0,0,0,1,0.2758779573261944,7.0,-0.011270325077270627,0.011270325077270627,,,Asia,0.479222108045951,previous_day_high|above|1982.535,previous_day_high|above|1982.535|15268,prior_period
15277,15276,above,15276101.0,resistance,1978.68,0.55,3.0,7470,15273,4,0,micro_interaction_sweep,1,0,0,0.49006567613620516,0.0852095402598092,0,0,0,1,0.21928584182213456,9.0,0.3446718237325521,0.3446718237325521,,,London,1.044465204706373,resistance|above|1978.68,resistance|above|1978.68|15273,s_r
15282,15282,below,15282201.0,session_low,1964.955,0.5,7.0,15273,15275,3,0,standard_liquidity_sweep,0,1,0,0.6712289279854015,0.1611536406209135,0,0,0,1,1.0166817960438552,10.0,-0.03288711909568012,0.03288711909568012,prev_asia_low,completed_previous_session_only,London,1.1496375866784905,session_low|below|1964.955,session_low|below|1964.955|15275,session
15283,15282,below,15282202.0,previous_day_low,1966.565,0.5,2.0,15280,15280,4,1,tradeable_sweep_candidate,0,1,1,0.6277871119271506,0.006253723367383304,1,0,0,1,1.0166817960438552,10.0,-0.03288711909568012,0.03288711909568012,,,London,0.9901445651746118,previous_day_low|below|1966.565,previous_day_low|below|1966.565|15280,prior_period
15284,15283,below,15283201.0,swing_low,1964.425,0.4,8.0,15273,15275,4,0,micro_interaction_sweep,1,0,0,0.4246836705673598,0.016913375534931583,1,0,0,1,0.2783758430850661,8.0,1.04243831971529,1.04243831971529,,,Overlap,1.2021415005896985,swing_low|below|1964.425,swing_low|below|1964.425|15275,swing
15290,15288,above,15288102.0,previous_day_high,1980.9,0.5,2.0,15286,15286,4,0,standard_liquidity_sweep,0,1,0,0.5423746426509143,1.1428562961419662,0,0,0,1,0.6154130931758087,8.0,0.14764180573861718,0.14764180573861718,,,London,1.1428562961419662,previous_day_high|above|1980.9,previous_day_high|above|1980.9|15286,prior_period
15294,15293,above,15293101.0,previous_day_high,1987.34,0.6,4.0,15288,15289,4,1,tradeable_sweep_candidate,0,1,0,0.6830401100797321,0.13997877660882932,0,0,0,1,0.6011715268192801,7.0,-0.3291438311087915,0.3291438311087915,,,Asia,0.6696853353289536,previous_day_high|above|1987.34,previous_day_high|above|1987.34|15289,prior_period
15300,15300,below,15300201.0,session_low,1982.385,0.45,3.0,15297,15297,3,1,tradeable_sweep_candidate,0,1,1,0.6319438421123096,0.37076155709307873,0,1,0,1,0.5754061165424702,8.0,0.07107028886846241,0.07107028886846241,prev_ny_low,completed_previous_session_only,London,0.6702207804887249,session_low|below|1982.385,session_low|below|1982.385|15297,session
15305,15302,above,15302101.0,previous_week_high,1997.255,0.55,28.0,15274,15274,4,0,standard_liquidity_sweep,0,1,0,0.5733333333333334,0.047354184764667635,0,0,0,1,1.1824508376348972,6.0,-0.8468774525243292,0.8468774525243292,,,NY,3.0678983956406802,previous_week_high|above|1997.255,previous_week_high|above|1997.255|15274,prior_period
15306,15305,below,15305201.0,previous_day_low,1996.985,0.5,1.0,15304,15304,4,1,tradeable_sweep_candidate,0,1,0,0.6087483835021261,0.26646625444901384,0,0,0,1,0.6036491262866621,7.0,-0.03058355207929131,0.03058355207929131,,,Asia,0.26646625444901384,previous_day_low|below|1996.985,previous_day_low|below|1996.985|15304,prior_period
15307,15307,below,15307202.0,support,1996.435392300591,0.55,5.0,11257,15302,3,0,micro_interaction_sweep,1,0,0,0.5683651862276694,0.21755150107036078,0,0,0,1,0.30393187100279945,8.0,0.10040533003050434,0.10040533003050434,,,Overlap,0.9257981211479659,support|below|1996.4354,support|below|1996.4354|15302,s_r
15313,15312,above,15312102.0,session_high,1999.28,0.5,3.0,15309,15309,4,0,micro_interaction_sweep,1,0,0,0.6375438598697767,0.19682326566809719,0,0,1,1,0.46677631634110844,7.0,0.13633010200830156,0.13633010200830156,prev_asia_high,completed_previous_session_only,London,0.6821892160021692,session_high|above|1999.28,session_high|above|1999.28|15309,session
15316,15316,below,15316201.0,previous_day_low,1978.035,0.55,1.0,15315,15315,3,0,micro_interaction_sweep,1,0,0,0.49190990070338675,0.1618299251153726,0,0,0,1,0.29227475175846684,9.0,0.11448307063461473,0.11448307063461473,,,Asia,0.1618299251153726,previous_day_low|below|1978.035,previous_day_low|below|1978.035|15315,prior_period
15320,15320,below,15320201.0,support,1975.0105774687433,0.55,26.0,15316,15294,3,0,standard_liquidity_sweep,0,1,0,0.5583206575974871,0.2927441227009514,0,0,0,1,0.3553175371555438,8.0,0.7347535021372495,0.7347535021372495,,,NY,3.0844738912222827,support|below|1975.0106,support|below|1975.0106|15294,s_r
15333,15330,above,15330103.0,previous_day_high,1991.055,0.6,5.0,15325,15325,4,0,displacement_confirmed_sweep,0,1,1,0.5774999999999999,0.2528881961173081,0,0,1,1,1.534276116315563,9.0,-0.4126673692159104,0.4126673692159104,,,London,0.8740406774899689,previous_day_high|above|1991.055,previous_day_high|above|1991.055|15325,prior_period
15336,15334,below,15334202.0,session_low,1985.525,0.45,3.0,15331,15331,4,0,micro_interaction_sweep,1,0,0,0.4861366411819109,0.2007536190567981,0,0,0,1,0.44034160295477714,10.0,-0.0031185665931469497,0.0031185665931469497,prev_london_low,completed_previous_session_only,Asia,0.8791666675967397,session_low|below|1985.525,session_low|below|1985.525|15331,session
15355,15354,below,15354201.0,previous_day_low,1947.46,0.55,2.0,15352,15352,4,1,tradeable_sweep_candidate,0,1,1,0.6267393383410669,0.2956700442796083,1,0,0,1,0.4647074177280936,7.0,-0.05573349097752691,0.05573349097752691,,,Asia,0.40044149506631416,previous_day_low|below|1947.46,previous_day_low|below|1947.46|15352,prior_period
15368,15367,below,15367203.0,previous_day_low,1935.42,0.5,2.0,15365,15365,4,1,tradeable_sweep_candidate,0,1,1,0.5562732537945728,0.5765439884242891,1,0,1,1,0.4056637607558304,8.0,-0.048375576240063924,0.048375576240063924,,,London,0.5765439884242891,previous_day_low|below|1935.42,previous_day_low|below|1935.42|15365,prior_period
15379,15378,above,15378102.0,previous_day_high,1971.07,0.6,4.0,15373,15374,4,0,micro_interaction_sweep,1,0,0,0.641378860833377,0.18291268652133388,1,0,0,1,0.4138638187501091,8.0,0.15587078887994493,0.15587078887994493,,,Asia,0.9921664296233051,previous_day_high|above|1971.07,previous_day_high|above|1971.07|15374,prior_period
15391,15390,above,15390102.0,previous_day_high,1988.01,0.55,2.0,15386,15388,4,1,tradeable_sweep_candidate,0,1,1,0.6481276326140339,0.5724730311611006,1,0,0,1,0.5485387758219921,9.0,-0.34506916013917777,0.34506916013917777,,,Asia,0.5724730311611006,previous_day_high|above|1988.01,previous_day_high|above|1988.01|15388,prior_period
15398,15397,below,15397201.0,previous_day_low,1973.425,0.55,2.0,15394,15395,4,1,tradeable_sweep_candidate,0,1,1,0.6436829375418152,0.3240118786066202,1,0,0,1,1.0111309454770763,10.0,-0.4087821580581145,0.4087821580581145,,,London,0.8960446992018756,previous_day_low|below|1973.425,previous_day_low|below|1973.425|15395,prior_period
15413,15410,below,15410202.0,session_low,1995.95,0.5,4.0,15406,15406,4,0,standard_liquidity_sweep,0,1,0,0.5566666666666668,0.7396764735883157,0,0,0,1,1.0541926470839573,8.0,0.4021095299251241,0.4021095299251241,prev_asia_low,completed_previous_session_only,Overlap,0.7396764735883157,session_low|below|1995.95,session_low|below|1995.95|15406,session
15445,15444,below,15444201.0,support,2036.425,0.55,7.0,15439,15437,4,0,micro_interaction_sweep,1,0,0,0.5313824091137883,0.23986920544159446,0,0,0,1,0.3785445795091394,8.0,0.022254766939089735,0.022254766939089735,,,London,1.4368200344481148,support|below|2036.425,support|below|2036.425|15437,s_r
15450,15449,above,15449102.0,resistance,2047.235,0.6,6.0,15444,15443,4,0,displacement_confirmed_sweep,0,1,1,0.4790192757446646,0.8331357334565626,1,0,0,1,0.23639038406377927,9.0,0.14291278440006755,0.14291278440006755,,,Asia,1.3946042604502025,resistance|above|2047.235,resistance|above|2047.235|15443,s_r
15465,15462,below,15462201.0,previous_day_low,2020.13,0.55,3.0,15457,15459,4,0,standard_liquidity_sweep,0,1,0,0.43187864941610493,0.3285554293492388,0,0,0,1,0.29219662354026227,10.0,-0.1726471888817954,0.1726471888817954,,,London,0.9007231228307013,previous_day_low|below|2020.13,previous_day_low|below|2020.13|15459,prior_period
15475,15475,below,15475201.0,support,2025.0,0.680197740234052,5.0,15471,15470,3,0,micro_interaction_sweep,1,0,0,0.5847101029333304,0.12224840581422919,0,0,0,1,0.270775834391724,10.0,0.46221701569603135,0.46221701569603135,,,Overlap,0.7572904469685044,support|below|2025.0,support|below|2025.0|15470,s_r
15497,15496,below,15496201.0,swing_low,1975.915,0.4,7.0,15487,15489,4,0,displacement_confirmed_sweep,0,1,1,0.4552210286110112,0.39533245654826515,1,0,1,1,0.31305257152752797,8.0,-0.15374112053664055,0.15374112053664055,,,Asia,1.1968389740534824,swing_low|below|1975.915,swing_low|below|1975.915|15489,swing
15505,15504,above,15504101.0,equal_high,2039.8725,0.65,2.0,2767,15502,4,1,tradeable_sweep_candidate,0,1,0,0.6898515907539309,0.5156009327989602,0,0,0,1,0.6355646121233804,8.0,-0.28310368139226716,0.28310368139226716,,,London,0.5156009327989602,equal_high|above|2039.8725,equal_high|above|2039.8725|15502,eqh_eql
15510,15509,above,15509101.0,session_high,2040.39,0.45,5.0,15504,15504,4,0,standard_liquidity_sweep,0,1,0,0.557558786406081,0.37997452855046054,0,0,0,1,0.3732148640192788,9.0,-0.20206194121191282,0.20206194121191282,prev_asia_high,completed_previous_session_only,Asia,0.7436825829356868,session_high|above|2040.39,session_high|above|2040.39|15504,session
15535,15534,above,15534102.0,session_high,2039.9,0.45,5.0,15529,15529,4,0,displacement_confirmed_sweep,0,1,1,0.655411536126094,0.7394185304620986,1,0,0,1,0.7541153612609401,9.0,0.25881209683198847,0.25881209683198847,prev_london_high,completed_previous_session_only,London,0.9440733395576024,session_high|above|2039.9,session_high|above|2039.9|15529,session
15538,15537,above,15537101.0,equal_high,2047.49,0.6000000000000001,23.0,2772,15514,4,0,displacement_confirmed_sweep,0,1,1,0.6086073521686401,0.1920665620960935,1,0,0,1,0.8694068550197332,8.0,-0.3337302103128364,0.3337302103128364,,,Dead,2.693171255620945,equal_high|above|2047.49,equal_high|above|2047.49|15514,eqh_eql
15542,15539,above,15539101.0,previous_day_high,2055.075,0.55,1.0,15537,15538,4,0,standard_liquidity_sweep,0,1,0,0.42938483721698567,0.9263093800746697,0,0,0,1,0.2755454263757975,9.0,-0.09018981224493919,0.09018981224493919,,,Asia,0.9263093800746697,previous_day_high|above|2055.075,previous_day_high|above|2055.075|15538,prior_period
15550,15548,above,15548101.0,previous_day_high,2065.22,0.55,4.0,15544,15544,4,0,standard_liquidity_sweep,0,1,0,0.5184990880700875,0.8278283088320261,0,0,0,1,0.4587477201752188,10.0,-0.2949516389742322,0.2949516389742322,,,NY,0.9320452551431065,previous_day_high|above|2065.22,previous_day_high|above|2065.22|15544,prior_period
15551,15551,above,15551101.0,session_high,2065.145,0.45,5.0,15546,15546,3,0,standard_liquidity_sweep,0,1,0,0.5545951225286583,0.0077332879051666414,0,0,0,1,0.545951225286583,9.0,0.05086102216702319,0.05086102216702319,prev_asia_high,completed_previous_session_only,Asia,0.9233182396455328,session_high|above|2065.145,session_high|above|2065.145|15546,session
15565,15564,below,15564202.0,previous_day_low,2064.72,0.6,3.0,15560,15561,4,1,tradeable_sweep_candidate,0,1,0,0.6966179890435996,0.011255944625378864,0,0,0,1,0.7495132237693284,9.0,0.15993914785136173,0.15993914785136173,,,London,0.9955837690778333,previous_day_low|below|2064.72,previous_day_low|below|2064.72|15561,prior_period
15570,15569,above,15569101.0,session_high,2074.83,0.45,5.0,15564,15564,4,1,tradeable_sweep_candidate,0,1,1,0.639528515633687,0.06580897570974681,0,1,0,1,0.501996783148036,6.0,-0.14938940414165658,0.14938940414165658,prev_asia_high,completed_previous_session_only,Asia,1.4357896586100358,session_high|above|2074.83,session_high|above|2074.83|15564,session
15571,15568,above,15568104.0,session_high,2068.94,0.45,3.0,15565,15565,4,1,tradeable_sweep_candidate,0,1,1,0.6062488108455992,0.1266269549790122,0,1,0,1,0.9434614063119917,8.0,0.06580897570974681,0.06580897570974681,prev_london_high,completed_previous_session_only,Asia,0.7227372902109771,session_high|above|2068.94,session_high|above|2068.94|15565,session
15573,15571,below,15571201.0,previous_day_low,2062.385,0.6,4.0,15567,15567,4,0,standard_liquidity_sweep,0,1,0,0.5716206347849274,0.9317904665532831,0,0,0,1,0.6995396811826068,7.0,-0.12335143281041053,0.12335143281041053,,,Overlap,1.6547749381843133,previous_day_low|below|2062.385,previous_day_low|below|2062.385|15567,prior_period
15588,15588,below,15588201.0,support,2036.637878787879,0.6,6.0,15583,15582,3,1,tradeable_sweep_candidate,0,1,0,0.7458333333333333,0.40439006924240833,0,0,0,1,0.48690502194707924,7.0,1.0465342864496552,1.0465342864496552,,,London,1.1063914186375863,support|below|2036.6379,support|below|2036.6379|15582,s_r
15589,15589,above,15589102.0,resistance,2051.02,0.55,8.0,15586,15581,3,0,standard_liquidity_sweep,0,1,0,0.7208333333333333,0.4331357495723728,0,0,0,1,1.1409187530105527,10.0,0.00513855361269064,0.00513855361269064,,,Overlap,1.2755011409383226,resistance|above|2051.02,resistance|above|2051.02|15581,s_r
15591,15588,above,15588102.0,session_high,2044.935,0.45,3.0,15585,15585,4,0,standard_liquidity_sweep,0,1,0,0.46983878628324993,0.5647479868531864,0,0,0,1,0.48690502194707924,7.0,0.10082494883157472,0.10082494883157472,prev_ny_high,completed_previous_session_only,London,0.5647479868531864,session_high|above|2044.935,session_high|above|2044.935|15585,session
15594,15594,below,15594201.0,support,2024.8486404475625,0.7000000000000001,6.0,15588,15588,3,1,tradeable_sweep_candidate,0,1,0,0.67301464531729,0.2768890805698803,0,0,0,1,0.5663194016463874,8.0,0.16346509377102686,0.16346509377102686,,,London,2.259441788924774,support|below|2024.8486,support|below|2024.8486|15588,s_r
15605,15604,below,15604204.0,session_low,2030.41,0.45,4.0,15600,15600,4,1,tradeable_sweep_candidate,0,1,0,0.5684547486240273,0.17411826838060243,0,0,0,1,0.2550712254063585,8.0,0.016849807600873994,0.016849807600873994,prev_asia_low,completed_previous_session_only,Asia,0.47568613919809827,session_low|below|2030.41,session_low|below|2030.41|15600,session
15608,15607,below,15607201.0,equal_low,2024.2375000000002,0.7000000000000001,15.0,2787,15592,4,0,standard_liquidity_sweep,0,1,0,0.5181393872330926,0.350557233036191,0,0,0,1,0.2828484680827316,9.0,-0.05310287387157275,0.05310287387157275,,,Overlap,1.2206828486975165,equal_low|below|2024.2375,equal_low|below|2024.2375|15592,eqh_eql
15612,15612,above,15612101.0,resistance,2035.7365,0.624022950481926,6.0,15607,15606,3,0,displacement_confirmed_sweep,0,1,1,0.7264995110510368,0.43342417496264457,0,1,0,1,0.8299377343055534,9.0,0.6570992546500256,0.6570992546500256,,,London,1.3186571674448624,resistance|above|2035.7365,resistance|above|2035.7365|15606,s_r
15613,15612,above,15612104.0,swing_high,2042.02,0.4,10.0,15600,15602,4,0,displacement_confirmed_sweep,0,1,1,0.5066465993373966,1.1896148742206727,0,1,0,1,0.8299377343055534,9.0,0.6570992546500256,0.6570992546500256,,,London,2.0255986077977566,swing_high|above|2042.02,swing_high|above|2042.02|15602,swing
15614,15613,below,15613203.0,previous_week_low,2024.525,0.6000000000000001,21.0,15592,15592,4,0,standard_liquidity_sweep,0,1,0,0.6300000000000001,0.576605558798662,0,0,0,1,1.130869455427998,10.0,0.03605376350938125,0.03605376350938125,,,Overlap,1.1894390188287935,previous_week_low|below|2024.525,previous_week_low|below|2024.525|15592,prior_period
15635,15634,below,15634202.0,previous_day_low,2024.305,0.6,1.0,15631,15633,4,1,tradeable_sweep_candidate,0,1,1,0.6311167307971555,0.5221992816504688,1,0,0,1,0.7245228496507139,7.0,0.10060034838585494,0.10060034838585494,,,Asia,0.5221992816504688,previous_day_low|below|2024.305,previous_day_low|below|2024.305|15633,prior_period
15659,15658,above,15658102.0,previous_day_high,2030.185,0.6,4.0,15654,15654,4,1,tradeable_sweep_candidate,0,1,0,0.6173138387205676,0.9805351248612825,0,0,0,1,0.7195753820340028,8.0,0.5300830697255665,0.5300830697255665,,,Asia,1.0950122100731736,previous_day_high|above|2030.185,previous_day_high|above|2030.185|15654,prior_period
15666,15665,above,15665101.0,session_high,2030.74,0.5,4.0,15661,15661,4,1,tradeable_sweep_candidate,0,1,0,0.630582776670002,0.6034538866255704,0,0,0,1,0.44937360834167145,10.0,-0.26885049451719606,0.26885049451719606,prev_ny_high,completed_previous_session_only,Asia,0.8225332330408209,session_high|above|2030.74,session_high|above|2030.74|15661,session
15679,15678,above,15678102.0,previous_day_high,2025.32,0.55,5.0,15673,15673,4,0,micro_interaction_sweep,1,0,0,0.4410062648431855,0.2389156985637004,0,0,0,1,0.2254323287746305,9.0,0.6014934392124562,0.6014934392124562,,,London,1.3172691513758235,previous_day_high|above|2025.32,previous_day_high|above|2025.32|15673,prior_period
15684,15684,above,15684101.0,previous_day_high,2028.7,0.5,2.0,15682,15682,3,0,standard_liquidity_sweep,0,1,0,0.6260633477092319,0.16091600944410955,0,0,0,1,1.141201122093608,9.0,0.49466999789797705,0.49466999789797705,,,London,0.16091600944410955,previous_day_high|above|2028.7,previous_day_high|above|2028.7|15682,prior_period
15685,15685,above,15685101.0,swing_high,2027.025,0.4,5.0,15678,15680,3,0,standard_liquidity_sweep,0,1,0,0.5352146492436278,0.28001397549407503,0,0,0,1,0.5188131591029446,10.0,0.14314242582479075,0.14314242582479075,,,Overlap,1.2006204298680119,swing_high|above|2027.025,swing_high|above|2027.025|15680,swing
15691,15690,above,15690102.0,previous_week_high,2037.975,0.7000000000000001,8.0,15682,15682,4,1,tradeable_sweep_candidate,0,1,1,0.7466666666666667,0.30736414191165295,1,0,0,1,1.2860076055640173,10.0,-0.7364987272015123,0.7364987272015123,,,London,1.6832876741942253,previous_week_high|above|2037.975,previous_week_high|above|2037.975|15682,prior_period
15697,15696,above,15696101.0,previous_day_high,2048.635,0.6,5.0,15690,15691,4,1,tradeable_sweep_candidate,0,1,0,0.7058239409172639,1.448268447119771,0,0,0,1,0.7632717353551318,9.0,-0.3388541185912084,0.3388541185912084,,,London,1.7482578913752362,previous_day_high|above|2048.635,previous_day_high|above|2048.635|15691,prior_period
15699,15699,above,15699104.0,resistance,2055.614276326426,0.6155215649817802,3.0,15697,15696,3,0,standard_liquidity_sweep,0,1,0,0.7140515138878055,1.6970785770696484,0,0,0,1,0.7683778930902715,10.0,0.1906443813918502,0.1906443813918502,,,Dead,1.6970785770696484,resistance|above|2055.6143,resistance|above|2055.6143|15696,s_r
15702,15701,below,15701202.0,session_low,2036.095,0.45,4.0,15697,15697,4,1,tradeable_sweep_candidate,0,1,0,0.5720958812870667,0.676188347500678,0,0,0,1,0.44825652119772075,8.0,0.0685412847146814,0.0685412847146814,prev_london_low,completed_previous_session_only,Asia,1.1595234605176903,session_low|below|2036.095,session_low|below|2036.095|15697,session
15714,15714,below,15714201.0,support,2020.4982390765244,0.7000000000000001,33.0,11332,15681,3,0,standard_liquidity_sweep,0,1,0,0.5549974797248636,0.3660403553303907,0,0,0,1,0.3354103659788255,7.0,0.29054646765585007,0.29054646765585007,,,London,3.527568942248946,support|below|2020.4982,support|below|2020.4982|15681,s_r
15715,15715,below,15715201.0,support,2020.3329807692307,0.65,34.0,11332,15681,3,0,standard_liquidity_sweep,0,1,0,0.515407190129865,0.30538080932338746,0,0,0,1,0.27810130865799576,8.0,0.5059731457183634,0.5059731457183634,,,Overlap,3.5462975235392085,support|below|2020.333,support|below|2020.333|15681,s_r
15723,15721,above,15721101.0,previous_day_high,2034.565,0.5,3.0,15718,15718,4,0,standard_liquidity_sweep,0,1,0,0.5080451026079075,0.3994091184515024,0,0,0,1,0.45344608985310186,9.0,-0.21429986438262952,0.21429986438262952,,,Overlap,1.0920463749697924,previous_day_high|above|2034.565,previous_day_high|above|2034.565|15718,prior_period
15727,15726,above,15726102.0,session_high,2036.23,0.5,3.0,15723,15723,4,1,tradeable_sweep_candidate,0,1,0,0.6384673877367215,0.3693020911364742,0,0,0,1,0.6765981145256301,9.0,-0.4259182160797786,0.4259182160797786,prev_asia_high,completed_previous_session_only,London,0.3693020911364742,session_high|above|2036.23,session_high|above|2036.23|15723,session
15733,15732,below,15732202.0,previous_day_low,2030.645,0.55,5.0,15727,15727,4,1,tradeable_sweep_candidate,0,1,0,0.6637546110672436,0.7148740507360738,0,0,0,1,1.2525331295592985,8.0,-0.06386171800542521,0.06386171800542521,,,London,0.7186041306103054,previous_day_low|below|2030.645,previous_day_low|below|2030.645|15727,prior_period
15745,15745,below,15745201.0,support,2014.95,0.6000000000000001,4.0,13178,15741,3,0,micro_interaction_sweep,1,0,0,0.5621257205185388,0.0073110392231223245,1,0,0,1,0.3330002043783996,8.0,0.8923327365291589,0.8923327365291589,,,Overlap,1.3989469042536125,support|below|2014.95,support|below|2014.95|15741,s_r
15751,15750,above,15750101.0,resistance,2027.224527450643,0.7521864381728731,10.0,3283,15740,4,0,micro_interaction_sweep,1,0,0,0.602074521978193,0.08761247908593467,0,0,0,1,0.3099002393222009,9.0,3.5043303329842734,3.5043303329842734,,,London,1.6858880482700895,resistance|above|2027.2245,resistance|above|2027.2245|15740,s_r
15757,15756,below,15756201.0,previous_day_low,1988.9,0.5,2.0,15754,15754,4,0,displacement_confirmed_sweep,0,1,1,0.5808981253903776,0.525801172004371,0,0,1,1,0.3411705365214601,9.0,-0.18455701404209454,0.18455701404209454,,,London,0.525801172004371,previous_day_low|below|1988.9,previous_day_low|below|1988.9|15754,prior_period
15769,15768,below,15768203.0,session_low,2003.575,0.45,3.0,15765,15765,4,0,displacement_confirmed_sweep,0,1,1,0.6563241898931101,0.5784041657540578,1,1,0,1,1.2305159045539231,10.0,0.33193952505494895,0.33193952505494895,prev_ny_low,completed_previous_session_only,London,0.5784041657540578,session_low|below|2003.575,session_low|below|2003.575|15765,session
15788,15787,below,15787201.0,session_low,2023.585,0.45,4.0,15783,15783,4,0,standard_liquidity_sweep,0,1,0,0.4755071128602742,0.695531171509845,0,0,0,1,0.34997441562192244,10.0,-0.3004576517809197,0.3004576517809197,prev_ny_low,completed_previous_session_only,Overlap,1.1061059047555302,session_low|below|2023.585,session_low|below|2023.585|15783,session
15791,15791,above,15791102.0,previous_day_high,2032.355,0.6,5.0,15784,15786,3,0,standard_liquidity_sweep,0,1,0,0.6035422936275703,0.52440615654809,0,0,0,1,0.31253114135699206,9.0,0.3556197834454491,0.3556197834454491,,,Asia,1.7725322920707038,previous_day_high|above|2032.355,previous_day_high|above|2032.355|15786,prior_period
15797,15797,below,15797201.0,previous_day_low,2019.71,0.55,2.0,15793,15795,3,1,tradeable_sweep_candidate,0,1,1,0.5929416744501287,0.2140253588528274,1,0,0,1,0.6012630143155832,8.0,0.5484323728903558,0.5484323728903558,,,Asia,0.8304841726091451,previous_day_low|below|2019.71,previous_day_low|below|2019.71|15795,prior_period
15801,15799,above,15799103.0,previous_week_high,2031.545,0.55,27.0,15772,15772,4,0,standard_liquidity_sweep,0,1,0,0.5891666666666667,0.6494363291111629,0,0,0,1,0.959849210528615,10.0,0.6091922234004973,0.6091922234004973,,,Overlap,2.1929983881043724,previous_week_high|above|2031.545,previous_week_high|above|2031.545|15772,prior_period
15806,15804,below,15804201.0,previous_day_low,2029.96,0.5,2.0,15802,15802,4,0,standard_liquidity_sweep,0,1,0,0.5351471899089884,0.3617956693618786,0,0,0,1,0.6681385657565505,10.0,-0.36232775060727823,0.36232775060727823,,,London,0.4390366784913686,previous_day_low|below|2029.96,previous_day_low|below|2029.96|15802,prior_period
15809,15809,above,15809101.0,resistance,2037.1250000000005,0.6,6.0,15804,15803,3,0,standard_liquidity_sweep,0,1,0,0.5122495459182459,0.6136065396140354,0,0,0,1,0.311873864795615,9.0,0.10286686117270873,0.10286686117270873,,,Asia,1.471762935693235,resistance|above|2037.125,resistance|above|2037.125|15803,s_r
15811,15809,above,15809102.0,session_high,2034.495,0.45,4.0,15805,15805,4,0,standard_liquidity_sweep,0,1,0,0.6112759491631795,0.16470940493113062,0,0,0,1,0.311873864795615,9.0,0.10286686117270873,0.10286686117270873,prev_london_high,completed_previous_session_only,Asia,0.8082928841235439,session_high|above|2034.495,session_high|above|2034.495|15805,session
15816,15816,above,15816101.0,resistance,2032.325,0.55,4.0,15813,15812,3,0,standard_liquidity_sweep,0,1,0,0.7143829385961195,0.8897905032770272,0,0,0,1,0.8408348640873641,7.0,0.0871753835038319,0.0871753835038319,,,London,0.8897905032770272,resistance|above|2032.325,resistance|above|2032.325|15812,s_r
15821,15818,above,15818101.0,session_high,2032.14,0.5,5.0,15813,15813,4,0,micro_interaction_sweep,1,0,0,0.5138579736279064,0.08965141703681612,1,0,0,1,0.5033586870386108,8.0,-0.407026248657036,0.407026248657036,prev_asia_high,completed_previous_session_only,NY,0.8561620572900606,session_high|above|2032.14,session_high|above|2032.14|15813,session
15823,15822,below,15822201.0,support,2030.7225,0.5644950001250258,4.0,15822,15818,4,0,micro_interaction_sweep,1,0,0,0.5782592741921018,0.024979551694161557,0,1,0,1,1.8535186427292243,10.0,2.562480200038696,2.562480200038696,,,London,1.1563027921845805,support|below|2030.7225,support|below|2030.7225|15818,s_r
15828,15827,above,15827101.0,previous_day_high,2050.735,0.6,4.0,15823,15823,4,1,tradeable_sweep_candidate,0,1,1,0.6861290592361395,0.6317275075953229,1,0,0,1,0.6446239256947278,9.0,-0.606193027987409,0.606193027987409,,,Asia,0.991481487747644,previous_day_high|above|2050.735,previous_day_high|above|2050.735|15823,prior_period
15866,15865,below,15865201.0,previous_day_low,2177.28,0.5,3.0,15862,15862,4,0,displacement_confirmed_sweep,0,1,1,0.4639135670609551,0.2951786322896992,1,0,0,1,0.21754295270496407,8.0,0.40368795347309894,0.40368795347309894,,,London,0.2951786322896992,previous_day_low|below|2177.28,previous_day_low|below|2177.28|15862,prior_period
15884,15884,below,15884202.0,support,2157.7938372093026,0.55,8.0,15881,15876,3,0,standard_liquidity_sweep,0,1,0,0.5938969957347396,0.5149406779403096,0,0,0,1,0.33850756227088635,9.0,0.17706101905042515,0.17706101905042515,,,Overlap,1.7735828341475994,support|below|2157.7938,support|below|2157.7938|15876,s_r
15894,15892,below,15892201.0,swing_low,2152.84,0.4,6.0,15884,15886,4,0,standard_liquidity_sweep,0,1,0,0.4293115963297828,0.3387921213614269,0,0,0,1,0.2878623241577901,8.0,-0.05667464861587226,0.05667464861587226,,,Dead,2.2044347040997,swing_low|below|2152.84,swing_low|below|2152.84|15886,swing
15895,15895,above,15895101.0,resistance,2157.605,0.55,3.0,7593,15892,3,0,standard_liquidity_sweep,0,1,0,0.6480548629972782,0.3041682035863748,0,0,0,1,0.6018561926361482,9.0,0.08944559414295836,0.08944559414295836,,,London,1.1881384962875359,resistance|above|2157.605,resistance|above|2157.605|15892,s_r
15901,15900,below,15900202.0,support,2151.150807079235,0.65,26.0,3312,15874,4,0,standard_liquidity_sweep,0,1,0,0.5443049318585288,0.8400652940612403,0,0,0,1,0.2865502554981957,9.0,-0.18704422058510928,0.18704422058510928,,,Asia,2.4645600038595097,support|below|2151.1508,support|below|2151.1508|15874,s_r
15902,15900,below,15900201.0,session_low,2154.73,0.45,4.0,15896,15896,4,0,standard_liquidity_sweep,0,1,0,0.5832257871892029,0.3788493444753446,0,0,0,1,0.2865502554981957,9.0,-0.18704422058510928,0.18704422058510928,prev_london_low,completed_previous_session_only,Asia,0.7325027276723046,session_low|below|2154.73,session_low|below|2154.73|15896,session
15908,15908,above,15908101.0,session_high,2158.72,0.5,4.0,15904,15904,3,0,displacement_confirmed_sweep,0,1,1,0.6457844200833452,0.10350787859619748,1,0,0,1,0.8271860175468265,9.0,0.18729997657582742,0.18729997657582742,prev_london_high,completed_previous_session_only,Overlap,0.5476753164070743,session_high|above|2158.72,session_high|above|2158.72|15904,session
15922,15920,below,15920203.0,previous_day_low,2166.395,0.55,3.0,15917,15917,4,0,standard_liquidity_sweep,0,1,0,0.5446167760634613,0.9808584199204488,0,0,0,1,0.6378344273012794,10.0,0.22833136306963697,0.22833136306963697,,,Overlap,0.9808584199204488,previous_day_low|below|2166.395,previous_day_low|below|2166.395|15917,prior_period
15932,15930,above,15930102.0,session_high,2178.415,0.45,5.0,15925,15925,4,0,standard_liquidity_sweep,0,1,0,0.6071947519936934,0.5245052122925231,0,0,0,1,1.2248382504060915,10.0,-0.8355146636698854,0.8355146636698854,prev_asia_high,completed_previous_session_only,Asia,0.8256263155334672,session_high|above|2178.415,session_high|above|2178.415|15925,session
15950,15950,below,15950202.0,support,2235.785,0.55,4.0,11384,15946,3,0,standard_liquidity_sweep,0,1,0,0.6165091812485343,0.7893649214609086,0,0,0,1,0.4414068883302878,8.0,-0.0014256167135823356,0.0014256167135823356,,,Overlap,1.9538904379298598,support|below|2235.785,support|below|2235.785|15946,s_r
15956,15956,above,15956101.0,equal_high,2266.2943935314297,0.75,8.0,2854,15948,3,1,tradeable_sweep_candidate,0,1,0,0.7422496199093797,0.0772647536057855,0,0,0,1,0.5535542703306865,6.0,0.022398642070411638,0.022398642070411638,,,Overlap,1.9302418006057238,equal_high|above|2266.2944,equal_high|above|2266.2944|15948,eqh_eql
15979,15977,above,15977102.0,previous_day_high,2328.53,0.55,1.0,15976,15976,4,1,tradeable_sweep_candidate,0,1,0,0.6939169196711885,0.24657042545981148,0,0,0,1,1.3160190058383412,7.0,-0.2435833568620706,0.2435833568620706,,,Asia,0.24657042545981148,previous_day_high|above|2328.53,previous_day_high|above|2328.53|15976,prior_period
15982,15982,above,15982101.0,resistance,2342.88,0.55,3.0,15980,15979,3,0,micro_interaction_sweep,1,0,0,0.47523422974117246,0.22951388477241666,0,0,0,1,0.22975224101959785,7.0,0.1742169033213614,0.1742169033213614,,,Dead,0.8789531860208502,resistance|above|2342.88,resistance|above|2342.88|15979,s_r
15986,15984,above,15984101.0,previous_day_high,2354.12,0.6,5.0,15977,15979,4,1,tradeable_sweep_candidate,0,1,0,0.6555004157406611,0.560683635551435,0,0,0,1,0.6845009247715812,6.0,-0.5571448468500351,0.5571448468500351,,,Asia,1.5173657101484253,previous_day_high|above|2354.12,previous_day_high|above|2354.12|15979,prior_period
15994,15991,below,15991201.0,previous_day_low,2338.335,0.5,2.0,15989,15989,4,0,displacement_confirmed_sweep,0,1,1,0.5608333333333334,0.5912382075916053,0,1,0,1,1.5150810231419416,8.0,-0.2572779095901557,0.2572779095901557,,,London,1.204650108865828,previous_day_low|below|2338.335,previous_day_low|below|2338.335|15989,prior_period
16004,16002,above,16002101.0,previous_day_high,2391.55,0.5,1.0,16001,16001,4,0,micro_interaction_sweep,1,0,0,0.638901674501348,0.23205449086195407,0,0,0,1,0.5390167450134806,6.0,-0.391691382628447,0.391691382628447,,,Asia,0.23205449086195407,previous_day_high|above|2391.55,previous_day_high|above|2391.55|16001,prior_period
16007,16004,below,16004201.0,session_low,2355.77,0.45,4.0,16000,16000,4,0,standard_liquidity_sweep,0,1,0,0.4576289524973325,2.8807219433648537,0,0,0,1,0.42948904790999787,6.0,-0.025897685386251344,0.025897685386251344,prev_ny_low,completed_previous_session_only,Overlap,2.8807219433648537,session_low|below|2355.77,session_low|below|2355.77|16000,session
16010,16010,below,16010202.0,support,2345.2206060606063,0.55,4.0,11396,16006,3,0,standard_liquidity_sweep,0,1,0,0.647943713080537,0.1683776597045678,0,0,0,1,0.7629951409258806,10.0,0.8038067021764868,0.8038067021764868,,,Overlap,0.7382055624676841,support|below|2345.2206,support|below|2345.2206|16006,s_r
16011,16010,below,16010203.0,session_low,2333.875,0.5,4.0,16005,16006,4,0,standard_liquidity_sweep,0,1,0,0.5103723576648647,0.7058382307578354,0,0,0,1,0.7629951409258806,10.0,0.8038067021764868,0.8038067021764868,prev_ny_low,completed_previous_session_only,Overlap,1.2613602512218693,session_low|below|2333.875,session_low|below|2333.875|16006,session
16014,16011,above,16011101.0,previous_day_high,2372.91,0.5,4.0,16007,16007,4,0,standard_liquidity_sweep,0,1,0,0.5268288831719219,0.3217408102334696,0,0,0,1,0.6418720715713118,9.0,-0.4481362938714401,0.4481362938714401,,,NY,1.1433158187476566,previous_day_high|above|2372.91,previous_day_high|above|2372.91|16007,prior_period
16017,16016,above,16016101.0,resistance,2388.5425,0.5568898202340519,5.0,16012,16011,4,0,standard_liquidity_sweep,0,1,0,0.4891963249325853,1.0520989178589812,0,0,0,1,0.3311846746851807,10.0,0.17036644043110846,0.17036644043110846,,,Overlap,1.0520989178589812,resistance|above|2388.5425,resistance|above|2388.5425|16011,s_r
16024,16023,below,16023201.0,previous_day_low,2363.05,0.5,4.0,16019,16019,4,0,standard_liquidity_sweep,0,1,0,0.49923424380634224,0.43790373270999083,0,0,0,1,0.39183560951585555,8.0,-0.07935613005220678,0.07935613005220678,,,NY,1.5201254611464317,previous_day_low|below|2363.05,previous_day_low|below|2363.05|16019,prior_period
16031,16030,above,16030102.0,previous_day_high,2395.635,0.5,5.0,16025,16025,4,1,tradeable_sweep_candidate,0,1,0,0.6556987446396779,0.9273369893637968,0,0,0,1,1.1189480919712127,9.0,-0.5579639945794501,0.5579639945794501,,,Dead,0.9501267507216442,previous_day_high|above|2395.635,previous_day_high|above|2395.635|16025,prior_period
16036,16034,above,16034101.0,session_high,2386.93,0.5,4.0,16030,16030,4,0,displacement_confirmed_sweep,0,1,1,0.5465974646795446,0.4075610229269947,0,0,1,1,0.740974646795446,8.0,-0.3316112950901933,0.3316112950901933,prev_london_high,completed_previous_session_only,Overlap,0.4075610229269947,session_high|above|2386.93,session_high|above|2386.93|16030,session
16045,16042,below,16042201.0,previous_week_low,2324.255,0.6000000000000001,5.0,16037,16037,4,1,tradeable_sweep_candidate,0,1,1,0.6335825215234132,0.1668422799527022,1,0,0,1,1.4257432042940363,9.0,-1.2589459375091627,1.2589459375091627,,,Dead,2.1380215896022166,previous_week_low|below|2324.255,previous_week_low|below|2324.255|16037,prior_period
16052,16052,above,16052102.0,previous_day_high,2332.185,0.5,3.0,16049,16049,3,0,standard_liquidity_sweep,0,1,0,0.5252759294425037,0.5903836516698981,0,0,0,1,0.2829753795557114,8.0,0.29470599963149413,0.29470599963149413,,,Overlap,0.9110719178029866,previous_day_high|above|2332.185,previous_day_high|above|2332.185|16049,prior_period
16056,16055,below,16055201.0,support,2312.3597674418606,0.65,5.0,16051,16050,4,0,standard_liquidity_sweep,0,1,0,0.49500033744699556,0.4043055246855835,0,0,0,1,0.24583417695082227,5.0,0.4218432055661528,0.4218432055661528,,,Asia,0.6544436915612093,support|below|2312.3598,support|below|2312.3598|16050,s_r
16059,16058,above,16058103.0,resistance,2337.43,0.6,5.0,3344,16053,4,0,standard_liquidity_sweep,0,1,0,0.5012079829372207,1.0781709072158523,0,0,0,1,0.33426995734305176,8.0,0.14253586414494515,0.14253586414494515,,,Overlap,1.1822346142142413,resistance|above|2337.43,resistance|above|2337.43|16053,s_r
16063,16062,above,16062101.0,previous_day_high,2344.925,0.55,2.0,16058,16060,4,1,tradeable_sweep_candidate,0,1,0,0.6027876052219532,0.45111705734547214,0,0,0,1,0.49478384249801227,9.0,-0.2850698872201696,0.2850698872201696,,,Asia,0.7823055152142223,previous_day_high|above|2344.925,previous_day_high|above|2344.925|16060,prior_period
16066,16066,below,16066202.0,support,2330.1613997146487,0.6,7.0,11407,16059,3,0,standard_liquidity_sweep,0,1,0,0.5884508983403418,0.5326428751956004,0,0,0,1,0.5095089834034187,9.0,-0.009929966031506157,0.009929966031506157,,,Dead,1.23189955388138,support|below|2330.1614,support|below|2330.1614|16059,s_r
16068,16066,below,16066201.0,session_low,2331.235,0.45,3.0,16063,16063,4,0,standard_liquidity_sweep,0,1,0,0.5677353644643176,0.4604273923837885,0,0,0,1,0.5095089834034187,9.0,-0.009929966031506157,0.009929966031506157,prev_asia_low,completed_previous_session_only,Dead,0.6618694953539134,session_low|below|2331.235,session_low|below|2331.235|16063,session
16069,16068,above,16068103.0,previous_day_high,2336.92,0.5,1.0,16067,16067,4,1,tradeable_sweep_candidate,0,1,0,0.5761969973858986,0.42105958366758683,0,0,0,1,0.4995742639928443,9.0,0.10899199791355753,0.10899199791355753,,,Asia,0.42105958366758683,previous_day_high|above|2336.92,previous_day_high|above|2336.92|16067,prior_period
16070,16069,below,16069201.0,session_low,2336.205,0.5,5.0,16064,16064,4,0,standard_liquidity_sweep,0,1,0,0.5941603461828915,0.46876497582884974,0,0,0,1,0.6883737044162989,8.0,-0.138848105152159,0.138848105152159,prev_ny_low,completed_previous_session_only,London,0.46876497582884974,session_low|below|2336.205,session_low|below|2336.205|16064,session
16071,16070,above,16070101.0,session_high,2341.47,0.45,4.0,16066,16066,4,0,standard_liquidity_sweep,0,1,0,0.47506759283356387,0.4820571538028924,0,0,0,1,0.352252315417243,9.0,-0.05182110413030753,0.05182110413030753,prev_ny_high,completed_previous_session_only,Overlap,0.7253997116560511,session_high|above|2341.47,session_high|above|2341.47|16066,session
16080,16077,below,16077201.0,previous_week_low,2291.435,0.55,10.0,16067,16067,4,0,standard_liquidity_sweep,0,1,0,0.4949238762358013,0.3186961135806245,0,0,0,1,0.43939302392283663,8.0,-0.35794626610738706,0.35794626610738706,,,NY,3.4350699889534835,previous_week_low|below|2291.435,previous_week_low|below|2291.435|16067,prior_period
16088,16087,below,16087203.0,session_low,2295.435,0.45,3.0,16084,16084,4,0,standard_liquidity_sweep,0,1,0,0.6210112372425881,0.4542275917890289,0,0,0,1,0.6734865549364092,10.0,0.01563875897379004,0.01563875897379004,prev_ny_low,completed_previous_session_only,London,2.048719201911422,session_low|below|2295.435,session_low|below|2295.435|16084,session
16094,16093,below,16093203.0,previous_day_low,2285.53,0.6,5.0,16087,16088,4,1,tradeable_sweep_candidate,0,1,1,0.6648837307304951,1.2073475740659598,0,0,1,1,0.6480547536167484,10.0,0.04678949102821276,0.04678949102821276,,,London,1.4999869962986856,previous_day_low|below|2285.53,previous_day_low|below|2285.53|16088,prior_period
16095,16095,below,16095201.0,session_low,2300.735,0.45,5.0,16090,16090,3,0,micro_interaction_sweep,1,0,0,0.47178329945697667,0.08759521589780485,0,0,1,1,0.30445824864244153,9.0,0.05622285153116348,0.05622285153116348,prev_ny_low,completed_previous_session_only,NY,0.3906824107577582,session_low|below|2300.735,session_low|below|2300.735|16090,session
16109,16108,below,16108203.0,session_low,2311.91,0.5,3.0,16105,16105,4,0,micro_interaction_sweep,1,0,0,0.49682873676417244,0.17407013656439901,0,0,0,1,0.38582184191043106,9.0,0.017101292452240065,0.017101292452240065,prev_ny_low,completed_previous_session_only,Dead,0.5125922846870229,session_low|below|2311.91,session_low|below|2311.91|16105,session
16110,16110,below,16110201.0,session_low,2310.035,0.45,4.0,16106,16106,3,0,standard_liquidity_sweep,0,1,0,0.5510219726265774,0.6392048073560774,0,0,0,1,0.510219726265774,9.0,0.06913436861446115,0.06913436861446115,prev_london_low,completed_previous_session_only,Asia,0.6392048073560774,session_low|below|2310.035,session_low|below|2310.035|16106,session
16112,16112,above,16112101.0,session_high,2315.665,0.45,4.0,16108,16108,3,0,standard_liquidity_sweep,0,1,0,0.5460843255480659,0.45860834349400253,0,0,0,1,0.4442442015429236,9.0,0.14214194598137855,0.14214194598137855,prev_ny_high,completed_previous_session_only,Overlap,0.6523517413491101,session_high|above|2315.665,session_high|above|2315.665|16108,session
16141,16140,above,16140103.0,previous_day_high,2359.71,0.55,2.0,16138,16138,4,1,tradeable_sweep_candidate,0,1,1,0.7091666666666667,0.10737973969672016,1,0,0,1,1.3405988118601064,9.0,0.15825560863309784,0.15825560863309784,,,Asia,0.2022393054885186,previous_day_high|above|2359.71,previous_day_high|above|2359.71|16138,prior_period
16160,16159,below,16159201.0,support,2416.585,0.55,3.0,11426,16156,4,0,standard_liquidity_sweep,0,1,0,0.6062824972156756,1.7711974083008837,0,0,0,1,0.5151860435606817,6.0,0.23773882467787416,0.23773882467787416,,,London,2.373461620997142,support|below|2416.585,support|below|2416.585|16156,s_r
16170,16170,below,16170201.0,session_low,2414.905,0.45,4.0,16166,16166,3,0,micro_interaction_sweep,1,0,0,0.48094457834745397,0.15689567164619458,0,0,0,1,0.3012154682885132,10.0,0.17181758072786046,0.17181758072786046,prev_london_low,completed_previous_session_only,Asia,0.49301098396501364,session_low|below|2414.905,session_low|below|2414.905|16166,session
16180,16179,below,16179201.0,previous_week_low,2332.125,0.55,22.0,16157,16157,4,0,micro_interaction_sweep,1,0,0,0.4865433695524998,0.002392733407116362,0,0,0,1,0.31844175721458284,10.0,-0.21445447796912356,0.21445447796912356,,,NY,8.436143263501855,previous_week_low|below|2332.125,previous_week_low|below|2332.125|16157,prior_period
16195,16195,above,16195101.0,resistance,2356.043333333333,0.55,6.0,16192,16189,3,0,standard_liquidity_sweep,0,1,0,0.6649351190382822,1.0955791785455764,0,0,0,1,0.38883326536293417,9.0,0.09192687282146125,0.09192687282146125,,,London,1.0955791785455764,resistance|above|2356.0433,resistance|above|2356.0433|16189,s_r
16196,16195,above,16195102.0,resistance,2358.565,0.6,4.0,3366,16191,4,0,standard_liquidity_sweep,0,1,0,0.6022140819334467,1.3230855328057627,0,0,0,1,0.38883326536293417,9.0,0.09192687282146125,0.09192687282146125,,,London,1.3230855328057627,resistance|above|2358.565,resistance|above|2358.565|16191,s_r
16202,16201,below,16201203.0,support,2339.514972836495,0.65,13.0,3367,16188,4,0,standard_liquidity_sweep,0,1,0,0.5057105816980129,0.5555916766290231,0,0,0,1,0.22564145024793336,9.0,0.25420450252678695,0.25420450252678695,,,London,1.8554656886695395,support|below|2339.515,support|below|2339.515|16188,s_r
16206,16205,below,16205201.0,previous_week_low,2325.47,0.55,18.0,16187,16187,4,0,standard_liquidity_sweep,0,1,0,0.5116406418300894,0.7921434681480403,0,0,0,1,0.2521564161435485,10.0,-0.033650767278943956,0.033650767278943956,,,Asia,3.0536235116693815,previous_week_low|below|2325.47,previous_week_low|below|2325.47|16187,prior_period
16208,16207,below,16207201.0,previous_day_low,2332.925,0.5,2.0,16205,16205,4,0,micro_interaction_sweep,1,0,0,0.47426426997662585,0.02290454893744131,0,0,0,1,0.18979017084554065,10.0,1.3348716247886943,1.3348716247886943,,,London,0.02290454893744131,previous_day_low|below|2332.925,previous_day_low|below|2332.925|16205,prior_period
16209,16207,above,16207102.0,session_high,2344.38,0.45,3.0,16204,16204,4,0,displacement_confirmed_sweep,0,1,1,0.4565907154771134,0.98621702059574,1,0,0,1,0.18979017084554065,10.0,-0.11708658646818475,0.11708658646818475,prev_ny_high,completed_previous_session_only,London,1.7305467919318525,session_high|above|2344.38,session_high|above|2344.38|16204,session
16213,16213,above,16213103.0,resistance,2351.94,0.6,4.0,3371,16209,3,0,displacement_confirmed_sweep,0,1,1,0.6712455458301414,0.9149973890578749,1,0,0,1,0.6094723843626356,10.0,-0.034544267392536035,0.034544267392536035,,,London,0.9149973890578749,resistance|above|2351.94,resistance|above|2351.94|16209,s_r
16218,16217,below,16217201.0,previous_week_low,2320.59,0.65,1.0,16215,16216,4,1,tradeable_sweep_candidate,0,1,0,0.5774993914858163,0.8743001981317914,0,0,0,1,0.43908918289332893,10.0,-0.024185349105231055,0.024185349105231055,,,Asia,0.8743001981317914,previous_week_low|below|2320.59,previous_week_low|below|2320.59|16216,prior_period
16236,16234,above,16234101.0,previous_week_high,2364.155,0.55,17.0,16217,16217,4,0,standard_liquidity_sweep,0,1,0,0.565451661781322,0.7221209053888596,0,0,0,1,0.7211832844798859,10.0,-0.2655960167720522,0.2655960167720522,,,Dead,3.6574085690001428,previous_week_high|above|2364.155,previous_week_high|above|2364.155|16217,prior_period
16238,16238,above,16238101.0,previous_day_high,2373.36,0.5,3.0,16235,16235,3,0,displacement_confirmed_sweep,0,1,1,0.5649019923082647,1.0248160790635021,1,0,1,1,0.40426810789359996,10.0,0.0126934800765811,0.0126934800765811,,,Overlap,1.0248160790635021,previous_day_high|above|2373.36,previous_day_high|above|2373.36|16235,prior_period
16241,16241,above,16241101.0,resistance,2376.1078249148118,0.6000000000000001,4.0,16235,16237,3,1,tradeable_sweep_candidate,0,1,1,0.6285224915397489,0.4027921685875138,1,0,1,1,0.8256576085251199,8.0,0.0064670660596513095,0.0064670660596513095,,,Asia,1.2455069219436137,resistance|above|2376.1078,resistance|above|2376.1078|16237,s_r
16248,16248,below,16248201.0,previous_day_low,2290.425,0.5,1.0,16247,16247,3,0,standard_liquidity_sweep,0,1,0,0.4351139023210585,0.3368175516440396,0,0,0,1,0.1711180891359796,8.0,0.3245681537722326,0.3245681537722326,,,Asia,0.3368175516440396,previous_day_low|below|2290.425,previous_day_low|below|2290.425|16247,prior_period
16252,16250,above,16250102.0,session_high,2307.275,0.45,4.0,16246,16246,4,0,micro_interaction_sweep,1,0,0,0.4820740065233464,0.10033997887937773,0,0,0,1,0.44060168297503277,9.0,-0.21495211088996372,0.21495211088996372,prev_ny_high,completed_previous_session_only,Overlap,0.778047449264471,session_high|above|2307.275,session_high|above|2307.275|16246,session
16256,16255,above,16255101.0,previous_day_high,2313.865,0.55,3.0,16250,16252,4,1,tradeable_sweep_candidate,0,1,0,0.5620062154029438,0.5669580284190183,0,0,0,1,0.4627428172924518,8.0,-0.06410125911675676,0.06410125911675676,,,London,1.060528924565427,previous_day_high|above|2313.865,previous_day_high|above|2313.865|16252,prior_period
16264,16261,above,16261102.0,previous_day_high,2319.965,0.55,5.0,16256,16256,4,0,displacement_confirmed_sweep,0,1,1,0.5691666666666667,0.5148014871853901,0,0,1,1,1.7155367416330551,9.0,0.752594563214685,0.752594563214685,,,London,0.5404005904789746,previous_day_high|above|2319.965,previous_day_high|above|2319.965|16256,prior_period
16271,16268,below,16268203.0,previous_day_low,2308.2,0.6,3.0,16264,16265,4,0,micro_interaction_sweep,1,0,0,0.5620878521639692,0.19168507725307946,0,0,0,1,0.8875451883063588,9.0,-0.1766644268555756,0.1766644268555756,,,Overlap,0.5702386424537839,previous_day_low|below|2308.2,previous_day_low|below|2308.2|16265,prior_period
16276,16273,above,16273101.0,previous_day_high,2326.74,0.55,5.0,16268,16268,4,0,standard_liquidity_sweep,0,1,0,0.5416161539287618,0.31823624985829846,0,0,0,1,0.7661615392876187,10.0,-0.2863509560664155,0.2863509560664155,,,London,1.7775538247959846,previous_day_high|above|2326.74,previous_day_high|above|2326.74|16268,prior_period
16285,16284,below,16284203.0,session_low,2316.88,0.45,4.0,16280,16280,4,1,tradeable_sweep_candidate,0,1,0,0.620596348205306,0.5041191248876031,0,0,0,1,0.44003123837970914,10.0,0.10802883312600196,0.10802883312600196,prev_london_low,completed_previous_session_only,Asia,0.5228666670262506,session_low|below|2316.88,session_low|below|2316.88|16280,session
16290,16290,above,16290102.0,previous_day_high,2333.165,0.5,1.0,16289,16289,3,0,standard_liquidity_sweep,0,1,0,0.43710320499977795,0.3662119338959581,0,0,0,1,0.18650801249944482,9.0,0.38976029989885846,0.38976029989885846,,,Asia,0.3662119338959581,previous_day_high|above|2333.165,previous_day_high|above|2333.165|16289,prior_period
16296,16294,above,16294101.0,session_high,2335.04,0.5,3.0,16290,16291,4,0,displacement_confirmed_sweep,0,1,1,0.5325315410469773,0.7399510035415796,1,0,0,1,0.43576928302989715,10.0,-0.14650863826007898,0.14650863826007898,prev_asia_high,completed_previous_session_only,Dead,0.7399510035415796,session_high|above|2335.04,session_high|above|2335.04|16291,session
16307,16304,below,16304202.0,swing_low,2323.78,0.4,10.0,16292,16294,4,0,standard_liquidity_sweep,0,1,0,0.490892006686402,1.4267453417267821,0,0,0,1,1.1702434873967247,10.0,0.2521758737634787,0.2521758737634787,,,Overlap,4.127789097183168,swing_low|below|2323.78,swing_low|below|2323.78|16294,swing
16312,16309,above,16309101.0,previous_day_high,2326.495,0.5,2.0,16307,16307,4,0,micro_interaction_sweep,1,0,0,0.5207199255209172,0.11283187982775046,0,0,0,1,0.6405325885425046,8.0,-0.14205359826548158,0.14205359826548158,,,London,0.11283187982775046,previous_day_high|above|2326.495,previous_day_high|above|2326.495|16307,prior_period
16316,16315,above,16315101.0,equal_high,2333.9471511026986,0.8500000000000001,7.0,2912,16308,4,0,micro_interaction_sweep,1,0,0,0.5228419528100632,0.0758433528234167,1,0,0,1,0.10084745183075901,8.0,0.744323820685994,0.744323820685994,,,London,0.8431274772093413,equal_high|above|2333.9472,equal_high|above|2333.9472|16308,eqh_eql
16330,16327,above,16327101.0,previous_day_high,2321.755,0.5,2.0,16325,16325,4,0,standard_liquidity_sweep,0,1,0,0.45426091822222253,0.8666660877774536,0,0,0,1,0.37940229555555627,9.0,-0.15110596974652657,0.15110596974652657,,,London,2.4335387004854034,previous_day_high|above|2321.755,previous_day_high|above|2321.755|16325,prior_period
16333,16333,above,16333101.0,resistance,2331.443060197087,0.6,4.0,3398,16329,3,0,standard_liquidity_sweep,0,1,0,0.6565074416294998,0.10401502437938187,0,0,0,1,0.6945225884044368,10.0,0.09548728643902243,0.09548728643902243,,,London,1.088948601062465,resistance|above|2331.4431,resistance|above|2331.4431|16329,s_r
16338,16337,below,16337201.0,previous_day_low,2322.255,0.55,1.0,16336,16336,4,0,standard_liquidity_sweep,0,1,0,0.532273956290413,0.5989517271380066,0,0,0,1,0.38600155761691796,9.0,-0.034276094597156574,0.034276094597156574,,,Asia,0.5989517271380066,previous_day_low|below|2322.255,previous_day_low|below|2322.255|16336,prior_period
16339,16339,above,16339101.0,resistance,2328.885303030303,0.6,4.0,16336,16335,3,1,tradeable_sweep_candidate,0,1,0,0.6859518807701114,0.1358318082638647,0,0,0,1,0.8520548184590848,7.0,0.15759598748989326,0.15759598748989326,,,London,0.7335403834411125,resistance|above|2328.8853,resistance|above|2328.8853|16335,s_r
16346,16345,above,16345102.0,session_high,2332.485,0.45,3.0,16342,16342,4,1,tradeable_sweep_candidate,0,1,0,0.5550918680152547,0.8072759572982924,0,0,0,1,0.44643620609014084,8.0,-0.013681926860901236,0.013681926860901236,prev_ny_high,completed_previous_session_only,London,0.8072759572982924,session_high|above|2332.485,session_high|above|2332.485|16342,session
16347,16346,below,16346202.0,session_low,2327.085,0.45,4.0,16342,16342,4,0,standard_liquidity_sweep,0,1,0,0.5395686750974976,0.7540261914440101,0,0,0,1,0.5956867509749758,8.0,0.13068887634373208,0.13068887634373208,prev_ny_low,completed_previous_session_only,Overlap,0.7662708544893657,session_low|below|2327.085,session_low|below|2327.085|16342,session
16362,16362,above,16362101.0,swing_high,2365.025,0.4,8.0,16352,16354,3,0,micro_interaction_sweep,1,0,0,0.5252311677311797,0.029143853263812775,0,0,0,1,0.3952025605610231,8.0,0.3169196252422427,0.3169196252422427,,,Asia,0.9735662410338618,swing_high|above|2365.025,swing_high|above|2365.025|16354,swing
16364,16363,below,16363201.0,support,2356.9599999999996,0.55,6.0,16358,16357,4,0,standard_liquidity_sweep,0,1,0,0.6771872949164777,0.7013898478966523,0,0,0,1,0.6266335098032809,7.0,2.6440107338184573,2.6440107338184573,,,London,0.9710483874703895,support|below|2356.96,support|below|2356.96|16357,s_r
16377,16376,below,16376203.0,session_low,2354.9,0.45,4.0,16372,16372,4,0,displacement_confirmed_sweep,0,1,1,0.5244019553571153,1.2484878303953466,0,0,1,1,0.4860048883927883,9.0,0.326842770884074,0.326842770884074,prev_ny_low,completed_previous_session_only,Overlap,1.2484878303953466,session_low|below|2354.9,session_low|below|2354.9|16372,session
16383,16380,above,16380101.0,previous_day_high,2371.6,0.55,2.0,16376,16378,4,0,displacement_confirmed_sweep,0,1,1,0.4605564103356512,0.31484147624634723,1,0,0,1,0.35347435917246134,10.0,-0.03779928118317074,0.03779928118317074,,,Asia,0.31711734208713327,previous_day_high|above|2371.6,previous_day_high|above|2371.6|16378,prior_period
16400,16400,above,16400102.0,resistance,2424.6,0.65,11.0,3411,16389,3,1,tradeable_sweep_candidate,0,1,0,0.7253033962354836,0.5237408500545936,0,0,0,1,1.2557635416216875,7.0,-0.06425528059648815,0.06425528059648815,,,Overlap,1.917435057152352,resistance|above|2424.6,resistance|above|2424.6|16389,s_r
16414,16412,below,16412201.0,session_low,2461.865,0.5,4.0,16408,16408,4,0,standard_liquidity_sweep,0,1,0,0.545093657394373,1.6083903371949422,0,0,0,1,0.6842699072770624,6.0,-0.6356153147777591,0.6356153147777591,prev_asia_low,completed_previous_session_only,Overlap,1.6083903371949422,session_low|below|2461.865,session_low|below|2461.865|16408,session
16428,16428,below,16428201.0,previous_day_low,2402.6,0.5,1.0,16427,16427,3,0,micro_interaction_sweep,1,0,0,0.48866857860765633,0.031533832517160416,0,0,0,1,0.28805170129362573,8.0,0.15107606711204916,0.15107606711204916,,,Asia,0.031533832517160416,previous_day_low|below|2402.6,previous_day_low|below|2402.6|16427,prior_period
16432,16429,below,16429202.0,session_low,2397.21,0.45,3.0,16426,16426,4,0,standard_liquidity_sweep,0,1,0,0.5047906163534025,0.5853694013701428,0,0,0,1,0.6479061635340254,9.0,0.008964596268195634,0.008964596268195634,prev_ny_low,completed_previous_session_only,London,0.6939413144886017,session_low|below|2397.21,session_low|below|2397.21|16426,session
16434,16433,below,16433202.0,previous_week_low,2393.88,0.55,6.0,16427,16427,4,0,standard_liquidity_sweep,0,1,0,0.4933140819797421,0.5925577857883537,0,0,0,1,0.2477157143614473,8.0,0.0040877180587471805,0.0040877180587471805,,,Asia,0.8536804965611362,previous_week_low|below|2393.88,previous_week_low|below|2393.88|16427,prior_period
16436,16435,above,16435102.0,previous_day_high,2409.575,0.5,2.0,16433,16433,4,0,micro_interaction_sweep,1,0,0,0.43135949052209765,0.2078069629268512,0,0,0,1,0.1967947836630292,9.0,0.5478728122036841,0.5478728122036841,,,London,1.3861451937287272,previous_day_high|above|2409.575,previous_day_high|above|2409.575|16433,prior_period
16442,16439,above,16439102.0,previous_day_high,2412.24,0.55,3.0,16436,16436,4,0,displacement_confirmed_sweep,0,1,1,0.5704342446384221,0.34184959233088297,1,1,0,1,0.5356088874736286,10.0,0.020187343794124832,0.020187343794124832,,,Asia,0.5820546850403685,previous_day_high|above|2412.24,previous_day_high|above|2412.24|16436,prior_period
16450,16447,below,16447202.0,previous_day_low,2370.555,0.5,2.0,16445,16445,4,0,micro_interaction_sweep,1,0,0,0.5146804354967128,0.23003912242490782,0,0,0,1,0.5801376883004612,10.0,-0.06511749562555874,0.06511749562555874,,,London,0.41727645372891453,previous_day_low|below|2370.555,previous_day_low|below|2370.555|16445,prior_period
16461,16460,below,16460201.0,session_low,2382.775,0.45,4.0,16456,16456,4,0,standard_liquidity_sweep,0,1,0,0.5790816865278431,0.7561173227504955,0,0,0,1,1.3095227088872021,10.0,-0.3379413442289543,0.3379413442289543,prev_ny_low,completed_previous_session_only,Overlap,0.8060073019094339,session_low|below|2382.775,session_low|below|2382.775|16456,session
16463,16460,below,16460204.0,previous_day_low,2387.965,0.55,3.0,16457,16457,4,0,standard_liquidity_sweep,0,1,0,0.565,0.3373074075877251,0,0,0,1,1.3095227088872021,10.0,-0.3379413442289543,0.3379413442289543,,,Overlap,0.3901844493338843,previous_day_low|below|2387.965,previous_day_low|below|2387.965|16457,prior_period
16478,16477,above,16477101.0,session_high,2451.46,0.5,3.0,16474,16474,4,0,standard_liquidity_sweep,0,1,0,0.5461747792767105,1.2162132686450156,0,0,0,1,0.38023260526194264,8.0,-0.14001915555366187,0.14001915555366187,prev_asia_high,completed_previous_session_only,London,1.2162132686450156,session_high|above|2451.46,session_high|above|2451.46|16474,session
16484,16481,above,16481102.0,session_high,2457.475,0.45,3.0,16478,16478,4,0,displacement_confirmed_sweep,0,1,1,0.5724553741815098,0.6279657776828955,0,0,1,1,0.2801169060625155,10.0,-0.2726110940029625,0.2726110940029625,prev_london_high,completed_previous_session_only,Asia,1.0890744666656782,session_high|above|2457.475,session_high|above|2457.475|16478,session
16485,16484,below,16484203.0,session_low,2434.99,0.45,4.0,16480,16480,4,0,standard_liquidity_sweep,0,1,0,0.58,2.1210061794263173,0,0,0,1,0.9755781002443614,7.0,-0.11867181952869184,0.11867181952869184,prev_ny_low,completed_previous_session_only,Overlap,2.1210061794263173,session_low|below|2434.99,session_low|below|2434.99|16480,session
16492,16489,below,16489202.0,swing_low,2410.875,0.4,3.0,16484,16486,4,0,standard_liquidity_sweep,0,1,0,0.5233333333333333,0.6276945253175958,0,0,0,1,2.0454480244684614,10.0,0.6387336602096748,0.6387336602096748,,,London,1.3932860380499537,swing_low|below|2410.875,swing_low|below|2410.875|16486,swing
16502,16501,above,16501101.0,session_high,2397.685,0.5,3.0,16498,16498,4,0,micro_interaction_sweep,1,0,0,0.5394616592581558,0.1691843325904761,0,0,0,1,0.49240414814538974,9.0,-0.12832825729266314,0.12832825729266314,prev_asia_high,completed_previous_session_only,London,0.6544839069474665,session_high|above|2397.685,session_high|above|2397.685|16498,session
16516,16514,above,16514102.0,previous_day_high,2427.76,0.6,4.0,16510,16510,4,0,micro_interaction_sweep,1,0,0,0.5500814631784734,0.07133079296140313,0,0,0,1,0.5674812984514004,10.0,0.17979605495489692,0.17979605495489692,,,Overlap,0.7041808013119742,previous_day_high|above|2427.76,previous_day_high|above|2427.76|16510,prior_period
16528,16528,above,16528101.0,resistance,2468.39,0.55,4.0,16008,16524,3,0,displacement_confirmed_sweep,0,1,1,0.4609253339277609,0.2627188815928278,0,0,1,1,0.21481333481940218,9.0,0.23200674107485925,0.23200674107485925,,,Dead,0.5920806941150337,resistance|above|2468.39,resistance|above|2468.39|16524,s_r
16530,16527,below,16527201.0,session_low,2466.5,0.45,5.0,16522,16522,4,0,micro_interaction_sweep,1,0,0,0.42540772807094773,0.09552704396238731,0,0,0,1,0.3388112405907783,9.0,-0.11133513579695901,0.11133513579695901,prev_ny_low,completed_previous_session_only,NY,0.4882586763757585,session_low|below|2466.5,session_low|below|2466.5|16522,session
16531,16530,above,16530103.0,session_high,2468.99,0.5,5.0,16525,16525,4,1,tradeable_sweep_candidate,0,1,1,0.6738961458100389,0.5627213625077477,0,0,1,1,0.7777014083028094,10.0,0.224413327727804,0.224413327727804,prev_ny_high,completed_previous_session_only,Asia,0.5627213625077477,session_high|above|2468.99,session_high|above|2468.99|16525,session
16537,16537,above,16537101.0,resistance,2458.87,0.65,20.0,16010,16517,3,1,tradeable_sweep_candidate,0,1,0,0.7253923111084125,0.1585996030217432,0,0,0,1,0.7122564444174576,8.0,1.0114286313055756,1.0114286313055756,,,London,1.852538712489403,resistance|above|2458.87,resistance|above|2458.87|16517,s_r
16538,16537,below,16537203.0,support,2438.125,0.6,4.0,3434,16533,4,0,displacement_confirmed_sweep,0,1,1,0.5455824475105576,1.515776358650808,1,0,1,1,0.7122564444174576,8.0,0.29973467612952853,0.29973467612952853,,,London,1.515776358650808,support|below|2438.125,support|below|2438.125|16533,s_r
16550,16549,below,16549201.0,previous_day_low,2495.04,0.55,2.0,16547,16547,4,1,tradeable_sweep_candidate,0,1,1,0.5989872889716285,0.3588100068796065,1,0,1,1,0.6713796874232588,8.0,-0.02224775019788062,0.02224775019788062,,,London,0.42497741183157317,previous_day_low|below|2495.04,previous_day_low|below|2495.04|16547,prior_period
16561,16561,above,16561101.0,previous_week_high,2509.815,0.55,14.0,16547,16547,3,0,standard_liquidity_sweep,0,1,0,0.5257815895525143,0.31677073101522535,0,0,0,1,0.298474708911901,9.0,0.506043415109498,0.506043415109498,,,London,1.082604231403513,previous_week_high|above|2509.815,previous_week_high|above|2509.815|16547,prior_period
16563,16562,below,16562201.0,previous_day_low,2497.37,0.55,3.0,16559,16559,4,0,displacement_confirmed_sweep,0,1,1,0.4564792887293616,0.4367275880398942,1,0,0,1,0.2641148884900708,10.0,0.9036872165004248,0.9036872165004248,,,Overlap,1.392585912600223,previous_day_low|below|2497.37,previous_day_low|below|2497.37|16559,prior_period
16565,16565,below,16565201.0,session_low,2504.61,0.45,4.0,16561,16561,3,0,micro_interaction_sweep,1,0,0,0.5156375934229237,0.2403422223086637,1,0,0,1,0.4140939835573094,9.0,0.07893170759376582,0.07893170759376582,prev_asia_low,completed_previous_session_only,Asia,0.5914462798068162,session_low|below|2504.61,session_low|below|2504.61|16561,session
16575,16574,above,16574101.0,resistance,2511.0302325581397,0.65,27.0,16547,16547,4,0,standard_liquidity_sweep,0,1,0,0.5212023892432845,1.0437309333719398,0,0,0,1,0.3425893064415444,10.0,0.009037044047409966,0.009037044047409966,,,Overlap,2.104432116971136,resistance|above|2511.0302,resistance|above|2511.0302|16547,s_r
16579,16578,above,16578104.0,previous_day_high,2517.01,0.5,1.0,16577,16577,4,1,tradeable_sweep_candidate,0,1,0,0.6225252657752685,0.5649841456106103,0,0,0,1,0.7520132583095703,10.0,0.015355914520243636,0.015355914520243636,,,Asia,0.5649841456106103,previous_day_high|above|2517.01,previous_day_high|above|2517.01|16577,prior_period
16583,16582,below,16582201.0,previous_day_low,2510.67,0.5,5.0,16577,16577,4,0,standard_liquidity_sweep,0,1,0,0.4376334977502905,0.6522720046790368,0,0,0,1,0.20658374437572616,8.0,-0.07674385320222316,0.07674385320222316,,,Dead,1.232738693428661,previous_day_low|below|2510.67,previous_day_low|below|2510.67|16577,prior_period
16585,16584,below,16584201.0,support,2508.3853030303035,0.6,9.0,16579,16575,4,0,standard_liquidity_sweep,0,1,0,0.5207699413625337,0.4823558645655441,0,0,0,1,0.290227219345322,7.0,0.05668828932281616,0.05668828932281616,,,Asia,1.4276476454912381,support|below|2508.3853,support|below|2508.3853|16575,s_r
16588,16587,above,16587102.0,session_high,2521.045,0.45,5.0,16582,16582,4,0,micro_interaction_sweep,1,0,0,0.5184421902660141,0.08273631561726844,0,0,0,1,0.45027214233170176,8.0,0.20837543810117362,0.20837543810117362,prev_ny_high,completed_previous_session_only,NY,1.0740191172376758,session_high|above|2521.045,session_high|above|2521.045|16582,session
16591,16591,below,16591201.0,support,2503.5333344368173,0.7,7.0,16585,16584,3,0,standard_liquidity_sweep,0,1,0,0.6850922638873373,0.6040868961899131,0,0,0,1,0.6778960851417344,9.0,0.27178722690071294,0.27178722690071294,,,London,1.9167519371690174,support|below|2503.5333,support|below|2503.5333|16584,s_r
16600,16598,above,16598104.0,previous_day_high,2518.61,0.5,3.0,16595,16595,4,0,standard_liquidity_sweep,0,1,0,0.5624411570863083,0.1523129592433204,0,0,0,1,0.8577449041964145,8.0,-0.11938996198586978,0.11938996198586978,,,Overlap,0.1523129592433204,previous_day_high|above|2518.61,previous_day_high|above|2518.61|16595,prior_period
16608,16607,below,16607202.0,equal_low,2493.8864958994914,0.7000000000000001,34.0,2954,16573,4,0,standard_liquidity_sweep,0,1,0,0.46907176741533874,0.36824929283369084,0,0,0,1,0.13934608520501351,7.0,-0.00940043517364368,0.00940043517364368,,,Asia,2.7907363747806775,equal_low|below|2493.8865,equal_low|below|2493.8865|16573,eqh_eql
16612,16612,below,16612201.0,previous_week_low,2493.67,0.55,5.0,16607,16607,3,0,displacement_confirmed_sweep,0,1,1,0.5309663281593423,0.5963333689865262,1,0,0,1,0.4003324870650226,10.0,0.014334155547072706,0.014334155547072706,,,Dead,0.5963333689865262,previous_week_low|below|2493.67,previous_week_low|below|2493.67|16607,prior_period
16614,16612,below,16612202.0,previous_day_low,2496.695,0.55,5.0,16607,16607,4,1,tradeable_sweep_candidate,0,1,1,0.6120863012886907,0.2861169560571575,1,0,0,1,0.4003324870650226,10.0,0.014334155547072706,0.014334155547072706,,,Dead,0.3049571711473413,previous_day_low|below|2496.695,previous_day_low|below|2496.695|16607,prior_period
16617,16615,below,16615202.0,equal_low,2489.9225,0.6,2.0,2960,16613,4,0,standard_liquidity_sweep,0,1,0,0.6058333333333334,1.1411455628815463,0,0,0,1,1.30097032909559,9.0,0.8559981079309534,0.8559981079309534,,,London,1.1411455628815463,equal_low|below|2489.9225,equal_low|below|2489.9225|16613,eqh_eql
16634,16633,above,16633102.0,previous_day_high,2523.58,0.6,5.0,16627,16628,4,1,tradeable_sweep_candidate,0,1,0,0.6778294691272801,0.4395554384786064,0,0,0,1,0.5199613579394675,8.0,1.2416305988276446,1.2416305988276446,,,London,0.9559984583843748,previous_day_high|above|2523.58,previous_day_high|above|2523.58|16628,prior_period
16635,16634,below,16634201.0,support,2492.99359319419,0.7000000000000001,27.0,11520,16607,4,0,standard_liquidity_sweep,0,1,0,0.6010379914295546,1.4964357828318053,0,0,0,1,0.4900949785738863,7.0,0.20624381446347048,0.20624381446347048,,,Overlap,2.6951415110769323,support|below|2492.9936,support|below|2492.9936|16607,s_r
16645,16645,above,16645101.0,resistance,2507.762608695652,0.65,3.0,7742,16642,3,1,tradeable_sweep_candidate,0,1,0,0.6599056338254955,0.15379092849556858,0,0,0,1,0.6386301456221518,7.0,0.08669306771797046,0.08669306771797046,,,London,0.36032543344056933,resistance|above|2507.7626,resistance|above|2507.7626|16642,s_r
16651,16650,above,16650101.0,previous_day_high,2522.635,0.5,1.0,16649,16649,4,1,tradeable_sweep_candidate,0,1,0,0.6700951987800352,0.12749742180900647,0,0,0,1,0.650951987800352,7.0,-0.06807011491325561,0.06807011491325561,,,Asia,0.12749742180900647,previous_day_high|above|2522.635,previous_day_high|above|2522.635|16649,prior_period
16652,16651,below,16651201.0,session_low,2512.17,0.45,3.0,16648,16648,4,1,tradeable_sweep_candidate,0,1,1,0.6416073723933162,1.1234090076058745,1,0,0,1,0.9183600625095945,6.0,-0.23005383384078687,0.23005383384078687,prev_ny_low,completed_previous_session_only,London,1.1234090076058745,session_low|below|2512.17,session_low|below|2512.17|16648,session
16670,16669,above,16669102.0,previous_week_high,2586.13,0.55,2.0,16667,16667,4,0,micro_interaction_sweep,1,0,0,0.4878593035676693,0.049786276883772684,0,0,0,1,0.29030011054969296,7.0,0.12561916098709702,0.12561916098709702,,,London,0.049786276883772684,previous_week_high|above|2586.13,previous_week_high|above|2586.13|16667,prior_period
16683,16683,above,16683101.0,session_high,2571.71,0.45,5.0,16678,16678,3,0,displacement_confirmed_sweep,0,1,1,0.6958333333333333,0.3722054084806285,1,0,1,1,0.8686719271159782,10.0,0.906640504705877,0.906640504705877,prev_ny_high,completed_previous_session_only,NY,0.3722054084806285,session_high|above|2571.71,session_high|above|2571.71|16678,session
16684,16683,above,16683104.0,resistance,2586.514807692308,0.65,18.0,7746,16665,4,0,displacement_confirmed_sweep,0,1,1,0.6173645683103968,1.7833269179792954,1,0,0,1,0.8686719271159782,10.0,0.906640504705877,0.906640504705877,,,NY,1.7833269179792954,resistance|above|2586.5148,resistance|above|2586.5148|16665,s_r
16685,16683,below,16683202.0,session_low,2565.795,0.5,5.0,16678,16678,4,1,tradeable_sweep_candidate,0,1,1,0.5981132293878294,0.19158332165068806,1,0,0,1,0.8686719271159782,10.0,-0.09954979108197187,0.09954979108197187,prev_asia_low,completed_previous_session_only,NY,0.588636423282164,session_low|below|2565.795,session_low|below|2565.795|16678,session
16687,16686,above,16686104.0,session_high,2576.555,0.45,5.0,16681,16681,4,1,tradeable_sweep_candidate,0,1,0,0.6776397095582427,0.14017675298282,0,0,0,1,0.9933557403219603,9.0,-0.4030146130104344,0.4030146130104344,prev_asia_high,completed_previous_session_only,Asia,1.5915845875734127,session_high|above|2576.555,session_high|above|2576.555|16681,session
16703,16703,above,16703101.0,resistance,2634.905,0.65,3.0,7754,16700,3,0,displacement_confirmed_sweep,0,1,1,0.5523713040051564,0.47768849519006057,1,0,0,1,0.3496782600128911,6.0,0.7664090406301969,0.7664090406301969,,,Asia,0.5158736672020189,resistance|above|2634.905,resistance|above|2634.905|16700,s_r
16717,16717,above,16717101.0,resistance,2670.573815523363,0.65,7.0,3467,16710,3,1,tradeable_sweep_candidate,0,1,0,0.7666666666666666,0.14497305752524403,0,0,0,1,1.0386091111465205,5.0,0.7572577307559986,0.7572577307559986,,,London,1.1109579503436422,resistance|above|2670.5738,resistance|above|2670.5738|16710,s_r
16720,16718,above,16718101.0,previous_day_high,2670.585,0.6,7.0,16709,16711,4,0,displacement_confirmed_sweep,0,1,1,0.4413650595107937,0.7581341476720058,1,0,1,1,0.20341264877698412,6.0,-0.029672478516420586,0.029672478516420586,,,Overlap,1.1118822030767108,previous_day_high|above|2670.585,previous_day_high|above|2670.585|16711,prior_period
16725,16724,below,16724202.0,previous_day_low,2654.835,0.5,3.0,16721,16721,4,0,standard_liquidity_sweep,0,1,0,0.6002445949325611,0.9748711138674617,0,0,0,1,0.9107792826589434,8.0,-0.34787249761097483,0.34787249761097483,,,Overlap,0.9748711138674617,previous_day_low|below|2654.835,previous_day_low|below|2654.835|16721,prior_period
16738,16735,above,16735102.0,previous_day_high,2660.69,0.5,2.0,16733,16733,4,0,standard_liquidity_sweep,0,1,0,0.5319307956246346,0.9601740935751882,0,0,0,1,0.8359746229130133,9.0,0.4524579772509329,0.4524579772509329,,,London,1.366509023460778,previous_day_high|above|2660.69,previous_day_high|above|2660.69|16733,prior_period
16752,16751,above,16751103.0,session_high,2659.8,0.5,4.0,16747,16747,4,1,tradeable_sweep_candidate,0,1,0,0.5954049835651685,0.11428502124832858,0,0,0,1,0.6548574621195665,8.0,-0.424354151448132,0.424354151448132,prev_ny_high,completed_previous_session_only,Asia,0.9516569469860544,session_high|above|2659.8,session_high|above|2659.8|16747,session
16754,16753,below,16753204.0,support,2637.475,0.6,4.0,3475,16749,4,0,standard_liquidity_sweep,0,1,0,0.576736751559121,1.6540750365580958,0,0,0,1,0.32257299364814446,9.0,-0.2634070241621438,0.2634070241621438,,,London,2.438610996997506,support|below|2637.475,support|below|2637.475|16749,s_r
16758,16757,below,16757201.0,previous_day_low,2643.915,0.55,1.0,16756,16756,4,0,micro_interaction_sweep,1,0,0,0.47761800791382597,0.1639498116873728,0,0,0,1,0.19951099457038352,9.0,-0.22417379279218605,0.22417379279218605,,,Asia,0.1639498116873728,previous_day_low|below|2643.915,previous_day_low|below|2643.915|16756,prior_period
16759,16758,above,16758102.0,previous_day_high,2652.465,0.5,1.0,16757,16757,4,0,standard_liquidity_sweep,0,1,0,0.5700628171119612,0.853627299647091,0,0,0,1,0.3511324432891022,9.0,-0.1871024004795339,0.1871024004795339,,,Asia,0.853627299647091,previous_day_high|above|2652.465,previous_day_high|above|2652.465|16757,prior_period
16764,16764,below,16764201.0,support,2637.6361518636686,0.75,15.0,3475,16749,3,1,tradeable_sweep_candidate,0,1,0,0.6633235184709431,0.548409071388161,0,0,0,1,0.4522351441760657,7.0,0.2774999249504032,0.2774999249504032,,,Asia,2.4254851884828392,support|below|2637.6362,support|below|2637.6362|16749,s_r
16766,16765,above,16765101.0,resistance,2648.2375,0.6268430001250259,4.0,16762,16761,4,0,displacement_confirmed_sweep,0,1,1,0.538795057150605,0.48094000587597374,0,1,0,1,0.25109749620610655,9.0,0.6053491362014128,0.6053491362014128,,,London,0.48094000587597374,resistance|above|2648.2375,resistance|above|2648.2375|16761,s_r
16778,16777,above,16777101.0,previous_day_high,2624.375,0.5,2.0,16775,16775,4,0,standard_liquidity_sweep,0,1,0,0.48982123496863234,0.5791851543512828,0,0,0,1,0.27668409093371416,8.0,-0.18293163036939922,0.18293163036939922,,,London,0.8660564135007132,previous_day_high|above|2624.375,previous_day_high|above|2624.375|16775,prior_period
16786,16784,above,16784102.0,session_high,2653.45,0.5,17.0,16765,16767,4,0,standard_liquidity_sweep,0,1,0,0.5352397115776291,0.28485976241994915,0,0,0,1,0.627397115776291,8.0,0.2536954024930564,0.2536954024930564,prev_london_high,completed_previous_session_only,Overlap,3.4293949264799557,session_high|above|2653.45,session_high|above|2653.45|16767,session
16788,16788,above,16788102.0,resistance,2661.475,0.65,3.0,3485,16785,3,0,micro_interaction_sweep,1,0,0,0.5292931607269447,0.19399345693803358,0,0,0,1,0.3101862356939852,8.0,0.08619703190551208,0.08619703190551208,,,Asia,1.2387314526713633,resistance|above|2661.475,resistance|above|2661.475|16785,s_r
16790,16787,above,16787103.0,previous_day_high,2652.65,0.55,3.0,16784,16784,4,0,standard_liquidity_sweep,0,1,0,0.5269318583066412,0.5232991837037758,0,0,0,1,0.5776519163997458,9.0,0.05182221180480202,0.05182221180480202,,,Asia,0.5232991837037758,previous_day_high|above|2652.65,previous_day_high|above|2652.65|16784,prior_period
16794,16793,below,16793201.0,previous_day_low,2643.255,0.55,4.0,16789,16789,4,1,tradeable_sweep_candidate,0,1,1,0.5740662301458852,0.4461073777721318,0,1,0,1,0.4378231020497955,10.0,-0.10703278914402595,0.10703278914402595,,,Asia,0.9734963344101799,previous_day_low|below|2643.255,previous_day_low|below|2643.255|16789,prior_period
16820,16818,above,16818101.0,previous_week_high,2729.325,0.6000000000000001,1.0,16817,16817,4,1,tradeable_sweep_candidate,0,1,0,0.6276868440491428,0.41524428664728474,0,0,0,1,0.7116530900240333,6.0,-0.4940478800822755,0.4940478800822755,,,Asia,0.41524428664728474,previous_week_high|above|2729.325,previous_week_high|above|2729.325|16817,prior_period
16821,16820,below,16820202.0,support,2720.43,0.55,4.0,11558,16816,4,0,displacement_confirmed_sweep,0,1,1,0.44878159011047114,1.7215300880527988,0,1,0,1,0.22403730860951118,6.0,-0.0624452694594134,0.0624452694594134,,,Overlap,1.7215300880527988,support|below|2720.43,support|below|2720.43|16816,s_r
16828,16826,above,16826102.0,previous_day_high,2740.585,0.55,5.0,16819,16821,4,0,standard_liquidity_sweep,0,1,0,0.5658462397519191,0.4204389738887909,0,0,0,1,0.6834623975191899,8.0,-0.41577295849082124,0.41577295849082124,,,Overlap,1.8139505516018697,previous_day_high|above|2740.585,previous_day_high|above|2740.585|16821,prior_period
16831,16829,above,16829101.0,previous_day_high,2748.97,0.6,1.0,16827,16828,4,0,standard_liquidity_sweep,0,1,0,0.5715416133514329,0.9413587349555748,0,0,0,1,0.3883288543881948,7.0,-0.23583441841842295,0.23583441841842295,,,Asia,0.9413587349555748,previous_day_high|above|2748.97,previous_day_high|above|2748.97|16828,prior_period
16835,16832,below,16832202.0,previous_day_low,2727.835,0.5,3.0,16829,16829,4,0,standard_liquidity_sweep,0,1,0,0.5608333333333334,0.8077005109161913,0,0,0,1,1.4401524221568063,8.0,0.16062147691610093,0.16062147691610093,,,Overlap,2.1096541301750897,previous_day_low|below|2727.835,previous_day_low|below|2727.835|16829,prior_period
16844,16841,below,16841201.0,session_low,2729.585,0.45,3.0,16838,16838,4,0,micro_interaction_sweep,1,0,0,0.5183683797339045,0.046485129649237206,1,0,0,1,0.5023641865898119,8.0,-0.08305395399385991,0.08305395399385991,prev_london_low,completed_previous_session_only,Asia,0.5370140957504775,session_low|below|2729.585,session_low|below|2729.585|16838,session
16846,16844,above,16844102.0,session_high,2737.84,0.45,4.0,16840,16840,4,0,standard_liquidity_sweep,0,1,0,0.5284434716078212,0.8532862618811834,0,0,0,1,0.6011013827448783,9.0,-0.08286788609858317,0.08286788609858317,prev_ny_high,completed_previous_session_only,Overlap,1.4463008237106976,session_high|above|2737.84,session_high|above|2737.84|16840,session
16848,16847,above,16847102.0,session_high,2732.48,0.5,4.0,16843,16843,4,0,micro_interaction_sweep,1,0,0,0.5449611063468981,0.006357694862661675,0,0,0,1,0.4957360992005783,9.0,0.31879698019137404,0.31879698019137404,prev_london_high,completed_previous_session_only,Asia,0.3961533919478299,session_high|above|2732.48,session_high|above|2732.48|16843,session
16853,16853,above,16853101.0,resistance,2752.6976086956524,0.55,22.0,16853,16831,3,0,micro_interaction_sweep,1,0,0,0.5153605989185556,0.04493799355483295,0,0,0,1,0.3300681639630555,7.0,0.22553607541290016,0.22553607541290016,,,Asia,2.9213791777204023,resistance|above|2752.6976,resistance|above|2752.6976|16831,s_r
16874,16873,above,16873101.0,resistance,2757.75,0.65,26.0,16066,16847,4,0,displacement_confirmed_sweep,0,1,1,0.5758008630386203,0.5298889252769311,1,0,0,1,0.28713776125278995,7.0,0.13169952804320953,0.13169952804320953,,,London,2.2401315830145063,resistance|above|2757.75,resistance|above|2757.75|16847,s_r
16876,16874,below,16874201.0,session_low,2739.63,0.45,4.0,16870,16870,4,0,standard_liquidity_sweep,0,1,0,0.44749470623755594,1.3368515169678319,0,0,0,1,0.34373676559388977,9.0,-0.2461231205578479,0.2461231205578479,prev_ny_low,completed_previous_session_only,Overlap,1.3368515169678319,session_low|below|2739.63,session_low|below|2739.63|16870,session
16879,16878,above,16878101.0,previous_day_high,2741.4,0.5,1.0,16877,16877,4,0,micro_interaction_sweep,1,0,0,0.44590255528651723,0.02018093958280882,0,1,0,1,0.2173156834267861,9.0,-0.0026341294960599924,0.0026341294960599924,,,Asia,0.02018093958280882,previous_day_high|above|2741.4,previous_day_high|above|2741.4|16877,prior_period
16884,16883,below,16883202.0,equal_low,2732.11,0.65,6.0,3002,16877,4,0,standard_liquidity_sweep,0,1,0,0.6036950768090535,0.403662398072237,0,0,0,1,0.6119507680905345,10.0,0.04971952717254861,0.04971952717254861,,,Dead,0.9771834881213229,equal_low|below|2732.11,equal_low|below|2732.11|16877,eqh_eql
16888,16887,below,16887201.0,support,2736.47,0.55,4.0,16883,16883,4,0,displacement_confirmed_sweep,0,1,1,0.4426854169432154,0.9087550772013625,1,0,0,1,0.2087968756913718,7.0,0.4107333343166359,0.4107333343166359,,,Overlap,0.9087550772013625,support|below|2736.47,support|below|2736.47|16883,s_r
16889,16886,above,16886103.0,session_high,2739.725,0.45,3.0,16883,16883,4,0,micro_interaction_sweep,1,0,0,0.6071717687244891,0.154551645221666,1,0,0,1,0.8983345698660483,8.0,0.11679651971677468,0.11679651971677468,prev_ny_high,completed_previous_session_only,London,0.9912003732786577,session_high|above|2739.725,session_high|above|2739.725|16883,session
16890,16889,above,16889101.0,resistance,2745.1083333333336,0.55,10.0,16067,16879,4,0,micro_interaction_sweep,1,0,0,0.5683444420794361,0.09730356272482031,1,0,0,1,0.2625277718652568,9.0,0.6485652473382889,0.6485652473382889,,,Dead,1.469333169827389,resistance|above|2745.1083,resistance|above|2745.1083|16879,s_r
16895,16895,below,16895202.0,support,2652.405,0.55,3.0,16892,16892,3,0,displacement_confirmed_sweep,0,1,1,0.5373744392878594,0.3610553218908819,1,0,0,1,0.3955194315529817,8.0,-0.08725865577023516,0.08725865577023516,,,Dead,0.6918784748033017,support|below|2652.405,support|below|2652.405|16892,s_r
16904,16904,above,16904101.0,session_high,2695.015,0.45,5.0,16899,16899,3,0,standard_liquidity_sweep,0,1,0,0.5795459212686129,0.36769785562900026,0,0,0,1,0.5275140104442924,10.0,0.19478772267499156,0.19478772267499156,prev_london_high,completed_previous_session_only,London,0.48033245189751567,session_high|above|2695.015,session_high|above|2695.015|16899,session
16950,16949,above,16949102.0,session_high,2636.555,0.45,3.0,16946,16946,4,0,standard_liquidity_sweep,0,1,0,0.49518043814075574,0.3057181381524784,0,0,0,1,0.392117762018556,10.0,-0.052306417196581474,0.052306417196581474,prev_asia_high,completed_previous_session_only,Dead,0.8699177312794031,session_high|above|2636.555,session_high|above|2636.555|16946,session
16983,16980,above,16980101.0,previous_day_high,2642.06,0.6,3.0,16976,16977,4,0,micro_interaction_sweep,1,0,0,0.4702572642510259,0.24063300943464863,0,0,0,1,0.3331253948180117,9.0,-0.3201213304023513,0.3201213304023513,,,Asia,0.947990160858035,previous_day_high|above|2642.06,previous_day_high|above|2642.06|16977,prior_period
16986,16985,below,16985202.0,session_low,2636.03,0.45,3.0,16982,16982,4,0,standard_liquidity_sweep,0,1,0,0.5714624834914493,-0.004283058224270765,0,0,0,1,0.9146248349144936,10.0,-0.3341956967507991,0.3341956967507991,prev_asia_low,completed_previous_session_only,Dead,0.894697614467685,session_low|below|2636.03,session_low|below|2636.03|16982,session
16994,16992,above,16992102.0,swing_high,2658.39,0.4,8.0,16982,16984,4,0,micro_interaction_sweep,1,0,0,0.5641813066380221,0.05838374759373753,1,0,0,1,0.5344119659077274,10.0,-0.16985706956616223,0.16985706956616223,,,Asia,1.8325977141497958,swing_high|above|2658.39,swing_high|above|2658.39|16984,swing
17008,17006,above,17006101.0,session_high,2644.245,0.45,3.0,17003,17003,4,0,standard_liquidity_sweep,0,1,0,0.5472853948931338,0.10430017291936733,0,0,0,1,0.8311872822646703,8.0,-0.1786834306444564,0.1786834306444564,prev_ny_high,completed_previous_session_only,London,0.5193143326662133,session_high|above|2644.245,session_high|above|2644.245|17003,session
17013,17012,below,17012202.0,session_low,2636.735,0.5,5.0,17007,17007,4,0,standard_liquidity_sweep,0,1,0,0.48331336835345795,0.6150124748412196,0,0,0,1,0.31881183139263336,9.0,0.6787485025744164,0.6787485025744164,prev_asia_low,completed_previous_session_only,London,0.9927016269166161,session_low|below|2636.735,session_low|below|2636.735|17007,session
17015,17015,below,17015203.0,support,2636.3990000000003,0.6,15.0,11596,17000,3,0,standard_liquidity_sweep,0,1,0,0.7023841012418203,1.0582190697660725,0,0,0,1,0.6905076790848692,10.0,-0.02127707320433164,0.02127707320433164,,,Dead,1.0582190697660725,support|below|2636.399,support|below|2636.399|17000,s_r
17016,17015,below,17015204.0,support,2632.51,0.55,3.0,17012,17012,4,0,standard_liquidity_sweep,0,1,0,0.5558000625646375,1.3639477646862457,0,0,0,1,0.6905076790848692,10.0,-0.02127707320433164,0.02127707320433164,,,Dead,1.3639477646862457,support|below|2632.51,support|below|2632.51|17012,s_r
17021,17021,below,17021201.0,equal_low,2623.5744789914997,0.7,34.0,3028,16987,3,0,standard_liquidity_sweep,0,1,0,0.6024756196855716,0.628279373192121,0,0,0,1,0.4749390492139292,9.0,0.13301667406650056,0.13301667406650056,,,Dead,2.802340940975546,equal_low|below|2623.5745,equal_low|below|2623.5745|16987,eqh_eql
17028,17027,above,17027101.0,previous_day_high,2645.725,0.55,3.0,17024,17024,4,0,standard_liquidity_sweep,0,1,0,0.49576900040221444,0.913105286177436,0,0,0,1,0.34150583433886944,10.0,-0.029422041112276923,0.029422041112276923,,,Dead,0.913105286177436,previous_day_high|above|2645.725,previous_day_high|above|2645.725|17024,prior_period
17060,17059,above,17059101.0,previous_day_high,2655.76,0.55,2.0,17057,17057,4,0,micro_interaction_sweep,1,0,0,0.5538727919205433,0.14861466943509027,0,0,0,1,0.47157240936991585,9.0,-0.22968350291660905,0.22968350291660905,,,Asia,0.2606120137218929,previous_day_high|above|2655.76,previous_day_high|above|2655.76|17057,prior_period
17067,17065,below,17065202.0,swing_low,2643.585,0.4,6.0,17057,17059,4,0,standard_liquidity_sweep,0,1,0,0.4986262164898259,0.4540568604820212,0,0,0,1,0.8491408115805463,9.0,0.29129627458899726,0.29129627458899726,,,Asia,1.130294339634854,swing_low|below|2643.585,swing_low|below|2643.585|17059,swing
17085,17085,above,17085101.0,resistance,2626.4650000000006,0.55,8.0,16100,17077,3,0,standard_liquidity_sweep,0,1,0,0.5460140136811864,0.6377103959929648,0,0,0,1,0.2828778197134701,9.0,0.020824460841081544,0.020824460841081544,,,Overlap,2.1254764622255653,resistance|above|2626.465,resistance|above|2626.465|17077,s_r
17110,17107,below,17107203.0,previous_day_low,2621.9,0.55,5.0,17102,17102,4,0,standard_liquidity_sweep,0,1,0,0.5682704718750237,0.5024913569571898,0,0,0,1,0.9910380520835693,10.0,0.018018873674241077,0.018018873674241077,,,London,1.4207952813636955,previous_day_low|below|2621.9,previous_day_low|below|2621.9|17102,prior_period
17144,17143,above,17143103.0,previous_day_high,2649.51,0.6,5.0,17137,17138,4,1,tradeable_sweep_candidate,0,1,0,0.7258333333333333,0.5045704178825183,0,0,0,1,1.2531021543935652,9.0,0.13026670469100723,0.13026670469100723,,,London,1.209604597580404,previous_day_high|above|2649.51,previous_day_high|above|2649.51|17138,prior_period
17162,17161,below,17161201.0,support,2670.215,0.5644950001250258,4.0,17158,17157,4,0,standard_liquidity_sweep,0,1,0,0.6252038071902074,1.0503793768198713,0,0,0,1,0.3956168095640438,7.0,1.5565772221154175,1.5565772221154175,,,London,1.0503793768198713,support|below|2670.215,support|below|2670.215|17157,s_r
17173,17173,below,17173201.0,session_low,2664.72,0.5,5.0,17168,17168,3,0,micro_interaction_sweep,1,0,0,0.556008688121642,0.1759443739686744,0,0,0,1,0.33026492344913455,9.0,0.05160389428896272,0.05160389428896272,prev_asia_low,completed_previous_session_only,London,0.48539987447077326,session_low|below|2664.72,session_low|below|2664.72|17168,session
17182,17182,above,17182101.0,resistance,2697.8943111342724,0.7000000000000001,19.0,3557,17163,3,0,micro_interaction_sweep,1,0,0,0.514438645368445,0.09400395605814571,0,0,0,1,0.22359661342111237,6.0,0.02239930254912285,0.02239930254912285,,,Dead,3.1253589207426677,resistance|above|2697.8943,resistance|above|2697.8943|17163,s_r
17201,17201,above,17201101.0,resistance,2725.067784722106,0.55,14.0,3560,17187,3,0,micro_interaction_sweep,1,0,0,0.4840453492271826,0.02071408777975933,1,0,0,1,0.2309467064012898,5.0,0.06420902790454056,0.06420902790454056,,,Asia,2.532720603104651,resistance|above|2725.0678,resistance|above|2725.0678|17187,s_r
17214,17214,below,17214202.0,support,2745.655,0.6,6.0,17209,17208,3,0,displacement_confirmed_sweep,0,1,1,0.5429340822013712,0.7323443363588459,1,1,0,1,0.3511679953044134,8.0,0.08066761827354493,0.08066761827354493,,,Asia,1.2127447370354087,support|below|2745.655,support|below|2745.655|17208,s_r
17216,17215,below,17215202.0,session_low,2750.47,0.45,5.0,17210,17210,4,1,tradeable_sweep_candidate,0,1,1,0.6147492266252632,0.08066761827354493,1,1,0,1,1.3019704809471973,8.0,0.053278709502291875,0.053278709502291875,prev_london_low,completed_previous_session_only,London,0.6266978522692582,session_low|below|2750.47,session_low|below|2750.47|17210,session
17222,17220,above,17220101.0,previous_day_high,2775.44,0.5,1.0,17219,17219,4,0,micro_interaction_sweep,1,0,0,0.4477907225991122,0.12702900213699037,0,0,0,1,0.21337834138876755,6.0,-0.040747814680004185,0.040747814680004185,,,Asia,0.12702900213699037,previous_day_high|above|2775.44,previous_day_high|above|2775.44|17219,prior_period
17252,17251,above,17251102.0,previous_day_high,2799.56,0.55,2.0,17248,17249,4,1,tradeable_sweep_candidate,0,1,1,0.7175,0.516280552622354,1,0,0,1,1.200310531344879,8.0,-1.050099454517586,1.050099454517586,,,London,0.648431904311178,previous_day_high|above|2799.56,previous_day_high|above|2799.56|17249,prior_period
17254,17251,above,17251103.0,session_high,2798.395,0.45,3.0,17248,17248,4,1,tradeable_sweep_candidate,0,1,1,0.5894096125620064,0.4017154395166352,1,0,0,1,1.200310531344879,8.0,-1.050099454517586,1.050099454517586,prev_ny_high,completed_previous_session_only,London,0.5340604934826395,session_high|above|2798.395,session_high|above|2798.395|17248,session
17256,17254,below,17254202.0,previous_day_low,2791.07,0.55,3.0,17251,17251,4,0,displacement_confirmed_sweep,0,1,1,0.6139199083216005,0.6687343216391542,1,1,0,1,1.343356197048947,8.0,0.14588130595129775,0.14588130595129775,,,Dead,1.9637686649442543,previous_day_low|below|2791.07,previous_day_low|below|2791.07|17251,prior_period
17259,17257,above,17257101.0,previous_week_high,2817.27,0.6000000000000001,3.0,17252,17254,4,0,displacement_confirmed_sweep,0,1,1,0.602271869184122,1.4419493624317772,1,0,0,1,0.9227186918412197,10.0,-0.8974012342230404,0.8974012342230404,,,London,3.0572665134928876,previous_week_high|above|2817.27,previous_week_high|above|2817.27|17254,prior_period
17274,17274,below,17274201.0,support,2859.265,0.5630791002340519,5.0,17270,17269,3,0,standard_liquidity_sweep,0,1,0,0.5914770298436665,0.0017566103723462001,0,0,0,1,0.6104121231226544,9.0,0.006366838539694954,0.006366838539694954,,,Asia,0.8007945159726851,support|below|2859.265,support|below|2859.265|17269,s_r
17276,17275,below,17275202.0,previous_day_low,2849.865,0.55,2.0,17273,17273,4,1,tradeable_sweep_candidate,0,1,0,0.5797649624371157,0.6713477526845436,0,0,0,1,0.5054384960425826,9.0,0.0697156546265559,0.0697156546265559,,,London,0.6713477526845436,previous_day_low|below|2849.865,previous_day_low|below|2849.865|17273,prior_period
17278,17275,below,17275203.0,session_low,2858.575,0.45,5.0,17270,17270,4,0,standard_liquidity_sweep,0,1,0,0.5441666666666667,0.055179267343947874,0,0,0,1,0.5054384960425826,9.0,0.0697156546265559,0.0697156546265559,prev_london_low,completed_previous_session_only,London,0.8492424086531924,session_low|below|2858.575,session_low|below|2858.575|17270,session
17282,17281,above,17281104.0,session_high,2870.84,0.5,5.0,17276,17276,4,0,micro_interaction_sweep,1,0,0,0.6059853830632232,0.22456086963204447,0,0,0,1,0.3908550918019693,9.0,0.015858871011422762,0.015858871011422762,prev_asia_high,completed_previous_session_only,London,1.1718553702459604,session_high|above|2870.84,session_high|above|2870.84|17276,session
17283,17282,above,17282102.0,swing_high,2882.285,0.4,10.0,17270,17272,4,0,standard_liquidity_sweep,0,1,0,0.4287041404319963,0.3581461703409493,0,0,0,1,0.2780103510799906,7.0,0.9890931492177951,0.9890931492177951,,,Overlap,2.6478794860993102,swing_high|above|2882.285,swing_high|above|2882.285|17272,swing
17294,17293,below,17293202.0,session_low,2901.9,0.5,3.0,17290,17290,4,1,tradeable_sweep_candidate,0,1,0,0.6119671819443654,0.04683337013974198,0,0,0,1,1.15806789076948,9.0,0.019657240950318993,0.019657240950318993,prev_asia_low,completed_previous_session_only,London,1.0054323386474753,session_low|below|2901.9,session_low|below|2901.9|17290,session
17299,17299,below,17299201.0,previous_day_low,2881.575,0.6,5.0,17293,17294,3,0,standard_liquidity_sweep,0,1,0,0.6928212986155674,0.07990563307961396,0,0,0,1,0.9655895497614461,10.0,0.7221706421837296,0.7221706421837296,,,London,1.3849989829820966,previous_day_low|below|2881.575,previous_day_low|below|2881.575|17294,prior_period
17318,17316,above,17316101.0,previous_day_high,2899.85,0.5,1.0,17315,17315,4,0,micro_interaction_sweep,1,0,0,0.48489867209820087,0.19296389919648227,0,0,0,1,0.4059966802455022,9.0,-0.1845439455661399,0.1845439455661399,,,Asia,0.19296389919648227,previous_day_high|above|2899.85,previous_day_high|above|2899.85|17315,prior_period
17329,17328,above,17328102.0,previous_day_high,2939.705,0.55,16.0,17310,17312,4,1,tradeable_sweep_candidate,0,1,0,0.6317002943804629,0.6022831743378819,0,0,0,1,0.3243412228533359,7.0,-0.16385793570741064,0.16385793570741064,,,Asia,3.513615515698299,previous_day_high|above|2939.705,previous_day_high|above|2939.705|17312,prior_period
17331,17330,below,17330203.0,session_low,2932.085,0.45,4.0,17326,17326,4,0,displacement_confirmed_sweep,0,1,1,0.5758682593658244,0.4486269459241125,0,1,0,1,0.958682593658244,8.0,0.020678166765403683,0.020678166765403683,prev_ny_low,completed_previous_session_only,Overlap,0.9658994104858214,session_low|below|2932.085,session_low|below|2932.085|17326,session
17336,17335,below,17335202.0,session_low,2930.29,0.45,5.0,17330,17330,4,1,tradeable_sweep_candidate,0,1,0,0.567698632633421,1.6927152636604483,0,0,0,1,0.43855200692588137,6.0,-0.303314149717662,0.303314149717662,prev_london_low,completed_previous_session_only,London,1.6927152636604483,session_low|below|2930.29,session_low|below|2930.29|17330,session
17338,17338,above,17338101.0,resistance,2942.05,0.65,23.0,17315,17315,3,0,micro_interaction_sweep,1,0,0,0.5833320798426138,0.19287456955696666,0,0,0,1,0.4583301996065348,9.0,0.19450239114549067,0.19450239114549067,,,Dead,3.0759232675841317,resistance|above|2942.05,resistance|above|2942.05|17315,s_r
17340,17340,below,17340201.0,support,2924.191627906977,0.6,12.0,17336,17328,3,0,standard_liquidity_sweep,0,1,0,0.5213969190135211,0.37419800250006585,0,0,0,1,0.324325630867136,8.0,0.44011071015661246,0.44011071015661246,,,Asia,2.16086979995709,support|below|2924.1916,support|below|2924.1916|17328,s_r
17346,17346,above,17346102.0,previous_day_high,2940.905,0.5,1.0,17345,17345,3,0,standard_liquidity_sweep,0,1,0,0.5631858970379872,0.14081685646370562,0,0,0,1,0.6178203078929588,10.0,0.05797425432201013,0.05797425432201013,,,Asia,0.14081685646370562,previous_day_high|above|2940.905,previous_day_high|above|2940.905|17345,prior_period
17352,17352,below,17352201.0,session_low,2934.775,0.5,5.0,17347,17347,3,0,micro_interaction_sweep,1,0,0,0.5369272108685302,0.08591060830018825,0,0,0,1,0.3642427458364399,8.0,0.19325003101118737,0.19325003101118737,prev_london_low,completed_previous_session_only,Asia,1.2326056479810903,session_low|below|2934.775,session_low|below|2934.775|17347,session
17356,17354,below,17354202.0,swing_low,2916.805,0.4,12.0,17340,17342,4,0,standard_liquidity_sweep,0,1,0,0.56,1.0890664328314545,0,0,0,1,2.442165736649538,9.0,0.38835843857646696,0.38835843857646696,,,Overlap,2.464525753332619,swing_low|below|2916.805,swing_low|below|2916.805|17342,swing
17360,17359,below,17359201.0,session_low,2905.87,0.5,3.0,17356,17356,4,1,tradeable_sweep_candidate,0,1,0,0.6092217468103123,0.4216396403685573,0,0,0,1,0.8794902648951534,9.0,-0.24796987184670385,0.24796987184670385,prev_asia_low,completed_previous_session_only,London,0.9272386543629748,session_low|below|2905.87,session_low|below|2905.87|17356,session
17364,17364,below,17364202.0,support,2888.9539867732838,0.65,48.0,17345,17316,3,0,standard_liquidity_sweep,0,1,0,0.5976584363133883,0.3251014809107457,0,0,0,1,0.494146090783471,9.0,0.08842854970792834,0.08842854970792834,,,Asia,4.865962453126758,support|below|2888.954,support|below|2888.954|17316,s_r
17389,17389,below,17389202.0,support,2903.3825,0.5554856704819259,6.0,17384,17383,3,0,standard_liquidity_sweep,0,1,0,0.6378507799365954,0.5817070121628992,0,0,0,1,0.4108005259567247,8.0,0.042331605488692255,0.042331605488692255,,,London,0.8333301019521686,support|below|2903.3825,support|below|2903.3825|17383,s_r
17391,17390,above,17390101.0,resistance,2921.273492063492,0.55,32.0,16147,17358,4,0,standard_liquidity_sweep,0,1,0,0.46077133876647797,0.5266444959823826,0,0,0,1,0.2644283469161948,9.0,0.20853847253666608,0.20853847253666608,,,Overlap,4.841978046674329,resistance|above|2921.2735,resistance|above|2921.2735|17358,s_r
17395,17394,below,17394201.0,session_low,2903.505,0.45,5.0,17389,17389,4,0,standard_liquidity_sweep,0,1,0,0.612788316007859,1.0595338680297717,0,0,0,1,0.7061193876913757,9.0,-0.237586367976302,0.237586367976302,prev_asia_low,completed_previous_session_only,Asia,1.3300118853963454,session_low|below|2903.505,session_low|below|2903.505|17389,session
17402,17400,above,17400101.0,session_high,2917.765,0.5,4.0,17396,17396,4,0,standard_liquidity_sweep,0,1,0,0.5121385989362839,0.2593357479464499,0,0,0,1,0.34326758235821914,9.0,-0.012655026077739205,0.012655026077739205,prev_ny_high,completed_previous_session_only,Asia,0.5769024780520805,session_high|above|2917.765,session_high|above|2917.765|17396,session
17403,17402,below,17402201.0,session_low,2908.47,0.45,4.0,17398,17398,4,0,standard_liquidity_sweep,0,1,0,0.4792593716775573,1.1143896383605612,0,0,0,1,0.3731484291938932,8.0,-0.10946072342453043,0.10946072342453043,prev_ny_low,completed_previous_session_only,Overlap,1.1143896383605612,session_low|below|2908.47,session_low|below|2908.47|17398,session
17407,17407,below,17407202.0,session_low,2904.64,0.55,6.0,17401,17401,3,0,standard_liquidity_sweep,0,1,0,0.5728411192822196,0.4372640243189689,0,0,0,1,0.7973233730710076,9.0,0.09105536370171066,0.09105536370171066,prev_ny_low,completed_previous_session_only,Asia,1.347047709492794,session_low|below|2904.64,session_low|below|2904.64|17401,session
17412,17409,below,17409202.0,swing_low,2891.275,0.4,13.0,17394,17396,4,0,standard_liquidity_sweep,0,1,0,0.49258434823774144,0.8337156306371303,0,0,0,1,0.525843482377414,8.0,0.0990855935785634,0.0990855935785634,,,Overlap,2.158921109148747,swing_low|below|2891.275,swing_low|below|2891.275|17396,swing
17417,17414,above,17414101.0,previous_day_high,2915.59,0.5,2.0,17412,17412,4,0,micro_interaction_sweep,1,0,0,0.483959018430712,0.2478399714183776,1,0,0,1,0.4432308794101134,8.0,-0.1706504646986933,0.1706504646986933,,,London,1.3195819080751565,previous_day_high|above|2915.59,previous_day_high|above|2915.59|17412,prior_period
17433,17431,above,17431101.0,previous_day_high,2990.23,0.55,2.0,17429,17429,4,0,standard_liquidity_sweep,0,1,0,0.5536465373184664,0.2619388130862716,0,0,0,1,0.644798706517997,6.0,-0.5909504205346823,0.5909504205346823,,,Asia,0.2619388130862716,previous_day_high|above|2990.23,previous_day_high|above|2990.23|17429,prior_period
17436,17436,below,17436201.0,previous_day_low,2986.145,0.55,3.0,17433,17433,3,0,displacement_confirmed_sweep,0,1,1,0.49074400902391074,0.33908237531550217,0,1,0,1,0.2789433558931102,8.0,0.004032032739573208,0.004032032739573208,,,Asia,0.33908237531550217,previous_day_low|below|2986.145,previous_day_low|below|2986.145|17433,prior_period
17438,17437,above,17437101.0,previous_day_high,2994.235,0.5,1.0,17436,17436,4,0,standard_liquidity_sweep,0,1,0,0.47244840167037194,0.5890433284103347,0,0,0,1,0.19851411681399464,8.0,-0.1095124002350171,0.1095124002350171,,,Asia,0.5890433284103347,previous_day_high|above|2994.235,previous_day_high|above|2994.235|17436,prior_period
17449,17448,above,17448101.0,previous_day_high,3038.335,0.65,3.0,17444,17445,4,1,tradeable_sweep_candidate,0,1,0,0.6366216868104846,0.6987396377341983,0,0,0,1,0.5458376648840106,5.0,-0.484198326306904,0.484198326306904,,,Asia,0.6987396377341983,previous_day_high|above|3038.335,previous_day_high|above|3038.335|17445,prior_period
17452,17451,below,17451201.0,session_low,3032.455,0.45,4.0,17447,17447,4,0,micro_interaction_sweep,1,0,0,0.5349913197148537,0.07090195089821348,0,1,0,1,0.4837886931796092,7.0,-0.1306934919410613,0.1306934919410613,prev_ny_low,completed_previous_session_only,Overlap,0.9400968304998101,session_low|below|3032.455,session_low|below|3032.455|17447,session
17456,17456,below,17456201.0,session_low,3030.29,0.45,3.0,17453,17453,3,0,standard_liquidity_sweep,0,1,0,0.5673168442945518,0.8240522312985653,0,0,0,1,0.32982940640952996,7.0,0.1827138672070336,0.1827138672070336,prev_ny_low,completed_previous_session_only,London,1.4144205541265906,session_low|below|3030.29,session_low|below|3030.29|17453,session
17467,17467,above,17467102.0,previous_day_high,3026.41,0.5,1.0,17466,17466,3,0,standard_liquidity_sweep,0,1,0,0.5190989528061956,0.3144496493303124,0,0,0,1,0.258197834885593,9.0,0.11983279236779461,0.11983279236779461,,,Asia,0.3144496493303124,previous_day_high|above|3026.41,previous_day_high|above|3026.41|17466,prior_period
17472,17469,below,17469204.0,previous_day_low,3017.045,0.5,3.0,17466,17466,4,0,standard_liquidity_sweep,0,1,0,0.5317886459488586,0.4046823592233229,0,0,0,1,0.5439776336482287,9.0,0.2707299082249927,0.2707299082249927,,,Overlap,0.48422057148114084,previous_day_low|below|3017.045,previous_day_low|below|3017.045|17466,prior_period
17479,17479,above,17479101.0,resistance,3023.04,0.55,5.0,17474,17474,3,0,standard_liquidity_sweep,0,1,0,0.5888681507332423,0.02875653244372367,0,0,0,1,0.6129329642431032,9.0,0.32007959381963147,0.32007959381963147,,,Asia,0.2240164938628134,resistance|above|3023.04,resistance|above|3023.04|17474,s_r
17488,17487,above,17487102.0,previous_week_high,3057.52,0.55,21.0,17466,17466,4,0,standard_liquidity_sweep,0,1,0,0.42792407225567813,1.2462047314745655,0,0,0,1,0.16147684730586206,8.0,0.30293778179418074,0.30293778179418074,,,Overlap,3.5781087560530542,previous_week_high|above|3057.52,previous_week_high|above|3057.52|17466,prior_period
17507,17505,below,17505201.0,session_low,3117.445,0.45,4.0,17501,17501,4,0,standard_liquidity_sweep,0,1,0,0.5653121824645353,1.0571844366955252,0,0,0,1,0.969788491312019,7.0,-0.21706879654706285,0.21706879654706285,prev_ny_low,completed_previous_session_only,Overlap,1.1240172955008483,session_low|below|3117.445,session_low|below|3117.445|17501,session
17509,17508,below,17508202.0,session_low,3124.135,0.45,4.0,17504,17504,4,0,displacement_confirmed_sweep,0,1,1,0.5829671498347027,0.5257130367298707,0,1,0,1,0.9463381650136926,7.0,0.26749160200297895,0.26749160200297895,prev_asia_low,completed_previous_session_only,Asia,0.6321505495865604,session_low|below|3124.135,session_low|below|3124.135|17504,session
17513,17512,below,17512201.0,session_low,3113.195,0.45,5.0,17507,17507,4,0,displacement_confirmed_sweep,0,1,1,0.5777610649938298,0.569178672380165,0,1,0,1,0.4243159949672678,8.0,0.996231169568111,0.996231169568111,prev_ny_low,completed_previous_session_only,NY,1.1612158678707534,session_low|below|3113.195,session_low|below|3113.195|17507,session
17514,17513,above,17513103.0,session_high,3135.805,0.45,3.0,17510,17510,4,1,tradeable_sweep_candidate,0,1,1,0.5963983745882395,0.14861186697242143,0,0,1,1,0.8705213343914678,9.0,-0.2048558743151703,0.2048558743151703,prev_asia_high,completed_previous_session_only,Dead,0.7256967654448178,session_high|above|3135.805,session_high|above|3135.805|17510,session
17517,17516,below,17516203.0,previous_day_low,3104.815,0.6,3.0,17512,17513,4,0,standard_liquidity_sweep,0,1,0,0.6882701488424818,0.7731046111027766,0,0,0,1,2.006059932358342,10.0,0.3617874463645432,0.3617874463645432,,,London,2.2636341848931023,previous_day_low|below|3104.815,previous_day_low|below|3104.815|17513,prior_period
17518,17516,below,17516205.0,session_low,3110.255,0.45,5.0,17511,17511,4,0,standard_liquidity_sweep,0,1,0,0.5558333333333334,0.5246882446291092,0,0,0,1,2.006059932358342,10.0,0.3617874463645432,0.3617874463645432,prev_london_low,completed_previous_session_only,London,2.0109321539918383,session_low|below|3110.255,session_low|below|3110.255|17511,session
17525,17525,below,17525205.0,previous_week_low,3002.425,0.55,29.0,17496,17496,3,0,standard_liquidity_sweep,0,1,0,0.6467147720444197,1.2042996743196053,0,0,0,1,1.1291958989555428,10.0,0.4428183733589876,0.4428183733589876,,,Dead,8.364717724479194,previous_week_low|below|3002.425,previous_week_low|below|3002.425|17496,prior_period
17530,17529,below,17529201.0,previous_week_low,2970.245,0.65,3.0,17525,17526,4,0,standard_liquidity_sweep,0,1,0,0.5370369742024383,1.3197281232732667,0,0,0,1,0.3613424355060957,9.0,-0.0018550766765912702,0.0018550766765912702,,,Overlap,1.7932882804994956,previous_week_low|below|2970.245,previous_week_low|below|2970.245|17526,prior_period
17559,17558,below,17558202.0,previous_day_low,3213.495,0.55,2.0,17556,17556,4,0,standard_liquidity_sweep,0,1,0,0.5764186784439822,0.3379191001510419,0,0,0,1,0.6308534511064883,7.0,-0.17164563864027768,0.17164563864027768,,,London,0.656268911934082,previous_day_low|below|3213.495,previous_day_low|below|3213.495|17556,prior_period
17589,17588,above,17588101.0,previous_day_high,3455.085,0.5,2.0,17586,17586,4,0,micro_interaction_sweep,1,0,0,0.5304094150940728,0.011726309238037264,1,0,1,1,0.40216141477787165,7.0,1.0958446347207975,1.0958446347207975,,,London,0.011726309238037264,previous_day_high|above|3455.085,previous_day_high|above|3455.085|17586,prior_period
17592,17591,above,17591101.0,previous_week_high,3378.55,0.55,11.0,17580,17580,4,0,micro_interaction_sweep,1,0,0,0.4459003767655355,-0.07782356020078286,1,0,1,1,0.21683427524717214,9.0,-0.017971140779710026,0.017971140779710026,,,Dead,-0.07782356020078286,previous_week_high|above|3378.55,previous_week_high|above|3378.55|17580,prior_period
17593,17593,below,17593201.0,support,3313.0973640531274,0.6,18.0,11715,17575,3,0,micro_interaction_sweep,1,0,0,0.5388895821730176,0.1513938450996285,0,0,0,1,0.3784739554325442,9.0,0.1157882851769178,0.1157882851769178,,,Asia,6.225033588228798,support|below|3313.0974,support|below|3313.0974|17575,s_r
17596,17594,below,17594201.0,swing_low,3284.03,0.4,15.0,17577,17579,4,0,standard_liquidity_sweep,0,1,0,0.41668929874609517,0.8314848171534018,0,0,0,1,1.0467837761523455,9.0,-0.16249881719820172,0.16249881719820172,,,London,7.222732571855152,swing_low|below|3284.03,swing_low|below|3284.03|17579,swing
17597,17594,below,17594204.0,previous_day_low,3315.895,0.5,2.0,17592,17592,4,0,standard_liquidity_sweep,0,1,0,0.5483333333333333,0.046904903070103574,0,0,0,1,1.0467837761523455,9.0,-0.16249881719820172,0.16249881719820172,,,London,0.08141691820303928,previous_day_low|below|3315.895,previous_day_low|below|3315.895|17592,prior_period
17612,17611,below,17611204.0,session_low,3287.815,0.5,5.0,17606,17606,4,0,micro_interaction_sweep,1,0,0,0.5061479952862213,0.18960024744929735,0,0,0,1,0.3376708912770967,10.0,0.06466013028999101,0.06466013028999101,prev_ny_low,completed_previous_session_only,Asia,0.8275426047201114,session_low|below|3287.815,session_low|below|3287.815|17606,session
17615,17613,above,17613101.0,previous_day_high,3330.435,0.5,3.0,17610,17610,4,0,standard_liquidity_sweep,0,1,0,0.4296050748018781,1.0086817449077832,0,0,0,1,0.25734602033802856,10.0,-0.1305994517254939,0.1305994517254939,,,Overlap,1.4876708090834636,previous_day_high|above|3330.435,previous_day_high|above|3330.435|17610,prior_period
17616,17613,above,17613102.0,session_high,3319.82,0.45,4.0,17609,17609,4,0,standard_liquidity_sweep,0,1,0,0.502273696914768,0.7211641100475265,0,0,0,1,0.25734602033802856,10.0,-0.1305994517254939,0.1305994517254939,prev_ny_high,completed_previous_session_only,Overlap,1.2047681641816257,session_high|above|3319.82,session_high|above|3319.82|17609,session
17624,17623,below,17623203.0,session_low,3305.165,0.45,5.0,17618,17618,4,0,displacement_confirmed_sweep,0,1,1,0.6421429469422082,0.1570520847799448,1,0,0,1,0.8252485732256911,9.0,0.45193078143784593,0.45193078143784593,prev_asia_low,completed_previous_session_only,Asia,0.3899478968700814,session_low|below|3305.165,session_low|below|3305.165|17618,session
17632,17629,below,17629201.0,previous_day_low,3234.515,0.5,1.0,17628,17628,4,0,micro_interaction_sweep,1,0,0,0.5155988432680063,0.06995973167803578,0,0,0,1,0.5893217660133964,9.0,-0.5036194861155511,0.5036194861155511,,,Asia,0.06995973167803578,previous_day_low|below|3234.515,previous_day_low|below|3234.515|17628,prior_period
17636,17634,above,17634101.0,previous_day_high,3251.825,0.55,4.0,17630,17630,4,0,displacement_confirmed_sweep,0,1,1,0.49249128733225955,0.5098726150231516,1,0,0,1,0.23727370933453157,9.0,-0.005265200421889649,0.005265200421889649,,,Asia,1.1896958662781074,previous_day_high|above|3251.825,previous_day_high|above|3251.825|17630,prior_period
17658,17657,above,17657101.0,session_high,3398.02,0.55,3.0,17654,17654,4,0,displacement_confirmed_sweep,0,1,1,0.5114382433403036,1.0729030164400062,1,0,0,1,0.3628470923187813,8.0,-0.33276489748552057,0.33276489748552057,prev_ny_high,completed_previous_session_only,Dead,1.0729030164400062,session_high|above|3398.02,session_high|above|3398.02|17654,session
17661,17660,above,17660101.0,previous_week_high,3353.245,0.55,20.0,17640,17640,4,0,standard_liquidity_sweep,0,1,0,0.575532235284542,0.6113708683212242,0,0,0,1,0.4649923574697016,9.0,-0.08472560133037525,0.08472560133037525,,,London,3.2749398974985,previous_week_high|above|3353.245,previous_week_high|above|3353.245|17640,prior_period
17670,17669,below,17669201.0,previous_day_low,3274.745,0.6,3.0,17664,17666,4,0,displacement_confirmed_sweep,0,1,1,0.5499582923157725,1.5358392255694626,1,0,0,1,0.44572906412276453,9.0,-0.07792171079962544,0.07792171079962544,,,Dead,1.9298710892649305,previous_day_low|below|3274.745,previous_day_low|below|3274.745|17666,prior_period
17678,17676,above,17676101.0,session_high,3248.795,0.45,3.0,17673,17673,4,0,standard_liquidity_sweep,0,1,0,0.47093896487165154,0.6814434531418858,0,0,0,1,0.3478421820941758,10.0,-0.2265522555856142,0.2265522555856142,prev_london_high,completed_previous_session_only,Asia,0.7062319582411377,session_high|above|3248.795,session_high|above|3248.795|17673,session
17682,17679,above,17679101.0,session_high,3238.965,0.45,4.0,17675,17675,4,0,displacement_confirmed_sweep,0,1,1,0.5013851413817172,0.34437886562133635,0,1,0,1,0.5721847471505047,9.0,-0.24528644795104132,0.24528644795104132,prev_ny_high,completed_previous_session_only,Overlap,0.3957284117947056,session_high|above|3238.965,session_high|above|3238.965|17675,session
17690,17688,below,17688201.0,previous_day_low,3168.115,0.55,1.0,17687,17687,4,1,tradeable_sweep_candidate,0,1,0,0.6415129125195633,0.14407729585514648,0,0,0,1,1.4489154279162457,7.0,-1.2687335339812877,1.2687335339812877,,,Asia,0.14407729585514648,previous_day_low|below|3168.115,previous_day_low|below|3168.115|17687,prior_period
17699,17699,above,17699101.0,resistance,3231.3600000000006,0.6,4.0,16203,17695,3,0,standard_liquidity_sweep,0,1,0,0.5703722157320997,0.8677357185911029,0,0,0,1,0.46759720599691607,10.0,0.3883104668661352,0.3883104668661352,,,Dead,1.5070648521667807,resistance|above|3231.36,resistance|above|3231.36|17695,s_r
17719,17717,above,17717103.0,session_high,3320.715,0.5,3.0,17713,17714,4,1,tradeable_sweep_candidate,0,1,0,0.6048554437217826,0.20253701108050137,0,0,0,1,0.8746166763252934,9.0,0.2914460579031874,0.2914460579031874,prev_asia_high,completed_previous_session_only,Dead,0.6407318680641746,session_high|above|3320.715,session_high|above|3320.715|17714,session
17721,17720,below,17720201.0,previous_day_low,3289.39,0.55,5.0,17715,17715,4,0,standard_liquidity_sweep,0,1,0,0.5200741062367191,0.6022400660643114,0,0,0,1,0.24190011160402752,9.0,-0.055351648656808604,0.055351648656808604,,,London,1.9101205955240248,previous_day_low|below|3289.39,previous_day_low|below|3289.39|17715,prior_period
17726,17726,above,17726101.0,resistance,3345.063422785199,0.6,58.0,3642,17668,3,1,tradeable_sweep_candidate,0,1,0,0.6798386952445896,0.660869553643228,0,0,0,1,0.5244541621396599,8.0,0.19106484767311988,0.19106484767311988,,,London,7.008229833934804,resistance|above|3345.0634,resistance|above|3345.0634|17668,s_r
17729,17727,above,17727102.0,previous_day_high,3345.455,0.55,7.0,17718,17720,4,0,standard_liquidity_sweep,0,1,0,0.572691376843563,0.2063384661783075,0,0,0,1,0.7935804351022961,8.0,0.07702228012789938,0.07702228012789938,,,Overlap,2.2029573109022085,previous_day_high|above|3345.455,previous_day_high|above|3345.455|17720,prior_period
17732,17731,below,17731201.0,previous_day_low,3331.53,0.5,1.0,17730,17730,4,0,standard_liquidity_sweep,0,1,0,0.47983646597453217,0.6567641610211838,0,0,0,1,0.33292449826966364,8.0,-0.12170539986652171,0.12170539986652171,,,Asia,0.6567641610211838,previous_day_low|below|3331.53,previous_day_low|below|3331.53|17730,prior_period
17746,17746,below,17746202.0,support,3285.5749999999994,0.6,6.0,3655,17740,3,0,standard_liquidity_sweep,0,1,0,0.5130037098516619,0.5220738040525436,0,0,0,1,0.3137592746291549,9.0,-0.12681600839919835,0.12681600839919835,,,NY,1.814572805989662,support|below|3285.575,support|below|3285.575|17740,s_r
17752,17751,above,17751102.0,previous_day_high,3325.67,0.55,6.0,17743,17745,4,0,standard_liquidity_sweep,0,1,0,0.45136163744488106,0.5309271519370128,0,0,0,1,0.23048742694553584,9.0,0.012176867651615204,0.012176867651615204,,,Overlap,2.5947714688877217,previous_day_high|above|3325.67,previous_day_high|above|3325.67|17745,prior_period
17776,17775,above,17775101.0,previous_day_high,3378.1,0.5,3.0,17772,17772,4,0,standard_liquidity_sweep,0,1,0,0.47552590566656,1.1928800942095192,0,0,0,1,0.3013147641663999,9.0,-0.053627665417259995,0.053627665417259995,,,Overlap,1.2496670502293357,previous_day_high|above|3378.1,previous_day_high|above|3378.1|17772,prior_period
17780,17779,above,17779102.0,previous_day_high,3384.73,0.55,1.0,17775,17778,4,0,standard_liquidity_sweep,0,1,0,0.58911762085541,0.9918698239623679,0,0,0,1,0.3195149084914485,8.0,0.12541259329551122,0.12541259329551122,,,Asia,0.9918698239623679,previous_day_high|above|3384.73,previous_day_high|above|3384.73|17778,prior_period
17781,17779,above,17779104.0,session_high,3372.73,0.45,5.0,17774,17774,4,0,standard_liquidity_sweep,0,1,0,0.6458691528844022,0.40322304416273724,0,0,0,1,0.3195149084914485,8.0,0.12541259329551122,0.12541259329551122,prev_asia_high,completed_previous_session_only,Asia,0.9386325805796298,session_high|above|3372.73,session_high|above|3372.73|17774,session
17782,17782,above,17782101.0,previous_week_high,3356.975,0.55,22.0,17760,17760,3,0,micro_interaction_sweep,1,0,0,0.45024290088459595,0.12156819829388195,0,0,1,1,0.19852391887815657,10.0,0.18735834413808286,0.18735834413808286,,,NY,1.4712758477580234,previous_week_high|above|3356.975,previous_week_high|above|3356.975|17760,prior_period
17795,17793,above,17793103.0,previous_day_high,3321.25,0.55,3.0,17790,17790,4,0,standard_liquidity_sweep,0,1,0,0.5657142683656775,0.08915770106112293,0,0,0,1,0.7654760169901076,9.0,-0.2530698418890452,0.2530698418890452,,,Overlap,0.30440984800670456,previous_day_high|above|3321.25,previous_day_high|above|3321.25|17790,prior_period
17799,17798,above,17798101.0,previous_day_high,3338.31,0.6,3.0,17793,17795,4,1,tradeable_sweep_candidate,0,1,0,0.5872695826943818,0.42404169161456773,0,0,0,1,0.5407283794374853,9.0,-0.2628300574332999,0.2628300574332999,,,London,1.566789471166845,previous_day_high|above|3338.31,previous_day_high|above|3338.31|17795,prior_period
17803,17802,above,17802101.0,session_high,3334.66,0.5,4.0,17798,17798,4,0,displacement_confirmed_sweep,0,1,1,0.5100721414357255,0.30090362133090764,1,0,0,1,0.408513686922647,10.0,-0.25670116813382704,0.25670116813382704,prev_ny_high,completed_previous_session_only,Asia,0.6042543637149417,session_high|above|3334.66,session_high|above|3334.66|17798,session
17805,17804,above,17804102.0,resistance,3349.042752654747,0.7,6.0,17798,17798,4,0,displacement_confirmed_sweep,0,1,1,0.5681173614029517,0.7710400786679222,1,0,0,1,0.4102164960048635,10.0,0.22419018855407524,0.22419018855407524,,,London,1.3195499237037334,resistance|above|3349.0428,resistance|above|3349.0428|17798,s_r
17817,17816,above,17816101.0,previous_day_high,3433.44,0.5,2.0,17814,17814,4,1,tradeable_sweep_candidate,0,1,0,0.5877313642140248,0.3808512390375171,0,0,0,1,0.5479947220308637,7.0,-0.14453055447321034,0.14453055447321034,,,London,0.3808512390375171,previous_day_high|above|3433.44,previous_day_high|above|3433.44|17814,prior_period
17820,17819,above,17819102.0,previous_day_high,3446.9,0.6,2.0,17816,17817,4,0,standard_liquidity_sweep,0,1,0,0.44934901321546517,0.5911341622897491,0,0,0,1,0.19420586637199627,7.0,0.18959534236723463,0.18959534236723463,,,Dead,0.6747044597287011,previous_day_high|above|3446.9,previous_day_high|above|3446.9|17817,prior_period
17829,17829,below,17829201.0,previous_day_low,3382.93,0.6,4.0,17825,17825,3,0,standard_liquidity_sweep,0,1,0,0.6407722694951509,0.3581378711265923,0,0,0,1,0.7631623870150236,10.0,0.3441309746354534,0.3441309746354534,,,Overlap,0.48909253057918667,previous_day_low|below|3382.93,previous_day_low|below|3382.93|17825,prior_period
17834,17833,below,17833201.0,session_low,3382.46,0.5,4.0,17829,17829,4,0,micro_interaction_sweep,1,0,0,0.48856889980932894,0.19537422890101672,0,0,0,1,0.3304610734889452,10.0,-0.2010665629088441,0.2010665629088441,prev_ny_low,completed_previous_session_only,Asia,0.36559634398894875,session_low|below|3382.46,session_low|below|3382.46|17829,session
17837,17836,below,17836202.0,previous_day_low,3366.22,0.55,5.0,17829,17831,4,0,standard_liquidity_sweep,0,1,0,0.4167426926665786,0.9261672477950821,0,0,0,1,0.16477339833311302,10.0,-0.058304433256329405,0.058304433256329405,,,NY,1.2537438559546283,previous_day_low|below|3366.22,previous_day_low|below|3366.22|17831,prior_period
17839,17839,below,17839201.0,support,3362.639306283201,0.65,29.0,17836,17810,3,0,standard_liquidity_sweep,0,1,0,0.6519905837638524,0.09384605764650819,0,0,0,1,0.546792495741143,9.0,0.3576745324668944,0.3576745324668944,,,Asia,3.440870467396169,support|below|3362.6393,support|below|3362.6393|17810,s_r
17845,17844,below,17844201.0,previous_day_low,3347.53,0.6,4.0,17839,17840,4,0,displacement_confirmed_sweep,0,1,1,0.4828156660928881,0.4661008701573278,1,0,0,1,0.25080950674549446,9.0,-0.14272441297667837,0.14272441297667837,,,Asia,1.162696172392049,previous_day_low|below|3347.53,previous_day_low|below|3347.53|17840,prior_period
17846,17843,below,17843201.0,previous_day_low,3362.645,0.55,5.0,17838,17838,4,0,displacement_confirmed_sweep,0,1,1,0.4640349030462739,0.39425923991694406,1,0,0,1,0.28360086315470123,9.0,-0.3175603815031927,0.3175603815031927,,,Dead,0.39425923991694406,previous_day_low|below|3362.645,previous_day_low|below|3362.645|17838,prior_period
17854,17852,above,17852103.0,session_high,3369.1,0.5,3.0,17849,17849,4,0,standard_liquidity_sweep,0,1,0,0.5605773973578513,0.12626984624125112,0,0,0,1,0.839107306911845,10.0,-0.3364761484783819,0.3364761484783819,prev_asia_high,completed_previous_session_only,London,0.69772142872399,session_high|above|3369.1,session_high|above|3369.1|17849,session
17855,17855,below,17855201.0,session_low,3347.115,0.45,3.0,17852,17852,3,0,standard_liquidity_sweep,0,1,0,0.5961637543405157,1.0720215824408232,0,0,0,1,0.8599912192610782,10.0,0.03178328555384055,0.03178328555384055,prev_asia_low,completed_previous_session_only,Dead,1.7154769156134198,session_low|below|3347.115,session_low|below|3347.115|17852,session
17868,17868,above,17868101.0,resistance,3336.681446309821,0.6183427449580319,5.0,16231,17863,3,0,standard_liquidity_sweep,0,1,0,0.48109325713408396,0.34464875419346375,0,0,0,1,0.22251892723643996,9.0,0.13701160925434067,0.13701160925434067,,,Asia,1.1107535295616526,resistance|above|3336.6814,resistance|above|3336.6814|17863,s_r
17870,17869,above,17869102.0,session_high,3336.1,0.55,5.0,17863,17864,4,1,tradeable_sweep_candidate,0,1,1,0.629695938488313,0.10547921757283545,0,0,1,1,0.7187649867802415,10.0,-0.024048903693031635,0.024048903693031635,prev_ny_high,completed_previous_session_only,Asia,1.081558171724791,session_high|above|3336.1,session_high|above|3336.1|17864,session
17871,17870,below,17870201.0,session_low,3326.31,0.45,3.0,17867,17867,4,0,standard_liquidity_sweep,0,1,0,0.5862188154485821,0.7749691661976411,0,0,0,1,0.8313784118473302,7.0,-0.32307319222262804,0.32307319222262804,prev_ny_low,completed_previous_session_only,London,0.7749691661976411,session_low|below|3326.31,session_low|below|3326.31|17867,session
17880,17879,below,17879202.0,support,3255.7449999999994,0.65,3.0,17876,17876,4,0,displacement_confirmed_sweep,0,1,1,0.5171064535211061,0.9453135220313329,0,0,1,1,0.34276613380276527,8.0,0.27247321783814704,0.27247321783814704,,,Dead,1.0576457664363916,support|below|3255.745,support|below|3255.745|17876,s_r
17899,17898,above,17898102.0,swing_high,3358.11,0.4,8.0,17888,17890,4,0,standard_liquidity_sweep,0,1,0,0.3785371050436816,0.694422929567947,0,0,0,1,0.14081927406859643,9.0,0.043149591225976065,0.043149591225976065,,,Asia,1.459650115863895,swing_high|above|3358.11,swing_high|above|3358.11|17890,swing
17900,17900,below,17900202.0,support,3327.66,0.6,7.0,17893,17893,3,0,standard_liquidity_sweep,0,1,0,0.6759409878644741,1.0402078574620217,0,0,0,1,0.7249275635203855,10.0,-0.13827291288947935,0.13827291288947935,,,London,1.849892948168257,support|below|3327.66,support|below|3327.66|17893,s_r
17909,17908,below,17908201.0,equal_low,3312.744833944149,0.6006063987711474,21.0,3170,17887,4,0,standard_liquidity_sweep,0,1,0,0.444646190566214,1.5505086758645952,0,0,0,1,0.14297442020588505,9.0,0.2305195661749119,0.2305195661749119,,,Dead,2.719600135165164,equal_low|below|3312.7448,equal_low|below|3312.7448|17887,eqh_eql
17911,17911,below,17911201.0,support,3306.74,0.55,3.0,11779,17908,3,0,standard_liquidity_sweep,0,1,0,0.6553350936183381,0.13726338468051813,0,0,0,1,0.537864415481939,8.0,0.5942691890498806,0.5942691890498806,,,London,0.5877253467291789,support|below|3306.74,support|below|3306.74|17908,s_r
17918,17918,below,17918203.0,support,3296.455,0.6,6.0,3696,17912,3,1,tradeable_sweep_candidate,0,1,0,0.6736419205205701,1.1534273627101843,0,0,0,1,0.4549381346347585,8.0,0.3321005379896947,0.3321005379896947,,,Overlap,2.389566947038425,support|below|3296.455,support|below|3296.455|17912,s_r
17929,17928,above,17928101.0,previous_day_high,3326.39,0.5,1.0,17927,17927,4,0,standard_liquidity_sweep,0,1,0,0.47789186613437473,0.3398846898325202,0,0,0,1,0.26733860239220764,9.0,-0.0067002155987957055,0.0067002155987957055,,,Asia,0.3398846898325202,previous_day_high|above|3326.39,previous_day_high|above|3326.39|17927,prior_period
17939,17938,above,17938101.0,resistance,3365.830199126021,0.65,41.0,3701,17897,4,0,standard_liquidity_sweep,0,1,0,0.5168557640483306,0.6944434590918822,0,0,0,1,0.27522918530087875,7.0,0.4905996341767635,0.4905996341767635,,,Dead,4.763796995177948,resistance|above|3365.8302,resistance|above|3365.8302|17897,s_r
17941,17940,above,17940102.0,session_high,3359.765,0.5,4.0,17936,17936,4,1,tradeable_sweep_candidate,0,1,0,0.6460257806628692,0.1529827858664389,0,0,0,1,1.047687034644606,8.0,0.26929742049638494,0.26929742049638494,prev_ny_high,completed_previous_session_only,Asia,0.4128880321223827,session_high|above|3359.765,session_high|above|3359.765|17936,session
17945,17942,below,17942201.0,session_low,3353.685,0.5,4.0,17938,17938,4,0,micro_interaction_sweep,1,0,0,0.5445422057736012,0.11365338716150912,0,0,0,1,0.7954220577360113,8.0,-0.16684462674461958,0.16684462674461958,prev_asia_low,completed_previous_session_only,Overlap,1.1416838412892032,session_low|below|3353.685,session_low|below|3353.685|17938,session
17947,17947,below,17947201.0,session_low,3345.87,0.5,5.0,17942,17942,3,1,tradeable_sweep_candidate,0,1,0,0.6275442070274129,1.2048749775591936,0,0,0,1,0.24367580227233004,7.0,0.060079920301835676,0.060079920301835676,prev_asia_low,completed_previous_session_only,London,1.2048749775591936,session_low|below|3345.87,session_low|below|3345.87|17942,session
17954,17953,below,17953203.0,session_low,3334.37,0.45,5.0,17948,17948,4,1,tradeable_sweep_candidate,0,1,0,0.663901846224359,0.37696313481274185,0,0,0,1,0.7973517955769228,8.0,0.05171664608829528,0.05171664608829528,prev_london_low,completed_previous_session_only,London,0.37696313481274185,session_low|below|3334.37,session_low|below|3334.37|17948,session
17955,17954,above,17954101.0,previous_day_high,3366.44,0.55,5.0,17947,17949,4,0,standard_liquidity_sweep,0,1,0,0.5658928596923822,2.565166794894716,0,0,0,1,0.6089285969238224,8.0,0.6306276115135405,0.6306276115135405,,,Overlap,2.565166794894716,previous_day_high|above|3366.44,previous_day_high|above|3366.44|17949,prior_period
17960,17959,below,17959202.0,session_low,3322.095,0.45,5.0,17954,17954,4,1,tradeable_sweep_candidate,0,1,0,0.5898571243489306,0.2096870984455865,0,0,0,1,0.571050756609003,10.0,-0.048070195536049354,0.048070195536049354,prev_london_low,completed_previous_session_only,London,1.7749793934385554,session_low|below|3322.095,session_low|below|3322.095|17954,session
18008,18007,below,18007201.0,previous_week_low,3323.94,0.55,8.0,17999,17999,4,1,tradeable_sweep_candidate,0,1,1,0.6324486890755429,0.04567383454930455,1,0,0,1,0.722911491475094,8.0,-0.413421175970952,0.413421175970952,,,London,1.3244982308643816,previous_week_low|below|3323.94,previous_week_low|below|3323.94|17999,prior_period
18014,18014,below,18014201.0,swing_low,3301.825,0.4,10.0,18002,18004,3,1,tradeable_sweep_candidate,0,1,1,0.63600902836436,0.08344326573856985,1,0,0,1,0.8233978765010918,7.0,0.04126367490440326,0.04126367490440326,,,Overlap,2.0690821456607815,swing_low|below|3301.825,swing_low|below|3301.825|18004,swing
18023,18022,below,18022202.0,session_low,3289.91,0.5,3.0,18019,18019,4,0,standard_liquidity_sweep,0,1,0,0.5518001892725665,0.017017222080741405,0,0,0,1,0.5096685593923304,8.0,0.0625204199021256,0.0625204199021256,prev_ny_low,completed_previous_session_only,Dead,0.6719520349667937,session_low|below|3289.91,session_low|below|3289.91|18019,session
18040,18038,above,18038102.0,session_high,3377.21,0.45,4.0,18034,18034,4,0,standard_liquidity_sweep,0,1,0,0.5435149861681129,0.1918110145346298,0,0,0,1,0.7518165283477953,9.0,-0.022311609969749565,0.022311609969749565,prev_ny_high,completed_previous_session_only,Overlap,1.0578351195230553,session_high|above|3377.21,session_high|above|3377.21|18034,session
18046,18046,above,18046103.0,resistance,3390.52,0.6,7.0,3724,18039,3,1,tradeable_sweep_candidate,0,1,0,0.7058150481158495,1.4110090887675995,0,0,0,1,0.5998171478251608,7.0,-0.2210371759496761,0.2210371759496761,,,Dead,1.968794584708225,resistance|above|3390.52,resistance|above|3390.52|18039,s_r
18047,18046,above,18046101.0,session_high,3378.745,0.45,3.0,18043,18043,4,0,standard_liquidity_sweep,0,1,0,0.5883333333333334,0.6273000312091676,0,0,0,1,0.5998171478251608,7.0,-0.2210371759496761,0.2210371759496761,prev_asia_high,completed_previous_session_only,Dead,0.6273000312091676,session_high|above|3378.745,session_high|above|3378.745|18043,session
18053,18052,above,18052101.0,resistance,3401.8800000000006,0.65,6.0,8025,18046,4,0,standard_liquidity_sweep,0,1,0,0.5443026935196348,0.33319777659588423,0,0,0,1,0.2726551814856837,7.0,1.0364545178425661,1.0364545178425661,,,Dead,1.6059016371878412,resistance|above|3401.88,resistance|above|3401.88|18046,s_r
18056,18054,above,18054103.0,session_high,3393.965,0.45,4.0,18050,18050,4,0,micro_interaction_sweep,1,0,0,0.5320666384279484,0.08732678647134914,0,0,0,1,0.3750698382708618,10.0,0.06682442152668452,0.06682442152668452,prev_london_high,completed_previous_session_only,Asia,0.5934989288185839,session_high|above|3393.965,session_high|above|3393.965|18050,session
18057,18056,below,18056203.0,session_low,3387.385,0.45,4.0,18052,18052,4,0,standard_liquidity_sweep,0,1,0,0.4988860404089765,0.71441943673263,0,0,0,1,0.4013817676891079,8.0,-0.016000097955989723,0.016000097955989723,prev_ny_low,completed_previous_session_only,Overlap,0.7575330167956903,session_low|below|3387.385,session_low|below|3387.385|18052,session
18061,18061,below,18061202.0,equal_low,3350.635,0.65,22.0,3192,18039,3,0,micro_interaction_sweep,1,0,0,0.5232662431744606,0.14067203778328669,0,0,0,1,0.2769156079361513,6.0,0.2807581001831981,0.2807581001831981,,,London,2.8475734347568187,equal_low|below|3350.635,equal_low|below|3350.635|18039,eqh_eql
18062,18062,below,18062202.0,support,3350.053654327151,0.65,28.0,11804,18034,3,0,standard_liquidity_sweep,0,1,0,0.5156966654096841,0.4345267332310273,0,0,0,1,0.28924166352421027,9.0,0.23500076113779184,0.23500076113779184,,,Overlap,2.8806356375612188,support|below|3350.0537,support|below|3350.0537|18034,s_r
18064,18063,below,18063202.0,previous_week_low,3349.89,0.6000000000000001,24.0,18037,18039,4,0,standard_liquidity_sweep,0,1,0,0.5318537368408487,0.3979311902727521,0,0,0,1,0.390051008768788,9.0,-0.08404701523171368,0.08404701523171368,,,NY,2.8899429615971384,previous_week_low|below|3349.89,previous_week_low|below|3349.89|18039,prior_period
18068,18068,below,18068201.0,support,3341.800584812579,0.7,5.0,3727,18063,3,0,micro_interaction_sweep,1,0,0,0.5924021786215591,0.2068954649183251,0,0,1,1,0.3995927162200073,7.0,0.38543498906786294,0.38543498906786294,,,Overlap,0.702893554943266,support|below|3341.8006,support|below|3341.8006|18063,s_r
18074,18072,above,18072101.0,previous_day_high,3359.355,0.65,5.0,18067,18067,4,0,standard_liquidity_sweep,0,1,0,0.5349346905180102,0.5952815370652553,0,0,0,1,0.43733672629502574,8.0,-0.3235700779007023,0.3235700779007023,,,Asia,0.7553539727363089,previous_day_high|above|3359.355,previous_day_high|above|3359.355|18067,prior_period
18077,18076,above,18076101.0,session_high,3367.095,0.5,3.0,18073,18073,4,0,standard_liquidity_sweep,0,1,0,0.5348022419608219,0.6880901178256988,0,0,0,1,0.470338938235388,9.0,-0.026605648651831022,0.026605648651831022,prev_london_high,completed_previous_session_only,Dead,0.7957556590433924,session_high|above|3367.095,session_high|above|3367.095|18073,session
18078,18078,below,18078202.0,support,3350.065,0.65,19.0,18059,18059,3,0,standard_liquidity_sweep,0,1,0,0.5907569997417699,0.5523210694559684,0,0,0,1,0.42393671290535956,9.0,0.13839537732507057,0.13839537732507057,,,Asia,1.4141529044421937,support|below|3350.065,support|below|3350.065|18059,s_r
18088,18088,below,18088201.0,support,3333.522878787879,0.65,3.0,18086,18085,3,0,standard_liquidity_sweep,0,1,0,0.6122979722549796,0.16884702098396867,0,0,0,1,0.5396463892164625,7.0,0.9208285113424768,0.9208285113424768,,,Dead,0.18397915649690055,support|below|3333.5229,support|below|3333.5229|18085,s_r
18089,18088,below,18088202.0,equal_low,3330.600334953031,0.5627440027525803,19.0,3204,18069,4,0,standard_liquidity_sweep,0,1,0,0.45863995135115915,0.381352215645405,0,0,0,1,0.5396463892164625,7.0,0.9208285113424768,0.9208285113424768,,,Dead,2.258707340387499,equal_low|below|3330.6003,equal_low|below|3330.6003|18069,eqh_eql
18090,18089,above,18089101.0,previous_day_high,3347.52,0.55,4.0,18085,18085,4,1,tradeable_sweep_candidate,0,1,0,0.5808759720343505,0.046293201118214174,0,0,0,1,0.656908133302945,9.0,-0.14879860639534961,0.14879860639534961,,,Asia,0.8489173432025854,previous_day_high|above|3347.52,previous_day_high|above|3347.52|18085,prior_period
18106,18104,above,18104101.0,previous_day_high,3345.46,0.55,5.0,18097,18099,4,0,micro_interaction_sweep,1,0,0,0.4930067131765297,0.03714227821887987,0,0,0,1,0.374183449607991,8.0,-0.12215079553317784,0.12215079553317784,,,Overlap,2.3654482447373777,previous_day_high|above|3345.46,previous_day_high|above|3345.46|18099,prior_period
18115,18115,below,18115201.0,equal_low,3325.7925,0.7,5.0,3208,18110,3,0,displacement_confirmed_sweep,0,1,1,0.598863767255381,0.39846109616135966,1,1,0,1,0.3277460016398693,8.0,0.7149041270829275,0.7149041270829275,,,London,1.0829362421321145,equal_low|below|3325.7925,equal_low|below|3325.7925|18110,eqh_eql
18122,18122,above,18122101.0,previous_day_high,3371.08,0.55,3.0,18119,18119,3,0,micro_interaction_sweep,1,0,0,0.5630939637650239,0.034324651097052496,0,0,0,1,0.40014597378649425,7.0,-0.0016848251527837065,0.0016848251527837065,,,Overlap,0.4919159470737302,previous_day_high|above|3371.08,previous_day_high|above|3371.08|18119,prior_period
18125,18124,below,18124202.0,support,3360.885,0.6,6.0,11821,18118,4,1,tradeable_sweep_candidate,0,1,1,0.5841588015880733,0.4106208276141323,0,1,0,1,0.3247457799165647,10.0,0.9505327758048109,0.9505327758048109,,,Dead,0.8605244467850347,support|below|3360.885,support|below|3360.885|18118,s_r
18130,18129,above,18129101.0,previous_day_high,3386.615,0.55,4.0,18124,18125,4,0,standard_liquidity_sweep,0,1,0,0.5660728942171237,0.3592962035939138,0,0,0,1,0.527395608837903,6.0,-0.524797600912604,0.524797600912604,,,NY,1.1141438672699793,previous_day_high|above|3386.615,previous_day_high|above|3386.615|18125,prior_period
18131,18128,above,18128102.0,previous_week_high,3378.85,0.6000000000000001,9.0,18119,18119,4,0,micro_interaction_sweep,1,0,0,0.5563948065468803,0.2297824701894981,0,0,0,1,0.7056147321354693,8.0,-0.09381005109314221,0.09381005109314221,,,Overlap,1.1294215874355162,previous_week_high|above|3378.85,previous_week_high|above|3378.85|18119,prior_period
18136,18134,above,18134101.0,previous_day_high,3393.72,0.6,4.0,18129,18130,4,0,standard_liquidity_sweep,0,1,0,0.5028902537217623,1.218366167162945,0,0,0,1,0.36764230097107253,10.0,-0.10853853219524211,0.10853853219524211,,,Overlap,1.2384132797734937,previous_day_high|above|3393.72,previous_day_high|above|3393.72|18130,prior_period
18156,18154,above,18154101.0,session_high,3489.905,0.5,3.0,18150,18151,4,1,tradeable_sweep_candidate,0,1,1,0.6433678188321943,0.9518658013106301,1,0,0,1,1.2109845216106374,7.0,-0.5075213644946229,0.5075213644946229,prev_asia_high,completed_previous_session_only,Dead,0.9518658013106301,session_high|above|3489.905,session_high|above|3489.905|18151,session
18166,18163,above,18163101.0,previous_day_high,3547.005,0.6,2.0,18160,18161,4,0,standard_liquidity_sweep,0,1,0,0.564120363987966,0.713705672230799,0,0,0,1,0.7828703065463261,7.0,-0.377676922524078,0.377676922524078,,,London,0.9358050063058995,previous_day_high|above|3547.005,previous_day_high|above|3547.005|18161,prior_period
18167,18167,below,18167201.0,support,3526.2871212121217,0.6,8.0,18163,18159,3,1,tradeable_sweep_candidate,0,1,0,0.6092434616031204,1.046797173521264,0,0,0,1,0.5847990370178443,7.0,0.04497141718509628,0.04497141718509628,,,Asia,2.542928339609877,support|below|3526.2871,support|below|3526.2871|18159,s_r
18168,18167,below,18167202.0,session_low,3532.36,0.45,3.0,18164,18164,4,0,standard_liquidity_sweep,0,1,0,0.5883333333333334,0.728909840683657,0,0,0,1,0.5847990370178443,7.0,0.04497141718509628,0.04497141718509628,prev_london_low,completed_previous_session_only,Asia,2.2225222146707138,session_low|below|3532.36,session_low|below|3532.36|18164,session
18188,18185,above,18185101.0,previous_day_high,3647.565,0.55,1.0,18182,18184,4,0,micro_interaction_sweep,1,0,0,0.6108344863861394,0.05058577173314931,0,0,0,1,0.6240848720571246,6.0,-0.40314207339259367,0.40314207339259367,,,Asia,0.05058577173314931,previous_day_high|above|3647.565,previous_day_high|above|3647.565|18184,prior_period
18199,18197,below,18197202.0,previous_day_low,3630.17,0.55,4.0,18193,18193,4,0,standard_liquidity_sweep,0,1,0,0.5415653111102515,0.5810156618483167,0,0,0,1,0.3562659490429786,9.0,0.25077353356587534,0.25077353356587534,,,Asia,1.0437197353548981,previous_day_low|below|3630.17,previous_day_low|below|3630.17|18193,prior_period
18207,18205,above,18205101.0,previous_day_high,3647.705,0.5,2.0,18203,18203,4,0,micro_interaction_sweep,1,0,0,0.44260268401733094,0.06600278102315174,1,0,0,1,0.27942337670999406,9.0,-0.17015632492190072,0.17015632492190072,,,London,0.06600278102315174,previous_day_high|above|3647.705,previous_day_high|above|3647.705|18203,prior_period
18209,18208,below,18208201.0,previous_day_low,3637.59,0.6,3.0,18205,18205,4,0,displacement_confirmed_sweep,0,1,1,0.5858209987237123,0.3389792438569413,1,0,0,1,0.6415433205704554,8.0,-0.18304745609713297,0.18304745609713297,,,Dead,0.7326175100804038,previous_day_low|below|3637.59,previous_day_low|below|3637.59|18205,prior_period
18218,18216,above,18216101.0,previous_day_high,3689.425,0.5,1.0,18215,18215,4,0,standard_liquidity_sweep,0,1,0,0.6090095276578608,0.3990368359057565,0,0,0,1,0.5783236589460278,6.0,-0.5368014540940039,0.5368014540940039,,,Asia,0.3990368359057565,previous_day_high|above|3689.425,previous_day_high|above|3689.425|18215,prior_period
18223,18222,below,18222201.0,previous_day_low,3674.81,0.55,5.0,18217,18217,4,0,standard_liquidity_sweep,0,1,0,0.6316856514879623,0.27251572620233244,0,0,0,1,0.745939187137267,7.0,-0.4132906307111795,0.4132906307111795,,,Asia,1.2583860544170973,previous_day_low|below|3674.81,previous_day_low|below|3674.81|18217,prior_period
18226,18225,above,18225103.0,previous_day_high,3703.055,0.55,5.0,18218,18220,4,0,displacement_confirmed_sweep,0,1,1,0.4484594932265973,1.0326278700491207,0,0,1,1,0.2232320663998265,8.0,1.7219668519894447,1.7219668519894447,,,NY,2.1388477429709636,previous_day_high|above|3703.055,previous_day_high|above|3703.055|18220,prior_period
18228,18228,below,18228201.0,support,3646.2,0.65,3.0,18225,18225,3,1,tradeable_sweep_candidate,0,1,0,0.6192815122283638,0.27413832431857804,0,0,0,1,0.4694913544268946,8.0,1.2253930270868343,1.2253930270868343,,,Asia,0.7078772823921272,support|below|3646.2,support|below|3646.2|18225,s_r
18257,18254,below,18254201.0,previous_day_low,3736.74,0.5,3.0,18251,18251,4,0,standard_liquidity_sweep,0,1,0,0.39241907599349046,1.2074708762296076,0,0,0,1,0.20396435665039292,8.0,-0.1680255569659987,0.1680255569659987,,,Overlap,1.780408583304092,previous_day_low|below|3736.74,previous_day_low|below|3736.74|18251,prior_period
18267,18265,above,18265101.0,previous_day_high,3761.705,0.55,5.0,18260,18260,4,0,displacement_confirmed_sweep,0,1,1,0.43765795858011247,0.4877715862201317,1,0,0,1,0.2253948964502811,10.0,-0.013907344674589261,0.013907344674589261,,,London,1.0449417435651698,previous_day_high|above|3761.705,previous_day_high|above|3761.705|18260,prior_period
18277,18276,below,18276201.0,session_low,3806.525,0.45,4.0,18272,18272,4,0,displacement_confirmed_sweep,0,1,1,0.5513867238737412,2.875144199340629,0,1,0,1,0.5118126837744033,5.0,-0.2940812759468321,0.2940812759468321,prev_london_low,completed_previous_session_only,Asia,2.875144199340629,session_low|below|3806.525,session_low|below|3806.525|18272,session
18284,18282,above,18282101.0,previous_day_high,3871.895,0.6,5.0,18276,18277,4,1,tradeable_sweep_candidate,0,1,0,0.6447000153319169,0.3320267123914914,0,0,0,1,0.8916616022309978,6.0,-0.6438624024582678,0.6438624024582678,,,Asia,1.8145703791586982,previous_day_high|above|3871.895,previous_day_high|above|3871.895|18277,prior_period
18291,18290,below,18290202.0,previous_day_low,3852.875,0.6,4.0,18286,18286,4,0,standard_liquidity_sweep,0,1,0,0.6258333333333334,0.9550271565649543,0,0,0,1,1.3039156380943555,7.0,0.17650494070126,0.17650494070126,,,Overlap,1.1325253988285113,previous_day_low|below|3852.875,previous_day_low|below|3852.875|18286,prior_period
18347,18346,above,18346101.0,session_high,4218.45,0.5,3.0,18342,18343,4,0,standard_liquidity_sweep,0,1,0,0.5211198592519343,0.29176377111894447,0,0,0,1,0.4152996481298357,7.0,-0.33896510399119034,0.33896510399119034,prev_asia_high,completed_previous_session_only,Dead,0.7130807788433353,session_high|above|4218.45,session_high|above|4218.45|18343,session
18370,18370,below,18370203.0,support,4041.7150000000006,0.6000000000000001,40.0,18359,18330,3,0,standard_liquidity_sweep,0,1,0,0.5889514236825766,1.435040596652581,0,0,0,1,0.5145142368257656,9.0,0.10010509857890382,0.10010509857890382,,,Dead,7.463854585533685,support|below|4041.715,support|below|4041.715|18330,s_r
18373,18373,below,18373202.0,support,4044.6445918367353,0.6000000000000001,43.0,18359,18330,3,0,standard_liquidity_sweep,0,1,0,0.5368128430871772,0.382124754261069,0,0,0,1,0.29877804805719493,10.0,0.3016135555493943,0.3016135555493943,,,London,7.386969749161129,support|below|4044.6446,support|below|4044.6446|18330,s_r
18385,18384,below,18384203.0,session_low,4100.185,0.45,4.0,18380,18380,4,0,standard_liquidity_sweep,0,1,0,0.5907005072907424,0.08296292374295773,0,0,0,1,0.4609592252018088,10.0,-0.20956126218454965,0.20956126218454965,prev_london_low,completed_previous_session_only,Asia,0.6506233142756597,session_low|below|4100.185,session_low|below|4100.185|18380,session
18392,18392,below,18392201.0,support,4005.335309534135,0.6000000000000001,64.0,11863,18328,3,0,standard_liquidity_sweep,0,1,0,0.6415564526026628,0.3398811691528787,0,0,0,1,0.5013495802543335,9.0,0.025044056618882888,0.025044056618882888,,,Overlap,8.418610983226893,support|below|4005.3353,support|below|4005.3353|18328,s_r
18394,18393,below,18393201.0,previous_week_low,4004.425,0.55,4.0,18389,18389,4,0,standard_liquidity_sweep,0,1,0,0.5607826842916118,0.043286848843273606,0,0,0,1,0.5161601762494505,8.0,-0.4724858767623714,0.4724858767623714,,,NY,1.5096491314017726,previous_week_low|below|4004.425,previous_week_low|below|4004.425|18389,prior_period
18403,18402,above,18402101.0,previous_day_high,4013.85,0.55,5.0,18397,18397,4,0,standard_liquidity_sweep,0,1,0,0.49859200804185394,1.0795104082888425,0,0,0,1,0.3227526703458028,10.0,-0.20683517634870505,0.20683517634870505,,,Asia,1.4816212315460109,previous_day_high|above|4013.85,previous_day_high|above|4013.85|18397,prior_period
18406,18405,below,18405202.0,session_low,3944.06,0.5,5.0,18400,18400,4,0,standard_liquidity_sweep,0,1,0,0.4739580049546453,1.087425572117547,0,0,0,1,0.32864501238661314,9.0,0.2618969556073147,0.2618969556073147,prev_asia_low,completed_previous_session_only,NY,1.631110159809564,session_low|below|3944.06,session_low|below|3944.06|18400,session
18413,18411,above,18411102.0,session_high,4011.71,0.5,5.0,18406,18406,4,0,micro_interaction_sweep,1,0,0,0.457468715898367,0.14344409400538374,0,0,0,1,0.32700512307925095,10.0,0.11991357355005881,0.11991357355005881,prev_asia_high,completed_previous_session_only,NY,1.29516073602495,session_high|above|4011.71,session_high|above|4011.71|18406,session
18418,18418,below,18418201.0,support,3990.1975,0.55,4.0,18415,18414,3,0,standard_liquidity_sweep,0,1,0,0.5820801434014219,0.29457089679970705,0,0,0,1,0.10623675714184337,8.0,0.3309456933112905,0.3309456933112905,,,Dead,0.6090506402331286,support|below|3990.1975,support|below|3990.1975|18414,s_r
18419,18418,below,18418202.0,equal_low,3972.2349688623194,0.65,1.0,3257,18417,4,0,standard_liquidity_sweep,0,1,0,0.41832803619007064,0.7201682349070339,0,0,0,1,0.10623675714184337,8.0,0.3309456933112905,0.3309456933112905,,,Dead,0.7201682349070339,equal_low|below|3972.235,equal_low|below|3972.235|18417,eqh_eql
18421,18420,above,18420101.0,previous_day_high,4006.66,0.55,2.0,18418,18418,4,0,micro_interaction_sweep,1,0,0,0.4450032493730391,0.07260893363341232,0,0,0,1,0.22500812343259768,10.0,-0.28090677202952086,0.28090677202952086,,,Asia,0.07260893363341232,previous_day_high|above|4006.66,previous_day_high|above|4006.66|18418,prior_period
18427,18425,below,18425201.0,session_low,3995.5,0.55,3.0,18422,18422,4,0,micro_interaction_sweep,1,0,0,0.5231902048664961,0.16255817242401516,0,0,0,1,0.480892178832907,10.0,-0.24328464100472627,0.24328464100472627,prev_ny_low,completed_previous_session_only,Dead,0.7155394348288749,session_low|below|3995.5,session_low|below|3995.5|18422,session
18441,18441,below,18441202.0,support,3978.795,0.55,5.0,18437,18436,3,0,standard_liquidity_sweep,0,1,0,0.57698762682171,0.4941583895287629,0,0,0,1,0.31707587373324003,9.0,-0.04488556943143718,0.04488556943143718,,,Overlap,1.0053513608974673,support|below|3978.795,support|below|3978.795|18436,s_r
18442,18442,above,18442101.0,previous_day_high,3990.46,0.55,5.0,18437,18437,3,0,micro_interaction_sweep,1,0,0,0.43856679868876136,0.09010989787745868,0,0,0,1,0.16933366338857006,10.0,0.4603160736513719,0.4603160736513719,,,NY,0.2269520418830473,previous_day_high|above|3990.46,previous_day_high|above|3990.46|18437,prior_period
18458,18457,above,18457101.0,previous_day_high,4141.365,0.5,1.0,18456,18456,4,0,standard_liquidity_sweep,0,1,0,0.4216871310962208,0.412324163716292,0,0,0,1,0.17273959727479074,6.0,-0.021337329416317784,0.021337329416317784,,,Asia,0.412324163716292,previous_day_high|above|4141.365,previous_day_high|above|4141.365|18456,prior_period
18470,18469,above,18469101.0,previous_day_high,4211.775,0.55,2.0,18465,18467,4,1,tradeable_sweep_candidate,0,1,0,0.6635402147304272,0.0432207241434833,0,0,0,1,0.9844755065877436,7.0,-0.48350492120488503,0.48350492120488503,,,Asia,0.7503206144999892,previous_day_high|above|4211.775,previous_day_high|above|4211.775|18467,prior_period
18473,18471,below,18471202.0,session_low,4190.17,0.5,4.0,18467,18467,4,0,standard_liquidity_sweep,0,1,0,0.568914729993856,0.17108941546451462,0,0,0,1,1.333856113202545,8.0,-0.7864920948265045,0.7864920948265045,prev_asia_low,completed_previous_session_only,Overlap,1.2307240787607487,session_low|below|4190.17,session_low|below|4190.17|18467,session
18482,18480,below,18480201.0,previous_day_low,4077.98,0.55,1.0,18479,18479,4,0,micro_interaction_sweep,1,0,0,0.554498246860188,0.09617091764792238,0,0,0,1,0.6533158019352124,9.0,-0.2995840083235127,0.2995840083235127,,,Asia,0.09617091764792238,previous_day_low|below|4077.98,previous_day_low|below|4077.98|18479,prior_period
18484,18484,below,18484202.0,support,4032.2400000000002,0.65,8.0,18476,18476,3,0,standard_liquidity_sweep,0,1,0,0.5909231955281351,0.8105664230711841,0,0,0,1,0.48772465548700455,10.0,-0.10546064409679635,0.10546064409679635,,,NY,1.580807222859198,support|below|4032.24,support|below|4032.24|18476,s_r
18488,18485,below,18485203.0,session_low,4049.775,0.45,3.0,18482,18482,4,0,micro_interaction_sweep,1,0,0,0.5406473506964345,-0.10546064409679635,0,0,0,1,0.876595179763162,10.0,0.31532128869931436,0.31532128869931436,prev_asia_low,completed_previous_session_only,Dead,0.6909027075977549,session_low|below|4049.775,session_low|below|4049.775|18482,session
18497,18497,below,18497201.0,support,4065.1266666666666,0.55,7.0,18494,18490,3,0,standard_liquidity_sweep,0,1,0,0.5888492471302585,0.33664216567149846,0,0,0,1,0.5134924713025858,6.0,0.04558255374202134,0.04558255374202134,,,Dead,1.7183224344103691,support|below|4065.1267,support|below|4065.1267|18490,s_r
18500,18499,below,18499201.0,session_low,4065.75,0.5,5.0,18494,18494,4,1,tradeable_sweep_candidate,0,1,0,0.6036279783660466,0.0698296794363119,0,0,0,1,0.6525534121885608,8.0,-0.1480945328768029,0.1480945328768029,prev_ny_low,completed_previous_session_only,Asia,1.7012664459162585,session_low|below|4065.75,session_low|below|4065.75|18494,session
18501,18500,above,18500101.0,session_high,4085.68,0.5,3.0,18497,18497,4,0,displacement_confirmed_sweep,0,1,1,0.6337872934496451,0.653060151394298,0,1,0,1,0.49509469685649543,8.0,-0.18347771676847344,0.18347771676847344,prev_asia_high,completed_previous_session_only,London,0.653060151394298,session_high|above|4085.68,session_high|above|4085.68|18497,session
18506,18504,below,18504203.0,session_low,4051.255,0.45,3.0,18501,18501,4,0,micro_interaction_sweep,1,0,0,0.5671790353413181,0.15143296956888,0,0,0,1,0.23821537837649367,9.0,0.08518461315361621,0.08518461315361621,prev_london_low,completed_previous_session_only,Asia,0.6435076897049116,session_low|below|4051.255,session_low|below|4051.255|18501,session
18511,18511,above,18511101.0,session_high,4065.05,0.45,5.0,18506,18506,3,0,standard_liquidity_sweep,0,1,0,0.48282842051693026,0.29453843033316457,0,0,0,1,0.32165438462565893,8.0,0.027935892171226936,0.027935892171226936,prev_asia_high,completed_previous_session_only,Asia,0.527273791850552,session_high|above|4065.05,session_high|above|4065.05|18506,session
18517,18514,above,18514101.0,previous_week_high,4132.88,0.55,4.0,18510,18510,4,0,standard_liquidity_sweep,0,1,0,0.3959123600701469,0.32478096094528663,0,0,0,1,0.19186423350870052,8.0,-0.04881351523896886,0.04881351523896886,,,NY,2.0220387960485504,previous_week_high|above|4132.88,previous_week_high|above|4132.88|18510,prior_period
18519,18519,above,18519102.0,session_high,4139.955,0.45,4.0,18515,18515,3,0,standard_liquidity_sweep,0,1,0,0.5895822710603369,0.40932893959844585,0,0,0,1,0.5421244759745496,10.0,-0.039361251860145885,0.039361251860145885,prev_ny_high,completed_previous_session_only,Overlap,0.40932893959844585,session_high|above|4139.955,session_high|above|4139.955|18515,session
18522,18521,above,18521103.0,session_high,4150.715,0.5,3.0,18518,18518,4,0,standard_liquidity_sweep,0,1,0,0.520886960055421,0.5805032238552081,0,0,0,1,0.317722583990352,10.0,-0.08165019222107493,0.08165019222107493,prev_london_high,completed_previous_session_only,Dead,0.7133937922100763,session_high|above|4150.715,session_high|above|4150.715|18518,session
18524,18523,above,18523101.0,swing_high,4159.375,0.4,2.0,18519,18521,4,0,standard_liquidity_sweep,0,1,0,0.45339197211056387,0.27215867124486276,0,0,0,1,0.28458282308168825,10.0,-0.019843883339223045,0.019843883339223045,,,Asia,0.27215867124486276,swing_high|above|4159.375,swing_high|above|4159.375|18521,swing
18535,18533,above,18533103.0,session_high,4167.17,0.45,3.0,18530,18530,4,0,standard_liquidity_sweep,0,1,0,0.56,0.3777930792374091,0,0,0,1,0.776252947465031,10.0,-0.6317471575479339,0.6317471575479339,prev_asia_high,completed_previous_session_only,Dead,0.4988886404829461,session_high|above|4167.17,session_high|above|4167.17|18530,session
18546,18545,below,18545203.0,support,4205.835,0.55,6.0,11905,18539,4,0,standard_liquidity_sweep,0,1,0,0.4982854223014186,0.9331166370946362,0,0,0,1,0.3577308205789119,9.0,0.1518141854071615,0.1518141854071615,,,Dead,1.7377817249363423,support|below|4205.835,support|below|4205.835|18539,s_r
18548,18547,below,18547201.0,previous_day_low,4193.015,0.55,1.0,18545,18546,4,0,standard_liquidity_sweep,0,1,0,0.5651086007347822,0.6871550759815799,0,0,0,1,0.39547036940798214,8.0,-0.2434182495418258,0.2434182495418258,,,Asia,0.6871550759815799,previous_day_low|below|4193.015,previous_day_low|below|4193.015|18546,prior_period
18554,18554,above,18554101.0,session_high,4212.445,0.45,3.0,18551,18551,3,1,tradeable_sweep_candidate,0,1,0,0.6381900868624041,0.39463510523030393,0,0,0,1,0.22439335380549433,8.0,0.001458567804956329,0.001458567804956329,prev_ny_high,completed_previous_session_only,London,0.39463510523030393,session_high|above|4212.445,session_high|above|4212.445|18551,session
18555,18554,above,18554102.0,resistance,4228.993023255814,0.65,7.0,16345,18547,4,0,standard_liquidity_sweep,0,1,0,0.529577371401663,0.9497078548190794,0,0,0,1,0.22439335380549433,8.0,0.001458567804956329,0.001458567804956329,,,London,1.4563971197502539,resistance|above|4228.993,resistance|above|4228.993|18547,s_r
18559,18558,below,18558201.0,previous_day_low,4194.675,0.65,4.0,18554,18554,4,0,standard_liquidity_sweep,0,1,0,0.5973213092780989,0.20642491206350627,0,0,0,1,0.6732130927809887,10.0,-0.14891190299647133,0.14891190299647133,,,Asia,0.5745136520624075,previous_day_low|below|4194.675,previous_day_low|below|4194.675|18554,prior_period
18567,18564,above,18564102.0,previous_day_high,4219.475,0.55,1.0,18561,18563,4,0,standard_liquidity_sweep,0,1,0,0.5346572184223838,0.4661560166626483,0,0,0,1,0.37467628862460023,8.0,0.16373842419019335,0.16373842419019335,,,Asia,0.4661560166626483,previous_day_high|above|4219.475,previous_day_high|above|4219.475|18563,prior_period
18571,18570,above,18570101.0,previous_day_high,4212.625,0.55,1.0,18569,18569,4,0,micro_interaction_sweep,1,0,0,0.4562373898483361,0.15854983466316594,0,0,1,1,0.25309347462084014,10.0,-0.17679467078371616,0.17679467078371616,,,Asia,0.15854983466316594,previous_day_high|above|4212.625,previous_day_high|above|4212.625|18569,prior_period
18587,18587,above,18587103.0,previous_week_high,4264.685,0.55,17.0,18570,18570,3,1,tradeable_sweep_candidate,0,1,0,0.7056251682678576,1.5171173108186373,0,0,0,1,0.7645850160119085,8.0,0.5927964843879557,0.5927964843879557,,,Dead,3.58029534393647,previous_week_high|above|4264.685,previous_week_high|above|4264.685|18570,prior_period
18588,18586,above,18586102.0,session_high,4217.27,0.5,5.0,18581,18581,4,0,standard_liquidity_sweep,0,1,0,0.5635312716773255,1.1004789080068187,0,0,0,1,0.7325255319117041,10.0,-0.3121858305604745,0.3121858305604745,prev_asia_high,completed_previous_session_only,NY,1.1529489978761354,session_high|above|4217.27,session_high|above|4217.27|18581,session
18602,18600,above,18600102.0,previous_day_high,4329.38,0.55,4.0,18596,18596,4,0,micro_interaction_sweep,1,0,0,0.5440465908711127,0.09236690844371231,0,0,1,1,0.5071325753777935,7.0,0.3132931561912327,0.3132931561912327,,,Asia,1.0144049676356028,previous_day_high|above|4329.38,previous_day_high|above|4329.38|18596,prior_period
18603,18603,below,18603202.0,support,4300.355,0.55,4.0,11917,18599,3,0,displacement_confirmed_sweep,0,1,1,0.567833643141712,0.7586463777103792,1,0,0,1,0.38633657155269635,8.0,-0.13638195173462137,0.13638195173462137,,,Overlap,1.347519244723106,support|below|4300.355,support|below|4300.355|18599,s_r
18608,18607,below,18607201.0,previous_day_low,4285.51,0.55,2.0,18603,18605,4,0,micro_interaction_sweep,1,0,0,0.5247304963894611,0.12825221977970705,1,0,0,1,0.36667457891073874,8.0,-0.27581867531690724,0.27581867531690724,,,Asia,0.13711465341085374,previous_day_low|below|4285.51,previous_day_low|below|4285.51|18605,prior_period
18609,18608,above,18608101.0,session_high,4317.825,0.45,3.0,18605,18605,4,1,tradeable_sweep_candidate,0,1,0,0.5730187899903424,1.3816599275334462,0,0,0,1,0.4610936464157562,7.0,-0.21409060505789468,0.21409060505789468,prev_ny_high,completed_previous_session_only,London,1.3816599275334462,session_high|above|4317.825,session_high|above|4317.825|18605,session
18617,18614,above,18614101.0,previous_day_high,4335.185,0.55,5.0,18609,18609,4,0,standard_liquidity_sweep,0,1,0,0.46289898468764124,0.5765990532880724,0,0,0,1,0.35933079505243637,8.0,-0.10207509233303984,0.10207509233303984,,,London,1.0553506184768406,previous_day_high|above|4335.185,previous_day_high|above|4335.185|18609,prior_period
18621,18621,above,18621103.0,previous_week_high,4353.605,0.55,21.0,18600,18600,3,1,tradeable_sweep_candidate,0,1,0,0.6899858537082556,0.9290045248275703,0,0,0,1,0.5775629465208885,8.0,0.3934472606091122,0.3934472606091122,,,Overlap,2.6060758335927985,previous_week_high|above|4353.605,previous_week_high|above|4353.605|18600,prior_period
18624,18623,below,18623201.0,session_low,4322.765,0.5,3.0,18620,18620,4,0,displacement_confirmed_sweep,0,1,1,0.5181428148030796,0.35607545827705844,1,1,0,1,0.41827370367436545,9.0,-0.21598788663876375,0.21598788663876375,prev_ny_low,completed_previous_session_only,Dead,0.35607545827705844,session_low|below|4322.765,session_low|below|4322.765|18620,session
18641,18641,above,18641101.0,resistance,4497.9574557817305,0.75,6.0,8142,18635,3,1,tradeable_sweep_candidate,0,1,0,0.6824525917713695,0.44793799180109206,0,0,0,1,0.7081772405804863,6.0,0.6388267480533447,0.6388267480533447,,,Dead,1.776270681447307,resistance|above|4497.9575,resistance|above|4497.9575|18635,s_r
18650,18650,above,18650101.0,resistance,4533.145,0.65,3.0,18646,18647,3,1,tradeable_sweep_candidate,0,1,1,0.6405796220943621,0.3876700035160142,1,0,1,1,0.4524815267419047,7.0,0.0622094655613989,0.0622094655613989,,,Overlap,0.662524801261153,resistance|above|4533.145,resistance|above|4533.145|18647,s_r
18652,18652,below,18652202.0,support,4499.323484848485,0.6,4.0,18649,18648,3,1,tradeable_sweep_candidate,0,1,1,0.6512904682499199,1.144774271433187,1,0,0,1,0.6507469834443659,6.0,-0.2240139900772424,0.2240139900772424,,,Dead,1.144774271433187,support|below|4499.3235,support|below|4499.3235|18648,s_r
18670,18668,below,18668203.0,session_low,4334.835,0.45,4.0,18664,18664,4,0,standard_liquidity_sweep,0,1,0,0.49182729697434685,0.2655247156963972,0,0,0,1,0.3060471341703639,10.0,-0.21263612185786282,0.21263612185786282,prev_ny_low,completed_previous_session_only,Overlap,0.3591770525655842,session_low|below|4334.835,session_low|below|4334.835|18664,session
18675,18674,below,18674202.0,previous_day_low,4327.91,0.5,3.0,18671,18671,4,0,displacement_confirmed_sweep,0,1,1,0.5252049076779782,0.6580690445595689,0,0,1,1,0.4463456025282787,10.0,0.2680085880495425,0.2680085880495425,,,Overlap,1.7956074883591426,previous_day_low|below|4327.91,previous_day_low|below|4327.91|18671,prior_period
18676,18673,below,18673203.0,previous_week_low,4384.445,0.55,20.0,18653,18653,4,0,displacement_confirmed_sweep,0,1,1,0.5676552067569207,0.3093019341221939,0,0,1,1,0.9273197104546091,9.0,-0.21744224392661804,0.21744224392661804,,,London,2.597263521461219,previous_week_low|below|4384.445,previous_week_low|below|4384.445|18653,prior_period
18684,18683,above,18683103.0,swing_high,4455.69,0.4,1.0,18680,18682,4,0,standard_liquidity_sweep,0,1,0,0.5272985100474871,0.015552046472441136,0,0,0,1,0.5146517671415372,9.0,0.05609094878696699,0.05609094878696699,,,Asia,0.015552046472441136,swing_high|above|4455.69,swing_high|above|4455.69|18682,swing
18692,18691,below,18691201.0,session_low,4448.92,0.45,5.0,18686,18686,4,0,standard_liquidity_sweep,0,1,0,0.5753125297735862,0.4397931950368045,0,0,0,1,0.5909028870100592,8.0,-0.1015437800574238,0.1015437800574238,prev_london_low,completed_previous_session_only,London,1.3176902616435893,session_low|below|4448.92,session_low|below|4448.92|18686,session
18697,18697,below,18697202.0,support,4423.545000000001,0.6,4.0,3859,18693,3,0,standard_liquidity_sweep,0,1,0,0.5734142098941074,0.2961906711975024,0,0,0,1,0.37993847925372576,10.0,0.15437734029688024,0.15437734029688024,,,London,0.9550292282134663,support|below|4423.545,support|below|4423.545|18693,s_r
18698,18695,below,18695202.0,session_low,4441.44,0.45,4.0,18691,18691,4,0,micro_interaction_sweep,1,0,0,0.5469540028194617,0.0004343300708900238,0,0,0,1,0.7506529496247307,10.0,0.15727966563567075,0.15727966563567075,prev_asia_low,completed_previous_session_only,Asia,0.4388634765106787,session_low|below|4441.44,session_low|below|4441.44|18691,session
18704,18704,above,18704101.0,resistance,4499.777212653624,0.5753413064657621,16.0,8155,18688,3,0,micro_interaction_sweep,1,0,0,0.5841199416885485,0.1616360700845514,0,0,0,1,0.40493541732388383,8.0,0.11154911614289713,0.11154911614289713,,,Overlap,2.0119521188214957,resistance|above|4499.7772,resistance|above|4499.7772|18688,s_r
18711,18709,above,18709101.0,previous_week_high,4601.61,0.7000000000000001,2.0,18706,18707,4,0,micro_interaction_sweep,1,0,0,0.5902817487468295,0.21117209626170125,0,0,0,1,0.5528174874682938,6.0,-0.01585771278793344,0.01585771278793344,,,London,0.6743724004267604,previous_week_high|above|4601.61,previous_week_high|above|4601.61|18707,prior_period
18716,18715,above,18715102.0,session_high,4619.05,0.5,5.0,18710,18710,4,1,tradeable_sweep_candidate,0,1,0,0.571112794977405,1.0351772430364836,0,0,0,1,0.4319447175455953,7.0,0.008240360549766346,0.008240360549766346,prev_ny_high,completed_previous_session_only,London,1.1424583778805504,session_high|above|4619.05,session_high|above|4619.05|18710,session
18718,18717,below,18717201.0,session_low,4589.445,0.45,5.0,18712,18712,4,0,standard_liquidity_sweep,0,1,0,0.5421591824319446,0.13810300661812389,0,0,0,1,0.5799251576527787,9.0,-0.07939364370997957,0.07939364370997957,prev_ny_low,completed_previous_session_only,NY,1.2158277429353375,session_low|below|4589.445,session_low|below|4589.445|18712,session
18726,18724,below,18724202.0,session_low,4613.51,0.45,3.0,18721,18721,4,0,standard_liquidity_sweep,0,1,0,0.561991865528527,0.3976686587142523,0,0,0,1,0.8949186552852691,7.0,-0.12310573684515663,0.12310573684515663,prev_asia_low,completed_previous_session_only,Dead,0.6550403050359206,session_low|below|4613.51,session_low|below|4613.51|18721,session
18727,18727,below,18727201.0,session_low,4607.02,0.45,5.0,18722,18722,3,1,tradeable_sweep_candidate,0,1,0,0.6049011598945994,0.40055853572405054,0,0,0,1,0.7503309738380984,7.0,0.12412059534908133,0.12412059534908133,prev_london_low,completed_previous_session_only,London,0.8508133457765584,session_low|below|4607.02,session_low|below|4607.02|18722,session
18734,18734,below,18734201.0,support,4582.095049984307,0.65,10.0,11944,18724,3,1,tradeable_sweep_candidate,0,1,0,0.7020676026416781,0.8569134024512127,0,0,0,1,1.1562941260299389,8.0,0.019690203933951694,0.019690203933951694,,,Overlap,1.1700307115453918,support|below|4582.095,support|below|4582.095|18724,s_r
18764,18764,above,18764101.0,previous_day_high,4967.675,0.6,3.0,18760,18761,3,1,tradeable_sweep_candidate,0,1,1,0.6177994602847826,0.5354351473323267,1,0,0,1,0.45479940185122053,7.0,0.021782845081403362,0.021782845081403362,,,Overlap,0.8394755990337791,previous_day_high|above|4967.675,previous_day_high|above|4967.675|18761,prior_period
18788,18788,below,18788202.0,support,5229.118578754555,0.6089015121595773,8.0,11956,18780,3,1,tradeable_sweep_candidate,0,1,0,0.7249873448386892,3.5791724457492946,0,0,0,1,1.2319206518806973,7.0,0.7080978047984535,0.7080978047984535,,,Overlap,4.590158632957388,support|below|5229.1186,support|below|5229.1186|18780,s_r
18790,18790,below,18790201.0,support,5224.575,0.55,6.0,11956,18784,3,0,standard_liquidity_sweep,0,1,0,0.6418959381652406,1.4386858022401998,0,0,0,1,0.9015758087021135,8.0,0.005078833256855494,0.005078833256855494,,,Dead,4.652880530348535,support|below|5224.575,support|below|5224.575|18784,s_r
18792,18792,below,18792201.0,support,5098.109999999999,0.6725979774946231,3.0,3879,18789,3,1,tradeable_sweep_candidate,0,1,0,0.7032854222168418,0.49835914557374866,0,0,0,1,1.151392512021275,7.0,0.17198682392234063,0.17198682392234063,,,Asia,2.688769281441191,support|below|5098.11,support|below|5098.11|18789,s_r
18798,18797,below,18797203.0,swing_low,4683.105,0.4,1.0,18794,18796,4,1,tradeable_sweep_candidate,0,1,0,0.5977667210391909,0.17629471736252386,0,0,0,1,1.6517113816528548,8.0,-0.46528324680941135,0.46528324680941135,,,Asia,0.17629471736252386,swing_low|below|4683.105,swing_low|below|4683.105|18796,swing
18820,18819,below,18819202.0,previous_day_low,4805.985,0.5,4.0,18815,18815,4,0,standard_liquidity_sweep,0,1,0,0.530885971221266,0.4112319961524529,0,0,0,1,0.3688063645346225,10.0,-0.17574931320329568,0.17574931320329568,,,NY,0.8530730334599516,previous_day_low|below|4805.985,previous_day_low|below|4805.985|18815,prior_period
18832,18830,above,18830101.0,previous_day_high,5047.925,0.6,3.0,18827,18827,4,0,micro_interaction_sweep,1,0,0,0.5932539950483723,0.10337567971894183,0,0,0,1,0.35396832095426384,9.0,-0.16023588687420112,0.16023588687420112,,,Overlap,0.5730633242162974,previous_day_high|above|5047.925,previous_day_high|above|5047.925|18827,prior_period
18841,18840,above,18840102.0,previous_day_high,5078.7,0.55,4.0,18836,18836,4,0,micro_interaction_sweep,1,0,0,0.5020547499219563,0.21055218543635548,0,0,0,1,0.14219744203876167,9.0,-0.05897250058632188,0.05897250058632188,,,Asia,0.8340931844593361,previous_day_high|above|5078.7,previous_day_high|above|5078.7|18836,prior_period
18860,18859,below,18859201.0,previous_day_low,4992.2,0.5,2.0,18857,18857,4,0,micro_interaction_sweep,1,0,0,0.41923153653343886,0.23629675907446962,0,0,0,1,0.18141217466693044,10.0,-0.06707825775489364,0.06707825775489364,,,London,0.23629675907446962,previous_day_low|below|4992.2,previous_day_low|below|4992.2|18857,prior_period
18864,18863,below,18863202.0,support,4878.5,0.65,14.0,3889,18849,4,0,standard_liquidity_sweep,0,1,0,0.47260791033423993,1.6719276532897935,0,0,0,1,0.2002697758355997,9.0,-0.22100157573253107,0.22100157573253107,,,Asia,2.5643928154895157,support|below|4878.5,support|below|4878.5|18849,s_r
18874,18871,above,18871102.0,previous_day_high,4970.205,0.5,2.0,18869,18869,4,0,standard_liquidity_sweep,0,1,0,0.4839174981745264,1.0370131885190597,0,0,0,1,0.43271041210298267,9.0,0.08441824084334618,0.08441824084334618,,,London,1.0370131885190597,previous_day_high|above|4970.205,previous_day_high|above|4970.205|18869,prior_period
18876,18875,above,18875102.0,session_high,4995.525,0.5,3.0,18872,18872,4,0,standard_liquidity_sweep,0,1,0,0.5554607410664777,0.5414101249624672,0,0,0,1,0.18655066392717773,8.0,-0.14902269066368723,0.14902269066368723,prev_ny_high,completed_previous_session_only,Asia,0.5414101249624672,session_high|above|4995.525,session_high|above|4995.525|18872,session
18896,18895,below,18895202.0,session_low,5141.615,0.45,5.0,18890,18890,4,1,tradeable_sweep_candidate,0,1,0,0.6138236773212314,0.6504163549654816,0,0,0,1,0.3987360399306504,10.0,0.14158045892948154,0.14158045892948154,prev_london_low,completed_previous_session_only,London,1.82021995269723,session_low|below|5141.615,session_low|below|5141.615|18890,session
18900,18899,above,18899101.0,previous_day_high,5193.8,0.55,4.0,18895,18895,4,0,standard_liquidity_sweep,0,1,0,0.49851830208792053,0.2579181462714088,0,0,0,1,0.33796242188646797,9.0,-0.017233778999244324,0.017233778999244324,,,Asia,1.298754964481817,previous_day_high|above|5193.8,previous_day_high|above|5193.8|18895,prior_period
18906,18904,above,18904101.0,previous_week_high,5176.9,0.55,17.0,18887,18887,4,0,micro_interaction_sweep,1,0,0,0.5266103342340964,0.24607786147711092,0,0,0,1,0.44777583558524087,10.0,-0.15632164986217287,0.15632164986217287,,,Dead,0.9657661318982863,previous_week_high|above|5176.9,previous_week_high|above|5176.9|18887,prior_period
18909,18908,below,18908201.0,previous_day_low,5145.365,0.55,4.0,18904,18904,4,0,displacement_confirmed_sweep,0,1,1,0.48938575033283216,0.4329524954434814,0,1,0,1,0.3151310424987471,8.0,0.7569165947428205,0.7569165947428205,,,Overlap,1.0358449043168807,previous_day_low|below|5145.365,previous_day_low|below|5145.365|18904,prior_period
18920,18920,below,18920201.0,support,5304.774782608696,0.6,4.0,11983,18916,3,1,tradeable_sweep_candidate,0,1,1,0.693695239881982,0.5712411826234657,1,0,0,1,0.7173271325211817,7.0,0.19737974855484525,0.19737974855484525,,,Overlap,1.7918369601911148,support|below|5304.7748,support|below|5304.7748|18916,s_r
18926,18925,below,18925204.0,swing_low,5130.71,0.4,15.0,18908,18910,4,1,tradeable_sweep_candidate,0,1,0,0.6544714559635254,1.9600914937693248,0,0,0,1,1.0508533605114483,9.0,-0.7538360903623588,0.7538360903623588,,,London,5.474620173567523,swing_low|below|5130.71,swing_low|below|5130.71|18910,swing
18940,18937,below,18937203.0,session_low,5120.8,0.5,3.0,18934,18934,4,0,standard_liquidity_sweep,0,1,0,0.5135905899294226,0.6452782867220141,0,0,0,1,0.3950292981539688,10.0,-0.09156451138929068,0.09156451138929068,prev_asia_low,completed_previous_session_only,London,1.0274823632697292,session_low|below|5120.8,session_low|below|5120.8|18934,session
18946,18946,below,18946202.0,previous_day_low,5063.22,0.55,2.0,18944,18944,3,0,standard_liquidity_sweep,0,1,0,0.6325911845316221,1.7878425955759951,0,0,0,1,0.7131297955320817,9.0,-0.08164873087546859,0.08164873087546859,,,Dead,1.7878425955759951,previous_day_low|below|5063.22,previous_day_low|below|5063.22|18944,prior_period
18947,18946,below,18946201.0,session_low,5075.66,0.45,3.0,18943,18943,4,0,standard_liquidity_sweep,0,1,0,0.5655802550297494,1.5826789786859559,0,0,0,1,0.7131297955320817,9.0,-0.08164873087546859,0.08164873087546859,prev_asia_low,completed_previous_session_only,Dead,1.5826789786859559,session_low|below|5075.66,session_low|below|5075.66|18943,session
18965,18965,below,18965203.0,support,5155.0876415094335,0.6,10.0,18960,18955,3,0,standard_liquidity_sweep,0,1,0,0.5117939042457015,0.40954604951164364,0,0,0,1,0.3211514272809203,10.0,-0.010036899919919991,0.010036899919919991,,,Dead,1.2035068858953109,support|below|5155.0876,support|below|5155.0876|18955,s_r
18977,18977,below,18977202.0,support,5006.884779709008,0.65,52.0,3903,18925,3,1,tradeable_sweep_candidate,0,1,0,0.6002244543517112,0.2609014039038524,0,0,0,1,0.3782416415545684,8.0,0.12804379222717702,0.12804379222717702,,,Dead,3.663778106803473,support|below|5006.8848,support|below|5006.8848|18925,s_r
18983,18981,below,18981201.0,session_low,5009.745,0.45,4.0,18977,18977,4,0,standard_liquidity_sweep,0,1,0,0.5315480791521728,0.3898858785996624,0,0,0,1,0.6738141248550614,7.0,-0.3507629585160913,0.3507629585160913,prev_ny_low,completed_previous_session_only,Overlap,0.3898858785996624,session_low|below|5009.745,session_low|below|5009.745|18977,session
18987,18987,below,18987202.0,session_low,4992.08,0.5,4.0,18983,18983,3,0,standard_liquidity_sweep,0,1,0,0.5452707951805419,0.5372392414043268,0,0,0,1,0.3506331180390428,7.0,-0.05392682993715801,0.05392682993715801,prev_london_low,completed_previous_session_only,Overlap,0.7191904273890559,session_low|below|4992.08,session_low|below|4992.08|18983,session
19040,19040,above,19040102.0,session_high,4550.855,0.5,3.0,19035,19037,3,0,micro_interaction_sweep,1,0,0,0.5090895885997158,0.24956929652351142,0,0,0,1,0.3426981718623412,8.0,0.271235353583669,0.271235353583669,prev_asia_high,completed_previous_session_only,London,1.0432433834135495,session_high|above|4550.855,session_high|above|4550.855|19037,session
19041,19041,above,19041101.0,session_high,4528.725,0.45,4.0,19037,19037,3,0,micro_interaction_sweep,1,0,0,0.5425013884474064,0.07079018953097414,0,0,0,1,0.3947076464634852,9.0,0.1931115399467918,0.1931115399467918,prev_ny_high,completed_previous_session_only,Overlap,0.7580781650965873,session_high|above|4528.725,session_high|above|4528.725|19037,session
19044,19043,above,19043101.0,previous_week_high,4602.62,0.55,5.0,19038,19038,4,0,standard_liquidity_sweep,0,1,0,0.45419691674792595,1.3381751690252655,0,0,0,1,0.22715895853648152,10.0,-0.03516286854411728,0.03516286854411728,,,Dead,1.3381751690252655,previous_week_high|above|4602.62,previous_week_high|above|4602.62|19038,prior_period
19055,19052,above,19052102.0,previous_day_high,4724.48,0.5,2.0,19050,19050,4,0,micro_interaction_sweep,1,0,0,0.5188022678733483,0.015581763703876709,1,0,0,1,0.6014168947997738,9.0,0.1439549224960085,0.1439549224960085,,,London,0.6129182065502412,previous_day_high|above|4724.48,previous_day_high|above|4724.48|19050,prior_period
19062,19062,above,19062101.0,resistance,4653.036521739131,0.6,4.0,19059,19058,3,0,standard_liquidity_sweep,0,1,0,0.48665543106026304,0.3840759241194035,0,0,0,1,0.23747191098399098,8.0,0.006617004044144733,0.006617004044144733,,,Asia,0.3840759241194035,resistance|above|4653.0365,resistance|above|4653.0365|19058,s_r
19065,19063,above,19063103.0,previous_day_high,4654.38,0.5,1.0,19062,19062,4,0,standard_liquidity_sweep,0,1,0,0.5537883827128559,0.025878937625279506,0,0,0,1,0.7558521399815921,10.0,0.1492506660443138,0.1492506660443138,,,Asia,0.025878937625279506,previous_day_high|above|4654.38,previous_day_high|above|4654.38|19062,prior_period
19075,19073,above,19073101.0,equal_high,4796.995,0.6000000000000001,16.0,3371,19057,4,0,standard_liquidity_sweep,0,1,0,0.5942373190162894,1.497669889705934,0,0,0,1,0.842373190162893,8.0,-0.19608108187643197,0.19608108187643197,,,Dead,2.7430099895095634,equal_high|above|4796.995,equal_high|above|4796.995|19057,eqh_eql
