candidate_lineage_id,candidate_lookback_bars,birth_idx,birth_timestamp,last_idx,last_timestamp,raw_candidate_flag,maturity_pass_flag,maturity_pass_idx,maturity_pass_timestamp,viability_pass_flag,viability_pass_idx,viability_pass_timestamp,confirmed_flag,duplicate_suppressed_flag,range_confirm_idx,range_confirm_timestamp,failed_dwell,failed_boundary_stability,failed_same_lineage_continuation,failed_candidate_eligibility_before_maturity,range_recent_expansion_veto_flag,range_viability_gate_pass,range_recent_pressure_imbalance,range_recent_equilibrium_score,range_recent_two_sided_freshness_score,range_recent_upper_pressure_count,range_recent_lower_pressure_count,range_recent_pressure_dominant_side,range_strength_viability,viability_fail_due_to_pressure,viability_fail_due_to_equilibrium,viability_fail_due_to_freshness,viability_fail_due_to_score_threshold,viability_fail_multiple_reasons,expansion_veto_seen_flag,low_viability_reject_seen_flag
1,5,14,2014-01-06 07:00:00+00:00,14,2014-01-06 07:00:00+00:00,1,0,,,0,,,0,0,,,1,0,0,1,0,0,,,,,,0,,0,0,0,0,0,0,0
5,5,22,2014-01-07 15:00:00+00:00,22,2014-01-07 15:00:00+00:00,1,0,,,0,,,0,0,,,1,0,0,1,0,0,,,,,,0,,0,0,0,0,0,0,0
7,5,28,2014-01-08 15:00:00+00:00,28,2014-01-08 15:00:00+00:00,1,0,,,0,,,0,0,,,1,0,0,1,0,0,,,,,,0,,0,0,0,0,0,0,0
11,5,34,2014-01-09 15:00:00+00:00,35,2014-01-09 19:00:00+00:00,1,0,,,0,,,0,0,,,1,0,0,1,0,0,,,,,,0,,0,0,0,0,0,0,0
16,5,51,2014-01-14 11:00:00+00:00,51,2014-01-14 11:00:00+00:00,1,0,,,0,,,0,0,,,1,0,1,1,0,0,,,,,,0,,0,0,0,0,0,0,0
18,5,53,2014-01-14 19:00:00+00:00,53,2014-01-14 19:00:00+00:00,1,0,,,0,,,0,0,,,1,0,0,1,0,0,,,,,,0,,0,0,0,0,0,0,0
23,5,68,2014-01-17 07:00:00+00:00,68,2014-01-17 07:00:00+00:00,1,0,,,0,,,0,0,,,1,0,0,1,0,0,,,,,,0,,0,0,0,0,0,0,0
24,5,78,2014-01-21 03:00:00+00:00,78,2014-01-21 03:00:00+00:00,1,0,,,0,,,0,0,,,1,0,0,1,0,0,,,,,,0,,0,0,0,0,0,0,0
25,5,85,2014-01-22 07:00:00+00:00,87,2014-01-22 15:00:00+00:00,1,0,,,0,,,0,0,,,1,0,0,1,0,0,,,,,,0,,0,0,0,0,0,0,0
26,5,97,2014-01-24 07:00:00+00:00,97,2014-01-24 07:00:00+00:00,1,0,,,0,,,0,0,,,1,0,0,1,0,0,,,,,,0,,0,0,0,0,0,0,0
27,5,113,2014-01-28 23:00:00+00:00,113,2014-01-28 23:00:00+00:00,1,0,,,0,,,0,0,,,1,0,0,1,0,0,,,,,,0,,0,0,0,0,0,0,0
32,5,120,2014-01-30 03:00:00+00:00,120,2014-01-30 03:00:00+00:00,1,0,,,0,,,0,0,,,1,0,0,1,0,0,,,,,,0,,0,0,0,0,0,0,0
34,5,176,2014-02-12 11:00:00+00:00,176,2014-02-12 11:00:00+00:00,1,0,,,0,,,0,0,,,1,0,0,1,0,0,,,,,,0,,0,0,0,0,0,0,0
35,5,201,2014-02-18 19:00:00+00:00,202,2014-02-18 23:00:00+00:00,1,0,,,0,,,0,0,,,1,0,0,1,0,0,,,,,,0,,0,0,0,0,0,0,0
37,5,208,2014-02-19 23:00:00+00:00,209,2014-02-20 03:00:00+00:00,1,0,,,0,,,0,0,,,1,0,0,1,0,0,,,,,,0,,0,0,0,0,0,0,0
40,5,217,2014-02-21 11:00:00+00:00,217,2014-02-21 11:00:00+00:00,1,0,,,0,,,0,0,,,1,0,0,1,0,0,,,,,,0,,0,0,0,0,0,0,0
41,5,221,2014-02-24 03:00:00+00:00,221,2014-02-24 03:00:00+00:00,1,0,,,0,,,0,0,,,1,0,0,1,0,0,,,,,,0,,0,0,0,0,0,0,0
42,5,229,2014-02-25 11:00:00+00:00,229,2014-02-25 11:00:00+00:00,1,0,,,0,,,0,0,,,1,0,1,1,0,0,,,,,,0,,0,0,0,0,0,0,0
43,5,231,2014-02-25 19:00:00+00:00,232,2014-02-25 23:00:00+00:00,1,0,,,0,,,0,0,,,1,0,0,1,0,0,,,,,,0,,0,0,0,0,0,0,0
45,5,247,2014-02-28 11:00:00+00:00,247,2014-02-28 11:00:00+00:00,1,0,,,0,,,0,0,,,1,0,0,1,0,0,,,,,,0,,0,0,0,0,0,0,0
46,5,265,2014-03-05 11:00:00+00:00,265,2014-03-05 11:00:00+00:00,1,0,,,0,,,0,0,,,1,0,0,1,0,0,,,,,,0,,0,0,0,0,0,0,0
49,5,303,2014-03-13 10:00:00+00:00,304,2014-03-13 14:00:00+00:00,1,0,,,0,,,0,0,,,1,0,0,1,0,0,,,,,,0,,0,0,0,0,0,0,0
50,5,341,2014-03-21 14:00:00+00:00,342,2014-03-21 18:00:00+00:00,1,0,,,0,,,0,0,,,1,0,0,1,0,0,,,,,,0,,0,0,0,0,0,0,0
53,5,350,2014-03-24 22:00:00+00:00,350,2014-03-24 22:00:00+00:00,1,0,,,0,,,0,0,,,1,0,1,1,0,0,,,,,,0,,0,0,0,0,0,0,0
54,5,352,2014-03-25 06:00:00+00:00,352,2014-03-25 06:00:00+00:00,1,0,,,0,,,0,0,,,1,0,0,1,0,0,,,,,,0,,0,0,0,0,0,0,0
55,5,358,2014-03-26 06:00:00+00:00,358,2014-03-26 06:00:00+00:00,1,0,,,0,,,0,0,,,1,0,0,1,0,0,,,,,,0,,0,0,0,0,0,0,0
57,5,370,2014-03-28 06:00:00+00:00,370,2014-03-28 06:00:00+00:00,1,0,,,0,,,0,0,,,1,0,0,1,0,0,,,,,,0,,0,0,0,0,0,0,0
58,5,376,2014-03-31 02:00:00+00:00,377,2014-03-31 06:00:00+00:00,1,0,,,0,,,0,0,,,1,0,0,1,0,0,,,,,,0,,0,0,0,0,0,0,0
59,5,380,2014-03-31 18:00:00+00:00,380,2014-03-31 18:00:00+00:00,1,0,,,0,,,0,0,,,1,0,0,1,0,0,,,,,,0,,0,0,0,0,0,0,0
61,5,385,2014-04-01 14:00:00+00:00,385,2014-04-01 14:00:00+00:00,1,0,,,0,,,0,0,,,1,0,0,1,0,0,,,,,,0,,0,0,0,0,0,0,0
62,5,391,2014-04-02 14:00:00+00:00,391,2014-04-02 14:00:00+00:00,1,0,,,0,,,0,0,,,1,0,1,1,0,0,,,,,,0,,0,0,0,0,0,0,0
64,5,393,2014-04-02 22:00:00+00:00,393,2014-04-02 22:00:00+00:00,1,0,,,0,,,0,0,,,1,0,0,1,0,0,,,,,,0,,0,0,0,0,0,0,0
67,5,409,2014-04-07 10:00:00+00:00,412,2014-04-07 22:00:00+00:00,1,0,,,0,,,0,0,,,0,0,0,1,0,0,,,,,,0,,0,0,0,0,0,0,0
69,5,418,2014-04-08 22:00:00+00:00,420,2014-04-09 06:00:00+00:00,1,0,,,0,,,0,0,,,1,0,0,1,0,0,,,,,,0,,0,0,0,0,0,0,0
70,5,430,2014-04-10 22:00:00+00:00,430,2014-04-10 22:00:00+00:00,1,0,,,0,,,0,0,,,1,0,0,1,0,0,,,,,,0,,0,0,0,0,0,0,0
74,5,457,2014-04-17 06:00:00+00:00,458,2014-04-17 10:00:00+00:00,1,0,,,0,,,0,0,,,1,0,0,1,0,0,,,,,,0,,0,0,0,0,0,0,0
77,5,470,2014-04-22 06:00:00+00:00,470,2014-04-22 06:00:00+00:00,1,0,,,0,,,0,0,,,1,0,0,1,0,0,,,,,,0,,0,0,0,0,0,0,0
79,5,498,2014-04-28 18:00:00+00:00,499,2014-04-28 22:00:00+00:00,1,0,,,0,,,0,0,,,1,0,0,1,0,0,,,,,,0,,0,0,0,0,0,0,0
80,5,512,2014-05-01 02:00:00+00:00,512,2014-05-01 02:00:00+00:00,1,0,,,0,,,0,0,,,1,0,0,1,0,0,,,,,,0,,0,0,0,0,0,0,0
82,5,527,2014-05-05 10:00:00+00:00,527,2014-05-05 10:00:00+00:00,1,0,,,0,,,0,0,,,1,0,0,1,0,0,,,,,,0,,0,0,0,0,0,0,0
83,5,530,2014-05-05 22:00:00+00:00,530,2014-05-05 22:00:00+00:00,1,0,,,0,,,0,0,,,1,0,0,1,0,0,,,,,,0,,0,0,0,0,0,0,0
88,5,538,2014-05-07 06:00:00+00:00,538,2014-05-07 06:00:00+00:00,1,0,,,0,,,0,0,,,1,0,0,1,0,0,,,,,,0,,0,0,0,0,0,0,0
90,5,564,2014-05-13 10:00:00+00:00,567,2014-05-13 22:00:00+00:00,1,1,567.0,2014-05-13 22:00:00+00:00,0,,,0,0,,,0,0,0,0,0,0,0.5038568180863817,0.9588731235862703,0.4,1.0,0.0,1,0.5163505250527114,0,0,0,1,0,0,1
92,5,575,2014-05-15 06:00:00+00:00,575,2014-05-15 06:00:00+00:00,1,0,,,0,,,0,0,,,1,0,0,1,0,0,,,,,,0,,0,0,0,0,0,0,0
94,5,619,2014-05-26 06:00:00+00:00,623,2014-05-26 22:00:00+00:00,1,1,623.0,2014-05-26 22:00:00+00:00,0,,,0,0,,,0,0,0,0,0,0,0.4401550262052593,0.8786752281176611,1.0,2.0,3.0,-1,0.4405759163679104,0,0,0,1,0,0,1
96,5,633,2014-05-28 14:00:00+00:00,634,2014-05-28 18:00:00+00:00,1,0,,,0,,,0,0,,,1,0,0,1,0,0,,,,,,0,,0,0,0,0,0,0,0
98,5,641,2014-05-29 22:00:00+00:00,641,2014-05-29 22:00:00+00:00,1,0,,,0,,,0,0,,,1,0,0,1,0,0,,,,,,0,,0,0,0,0,0,0,0
100,5,656,2014-06-03 06:00:00+00:00,656,2014-06-03 06:00:00+00:00,1,0,,,0,,,0,0,,,1,0,0,1,0,0,,,,,,0,,0,0,0,0,0,0,0
101,5,662,2014-06-04 06:00:00+00:00,662,2014-06-04 06:00:00+00:00,1,0,,,0,,,0,0,,,1,0,0,1,0,0,,,,,,0,,0,0,0,0,0,0,0
102,5,668,2014-06-05 06:00:00+00:00,668,2014-06-05 06:00:00+00:00,1,0,,,0,,,0,0,,,1,0,0,1,0,0,,,,,,0,,0,0,0,0,0,0,0
103,5,687,2014-06-10 06:00:00+00:00,687,2014-06-10 06:00:00+00:00,1,0,,,0,,,0,0,,,1,0,0,1,0,0,,,,,,0,,0,0,0,0,0,0,0
104,5,695,2014-06-11 14:00:00+00:00,697,2014-06-11 22:00:00+00:00,1,0,,,0,,,0,0,,,1,0,0,1,0,0,,,,,,0,,0,0,0,0,0,0,0
106,5,707,2014-06-13 14:00:00+00:00,709,2014-06-15 18:00:00+00:00,1,0,,,0,,,0,0,,,1,0,0,1,0,0,,,,,,0,,0,0,0,0,0,0,0
108,5,724,2014-06-18 06:00:00+00:00,724,2014-06-18 06:00:00+00:00,1,0,,,0,,,0,0,,,1,0,0,1,0,0,,,,,,0,,0,0,0,0,0,0,0
109,5,743,2014-06-23 06:00:00+00:00,747,2014-06-23 22:00:00+00:00,1,1,747.0,2014-06-23 22:00:00+00:00,0,,,0,0,,,0,0,0,0,0,0,0.5913983069227187,0.6648903305529705,0.4,3.0,0.0,1,0.5406488556707716,1,0,0,1,0,0,1
111,5,750,2014-06-24 10:00:00+00:00,752,2014-06-24 18:00:00+00:00,1,0,,,0,,,0,0,,,1,0,0,1,0,0,,,,,,0,,0,0,0,0,0,0,0
116,5,762,2014-06-26 10:00:00+00:00,765,2014-06-26 22:00:00+00:00,1,0,,,0,,,0,0,,,0,0,1,1,0,0,,,,,,0,,0,0,0,0,0,0,0
118,5,767,2014-06-27 06:00:00+00:00,767,2014-06-27 06:00:00+00:00,1,0,,,0,,,0,0,,,1,0,0,1,0,0,,,,,,0,,0,0,0,0,0,0,0
119,5,772,2014-06-29 22:00:00+00:00,772,2014-06-29 22:00:00+00:00,1,0,,,0,,,0,0,,,1,0,0,1,0,0,,,,,,0,,0,0,0,0,0,0,0
121,5,785,2014-07-02 02:00:00+00:00,785,2014-07-02 02:00:00+00:00,1,0,,,0,,,0,0,,,1,0,0,1,0,0,,,,,,0,,0,0,0,0,0,0,0
123,5,828,2014-07-11 06:00:00+00:00,833,2014-07-13 22:00:00+00:00,1,1,833.0,2014-07-13 22:00:00+00:00,0,,,0,0,,,0,0,0,0,0,0,0.2758650340068359,0.935993349958425,1.0,2.0,1.0,1,0.5164558877121399,0,0,0,1,0,0,1
125,5,847,2014-07-16 06:00:00+00:00,847,2014-07-16 06:00:00+00:00,1,0,,,0,,,0,0,,,1,0,0,1,0,0,,,,,,0,,0,0,0,0,0,0,0
126,5,850,2014-07-16 18:00:00+00:00,851,2014-07-16 22:00:00+00:00,1,0,,,0,,,0,0,,,1,0,1,1,0,0,,,,,,0,,0,0,0,0,0,0,0
128,5,853,2014-07-17 06:00:00+00:00,854,2014-07-17 10:00:00+00:00,1,0,,,0,,,0,0,,,1,0,0,1,0,0,,,,,,0,,0,0,0,0,0,0,0
131,5,878,2014-07-23 06:00:00+00:00,878,2014-07-23 06:00:00+00:00,1,0,,,0,,,0,0,,,1,0,0,1,0,0,,,,,,0,,0,0,0,0,0,0,0
133,5,887,2014-07-24 18:00:00+00:00,888,2014-07-24 22:00:00+00:00,1,0,,,0,,,0,0,,,1,0,0,1,0,0,,,,,,0,,0,0,0,0,0,0,0
135,5,891,2014-07-25 10:00:00+00:00,891,2014-07-25 10:00:00+00:00,1,0,,,0,,,0,0,,,1,0,0,1,0,0,,,,,,0,,0,0,0,0,0,0,0
136,5,897,2014-07-28 06:00:00+00:00,897,2014-07-28 06:00:00+00:00,1,0,,,0,,,0,0,,,1,0,0,1,0,0,,,,,,0,,0,0,0,0,0,0,0
138,5,901,2014-07-28 22:00:00+00:00,902,2014-07-29 02:00:00+00:00,1,0,,,0,,,0,0,,,1,0,0,1,0,0,,,,,,0,,0,0,0,0,0,0,0
139,5,927,2014-08-04 02:00:00+00:00,928,2014-08-04 06:00:00+00:00,1,0,,,0,,,0,0,,,1,0,0,1,0,0,,,,,,0,,0,0,0,0,0,0,0
140,5,931,2014-08-04 18:00:00+00:00,932,2014-08-04 22:00:00+00:00,1,0,,,0,,,0,0,,,1,0,0,1,0,0,,,,,,0,,0,0,0,0,0,0,0
143,5,936,2014-08-05 14:00:00+00:00,938,2014-08-05 22:00:00+00:00,1,0,,,0,,,0,0,,,1,0,0,1,0,0,,,,,,0,,0,0,0,0,0,0,0
147,5,947,2014-08-07 10:00:00+00:00,947,2014-08-07 10:00:00+00:00,1,0,,,0,,,0,0,,,1,0,1,1,0,0,,,,,,0,,0,0,0,0,0,0,0
148,5,949,2014-08-07 18:00:00+00:00,949,2014-08-07 18:00:00+00:00,1,0,,,0,,,0,0,,,1,0,0,1,0,0,,,,,,0,,0,0,0,0,0,0,0
150,5,958,2014-08-11 02:00:00+00:00,961,2014-08-11 14:00:00+00:00,1,1,961.0,2014-08-11 14:00:00+00:00,0,,,0,0,,,0,0,0,0,0,0,0.41168665720583675,0.889134904317541,0.8,1.0,1.0,0,0.45378779249165346,0,0,0,1,0,0,1
154,5,983,2014-08-15 06:00:00+00:00,983,2014-08-15 06:00:00+00:00,1,0,,,0,,,0,0,,,1,0,0,1,0,0,,,,,,0,,0,0,0,0,0,0,0
155,5,993,2014-08-18 18:00:00+00:00,994,2014-08-18 22:00:00+00:00,1,0,,,0,,,0,0,,,1,0,0,1,0,0,,,,,,0,,0,0,0,0,0,0,0
160,5,1035,2014-08-27 14:00:00+00:00,1037,2014-08-27 22:00:00+00:00,1,0,,,0,,,0,0,,,1,0,0,1,0,0,,,,,,0,,0,0,0,0,0,0,0
162,5,1051,2014-09-01 02:00:00+00:00,1051,2014-09-01 02:00:00+00:00,1,0,,,0,,,0,0,,,1,0,0,1,0,0,,,,,,0,,0,0,0,0,0,0,0
164,5,1090,2014-09-09 10:00:00+00:00,1090,2014-09-09 10:00:00+00:00,1,0,,,0,,,0,0,,,1,0,0,1,0,0,,,,,,0,,0,0,0,0,0,0,0
165,5,1107,2014-09-12 06:00:00+00:00,1107,2014-09-12 06:00:00+00:00,1,0,,,0,,,0,0,,,1,0,0,1,0,0,,,,,,0,,0,0,0,0,0,0,0
166,5,1114,2014-09-15 06:00:00+00:00,1114,2014-09-15 06:00:00+00:00,1,0,,,0,,,0,0,,,1,0,0,1,0,0,,,,,,0,,0,0,0,0,0,0,0
167,5,1118,2014-09-15 22:00:00+00:00,1119,2014-09-16 02:00:00+00:00,1,0,,,0,,,0,0,,,1,0,0,1,0,0,,,,,,0,,0,0,0,0,0,0,0
168,5,1122,2014-09-16 14:00:00+00:00,1124,2014-09-16 22:00:00+00:00,1,0,,,0,,,0,0,,,1,0,0,1,0,0,,,,,,0,,0,0,0,0,0,0,0
175,5,1150,2014-09-23 02:00:00+00:00,1150,2014-09-23 02:00:00+00:00,1,0,,,0,,,0,0,,,1,0,1,1,0,0,,,,,,0,,0,0,0,0,0,0,0
176,5,1152,2014-09-23 10:00:00+00:00,1154,2014-09-23 18:00:00+00:00,1,0,,,0,,,0,0,,,1,0,0,1,0,0,,,,,,0,,0,0,0,0,0,0,0
177,5,1157,2014-09-24 06:00:00+00:00,1157,2014-09-24 06:00:00+00:00,1,0,,,0,,,0,0,,,1,0,1,1,0,0,,,,,,0,,0,0,0,0,0,0,0
179,5,1159,2014-09-24 14:00:00+00:00,1159,2014-09-24 14:00:00+00:00,1,0,,,0,,,0,0,,,1,0,0,1,0,0,,,,,,0,,0,0,0,0,0,0,0
180,5,1175,2014-09-29 02:00:00+00:00,1175,2014-09-29 02:00:00+00:00,1,0,,,0,,,0,0,,,1,0,0,1,0,0,,,,,,0,,0,0,0,0,0,0,0
181,5,1184,2014-09-30 14:00:00+00:00,1185,2014-09-30 18:00:00+00:00,1,0,,,0,,,0,0,,,1,0,0,1,0,0,,,,,,0,,0,0,0,0,0,0,0
185,5,1211,2014-10-06 22:00:00+00:00,1211,2014-10-06 22:00:00+00:00,1,0,,,0,,,0,0,,,1,0,0,1,0,0,,,,,,0,,0,0,0,0,0,0,0
186,5,1214,2014-10-07 10:00:00+00:00,1216,2014-10-07 18:00:00+00:00,1,0,,,0,,,0,0,,,1,0,0,1,0,0,,,,,,0,,0,0,0,0,0,0,0
190,5,1241,2014-10-13 18:00:00+00:00,1241,2014-10-13 18:00:00+00:00,1,0,,,0,,,0,0,,,1,0,0,1,0,0,,,,,,0,,0,0,0,0,0,0,0
192,5,1245,2014-10-14 10:00:00+00:00,1246,2014-10-14 14:00:00+00:00,1,0,,,0,,,0,0,,,1,0,0,1,0,0,,,,,,0,,0,0,0,0,0,0,0
197,5,1264,2014-10-17 14:00:00+00:00,1267,2014-10-19 22:00:00+00:00,1,1,1267.0,2014-10-19 22:00:00+00:00,1,1267.0,2014-10-19 22:00:00+00:00,1,0,1267.0,2014-10-19 22:00:00+00:00,0,0,0,0,0,1,0.48626401307525535,0.7851362133819662,0.4,2.0,0.0,1,0.5937994348093044,0,0,0,0,0,0,0
203,5,1294,2014-10-24 10:00:00+00:00,1296,2014-10-24 18:00:00+00:00,1,0,,,0,,,0,0,,,1,0,0,1,0,0,,,,,,0,,0,0,0,0,0,0,0
205,5,1299,2014-10-27 02:00:00+00:00,1302,2014-10-27 14:00:00+00:00,1,1,1302.0,2014-10-27 14:00:00+00:00,0,,,0,0,,,0,0,0,0,0,0,0.3909251579767612,0.9550158394931287,0.8,2.0,1.0,1,0.47041333438893573,0,0,0,1,0,0,1
208,5,1312,2014-10-29 06:00:00+00:00,1312,2014-10-29 06:00:00+00:00,1,0,,,0,,,0,0,,,1,0,0,1,0,0,,,,,,0,,0,0,0,0,0,0,0
209,5,1330,2014-11-03 03:00:00+00:00,1330,2014-11-03 03:00:00+00:00,1,0,,,0,,,0,0,,,1,0,0,1,0,0,,,,,,0,,0,0,0,0,0,0,0
210,5,1333,2014-11-03 15:00:00+00:00,1333,2014-11-03 15:00:00+00:00,1,0,,,0,,,0,0,,,1,0,1,1,0,0,,,,,,0,,0,0,0,0,0,0,0
212,5,1335,2014-11-03 23:00:00+00:00,1335,2014-11-03 23:00:00+00:00,1,0,,,0,,,0,0,,,1,0,0,1,0,0,,,,,,0,,0,0,0,0,0,0,0
217,5,1347,2014-11-05 23:00:00+00:00,1347,2014-11-05 23:00:00+00:00,1,0,,,0,,,0,0,,,1,0,0,1,0,0,,,,,,0,,0,0,0,0,0,0,0
219,5,1368,2014-11-11 11:00:00+00:00,1368,2014-11-11 11:00:00+00:00,1,0,,,0,,,0,0,,,1,0,0,1,0,0,,,,,,0,,0,0,0,0,0,0,0
220,5,1376,2014-11-12 19:00:00+00:00,1377,2014-11-12 23:00:00+00:00,1,0,,,0,,,0,0,,,1,0,0,1,0,0,,,,,,0,,0,0,0,0,0,0,0
223,5,1392,2014-11-17 11:00:00+00:00,1394,2014-11-17 19:00:00+00:00,1,0,,,0,,,0,0,,,1,0,0,1,0,0,,,,,,0,,0,0,0,0,0,0,0
225,5,1398,2014-11-18 11:00:00+00:00,1398,2014-11-18 11:00:00+00:00,1,0,,,0,,,0,0,,,1,0,0,1,0,0,,,,,,0,,0,0,0,0,0,0,0
229,5,1404,2014-11-19 11:00:00+00:00,1404,2014-11-19 11:00:00+00:00,1,0,,,0,,,0,0,,,1,0,0,1,0,0,,,,,,0,,0,0,0,0,0,0,0
230,5,1407,2014-11-19 23:00:00+00:00,1411,2014-11-20 15:00:00+00:00,1,1,1411.0,2014-11-20 15:00:00+00:00,0,,,0,0,,,0,0,0,0,0,0,0.6437243778079182,0.3568268273171027,0.4,3.0,0.0,1,0.29245498059872665,1,1,0,1,1,0,1
234,5,1416,2014-11-21 11:00:00+00:00,1416,2014-11-21 11:00:00+00:00,1,0,,,0,,,0,0,,,1,0,0,1,0,0,,,,,,0,,0,0,0,0,0,0,0
237,5,1420,2014-11-24 03:00:00+00:00,1420,2014-11-24 03:00:00+00:00,1,0,,,0,,,0,0,,,1,0,1,1,0,0,,,,,,0,,0,0,0,0,0,0,0
239,5,1422,2014-11-24 11:00:00+00:00,1423,2014-11-24 15:00:00+00:00,1,0,,,0,,,0,0,,,1,0,1,1,0,0,,,,,,0,,0,0,0,0,0,0,0
241,5,1425,2014-11-24 23:00:00+00:00,1426,2014-11-25 03:00:00+00:00,1,0,,,0,,,0,0,,,1,0,0,1,0,0,,,,,,0,,0,0,0,0,0,0,0
246,5,1433,2014-11-26 07:00:00+00:00,1437,2014-11-26 23:00:00+00:00,1,1,1437.0,2014-11-26 23:00:00+00:00,0,,,0,0,,,0,0,0,0,0,0,0.5132012138509237,0.7961722488038361,0.4,0.0,1.0,-1,0.49639169432932717,0,0,0,1,0,0,1
248,5,1455,2014-12-02 07:00:00+00:00,1455,2014-12-02 07:00:00+00:00,1,0,,,0,,,0,0,,,1,0,1,1,0,0,,,,,,0,,0,0,0,0,0,0,0
249,5,1457,2014-12-02 15:00:00+00:00,1458,2014-12-02 19:00:00+00:00,1,0,,,0,,,0,0,,,1,0,1,1,0,0,,,,,,0,,0,0,0,0,0,0,0
250,5,1460,2014-12-03 03:00:00+00:00,1460,2014-12-03 03:00:00+00:00,1,0,,,0,,,0,0,,,1,0,0,1,0,0,,,,,,0,,0,0,0,0,0,0,0
257,5,1491,2014-12-10 07:00:00+00:00,1493,2014-12-10 15:00:00+00:00,1,0,,,0,,,0,0,,,1,0,0,1,0,0,,,,,,0,,0,0,0,0,0,0,0
259,5,1498,2014-12-11 11:00:00+00:00,1499,2014-12-11 15:00:00+00:00,1,0,,,0,,,0,0,,,1,0,0,1,0,0,,,,,,0,,0,0,0,0,0,0,0
264,5,1507,2014-12-14 23:00:00+00:00,1508,2014-12-15 03:00:00+00:00,1,0,,,0,,,0,0,,,1,0,0,1,0,0,,,,,,0,,0,0,0,0,0,0,0
267,5,1522,2014-12-17 11:00:00+00:00,1522,2014-12-17 11:00:00+00:00,1,0,,,0,,,0,0,,,1,0,0,1,0,0,,,,,,0,,0,0,0,0,0,0,0
268,5,1533,2014-12-19 07:00:00+00:00,1538,2014-12-22 03:00:00+00:00,1,1,1538.0,2014-12-22 03:00:00+00:00,0,,,0,0,,,0,0,0,0,0,0,0.34110902841597907,0.917696656127226,0.8,1.0,2.0,-1,0.527386694411947,0,0,0,1,0,0,1
271,5,1552,2014-12-24 11:00:00+00:00,1553,2014-12-24 15:00:00+00:00,1,0,,,0,,,0,0,,,1,0,0,1,0,0,,,,,,0,,0,0,0,0,0,0,0
274,5,1562,2014-12-29 07:00:00+00:00,1562,2014-12-29 07:00:00+00:00,1,0,,,0,,,0,0,,,1,0,0,1,0,0,,,,,,0,,0,0,0,0,0,0,0
275,5,1592,2015-01-06 11:00:00+00:00,1592,2015-01-06 11:00:00+00:00,1,0,,,0,,,0,0,,,1,0,0,1,0,0,,,,,,0,,0,0,0,0,0,0,0
276,5,1600,2015-01-07 19:00:00+00:00,1600,2015-01-07 19:00:00+00:00,1,0,,,0,,,0,0,,,1,0,0,1,0,0,,,,,,0,,0,0,0,0,0,0,0
278,5,1603,2015-01-08 07:00:00+00:00,1607,2015-01-08 23:00:00+00:00,1,1,1607.0,2015-01-08 23:00:00+00:00,0,,,0,0,,,0,0,0,0,0,0,0.42103998173674523,0.852832015491343,0.4,1.0,0.0,1,0.44550304952952813,0,0,0,1,0,0,1
281,5,1618,2015-01-12 19:00:00+00:00,1618,2015-01-12 19:00:00+00:00,1,0,,,0,,,0,0,,,1,0,0,1,0,0,,,,,,0,,0,0,0,0,0,0,0
282,5,1622,2015-01-13 11:00:00+00:00,1623,2015-01-13 15:00:00+00:00,1,0,,,0,,,0,0,,,1,0,0,1,0,0,,,,,,0,,0,0,0,0,0,0,0
285,5,1646,2015-01-19 11:00:00+00:00,1646,2015-01-19 11:00:00+00:00,1,0,,,0,,,0,0,,,1,0,0,1,0,0,,,,,,0,,0,0,0,0,0,0,0
287,5,1662,2015-01-22 07:00:00+00:00,1662,2015-01-22 07:00:00+00:00,1,0,,,0,,,0,0,,,1,0,0,1,0,0,,,,,,0,,0,0,0,0,0,0,0
288,5,1668,2015-01-23 07:00:00+00:00,1668,2015-01-23 07:00:00+00:00,1,0,,,0,,,0,0,,,1,0,0,1,0,0,,,,,,0,,0,0,0,0,0,0,0
290,5,1683,2015-01-27 19:00:00+00:00,1683,2015-01-27 19:00:00+00:00,1,0,,,0,,,0,0,,,1,0,0,1,0,0,,,,,,0,,0,0,0,0,0,0,0
292,5,1688,2015-01-28 15:00:00+00:00,1688,2015-01-28 15:00:00+00:00,1,0,,,0,,,0,0,,,1,0,0,1,0,0,,,,,,0,,0,0,0,0,0,0,0
296,5,1719,2015-02-04 19:00:00+00:00,1719,2015-02-04 19:00:00+00:00,1,0,,,0,,,0,0,,,1,0,0,1,0,0,,,,,,0,,0,0,0,0,0,0,0
298,5,1722,2015-02-05 07:00:00+00:00,1722,2015-02-05 07:00:00+00:00,1,0,,,0,,,0,0,,,1,0,0,1,0,0,,,,,,0,,0,0,0,0,0,0,0
302,5,1737,2015-02-09 19:00:00+00:00,1740,2015-02-10 07:00:00+00:00,1,1,1740.0,2015-02-10 07:00:00+00:00,0,,,0,0,,,0,0,0,0,0,0,0.28799664026954747,0.8630260919914616,1.0,3.0,2.0,1,0.5026045421257654,0,0,0,1,0,0,1
306,5,1745,2015-02-11 03:00:00+00:00,1746,2015-02-11 07:00:00+00:00,1,0,,,0,,,0,0,,,1,0,0,1,0,0,,,,,,0,,0,0,0,0,0,0,0
308,5,1758,2015-02-13 07:00:00+00:00,1758,2015-02-13 07:00:00+00:00,1,0,,,0,,,0,0,,,1,0,0,1,0,0,,,,,,0,,0,0,0,0,0,0,0
311,5,1800,2015-02-24 11:00:00+00:00,1800,2015-02-24 11:00:00+00:00,1,0,,,0,,,0,0,,,1,0,0,1,0,0,,,,,,0,,0,0,0,0,0,0,0
313,5,1807,2015-02-25 15:00:00+00:00,1807,2015-02-25 15:00:00+00:00,1,0,,,0,,,0,0,,,1,0,0,1,0,0,,,,,,0,,0,0,0,0,0,0,0
314,5,1812,2015-02-26 11:00:00+00:00,1812,2015-02-26 11:00:00+00:00,1,0,,,0,,,0,0,,,1,0,1,1,0,0,,,,,,0,,0,0,0,0,0,0,0
315,5,1814,2015-02-26 19:00:00+00:00,1815,2015-02-26 23:00:00+00:00,1,0,,,0,,,0,0,,,1,0,0,1,0,0,,,,,,0,,0,0,0,0,0,0,0
323,5,1823,2015-03-02 07:00:00+00:00,1824,2015-03-02 11:00:00+00:00,1,0,,,0,,,0,0,,,1,0,0,1,0,0,,,,,,0,,0,0,0,0,0,0,0
325,5,1832,2015-03-03 19:00:00+00:00,1834,2015-03-04 03:00:00+00:00,1,0,,,0,,,0,0,,,1,0,0,1,0,0,,,,,,0,,0,0,0,0,0,0,0
327,5,1839,2015-03-04 23:00:00+00:00,1842,2015-03-05 11:00:00+00:00,1,0,,,0,,,0,0,,,0,0,0,1,0,0,,,,,,0,,0,0,0,0,0,0,0
332,5,1858,2015-03-09 18:00:00+00:00,1858,2015-03-09 18:00:00+00:00,1,0,,,0,,,0,0,,,1,0,0,1,0,0,,,,,,0,,0,0,0,0,0,0,0
334,5,1874,2015-03-12 10:00:00+00:00,1874,2015-03-12 10:00:00+00:00,1,0,,,0,,,0,0,,,1,0,0,1,0,0,,,,,,0,,0,0,0,0,0,0,0
336,5,1880,2015-03-13 10:00:00+00:00,1884,2015-03-15 22:00:00+00:00,1,0,,,0,,,0,0,,,0,0,0,1,0,0,,,,,,0,,0,0,0,0,0,0,0
340,5,1888,2015-03-16 14:00:00+00:00,1889,2015-03-16 18:00:00+00:00,1,0,,,0,,,0,0,,,1,0,0,1,0,0,,,,,,0,,0,0,0,0,0,0,0
342,5,1898,2015-03-18 06:00:00+00:00,1898,2015-03-18 06:00:00+00:00,1,0,,,0,,,0,0,,,1,0,0,1,0,0,,,,,,0,,0,0,0,0,0,0,0
343,5,1916,2015-03-23 02:00:00+00:00,1916,2015-03-23 02:00:00+00:00,1,0,,,0,,,0,0,,,1,0,0,1,0,0,,,,,,0,,0,0,0,0,0,0,0
344,5,1928,2015-03-25 02:00:00+00:00,1928,2015-03-25 02:00:00+00:00,1,0,,,0,,,0,0,,,1,0,0,1,0,0,,,,,,0,,0,0,0,0,0,0,0
346,5,1954,2015-03-31 06:00:00+00:00,1954,2015-03-31 06:00:00+00:00,1,0,,,0,,,0,0,,,1,0,0,1,0,0,,,,,,0,,0,0,0,0,0,0,0
348,5,1960,2015-04-01 06:00:00+00:00,1960,2015-04-01 06:00:00+00:00,1,0,,,0,,,0,0,,,1,0,0,1,0,0,,,,,,0,,0,0,0,0,0,0,0
349,5,1968,2015-04-02 14:00:00+00:00,1969,2015-04-02 18:00:00+00:00,1,0,,,0,,,0,0,,,1,0,0,1,0,0,,,,,,0,,0,0,0,0,0,0,0
351,5,1975,2015-04-06 14:00:00+00:00,1975,2015-04-06 14:00:00+00:00,1,0,,,0,,,0,0,,,1,0,0,1,0,0,,,,,,0,,0,0,0,0,0,0,0
352,5,1981,2015-04-07 14:00:00+00:00,1984,2015-04-08 02:00:00+00:00,1,1,1984.0,2015-04-08 02:00:00+00:00,0,,,0,0,,,0,0,0,0,0,0,0.5382125116474336,0.5753134914639737,0.4,0.0,3.0,-1,0.49451880674880666,0,0,0,1,0,0,1
355,5,1992,2015-04-09 10:00:00+00:00,1993,2015-04-09 14:00:00+00:00,1,0,,,0,,,0,0,,,1,0,0,1,0,0,,,,,,0,,0,0,0,0,0,0,0
357,5,2003,2015-04-13 02:00:00+00:00,2003,2015-04-13 02:00:00+00:00,1,0,,,0,,,0,0,,,1,0,0,1,0,0,,,,,,0,,0,0,0,0,0,0,0
358,5,2019,2015-04-15 18:00:00+00:00,2019,2015-04-15 18:00:00+00:00,1,0,,,0,,,0,0,,,1,0,0,1,0,0,,,,,,0,,0,0,0,0,0,0,0
360,5,2024,2015-04-16 14:00:00+00:00,2024,2015-04-16 14:00:00+00:00,1,0,,,0,,,0,0,,,1,0,0,1,0,0,,,,,,0,,0,0,0,0,0,0,0
362,5,2029,2015-04-17 10:00:00+00:00,2030,2015-04-17 14:00:00+00:00,1,0,,,0,,,0,0,,,1,0,1,1,0,0,,,,,,0,,0,0,0,0,0,0,0
364,5,2032,2015-04-19 18:00:00+00:00,2033,2015-04-19 22:00:00+00:00,1,0,,,0,,,0,0,,,1,0,0,1,0,0,,,,,,0,,0,0,0,0,0,0,0
369,5,2053,2015-04-23 06:00:00+00:00,2053,2015-04-23 06:00:00+00:00,1,0,,,0,,,0,0,,,1,0,0,1,0,0,,,,,,0,,0,0,0,0,0,0,0
371,5,2079,2015-04-29 10:00:00+00:00,2079,2015-04-29 10:00:00+00:00,1,0,,,0,,,0,0,,,1,0,0,1,0,0,,,,,,0,,0,0,0,0,0,0,0
374,5,2090,2015-05-01 06:00:00+00:00,2090,2015-05-01 06:00:00+00:00,1,0,,,0,,,0,0,,,1,0,0,1,0,0,,,,,,0,,0,0,0,0,0,0,0
375,5,2110,2015-05-06 10:00:00+00:00,2112,2015-05-06 18:00:00+00:00,1,0,,,0,,,0,0,,,1,0,0,1,0,0,,,,,,0,,0,0,0,0,0,0,0
377,5,2127,2015-05-11 02:00:00+00:00,2127,2015-05-11 02:00:00+00:00,1,0,,,0,,,0,0,,,1,0,0,1,0,0,,,,,,0,,0,0,0,0,0,0,0
378,5,2140,2015-05-13 06:00:00+00:00,2140,2015-05-13 06:00:00+00:00,1,0,,,0,,,0,0,,,1,0,0,1,0,0,,,,,,0,,0,0,0,0,0,0,0
379,5,2146,2015-05-14 06:00:00+00:00,2146,2015-05-14 06:00:00+00:00,1,0,,,0,,,0,0,,,1,0,0,1,0,0,,,,,,0,,0,0,0,0,0,0,0
380,5,2164,2015-05-19 02:00:00+00:00,2164,2015-05-19 02:00:00+00:00,1,0,,,0,,,0,0,,,1,0,0,1,0,0,,,,,,0,,0,0,0,0,0,0,0
381,5,2176,2015-05-21 02:00:00+00:00,2177,2015-05-21 06:00:00+00:00,1,0,,,0,,,0,0,,,1,0,0,1,0,0,,,,,,0,,0,0,0,0,0,0,0
382,5,2189,2015-05-25 02:00:00+00:00,2191,2015-05-25 10:00:00+00:00,1,0,,,0,,,0,0,,,1,0,0,1,0,0,,,,,,0,,0,0,0,0,0,0,0
383,5,2203,2015-05-27 10:00:00+00:00,2205,2015-05-27 18:00:00+00:00,1,0,,,0,,,0,0,,,1,0,0,1,0,0,,,,,,0,,0,0,0,0,0,0,0
385,5,2229,2015-06-02 14:00:00+00:00,2230,2015-06-02 18:00:00+00:00,1,0,,,0,,,0,0,,,1,0,0,1,0,0,,,,,,0,,0,0,0,0,0,0,0
387,5,2241,2015-06-04 14:00:00+00:00,2242,2015-06-04 18:00:00+00:00,1,0,,,0,,,0,0,,,1,0,0,1,0,0,,,,,,0,,0,0,0,0,0,0,0
389,5,2245,2015-06-05 06:00:00+00:00,2245,2015-06-05 06:00:00+00:00,1,0,,,0,,,0,0,,,1,0,0,1,0,0,,,,,,0,,0,0,0,0,0,0,0
391,5,2259,2015-06-09 10:00:00+00:00,2259,2015-06-09 10:00:00+00:00,1,0,,,0,,,0,0,,,1,0,1,1,0,0,,,,,,0,,0,0,0,0,0,0,0
394,5,2261,2015-06-09 18:00:00+00:00,2262,2015-06-09 22:00:00+00:00,1,0,,,0,,,0,0,,,1,0,0,1,0,0,,,,,,0,,0,0,0,0,0,0,0
398,5,2282,2015-06-15 02:00:00+00:00,2282,2015-06-15 02:00:00+00:00,1,0,,,0,,,0,0,,,1,0,0,1,0,0,,,,,,0,,0,0,0,0,0,0,0
399,5,2295,2015-06-17 06:00:00+00:00,2295,2015-06-17 06:00:00+00:00,1,0,,,0,,,0,0,,,1,0,0,1,0,0,,,,,,0,,0,0,0,0,0,0,0
401,5,2298,2015-06-17 18:00:00+00:00,2299,2015-06-17 22:00:00+00:00,1,0,,,0,,,0,0,,,1,0,0,1,0,0,,,,,,0,,0,0,0,0,0,0,0
403,5,2309,2015-06-19 14:00:00+00:00,2310,2015-06-19 18:00:00+00:00,1,0,,,0,,,0,0,,,1,0,0,1,0,0,,,,,,0,,0,0,0,0,0,0,0
405,5,2332,2015-06-25 06:00:00+00:00,2335,2015-06-25 18:00:00+00:00,1,1,2335.0,2015-06-25 18:00:00+00:00,0,,,0,0,,,0,0,0,0,0,0,0.593059058289598,0.5930002413709946,0.4,0.0,2.0,-1,0.4519955720571057,1,0,0,1,0,0,1
410,5,2371,2015-07-03 14:00:00+00:00,2371,2015-07-03 14:00:00+00:00,1,0,,,0,,,0,0,,,1,0,1,1,0,0,,,,,,0,,0,0,0,0,0,0,0
411,5,2373,2015-07-05 22:00:00+00:00,2374,2015-07-06 02:00:00+00:00,1,0,,,0,,,0,0,,,1,0,1,1,0,0,,,,,,0,,0,0,0,0,0,0,0
413,5,2376,2015-07-06 10:00:00+00:00,2377,2015-07-06 14:00:00+00:00,1,0,,,0,,,0,0,,,1,0,0,1,0,0,,,,,,0,,0,0,0,0,0,0,0
417,5,2387,2015-07-08 06:00:00+00:00,2387,2015-07-08 06:00:00+00:00,1,0,,,0,,,0,0,,,1,0,1,1,0,0,,,,,,0,,0,0,0,0,0,0,0
418,5,2389,2015-07-08 14:00:00+00:00,2390,2015-07-08 18:00:00+00:00,1,0,,,0,,,0,0,,,1,0,0,1,0,0,,,,,,0,,0,0,0,0,0,0,0
421,5,2396,2015-07-09 18:00:00+00:00,2396,2015-07-09 18:00:00+00:00,1,0,,,0,,,0,0,,,1,0,0,1,0,0,,,,,,0,,0,0,0,0,0,0,0
422,5,2399,2015-07-10 06:00:00+00:00,2400,2015-07-10 10:00:00+00:00,1,0,,,0,,,0,0,,,1,0,0,1,0,0,,,,,,0,,0,0,0,0,0,0,0
424,5,2403,2015-07-12 18:00:00+00:00,2405,2015-07-13 02:00:00+00:00,1,0,,,0,,,0,0,,,1,0,0,1,0,0,,,,,,0,,0,0,0,0,0,0,0
426,5,2418,2015-07-15 06:00:00+00:00,2418,2015-07-15 06:00:00+00:00,1,0,,,0,,,0,0,,,1,0,0,1,0,0,,,,,,0,,0,0,0,0,0,0,0
427,5,2430,2015-07-17 06:00:00+00:00,2430,2015-07-17 06:00:00+00:00,1,0,,,0,,,0,0,,,1,0,0,1,0,0,,,,,,0,,0,0,0,0,0,0,0
428,5,2445,2015-07-21 14:00:00+00:00,2446,2015-07-21 18:00:00+00:00,1,0,,,0,,,0,0,,,1,0,0,1,0,0,,,,,,0,,0,0,0,0,0,0,0
430,5,2464,2015-07-24 18:00:00+00:00,2464,2015-07-24 18:00:00+00:00,1,0,,,0,,,0,0,,,1,0,0,1,0,0,,,,,,0,,0,0,0,0,0,0,0
431,5,2474,2015-07-28 06:00:00+00:00,2478,2015-07-28 22:00:00+00:00,1,1,2478.0,2015-07-28 22:00:00+00:00,1,2478.0,2015-07-28 22:00:00+00:00,1,0,2478.0,2015-07-28 22:00:00+00:00,0,0,0,0,0,1,0.559681155265406,0.8014689417349532,0.4,1.0,0.0,1,0.5847108864397568,1,0,0,0,0,0,1
433,5,2480,2015-07-29 06:00:00+00:00,2480,2015-07-29 06:00:00+00:00,1,0,,,0,,,0,0,,,1,0,0,1,0,0,,,,,,0,,0,0,0,0,0,0,0
434,5,2487,2015-07-30 10:00:00+00:00,2487,2015-07-30 10:00:00+00:00,1,0,,,0,,,0,0,,,1,0,1,1,0,0,,,,,,0,,0,0,0,0,0,0,0
435,5,2489,2015-07-30 18:00:00+00:00,2489,2015-07-30 18:00:00+00:00,1,0,,,0,,,0,0,,,1,0,0,1,0,0,,,,,,0,,0,0,0,0,0,0,0
437,5,2498,2015-08-03 02:00:00+00:00,2499,2015-08-03 06:00:00+00:00,1,0,,,0,,,0,0,,,1,0,0,1,0,0,,,,,,0,,0,0,0,0,0,0,0
438,5,2509,2015-08-04 22:00:00+00:00,2509,2015-08-04 22:00:00+00:00,1,0,,,0,,,0,0,,,1,0,0,1,0,0,,,,,,0,,0,0,0,0,0,0,0
441,5,2517,2015-08-06 06:00:00+00:00,2517,2015-08-06 06:00:00+00:00,1,0,,,0,,,0,0,,,1,0,0,1,0,0,,,,,,0,,0,0,0,0,0,0,0
443,5,2523,2015-08-07 06:00:00+00:00,2523,2015-08-07 06:00:00+00:00,1,0,,,0,,,0,0,,,1,0,0,1,0,0,,,,,,0,,0,0,0,0,0,0,0
450,5,2561,2015-08-17 06:00:00+00:00,2561,2015-08-17 06:00:00+00:00,1,0,,,0,,,0,0,,,1,0,0,1,0,0,,,,,,0,,0,0,0,0,0,0,0
452,5,2591,2015-08-24 02:00:00+00:00,2592,2015-08-24 06:00:00+00:00,1,0,,,0,,,0,0,,,1,0,0,1,0,0,,,,,,0,,0,0,0,0,0,0,0
454,5,2600,2015-08-25 14:00:00+00:00,2600,2015-08-25 14:00:00+00:00,1,0,,,0,,,0,0,,,1,0,1,1,0,0,,,,,,0,,0,0,0,0,0,0,0
455,5,2602,2015-08-25 22:00:00+00:00,2602,2015-08-25 22:00:00+00:00,1,0,,,0,,,0,0,,,1,0,0,1,0,0,,,,,,0,,0,0,0,0,0,0,0
460,5,2637,2015-09-02 14:00:00+00:00,2639,2015-09-02 22:00:00+00:00,1,0,,,0,,,0,0,,,1,0,0,1,0,0,,,,,,0,,0,0,0,0,0,0,0
462,5,2647,2015-09-04 06:00:00+00:00,2647,2015-09-04 06:00:00+00:00,1,0,,,0,,,0,0,,,1,0,0,1,0,0,,,,,,0,,0,0,0,0,0,0,0
463,5,2685,2015-09-14 06:00:00+00:00,2685,2015-09-14 06:00:00+00:00,1,0,,,0,,,0,0,,,1,0,0,1,0,0,,,,,,0,,0,0,0,0,0,0,0
464,5,2715,2015-09-21 02:00:00+00:00,2716,2015-09-21 06:00:00+00:00,1,0,,,0,,,0,0,,,1,0,0,1,0,0,,,,,,0,,0,0,0,0,0,0,0
466,5,2743,2015-09-25 18:00:00+00:00,2744,2015-09-27 18:00:00+00:00,1,0,,,0,,,0,0,,,1,0,0,1,0,0,,,,,,0,,0,0,0,0,0,0,0
468,5,2777,2015-10-05 02:00:00+00:00,2777,2015-10-05 02:00:00+00:00,1,0,,,0,,,0,0,,,1,0,0,1,0,0,,,,,,0,,0,0,0,0,0,0,0
471,5,2810,2015-10-12 10:00:00+00:00,2810,2015-10-12 10:00:00+00:00,1,0,,,0,,,0,0,,,1,0,0,1,0,0,,,,,,0,,0,0,0,0,0,0,0
473,5,2815,2015-10-13 06:00:00+00:00,2815,2015-10-13 06:00:00+00:00,1,0,,,0,,,0,0,,,1,0,1,1,0,0,,,,,,0,,0,0,0,0,0,0,0
475,5,2817,2015-10-13 14:00:00+00:00,2817,2015-10-13 14:00:00+00:00,1,0,,,0,,,0,0,,,1,0,0,1,0,0,,,,,,0,,0,0,0,0,0,0,0
477,5,2835,2015-10-16 14:00:00+00:00,2837,2015-10-18 18:00:00+00:00,1,0,,,0,,,0,0,,,1,0,0,1,0,0,,,,,,0,,0,0,0,0,0,0,0
480,5,2842,2015-10-19 14:00:00+00:00,2842,2015-10-19 14:00:00+00:00,1,0,,,0,,,0,0,,,1,0,0,1,0,0,,,,,,0,,0,0,0,0,0,0,0
484,5,2858,2015-10-22 06:00:00+00:00,2858,2015-10-22 06:00:00+00:00,1,0,,,0,,,0,0,,,1,0,0,1,0,0,,,,,,0,,0,0,0,0,0,0,0
485,5,2870,2015-10-26 02:00:00+00:00,2870,2015-10-26 02:00:00+00:00,1,0,,,0,,,0,0,,,1,0,0,1,0,0,,,,,,0,,0,0,0,0,0,0,0
486,5,2877,2015-10-27 06:00:00+00:00,2877,2015-10-27 06:00:00+00:00,1,0,,,0,,,0,0,,,1,0,0,1,0,0,,,,,,0,,0,0,0,0,0,0,0
487,5,2903,2015-11-02 11:00:00+00:00,2904,2015-11-02 15:00:00+00:00,1,0,,,0,,,0,0,,,1,0,0,1,0,0,,,,,,0,,0,0,0,0,0,0,0
488,5,2915,2015-11-04 11:00:00+00:00,2915,2015-11-04 11:00:00+00:00,1,0,,,0,,,0,0,,,1,0,0,1,0,0,,,,,,0,,0,0,0,0,0,0,0
489,5,2932,2015-11-09 07:00:00+00:00,2936,2015-11-09 23:00:00+00:00,1,1,2936.0,2015-11-09 23:00:00+00:00,1,2936.0,2015-11-09 23:00:00+00:00,1,0,2936.0,2015-11-09 23:00:00+00:00,0,0,0,0,0,1,0.38139462297579446,0.9510277033065035,0.4,0.0,1.0,-1,0.6065917382429331,0,0,0,0,0,0,0
493,5,2947,2015-11-11 19:00:00+00:00,2947,2015-11-11 19:00:00+00:00,1,0,,,0,,,0,0,,,1,0,1,1,0,0,,,,,,0,,0,0,0,0,0,0,0
495,5,2949,2015-11-12 03:00:00+00:00,2950,2015-11-12 07:00:00+00:00,1,0,,,0,,,0,0,,,1,0,0,1,0,0,,,,,,0,,0,0,0,0,0,0,0
497,5,2989,2015-11-20 19:00:00+00:00,2989,2015-11-20 19:00:00+00:00,1,0,,,0,,,0,0,,,1,0,0,1,0,0,,,,,,0,,0,0,0,0,0,0,0
500,5,3003,2015-11-25 03:00:00+00:00,3004,2015-11-25 07:00:00+00:00,1,0,,,0,,,0,0,,,1,0,0,1,0,0,,,,,,0,,0,0,0,0,0,0,0
504,5,3007,2015-11-25 19:00:00+00:00,3007,2015-11-25 19:00:00+00:00,1,0,,,0,,,0,0,,,1,0,1,1,0,0,,,,,,0,,0,0,0,0,0,0,0
505,5,3009,2015-11-26 03:00:00+00:00,3009,2015-11-26 03:00:00+00:00,1,0,,,0,,,0,0,,,1,0,0,1,0,0,,,,,,0,,0,0,0,0,0,0,0
508,5,3029,2015-12-01 19:00:00+00:00,3030,2015-12-01 23:00:00+00:00,1,0,,,0,,,0,0,,,1,0,0,1,0,0,,,,,,0,,0,0,0,0,0,0,0
510,5,3041,2015-12-03 19:00:00+00:00,3042,2015-12-03 23:00:00+00:00,1,0,,,0,,,0,0,,,1,0,0,1,0,0,,,,,,0,,0,0,0,0,0,0,0
512,5,3070,2015-12-10 15:00:00+00:00,3071,2015-12-10 19:00:00+00:00,1,0,,,0,,,0,0,,,1,0,0,1,0,0,,,,,,0,,0,0,0,0,0,0,0
514,5,3076,2015-12-11 15:00:00+00:00,3078,2015-12-13 23:00:00+00:00,1,0,,,0,,,0,0,,,1,0,0,1,0,0,,,,,,0,,0,0,0,0,0,0,0
518,5,3084,2015-12-14 23:00:00+00:00,3084,2015-12-14 23:00:00+00:00,1,0,,,0,,,0,0,,,1,0,0,1,0,0,,,,,,0,,0,0,0,0,0,0,0
520,5,3087,2015-12-15 11:00:00+00:00,3088,2015-12-15 15:00:00+00:00,1,0,,,0,,,0,0,,,1,0,0,1,0,0,,,,,,0,,0,0,0,0,0,0,0
522,5,3091,2015-12-16 03:00:00+00:00,3092,2015-12-16 07:00:00+00:00,1,0,,,0,,,0,0,,,1,0,0,1,0,0,,,,,,0,,0,0,0,0,0,0,0
528,5,3113,2015-12-21 19:00:00+00:00,3113,2015-12-21 19:00:00+00:00,1,0,,,0,,,0,0,,,1,0,0,1,0,0,,,,,,0,,0,0,0,0,0,0,0
530,5,3116,2015-12-22 07:00:00+00:00,3116,2015-12-22 07:00:00+00:00,1,0,,,0,,,0,0,,,1,0,0,1,0,0,,,,,,0,,0,0,0,0,0,0,0
532,5,3120,2015-12-22 23:00:00+00:00,3120,2015-12-22 23:00:00+00:00,1,0,,,0,,,0,0,,,1,0,0,1,0,0,,,,,,0,,0,0,0,0,0,0,0
533,5,3124,2015-12-23 15:00:00+00:00,3128,2015-12-24 07:00:00+00:00,1,1,3128.0,2015-12-24 07:00:00+00:00,0,,,0,0,,,0,0,0,0,0,0,0.5837030752136448,0.5111831442463466,0.4,3.0,0.0,1,0.38565183969068106,1,0,0,1,0,0,1
538,5,3131,2015-12-27 23:00:00+00:00,3134,2015-12-28 11:00:00+00:00,1,1,3134.0,2015-12-28 11:00:00+00:00,1,3134.0,2015-12-28 11:00:00+00:00,1,0,3134.0,2015-12-28 11:00:00+00:00,0,0,0,0,0,1,0.5443433218239316,0.5885683604237121,0.4,0.0,2.0,-1,0.5906465618994361,0,0,0,0,0,0,0
541,5,3136,2015-12-28 19:00:00+00:00,3138,2015-12-29 03:00:00+00:00,1,0,,,0,,,0,0,,,1,0,0,1,0,0,,,,,,0,,0,0,0,0,0,0,0
545,5,3168,2016-01-05 19:00:00+00:00,3170,2016-01-06 03:00:00+00:00,1,0,,,0,,,0,0,,,1,0,0,1,0,0,,,,,,0,,0,0,0,0,0,0,0
547,5,3189,2016-01-11 07:00:00+00:00,3190,2016-01-11 11:00:00+00:00,1,0,,,0,,,0,0,,,1,0,0,1,0,0,,,,,,0,,0,0,0,0,0,0,0
549,5,3197,2016-01-12 15:00:00+00:00,3198,2016-01-12 19:00:00+00:00,1,0,,,0,,,0,0,,,1,0,1,1,0,0,,,,,,0,,0,0,0,0,0,0,0
551,5,3200,2016-01-13 03:00:00+00:00,3200,2016-01-13 03:00:00+00:00,1,0,,,0,,,0,0,,,1,0,0,1,0,0,,,,,,0,,0,0,0,0,0,0,0
553,5,3205,2016-01-13 23:00:00+00:00,3205,2016-01-13 23:00:00+00:00,1,0,,,0,,,0,0,,,1,0,0,1,0,0,,,,,,0,,0,0,0,0,0,0,0
556,5,3219,2016-01-18 07:00:00+00:00,3221,2016-01-18 15:00:00+00:00,1,0,,,0,,,0,0,,,1,0,0,1,0,0,,,,,,0,,0,0,0,0,0,0,0
557,5,3238,2016-01-21 15:00:00+00:00,3244,2016-01-22 15:00:00+00:00,1,0,,,0,,,0,0,,,0,0,0,1,0,0,,,,,,0,,0,0,0,0,0,0,0
560,5,3247,2016-01-25 03:00:00+00:00,3247,2016-01-25 03:00:00+00:00,1,0,,,0,,,0,0,,,1,0,0,1,0,0,,,,,,0,,0,0,0,0,0,0,0
565,5,3281,2016-02-01 19:00:00+00:00,3281,2016-02-01 19:00:00+00:00,1,0,,,0,,,0,0,,,1,0,0,1,0,0,,,,,,0,,0,0,0,0,0,0,0
566,5,3284,2016-02-02 07:00:00+00:00,3285,2016-02-02 11:00:00+00:00,1,0,,,0,,,0,0,,,1,0,0,1,0,0,,,,,,0,,0,0,0,0,0,0,0
569,5,3317,2016-02-09 19:00:00+00:00,3319,2016-02-10 03:00:00+00:00,1,0,,,0,,,0,0,,,1,0,1,1,0,0,,,,,,0,,0,0,0,0,0,0,0
570,5,3321,2016-02-10 11:00:00+00:00,3322,2016-02-10 15:00:00+00:00,1,0,,,0,,,0,0,,,1,0,0,1,0,0,,,,,,0,,0,0,0,0,0,0,0
573,5,3334,2016-02-12 15:00:00+00:00,3335,2016-02-12 19:00:00+00:00,1,0,,,0,,,0,0,,,1,0,0,1,0,0,,,,,,0,,0,0,0,0,0,0,0
574,5,3347,2016-02-16 23:00:00+00:00,3347,2016-02-16 23:00:00+00:00,1,0,,,0,,,0,0,,,1,0,0,1,0,0,,,,,,0,,0,0,0,0,0,0,0
576,5,3352,2016-02-17 19:00:00+00:00,3356,2016-02-18 11:00:00+00:00,1,1,3356.0,2016-02-18 11:00:00+00:00,0,,,0,0,,,0,0,0,0,0,0,0.28623493584595416,0.9167180752622028,1.0,2.0,2.0,0,0.5097874959761636,0,0,0,1,0,1,1
579,5,3365,2016-02-21 23:00:00+00:00,3365,2016-02-21 23:00:00+00:00,1,0,,,0,,,0,0,,,1,0,0,1,0,0,,,,,,0,,0,0,0,0,0,0,0
580,5,3371,2016-02-22 23:00:00+00:00,3371,2016-02-22 23:00:00+00:00,1,0,,,0,,,0,0,,,1,0,1,1,0,0,,,,,,0,,0,0,0,0,0,0,0
581,5,3373,2016-02-23 07:00:00+00:00,3373,2016-02-23 07:00:00+00:00,1,0,,,0,,,0,0,,,1,0,0,1,0,0,,,,,,0,,0,0,0,0,0,0,0
588,5,3412,2016-03-02 19:00:00+00:00,3412,2016-03-02 19:00:00+00:00,1,0,,,0,,,0,0,,,1,0,0,1,0,0,,,,,,0,,0,0,0,0,0,0,0
590,5,3429,2016-03-07 15:00:00+00:00,3430,2016-03-07 19:00:00+00:00,1,0,,,0,,,0,0,,,1,0,0,1,0,0,,,,,,0,,0,0,0,0,0,0,0
592,5,3434,2016-03-08 11:00:00+00:00,3436,2016-03-08 19:00:00+00:00,1,0,,,0,,,0,0,,,1,0,0,1,0,0,,,,,,0,,0,0,0,0,0,0,0
595,5,3458,2016-03-14 03:00:00+00:00,3458,2016-03-14 03:00:00+00:00,1,0,,,0,,,0,0,,,1,0,0,1,0,0,,,,,,0,,0,0,0,0,0,0,0
596,5,3466,2016-03-15 10:00:00+00:00,3467,2016-03-15 14:00:00+00:00,1,0,,,0,,,0,0,,,1,0,0,1,0,0,,,,,,0,,0,0,0,0,0,0,0
598,5,3478,2016-03-17 10:00:00+00:00,3481,2016-03-17 22:00:00+00:00,1,1,3481.0,2016-03-17 22:00:00+00:00,0,,,0,0,,,0,0,0,0,0,0,0.49236170429340165,0.6318546903076421,0.4,0.0,2.0,-1,0.40735889279585924,0,0,0,1,0,0,1
600,5,3490,2016-03-21 06:00:00+00:00,3492,2016-03-21 14:00:00+00:00,1,0,,,0,,,0,0,,,1,0,0,1,0,0,,,,,,0,,0,0,0,0,0,0,0
603,5,3495,2016-03-22 02:00:00+00:00,3495,2016-03-22 02:00:00+00:00,1,0,,,0,,,0,0,,,1,0,0,1,0,0,,,,,,0,,0,0,0,0,0,0,0
605,5,3520,2016-03-29 02:00:00+00:00,3520,2016-03-29 02:00:00+00:00,1,0,,,0,,,0,0,,,1,0,0,1,0,0,,,,,,0,,0,0,0,0,0,0,0
608,5,3539,2016-04-01 06:00:00+00:00,3539,2016-04-01 06:00:00+00:00,1,0,,,0,,,0,0,,,1,0,0,1,0,0,,,,,,0,,0,0,0,0,0,0,0
609,5,3546,2016-04-04 06:00:00+00:00,3548,2016-04-04 14:00:00+00:00,1,0,,,0,,,0,0,,,1,0,0,1,0,0,,,,,,0,,0,0,0,0,0,0,0
611,5,3551,2016-04-05 02:00:00+00:00,3551,2016-04-05 02:00:00+00:00,1,0,,,0,,,0,0,,,1,0,0,1,0,0,,,,,,0,,0,0,0,0,0,0,0
613,5,3580,2016-04-11 18:00:00+00:00,3581,2016-04-11 22:00:00+00:00,1,0,,,0,,,0,0,,,1,0,0,1,0,0,,,,,,0,,0,0,0,0,0,0,0
615,5,3587,2016-04-12 22:00:00+00:00,3587,2016-04-12 22:00:00+00:00,1,0,,,0,,,0,0,,,1,0,0,1,0,0,,,,,,0,,0,0,0,0,0,0,0
618,5,3590,2016-04-13 10:00:00+00:00,3590,2016-04-13 10:00:00+00:00,1,0,,,0,,,0,0,,,1,0,0,1,0,0,,,,,,0,,0,0,0,0,0,0,0
620,5,3601,2016-04-15 06:00:00+00:00,3601,2016-04-15 06:00:00+00:00,1,0,,,0,,,0,0,,,1,0,0,1,0,0,,,,,,0,,0,0,0,0,0,0,0
622,5,3607,2016-04-18 02:00:00+00:00,3608,2016-04-18 06:00:00+00:00,1,0,,,0,,,0,0,,,1,0,0,1,0,0,,,,,,0,,0,0,0,0,0,0,0
625,5,3614,2016-04-19 06:00:00+00:00,3614,2016-04-19 06:00:00+00:00,1,0,,,0,,,0,0,,,1,0,0,1,0,0,,,,,,0,,0,0,0,0,0,0,0
629,5,3618,2016-04-19 22:00:00+00:00,3618,2016-04-19 22:00:00+00:00,1,0,,,0,,,0,0,,,1,0,0,1,0,0,,,,,,0,,0,0,0,0,0,0,0
632,5,3632,2016-04-22 06:00:00+00:00,3632,2016-04-22 06:00:00+00:00,1,0,,,0,,,0,0,,,1,0,0,1,0,0,,,,,,0,,0,0,0,0,0,0,0
633,5,3639,2016-04-25 06:00:00+00:00,3639,2016-04-25 06:00:00+00:00,1,0,,,0,,,0,0,,,1,0,1,1,0,0,,,,,,0,,0,0,0,0,0,0,0
634,5,3641,2016-04-25 14:00:00+00:00,3643,2016-04-25 22:00:00+00:00,1,0,,,0,,,0,0,,,1,0,1,1,0,0,,,,,,0,,0,0,0,0,0,0,0
636,5,3645,2016-04-26 06:00:00+00:00,3645,2016-04-26 06:00:00+00:00,1,0,,,0,,,0,0,,,1,0,1,1,0,0,,,,,,0,,0,0,0,0,0,0,0
637,5,3647,2016-04-26 14:00:00+00:00,3647,2016-04-26 14:00:00+00:00,1,0,,,0,,,0,0,,,1,0,0,1,0,0,,,,,,0,,0,0,0,0,0,0,0
640,5,3651,2016-04-27 06:00:00+00:00,3651,2016-04-27 06:00:00+00:00,1,0,,,0,,,0,0,,,1,0,0,1,0,0,,,,,,0,,0,0,0,0,0,0,0
642,5,3671,2016-05-02 10:00:00+00:00,3674,2016-05-02 22:00:00+00:00,1,1,3674.0,2016-05-02 22:00:00+00:00,0,,,0,0,,,0,0,0,0,0,0,0.5422088340013718,0.5872908046686793,0.4,0.0,2.0,-1,0.48649201429177524,0,0,0,1,0,0,1
646,5,3696,2016-05-06 14:00:00+00:00,3697,2016-05-06 18:00:00+00:00,1,0,,,0,,,0,0,,,1,0,0,1,0,0,,,,,,0,,0,0,0,0,0,0,0
648,5,3716,2016-05-11 18:00:00+00:00,3718,2016-05-12 02:00:00+00:00,1,0,,,0,,,0,0,,,1,0,0,1,0,0,,,,,,0,,0,0,0,0,0,0,0
650,5,3739,2016-05-17 10:00:00+00:00,3742,2016-05-17 22:00:00+00:00,1,1,3742.0,2016-05-17 22:00:00+00:00,0,,,0,0,,,0,0,0,0,0,0,0.46819976698982496,0.6244033484445046,0.4,2.0,0.0,1,0.5301546874879347,0,0,0,1,0,0,1
653,5,3762,2016-05-23 02:00:00+00:00,3763,2016-05-23 06:00:00+00:00,1,0,,,0,,,0,0,,,1,0,0,1,0,0,,,,,,0,,0,0,0,0,0,0,0
656,5,3768,2016-05-24 02:00:00+00:00,3768,2016-05-24 02:00:00+00:00,1,0,,,0,,,0,0,,,1,0,0,1,0,0,,,,,,0,,0,0,0,0,0,0,0
658,5,3784,2016-05-26 18:00:00+00:00,3784,2016-05-26 18:00:00+00:00,1,0,,,0,,,0,0,,,1,0,0,1,0,0,,,,,,0,,0,0,0,0,0,0,0
659,5,3813,2016-06-02 10:00:00+00:00,3814,2016-06-02 14:00:00+00:00,1,0,,,0,,,0,0,,,1,0,1,1,0,0,,,,,,0,,0,0,0,0,0,0,0
663,5,3816,2016-06-02 22:00:00+00:00,3816,2016-06-02 22:00:00+00:00,1,0,,,0,,,0,0,,,1,0,1,1,0,0,,,,,,0,,0,0,0,0,0,0,0
664,5,3818,2016-06-03 06:00:00+00:00,3818,2016-06-03 06:00:00+00:00,1,0,,,0,,,0,0,,,1,0,0,1,0,0,,,,,,0,,0,0,0,0,0,0,0
665,5,3829,2016-06-06 22:00:00+00:00,3831,2016-06-07 06:00:00+00:00,1,0,,,0,,,0,0,,,1,0,0,1,0,0,,,,,,0,,0,0,0,0,0,0,0
667,5,3868,2016-06-15 06:00:00+00:00,3868,2016-06-15 06:00:00+00:00,1,0,,,0,,,0,0,,,1,0,0,1,0,0,,,,,,0,,0,0,0,0,0,0,0
668,5,3888,2016-06-20 10:00:00+00:00,3890,2016-06-20 18:00:00+00:00,1,0,,,0,,,0,0,,,1,0,0,1,0,0,,,,,,0,,0,0,0,0,0,0,0
669,5,3902,2016-06-22 18:00:00+00:00,3902,2016-06-22 18:00:00+00:00,1,0,,,0,,,0,0,,,1,0,0,1,0,0,,,,,,0,,0,0,0,0,0,0,0
671,5,3905,2016-06-23 06:00:00+00:00,3907,2016-06-23 14:00:00+00:00,1,0,,,0,,,0,0,,,1,0,0,1,0,0,,,,,,0,,0,0,0,0,0,0,0
674,5,3915,2016-06-26 18:00:00+00:00,3915,2016-06-26 18:00:00+00:00,1,0,,,0,,,0,0,,,1,0,0,1,0,0,,,,,,0,,0,0,0,0,0,0,0
680,5,3927,2016-06-28 18:00:00+00:00,3927,2016-06-28 18:00:00+00:00,1,0,,,0,,,0,0,,,1,0,0,1,0,0,,,,,,0,,0,0,0,0,0,0,0
682,5,3933,2016-06-29 18:00:00+00:00,3935,2016-06-30 02:00:00+00:00,1,0,,,0,,,0,0,,,1,0,1,1,0,0,,,,,,0,,0,0,0,0,0,0,0
685,5,3937,2016-06-30 10:00:00+00:00,3938,2016-06-30 14:00:00+00:00,1,0,,,0,,,0,0,,,1,0,0,1,0,0,,,,,,0,,0,0,0,0,0,0,0
688,5,3973,2016-07-08 06:00:00+00:00,3973,2016-07-08 06:00:00+00:00,1,0,,,0,,,0,0,,,1,0,0,1,0,0,,,,,,0,,0,0,0,0,0,0,0
689,5,3985,2016-07-12 02:00:00+00:00,3985,2016-07-12 02:00:00+00:00,1,0,,,0,,,0,0,,,1,0,0,1,0,0,,,,,,0,,0,0,0,0,0,0,0
690,5,3995,2016-07-13 18:00:00+00:00,3995,2016-07-13 18:00:00+00:00,1,0,,,0,,,0,0,,,1,0,0,1,0,0,,,,,,0,,0,0,0,0,0,0,0
691,5,4004,2016-07-15 06:00:00+00:00,4004,2016-07-15 06:00:00+00:00,1,0,,,0,,,0,0,,,1,0,1,1,0,0,,,,,,0,,0,0,0,0,0,0,0
692,5,4006,2016-07-15 14:00:00+00:00,4006,2016-07-15 14:00:00+00:00,1,0,,,0,,,0,0,,,1,0,0,1,0,0,,,,,,0,,0,0,0,0,0,0,0
693,5,4012,2016-07-18 10:00:00+00:00,4013,2016-07-18 14:00:00+00:00,1,0,,,0,,,0,0,,,1,0,0,1,0,0,,,,,,0,,0,0,0,0,0,0,0
695,5,4018,2016-07-19 10:00:00+00:00,4021,2016-07-19 22:00:00+00:00,1,1,4021.0,2016-07-19 22:00:00+00:00,0,,,0,0,,,0,0,0,0,0,0,0.5265223453133118,0.9507281069219978,0.6,1.0,1.0,0,0.4800934097020967,0,0,0,1,0,0,1
700,5,4039,2016-07-24 18:00:00+00:00,4039,2016-07-24 18:00:00+00:00,1,0,,,0,,,0,0,,,1,0,0,1,0,0,,,,,,0,,0,0,0,0,0,0,0
701,5,4042,2016-07-25 06:00:00+00:00,4042,2016-07-25 06:00:00+00:00,1,0,,,0,,,0,0,,,1,0,0,1,0,0,,,,,,0,,0,0,0,0,0,0,0
703,5,4053,2016-07-27 02:00:00+00:00,4054,2016-07-27 06:00:00+00:00,1,0,,,0,,,0,0,,,1,0,0,1,0,0,,,,,,0,,0,0,0,0,0,0,0
704,5,4074,2016-08-01 10:00:00+00:00,4074,2016-08-01 10:00:00+00:00,1,0,,,0,,,0,0,,,1,0,0,1,0,0,,,,,,0,,0,0,0,0,0,0,0
706,5,4077,2016-08-01 22:00:00+00:00,4078,2016-08-02 02:00:00+00:00,1,0,,,0,,,0,0,,,1,0,0,1,0,0,,,,,,0,,0,0,0,0,0,0,0
707,5,4085,2016-08-03 06:00:00+00:00,4085,2016-08-03 06:00:00+00:00,1,0,,,0,,,0,0,,,1,0,0,1,0,0,,,,,,0,,0,0,0,0,0,0,0
708,5,4091,2016-08-04 06:00:00+00:00,4091,2016-08-04 06:00:00+00:00,1,0,,,0,,,0,0,,,1,0,1,1,0,0,,,,,,0,,0,0,0,0,0,0,0
710,5,4093,2016-08-04 14:00:00+00:00,4094,2016-08-04 18:00:00+00:00,1,0,,,0,,,0,0,,,1,0,0,1,0,0,,,,,,0,,0,0,0,0,0,0,0
712,5,4097,2016-08-05 06:00:00+00:00,4097,2016-08-05 06:00:00+00:00,1,0,,,0,,,0,0,,,1,0,0,1,0,0,,,,,,0,,0,0,0,0,0,0,0
713,5,4103,2016-08-08 02:00:00+00:00,4110,2016-08-09 06:00:00+00:00,1,1,4110.0,2016-08-09 06:00:00+00:00,1,4110.0,2016-08-09 06:00:00+00:00,1,0,4110.0,2016-08-09 06:00:00+00:00,0,0,0,0,0,1,0.34315682935226643,0.7939436952921963,0.6,1.0,2.0,-1,0.595008269358345,0,0,0,0,0,0,1
715,5,4112,2016-08-09 14:00:00+00:00,4112,2016-08-09 14:00:00+00:00,1,0,,,0,,,0,0,,,1,0,0,1,0,0,,,,,,0,,0,0,0,0,0,0,0
718,5,4124,2016-08-11 14:00:00+00:00,4124,2016-08-11 14:00:00+00:00,1,0,,,0,,,0,0,,,1,0,0,1,0,0,,,,,,0,,0,0,0,0,0,0,0
719,5,4137,2016-08-15 14:00:00+00:00,4137,2016-08-15 14:00:00+00:00,1,0,,,0,,,0,0,,,1,0,0,1,0,0,,,,,,0,,0,0,0,0,0,0,0
720,5,4148,2016-08-17 10:00:00+00:00,4148,2016-08-17 10:00:00+00:00,1,0,,,0,,,0,0,,,1,0,0,1,0,0,,,,,,0,,0,0,0,0,0,0,0
721,5,4157,2016-08-18 22:00:00+00:00,4158,2016-08-19 02:00:00+00:00,1,0,,,0,,,0,0,,,1,0,0,1,0,0,,,,,,0,,0,0,0,0,0,0,0
722,5,4168,2016-08-22 14:00:00+00:00,4169,2016-08-22 18:00:00+00:00,1,0,,,0,,,0,0,,,1,0,1,1,0,0,,,,,,0,,0,0,0,0,0,0,0
723,5,4171,2016-08-23 02:00:00+00:00,4171,2016-08-23 02:00:00+00:00,1,0,,,0,,,0,0,,,1,0,0,1,0,0,,,,,,0,,0,0,0,0,0,0,0
724,5,4200,2016-08-29 18:00:00+00:00,4200,2016-08-29 18:00:00+00:00,1,0,,,0,,,0,0,,,1,0,0,1,0,0,,,,,,0,,0,0,0,0,0,0,0
726,5,4213,2016-08-31 22:00:00+00:00,4213,2016-08-31 22:00:00+00:00,1,0,,,0,,,0,0,,,1,0,1,1,0,0,,,,,,0,,0,0,0,0,0,0,0
728,5,4215,2016-09-01 06:00:00+00:00,4215,2016-09-01 06:00:00+00:00,1,0,,,0,,,0,0,,,1,0,0,1,0,0,,,,,,0,,0,0,0,0,0,0,0
729,5,4221,2016-09-02 06:00:00+00:00,4221,2016-09-02 06:00:00+00:00,1,0,,,0,,,0,0,,,1,0,0,1,0,0,,,,,,0,,0,0,0,0,0,0,0
730,5,4232,2016-09-05 22:00:00+00:00,4233,2016-09-06 02:00:00+00:00,1,0,,,0,,,0,0,,,1,0,0,1,0,0,,,,,,0,,0,0,0,0,0,0,0
732,5,4259,2016-09-12 06:00:00+00:00,4259,2016-09-12 06:00:00+00:00,1,0,,,0,,,0,0,,,1,0,0,1,0,0,,,,,,0,,0,0,0,0,0,0,0
733,5,4274,2016-09-14 18:00:00+00:00,4276,2016-09-15 02:00:00+00:00,1,0,,,0,,,0,0,,,1,0,0,1,0,0,,,,,,0,,0,0,0,0,0,0,0
735,5,4286,2016-09-16 18:00:00+00:00,4286,2016-09-16 18:00:00+00:00,1,0,,,0,,,0,0,,,1,0,0,1,0,0,,,,,,0,,0,0,0,0,0,0,0
740,5,4316,2016-09-23 14:00:00+00:00,4318,2016-09-25 18:00:00+00:00,1,0,,,0,,,0,0,,,1,0,0,1,0,0,,,,,,0,,0,0,0,0,0,0,0
742,5,4325,2016-09-26 22:00:00+00:00,4325,2016-09-26 22:00:00+00:00,1,0,,,0,,,0,0,,,1,0,0,1,0,0,,,,,,0,,0,0,0,0,0,0,0
743,5,4346,2016-09-30 10:00:00+00:00,4346,2016-09-30 10:00:00+00:00,1,0,,,0,,,0,0,,,1,0,1,1,0,0,,,,,,0,,0,0,0,0,0,0,0
744,5,4348,2016-09-30 18:00:00+00:00,4349,2016-10-02 18:00:00+00:00,1,0,,,0,,,0,0,,,1,0,0,1,0,0,,,,,,0,,0,0,0,0,0,0,0
748,5,4355,2016-10-03 18:00:00+00:00,4355,2016-10-03 18:00:00+00:00,1,0,,,0,,,0,0,,,1,0,0,1,0,0,,,,,,0,,0,0,0,0,0,0,0
749,5,4370,2016-10-06 06:00:00+00:00,4370,2016-10-06 06:00:00+00:00,1,0,,,0,,,0,0,,,1,0,0,1,0,0,,,,,,0,,0,0,0,0,0,0,0
750,5,4376,2016-10-07 06:00:00+00:00,4376,2016-10-07 06:00:00+00:00,1,0,,,0,,,0,0,,,1,0,0,1,0,0,,,,,,0,,0,0,0,0,0,0,0
751,5,4384,2016-10-10 10:00:00+00:00,4386,2016-10-10 18:00:00+00:00,1,0,,,0,,,0,0,,,1,0,0,1,0,0,,,,,,0,,0,0,0,0,0,0,0
754,5,4391,2016-10-11 14:00:00+00:00,4391,2016-10-11 14:00:00+00:00,1,0,,,0,,,0,0,,,1,0,0,1,0,0,,,,,,0,,0,0,0,0,0,0,0
757,5,4397,2016-10-12 14:00:00+00:00,4399,2016-10-12 22:00:00+00:00,1,0,,,0,,,0,0,,,1,0,0,1,0,0,,,,,,0,,0,0,0,0,0,0,0
762,5,4402,2016-10-13 10:00:00+00:00,4403,2016-10-13 14:00:00+00:00,1,0,,,0,,,0,0,,,1,0,0,1,0,0,,,,,,0,,0,0,0,0,0,0,0
765,5,4416,2016-10-17 14:00:00+00:00,4416,2016-10-17 14:00:00+00:00,1,0,,,0,,,0,0,,,1,0,0,1,0,0,,,,,,0,,0,0,0,0,0,0,0
769,5,4427,2016-10-19 10:00:00+00:00,4427,2016-10-19 10:00:00+00:00,1,0,,,0,,,0,0,,,1,0,0,1,0,0,,,,,,0,,0,0,0,0,0,0,0
770,5,4431,2016-10-20 02:00:00+00:00,4432,2016-10-20 06:00:00+00:00,1,0,,,0,,,0,0,,,1,0,0,1,0,0,,,,,,0,,0,0,0,0,0,0,0
774,5,4440,2016-10-21 14:00:00+00:00,4441,2016-10-21 18:00:00+00:00,1,0,,,0,,,0,0,,,1,0,0,1,0,0,,,,,,0,,0,0,0,0,0,0,0
776,5,4444,2016-10-24 02:00:00+00:00,4445,2016-10-24 06:00:00+00:00,1,0,,,0,,,0,0,,,1,0,0,1,0,0,,,,,,0,,0,0,0,0,0,0,0
782,5,4479,2016-10-31 18:00:00+00:00,4479,2016-10-31 18:00:00+00:00,1,0,,,0,,,0,0,,,1,0,0,1,0,0,,,,,,0,,0,0,0,0,0,0,0
784,5,4500,2016-11-04 06:00:00+00:00,4500,2016-11-04 06:00:00+00:00,1,0,,,0,,,0,0,,,1,0,0,1,0,0,,,,,,0,,0,0,0,0,0,0,0
786,5,4525,2016-11-10 07:00:00+00:00,4525,2016-11-10 07:00:00+00:00,1,0,,,0,,,0,0,,,1,0,0,1,0,0,,,,,,0,,0,0,0,0,0,0,0
787,5,4539,2016-11-14 15:00:00+00:00,4540,2016-11-14 19:00:00+00:00,1,0,,,0,,,0,0,,,1,0,0,1,0,0,,,,,,0,,0,0,0,0,0,0,0
789,5,4544,2016-11-15 11:00:00+00:00,4545,2016-11-15 15:00:00+00:00,1,0,,,0,,,0,0,,,1,0,0,1,0,0,,,,,,0,,0,0,0,0,0,0,0
792,5,4549,2016-11-16 07:00:00+00:00,4556,2016-11-17 11:00:00+00:00,1,0,,,0,,,0,0,,,0,0,1,1,0,0,,,,,,0,,0,0,0,0,0,0,0
798,5,4558,2016-11-17 19:00:00+00:00,4558,2016-11-17 19:00:00+00:00,1,0,,,0,,,0,0,,,1,0,1,1,0,0,,,,,,0,,0,0,0,0,0,0,0
801,5,4560,2016-11-18 03:00:00+00:00,4560,2016-11-18 03:00:00+00:00,1,0,,,0,,,0,0,,,1,0,0,1,0,0,,,,,,0,,0,0,0,0,0,0,0
803,5,4568,2016-11-21 11:00:00+00:00,4568,2016-11-21 11:00:00+00:00,1,0,,,0,,,0,0,,,1,0,1,1,0,0,,,,,,0,,0,0,0,0,0,0,0
805,5,4570,2016-11-21 19:00:00+00:00,4570,2016-11-21 19:00:00+00:00,1,0,,,0,,,0,0,,,1,0,0,1,0,0,,,,,,0,,0,0,0,0,0,0,0
806,5,4585,2016-11-24 07:00:00+00:00,4586,2016-11-24 11:00:00+00:00,1,0,,,0,,,0,0,,,1,0,0,1,0,0,,,,,,0,,0,0,0,0,0,0,0
807,5,4601,2016-11-29 07:00:00+00:00,4601,2016-11-29 07:00:00+00:00,1,0,,,0,,,0,0,,,1,0,0,1,0,0,,,,,,0,,0,0,0,0,0,0,0
809,5,4614,2016-12-01 11:00:00+00:00,4618,2016-12-02 03:00:00+00:00,1,0,,,0,,,0,0,,,0,0,0,1,0,0,,,,,,0,,0,0,0,0,0,0,0
812,5,4632,2016-12-06 11:00:00+00:00,4636,2016-12-07 03:00:00+00:00,1,1,4636.0,2016-12-07 03:00:00+00:00,1,4636.0,2016-12-07 03:00:00+00:00,1,0,4636.0,2016-12-07 03:00:00+00:00,0,0,0,0,0,1,0.618894462624649,0.7266328257191184,0.4,0.0,1.0,-1,0.5814531581849611,1,0,0,0,0,0,0
816,5,4642,2016-12-08 03:00:00+00:00,4642,2016-12-08 03:00:00+00:00,1,0,,,0,,,0,0,,,1,0,0,1,0,0,,,,,,0,,0,0,0,0,0,0,0
818,5,4646,2016-12-08 19:00:00+00:00,4646,2016-12-08 19:00:00+00:00,1,0,,,0,,,0,0,,,1,0,0,1,0,0,,,,,,0,,0,0,0,0,0,0,0
820,5,4661,2016-12-13 07:00:00+00:00,4664,2016-12-13 19:00:00+00:00,1,0,,,0,,,0,0,,,0,0,0,1,0,0,,,,,,0,,0,0,0,0,0,0,0
823,5,4680,2016-12-16 11:00:00+00:00,4680,2016-12-16 11:00:00+00:00,1,0,,,0,,,0,0,,,1,0,0,1,0,0,,,,,,0,,0,0,0,0,0,0,0
825,5,4686,2016-12-19 11:00:00+00:00,4686,2016-12-19 11:00:00+00:00,1,0,,,0,,,0,0,,,1,0,0,1,0,0,,,,,,0,,0,0,0,0,0,0,0
827,5,4689,2016-12-19 23:00:00+00:00,4689,2016-12-19 23:00:00+00:00,1,0,,,0,,,0,0,,,1,0,0,1,0,0,,,,,,0,,0,0,0,0,0,0,0
830,5,4693,2016-12-20 15:00:00+00:00,4693,2016-12-20 15:00:00+00:00,1,0,,,0,,,0,0,,,1,0,1,1,0,0,,,,,,0,,0,0,0,0,0,0,0
832,5,4695,2016-12-20 23:00:00+00:00,4695,2016-12-20 23:00:00+00:00,1,0,,,0,,,0,0,,,1,0,0,1,0,0,,,,,,0,,0,0,0,0,0,0,0
835,5,4699,2016-12-21 15:00:00+00:00,4701,2016-12-21 23:00:00+00:00,1,0,,,0,,,0,0,,,1,0,0,1,0,0,,,,,,0,,0,0,0,0,0,0,0
840,5,4705,2016-12-22 15:00:00+00:00,4708,2016-12-23 03:00:00+00:00,1,1,4708.0,2016-12-23 03:00:00+00:00,1,4708.0,2016-12-23 03:00:00+00:00,1,0,4708.0,2016-12-23 03:00:00+00:00,0,0,0,0,0,1,0.3508310700478623,0.8832434478190908,0.4,0.0,2.0,-1,0.6417397953145066,0,0,0,0,0,0,0
844,5,4723,2016-12-28 15:00:00+00:00,4724,2016-12-28 19:00:00+00:00,1,0,,,0,,,0,0,,,1,0,0,1,0,0,,,,,,0,,0,0,0,0,0,0,0
846,5,4728,2016-12-29 11:00:00+00:00,4728,2016-12-29 11:00:00+00:00,1,0,,,0,,,0,0,,,1,0,0,1,0,0,,,,,,0,,0,0,0,0,0,0,0
847,5,4737,2017-01-02 23:00:00+00:00,4740,2017-01-03 11:00:00+00:00,1,0,,,0,,,0,0,,,0,0,0,1,0,0,,,,,,0,,0,0,0,0,0,0,0
851,5,4746,2017-01-04 11:00:00+00:00,4746,2017-01-04 11:00:00+00:00,1,0,,,0,,,0,0,,,1,0,0,1,0,0,,,,,,0,,0,0,0,0,0,0,0
852,5,4751,2017-01-05 07:00:00+00:00,4751,2017-01-05 07:00:00+00:00,1,0,,,0,,,0,0,,,1,0,0,1,0,0,,,,,,0,,0,0,0,0,0,0,0
854,5,4759,2017-01-06 15:00:00+00:00,4759,2017-01-06 15:00:00+00:00,1,0,,,0,,,0,0,,,1,0,0,1,0,0,,,,,,0,,0,0,0,0,0,0,0
859,5,4771,2017-01-10 15:00:00+00:00,4774,2017-01-11 03:00:00+00:00,1,1,4774.0,2017-01-11 03:00:00+00:00,0,,,0,0,,,0,0,0,0,0,0,0.62934399596145,0.5184209637659194,0.4,1.0,0.0,1,0.572227036233721,1,0,0,1,0,0,1
863,5,4786,2017-01-13 03:00:00+00:00,4786,2017-01-13 03:00:00+00:00,1,0,,,0,,,0,0,,,1,0,0,1,0,0,,,,,,0,,0,0,0,0,0,0,0
866,5,4802,2017-01-17 23:00:00+00:00,4806,2017-01-18 15:00:00+00:00,1,1,4806.0,2017-01-18 15:00:00+00:00,0,,,0,0,,,0,0,0,0,0,0,0.425511967483424,0.6912070543215906,1.0,1.0,2.0,-1,0.4242298201755528,0,0,0,1,0,0,1
870,5,4817,2017-01-20 11:00:00+00:00,4818,2017-01-20 15:00:00+00:00,1,0,,,0,,,0,0,,,1,0,0,1,0,0,,,,,,0,,0,0,0,0,0,0,0
872,5,4824,2017-01-23 15:00:00+00:00,4824,2017-01-23 15:00:00+00:00,1,0,,,0,,,0,0,,,1,0,0,1,0,0,,,,,,0,,0,0,0,0,0,0,0
874,5,4828,2017-01-24 07:00:00+00:00,4828,2017-01-24 07:00:00+00:00,1,0,,,0,,,0,0,,,1,0,0,1,0,0,,,,,,0,,0,0,0,0,0,0,0
876,5,4832,2017-01-24 23:00:00+00:00,4832,2017-01-24 23:00:00+00:00,1,0,,,0,,,0,0,,,1,0,0,1,0,0,,,,,,0,,0,0,0,0,0,0,0
879,5,4846,2017-01-27 07:00:00+00:00,4848,2017-01-27 15:00:00+00:00,1,0,,,0,,,0,0,,,1,0,0,1,0,0,,,,,,0,,0,0,0,0,0,0,0
883,5,4882,2017-02-06 07:00:00+00:00,4882,2017-02-06 07:00:00+00:00,1,0,,,0,,,0,0,,,1,0,0,1,0,0,,,,,,0,,0,0,0,0,0,0,0
885,5,4889,2017-02-07 11:00:00+00:00,4892,2017-02-07 23:00:00+00:00,1,1,4892.0,2017-02-07 23:00:00+00:00,0,,,0,0,,,0,0,0,0,0,0,0.7293054001574849,0.42108678021083,0.4,2.0,0.0,1,0.33302993144724957,1,1,0,1,1,0,1
890,5,4936,2017-02-17 07:00:00+00:00,4936,2017-02-17 07:00:00+00:00,1,0,,,0,,,0,0,,,1,0,0,1,0,0,,,,,,0,,0,0,0,0,0,0,0
892,5,4945,2017-02-20 23:00:00+00:00,4946,2017-02-21 03:00:00+00:00,1,0,,,0,,,0,0,,,1,0,0,1,0,0,,,,,,0,,0,0,0,0,0,0,0
893,5,4959,2017-02-23 07:00:00+00:00,4959,2017-02-23 07:00:00+00:00,1,0,,,0,,,0,0,,,1,0,0,1,0,0,,,,,,0,,0,0,0,0,0,0,0
894,5,4971,2017-02-27 07:00:00+00:00,4972,2017-02-27 11:00:00+00:00,1,0,,,0,,,0,0,,,1,0,0,1,0,0,,,,,,0,,0,0,0,0,0,0,0
895,5,4978,2017-02-28 11:00:00+00:00,4978,2017-02-28 11:00:00+00:00,1,0,,,0,,,0,0,,,1,0,1,1,0,0,,,,,,0,,0,0,0,0,0,0,0
896,5,4980,2017-02-28 19:00:00+00:00,4980,2017-02-28 19:00:00+00:00,1,0,,,0,,,0,0,,,1,0,0,1,0,0,,,,,,0,,0,0,0,0,0,0,0
897,5,4992,2017-03-02 19:00:00+00:00,4992,2017-03-02 19:00:00+00:00,1,0,,,0,,,0,0,,,1,0,0,1,0,0,,,,,,0,,0,0,0,0,0,0,0
898,5,5004,2017-03-06 19:00:00+00:00,5005,2017-03-06 23:00:00+00:00,1,0,,,0,,,0,0,,,1,0,0,1,0,0,,,,,,0,,0,0,0,0,0,0,0
901,5,5033,2017-03-13 06:00:00+00:00,5033,2017-03-13 06:00:00+00:00,1,0,,,0,,,0,0,,,1,0,0,1,0,0,,,,,,0,,0,0,0,0,0,0,0
905,5,5046,2017-03-15 10:00:00+00:00,5046,2017-03-15 10:00:00+00:00,1,0,,,0,,,0,0,,,1,0,0,1,0,0,,,,,,0,,0,0,0,0,0,0,0
906,5,5060,2017-03-17 18:00:00+00:00,5060,2017-03-17 18:00:00+00:00,1,0,,,0,,,0,0,,,1,0,0,1,0,0,,,,,,0,,0,0,0,0,0,0,0
908,5,5069,2017-03-21 02:00:00+00:00,5070,2017-03-21 06:00:00+00:00,1,0,,,0,,,0,0,,,1,0,0,1,0,0,,,,,,0,,0,0,0,0,0,0,0
910,5,5088,2017-03-24 06:00:00+00:00,5089,2017-03-24 10:00:00+00:00,1,0,,,0,,,0,0,,,1,0,0,1,0,0,,,,,,0,,0,0,0,0,0,0,0
912,5,5101,2017-03-28 06:00:00+00:00,5101,2017-03-28 06:00:00+00:00,1,0,,,0,,,0,0,,,1,0,0,1,0,0,,,,,,0,,0,0,0,0,0,0,0
913,5,5108,2017-03-29 10:00:00+00:00,5109,2017-03-29 14:00:00+00:00,1,0,,,0,,,0,0,,,1,0,0,1,0,0,,,,,,0,,0,0,0,0,0,0,0
915,5,5112,2017-03-30 02:00:00+00:00,5112,2017-03-30 02:00:00+00:00,1,0,,,0,,,0,0,,,1,0,0,1,0,0,,,,,,0,,0,0,0,0,0,0,0
919,5,5122,2017-03-31 18:00:00+00:00,5122,2017-03-31 18:00:00+00:00,1,0,,,0,,,0,0,,,1,0,0,1,0,0,,,,,,0,,0,0,0,0,0,0,0
921,5,5128,2017-04-03 14:00:00+00:00,5128,2017-04-03 14:00:00+00:00,1,0,,,0,,,0,0,,,1,0,0,1,0,0,,,,,,0,,0,0,0,0,0,0,0
923,5,5141,2017-04-05 18:00:00+00:00,5141,2017-04-05 18:00:00+00:00,1,0,,,0,,,0,0,,,1,0,0,1,0,0,,,,,,0,,0,0,0,0,0,0,0
925,5,5157,2017-04-10 06:00:00+00:00,5157,2017-04-10 06:00:00+00:00,1,0,,,0,,,0,0,,,1,0,0,1,0,0,,,,,,0,,0,0,0,0,0,0,0
926,5,5186,2017-04-17 22:00:00+00:00,5186,2017-04-17 22:00:00+00:00,1,0,,,0,,,0,0,,,1,0,0,1,0,0,,,,,,0,,0,0,0,0,0,0,0
930,5,5200,2017-04-20 06:00:00+00:00,5205,2017-04-21 02:00:00+00:00,1,1,5205.0,2017-04-21 02:00:00+00:00,1,5205.0,2017-04-21 02:00:00+00:00,1,0,5205.0,2017-04-21 02:00:00+00:00,0,0,0,0,0,1,0.41729362187755187,0.9371042232062232,0.4,0.0,0.0,0,0.7608886571002363,0,0,0,0,0,0,1
932,5,5226,2017-04-26 10:00:00+00:00,5226,2017-04-26 10:00:00+00:00,1,0,,,0,,,0,0,,,1,0,0,1,0,0,,,,,,0,,0,0,0,0,0,0,0
933,5,5239,2017-04-28 14:00:00+00:00,5239,2017-04-28 14:00:00+00:00,1,0,,,0,,,0,0,,,1,0,0,1,0,0,,,,,,0,,0,0,0,0,0,0,0
938,5,5269,2017-05-05 10:00:00+00:00,5271,2017-05-05 18:00:00+00:00,1,0,,,0,,,0,0,,,1,0,0,1,0,0,,,,,,0,,0,0,0,0,0,0,0
940,5,5281,2017-05-09 06:00:00+00:00,5281,2017-05-09 06:00:00+00:00,1,0,,,0,,,0,0,,,1,0,0,1,0,0,,,,,,0,,0,0,0,0,0,0,0
941,5,5290,2017-05-10 18:00:00+00:00,5291,2017-05-10 22:00:00+00:00,1,0,,,0,,,0,0,,,1,0,0,1,0,0,,,,,,0,,0,0,0,0,0,0,0
943,5,5297,2017-05-11 22:00:00+00:00,5297,2017-05-11 22:00:00+00:00,1,0,,,0,,,0,0,,,1,0,0,1,0,0,,,,,,0,,0,0,0,0,0,0,0
946,5,5312,2017-05-16 06:00:00+00:00,5312,2017-05-16 06:00:00+00:00,1,0,,,0,,,0,0,,,1,0,0,1,0,0,,,,,,0,,0,0,0,0,0,0,0
947,5,5332,2017-05-19 14:00:00+00:00,5333,2017-05-19 18:00:00+00:00,1,0,,,0,,,0,0,,,1,0,0,1,0,0,,,,,,0,,0,0,0,0,0,0,0
949,5,5336,2017-05-22 02:00:00+00:00,5337,2017-05-22 06:00:00+00:00,1,0,,,0,,,0,0,,,1,0,0,1,0,0,,,,,,0,,0,0,0,0,0,0,0
953,5,5344,2017-05-23 10:00:00+00:00,5344,2017-05-23 10:00:00+00:00,1,0,,,0,,,0,0,,,1,0,0,1,0,0,,,,,,0,,0,0,0,0,0,0,0
955,5,5353,2017-05-24 22:00:00+00:00,5353,2017-05-24 22:00:00+00:00,1,0,,,0,,,0,0,,,1,0,0,1,0,0,,,,,,0,,0,0,0,0,0,0,0
957,5,5359,2017-05-25 22:00:00+00:00,5359,2017-05-25 22:00:00+00:00,1,0,,,0,,,0,0,,,1,0,0,1,0,0,,,,,,0,,0,0,0,0,0,0,0
959,5,5366,2017-05-28 22:00:00+00:00,5369,2017-05-29 10:00:00+00:00,1,1,5369.0,2017-05-29 10:00:00+00:00,0,,,0,0,,,0,0,1,0,0,0,0.5553366077921393,0.8847776695878073,0.4,0.0,2.0,-1,0.4889397347565144,1,0,0,1,0,0,1
961,5,5371,2017-05-29 18:00:00+00:00,5371,2017-05-29 18:00:00+00:00,1,0,,,0,,,0,0,,,1,0,1,1,0,0,,,,,,0,,0,0,0,0,0,0,0
962,5,5373,2017-05-30 02:00:00+00:00,5373,2017-05-30 02:00:00+00:00,1,0,,,0,,,0,0,,,1,0,0,1,0,0,,,,,,0,,0,0,0,0,0,0,0
965,5,5379,2017-05-31 02:00:00+00:00,5379,2017-05-31 02:00:00+00:00,1,0,,,0,,,0,0,,,1,0,0,1,0,0,,,,,,0,,0,0,0,0,0,0,0
967,5,5412,2017-06-07 10:00:00+00:00,5412,2017-06-07 10:00:00+00:00,1,0,,,0,,,0,0,,,1,0,1,1,0,0,,,,,,0,,0,0,0,0,0,0,0
968,5,5414,2017-06-07 18:00:00+00:00,5416,2017-06-08 02:00:00+00:00,1,0,,,0,,,0,0,,,1,0,0,1,0,0,,,,,,0,,0,0,0,0,0,0,0
970,5,5423,2017-06-09 06:00:00+00:00,5423,2017-06-09 06:00:00+00:00,1,0,,,0,,,0,0,,,1,0,0,1,0,0,,,,,,0,,0,0,0,0,0,0,0
971,5,5430,2017-06-12 06:00:00+00:00,5434,2017-06-12 22:00:00+00:00,1,1,5434.0,2017-06-12 22:00:00+00:00,0,,,0,0,,,0,0,0,0,0,0,0.4448089870111371,0.9404883011190123,0.4,0.0,1.0,-1,0.5677071837462555,0,0,0,1,0,0,1
973,5,5455,2017-06-16 10:00:00+00:00,5458,2017-06-18 18:00:00+00:00,1,0,,,0,,,0,0,,,0,0,0,1,0,0,,,,,,0,,0,0,0,0,0,0,0
975,5,5469,2017-06-20 14:00:00+00:00,5471,2017-06-20 22:00:00+00:00,1,0,,,0,,,0,0,,,1,0,0,1,0,0,,,,,,0,,0,0,0,0,0,0,0
978,5,5481,2017-06-22 14:00:00+00:00,5481,2017-06-22 14:00:00+00:00,1,0,,,0,,,0,0,,,1,0,0,1,0,0,,,,,,0,,0,0,0,0,0,0,0
980,5,5502,2017-06-27 22:00:00+00:00,5503,2017-06-28 02:00:00+00:00,1,0,,,0,,,0,0,,,1,0,0,1,0,0,,,,,,0,,0,0,0,0,0,0,0
983,5,5506,2017-06-28 14:00:00+00:00,5508,2017-06-28 22:00:00+00:00,1,0,,,0,,,0,0,,,1,0,0,1,0,0,,,,,,0,,0,0,0,0,0,0,0
986,5,5516,2017-06-30 06:00:00+00:00,5516,2017-06-30 06:00:00+00:00,1,0,,,0,,,0,0,,,1,0,0,1,0,0,,,,,,0,,0,0,0,0,0,0,0
988,5,5520,2017-07-02 18:00:00+00:00,5520,2017-07-02 18:00:00+00:00,1,0,,,0,,,0,0,,,1,0,0,1,0,0,,,,,,0,,0,0,0,0,0,0,0
989,5,5529,2017-07-04 06:00:00+00:00,5529,2017-07-04 06:00:00+00:00,1,0,,,0,,,0,0,,,1,0,0,1,0,0,,,,,,0,,0,0,0,0,0,0,0
990,5,5532,2017-07-04 18:00:00+00:00,5532,2017-07-04 18:00:00+00:00,1,0,,,0,,,0,0,,,1,0,0,1,0,0,,,,,,0,,0,0,0,0,0,0,0
992,5,5542,2017-07-06 10:00:00+00:00,5544,2017-07-06 18:00:00+00:00,1,0,,,0,,,0,0,,,1,0,0,1,0,0,,,,,,0,,0,0,0,0,0,0,0
994,5,5554,2017-07-10 06:00:00+00:00,5554,2017-07-10 06:00:00+00:00,1,0,,,0,,,0,0,,,1,0,0,1,0,0,,,,,,0,,0,0,0,0,0,0,0
995,5,5563,2017-07-11 18:00:00+00:00,5563,2017-07-11 18:00:00+00:00,1,0,,,0,,,0,0,,,1,0,0,1,0,0,,,,,,0,,0,0,0,0,0,0,0
997,5,5585,2017-07-17 06:00:00+00:00,5585,2017-07-17 06:00:00+00:00,1,0,,,0,,,0,0,,,1,0,1,1,0,0,,,,,,0,,0,0,0,0,0,0,0
998,5,5587,2017-07-17 14:00:00+00:00,5587,2017-07-17 14:00:00+00:00,1,0,,,0,,,0,0,,,1,0,0,1,0,0,,,,,,0,,0,0,0,0,0,0,0
999,5,5591,2017-07-18 06:00:00+00:00,5591,2017-07-18 06:00:00+00:00,1,0,,,0,,,0,0,,,1,0,0,1,0,0,,,,,,0,,0,0,0,0,0,0,0
1000,5,5609,2017-07-21 06:00:00+00:00,5609,2017-07-21 06:00:00+00:00,1,0,,,0,,,0,0,,,1,0,0,1,0,0,,,,,,0,,0,0,0,0,0,0,0
1001,5,5616,2017-07-24 06:00:00+00:00,5616,2017-07-24 06:00:00+00:00,1,0,,,0,,,0,0,,,1,0,0,1,0,0,,,,,,0,,0,0,0,0,0,0,0
1002,5,5623,2017-07-25 10:00:00+00:00,5624,2017-07-25 14:00:00+00:00,1,0,,,0,,,0,0,,,1,0,0,1,0,0,,,,,,0,,0,0,0,0,0,0,0
1004,5,5635,2017-07-27 10:00:00+00:00,5635,2017-07-27 10:00:00+00:00,1,0,,,0,,,0,0,,,1,0,0,1,0,0,,,,,,0,,0,0,0,0,0,0,0
1006,5,5648,2017-07-31 10:00:00+00:00,5652,2017-08-01 02:00:00+00:00,1,1,5652.0,2017-08-01 02:00:00+00:00,0,,,0,0,,,0,0,0,0,0,0,0.3739927161538877,0.7261740859721433,0.8,3.0,1.0,1,0.45006394953202433,0,0,0,1,0,0,1
1011,5,5671,2017-08-04 06:00:00+00:00,5671,2017-08-04 06:00:00+00:00,1,0,,,0,,,0,0,,,1,0,0,1,0,0,,,,,,0,,0,0,0,0,0,0,0
1012,5,5677,2017-08-07 02:00:00+00:00,5679,2017-08-07 10:00:00+00:00,1,0,,,0,,,0,0,,,1,0,0,1,0,0,,,,,,0,,0,0,0,0,0,0,0
1014,5,5686,2017-08-08 14:00:00+00:00,5687,2017-08-08 18:00:00+00:00,1,0,,,0,,,0,0,,,1,0,0,1,0,0,,,,,,0,,0,0,0,0,0,0,0
1017,5,5702,2017-08-11 06:00:00+00:00,5702,2017-08-11 06:00:00+00:00,1,0,,,0,,,0,0,,,1,0,0,1,0,0,,,,,,0,,0,0,0,0,0,0,0
1021,5,5744,2017-08-21 22:00:00+00:00,5744,2017-08-21 22:00:00+00:00,1,0,,,0,,,0,0,,,1,0,0,1,0,0,,,,,,0,,0,0,0,0,0,0,0
1026,5,5755,2017-08-23 18:00:00+00:00,5755,2017-08-23 18:00:00+00:00,1,0,,,0,,,0,0,,,1,0,1,1,0,0,,,,,,0,,0,0,0,0,0,0,0
1028,5,5757,2017-08-24 02:00:00+00:00,5757,2017-08-24 02:00:00+00:00,1,0,,,0,,,0,0,,,1,0,1,1,0,0,,,,,,0,,0,0,0,0,0,0,0
1030,5,5759,2017-08-24 10:00:00+00:00,5761,2017-08-24 18:00:00+00:00,1,0,,,0,,,0,0,,,1,0,0,1,0,0,,,,,,0,,0,0,0,0,0,0,0
1033,5,5764,2017-08-25 06:00:00+00:00,5764,2017-08-25 06:00:00+00:00,1,0,,,0,,,0,0,,,1,0,0,1,0,0,,,,,,0,,0,0,0,0,0,0,0
1034,5,5784,2017-08-30 10:00:00+00:00,5784,2017-08-30 10:00:00+00:00,1,0,,,0,,,0,0,,,1,0,0,1,0,0,,,,,,0,,0,0,0,0,0,0,0
1035,5,5807,2017-09-05 02:00:00+00:00,5807,2017-09-05 02:00:00+00:00,1,0,,,0,,,0,0,,,1,0,0,1,0,0,,,,,,0,,0,0,0,0,0,0,0
1036,5,5817,2017-09-06 18:00:00+00:00,5820,2017-09-07 06:00:00+00:00,1,1,5820.0,2017-09-07 06:00:00+00:00,1,5820.0,2017-09-07 06:00:00+00:00,1,0,5820.0,2017-09-07 06:00:00+00:00,0,0,0,0,0,1,0.4153740111829594,0.9653835307388694,0.6,1.0,1.0,0,0.6540285329004419,0,0,0,0,0,0,0
1038,5,5840,2017-09-12 10:00:00+00:00,5840,2017-09-12 10:00:00+00:00,1,0,,,0,,,0,0,,,1,0,0,1,0,0,,,,,,0,,0,0,0,0,0,0,0
1044,5,5848,2017-09-13 18:00:00+00:00,5848,2017-09-13 18:00:00+00:00,1,0,,,0,,,0,0,,,1,0,0,1,0,0,,,,,,0,,0,0,0,0,0,0,0
1048,5,5877,2017-09-20 10:00:00+00:00,5877,2017-09-20 10:00:00+00:00,1,0,,,0,,,0,0,,,1,0,0,1,0,0,,,,,,0,,0,0,0,0,0,0,0
1049,5,5889,2017-09-22 10:00:00+00:00,5889,2017-09-22 10:00:00+00:00,1,0,,,0,,,0,0,,,1,0,1,1,0,0,,,,,,0,,0,0,0,0,0,0,0
1050,5,5891,2017-09-22 18:00:00+00:00,5891,2017-09-22 18:00:00+00:00,1,0,,,0,,,0,0,,,1,0,0,1,0,0,,,,,,0,,0,0,0,0,0,0,0
1054,5,5912,2017-09-28 02:00:00+00:00,5913,2017-09-28 06:00:00+00:00,1,0,,,0,,,0,0,,,1,0,0,1,0,0,,,,,,0,,0,0,0,0,0,0,0
1056,5,5916,2017-09-28 18:00:00+00:00,5916,2017-09-28 18:00:00+00:00,1,0,,,0,,,0,0,,,1,0,0,1,0,0,,,,,,0,,0,0,0,0,0,0,0
1057,5,5919,2017-09-29 06:00:00+00:00,5919,2017-09-29 06:00:00+00:00,1,0,,,0,,,0,0,,,1,0,1,1,0,0,,,,,,0,,0,0,0,0,0,0,0
1059,5,5921,2017-09-29 14:00:00+00:00,5921,2017-09-29 14:00:00+00:00,1,0,,,0,,,0,0,,,1,0,0,1,0,0,,,,,,0,,0,0,0,0,0,0,0
1064,5,5933,2017-10-03 10:00:00+00:00,5935,2017-10-03 18:00:00+00:00,1,0,,,0,,,0,0,,,1,0,0,1,0,0,,,,,,0,,0,0,0,0,0,0,0
1066,5,5945,2017-10-05 10:00:00+00:00,5945,2017-10-05 10:00:00+00:00,1,0,,,0,,,0,0,,,1,0,0,1,0,0,,,,,,0,,0,0,0,0,0,0,0
1067,5,5958,2017-10-09 10:00:00+00:00,5958,2017-10-09 10:00:00+00:00,1,0,,,0,,,0,0,,,1,0,1,1,0,0,,,,,,0,,0,0,0,0,0,0,0
1068,5,5960,2017-10-09 18:00:00+00:00,5960,2017-10-09 18:00:00+00:00,1,0,,,0,,,0,0,,,1,0,0,1,0,0,,,,,,0,,0,0,0,0,0,0,0
1069,5,5966,2017-10-10 18:00:00+00:00,5967,2017-10-10 22:00:00+00:00,1,0,,,0,,,0,0,,,1,0,0,1,0,0,,,,,,0,,0,0,0,0,0,0,0
1072,5,5970,2017-10-11 10:00:00+00:00,5970,2017-10-11 10:00:00+00:00,1,0,,,0,,,0,0,,,1,0,0,1,0,0,,,,,,0,,0,0,0,0,0,0,0
1075,5,5981,2017-10-13 06:00:00+00:00,5981,2017-10-13 06:00:00+00:00,1,0,,,0,,,0,0,,,1,0,0,1,0,0,,,,,,0,,0,0,0,0,0,0,0
1076,5,5989,2017-10-16 10:00:00+00:00,5989,2017-10-16 10:00:00+00:00,1,0,,,0,,,0,0,,,1,0,0,1,0,0,,,,,,0,,0,0,0,0,0,0,0
1077,5,6004,2017-10-18 22:00:00+00:00,6004,2017-10-18 22:00:00+00:00,1,0,,,0,,,0,0,,,1,0,0,1,0,0,,,,,,0,,0,0,0,0,0,0,0
1080,5,6008,2017-10-19 14:00:00+00:00,6008,2017-10-19 14:00:00+00:00,1,0,,,0,,,0,0,,,1,0,0,1,0,0,,,,,,0,,0,0,0,0,0,0,0
1083,5,6011,2017-10-20 02:00:00+00:00,6011,2017-10-20 02:00:00+00:00,1,0,,,0,,,0,0,,,1,0,0,1,0,0,,,,,,0,,0,0,0,0,0,0,0
1085,5,6015,2017-10-20 18:00:00+00:00,6015,2017-10-20 18:00:00+00:00,1,0,,,0,,,0,0,,,1,0,0,1,0,0,,,,,,0,,0,0,0,0,0,0,0
1086,5,6027,2017-10-24 14:00:00+00:00,6027,2017-10-24 14:00:00+00:00,1,0,,,0,,,0,0,,,1,0,1,1,0,0,,,,,,0,,0,0,0,0,0,0,0
1088,5,6029,2017-10-24 22:00:00+00:00,6029,2017-10-24 22:00:00+00:00,1,0,,,0,,,0,0,,,1,0,1,1,0,0,,,,,,0,,0,0,0,0,0,0,0
1089,5,6031,2017-10-25 06:00:00+00:00,6034,2017-10-25 18:00:00+00:00,1,0,,,0,,,0,0,,,0,0,0,1,0,0,,,,,,0,,0,0,0,0,0,0,0
1094,5,6049,2017-10-30 02:00:00+00:00,6050,2017-10-30 06:00:00+00:00,1,0,,,0,,,0,0,,,1,0,0,1,0,0,,,,,,0,,0,0,0,0,0,0,0
1096,5,6056,2017-10-31 06:00:00+00:00,6056,2017-10-31 06:00:00+00:00,1,0,,,0,,,0,0,,,1,0,1,1,0,0,,,,,,0,,0,0,0,0,0,0,0
1098,5,6058,2017-10-31 14:00:00+00:00,6059,2017-10-31 18:00:00+00:00,1,0,,,0,,,0,0,,,1,0,0,1,0,0,,,,,,0,,0,0,0,0,0,0,0
1100,5,6066,2017-11-01 22:00:00+00:00,6068,2017-11-02 06:00:00+00:00,1,0,,,0,,,0,0,,,1,0,0,1,0,0,,,,,,0,,0,0,0,0,0,0,0
1103,5,6080,2017-11-06 03:00:00+00:00,6080,2017-11-06 03:00:00+00:00,1,0,,,0,,,0,0,,,1,0,0,1,0,0,,,,,,0,,0,0,0,0,0,0,0
1105,5,6101,2017-11-09 15:00:00+00:00,6101,2017-11-09 15:00:00+00:00,1,0,,,0,,,0,0,,,1,0,1,1,0,0,,,,,,0,,0,0,0,0,0,0,0
1108,5,6103,2017-11-09 23:00:00+00:00,6105,2017-11-10 07:00:00+00:00,1,0,,,0,,,0,0,,,1,0,0,1,0,0,,,,,,0,,0,0,0,0,0,0,0
1111,5,6112,2017-11-13 11:00:00+00:00,6115,2017-11-13 23:00:00+00:00,1,0,,,0,,,0,0,,,0,0,0,1,0,0,,,,,,0,,0,0,0,0,0,0,0
1113,5,6131,2017-11-16 15:00:00+00:00,6132,2017-11-16 19:00:00+00:00,1,0,,,0,,,0,0,,,1,0,0,1,0,0,,,,,,0,,0,0,0,0,0,0,0
1115,5,6164,2017-11-24 07:00:00+00:00,6164,2017-11-24 07:00:00+00:00,1,0,,,0,,,0,0,,,1,0,0,1,0,0,,,,,,0,,0,0,0,0,0,0,0
1116,5,6177,2017-11-28 15:00:00+00:00,6177,2017-11-28 15:00:00+00:00,1,0,,,0,,,0,0,,,1,0,0,1,0,0,,,,,,0,,0,0,0,0,0,0,0
1119,5,6194,2017-12-01 11:00:00+00:00,6194,2017-12-01 11:00:00+00:00,1,0,,,0,,,0,0,,,1,0,0,1,0,0,,,,,,0,,0,0,0,0,0,0,0
1120,5,6204,2017-12-05 03:00:00+00:00,6204,2017-12-05 03:00:00+00:00,1,0,,,0,,,0,0,,,1,0,0,1,0,0,,,,,,0,,0,0,0,0,0,0,0
1121,5,6212,2017-12-06 11:00:00+00:00,6215,2017-12-06 23:00:00+00:00,1,1,6215.0,2017-12-06 23:00:00+00:00,1,6215.0,2017-12-06 23:00:00+00:00,1,0,6215.0,2017-12-06 23:00:00+00:00,0,0,0,0,0,1,0.5506775341692218,0.6727603571579802,0.4,0.0,2.0,-1,0.6418092530921361,1,0,0,0,0,0,0
1123,5,6224,2017-12-08 11:00:00+00:00,6224,2017-12-08 11:00:00+00:00,1,0,,,0,,,0,0,,,1,0,0,1,0,0,,,,,,0,,0,0,0,0,0,0,0
1125,5,6230,2017-12-11 11:00:00+00:00,6230,2017-12-11 11:00:00+00:00,1,0,,,0,,,0,0,,,1,0,0,1,0,0,,,,,,0,,0,0,0,0,0,0,0
1127,5,6249,2017-12-14 15:00:00+00:00,6250,2017-12-14 19:00:00+00:00,1,0,,,0,,,0,0,,,1,0,0,1,0,0,,,,,,0,,0,0,0,0,0,0,0
1131,5,6265,2017-12-19 07:00:00+00:00,6266,2017-12-19 11:00:00+00:00,1,0,,,0,,,0,0,,,1,0,0,1,0,0,,,,,,0,,0,0,0,0,0,0,0
1132,5,6293,2017-12-26 23:00:00+00:00,6293,2017-12-26 23:00:00+00:00,1,0,,,0,,,0,0,,,1,0,0,1,0,0,,,,,,0,,0,0,0,0,0,0,0
1133,5,6324,2018-01-04 03:00:00+00:00,6326,2018-01-04 11:00:00+00:00,1,0,,,0,,,0,0,,,1,0,0,1,0,0,,,,,,0,,0,0,0,0,0,0,0
1135,5,6342,2018-01-09 03:00:00+00:00,6342,2018-01-09 03:00:00+00:00,1,0,,,0,,,0,0,,,1,0,0,1,0,0,,,,,,0,,0,0,0,0,0,0,0
1138,5,6348,2018-01-10 03:00:00+00:00,6348,2018-01-10 03:00:00+00:00,1,0,,,0,,,0,0,,,1,0,0,1,0,0,,,,,,0,,0,0,0,0,0,0,0
1140,5,6355,2018-01-11 07:00:00+00:00,6355,2018-01-11 07:00:00+00:00,1,0,,,0,,,0,0,,,1,0,1,1,0,0,,,,,,0,,0,0,0,0,0,0,0
1141,5,6357,2018-01-11 15:00:00+00:00,6358,2018-01-11 19:00:00+00:00,1,0,,,0,,,0,0,,,1,0,0,1,0,0,,,,,,0,,0,0,0,0,0,0,0
1143,5,6368,2018-01-15 11:00:00+00:00,6368,2018-01-15 11:00:00+00:00,1,0,,,0,,,0,0,,,1,0,1,1,0,0,,,,,,0,,0,0,0,0,0,0,0
1144,5,6370,2018-01-15 23:00:00+00:00,6371,2018-01-16 03:00:00+00:00,1,0,,,0,,,0,0,,,1,0,0,1,0,0,,,,,,0,,0,0,0,0,0,0,0
1147,5,6374,2018-01-16 15:00:00+00:00,6374,2018-01-16 15:00:00+00:00,1,0,,,0,,,0,0,,,1,0,0,1,0,0,,,,,,0,,0,0,0,0,0,0,0
1150,5,6383,2018-01-18 03:00:00+00:00,6384,2018-01-18 07:00:00+00:00,1,0,,,0,,,0,0,,,1,0,1,1,0,0,,,,,,0,,0,0,0,0,0,0,0
1152,5,6386,2018-01-18 15:00:00+00:00,6389,2018-01-19 03:00:00+00:00,1,1,6389.0,2018-01-19 03:00:00+00:00,0,,,0,0,,,0,0,0,0,0,0,0.26739673092215854,0.9314741375634121,0.8,1.0,2.0,-1,0.5275296273302174,0,0,0,1,0,0,1
1155,5,6396,2018-01-22 07:00:00+00:00,6399,2018-01-22 19:00:00+00:00,1,1,6399.0,2018-01-22 19:00:00+00:00,0,,,0,0,,,0,0,0,0,0,0,0.550567115714227,0.8479889042995843,0.4,2.0,0.0,1,0.44272575037366124,1,0,0,1,0,0,1
1159,5,6402,2018-01-23 07:00:00+00:00,6403,2018-01-23 11:00:00+00:00,1,0,,,0,,,0,0,,,1,0,0,1,0,0,,,,,,0,,0,0,0,0,0,0,0
1164,5,6425,2018-01-29 03:00:00+00:00,6425,2018-01-29 03:00:00+00:00,1,0,,,0,,,0,0,,,1,0,0,1,0,0,,,,,,0,,0,0,0,0,0,0,0
1167,5,6438,2018-01-31 07:00:00+00:00,6439,2018-01-31 11:00:00+00:00,1,0,,,0,,,0,0,,,1,0,0,1,0,0,,,,,,0,,0,0,0,0,0,0,0
1169,5,6446,2018-02-01 15:00:00+00:00,6446,2018-02-01 15:00:00+00:00,1,0,,,0,,,0,0,,,1,0,1,1,0,0,,,,,,0,,0,0,0,0,0,0,0
1170,5,6448,2018-02-01 23:00:00+00:00,6448,2018-02-01 23:00:00+00:00,1,0,,,0,,,0,0,,,1,0,0,1,0,0,,,,,,0,,0,0,0,0,0,0,0
1174,5,6457,2018-02-05 11:00:00+00:00,6458,2018-02-05 15:00:00+00:00,1,0,,,0,,,0,0,,,1,0,0,1,0,0,,,,,,0,,0,0,0,0,0,0,0
1177,5,6469,2018-02-07 11:00:00+00:00,6469,2018-02-07 11:00:00+00:00,1,0,,,0,,,0,0,,,1,0,0,1,0,0,,,,,,0,,0,0,0,0,0,0,0
1178,5,6480,2018-02-09 07:00:00+00:00,6480,2018-02-09 07:00:00+00:00,1,0,,,0,,,0,0,,,1,0,0,1,0,0,,,,,,0,,0,0,0,0,0,0,0
1179,5,6483,2018-02-09 19:00:00+00:00,6483,2018-02-09 19:00:00+00:00,1,0,,,0,,,0,0,,,1,0,0,1,0,0,,,,,,0,,0,0,0,0,0,0,0
1183,5,6493,2018-02-13 11:00:00+00:00,6495,2018-02-13 19:00:00+00:00,1,0,,,0,,,0,0,,,1,0,0,1,0,0,,,,,,0,,0,0,0,0,0,0,0
1185,5,6508,2018-02-15 23:00:00+00:00,6508,2018-02-15 23:00:00+00:00,1,0,,,0,,,0,0,,,1,0,0,1,0,0,,,,,,0,,0,0,0,0,0,0,0
1186,5,6517,2018-02-19 11:00:00+00:00,6517,2018-02-19 11:00:00+00:00,1,0,,,0,,,0,0,,,1,0,0,1,0,0,,,,,,0,,0,0,0,0,0,0,0
1187,5,6524,2018-02-20 19:00:00+00:00,6524,2018-02-20 19:00:00+00:00,1,0,,,0,,,0,0,,,1,0,0,1,0,0,,,,,,0,,0,0,0,0,0,0,0
1188,5,6528,2018-02-21 11:00:00+00:00,6529,2018-02-21 15:00:00+00:00,1,0,,,0,,,0,0,,,1,0,0,1,0,0,,,,,,0,,0,0,0,0,0,0,0
1190,5,6539,2018-02-23 07:00:00+00:00,6541,2018-02-23 15:00:00+00:00,1,0,,,0,,,0,0,,,1,0,0,1,0,0,,,,,,0,,0,0,0,0,0,0,0
1193,5,6546,2018-02-26 11:00:00+00:00,6546,2018-02-26 11:00:00+00:00,1,0,,,0,,,0,0,,,1,0,1,1,0,0,,,,,,0,,0,0,0,0,0,0,0
1196,5,6548,2018-02-26 19:00:00+00:00,6548,2018-02-26 19:00:00+00:00,1,0,,,0,,,0,0,,,1,0,0,1,0,0,,,,,,0,,0,0,0,0,0,0,0
1198,5,6576,2018-03-05 11:00:00+00:00,6578,2018-03-05 19:00:00+00:00,1,0,,,0,,,0,0,,,1,0,0,1,0,0,,,,,,0,,0,0,0,0,0,0,0
1202,5,6591,2018-03-07 23:00:00+00:00,6591,2018-03-07 23:00:00+00:00,1,0,,,0,,,0,0,,,1,0,0,1,0,0,,,,,,0,,0,0,0,0,0,0,0
1203,5,6594,2018-03-08 11:00:00+00:00,6594,2018-03-08 11:00:00+00:00,1,0,,,0,,,0,0,,,1,0,0,1,0,0,,,,,,0,,0,0,0,0,0,0,0
1205,5,6599,2018-03-09 07:00:00+00:00,6599,2018-03-09 07:00:00+00:00,1,0,,,0,,,0,0,,,1,0,0,1,0,0,,,,,,0,,0,0,0,0,0,0,0
1206,5,6606,2018-03-12 03:00:00+00:00,6606,2018-03-12 03:00:00+00:00,1,0,,,0,,,0,0,,,1,0,0,1,0,0,,,,,,0,,0,0,0,0,0,0,0
1208,5,6625,2018-03-15 06:00:00+00:00,6625,2018-03-15 06:00:00+00:00,1,0,,,0,,,0,0,,,1,0,0,1,0,0,,,,,,0,,0,0,0,0,0,0,0
1209,5,6633,2018-03-16 14:00:00+00:00,6635,2018-03-18 18:00:00+00:00,1,0,,,0,,,0,0,,,1,0,0,1,0,0,,,,,,0,,0,0,0,0,0,0,0
1211,5,6638,2018-03-19 06:00:00+00:00,6639,2018-03-19 10:00:00+00:00,1,0,,,0,,,0,0,,,1,0,0,1,0,0,,,,,,0,,0,0,0,0,0,0,0
1212,5,6665,2018-03-23 18:00:00+00:00,6665,2018-03-23 18:00:00+00:00,1,0,,,0,,,0,0,,,1,0,0,1,0,0,,,,,,0,,0,0,0,0,0,0,0
1214,5,6669,2018-03-26 06:00:00+00:00,6669,2018-03-26 06:00:00+00:00,1,0,,,0,,,0,0,,,1,0,0,1,0,0,,,,,,0,,0,0,0,0,0,0,0
1215,5,6689,2018-03-29 14:00:00+00:00,6689,2018-03-29 14:00:00+00:00,1,0,,,0,,,0,0,,,1,0,1,1,0,0,,,,,,0,,0,0,0,0,0,0,0
1216,5,6691,2018-04-01 18:00:00+00:00,6691,2018-04-01 18:00:00+00:00,1,0,,,0,,,0,0,,,1,0,0,1,0,0,,,,,,0,,0,0,0,0,0,0,0
1219,5,6702,2018-04-03 14:00:00+00:00,6704,2018-04-03 22:00:00+00:00,1,0,,,0,,,0,0,,,1,0,0,1,0,0,,,,,,0,,0,0,0,0,0,0,0
1221,5,6715,2018-04-05 18:00:00+00:00,6715,2018-04-05 18:00:00+00:00,1,0,,,0,,,0,0,,,1,0,0,1,0,0,,,,,,0,,0,0,0,0,0,0,0
1224,5,6722,2018-04-08 18:00:00+00:00,6722,2018-04-08 18:00:00+00:00,1,0,,,0,,,0,0,,,1,0,1,1,0,0,,,,,,0,,0,0,0,0,0,0,0
1226,5,6724,2018-04-09 02:00:00+00:00,6724,2018-04-09 02:00:00+00:00,1,0,,,0,,,0,0,,,1,0,1,1,0,0,,,,,,0,,0,0,0,0,0,0,0
1227,5,6726,2018-04-09 10:00:00+00:00,6726,2018-04-09 10:00:00+00:00,1,0,,,0,,,0,0,,,1,0,1,1,0,0,,,,,,0,,0,0,0,0,0,0,0
1228,5,6728,2018-04-09 18:00:00+00:00,6729,2018-04-09 22:00:00+00:00,1,0,,,0,,,0,0,,,1,0,0,1,0,0,,,,,,0,,0,0,0,0,0,0,0
1231,5,6756,2018-04-16 06:00:00+00:00,6758,2018-04-16 14:00:00+00:00,1,0,,,0,,,0,0,,,1,0,0,1,0,0,,,,,,0,,0,0,0,0,0,0,0
1238,5,6792,2018-04-24 02:00:00+00:00,6793,2018-04-24 06:00:00+00:00,1,0,,,0,,,0,0,,,1,0,0,1,0,0,,,,,,0,,0,0,0,0,0,0,0
1242,5,6809,2018-04-26 22:00:00+00:00,6809,2018-04-26 22:00:00+00:00,1,0,,,0,,,0,0,,,1,0,0,1,0,0,,,,,,0,,0,0,0,0,0,0,0
1245,5,6814,2018-04-27 18:00:00+00:00,6814,2018-04-27 18:00:00+00:00,1,0,,,0,,,0,0,,,1,0,0,1,0,0,,,,,,0,,0,0,0,0,0,0,0
1248,5,6831,2018-05-02 10:00:00+00:00,6831,2018-05-02 10:00:00+00:00,1,0,,,0,,,0,0,,,1,0,0,1,0,0,,,,,,0,,0,0,0,0,0,0,0
1249,5,6836,2018-05-03 06:00:00+00:00,6836,2018-05-03 06:00:00+00:00,1,0,,,0,,,0,0,,,1,0,0,1,0,0,,,,,,0,,0,0,0,0,0,0,0
1251,5,6844,2018-05-04 14:00:00+00:00,6846,2018-05-06 18:00:00+00:00,1,0,,,0,,,0,0,,,1,0,1,1,0,0,,,,,,0,,0,0,0,0,0,0,0
1253,5,6848,2018-05-07 02:00:00+00:00,6851,2018-05-07 14:00:00+00:00,1,0,,,0,,,0,0,,,0,0,0,1,0,0,,,,,,0,,0,0,0,0,0,0,0
1258,5,6857,2018-05-08 14:00:00+00:00,6857,2018-05-08 14:00:00+00:00,1,0,,,0,,,0,0,,,1,0,0,1,0,0,,,,,,0,,0,0,0,0,0,0,0
1261,5,6867,2018-05-10 06:00:00+00:00,6867,2018-05-10 06:00:00+00:00,1,0,,,0,,,0,0,,,1,0,1,1,0,0,,,,,,0,,0,0,0,0,0,0,0
1262,5,6869,2018-05-10 14:00:00+00:00,6869,2018-05-10 14:00:00+00:00,1,0,,,0,,,0,0,,,1,0,0,1,0,0,,,,,,0,,0,0,0,0,0,0,0
1264,5,6872,2018-05-11 02:00:00+00:00,6872,2018-05-11 02:00:00+00:00,1,0,,,0,,,0,0,,,1,0,1,1,0,0,,,,,,0,,0,0,0,0,0,0,0
1265,5,6874,2018-05-11 10:00:00+00:00,6875,2018-05-11 14:00:00+00:00,1,0,,,0,,,0,0,,,1,0,0,1,0,0,,,,,,0,,0,0,0,0,0,0,0
1268,5,6881,2018-05-14 10:00:00+00:00,6881,2018-05-14 10:00:00+00:00,1,0,,,0,,,0,0,,,1,0,1,1,0,0,,,,,,0,,0,0,0,0,0,0,0
1269,5,6883,2018-05-14 18:00:00+00:00,6884,2018-05-14 22:00:00+00:00,1,0,,,0,,,0,0,,,1,0,0,1,0,0,,,,,,0,,0,0,0,0,0,0,0
1271,5,6903,2018-05-18 02:00:00+00:00,6903,2018-05-18 02:00:00+00:00,1,0,,,0,,,0,0,,,1,0,0,1,0,0,,,,,,0,,0,0,0,0,0,0,0
1272,5,6907,2018-05-18 18:00:00+00:00,6908,2018-05-20 18:00:00+00:00,1,0,,,0,,,0,0,,,1,0,0,1,0,0,,,,,,0,,0,0,0,0,0,0,0
1274,5,6918,2018-05-22 10:00:00+00:00,6920,2018-05-22 18:00:00+00:00,1,0,,,0,,,0,0,,,1,0,0,1,0,0,,,,,,0,,0,0,0,0,0,0,0
1278,5,6933,2018-05-24 22:00:00+00:00,6933,2018-05-24 22:00:00+00:00,1,0,,,0,,,0,0,,,1,0,1,1,0,0,,,,,,0,,0,0,0,0,0,0,0
1279,5,6935,2018-05-25 06:00:00+00:00,6935,2018-05-25 06:00:00+00:00,1,0,,,0,,,0,0,,,1,0,0,1,0,0,,,,,,0,,0,0,0,0,0,0,0
1280,5,6943,2018-05-28 10:00:00+00:00,6944,2018-05-28 14:00:00+00:00,1,0,,,0,,,0,0,,,1,0,0,1,0,0,,,,,,0,,0,0,0,0,0,0,0
1281,5,6955,2018-05-30 10:00:00+00:00,6955,2018-05-30 10:00:00+00:00,1,0,,,0,,,0,0,,,1,0,0,1,0,0,,,,,,0,,0,0,0,0,0,0,0
1283,5,6960,2018-05-31 06:00:00+00:00,6960,2018-05-31 06:00:00+00:00,1,0,,,0,,,0,0,,,1,0,0,1,0,0,,,,,,0,,0,0,0,0,0,0,0
1287,5,6973,2018-06-04 06:00:00+00:00,6973,2018-06-04 06:00:00+00:00,1,0,,,0,,,0,0,,,1,0,0,1,0,0,,,,,,0,,0,0,0,0,0,0,0
1288,5,6980,2018-06-05 10:00:00+00:00,6980,2018-06-05 10:00:00+00:00,1,0,,,0,,,0,0,,,1,0,0,1,0,0,,,,,,0,,0,0,0,0,0,0,0
1289,5,7035,2018-06-18 06:00:00+00:00,7036,2018-06-18 10:00:00+00:00,1,0,,,0,,,0,0,,,1,0,0,1,0,0,,,,,,0,,0,0,0,0,0,0,0
1291,5,7059,2018-06-22 06:00:00+00:00,7061,2018-06-22 14:00:00+00:00,1,0,,,0,,,0,0,,,1,0,0,1,0,0,,,,,,0,,0,0,0,0,0,0,0
1294,5,7069,2018-06-25 18:00:00+00:00,7069,2018-06-25 18:00:00+00:00,1,0,,,0,,,0,0,,,1,0,0,1,0,0,,,,,,0,,0,0,0,0,0,0,0
1300,5,7079,2018-06-27 10:00:00+00:00,7079,2018-06-27 10:00:00+00:00,1,0,,,0,,,0,0,,,1,0,0,1,0,0,,,,,,0,,0,0,0,0,0,0,0
1301,5,7087,2018-06-28 18:00:00+00:00,7087,2018-06-28 18:00:00+00:00,1,0,,,0,,,0,0,,,1,0,0,1,0,0,,,,,,0,,0,0,0,0,0,0,0
1303,5,7097,2018-07-02 06:00:00+00:00,7097,2018-07-02 06:00:00+00:00,1,0,,,0,,,0,0,,,1,0,0,1,0,0,,,,,,0,,0,0,0,0,0,0,0
1304,5,7100,2018-07-02 18:00:00+00:00,7100,2018-07-02 18:00:00+00:00,1,0,,,0,,,0,0,,,1,0,0,1,0,0,,,,,,0,,0,0,0,0,0,0,0
1305,5,7103,2018-07-03 06:00:00+00:00,7103,2018-07-03 06:00:00+00:00,1,0,,,0,,,0,0,,,1,0,0,1,0,0,,,,,,0,,0,0,0,0,0,0,0
1306,5,7109,2018-07-04 06:00:00+00:00,7109,2018-07-04 06:00:00+00:00,1,0,,,0,,,0,0,,,1,0,0,1,0,0,,,,,,0,,0,0,0,0,0,0,0
1308,5,7114,2018-07-05 02:00:00+00:00,7114,2018-07-05 02:00:00+00:00,1,0,,,0,,,0,0,,,1,0,1,1,0,0,,,,,,0,,0,0,0,0,0,0,0
1310,5,7116,2018-07-05 10:00:00+00:00,7116,2018-07-05 10:00:00+00:00,1,0,,,0,,,0,0,,,1,0,0,1,0,0,,,,,,0,,0,0,0,0,0,0,0
1313,5,7122,2018-07-06 10:00:00+00:00,7123,2018-07-06 14:00:00+00:00,1,0,,,0,,,0,0,,,1,0,0,1,0,0,,,,,,0,,0,0,0,0,0,0,0
1316,5,7131,2018-07-09 18:00:00+00:00,7132,2018-07-09 22:00:00+00:00,1,0,,,0,,,0,0,,,1,0,0,1,0,0,,,,,,0,,0,0,0,0,0,0,0
1318,5,7140,2018-07-11 06:00:00+00:00,7141,2018-07-11 10:00:00+00:00,1,0,,,0,,,0,0,,,1,0,0,1,0,0,,,,,,0,,0,0,0,0,0,0,0
1319,5,7150,2018-07-12 22:00:00+00:00,7150,2018-07-12 22:00:00+00:00,1,0,,,0,,,0,0,,,1,0,0,1,0,0,,,,,,0,,0,0,0,0,0,0,0
1321,5,7176,2018-07-19 02:00:00+00:00,7176,2018-07-19 02:00:00+00:00,1,0,,,0,,,0,0,,,1,0,0,1,0,0,,,,,,0,,0,0,0,0,0,0,0
1322,5,7201,2018-07-25 02:00:00+00:00,7201,2018-07-25 02:00:00+00:00,1,0,,,0,,,0,0,,,1,0,0,1,0,0,,,,,,0,,0,0,0,0,0,0,0
1324,5,7212,2018-07-26 22:00:00+00:00,7212,2018-07-26 22:00:00+00:00,1,0,,,0,,,0,0,,,1,0,0,1,0,0,,,,,,0,,0,0,0,0,0,0,0
1325,5,7221,2018-07-30 06:00:00+00:00,7224,2018-07-30 18:00:00+00:00,1,0,,,0,,,0,0,,,0,0,0,1,0,0,,,,,,0,,0,0,0,0,0,0,0
1327,5,7235,2018-08-01 14:00:00+00:00,7235,2018-08-01 14:00:00+00:00,1,0,,,0,,,0,0,,,1,0,0,1,0,0,,,,,,0,,0,0,0,0,0,0,0
1328,5,7239,2018-08-02 06:00:00+00:00,7239,2018-08-02 06:00:00+00:00,1,0,,,0,,,0,0,,,1,0,0,1,0,0,,,,,,0,,0,0,0,0,0,0,0
1329,5,7246,2018-08-03 10:00:00+00:00,7248,2018-08-03 18:00:00+00:00,1,0,,,0,,,0,0,,,1,0,0,1,0,0,,,,,,0,,0,0,0,0,0,0,0
1331,5,7260,2018-08-07 14:00:00+00:00,7261,2018-08-07 18:00:00+00:00,1,0,,,0,,,0,0,,,1,0,0,1,0,0,,,,,,0,,0,0,0,0,0,0,0
1336,5,7291,2018-08-14 14:00:00+00:00,7291,2018-08-14 14:00:00+00:00,1,0,,,0,,,0,0,,,1,0,0,1,0,0,,,,,,0,,0,0,0,0,0,0,0
1339,5,7321,2018-08-21 10:00:00+00:00,7321,2018-08-21 10:00:00+00:00,1,0,,,0,,,0,0,,,1,0,0,1,0,0,,,,,,0,,0,0,0,0,0,0,0
1340,5,7335,2018-08-23 18:00:00+00:00,7335,2018-08-23 18:00:00+00:00,1,0,,,0,,,0,0,,,1,0,0,1,0,0,,,,,,0,,0,0,0,0,0,0,0
1342,5,7344,2018-08-27 02:00:00+00:00,7345,2018-08-27 06:00:00+00:00,1,0,,,0,,,0,0,,,1,0,1,1,0,0,,,,,,0,,0,0,0,0,0,0,0
1343,5,7347,2018-08-27 14:00:00+00:00,7349,2018-08-27 22:00:00+00:00,1,0,,,0,,,0,0,,,1,0,0,1,0,0,,,,,,0,,0,0,0,0,0,0,0
1345,5,7359,2018-08-29 14:00:00+00:00,7363,2018-08-30 06:00:00+00:00,1,0,,,0,,,0,0,,,0,0,0,1,0,0,,,,,,0,,0,0,0,0,0,0,0
1347,5,7391,2018-09-05 18:00:00+00:00,7391,2018-09-05 18:00:00+00:00,1,0,,,0,,,0,0,,,1,0,0,1,0,0,,,,,,0,,0,0,0,0,0,0,0
1349,5,7402,2018-09-07 14:00:00+00:00,7403,2018-09-07 18:00:00+00:00,1,0,,,0,,,0,0,,,1,0,0,1,0,0,,,,,,0,,0,0,0,0,0,0,0
1351,5,7407,2018-09-10 06:00:00+00:00,7407,2018-09-10 06:00:00+00:00,1,0,,,0,,,0,0,,,1,0,0,1,0,0,,,,,,0,,0,0,0,0,0,0,0
1354,5,7413,2018-09-11 06:00:00+00:00,7413,2018-09-11 06:00:00+00:00,1,0,,,0,,,0,0,,,1,0,0,1,0,0,,,,,,0,,0,0,0,0,0,0,0
1356,5,7420,2018-09-12 10:00:00+00:00,7420,2018-09-12 10:00:00+00:00,1,0,,,0,,,0,0,,,1,0,0,1,0,0,,,,,,0,,0,0,0,0,0,0,0
1358,5,7441,2018-09-17 18:00:00+00:00,7441,2018-09-17 18:00:00+00:00,1,0,,,0,,,0,0,,,1,0,0,1,0,0,,,,,,0,,0,0,0,0,0,0,0
1361,5,7449,2018-09-19 02:00:00+00:00,7450,2018-09-19 06:00:00+00:00,1,0,,,0,,,0,0,,,1,0,0,1,0,0,,,,,,0,,0,0,0,0,0,0,0
1365,5,7455,2018-09-20 02:00:00+00:00,7456,2018-09-20 06:00:00+00:00,1,0,,,0,,,0,0,,,1,0,0,1,0,0,,,,,,0,,0,0,0,0,0,0,0
1367,5,7459,2018-09-20 18:00:00+00:00,7461,2018-09-21 02:00:00+00:00,1,0,,,0,,,0,0,,,1,0,0,1,0,0,,,,,,0,,0,0,0,0,0,0,0
1371,5,7473,2018-09-24 22:00:00+00:00,7474,2018-09-25 02:00:00+00:00,1,0,,,0,,,0,0,,,1,0,0,1,0,0,,,,,,0,,0,0,0,0,0,0,0
1373,5,7478,2018-09-25 18:00:00+00:00,7478,2018-09-25 18:00:00+00:00,1,0,,,0,,,0,0,,,1,0,1,1,0,0,,,,,,0,,0,0,0,0,0,0,0
1374,5,7480,2018-09-26 02:00:00+00:00,7480,2018-09-26 02:00:00+00:00,1,0,,,0,,,0,0,,,1,0,0,1,0,0,,,,,,0,,0,0,0,0,0,0,0
1376,5,7501,2018-10-01 10:00:00+00:00,7504,2018-10-01 22:00:00+00:00,1,0,,,0,,,0,0,,,0,0,0,1,0,0,,,,,,0,,0,0,0,0,0,0,0
1380,5,7512,2018-10-03 06:00:00+00:00,7512,2018-10-03 06:00:00+00:00,1,0,,,0,,,0,0,,,1,0,0,1,0,0,,,,,,0,,0,0,0,0,0,0,0
1382,5,7519,2018-10-04 10:00:00+00:00,7519,2018-10-04 10:00:00+00:00,1,0,,,0,,,0,0,,,1,0,0,1,0,0,,,,,,0,,0,0,0,0,0,0,0
1390,5,7543,2018-10-10 06:00:00+00:00,7543,2018-10-10 06:00:00+00:00,1,0,,,0,,,0,0,,,1,0,0,1,0,0,,,,,,0,,0,0,0,0,0,0,0
1391,5,7557,2018-10-12 14:00:00+00:00,7557,2018-10-12 14:00:00+00:00,1,0,,,0,,,0,0,,,1,0,0,1,0,0,,,,,,0,,0,0,0,0,0,0,0
1398,5,7596,2018-10-22 18:00:00+00:00,7596,2018-10-22 18:00:00+00:00,1,0,,,0,,,0,0,,,1,0,0,1,0,0,,,,,,0,,0,0,0,0,0,0,0
1400,5,7605,2018-10-24 06:00:00+00:00,7605,2018-10-24 06:00:00+00:00,1,0,,,0,,,0,0,,,1,0,0,1,0,0,,,,,,0,,0,0,0,0,0,0,0
1401,5,7615,2018-10-25 22:00:00+00:00,7615,2018-10-25 22:00:00+00:00,1,0,,,0,,,0,0,,,1,0,0,1,0,0,,,,,,0,,0,0,0,0,0,0,0
1403,5,7619,2018-10-26 14:00:00+00:00,7621,2018-10-28 18:00:00+00:00,1,0,,,0,,,0,0,,,1,0,0,1,0,0,,,,,,0,,0,0,0,0,0,0,0
1408,5,7624,2018-10-29 06:00:00+00:00,7625,2018-10-29 10:00:00+00:00,1,0,,,0,,,0,0,,,1,0,0,1,0,0,,,,,,0,,0,0,0,0,0,0,0
1409,5,7631,2018-10-30 10:00:00+00:00,7631,2018-10-30 10:00:00+00:00,1,0,,,0,,,0,0,,,1,0,1,1,0,0,,,,,,0,,0,0,0,0,0,0,0
1411,5,7633,2018-10-30 18:00:00+00:00,7633,2018-10-30 18:00:00+00:00,1,0,,,0,,,0,0,,,1,0,0,1,0,0,,,,,,0,,0,0,0,0,0,0,0
1412,5,7640,2018-10-31 22:00:00+00:00,7640,2018-10-31 22:00:00+00:00,1,0,,,0,,,0,0,,,1,0,0,1,0,0,,,,,,0,,0,0,0,0,0,0,0
1414,5,7650,2018-11-02 14:00:00+00:00,7652,2018-11-04 22:00:00+00:00,1,0,,,0,,,0,0,,,1,0,1,1,0,0,,,,,,0,,0,0,0,0,0,0,0
1416,5,7654,2018-11-05 03:00:00+00:00,7655,2018-11-05 07:00:00+00:00,1,0,,,0,,,0,0,,,1,0,0,1,0,0,,,,,,0,,0,0,0,0,0,0,0
1417,5,7662,2018-11-06 11:00:00+00:00,7662,2018-11-06 11:00:00+00:00,1,0,,,0,,,0,0,,,1,0,0,1,0,0,,,,,,0,,0,0,0,0,0,0,0
1418,5,7665,2018-11-06 23:00:00+00:00,7665,2018-11-06 23:00:00+00:00,1,0,,,0,,,0,0,,,1,0,0,1,0,0,,,,,,0,,0,0,0,0,0,0,0
1422,5,7670,2018-11-07 19:00:00+00:00,7670,2018-11-07 19:00:00+00:00,1,0,,,0,,,0,0,,,1,0,0,1,0,0,,,,,,0,,0,0,0,0,0,0,0
1423,5,7677,2018-11-08 23:00:00+00:00,7677,2018-11-08 23:00:00+00:00,1,0,,,0,,,0,0,,,1,0,0,1,0,0,,,,,,0,,0,0,0,0,0,0,0
1425,5,7698,2018-11-14 11:00:00+00:00,7698,2018-11-14 11:00:00+00:00,1,0,,,0,,,0,0,,,1,0,0,1,0,0,,,,,,0,,0,0,0,0,0,0,0
1426,5,7715,2018-11-19 07:00:00+00:00,7716,2018-11-19 11:00:00+00:00,1,0,,,0,,,0,0,,,1,0,1,1,0,0,,,,,,0,,0,0,0,0,0,0,0
1427,5,7718,2018-11-19 19:00:00+00:00,7719,2018-11-19 23:00:00+00:00,1,0,,,0,,,0,0,,,1,0,0,1,0,0,,,,,,0,,0,0,0,0,0,0,0
1429,5,7727,2018-11-21 07:00:00+00:00,7727,2018-11-21 07:00:00+00:00,1,0,,,0,,,0,0,,,1,0,0,1,0,0,,,,,,0,,0,0,0,0,0,0,0
1430,5,7734,2018-11-22 11:00:00+00:00,7737,2018-11-23 03:00:00+00:00,1,0,,,0,,,0,0,,,0,0,0,1,0,0,,,,,,0,,0,0,0,0,0,0,0
1433,5,7749,2018-11-27 07:00:00+00:00,7750,2018-11-27 11:00:00+00:00,1,0,,,0,,,0,0,,,1,0,0,1,0,0,,,,,,0,,0,0,0,0,0,0,0
1436,5,7769,2018-11-30 15:00:00+00:00,7771,2018-12-02 23:00:00+00:00,1,0,,,0,,,0,0,,,1,0,0,1,0,0,,,,,,0,,0,0,0,0,0,0,0
1441,5,7792,2018-12-06 11:00:00+00:00,7795,2018-12-06 23:00:00+00:00,1,1,7795.0,2018-12-06 23:00:00+00:00,0,,,0,0,,,0,0,0,0,0,0,0.5536659842275419,0.7208660729875751,0.4,1.0,0.0,1,0.3932203704379411,1,0,0,1,0,0,1
1447,5,7812,2018-12-11 19:00:00+00:00,7813,2018-12-11 23:00:00+00:00,1,0,,,0,,,0,0,,,1,0,1,1,0,0,,,,,,0,,0,0,0,0,0,0,0
1449,5,7815,2018-12-12 07:00:00+00:00,7815,2018-12-12 07:00:00+00:00,1,0,,,0,,,0,0,,,1,0,0,1,0,0,,,,,,0,,0,0,0,0,0,0,0
1451,5,7822,2018-12-13 11:00:00+00:00,7824,2018-12-13 19:00:00+00:00,1,0,,,0,,,0,0,,,1,0,1,1,0,0,,,,,,0,,0,0,0,0,0,0,0
1454,5,7826,2018-12-14 03:00:00+00:00,7826,2018-12-14 03:00:00+00:00,1,0,,,0,,,0,0,,,1,0,0,1,0,0,,,,,,0,,0,0,0,0,0,0,0
1456,5,7833,2018-12-17 07:00:00+00:00,7833,2018-12-17 07:00:00+00:00,1,0,,,0,,,0,0,,,1,0,0,1,0,0,,,,,,0,,0,0,0,0,0,0,0
1457,5,7840,2018-12-18 11:00:00+00:00,7841,2018-12-18 15:00:00+00:00,1,0,,,0,,,0,0,,,1,0,0,1,0,0,,,,,,0,,0,0,0,0,0,0,0
1458,5,7844,2018-12-19 03:00:00+00:00,7845,2018-12-19 07:00:00+00:00,1,0,,,0,,,0,0,,,1,0,0,1,0,0,,,,,,0,,0,0,0,0,0,0,0
1460,5,7860,2018-12-21 19:00:00+00:00,7863,2018-12-24 07:00:00+00:00,1,0,,,0,,,0,0,,,0,0,0,1,0,0,,,,,,0,,0,0,0,0,0,0,0
1463,5,7886,2018-12-31 03:00:00+00:00,7886,2018-12-31 03:00:00+00:00,1,0,,,0,,,0,0,,,1,0,0,1,0,0,,,,,,0,,0,0,0,0,0,0,0
1465,5,7930,2019-01-10 11:00:00+00:00,7930,2019-01-10 11:00:00+00:00,1,0,,,0,,,0,0,,,1,0,0,1,0,0,,,,,,0,,0,0,0,0,0,0,0
1467,5,7934,2019-01-11 03:00:00+00:00,7936,2019-01-11 11:00:00+00:00,1,0,,,0,,,0,0,,,1,0,0,1,0,0,,,,,,0,,0,0,0,0,0,0,0
1470,5,7940,2019-01-14 03:00:00+00:00,7940,2019-01-14 03:00:00+00:00,1,0,,,0,,,0,0,,,1,0,1,1,0,0,,,,,,0,,0,0,0,0,0,0,0
1472,5,7942,2019-01-14 11:00:00+00:00,7942,2019-01-14 11:00:00+00:00,1,0,,,0,,,0,0,,,1,0,1,1,0,0,,,,,,0,,0,0,0,0,0,0,0
1473,5,7944,2019-01-14 19:00:00+00:00,7945,2019-01-14 23:00:00+00:00,1,0,,,0,,,0,0,,,1,0,0,1,0,0,,,,,,0,,0,0,0,0,0,0,0
1474,5,7949,2019-01-15 15:00:00+00:00,7951,2019-01-15 23:00:00+00:00,1,0,,,0,,,0,0,,,1,0,0,1,0,0,,,,,,0,,0,0,0,0,0,0,0
1476,5,7954,2019-01-16 11:00:00+00:00,7954,2019-01-16 11:00:00+00:00,1,0,,,0,,,0,0,,,1,0,0,1,0,0,,,,,,0,,0,0,0,0,0,0,0
1479,5,7959,2019-01-17 07:00:00+00:00,7959,2019-01-17 07:00:00+00:00,1,0,,,0,,,0,0,,,1,0,0,1,0,0,,,,,,0,,0,0,0,0,0,0,0
1481,5,7972,2019-01-21 11:00:00+00:00,7973,2019-01-21 15:00:00+00:00,1,0,,,0,,,0,0,,,1,0,0,1,0,0,,,,,,0,,0,0,0,0,0,0,0
1483,5,7977,2019-01-22 11:00:00+00:00,7977,2019-01-22 11:00:00+00:00,1,0,,,0,,,0,0,,,1,0,0,1,0,0,,,,,,0,,0,0,0,0,0,0,0
1485,5,7980,2019-01-22 23:00:00+00:00,7980,2019-01-22 23:00:00+00:00,1,0,,,0,,,0,0,,,1,0,0,1,0,0,,,,,,0,,0,0,0,0,0,0,0
1488,5,7984,2019-01-23 15:00:00+00:00,7984,2019-01-23 15:00:00+00:00,1,0,,,0,,,0,0,,,1,0,0,1,0,0,,,,,,0,,0,0,0,0,0,0,0
1490,5,8014,2019-01-30 15:00:00+00:00,8014,2019-01-30 15:00:00+00:00,1,0,,,0,,,0,0,,,1,0,0,1,0,0,,,,,,0,,0,0,0,0,0,0,0
1491,5,8036,2019-02-05 07:00:00+00:00,8036,2019-02-05 07:00:00+00:00,1,0,,,0,,,0,0,,,1,0,1,1,0,0,,,,,,0,,0,0,0,0,0,0,0
1492,5,8038,2019-02-05 15:00:00+00:00,8038,2019-02-05 15:00:00+00:00,1,0,,,0,,,0,0,,,1,0,0,1,0,0,,,,,,0,,0,0,0,0,0,0,0
1494,5,8041,2019-02-06 03:00:00+00:00,8041,2019-02-06 03:00:00+00:00,1,0,,,0,,,0,0,,,1,0,0,1,0,0,,,,,,0,,0,0,0,0,0,0,0
1497,5,8050,2019-02-07 15:00:00+00:00,8051,2019-02-07 19:00:00+00:00,1,0,,,0,,,0,0,,,1,0,0,1,0,0,,,,,,0,,0,0,0,0,0,0,0
1499,5,8056,2019-02-08 15:00:00+00:00,8057,2019-02-08 19:00:00+00:00,1,0,,,0,,,0,0,,,1,0,1,1,0,0,,,,,,0,,0,0,0,0,0,0,0
1501,5,8059,2019-02-11 03:00:00+00:00,8059,2019-02-11 03:00:00+00:00,1,0,,,0,,,0,0,,,1,0,0,1,0,0,,,,,,0,,0,0,0,0,0,0,0
1504,5,8102,2019-02-20 11:00:00+00:00,8102,2019-02-20 11:00:00+00:00,1,0,,,0,,,0,0,,,1,0,0,1,0,0,,,,,,0,,0,0,0,0,0,0,0
1505,5,8105,2019-02-20 23:00:00+00:00,8105,2019-02-20 23:00:00+00:00,1,0,,,0,,,0,0,,,1,0,0,1,0,0,,,,,,0,,0,0,0,0,0,0,0
1509,5,8121,2019-02-25 15:00:00+00:00,8124,2019-02-26 03:00:00+00:00,1,1,8124.0,2019-02-26 03:00:00+00:00,1,8124.0,2019-02-26 03:00:00+00:00,1,0,8124.0,2019-02-26 03:00:00+00:00,0,0,0,0,0,1,0.44656137563816317,0.8221197323204744,0.4,0.0,0.0,0,0.6985972336264542,0,0,0,0,0,0,0
1512,5,8127,2019-02-26 15:00:00+00:00,8130,2019-02-27 03:00:00+00:00,1,1,8130.0,2019-02-27 03:00:00+00:00,0,,,0,0,,,0,0,0,0,0,0,0.42584368787400817,0.5898761949537539,0.4,3.0,0.0,1,0.5373970223513459,0,0,0,1,0,0,1
1518,5,8155,2019-03-05 07:00:00+00:00,8155,2019-03-05 07:00:00+00:00,1,0,,,0,,,0,0,,,1,0,0,1,0,0,,,,,,0,,0,0,0,0,0,0,0
1519,5,8163,2019-03-06 15:00:00+00:00,8163,2019-03-06 15:00:00+00:00,1,0,,,0,,,0,0,,,1,0,0,1,0,0,,,,,,0,,0,0,0,0,0,0,0
1521,5,8166,2019-03-07 03:00:00+00:00,8166,2019-03-07 03:00:00+00:00,1,0,,,0,,,0,0,,,1,0,0,1,0,0,,,,,,0,,0,0,0,0,0,0,0
1522,5,8177,2019-03-10 19:00:00+00:00,8177,2019-03-10 19:00:00+00:00,1,0,,,0,,,0,0,,,1,0,1,1,0,0,,,,,,0,,0,0,0,0,0,0,0
1523,5,8179,2019-03-11 02:00:00+00:00,8179,2019-03-11 02:00:00+00:00,1,0,,,0,,,0,0,,,1,0,0,1,0,0,,,,,,0,,0,0,0,0,0,0,0
1525,5,8184,2019-03-11 18:00:00+00:00,8186,2019-03-12 02:00:00+00:00,1,0,,,0,,,0,0,,,1,0,0,1,0,0,,,,,,0,,0,0,0,0,0,0,0
1529,5,8194,2019-03-13 10:00:00+00:00,8194,2019-03-13 10:00:00+00:00,1,0,,,0,,,0,0,,,1,0,1,1,0,0,,,,,,0,,0,0,0,0,0,0,0
1530,5,8196,2019-03-13 18:00:00+00:00,8196,2019-03-13 18:00:00+00:00,1,0,,,0,,,0,0,,,1,0,0,1,0,0,,,,,,0,,0,0,0,0,0,0,0
1532,5,8211,2019-03-18 02:00:00+00:00,8211,2019-03-18 02:00:00+00:00,1,0,,,0,,,0,0,,,1,0,0,1,0,0,,,,,,0,,0,0,0,0,0,0,0
1534,5,8214,2019-03-18 14:00:00+00:00,8214,2019-03-18 14:00:00+00:00,1,0,,,0,,,0,0,,,1,0,0,1,0,0,,,,,,0,,0,0,0,0,0,0,0
1537,5,8253,2019-03-26 22:00:00+00:00,8255,2019-03-27 06:00:00+00:00,1,0,,,0,,,0,0,,,1,0,1,1,0,0,,,,,,0,,0,0,0,0,0,0,0
1539,5,8257,2019-03-27 14:00:00+00:00,8259,2019-03-27 22:00:00+00:00,1,0,,,0,,,0,0,,,1,0,0,1,0,0,,,,,,0,,0,0,0,0,0,0,0
1542,5,8274,2019-04-01 06:00:00+00:00,8274,2019-04-01 06:00:00+00:00,1,0,,,0,,,0,0,,,1,0,0,1,0,0,,,,,,0,,0,0,0,0,0,0,0
1545,5,8282,2019-04-02 14:00:00+00:00,8282,2019-04-02 14:00:00+00:00,1,0,,,0,,,0,0,,,1,0,0,1,0,0,,,,,,0,,0,0,0,0,0,0,0
1551,5,8292,2019-04-04 06:00:00+00:00,8292,2019-04-04 06:00:00+00:00,1,0,,,0,,,0,0,,,1,0,0,1,0,0,,,,,,0,,0,0,0,0,0,0,0
1552,5,8313,2019-04-09 14:00:00+00:00,8313,2019-04-09 14:00:00+00:00,1,0,,,0,,,0,0,,,1,0,0,1,0,0,,,,,,0,,0,0,0,0,0,0,0
1555,5,8330,2019-04-12 10:00:00+00:00,8331,2019-04-12 14:00:00+00:00,1,0,,,0,,,0,0,,,1,0,0,1,0,0,,,,,,0,,0,0,0,0,0,0,0
1557,5,8350,2019-04-17 14:00:00+00:00,8351,2019-04-17 18:00:00+00:00,1,0,,,0,,,0,0,,,1,0,0,1,0,0,,,,,,0,,0,0,0,0,0,0,0
1559,5,8357,2019-04-18 18:00:00+00:00,8357,2019-04-18 18:00:00+00:00,1,0,,,0,,,0,0,,,1,0,0,1,0,0,,,,,,0,,0,0,0,0,0,0,0
1560,5,8362,2019-04-22 10:00:00+00:00,8364,2019-04-22 18:00:00+00:00,1,0,,,0,,,0,0,,,1,0,0,1,0,0,,,,,,0,,0,0,0,0,0,0,0
1564,5,8367,2019-04-23 06:00:00+00:00,8367,2019-04-23 06:00:00+00:00,1,0,,,0,,,0,0,,,1,0,0,1,0,0,,,,,,0,,0,0,0,0,0,0,0
1566,5,8379,2019-04-25 06:00:00+00:00,8379,2019-04-25 06:00:00+00:00,1,0,,,0,,,0,0,,,1,0,0,1,0,0,,,,,,0,,0,0,0,0,0,0,0
1569,5,8396,2019-04-29 22:00:00+00:00,8400,2019-04-30 14:00:00+00:00,1,0,,,0,,,0,0,,,0,0,0,1,0,0,,,,,,0,,0,0,0,0,0,0,0
1572,5,8404,2019-05-01 06:00:00+00:00,8404,2019-05-01 06:00:00+00:00,1,0,,,0,,,0,0,,,1,0,0,1,0,0,,,,,,0,,0,0,0,0,0,0,0
1575,5,8422,2019-05-06 02:00:00+00:00,8422,2019-05-06 02:00:00+00:00,1,0,,,0,,,0,0,,,1,0,0,1,0,0,,,,,,0,,0,0,0,0,0,0,0
1577,5,8447,2019-05-10 06:00:00+00:00,8447,2019-05-10 06:00:00+00:00,1,0,,,0,,,0,0,,,1,0,1,1,0,0,,,,,,0,,0,0,0,0,0,0,0
1578,5,8449,2019-05-10 14:00:00+00:00,8454,2019-05-13 06:00:00+00:00,1,0,,,0,,,0,0,,,0,0,0,1,0,0,,,,,,0,,0,0,0,0,0,0,0
1584,5,8478,2019-05-17 06:00:00+00:00,8478,2019-05-17 06:00:00+00:00,1,0,,,0,,,0,0,,,1,0,0,1,0,0,,,,,,0,,0,0,0,0,0,0,0
1585,5,8484,2019-05-20 02:00:00+00:00,8484,2019-05-20 02:00:00+00:00,1,0,,,0,,,0,0,,,1,0,0,1,0,0,,,,,,0,,0,0,0,0,0,0,0
1587,5,8491,2019-05-21 06:00:00+00:00,8491,2019-05-21 06:00:00+00:00,1,0,,,0,,,0,0,,,1,0,0,1,0,0,,,,,,0,,0,0,0,0,0,0,0
1589,5,8497,2019-05-22 06:00:00+00:00,8497,2019-05-22 06:00:00+00:00,1,0,,,0,,,0,0,,,1,0,0,1,0,0,,,,,,0,,0,0,0,0,0,0,0
1590,5,8510,2019-05-24 10:00:00+00:00,8512,2019-05-24 18:00:00+00:00,1,0,,,0,,,0,0,,,1,0,0,1,0,0,,,,,,0,,0,0,0,0,0,0,0
1592,5,8515,2019-05-27 02:00:00+00:00,8517,2019-05-27 10:00:00+00:00,1,0,,,0,,,0,0,,,1,0,0,1,0,0,,,,,,0,,0,0,0,0,0,0,0
1597,5,8521,2019-05-28 02:00:00+00:00,8521,2019-05-28 02:00:00+00:00,1,0,,,0,,,0,0,,,1,0,0,1,0,0,,,,,,0,,0,0,0,0,0,0,0
1600,5,8530,2019-05-29 14:00:00+00:00,8530,2019-05-29 14:00:00+00:00,1,0,,,0,,,0,0,,,1,0,0,1,0,0,,,,,,0,,0,0,0,0,0,0,0
1603,5,8555,2019-06-04 14:00:00+00:00,8557,2019-06-04 22:00:00+00:00,1,0,,,0,,,0,0,,,1,0,0,1,0,0,,,,,,0,,0,0,0,0,0,0,0
1605,5,8581,2019-06-10 18:00:00+00:00,8582,2019-06-10 22:00:00+00:00,1,0,,,0,,,0,0,,,1,0,0,1,0,0,,,,,,0,,0,0,0,0,0,0,0
1606,5,8597,2019-06-13 10:00:00+00:00,8597,2019-06-13 10:00:00+00:00,1,0,,,0,,,0,0,,,1,0,0,1,0,0,,,,,,0,,0,0,0,0,0,0,0
1608,5,8610,2019-06-17 10:00:00+00:00,8612,2019-06-17 18:00:00+00:00,1,0,,,0,,,0,0,,,1,0,0,1,0,0,,,,,,0,,0,0,0,0,0,0,0
1611,5,8622,2019-06-19 10:00:00+00:00,8622,2019-06-19 10:00:00+00:00,1,0,,,0,,,0,0,,,1,0,0,1,0,0,,,,,,0,,0,0,0,0,0,0,0
1612,5,8638,2019-06-23 22:00:00+00:00,8638,2019-06-23 22:00:00+00:00,1,0,,,0,,,0,0,,,1,0,0,1,0,0,,,,,,0,,0,0,0,0,0,0,0
1613,5,8641,2019-06-24 10:00:00+00:00,8641,2019-06-24 10:00:00+00:00,1,0,,,0,,,0,0,,,1,0,0,1,0,0,,,,,,0,,0,0,0,0,0,0,0
1614,5,8672,2019-07-01 10:00:00+00:00,8678,2019-07-02 10:00:00+00:00,1,1,8676.0,2019-07-02 02:00:00+00:00,1,8676.0,2019-07-02 02:00:00+00:00,1,0,8676.0,2019-07-02 02:00:00+00:00,0,0,0,0,0,1,0.4337080458645091,0.9400109796875723,0.4,0.0,2.0,-1,0.5996183356642775,0,0,0,0,0,0,1
1616,5,8694,2019-07-05 02:00:00+00:00,8695,2019-07-05 06:00:00+00:00,1,0,,,0,,,0,0,,,1,0,0,1,0,0,,,,,,0,,0,0,0,0,0,0,0
1617,5,8704,2019-07-08 14:00:00+00:00,8704,2019-07-08 14:00:00+00:00,1,0,,,0,,,0,0,,,1,0,1,1,0,0,,,,,,0,,0,0,0,0,0,0,0
1619,5,8706,2019-07-08 22:00:00+00:00,8706,2019-07-08 22:00:00+00:00,1,0,,,0,,,0,0,,,1,0,0,1,0,0,,,,,,0,,0,0,0,0,0,0,0
1620,5,8729,2019-07-12 18:00:00+00:00,8729,2019-07-12 18:00:00+00:00,1,0,,,0,,,0,0,,,1,0,0,1,0,0,,,,,,0,,0,0,0,0,0,0,0
1625,5,8751,2019-07-18 06:00:00+00:00,8751,2019-07-18 06:00:00+00:00,1,0,,,0,,,0,0,,,1,0,0,1,0,0,,,,,,0,,0,0,0,0,0,0,0
1626,5,8764,2019-07-22 06:00:00+00:00,8764,2019-07-22 06:00:00+00:00,1,0,,,0,,,0,0,,,1,0,0,1,0,0,,,,,,0,,0,0,0,0,0,0,0
1627,5,8767,2019-07-22 18:00:00+00:00,8767,2019-07-22 18:00:00+00:00,1,0,,,0,,,0,0,,,1,0,0,1,0,0,,,,,,0,,0,0,0,0,0,0,0
1633,5,8807,2019-07-31 06:00:00+00:00,8807,2019-07-31 06:00:00+00:00,1,0,,,0,,,0,0,,,1,0,0,1,0,0,,,,,,0,,0,0,0,0,0,0,0
1635,5,8820,2019-08-02 10:00:00+00:00,8822,2019-08-02 18:00:00+00:00,1,0,,,0,,,0,0,,,1,0,0,1,0,0,,,,,,0,,0,0,0,0,0,0,0
1637,5,8843,2019-08-08 02:00:00+00:00,8844,2019-08-08 06:00:00+00:00,1,0,,,0,,,0,0,,,1,0,0,1,0,0,,,,,,0,,0,0,0,0,0,0,0
1640,5,8854,2019-08-11 18:00:00+00:00,8855,2019-08-11 22:00:00+00:00,1,0,,,0,,,0,0,,,1,0,0,1,0,0,,,,,,0,,0,0,0,0,0,0,0
1644,5,8874,2019-08-15 02:00:00+00:00,8879,2019-08-15 22:00:00+00:00,1,0,,,0,,,0,0,,,0,0,0,1,0,0,,,,,,0,,0,0,0,0,0,0,0
1651,5,8885,2019-08-18 18:00:00+00:00,8886,2019-08-18 22:00:00+00:00,1,0,,,0,,,0,0,,,1,0,0,1,0,0,,,,,,0,,0,0,0,0,0,0,0
1655,5,8893,2019-08-20 02:00:00+00:00,8893,2019-08-20 02:00:00+00:00,1,0,,,0,,,0,0,,,1,0,0,1,0,0,,,,,,0,,0,0,0,0,0,0,0
1657,5,8896,2019-08-20 14:00:00+00:00,8896,2019-08-20 14:00:00+00:00,1,0,,,0,,,0,0,,,1,0,0,1,0,0,,,,,,0,,0,0,0,0,0,0,0
1666,5,8923,2019-08-26 22:00:00+00:00,8925,2019-08-27 06:00:00+00:00,1,0,,,0,,,0,0,,,1,0,0,1,0,0,,,,,,0,,0,0,0,0,0,0,0
1668,5,8928,2019-08-27 18:00:00+00:00,8929,2019-08-27 22:00:00+00:00,1,0,,,0,,,0,0,,,1,0,0,1,0,0,,,,,,0,,0,0,0,0,0,0,0
1671,5,8937,2019-08-29 06:00:00+00:00,8937,2019-08-29 06:00:00+00:00,1,0,,,0,,,0,0,,,1,0,0,1,0,0,,,,,,0,,0,0,0,0,0,0,0
1675,5,8952,2019-09-02 14:00:00+00:00,8952,2019-09-02 14:00:00+00:00,1,0,,,0,,,0,0,,,1,0,0,1,0,0,,,,,,0,,0,0,0,0,0,0,0
1676,5,8955,2019-09-03 02:00:00+00:00,8955,2019-09-03 02:00:00+00:00,1,0,,,0,,,0,0,,,1,0,0,1,0,0,,,,,,0,,0,0,0,0,0,0,0
1677,5,8962,2019-09-04 06:00:00+00:00,8963,2019-09-04 10:00:00+00:00,1,0,,,0,,,0,0,,,1,0,0,1,0,0,,,,,,0,,0,0,0,0,0,0,0
1678,5,8981,2019-09-09 06:00:00+00:00,8981,2019-09-09 06:00:00+00:00,1,0,,,0,,,0,0,,,1,0,0,1,0,0,,,,,,0,,0,0,0,0,0,0,0
1679,5,8988,2019-09-10 10:00:00+00:00,8989,2019-09-10 14:00:00+00:00,1,0,,,0,,,0,0,,,1,0,0,1,0,0,,,,,,0,,0,0,0,0,0,0,0
1680,5,9009,2019-09-15 18:00:00+00:00,9009,2019-09-15 18:00:00+00:00,1,0,,,0,,,0,0,,,1,0,0,1,0,0,,,,,,0,,0,0,0,0,0,0,0
1682,5,9015,2019-09-16 18:00:00+00:00,9016,2019-09-16 22:00:00+00:00,1,0,,,0,,,0,0,,,1,0,0,1,0,0,,,,,,0,,0,0,0,0,0,0,0
1684,5,9020,2019-09-17 14:00:00+00:00,9020,2019-09-17 14:00:00+00:00,1,0,,,0,,,0,0,,,1,0,0,1,0,0,,,,,,0,,0,0,0,0,0,0,0
1686,5,9036,2019-09-20 06:00:00+00:00,9037,2019-09-20 10:00:00+00:00,1,0,,,0,,,0,0,,,1,0,0,1,0,0,,,,,,0,,0,0,0,0,0,0,0
1687,5,9045,2019-09-23 14:00:00+00:00,9045,2019-09-23 14:00:00+00:00,1,0,,,0,,,0,0,,,1,0,0,1,0,0,,,,,,0,,0,0,0,0,0,0,0
1690,5,9092,2019-10-03 06:00:00+00:00,9092,2019-10-03 06:00:00+00:00,1,0,,,0,,,0,0,,,1,0,0,1,0,0,,,,,,0,,0,0,0,0,0,0,0
1691,5,9110,2019-10-08 02:00:00+00:00,9110,2019-10-08 02:00:00+00:00,1,0,,,0,,,0,0,,,1,0,0,1,0,0,,,,,,0,,0,0,0,0,0,0,0
1693,5,9118,2019-10-09 10:00:00+00:00,9118,2019-10-09 10:00:00+00:00,1,0,,,0,,,0,0,,,1,0,0,1,0,0,,,,,,0,,0,0,0,0,0,0,0
1694,5,9121,2019-10-09 22:00:00+00:00,9121,2019-10-09 22:00:00+00:00,1,0,,,0,,,0,0,,,1,0,1,1,0,0,,,,,,0,,0,0,0,0,0,0,0
1696,5,9123,2019-10-10 06:00:00+00:00,9123,2019-10-10 06:00:00+00:00,1,0,,,0,,,0,0,,,1,0,0,1,0,0,,,,,,0,,0,0,0,0,0,0,0
1699,5,9126,2019-10-10 18:00:00+00:00,9127,2019-10-10 22:00:00+00:00,1,0,,,0,,,0,0,,,1,0,0,1,0,0,,,,,,0,,0,0,0,0,0,0,0
1701,5,9137,2019-10-14 10:00:00+00:00,9137,2019-10-14 10:00:00+00:00,1,0,,,0,,,0,0,,,1,0,0,1,0,0,,,,,,0,,0,0,0,0,0,0,0
1702,5,9140,2019-10-14 22:00:00+00:00,9140,2019-10-14 22:00:00+00:00,1,0,,,0,,,0,0,,,1,0,0,1,0,0,,,,,,0,,0,0,0,0,0,0,0
1706,5,9148,2019-10-16 06:00:00+00:00,9148,2019-10-16 06:00:00+00:00,1,0,,,0,,,0,0,,,1,0,0,1,0,0,,,,,,0,,0,0,0,0,0,0,0
1708,5,9154,2019-10-17 06:00:00+00:00,9154,2019-10-17 06:00:00+00:00,1,0,,,0,,,0,0,,,1,0,0,1,0,0,,,,,,0,,0,0,0,0,0,0,0
1710,5,9161,2019-10-18 10:00:00+00:00,9164,2019-10-20 18:00:00+00:00,1,1,9164.0,2019-10-20 18:00:00+00:00,1,9164.0,2019-10-20 18:00:00+00:00,1,0,9164.0,2019-10-20 18:00:00+00:00,0,0,0,0,0,1,0.6400330466616004,0.5976434997213629,0.4,2.0,0.0,1,0.6318118667599005,1,0,0,0,0,0,0
1712,5,9173,2019-10-22 06:00:00+00:00,9174,2019-10-22 10:00:00+00:00,1,0,,,0,,,0,0,,,1,0,0,1,0,0,,,,,,0,,0,0,0,0,0,0,0
1714,5,9205,2019-10-29 10:00:00+00:00,9205,2019-10-29 10:00:00+00:00,1,0,,,0,,,0,0,,,1,0,0,1,0,0,,,,,,0,,0,0,0,0,0,0,0
1717,5,9222,2019-11-01 06:00:00+00:00,9222,2019-11-01 06:00:00+00:00,1,0,,,0,,,0,0,,,1,0,0,1,0,0,,,,,,0,,0,0,0,0,0,0,0
1718,5,9229,2019-11-04 07:00:00+00:00,9230,2019-11-04 11:00:00+00:00,1,0,,,0,,,0,0,,,1,0,0,1,0,0,,,,,,0,,0,0,0,0,0,0,0
1719,5,9233,2019-11-04 23:00:00+00:00,9233,2019-11-04 23:00:00+00:00,1,0,,,0,,,0,0,,,1,0,0,1,0,0,,,,,,0,,0,0,0,0,0,0,0
1722,5,9242,2019-11-06 11:00:00+00:00,9242,2019-11-06 11:00:00+00:00,1,0,,,0,,,0,0,,,1,0,0,1,0,0,,,,,,0,,0,0,0,0,0,0,0
1723,5,9248,2019-11-07 11:00:00+00:00,9248,2019-11-07 11:00:00+00:00,1,0,,,0,,,0,0,,,1,0,0,1,0,0,,,,,,0,,0,0,0,0,0,0,0
1724,5,9274,2019-11-13 19:00:00+00:00,9274,2019-11-13 19:00:00+00:00,1,0,,,0,,,0,0,,,1,0,1,1,0,0,,,,,,0,,0,0,0,0,0,0,0
1725,5,9276,2019-11-14 03:00:00+00:00,9276,2019-11-14 03:00:00+00:00,1,0,,,0,,,0,0,,,1,0,1,1,0,0,,,,,,0,,0,0,0,0,0,0,0
1726,5,9278,2019-11-14 11:00:00+00:00,9278,2019-11-14 11:00:00+00:00,1,0,,,0,,,0,0,,,1,0,0,1,0,0,,,,,,0,,0,0,0,0,0,0,0
1728,5,9281,2019-11-14 23:00:00+00:00,9283,2019-11-15 07:00:00+00:00,1,0,,,0,,,0,0,,,1,0,0,1,0,0,,,,,,0,,0,0,0,0,0,0,0
1731,5,9286,2019-11-15 19:00:00+00:00,9288,2019-11-18 03:00:00+00:00,1,0,,,0,,,0,0,,,1,0,0,1,0,0,,,,,,0,,0,0,0,0,0,0,0
1734,5,9297,2019-11-19 15:00:00+00:00,9298,2019-11-19 19:00:00+00:00,1,0,,,0,,,0,0,,,1,0,0,1,0,0,,,,,,0,,0,0,0,0,0,0,0
1736,5,9314,2019-11-22 11:00:00+00:00,9314,2019-11-22 11:00:00+00:00,1,0,,,0,,,0,0,,,1,0,1,1,0,0,,,,,,0,,0,0,0,0,0,0,0
1738,5,9316,2019-11-22 19:00:00+00:00,9316,2019-11-22 19:00:00+00:00,1,0,,,0,,,0,0,,,1,0,0,1,0,0,,,,,,0,,0,0,0,0,0,0,0
1739,5,9335,2019-11-27 23:00:00+00:00,9335,2019-11-27 23:00:00+00:00,1,0,,,0,,,0,0,,,1,0,0,1,0,0,,,,,,0,,0,0,0,0,0,0,0
1741,5,9338,2019-11-28 11:00:00+00:00,9342,2019-11-29 07:00:00+00:00,1,0,,,0,,,0,0,,,0,0,0,1,0,0,,,,,,0,,0,0,0,0,0,0,0
1746,5,9366,2019-12-05 11:00:00+00:00,9366,2019-12-05 11:00:00+00:00,1,0,,,0,,,0,0,,,1,0,0,1,0,0,,,,,,0,,0,0,0,0,0,0,0
1747,5,9377,2019-12-09 07:00:00+00:00,9377,2019-12-09 07:00:00+00:00,1,0,,,0,,,0,0,,,1,0,0,1,0,0,,,,,,0,,0,0,0,0,0,0,0
1749,5,9390,2019-12-11 11:00:00+00:00,9390,2019-12-11 11:00:00+00:00,1,0,,,0,,,0,0,,,1,0,0,1,0,0,,,,,,0,,0,0,0,0,0,0,0
1751,5,9404,2019-12-13 19:00:00+00:00,9405,2019-12-15 23:00:00+00:00,1,0,,,0,,,0,0,,,1,0,0,1,0,0,,,,,,0,,0,0,0,0,0,0,0
1752,5,9408,2019-12-16 11:00:00+00:00,9417,2019-12-17 23:00:00+00:00,1,1,9412.0,2019-12-17 03:00:00+00:00,1,9412.0,2019-12-17 03:00:00+00:00,1,0,9412.0,2019-12-17 03:00:00+00:00,0,0,0,0,0,1,0.45318332562276054,0.8831626472855515,0.4,0.0,1.0,-1,0.7685794221350485,0,0,0,0,0,0,1
1758,5,9425,2019-12-19 07:00:00+00:00,9426,2019-12-19 11:00:00+00:00,1,0,,,0,,,0,0,,,1,0,1,1,0,0,,,,,,0,,0,0,0,0,0,0,0
1759,5,9428,2019-12-19 19:00:00+00:00,9429,2019-12-19 23:00:00+00:00,1,0,,,0,,,0,0,,,1,0,0,1,0,0,,,,,,0,,0,0,0,0,0,0,0
1761,5,9432,2019-12-20 11:00:00+00:00,9432,2019-12-20 11:00:00+00:00,1,0,,,0,,,0,0,,,1,0,0,1,0,0,,,,,,0,,0,0,0,0,0,0,0
1765,5,9440,2019-12-23 19:00:00+00:00,9440,2019-12-23 19:00:00+00:00,1,0,,,0,,,0,0,,,1,0,0,1,0,0,,,,,,0,,0,0,0,0,0,0,0
1766,5,9454,2019-12-27 07:00:00+00:00,9455,2019-12-27 11:00:00+00:00,1,0,,,0,,,0,0,,,1,0,0,1,0,0,,,,,,0,,0,0,0,0,0,0,0
1768,5,9460,2019-12-30 07:00:00+00:00,9463,2019-12-30 19:00:00+00:00,1,0,,,0,,,0,0,,,0,0,0,1,0,0,,,,,,0,,0,0,0,0,0,0,0
1771,5,9470,2020-01-01 23:00:00+00:00,9471,2020-01-02 03:00:00+00:00,1,0,,,0,,,0,0,,,1,0,0,1,0,0,,,,,,0,,0,0,0,0,0,0,0
1773,5,9506,2020-01-09 23:00:00+00:00,9508,2020-01-10 07:00:00+00:00,1,0,,,0,,,0,0,,,1,0,0,1,0,0,,,,,,0,,0,0,0,0,0,0,0
1776,5,9522,2020-01-14 15:00:00+00:00,9522,2020-01-14 15:00:00+00:00,1,0,,,0,,,0,0,,,1,0,0,1,0,0,,,,,,0,,0,0,0,0,0,0,0
1778,5,9525,2020-01-15 03:00:00+00:00,9525,2020-01-15 03:00:00+00:00,1,0,,,0,,,0,0,,,1,0,0,1,0,0,,,,,,0,,0,0,0,0,0,0,0
1780,5,9528,2020-01-15 15:00:00+00:00,9528,2020-01-15 15:00:00+00:00,1,0,,,0,,,0,0,,,1,0,0,1,0,0,,,,,,0,,0,0,0,0,0,0,0
1786,5,9533,2020-01-16 11:00:00+00:00,9533,2020-01-16 11:00:00+00:00,1,0,,,0,,,0,0,,,1,0,0,1,0,0,,,,,,0,,0,0,0,0,0,0,0
1791,5,9541,2020-01-17 19:00:00+00:00,9542,2020-01-19 23:00:00+00:00,1,0,,,0,,,0,0,,,1,0,0,1,0,0,,,,,,0,,0,0,0,0,0,0,0
1794,5,9545,2020-01-20 11:00:00+00:00,9545,2020-01-20 11:00:00+00:00,1,0,,,0,,,0,0,,,1,0,0,1,0,0,,,,,,0,,0,0,0,0,0,0,0
1796,5,9555,2020-01-22 07:00:00+00:00,9557,2020-01-22 15:00:00+00:00,1,0,,,0,,,0,0,,,1,0,0,1,0,0,,,,,,0,,0,0,0,0,0,0,0
1798,5,9562,2020-01-23 11:00:00+00:00,9562,2020-01-23 11:00:00+00:00,1,0,,,0,,,0,0,,,1,0,0,1,0,0,,,,,,0,,0,0,0,0,0,0,0
1801,5,9570,2020-01-24 19:00:00+00:00,9570,2020-01-24 19:00:00+00:00,1,0,,,0,,,0,0,,,1,0,0,1,0,0,,,,,,0,,0,0,0,0,0,0,0
1803,5,9576,2020-01-27 19:00:00+00:00,9577,2020-01-27 23:00:00+00:00,1,0,,,0,,,0,0,,,1,0,1,1,0,0,,,,,,0,,0,0,0,0,0,0,0
1804,5,9579,2020-01-28 07:00:00+00:00,9579,2020-01-28 07:00:00+00:00,1,0,,,0,,,0,0,,,1,0,0,1,0,0,,,,,,0,,0,0,0,0,0,0,0
1807,5,9586,2020-01-29 11:00:00+00:00,9586,2020-01-29 11:00:00+00:00,1,0,,,0,,,0,0,,,1,0,0,1,0,0,,,,,,0,,0,0,0,0,0,0,0
1808,5,9590,2020-01-30 03:00:00+00:00,9590,2020-01-30 03:00:00+00:00,1,0,,,0,,,0,0,,,1,0,0,1,0,0,,,,,,0,,0,0,0,0,0,0,0
1810,5,9594,2020-01-30 19:00:00+00:00,9598,2020-01-31 11:00:00+00:00,1,1,9598.0,2020-01-31 11:00:00+00:00,1,9598.0,2020-01-31 11:00:00+00:00,1,0,9598.0,2020-01-31 11:00:00+00:00,0,0,0,0,0,1,0.3149136176324705,0.9512184216409467,0.6,1.0,1.0,0,0.6165706199639228,0,0,0,0,0,0,0
1814,5,9622,2020-02-06 11:00:00+00:00,9622,2020-02-06 11:00:00+00:00,1,0,,,0,,,0,0,,,1,0,0,1,0,0,,,,,,0,,0,0,0,0,0,0,0
1818,5,9626,2020-02-07 03:00:00+00:00,9626,2020-02-07 03:00:00+00:00,1,0,,,0,,,0,0,,,1,0,0,1,0,0,,,,,,0,,0,0,0,0,0,0,0
1819,5,9634,2020-02-10 11:00:00+00:00,9636,2020-02-10 19:00:00+00:00,1,0,,,0,,,0,0,,,1,0,0,1,0,0,,,,,,0,,0,0,0,0,0,0,0
1826,5,9645,2020-02-12 07:00:00+00:00,9645,2020-02-12 07:00:00+00:00,1,0,,,0,,,0,0,,,1,0,0,1,0,0,,,,,,0,,0,0,0,0,0,0,0
1829,5,9654,2020-02-13 19:00:00+00:00,9657,2020-02-14 07:00:00+00:00,1,0,,,0,,,0,0,,,0,0,0,1,0,0,,,,,,0,,0,0,0,0,0,0,0
1832,5,9660,2020-02-14 19:00:00+00:00,9660,2020-02-14 19:00:00+00:00,1,0,,,0,,,0,0,,,1,0,0,1,0,0,,,,,,0,,0,0,0,0,0,0,0
1835,5,9679,2020-02-20 03:00:00+00:00,9680,2020-02-20 07:00:00+00:00,1,0,,,0,,,0,0,,,1,0,0,1,0,0,,,,,,0,,0,0,0,0,0,0,0
1836,5,9705,2020-02-26 11:00:00+00:00,9705,2020-02-26 11:00:00+00:00,1,0,,,0,,,0,0,,,1,0,0,1,0,0,,,,,,0,,0,0,0,0,0,0,0
1840,5,9712,2020-02-27 15:00:00+00:00,9712,2020-02-27 15:00:00+00:00,1,0,,,0,,,0,0,,,1,0,0,1,0,0,,,,,,0,,0,0,0,0,0,0,0
1844,5,9726,2020-03-02 23:00:00+00:00,9726,2020-03-02 23:00:00+00:00,1,0,,,0,,,0,0,,,1,0,1,1,0,0,,,,,,0,,0,0,0,0,0,0,0
1845,5,9728,2020-03-03 07:00:00+00:00,9728,2020-03-03 07:00:00+00:00,1,0,,,0,,,0,0,,,1,0,0,1,0,0,,,,,,0,,0,0,0,0,0,0,0
1847,5,9736,2020-03-04 15:00:00+00:00,9737,2020-03-04 19:00:00+00:00,1,0,,,0,,,0,0,,,1,0,0,1,0,0,,,,,,0,,0,0,0,0,0,0,0
1849,5,9747,2020-03-06 11:00:00+00:00,9747,2020-03-06 11:00:00+00:00,1,0,,,0,,,0,0,,,1,0,0,1,0,0,,,,,,0,,0,0,0,0,0,0,0
1850,5,9758,2020-03-09 22:00:00+00:00,9758,2020-03-09 22:00:00+00:00,1,0,,,0,,,0,0,,,1,0,0,1,0,0,,,,,,0,,0,0,0,0,0,0,0
1852,5,9762,2020-03-10 14:00:00+00:00,9762,2020-03-10 14:00:00+00:00,1,0,,,0,,,0,0,,,1,0,0,1,0,0,,,,,,0,,0,0,0,0,0,0,0
1854,5,9801,2020-03-18 22:00:00+00:00,9801,2020-03-18 22:00:00+00:00,1,0,,,0,,,0,0,,,1,0,0,1,0,0,,,,,,0,,0,0,0,0,0,0,0
1855,5,9804,2020-03-19 10:00:00+00:00,9805,2020-03-19 14:00:00+00:00,1,0,,,0,,,0,0,,,1,0,0,1,0,0,,,,,,0,,0,0,0,0,0,0,0
1857,5,9812,2020-03-20 18:00:00+00:00,9813,2020-03-22 18:00:00+00:00,1,0,,,0,,,0,0,,,1,0,0,1,0,0,,,,,,0,,0,0,0,0,0,0,0
1860,5,9828,2020-03-25 06:00:00+00:00,9829,2020-03-25 10:00:00+00:00,1,0,,,0,,,0,0,,,1,0,0,1,0,0,,,,,,0,,0,0,0,0,0,0,0
1862,5,9833,2020-03-26 02:00:00+00:00,9834,2020-03-26 06:00:00+00:00,1,0,,,0,,,0,0,,,1,0,0,1,0,0,,,,,,0,,0,0,0,0,0,0,0
1864,5,9842,2020-03-27 14:00:00+00:00,9850,2020-03-30 22:00:00+00:00,1,1,9847.0,2020-03-30 10:00:00+00:00,1,9847.0,2020-03-30 10:00:00+00:00,1,0,9847.0,2020-03-30 10:00:00+00:00,0,0,0,0,0,1,0.26861520432692115,0.9492628205128213,0.6,2.0,1.0,1,0.6228239218750026,0,0,0,0,0,0,1
1870,5,9857,2020-04-01 02:00:00+00:00,9857,2020-04-01 02:00:00+00:00,1,0,,,0,,,0,0,,,1,0,0,1,0,0,,,,,,0,,0,0,0,0,0,0,0
1873,5,9867,2020-04-02 18:00:00+00:00,9867,2020-04-02 18:00:00+00:00,1,0,,,0,,,0,0,,,1,0,0,1,0,0,,,,,,0,,0,0,0,0,0,0,0
1875,5,9870,2020-04-03 06:00:00+00:00,9875,2020-04-05 22:00:00+00:00,1,1,9875.0,2020-04-05 22:00:00+00:00,0,,,0,0,,,0,0,0,0,0,0,0.5248369591941072,0.889894419306186,0.6,1.0,1.0,0,0.4709345862441715,0,0,0,1,0,0,1
1878,5,9886,2020-04-07 18:00:00+00:00,9886,2020-04-07 18:00:00+00:00,1,0,,,0,,,0,0,,,1,0,0,1,0,0,,,,,,0,,0,0,0,0,0,0,0
1879,5,9889,2020-04-08 06:00:00+00:00,9894,2020-04-09 02:00:00+00:00,1,1,9894.0,2020-04-09 02:00:00+00:00,0,,,0,0,,,0,0,0,0,0,0,0.4853108405597151,0.8420732237585911,0.6,1.0,1.0,0,0.4391331829419681,0,0,0,1,0,0,1
1883,5,9899,2020-04-12 18:00:00+00:00,9899,2020-04-12 18:00:00+00:00,1,0,,,0,,,0,0,,,1,0,1,1,0,0,,,,,,0,,0,0,0,0,0,0,0
1884,5,9901,2020-04-13 02:00:00+00:00,9902,2020-04-13 06:00:00+00:00,1,0,,,0,,,0,0,,,1,0,0,1,0,0,,,,,,0,,0,0,0,0,0,0,0
1886,5,9916,2020-04-15 14:00:00+00:00,9918,2020-04-15 22:00:00+00:00,1,0,,,0,,,0,0,,,1,0,0,1,0,0,,,,,,0,,0,0,0,0,0,0,0
1889,5,9927,2020-04-17 10:00:00+00:00,9927,2020-04-17 10:00:00+00:00,1,0,,,0,,,0,0,,,1,0,0,1,0,0,,,,,,0,,0,0,0,0,0,0,0
1890,5,9933,2020-04-20 06:00:00+00:00,9933,2020-04-20 06:00:00+00:00,1,0,,,0,,,0,0,,,1,0,0,1,0,0,,,,,,0,,0,0,0,0,0,0,0
1893,5,9953,2020-04-23 14:00:00+00:00,9953,2020-04-23 14:00:00+00:00,1,0,,,0,,,0,0,,,1,0,0,1,0,0,,,,,,0,,0,0,0,0,0,0,0
1895,5,9956,2020-04-24 02:00:00+00:00,9956,2020-04-24 02:00:00+00:00,1,0,,,0,,,0,0,,,1,0,0,1,0,0,,,,,,0,,0,0,0,0,0,0,0
1898,5,9964,2020-04-27 06:00:00+00:00,9964,2020-04-27 06:00:00+00:00,1,0,,,0,,,0,0,,,1,0,0,1,0,0,,,,,,0,,0,0,0,0,0,0,0
1901,5,9967,2020-04-27 18:00:00+00:00,9967,2020-04-27 18:00:00+00:00,1,0,,,0,,,0,0,,,1,0,0,1,0,0,,,,,,0,,0,0,0,0,0,0,0
1903,5,9972,2020-04-28 14:00:00+00:00,9973,2020-04-28 18:00:00+00:00,1,0,,,0,,,0,0,,,1,0,0,1,0,0,,,,,,0,,0,0,0,0,0,0,0
1906,5,9976,2020-04-29 06:00:00+00:00,9980,2020-04-29 22:00:00+00:00,1,0,,,0,,,0,0,,,0,0,0,1,0,0,,,,,,0,,0,0,0,0,0,0,0
1912,5,9991,2020-05-01 18:00:00+00:00,9991,2020-05-01 18:00:00+00:00,1,0,,,0,,,0,0,,,1,0,0,1,0,0,,,,,,0,,0,0,0,0,0,0,0
1914,5,9996,2020-05-04 10:00:00+00:00,10000,2020-05-05 02:00:00+00:00,1,1,10000.0,2020-05-05 02:00:00+00:00,0,,,0,0,,,0,0,0,0,0,0,0.4938733731636123,0.6063218390804623,0.6,1.0,2.0,-1,0.533325020467448,0,0,0,1,0,0,1
1916,5,10009,2020-05-06 14:00:00+00:00,10009,2020-05-06 14:00:00+00:00,1,0,,,0,,,0,0,,,1,0,0,1,0,0,,,,,,0,,0,0,0,0,0,0,0
1920,5,10021,2020-05-08 14:00:00+00:00,10023,2020-05-10 18:00:00+00:00,1,0,,,0,,,0,0,,,1,0,0,1,0,0,,,,,,0,,0,0,0,0,0,0,0
1922,5,10028,2020-05-11 14:00:00+00:00,10028,2020-05-11 14:00:00+00:00,1,0,,,0,,,0,0,,,1,0,0,1,0,0,,,,,,0,,0,0,0,0,0,0,0
1925,5,10040,2020-05-13 14:00:00+00:00,10041,2020-05-13 18:00:00+00:00,1,0,,,0,,,0,0,,,1,0,0,1,0,0,,,,,,0,,0,0,0,0,0,0,0
1929,5,10046,2020-05-14 14:00:00+00:00,10048,2020-05-14 22:00:00+00:00,1,0,,,0,,,0,0,,,1,0,0,1,0,0,,,,,,0,,0,0,0,0,0,0,0
1931,5,10063,2020-05-19 06:00:00+00:00,10066,2020-05-19 18:00:00+00:00,1,0,,,0,,,0,0,,,0,0,0,1,0,0,,,,,,0,,0,0,0,0,0,0,0
1936,5,10078,2020-05-21 18:00:00+00:00,10078,2020-05-21 18:00:00+00:00,1,0,,,0,,,0,0,,,1,0,0,1,0,0,,,,,,0,,0,0,0,0,0,0,0
1938,5,10083,2020-05-22 14:00:00+00:00,10084,2020-05-22 18:00:00+00:00,1,0,,,0,,,0,0,,,1,0,0,1,0,0,,,,,,0,,0,0,0,0,0,0,0
1943,5,10098,2020-05-26 22:00:00+00:00,10098,2020-05-26 22:00:00+00:00,1,0,,,0,,,0,0,,,1,0,1,1,0,0,,,,,,0,,0,0,0,0,0,0,0
1944,5,10100,2020-05-27 06:00:00+00:00,10100,2020-05-27 06:00:00+00:00,1,0,,,0,,,0,0,,,1,0,0,1,0,0,,,,,,0,,0,0,0,0,0,0,0
1946,5,10117,2020-05-31 22:00:00+00:00,10117,2020-05-31 22:00:00+00:00,1,0,,,0,,,0,0,,,1,0,1,1,0,0,,,,,,0,,0,0,0,0,0,0,0
1947,5,10119,2020-06-01 06:00:00+00:00,10120,2020-06-01 10:00:00+00:00,1,0,,,0,,,0,0,,,1,0,0,1,0,0,,,,,,0,,0,0,0,0,0,0,0
1949,5,10125,2020-06-02 06:00:00+00:00,10125,2020-06-02 06:00:00+00:00,1,0,,,0,,,0,0,,,1,0,0,1,0,0,,,,,,0,,0,0,0,0,0,0,0
1953,5,10151,2020-06-08 10:00:00+00:00,10151,2020-06-08 10:00:00+00:00,1,0,,,0,,,0,0,,,1,0,1,1,0,0,,,,,,0,,0,0,0,0,0,0,0
1954,5,10153,2020-06-08 18:00:00+00:00,10153,2020-06-08 18:00:00+00:00,1,0,,,0,,,0,0,,,1,0,0,1,0,0,,,,,,0,,0,0,0,0,0,0,0
1957,5,10162,2020-06-10 06:00:00+00:00,10162,2020-06-10 06:00:00+00:00,1,0,,,0,,,0,0,,,1,0,0,1,0,0,,,,,,0,,0,0,0,0,0,0,0
1960,5,10205,2020-06-19 06:00:00+00:00,10205,2020-06-19 06:00:00+00:00,1,0,,,0,,,0,0,,,1,0,0,1,0,0,,,,,,0,,0,0,0,0,0,0,0
1961,5,10226,2020-06-24 14:00:00+00:00,10226,2020-06-24 14:00:00+00:00,1,0,,,0,,,0,0,,,1,0,0,1,0,0,,,,,,0,,0,0,0,0,0,0,0
1962,5,10232,2020-06-25 14:00:00+00:00,10235,2020-06-26 02:00:00+00:00,1,0,,,0,,,0,0,,,0,0,0,1,0,0,,,,,,0,,0,0,0,0,0,0,0
1964,5,10243,2020-06-29 06:00:00+00:00,10243,2020-06-29 06:00:00+00:00,1,0,,,0,,,0,0,,,1,0,0,1,0,0,,,,,,0,,0,0,0,0,0,0,0
1965,5,10249,2020-06-30 06:00:00+00:00,10249,2020-06-30 06:00:00+00:00,1,0,,,0,,,0,0,,,1,0,0,1,0,0,,,,,,0,,0,0,0,0,0,0,0
1969,5,10268,2020-07-03 10:00:00+00:00,10269,2020-07-03 14:00:00+00:00,1,0,,,0,,,0,0,,,1,0,1,1,0,0,,,,,,0,,0,0,0,0,0,0,0
1970,5,10271,2020-07-05 22:00:00+00:00,10272,2020-07-06 02:00:00+00:00,1,0,,,0,,,0,0,,,1,0,0,1,0,0,,,,,,0,,0,0,0,0,0,0,0
1975,5,10292,2020-07-09 10:00:00+00:00,10292,2020-07-09 10:00:00+00:00,1,0,,,0,,,0,0,,,1,0,0,1,0,0,,,,,,0,,0,0,0,0,0,0,0
1977,5,10297,2020-07-10 06:00:00+00:00,10298,2020-07-10 10:00:00+00:00,1,0,,,0,,,0,0,,,1,0,0,1,0,0,,,,,,0,,0,0,0,0,0,0,0
1979,5,10318,2020-07-15 14:00:00+00:00,10319,2020-07-15 18:00:00+00:00,1,0,,,0,,,0,0,,,1,0,0,1,0,0,,,,,,0,,0,0,0,0,0,0,0
1981,5,10323,2020-07-16 10:00:00+00:00,10323,2020-07-16 10:00:00+00:00,1,0,,,0,,,0,0,,,1,0,0,1,0,0,,,,,,0,,0,0,0,0,0,0,0
1982,5,10326,2020-07-16 22:00:00+00:00,10327,2020-07-17 02:00:00+00:00,1,0,,,0,,,0,0,,,1,0,0,1,0,0,,,,,,0,,0,0,0,0,0,0,0
1984,5,10331,2020-07-17 18:00:00+00:00,10331,2020-07-17 18:00:00+00:00,1,0,,,0,,,0,0,,,1,0,0,1,0,0,,,,,,0,,0,0,0,0,0,0,0
1985,5,10334,2020-07-20 02:00:00+00:00,10334,2020-07-20 02:00:00+00:00,1,0,,,0,,,0,0,,,1,0,0,1,0,0,,,,,,0,,0,0,0,0,0,0,0
1986,5,10354,2020-07-23 10:00:00+00:00,10354,2020-07-23 10:00:00+00:00,1,0,,,0,,,0,0,,,1,0,0,1,0,0,,,,,,0,,0,0,0,0,0,0,0
1987,5,10386,2020-07-30 14:00:00+00:00,10386,2020-07-30 14:00:00+00:00,1,0,,,0,,,0,0,,,1,0,0,1,0,0,,,,,,0,,0,0,0,0,0,0,0
1992,5,10391,2020-07-31 10:00:00+00:00,10391,2020-07-31 10:00:00+00:00,1,0,,,0,,,0,0,,,1,0,0,1,0,0,,,,,,0,,0,0,0,0,0,0,0
1993,5,10395,2020-08-02 22:00:00+00:00,10395,2020-08-02 22:00:00+00:00,1,0,,,0,,,0,0,,,1,0,0,1,0,0,,,,,,0,,0,0,0,0,0,0,0
1995,5,10398,2020-08-03 10:00:00+00:00,10398,2020-08-03 10:00:00+00:00,1,0,,,0,,,0,0,,,1,0,0,1,0,0,,,,,,0,,0,0,0,0,0,0,0
1998,5,10421,2020-08-07 06:00:00+00:00,10421,2020-08-07 06:00:00+00:00,1,0,,,0,,,0,0,,,1,0,0,1,0,0,,,,,,0,,0,0,0,0,0,0,0
1999,5,10449,2020-08-13 18:00:00+00:00,10450,2020-08-13 22:00:00+00:00,1,0,,,0,,,0,0,,,1,0,1,1,0,0,,,,,,0,,0,0,0,0,0,0,0
2001,5,10452,2020-08-14 06:00:00+00:00,10453,2020-08-14 10:00:00+00:00,1,0,,,0,,,0,0,,,1,0,0,1,0,0,,,,,,0,,0,0,0,0,0,0,0
2006,5,10458,2020-08-17 02:00:00+00:00,10458,2020-08-17 02:00:00+00:00,1,0,,,0,,,0,0,,,1,0,0,1,0,0,,,,,,0,,0,0,0,0,0,0,0
2010,5,10479,2020-08-20 14:00:00+00:00,10481,2020-08-20 22:00:00+00:00,1,0,,,0,,,0,0,,,1,0,0,1,0,0,,,,,,0,,0,0,0,0,0,0,0
2012,5,10496,2020-08-25 06:00:00+00:00,10496,2020-08-25 06:00:00+00:00,1,0,,,0,,,0,0,,,1,0,1,1,0,0,,,,,,0,,0,0,0,0,0,0,0
2013,5,10498,2020-08-25 14:00:00+00:00,10499,2020-08-25 18:00:00+00:00,1,0,,,0,,,0,0,,,1,0,1,1,0,0,,,,,,0,,0,0,0,0,0,0,0
2015,5,10501,2020-08-26 02:00:00+00:00,10502,2020-08-26 06:00:00+00:00,1,0,,,0,,,0,0,,,1,0,0,1,0,0,,,,,,0,,0,0,0,0,0,0,0
2016,5,10508,2020-08-27 06:00:00+00:00,10508,2020-08-27 06:00:00+00:00,1,0,,,0,,,0,0,,,1,0,0,1,0,0,,,,,,0,,0,0,0,0,0,0,0
2017,5,10528,2020-09-01 10:00:00+00:00,10530,2020-09-01 18:00:00+00:00,1,0,,,0,,,0,0,,,1,0,0,1,0,0,,,,,,0,,0,0,0,0,0,0,0
2023,5,10553,2020-09-07 10:00:00+00:00,10554,2020-09-07 14:00:00+00:00,1,0,,,0,,,0,0,,,1,0,1,1,0,0,,,,,,0,,0,0,0,0,0,0,0
2025,5,10556,2020-09-07 22:00:00+00:00,10556,2020-09-07 22:00:00+00:00,1,0,,,0,,,0,0,,,1,0,0,1,0,0,,,,,,0,,0,0,0,0,0,0,0
2026,5,10567,2020-09-09 18:00:00+00:00,10567,2020-09-09 18:00:00+00:00,1,0,,,0,,,0,0,,,1,0,0,1,0,0,,,,,,0,,0,0,0,0,0,0,0
2028,5,10570,2020-09-10 06:00:00+00:00,10570,2020-09-10 06:00:00+00:00,1,0,,,0,,,0,0,,,1,0,0,1,0,0,,,,,,0,,0,0,0,0,0,0,0
2029,5,10582,2020-09-14 02:00:00+00:00,10582,2020-09-14 02:00:00+00:00,1,0,,,0,,,0,0,,,1,0,0,1,0,0,,,,,,0,,0,0,0,0,0,0,0
2031,5,10593,2020-09-15 22:00:00+00:00,10593,2020-09-15 22:00:00+00:00,1,0,,,0,,,0,0,,,1,0,0,1,0,0,,,,,,0,,0,0,0,0,0,0,0
2034,5,10607,2020-09-18 06:00:00+00:00,10608,2020-09-18 10:00:00+00:00,1,0,,,0,,,0,0,,,1,0,0,1,0,0,,,,,,0,,0,0,0,0,0,0,0
2035,5,10622,2020-09-22 14:00:00+00:00,10623,2020-09-22 18:00:00+00:00,1,0,,,0,,,0,0,,,1,0,0,1,0,0,,,,,,0,,0,0,0,0,0,0,0
2037,5,10626,2020-09-23 06:00:00+00:00,10626,2020-09-23 06:00:00+00:00,1,0,,,0,,,0,0,,,1,0,0,1,0,0,,,,,,0,,0,0,0,0,0,0,0
2039,5,10639,2020-09-25 10:00:00+00:00,10641,2020-09-25 18:00:00+00:00,1,0,,,0,,,0,0,,,1,0,0,1,0,0,,,,,,0,,0,0,0,0,0,0,0
2042,5,10644,2020-09-28 02:00:00+00:00,10644,2020-09-28 02:00:00+00:00,1,0,,,0,,,0,0,,,1,0,0,1,0,0,,,,,,0,,0,0,0,0,0,0,0
2044,5,10654,2020-09-29 18:00:00+00:00,10655,2020-09-29 22:00:00+00:00,1,0,,,0,,,0,0,,,1,0,1,1,0,0,,,,,,0,,0,0,0,0,0,0,0
2046,5,10657,2020-09-30 06:00:00+00:00,10658,2020-09-30 10:00:00+00:00,1,0,,,0,,,0,0,,,1,0,0,1,0,0,,,,,,0,,0,0,0,0,0,0,0
2047,5,10663,2020-10-01 06:00:00+00:00,10663,2020-10-01 06:00:00+00:00,1,0,,,0,,,0,0,,,1,0,0,1,0,0,,,,,,0,,0,0,0,0,0,0,0
2052,5,10689,2020-10-07 10:00:00+00:00,10689,2020-10-07 10:00:00+00:00,1,0,,,0,,,0,0,,,1,0,0,1,0,0,,,,,,0,,0,0,0,0,0,0,0
2054,5,10706,2020-10-12 02:00:00+00:00,10706,2020-10-12 02:00:00+00:00,1,0,,,0,,,0,0,,,1,0,0,1,0,0,,,,,,0,,0,0,0,0,0,0,0
2058,5,10713,2020-10-13 06:00:00+00:00,10713,2020-10-13 06:00:00+00:00,1,0,,,0,,,0,0,,,1,0,0,1,0,0,,,,,,0,,0,0,0,0,0,0,0
2059,5,10720,2020-10-14 10:00:00+00:00,10720,2020-10-14 10:00:00+00:00,1,0,,,0,,,0,0,,,1,0,1,1,0,0,,,,,,0,,0,0,0,0,0,0,0
2060,5,10722,2020-10-14 18:00:00+00:00,10722,2020-10-14 18:00:00+00:00,1,0,,,0,,,0,0,,,1,0,0,1,0,0,,,,,,0,,0,0,0,0,0,0,0
2063,5,10726,2020-10-15 10:00:00+00:00,10726,2020-10-15 10:00:00+00:00,1,0,,,0,,,0,0,,,1,0,1,1,0,0,,,,,,0,,0,0,0,0,0,0,0
2065,5,10728,2020-10-15 18:00:00+00:00,10729,2020-10-15 22:00:00+00:00,1,0,,,0,,,0,0,,,1,0,0,1,0,0,,,,,,0,,0,0,0,0,0,0,0
2067,5,10733,2020-10-16 14:00:00+00:00,10735,2020-10-18 18:00:00+00:00,1,0,,,0,,,0,0,,,1,0,0,1,0,0,,,,,,0,,0,0,0,0,0,0,0
2071,5,10747,2020-10-20 18:00:00+00:00,10747,2020-10-20 18:00:00+00:00,1,0,,,0,,,0,0,,,1,0,0,1,0,0,,,,,,0,,0,0,0,0,0,0,0
2072,5,10774,2020-10-27 02:00:00+00:00,10775,2020-10-27 06:00:00+00:00,1,0,,,0,,,0,0,,,1,0,0,1,0,0,,,,,,0,,0,0,0,0,0,0,0
2075,5,10793,2020-10-30 06:00:00+00:00,10793,2020-10-30 06:00:00+00:00,1,0,,,0,,,0,0,,,1,0,0,1,0,0,,,,,,0,,0,0,0,0,0,0,0
2076,5,10799,2020-11-02 03:00:00+00:00,10799,2020-11-02 03:00:00+00:00,1,0,,,0,,,0,0,,,1,0,0,1,0,0,,,,,,0,,0,0,0,0,0,0,0
2077,5,10824,2020-11-06 07:00:00+00:00,10824,2020-11-06 07:00:00+00:00,1,0,,,0,,,0,0,,,1,0,0,1,0,0,,,,,,0,,0,0,0,0,0,0,0
2078,5,10828,2020-11-08 23:00:00+00:00,10828,2020-11-08 23:00:00+00:00,1,0,,,0,,,0,0,,,1,0,0,1,0,0,,,,,,0,,0,0,0,0,0,0,0
2080,5,10837,2020-11-10 11:00:00+00:00,10837,2020-11-10 11:00:00+00:00,1,0,,,0,,,0,0,,,1,0,1,1,0,0,,,,,,0,,0,0,0,0,0,0,0
2081,5,10839,2020-11-10 19:00:00+00:00,10839,2020-11-10 19:00:00+00:00,1,0,,,0,,,0,0,,,1,0,0,1,0,0,,,,,,0,,0,0,0,0,0,0,0
2083,5,10842,2020-11-11 07:00:00+00:00,10842,2020-11-11 07:00:00+00:00,1,0,,,0,,,0,0,,,1,0,1,1,0,0,,,,,,0,,0,0,0,0,0,0,0
2085,5,10844,2020-11-11 15:00:00+00:00,10845,2020-11-11 19:00:00+00:00,1,0,,,0,,,0,0,,,1,0,0,1,0,0,,,,,,0,,0,0,0,0,0,0,0
2091,5,10854,2020-11-13 07:00:00+00:00,10854,2020-11-13 07:00:00+00:00,1,0,,,0,,,0,0,,,1,0,1,1,0,0,,,,,,0,,0,0,0,0,0,0,0
2092,5,10856,2020-11-13 15:00:00+00:00,10856,2020-11-13 15:00:00+00:00,1,0,,,0,,,0,0,,,1,0,0,1,0,0,,,,,,0,,0,0,0,0,0,0,0
2094,5,10860,2020-11-16 07:00:00+00:00,10860,2020-11-16 07:00:00+00:00,1,0,,,0,,,0,0,,,1,0,0,1,0,0,,,,,,0,,0,0,0,0,0,0,0
2095,5,10867,2020-11-17 11:00:00+00:00,10868,2020-11-17 15:00:00+00:00,1,0,,,0,,,0,0,,,1,0,1,1,0,0,,,,,,0,,0,0,0,0,0,0,0
2096,5,10870,2020-11-17 23:00:00+00:00,10870,2020-11-17 23:00:00+00:00,1,0,,,0,,,0,0,,,1,0,0,1,0,0,,,,,,0,,0,0,0,0,0,0,0
2098,5,10886,2020-11-20 15:00:00+00:00,10887,2020-11-20 19:00:00+00:00,1,0,,,0,,,0,0,,,1,0,0,1,0,0,,,,,,0,,0,0,0,0,0,0,0
2104,5,10919,2020-11-30 11:00:00+00:00,10919,2020-11-30 11:00:00+00:00,1,0,,,0,,,0,0,,,1,0,1,1,0,0,,,,,,0,,0,0,0,0,0,0,0
2105,5,10921,2020-11-30 19:00:00+00:00,10921,2020-11-30 19:00:00+00:00,1,0,,,0,,,0,0,,,1,0,0,1,0,0,,,,,,0,,0,0,0,0,0,0,0
2107,5,10931,2020-12-02 11:00:00+00:00,10931,2020-12-02 11:00:00+00:00,1,0,,,0,,,0,0,,,1,0,0,1,0,0,,,,,,0,,0,0,0,0,0,0,0
2108,5,10934,2020-12-02 23:00:00+00:00,10934,2020-12-02 23:00:00+00:00,1,0,,,0,,,0,0,,,1,0,0,1,0,0,,,,,,0,,0,0,0,0,0,0,0
2110,5,10937,2020-12-03 11:00:00+00:00,10937,2020-12-03 11:00:00+00:00,1,0,,,0,,,0,0,,,1,0,0,1,0,0,,,,,,0,,0,0,0,0,0,0,0
2111,5,10957,2020-12-08 19:00:00+00:00,10958,2020-12-08 23:00:00+00:00,1,0,,,0,,,0,0,,,1,0,0,1,0,0,,,,,,0,,0,0,0,0,0,0,0
2113,5,10968,2020-12-10 15:00:00+00:00,10971,2020-12-11 03:00:00+00:00,1,1,10971.0,2020-12-11 03:00:00+00:00,1,10971.0,2020-12-11 03:00:00+00:00,1,0,10971.0,2020-12-11 03:00:00+00:00,0,0,0,0,0,1,0.6279164629284822,0.645631067961172,0.4,0.0,2.0,-1,0.6937508137253781,1,0,0,0,0,0,0
2118,5,10983,2020-12-15 03:00:00+00:00,10983,2020-12-15 03:00:00+00:00,1,0,,,0,,,0,0,,,1,0,0,1,0,0,,,,,,0,,0,0,0,0,0,0,0
2119,5,10991,2020-12-16 11:00:00+00:00,10992,2020-12-16 15:00:00+00:00,1,0,,,0,,,0,0,,,1,0,0,1,0,0,,,,,,0,,0,0,0,0,0,0,0
2120,5,10998,2020-12-17 15:00:00+00:00,10998,2020-12-17 15:00:00+00:00,1,0,,,0,,,0,0,,,1,0,0,1,0,0,,,,,,0,,0,0,0,0,0,0,0
2122,5,11013,2020-12-22 03:00:00+00:00,11015,2020-12-22 11:00:00+00:00,1,0,,,0,,,0,0,,,1,0,0,1,0,0,,,,,,0,,0,0,0,0,0,0,0
2125,5,11022,2020-12-23 15:00:00+00:00,11022,2020-12-23 15:00:00+00:00,1,0,,,0,,,0,0,,,1,0,0,1,0,0,,,,,,0,,0,0,0,0,0,0,0
2128,5,11026,2020-12-24 07:00:00+00:00,11027,2020-12-24 11:00:00+00:00,1,0,,,0,,,0,0,,,1,0,0,1,0,0,,,,,,0,,0,0,0,0,0,0,0
2129,5,11034,2020-12-28 19:00:00+00:00,11036,2020-12-29 03:00:00+00:00,1,0,,,0,,,0,0,,,1,0,1,1,0,0,,,,,,0,,0,0,0,0,0,0,0
2131,5,11038,2020-12-29 11:00:00+00:00,11038,2020-12-29 11:00:00+00:00,1,0,,,0,,,0,0,,,1,0,0,1,0,0,,,,,,0,,0,0,0,0,0,0,0
2135,5,11050,2020-12-31 11:00:00+00:00,11052,2020-12-31 19:00:00+00:00,1,0,,,0,,,0,0,,,1,0,0,1,0,0,,,,,,0,,0,0,0,0,0,0,0
2140,5,11060,2021-01-05 03:00:00+00:00,11060,2021-01-05 03:00:00+00:00,1,0,,,0,,,0,0,,,1,0,0,1,0,0,,,,,,0,,0,0,0,0,0,0,0
2141,5,11074,2021-01-07 11:00:00+00:00,11076,2021-01-07 19:00:00+00:00,1,0,,,0,,,0,0,,,1,0,0,1,0,0,,,,,,0,,0,0,0,0,0,0,0
2143,5,11088,2021-01-11 19:00:00+00:00,11088,2021-01-11 19:00:00+00:00,1,0,,,0,,,0,0,,,1,0,0,1,0,0,,,,,,0,,0,0,0,0,0,0,0
2144,5,11091,2021-01-12 07:00:00+00:00,11091,2021-01-12 07:00:00+00:00,1,0,,,0,,,0,0,,,1,0,1,1,0,0,,,,,,0,,0,0,0,0,0,0,0
2146,5,11093,2021-01-12 15:00:00+00:00,11094,2021-01-12 19:00:00+00:00,1,0,,,0,,,0,0,,,1,0,0,1,0,0,,,,,,0,,0,0,0,0,0,0,0
2149,5,11098,2021-01-13 11:00:00+00:00,11099,2021-01-13 15:00:00+00:00,1,0,,,0,,,0,0,,,1,0,0,1,0,0,,,,,,0,,0,0,0,0,0,0,0
2151,5,11107,2021-01-14 23:00:00+00:00,11107,2021-01-14 23:00:00+00:00,1,0,,,0,,,0,0,,,1,0,1,1,0,0,,,,,,0,,0,0,0,0,0,0,0
2152,5,11109,2021-01-15 07:00:00+00:00,11109,2021-01-15 07:00:00+00:00,1,0,,,0,,,0,0,,,1,0,0,1,0,0,,,,,,0,,0,0,0,0,0,0,0
2154,5,11112,2021-01-15 19:00:00+00:00,11112,2021-01-15 19:00:00+00:00,1,0,,,0,,,0,0,,,1,0,0,1,0,0,,,,,,0,,0,0,0,0,0,0,0
2157,5,11119,2021-01-19 03:00:00+00:00,11123,2021-01-19 19:00:00+00:00,1,1,11123.0,2021-01-19 19:00:00+00:00,0,,,0,0,,,0,0,0,0,0,0,0.33203020997318056,0.9384176726090386,0.8,2.0,2.0,0,0.49315743252434874,0,0,0,1,0,0,1
2159,5,11137,2021-01-22 03:00:00+00:00,11137,2021-01-22 03:00:00+00:00,1,0,,,0,,,0,0,,,1,0,0,1,0,0,,,,,,0,,0,0,0,0,0,0,0
2161,5,11150,2021-01-26 07:00:00+00:00,11153,2021-01-26 19:00:00+00:00,1,1,11153.0,2021-01-26 19:00:00+00:00,0,,,0,0,,,0,0,0,0,0,0,0.48317754270528845,0.6792359092828543,0.6,1.0,3.0,-1,0.3985737411777214,0,0,0,1,0,0,1
2164,5,11162,2021-01-28 07:00:00+00:00,11162,2021-01-28 07:00:00+00:00,1,0,,,0,,,0,0,,,1,0,1,1,0,0,,,,,,0,,0,0,0,0,0,0,0
2165,5,11164,2021-01-28 15:00:00+00:00,11166,2021-01-28 23:00:00+00:00,1,0,,,0,,,0,0,,,1,0,0,1,0,0,,,,,,0,,0,0,0,0,0,0,0
2167,5,11177,2021-02-01 19:00:00+00:00,11179,2021-02-02 03:00:00+00:00,1,0,,,0,,,0,0,,,1,0,0,1,0,0,,,,,,0,,0,0,0,0,0,0,0
2168,5,11186,2021-02-03 07:00:00+00:00,11187,2021-02-03 11:00:00+00:00,1,0,,,0,,,0,0,,,1,0,0,1,0,0,,,,,,0,,0,0,0,0,0,0,0
2169,5,11211,2021-02-09 11:00:00+00:00,11211,2021-02-09 11:00:00+00:00,1,0,,,0,,,0,0,,,1,0,0,1,0,0,,,,,,0,,0,0,0,0,0,0,0
2171,5,11214,2021-02-09 23:00:00+00:00,11216,2021-02-10 07:00:00+00:00,1,0,,,0,,,0,0,,,1,0,0,1,0,0,,,,,,0,,0,0,0,0,0,0,0
2172,5,11222,2021-02-11 07:00:00+00:00,11223,2021-02-11 11:00:00+00:00,1,0,,,0,,,0,0,,,1,0,1,1,0,0,,,,,,0,,0,0,0,0,0,0,0
2173,5,11225,2021-02-11 19:00:00+00:00,11225,2021-02-11 19:00:00+00:00,1,0,,,0,,,0,0,,,1,0,0,1,0,0,,,,,,0,,0,0,0,0,0,0,0
2175,5,11235,2021-02-15 11:00:00+00:00,11235,2021-02-15 11:00:00+00:00,1,0,,,0,,,0,0,,,1,0,0,1,0,0,,,,,,0,,0,0,0,0,0,0,0
2177,5,11239,2021-02-16 03:00:00+00:00,11240,2021-02-16 07:00:00+00:00,1,0,,,0,,,0,0,,,1,0,0,1,0,0,,,,,,0,,0,0,0,0,0,0,0
2178,5,11249,2021-02-17 19:00:00+00:00,11250,2021-02-17 23:00:00+00:00,1,0,,,0,,,0,0,,,1,0,0,1,0,0,,,,,,0,,0,0,0,0,0,0,0
2180,5,11253,2021-02-18 11:00:00+00:00,11253,2021-02-18 11:00:00+00:00,1,0,,,0,,,0,0,,,1,0,0,1,0,0,,,,,,0,,0,0,0,0,0,0,0
2182,5,11262,2021-02-21 23:00:00+00:00,11262,2021-02-21 23:00:00+00:00,1,0,,,0,,,0,0,,,1,0,0,1,0,0,,,,,,0,,0,0,0,0,0,0,0
2183,5,11270,2021-02-23 07:00:00+00:00,11270,2021-02-23 07:00:00+00:00,1,0,,,0,,,0,0,,,1,0,0,1,0,0,,,,,,0,,0,0,0,0,0,0,0
2187,5,11279,2021-02-24 19:00:00+00:00,11280,2021-02-24 23:00:00+00:00,1,0,,,0,,,0,0,,,1,0,0,1,0,0,,,,,,0,,0,0,0,0,0,0,0
2190,5,11286,2021-02-25 23:00:00+00:00,11286,2021-02-25 23:00:00+00:00,1,0,,,0,,,0,0,,,1,0,0,1,0,0,,,,,,0,,0,0,0,0,0,0,0
2191,5,11305,2021-03-03 03:00:00+00:00,11305,2021-03-03 03:00:00+00:00,1,0,,,0,,,0,0,,,1,0,0,1,0,0,,,,,,0,,0,0,0,0,0,0,0
2192,5,11313,2021-03-04 11:00:00+00:00,11313,2021-03-04 11:00:00+00:00,1,0,,,0,,,0,0,,,1,0,1,1,0,0,,,,,,0,,0,0,0,0,0,0,0
2193,5,11315,2021-03-04 19:00:00+00:00,11315,2021-03-04 19:00:00+00:00,1,0,,,0,,,0,0,,,1,0,0,1,0,0,,,,,,0,,0,0,0,0,0,0,0
2197,5,11320,2021-03-05 15:00:00+00:00,11320,2021-03-05 15:00:00+00:00,1,0,,,0,,,0,0,,,1,0,0,1,0,0,,,,,,0,,0,0,0,0,0,0,0
2199,5,11336,2021-03-10 07:00:00+00:00,11336,2021-03-10 07:00:00+00:00,1,0,,,0,,,0,0,,,1,0,1,1,0,0,,,,,,0,,0,0,0,0,0,0,0
2200,5,11338,2021-03-10 15:00:00+00:00,11338,2021-03-10 15:00:00+00:00,1,0,,,0,,,0,0,,,1,0,0,1,0,0,,,,,,0,,0,0,0,0,0,0,0
2202,5,11356,2021-03-15 06:00:00+00:00,11357,2021-03-15 10:00:00+00:00,1,0,,,0,,,0,0,,,1,0,0,1,0,0,,,,,,0,,0,0,0,0,0,0,0
2204,5,11360,2021-03-15 22:00:00+00:00,11360,2021-03-15 22:00:00+00:00,1,0,,,0,,,0,0,,,1,0,0,1,0,0,,,,,,0,,0,0,0,0,0,0,0
2205,5,11380,2021-03-19 06:00:00+00:00,11382,2021-03-19 14:00:00+00:00,1,0,,,0,,,0,0,,,1,0,1,1,0,0,,,,,,0,,0,0,0,0,0,0,0
2207,5,11384,2021-03-21 18:00:00+00:00,11385,2021-03-21 22:00:00+00:00,1,0,,,0,,,0,0,,,1,0,1,1,0,0,,,,,,0,,0,0,0,0,0,0,0
2208,5,11387,2021-03-22 06:00:00+00:00,11387,2021-03-22 06:00:00+00:00,1,0,,,0,,,0,0,,,1,0,0,1,0,0,,,,,,0,,0,0,0,0,0,0,0
2211,5,11392,2021-03-23 02:00:00+00:00,11392,2021-03-23 02:00:00+00:00,1,0,,,0,,,0,0,,,1,0,0,1,0,0,,,,,,0,,0,0,0,0,0,0,0
2213,5,11395,2021-03-23 14:00:00+00:00,11397,2021-03-23 22:00:00+00:00,1,0,,,0,,,0,0,,,1,0,1,1,0,0,,,,,,0,,0,0,0,0,0,0,0
2215,5,11399,2021-03-24 06:00:00+00:00,11399,2021-03-24 06:00:00+00:00,1,0,,,0,,,0,0,,,1,0,0,1,0,0,,,,,,0,,0,0,0,0,0,0,0
2217,5,11404,2021-03-25 02:00:00+00:00,11405,2021-03-25 06:00:00+00:00,1,0,,,0,,,0,0,,,1,0,0,1,0,0,,,,,,0,,0,0,0,0,0,0,0
2219,5,11412,2021-03-26 10:00:00+00:00,11412,2021-03-26 10:00:00+00:00,1,0,,,0,,,0,0,,,1,0,0,1,0,0,,,,,,0,,0,0,0,0,0,0,0
2221,5,11418,2021-03-29 06:00:00+00:00,11418,2021-03-29 06:00:00+00:00,1,0,,,0,,,0,0,,,1,0,0,1,0,0,,,,,,0,,0,0,0,0,0,0,0
2223,5,11430,2021-03-31 06:00:00+00:00,11430,2021-03-31 06:00:00+00:00,1,0,,,0,,,0,0,,,1,0,0,1,0,0,,,,,,0,,0,0,0,0,0,0,0
2224,5,11439,2021-04-01 18:00:00+00:00,11439,2021-04-01 18:00:00+00:00,1,0,,,0,,,0,0,,,1,0,0,1,0,0,,,,,,0,,0,0,0,0,0,0,0
2225,5,11450,2021-04-05 10:00:00+00:00,11450,2021-04-05 10:00:00+00:00,1,0,,,0,,,0,0,,,1,0,0,1,0,0,,,,,,0,,0,0,0,0,0,0,0
2228,5,11457,2021-04-06 14:00:00+00:00,11457,2021-04-06 14:00:00+00:00,1,0,,,0,,,0,0,,,1,0,0,1,0,0,,,,,,0,,0,0,0,0,0,0,0
2230,5,11461,2021-04-07 06:00:00+00:00,11461,2021-04-07 06:00:00+00:00,1,0,,,0,,,0,0,,,1,0,0,1,0,0,,,,,,0,,0,0,0,0,0,0,0
2232,5,11481,2021-04-12 14:00:00+00:00,11481,2021-04-12 14:00:00+00:00,1,0,,,0,,,0,0,,,1,0,0,1,0,0,,,,,,0,,0,0,0,0,0,0,0
2234,5,11485,2021-04-13 06:00:00+00:00,11485,2021-04-13 06:00:00+00:00,1,0,,,0,,,0,0,,,1,0,1,1,0,0,,,,,,0,,0,0,0,0,0,0,0
2235,5,11487,2021-04-13 14:00:00+00:00,11487,2021-04-13 14:00:00+00:00,1,0,,,0,,,0,0,,,1,0,0,1,0,0,,,,,,0,,0,0,0,0,0,0,0
2239,5,11492,2021-04-14 10:00:00+00:00,11493,2021-04-14 14:00:00+00:00,1,0,,,0,,,0,0,,,1,0,0,1,0,0,,,,,,0,,0,0,0,0,0,0,0
2242,5,11515,2021-04-20 06:00:00+00:00,11516,2021-04-20 10:00:00+00:00,1,0,,,0,,,0,0,,,1,0,0,1,0,0,,,,,,0,,0,0,0,0,0,0,0
2245,5,11529,2021-05-24 10:00:00+00:00,11530,2021-05-24 14:00:00+00:00,1,0,,,0,,,0,0,,,1,0,0,1,0,0,,,,,,0,,0,0,0,0,0,0,0
2247,5,11533,2021-05-25 02:00:00+00:00,11535,2021-05-25 10:00:00+00:00,1,0,,,0,,,0,0,,,1,0,0,1,0,0,,,,,,0,,0,0,0,0,0,0,0
2248,5,11546,2021-05-27 06:00:00+00:00,11549,2021-05-27 18:00:00+00:00,1,0,,,0,,,0,0,,,0,0,1,1,0,0,,,,,,0,,0,0,0,0,0,0,0
2250,5,11551,2021-05-28 02:00:00+00:00,11552,2021-05-28 06:00:00+00:00,1,0,,,0,,,0,0,,,1,0,0,1,0,0,,,,,,0,,0,0,0,0,0,0,0
2251,5,11563,2021-06-01 02:00:00+00:00,11563,2021-06-01 02:00:00+00:00,1,0,,,0,,,0,0,,,1,0,0,1,0,0,,,,,,0,,0,0,0,0,0,0,0
2252,5,11572,2021-06-02 14:00:00+00:00,11574,2021-06-02 22:00:00+00:00,1,0,,,0,,,0,0,,,1,0,0,1,0,0,,,,,,0,,0,0,0,0,0,0,0
2255,5,11600,2021-06-09 06:00:00+00:00,11600,2021-06-09 06:00:00+00:00,1,0,,,0,,,0,0,,,1,0,0,1,0,0,,,,,,0,,0,0,0,0,0,0,0
2258,5,11624,2021-06-15 06:00:00+00:00,11625,2021-06-15 10:00:00+00:00,1,0,,,0,,,0,0,,,1,0,0,1,0,0,,,,,,0,,0,0,0,0,0,0,0
2259,5,11628,2021-06-15 22:00:00+00:00,11628,2021-06-15 22:00:00+00:00,1,0,,,0,,,0,0,,,1,0,0,1,0,0,,,,,,0,,0,0,0,0,0,0,0
2262,5,11652,2021-06-21 22:00:00+00:00,11652,2021-06-21 22:00:00+00:00,1,0,,,0,,,0,0,,,1,0,0,1,0,0,,,,,,0,,0,0,0,0,0,0,0
2263,5,11660,2021-06-23 06:00:00+00:00,11660,2021-06-23 06:00:00+00:00,1,0,,,0,,,0,0,,,1,0,0,1,0,0,,,,,,0,,0,0,0,0,0,0,0
2266,5,11672,2021-06-25 06:00:00+00:00,11672,2021-06-25 06:00:00+00:00,1,0,,,0,,,0,0,,,1,0,0,1,0,0,,,,,,0,,0,0,0,0,0,0,0
2267,5,11679,2021-06-28 10:00:00+00:00,11681,2021-06-28 18:00:00+00:00,1,0,,,0,,,0,0,,,1,0,1,1,0,0,,,,,,0,,0,0,0,0,0,0,0
2269,5,11683,2021-06-29 02:00:00+00:00,11683,2021-06-29 02:00:00+00:00,1,0,,,0,,,0,0,,,1,0,0,1,0,0,,,,,,0,,0,0,0,0,0,0,0
2270,5,11686,2021-06-29 14:00:00+00:00,11687,2021-06-29 18:00:00+00:00,1,0,,,0,,,0,0,,,1,0,0,1,0,0,,,,,,0,,0,0,0,0,0,0,0
2271,5,11690,2021-06-30 06:00:00+00:00,11691,2021-06-30 10:00:00+00:00,1,0,,,0,,,0,0,,,1,0,0,1,0,0,,,,,,0,,0,0,0,0,0,0,0
2274,5,11709,2021-07-05 10:00:00+00:00,11709,2021-07-05 10:00:00+00:00,1,0,,,0,,,0,0,,,1,0,0,1,0,0,,,,,,0,,0,0,0,0,0,0,0
2276,5,11722,2021-07-07 18:00:00+00:00,11724,2021-07-08 02:00:00+00:00,1,0,,,0,,,0,0,,,1,0,0,1,0,0,,,,,,0,,0,0,0,0,0,0,0
2278,5,11732,2021-07-09 10:00:00+00:00,11732,2021-07-09 10:00:00+00:00,1,0,,,0,,,0,0,,,1,0,1,1,0,0,,,,,,0,,0,0,0,0,0,0,0
2279,5,11734,2021-07-09 18:00:00+00:00,11737,2021-07-12 06:00:00+00:00,1,0,,,0,,,0,0,,,0,0,0,1,0,0,,,,,,0,,0,0,0,0,0,0,0
2283,5,11740,2021-07-12 18:00:00+00:00,11740,2021-07-12 18:00:00+00:00,1,0,,,0,,,0,0,,,1,0,1,1,0,0,,,,,,0,,0,0,0,0,0,0,0
2284,5,11742,2021-07-13 02:00:00+00:00,11742,2021-07-13 02:00:00+00:00,1,0,,,0,,,0,0,,,1,0,0,1,0,0,,,,,,0,,0,0,0,0,0,0,0
2286,5,11749,2021-07-14 06:00:00+00:00,11749,2021-07-14 06:00:00+00:00,1,0,,,0,,,0,0,,,1,0,0,1,0,0,,,,,,0,,0,0,0,0,0,0,0
2287,5,11752,2021-07-14 18:00:00+00:00,11752,2021-07-14 18:00:00+00:00,1,0,,,0,,,0,0,,,1,0,0,1,0,0,,,,,,0,,0,0,0,0,0,0,0
2288,5,11765,2021-07-18 22:00:00+00:00,11765,2021-07-18 22:00:00+00:00,1,0,,,0,,,0,0,,,1,0,0,1,0,0,,,,,,0,,0,0,0,0,0,0,0
2290,5,11777,2021-07-20 22:00:00+00:00,11777,2021-07-20 22:00:00+00:00,1,0,,,0,,,0,0,,,1,0,0,1,0,0,,,,,,0,,0,0,0,0,0,0,0
2291,5,11786,2021-07-22 10:00:00+00:00,11789,2021-07-22 22:00:00+00:00,1,0,,,0,,,0,0,,,0,0,0,1,0,0,,,,,,0,,0,0,0,0,0,0,0
2295,5,11811,2021-07-28 14:00:00+00:00,11811,2021-07-28 14:00:00+00:00,1,0,,,0,,,0,0,,,1,0,0,1,0,0,,,,,,0,,0,0,0,0,0,0,0
2296,5,11818,2021-07-29 18:00:00+00:00,11818,2021-07-29 18:00:00+00:00,1,0,,,0,,,0,0,,,1,0,0,1,0,0,,,,,,0,,0,0,0,0,0,0,0
2297,5,11821,2021-07-30 06:00:00+00:00,11821,2021-07-30 06:00:00+00:00,1,0,,,0,,,0,0,,,1,0,0,1,0,0,,,,,,0,,0,0,0,0,0,0,0
2299,5,11835,2021-08-03 14:00:00+00:00,11837,2021-08-03 22:00:00+00:00,1,0,,,0,,,0,0,,,1,0,0,1,0,0,,,,,,0,,0,0,0,0,0,0,0
2302,5,11872,2021-08-11 18:00:00+00:00,11872,2021-08-11 18:00:00+00:00,1,0,,,0,,,0,0,,,1,0,0,1,0,0,,,,,,0,,0,0,0,0,0,0,0
2303,5,11890,2021-08-16 18:00:00+00:00,11891,2021-08-16 22:00:00+00:00,1,0,,,0,,,0,0,,,1,0,0,1,0,0,,,,,,0,,0,0,0,0,0,0,0
2305,5,11894,2021-08-17 10:00:00+00:00,11894,2021-08-17 10:00:00+00:00,1,0,,,0,,,0,0,,,1,0,0,1,0,0,,,,,,0,,0,0,0,0,0,0,0
2306,5,11905,2021-08-19 06:00:00+00:00,11905,2021-08-19 06:00:00+00:00,1,0,,,0,,,0,0,,,1,0,0,1,0,0,,,,,,0,,0,0,0,0,0,0,0
2310,5,11911,2021-08-20 06:00:00+00:00,11914,2021-08-20 18:00:00+00:00,1,0,,,0,,,0,0,,,0,0,0,1,0,0,,,,,,0,,0,0,0,0,0,0,0
2312,5,11925,2021-08-24 14:00:00+00:00,11926,2021-08-24 18:00:00+00:00,1,0,,,0,,,0,0,,,1,0,0,1,0,0,,,,,,0,,0,0,0,0,0,0,0
2314,5,11935,2021-08-26 06:00:00+00:00,11935,2021-08-26 06:00:00+00:00,1,0,,,0,,,0,0,,,1,0,0,1,0,0,,,,,,0,,0,0,0,0,0,0,0
2316,5,11950,2021-08-30 18:00:00+00:00,11952,2021-08-31 02:00:00+00:00,1,0,,,0,,,0,0,,,1,0,0,1,0,0,,,,,,0,,0,0,0,0,0,0,0
2318,5,11980,2021-09-06 22:00:00+00:00,11980,2021-09-06 22:00:00+00:00,1,0,,,0,,,0,0,,,1,0,0,1,0,0,,,,,,0,,0,0,0,0,0,0,0
2322,5,12001,2021-09-10 10:00:00+00:00,12002,2021-09-10 14:00:00+00:00,1,0,,,0,,,0,0,,,1,0,0,1,0,0,,,,,,0,,0,0,0,0,0,0,0
2324,5,12007,2021-09-13 10:00:00+00:00,12007,2021-09-13 10:00:00+00:00,1,0,,,0,,,0,0,,,1,0,0,1,0,0,,,,,,0,,0,0,0,0,0,0,0
2325,5,12032,2021-09-17 14:00:00+00:00,12033,2021-09-17 18:00:00+00:00,1,0,,,0,,,0,0,,,1,0,0,1,0,0,,,,,,0,,0,0,0,0,0,0,0
2327,5,12042,2021-09-21 06:00:00+00:00,12042,2021-09-21 06:00:00+00:00,1,0,,,0,,,0,0,,,1,0,0,1,0,0,,,,,,0,,0,0,0,0,0,0,0
2328,5,12048,2021-09-22 06:00:00+00:00,12050,2021-09-22 14:00:00+00:00,1,0,,,0,,,0,0,,,1,0,0,1,0,0,,,,,,0,,0,0,0,0,0,0,0
2329,5,12067,2021-09-27 10:00:00+00:00,12067,2021-09-27 10:00:00+00:00,1,0,,,0,,,0,0,,,1,0,0,1,0,0,,,,,,0,,0,0,0,0,0,0,0
2331,5,12091,2021-10-01 10:00:00+00:00,12091,2021-10-01 10:00:00+00:00,1,0,,,0,,,0,0,,,1,0,0,1,0,0,,,,,,0,,0,0,0,0,0,0,0
2332,5,12094,2021-10-03 22:00:00+00:00,12094,2021-10-03 22:00:00+00:00,1,0,,,0,,,0,0,,,1,0,0,1,0,0,,,,,,0,,0,0,0,0,0,0,0
2334,5,12099,2021-10-04 18:00:00+00:00,12100,2021-10-04 22:00:00+00:00,1,0,,,0,,,0,0,,,1,0,0,1,0,0,,,,,,0,,0,0,0,0,0,0,0
2338,5,12119,2021-10-08 02:00:00+00:00,12119,2021-10-08 02:00:00+00:00,1,0,,,0,,,0,0,,,1,0,0,1,0,0,,,,,,0,,0,0,0,0,0,0,0
2339,5,12127,2021-10-11 10:00:00+00:00,12130,2021-10-11 22:00:00+00:00,1,0,,,0,,,0,0,,,0,0,0,1,0,0,,,,,,0,,0,0,0,0,0,0,0
2344,5,12157,2021-10-18 10:00:00+00:00,12159,2021-10-18 18:00:00+00:00,1,0,,,0,,,0,0,,,1,0,0,1,0,0,,,,,,0,,0,0,0,0,0,0,0
2346,5,12168,2021-10-20 06:00:00+00:00,12168,2021-10-20 06:00:00+00:00,1,0,,,0,,,0,0,,,1,0,0,1,0,0,,,,,,0,,0,0,0,0,0,0,0
2348,5,12172,2021-10-20 22:00:00+00:00,12172,2021-10-20 22:00:00+00:00,1,0,,,0,,,0,0,,,1,0,0,1,0,0,,,,,,0,,0,0,0,0,0,0,0
2353,5,12188,2021-10-25 14:00:00+00:00,12188,2021-10-25 14:00:00+00:00,1,0,,,0,,,0,0,,,1,0,0,1,0,0,,,,,,0,,0,0,0,0,0,0,0
2355,5,12198,2021-10-27 06:00:00+00:00,12202,2021-10-27 22:00:00+00:00,1,1,12202.0,2021-10-27 22:00:00+00:00,0,,,0,0,,,0,0,0,0,0,0,0.851019418180219,0.2125975831461886,0.6,3.0,1.0,1,0.18808355434185067,1,1,0,1,1,0,1
2359,5,12222,2021-11-02 06:00:00+00:00,12225,2021-11-02 18:00:00+00:00,1,0,,,0,,,0,0,,,0,0,0,1,0,0,,,,,,0,,0,0,0,0,0,0,0
2364,5,12240,2021-11-05 06:00:00+00:00,12240,2021-11-05 06:00:00+00:00,1,0,,,0,,,0,0,,,1,0,0,1,0,0,,,,,,0,,0,0,0,0,0,0,0
2365,5,12247,2021-11-08 07:00:00+00:00,12247,2021-11-08 07:00:00+00:00,1,0,,,0,,,0,0,,,1,0,0,1,0,0,,,,,,0,,0,0,0,0,0,0,0
2366,5,12255,2021-11-09 15:00:00+00:00,12257,2021-11-09 23:00:00+00:00,1,0,,,0,,,0,0,,,1,0,0,1,0,0,,,,,,0,,0,0,0,0,0,0,0
2368,5,12266,2021-11-11 11:00:00+00:00,12266,2021-11-11 11:00:00+00:00,1,0,,,0,,,0,0,,,1,0,0,1,0,0,,,,,,0,,0,0,0,0,0,0,0
2370,5,12272,2021-11-12 11:00:00+00:00,12272,2021-11-12 11:00:00+00:00,1,0,,,0,,,0,0,,,1,0,1,1,0,0,,,,,,0,,0,0,0,0,0,0,0
2372,5,12274,2021-11-12 19:00:00+00:00,12275,2021-11-14 23:00:00+00:00,1,0,,,0,,,0,0,,,1,0,1,1,0,0,,,,,,0,,0,0,0,0,0,0,0
2375,5,12277,2021-11-15 07:00:00+00:00,12277,2021-11-15 07:00:00+00:00,1,0,,,0,,,0,0,,,1,0,0,1,0,0,,,,,,0,,0,0,0,0,0,0,0
2379,5,12282,2021-11-16 03:00:00+00:00,12282,2021-11-16 03:00:00+00:00,1,0,,,0,,,0,0,,,1,0,0,1,0,0,,,,,,0,,0,0,0,0,0,0,0
2380,5,12296,2021-11-18 11:00:00+00:00,12297,2021-11-18 15:00:00+00:00,1,0,,,0,,,0,0,,,1,0,0,1,0,0,,,,,,0,,0,0,0,0,0,0,0
2385,5,12302,2021-11-19 11:00:00+00:00,12302,2021-11-19 11:00:00+00:00,1,0,,,0,,,0,0,,,1,0,0,1,0,0,,,,,,0,,0,0,0,0,0,0,0
2386,5,12321,2021-11-24 15:00:00+00:00,12324,2021-11-25 03:00:00+00:00,1,0,,,0,,,0,0,,,0,0,0,1,0,0,,,,,,0,,0,0,0,0,0,0,0
2389,5,12327,2021-11-25 15:00:00+00:00,12327,2021-11-25 15:00:00+00:00,1,0,,,0,,,0,0,,,1,0,0,1,0,0,,,,,,0,,0,0,0,0,0,0,0
2390,5,12340,2021-11-30 03:00:00+00:00,12340,2021-11-30 03:00:00+00:00,1,0,,,0,,,0,0,,,1,0,0,1,0,0,,,,,,0,,0,0,0,0,0,0,0
2392,5,12351,2021-12-01 23:00:00+00:00,12351,2021-12-01 23:00:00+00:00,1,0,,,0,,,0,0,,,1,0,0,1,0,0,,,,,,0,,0,0,0,0,0,0,0
2393,5,12356,2021-12-02 19:00:00+00:00,12356,2021-12-02 19:00:00+00:00,1,0,,,0,,,0,0,,,1,0,0,1,0,0,,,,,,0,,0,0,0,0,0,0,0
2396,5,12362,2021-12-03 19:00:00+00:00,12364,2021-12-06 03:00:00+00:00,1,0,,,0,,,0,0,,,1,0,0,1,0,0,,,,,,0,,0,0,0,0,0,0,0
2399,5,12367,2021-12-06 15:00:00+00:00,12371,2021-12-07 07:00:00+00:00,1,1,12371.0,2021-12-07 07:00:00+00:00,0,,,0,0,,,0,0,0,0,0,0,0.3384280851496297,0.8946502057613304,1.0,2.0,3.0,-1,0.4852182289285152,0,0,0,1,0,0,1
2403,5,12379,2021-12-08 15:00:00+00:00,12381,2021-12-08 23:00:00+00:00,1,0,,,0,,,0,0,,,1,0,1,1,0,0,,,,,,0,,0,0,0,0,0,0,0
2405,5,12383,2021-12-09 07:00:00+00:00,12383,2021-12-09 07:00:00+00:00,1,0,,,0,,,0,0,,,1,0,1,1,0,0,,,,,,0,,0,0,0,0,0,0,0
2406,5,12385,2021-12-09 15:00:00+00:00,12386,2021-12-09 19:00:00+00:00,1,0,,,0,,,0,0,,,1,0,0,1,0,0,,,,,,0,,0,0,0,0,0,0,0
2410,5,12389,2021-12-10 07:00:00+00:00,12389,2021-12-10 07:00:00+00:00,1,0,,,0,,,0,0,,,1,0,0,1,0,0,,,,,,0,,0,0,0,0,0,0,0
2415,5,12431,2021-12-21 07:00:00+00:00,12431,2021-12-21 07:00:00+00:00,1,0,,,0,,,0,0,,,1,0,0,1,0,0,,,,,,0,,0,0,0,0,0,0,0
2418,5,12503,2022-01-07 07:00:00+00:00,12503,2022-01-07 07:00:00+00:00,1,0,,,0,,,0,0,,,1,0,0,1,0,0,,,,,,0,,0,0,0,0,0,0,0
2419,5,12511,2022-01-10 15:00:00+00:00,12511,2022-01-10 15:00:00+00:00,1,0,,,0,,,0,0,,,1,0,0,1,0,0,,,,,,0,,0,0,0,0,0,0,0
2421,5,12516,2022-01-11 11:00:00+00:00,12516,2022-01-11 11:00:00+00:00,1,0,,,0,,,0,0,,,1,0,0,1,0,0,,,,,,0,,0,0,0,0,0,0,0
2422,5,12527,2022-01-13 07:00:00+00:00,12527,2022-01-13 07:00:00+00:00,1,0,,,0,,,0,0,,,1,0,0,1,0,0,,,,,,0,,0,0,0,0,0,0,0
2423,5,12534,2022-01-14 11:00:00+00:00,12534,2022-01-14 11:00:00+00:00,1,0,,,0,,,0,0,,,1,0,0,1,0,0,,,,,,0,,0,0,0,0,0,0,0
2426,5,12543,2022-01-17 23:00:00+00:00,12543,2022-01-17 23:00:00+00:00,1,0,,,0,,,0,0,,,1,0,0,1,0,0,,,,,,0,,0,0,0,0,0,0,0
2427,5,12551,2022-01-19 07:00:00+00:00,12551,2022-01-19 07:00:00+00:00,1,0,,,0,,,0,0,,,1,0,0,1,0,0,,,,,,0,,0,0,0,0,0,0,0
2428,5,12559,2022-01-20 15:00:00+00:00,12562,2022-01-21 03:00:00+00:00,1,1,12562.0,2022-01-21 03:00:00+00:00,1,12562.0,2022-01-21 03:00:00+00:00,1,0,12562.0,2022-01-21 03:00:00+00:00,0,0,0,0,0,1,0.5370550163222761,0.7220598469032651,0.4,0.0,2.0,-1,0.6266790643346155,0,0,0,0,0,0,0
2430,5,12566,2022-01-21 19:00:00+00:00,12567,2022-01-23 23:00:00+00:00,1,0,,,0,,,0,0,,,1,0,0,1,0,0,,,,,,0,,0,0,0,0,0,0,0
2436,5,12590,2022-01-27 19:00:00+00:00,12590,2022-01-27 19:00:00+00:00,1,0,,,0,,,0,0,,,1,0,0,1,0,0,,,,,,0,,0,0,0,0,0,0,0
2437,5,12595,2022-01-28 15:00:00+00:00,12596,2022-01-28 19:00:00+00:00,1,0,,,0,,,0,0,,,1,0,1,1,0,0,,,,,,0,,0,0,0,0,0,0,0
2439,5,12598,2022-01-31 03:00:00+00:00,12598,2022-01-31 03:00:00+00:00,1,0,,,0,,,0,0,,,1,0,0,1,0,0,,,,,,0,,0,0,0,0,0,0,0
2440,5,12601,2022-01-31 15:00:00+00:00,12602,2022-01-31 19:00:00+00:00,1,0,,,0,,,0,0,,,1,0,0,1,0,0,,,,,,0,,0,0,0,0,0,0,0
2444,5,12606,2022-02-01 11:00:00+00:00,12607,2022-02-01 15:00:00+00:00,1,0,,,0,,,0,0,,,1,0,0,1,0,0,,,,,,0,,0,0,0,0,0,0,0
2446,5,12610,2022-02-02 03:00:00+00:00,12610,2022-02-02 03:00:00+00:00,1,0,,,0,,,0,0,,,1,0,0,1,0,0,,,,,,0,,0,0,0,0,0,0,0
2449,5,12660,2022-02-14 11:00:00+00:00,12660,2022-02-14 11:00:00+00:00,1,0,,,0,,,0,0,,,1,0,0,1,0,0,,,,,,0,,0,0,0,0,0,0,0
2452,5,12683,2022-02-18 07:00:00+00:00,12686,2022-02-18 19:00:00+00:00,1,0,,,0,,,0,0,,,0,0,0,1,0,0,,,,,,0,,0,0,0,0,0,0,0
2454,5,12715,2022-02-25 15:00:00+00:00,12715,2022-02-25 15:00:00+00:00,1,0,,,0,,,0,0,,,1,0,0,1,0,0,,,,,,0,,0,0,0,0,0,0,0
2455,5,12722,2022-02-28 19:00:00+00:00,12723,2022-02-28 23:00:00+00:00,1,0,,,0,,,0,0,,,1,0,0,1,0,0,,,,,,0,,0,0,0,0,0,0,0
2462,5,12740,2022-03-03 19:00:00+00:00,12740,2022-03-03 19:00:00+00:00,1,0,,,0,,,0,0,,,1,0,0,1,0,0,,,,,,0,,0,0,0,0,0,0,0
2464,5,12750,2022-03-07 11:00:00+00:00,12750,2022-03-07 11:00:00+00:00,1,0,,,0,,,0,0,,,1,0,0,1,0,0,,,,,,0,,0,0,0,0,0,0,0
2466,5,12769,2022-03-10 15:00:00+00:00,12770,2022-03-10 19:00:00+00:00,1,0,,,0,,,0,0,,,1,0,1,1,0,0,,,,,,0,,0,0,0,0,0,0,0
2468,5,12772,2022-03-11 03:00:00+00:00,12773,2022-03-11 07:00:00+00:00,1,0,,,0,,,0,0,,,1,0,0,1,0,0,,,,,,0,,0,0,0,0,0,0,0
2469,5,12779,2022-03-14 03:00:00+00:00,12779,2022-03-14 03:00:00+00:00,1,0,,,0,,,0,0,,,1,0,0,1,0,0,,,,,,0,,0,0,0,0,0,0,0
2471,5,12782,2022-03-14 14:00:00+00:00,12782,2022-03-14 14:00:00+00:00,1,0,,,0,,,0,0,,,1,0,0,1,0,0,,,,,,0,,0,0,0,0,0,0,0
2473,5,12793,2022-03-16 10:00:00+00:00,12793,2022-03-16 10:00:00+00:00,1,0,,,0,,,0,0,,,1,0,0,1,0,0,,,,,,0,,0,0,0,0,0,0,0
2474,5,12808,2022-03-20 22:00:00+00:00,12809,2022-03-21 02:00:00+00:00,1,0,,,0,,,0,0,,,1,0,0,1,0,0,,,,,,0,,0,0,0,0,0,0,0
2478,5,12827,2022-03-24 02:00:00+00:00,12827,2022-03-24 02:00:00+00:00,1,0,,,0,,,0,0,,,1,0,0,1,0,0,,,,,,0,,0,0,0,0,0,0,0
2479,5,12831,2022-03-24 18:00:00+00:00,12831,2022-03-24 18:00:00+00:00,1,0,,,0,,,0,0,,,1,0,0,1,0,0,,,,,,0,,0,0,0,0,0,0,0
2482,5,12841,2022-03-28 10:00:00+00:00,12841,2022-03-28 10:00:00+00:00,1,0,,,0,,,0,0,,,1,0,0,1,0,0,,,,,,0,,0,0,0,0,0,0,0
2483,5,12870,2022-04-04 06:00:00+00:00,12870,2022-04-04 06:00:00+00:00,1,0,,,0,,,0,0,,,1,0,1,1,0,0,,,,,,0,,0,0,0,0,0,0,0
2485,5,12872,2022-04-04 14:00:00+00:00,12873,2022-04-04 18:00:00+00:00,1,0,,,0,,,0,0,,,1,0,1,1,0,0,,,,,,0,,0,0,0,0,0,0,0
2487,5,12875,2022-04-05 02:00:00+00:00,12875,2022-04-05 02:00:00+00:00,1,0,,,0,,,0,0,,,1,0,0,1,0,0,,,,,,0,,0,0,0,0,0,0,0
2490,5,12879,2022-04-05 18:00:00+00:00,12880,2022-04-05 22:00:00+00:00,1,0,,,0,,,0,0,,,1,0,0,1,0,0,,,,,,0,,0,0,0,0,0,0,0
2492,5,12883,2022-04-06 10:00:00+00:00,12886,2022-04-06 22:00:00+00:00,1,1,12886.0,2022-04-06 22:00:00+00:00,0,,,0,0,,,0,0,0,0,0,0,0.4384213920336403,0.8888888888888834,0.6,1.0,1.0,0,0.44252968201253706,0,0,0,1,0,0,1
2495,5,12913,2022-04-13 10:00:00+00:00,12913,2022-04-13 10:00:00+00:00,1,0,,,0,,,0,0,,,1,0,0,1,0,0,,,,,,0,,0,0,0,0,0,0,0
2496,5,12917,2022-04-14 02:00:00+00:00,12917,2022-04-14 02:00:00+00:00,1,0,,,0,,,0,0,,,1,0,0,1,0,0,,,,,,0,,0,0,0,0,0,0,0
2498,5,12920,2022-04-14 14:00:00+00:00,12921,2022-04-14 18:00:00+00:00,1,0,,,0,,,0,0,,,1,0,0,1,0,0,,,,,,0,,0,0,0,0,0,0,0
2501,5,12937,2022-04-20 10:00:00+00:00,12938,2022-04-20 14:00:00+00:00,1,0,,,0,,,0,0,,,1,0,0,1,0,0,,,,,,0,,0,0,0,0,0,0,0
2504,5,12945,2022-04-21 18:00:00+00:00,12947,2022-04-22 02:00:00+00:00,1,0,,,0,,,0,0,,,1,0,0,1,0,0,,,,,,0,,0,0,0,0,0,0,0
2507,5,12968,2022-04-27 14:00:00+00:00,12968,2022-04-27 14:00:00+00:00,1,0,,,0,,,0,0,,,1,0,0,1,0,0,,,,,,0,,0,0,0,0,0,0,0
2511,5,12997,2022-05-04 10:00:00+00:00,12998,2022-05-04 14:00:00+00:00,1,0,,,0,,,0,0,,,1,0,0,1,0,0,,,,,,0,,0,0,0,0,0,0,0
2512,5,13018,2022-05-09 22:00:00+00:00,13018,2022-05-09 22:00:00+00:00,1,0,,,0,,,0,0,,,1,0,1,1,0,0,,,,,,0,,0,0,0,0,0,0,0
2513,5,13020,2022-05-10 06:00:00+00:00,13021,2022-05-10 10:00:00+00:00,1,0,,,0,,,0,0,,,1,0,0,1,0,0,,,,,,0,,0,0,0,0,0,0,0
2515,5,13029,2022-05-11 18:00:00+00:00,13029,2022-05-11 18:00:00+00:00,1,0,,,0,,,0,0,,,1,0,0,1,0,0,,,,,,0,,0,0,0,0,0,0,0
2517,5,13057,2022-05-18 10:00:00+00:00,13057,2022-05-18 10:00:00+00:00,1,0,,,0,,,0,0,,,1,0,0,1,0,0,,,,,,0,,0,0,0,0,0,0,0
2519,5,13068,2022-05-20 06:00:00+00:00,13069,2022-05-20 10:00:00+00:00,1,0,,,0,,,0,0,,,1,0,0,1,0,0,,,,,,0,,0,0,0,0,0,0,0
2520,5,13077,2022-05-23 18:00:00+00:00,13077,2022-05-23 18:00:00+00:00,1,0,,,0,,,0,0,,,1,0,0,1,0,0,,,,,,0,,0,0,0,0,0,0,0
2523,5,13099,2022-05-27 10:00:00+00:00,13101,2022-05-27 18:00:00+00:00,1,0,,,0,,,0,0,,,1,0,0,1,0,0,,,,,,0,,0,0,0,0,0,0,0
2528,5,13107,2022-05-30 18:00:00+00:00,13107,2022-05-30 18:00:00+00:00,1,0,,,0,,,0,0,,,1,0,0,1,0,0,,,,,,0,,0,0,0,0,0,0,0
2529,5,13111,2022-05-31 10:00:00+00:00,13111,2022-05-31 10:00:00+00:00,1,0,,,0,,,0,0,,,1,0,0,1,0,0,,,,,,0,,0,0,0,0,0,0,0
2532,5,13118,2022-06-01 14:00:00+00:00,13120,2022-06-01 22:00:00+00:00,1,0,,,0,,,0,0,,,1,0,0,1,0,0,,,,,,0,,0,0,0,0,0,0,0
2534,5,13132,2022-06-05 22:00:00+00:00,13132,2022-06-05 22:00:00+00:00,1,0,,,0,,,0,0,,,1,0,0,1,0,0,,,,,,0,,0,0,0,0,0,0,0
2535,5,13135,2022-06-06 10:00:00+00:00,13135,2022-06-06 10:00:00+00:00,1,0,,,0,,,0,0,,,1,0,0,1,0,0,,,,,,0,,0,0,0,0,0,0,0
2537,5,13147,2022-06-08 10:00:00+00:00,13147,2022-06-08 10:00:00+00:00,1,0,,,0,,,0,0,,,1,0,0,1,0,0,,,,,,0,,0,0,0,0,0,0,0
2538,5,13192,2022-06-19 22:00:00+00:00,13192,2022-06-19 22:00:00+00:00,1,0,,,0,,,0,0,,,1,0,1,1,0,0,,,,,,0,,0,0,0,0,0,0,0
2540,5,13194,2022-06-20 06:00:00+00:00,13202,2022-06-21 14:00:00+00:00,1,1,13198.0,2022-06-20 22:00:00+00:00,1,13198.0,2022-06-20 22:00:00+00:00,1,0,13198.0,2022-06-20 22:00:00+00:00,0,0,0,0,0,1,0.262551088052705,0.6312433581296487,0.4,0.0,3.0,-1,0.6365935802123331,0,0,0,0,0,0,1
2551,5,13214,2022-06-23 14:00:00+00:00,13216,2022-06-23 22:00:00+00:00,1,0,,,0,,,0,0,,,1,0,0,1,0,0,,,,,,0,,0,0,0,0,0,0,0
2553,5,13227,2022-06-27 18:00:00+00:00,13228,2022-06-27 22:00:00+00:00,1,0,,,0,,,0,0,,,1,0,1,1,0,0,,,,,,0,,0,0,0,0,0,0,0
2555,5,13230,2022-06-28 06:00:00+00:00,13230,2022-06-28 06:00:00+00:00,1,0,,,0,,,0,0,,,1,0,0,1,0,0,,,,,,0,,0,0,0,0,0,0,0
2558,5,13235,2022-06-29 02:00:00+00:00,13235,2022-06-29 02:00:00+00:00,1,0,,,0,,,0,0,,,1,0,0,1,0,0,,,,,,0,,0,0,0,0,0,0,0
2559,5,13255,2022-07-04 10:00:00+00:00,13258,2022-07-04 22:00:00+00:00,1,1,13258.0,2022-07-04 22:00:00+00:00,0,,,0,0,,,0,0,0,0,1,0,0.3803621074477271,0.9948377581120991,0.4,1.0,0.0,1,0.4743187113321269,0,0,0,1,0,1,1
2561,5,13274,2022-07-07 14:00:00+00:00,13277,2022-07-08 02:00:00+00:00,1,1,13277.0,2022-07-08 02:00:00+00:00,0,,,0,0,,,0,0,0,0,0,0,0.4255122765388365,0.7787742899850402,0.4,0.0,3.0,-1,0.48227139093887894,0,0,0,1,0,0,1
2563,5,13285,2022-07-11 10:00:00+00:00,13287,2022-07-11 18:00:00+00:00,1,0,,,0,,,0,0,,,1,0,0,1,0,0,,,,,,0,,0,0,0,0,0,0,0
2564,5,13293,2022-07-12 18:00:00+00:00,13294,2022-07-12 22:00:00+00:00,1,0,,,0,,,0,0,,,1,0,0,1,0,0,,,,,,0,,0,0,0,0,0,0,0
2568,5,13307,2022-07-15 02:00:00+00:00,13307,2022-07-15 02:00:00+00:00,1,0,,,0,,,0,0,,,1,0,0,1,0,0,,,,,,0,,0,0,0,0,0,0,0
2576,5,13327,2022-07-20 10:00:00+00:00,13327,2022-07-20 10:00:00+00:00,1,0,,,0,,,0,0,,,1,0,0,1,0,0,,,,,,0,,0,0,0,0,0,0,0
2578,5,13339,2022-07-22 10:00:00+00:00,13340,2022-07-22 14:00:00+00:00,1,0,,,0,,,0,0,,,1,0,0,1,0,0,,,,,,0,,0,0,0,0,0,0,0
2580,5,13343,2022-07-25 02:00:00+00:00,13345,2022-07-25 10:00:00+00:00,1,0,,,0,,,0,0,,,1,0,1,1,0,0,,,,,,0,,0,0,0,0,0,0,0
2582,5,13347,2022-07-25 18:00:00+00:00,13348,2022-07-25 22:00:00+00:00,1,0,,,0,,,0,0,,,1,0,1,1,0,0,,,,,,0,,0,0,0,0,0,0,0
2584,5,13350,2022-07-26 06:00:00+00:00,13353,2022-07-26 18:00:00+00:00,1,0,,,0,,,0,0,,,0,0,1,1,0,0,,,,,,0,,0,0,0,0,0,0,0
2588,5,13355,2022-07-27 02:00:00+00:00,13355,2022-07-27 02:00:00+00:00,1,0,,,0,,,0,0,,,1,0,0,1,0,0,,,,,,0,,0,0,0,0,0,0,0
2590,5,13358,2022-07-27 14:00:00+00:00,13358,2022-07-27 14:00:00+00:00,1,0,,,0,,,0,0,,,1,0,0,1,0,0,,,,,,0,,0,0,0,0,0,0,0
2593,5,13371,2022-07-29 18:00:00+00:00,13372,2022-07-31 22:00:00+00:00,1,0,,,0,,,0,0,,,1,0,0,1,0,0,,,,,,0,,0,0,0,0,0,0,0
2596,5,13404,2022-08-08 06:00:00+00:00,13404,2022-08-08 06:00:00+00:00,1,0,,,0,,,0,0,,,1,0,0,1,0,0,,,,,,0,,0,0,0,0,0,0,0
2598,5,13424,2022-08-11 14:00:00+00:00,13427,2022-08-12 02:00:00+00:00,1,1,13427.0,2022-08-12 02:00:00+00:00,1,13427.0,2022-08-12 02:00:00+00:00,1,0,13427.0,2022-08-12 02:00:00+00:00,0,0,0,0,0,1,0.5423874121018485,0.5720309205903139,0.4,0.0,3.0,-1,0.6021621498827979,0,0,0,0,0,0,0
2600,5,13431,2022-08-12 18:00:00+00:00,13432,2022-08-14 22:00:00+00:00,1,0,,,0,,,0,0,,,1,0,0,1,0,0,,,,,,0,,0,0,0,0,0,0,0
2604,5,13442,2022-08-16 14:00:00+00:00,13443,2022-08-16 18:00:00+00:00,1,0,,,0,,,0,0,,,1,0,0,1,0,0,,,,,,0,,0,0,0,0,0,0,0
2606,5,13446,2022-08-17 06:00:00+00:00,13446,2022-08-17 06:00:00+00:00,1,0,,,0,,,0,0,,,1,0,0,1,0,0,,,,,,0,,0,0,0,0,0,0,0
2608,5,13461,2022-08-19 18:00:00+00:00,13462,2022-08-21 22:00:00+00:00,1,0,,,0,,,0,0,,,1,0,0,1,0,0,,,,,,0,,0,0,0,0,0,0,0
2609,5,13476,2022-08-24 06:00:00+00:00,13476,2022-08-24 06:00:00+00:00,1,0,,,0,,,0,0,,,1,0,0,1,0,0,,,,,,0,,0,0,0,0,0,0,0
2610,5,13483,2022-08-25 10:00:00+00:00,13483,2022-08-25 10:00:00+00:00,1,0,,,0,,,0,0,,,1,0,1,1,0,0,,,,,,0,,0,0,0,0,0,0,0
2611,5,13485,2022-08-25 18:00:00+00:00,13485,2022-08-25 18:00:00+00:00,1,0,,,0,,,0,0,,,1,0,0,1,0,0,,,,,,0,,0,0,0,0,0,0,0
2614,5,13501,2022-08-30 10:00:00+00:00,13501,2022-08-30 10:00:00+00:00,1,0,,,0,,,0,0,,,1,0,0,1,0,0,,,,,,0,,0,0,0,0,0,0,0
2615,5,13507,2022-08-31 10:00:00+00:00,13508,2022-08-31 14:00:00+00:00,1,0,,,0,,,0,0,,,1,0,0,1,0,0,,,,,,0,,0,0,0,0,0,0,0
2616,5,13525,2022-09-05 10:00:00+00:00,13527,2022-09-05 18:00:00+00:00,1,0,,,0,,,0,0,,,1,0,0,1,0,0,,,,,,0,,0,0,0,0,0,0,0
2617,5,13537,2022-09-07 10:00:00+00:00,13537,2022-09-07 10:00:00+00:00,1,0,,,0,,,0,0,,,1,0,0,1,0,0,,,,,,0,,0,0,0,0,0,0,0
2618,5,13551,2022-09-09 18:00:00+00:00,13552,2022-09-11 22:00:00+00:00,1,0,,,0,,,0,0,,,1,0,0,1,0,0,,,,,,0,,0,0,0,0,0,0,0
2620,5,13556,2022-09-12 14:00:00+00:00,13557,2022-09-12 18:00:00+00:00,1,0,,,0,,,0,0,,,1,0,1,1,0,0,,,,,,0,,0,0,0,0,0,0,0
2623,5,13559,2022-09-13 02:00:00+00:00,13559,2022-09-13 02:00:00+00:00,1,0,,,0,,,0,0,,,1,0,0,1,0,0,,,,,,0,,0,0,0,0,0,0,0
2624,5,13567,2022-09-14 10:00:00+00:00,13568,2022-09-14 14:00:00+00:00,1,0,,,0,,,0,0,,,1,0,1,1,0,0,,,,,,0,,0,0,0,0,0,0,0
2625,5,13570,2022-09-14 22:00:00+00:00,13570,2022-09-14 22:00:00+00:00,1,0,,,0,,,0,0,,,1,0,0,1,0,0,,,,,,0,,0,0,0,0,0,0,0
2628,5,13587,2022-09-19 18:00:00+00:00,13587,2022-09-19 18:00:00+00:00,1,0,,,0,,,0,0,,,1,0,0,1,0,0,,,,,,0,,0,0,0,0,0,0,0
2631,5,13592,2022-09-20 14:00:00+00:00,13592,2022-09-20 14:00:00+00:00,1,0,,,0,,,0,0,,,1,0,0,1,0,0,,,,,,0,,0,0,0,0,0,0,0
2634,5,13617,2022-09-26 18:00:00+00:00,13617,2022-09-26 18:00:00+00:00,1,0,,,0,,,0,0,,,1,0,0,1,0,0,,,,,,0,,0,0,0,0,0,0,0
2637,5,13623,2022-09-27 18:00:00+00:00,13623,2022-09-27 18:00:00+00:00,1,0,,,0,,,0,0,,,1,0,0,1,0,0,,,,,,0,,0,0,0,0,0,0,0
2639,5,13632,2022-09-29 06:00:00+00:00,13632,2022-09-29 06:00:00+00:00,1,0,,,0,,,0,0,,,1,0,0,1,0,0,,,,,,0,,0,0,0,0,0,0,0
2641,5,13640,2022-09-30 14:00:00+00:00,13642,2022-10-02 22:00:00+00:00,1,0,,,0,,,0,0,,,1,0,0,1,0,0,,,,,,0,,0,0,0,0,0,0,0
2647,5,13668,2022-10-07 06:00:00+00:00,13668,2022-10-07 06:00:00+00:00,1,0,,,0,,,0,0,,,1,0,0,1,0,0,,,,,,0,,0,0,0,0,0,0,0
2650,5,13692,2022-10-13 06:00:00+00:00,13692,2022-10-13 06:00:00+00:00,1,0,,,0,,,0,0,,,1,0,0,1,0,0,,,,,,0,,0,0,0,0,0,0,0
2651,5,13699,2022-10-14 10:00:00+00:00,13699,2022-10-14 10:00:00+00:00,1,0,,,0,,,0,0,,,1,0,0,1,0,0,,,,,,0,,0,0,0,0,0,0,0
2654,5,13722,2022-10-20 06:00:00+00:00,13722,2022-10-20 06:00:00+00:00,1,0,,,0,,,0,0,,,1,0,0,1,0,0,,,,,,0,,0,0,0,0,0,0,0
2655,5,13737,2022-10-24 18:00:00+00:00,13737,2022-10-24 18:00:00+00:00,1,0,,,0,,,0,0,,,1,0,1,1,0,0,,,,,,0,,0,0,0,0,0,0,0
2656,5,13739,2022-10-25 02:00:00+00:00,13739,2022-10-25 02:00:00+00:00,1,0,,,0,,,0,0,,,1,0,0,1,0,0,,,,,,0,,0,0,0,0,0,0,0
2658,5,13742,2022-10-25 14:00:00+00:00,13744,2022-10-25 22:00:00+00:00,1,0,,,0,,,0,0,,,1,0,0,1,0,0,,,,,,0,,0,0,0,0,0,0,0
2660,5,13751,2022-10-27 02:00:00+00:00,13751,2022-10-27 02:00:00+00:00,1,0,,,0,,,0,0,,,1,0,0,1,0,0,,,,,,0,,0,0,0,0,0,0,0
2661,5,13766,2022-10-31 14:00:00+00:00,13766,2022-10-31 14:00:00+00:00,1,0,,,0,,,0,0,,,1,0,0,1,0,0,,,,,,0,,0,0,0,0,0,0,0
2663,5,13769,2022-11-01 02:00:00+00:00,13769,2022-11-01 02:00:00+00:00,1,0,,,0,,,0,0,,,1,0,0,1,0,0,,,,,,0,,0,0,0,0,0,0,0
2667,5,13808,2022-11-09 11:00:00+00:00,13808,2022-11-09 11:00:00+00:00,1,0,,,0,,,0,0,,,1,0,0,1,0,0,,,,,,0,,0,0,0,0,0,0,0
2668,5,13828,2022-11-14 19:00:00+00:00,13829,2022-11-14 23:00:00+00:00,1,0,,,0,,,0,0,,,1,0,0,1,0,0,,,,,,0,,0,0,0,0,0,0,0
2670,5,13836,2022-11-16 03:00:00+00:00,13840,2022-11-16 19:00:00+00:00,1,1,13840.0,2022-11-16 19:00:00+00:00,0,,,0,0,,,0,0,0,0,0,0,0.6584456980119378,0.4851160158460792,0.6,1.0,2.0,-1,0.3016667287365157,1,0,0,1,0,0,1
2678,5,13863,2022-11-22 15:00:00+00:00,13865,2022-11-22 23:00:00+00:00,1,0,,,0,,,0,0,,,1,0,1,1,0,0,,,,,,0,,0,0,0,0,0,0,0
2680,5,13867,2022-11-23 07:00:00+00:00,13867,2022-11-23 07:00:00+00:00,1,0,,,0,,,0,0,,,1,0,0,1,0,0,,,,,,0,,0,0,0,0,0,0,0
2682,5,13876,2022-11-24 19:00:00+00:00,13877,2022-11-24 23:00:00+00:00,1,0,,,0,,,0,0,,,1,0,0,1,0,0,,,,,,0,,0,0,0,0,0,0,0
2683,5,13883,2022-11-28 03:00:00+00:00,13883,2022-11-28 03:00:00+00:00,1,0,,,0,,,0,0,,,1,0,1,1,0,0,,,,,,0,,0,0,0,0,0,0,0
2684,5,13885,2022-11-28 11:00:00+00:00,13885,2022-11-28 11:00:00+00:00,1,0,,,0,,,0,0,,,1,0,1,1,0,0,,,,,,0,,0,0,0,0,0,0,0
2687,5,13887,2022-11-28 19:00:00+00:00,13888,2022-11-28 23:00:00+00:00,1,0,,,0,,,0,0,,,1,0,0,1,0,0,,,,,,0,,0,0,0,0,0,0,0
2691,5,13891,2022-11-29 11:00:00+00:00,13891,2022-11-29 11:00:00+00:00,1,0,,,0,,,0,0,,,1,0,0,1,0,0,,,,,,0,,0,0,0,0,0,0,0
2693,5,13894,2022-11-29 23:00:00+00:00,13895,2022-11-30 03:00:00+00:00,1,0,,,0,,,0,0,,,1,0,0,1,0,0,,,,,,0,,0,0,0,0,0,0,0
2696,5,13924,2022-12-07 07:00:00+00:00,13924,2022-12-07 07:00:00+00:00,1,0,,,0,,,0,0,,,1,0,0,1,0,0,,,,,,0,,0,0,0,0,0,0,0
2697,5,13927,2022-12-07 19:00:00+00:00,13928,2022-12-07 23:00:00+00:00,1,0,,,0,,,0,0,,,1,0,0,1,0,0,,,,,,0,,0,0,0,0,0,0,0
2700,5,13934,2022-12-08 23:00:00+00:00,13934,2022-12-08 23:00:00+00:00,1,0,,,0,,,0,0,,,1,0,1,1,0,0,,,,,,0,,0,0,0,0,0,0,0
2702,5,13936,2022-12-09 07:00:00+00:00,13936,2022-12-09 07:00:00+00:00,1,0,,,0,,,0,0,,,1,0,1,1,0,0,,,,,,0,,0,0,0,0,0,0,0
2703,5,13938,2022-12-09 15:00:00+00:00,13940,2022-12-11 23:00:00+00:00,1,0,,,0,,,0,0,,,1,0,0,1,0,0,,,,,,0,,0,0,0,0,0,0,0
2710,5,13965,2022-12-16 03:00:00+00:00,13966,2022-12-16 07:00:00+00:00,1,0,,,0,,,0,0,,,1,0,1,1,0,0,,,,,,0,,0,0,0,0,0,0,0
2712,5,13968,2022-12-16 15:00:00+00:00,13968,2022-12-16 15:00:00+00:00,1,0,,,0,,,0,0,,,1,0,0,1,0,0,,,,,,0,,0,0,0,0,0,0,0
2715,5,13977,2022-12-20 03:00:00+00:00,13977,2022-12-20 03:00:00+00:00,1,0,,,0,,,0,0,,,1,0,0,1,0,0,,,,,,0,,0,0,0,0,0,0,0
2716,5,13984,2022-12-21 07:00:00+00:00,13985,2022-12-21 11:00:00+00:00,1,0,,,0,,,0,0,,,1,0,0,1,0,0,,,,,,0,,0,0,0,0,0,0,0
2718,5,14017,2022-12-29 19:00:00+00:00,14017,2022-12-29 19:00:00+00:00,1,0,,,0,,,0,0,,,1,0,0,1,0,0,,,,,,0,,0,0,0,0,0,0,0
2719,5,14022,2022-12-30 15:00:00+00:00,14023,2022-12-30 19:00:00+00:00,1,0,,,0,,,0,0,,,1,0,0,1,0,0,,,,,,0,,0,0,0,0,0,0,0
2722,5,14051,2023-01-09 11:00:00+00:00,14054,2023-01-09 23:00:00+00:00,1,0,,,0,,,0,0,,,0,0,0,1,0,0,,,,,,0,,0,0,0,0,0,0,0
2725,5,14059,2023-01-10 19:00:00+00:00,14060,2023-01-10 23:00:00+00:00,1,0,,,0,,,0,0,,,1,0,0,1,0,0,,,,,,0,,0,0,0,0,0,0,0
2726,5,14063,2023-01-11 11:00:00+00:00,14063,2023-01-11 11:00:00+00:00,1,0,,,0,,,0,0,,,1,0,0,1,0,0,,,,,,0,,0,0,0,0,0,0,0
2730,5,14081,2023-01-16 11:00:00+00:00,14081,2023-01-16 11:00:00+00:00,1,0,,,0,,,0,0,,,1,0,0,1,0,0,,,,,,0,,0,0,0,0,0,0,0
2731,5,14084,2023-01-16 23:00:00+00:00,14084,2023-01-16 23:00:00+00:00,1,0,,,0,,,0,0,,,1,0,0,1,0,0,,,,,,0,,0,0,0,0,0,0,0
2735,5,14089,2023-01-17 19:00:00+00:00,14089,2023-01-17 19:00:00+00:00,1,0,,,0,,,0,0,,,1,0,0,1,0,0,,,,,,0,,0,0,0,0,0,0,0
2740,5,14113,2023-01-23 19:00:00+00:00,14113,2023-01-23 19:00:00+00:00,1,0,,,0,,,0,0,,,1,0,0,1,0,0,,,,,,0,,0,0,0,0,0,0,0
2745,5,14134,2023-01-27 07:00:00+00:00,14134,2023-01-27 07:00:00+00:00,1,0,,,0,,,0,0,,,1,0,0,1,0,0,,,,,,0,,0,0,0,0,0,0,0
2748,5,14144,2023-01-30 23:00:00+00:00,14144,2023-01-30 23:00:00+00:00,1,0,,,0,,,0,0,,,1,0,0,1,0,0,,,,,,0,,0,0,0,0,0,0,0
2749,5,14147,2023-01-31 11:00:00+00:00,14147,2023-01-31 11:00:00+00:00,1,0,,,0,,,0,0,,,1,0,1,1,0,0,,,,,,0,,0,0,0,0,0,0,0
2751,5,14149,2023-01-31 19:00:00+00:00,14149,2023-01-31 19:00:00+00:00,1,0,,,0,,,0,0,,,1,0,0,1,0,0,,,,,,0,,0,0,0,0,0,0,0
2752,5,14170,2023-02-06 07:00:00+00:00,14170,2023-02-06 07:00:00+00:00,1,0,,,0,,,0,0,,,1,0,0,1,0,0,,,,,,0,,0,0,0,0,0,0,0
2754,5,14177,2023-02-07 11:00:00+00:00,14177,2023-02-07 11:00:00+00:00,1,0,,,0,,,0,0,,,1,0,0,1,0,0,,,,,,0,,0,0,0,0,0,0,0
2761,5,14199,2023-02-13 03:00:00+00:00,14203,2023-02-13 19:00:00+00:00,1,0,,,0,,,0,0,,,0,0,0,1,0,0,,,,,,0,,0,0,0,0,0,0,0
2763,5,14206,2023-02-14 07:00:00+00:00,14206,2023-02-14 07:00:00+00:00,1,0,,,0,,,0,0,,,1,0,0,1,0,0,,,,,,0,,0,0,0,0,0,0,0
2765,5,14217,2023-02-16 03:00:00+00:00,14217,2023-02-16 03:00:00+00:00,1,0,,,0,,,0,0,,,1,0,0,1,0,0,,,,,,0,,0,0,0,0,0,0,0
2766,5,14220,2023-02-16 15:00:00+00:00,14221,2023-02-16 19:00:00+00:00,1,0,,,0,,,0,0,,,1,0,0,1,0,0,,,,,,0,,0,0,0,0,0,0,0
2769,5,14237,2023-02-21 11:00:00+00:00,14238,2023-02-21 15:00:00+00:00,1,0,,,0,,,0,0,,,1,0,0,1,0,0,,,,,,0,,0,0,0,0,0,0,0
2773,5,14242,2023-02-22 07:00:00+00:00,14242,2023-02-22 07:00:00+00:00,1,0,,,0,,,0,0,,,1,0,0,1,0,0,,,,,,0,,0,0,0,0,0,0,0
2776,5,14250,2023-02-23 15:00:00+00:00,14251,2023-02-23 19:00:00+00:00,1,0,,,0,,,0,0,,,1,0,0,1,0,0,,,,,,0,,0,0,0,0,0,0,0
2778,5,14254,2023-02-24 07:00:00+00:00,14254,2023-02-24 07:00:00+00:00,1,0,,,0,,,0,0,,,1,0,0,1,0,0,,,,,,0,,0,0,0,0,0,0,0
2781,5,14263,2023-02-27 19:00:00+00:00,14263,2023-02-27 19:00:00+00:00,1,0,,,0,,,0,0,,,1,0,0,1,0,0,,,,,,0,,0,0,0,0,0,0,0
2783,5,14276,2023-03-01 23:00:00+00:00,14276,2023-03-01 23:00:00+00:00,1,0,,,0,,,0,0,,,1,0,0,1,0,0,,,,,,0,,0,0,0,0,0,0,0
2784,5,14279,2023-03-02 11:00:00+00:00,14281,2023-03-02 19:00:00+00:00,1,0,,,0,,,0,0,,,1,0,0,1,0,0,,,,,,0,,0,0,0,0,0,0,0
2788,5,14295,2023-03-07 03:00:00+00:00,14295,2023-03-07 03:00:00+00:00,1,0,,,0,,,0,0,,,1,0,0,1,0,0,,,,,,0,,0,0,0,0,0,0,0
2790,5,14341,2023-03-16 14:00:00+00:00,14341,2023-03-16 14:00:00+00:00,1,0,,,0,,,0,0,,,1,0,1,1,0,0,,,,,,0,,0,0,0,0,0,0,0
2791,5,14343,2023-03-16 22:00:00+00:00,14343,2023-03-16 22:00:00+00:00,1,0,,,0,,,0,0,,,1,0,0,1,0,0,,,,,,0,,0,0,0,0,0,0,0
2793,5,14364,2023-03-22 10:00:00+00:00,14364,2023-03-22 10:00:00+00:00,1,0,,,0,,,0,0,,,1,0,0,1,0,0,,,,,,0,,0,0,0,0,0,0,0
2795,5,14383,2023-03-27 14:00:00+00:00,14383,2023-03-27 14:00:00+00:00,1,0,,,0,,,0,0,,,1,0,0,1,0,0,,,,,,0,,0,0,0,0,0,0,0
2797,5,14386,2023-03-28 02:00:00+00:00,14386,2023-03-28 02:00:00+00:00,1,0,,,0,,,0,0,,,1,0,0,1,0,0,,,,,,0,,0,0,0,0,0,0,0
2799,5,14393,2023-03-29 06:00:00+00:00,14393,2023-03-29 06:00:00+00:00,1,0,,,0,,,0,0,,,1,0,0,1,0,0,,,,,,0,,0,0,0,0,0,0,0
2800,5,14396,2023-03-29 18:00:00+00:00,14396,2023-03-29 18:00:00+00:00,1,0,,,0,,,0,0,,,1,0,0,1,0,0,,,,,,0,,0,0,0,0,0,0,0
2804,5,14404,2023-03-31 02:00:00+00:00,14404,2023-03-31 02:00:00+00:00,1,0,,,0,,,0,0,,,1,0,0,1,0,0,,,,,,0,,0,0,0,0,0,0,0
2805,5,14428,2023-04-06 02:00:00+00:00,14428,2023-04-06 02:00:00+00:00,1,0,,,0,,,0,0,,,1,0,0,1,0,0,,,,,,0,,0,0,0,0,0,0,0
2807,5,14431,2023-04-06 14:00:00+00:00,14432,2023-04-06 18:00:00+00:00,1,0,,,0,,,0,0,,,1,0,0,1,0,0,,,,,,0,,0,0,0,0,0,0,0
2811,5,14459,2023-04-14 06:00:00+00:00,14459,2023-04-14 06:00:00+00:00,1,0,,,0,,,0,0,,,1,0,0,1,0,0,,,,,,0,,0,0,0,0,0,0,0
2813,5,14472,2023-04-18 10:00:00+00:00,14472,2023-04-18 10:00:00+00:00,1,0,,,0,,,0,0,,,1,0,0,1,0,0,,,,,,0,,0,0,0,0,0,0,0
2814,5,14485,2023-04-20 14:00:00+00:00,14486,2023-04-20 18:00:00+00:00,1,0,,,0,,,0,0,,,1,0,0,1,0,0,,,,,,0,,0,0,0,0,0,0,0
2816,5,14491,2023-04-21 14:00:00+00:00,14491,2023-04-21 14:00:00+00:00,1,0,,,0,,,0,0,,,1,0,1,1,0,0,,,,,,0,,0,0,0,0,0,0,0
2817,5,14493,2023-04-23 22:00:00+00:00,14493,2023-04-23 22:00:00+00:00,1,0,,,0,,,0,0,,,1,0,0,1,0,0,,,,,,0,,0,0,0,0,0,0,0
2821,5,14513,2023-04-27 06:00:00+00:00,14513,2023-04-27 06:00:00+00:00,1,0,,,0,,,0,0,,,1,0,0,1,0,0,,,,,,0,,0,0,0,0,0,0,0
2822,5,14519,2023-04-28 06:00:00+00:00,14519,2023-04-28 06:00:00+00:00,1,0,,,0,,,0,0,,,1,0,0,1,0,0,,,,,,0,,0,0,0,0,0,0,0
2825,5,14556,2023-05-08 10:00:00+00:00,14556,2023-05-08 10:00:00+00:00,1,0,,,0,,,0,0,,,1,0,0,1,0,0,,,,,,0,,0,0,0,0,0,0,0
2826,5,14560,2023-05-09 02:00:00+00:00,14561,2023-05-09 06:00:00+00:00,1,0,,,0,,,0,0,,,1,0,0,1,0,0,,,,,,0,,0,0,0,0,0,0,0
2828,5,14564,2023-05-09 18:00:00+00:00,14566,2023-05-10 02:00:00+00:00,1,0,,,0,,,0,0,,,1,0,0,1,0,0,,,,,,0,,0,0,0,0,0,0,0
2832,5,14573,2023-05-11 06:00:00+00:00,14573,2023-05-11 06:00:00+00:00,1,0,,,0,,,0,0,,,1,0,0,1,0,0,,,,,,0,,0,0,0,0,0,0,0
2833,5,14581,2023-05-12 14:00:00+00:00,14583,2023-05-14 22:00:00+00:00,1,0,,,0,,,0,0,,,1,0,1,1,0,0,,,,,,0,,0,0,0,0,0,0,0
2835,5,14585,2023-05-15 06:00:00+00:00,14585,2023-05-15 06:00:00+00:00,1,0,,,0,,,0,0,,,1,0,0,1,0,0,,,,,,0,,0,0,0,0,0,0,0
2837,5,14588,2023-05-15 18:00:00+00:00,14588,2023-05-15 18:00:00+00:00,1,0,,,0,,,0,0,,,1,0,0,1,0,0,,,,,,0,,0,0,0,0,0,0,0
2840,5,14592,2023-05-16 10:00:00+00:00,14592,2023-05-16 10:00:00+00:00,1,0,,,0,,,0,0,,,1,0,0,1,0,0,,,,,,0,,0,0,0,0,0,0,0
2842,5,14599,2023-05-17 14:00:00+00:00,14599,2023-05-17 14:00:00+00:00,1,0,,,0,,,0,0,,,1,0,0,1,0,0,,,,,,0,,0,0,0,0,0,0,0
2844,5,14610,2023-05-19 10:00:00+00:00,14610,2023-05-19 10:00:00+00:00,1,0,,,0,,,0,0,,,1,0,1,1,0,0,,,,,,0,,0,0,0,0,0,0,0
2845,5,14612,2023-05-19 18:00:00+00:00,14614,2023-05-22 02:00:00+00:00,1,0,,,0,,,0,0,,,1,0,1,1,0,0,,,,,,0,,0,0,0,0,0,0,0
2847,5,14616,2023-05-22 10:00:00+00:00,14618,2023-05-22 18:00:00+00:00,1,0,,,0,,,0,0,,,1,0,0,1,0,0,,,,,,0,,0,0,0,0,0,0,0
2851,5,14623,2023-05-23 14:00:00+00:00,14623,2023-05-23 14:00:00+00:00,1,0,,,0,,,0,0,,,1,0,0,1,0,0,,,,,,0,,0,0,0,0,0,0,0
2854,5,14636,2023-05-25 18:00:00+00:00,14636,2023-05-25 18:00:00+00:00,1,0,,,0,,,0,0,,,1,0,0,1,0,0,,,,,,0,,0,0,0,0,0,0,0
2855,5,14646,2023-05-29 10:00:00+00:00,14649,2023-05-29 22:00:00+00:00,1,0,,,0,,,0,0,,,0,0,0,1,0,0,,,,,,0,,0,0,0,0,0,0,0
2858,5,14659,2023-05-31 14:00:00+00:00,14661,2023-05-31 22:00:00+00:00,1,0,,,0,,,0,0,,,1,0,0,1,0,0,,,,,,0,,0,0,0,0,0,0,0
2861,5,14707,2023-06-12 14:00:00+00:00,14709,2023-06-12 22:00:00+00:00,1,0,,,0,,,0,0,,,1,0,0,1,0,0,,,,,,0,,0,0,0,0,0,0,0
2864,5,14731,2023-06-16 14:00:00+00:00,14732,2023-06-16 18:00:00+00:00,1,0,,,0,,,0,0,,,1,0,0,1,0,0,,,,,,0,,0,0,0,0,0,0,0
2865,5,14740,2023-06-20 02:00:00+00:00,14740,2023-06-20 02:00:00+00:00,1,0,,,0,,,0,0,,,1,0,0,1,0,0,,,,,,0,,0,0,0,0,0,0,0
2867,5,14747,2023-06-21 06:00:00+00:00,14747,2023-06-21 06:00:00+00:00,1,0,,,0,,,0,0,,,1,0,0,1,0,0,,,,,,0,,0,0,0,0,0,0,0
2869,5,14765,2023-06-26 06:00:00+00:00,14765,2023-06-26 06:00:00+00:00,1,0,,,0,,,0,0,,,1,0,1,1,0,0,,,,,,0,,0,0,0,0,0,0,0
2870,5,14767,2023-06-26 14:00:00+00:00,14769,2023-06-26 22:00:00+00:00,1,0,,,0,,,0,0,,,1,0,1,1,0,0,,,,,,0,,0,0,0,0,0,0,0
2873,5,14771,2023-06-27 06:00:00+00:00,14772,2023-06-27 10:00:00+00:00,1,0,,,0,,,0,0,,,1,0,1,1,0,0,,,,,,0,,0,0,0,0,0,0,0
2875,5,14774,2023-06-27 18:00:00+00:00,14775,2023-06-27 22:00:00+00:00,1,0,,,0,,,0,0,,,1,0,0,1,0,0,,,,,,0,,0,0,0,0,0,0,0
2878,5,14782,2023-06-29 02:00:00+00:00,14783,2023-06-29 06:00:00+00:00,1,0,,,0,,,0,0,,,1,0,0,1,0,0,,,,,,0,,0,0,0,0,0,0,0
2879,5,14802,2023-07-04 10:00:00+00:00,14803,2023-07-04 14:00:00+00:00,1,0,,,0,,,0,0,,,1,0,0,1,0,0,,,,,,0,,0,0,0,0,0,0,0
2881,5,14833,2023-07-11 14:00:00+00:00,14833,2023-07-11 14:00:00+00:00,1,0,,,0,,,0,0,,,1,0,1,1,0,0,,,,,,0,,0,0,0,0,0,0,0
2882,5,14835,2023-07-11 22:00:00+00:00,14837,2023-07-12 06:00:00+00:00,1,0,,,0,,,0,0,,,1,0,0,1,0,0,,,,,,0,,0,0,0,0,0,0,0
2883,5,14849,2023-07-14 06:00:00+00:00,14850,2023-07-14 10:00:00+00:00,1,0,,,0,,,0,0,,,1,0,0,1,0,0,,,,,,0,,0,0,0,0,0,0,0
2884,5,14853,2023-07-16 22:00:00+00:00,14855,2023-07-17 06:00:00+00:00,1,0,,,0,,,0,0,,,1,0,0,1,0,0,,,,,,0,,0,0,0,0,0,0,0
2888,5,14885,2023-07-24 06:00:00+00:00,14885,2023-07-24 06:00:00+00:00,1,0,,,0,,,0,0,,,1,0,0,1,0,0,,,,,,0,,0,0,0,0,0,0,0
2892,5,14891,2023-07-25 06:00:00+00:00,14892,2023-07-25 10:00:00+00:00,1,0,,,0,,,0,0,,,1,0,1,1,0,0,,,,,,0,,0,0,0,0,0,0,0
2895,5,14894,2023-07-25 18:00:00+00:00,14895,2023-07-25 22:00:00+00:00,1,0,,,0,,,0,0,,,1,0,0,1,0,0,,,,,,0,,0,0,0,0,0,0,0
2897,5,14899,2023-07-26 14:00:00+00:00,14901,2023-07-26 22:00:00+00:00,1,0,,,0,,,0,0,,,1,0,1,1,0,0,,,,,,0,,0,0,0,0,0,0,0
2898,5,14903,2023-07-27 06:00:00+00:00,14903,2023-07-27 06:00:00+00:00,1,0,,,0,,,0,0,,,1,0,0,1,0,0,,,,,,0,,0,0,0,0,0,0,0
2903,5,14935,2023-08-03 14:00:00+00:00,14936,2023-08-03 18:00:00+00:00,1,0,,,0,,,0,0,,,1,0,0,1,0,0,,,,,,0,,0,0,0,0,0,0,0
2904,5,14939,2023-08-04 06:00:00+00:00,14939,2023-08-04 06:00:00+00:00,1,0,,,0,,,0,0,,,1,0,0,1,0,0,,,,,,0,,0,0,0,0,0,0,0
2905,5,14951,2023-08-08 06:00:00+00:00,14951,2023-08-08 06:00:00+00:00,1,0,,,0,,,0,0,,,1,0,0,1,0,0,,,,,,0,,0,0,0,0,0,0,0
2907,5,14954,2023-08-08 18:00:00+00:00,14955,2023-08-08 22:00:00+00:00,1,0,,,0,,,0,0,,,1,0,1,1,0,0,,,,,,0,,0,0,0,0,0,0,0
2909,5,14957,2023-08-09 06:00:00+00:00,14957,2023-08-09 06:00:00+00:00,1,0,,,0,,,0,0,,,1,0,0,1,0,0,,,,,,0,,0,0,0,0,0,0,0
2912,5,14962,2023-08-10 02:00:00+00:00,14962,2023-08-10 02:00:00+00:00,1,0,,,0,,,0,0,,,1,0,0,1,0,0,,,,,,0,,0,0,0,0,0,0,0
2914,5,14972,2023-08-11 18:00:00+00:00,14972,2023-08-11 18:00:00+00:00,1,0,,,0,,,0,0,,,1,0,1,1,0,0,,,,,,0,,0,0,0,0,0,0,0
2916,5,14974,2023-08-14 02:00:00+00:00,14974,2023-08-14 02:00:00+00:00,1,0,,,0,,,0,0,,,1,0,0,1,0,0,,,,,,0,,0,0,0,0,0,0,0
2917,5,14988,2023-08-16 10:00:00+00:00,14988,2023-08-16 10:00:00+00:00,1,0,,,0,,,0,0,,,1,0,0,1,0,0,,,,,,0,,0,0,0,0,0,0,0
2919,5,15005,2023-08-21 06:00:00+00:00,15005,2023-08-21 06:00:00+00:00,1,0,,,0,,,0,0,,,1,0,0,1,0,0,,,,,,0,,0,0,0,0,0,0,0
2924,5,15013,2023-08-22 14:00:00+00:00,15015,2023-08-22 22:00:00+00:00,1,0,,,0,,,0,0,,,1,0,0,1,0,0,,,,,,0,,0,0,0,0,0,0,0
2926,5,15023,2023-08-24 06:00:00+00:00,15023,2023-08-24 06:00:00+00:00,1,0,,,0,,,0,0,,,1,0,0,1,0,0,,,,,,0,,0,0,0,0,0,0,0
2929,5,15036,2023-08-28 10:00:00+00:00,15036,2023-08-28 10:00:00+00:00,1,0,,,0,,,0,0,,,1,0,0,1,0,0,,,,,,0,,0,0,0,0,0,0,0
2931,5,15049,2023-08-30 14:00:00+00:00,15050,2023-08-30 18:00:00+00:00,1,0,,,0,,,0,0,,,1,0,0,1,0,0,,,,,,0,,0,0,0,0,0,0,0
2934,5,15056,2023-08-31 18:00:00+00:00,15056,2023-08-31 18:00:00+00:00,1,0,,,0,,,0,0,,,1,0,0,1,0,0,,,,,,0,,0,0,0,0,0,0,0
2936,5,15059,2023-09-01 06:00:00+00:00,15059,2023-09-01 06:00:00+00:00,1,0,,,0,,,0,0,,,1,0,0,1,0,0,,,,,,0,,0,0,0,0,0,0,0
2939,5,15089,2023-09-08 06:00:00+00:00,15089,2023-09-08 06:00:00+00:00,1,0,,,0,,,0,0,,,1,0,0,1,0,0,,,,,,0,,0,0,0,0,0,0,0
2944,5,15092,2023-09-08 18:00:00+00:00,15095,2023-09-11 06:00:00+00:00,1,1,15095.0,2023-09-11 06:00:00+00:00,1,15095.0,2023-09-11 06:00:00+00:00,0,1,,,0,0,0,0,0,1,0.39358006491092534,0.7808923148796982,0.6,2.0,1.0,1,0.6688659592826113,0,0,0,0,0,0,0
2945,5,15098,2023-09-11 18:00:00+00:00,15098,2023-09-11 18:00:00+00:00,1,0,,,0,,,0,0,,,1,0,0,1,0,0,,,,,,0,,0,0,0,0,0,0,0
2948,5,15125,2023-09-18 06:00:00+00:00,15126,2023-09-18 10:00:00+00:00,1,0,,,0,,,0,0,,,1,0,1,1,0,0,,,,,,0,,0,0,0,0,0,0,0
2950,5,15128,2023-09-18 18:00:00+00:00,15128,2023-09-18 18:00:00+00:00,1,0,,,0,,,0,0,,,1,0,0,1,0,0,,,,,,0,,0,0,0,0,0,0,0
2951,5,15145,2023-09-21 14:00:00+00:00,15145,2023-09-21 14:00:00+00:00,1,0,,,0,,,0,0,,,1,0,0,1,0,0,,,,,,0,,0,0,0,0,0,0,0
2952,5,15150,2023-09-22 10:00:00+00:00,15150,2023-09-22 10:00:00+00:00,1,0,,,0,,,0,0,,,1,0,0,1,0,0,,,,,,0,,0,0,0,0,0,0,0
2954,5,15156,2023-09-25 10:00:00+00:00,15156,2023-09-25 10:00:00+00:00,1,0,,,0,,,0,0,,,1,0,1,1,0,0,,,,,,0,,0,0,0,0,0,0,0
2955,5,15158,2023-09-25 18:00:00+00:00,15159,2023-09-25 22:00:00+00:00,1,0,,,0,,,0,0,,,1,0,0,1,0,0,,,,,,0,,0,0,0,0,0,0,0
2957,5,15174,2023-09-28 10:00:00+00:00,15174,2023-09-28 10:00:00+00:00,1,0,,,0,,,0,0,,,1,0,0,1,0,0,,,,,,0,,0,0,0,0,0,0,0
2958,5,15188,2023-10-02 18:00:00+00:00,15188,2023-10-02 18:00:00+00:00,1,0,,,0,,,0,0,,,1,0,0,1,0,0,,,,,,0,,0,0,0,0,0,0,0
2960,5,15202,2023-10-05 02:00:00+00:00,15203,2023-10-05 06:00:00+00:00,1,0,,,0,,,0,0,,,1,0,1,1,0,0,,,,,,0,,0,0,0,0,0,0,0
2963,5,15205,2023-10-05 14:00:00+00:00,15205,2023-10-05 14:00:00+00:00,1,0,,,0,,,0,0,,,1,0,0,1,0,0,,,,,,0,,0,0,0,0,0,0,0
2966,5,15217,2023-10-09 14:00:00+00:00,15217,2023-10-09 14:00:00+00:00,1,0,,,0,,,0,0,,,1,0,0,1,0,0,,,,,,0,,0,0,0,0,0,0,0
2967,5,15223,2023-10-10 14:00:00+00:00,15223,2023-10-10 14:00:00+00:00,1,0,,,0,,,0,0,,,1,0,1,1,0,0,,,,,,0,,0,0,0,0,0,0,0
2968,5,15225,2023-10-10 22:00:00+00:00,15226,2023-10-11 02:00:00+00:00,1,0,,,0,,,0,0,,,1,0,0,1,0,0,,,,,,0,,0,0,0,0,0,0,0
2970,5,15251,2023-10-17 06:00:00+00:00,15251,2023-10-17 06:00:00+00:00,1,0,,,0,,,0,0,,,1,0,1,1,0,0,,,,,,0,,0,0,0,0,0,0,0
2972,5,15253,2023-10-17 14:00:00+00:00,15253,2023-10-17 14:00:00+00:00,1,0,,,0,,,0,0,,,1,0,0,1,0,0,,,,,,0,,0,0,0,0,0,0,0
2974,5,15276,2023-10-23 10:00:00+00:00,15277,2023-10-23 14:00:00+00:00,1,0,,,0,,,0,0,,,1,0,1,1,0,0,,,,,,0,,0,0,0,0,0,0,0
2975,5,15279,2023-10-23 22:00:00+00:00,15280,2023-10-24 02:00:00+00:00,1,0,,,0,,,0,0,,,1,0,0,1,0,0,,,,,,0,,0,0,0,0,0,0,0
2978,5,15309,2023-10-30 22:00:00+00:00,15310,2023-10-31 02:00:00+00:00,1,0,,,0,,,0,0,,,1,0,0,1,0,0,,,,,,0,,0,0,0,0,0,0,0
2980,5,15318,2023-11-01 10:00:00+00:00,15318,2023-11-01 10:00:00+00:00,1,0,,,0,,,0,0,,,1,0,0,1,0,0,,,,,,0,,0,0,0,0,0,0,0
2981,5,15348,2023-11-08 07:00:00+00:00,15348,2023-11-08 07:00:00+00:00,1,0,,,0,,,0,0,,,1,0,0,1,0,0,,,,,,0,,0,0,0,0,0,0,0
2982,5,15369,2023-11-13 19:00:00+00:00,15371,2023-11-14 03:00:00+00:00,1,0,,,0,,,0,0,,,1,0,0,1,0,0,,,,,,0,,0,0,0,0,0,0,0
2984,5,15384,2023-11-16 07:00:00+00:00,15384,2023-11-16 07:00:00+00:00,1,0,,,0,,,0,0,,,1,0,0,1,0,0,,,,,,0,,0,0,0,0,0,0,0
2985,5,15408,2023-11-22 07:00:00+00:00,15408,2023-11-22 07:00:00+00:00,1,0,,,0,,,0,0,,,1,0,0,1,0,0,,,,,,0,,0,0,0,0,0,0,0
2988,5,15415,2023-11-23 11:00:00+00:00,15416,2023-11-23 15:00:00+00:00,1,0,,,0,,,0,0,,,1,0,0,1,0,0,,,,,,0,,0,0,0,0,0,0,0
2991,5,15446,2023-11-30 19:00:00+00:00,15448,2023-12-01 03:00:00+00:00,1,0,,,0,,,0,0,,,1,0,0,1,0,0,,,,,,0,,0,0,0,0,0,0,0
2996,5,15506,2023-12-14 19:00:00+00:00,15508,2023-12-15 03:00:00+00:00,1,0,,,0,,,0,0,,,1,0,0,1,0,0,,,,,,0,,0,0,0,0,0,0,0
3000,5,15516,2023-12-18 11:00:00+00:00,15516,2023-12-18 11:00:00+00:00,1,0,,,0,,,0,0,,,1,0,0,1,0,0,,,,,,0,,0,0,0,0,0,0,0
3002,5,15529,2023-12-20 15:00:00+00:00,15529,2023-12-20 15:00:00+00:00,1,0,,,0,,,0,0,,,1,0,0,1,0,0,,,,,,0,,0,0,0,0,0,0,0
3003,5,15535,2023-12-21 15:00:00+00:00,15536,2023-12-21 19:00:00+00:00,1,0,,,0,,,0,0,,,1,0,0,1,0,0,,,,,,0,,0,0,0,0,0,0,0
3004,5,15541,2023-12-22 15:00:00+00:00,15542,2023-12-22 19:00:00+00:00,1,0,,,0,,,0,0,,,1,0,1,1,0,0,,,,,,0,,0,0,0,0,0,0,0
3005,5,15544,2023-12-26 03:00:00+00:00,15544,2023-12-26 03:00:00+00:00,1,0,,,0,,,0,0,,,1,0,0,1,0,0,,,,,,0,,0,0,0,0,0,0,0
3010,5,15558,2023-12-28 11:00:00+00:00,15558,2023-12-28 11:00:00+00:00,1,0,,,0,,,0,0,,,1,0,0,1,0,0,,,,,,0,,0,0,0,0,0,0,0
3012,5,15599,2024-01-09 07:00:00+00:00,15599,2024-01-09 07:00:00+00:00,1,0,,,0,,,0,0,,,1,0,0,1,0,0,,,,,,0,,0,0,0,0,0,0,0
3016,5,15610,2024-01-11 03:00:00+00:00,15611,2024-01-11 07:00:00+00:00,1,0,,,0,,,0,0,,,1,0,0,1,0,0,,,,,,0,,0,0,0,0,0,0,0
3018,5,15624,2024-01-15 11:00:00+00:00,15624,2024-01-15 11:00:00+00:00,1,0,,,0,,,0,0,,,1,0,0,1,0,0,,,,,,0,,0,0,0,0,0,0,0
3020,5,15653,2024-01-22 07:00:00+00:00,15653,2024-01-22 07:00:00+00:00,1,0,,,0,,,0,0,,,1,0,0,1,0,0,,,,,,0,,0,0,0,0,0,0,0
3021,5,15664,2024-01-24 03:00:00+00:00,15664,2024-01-24 03:00:00+00:00,1,0,,,0,,,0,0,,,1,0,0,1,0,0,,,,,,0,,0,0,0,0,0,0,0
3024,5,15682,2024-01-29 03:00:00+00:00,15682,2024-01-29 03:00:00+00:00,1,0,,,0,,,0,0,,,1,0,0,1,0,0,,,,,,0,,0,0,0,0,0,0,0
3026,5,15703,2024-02-01 15:00:00+00:00,15703,2024-02-01 15:00:00+00:00,1,0,,,0,,,0,0,,,1,0,0,1,0,0,,,,,,0,,0,0,0,0,0,0,0
3028,5,15709,2024-02-02 15:00:00+00:00,15710,2024-02-02 19:00:00+00:00,1,0,,,0,,,0,0,,,1,0,0,1,0,0,,,,,,0,,0,0,0,0,0,0,0
3030,5,15718,2024-02-06 03:00:00+00:00,15718,2024-02-06 03:00:00+00:00,1,0,,,0,,,0,0,,,1,0,0,1,0,0,,,,,,0,,0,0,0,0,0,0,0
3031,5,15727,2024-02-07 15:00:00+00:00,15730,2024-02-08 03:00:00+00:00,1,1,15730.0,2024-02-08 03:00:00+00:00,1,15730.0,2024-02-08 03:00:00+00:00,1,0,15730.0,2024-02-08 03:00:00+00:00,0,0,0,0,0,1,0.6427141015630986,0.6002143622722307,0.4,0.0,1.0,-1,0.612260863338507,1,0,0,0,0,0,0
3037,5,15743,2024-02-12 07:00:00+00:00,15743,2024-02-12 07:00:00+00:00,1,0,,,0,,,0,0,,,1,0,1,1,0,0,,,,,,0,,0,0,0,0,0,0,0
3038,5,15745,2024-02-12 15:00:00+00:00,15747,2024-02-12 23:00:00+00:00,1,0,,,0,,,0,0,,,1,0,0,1,0,0,,,,,,0,,0,0,0,0,0,0,0
3041,5,15786,2024-02-21 11:00:00+00:00,15786,2024-02-21 11:00:00+00:00,1,0,,,0,,,0,0,,,1,0,0,1,0,0,,,,,,0,,0,0,0,0,0,0,0
3043,5,15808,2024-02-27 03:00:00+00:00,15808,2024-02-27 03:00:00+00:00,1,0,,,0,,,0,0,,,1,0,0,1,0,0,,,,,,0,,0,0,0,0,0,0,0
3046,5,15811,2024-02-27 15:00:00+00:00,15813,2024-02-27 23:00:00+00:00,1,0,,,0,,,0,0,,,1,0,0,1,0,0,,,,,,0,,0,0,0,0,0,0,0
3049,5,15821,2024-02-29 07:00:00+00:00,15821,2024-02-29 07:00:00+00:00,1,0,,,0,,,0,0,,,1,0,0,1,0,0,,,,,,0,,0,0,0,0,0,0,0
3050,5,15855,2024-03-07 23:00:00+00:00,15856,2024-03-08 03:00:00+00:00,1,0,,,0,,,0,0,,,1,0,0,1,0,0,,,,,,0,,0,0,0,0,0,0,0
3051,5,15866,2024-03-11 14:00:00+00:00,15870,2024-03-12 06:00:00+00:00,1,1,15870.0,2024-03-12 06:00:00+00:00,0,,,0,0,,,0,0,0,0,0,0,0.32511940221415186,0.8318118948824389,0.6,1.0,2.0,-1,0.5119809714020144,0,0,0,1,0,0,1
3053,5,15873,2024-03-12 18:00:00+00:00,15873,2024-03-12 18:00:00+00:00,1,0,,,0,,,0,0,,,1,0,0,1,0,0,,,,,,0,,0,0,0,0,0,0,0
3054,5,15890,2024-03-15 14:00:00+00:00,15890,2024-03-15 14:00:00+00:00,1,0,,,0,,,0,0,,,1,0,0,1,0,0,,,,,,0,,0,0,0,0,0,0,0
3056,5,15899,2024-03-19 02:00:00+00:00,15899,2024-03-19 02:00:00+00:00,1,0,,,0,,,0,0,,,1,0,0,1,0,0,,,,,,0,,0,0,0,0,0,0,0
3057,5,15902,2024-03-19 14:00:00+00:00,15902,2024-03-19 14:00:00+00:00,1,0,,,0,,,0,0,,,1,0,1,1,0,0,,,,,,0,,0,0,0,0,0,0,0
3059,5,15904,2024-03-19 22:00:00+00:00,15904,2024-03-19 22:00:00+00:00,1,0,,,0,,,0,0,,,1,0,0,1,0,0,,,,,,0,,0,0,0,0,0,0,0
3062,5,15921,2024-03-22 18:00:00+00:00,15924,2024-03-25 06:00:00+00:00,1,1,15924.0,2024-03-25 06:00:00+00:00,0,,,0,0,,,0,0,1,0,0,0,0.4352068429241506,0.7639528929851462,0.4,2.0,0.0,1,0.5722712782650248,0,0,0,1,0,0,1
3065,5,15926,2024-03-25 14:00:00+00:00,15926,2024-03-25 14:00:00+00:00,1,0,,,0,,,0,0,,,1,0,0,1,0,0,,,,,,0,,0,0,0,0,0,0,0
3068,5,15929,2024-03-26 02:00:00+00:00,15929,2024-03-26 02:00:00+00:00,1,0,,,0,,,0,0,,,1,0,0,1,0,0,,,,,,0,,0,0,0,0,0,0,0
3071,5,15942,2024-03-28 06:00:00+00:00,15942,2024-03-28 06:00:00+00:00,1,0,,,0,,,0,0,,,1,0,0,1,0,0,,,,,,0,,0,0,0,0,0,0,0
3072,5,15997,2024-04-11 10:00:00+00:00,15997,2024-04-11 10:00:00+00:00,1,0,,,0,,,0,0,,,1,0,0,1,0,0,,,,,,0,,0,0,0,0,0,0,0
3073,5,16015,2024-04-16 10:00:00+00:00,16019,2024-04-17 02:00:00+00:00,1,1,16019.0,2024-04-17 02:00:00+00:00,1,16019.0,2024-04-17 02:00:00+00:00,1,0,16019.0,2024-04-17 02:00:00+00:00,0,0,0,0,0,1,0.4736155065277129,0.9542427291456992,0.4,1.0,0.0,1,0.6202391701676595,0,0,0,0,0,0,0
3075,5,16021,2024-04-17 10:00:00+00:00,16021,2024-04-17 10:00:00+00:00,1,0,,,0,,,0,0,,,1,0,0,1,0,0,,,,,,0,,0,0,0,0,0,0,0
3077,5,16028,2024-04-18 14:00:00+00:00,16029,2024-04-18 18:00:00+00:00,1,0,,,0,,,0,0,,,1,0,0,1,0,0,,,,,,0,,0,0,0,0,0,0,0
3079,5,16033,2024-04-19 10:00:00+00:00,16034,2024-04-19 14:00:00+00:00,1,0,,,0,,,0,0,,,1,0,1,1,0,0,,,,,,0,,0,0,0,0,0,0,0
3081,5,16036,2024-04-21 22:00:00+00:00,16036,2024-04-21 22:00:00+00:00,1,0,,,0,,,0,0,,,1,0,0,1,0,0,,,,,,0,,0,0,0,0,0,0,0
3082,5,16045,2024-04-23 10:00:00+00:00,16046,2024-04-23 14:00:00+00:00,1,0,,,0,,,0,0,,,1,0,0,1,0,0,,,,,,0,,0,0,0,0,0,0,0
3083,5,16050,2024-04-24 06:00:00+00:00,16051,2024-04-24 10:00:00+00:00,1,0,,,0,,,0,0,,,1,0,0,1,0,0,,,,,,0,,0,0,0,0,0,0,0
3084,5,16064,2024-04-26 14:00:00+00:00,16065,2024-04-26 18:00:00+00:00,1,0,,,0,,,0,0,,,1,0,0,1,0,0,,,,,,0,,0,0,0,0,0,0,0
3086,5,16071,2024-04-29 18:00:00+00:00,16072,2024-04-29 22:00:00+00:00,1,0,,,0,,,0,0,,,1,0,0,1,0,0,,,,,,0,,0,0,0,0,0,0,0
3089,5,16086,2024-05-02 06:00:00+00:00,16086,2024-05-02 06:00:00+00:00,1,0,,,0,,,0,0,,,1,0,1,1,0,0,,,,,,0,,0,0,0,0,0,0,0
3090,5,16088,2024-05-02 14:00:00+00:00,16088,2024-05-02 14:00:00+00:00,1,0,,,0,,,0,0,,,1,0,0,1,0,0,,,,,,0,,0,0,0,0,0,0,0
3092,5,16091,2024-05-03 02:00:00+00:00,16091,2024-05-03 02:00:00+00:00,1,0,,,0,,,0,0,,,1,0,0,1,0,0,,,,,,0,,0,0,0,0,0,0,0
3093,5,16105,2024-05-07 10:00:00+00:00,16105,2024-05-07 10:00:00+00:00,1,0,,,0,,,0,0,,,1,0,1,1,0,0,,,,,,0,,0,0,0,0,0,0,0
3095,5,16107,2024-05-07 18:00:00+00:00,16109,2024-05-08 02:00:00+00:00,1,0,,,0,,,0,0,,,1,0,0,1,0,0,,,,,,0,,0,0,0,0,0,0,0
3097,5,16115,2024-05-09 02:00:00+00:00,16116,2024-05-09 06:00:00+00:00,1,0,,,0,,,0,0,,,1,0,0,1,0,0,,,,,,0,,0,0,0,0,0,0,0
3098,5,16136,2024-05-14 14:00:00+00:00,16138,2024-05-14 22:00:00+00:00,1,0,,,0,,,0,0,,,1,0,0,1,0,0,,,,,,0,,0,0,0,0,0,0,0
3101,5,16164,2024-05-21 06:00:00+00:00,16167,2024-05-21 18:00:00+00:00,1,0,,,0,,,0,0,,,0,0,0,1,0,0,,,,,,0,,0,0,0,0,0,0,0
3104,5,16180,2024-05-23 22:00:00+00:00,16180,2024-05-23 22:00:00+00:00,1,0,,,0,,,0,0,,,1,0,0,1,0,0,,,,,,0,,0,0,0,0,0,0,0
3105,5,16187,2024-05-27 02:00:00+00:00,16188,2024-05-27 06:00:00+00:00,1,0,,,0,,,0,0,,,1,0,0,1,0,0,,,,,,0,,0,0,0,0,0,0,0
3108,5,16191,2024-05-27 18:00:00+00:00,16191,2024-05-27 18:00:00+00:00,1,0,,,0,,,0,0,,,1,0,0,1,0,0,,,,,,0,,0,0,0,0,0,0,0
3116,5,16202,2024-05-29 14:00:00+00:00,16202,2024-05-29 14:00:00+00:00,1,0,,,0,,,0,0,,,1,0,0,1,0,0,,,,,,0,,0,0,0,0,0,0,0
3119,5,16206,2024-05-30 06:00:00+00:00,16206,2024-05-30 06:00:00+00:00,1,0,,,0,,,0,0,,,1,0,0,1,0,0,,,,,,0,,0,0,0,0,0,0,0
3120,5,16233,2024-06-05 18:00:00+00:00,16233,2024-06-05 18:00:00+00:00,1,0,,,0,,,0,0,,,1,0,0,1,0,0,,,,,,0,,0,0,0,0,0,0,0
3121,5,16237,2024-06-06 10:00:00+00:00,16237,2024-06-06 10:00:00+00:00,1,0,,,0,,,0,0,,,1,0,0,1,0,0,,,,,,0,,0,0,0,0,0,0,0
3123,5,16249,2024-06-10 10:00:00+00:00,16249,2024-06-10 10:00:00+00:00,1,0,,,0,,,0,0,,,1,0,0,1,0,0,,,,,,0,,0,0,0,0,0,0,0
3125,5,16253,2024-06-11 02:00:00+00:00,16254,2024-06-11 06:00:00+00:00,1,0,,,0,,,0,0,,,1,0,1,1,0,0,,,,,,0,,0,0,0,0,0,0,0
3127,5,16256,2024-06-11 14:00:00+00:00,16256,2024-06-11 14:00:00+00:00,1,0,,,0,,,0,0,,,1,0,0,1,0,0,,,,,,0,,0,0,0,0,0,0,0
3129,5,16259,2024-06-12 02:00:00+00:00,16259,2024-06-12 02:00:00+00:00,1,0,,,0,,,0,0,,,1,0,0,1,0,0,,,,,,0,,0,0,0,0,0,0,0
3131,5,16262,2024-06-12 14:00:00+00:00,16265,2024-06-13 02:00:00+00:00,1,1,16265.0,2024-06-13 02:00:00+00:00,0,,,0,0,,,0,0,0,0,0,0,0.538430051236349,0.49542288557215697,0.4,0.0,2.0,-1,0.4899071396747606,0,0,0,1,0,0,1
3135,5,16278,2024-06-17 06:00:00+00:00,16278,2024-06-17 06:00:00+00:00,1,0,,,0,,,0,0,,,1,0,0,1,0,0,,,,,,0,,0,0,0,0,0,0,0
3136,5,16284,2024-06-18 06:00:00+00:00,16284,2024-06-18 06:00:00+00:00,1,0,,,0,,,0,0,,,1,0,0,1,0,0,,,,,,0,,0,0,0,0,0,0,0
3140,5,16309,2024-06-24 10:00:00+00:00,16314,2024-06-25 06:00:00+00:00,1,0,,,0,,,0,0,,,0,0,0,1,0,0,,,,,,0,,0,0,0,0,0,0,0
3142,5,16322,2024-06-26 14:00:00+00:00,16322,2024-06-26 14:00:00+00:00,1,0,,,0,,,0,0,,,1,0,0,1,0,0,,,,,,0,,0,0,0,0,0,0,0
3143,5,16332,2024-06-28 06:00:00+00:00,16332,2024-06-28 06:00:00+00:00,1,0,,,0,,,0,0,,,1,0,0,1,0,0,,,,,,0,,0,0,0,0,0,0,0
3148,5,16346,2024-07-02 14:00:00+00:00,16347,2024-07-02 18:00:00+00:00,1,0,,,0,,,0,0,,,1,0,0,1,0,0,,,,,,0,,0,0,0,0,0,0,0
3149,5,16369,2024-07-08 10:00:00+00:00,16369,2024-07-08 10:00:00+00:00,1,0,,,0,,,0,0,,,1,0,0,1,0,0,,,,,,0,,0,0,0,0,0,0,0
3150,5,16375,2024-07-09 10:00:00+00:00,16375,2024-07-09 10:00:00+00:00,1,0,,,0,,,0,0,,,1,0,0,1,0,0,,,,,,0,,0,0,0,0,0,0,0
3152,5,16383,2024-07-10 18:00:00+00:00,16383,2024-07-10 18:00:00+00:00,1,0,,,0,,,0,0,,,1,0,1,1,0,0,,,,,,0,,0,0,0,0,0,0,0
3153,5,16385,2024-07-11 02:00:00+00:00,16385,2024-07-11 02:00:00+00:00,1,0,,,0,,,0,0,,,1,0,0,1,0,0,,,,,,0,,0,0,0,0,0,0,0
3154,5,16411,2024-07-17 10:00:00+00:00,16411,2024-07-17 10:00:00+00:00,1,0,,,0,,,0,0,,,1,0,1,1,0,0,,,,,,0,,0,0,0,0,0,0,0
3155,5,16413,2024-07-17 18:00:00+00:00,16415,2024-07-18 02:00:00+00:00,1,0,,,0,,,0,0,,,1,0,0,1,0,0,,,,,,0,,0,0,0,0,0,0,0
3158,5,16449,2024-07-25 18:00:00+00:00,16449,2024-07-25 18:00:00+00:00,1,0,,,0,,,0,0,,,1,0,0,1,0,0,,,,,,0,,0,0,0,0,0,0,0
3160,5,16468,2024-07-30 22:00:00+00:00,16468,2024-07-30 22:00:00+00:00,1,0,,,0,,,0,0,,,1,0,0,1,0,0,,,,,,0,,0,0,0,0,0,0,0
3161,5,16471,2024-07-31 10:00:00+00:00,16472,2024-07-31 14:00:00+00:00,1,0,,,0,,,0,0,,,1,0,0,1,0,0,,,,,,0,,0,0,0,0,0,0,0
3162,5,16478,2024-08-01 14:00:00+00:00,16478,2024-08-01 14:00:00+00:00,1,0,,,0,,,0,0,,,1,0,0,1,0,0,,,,,,0,,0,0,0,0,0,0,0
3166,5,16502,2024-08-07 14:00:00+00:00,16503,2024-08-07 18:00:00+00:00,1,0,,,0,,,0,0,,,1,0,0,1,0,0,,,,,,0,,0,0,0,0,0,0,0
3169,5,16506,2024-08-08 06:00:00+00:00,16506,2024-08-08 06:00:00+00:00,1,0,,,0,,,0,0,,,1,0,0,1,0,0,,,,,,0,,0,0,0,0,0,0,0
3171,5,16525,2024-08-13 10:00:00+00:00,16528,2024-08-13 22:00:00+00:00,1,1,16528.0,2024-08-13 22:00:00+00:00,0,,,0,0,,,0,0,0,0,0,0,0.5137834821428536,0.852182539682563,0.4,1.0,0.0,1,0.5457585565476196,0,0,0,1,0,0,1
3173,5,16556,2024-08-20 14:00:00+00:00,16557,2024-08-20 18:00:00+00:00,1,0,,,0,,,0,0,,,1,0,0,1,0,0,,,,,,0,,0,0,0,0,0,0,0
3175,5,16579,2024-08-26 10:00:00+00:00,16581,2024-08-26 18:00:00+00:00,1,0,,,0,,,0,0,,,1,0,0,1,0,0,,,,,,0,,0,0,0,0,0,0,0
3180,5,16597,2024-08-29 10:00:00+00:00,16597,2024-08-29 10:00:00+00:00,1,0,,,0,,,0,0,,,1,0,0,1,0,0,,,,,,0,,0,0,0,0,0,0,0
3181,5,16602,2024-08-30 06:00:00+00:00,16603,2024-08-30 10:00:00+00:00,1,0,,,0,,,0,0,,,1,0,0,1,0,0,,,,,,0,,0,0,0,0,0,0,0
3185,5,16620,2024-09-04 06:00:00+00:00,16620,2024-09-04 06:00:00+00:00,1,0,,,0,,,0,0,,,1,0,0,1,0,0,,,,,,0,,0,0,0,0,0,0,0
3186,5,16640,2024-09-09 14:00:00+00:00,16640,2024-09-09 14:00:00+00:00,1,0,,,0,,,0,0,,,1,0,0,1,0,0,,,,,,0,,0,0,0,0,0,0,0
3188,5,16643,2024-09-10 02:00:00+00:00,16643,2024-09-10 02:00:00+00:00,1,0,,,0,,,0,0,,,1,0,0,1,0,0,,,,,,0,,0,0,0,0,0,0,0
3189,5,16647,2024-09-10 18:00:00+00:00,16647,2024-09-10 18:00:00+00:00,1,0,,,0,,,0,0,,,1,0,0,1,0,0,,,,,,0,,0,0,0,0,0,0,0
3190,5,16665,2024-09-13 18:00:00+00:00,16666,2024-09-15 22:00:00+00:00,1,0,,,0,,,0,0,,,1,0,0,1,0,0,,,,,,0,,0,0,0,0,0,0,0
3192,5,16669,2024-09-16 10:00:00+00:00,16673,2024-09-17 02:00:00+00:00,1,1,16673.0,2024-09-17 02:00:00+00:00,0,,,0,0,,,0,0,0,0,0,0,0.5273056507581364,0.9339643903538154,0.4,0.0,1.0,-1,0.41060735352404054,0,0,0,1,0,0,1
3196,5,16690,2024-09-19 22:00:00+00:00,16690,2024-09-19 22:00:00+00:00,1,0,,,0,,,0,0,,,1,0,0,1,0,0,,,,,,0,,0,0,0,0,0,0,0
3197,5,16700,2024-09-23 14:00:00+00:00,16700,2024-09-23 14:00:00+00:00,1,0,,,0,,,0,0,,,1,0,0,1,0,0,,,,,,0,,0,0,0,0,0,0,0
3200,5,16714,2024-09-25 22:00:00+00:00,16714,2024-09-25 22:00:00+00:00,1,0,,,0,,,0,0,,,1,0,0,1,0,0,,,,,,0,,0,0,0,0,0,0,0
3202,5,16725,2024-09-27 18:00:00+00:00,16725,2024-09-27 18:00:00+00:00,1,0,,,0,,,0,0,,,1,0,0,1,0,0,,,,,,0,,0,0,0,0,0,0,0
3204,5,16728,2024-09-30 06:00:00+00:00,16728,2024-09-30 06:00:00+00:00,1,0,,,0,,,0,0,,,1,0,0,1,0,0,,,,,,0,,0,0,0,0,0,0,0
3205,5,16736,2024-10-01 14:00:00+00:00,16736,2024-10-01 14:00:00+00:00,1,0,,,0,,,0,0,,,1,0,0,1,0,0,,,,,,0,,0,0,0,0,0,0,0
3206,5,16741,2024-10-02 10:00:00+00:00,16746,2024-10-03 06:00:00+00:00,1,1,16744.0,2024-10-02 22:00:00+00:00,0,,,0,0,,,0,0,0,0,0,0,0.5428014121276867,0.6289308176100701,0.6,3.0,1.0,1,0.36749510501957994,0,0,0,1,0,0,1
3211,5,16759,2024-10-07 10:00:00+00:00,16762,2024-10-07 22:00:00+00:00,1,1,16762.0,2024-10-07 22:00:00+00:00,1,16762.0,2024-10-07 22:00:00+00:00,1,0,16762.0,2024-10-07 22:00:00+00:00,0,0,0,0,0,1,0.4691321718664009,0.7528748762470459,0.4,0.0,3.0,-1,0.5995100669799203,0,0,0,0,0,0,0
3215,5,16772,2024-10-09 14:00:00+00:00,16773,2024-10-09 18:00:00+00:00,1,0,,,0,,,0,0,,,1,0,0,1,0,0,,,,,,0,,0,0,0,0,0,0,0
3217,5,16776,2024-10-10 06:00:00+00:00,16776,2024-10-10 06:00:00+00:00,1,0,,,0,,,0,0,,,1,0,1,1,0,0,,,,,,0,,0,0,0,0,0,0,0
3218,5,16778,2024-10-10 14:00:00+00:00,16778,2024-10-10 14:00:00+00:00,1,0,,,0,,,0,0,,,1,0,0,1,0,0,,,,,,0,,0,0,0,0,0,0,0
3221,5,16785,2024-10-11 18:00:00+00:00,16786,2024-10-13 22:00:00+00:00,1,0,,,0,,,0,0,,,1,0,0,1,0,0,,,,,,0,,0,0,0,0,0,0,0
3225,5,16843,2024-10-25 10:00:00+00:00,16843,2024-10-25 10:00:00+00:00,1,0,,,0,,,0,0,,,1,0,0,1,0,0,,,,,,0,,0,0,0,0,0,0,0
3229,5,16851,2024-10-28 18:00:00+00:00,16851,2024-10-28 18:00:00+00:00,1,0,,,0,,,0,0,,,1,0,0,1,0,0,,,,,,0,,0,0,0,0,0,0,0
3230,5,16854,2024-10-29 06:00:00+00:00,16854,2024-10-29 06:00:00+00:00,1,0,,,0,,,0,0,,,1,0,0,1,0,0,,,,,,0,,0,0,0,0,0,0,0
3232,5,16862,2024-10-30 14:00:00+00:00,16865,2024-10-31 02:00:00+00:00,1,1,16865.0,2024-10-31 02:00:00+00:00,1,16865.0,2024-10-31 02:00:00+00:00,1,0,16865.0,2024-10-31 02:00:00+00:00,0,0,0,0,0,1,0.6630487520472318,0.45221323593356044,0.4,3.0,0.0,1,0.6065077839888514,1,0,0,0,0,0,0
3234,5,16879,2024-11-04 07:00:00+00:00,16879,2024-11-04 07:00:00+00:00,1,0,,,0,,,0,0,,,1,0,0,1,0,0,,,,,,0,,0,0,0,0,0,0,0
3235,5,16889,2024-11-05 23:00:00+00:00,16889,2024-11-05 23:00:00+00:00,1,0,,,0,,,0,0,,,1,0,0,1,0,0,,,,,,0,,0,0,0,0,0,0,0
3237,5,16916,2024-11-12 11:00:00+00:00,16916,2024-11-12 11:00:00+00:00,1,0,,,0,,,0,0,,,1,0,0,1,0,0,,,,,,0,,0,0,0,0,0,0,0
3239,5,16921,2024-11-13 07:00:00+00:00,16921,2024-11-13 07:00:00+00:00,1,0,,,0,,,0,0,,,1,0,0,1,0,0,,,,,,0,,0,0,0,0,0,0,0
3241,5,16939,2024-11-18 07:00:00+00:00,16939,2024-11-18 07:00:00+00:00,1,0,,,0,,,0,0,,,1,0,0,1,0,0,,,,,,0,,0,0,0,0,0,0,0
3242,5,16946,2024-11-19 11:00:00+00:00,16946,2024-11-19 11:00:00+00:00,1,0,,,0,,,0,0,,,1,0,0,1,0,0,,,,,,0,,0,0,0,0,0,0,0
3243,5,16958,2024-11-21 11:00:00+00:00,16958,2024-11-21 11:00:00+00:00,1,0,,,0,,,0,0,,,1,0,0,1,0,0,,,,,,0,,0,0,0,0,0,0,0
3244,5,16964,2024-11-22 11:00:00+00:00,16964,2024-11-22 11:00:00+00:00,1,0,,,0,,,0,0,,,1,0,0,1,0,0,,,,,,0,,0,0,0,0,0,0,0
3247,5,17000,2024-12-02 11:00:00+00:00,17001,2024-12-02 15:00:00+00:00,1,0,,,0,,,0,0,,,1,0,0,1,0,0,,,,,,0,,0,0,0,0,0,0,0
3250,5,17004,2024-12-03 03:00:00+00:00,17005,2024-12-03 07:00:00+00:00,1,0,,,0,,,0,0,,,1,0,0,1,0,0,,,,,,0,,0,0,0,0,0,0,0
3252,5,17011,2024-12-04 07:00:00+00:00,17011,2024-12-04 07:00:00+00:00,1,0,,,0,,,0,0,,,1,0,0,1,0,0,,,,,,0,,0,0,0,0,0,0,0
3255,5,17019,2024-12-05 15:00:00+00:00,17019,2024-12-05 15:00:00+00:00,1,0,,,0,,,0,0,,,1,0,0,1,0,0,,,,,,0,,0,0,0,0,0,0,0
3259,5,17026,2024-12-06 19:00:00+00:00,17026,2024-12-06 19:00:00+00:00,1,0,,,0,,,0,0,,,1,0,0,1,0,0,,,,,,0,,0,0,0,0,0,0,0
3260,5,17035,2024-12-10 07:00:00+00:00,17035,2024-12-10 07:00:00+00:00,1,0,,,0,,,0,0,,,1,0,0,1,0,0,,,,,,0,,0,0,0,0,0,0,0
3261,5,17059,2024-12-16 07:00:00+00:00,17059,2024-12-16 07:00:00+00:00,1,0,,,0,,,0,0,,,1,0,0,1,0,0,,,,,,0,,0,0,0,0,0,0,0
3262,5,17062,2024-12-16 19:00:00+00:00,17062,2024-12-16 19:00:00+00:00,1,0,,,0,,,0,0,,,1,0,0,1,0,0,,,,,,0,,0,0,0,0,0,0,0
3264,5,17083,2024-12-20 07:00:00+00:00,17083,2024-12-20 07:00:00+00:00,1,0,,,0,,,0,0,,,1,0,0,1,0,0,,,,,,0,,0,0,0,0,0,0,0
3265,5,17087,2024-12-22 23:00:00+00:00,17087,2024-12-22 23:00:00+00:00,1,0,,,0,,,0,0,,,1,0,1,1,0,0,,,,,,0,,0,0,0,0,0,0,0
3266,5,17089,2024-12-23 07:00:00+00:00,17089,2024-12-23 07:00:00+00:00,1,0,,,0,,,0,0,,,1,0,0,1,0,0,,,,,,0,,0,0,0,0,0,0,0
3269,5,17094,2024-12-24 03:00:00+00:00,17097,2024-12-24 15:00:00+00:00,1,1,17097.0,2024-12-24 15:00:00+00:00,0,,,0,0,,,0,0,1,0,0,0,0.3087710765084859,0.7523684594082648,0.6,1.0,2.0,-1,0.48060036299542763,0,0,0,1,0,0,1
3272,5,17099,2024-12-26 03:00:00+00:00,17099,2024-12-26 03:00:00+00:00,1,0,,,0,,,0,0,,,1,0,0,1,0,0,,,,,,0,,0,0,0,0,0,0,0
3279,5,17108,2024-12-27 15:00:00+00:00,17109,2024-12-27 19:00:00+00:00,1,0,,,0,,,0,0,,,1,0,0,1,0,0,,,,,,0,,0,0,0,0,0,0,0
3281,5,17119,2024-12-31 11:00:00+00:00,17119,2024-12-31 11:00:00+00:00,1,0,,,0,,,0,0,,,1,0,0,1,0,0,,,,,,0,,0,0,0,0,0,0,0
3282,5,17134,2025-01-05 23:00:00+00:00,17134,2025-01-05 23:00:00+00:00,1,0,,,0,,,0,0,,,1,0,0,1,0,0,,,,,,0,,0,0,0,0,0,0,0
3286,5,17172,2025-01-14 07:00:00+00:00,17172,2025-01-14 07:00:00+00:00,1,0,,,0,,,0,0,,,1,0,0,1,0,0,,,,,,0,,0,0,0,0,0,0,0
3287,5,17191,2025-01-17 11:00:00+00:00,17191,2025-01-17 11:00:00+00:00,1,0,,,0,,,0,0,,,1,0,0,1,0,0,,,,,,0,,0,0,0,0,0,0,0
3288,5,17209,2025-01-22 11:00:00+00:00,17209,2025-01-22 11:00:00+00:00,1,0,,,0,,,0,0,,,1,0,1,1,0,0,,,,,,0,,0,0,0,0,0,0,0
3289,5,17211,2025-01-22 19:00:00+00:00,17211,2025-01-22 19:00:00+00:00,1,0,,,0,,,0,0,,,1,0,1,1,0,0,,,,,,0,,0,0,0,0,0,0,0
3291,5,17213,2025-01-23 03:00:00+00:00,17213,2025-01-23 03:00:00+00:00,1,0,,,0,,,0,0,,,1,0,0,1,0,0,,,,,,0,,0,0,0,0,0,0,0
3293,5,17223,2025-01-24 19:00:00+00:00,17223,2025-01-24 19:00:00+00:00,1,0,,,0,,,0,0,,,1,0,0,1,0,0,,,,,,0,,0,0,0,0,0,0,0
3294,5,17227,2025-01-27 11:00:00+00:00,17227,2025-01-27 11:00:00+00:00,1,0,,,0,,,0,0,,,1,0,0,1,0,0,,,,,,0,,0,0,0,0,0,0,0
3296,5,17297,2025-02-12 03:00:00+00:00,17297,2025-02-12 03:00:00+00:00,1,0,,,0,,,0,0,,,1,0,0,1,0,0,,,,,,0,,0,0,0,0,0,0,0
3297,5,17317,2025-02-17 11:00:00+00:00,17317,2025-02-17 11:00:00+00:00,1,0,,,0,,,0,0,,,1,0,0,1,0,0,,,,,,0,,0,0,0,0,0,0,0
3299,5,17329,2025-02-19 11:00:00+00:00,17329,2025-02-19 11:00:00+00:00,1,0,,,0,,,0,0,,,1,0,0,1,0,0,,,,,,0,,0,0,0,0,0,0,0
3300,5,17335,2025-02-20 11:00:00+00:00,17335,2025-02-20 11:00:00+00:00,1,0,,,0,,,0,0,,,1,0,0,1,0,0,,,,,,0,,0,0,0,0,0,0,0
3301,5,17338,2025-02-20 23:00:00+00:00,17338,2025-02-20 23:00:00+00:00,1,0,,,0,,,0,0,,,1,0,0,1,0,0,,,,,,0,,0,0,0,0,0,0,0
3305,5,17345,2025-02-24 03:00:00+00:00,17345,2025-02-24 03:00:00+00:00,1,0,,,0,,,0,0,,,1,0,0,1,0,0,,,,,,0,,0,0,0,0,0,0,0
3306,5,17352,2025-02-25 07:00:00+00:00,17352,2025-02-25 07:00:00+00:00,1,0,,,0,,,0,0,,,1,0,0,1,0,0,,,,,,0,,0,0,0,0,0,0,0
3308,5,17363,2025-02-27 03:00:00+00:00,17363,2025-02-27 03:00:00+00:00,1,0,,,0,,,0,0,,,1,0,0,1,0,0,,,,,,0,,0,0,0,0,0,0,0
3309,5,17368,2025-02-27 23:00:00+00:00,17368,2025-02-27 23:00:00+00:00,1,0,,,0,,,0,0,,,1,0,0,1,0,0,,,,,,0,,0,0,0,0,0,0,0
3311,5,17388,2025-03-05 07:00:00+00:00,17388,2025-03-05 07:00:00+00:00,1,0,,,0,,,0,0,,,1,0,0,1,0,0,,,,,,0,,0,0,0,0,0,0,0
3319,5,17403,2025-03-07 19:00:00+00:00,17405,2025-03-10 02:00:00+00:00,1,0,,,0,,,0,0,,,1,0,0,1,0,0,,,,,,0,,0,0,0,0,0,0,0
3322,5,17408,2025-03-10 10:00:00+00:00,17408,2025-03-10 10:00:00+00:00,1,0,,,0,,,0,0,,,1,0,1,1,0,0,,,,,,0,,0,0,0,0,0,0,0
3324,5,17410,2025-03-10 18:00:00+00:00,17412,2025-03-11 02:00:00+00:00,1,0,,,0,,,0,0,,,1,0,0,1,0,0,,,,,,0,,0,0,0,0,0,0,0
3328,5,17439,2025-03-17 14:00:00+00:00,17439,2025-03-17 14:00:00+00:00,1,0,,,0,,,0,0,,,1,0,0,1,0,0,,,,,,0,,0,0,0,0,0,0,0
3329,5,17468,2025-03-24 10:00:00+00:00,17468,2025-03-24 10:00:00+00:00,1,0,,,0,,,0,0,,,1,0,0,1,0,0,,,,,,0,,0,0,0,0,0,0,0
3330,5,17480,2025-03-26 10:00:00+00:00,17482,2025-03-26 18:00:00+00:00,1,0,,,0,,,0,0,,,1,0,0,1,0,0,,,,,,0,,0,0,0,0,0,0,0
3334,5,17494,2025-03-28 18:00:00+00:00,17494,2025-03-28 18:00:00+00:00,1,0,,,0,,,0,0,,,1,0,0,1,0,0,,,,,,0,,0,0,0,0,0,0,0
3335,5,17510,2025-04-02 10:00:00+00:00,17511,2025-04-02 14:00:00+00:00,1,0,,,0,,,0,0,,,1,0,0,1,0,0,,,,,,0,,0,0,0,0,0,0,0
3336,5,17535,2025-04-08 14:00:00+00:00,17538,2025-04-09 02:00:00+00:00,1,1,17538.0,2025-04-09 02:00:00+00:00,0,,,0,0,,,0,0,0,0,0,0,0.31831329008300285,0.7791560142663243,0.8,2.0,2.0,0,0.47980713987709767,0,0,0,1,0,0,1
3338,5,17545,2025-04-10 06:00:00+00:00,17545,2025-04-10 06:00:00+00:00,1,0,,,0,,,0,0,,,1,0,0,1,0,0,,,,,,0,,0,0,0,0,0,0,0
3339,5,17556,2025-04-14 02:00:00+00:00,17557,2025-04-14 06:00:00+00:00,1,0,,,0,,,0,0,,,1,0,1,1,0,0,,,,,,0,,0,0,0,0,0,0,0
3341,5,17559,2025-04-14 14:00:00+00:00,17559,2025-04-14 14:00:00+00:00,1,0,,,0,,,0,0,,,1,0,0,1,0,0,,,,,,0,,0,0,0,0,0,0,0
3343,5,17562,2025-04-15 02:00:00+00:00,17562,2025-04-15 02:00:00+00:00,1,0,,,0,,,0,0,,,1,0,0,1,0,0,,,,,,0,,0,0,0,0,0,0,0
3344,5,17565,2025-04-15 14:00:00+00:00,17566,2025-04-15 18:00:00+00:00,1,0,,,0,,,0,0,,,1,0,0,1,0,0,,,,,,0,,0,0,0,0,0,0,0
3347,5,17588,2025-04-22 10:00:00+00:00,17588,2025-04-22 10:00:00+00:00,1,0,,,0,,,0,0,,,1,0,0,1,0,0,,,,,,0,,0,0,0,0,0,0,0
3348,5,17601,2025-04-24 14:00:00+00:00,17601,2025-04-24 14:00:00+00:00,1,0,,,0,,,0,0,,,1,0,0,1,0,0,,,,,,0,,0,0,0,0,0,0,0
3354,5,17620,2025-04-29 18:00:00+00:00,17622,2025-04-30 02:00:00+00:00,1,0,,,0,,,0,0,,,1,0,0,1,0,0,,,,,,0,,0,0,0,0,0,0,0
3355,5,17633,2025-05-01 22:00:00+00:00,17633,2025-05-01 22:00:00+00:00,1,0,,,0,,,0,0,,,1,0,0,1,0,0,,,,,,0,,0,0,0,0,0,0,0
3357,5,17637,2025-05-02 14:00:00+00:00,17640,2025-05-05 02:00:00+00:00,1,1,17640.0,2025-05-05 02:00:00+00:00,0,,,0,0,,,0,0,0,0,0,0,0.38421042475183664,0.6974348683990588,0.6,2.0,1.0,1,0.5043083548238568,0,0,0,1,0,0,1
3360,5,17646,2025-05-06 02:00:00+00:00,17646,2025-05-06 02:00:00+00:00,1,0,,,0,,,0,0,,,1,0,0,1,0,0,,,,,,0,,0,0,0,0,0,0,0
3361,5,17663,2025-05-08 22:00:00+00:00,17663,2025-05-08 22:00:00+00:00,1,0,,,0,,,0,0,,,1,0,0,1,0,0,,,,,,0,,0,0,0,0,0,0,0
3362,5,17674,2025-05-12 18:00:00+00:00,17674,2025-05-12 18:00:00+00:00,1,0,,,0,,,0,0,,,1,0,0,1,0,0,,,,,,0,,0,0,0,0,0,0,0
3363,5,17677,2025-05-13 06:00:00+00:00,17683,2025-05-14 06:00:00+00:00,1,0,,,0,,,0,0,,,0,0,0,1,0,0,,,,,,0,,0,0,0,0,0,0,0
3367,5,17689,2025-05-15 06:00:00+00:00,17689,2025-05-15 06:00:00+00:00,1,0,,,0,,,0,0,,,1,0,0,1,0,0,,,,,,0,,0,0,0,0,0,0,0
3368,5,17703,2025-05-19 14:00:00+00:00,17705,2025-05-19 22:00:00+00:00,1,0,,,0,,,0,0,,,1,0,1,1,0,0,,,,,,0,,0,0,0,0,0,0,0
3370,5,17707,2025-05-20 06:00:00+00:00,17707,2025-05-20 06:00:00+00:00,1,0,,,0,,,0,0,,,1,0,0,1,0,0,,,,,,0,,0,0,0,0,0,0,0
3371,5,17714,2025-05-21 10:00:00+00:00,17716,2025-05-21 18:00:00+00:00,1,0,,,0,,,0,0,,,1,0,1,1,0,0,,,,,,0,,0,0,0,0,0,0,0
3372,5,17718,2025-05-22 02:00:00+00:00,17718,2025-05-22 02:00:00+00:00,1,0,,,0,,,0,0,,,1,0,0,1,0,0,,,,,,0,,0,0,0,0,0,0,0
3374,5,17721,2025-05-22 14:00:00+00:00,17721,2025-05-22 14:00:00+00:00,1,0,,,0,,,0,0,,,1,0,0,1,0,0,,,,,,0,,0,0,0,0,0,0,0
3378,5,17729,2025-05-25 22:00:00+00:00,17729,2025-05-25 22:00:00+00:00,1,0,,,0,,,0,0,,,1,0,0,1,0,0,,,,,,0,,0,0,0,0,0,0,0
3380,5,17735,2025-05-26 22:00:00+00:00,17735,2025-05-26 22:00:00+00:00,1,0,,,0,,,0,0,,,1,0,0,1,0,0,,,,,,0,,0,0,0,0,0,0,0
3381,5,17739,2025-05-27 14:00:00+00:00,17739,2025-05-27 14:00:00+00:00,1,0,,,0,,,0,0,,,1,0,0,1,0,0,,,,,,0,,0,0,0,0,0,0,0
3383,5,17742,2025-05-28 02:00:00+00:00,17742,2025-05-28 02:00:00+00:00,1,0,,,0,,,0,0,,,1,0,0,1,0,0,,,,,,0,,0,0,0,0,0,0,0
3386,5,17745,2025-05-28 14:00:00+00:00,17745,2025-05-28 14:00:00+00:00,1,0,,,0,,,0,0,,,1,0,0,1,0,0,,,,,,0,,0,0,0,0,0,0,0
3387,5,17758,2025-05-30 18:00:00+00:00,17758,2025-05-30 18:00:00+00:00,1,0,,,0,,,0,0,,,1,0,0,1,0,0,,,,,,0,,0,0,0,0,0,0,0
3389,5,17774,2025-06-04 10:00:00+00:00,17774,2025-06-04 10:00:00+00:00,1,0,,,0,,,0,0,,,1,0,0,1,0,0,,,,,,0,,0,0,0,0,0,0,0
3392,5,17796,2025-06-10 02:00:00+00:00,17797,2025-06-10 06:00:00+00:00,1,0,,,0,,,0,0,,,1,0,0,1,0,0,,,,,,0,,0,0,0,0,0,0,0
3396,5,17818,2025-06-13 18:00:00+00:00,17819,2025-06-15 22:00:00+00:00,1,0,,,0,,,0,0,,,1,0,0,1,0,0,,,,,,0,,0,0,0,0,0,0,0
3399,5,17825,2025-06-16 22:00:00+00:00,17825,2025-06-16 22:00:00+00:00,1,0,,,0,,,0,0,,,1,0,1,1,0,0,,,,,,0,,0,0,0,0,0,0,0
3400,5,17827,2025-06-17 06:00:00+00:00,17828,2025-06-17 10:00:00+00:00,1,0,,,0,,,0,0,,,1,0,0,1,0,0,,,,,,0,,0,0,0,0,0,0,0
3402,5,17835,2025-06-18 14:00:00+00:00,17835,2025-06-18 14:00:00+00:00,1,0,,,0,,,0,0,,,1,0,0,1,0,0,,,,,,0,,0,0,0,0,0,0,0
3408,5,17846,2025-06-20 10:00:00+00:00,17848,2025-06-20 18:00:00+00:00,1,0,,,0,,,0,0,,,1,0,0,1,0,0,,,,,,0,,0,0,0,0,0,0,0
3413,5,17861,2025-06-24 22:00:00+00:00,17861,2025-06-24 22:00:00+00:00,1,0,,,0,,,0,0,,,1,0,0,1,0,0,,,,,,0,,0,0,0,0,0,0,0
3414,5,17864,2025-06-25 10:00:00+00:00,17868,2025-06-26 02:00:00+00:00,1,1,17868.0,2025-06-26 02:00:00+00:00,1,17868.0,2025-06-26 02:00:00+00:00,1,0,17868.0,2025-06-26 02:00:00+00:00,0,0,0,0,0,1,0.6166042132752764,0.7137455397560757,0.4,2.0,0.0,1,0.5873850736900852,1,0,0,0,0,0,1
3421,5,17905,2025-07-04 06:00:00+00:00,17907,2025-07-04 14:00:00+00:00,1,0,,,0,,,0,0,,,1,0,1,1,0,0,,,,,,0,,0,0,0,0,0,0,0
3422,5,17909,2025-07-07 02:00:00+00:00,17909,2025-07-07 02:00:00+00:00,1,0,,,0,,,0,0,,,1,0,0,1,0,0,,,,,,0,,0,0,0,0,0,0,0
3424,5,17923,2025-07-09 10:00:00+00:00,17923,2025-07-09 10:00:00+00:00,1,0,,,0,,,0,0,,,1,0,0,1,0,0,,,,,,0,,0,0,0,0,0,0,0
3427,5,17930,2025-07-10 14:00:00+00:00,17931,2025-07-10 18:00:00+00:00,1,0,,,0,,,0,0,,,1,0,0,1,0,0,,,,,,0,,0,0,0,0,0,0,0
3430,5,17943,2025-07-14 18:00:00+00:00,17944,2025-07-14 22:00:00+00:00,1,0,,,0,,,0,0,,,1,0,1,1,0,0,,,,,,0,,0,0,0,0,0,0,0
3431,5,17946,2025-07-15 06:00:00+00:00,17946,2025-07-15 06:00:00+00:00,1,0,,,0,,,0,0,,,1,0,0,1,0,0,,,,,,0,,0,0,0,0,0,0,0
3433,5,17953,2025-07-16 10:00:00+00:00,17953,2025-07-16 10:00:00+00:00,1,0,,,0,,,0,0,,,1,0,0,1,0,0,,,,,,0,,0,0,0,0,0,0,0
3435,5,17966,2025-07-18 14:00:00+00:00,17967,2025-07-18 18:00:00+00:00,1,0,,,0,,,0,0,,,1,0,0,1,0,0,,,,,,0,,0,0,0,0,0,0,0
3437,5,17970,2025-07-21 06:00:00+00:00,17970,2025-07-21 06:00:00+00:00,1,0,,,0,,,0,0,,,1,0,0,1,0,0,,,,,,0,,0,0,0,0,0,0,0
3438,5,17974,2025-07-21 22:00:00+00:00,17974,2025-07-21 22:00:00+00:00,1,0,,,0,,,0,0,,,1,0,0,1,0,0,,,,,,0,,0,0,0,0,0,0,0
3439,5,18000,2025-07-28 06:00:00+00:00,18000,2025-07-28 06:00:00+00:00,1,0,,,0,,,0,0,,,1,0,0,1,0,0,,,,,,0,,0,0,0,0,0,0,0
3440,5,18010,2025-07-29 22:00:00+00:00,18011,2025-07-30 02:00:00+00:00,1,0,,,0,,,0,0,,,1,0,0,1,0,0,,,,,,0,,0,0,0,0,0,0,0
3442,5,18024,2025-08-01 06:00:00+00:00,18024,2025-08-01 06:00:00+00:00,1,0,,,0,,,0,0,,,1,0,0,1,0,0,,,,,,0,,0,0,0,0,0,0,0
3443,5,18033,2025-08-04 18:00:00+00:00,18034,2025-08-04 22:00:00+00:00,1,0,,,0,,,0,0,,,1,0,0,1,0,0,,,,,,0,,0,0,0,0,0,0,0
3445,5,18045,2025-08-06 18:00:00+00:00,18045,2025-08-06 18:00:00+00:00,1,0,,,0,,,0,0,,,1,0,0,1,0,0,,,,,,0,,0,0,0,0,0,0,0
3448,5,18057,2025-08-08 18:00:00+00:00,18057,2025-08-08 18:00:00+00:00,1,0,,,0,,,0,0,,,1,0,1,1,0,0,,,,,,0,,0,0,0,0,0,0,0
3449,5,18059,2025-08-11 02:00:00+00:00,18059,2025-08-11 02:00:00+00:00,1,0,,,0,,,0,0,,,1,0,0,1,0,0,,,,,,0,,0,0,0,0,0,0,0
3450,5,18066,2025-08-12 06:00:00+00:00,18066,2025-08-12 06:00:00+00:00,1,0,,,0,,,0,0,,,1,0,0,1,0,0,,,,,,0,,0,0,0,0,0,0,0
3451,5,18073,2025-08-13 10:00:00+00:00,18073,2025-08-13 10:00:00+00:00,1,0,,,0,,,0,0,,,1,0,0,1,0,0,,,,,,0,,0,0,0,0,0,0,0
3452,5,18084,2025-08-15 06:00:00+00:00,18087,2025-08-15 18:00:00+00:00,1,1,18087.0,2025-08-15 18:00:00+00:00,0,,,0,0,,,0,0,0,0,0,0,0.7898153183581044,0.3482114593225687,0.4,0.0,3.0,-1,0.2300629414083044,1,1,0,1,1,0,1
3459,5,18113,2025-08-22 02:00:00+00:00,18113,2025-08-22 02:00:00+00:00,1,0,,,0,,,0,0,,,1,0,0,1,0,0,,,,,,0,,0,0,0,0,0,0,0
3462,5,18130,2025-08-26 22:00:00+00:00,18130,2025-08-26 22:00:00+00:00,1,0,,,0,,,0,0,,,1,0,0,1,0,0,,,,,,0,,0,0,0,0,0,0,0
3464,5,18173,2025-09-05 02:00:00+00:00,18173,2025-09-05 02:00:00+00:00,1,0,,,0,,,0,0,,,1,0,0,1,0,0,,,,,,0,,0,0,0,0,0,0,0
3465,5,18196,2025-09-10 22:00:00+00:00,18196,2025-09-10 22:00:00+00:00,1,0,,,0,,,0,0,,,1,0,0,1,0,0,,,,,,0,,0,0,0,0,0,0,0
3467,5,18199,2025-09-11 10:00:00+00:00,18201,2025-09-11 18:00:00+00:00,1,0,,,0,,,0,0,,,1,0,0,1,0,0,,,,,,0,,0,0,0,0,0,0,0
3473,5,18205,2025-09-12 10:00:00+00:00,18205,2025-09-12 10:00:00+00:00,1,0,,,0,,,0,0,,,1,0,1,1,0,0,,,,,,0,,0,0,0,0,0,0,0
3474,5,18207,2025-09-12 18:00:00+00:00,18207,2025-09-12 18:00:00+00:00,1,0,,,0,,,0,0,,,1,0,0,1,0,0,,,,,,0,,0,0,0,0,0,0,0
3475,5,18213,2025-09-15 18:00:00+00:00,18213,2025-09-15 18:00:00+00:00,1,0,,,0,,,0,0,,,1,0,0,1,0,0,,,,,,0,,0,0,0,0,0,0,0
3476,5,18217,2025-09-16 10:00:00+00:00,18218,2025-09-16 14:00:00+00:00,1,0,,,0,,,0,0,,,1,0,0,1,0,0,,,,,,0,,0,0,0,0,0,0,0
3477,5,18223,2025-09-17 10:00:00+00:00,18223,2025-09-17 10:00:00+00:00,1,0,,,0,,,0,0,,,1,0,0,1,0,0,,,,,,0,,0,0,0,0,0,0,0
3478,5,18234,2025-09-19 06:00:00+00:00,18234,2025-09-19 06:00:00+00:00,1,0,,,0,,,0,0,,,1,0,0,1,0,0,,,,,,0,,0,0,0,0,0,0,0
3479,5,18247,2025-09-23 10:00:00+00:00,18248,2025-09-23 14:00:00+00:00,1,0,,,0,,,0,0,,,1,0,1,1,0,0,,,,,,0,,0,0,0,0,0,0,0
3480,5,18250,2025-09-23 22:00:00+00:00,18251,2025-09-24 02:00:00+00:00,1,0,,,0,,,0,0,,,1,0,1,1,0,0,,,,,,0,,0,0,0,0,0,0,0
3482,5,18253,2025-09-24 10:00:00+00:00,18253,2025-09-24 10:00:00+00:00,1,0,,,0,,,0,0,,,1,0,0,1,0,0,,,,,,0,,0,0,0,0,0,0,0
3484,5,18260,2025-09-25 14:00:00+00:00,18263,2025-09-26 02:00:00+00:00,1,1,18263.0,2025-09-26 02:00:00+00:00,1,18263.0,2025-09-26 02:00:00+00:00,1,0,18263.0,2025-09-26 02:00:00+00:00,0,0,0,0,0,1,0.40736538272121703,0.9018291370776876,0.4,1.0,0.0,1,0.6114191280240435,0,0,0,0,0,0,0
3487,5,18277,2025-09-30 10:00:00+00:00,18279,2025-09-30 18:00:00+00:00,1,0,,,0,,,0,0,,,1,0,0,1,0,0,,,,,,0,,0,0,0,0,0,0,0
3489,5,18288,2025-10-02 06:00:00+00:00,18288,2025-10-02 06:00:00+00:00,1,0,,,0,,,0,0,,,1,0,0,1,0,0,,,,,,0,,0,0,0,0,0,0,0
3490,5,18306,2025-10-07 06:00:00+00:00,18306,2025-10-07 06:00:00+00:00,1,0,,,0,,,0,0,,,1,0,0,1,0,0,,,,,,0,,0,0,0,0,0,0,0
3491,5,18317,2025-10-09 02:00:00+00:00,18319,2025-10-09 10:00:00+00:00,1,0,,,0,,,0,0,,,1,0,0,1,0,0,,,,,,0,,0,0,0,0,0,0,0
3493,5,18325,2025-10-10 10:00:00+00:00,18325,2025-10-10 10:00:00+00:00,1,0,,,0,,,0,0,,,1,0,1,1,0,0,,,,,,0,,0,0,0,0,0,0,0
3494,5,18327,2025-10-10 18:00:00+00:00,18327,2025-10-10 18:00:00+00:00,1,0,,,0,,,0,0,,,1,0,0,1,0,0,,,,,,0,,0,0,0,0,0,0,0
3495,5,18345,2025-10-15 18:00:00+00:00,18345,2025-10-15 18:00:00+00:00,1,0,,,0,,,0,0,,,1,0,0,1,0,0,,,,,,0,,0,0,0,0,0,0,0
3496,5,18377,2025-10-23 02:00:00+00:00,18377,2025-10-23 02:00:00+00:00,1,0,,,0,,,0,0,,,1,0,0,1,0,0,,,,,,0,,0,0,0,0,0,0,0
3499,5,18382,2025-10-23 22:00:00+00:00,18382,2025-10-23 22:00:00+00:00,1,0,,,0,,,0,0,,,1,0,0,1,0,0,,,,,,0,,0,0,0,0,0,0,0
3502,5,18385,2025-10-24 10:00:00+00:00,18386,2025-10-24 14:00:00+00:00,1,0,,,0,,,0,0,,,1,0,0,1,0,0,,,,,,0,,0,0,0,0,0,0,0
3506,5,18407,2025-10-30 02:00:00+00:00,18407,2025-10-30 02:00:00+00:00,1,0,,,0,,,0,0,,,1,0,1,1,0,0,,,,,,0,,0,0,0,0,0,0,0
3507,5,18409,2025-10-30 10:00:00+00:00,18410,2025-10-30 14:00:00+00:00,1,0,,,0,,,0,0,,,1,0,0,1,0,0,,,,,,0,,0,0,0,0,0,0,0
3509,5,18423,2025-11-03 15:00:00+00:00,18424,2025-11-03 19:00:00+00:00,1,0,,,0,,,0,0,,,1,0,0,1,0,0,,,,,,0,,0,0,0,0,0,0,0
3511,5,18429,2025-11-04 15:00:00+00:00,18431,2025-11-04 23:00:00+00:00,1,0,,,0,,,0,0,,,1,0,0,1,0,0,,,,,,0,,0,0,0,0,0,0,0
3516,5,18437,2025-11-05 23:00:00+00:00,18437,2025-11-05 23:00:00+00:00,1,0,,,0,,,0,0,,,1,0,0,1,0,0,,,,,,0,,0,0,0,0,0,0,0
3519,5,18441,2025-11-06 15:00:00+00:00,18441,2025-11-06 15:00:00+00:00,1,0,,,0,,,0,0,,,1,0,0,1,0,0,,,,,,0,,0,0,0,0,0,0,0
3521,5,18446,2025-11-07 11:00:00+00:00,18446,2025-11-07 11:00:00+00:00,1,0,,,0,,,0,0,,,1,0,0,1,0,0,,,,,,0,,0,0,0,0,0,0,0
3523,5,18462,2025-11-12 03:00:00+00:00,18462,2025-11-12 03:00:00+00:00,1,0,,,0,,,0,0,,,1,0,0,1,0,0,,,,,,0,,0,0,0,0,0,0,0
3526,5,18475,2025-11-14 07:00:00+00:00,18475,2025-11-14 07:00:00+00:00,1,0,,,0,,,0,0,,,1,0,0,1,0,0,,,,,,0,,0,0,0,0,0,0,0
3529,5,18489,2025-11-18 15:00:00+00:00,18490,2025-11-18 19:00:00+00:00,1,0,,,0,,,0,0,,,1,0,0,1,0,0,,,,,,0,,0,0,0,0,0,0,0
3531,5,18495,2025-11-19 15:00:00+00:00,18495,2025-11-19 15:00:00+00:00,1,0,,,0,,,0,0,,,1,0,0,1,0,0,,,,,,0,,0,0,0,0,0,0,0
3533,5,18500,2025-11-20 11:00:00+00:00,18501,2025-11-20 15:00:00+00:00,1,0,,,0,,,0,0,,,1,0,0,1,0,0,,,,,,0,,0,0,0,0,0,0,0
3537,5,18506,2025-11-21 11:00:00+00:00,18506,2025-11-21 11:00:00+00:00,1,0,,,0,,,0,0,,,1,0,0,1,0,0,,,,,,0,,0,0,0,0,0,0,0
3541,5,18512,2025-11-24 11:00:00+00:00,18512,2025-11-24 11:00:00+00:00,1,0,,,0,,,0,0,,,1,0,0,1,0,0,,,,,,0,,0,0,0,0,0,0,0
3542,5,18518,2025-11-25 11:00:00+00:00,18519,2025-11-25 15:00:00+00:00,1,0,,,0,,,0,0,,,1,0,0,1,0,0,,,,,,0,,0,0,0,0,0,0,0
3544,5,18524,2025-11-26 11:00:00+00:00,18528,2025-11-27 03:00:00+00:00,1,1,18528.0,2025-11-27 03:00:00+00:00,1,18528.0,2025-11-27 03:00:00+00:00,1,0,18528.0,2025-11-27 03:00:00+00:00,0,0,0,0,0,1,0.2839316367438741,0.9678851293201227,0.4,2.0,1.0,1,0.5931281119424877,0,0,0,0,0,0,0
3548,5,18530,2025-11-27 11:00:00+00:00,18531,2025-11-27 15:00:00+00:00,1,0,,,0,,,0,0,,,1,0,0,1,0,0,,,,,,0,,0,0,0,0,0,0,0
3551,5,18565,2025-12-05 07:00:00+00:00,18565,2025-12-05 07:00:00+00:00,1,0,,,0,,,0,0,,,1,0,0,1,0,0,,,,,,0,,0,0,0,0,0,0,0
3552,5,18572,2025-12-08 11:00:00+00:00,18572,2025-12-08 11:00:00+00:00,1,0,,,0,,,0,0,,,1,0,0,1,0,0,,,,,,0,,0,0,0,0,0,0,0
3553,5,18582,2025-12-10 03:00:00+00:00,18584,2025-12-10 11:00:00+00:00,1,0,,,0,,,0,0,,,1,0,0,1,0,0,,,,,,0,,0,0,0,0,0,0,0
3555,5,18591,2025-12-11 15:00:00+00:00,18593,2025-12-11 23:00:00+00:00,1,0,,,0,,,0,0,,,1,0,0,1,0,0,,,,,,0,,0,0,0,0,0,0,0
3559,5,18609,2025-12-16 15:00:00+00:00,18611,2025-12-16 23:00:00+00:00,1,0,,,0,,,0,0,,,1,0,0,1,0,0,,,,,,0,,0,0,0,0,0,0,0
3563,5,18615,2025-12-17 15:00:00+00:00,18615,2025-12-17 15:00:00+00:00,1,0,,,0,,,0,0,,,1,0,0,1,0,0,,,,,,0,,0,0,0,0,0,0,0
3565,5,18618,2025-12-18 03:00:00+00:00,18619,2025-12-18 07:00:00+00:00,1,0,,,0,,,0,0,,,1,0,0,1,0,0,,,,,,0,,0,0,0,0,0,0,0
3566,5,18626,2025-12-19 11:00:00+00:00,18626,2025-12-19 11:00:00+00:00,1,0,,,0,,,0,0,,,1,0,0,1,0,0,,,,,,0,,0,0,0,0,0,0,0
3568,5,18675,2026-01-02 19:00:00+00:00,18675,2026-01-02 19:00:00+00:00,1,0,,,0,,,0,0,,,1,0,1,1,0,0,,,,,,0,,0,0,0,0,0,0,0
3569,5,18677,2026-01-05 03:00:00+00:00,18677,2026-01-05 03:00:00+00:00,1,0,,,0,,,0,0,,,1,0,0,1,0,0,,,,,,0,,0,0,0,0,0,0,0
3571,5,18681,2026-01-05 19:00:00+00:00,18681,2026-01-05 19:00:00+00:00,1,0,,,0,,,0,0,,,1,0,0,1,0,0,,,,,,0,,0,0,0,0,0,0,0
3572,5,18684,2026-01-06 07:00:00+00:00,18684,2026-01-06 07:00:00+00:00,1,0,,,0,,,0,0,,,1,0,0,1,0,0,,,,,,0,,0,0,0,0,0,0,0
3574,5,18687,2026-01-06 19:00:00+00:00,18690,2026-01-07 07:00:00+00:00,1,0,,,0,,,0,0,,,0,0,0,1,0,0,,,,,,0,,0,0,0,0,0,0,0
3581,5,18693,2026-01-07 19:00:00+00:00,18696,2026-01-08 07:00:00+00:00,1,0,,,0,,,0,0,,,0,0,0,1,0,0,,,,,,0,,0,0,0,0,0,0,0
3584,5,18705,2026-01-09 19:00:00+00:00,18705,2026-01-09 19:00:00+00:00,1,0,,,0,,,0,0,,,1,0,0,1,0,0,,,,,,0,,0,0,0,0,0,0,0
3586,5,18716,2026-01-13 15:00:00+00:00,18717,2026-01-13 19:00:00+00:00,1,0,,,0,,,0,0,,,1,0,0,1,0,0,,,,,,0,,0,0,0,0,0,0,0
3589,5,18725,2026-01-15 03:00:00+00:00,18726,2026-01-15 07:00:00+00:00,1,0,,,0,,,0,0,,,1,0,1,1,0,0,,,,,,0,,0,0,0,0,0,0,0
3591,5,18728,2026-01-15 15:00:00+00:00,18729,2026-01-15 19:00:00+00:00,1,0,,,0,,,0,0,,,1,0,0,1,0,0,,,,,,0,,0,0,0,0,0,0,0
3594,5,18732,2026-01-16 07:00:00+00:00,18732,2026-01-16 07:00:00+00:00,1,0,,,0,,,0,0,,,1,0,0,1,0,0,,,,,,0,,0,0,0,0,0,0,0
3596,5,18741,2026-01-19 19:00:00+00:00,18742,2026-01-19 23:00:00+00:00,1,0,,,0,,,0,0,,,1,0,0,1,0,0,,,,,,0,,0,0,0,0,0,0,0
3598,5,18763,2026-01-23 11:00:00+00:00,18763,2026-01-23 11:00:00+00:00,1,0,,,0,,,0,0,,,1,0,0,1,0,0,,,,,,0,,0,0,0,0,0,0,0
3599,5,18810,2026-02-04 07:00:00+00:00,18810,2026-02-04 07:00:00+00:00,1,0,,,0,,,0,0,,,1,0,0,1,0,0,,,,,,0,,0,0,0,0,0,0,0
3603,5,18816,2026-02-05 07:00:00+00:00,18816,2026-02-05 07:00:00+00:00,1,0,,,0,,,0,0,,,1,0,0,1,0,0,,,,,,0,,0,0,0,0,0,0,0
3604,5,18828,2026-02-09 07:00:00+00:00,18828,2026-02-09 07:00:00+00:00,1,0,,,0,,,0,0,,,1,0,0,1,0,0,,,,,,0,,0,0,0,0,0,0,0
3605,5,18831,2026-02-09 19:00:00+00:00,18833,2026-02-10 03:00:00+00:00,1,0,,,0,,,0,0,,,1,0,0,1,0,0,,,,,,0,,0,0,0,0,0,0,0
3609,5,18836,2026-02-10 15:00:00+00:00,18836,2026-02-10 15:00:00+00:00,1,0,,,0,,,0,0,,,1,0,0,1,0,0,,,,,,0,,0,0,0,0,0,0,0
3611,5,18846,2026-02-12 07:00:00+00:00,18846,2026-02-12 07:00:00+00:00,1,0,,,0,,,0,0,,,1,0,0,1,0,0,,,,,,0,,0,0,0,0,0,0,0
3612,5,18850,2026-02-12 23:00:00+00:00,18851,2026-02-13 03:00:00+00:00,1,0,,,0,,,0,0,,,1,0,0,1,0,0,,,,,,0,,0,0,0,0,0,0,0
3613,5,18855,2026-02-13 19:00:00+00:00,18855,2026-02-13 19:00:00+00:00,1,0,,,0,,,0,0,,,1,0,0,1,0,0,,,,,,0,,0,0,0,0,0,0,0
3614,5,18858,2026-02-16 07:00:00+00:00,18858,2026-02-16 07:00:00+00:00,1,0,,,0,,,0,0,,,1,0,0,1,0,0,,,,,,0,,0,0,0,0,0,0,0
3616,5,18861,2026-02-16 19:00:00+00:00,18861,2026-02-16 19:00:00+00:00,1,0,,,0,,,0,0,,,1,0,0,1,0,0,,,,,,0,,0,0,0,0,0,0,0
3618,5,18868,2026-02-17 23:00:00+00:00,18870,2026-02-18 07:00:00+00:00,1,0,,,0,,,0,0,,,1,0,0,1,0,0,,,,,,0,,0,0,0,0,0,0,0
3620,5,18876,2026-02-19 07:00:00+00:00,18879,2026-02-19 19:00:00+00:00,1,1,18879.0,2026-02-19 19:00:00+00:00,0,,,0,0,,,0,0,0,0,0,0,0.3285155656357206,0.9449832681073074,0.6,1.0,1.0,0,0.4954214546058743,0,0,0,1,0,0,1
3624,5,18907,2026-02-26 11:00:00+00:00,18907,2026-02-26 11:00:00+00:00,1,0,,,0,,,0,0,,,1,0,0,1,0,0,,,,,,0,,0,0,0,0,0,0,0
3627,5,18932,2026-03-04 15:00:00+00:00,18936,2026-03-05 07:00:00+00:00,1,0,,,0,,,0,0,,,0,0,0,1,0,0,,,,,,0,,0,0,0,0,0,0,0
3631,5,18940,2026-03-05 23:00:00+00:00,18940,2026-03-05 23:00:00+00:00,1,0,,,0,,,0,0,,,1,0,1,1,0,0,,,,,,0,,0,0,0,0,0,0,0
3632,5,18942,2026-03-06 07:00:00+00:00,18943,2026-03-06 11:00:00+00:00,1,0,,,0,,,0,0,,,1,0,0,1,0,0,,,,,,0,,0,0,0,0,0,0,0
3634,5,18951,2026-03-09 14:00:00+00:00,18951,2026-03-09 14:00:00+00:00,1,0,,,0,,,0,0,,,1,0,0,1,0,0,,,,,,0,,0,0,0,0,0,0,0
3636,5,18958,2026-03-10 18:00:00+00:00,18960,2026-03-11 02:00:00+00:00,1,0,,,0,,,0,0,,,1,0,0,1,0,0,,,,,,0,,0,0,0,0,0,0,0
3638,5,18963,2026-03-11 14:00:00+00:00,18964,2026-03-11 18:00:00+00:00,1,0,,,0,,,0,0,,,1,0,0,1,0,0,,,,,,0,,0,0,0,0,0,0,0
3642,5,18974,2026-03-13 10:00:00+00:00,18974,2026-03-13 10:00:00+00:00,1,0,,,0,,,0,0,,,1,0,1,1,0,0,,,,,,0,,0,0,0,0,0,0,0
3643,5,18976,2026-03-13 18:00:00+00:00,18976,2026-03-13 18:00:00+00:00,1,0,,,0,,,0,0,,,1,0,0,1,0,0,,,,,,0,,0,0,0,0,0,0,0
3644,5,18981,2026-03-16 14:00:00+00:00,18984,2026-03-17 02:00:00+00:00,1,0,,,0,,,0,0,,,0,0,0,1,0,0,,,,,,0,,0,0,0,0,0,0,0
3647,5,18991,2026-03-18 06:00:00+00:00,18991,2026-03-18 06:00:00+00:00,1,0,,,0,,,0,0,,,1,0,0,1,0,0,,,,,,0,,0,0,0,0,0,0,0
3649,5,19016,2026-03-24 10:00:00+00:00,19017,2026-03-24 14:00:00+00:00,1,0,,,0,,,0,0,,,1,0,0,1,0,0,,,,,,0,,0,0,0,0,0,0,0
3651,5,19025,2026-03-25 22:00:00+00:00,19025,2026-03-25 22:00:00+00:00,1,0,,,0,,,0,0,,,1,0,0,1,0,0,,,,,,0,,0,0,0,0,0,0,0
3655,5,19031,2026-03-26 22:00:00+00:00,19032,2026-03-27 02:00:00+00:00,1,0,,,0,,,0,0,,,1,0,0,1,0,0,,,,,,0,,0,0,0,0,0,0,0
3659,5,19039,2026-03-30 06:00:00+00:00,19039,2026-03-30 06:00:00+00:00,1,0,,,0,,,0,0,,,1,0,0,1,0,0,,,,,,0,,0,0,0,0,0,0,0
3661,5,19044,2026-03-31 02:00:00+00:00,19045,2026-03-31 06:00:00+00:00,1,0,,,0,,,0,0,,,1,0,0,1,0,0,,,,,,0,,0,0,0,0,0,0,0
3665,5,19068,2026-04-07 02:00:00+00:00,19071,2026-04-07 14:00:00+00:00,1,0,,,0,,,0,0,,,0,0,0,1,0,0,,,,,,0,,0,0,0,0,0,0,0
3670,5,19084,2026-04-09 18:00:00+00:00,19084,2026-04-09 18:00:00+00:00,1,0,,,0,,,0,0,,,1,0,0,1,0,0,,,,,,0,,0,0,0,0,0,0,0
3672,5,19087,2026-04-10 06:00:00+00:00,19087,2026-04-10 06:00:00+00:00,1,0,,,0,,,0,0,,,1,0,0,1,0,0,,,,,,0,,0,0,0,0,0,0,0
2,8,14,2014-01-06 07:00:00+00:00,15,2014-01-06 11:00:00+00:00,1,0,,,0,,,0,0,,,1,0,0,1,0,0,,,,,,0,,0,0,0,0,0,0,0
6,8,24,2014-01-07 23:00:00+00:00,24,2014-01-07 23:00:00+00:00,1,0,,,0,,,0,0,,,1,0,0,1,0,0,,,,,,0,,0,0,0,0,0,0,0
9,8,29,2014-01-08 19:00:00+00:00,34,2014-01-09 15:00:00+00:00,1,0,,,0,,,0,0,,,0,0,0,1,0,0,,,,,,0,,0,0,0,0,0,0,0
12,8,38,2014-01-10 07:00:00+00:00,38,2014-01-10 07:00:00+00:00,1,0,,,0,,,0,0,,,1,0,0,1,0,0,,,,,,0,,0,0,0,0,0,0,0
15,8,47,2014-01-13 19:00:00+00:00,48,2014-01-13 23:00:00+00:00,1,0,,,0,,,0,0,,,1,0,0,1,0,0,,,,,,0,,0,0,0,0,0,0,0
19,8,55,2014-01-15 03:00:00+00:00,55,2014-01-15 03:00:00+00:00,1,0,,,0,,,0,0,,,1,0,0,1,0,0,,,,,,0,,0,0,0,0,0,0,0
22,8,67,2014-01-17 03:00:00+00:00,68,2014-01-17 07:00:00+00:00,1,0,,,0,,,0,0,,,1,0,0,1,0,0,,,,,,0,,0,0,0,0,0,0,0
28,8,113,2014-01-28 23:00:00+00:00,115,2014-01-29 07:00:00+00:00,1,0,,,0,,,0,0,,,1,0,1,1,0,0,,,,,,0,,0,0,0,0,0,0,0
29,8,117,2014-01-29 15:00:00+00:00,117,2014-01-29 15:00:00+00:00,1,0,,,0,,,0,0,,,1,0,0,1,0,0,,,,,,0,,0,0,0,0,0,0,0
33,8,129,2014-01-31 15:00:00+00:00,129,2014-01-31 15:00:00+00:00,1,0,,,0,,,0,0,,,1,0,0,1,0,0,,,,,,0,,0,0,0,0,0,0,0
36,8,204,2014-02-19 07:00:00+00:00,205,2014-02-19 11:00:00+00:00,1,0,,,0,,,0,0,,,1,0,0,1,0,0,,,,,,0,,0,0,0,0,0,0,0
39,8,209,2014-02-20 03:00:00+00:00,210,2014-02-20 07:00:00+00:00,1,0,,,0,,,0,0,,,1,0,0,1,0,0,,,,,,0,,0,0,0,0,0,0,0
44,8,231,2014-02-25 19:00:00+00:00,234,2014-02-26 07:00:00+00:00,1,0,,,0,,,0,0,,,0,0,0,1,0,0,,,,,,0,,0,0,0,0,0,0,0
47,8,267,2014-03-05 19:00:00+00:00,268,2014-03-05 23:00:00+00:00,1,0,,,0,,,0,0,,,1,0,0,1,0,0,,,,,,0,,0,0,0,0,0,0,0
51,8,342,2014-03-21 18:00:00+00:00,342,2014-03-21 18:00:00+00:00,1,0,,,0,,,0,0,,,1,0,0,1,0,0,,,,,,0,,0,0,0,0,0,0,0
52,8,345,2014-03-24 02:00:00+00:00,345,2014-03-24 02:00:00+00:00,1,0,,,0,,,0,0,,,1,0,0,1,0,0,,,,,,0,,0,0,0,0,0,0,0
56,8,367,2014-03-27 18:00:00+00:00,370,2014-03-28 06:00:00+00:00,1,0,,,0,,,0,0,,,0,0,0,1,0,0,,,,,,0,,0,0,0,0,0,0,0
60,8,380,2014-03-31 18:00:00+00:00,380,2014-03-31 18:00:00+00:00,1,0,,,0,,,0,0,,,1,0,0,1,0,0,,,,,,0,,0,0,0,0,0,0,0
63,8,391,2014-04-02 14:00:00+00:00,391,2014-04-02 14:00:00+00:00,1,0,,,0,,,0,0,,,1,0,0,1,0,0,,,,,,0,,0,0,0,0,0,0,0
65,8,394,2014-04-03 02:00:00+00:00,396,2014-04-03 10:00:00+00:00,1,0,,,0,,,0,0,,,1,0,0,1,0,0,,,,,,0,,0,0,0,0,0,0,0
68,8,411,2014-04-07 18:00:00+00:00,412,2014-04-07 22:00:00+00:00,1,0,,,0,,,0,0,,,1,0,0,1,0,0,,,,,,0,,0,0,0,0,0,0,0
71,8,432,2014-04-11 06:00:00+00:00,432,2014-04-11 06:00:00+00:00,1,0,,,0,,,0,0,,,1,0,0,1,0,0,,,,,,0,,0,0,0,0,0,0,0
72,8,441,2014-04-14 14:00:00+00:00,441,2014-04-14 14:00:00+00:00,1,0,,,0,,,0,0,,,1,0,1,1,0,0,,,,,,0,,0,0,0,0,0,0,0
73,8,443,2014-04-14 22:00:00+00:00,443,2014-04-14 22:00:00+00:00,1,0,,,0,,,0,0,,,1,0,0,1,0,0,,,,,,0,,0,0,0,0,0,0,0
75,8,460,2014-04-17 18:00:00+00:00,460,2014-04-17 18:00:00+00:00,1,0,,,0,,,0,0,,,1,0,0,1,0,0,,,,,,0,,0,0,0,0,0,0,0
76,8,466,2014-04-21 14:00:00+00:00,466,2014-04-21 14:00:00+00:00,1,0,,,0,,,0,0,,,1,0,0,1,0,0,,,,,,0,,0,0,0,0,0,0,0
78,8,492,2014-04-27 18:00:00+00:00,492,2014-04-27 18:00:00+00:00,1,0,,,0,,,0,0,,,1,0,0,1,0,0,,,,,,0,,0,0,0,0,0,0,0
81,8,512,2014-05-01 02:00:00+00:00,512,2014-05-01 02:00:00+00:00,1,0,,,0,,,0,0,,,1,0,0,1,0,0,,,,,,0,,0,0,0,0,0,0,0
84,8,530,2014-05-05 22:00:00+00:00,530,2014-05-05 22:00:00+00:00,1,0,,,0,,,0,0,,,1,0,1,1,0,0,,,,,,0,,0,0,0,0,0,0,0
85,8,532,2014-05-06 06:00:00+00:00,532,2014-05-06 06:00:00+00:00,1,0,,,0,,,0,0,,,1,0,0,1,0,0,,,,,,0,,0,0,0,0,0,0,0
91,8,567,2014-05-13 22:00:00+00:00,568,2014-05-14 02:00:00+00:00,1,0,,,0,,,0,0,,,1,0,0,1,0,0,,,,,,0,,0,0,0,0,0,0,0
93,8,601,2014-05-21 10:00:00+00:00,601,2014-05-21 10:00:00+00:00,1,0,,,0,,,0,0,,,1,0,0,1,0,0,,,,,,0,,0,0,0,0,0,0,0
95,8,622,2014-05-26 18:00:00+00:00,623,2014-05-26 22:00:00+00:00,1,0,,,0,,,0,0,,,1,0,0,1,0,0,,,,,,0,,0,0,0,0,0,0,0
97,8,635,2014-05-28 22:00:00+00:00,635,2014-05-28 22:00:00+00:00,1,0,,,0,,,0,0,,,1,0,0,1,0,0,,,,,,0,,0,0,0,0,0,0,0
99,8,654,2014-06-02 22:00:00+00:00,654,2014-06-02 22:00:00+00:00,1,0,,,0,,,0,0,,,1,0,0,1,0,0,,,,,,0,,0,0,0,0,0,0,0
105,8,698,2014-06-12 02:00:00+00:00,698,2014-06-12 02:00:00+00:00,1,0,,,0,,,0,0,,,1,0,0,1,0,0,,,,,,0,,0,0,0,0,0,0,0
107,8,709,2014-06-15 18:00:00+00:00,709,2014-06-15 18:00:00+00:00,1,0,,,0,,,0,0,,,1,0,0,1,0,0,,,,,,0,,0,0,0,0,0,0,0
110,8,745,2014-06-23 14:00:00+00:00,748,2014-06-24 02:00:00+00:00,1,1,748.0,2014-06-24 02:00:00+00:00,1,748.0,2014-06-24 02:00:00+00:00,1,0,748.0,2014-06-24 02:00:00+00:00,0,0,0,0,0,1,0.49993403248699064,0.7251312944083896,0.5,2.0,0.0,1,0.6152084292470413,0,0,0,0,0,0,0
112,8,750,2014-06-24 10:00:00+00:00,750,2014-06-24 10:00:00+00:00,1,0,,,0,,,0,0,,,1,0,1,1,0,0,,,,,,0,,0,0,0,0,0,0,0
114,8,752,2014-06-24 18:00:00+00:00,752,2014-06-24 18:00:00+00:00,1,0,,,0,,,0,0,,,1,0,0,1,0,0,,,,,,0,,0,0,0,0,0,0,0
117,8,765,2014-06-26 22:00:00+00:00,768,2014-06-27 10:00:00+00:00,1,0,,,0,,,0,0,,,0,0,0,1,0,0,,,,,,0,,0,0,0,0,0,0,0
120,8,774,2014-06-30 06:00:00+00:00,774,2014-06-30 06:00:00+00:00,1,0,,,0,,,0,0,,,1,0,0,1,0,0,,,,,,0,,0,0,0,0,0,0,0
124,8,831,2014-07-11 18:00:00+00:00,833,2014-07-13 22:00:00+00:00,1,0,,,0,,,0,0,,,1,0,0,1,0,0,,,,,,0,,0,0,0,0,0,0,0
127,8,850,2014-07-16 18:00:00+00:00,850,2014-07-16 18:00:00+00:00,1,0,,,0,,,0,0,,,1,0,0,1,0,0,,,,,,0,,0,0,0,0,0,0,0
129,8,853,2014-07-17 06:00:00+00:00,854,2014-07-17 10:00:00+00:00,1,0,,,0,,,0,0,,,1,0,0,1,0,0,,,,,,0,,0,0,0,0,0,0,0
132,8,881,2014-07-23 18:00:00+00:00,881,2014-07-23 18:00:00+00:00,1,0,,,0,,,0,0,,,1,0,0,1,0,0,,,,,,0,,0,0,0,0,0,0,0
134,8,890,2014-07-25 06:00:00+00:00,891,2014-07-25 10:00:00+00:00,1,0,,,0,,,0,0,,,1,0,0,1,0,0,,,,,,0,,0,0,0,0,0,0,0
137,8,900,2014-07-28 18:00:00+00:00,900,2014-07-28 18:00:00+00:00,1,0,,,0,,,0,0,,,1,0,0,1,0,0,,,,,,0,,0,0,0,0,0,0,0
141,8,931,2014-08-04 18:00:00+00:00,934,2014-08-05 06:00:00+00:00,1,1,934.0,2014-08-05 06:00:00+00:00,1,934.0,2014-08-05 06:00:00+00:00,1,0,934.0,2014-08-05 06:00:00+00:00,0,0,0,0,0,1,0.4217207952950828,0.9360146252285079,0.375,0.0,0.0,0,0.7181305190140334,0,0,0,0,0,0,0
144,8,936,2014-08-05 14:00:00+00:00,939,2014-08-06 02:00:00+00:00,1,1,939.0,2014-08-06 02:00:00+00:00,1,939.0,2014-08-06 02:00:00+00:00,1,0,939.0,2014-08-06 02:00:00+00:00,0,0,0,0,0,1,0.572760354420525,0.6805747922437666,0.625,2.0,0.0,1,0.6806387120851928,1,0,0,0,0,0,0
149,8,949,2014-08-07 18:00:00+00:00,949,2014-08-07 18:00:00+00:00,1,0,,,0,,,0,0,,,1,0,0,1,0,0,,,,,,0,,0,0,0,0,0,0,0
151,8,959,2014-08-11 06:00:00+00:00,959,2014-08-11 06:00:00+00:00,1,0,,,0,,,0,0,,,1,0,1,1,0,0,,,,,,0,,0,0,0,0,0,0,0
152,8,961,2014-08-11 14:00:00+00:00,964,2014-08-12 02:00:00+00:00,1,1,964.0,2014-08-12 02:00:00+00:00,0,,,0,0,,,0,0,0,0,0,0,0.4198945936637904,0.8321999051083315,0.5,0.0,2.0,-1,0.573098643585433,0,0,0,1,0,0,1
156,8,994,2014-08-18 22:00:00+00:00,998,2014-08-19 14:00:00+00:00,1,0,,,0,,,0,0,,,0,0,0,1,0,0,,,,,,0,,0,0,0,0,0,0,0
158,8,1015,2014-08-22 10:00:00+00:00,1015,2014-08-22 10:00:00+00:00,1,0,,,0,,,0,0,,,1,0,0,1,0,0,,,,,,0,,0,0,0,0,0,0,0
159,8,1033,2014-08-27 06:00:00+00:00,1033,2014-08-27 06:00:00+00:00,1,0,,,0,,,0,0,,,1,0,0,1,0,0,,,,,,0,,0,0,0,0,0,0,0
163,8,1054,2014-09-01 14:00:00+00:00,1054,2014-09-01 14:00:00+00:00,1,0,,,0,,,0,0,,,1,0,0,1,0,0,,,,,,0,,0,0,0,0,0,0,0
169,8,1122,2014-09-16 14:00:00+00:00,1127,2014-09-17 10:00:00+00:00,1,1,1125.0,2014-09-17 02:00:00+00:00,1,1125.0,2014-09-17 02:00:00+00:00,1,0,1125.0,2014-09-17 02:00:00+00:00,0,0,0,0,0,1,0.4295646420356871,0.9999030538051406,0.625,0.0,1.0,-1,0.6463477558224667,0,0,0,0,0,0,0
173,8,1139,2014-09-19 10:00:00+00:00,1140,2014-09-19 14:00:00+00:00,1,0,,,0,,,0,0,,,1,0,0,1,0,0,,,,,,0,,0,0,0,0,0,0,0
178,8,1158,2014-09-24 10:00:00+00:00,1158,2014-09-24 10:00:00+00:00,1,0,,,0,,,0,0,,,1,0,0,1,0,0,,,,,,0,,0,0,0,0,0,0,0
182,8,1185,2014-09-30 18:00:00+00:00,1188,2014-10-01 06:00:00+00:00,1,1,1188.0,2014-10-01 06:00:00+00:00,1,1188.0,2014-10-01 06:00:00+00:00,1,0,1188.0,2014-10-01 06:00:00+00:00,0,0,0,0,0,1,0.7054039369705138,0.42520248238142133,0.375,0.0,3.0,-1,0.6347546443581548,1,1,0,0,1,0,0
184,8,1190,2014-10-01 14:00:00+00:00,1192,2014-10-01 22:00:00+00:00,1,0,,,0,,,0,0,,,1,0,0,1,0,0,,,,,,0,,0,0,0,0,0,0,0
187,8,1217,2014-10-07 22:00:00+00:00,1217,2014-10-07 22:00:00+00:00,1,0,,,0,,,0,0,,,1,0,0,1,0,0,,,,,,0,,0,0,0,0,0,0,0
188,8,1220,2014-10-08 10:00:00+00:00,1221,2014-10-08 14:00:00+00:00,1,0,,,0,,,0,0,,,1,0,0,1,0,0,,,,,,0,,0,0,0,0,0,0,0
191,8,1243,2014-10-14 02:00:00+00:00,1245,2014-10-14 10:00:00+00:00,1,0,,,0,,,0,0,,,1,0,0,1,0,0,,,,,,0,,0,0,0,0,0,0,0
196,8,1262,2014-10-17 06:00:00+00:00,1262,2014-10-17 06:00:00+00:00,1,0,,,0,,,0,0,,,1,0,1,1,0,0,,,,,,0,,0,0,0,0,0,0,0
198,8,1264,2014-10-17 14:00:00+00:00,1264,2014-10-17 14:00:00+00:00,1,0,,,0,,,0,0,,,1,0,1,1,0,0,,,,,,0,,0,0,0,0,0,0,0
200,8,1266,2014-10-19 18:00:00+00:00,1268,2014-10-20 02:00:00+00:00,1,0,,,0,,,0,0,,,1,0,0,1,0,0,,,,,,0,,0,0,0,0,0,0,0
202,8,1272,2014-10-20 18:00:00+00:00,1273,2014-10-20 22:00:00+00:00,1,0,,,0,,,0,0,,,1,0,0,1,0,0,,,,,,0,,0,0,0,0,0,0,0
204,8,1298,2014-10-26 22:00:00+00:00,1300,2014-10-27 06:00:00+00:00,1,0,,,0,,,0,0,,,1,0,1,1,0,0,,,,,,0,,0,0,0,0,0,0,0
207,8,1302,2014-10-27 14:00:00+00:00,1302,2014-10-27 14:00:00+00:00,1,0,,,0,,,0,0,,,1,0,0,1,0,0,,,,,,0,,0,0,0,0,0,0,0
211,8,1333,2014-11-03 15:00:00+00:00,1333,2014-11-03 15:00:00+00:00,1,0,,,0,,,0,0,,,1,0,0,1,0,0,,,,,,0,,0,0,0,0,0,0,0
213,8,1336,2014-11-04 03:00:00+00:00,1339,2014-11-04 15:00:00+00:00,1,1,1339.0,2014-11-04 15:00:00+00:00,0,,,0,0,,,0,0,0,0,0,0,0.40311300491192087,0.8939953242278923,0.75,1.0,1.0,0,0.4579719768443403,0,0,0,1,0,0,1
218,8,1350,2014-11-06 11:00:00+00:00,1353,2014-11-06 23:00:00+00:00,1,1,1353.0,2014-11-06 23:00:00+00:00,0,,,0,0,,,0,0,0,0,0,0,0.5576337829046736,0.6941545480467878,0.75,1.0,1.0,0,0.4547382081004976,1,0,0,1,0,0,1
221,8,1378,2014-11-13 03:00:00+00:00,1378,2014-11-13 03:00:00+00:00,1,0,,,0,,,0,0,,,1,0,0,1,0,0,,,,,,0,,0,0,0,0,0,0,0
222,8,1385,2014-11-14 07:00:00+00:00,1385,2014-11-14 07:00:00+00:00,1,0,,,0,,,0,0,,,1,0,0,1,0,0,,,,,,0,,0,0,0,0,0,0,0
224,8,1395,2014-11-17 23:00:00+00:00,1396,2014-11-18 03:00:00+00:00,1,0,,,0,,,0,0,,,1,0,1,1,0,0,,,,,,0,,0,0,0,0,0,0,0
226,8,1398,2014-11-18 11:00:00+00:00,1401,2014-11-18 23:00:00+00:00,1,0,,,0,,,0,0,,,0,0,0,1,0,0,,,,,,0,,0,0,0,0,0,0,0
231,8,1407,2014-11-19 23:00:00+00:00,1410,2014-11-20 11:00:00+00:00,1,1,1410.0,2014-11-20 11:00:00+00:00,1,1410.0,2014-11-20 11:00:00+00:00,1,0,1410.0,2014-11-20 11:00:00+00:00,0,0,0,0,0,1,0.29580831196771423,0.8961480177934229,0.25,1.0,1.0,0,0.6309122907597473,0,0,0,0,0,0,0
235,8,1417,2014-11-21 15:00:00+00:00,1419,2014-11-23 23:00:00+00:00,1,0,,,0,,,0,0,,,1,0,0,1,0,0,,,,,,0,,0,0,0,0,0,0,0
240,8,1423,2014-11-24 15:00:00+00:00,1423,2014-11-24 15:00:00+00:00,1,0,,,0,,,0,0,,,1,0,1,1,0,0,,,,,,0,,0,0,0,0,0,0,0
242,8,1425,2014-11-24 23:00:00+00:00,1427,2014-11-25 07:00:00+00:00,1,0,,,0,,,0,0,,,1,0,0,1,0,0,,,,,,0,,0,0,0,0,0,0,0
247,8,1436,2014-11-26 19:00:00+00:00,1437,2014-11-26 23:00:00+00:00,1,0,,,0,,,0,0,,,1,0,0,1,0,0,,,,,,0,,0,0,0,0,0,0,0
251,8,1462,2014-12-03 11:00:00+00:00,1462,2014-12-03 11:00:00+00:00,1,0,,,0,,,0,0,,,1,0,0,1,0,0,,,,,,0,,0,0,0,0,0,0,0
253,8,1468,2014-12-04 11:00:00+00:00,1469,2014-12-04 15:00:00+00:00,1,0,,,0,,,0,0,,,1,0,0,1,0,0,,,,,,0,,0,0,0,0,0,0,0
256,8,1485,2014-12-09 07:00:00+00:00,1485,2014-12-09 07:00:00+00:00,1,0,,,0,,,0,0,,,1,0,0,1,0,0,,,,,,0,,0,0,0,0,0,0,0
258,8,1494,2014-12-10 19:00:00+00:00,1495,2014-12-10 23:00:00+00:00,1,0,,,0,,,0,0,,,1,0,0,1,0,0,,,,,,0,,0,0,0,0,0,0,0
261,8,1500,2014-12-11 19:00:00+00:00,1502,2014-12-12 03:00:00+00:00,1,0,,,0,,,0,0,,,1,0,0,1,0,0,,,,,,0,,0,0,0,0,0,0,0
265,8,1508,2014-12-15 03:00:00+00:00,1508,2014-12-15 03:00:00+00:00,1,0,,,0,,,0,0,,,1,0,0,1,0,0,,,,,,0,,0,0,0,0,0,0,0
269,8,1537,2014-12-21 23:00:00+00:00,1538,2014-12-22 03:00:00+00:00,1,0,,,0,,,0,0,,,1,0,0,1,0,0,,,,,,0,,0,0,0,0,0,0,0
272,8,1553,2014-12-24 15:00:00+00:00,1553,2014-12-24 15:00:00+00:00,1,0,,,0,,,0,0,,,1,0,0,1,0,0,,,,,,0,,0,0,0,0,0,0,0
277,8,1601,2015-01-07 23:00:00+00:00,1610,2015-01-09 11:00:00+00:00,1,1,1608.0,2015-01-09 03:00:00+00:00,1,1608.0,2015-01-09 03:00:00+00:00,1,0,1608.0,2015-01-09 03:00:00+00:00,0,0,0,0,0,1,0.41063714896479575,0.9051153784089314,0.5,0.0,0.0,0,0.6947455650965649,0,0,0,0,0,0,1
283,8,1626,2015-01-14 03:00:00+00:00,1629,2015-01-14 15:00:00+00:00,1,1,1629.0,2015-01-14 15:00:00+00:00,0,,,0,0,,,0,0,0,0,0,0,0.34209749102287523,0.8756244352377579,0.75,1.0,1.0,0,0.48139398599892336,0,0,0,1,0,0,1
286,8,1648,2015-01-19 23:00:00+00:00,1648,2015-01-19 23:00:00+00:00,1,0,,,0,,,0,0,,,1,0,0,1,0,0,,,,,,0,,0,0,0,0,0,0,0
289,8,1676,2015-01-26 15:00:00+00:00,1676,2015-01-26 15:00:00+00:00,1,0,,,0,,,0,0,,,1,0,0,1,0,0,,,,,,0,,0,0,0,0,0,0,0
291,8,1686,2015-01-28 07:00:00+00:00,1686,2015-01-28 07:00:00+00:00,1,0,,,0,,,0,0,,,1,0,0,1,0,0,,,,,,0,,0,0,0,0,0,0,0
294,8,1691,2015-01-29 03:00:00+00:00,1691,2015-01-29 03:00:00+00:00,1,0,,,0,,,0,0,,,1,0,0,1,0,0,,,,,,0,,0,0,0,0,0,0,0
297,8,1719,2015-02-04 19:00:00+00:00,1719,2015-02-04 19:00:00+00:00,1,0,,,0,,,0,0,,,1,0,0,1,0,0,,,,,,0,,0,0,0,0,0,0,0
299,8,1722,2015-02-05 07:00:00+00:00,1723,2015-02-05 11:00:00+00:00,1,0,,,0,,,0,0,,,1,0,0,1,0,0,,,,,,0,,0,0,0,0,0,0,0
303,8,1740,2015-02-10 07:00:00+00:00,1740,2015-02-10 07:00:00+00:00,1,0,,,0,,,0,0,,,1,0,1,1,0,0,,,,,,0,,0,0,0,0,0,0,0
304,8,1742,2015-02-10 15:00:00+00:00,1746,2015-02-11 07:00:00+00:00,1,1,1745.0,2015-02-11 03:00:00+00:00,1,1745.0,2015-02-11 03:00:00+00:00,1,0,1745.0,2015-02-11 03:00:00+00:00,0,0,0,0,0,1,0.4467417714610753,0.7164350319876535,0.375,0.0,1.0,-1,0.7525564109830273,0,0,0,0,0,0,0
309,8,1759,2015-02-13 11:00:00+00:00,1759,2015-02-13 11:00:00+00:00,1,0,,,0,,,0,0,,,1,0,0,1,0,0,,,,,,0,,0,0,0,0,0,0,0
317,8,1815,2015-02-26 23:00:00+00:00,1815,2015-02-26 23:00:00+00:00,1,0,,,0,,,0,0,,,1,0,0,1,0,0,,,,,,0,,0,0,0,0,0,0,0
318,8,1818,2015-02-27 11:00:00+00:00,1819,2015-02-27 15:00:00+00:00,1,0,,,0,,,0,0,,,1,0,0,1,0,0,,,,,,0,,0,0,0,0,0,0,0
321,8,1822,2015-03-02 03:00:00+00:00,1825,2015-03-02 15:00:00+00:00,1,1,1825.0,2015-03-02 15:00:00+00:00,1,1825.0,2015-03-02 15:00:00+00:00,1,0,1825.0,2015-03-02 15:00:00+00:00,0,0,0,0,0,1,0.43561538720937226,0.8039493843273128,0.75,1.0,1.0,0,0.6492449079673148,0,0,0,0,0,0,0
326,8,1835,2015-03-04 07:00:00+00:00,1835,2015-03-04 07:00:00+00:00,1,0,,,0,,,0,0,,,1,0,0,1,0,0,,,,,,0,,0,0,0,0,0,0,0
329,8,1842,2015-03-05 11:00:00+00:00,1842,2015-03-05 11:00:00+00:00,1,0,,,0,,,0,0,,,1,0,0,1,0,0,,,,,,0,,0,0,0,0,0,0,0
333,8,1858,2015-03-09 18:00:00+00:00,1859,2015-03-09 22:00:00+00:00,1,0,,,0,,,0,0,,,1,0,0,1,0,0,,,,,,0,,0,0,0,0,0,0,0
335,8,1876,2015-03-12 18:00:00+00:00,1876,2015-03-12 18:00:00+00:00,1,0,,,0,,,0,0,,,1,0,0,1,0,0,,,,,,0,,0,0,0,0,0,0,0
337,8,1883,2015-03-15 18:00:00+00:00,1884,2015-03-15 22:00:00+00:00,1,0,,,0,,,0,0,,,1,0,1,1,0,0,,,,,,0,,0,0,0,0,0,0,0
338,8,1886,2015-03-16 06:00:00+00:00,1892,2015-03-17 06:00:00+00:00,1,1,1890.0,2015-03-16 22:00:00+00:00,1,1890.0,2015-03-16 22:00:00+00:00,1,0,1890.0,2015-03-16 22:00:00+00:00,0,0,0,0,0,1,0.5851858567877347,0.6591640649579998,0.5,0.0,1.0,-1,0.6709721035122572,1,0,0,0,0,0,1
345,8,1946,2015-03-29 22:00:00+00:00,1946,2015-03-29 22:00:00+00:00,1,0,,,0,,,0,0,,,1,0,0,1,0,0,,,,,,0,,0,0,0,0,0,0,0
347,8,1955,2015-03-31 10:00:00+00:00,1955,2015-03-31 10:00:00+00:00,1,0,,,0,,,0,0,,,1,0,0,1,0,0,,,,,,0,,0,0,0,0,0,0,0
350,8,1969,2015-04-02 18:00:00+00:00,1969,2015-04-02 18:00:00+00:00,1,0,,,0,,,0,0,,,1,0,0,1,0,0,,,,,,0,,0,0,0,0,0,0,0
354,8,1984,2015-04-08 02:00:00+00:00,1985,2015-04-08 06:00:00+00:00,1,0,,,0,,,0,0,,,1,0,0,1,0,0,,,,,,0,,0,0,0,0,0,0,0
356,8,1996,2015-04-10 02:00:00+00:00,1996,2015-04-10 02:00:00+00:00,1,0,,,0,,,0,0,,,1,0,0,1,0,0,,,,,,0,,0,0,0,0,0,0,0
359,8,2019,2015-04-15 18:00:00+00:00,2019,2015-04-15 18:00:00+00:00,1,0,,,0,,,0,0,,,1,0,0,1,0,0,,,,,,0,,0,0,0,0,0,0,0
361,8,2025,2015-04-16 18:00:00+00:00,2025,2015-04-16 18:00:00+00:00,1,0,,,0,,,0,0,,,1,0,0,1,0,0,,,,,,0,,0,0,0,0,0,0,0
365,8,2032,2015-04-19 18:00:00+00:00,2035,2015-04-20 06:00:00+00:00,1,0,,,0,,,0,0,,,0,0,0,1,0,0,,,,,,0,,0,0,0,0,0,0,0
367,8,2045,2015-04-21 22:00:00+00:00,2047,2015-04-22 06:00:00+00:00,1,0,,,0,,,0,0,,,1,0,0,1,0,0,,,,,,0,,0,0,0,0,0,0,0
370,8,2075,2015-04-28 18:00:00+00:00,2080,2015-04-29 14:00:00+00:00,1,0,,,0,,,0,0,,,0,0,0,1,0,0,,,,,,0,,0,0,0,0,0,0,0
376,8,2112,2015-05-06 18:00:00+00:00,2112,2015-05-06 18:00:00+00:00,1,0,,,0,,,0,0,,,1,0,0,1,0,0,,,,,,0,,0,0,0,0,0,0,0
384,8,2205,2015-05-27 18:00:00+00:00,2207,2015-05-28 02:00:00+00:00,1,0,,,0,,,0,0,,,1,0,0,1,0,0,,,,,,0,,0,0,0,0,0,0,0
386,8,2231,2015-06-02 22:00:00+00:00,2234,2015-06-03 10:00:00+00:00,1,1,2234.0,2015-06-03 10:00:00+00:00,0,,,0,0,,,0,0,0,0,0,0,0.39929208173029773,0.8502637889688319,0.625,0.0,2.0,-1,0.5288229851456989,0,0,0,1,0,0,1
388,8,2243,2015-06-04 22:00:00+00:00,2245,2015-06-05 06:00:00+00:00,1,0,,,0,,,0,0,,,1,0,0,1,0,0,,,,,,0,,0,0,0,0,0,0,0
390,8,2257,2015-06-09 02:00:00+00:00,2257,2015-06-09 02:00:00+00:00,1,0,,,0,,,0,0,,,1,0,1,1,0,0,,,,,,0,,0,0,0,0,0,0,0
392,8,2259,2015-06-09 10:00:00+00:00,2259,2015-06-09 10:00:00+00:00,1,0,,,0,,,0,0,,,1,0,0,1,0,0,,,,,,0,,0,0,0,0,0,0,0
395,8,2262,2015-06-09 22:00:00+00:00,2262,2015-06-09 22:00:00+00:00,1,0,,,0,,,0,0,,,1,0,0,1,0,0,,,,,,0,,0,0,0,0,0,0,0
396,8,2277,2015-06-12 10:00:00+00:00,2278,2015-06-12 14:00:00+00:00,1,0,,,0,,,0,0,,,1,0,0,1,0,0,,,,,,0,,0,0,0,0,0,0,0
402,8,2298,2015-06-17 18:00:00+00:00,2300,2015-06-18 02:00:00+00:00,1,0,,,0,,,0,0,,,1,0,0,1,0,0,,,,,,0,,0,0,0,0,0,0,0
404,8,2313,2015-06-22 02:00:00+00:00,2313,2015-06-22 02:00:00+00:00,1,0,,,0,,,0,0,,,1,0,0,1,0,0,,,,,,0,,0,0,0,0,0,0,0
406,8,2335,2015-06-25 18:00:00+00:00,2337,2015-06-26 02:00:00+00:00,1,0,,,0,,,0,0,,,1,0,0,1,0,0,,,,,,0,,0,0,0,0,0,0,0
408,8,2348,2015-06-29 18:00:00+00:00,2348,2015-06-29 18:00:00+00:00,1,0,,,0,,,0,0,,,1,0,0,1,0,0,,,,,,0,,0,0,0,0,0,0,0
409,8,2361,2015-07-01 22:00:00+00:00,2361,2015-07-01 22:00:00+00:00,1,0,,,0,,,0,0,,,1,0,0,1,0,0,,,,,,0,,0,0,0,0,0,0,0
412,8,2374,2015-07-06 02:00:00+00:00,2374,2015-07-06 02:00:00+00:00,1,0,,,0,,,0,0,,,1,0,1,1,0,0,,,,,,0,,0,0,0,0,0,0,0
414,8,2376,2015-07-06 10:00:00+00:00,2380,2015-07-07 02:00:00+00:00,1,1,2380.0,2015-07-07 02:00:00+00:00,1,2380.0,2015-07-07 02:00:00+00:00,1,0,2380.0,2015-07-07 02:00:00+00:00,0,0,0,0,0,1,0.4675724561308494,0.9883417833920691,0.5,0.0,0.0,0,0.8022205824320915,0,0,0,0,0,0,1
419,8,2390,2015-07-08 18:00:00+00:00,2391,2015-07-08 22:00:00+00:00,1,0,,,0,,,0,0,,,1,0,0,1,0,0,,,,,,0,,0,0,0,0,0,0,0
420,8,2395,2015-07-09 14:00:00+00:00,2395,2015-07-09 14:00:00+00:00,1,0,,,0,,,0,0,,,1,0,0,1,0,0,,,,,,0,,0,0,0,0,0,0,0
423,8,2402,2015-07-10 18:00:00+00:00,2405,2015-07-13 02:00:00+00:00,1,1,2405.0,2015-07-13 02:00:00+00:00,0,,,0,0,,,0,0,0,0,0,0,0.4476433741819451,0.9495342694286031,0.75,1.0,1.0,0,0.5015157108291244,0,0,0,1,0,0,1
425,8,2415,2015-07-14 18:00:00+00:00,2415,2015-07-14 18:00:00+00:00,1,0,,,0,,,0,0,,,1,0,0,1,0,0,,,,,,0,,0,0,0,0,0,0,0
429,8,2447,2015-07-21 22:00:00+00:00,2449,2015-07-22 06:00:00+00:00,1,0,,,0,,,0,0,,,1,0,0,1,0,0,,,,,,0,,0,0,0,0,0,0,0
432,8,2477,2015-07-28 18:00:00+00:00,2480,2015-07-29 06:00:00+00:00,1,1,2480.0,2015-07-29 06:00:00+00:00,1,2480.0,2015-07-29 06:00:00+00:00,1,0,2480.0,2015-07-29 06:00:00+00:00,0,0,0,0,0,1,0.601972130205151,0.5856577134986214,0.375,3.0,0.0,1,0.6054258375452535,1,0,0,0,0,0,0
436,8,2492,2015-07-31 06:00:00+00:00,2492,2015-07-31 06:00:00+00:00,1,0,,,0,,,0,0,,,1,0,0,1,0,0,,,,,,0,,0,0,0,0,0,0,0
439,8,2514,2015-08-05 18:00:00+00:00,2514,2015-08-05 18:00:00+00:00,1,0,,,0,,,0,0,,,1,0,0,1,0,0,,,,,,0,,0,0,0,0,0,0,0
444,8,2523,2015-08-07 06:00:00+00:00,2523,2015-08-07 06:00:00+00:00,1,0,,,0,,,0,0,,,1,0,0,1,0,0,,,,,,0,,0,0,0,0,0,0,0
447,8,2555,2015-08-14 10:00:00+00:00,2555,2015-08-14 10:00:00+00:00,1,0,,,0,,,0,0,,,1,0,0,1,0,0,,,,,,0,,0,0,0,0,0,0,0
453,8,2592,2015-08-24 06:00:00+00:00,2592,2015-08-24 06:00:00+00:00,1,0,,,0,,,0,0,,,1,0,0,1,0,0,,,,,,0,,0,0,0,0,0,0,0
456,8,2602,2015-08-25 22:00:00+00:00,2602,2015-08-25 22:00:00+00:00,1,0,,,0,,,0,0,,,1,0,0,1,0,0,,,,,,0,,0,0,0,0,0,0,0
461,8,2639,2015-09-02 22:00:00+00:00,2640,2015-09-03 02:00:00+00:00,1,0,,,0,,,0,0,,,1,0,0,1,0,0,,,,,,0,,0,0,0,0,0,0,0
465,8,2730,2015-09-23 14:00:00+00:00,2730,2015-09-23 14:00:00+00:00,1,0,,,0,,,0,0,,,1,0,0,1,0,0,,,,,,0,,0,0,0,0,0,0,0
467,8,2756,2015-09-29 18:00:00+00:00,2756,2015-09-29 18:00:00+00:00,1,0,,,0,,,0,0,,,1,0,0,1,0,0,,,,,,0,,0,0,0,0,0,0,0
469,8,2794,2015-10-07 22:00:00+00:00,2794,2015-10-07 22:00:00+00:00,1,0,,,0,,,0,0,,,1,0,0,1,0,0,,,,,,0,,0,0,0,0,0,0,0
472,8,2811,2015-10-12 14:00:00+00:00,2816,2015-10-13 10:00:00+00:00,1,1,2816.0,2015-10-13 10:00:00+00:00,0,,,0,0,,,0,0,0,0,0,0,0.2324693321625997,0.8747842099205884,0.25,1.0,2.0,-1,0.5273369856821787,0,0,0,1,0,0,1
479,8,2839,2015-10-19 02:00:00+00:00,2840,2015-10-19 06:00:00+00:00,1,0,,,0,,,0,0,,,1,0,0,1,0,0,,,,,,0,,0,0,0,0,0,0,0
482,8,2845,2015-10-20 02:00:00+00:00,2845,2015-10-20 02:00:00+00:00,1,0,,,0,,,0,0,,,1,0,0,1,0,0,,,,,,0,,0,0,0,0,0,0,0
490,8,2935,2015-11-09 19:00:00+00:00,2938,2015-11-10 07:00:00+00:00,1,1,2938.0,2015-11-10 07:00:00+00:00,0,,,0,0,,,0,0,0,0,0,0,0.6214402281336027,0.7340482573726657,0.375,0.0,0.0,0,0.4672953722803881,1,0,0,1,0,0,1
494,8,2947,2015-11-11 19:00:00+00:00,2950,2015-11-12 07:00:00+00:00,1,1,2950.0,2015-11-12 07:00:00+00:00,1,2950.0,2015-11-12 07:00:00+00:00,0,1,,,0,0,0,0,0,1,0.5521287635765056,0.8673066448801793,0.25,0.0,1.0,-1,0.5979016709318592,1,0,0,0,0,0,0
496,8,2985,2015-11-20 03:00:00+00:00,2985,2015-11-20 03:00:00+00:00,1,0,,,0,,,0,0,,,1,0,0,1,0,0,,,,,,0,,0,0,0,0,0,0,0
498,8,2989,2015-11-20 19:00:00+00:00,2989,2015-11-20 19:00:00+00:00,1,0,,,0,,,0,0,,,1,0,0,1,0,0,,,,,,0,,0,0,0,0,0,0,0
503,8,3006,2015-11-25 15:00:00+00:00,3010,2015-11-26 07:00:00+00:00,1,1,3009.0,2015-11-26 03:00:00+00:00,1,3009.0,2015-11-26 03:00:00+00:00,1,0,3009.0,2015-11-26 03:00:00+00:00,0,0,0,0,0,1,0.6066810730191691,0.6597483330826616,0.375,0.0,1.0,-1,0.7043637493018683,1,0,0,0,0,0,0
507,8,3012,2015-11-26 15:00:00+00:00,3012,2015-11-26 15:00:00+00:00,1,0,,,0,,,0,0,,,1,0,0,1,0,0,,,,,,0,,0,0,0,0,0,0,0
509,8,3032,2015-12-02 07:00:00+00:00,3032,2015-12-02 07:00:00+00:00,1,0,,,0,,,0,0,,,1,0,0,1,0,0,,,,,,0,,0,0,0,0,0,0,0
511,8,3061,2015-12-09 03:00:00+00:00,3061,2015-12-09 03:00:00+00:00,1,0,,,0,,,0,0,,,1,0,0,1,0,0,,,,,,0,,0,0,0,0,0,0,0
513,8,3073,2015-12-11 03:00:00+00:00,3073,2015-12-11 03:00:00+00:00,1,0,,,0,,,0,0,,,1,0,0,1,0,0,,,,,,0,,0,0,0,0,0,0,0
515,8,3076,2015-12-11 15:00:00+00:00,3081,2015-12-14 11:00:00+00:00,1,1,3079.0,2015-12-14 03:00:00+00:00,1,3079.0,2015-12-14 03:00:00+00:00,1,0,3079.0,2015-12-14 03:00:00+00:00,0,0,0,0,0,1,0.637129144192457,0.5252525252525284,0.5,2.0,0.0,1,0.6557717779422939,1,0,0,0,0,0,0
519,8,3085,2015-12-15 03:00:00+00:00,3087,2015-12-15 11:00:00+00:00,1,0,,,0,,,0,0,,,1,0,0,1,0,0,,,,,,0,,0,0,0,0,0,0,0
521,8,3090,2015-12-15 23:00:00+00:00,3091,2015-12-16 03:00:00+00:00,1,0,,,0,,,0,0,,,1,0,0,1,0,0,,,,,,0,,0,0,0,0,0,0,0
524,8,3094,2015-12-16 15:00:00+00:00,3097,2015-12-17 03:00:00+00:00,1,1,3097.0,2015-12-17 03:00:00+00:00,0,,,0,0,,,0,0,0,0,0,0,0.44826532609898895,0.9615769017212782,0.75,1.0,1.0,0,0.44711779124497797,0,0,0,1,0,0,1
529,8,3113,2015-12-21 19:00:00+00:00,3114,2015-12-21 23:00:00+00:00,1,0,,,0,,,0,0,,,1,0,0,1,0,0,,,,,,0,,0,0,0,0,0,0,0
531,8,3119,2015-12-22 19:00:00+00:00,3121,2015-12-23 03:00:00+00:00,1,0,,,0,,,0,0,,,1,0,0,1,0,0,,,,,,0,,0,0,0,0,0,0,0
535,8,3126,2015-12-23 23:00:00+00:00,3132,2015-12-28 03:00:00+00:00,1,1,3132.0,2015-12-28 03:00:00+00:00,0,,,0,0,,,0,0,1,0,0,0,0.5163089713143307,0.6491631377293914,0.25,2.0,0.0,1,0.4639778182548756,0,0,0,1,0,0,1
539,8,3134,2015-12-28 11:00:00+00:00,3134,2015-12-28 11:00:00+00:00,1,0,,,0,,,0,0,,,1,0,1,1,0,0,,,,,,0,,0,0,0,0,0,0,0
542,8,3136,2015-12-28 19:00:00+00:00,3137,2015-12-28 23:00:00+00:00,1,0,,,0,,,0,0,,,1,0,0,1,0,0,,,,,,0,,0,0,0,0,0,0,0
546,8,3169,2016-01-05 23:00:00+00:00,3169,2016-01-05 23:00:00+00:00,1,0,,,0,,,0,0,,,1,0,0,1,0,0,,,,,,0,,0,0,0,0,0,0,0
548,8,3193,2016-01-11 23:00:00+00:00,3194,2016-01-12 03:00:00+00:00,1,0,,,0,,,0,0,,,1,0,0,1,0,0,,,,,,0,,0,0,0,0,0,0,0
550,8,3199,2016-01-12 23:00:00+00:00,3200,2016-01-13 03:00:00+00:00,1,0,,,0,,,0,0,,,1,0,0,1,0,0,,,,,,0,,0,0,0,0,0,0,0
552,8,3203,2016-01-13 15:00:00+00:00,3203,2016-01-13 15:00:00+00:00,1,0,,,0,,,0,0,,,1,0,1,1,0,0,,,,,,0,,0,0,0,0,0,0,0
554,8,3205,2016-01-13 23:00:00+00:00,3208,2016-01-14 11:00:00+00:00,1,1,3208.0,2016-01-14 11:00:00+00:00,0,,,0,0,,,0,0,0,0,0,0,0.5338277938250716,0.7170202854359824,0.25,1.0,0.0,1,0.4504156273176513,0,0,0,1,0,0,1
558,8,3240,2016-01-21 23:00:00+00:00,3247,2016-01-25 03:00:00+00:00,1,0,,,0,,,0,0,,,0,0,0,1,0,0,,,,,,0,,0,0,0,0,0,0,0
562,8,3250,2016-01-25 15:00:00+00:00,3250,2016-01-25 15:00:00+00:00,1,0,,,0,,,0,0,,,1,0,0,1,0,0,,,,,,0,,0,0,0,0,0,0,0
567,8,3284,2016-02-02 07:00:00+00:00,3284,2016-02-02 07:00:00+00:00,1,0,,,0,,,0,0,,,1,0,0,1,0,0,,,,,,0,,0,0,0,0,0,0,0
571,8,3321,2016-02-10 11:00:00+00:00,3323,2016-02-10 19:00:00+00:00,1,0,,,0,,,0,0,,,1,0,0,1,0,0,,,,,,0,,0,0,0,0,0,0,0
575,8,3350,2016-02-17 11:00:00+00:00,3350,2016-02-17 11:00:00+00:00,1,0,,,0,,,0,0,,,1,0,0,1,0,0,,,,,,0,,0,0,0,0,0,0,0
578,8,3355,2016-02-18 07:00:00+00:00,3356,2016-02-18 11:00:00+00:00,1,0,,,0,,,0,0,,,1,0,0,1,0,0,,,,,,0,,0,0,0,0,0,0,0
582,8,3373,2016-02-23 07:00:00+00:00,3373,2016-02-23 07:00:00+00:00,1,0,,,0,,,0,0,,,1,0,0,1,0,0,,,,,,0,,0,0,0,0,0,0,0
583,8,3392,2016-02-26 11:00:00+00:00,3392,2016-02-26 11:00:00+00:00,1,0,,,0,,,0,0,,,1,0,0,1,0,0,,,,,,0,,0,0,0,0,0,0,0
584,8,3404,2016-03-01 11:00:00+00:00,3405,2016-03-01 15:00:00+00:00,1,0,,,0,,,0,0,,,1,0,0,1,0,0,,,,,,0,,0,0,0,0,0,0,0
586,8,3408,2016-03-02 03:00:00+00:00,3408,2016-03-02 03:00:00+00:00,1,0,,,0,,,0,0,,,1,0,0,1,0,0,,,,,,0,,0,0,0,0,0,0,0
589,8,3412,2016-03-02 19:00:00+00:00,3413,2016-03-02 23:00:00+00:00,1,0,,,0,,,0,0,,,1,0,0,1,0,0,,,,,,0,,0,0,0,0,0,0,0
591,8,3431,2016-03-07 23:00:00+00:00,3432,2016-03-08 03:00:00+00:00,1,0,,,0,,,0,0,,,1,0,0,1,0,0,,,,,,0,,0,0,0,0,0,0,0
594,8,3435,2016-03-08 15:00:00+00:00,3436,2016-03-08 19:00:00+00:00,1,0,,,0,,,0,0,,,1,0,0,1,0,0,,,,,,0,,0,0,0,0,0,0,0
597,8,3469,2016-03-15 22:00:00+00:00,3470,2016-03-16 02:00:00+00:00,1,0,,,0,,,0,0,,,1,0,0,1,0,0,,,,,,0,,0,0,0,0,0,0,0
599,8,3481,2016-03-17 22:00:00+00:00,3482,2016-03-18 02:00:00+00:00,1,0,,,0,,,0,0,,,1,0,0,1,0,0,,,,,,0,,0,0,0,0,0,0,0
602,8,3494,2016-03-21 22:00:00+00:00,3495,2016-03-22 02:00:00+00:00,1,0,,,0,,,0,0,,,1,0,0,1,0,0,,,,,,0,,0,0,0,0,0,0,0
606,8,3531,2016-03-30 22:00:00+00:00,3532,2016-03-31 02:00:00+00:00,1,0,,,0,,,0,0,,,1,0,0,1,0,0,,,,,,0,,0,0,0,0,0,0,0
610,8,3549,2016-04-04 18:00:00+00:00,3549,2016-04-04 18:00:00+00:00,1,0,,,0,,,0,0,,,1,0,1,1,0,0,,,,,,0,,0,0,0,0,0,0,0
612,8,3551,2016-04-05 02:00:00+00:00,3551,2016-04-05 02:00:00+00:00,1,0,,,0,,,0,0,,,1,0,0,1,0,0,,,,,,0,,0,0,0,0,0,0,0
614,8,3584,2016-04-12 10:00:00+00:00,3584,2016-04-12 10:00:00+00:00,1,0,,,0,,,0,0,,,1,0,0,1,0,0,,,,,,0,,0,0,0,0,0,0,0
616,8,3587,2016-04-12 22:00:00+00:00,3587,2016-04-12 22:00:00+00:00,1,0,,,0,,,0,0,,,1,0,0,1,0,0,,,,,,0,,0,0,0,0,0,0,0
619,8,3599,2016-04-14 22:00:00+00:00,3599,2016-04-14 22:00:00+00:00,1,0,,,0,,,0,0,,,1,0,0,1,0,0,,,,,,0,,0,0,0,0,0,0,0
621,8,3604,2016-04-15 18:00:00+00:00,3606,2016-04-17 22:00:00+00:00,1,0,,,0,,,0,0,,,1,0,0,1,0,0,,,,,,0,,0,0,0,0,0,0,0
626,8,3614,2016-04-19 06:00:00+00:00,3614,2016-04-19 06:00:00+00:00,1,0,,,0,,,0,0,,,1,0,0,1,0,0,,,,,,0,,0,0,0,0,0,0,0
630,8,3621,2016-04-20 10:00:00+00:00,3621,2016-04-20 10:00:00+00:00,1,0,,,0,,,0,0,,,1,0,0,1,0,0,,,,,,0,,0,0,0,0,0,0,0
635,8,3642,2016-04-25 18:00:00+00:00,3648,2016-04-26 18:00:00+00:00,1,1,3645.0,2016-04-26 06:00:00+00:00,0,,,0,0,,,0,0,1,0,0,0,0.3953814849858337,0.6845227908037909,0.375,0.0,2.0,-1,0.5307941319451646,0,0,0,1,0,0,1
639,8,3650,2016-04-27 02:00:00+00:00,3650,2016-04-27 02:00:00+00:00,1,0,,,0,,,0,0,,,1,0,0,1,0,0,,,,,,0,,0,0,0,0,0,0,0
643,8,3672,2016-05-02 14:00:00+00:00,3676,2016-05-03 06:00:00+00:00,1,1,3676.0,2016-05-03 06:00:00+00:00,0,,,0,0,,,0,0,0,0,0,0,0.37781587713237663,0.9199448321291208,0.375,1.0,0.0,1,0.559242360938063,0,0,0,1,0,0,1
647,8,3698,2016-05-08 18:00:00+00:00,3700,2016-05-09 02:00:00+00:00,1,0,,,0,,,0,0,,,1,0,0,1,0,0,,,,,,0,,0,0,0,0,0,0,0
649,8,3717,2016-05-11 22:00:00+00:00,3717,2016-05-11 22:00:00+00:00,1,0,,,0,,,0,0,,,1,0,0,1,0,0,,,,,,0,,0,0,0,0,0,0,0
651,8,3741,2016-05-17 18:00:00+00:00,3744,2016-05-18 06:00:00+00:00,1,1,3744.0,2016-05-18 06:00:00+00:00,1,3744.0,2016-05-18 06:00:00+00:00,1,0,3744.0,2016-05-18 06:00:00+00:00,0,0,0,0,0,1,0.5203919362556572,0.7572857451248519,0.375,0.0,1.0,-1,0.6907769712872683,0,0,0,0,0,0,0
652,8,3759,2016-05-20 18:00:00+00:00,3761,2016-05-22 22:00:00+00:00,1,0,,,0,,,0,0,,,1,0,0,1,0,0,,,,,,0,,0,0,0,0,0,0,0
660,8,3815,2016-06-02 18:00:00+00:00,3818,2016-06-03 06:00:00+00:00,1,1,3818.0,2016-06-03 06:00:00+00:00,1,3818.0,2016-06-03 06:00:00+00:00,1,0,3818.0,2016-06-03 06:00:00+00:00,0,0,0,0,0,1,0.5039369849250902,0.8858761259169942,0.375,0.0,1.0,-1,0.7245596709001348,0,0,0,0,0,0,0
666,8,3831,2016-06-07 06:00:00+00:00,3831,2016-06-07 06:00:00+00:00,1,0,,,0,,,0,0,,,1,0,0,1,0,0,,,,,,0,,0,0,0,0,0,0,0
670,8,3902,2016-06-22 18:00:00+00:00,3902,2016-06-22 18:00:00+00:00,1,0,,,0,,,0,0,,,1,0,0,1,0,0,,,,,,0,,0,0,0,0,0,0,0
672,8,3905,2016-06-23 06:00:00+00:00,3907,2016-06-23 14:00:00+00:00,1,0,,,0,,,0,0,,,1,0,0,1,0,0,,,,,,0,,0,0,0,0,0,0,0
675,8,3920,2016-06-27 14:00:00+00:00,3920,2016-06-27 14:00:00+00:00,1,0,,,0,,,0,0,,,1,0,1,1,0,0,,,,,,0,,0,0,0,0,0,0,0
676,8,3922,2016-06-27 22:00:00+00:00,3922,2016-06-27 22:00:00+00:00,1,0,,,0,,,0,0,,,1,0,0,1,0,0,,,,,,0,,0,0,0,0,0,0,0
681,8,3927,2016-06-28 18:00:00+00:00,3927,2016-06-28 18:00:00+00:00,1,0,,,0,,,0,0,,,1,0,0,1,0,0,,,,,,0,,0,0,0,0,0,0,0
683,8,3933,2016-06-29 18:00:00+00:00,3938,2016-06-30 14:00:00+00:00,1,1,3938.0,2016-06-30 14:00:00+00:00,0,,,0,0,,,0,0,0,0,0,0,0.49535421648353883,0.8007171790955687,0.25,0.0,2.0,-1,0.48492154583101554,0,0,0,1,0,0,1
694,8,4015,2016-07-18 22:00:00+00:00,4018,2016-07-19 10:00:00+00:00,1,1,4018.0,2016-07-19 10:00:00+00:00,0,,,0,0,,,0,0,1,0,0,0,0.5218014416156069,0.7765275059795698,0.25,1.0,0.0,1,0.5297083651672474,0,0,0,1,0,0,1
697,8,4020,2016-07-19 18:00:00+00:00,4022,2016-07-20 02:00:00+00:00,1,0,,,0,,,0,0,,,1,0,0,1,0,0,,,,,,0,,0,0,0,0,0,0,0
698,8,4035,2016-07-22 06:00:00+00:00,4035,2016-07-22 06:00:00+00:00,1,0,,,0,,,0,0,,,1,0,0,1,0,0,,,,,,0,,0,0,0,0,0,0,0
699,8,4038,2016-07-22 18:00:00+00:00,4038,2016-07-22 18:00:00+00:00,1,0,,,0,,,0,0,,,1,0,0,1,0,0,,,,,,0,,0,0,0,0,0,0,0
702,8,4042,2016-07-25 06:00:00+00:00,4042,2016-07-25 06:00:00+00:00,1,0,,,0,,,0,0,,,1,0,0,1,0,0,,,,,,0,,0,0,0,0,0,0,0
705,8,4075,2016-08-01 14:00:00+00:00,4078,2016-08-02 02:00:00+00:00,1,1,4078.0,2016-08-02 02:00:00+00:00,0,,,0,0,,,0,0,0,0,0,0,0.3269130826793068,0.6564530058953875,0.875,3.0,1.0,1,0.4614708659821376,0,0,0,1,0,0,1
709,8,4092,2016-08-04 10:00:00+00:00,4095,2016-08-04 22:00:00+00:00,1,0,,,0,,,0,0,,,0,0,0,1,0,0,,,,,,0,,0,0,0,0,0,0,0
714,8,4107,2016-08-08 18:00:00+00:00,4110,2016-08-09 06:00:00+00:00,1,1,4110.0,2016-08-09 06:00:00+00:00,1,4110.0,2016-08-09 06:00:00+00:00,1,0,4110.0,2016-08-09 06:00:00+00:00,0,0,0,0,0,1,0.370976336265904,0.8272635612018705,0.75,1.0,2.0,-1,0.6576055467538096,0,0,0,0,0,0,0
716,8,4112,2016-08-09 14:00:00+00:00,4113,2016-08-09 18:00:00+00:00,1,0,,,0,,,0,0,,,1,0,0,1,0,0,,,,,,0,,0,0,0,0,0,0,0
725,8,4203,2016-08-30 06:00:00+00:00,4204,2016-08-30 10:00:00+00:00,1,0,,,0,,,0,0,,,1,0,0,1,0,0,,,,,,0,,0,0,0,0,0,0,0
727,8,4213,2016-08-31 22:00:00+00:00,4215,2016-09-01 06:00:00+00:00,1,0,,,0,,,0,0,,,1,0,0,1,0,0,,,,,,0,,0,0,0,0,0,0,0
731,8,4247,2016-09-08 10:00:00+00:00,4247,2016-09-08 10:00:00+00:00,1,0,,,0,,,0,0,,,1,0,0,1,0,0,,,,,,0,,0,0,0,0,0,0,0
734,8,4277,2016-09-15 06:00:00+00:00,4277,2016-09-15 06:00:00+00:00,1,0,,,0,,,0,0,,,1,0,0,1,0,0,,,,,,0,,0,0,0,0,0,0,0
736,8,4289,2016-09-19 02:00:00+00:00,4289,2016-09-19 02:00:00+00:00,1,0,,,0,,,0,0,,,1,0,0,1,0,0,,,,,,0,,0,0,0,0,0,0,0
741,8,4318,2016-09-25 18:00:00+00:00,4319,2016-09-25 22:00:00+00:00,1,0,,,0,,,0,0,,,1,0,0,1,0,0,,,,,,0,,0,0,0,0,0,0,0
745,8,4348,2016-09-30 18:00:00+00:00,4352,2016-10-03 06:00:00+00:00,1,1,4352.0,2016-10-03 06:00:00+00:00,1,4352.0,2016-10-03 06:00:00+00:00,1,0,4352.0,2016-10-03 06:00:00+00:00,0,0,0,0,0,1,0.6522978180280845,0.4437724014336941,0.25,0.0,2.0,-1,0.6548252390088466,1,1,0,0,1,0,1
752,8,4387,2016-10-10 22:00:00+00:00,4388,2016-10-11 02:00:00+00:00,1,0,,,0,,,0,0,,,1,0,0,1,0,0,,,,,,0,,0,0,0,0,0,0,0
755,8,4391,2016-10-11 14:00:00+00:00,4391,2016-10-11 14:00:00+00:00,1,0,,,0,,,0,0,,,1,0,0,1,0,0,,,,,,0,,0,0,0,0,0,0,0
758,8,4397,2016-10-12 14:00:00+00:00,4399,2016-10-12 22:00:00+00:00,1,0,,,0,,,0,0,,,1,0,0,1,0,0,,,,,,0,,0,0,0,0,0,0,0
763,8,4402,2016-10-13 10:00:00+00:00,4403,2016-10-13 14:00:00+00:00,1,0,,,0,,,0,0,,,1,0,1,1,0,0,,,,,,0,,0,0,0,0,0,0,0
764,8,4405,2016-10-13 22:00:00+00:00,4406,2016-10-14 02:00:00+00:00,1,0,,,0,,,0,0,,,1,0,0,1,0,0,,,,,,0,,0,0,0,0,0,0,0
766,8,4416,2016-10-17 14:00:00+00:00,4417,2016-10-17 18:00:00+00:00,1,0,,,0,,,0,0,,,1,0,0,1,0,0,,,,,,0,,0,0,0,0,0,0,0
768,8,4422,2016-10-18 14:00:00+00:00,4423,2016-10-18 18:00:00+00:00,1,0,,,0,,,0,0,,,1,0,0,1,0,0,,,,,,0,,0,0,0,0,0,0,0
772,8,4434,2016-10-20 14:00:00+00:00,4435,2016-10-20 18:00:00+00:00,1,0,,,0,,,0,0,,,1,0,0,1,0,0,,,,,,0,,0,0,0,0,0,0,0
775,8,4441,2016-10-21 18:00:00+00:00,4444,2016-10-24 02:00:00+00:00,1,1,4444.0,2016-10-24 02:00:00+00:00,0,,,0,0,,,0,0,0,0,0,0,0.393381286640229,0.8826014343255866,0.25,0.0,1.0,-1,0.551172432555403,0,0,0,1,0,0,1
778,8,4458,2016-10-26 10:00:00+00:00,4458,2016-10-26 10:00:00+00:00,1,0,,,0,,,0,0,,,1,0,0,1,0,0,,,,,,0,,0,0,0,0,0,0,0
779,8,4461,2016-10-26 22:00:00+00:00,4463,2016-10-27 06:00:00+00:00,1,0,,,0,,,0,0,,,1,0,0,1,0,0,,,,,,0,,0,0,0,0,0,0,0
783,8,4479,2016-10-31 18:00:00+00:00,4480,2016-10-31 22:00:00+00:00,1,0,,,0,,,0,0,,,1,0,0,1,0,0,,,,,,0,,0,0,0,0,0,0,0
785,8,4514,2016-11-08 11:00:00+00:00,4514,2016-11-08 11:00:00+00:00,1,0,,,0,,,0,0,,,1,0,0,1,0,0,,,,,,0,,0,0,0,0,0,0,0
788,8,4541,2016-11-14 23:00:00+00:00,4545,2016-11-15 15:00:00+00:00,1,1,4545.0,2016-11-15 15:00:00+00:00,1,4545.0,2016-11-15 15:00:00+00:00,1,0,4545.0,2016-11-15 15:00:00+00:00,0,0,0,0,0,1,0.578027989406201,0.7030182421227271,0.25,2.0,0.0,1,0.5929934185787444,1,0,0,0,0,0,1
791,8,4548,2016-11-16 03:00:00+00:00,4548,2016-11-16 03:00:00+00:00,1,0,,,0,,,0,0,,,1,0,0,1,0,0,,,,,,0,,0,0,0,0,0,0,0
794,8,4552,2016-11-16 19:00:00+00:00,4556,2016-11-17 11:00:00+00:00,1,1,4556.0,2016-11-17 11:00:00+00:00,0,,,0,0,,,0,0,1,0,0,0,0.31057929306918153,0.824923241222806,1.0,2.0,1.0,1,0.4885474858576805,0,0,0,1,0,0,1
799,8,4558,2016-11-17 19:00:00+00:00,4558,2016-11-17 19:00:00+00:00,1,0,,,0,,,0,0,,,1,0,0,1,0,0,,,,,,0,,0,0,0,0,0,0,0
804,8,4569,2016-11-21 15:00:00+00:00,4570,2016-11-21 19:00:00+00:00,1,0,,,0,,,0,0,,,1,0,0,1,0,0,,,,,,0,,0,0,0,0,0,0,0
810,8,4617,2016-12-01 23:00:00+00:00,4620,2016-12-02 11:00:00+00:00,1,1,4620.0,2016-12-02 11:00:00+00:00,0,,,0,0,,,0,0,0,0,0,0,0.6660368136799855,0.5485984156002484,0.375,3.0,0.0,1,0.5124034779253405,1,0,0,1,0,0,1
813,8,4635,2016-12-06 23:00:00+00:00,4637,2016-12-07 07:00:00+00:00,1,0,,,0,,,0,0,,,1,0,1,1,0,0,,,,,,0,,0,0,0,0,0,0,0
814,8,4639,2016-12-07 15:00:00+00:00,4640,2016-12-07 19:00:00+00:00,1,0,,,0,,,0,0,,,1,0,0,1,0,0,,,,,,0,,0,0,0,0,0,0,0
821,8,4663,2016-12-13 15:00:00+00:00,4669,2016-12-14 15:00:00+00:00,1,1,4666.0,2016-12-14 03:00:00+00:00,1,4666.0,2016-12-14 03:00:00+00:00,1,0,4666.0,2016-12-14 03:00:00+00:00,0,0,0,0,0,1,0.4220536291657093,0.9625944704869631,0.5,0.0,1.0,-1,0.7234932396459344,0,0,0,0,0,0,0
824,8,4684,2016-12-19 03:00:00+00:00,4684,2016-12-19 03:00:00+00:00,1,0,,,0,,,0,0,,,1,0,0,1,0,0,,,,,,0,,0,0,0,0,0,0,0
828,8,4689,2016-12-19 23:00:00+00:00,4691,2016-12-20 07:00:00+00:00,1,0,,,0,,,0,0,,,1,0,0,1,0,0,,,,,,0,,0,0,0,0,0,0,0
833,8,4695,2016-12-20 23:00:00+00:00,4696,2016-12-21 03:00:00+00:00,1,0,,,0,,,0,0,,,1,0,1,1,0,0,,,,,,0,,0,0,0,0,0,0,0
834,8,4698,2016-12-21 11:00:00+00:00,4699,2016-12-21 15:00:00+00:00,1,0,,,0,,,0,0,,,1,0,1,1,0,0,,,,,,0,,0,0,0,0,0,0,0
837,8,4701,2016-12-21 23:00:00+00:00,4701,2016-12-21 23:00:00+00:00,1,0,,,0,,,0,0,,,1,0,0,1,0,0,,,,,,0,,0,0,0,0,0,0,0
841,8,4706,2016-12-22 19:00:00+00:00,4710,2016-12-23 11:00:00+00:00,1,1,4710.0,2016-12-23 11:00:00+00:00,0,,,0,0,,,0,0,0,0,0,0,0.5572887917354815,0.694767716907962,0.625,1.0,0.0,1,0.4902872740336869,1,0,0,1,0,0,1
845,8,4723,2016-12-28 15:00:00+00:00,4724,2016-12-28 19:00:00+00:00,1,0,,,0,,,0,0,,,1,0,0,1,0,0,,,,,,0,,0,0,0,0,0,0,0
848,8,4740,2017-01-03 11:00:00+00:00,4740,2017-01-03 11:00:00+00:00,1,0,,,0,,,0,0,,,1,0,0,1,0,0,,,,,,0,,0,0,0,0,0,0,0
850,8,4744,2017-01-04 03:00:00+00:00,4744,2017-01-04 03:00:00+00:00,1,0,,,0,,,0,0,,,1,0,0,1,0,0,,,,,,0,,0,0,0,0,0,0,0
853,8,4752,2017-01-05 11:00:00+00:00,4752,2017-01-05 11:00:00+00:00,1,0,,,0,,,0,0,,,1,0,0,1,0,0,,,,,,0,,0,0,0,0,0,0,0
855,8,4761,2017-01-08 23:00:00+00:00,4761,2017-01-08 23:00:00+00:00,1,0,,,0,,,0,0,,,1,0,0,1,0,0,,,,,,0,,0,0,0,0,0,0,0
856,8,4764,2017-01-09 11:00:00+00:00,4764,2017-01-09 11:00:00+00:00,1,0,,,0,,,0,0,,,1,0,0,1,0,0,,,,,,0,,0,0,0,0,0,0,0
860,8,4771,2017-01-10 15:00:00+00:00,4771,2017-01-10 15:00:00+00:00,1,0,,,0,,,0,0,,,1,0,1,1,0,0,,,,,,0,,0,0,0,0,0,0,0
861,8,4773,2017-01-10 23:00:00+00:00,4775,2017-01-11 07:00:00+00:00,1,0,,,0,,,0,0,,,1,0,0,1,0,0,,,,,,0,,0,0,0,0,0,0,0
864,8,4789,2017-01-13 15:00:00+00:00,4789,2017-01-13 15:00:00+00:00,1,0,,,0,,,0,0,,,1,0,0,1,0,0,,,,,,0,,0,0,0,0,0,0,0
865,8,4799,2017-01-17 11:00:00+00:00,4802,2017-01-17 23:00:00+00:00,1,0,,,0,,,0,0,,,0,0,0,1,0,0,,,,,,0,,0,0,0,0,0,0,0
868,8,4805,2017-01-18 11:00:00+00:00,4805,2017-01-18 11:00:00+00:00,1,0,,,0,,,0,0,,,1,0,0,1,0,0,,,,,,0,,0,0,0,0,0,0,0
873,8,4827,2017-01-24 03:00:00+00:00,4827,2017-01-24 03:00:00+00:00,1,0,,,0,,,0,0,,,1,0,0,1,0,0,,,,,,0,,0,0,0,0,0,0,0
875,8,4830,2017-01-24 15:00:00+00:00,4830,2017-01-24 15:00:00+00:00,1,0,,,0,,,0,0,,,1,0,0,1,0,0,,,,,,0,,0,0,0,0,0,0,0
878,8,4840,2017-01-26 07:00:00+00:00,4840,2017-01-26 07:00:00+00:00,1,0,,,0,,,0,0,,,1,0,0,1,0,0,,,,,,0,,0,0,0,0,0,0,0
880,8,4849,2017-01-27 19:00:00+00:00,4849,2017-01-27 19:00:00+00:00,1,0,,,0,,,0,0,,,1,0,1,1,0,0,,,,,,0,,0,0,0,0,0,0,0
881,8,4851,2017-01-30 03:00:00+00:00,4853,2017-01-30 11:00:00+00:00,1,0,,,0,,,0,0,,,1,0,0,1,0,0,,,,,,0,,0,0,0,0,0,0,0
884,8,4888,2017-02-07 07:00:00+00:00,4889,2017-02-07 11:00:00+00:00,1,0,,,0,,,0,0,,,1,0,0,1,0,0,,,,,,0,,0,0,0,0,0,0,0
886,8,4892,2017-02-07 23:00:00+00:00,4893,2017-02-08 03:00:00+00:00,1,0,,,0,,,0,0,,,1,0,0,1,0,0,,,,,,0,,0,0,0,0,0,0,0
889,8,4909,2017-02-10 19:00:00+00:00,4909,2017-02-10 19:00:00+00:00,1,0,,,0,,,0,0,,,1,0,0,1,0,0,,,,,,0,,0,0,0,0,0,0,0
899,8,5005,2017-03-06 23:00:00+00:00,5005,2017-03-06 23:00:00+00:00,1,0,,,0,,,0,0,,,1,0,0,1,0,0,,,,,,0,,0,0,0,0,0,0,0
900,8,5030,2017-03-12 23:00:00+00:00,5030,2017-03-12 23:00:00+00:00,1,0,,,0,,,0,0,,,1,0,0,1,0,0,,,,,,0,,0,0,0,0,0,0,0
902,8,5035,2017-03-13 14:00:00+00:00,5035,2017-03-13 14:00:00+00:00,1,0,,,0,,,0,0,,,1,0,0,1,0,0,,,,,,0,,0,0,0,0,0,0,0
904,8,5041,2017-03-14 14:00:00+00:00,5041,2017-03-14 14:00:00+00:00,1,0,,,0,,,0,0,,,1,0,0,1,0,0,,,,,,0,,0,0,0,0,0,0,0
909,8,5070,2017-03-21 06:00:00+00:00,5070,2017-03-21 06:00:00+00:00,1,0,,,0,,,0,0,,,1,0,0,1,0,0,,,,,,0,,0,0,0,0,0,0,0
914,8,5111,2017-03-29 22:00:00+00:00,5113,2017-03-30 06:00:00+00:00,1,0,,,0,,,0,0,,,1,0,1,1,0,0,,,,,,0,,0,0,0,0,0,0,0
916,8,5115,2017-03-30 14:00:00+00:00,5115,2017-03-30 14:00:00+00:00,1,0,,,0,,,0,0,,,1,0,0,1,0,0,,,,,,0,,0,0,0,0,0,0,0
918,8,5120,2017-03-31 10:00:00+00:00,5125,2017-04-03 02:00:00+00:00,1,1,5124.0,2017-04-02 22:00:00+00:00,1,5124.0,2017-04-02 22:00:00+00:00,1,0,5124.0,2017-04-02 22:00:00+00:00,0,0,0,0,0,1,0.7097152541612294,0.38399524022015297,0.5,3.0,0.0,1,0.627999022078702,1,1,0,0,1,0,1
922,8,5128,2017-04-03 14:00:00+00:00,5128,2017-04-03 14:00:00+00:00,1,0,,,0,,,0,0,,,1,0,0,1,0,0,,,,,,0,,0,0,0,0,0,0,0
924,8,5141,2017-04-05 18:00:00+00:00,5141,2017-04-05 18:00:00+00:00,1,0,,,0,,,0,0,,,1,0,0,1,0,0,,,,,,0,,0,0,0,0,0,0,0
927,8,5188,2017-04-18 06:00:00+00:00,5188,2017-04-18 06:00:00+00:00,1,0,,,0,,,0,0,,,1,0,0,1,0,0,,,,,,0,,0,0,0,0,0,0,0
931,8,5203,2017-04-20 18:00:00+00:00,5206,2017-04-21 06:00:00+00:00,1,1,5206.0,2017-04-21 06:00:00+00:00,0,,,0,0,,,0,0,0,0,1,0,0.4813435858868106,0.7923629957625262,0.5,1.0,0.0,1,0.38213793646432215,0,0,0,1,0,1,1
934,8,5240,2017-04-28 18:00:00+00:00,5240,2017-04-28 18:00:00+00:00,1,0,,,0,,,0,0,,,1,0,0,1,0,0,,,,,,0,,0,0,0,0,0,0,0
937,8,5256,2017-05-03 06:00:00+00:00,5256,2017-05-03 06:00:00+00:00,1,0,,,0,,,0,0,,,1,0,0,1,0,0,,,,,,0,,0,0,0,0,0,0,0
939,8,5271,2017-05-05 18:00:00+00:00,5271,2017-05-05 18:00:00+00:00,1,0,,,0,,,0,0,,,1,0,0,1,0,0,,,,,,0,,0,0,0,0,0,0,0
942,8,5291,2017-05-10 22:00:00+00:00,5293,2017-05-11 06:00:00+00:00,1,0,,,0,,,0,0,,,1,0,0,1,0,0,,,,,,0,,0,0,0,0,0,0,0
945,8,5306,2017-05-15 06:00:00+00:00,5306,2017-05-15 06:00:00+00:00,1,0,,,0,,,0,0,,,1,0,0,1,0,0,,,,,,0,,0,0,0,0,0,0,0
948,8,5333,2017-05-19 18:00:00+00:00,5336,2017-05-22 02:00:00+00:00,1,0,,,0,,,0,0,,,0,0,0,1,0,0,,,,,,0,,0,0,0,0,0,0,0
951,8,5340,2017-05-22 18:00:00+00:00,5340,2017-05-22 18:00:00+00:00,1,0,,,0,,,0,0,,,1,0,0,1,0,0,,,,,,0,,0,0,0,0,0,0,0
956,8,5356,2017-05-25 10:00:00+00:00,5356,2017-05-25 10:00:00+00:00,1,0,,,0,,,0,0,,,1,0,0,1,0,0,,,,,,0,,0,0,0,0,0,0,0
958,8,5359,2017-05-25 22:00:00+00:00,5359,2017-05-25 22:00:00+00:00,1,0,,,0,,,0,0,,,1,0,0,1,0,0,,,,,,0,,0,0,0,0,0,0,0
960,8,5369,2017-05-29 10:00:00+00:00,5371,2017-05-29 18:00:00+00:00,1,0,,,0,,,0,0,,,1,0,1,1,0,0,,,,,,0,,0,0,0,0,0,0,0
963,8,5373,2017-05-30 02:00:00+00:00,5373,2017-05-30 02:00:00+00:00,1,0,,,0,,,0,0,,,1,0,0,1,0,0,,,,,,0,,0,0,0,0,0,0,0
966,8,5381,2017-05-31 10:00:00+00:00,5381,2017-05-31 10:00:00+00:00,1,0,,,0,,,0,0,,,1,0,0,1,0,0,,,,,,0,,0,0,0,0,0,0,0
969,8,5415,2017-06-07 22:00:00+00:00,5417,2017-06-08 06:00:00+00:00,1,0,,,0,,,0,0,,,1,0,0,1,0,0,,,,,,0,,0,0,0,0,0,0,0
972,8,5432,2017-06-12 14:00:00+00:00,5435,2017-06-13 02:00:00+00:00,1,1,5435.0,2017-06-13 02:00:00+00:00,0,,,0,0,,,0,0,0,0,0,0,0.49070913955347173,0.8705493387589041,0.5,0.0,1.0,-1,0.540036444195262,0,0,0,1,0,0,1
974,8,5457,2017-06-16 18:00:00+00:00,5458,2017-06-18 18:00:00+00:00,1,0,,,0,,,0,0,,,1,0,0,1,0,0,,,,,,0,,0,0,0,0,0,0,0
976,8,5471,2017-06-20 22:00:00+00:00,5475,2017-06-21 14:00:00+00:00,1,1,5475.0,2017-06-21 14:00:00+00:00,0,,,0,0,,,0,0,0,0,0,0,0.5129338382713217,0.5285391225689675,0.75,2.0,1.0,1,0.36799248263432094,0,0,0,1,0,0,1
979,8,5484,2017-06-23 02:00:00+00:00,5484,2017-06-23 02:00:00+00:00,1,0,,,0,,,0,0,,,1,0,0,1,0,0,,,,,,0,,0,0,0,0,0,0,0
981,8,5505,2017-06-28 10:00:00+00:00,5507,2017-06-28 18:00:00+00:00,1,0,,,0,,,0,0,,,1,0,1,1,0,0,,,,,,0,,0,0,0,0,0,0,0
984,8,5509,2017-06-29 02:00:00+00:00,5509,2017-06-29 02:00:00+00:00,1,0,,,0,,,0,0,,,1,0,0,1,0,0,,,,,,0,,0,0,0,0,0,0,0
987,8,5518,2017-06-30 14:00:00+00:00,5520,2017-07-02 18:00:00+00:00,1,0,,,0,,,0,0,,,1,0,0,1,0,0,,,,,,0,,0,0,0,0,0,0,0
991,8,5532,2017-07-04 18:00:00+00:00,5532,2017-07-04 18:00:00+00:00,1,0,,,0,,,0,0,,,1,0,0,1,0,0,,,,,,0,,0,0,0,0,0,0,0
996,8,5563,2017-07-11 18:00:00+00:00,5563,2017-07-11 18:00:00+00:00,1,0,,,0,,,0,0,,,1,0,0,1,0,0,,,,,,0,,0,0,0,0,0,0,0
1003,8,5625,2017-07-25 18:00:00+00:00,5625,2017-07-25 18:00:00+00:00,1,0,,,0,,,0,0,,,1,0,0,1,0,0,,,,,,0,,0,0,0,0,0,0,0
1005,8,5645,2017-07-30 22:00:00+00:00,5647,2017-07-31 06:00:00+00:00,1,0,,,0,,,0,0,,,1,0,1,1,0,0,,,,,,0,,0,0,0,0,0,0,0
1007,8,5649,2017-07-31 14:00:00+00:00,5652,2017-08-01 02:00:00+00:00,1,1,5652.0,2017-08-01 02:00:00+00:00,0,,,0,0,,,0,0,0,0,0,0,0.43190770659110467,0.6529744101030157,0.5,3.0,0.0,1,0.42911920191570363,0,0,0,1,0,0,1
1008,8,5660,2017-08-02 10:00:00+00:00,5661,2017-08-02 14:00:00+00:00,1,0,,,0,,,0,0,,,1,0,0,1,0,0,,,,,,0,,0,0,0,0,0,0,0
1013,8,5680,2017-08-07 14:00:00+00:00,5683,2017-08-08 02:00:00+00:00,1,0,,,0,,,0,0,,,0,0,0,1,0,0,,,,,,0,,0,0,0,0,0,0,0
1015,8,5686,2017-08-08 14:00:00+00:00,5687,2017-08-08 18:00:00+00:00,1,0,,,0,,,0,0,,,1,0,0,1,0,0,,,,,,0,,0,0,0,0,0,0,0
1019,8,5709,2017-08-14 06:00:00+00:00,5709,2017-08-14 06:00:00+00:00,1,0,,,0,,,0,0,,,1,0,0,1,0,0,,,,,,0,,0,0,0,0,0,0,0
1022,8,5750,2017-08-22 22:00:00+00:00,5750,2017-08-22 22:00:00+00:00,1,0,,,0,,,0,0,,,1,0,0,1,0,0,,,,,,0,,0,0,0,0,0,0,0
1024,8,5753,2017-08-23 10:00:00+00:00,5754,2017-08-23 14:00:00+00:00,1,0,,,0,,,0,0,,,1,0,0,1,0,0,,,,,,0,,0,0,0,0,0,0,0
1029,8,5758,2017-08-24 06:00:00+00:00,5764,2017-08-25 06:00:00+00:00,1,1,5762.0,2017-08-24 22:00:00+00:00,0,,,0,0,,,0,0,0,0,0,0,0.6977876465867782,0.472816657027163,0.25,0.0,2.0,-1,0.46932363609116656,1,0,0,1,0,0,1
1037,8,5819,2017-09-07 02:00:00+00:00,5820,2017-09-07 06:00:00+00:00,1,0,,,0,,,0,0,,,1,0,0,1,0,0,,,,,,0,,0,0,0,0,0,0,0
1040,8,5842,2017-09-12 18:00:00+00:00,5842,2017-09-12 18:00:00+00:00,1,0,,,0,,,0,0,,,1,0,0,1,0,0,,,,,,0,,0,0,0,0,0,0,0
1041,8,5845,2017-09-13 06:00:00+00:00,5845,2017-09-13 06:00:00+00:00,1,0,,,0,,,0,0,,,1,0,1,1,0,0,,,,,,0,,0,0,0,0,0,0,0
1042,8,5847,2017-09-13 14:00:00+00:00,5848,2017-09-13 18:00:00+00:00,1,0,,,0,,,0,0,,,1,0,0,1,0,0,,,,,,0,,0,0,0,0,0,0,0
1045,8,5860,2017-09-15 18:00:00+00:00,5860,2017-09-15 18:00:00+00:00,1,0,,,0,,,0,0,,,1,0,0,1,0,0,,,,,,0,,0,0,0,0,0,0,0
1046,8,5873,2017-09-19 18:00:00+00:00,5873,2017-09-19 18:00:00+00:00,1,0,,,0,,,0,0,,,1,0,0,1,0,0,,,,,,0,,0,0,0,0,0,0,0
1051,8,5891,2017-09-22 18:00:00+00:00,5892,2017-09-24 18:00:00+00:00,1,0,,,0,,,0,0,,,1,0,0,1,0,0,,,,,,0,,0,0,0,0,0,0,0
1055,8,5915,2017-09-28 14:00:00+00:00,5918,2017-09-29 02:00:00+00:00,1,1,5918.0,2017-09-29 02:00:00+00:00,1,5918.0,2017-09-29 02:00:00+00:00,1,0,5918.0,2017-09-29 02:00:00+00:00,0,0,0,0,0,1,0.630829942960621,0.44172794117646497,0.375,3.0,0.0,1,0.6022499533683088,1,1,0,0,1,0,0
1060,8,5921,2017-09-29 14:00:00+00:00,5921,2017-09-29 14:00:00+00:00,1,0,,,0,,,0,0,,,1,0,0,1,0,0,,,,,,0,,0,0,0,0,0,0,0
1061,8,5924,2017-10-01 22:00:00+00:00,5924,2017-10-01 22:00:00+00:00,1,0,,,0,,,0,0,,,1,0,0,1,0,0,,,,,,0,,0,0,0,0,0,0,0
1070,8,5967,2017-10-10 22:00:00+00:00,5967,2017-10-10 22:00:00+00:00,1,0,,,0,,,0,0,,,1,0,1,1,0,0,,,,,,0,,0,0,0,0,0,0,0
1071,8,5969,2017-10-11 06:00:00+00:00,5970,2017-10-11 10:00:00+00:00,1,0,,,0,,,0,0,,,1,0,0,1,0,0,,,,,,0,,0,0,0,0,0,0,0
1074,8,5979,2017-10-12 22:00:00+00:00,5979,2017-10-12 22:00:00+00:00,1,0,,,0,,,0,0,,,1,0,0,1,0,0,,,,,,0,,0,0,0,0,0,0,0
1078,8,6004,2017-10-18 22:00:00+00:00,6006,2017-10-19 06:00:00+00:00,1,0,,,0,,,0,0,,,1,0,1,1,0,0,,,,,,0,,0,0,0,0,0,0,0
1081,8,6008,2017-10-19 14:00:00+00:00,6010,2017-10-19 22:00:00+00:00,1,0,,,0,,,0,0,,,1,0,0,1,0,0,,,,,,0,,0,0,0,0,0,0,0
1084,8,6013,2017-10-20 10:00:00+00:00,6015,2017-10-20 18:00:00+00:00,1,0,,,0,,,0,0,,,1,0,0,1,0,0,,,,,,0,,0,0,0,0,0,0,0
1087,8,6027,2017-10-24 14:00:00+00:00,6028,2017-10-24 18:00:00+00:00,1,0,,,0,,,0,0,,,1,0,0,1,0,0,,,,,,0,,0,0,0,0,0,0,0
1092,8,6032,2017-10-25 10:00:00+00:00,6035,2017-10-25 22:00:00+00:00,1,1,6035.0,2017-10-25 22:00:00+00:00,0,,,0,0,,,0,0,0,0,0,0,0.673100300182014,0.4916275954454177,0.625,2.0,0.0,1,0.5409587676179347,1,0,0,1,0,0,1
1095,8,6055,2017-10-31 02:00:00+00:00,6061,2017-11-01 02:00:00+00:00,1,1,6060.0,2017-10-31 22:00:00+00:00,1,6060.0,2017-10-31 22:00:00+00:00,1,0,6060.0,2017-10-31 22:00:00+00:00,0,0,0,0,0,1,0.7495789819063396,0.47596184623261806,0.5,0.0,3.0,-1,0.6222922491472515,1,0,0,0,0,0,0
1104,8,6089,2017-11-07 15:00:00+00:00,6089,2017-11-07 15:00:00+00:00,1,0,,,0,,,0,0,,,1,0,0,1,0,0,,,,,,0,,0,0,0,0,0,0,0
1106,8,6102,2017-11-09 19:00:00+00:00,6104,2017-11-10 03:00:00+00:00,1,0,,,0,,,0,0,,,1,0,1,1,0,0,,,,,,0,,0,0,0,0,0,0,0
1109,8,6106,2017-11-10 11:00:00+00:00,6106,2017-11-10 11:00:00+00:00,1,0,,,0,,,0,0,,,1,0,0,1,0,0,,,,,,0,,0,0,0,0,0,0,0
1112,8,6115,2017-11-13 23:00:00+00:00,6115,2017-11-13 23:00:00+00:00,1,0,,,0,,,0,0,,,1,0,0,1,0,0,,,,,,0,,0,0,0,0,0,0,0
1114,8,6134,2017-11-17 03:00:00+00:00,6135,2017-11-17 07:00:00+00:00,1,0,,,0,,,0,0,,,1,0,0,1,0,0,,,,,,0,,0,0,0,0,0,0,0
1117,8,6178,2017-11-28 19:00:00+00:00,6180,2017-11-29 03:00:00+00:00,1,0,,,0,,,0,0,,,1,0,0,1,0,0,,,,,,0,,0,0,0,0,0,0,0
1118,8,6191,2017-11-30 23:00:00+00:00,6191,2017-11-30 23:00:00+00:00,1,0,,,0,,,0,0,,,1,0,0,1,0,0,,,,,,0,,0,0,0,0,0,0,0
1122,8,6215,2017-12-06 23:00:00+00:00,6215,2017-12-06 23:00:00+00:00,1,0,,,0,,,0,0,,,1,0,0,1,0,0,,,,,,0,,0,0,0,0,0,0,0
1124,8,6227,2017-12-10 23:00:00+00:00,6227,2017-12-10 23:00:00+00:00,1,0,,,0,,,0,0,,,1,0,0,1,0,0,,,,,,0,,0,0,0,0,0,0,0
1128,8,6252,2017-12-15 03:00:00+00:00,6253,2017-12-15 07:00:00+00:00,1,0,,,0,,,0,0,,,1,0,0,1,0,0,,,,,,0,,0,0,0,0,0,0,0
1129,8,6260,2017-12-18 11:00:00+00:00,6260,2017-12-18 11:00:00+00:00,1,0,,,0,,,0,0,,,1,0,0,1,0,0,,,,,,0,,0,0,0,0,0,0,0
1134,8,6325,2018-01-04 07:00:00+00:00,6326,2018-01-04 11:00:00+00:00,1,0,,,0,,,0,0,,,1,0,0,1,0,0,,,,,,0,,0,0,0,0,0,0,0
1136,8,6347,2018-01-09 23:00:00+00:00,6347,2018-01-09 23:00:00+00:00,1,0,,,0,,,0,0,,,1,0,0,1,0,0,,,,,,0,,0,0,0,0,0,0,0
1142,8,6358,2018-01-11 19:00:00+00:00,6358,2018-01-11 19:00:00+00:00,1,0,,,0,,,0,0,,,1,0,0,1,0,0,,,,,,0,,0,0,0,0,0,0,0
1145,8,6371,2018-01-16 03:00:00+00:00,6371,2018-01-16 03:00:00+00:00,1,0,,,0,,,0,0,,,1,0,1,1,0,0,,,,,,0,,0,0,0,0,0,0,0
1146,8,6373,2018-01-16 11:00:00+00:00,6374,2018-01-16 15:00:00+00:00,1,0,,,0,,,0,0,,,1,0,0,1,0,0,,,,,,0,,0,0,0,0,0,0,0
1151,8,6384,2018-01-18 07:00:00+00:00,6386,2018-01-18 15:00:00+00:00,1,0,,,0,,,0,0,,,1,0,0,1,0,0,,,,,,0,,0,0,0,0,0,0,0
1154,8,6389,2018-01-19 03:00:00+00:00,6389,2018-01-19 03:00:00+00:00,1,0,,,0,,,0,0,,,1,0,0,1,0,0,,,,,,0,,0,0,0,0,0,0,0
1156,8,6398,2018-01-22 15:00:00+00:00,6399,2018-01-22 19:00:00+00:00,1,0,,,0,,,0,0,,,1,0,0,1,0,0,,,,,,0,,0,0,0,0,0,0,0
1160,8,6404,2018-01-23 15:00:00+00:00,6404,2018-01-23 15:00:00+00:00,1,0,,,0,,,0,0,,,1,0,1,1,0,0,,,,,,0,,0,0,0,0,0,0,0
1162,8,6406,2018-01-23 23:00:00+00:00,6406,2018-01-23 23:00:00+00:00,1,0,,,0,,,0,0,,,1,0,0,1,0,0,,,,,,0,,0,0,0,0,0,0,0
1165,8,6432,2018-01-30 07:00:00+00:00,6433,2018-01-30 11:00:00+00:00,1,0,,,0,,,0,0,,,1,0,0,1,0,0,,,,,,0,,0,0,0,0,0,0,0
1171,8,6449,2018-02-02 03:00:00+00:00,6450,2018-02-02 07:00:00+00:00,1,0,,,0,,,0,0,,,1,0,0,1,0,0,,,,,,0,,0,0,0,0,0,0,0
1175,8,6462,2018-02-06 07:00:00+00:00,6463,2018-02-06 11:00:00+00:00,1,0,,,0,,,0,0,,,1,0,0,1,0,0,,,,,,0,,0,0,0,0,0,0,0
1180,8,6483,2018-02-09 19:00:00+00:00,6483,2018-02-09 19:00:00+00:00,1,0,,,0,,,0,0,,,1,0,0,1,0,0,,,,,,0,,0,0,0,0,0,0,0
1181,8,6488,2018-02-12 15:00:00+00:00,6488,2018-02-12 15:00:00+00:00,1,0,,,0,,,0,0,,,1,0,0,1,0,0,,,,,,0,,0,0,0,0,0,0,0
1184,8,6495,2018-02-13 19:00:00+00:00,6495,2018-02-13 19:00:00+00:00,1,0,,,0,,,0,0,,,1,0,0,1,0,0,,,,,,0,,0,0,0,0,0,0,0
1189,8,6538,2018-02-23 03:00:00+00:00,6538,2018-02-23 03:00:00+00:00,1,0,,,0,,,0,0,,,1,0,0,1,0,0,,,,,,0,,0,0,0,0,0,0,0
1191,8,6542,2018-02-23 19:00:00+00:00,6542,2018-02-23 19:00:00+00:00,1,0,,,0,,,0,0,,,1,0,0,1,0,0,,,,,,0,,0,0,0,0,0,0,0
1194,8,6546,2018-02-26 11:00:00+00:00,6549,2018-02-26 23:00:00+00:00,1,1,6549.0,2018-02-26 23:00:00+00:00,1,6549.0,2018-02-26 23:00:00+00:00,1,0,6549.0,2018-02-26 23:00:00+00:00,0,0,0,0,0,1,0.4665225842906048,0.8547068116346083,0.25,0.0,0.0,0,0.7123794440654686,0,0,0,0,0,0,0
1197,8,6551,2018-02-27 07:00:00+00:00,6551,2018-02-27 07:00:00+00:00,1,0,,,0,,,0,0,,,1,0,0,1,0,0,,,,,,0,,0,0,0,0,0,0,0
1199,8,6577,2018-03-05 15:00:00+00:00,6581,2018-03-06 07:00:00+00:00,1,1,6580.0,2018-03-06 03:00:00+00:00,1,6580.0,2018-03-06 03:00:00+00:00,1,0,6580.0,2018-03-06 03:00:00+00:00,0,0,0,0,0,1,0.42328528553593087,0.7244608033062105,0.375,0.0,1.0,-1,0.7617397461345757,0,0,0,0,0,0,0
1204,8,6598,2018-03-09 03:00:00+00:00,6599,2018-03-09 07:00:00+00:00,1,0,,,0,,,0,0,,,1,0,0,1,0,0,,,,,,0,,0,0,0,0,0,0,0
1207,8,6622,2018-03-14 18:00:00+00:00,6622,2018-03-14 18:00:00+00:00,1,0,,,0,,,0,0,,,1,0,0,1,0,0,,,,,,0,,0,0,0,0,0,0,0
1210,8,6634,2018-03-16 18:00:00+00:00,6636,2018-03-18 22:00:00+00:00,1,0,,,0,,,0,0,,,1,0,0,1,0,0,,,,,,0,,0,0,0,0,0,0,0
1213,8,6668,2018-03-26 02:00:00+00:00,6668,2018-03-26 02:00:00+00:00,1,0,,,0,,,0,0,,,1,0,0,1,0,0,,,,,,0,,0,0,0,0,0,0,0
1217,8,6691,2018-04-01 18:00:00+00:00,6691,2018-04-01 18:00:00+00:00,1,0,,,0,,,0,0,,,1,0,0,1,0,0,,,,,,0,,0,0,0,0,0,0,0
1220,8,6704,2018-04-03 22:00:00+00:00,6705,2018-04-04 02:00:00+00:00,1,0,,,0,,,0,0,,,1,0,0,1,0,0,,,,,,0,,0,0,0,0,0,0,0
1222,8,6716,2018-04-05 22:00:00+00:00,6717,2018-04-06 02:00:00+00:00,1,0,,,0,,,0,0,,,1,0,0,1,0,0,,,,,,0,,0,0,0,0,0,0,0
1225,8,6722,2018-04-08 18:00:00+00:00,6723,2018-04-08 22:00:00+00:00,1,0,,,0,,,0,0,,,1,0,0,1,0,0,,,,,,0,,0,0,0,0,0,0,0
1229,8,6728,2018-04-09 18:00:00+00:00,6731,2018-04-10 06:00:00+00:00,1,1,6731.0,2018-04-10 06:00:00+00:00,0,,,0,0,,,0,0,0,0,0,0,0.6216836738494662,0.683227625088086,0.375,2.0,0.0,1,0.5633607921488307,1,0,0,1,0,0,1
1232,8,6758,2018-04-16 14:00:00+00:00,6762,2018-04-17 06:00:00+00:00,1,0,,,0,,,0,0,,,0,0,0,1,0,0,,,,,,0,,0,0,0,0,0,0,0
1234,8,6774,2018-04-19 06:00:00+00:00,6775,2018-04-19 10:00:00+00:00,1,0,,,0,,,0,0,,,1,0,0,1,0,0,,,,,,0,,0,0,0,0,0,0,0
1236,8,6779,2018-04-20 02:00:00+00:00,6779,2018-04-20 02:00:00+00:00,1,0,,,0,,,0,0,,,1,0,0,1,0,0,,,,,,0,,0,0,0,0,0,0,0
1237,8,6791,2018-04-23 22:00:00+00:00,6791,2018-04-23 22:00:00+00:00,1,0,,,0,,,0,0,,,1,0,0,1,0,0,,,,,,0,,0,0,0,0,0,0,0
1239,8,6796,2018-04-24 18:00:00+00:00,6796,2018-04-24 18:00:00+00:00,1,0,,,0,,,0,0,,,1,0,0,1,0,0,,,,,,0,,0,0,0,0,0,0,0
1240,8,6799,2018-04-25 06:00:00+00:00,6799,2018-04-25 06:00:00+00:00,1,0,,,0,,,0,0,,,1,0,0,1,0,0,,,,,,0,,0,0,0,0,0,0,0
1243,8,6809,2018-04-26 22:00:00+00:00,6818,2018-04-30 06:00:00+00:00,1,1,6816.0,2018-04-29 22:00:00+00:00,1,6816.0,2018-04-29 22:00:00+00:00,0,1,,,0,0,0,0,0,1,0.6743232865153783,0.5305769166750001,0.375,3.0,0.0,1,0.6513373006582397,1,0,0,0,0,0,1
1250,8,6836,2018-05-03 06:00:00+00:00,6836,2018-05-03 06:00:00+00:00,1,0,,,0,,,0,0,,,1,0,0,1,0,0,,,,,,0,,0,0,0,0,0,0,0
1252,8,6845,2018-05-04 18:00:00+00:00,6846,2018-05-06 18:00:00+00:00,1,0,,,0,,,0,0,,,1,0,1,1,0,0,,,,,,0,,0,0,0,0,0,0,0
1254,8,6848,2018-05-07 02:00:00+00:00,6849,2018-05-07 06:00:00+00:00,1,0,,,0,,,0,0,,,1,0,1,1,0,0,,,,,,0,,0,0,0,0,0,0,0
1256,8,6851,2018-05-07 14:00:00+00:00,6854,2018-05-08 02:00:00+00:00,1,1,6854.0,2018-05-08 02:00:00+00:00,0,,,0,0,,,0,0,0,0,0,0,0.6072122617072241,0.7802435415955092,0.25,0.0,1.0,-1,0.5424398383610893,1,0,0,1,0,0,1
1259,8,6857,2018-05-08 14:00:00+00:00,6860,2018-05-09 02:00:00+00:00,1,1,6860.0,2018-05-09 02:00:00+00:00,1,6860.0,2018-05-09 02:00:00+00:00,1,0,6860.0,2018-05-09 02:00:00+00:00,0,0,0,0,0,1,0.33936526814831813,0.9140217298314632,0.625,1.0,1.0,0,0.6312675968738125,0,0,0,0,0,0,0
1263,8,6870,2018-05-10 18:00:00+00:00,6872,2018-05-11 02:00:00+00:00,1,0,,,0,,,0,0,,,1,0,0,1,0,0,,,,,,0,,0,0,0,0,0,0,0
1266,8,6875,2018-05-11 14:00:00+00:00,6876,2018-05-11 18:00:00+00:00,1,0,,,0,,,0,0,,,1,0,0,1,0,0,,,,,,0,,0,0,0,0,0,0,0
1270,8,6883,2018-05-14 18:00:00+00:00,6884,2018-05-14 22:00:00+00:00,1,0,,,0,,,0,0,,,1,0,0,1,0,0,,,,,,0,,0,0,0,0,0,0,0
1273,8,6907,2018-05-18 18:00:00+00:00,6909,2018-05-20 22:00:00+00:00,1,0,,,0,,,0,0,,,1,0,0,1,0,0,,,,,,0,,0,0,0,0,0,0,0
1275,8,6920,2018-05-22 18:00:00+00:00,6922,2018-05-23 02:00:00+00:00,1,0,,,0,,,0,0,,,1,0,0,1,0,0,,,,,,0,,0,0,0,0,0,0,0
1282,8,6957,2018-05-30 18:00:00+00:00,6958,2018-05-30 22:00:00+00:00,1,0,,,0,,,0,0,,,1,0,1,1,0,0,,,,,,0,,0,0,0,0,0,0,0
1284,8,6960,2018-05-31 06:00:00+00:00,6962,2018-05-31 14:00:00+00:00,1,0,,,0,,,0,0,,,1,0,0,1,0,0,,,,,,0,,0,0,0,0,0,0,0
1290,8,7038,2018-06-18 18:00:00+00:00,7038,2018-06-18 18:00:00+00:00,1,0,,,0,,,0,0,,,1,0,0,1,0,0,,,,,,0,,0,0,0,0,0,0,0
1292,8,7062,2018-06-22 18:00:00+00:00,7062,2018-06-22 18:00:00+00:00,1,0,,,0,,,0,0,,,1,0,1,1,0,0,,,,,,0,,0,0,0,0,0,0,0
1293,8,7064,2018-06-24 22:00:00+00:00,7064,2018-06-24 22:00:00+00:00,1,0,,,0,,,0,0,,,1,0,0,1,0,0,,,,,,0,,0,0,0,0,0,0,0
1295,8,7069,2018-06-25 18:00:00+00:00,7069,2018-06-25 18:00:00+00:00,1,0,,,0,,,0,0,,,1,0,0,1,0,0,,,,,,0,,0,0,0,0,0,0,0
1299,8,7078,2018-06-27 06:00:00+00:00,7078,2018-06-27 06:00:00+00:00,1,0,,,0,,,0,0,,,1,0,0,1,0,0,,,,,,0,,0,0,0,0,0,0,0
1302,8,7089,2018-06-29 02:00:00+00:00,7090,2018-06-29 06:00:00+00:00,1,0,,,0,,,0,0,,,1,0,0,1,0,0,,,,,,0,,0,0,0,0,0,0,0
1307,8,7112,2018-07-04 18:00:00+00:00,7112,2018-07-04 18:00:00+00:00,1,0,,,0,,,0,0,,,1,0,1,1,0,0,,,,,,0,,0,0,0,0,0,0,0
1309,8,7114,2018-07-05 02:00:00+00:00,7114,2018-07-05 02:00:00+00:00,1,0,,,0,,,0,0,,,1,0,0,1,0,0,,,,,,0,,0,0,0,0,0,0,0
1314,8,7125,2018-07-08 18:00:00+00:00,7126,2018-07-08 22:00:00+00:00,1,0,,,0,,,0,0,,,1,0,0,1,0,0,,,,,,0,,0,0,0,0,0,0,0
1317,8,7133,2018-07-10 02:00:00+00:00,7133,2018-07-10 02:00:00+00:00,1,0,,,0,,,0,0,,,1,0,0,1,0,0,,,,,,0,,0,0,0,0,0,0,0
1320,8,7150,2018-07-12 22:00:00+00:00,7150,2018-07-12 22:00:00+00:00,1,0,,,0,,,0,0,,,1,0,0,1,0,0,,,,,,0,,0,0,0,0,0,0,0
1323,8,7204,2018-07-25 14:00:00+00:00,7205,2018-07-25 18:00:00+00:00,1,0,,,0,,,0,0,,,1,0,0,1,0,0,,,,,,0,,0,0,0,0,0,0,0
1326,8,7224,2018-07-30 18:00:00+00:00,7226,2018-07-31 02:00:00+00:00,1,0,,,0,,,0,0,,,1,0,0,1,0,0,,,,,,0,,0,0,0,0,0,0,0
1330,8,7246,2018-08-03 10:00:00+00:00,7248,2018-08-03 18:00:00+00:00,1,0,,,0,,,0,0,,,1,0,0,1,0,0,,,,,,0,,0,0,0,0,0,0,0
1332,8,7263,2018-08-08 02:00:00+00:00,7264,2018-08-08 06:00:00+00:00,1,0,,,0,,,0,0,,,1,0,0,1,0,0,,,,,,0,,0,0,0,0,0,0,0
1337,8,7307,2018-08-17 06:00:00+00:00,7307,2018-08-17 06:00:00+00:00,1,0,,,0,,,0,0,,,1,0,0,1,0,0,,,,,,0,,0,0,0,0,0,0,0
1338,8,7320,2018-08-21 06:00:00+00:00,7322,2018-08-21 14:00:00+00:00,1,0,,,0,,,0,0,,,1,0,0,1,0,0,,,,,,0,,0,0,0,0,0,0,0
1341,8,7338,2018-08-24 06:00:00+00:00,7338,2018-08-24 06:00:00+00:00,1,0,,,0,,,0,0,,,1,0,0,1,0,0,,,,,,0,,0,0,0,0,0,0,0
1344,8,7347,2018-08-27 14:00:00+00:00,7350,2018-08-28 02:00:00+00:00,1,1,7350.0,2018-08-28 02:00:00+00:00,0,,,0,0,,,0,0,0,0,0,0,0.5860827177758072,0.4889598864039828,0.5,3.0,0.0,1,0.5633617654564163,1,0,0,1,0,0,1
1346,8,7363,2018-08-30 06:00:00+00:00,7363,2018-08-30 06:00:00+00:00,1,0,,,0,,,0,0,,,1,0,0,1,0,0,,,,,,0,,0,0,0,0,0,0,0
1348,8,7391,2018-09-05 18:00:00+00:00,7391,2018-09-05 18:00:00+00:00,1,0,,,0,,,0,0,,,1,0,0,1,0,0,,,,,,0,,0,0,0,0,0,0,0
1350,8,7403,2018-09-07 18:00:00+00:00,7404,2018-09-09 18:00:00+00:00,1,0,,,0,,,0,0,,,1,0,0,1,0,0,,,,,,0,,0,0,0,0,0,0,0
1353,8,7409,2018-09-10 14:00:00+00:00,7409,2018-09-10 14:00:00+00:00,1,0,,,0,,,0,0,,,1,0,0,1,0,0,,,,,,0,,0,0,0,0,0,0,0
1357,8,7440,2018-09-17 14:00:00+00:00,7442,2018-09-17 22:00:00+00:00,1,0,,,0,,,0,0,,,1,0,0,1,0,0,,,,,,0,,0,0,0,0,0,0,0
1360,8,7446,2018-09-18 14:00:00+00:00,7446,2018-09-18 14:00:00+00:00,1,0,,,0,,,0,0,,,1,0,0,1,0,0,,,,,,0,,0,0,0,0,0,0,0
1363,8,7452,2018-09-19 14:00:00+00:00,7453,2018-09-19 18:00:00+00:00,1,0,,,0,,,0,0,,,1,0,0,1,0,0,,,,,,0,,0,0,0,0,0,0,0
1368,8,7459,2018-09-20 18:00:00+00:00,7459,2018-09-20 18:00:00+00:00,1,0,,,0,,,0,0,,,1,0,1,1,0,0,,,,,,0,,0,0,0,0,0,0,0
1369,8,7461,2018-09-21 02:00:00+00:00,7461,2018-09-21 02:00:00+00:00,1,0,,,0,,,0,0,,,1,0,0,1,0,0,,,,,,0,,0,0,0,0,0,0,0
1372,8,7476,2018-09-25 10:00:00+00:00,7477,2018-09-25 14:00:00+00:00,1,0,,,0,,,0,0,,,1,0,0,1,0,0,,,,,,0,,0,0,0,0,0,0,0
1377,8,7502,2018-10-01 14:00:00+00:00,7504,2018-10-01 22:00:00+00:00,1,0,,,0,,,0,0,,,1,0,1,1,0,0,,,,,,0,,0,0,0,0,0,0,0
1378,8,7506,2018-10-02 06:00:00+00:00,7506,2018-10-02 06:00:00+00:00,1,0,,,0,,,0,0,,,1,0,0,1,0,0,,,,,,0,,0,0,0,0,0,0,0
1381,8,7516,2018-10-03 22:00:00+00:00,7516,2018-10-03 22:00:00+00:00,1,0,,,0,,,0,0,,,1,0,0,1,0,0,,,,,,0,,0,0,0,0,0,0,0
1383,8,7519,2018-10-04 10:00:00+00:00,7522,2018-10-04 22:00:00+00:00,1,1,7522.0,2018-10-04 22:00:00+00:00,0,,,0,0,,,0,0,0,0,0,0,0.6340632137320253,0.6494017870664935,0.375,0.0,0.0,0,0.3739842271521229,1,0,0,1,0,0,1
1387,8,7525,2018-10-05 10:00:00+00:00,7526,2018-10-05 14:00:00+00:00,1,0,,,0,,,0,0,,,1,0,0,1,0,0,,,,,,0,,0,0,0,0,0,0,0
1392,8,7560,2018-10-14 22:00:00+00:00,7560,2018-10-14 22:00:00+00:00,1,0,,,0,,,0,0,,,1,0,0,1,0,0,,,,,,0,,0,0,0,0,0,0,0
1393,8,7569,2018-10-16 10:00:00+00:00,7570,2018-10-16 14:00:00+00:00,1,0,,,0,,,0,0,,,1,0,0,1,0,0,,,,,,0,,0,0,0,0,0,0,0
1395,8,7577,2018-10-17 18:00:00+00:00,7577,2018-10-17 18:00:00+00:00,1,0,,,0,,,0,0,,,1,0,0,1,0,0,,,,,,0,,0,0,0,0,0,0,0
1399,8,7598,2018-10-23 02:00:00+00:00,7598,2018-10-23 02:00:00+00:00,1,0,,,0,,,0,0,,,1,0,0,1,0,0,,,,,,0,,0,0,0,0,0,0,0
1402,8,7617,2018-10-26 06:00:00+00:00,7617,2018-10-26 06:00:00+00:00,1,0,,,0,,,0,0,,,1,0,1,1,0,0,,,,,,0,,0,0,0,0,0,0,0
1404,8,7619,2018-10-26 14:00:00+00:00,7620,2018-10-26 18:00:00+00:00,1,0,,,0,,,0,0,,,1,0,1,1,0,0,,,,,,0,,0,0,0,0,0,0,0
1406,8,7622,2018-10-28 22:00:00+00:00,7622,2018-10-28 22:00:00+00:00,1,0,,,0,,,0,0,,,1,0,0,1,0,0,,,,,,0,,0,0,0,0,0,0,0
1410,8,7631,2018-10-30 10:00:00+00:00,7633,2018-10-30 18:00:00+00:00,1,0,,,0,,,0,0,,,1,0,0,1,0,0,,,,,,0,,0,0,0,0,0,0,0
1413,8,7641,2018-11-01 02:00:00+00:00,7641,2018-11-01 02:00:00+00:00,1,0,,,0,,,0,0,,,1,0,0,1,0,0,,,,,,0,,0,0,0,0,0,0,0
1415,8,7652,2018-11-04 22:00:00+00:00,7655,2018-11-05 07:00:00+00:00,1,1,7655.0,2018-11-05 07:00:00+00:00,0,,,0,0,,,0,0,0,0,0,0,0.5334141274238207,0.6140350877193198,0.25,0.0,1.0,-1,0.5232387937547082,0,0,0,1,0,0,1
1419,8,7665,2018-11-06 23:00:00+00:00,7672,2018-11-08 03:00:00+00:00,1,1,7670.0,2018-11-07 19:00:00+00:00,0,,,0,0,,,0,0,0,0,0,0,0.6104798658005208,0.7077706613164582,0.375,1.0,1.0,0,0.3609547338543292,1,0,0,1,0,0,1
1424,8,7677,2018-11-08 23:00:00+00:00,7677,2018-11-08 23:00:00+00:00,1,0,,,0,,,0,0,,,1,0,0,1,0,0,,,,,,0,,0,0,0,0,0,0,0
1428,8,7718,2018-11-19 19:00:00+00:00,7720,2018-11-20 03:00:00+00:00,1,0,,,0,,,0,0,,,1,0,0,1,0,0,,,,,,0,,0,0,0,0,0,0,0
1431,8,7737,2018-11-23 03:00:00+00:00,7737,2018-11-23 03:00:00+00:00,1,0,,,0,,,0,0,,,1,0,0,1,0,0,,,,,,0,,0,0,0,0,0,0,0
1435,8,7765,2018-11-29 23:00:00+00:00,7767,2018-11-30 07:00:00+00:00,1,0,,,0,,,0,0,,,1,0,1,1,0,0,,,,,,0,,0,0,0,0,0,0,0
1437,8,7769,2018-11-30 15:00:00+00:00,7769,2018-11-30 15:00:00+00:00,1,0,,,0,,,0,0,,,1,0,1,1,0,0,,,,,,0,,0,0,0,0,0,0,0
1439,8,7771,2018-12-02 23:00:00+00:00,7771,2018-12-02 23:00:00+00:00,1,0,,,0,,,0,0,,,1,0,0,1,0,0,,,,,,0,,0,0,0,0,0,0,0
1440,8,7782,2018-12-04 19:00:00+00:00,7783,2018-12-04 23:00:00+00:00,1,0,,,0,,,0,0,,,1,0,0,1,0,0,,,,,,0,,0,0,0,0,0,0,0
1443,8,7793,2018-12-06 15:00:00+00:00,7797,2018-12-07 07:00:00+00:00,1,1,7796.0,2018-12-07 03:00:00+00:00,1,7796.0,2018-12-07 03:00:00+00:00,1,0,7796.0,2018-12-07 03:00:00+00:00,0,0,0,0,0,1,0.4645701397157145,0.8521040684476846,0.5,0.0,0.0,0,0.787133029533122,0,0,0,0,0,0,0
1445,8,7811,2018-12-11 15:00:00+00:00,7814,2018-12-12 03:00:00+00:00,1,1,7814.0,2018-12-12 03:00:00+00:00,1,7814.0,2018-12-12 03:00:00+00:00,1,0,7814.0,2018-12-12 03:00:00+00:00,0,0,0,0,0,1,0.5489447294776143,0.6396921641791061,0.5,0.0,2.0,-1,0.6475495569029693,0,0,0,0,0,0,0
1450,8,7818,2018-12-12 19:00:00+00:00,7818,2018-12-12 19:00:00+00:00,1,0,,,0,,,0,0,,,1,0,0,1,0,0,,,,,,0,,0,0,0,0,0,0,0
1452,8,7822,2018-12-13 11:00:00+00:00,7826,2018-12-14 03:00:00+00:00,1,1,7825.0,2018-12-13 23:00:00+00:00,1,7825.0,2018-12-13 23:00:00+00:00,1,0,7825.0,2018-12-13 23:00:00+00:00,0,0,0,0,0,1,0.5337795246578554,0.672759051185987,0.5,0.0,1.0,-1,0.6002140977710233,0,0,0,0,0,0,0
1459,8,7844,2018-12-19 03:00:00+00:00,7845,2018-12-19 07:00:00+00:00,1,0,,,0,,,0,0,,,1,0,0,1,0,0,,,,,,0,,0,0,0,0,0,0,0
1461,8,7862,2018-12-24 03:00:00+00:00,7863,2018-12-24 07:00:00+00:00,1,0,,,0,,,0,0,,,1,0,0,1,0,0,,,,,,0,,0,0,0,0,0,0,0
1464,8,7923,2019-01-09 07:00:00+00:00,7923,2019-01-09 07:00:00+00:00,1,0,,,0,,,0,0,,,1,0,0,1,0,0,,,,,,0,,0,0,0,0,0,0,0
1466,8,7932,2019-01-10 19:00:00+00:00,7935,2019-01-11 07:00:00+00:00,1,1,7935.0,2019-01-11 07:00:00+00:00,1,7935.0,2019-01-11 07:00:00+00:00,1,0,7935.0,2019-01-11 07:00:00+00:00,0,0,0,0,0,1,0.5376664886249434,0.8114348862909211,0.25,0.0,1.0,-1,0.5900865483423483,0,0,0,0,0,0,0
1469,8,7937,2019-01-11 15:00:00+00:00,7945,2019-01-14 23:00:00+00:00,1,1,7945.0,2019-01-14 23:00:00+00:00,1,7945.0,2019-01-14 23:00:00+00:00,1,0,7945.0,2019-01-14 23:00:00+00:00,0,0,0,0,0,1,0.5498414857047657,0.8623968237383743,0.25,0.0,0.0,0,0.6928154005782291,0,0,0,0,0,0,1
1475,8,7950,2019-01-15 19:00:00+00:00,7954,2019-01-16 11:00:00+00:00,1,1,7953.0,2019-01-16 07:00:00+00:00,1,7953.0,2019-01-16 07:00:00+00:00,1,0,7953.0,2019-01-16 07:00:00+00:00,0,0,0,0,0,1,0.5050561499997789,0.8811873245086179,0.5,0.0,0.0,0,0.6017777407064766,0,0,0,0,0,0,0
1478,8,7957,2019-01-16 23:00:00+00:00,7959,2019-01-17 07:00:00+00:00,1,0,,,0,,,0,0,,,1,0,0,1,0,0,,,,,,0,,0,0,0,0,0,0,0
1482,8,7975,2019-01-22 03:00:00+00:00,7980,2019-01-22 23:00:00+00:00,1,1,7980.0,2019-01-22 23:00:00+00:00,0,,,0,0,,,0,0,0,0,0,0,0.8442530128452665,0.2853220270543355,0.375,3.0,0.0,1,0.23194795628883166,1,1,0,1,1,0,1
1486,8,7983,2019-01-23 11:00:00+00:00,7985,2019-01-23 19:00:00+00:00,1,0,,,0,,,0,0,,,1,0,0,1,0,0,,,,,,0,,0,0,0,0,0,0,0
1489,8,8004,2019-01-28 23:00:00+00:00,8004,2019-01-28 23:00:00+00:00,1,0,,,0,,,0,0,,,1,0,0,1,0,0,,,,,,0,,0,0,0,0,0,0,0
1493,8,8039,2019-02-05 19:00:00+00:00,8041,2019-02-06 03:00:00+00:00,1,0,,,0,,,0,0,,,1,0,0,1,0,0,,,,,,0,,0,0,0,0,0,0,0
1498,8,8052,2019-02-07 23:00:00+00:00,8054,2019-02-08 07:00:00+00:00,1,0,,,0,,,0,0,,,1,0,0,1,0,0,,,,,,0,,0,0,0,0,0,0,0
1500,8,8058,2019-02-10 23:00:00+00:00,8059,2019-02-11 03:00:00+00:00,1,0,,,0,,,0,0,,,1,0,0,1,0,0,,,,,,0,,0,0,0,0,0,0,0
1502,8,8073,2019-02-13 11:00:00+00:00,8073,2019-02-13 11:00:00+00:00,1,0,,,0,,,0,0,,,1,0,0,1,0,0,,,,,,0,,0,0,0,0,0,0,0
1506,8,8105,2019-02-20 23:00:00+00:00,8105,2019-02-20 23:00:00+00:00,1,0,,,0,,,0,0,,,1,0,0,1,0,0,,,,,,0,,0,0,0,0,0,0,0
1507,8,8116,2019-02-22 19:00:00+00:00,8116,2019-02-22 19:00:00+00:00,1,0,,,0,,,0,0,,,1,0,0,1,0,0,,,,,,0,,0,0,0,0,0,0,0
1510,8,8122,2019-02-25 19:00:00+00:00,8127,2019-02-26 15:00:00+00:00,1,1,8125.0,2019-02-26 07:00:00+00:00,0,,,0,0,,,0,0,1,0,1,0,0.4386538974110631,0.8024814722291481,0.5,0.0,1.0,-1,0.5779287405542458,0,0,0,1,0,1,1
1514,8,8129,2019-02-26 23:00:00+00:00,8131,2019-02-27 07:00:00+00:00,1,0,,,0,,,0,0,,,1,0,0,1,0,0,,,,,,0,,0,0,0,0,0,0,0
1516,8,8137,2019-02-28 07:00:00+00:00,8137,2019-02-28 07:00:00+00:00,1,0,,,0,,,0,0,,,1,0,0,1,0,0,,,,,,0,,0,0,0,0,0,0,0
1520,8,8165,2019-03-06 23:00:00+00:00,8166,2019-03-07 03:00:00+00:00,1,0,,,0,,,0,0,,,1,0,0,1,0,0,,,,,,0,,0,0,0,0,0,0,0
1524,8,8180,2019-03-11 03:00:00+00:00,8180,2019-03-11 03:00:00+00:00,1,0,,,0,,,0,0,,,1,0,0,1,0,0,,,,,,0,,0,0,0,0,0,0,0
1527,8,8187,2019-03-12 06:00:00+00:00,8187,2019-03-12 06:00:00+00:00,1,0,,,0,,,0,0,,,1,0,0,1,0,0,,,,,,0,,0,0,0,0,0,0,0
1531,8,8197,2019-03-13 22:00:00+00:00,8197,2019-03-13 22:00:00+00:00,1,0,,,0,,,0,0,,,1,0,0,1,0,0,,,,,,0,,0,0,0,0,0,0,0
1533,8,8212,2019-03-18 06:00:00+00:00,8214,2019-03-18 14:00:00+00:00,1,0,,,0,,,0,0,,,1,0,0,1,0,0,,,,,,0,,0,0,0,0,0,0,0
1535,8,8217,2019-03-19 02:00:00+00:00,8217,2019-03-19 02:00:00+00:00,1,0,,,0,,,0,0,,,1,0,0,1,0,0,,,,,,0,,0,0,0,0,0,0,0
1538,8,8253,2019-03-26 22:00:00+00:00,8253,2019-03-26 22:00:00+00:00,1,0,,,0,,,0,0,,,1,0,0,1,0,0,,,,,,0,,0,0,0,0,0,0,0
1540,8,8257,2019-03-27 14:00:00+00:00,8260,2019-03-28 02:00:00+00:00,1,1,8260.0,2019-03-28 02:00:00+00:00,1,8260.0,2019-03-28 02:00:00+00:00,1,0,8260.0,2019-03-28 02:00:00+00:00,0,0,0,0,0,1,0.7075500763414257,0.4673913043478115,0.5,0.0,3.0,-1,0.6329627472008204,1,0,0,0,0,0,0
1543,8,8276,2019-04-01 14:00:00+00:00,8276,2019-04-01 14:00:00+00:00,1,0,,,0,,,0,0,,,1,0,0,1,0,0,,,,,,0,,0,0,0,0,0,0,0
1546,8,8283,2019-04-02 18:00:00+00:00,8285,2019-04-03 02:00:00+00:00,1,0,,,0,,,0,0,,,1,0,0,1,0,0,,,,,,0,,0,0,0,0,0,0,0
1549,8,8289,2019-04-03 18:00:00+00:00,8289,2019-04-03 18:00:00+00:00,1,0,,,0,,,0,0,,,1,0,0,1,0,0,,,,,,0,,0,0,0,0,0,0,0
1553,8,8313,2019-04-09 14:00:00+00:00,8317,2019-04-10 06:00:00+00:00,1,1,8316.0,2019-04-10 02:00:00+00:00,1,8316.0,2019-04-10 02:00:00+00:00,1,0,8316.0,2019-04-10 02:00:00+00:00,0,0,0,0,0,1,0.6190770539096294,0.4627787666213121,0.375,2.0,0.0,1,0.5815665296205658,1,0,0,0,0,0,0
1556,8,8342,2019-04-16 06:00:00+00:00,8342,2019-04-16 06:00:00+00:00,1,0,,,0,,,0,0,,,1,0,0,1,0,0,,,,,,0,,0,0,0,0,0,0,0
1558,8,8351,2019-04-17 18:00:00+00:00,8351,2019-04-17 18:00:00+00:00,1,0,,,0,,,0,0,,,1,0,0,1,0,0,,,,,,0,,0,0,0,0,0,0,0
1561,8,8362,2019-04-22 10:00:00+00:00,8362,2019-04-22 10:00:00+00:00,1,0,,,0,,,0,0,,,1,0,1,1,0,0,,,,,,0,,0,0,0,0,0,0,0
1562,8,8364,2019-04-22 18:00:00+00:00,8365,2019-04-22 22:00:00+00:00,1,0,,,0,,,0,0,,,1,0,1,1,0,0,,,,,,0,,0,0,0,0,0,0,0
1565,8,8367,2019-04-23 06:00:00+00:00,8367,2019-04-23 06:00:00+00:00,1,0,,,0,,,0,0,,,1,0,0,1,0,0,,,,,,0,,0,0,0,0,0,0,0
1567,8,8385,2019-04-26 06:00:00+00:00,8385,2019-04-26 06:00:00+00:00,1,0,,,0,,,0,0,,,1,0,0,1,0,0,,,,,,0,,0,0,0,0,0,0,0
1568,8,8395,2019-04-29 18:00:00+00:00,8400,2019-04-30 14:00:00+00:00,1,0,,,0,,,0,0,,,0,0,1,1,0,0,,,,,,0,,0,0,0,0,0,0,0
1571,8,8402,2019-04-30 22:00:00+00:00,8402,2019-04-30 22:00:00+00:00,1,0,,,0,,,0,0,,,1,0,1,1,0,0,,,,,,0,,0,0,0,0,0,0,0
1573,8,8404,2019-05-01 06:00:00+00:00,8405,2019-05-01 10:00:00+00:00,1,0,,,0,,,0,0,,,1,0,0,1,0,0,,,,,,0,,0,0,0,0,0,0,0
1576,8,8432,2019-05-07 18:00:00+00:00,8432,2019-05-07 18:00:00+00:00,1,0,,,0,,,0,0,,,1,0,0,1,0,0,,,,,,0,,0,0,0,0,0,0,0
1580,8,8450,2019-05-10 18:00:00+00:00,8454,2019-05-13 06:00:00+00:00,1,0,,,0,,,0,0,,,0,0,0,1,0,0,,,,,,0,,0,0,0,0,0,0,0
1583,8,8466,2019-05-15 06:00:00+00:00,8466,2019-05-15 06:00:00+00:00,1,0,,,0,,,0,0,,,1,0,0,1,0,0,,,,,,0,,0,0,0,0,0,0,0
1586,8,8490,2019-05-21 02:00:00+00:00,8491,2019-05-21 06:00:00+00:00,1,0,,,0,,,0,0,,,1,0,0,1,0,0,,,,,,0,,0,0,0,0,0,0,0
1591,8,8513,2019-05-26 18:00:00+00:00,8513,2019-05-26 18:00:00+00:00,1,0,,,0,,,0,0,,,1,0,1,1,0,0,,,,,,0,,0,0,0,0,0,0,0
1593,8,8515,2019-05-27 02:00:00+00:00,8516,2019-05-27 06:00:00+00:00,1,0,,,0,,,0,0,,,1,0,1,1,0,0,,,,,,0,,0,0,0,0,0,0,0
1595,8,8518,2019-05-27 14:00:00+00:00,8519,2019-05-27 18:00:00+00:00,1,0,,,0,,,0,0,,,1,0,0,1,0,0,,,,,,0,,0,0,0,0,0,0,0
1598,8,8522,2019-05-28 06:00:00+00:00,8522,2019-05-28 06:00:00+00:00,1,0,,,0,,,0,0,,,1,0,0,1,0,0,,,,,,0,,0,0,0,0,0,0,0
1601,8,8531,2019-05-29 18:00:00+00:00,8532,2019-05-29 22:00:00+00:00,1,0,,,0,,,0,0,,,1,0,0,1,0,0,,,,,,0,,0,0,0,0,0,0,0
1604,8,8557,2019-06-04 22:00:00+00:00,8557,2019-06-04 22:00:00+00:00,1,0,,,0,,,0,0,,,1,0,0,1,0,0,,,,,,0,,0,0,0,0,0,0,0
1609,8,8612,2019-06-17 18:00:00+00:00,8613,2019-06-17 22:00:00+00:00,1,0,,,0,,,0,0,,,1,0,1,1,0,0,,,,,,0,,0,0,0,0,0,0,0
1610,8,8615,2019-06-18 06:00:00+00:00,8615,2019-06-18 06:00:00+00:00,1,0,,,0,,,0,0,,,1,0,0,1,0,0,,,,,,0,,0,0,0,0,0,0,0
1615,8,8675,2019-07-01 22:00:00+00:00,8678,2019-07-02 10:00:00+00:00,1,1,8678.0,2019-07-02 10:00:00+00:00,1,8678.0,2019-07-02 10:00:00+00:00,0,1,,,0,0,0,0,0,1,0.6879922569842514,0.4974351928185434,0.5,2.0,0.0,1,0.5849921391234938,1,0,0,0,0,0,0
1618,8,8704,2019-07-08 14:00:00+00:00,8707,2019-07-09 02:00:00+00:00,1,1,8707.0,2019-07-09 02:00:00+00:00,0,,,0,0,,,0,0,0,0,0,0,0.7848240780372131,0.4120968060326067,0.5,0.0,3.0,-1,0.5739484460304772,1,1,0,1,1,0,1
1621,8,8740,2019-07-16 10:00:00+00:00,8740,2019-07-16 10:00:00+00:00,1,0,,,0,,,0,0,,,1,0,0,1,0,0,,,,,,0,,0,0,0,0,0,0,0
1622,8,8745,2019-07-17 06:00:00+00:00,8745,2019-07-17 06:00:00+00:00,1,0,,,0,,,0,0,,,1,0,0,1,0,0,,,,,,0,,0,0,0,0,0,0,0
1628,8,8767,2019-07-22 18:00:00+00:00,8767,2019-07-22 18:00:00+00:00,1,0,,,0,,,0,0,,,1,0,0,1,0,0,,,,,,0,,0,0,0,0,0,0,0
1629,8,8777,2019-07-24 10:00:00+00:00,8778,2019-07-24 14:00:00+00:00,1,0,,,0,,,0,0,,,1,0,0,1,0,0,,,,,,0,,0,0,0,0,0,0,0
1631,8,8793,2019-07-28 22:00:00+00:00,8794,2019-07-29 02:00:00+00:00,1,0,,,0,,,0,0,,,1,0,0,1,0,0,,,,,,0,,0,0,0,0,0,0,0
1634,8,8808,2019-07-31 10:00:00+00:00,8808,2019-07-31 10:00:00+00:00,1,0,,,0,,,0,0,,,1,0,0,1,0,0,,,,,,0,,0,0,0,0,0,0,0
1636,8,8823,2019-08-04 18:00:00+00:00,8823,2019-08-04 18:00:00+00:00,1,0,,,0,,,0,0,,,1,0,0,1,0,0,,,,,,0,,0,0,0,0,0,0,0
1638,8,8846,2019-08-08 14:00:00+00:00,8849,2019-08-09 02:00:00+00:00,1,1,8849.0,2019-08-09 02:00:00+00:00,1,8849.0,2019-08-09 02:00:00+00:00,1,0,8849.0,2019-08-09 02:00:00+00:00,0,0,0,0,0,1,0.6091893566289404,0.6147590001195951,0.5,3.0,0.0,1,0.5905026620247539,1,0,0,0,0,0,0
1641,8,8854,2019-08-11 18:00:00+00:00,8854,2019-08-11 18:00:00+00:00,1,0,,,0,,,0,0,,,1,0,0,1,0,0,,,,,,0,,0,0,0,0,0,0,0
1646,8,8878,2019-08-15 18:00:00+00:00,8880,2019-08-16 02:00:00+00:00,1,0,,,0,,,0,0,,,1,0,1,1,0,0,,,,,,0,,0,0,0,0,0,0,0
1649,8,8882,2019-08-16 10:00:00+00:00,8884,2019-08-16 18:00:00+00:00,1,0,,,0,,,0,0,,,1,0,0,1,0,0,,,,,,0,,0,0,0,0,0,0,0
1653,8,8892,2019-08-19 22:00:00+00:00,8892,2019-08-19 22:00:00+00:00,1,0,,,0,,,0,0,,,1,0,1,1,0,0,,,,,,0,,0,0,0,0,0,0,0
1656,8,8894,2019-08-20 06:00:00+00:00,8901,2019-08-21 10:00:00+00:00,1,0,,,0,,,0,0,,,0,0,0,1,0,0,,,,,,0,,0,0,0,0,0,0,0
1664,8,8911,2019-08-23 02:00:00+00:00,8911,2019-08-23 02:00:00+00:00,1,0,,,0,,,0,0,,,1,0,0,1,0,0,,,,,,0,,0,0,0,0,0,0,0
1667,8,8926,2019-08-27 10:00:00+00:00,8926,2019-08-27 10:00:00+00:00,1,0,,,0,,,0,0,,,1,0,0,1,0,0,,,,,,0,,0,0,0,0,0,0,0
1669,8,8929,2019-08-27 22:00:00+00:00,8931,2019-08-28 06:00:00+00:00,1,0,,,0,,,0,0,,,1,0,0,1,0,0,,,,,,0,,0,0,0,0,0,0,0
1672,8,8937,2019-08-29 06:00:00+00:00,8938,2019-08-29 10:00:00+00:00,1,0,,,0,,,0,0,,,1,0,0,1,0,0,,,,,,0,,0,0,0,0,0,0,0
1681,8,9009,2019-09-15 18:00:00+00:00,9009,2019-09-15 18:00:00+00:00,1,0,,,0,,,0,0,,,1,0,0,1,0,0,,,,,,0,,0,0,0,0,0,0,0
1683,8,9018,2019-09-17 06:00:00+00:00,9021,2019-09-17 18:00:00+00:00,1,1,9021.0,2019-09-17 18:00:00+00:00,0,,,0,0,,,0,0,0,0,0,0,0.5637135565263377,0.7635879612512084,0.625,1.0,0.0,1,0.5302949538963021,1,0,0,1,0,0,1
1688,8,9046,2019-09-23 18:00:00+00:00,9048,2019-09-24 02:00:00+00:00,1,0,,,0,,,0,0,,,1,0,0,1,0,0,,,,,,0,,0,0,0,0,0,0,0
1692,8,9111,2019-10-08 06:00:00+00:00,9113,2019-10-08 14:00:00+00:00,1,0,,,0,,,0,0,,,1,0,0,1,0,0,,,,,,0,,0,0,0,0,0,0,0
1695,8,9121,2019-10-09 22:00:00+00:00,9123,2019-10-10 06:00:00+00:00,1,0,,,0,,,0,0,,,1,0,1,1,0,0,,,,,,0,,0,0,0,0,0,0,0
1697,8,9125,2019-10-10 14:00:00+00:00,9125,2019-10-10 14:00:00+00:00,1,0,,,0,,,0,0,,,1,0,0,1,0,0,,,,,,0,,0,0,0,0,0,0,0
1700,8,9129,2019-10-11 06:00:00+00:00,9129,2019-10-11 06:00:00+00:00,1,0,,,0,,,0,0,,,1,0,0,1,0,0,,,,,,0,,0,0,0,0,0,0,0
1704,8,9144,2019-10-15 14:00:00+00:00,9144,2019-10-15 14:00:00+00:00,1,0,,,0,,,0,0,,,1,0,0,1,0,0,,,,,,0,,0,0,0,0,0,0,0
1707,8,9151,2019-10-16 18:00:00+00:00,9151,2019-10-16 18:00:00+00:00,1,0,,,0,,,0,0,,,1,0,0,1,0,0,,,,,,0,,0,0,0,0,0,0,0
1711,8,9164,2019-10-20 18:00:00+00:00,9167,2019-10-21 06:00:00+00:00,1,1,9167.0,2019-10-21 06:00:00+00:00,0,,,0,0,,,0,0,0,0,0,0,0.6243936762388684,0.5335815107802162,0.25,2.0,0.0,1,0.44063041214532817,1,0,0,1,0,0,1
1713,8,9176,2019-10-22 18:00:00+00:00,9176,2019-10-22 18:00:00+00:00,1,0,,,0,,,0,0,,,1,0,0,1,0,0,,,,,,0,,0,0,0,0,0,0,0
1715,8,9207,2019-10-29 18:00:00+00:00,9211,2019-10-30 10:00:00+00:00,1,0,,,0,,,0,0,,,0,0,0,1,0,0,,,,,,0,,0,0,0,0,0,0,0
1720,8,9235,2019-11-05 07:00:00+00:00,9235,2019-11-05 07:00:00+00:00,1,0,,,0,,,0,0,,,1,0,0,1,0,0,,,,,,0,,0,0,0,0,0,0,0
1727,8,9280,2019-11-14 19:00:00+00:00,9286,2019-11-15 19:00:00+00:00,1,1,9285.0,2019-11-15 15:00:00+00:00,1,9285.0,2019-11-15 15:00:00+00:00,1,0,9285.0,2019-11-15 15:00:00+00:00,0,0,0,0,0,1,0.5256169996403947,0.6742765094706407,0.375,0.0,1.0,-1,0.6712721882630129,0,0,0,0,0,0,0
1735,8,9298,2019-11-19 19:00:00+00:00,9300,2019-11-20 03:00:00+00:00,1,0,,,0,,,0,0,,,1,0,0,1,0,0,,,,,,0,,0,0,0,0,0,0,0
1737,8,9315,2019-11-22 15:00:00+00:00,9316,2019-11-22 19:00:00+00:00,1,0,,,0,,,0,0,,,1,0,0,1,0,0,,,,,,0,,0,0,0,0,0,0,0
1740,8,9337,2019-11-28 07:00:00+00:00,9338,2019-11-28 11:00:00+00:00,1,0,,,0,,,0,0,,,1,0,0,1,0,0,,,,,,0,,0,0,0,0,0,0,0
1744,8,9342,2019-11-29 07:00:00+00:00,9342,2019-11-29 07:00:00+00:00,1,0,,,0,,,0,0,,,1,0,0,1,0,0,,,,,,0,,0,0,0,0,0,0,0
1748,8,9383,2019-12-10 07:00:00+00:00,9383,2019-12-10 07:00:00+00:00,1,0,,,0,,,0,0,,,1,0,0,1,0,0,,,,,,0,,0,0,0,0,0,0,0
1750,8,9390,2019-12-11 11:00:00+00:00,9390,2019-12-11 11:00:00+00:00,1,0,,,0,,,0,0,,,1,0,0,1,0,0,,,,,,0,,0,0,0,0,0,0,0
1753,8,9408,2019-12-16 11:00:00+00:00,9408,2019-12-16 11:00:00+00:00,1,0,,,0,,,0,0,,,1,0,0,1,0,0,,,,,,0,,0,0,0,0,0,0,0
1754,8,9411,2019-12-16 23:00:00+00:00,9419,2019-12-18 07:00:00+00:00,1,1,9418.0,2019-12-18 03:00:00+00:00,1,9418.0,2019-12-18 03:00:00+00:00,1,0,9418.0,2019-12-18 03:00:00+00:00,0,0,0,0,0,1,0.5329798352657593,0.7129082094720559,0.5,0.0,0.0,0,0.7416974543250278,0,0,0,0,0,0,1
1760,8,9428,2019-12-19 19:00:00+00:00,9432,2019-12-20 11:00:00+00:00,1,1,9431.0,2019-12-20 07:00:00+00:00,1,9431.0,2019-12-20 07:00:00+00:00,1,0,9431.0,2019-12-20 07:00:00+00:00,0,0,0,0,0,1,0.4780826470631985,0.8321592039800776,0.375,0.0,0.0,0,0.7474942434573274,0,0,0,0,0,0,0
1763,8,9434,2019-12-20 19:00:00+00:00,9434,2019-12-20 19:00:00+00:00,1,0,,,0,,,0,0,,,1,0,0,1,0,0,,,,,,0,,0,0,0,0,0,0,0
1767,8,9458,2019-12-29 23:00:00+00:00,9460,2019-12-30 07:00:00+00:00,1,0,,,0,,,0,0,,,1,0,0,1,0,0,,,,,,0,,0,0,0,0,0,0,0
1770,8,9463,2019-12-30 19:00:00+00:00,9463,2019-12-30 19:00:00+00:00,1,0,,,0,,,0,0,,,1,0,0,1,0,0,,,,,,0,,0,0,0,0,0,0,0
1772,8,9472,2020-01-02 07:00:00+00:00,9472,2020-01-02 07:00:00+00:00,1,0,,,0,,,0,0,,,1,0,0,1,0,0,,,,,,0,,0,0,0,0,0,0,0
1774,8,9509,2020-01-10 11:00:00+00:00,9509,2020-01-10 11:00:00+00:00,1,0,,,0,,,0,0,,,1,0,0,1,0,0,,,,,,0,,0,0,0,0,0,0,0
1775,8,9520,2020-01-14 07:00:00+00:00,9521,2020-01-14 11:00:00+00:00,1,0,,,0,,,0,0,,,1,0,0,1,0,0,,,,,,0,,0,0,0,0,0,0,0
1779,8,9525,2020-01-15 03:00:00+00:00,9525,2020-01-15 03:00:00+00:00,1,0,,,0,,,0,0,,,1,0,0,1,0,0,,,,,,0,,0,0,0,0,0,0,0
1781,8,9528,2020-01-15 15:00:00+00:00,9528,2020-01-15 15:00:00+00:00,1,0,,,0,,,0,0,,,1,0,0,1,0,0,,,,,,0,,0,0,0,0,0,0,0
1784,8,9531,2020-01-16 03:00:00+00:00,9531,2020-01-16 03:00:00+00:00,1,0,,,0,,,0,0,,,1,0,0,1,0,0,,,,,,0,,0,0,0,0,0,0,0
1787,8,9534,2020-01-16 15:00:00+00:00,9535,2020-01-16 19:00:00+00:00,1,0,,,0,,,0,0,,,1,0,0,1,0,0,,,,,,0,,0,0,0,0,0,0,0
1792,8,9542,2020-01-19 23:00:00+00:00,9542,2020-01-19 23:00:00+00:00,1,0,,,0,,,0,0,,,1,0,1,1,0,0,,,,,,0,,0,0,0,0,0,0,0
1793,8,9544,2020-01-20 07:00:00+00:00,9546,2020-01-20 15:00:00+00:00,1,0,,,0,,,0,0,,,1,0,0,1,0,0,,,,,,0,,0,0,0,0,0,0,0
1797,8,9558,2020-01-22 19:00:00+00:00,9558,2020-01-22 19:00:00+00:00,1,0,,,0,,,0,0,,,1,0,0,1,0,0,,,,,,0,,0,0,0,0,0,0,0
1799,8,9562,2020-01-23 11:00:00+00:00,9562,2020-01-23 11:00:00+00:00,1,0,,,0,,,0,0,,,1,0,0,1,0,0,,,,,,0,,0,0,0,0,0,0,0
1802,8,9570,2020-01-24 19:00:00+00:00,9570,2020-01-24 19:00:00+00:00,1,0,,,0,,,0,0,,,1,0,0,1,0,0,,,,,,0,,0,0,0,0,0,0,0
1805,8,9579,2020-01-28 07:00:00+00:00,9579,2020-01-28 07:00:00+00:00,1,0,,,0,,,0,0,,,1,0,0,1,0,0,,,,,,0,,0,0,0,0,0,0,0
1806,8,9585,2020-01-29 07:00:00+00:00,9585,2020-01-29 07:00:00+00:00,1,0,,,0,,,0,0,,,1,0,0,1,0,0,,,,,,0,,0,0,0,0,0,0,0
1809,8,9592,2020-01-30 11:00:00+00:00,9598,2020-01-31 11:00:00+00:00,1,1,9598.0,2020-01-31 11:00:00+00:00,1,9598.0,2020-01-31 11:00:00+00:00,1,0,9598.0,2020-01-31 11:00:00+00:00,0,0,0,0,0,1,0.318058626547245,0.9706185680117478,0.75,1.0,1.0,0,0.6265549331664044,0,0,0,0,0,0,0
1812,8,9600,2020-01-31 19:00:00+00:00,9600,2020-01-31 19:00:00+00:00,1,0,,,0,,,0,0,,,1,0,0,1,0,0,,,,,,0,,0,0,0,0,0,0,0
1815,8,9622,2020-02-06 11:00:00+00:00,9622,2020-02-06 11:00:00+00:00,1,0,,,0,,,0,0,,,1,0,1,1,0,0,,,,,,0,,0,0,0,0,0,0,0
1817,8,9624,2020-02-06 19:00:00+00:00,9626,2020-02-07 03:00:00+00:00,1,0,,,0,,,0,0,,,1,0,0,1,0,0,,,,,,0,,0,0,0,0,0,0,0
1820,8,9638,2020-02-11 03:00:00+00:00,9640,2020-02-11 11:00:00+00:00,1,0,,,0,,,0,0,,,1,0,1,1,0,0,,,,,,0,,0,0,0,0,0,0,0
1822,8,9642,2020-02-11 19:00:00+00:00,9642,2020-02-11 19:00:00+00:00,1,0,,,0,,,0,0,,,1,0,1,1,0,0,,,,,,0,,0,0,0,0,0,0,0
1824,8,9644,2020-02-12 03:00:00+00:00,9644,2020-02-12 03:00:00+00:00,1,0,,,0,,,0,0,,,1,0,0,1,0,0,,,,,,0,,0,0,0,0,0,0,0
1827,8,9648,2020-02-12 19:00:00+00:00,9648,2020-02-12 19:00:00+00:00,1,0,,,0,,,0,0,,,1,0,0,1,0,0,,,,,,0,,0,0,0,0,0,0,0
1830,8,9655,2020-02-13 23:00:00+00:00,9655,2020-02-13 23:00:00+00:00,1,0,,,0,,,0,0,,,1,0,1,1,0,0,,,,,,0,,0,0,0,0,0,0,0
1831,8,9657,2020-02-14 07:00:00+00:00,9657,2020-02-14 07:00:00+00:00,1,0,,,0,,,0,0,,,1,0,0,1,0,0,,,,,,0,,0,0,0,0,0,0,0
1833,8,9660,2020-02-14 19:00:00+00:00,9663,2020-02-17 07:00:00+00:00,1,1,9663.0,2020-02-17 07:00:00+00:00,1,9663.0,2020-02-17 07:00:00+00:00,1,0,9663.0,2020-02-17 07:00:00+00:00,0,0,0,0,0,1,0.5834684503808222,0.5532669255444949,0.25,2.0,0.0,1,0.6950411741896986,1,0,0,0,0,0,0
1837,8,9705,2020-02-26 11:00:00+00:00,9705,2020-02-26 11:00:00+00:00,1,0,,,0,,,0,0,,,1,0,0,1,0,0,,,,,,0,,0,0,0,0,0,0,0
1838,8,9708,2020-02-26 23:00:00+00:00,9708,2020-02-26 23:00:00+00:00,1,0,,,0,,,0,0,,,1,0,0,1,0,0,,,,,,0,,0,0,0,0,0,0,0
1842,8,9714,2020-02-27 23:00:00+00:00,9714,2020-02-27 23:00:00+00:00,1,0,,,0,,,0,0,,,1,0,0,1,0,0,,,,,,0,,0,0,0,0,0,0,0
1846,8,9728,2020-03-03 07:00:00+00:00,9729,2020-03-03 11:00:00+00:00,1,0,,,0,,,0,0,,,1,0,0,1,0,0,,,,,,0,,0,0,0,0,0,0,0
1848,8,9740,2020-03-05 07:00:00+00:00,9740,2020-03-05 07:00:00+00:00,1,0,,,0,,,0,0,,,1,0,0,1,0,0,,,,,,0,,0,0,0,0,0,0,0
1851,8,9761,2020-03-10 10:00:00+00:00,9761,2020-03-10 10:00:00+00:00,1,0,,,0,,,0,0,,,1,0,0,1,0,0,,,,,,0,,0,0,0,0,0,0,0
1856,8,9804,2020-03-19 10:00:00+00:00,9804,2020-03-19 10:00:00+00:00,1,0,,,0,,,0,0,,,1,0,0,1,0,0,,,,,,0,,0,0,0,0,0,0,0
1858,8,9815,2020-03-23 02:00:00+00:00,9816,2020-03-23 06:00:00+00:00,1,0,,,0,,,0,0,,,1,0,0,1,0,0,,,,,,0,,0,0,0,0,0,0,0
1859,8,9827,2020-03-25 02:00:00+00:00,9828,2020-03-25 06:00:00+00:00,1,0,,,0,,,0,0,,,1,0,0,1,0,0,,,,,,0,,0,0,0,0,0,0,0
1861,8,9831,2020-03-25 18:00:00+00:00,9832,2020-03-25 22:00:00+00:00,1,0,,,0,,,0,0,,,1,0,0,1,0,0,,,,,,0,,0,0,0,0,0,0,0
1865,8,9844,2020-03-29 22:00:00+00:00,9850,2020-03-30 22:00:00+00:00,1,1,9847.0,2020-03-30 10:00:00+00:00,1,9847.0,2020-03-30 10:00:00+00:00,1,0,9847.0,2020-03-30 10:00:00+00:00,0,0,0,0,0,1,0.26861520432692115,0.9492628205128213,0.75,2.0,1.0,1,0.6228239218750026,0,0,0,0,0,0,0
1867,8,9853,2020-03-31 10:00:00+00:00,9853,2020-03-31 10:00:00+00:00,1,0,,,0,,,0,0,,,1,0,0,1,0,0,,,,,,0,,0,0,0,0,0,0,0
1871,8,9857,2020-04-01 02:00:00+00:00,9857,2020-04-01 02:00:00+00:00,1,0,,,0,,,0,0,,,1,0,0,1,0,0,,,,,,0,,0,0,0,0,0,0,0
1872,8,9860,2020-04-01 14:00:00+00:00,9860,2020-04-01 14:00:00+00:00,1,0,,,0,,,0,0,,,1,0,0,1,0,0,,,,,,0,,0,0,0,0,0,0,0
1874,8,9868,2020-04-02 22:00:00+00:00,9870,2020-04-03 06:00:00+00:00,1,0,,,0,,,0,0,,,1,0,0,1,0,0,,,,,,0,,0,0,0,0,0,0,0
1876,8,9873,2020-04-03 18:00:00+00:00,9875,2020-04-05 22:00:00+00:00,1,0,,,0,,,0,0,,,1,0,0,1,0,0,,,,,,0,,0,0,0,0,0,0,0
1880,8,9889,2020-04-08 06:00:00+00:00,9889,2020-04-08 06:00:00+00:00,1,0,,,0,,,0,0,,,1,0,0,1,0,0,,,,,,0,,0,0,0,0,0,0,0
1881,8,9892,2020-04-08 18:00:00+00:00,9894,2020-04-09 02:00:00+00:00,1,0,,,0,,,0,0,,,1,0,0,1,0,0,,,,,,0,,0,0,0,0,0,0,0
1885,8,9902,2020-04-13 06:00:00+00:00,9902,2020-04-13 06:00:00+00:00,1,0,,,0,,,0,0,,,1,0,0,1,0,0,,,,,,0,,0,0,0,0,0,0,0
1887,8,9918,2020-04-15 22:00:00+00:00,9918,2020-04-15 22:00:00+00:00,1,0,,,0,,,0,0,,,1,0,0,1,0,0,,,,,,0,,0,0,0,0,0,0,0
1892,8,9949,2020-04-22 22:00:00+00:00,9949,2020-04-22 22:00:00+00:00,1,0,,,0,,,0,0,,,1,0,0,1,0,0,,,,,,0,,0,0,0,0,0,0,0
1894,8,9954,2020-04-23 18:00:00+00:00,9956,2020-04-24 02:00:00+00:00,1,0,,,0,,,0,0,,,1,0,0,1,0,0,,,,,,0,,0,0,0,0,0,0,0
1899,8,9966,2020-04-27 14:00:00+00:00,9967,2020-04-27 18:00:00+00:00,1,0,,,0,,,0,0,,,1,0,0,1,0,0,,,,,,0,,0,0,0,0,0,0,0
1902,8,9971,2020-04-28 10:00:00+00:00,9971,2020-04-28 10:00:00+00:00,1,0,,,0,,,0,0,,,1,0,0,1,0,0,,,,,,0,,0,0,0,0,0,0,0
1905,8,9975,2020-04-29 02:00:00+00:00,9976,2020-04-29 06:00:00+00:00,1,0,,,0,,,0,0,,,1,0,0,1,0,0,,,,,,0,,0,0,0,0,0,0,0
1909,8,9980,2020-04-29 22:00:00+00:00,9980,2020-04-29 22:00:00+00:00,1,0,,,0,,,0,0,,,1,0,1,1,0,0,,,,,,0,,0,0,0,0,0,0,0
1911,8,9982,2020-04-30 06:00:00+00:00,9982,2020-04-30 06:00:00+00:00,1,0,,,0,,,0,0,,,1,0,0,1,0,0,,,,,,0,,0,0,0,0,0,0,0
1913,8,9992,2020-05-03 18:00:00+00:00,9993,2020-05-03 22:00:00+00:00,1,0,,,0,,,0,0,,,1,0,0,1,0,0,,,,,,0,,0,0,0,0,0,0,0
1915,8,9998,2020-05-04 18:00:00+00:00,9999,2020-05-04 22:00:00+00:00,1,0,,,0,,,0,0,,,1,0,0,1,0,0,,,,,,0,,0,0,0,0,0,0,0
1917,8,10009,2020-05-06 14:00:00+00:00,10012,2020-05-07 02:00:00+00:00,1,0,,,0,,,0,0,,,0,0,0,1,0,0,,,,,,0,,0,0,0,0,0,0,0
1921,8,10023,2020-05-10 18:00:00+00:00,10025,2020-05-11 02:00:00+00:00,1,0,,,0,,,0,0,,,1,0,0,1,0,0,,,,,,0,,0,0,0,0,0,0,0
1924,8,10036,2020-05-12 22:00:00+00:00,10037,2020-05-13 02:00:00+00:00,1,0,,,0,,,0,0,,,1,0,0,1,0,0,,,,,,0,,0,0,0,0,0,0,0
1927,8,10044,2020-05-14 06:00:00+00:00,10044,2020-05-14 06:00:00+00:00,1,0,,,0,,,0,0,,,1,0,0,1,0,0,,,,,,0,,0,0,0,0,0,0,0
1930,8,10048,2020-05-14 22:00:00+00:00,10048,2020-05-14 22:00:00+00:00,1,0,,,0,,,0,0,,,1,0,0,1,0,0,,,,,,0,,0,0,0,0,0,0,0
1932,8,10066,2020-05-19 18:00:00+00:00,10068,2020-05-20 02:00:00+00:00,1,0,,,0,,,0,0,,,1,0,0,1,0,0,,,,,,0,,0,0,0,0,0,0,0
1937,8,10082,2020-05-22 10:00:00+00:00,10082,2020-05-22 10:00:00+00:00,1,0,,,0,,,0,0,,,1,0,0,1,0,0,,,,,,0,,0,0,0,0,0,0,0
1939,8,10086,2020-05-24 22:00:00+00:00,10088,2020-05-25 06:00:00+00:00,1,0,,,0,,,0,0,,,1,0,0,1,0,0,,,,,,0,,0,0,0,0,0,0,0
1941,8,10094,2020-05-26 06:00:00+00:00,10094,2020-05-26 06:00:00+00:00,1,0,,,0,,,0,0,,,1,0,0,1,0,0,,,,,,0,,0,0,0,0,0,0,0
1945,8,10112,2020-05-29 06:00:00+00:00,10112,2020-05-29 06:00:00+00:00,1,0,,,0,,,0,0,,,1,0,0,1,0,0,,,,,,0,,0,0,0,0,0,0,0
1948,8,10121,2020-06-01 14:00:00+00:00,10122,2020-06-01 18:00:00+00:00,1,0,,,0,,,0,0,,,1,0,0,1,0,0,,,,,,0,,0,0,0,0,0,0,0
1955,8,10153,2020-06-08 18:00:00+00:00,10153,2020-06-08 18:00:00+00:00,1,0,,,0,,,0,0,,,1,0,0,1,0,0,,,,,,0,,0,0,0,0,0,0,0
1956,8,10160,2020-06-09 22:00:00+00:00,10160,2020-06-09 22:00:00+00:00,1,0,,,0,,,0,0,,,1,0,0,1,0,0,,,,,,0,,0,0,0,0,0,0,0
1958,8,10177,2020-06-12 18:00:00+00:00,10177,2020-06-12 18:00:00+00:00,1,0,,,0,,,0,0,,,1,0,0,1,0,0,,,,,,0,,0,0,0,0,0,0,0
1959,8,10190,2020-06-16 18:00:00+00:00,10190,2020-06-16 18:00:00+00:00,1,0,,,0,,,0,0,,,1,0,0,1,0,0,,,,,,0,,0,0,0,0,0,0,0
1963,8,10235,2020-06-26 02:00:00+00:00,10236,2020-06-26 06:00:00+00:00,1,0,,,0,,,0,0,,,1,0,0,1,0,0,,,,,,0,,0,0,0,0,0,0,0
1966,8,10251,2020-06-30 14:00:00+00:00,10251,2020-06-30 14:00:00+00:00,1,0,,,0,,,0,0,,,1,0,0,1,0,0,,,,,,0,,0,0,0,0,0,0,0
1968,8,10264,2020-07-02 18:00:00+00:00,10264,2020-07-02 18:00:00+00:00,1,0,,,0,,,0,0,,,1,0,0,1,0,0,,,,,,0,,0,0,0,0,0,0,0
1971,8,10271,2020-07-05 22:00:00+00:00,10272,2020-07-06 02:00:00+00:00,1,0,,,0,,,0,0,,,1,0,0,1,0,0,,,,,,0,,0,0,0,0,0,0,0
1972,8,10275,2020-07-06 14:00:00+00:00,10277,2020-07-06 22:00:00+00:00,1,0,,,0,,,0,0,,,1,0,0,1,0,0,,,,,,0,,0,0,0,0,0,0,0
1976,8,10296,2020-07-10 02:00:00+00:00,10298,2020-07-10 10:00:00+00:00,1,0,,,0,,,0,0,,,1,0,0,1,0,0,,,,,,0,,0,0,0,0,0,0,0
1980,8,10319,2020-07-15 18:00:00+00:00,10319,2020-07-15 18:00:00+00:00,1,0,,,0,,,0,0,,,1,0,0,1,0,0,,,,,,0,,0,0,0,0,0,0,0
1988,8,10388,2020-07-30 22:00:00+00:00,10388,2020-07-30 22:00:00+00:00,1,0,,,0,,,0,0,,,1,0,1,1,0,0,,,,,,0,,0,0,0,0,0,0,0
1989,8,10390,2020-07-31 06:00:00+00:00,10392,2020-07-31 14:00:00+00:00,1,0,,,0,,,0,0,,,1,0,0,1,0,0,,,,,,0,,0,0,0,0,0,0,0
1994,8,10395,2020-08-02 22:00:00+00:00,10401,2020-08-03 22:00:00+00:00,1,1,10398.0,2020-08-03 10:00:00+00:00,1,10398.0,2020-08-03 10:00:00+00:00,1,0,10398.0,2020-08-03 10:00:00+00:00,0,0,0,0,0,1,0.46568204929498713,0.9723369363545997,0.625,0.0,1.0,-1,0.584685740969536,0,0,0,0,0,0,0
2002,8,10452,2020-08-14 06:00:00+00:00,10453,2020-08-14 10:00:00+00:00,1,0,,,0,,,0,0,,,1,0,1,1,0,0,,,,,,0,,0,0,0,0,0,0,0
2003,8,10455,2020-08-14 18:00:00+00:00,10455,2020-08-14 18:00:00+00:00,1,0,,,0,,,0,0,,,1,0,0,1,0,0,,,,,,0,,0,0,0,0,0,0,0
2007,8,10458,2020-08-17 02:00:00+00:00,10459,2020-08-17 06:00:00+00:00,1,0,,,0,,,0,0,,,1,0,1,1,0,0,,,,,,0,,0,0,0,0,0,0,0
2008,8,10461,2020-08-17 14:00:00+00:00,10461,2020-08-17 14:00:00+00:00,1,0,,,0,,,0,0,,,1,0,0,1,0,0,,,,,,0,,0,0,0,0,0,0,0
2011,8,10481,2020-08-20 22:00:00+00:00,10483,2020-08-21 06:00:00+00:00,1,0,,,0,,,0,0,,,1,0,0,1,0,0,,,,,,0,,0,0,0,0,0,0,0
2014,8,10499,2020-08-25 18:00:00+00:00,10502,2020-08-26 06:00:00+00:00,1,0,,,0,,,0,0,,,0,0,0,1,0,0,,,,,,0,,0,0,0,0,0,0,0
2018,8,10529,2020-09-01 14:00:00+00:00,10533,2020-09-02 06:00:00+00:00,1,0,,,0,,,0,0,,,0,0,0,1,0,0,,,,,,0,,0,0,0,0,0,0,0
2021,8,10547,2020-09-04 14:00:00+00:00,10547,2020-09-04 14:00:00+00:00,1,0,,,0,,,0,0,,,1,0,0,1,0,0,,,,,,0,,0,0,0,0,0,0,0
2027,8,10567,2020-09-09 18:00:00+00:00,10569,2020-09-10 02:00:00+00:00,1,0,,,0,,,0,0,,,1,0,0,1,0,0,,,,,,0,,0,0,0,0,0,0,0
2030,8,10590,2020-09-15 10:00:00+00:00,10590,2020-09-15 10:00:00+00:00,1,0,,,0,,,0,0,,,1,0,0,1,0,0,,,,,,0,,0,0,0,0,0,0,0
2032,8,10593,2020-09-15 22:00:00+00:00,10597,2020-09-16 14:00:00+00:00,1,1,10597.0,2020-09-16 14:00:00+00:00,0,,,0,0,,,0,0,0,0,0,0,0.4289937793400592,0.8572363341316256,0.5,1.0,0.0,1,0.48764405667231314,0,0,0,1,0,0,1
2036,8,10624,2020-09-22 22:00:00+00:00,10624,2020-09-22 22:00:00+00:00,1,0,,,0,,,0,0,,,1,0,0,1,0,0,,,,,,0,,0,0,0,0,0,0,0
2038,8,10638,2020-09-25 06:00:00+00:00,10644,2020-09-28 02:00:00+00:00,1,1,10642.0,2020-09-27 18:00:00+00:00,1,10642.0,2020-09-27 18:00:00+00:00,1,0,10642.0,2020-09-27 18:00:00+00:00,0,0,0,0,0,1,0.44439075150185814,0.9682114356834347,0.5,0.0,0.0,0,0.7220209403762486,0,0,0,0,0,0,1
2045,8,10655,2020-09-29 22:00:00+00:00,10658,2020-09-30 10:00:00+00:00,1,1,10658.0,2020-09-30 10:00:00+00:00,0,,,0,0,,,0,0,0,0,0,0,0.45141040208436684,0.9806920056308794,0.25,1.0,0.0,1,0.4480906718002715,0,0,0,1,0,0,1
2048,8,10663,2020-10-01 06:00:00+00:00,10663,2020-10-01 06:00:00+00:00,1,0,,,0,,,0,0,,,1,0,0,1,0,0,,,,,,0,,0,0,0,0,0,0,0
2050,8,10666,2020-10-01 18:00:00+00:00,10667,2020-10-01 22:00:00+00:00,1,0,,,0,,,0,0,,,1,0,0,1,0,0,,,,,,0,,0,0,0,0,0,0,0
2053,8,10692,2020-10-07 22:00:00+00:00,10692,2020-10-07 22:00:00+00:00,1,0,,,0,,,0,0,,,1,0,0,1,0,0,,,,,,0,,0,0,0,0,0,0,0
2055,8,10706,2020-10-12 02:00:00+00:00,10706,2020-10-12 02:00:00+00:00,1,0,,,0,,,0,0,,,1,0,0,1,0,0,,,,,,0,,0,0,0,0,0,0,0
2056,8,10712,2020-10-13 02:00:00+00:00,10712,2020-10-13 02:00:00+00:00,1,0,,,0,,,0,0,,,1,0,0,1,0,0,,,,,,0,,0,0,0,0,0,0,0
2061,8,10722,2020-10-14 18:00:00+00:00,10723,2020-10-14 22:00:00+00:00,1,0,,,0,,,0,0,,,1,0,1,1,0,0,,,,,,0,,0,0,0,0,0,0,0
2062,8,10725,2020-10-15 06:00:00+00:00,10732,2020-10-16 10:00:00+00:00,1,1,10731.0,2020-10-16 06:00:00+00:00,1,10731.0,2020-10-16 06:00:00+00:00,1,0,10731.0,2020-10-16 06:00:00+00:00,0,0,0,0,0,1,0.689851567451317,0.4602253032928889,0.375,2.0,0.0,1,0.5966852186201895,1,0,0,0,0,0,0
2069,8,10734,2020-10-16 18:00:00+00:00,10738,2020-10-19 06:00:00+00:00,1,1,10738.0,2020-10-19 06:00:00+00:00,0,,,0,0,,,0,0,0,0,0,0,0.3156614874500936,0.6813264346189947,0.75,1.0,1.0,0,0.5371023257883586,0,0,0,1,0,0,1
2073,8,10774,2020-10-27 02:00:00+00:00,10778,2020-10-27 18:00:00+00:00,1,1,10778.0,2020-10-27 18:00:00+00:00,0,,,0,0,,,0,1,0,0,0,0,0.46819238661183243,0.7605048255382325,0.625,1.0,0.0,1,0.5770251218991967,0,0,0,1,0,0,1
2079,8,10828,2020-11-08 23:00:00+00:00,10828,2020-11-08 23:00:00+00:00,1,0,,,0,,,0,0,,,1,0,0,1,0,0,,,,,,0,,0,0,0,0,0,0,0
2082,8,10840,2020-11-10 23:00:00+00:00,10840,2020-11-10 23:00:00+00:00,1,0,,,0,,,0,0,,,1,0,1,1,0,0,,,,,,0,,0,0,0,0,0,0,0
2084,8,10842,2020-11-11 07:00:00+00:00,10842,2020-11-11 07:00:00+00:00,1,0,,,0,,,0,0,,,1,0,1,1,0,0,,,,,,0,,0,0,0,0,0,0,0
2086,8,10844,2020-11-11 15:00:00+00:00,10848,2020-11-12 07:00:00+00:00,1,1,10847.0,2020-11-12 03:00:00+00:00,1,10847.0,2020-11-12 03:00:00+00:00,1,0,10847.0,2020-11-12 03:00:00+00:00,0,0,0,0,0,1,0.46487946713087386,0.8590389665696617,0.375,0.0,0.0,0,0.7710392177435695,0,0,0,0,0,0,0
2090,8,10852,2020-11-12 23:00:00+00:00,10853,2020-11-13 03:00:00+00:00,1,0,,,0,,,0,0,,,1,0,0,1,0,0,,,,,,0,,0,0,0,0,0,0,0
2093,8,10859,2020-11-16 03:00:00+00:00,10860,2020-11-16 07:00:00+00:00,1,0,,,0,,,0,0,,,1,0,0,1,0,0,,,,,,0,,0,0,0,0,0,0,0
2097,8,10870,2020-11-17 23:00:00+00:00,10871,2020-11-18 03:00:00+00:00,1,0,,,0,,,0,0,,,1,0,0,1,0,0,,,,,,0,,0,0,0,0,0,0,0
2099,8,10888,2020-11-22 23:00:00+00:00,10889,2020-11-23 03:00:00+00:00,1,0,,,0,,,0,0,,,1,0,0,1,0,0,,,,,,0,,0,0,0,0,0,0,0
2100,8,10904,2020-11-25 15:00:00+00:00,10904,2020-11-25 15:00:00+00:00,1,0,,,0,,,0,0,,,1,0,0,1,0,0,,,,,,0,,0,0,0,0,0,0,0
2102,8,10909,2020-11-26 11:00:00+00:00,10910,2020-11-26 15:00:00+00:00,1,0,,,0,,,0,0,,,1,0,0,1,0,0,,,,,,0,,0,0,0,0,0,0,0
2106,8,10922,2020-11-30 23:00:00+00:00,10922,2020-11-30 23:00:00+00:00,1,0,,,0,,,0,0,,,1,0,0,1,0,0,,,,,,0,,0,0,0,0,0,0,0
2109,8,10934,2020-12-02 23:00:00+00:00,10934,2020-12-02 23:00:00+00:00,1,0,,,0,,,0,0,,,1,0,0,1,0,0,,,,,,0,,0,0,0,0,0,0,0
2112,8,10957,2020-12-08 19:00:00+00:00,10960,2020-12-09 07:00:00+00:00,1,1,10960.0,2020-12-09 07:00:00+00:00,0,,,0,0,,,0,0,0,0,0,0,0.5155433701380083,0.6141700404858286,0.5,0.0,2.0,-1,0.5395203675379898,0,0,0,1,0,0,1
2114,8,10969,2020-12-10 19:00:00+00:00,10969,2020-12-10 19:00:00+00:00,1,0,,,0,,,0,0,,,1,0,1,1,0,0,,,,,,0,,0,0,0,0,0,0,0
2115,8,10971,2020-12-11 03:00:00+00:00,10972,2020-12-11 07:00:00+00:00,1,0,,,0,,,0,0,,,1,0,0,1,0,0,,,,,,0,,0,0,0,0,0,0,0
2121,8,11001,2020-12-18 03:00:00+00:00,11001,2020-12-18 03:00:00+00:00,1,0,,,0,,,0,0,,,1,0,0,1,0,0,,,,,,0,,0,0,0,0,0,0,0
2123,8,11017,2020-12-22 19:00:00+00:00,11019,2020-12-23 03:00:00+00:00,1,0,,,0,,,0,0,,,1,0,0,1,0,0,,,,,,0,,0,0,0,0,0,0,0
2126,8,11023,2020-12-23 19:00:00+00:00,11025,2020-12-24 03:00:00+00:00,1,0,,,0,,,0,0,,,1,0,0,1,0,0,,,,,,0,,0,0,0,0,0,0,0
2130,8,11037,2020-12-29 07:00:00+00:00,11039,2020-12-29 15:00:00+00:00,1,0,,,0,,,0,0,,,1,0,1,1,0,0,,,,,,0,,0,0,0,0,0,0,0
2132,8,11041,2020-12-29 23:00:00+00:00,11042,2020-12-30 03:00:00+00:00,1,0,,,0,,,0,0,,,1,0,0,1,0,0,,,,,,0,,0,0,0,0,0,0,0
2136,8,11050,2020-12-31 11:00:00+00:00,11050,2020-12-31 11:00:00+00:00,1,0,,,0,,,0,0,,,1,0,1,1,0,0,,,,,,0,,0,0,0,0,0,0,0
2139,8,11052,2020-12-31 19:00:00+00:00,11052,2020-12-31 19:00:00+00:00,1,0,,,0,,,0,0,,,1,0,0,1,0,0,,,,,,0,,0,0,0,0,0,0,0
2142,8,11077,2021-01-07 23:00:00+00:00,11078,2021-01-08 03:00:00+00:00,1,0,,,0,,,0,0,,,1,0,0,1,0,0,,,,,,0,,0,0,0,0,0,0,0
2145,8,11091,2021-01-12 07:00:00+00:00,11091,2021-01-12 07:00:00+00:00,1,0,,,0,,,0,0,,,1,0,0,1,0,0,,,,,,0,,0,0,0,0,0,0,0
2147,8,11094,2021-01-12 19:00:00+00:00,11094,2021-01-12 19:00:00+00:00,1,0,,,0,,,0,0,,,1,0,0,1,0,0,,,,,,0,,0,0,0,0,0,0,0
2153,8,11109,2021-01-15 07:00:00+00:00,11110,2021-01-15 11:00:00+00:00,1,0,,,0,,,0,0,,,1,0,1,1,0,0,,,,,,0,,0,0,0,0,0,0,0
2155,8,11112,2021-01-15 19:00:00+00:00,11112,2021-01-15 19:00:00+00:00,1,0,,,0,,,0,0,,,1,0,0,1,0,0,,,,,,0,,0,0,0,0,0,0,0
2158,8,11122,2021-01-19 15:00:00+00:00,11122,2021-01-19 15:00:00+00:00,1,0,,,0,,,0,0,,,1,0,0,1,0,0,,,,,,0,,0,0,0,0,0,0,0
2160,8,11137,2021-01-22 03:00:00+00:00,11137,2021-01-22 03:00:00+00:00,1,0,,,0,,,0,0,,,1,0,0,1,0,0,,,,,,0,,0,0,0,0,0,0,0
2162,8,11153,2021-01-26 19:00:00+00:00,11153,2021-01-26 19:00:00+00:00,1,0,,,0,,,0,0,,,1,0,0,1,0,0,,,,,,0,,0,0,0,0,0,0,0
2163,8,11156,2021-01-27 07:00:00+00:00,11156,2021-01-27 07:00:00+00:00,1,0,,,0,,,0,0,,,1,0,0,1,0,0,,,,,,0,,0,0,0,0,0,0,0
2166,8,11165,2021-01-28 19:00:00+00:00,11168,2021-01-29 07:00:00+00:00,1,1,11168.0,2021-01-29 07:00:00+00:00,1,11168.0,2021-01-29 07:00:00+00:00,1,0,11168.0,2021-01-29 07:00:00+00:00,0,0,0,0,0,1,0.38214385027973635,0.9390974440894617,0.5,1.0,1.0,0,0.59689841142351,0,0,0,0,0,0,0
2170,8,11213,2021-02-09 19:00:00+00:00,11214,2021-02-09 23:00:00+00:00,1,0,,,0,,,0,0,,,1,0,0,1,0,0,,,,,,0,,0,0,0,0,0,0,0
2174,8,11225,2021-02-11 19:00:00+00:00,11225,2021-02-11 19:00:00+00:00,1,0,,,0,,,0,0,,,1,0,0,1,0,0,,,,,,0,,0,0,0,0,0,0,0
2176,8,11238,2021-02-15 23:00:00+00:00,11240,2021-02-16 07:00:00+00:00,1,0,,,0,,,0,0,,,1,0,0,1,0,0,,,,,,0,,0,0,0,0,0,0,0
2179,8,11250,2021-02-17 23:00:00+00:00,11255,2021-02-18 19:00:00+00:00,1,1,11253.0,2021-02-18 11:00:00+00:00,0,,,0,0,,,0,0,0,0,0,0,0.45163504331540516,0.9699760749007756,0.25,0.0,1.0,-1,0.4992598859646934,0,0,0,1,0,0,1
2184,8,11272,2021-02-23 15:00:00+00:00,11272,2021-02-23 15:00:00+00:00,1,0,,,0,,,0,0,,,1,0,0,1,0,0,,,,,,0,,0,0,0,0,0,0,0
2185,8,11278,2021-02-24 15:00:00+00:00,11278,2021-02-24 15:00:00+00:00,1,0,,,0,,,0,0,,,1,0,0,1,0,0,,,,,,0,,0,0,0,0,0,0,0
2189,8,11282,2021-02-25 07:00:00+00:00,11282,2021-02-25 07:00:00+00:00,1,0,,,0,,,0,0,,,1,0,0,1,0,0,,,,,,0,,0,0,0,0,0,0,0
2194,8,11315,2021-03-04 19:00:00+00:00,11315,2021-03-04 19:00:00+00:00,1,0,,,0,,,0,0,,,1,0,0,1,0,0,,,,,,0,,0,0,0,0,0,0,0
2195,8,11319,2021-03-05 11:00:00+00:00,11320,2021-03-05 15:00:00+00:00,1,0,,,0,,,0,0,,,1,0,0,1,0,0,,,,,,0,,0,0,0,0,0,0,0
2201,8,11351,2021-03-12 19:00:00+00:00,11351,2021-03-12 19:00:00+00:00,1,0,,,0,,,0,0,,,1,0,0,1,0,0,,,,,,0,,0,0,0,0,0,0,0
2203,8,11358,2021-03-15 14:00:00+00:00,11360,2021-03-15 22:00:00+00:00,1,0,,,0,,,0,0,,,1,0,0,1,0,0,,,,,,0,,0,0,0,0,0,0,0
2206,8,11383,2021-03-19 18:00:00+00:00,11390,2021-03-22 18:00:00+00:00,1,1,11389.0,2021-03-22 14:00:00+00:00,1,11389.0,2021-03-22 14:00:00+00:00,1,0,11389.0,2021-03-22 14:00:00+00:00,0,0,0,0,0,1,0.43267910307860186,0.9956709956709977,0.375,0.0,1.0,-1,0.7114349498671603,0,0,0,0,0,0,1
2212,8,11394,2021-03-23 10:00:00+00:00,11400,2021-03-24 10:00:00+00:00,1,1,11400.0,2021-03-24 10:00:00+00:00,1,11400.0,2021-03-24 10:00:00+00:00,1,0,11400.0,2021-03-24 10:00:00+00:00,0,0,0,0,0,1,0.5502522329153231,0.8249551326474385,0.25,0.0,0.0,0,0.6145212278027253,1,0,0,0,0,0,1
2218,8,11405,2021-03-25 06:00:00+00:00,11405,2021-03-25 06:00:00+00:00,1,0,,,0,,,0,0,,,1,0,0,1,0,0,,,,,,0,,0,0,0,0,0,0,0
2220,8,11414,2021-03-26 18:00:00+00:00,11414,2021-03-26 18:00:00+00:00,1,0,,,0,,,0,0,,,1,0,0,1,0,0,,,,,,0,,0,0,0,0,0,0,0
2226,8,11450,2021-04-05 10:00:00+00:00,11451,2021-04-05 14:00:00+00:00,1,0,,,0,,,0,0,,,1,0,0,1,0,0,,,,,,0,,0,0,0,0,0,0,0
2229,8,11460,2021-04-07 02:00:00+00:00,11460,2021-04-07 02:00:00+00:00,1,0,,,0,,,0,0,,,1,0,0,1,0,0,,,,,,0,,0,0,0,0,0,0,0
2233,8,11483,2021-04-12 22:00:00+00:00,11483,2021-04-12 22:00:00+00:00,1,0,,,0,,,0,0,,,1,0,0,1,0,0,,,,,,0,,0,0,0,0,0,0,0
2236,8,11487,2021-04-13 14:00:00+00:00,11492,2021-04-14 10:00:00+00:00,1,0,,,0,,,0,0,,,0,0,1,1,0,0,,,,,,0,,0,0,0,0,0,0,0
2240,8,11494,2021-04-14 18:00:00+00:00,11497,2021-04-15 06:00:00+00:00,1,1,11497.0,2021-04-15 06:00:00+00:00,1,11497.0,2021-04-15 06:00:00+00:00,1,0,11497.0,2021-04-15 06:00:00+00:00,0,0,0,0,0,1,0.27718383673470076,0.8912380952380945,0.75,1.0,1.0,0,0.7123599314285667,0,0,0,0,0,0,0
2241,8,11513,2021-04-19 22:00:00+00:00,11515,2021-04-20 06:00:00+00:00,1,0,,,0,,,0,0,,,1,0,0,1,0,0,,,,,,0,,0,0,0,0,0,0,0
2244,8,11526,2021-05-23 22:00:00+00:00,11526,2021-05-23 22:00:00+00:00,1,0,,,0,,,0,0,,,1,0,0,1,0,0,,,,,,0,,0,0,0,0,0,0,0
2246,8,11532,2021-05-24 22:00:00+00:00,11535,2021-05-25 10:00:00+00:00,1,0,,,0,,,0,0,,,0,0,0,1,0,0,,,,,,0,,0,0,0,0,0,0,0
2249,8,11549,2021-05-27 18:00:00+00:00,11552,2021-05-28 06:00:00+00:00,1,1,11552.0,2021-05-28 06:00:00+00:00,1,11552.0,2021-05-28 06:00:00+00:00,1,0,11552.0,2021-05-28 06:00:00+00:00,0,0,0,0,0,1,0.5809848593431943,0.588620981387468,0.25,0.0,2.0,-1,0.5999203692281448,1,0,0,0,0,0,0
2253,8,11574,2021-06-02 22:00:00+00:00,11575,2021-06-03 02:00:00+00:00,1,0,,,0,,,0,0,,,1,0,0,1,0,0,,,,,,0,,0,0,0,0,0,0,0
2254,8,11596,2021-06-08 14:00:00+00:00,11596,2021-06-08 14:00:00+00:00,1,0,,,0,,,0,0,,,1,0,0,1,0,0,,,,,,0,,0,0,0,0,0,0,0
2260,8,11629,2021-06-16 02:00:00+00:00,11631,2021-06-16 10:00:00+00:00,1,0,,,0,,,0,0,,,1,0,0,1,0,0,,,,,,0,,0,0,0,0,0,0,0
2268,8,11682,2021-06-28 22:00:00+00:00,11683,2021-06-29 02:00:00+00:00,1,0,,,0,,,0,0,,,1,0,0,1,0,0,,,,,,0,,0,0,0,0,0,0,0
2272,8,11692,2021-06-30 14:00:00+00:00,11692,2021-06-30 14:00:00+00:00,1,0,,,0,,,0,0,,,1,0,0,1,0,0,,,,,,0,,0,0,0,0,0,0,0
2273,8,11708,2021-07-05 06:00:00+00:00,11709,2021-07-05 10:00:00+00:00,1,0,,,0,,,0,0,,,1,0,0,1,0,0,,,,,,0,,0,0,0,0,0,0,0
2277,8,11723,2021-07-07 22:00:00+00:00,11723,2021-07-07 22:00:00+00:00,1,0,,,0,,,0,0,,,1,0,0,1,0,0,,,,,,0,,0,0,0,0,0,0,0
2280,8,11735,2021-07-11 22:00:00+00:00,11737,2021-07-12 06:00:00+00:00,1,0,,,0,,,0,0,,,1,0,1,1,0,0,,,,,,0,,0,0,0,0,0,0,0
2281,8,11739,2021-07-12 14:00:00+00:00,11743,2021-07-13 06:00:00+00:00,1,1,11742.0,2021-07-13 02:00:00+00:00,1,11742.0,2021-07-13 02:00:00+00:00,1,0,11742.0,2021-07-13 02:00:00+00:00,0,0,0,0,0,1,0.5604867024051239,0.4968523764557766,0.625,2.0,0.0,1,0.6911489372089216,1,0,0,0,0,0,0
2289,8,11776,2021-07-20 18:00:00+00:00,11778,2021-07-21 02:00:00+00:00,1,0,,,0,,,0,0,,,1,0,0,1,0,0,,,,,,0,,0,0,0,0,0,0,0
2292,8,11788,2021-07-22 18:00:00+00:00,11790,2021-07-23 02:00:00+00:00,1,0,,,0,,,0,0,,,1,0,0,1,0,0,,,,,,0,,0,0,0,0,0,0,0
2293,8,11809,2021-07-28 06:00:00+00:00,11811,2021-07-28 14:00:00+00:00,1,0,,,0,,,0,0,,,1,0,0,1,0,0,,,,,,0,,0,0,0,0,0,0,0
2298,8,11821,2021-07-30 06:00:00+00:00,11821,2021-07-30 06:00:00+00:00,1,0,,,0,,,0,0,,,1,0,0,1,0,0,,,,,,0,,0,0,0,0,0,0,0
2300,8,11838,2021-08-04 02:00:00+00:00,11838,2021-08-04 02:00:00+00:00,1,0,,,0,,,0,0,,,1,0,0,1,0,0,,,,,,0,,0,0,0,0,0,0,0
2301,8,11850,2021-08-06 02:00:00+00:00,11851,2021-08-06 06:00:00+00:00,1,0,,,0,,,0,0,,,1,0,0,1,0,0,,,,,,0,,0,0,0,0,0,0,0
2304,8,11891,2021-08-16 22:00:00+00:00,11891,2021-08-16 22:00:00+00:00,1,0,,,0,,,0,0,,,1,0,0,1,0,0,,,,,,0,,0,0,0,0,0,0,0
2307,8,11905,2021-08-19 06:00:00+00:00,11907,2021-08-19 14:00:00+00:00,1,0,,,0,,,0,0,,,1,0,0,1,0,0,,,,,,0,,0,0,0,0,0,0,0
2311,8,11914,2021-08-20 18:00:00+00:00,11915,2021-08-22 22:00:00+00:00,1,0,,,0,,,0,0,,,1,0,0,1,0,0,,,,,,0,,0,0,0,0,0,0,0
2313,8,11929,2021-08-25 06:00:00+00:00,11929,2021-08-25 06:00:00+00:00,1,0,,,0,,,0,0,,,1,0,0,1,0,0,,,,,,0,,0,0,0,0,0,0,0
2315,8,11935,2021-08-26 06:00:00+00:00,11935,2021-08-26 06:00:00+00:00,1,0,,,0,,,0,0,,,1,0,0,1,0,0,,,,,,0,,0,0,0,0,0,0,0
2317,8,11953,2021-08-31 06:00:00+00:00,11953,2021-08-31 06:00:00+00:00,1,0,,,0,,,0,0,,,1,0,0,1,0,0,,,,,,0,,0,0,0,0,0,0,0
2319,8,11996,2021-09-09 14:00:00+00:00,11996,2021-09-09 14:00:00+00:00,1,0,,,0,,,0,0,,,1,0,0,1,0,0,,,,,,0,,0,0,0,0,0,0,0
2326,8,12033,2021-09-17 18:00:00+00:00,12034,2021-09-19 22:00:00+00:00,1,0,,,0,,,0,0,,,1,0,0,1,0,0,,,,,,0,,0,0,0,0,0,0,0
2330,8,12070,2021-09-27 22:00:00+00:00,12070,2021-09-27 22:00:00+00:00,1,0,,,0,,,0,0,,,1,0,0,1,0,0,,,,,,0,,0,0,0,0,0,0,0
2333,8,12094,2021-10-03 22:00:00+00:00,12097,2021-10-04 10:00:00+00:00,1,1,12097.0,2021-10-04 10:00:00+00:00,0,,,0,0,,,0,0,1,0,0,0,0.31362427491466144,0.7893081761006479,0.625,1.0,2.0,-1,0.48299478566792,0,0,0,1,0,0,1
2335,8,12099,2021-10-04 18:00:00+00:00,12104,2021-10-05 14:00:00+00:00,1,1,12102.0,2021-10-05 06:00:00+00:00,1,12102.0,2021-10-05 06:00:00+00:00,1,0,12102.0,2021-10-05 06:00:00+00:00,0,0,0,0,0,1,0.40109370838185326,0.9197814207650192,0.375,1.0,0.0,1,0.7590510249932789,0,0,0,0,0,0,0
2340,8,12130,2021-10-11 22:00:00+00:00,12132,2021-10-12 06:00:00+00:00,1,0,,,0,,,0,0,,,1,0,1,1,0,0,,,,,,0,,0,0,0,0,0,0,0
2341,8,12134,2021-10-12 14:00:00+00:00,12134,2021-10-12 14:00:00+00:00,1,0,,,0,,,0,0,,,1,0,0,1,0,0,,,,,,0,,0,0,0,0,0,0,0
2345,8,12160,2021-10-18 22:00:00+00:00,12160,2021-10-18 22:00:00+00:00,1,0,,,0,,,0,0,,,1,0,0,1,0,0,,,,,,0,,0,0,0,0,0,0,0
2347,8,12170,2021-10-20 14:00:00+00:00,12171,2021-10-20 18:00:00+00:00,1,0,,,0,,,0,0,,,1,0,0,1,0,0,,,,,,0,,0,0,0,0,0,0,0
2350,8,12175,2021-10-21 10:00:00+00:00,12175,2021-10-21 10:00:00+00:00,1,0,,,0,,,0,0,,,1,0,0,1,0,0,,,,,,0,,0,0,0,0,0,0,0
2354,8,12190,2021-10-25 22:00:00+00:00,12191,2021-10-26 02:00:00+00:00,1,0,,,0,,,0,0,,,1,0,0,1,0,0,,,,,,0,,0,0,0,0,0,0,0
2356,8,12201,2021-10-27 18:00:00+00:00,12202,2021-10-27 22:00:00+00:00,1,0,,,0,,,0,0,,,1,0,1,1,0,0,,,,,,0,,0,0,0,0,0,0,0
2357,8,12204,2021-10-28 06:00:00+00:00,12204,2021-10-28 06:00:00+00:00,1,0,,,0,,,0,0,,,1,0,0,1,0,0,,,,,,0,,0,0,0,0,0,0,0
2360,8,12225,2021-11-02 18:00:00+00:00,12225,2021-11-02 18:00:00+00:00,1,0,,,0,,,0,0,,,1,0,0,1,0,0,,,,,,0,,0,0,0,0,0,0,0
2361,8,12228,2021-11-03 06:00:00+00:00,12228,2021-11-03 06:00:00+00:00,1,0,,,0,,,0,0,,,1,0,0,1,0,0,,,,,,0,,0,0,0,0,0,0,0
2367,8,12257,2021-11-09 23:00:00+00:00,12259,2021-11-10 07:00:00+00:00,1,0,,,0,,,0,0,,,1,0,0,1,0,0,,,,,,0,,0,0,0,0,0,0,0
2369,8,12268,2021-11-11 19:00:00+00:00,12278,2021-11-15 11:00:00+00:00,1,1,12276.0,2021-11-15 03:00:00+00:00,1,12276.0,2021-11-15 03:00:00+00:00,1,0,12276.0,2021-11-15 03:00:00+00:00,0,0,0,0,0,1,0.45288126253376937,0.704003407155021,0.5,2.0,0.0,1,0.6514082683729479,0,0,0,0,0,0,0
2376,8,12281,2021-11-15 23:00:00+00:00,12282,2021-11-16 03:00:00+00:00,1,0,,,0,,,0,0,,,1,0,0,1,0,0,,,,,,0,,0,0,0,0,0,0,0
2381,8,12296,2021-11-18 11:00:00+00:00,12300,2021-11-19 03:00:00+00:00,1,1,12299.0,2021-11-18 23:00:00+00:00,1,12299.0,2021-11-18 23:00:00+00:00,1,0,12299.0,2021-11-18 23:00:00+00:00,0,0,0,0,0,1,0.5471085178920444,0.6478664976763574,0.5,0.0,1.0,-1,0.6670712032204481,0,0,0,0,0,0,0
2387,8,12321,2021-11-24 15:00:00+00:00,12327,2021-11-25 15:00:00+00:00,1,1,12326.0,2021-11-25 11:00:00+00:00,1,12326.0,2021-11-25 11:00:00+00:00,1,0,12326.0,2021-11-25 11:00:00+00:00,0,0,0,0,0,1,0.644224453102722,0.5520134228187912,0.375,2.0,0.0,1,0.6756673404351117,1,0,0,0,0,0,1
2391,8,12341,2021-11-30 07:00:00+00:00,12341,2021-11-30 07:00:00+00:00,1,0,,,0,,,0,0,,,1,0,0,1,0,0,,,,,,0,,0,0,0,0,0,0,0
2394,8,12357,2021-12-02 23:00:00+00:00,12359,2021-12-03 07:00:00+00:00,1,0,,,0,,,0,0,,,1,0,0,1,0,0,,,,,,0,,0,0,0,0,0,0,0
2397,8,12364,2021-12-06 03:00:00+00:00,12367,2021-12-06 15:00:00+00:00,1,1,12367.0,2021-12-06 15:00:00+00:00,1,12367.0,2021-12-06 15:00:00+00:00,1,0,12367.0,2021-12-06 15:00:00+00:00,0,0,0,0,0,1,0.49529110232415724,0.7535222170614666,0.25,1.0,0.0,1,0.7146159163085684,0,0,0,0,0,0,0
2401,8,12369,2021-12-06 23:00:00+00:00,12370,2021-12-07 03:00:00+00:00,1,0,,,0,,,0,0,,,1,0,0,1,0,0,,,,,,0,,0,0,0,0,0,0,0
2404,8,12380,2021-12-08 19:00:00+00:00,12383,2021-12-09 07:00:00+00:00,1,1,12383.0,2021-12-09 07:00:00+00:00,0,,,0,0,,,0,0,0,0,0,0,0.6948852346731567,0.5695266272189334,0.375,0.0,1.0,-1,0.5222310416739572,1,0,0,1,0,0,1
2409,8,12386,2021-12-09 19:00:00+00:00,12387,2021-12-09 23:00:00+00:00,1,0,,,0,,,0,0,,,1,0,0,1,0,0,,,,,,0,,0,0,0,0,0,0,0
2411,8,12393,2021-12-12 23:00:00+00:00,12395,2021-12-13 07:00:00+00:00,1,0,,,0,,,0,0,,,1,0,0,1,0,0,,,,,,0,,0,0,0,0,0,0,0
2414,8,12429,2021-12-20 23:00:00+00:00,12429,2021-12-20 23:00:00+00:00,1,0,,,0,,,0,0,,,1,0,0,1,0,0,,,,,,0,,0,0,0,0,0,0,0
2417,8,12452,2021-12-27 19:00:00+00:00,12452,2021-12-27 19:00:00+00:00,1,0,,,0,,,0,0,,,1,0,0,1,0,0,,,,,,0,,0,0,0,0,0,0,0
2420,8,12515,2022-01-11 07:00:00+00:00,12516,2022-01-11 11:00:00+00:00,1,0,,,0,,,0,0,,,1,0,0,1,0,0,,,,,,0,,0,0,0,0,0,0,0
2429,8,12561,2022-01-20 23:00:00+00:00,12562,2022-01-21 03:00:00+00:00,1,0,,,0,,,0,0,,,1,0,0,1,0,0,,,,,,0,,0,0,0,0,0,0,0
2432,8,12567,2022-01-23 23:00:00+00:00,12573,2022-01-24 23:00:00+00:00,1,1,12573.0,2022-01-24 23:00:00+00:00,0,,,0,0,,,0,0,0,0,0,0,0.6777053376891672,0.36699377440116354,0.75,3.0,1.0,1,0.27940301109868937,1,1,0,1,1,0,1
2438,8,12597,2022-01-30 23:00:00+00:00,12598,2022-01-31 03:00:00+00:00,1,0,,,0,,,0,0,,,1,0,0,1,0,0,,,,,,0,,0,0,0,0,0,0,0
2441,8,12601,2022-01-31 15:00:00+00:00,12601,2022-01-31 15:00:00+00:00,1,0,,,0,,,0,0,,,1,0,1,1,0,0,,,,,,0,,0,0,0,0,0,0,0
2443,8,12603,2022-01-31 23:00:00+00:00,12603,2022-01-31 23:00:00+00:00,1,0,,,0,,,0,0,,,1,0,0,1,0,0,,,,,,0,,0,0,0,0,0,0,0
2445,8,12609,2022-02-01 23:00:00+00:00,12611,2022-02-02 07:00:00+00:00,1,0,,,0,,,0,0,,,1,0,0,1,0,0,,,,,,0,,0,0,0,0,0,0,0
2448,8,12634,2022-02-08 03:00:00+00:00,12635,2022-02-08 07:00:00+00:00,1,0,,,0,,,0,0,,,1,0,0,1,0,0,,,,,,0,,0,0,0,0,0,0,0
2450,8,12665,2022-02-15 07:00:00+00:00,12665,2022-02-15 07:00:00+00:00,1,0,,,0,,,0,0,,,1,0,0,1,0,0,,,,,,0,,0,0,0,0,0,0,0
2451,8,12675,2022-02-16 23:00:00+00:00,12675,2022-02-16 23:00:00+00:00,1,0,,,0,,,0,0,,,1,0,0,1,0,0,,,,,,0,,0,0,0,0,0,0,0
2453,8,12686,2022-02-18 19:00:00+00:00,12686,2022-02-18 19:00:00+00:00,1,0,,,0,,,0,0,,,1,0,0,1,0,0,,,,,,0,,0,0,0,0,0,0,0
2456,8,12726,2022-03-01 11:00:00+00:00,12726,2022-03-01 11:00:00+00:00,1,0,,,0,,,0,0,,,1,0,0,1,0,0,,,,,,0,,0,0,0,0,0,0,0
2458,8,12731,2022-03-02 07:00:00+00:00,12731,2022-03-02 07:00:00+00:00,1,0,,,0,,,0,0,,,1,0,1,1,0,0,,,,,,0,,0,0,0,0,0,0,0
2459,8,12733,2022-03-02 15:00:00+00:00,12735,2022-03-02 23:00:00+00:00,1,0,,,0,,,0,0,,,1,0,0,1,0,0,,,,,,0,,0,0,0,0,0,0,0
2465,8,12753,2022-03-07 23:00:00+00:00,12753,2022-03-07 23:00:00+00:00,1,0,,,0,,,0,0,,,1,0,0,1,0,0,,,,,,0,,0,0,0,0,0,0,0
2467,8,12770,2022-03-10 19:00:00+00:00,12773,2022-03-11 07:00:00+00:00,1,1,12773.0,2022-03-11 07:00:00+00:00,1,12773.0,2022-03-11 07:00:00+00:00,1,0,12773.0,2022-03-11 07:00:00+00:00,0,0,0,0,0,1,0.3952107571677749,0.994055784179238,0.25,0.0,0.0,0,0.7596630594929646,0,0,0,0,0,0,0
2472,8,12782,2022-03-14 14:00:00+00:00,12782,2022-03-14 14:00:00+00:00,1,0,,,0,,,0,0,,,1,0,0,1,0,0,,,,,,0,,0,0,0,0,0,0,0
2475,8,12808,2022-03-20 22:00:00+00:00,12808,2022-03-20 22:00:00+00:00,1,0,,,0,,,0,0,,,1,0,1,1,0,0,,,,,,0,,0,0,0,0,0,0,0
2476,8,12810,2022-03-21 06:00:00+00:00,12810,2022-03-21 06:00:00+00:00,1,0,,,0,,,0,0,,,1,0,0,1,0,0,,,,,,0,,0,0,0,0,0,0,0
2480,8,12832,2022-03-24 22:00:00+00:00,12834,2022-03-25 06:00:00+00:00,1,0,,,0,,,0,0,,,1,0,0,1,0,0,,,,,,0,,0,0,0,0,0,0,0
2484,8,12870,2022-04-04 06:00:00+00:00,12876,2022-04-05 06:00:00+00:00,1,1,12875.0,2022-04-05 02:00:00+00:00,1,12875.0,2022-04-05 02:00:00+00:00,1,0,12875.0,2022-04-05 02:00:00+00:00,0,0,0,0,0,1,0.6557920815500619,0.5400311526479811,0.375,1.0,0.0,1,0.6693710640667317,1,0,0,0,0,0,1
2491,8,12879,2022-04-05 18:00:00+00:00,12883,2022-04-06 10:00:00+00:00,1,1,12883.0,2022-04-06 10:00:00+00:00,0,,,0,0,,,0,0,0,0,0,0,0.40641370441534275,0.8109082713545211,0.375,0.0,2.0,-1,0.548440794517426,0,0,0,1,0,0,1
2493,8,12886,2022-04-06 22:00:00+00:00,12889,2022-04-07 10:00:00+00:00,1,1,12889.0,2022-04-07 10:00:00+00:00,0,,,0,0,,,0,0,0,0,1,0,0.4796927249124391,0.6958726827562021,0.5,1.0,0.0,1,0.4617399684433838,0,0,0,1,0,1,1
2494,8,12897,2022-04-08 18:00:00+00:00,12897,2022-04-08 18:00:00+00:00,1,0,,,0,,,0,0,,,1,0,0,1,0,0,,,,,,0,,0,0,0,0,0,0,0
2499,8,12920,2022-04-14 14:00:00+00:00,12921,2022-04-14 18:00:00+00:00,1,0,,,0,,,0,0,,,1,0,0,1,0,0,,,,,,0,,0,0,0,0,0,0,0
2502,8,12940,2022-04-20 22:00:00+00:00,12946,2022-04-21 22:00:00+00:00,1,1,12946.0,2022-04-21 22:00:00+00:00,1,12946.0,2022-04-21 22:00:00+00:00,1,0,12946.0,2022-04-21 22:00:00+00:00,0,0,0,0,0,1,0.5043433761694951,0.7884674683934578,0.25,0.0,1.0,-1,0.5924311011577486,0,0,0,0,0,0,0
2505,8,12948,2022-04-22 06:00:00+00:00,12948,2022-04-22 06:00:00+00:00,1,0,,,0,,,0,0,,,1,0,0,1,0,0,,,,,,0,,0,0,0,0,0,0,0
2508,8,12969,2022-04-27 18:00:00+00:00,12969,2022-04-27 18:00:00+00:00,1,0,,,0,,,0,0,,,1,0,0,1,0,0,,,,,,0,,0,0,0,0,0,0,0
2509,8,12975,2022-04-28 18:00:00+00:00,12975,2022-04-28 18:00:00+00:00,1,0,,,0,,,0,0,,,1,0,0,1,0,0,,,,,,0,,0,0,0,0,0,0,0
2510,8,12982,2022-05-01 22:00:00+00:00,12982,2022-05-01 22:00:00+00:00,1,0,,,0,,,0,0,,,1,0,0,1,0,0,,,,,,0,,0,0,0,0,0,0,0
2514,8,13021,2022-05-10 10:00:00+00:00,13021,2022-05-10 10:00:00+00:00,1,0,,,0,,,0,0,,,1,0,0,1,0,0,,,,,,0,,0,0,0,0,0,0,0
2516,8,13032,2022-05-12 06:00:00+00:00,13032,2022-05-12 06:00:00+00:00,1,0,,,0,,,0,0,,,1,0,0,1,0,0,,,,,,0,,0,0,0,0,0,0,0
2518,8,13059,2022-05-18 18:00:00+00:00,13059,2022-05-18 18:00:00+00:00,1,0,,,0,,,0,0,,,1,0,0,1,0,0,,,,,,0,,0,0,0,0,0,0,0
2521,8,13080,2022-05-24 06:00:00+00:00,13080,2022-05-24 06:00:00+00:00,1,0,,,0,,,0,0,,,1,0,0,1,0,0,,,,,,0,,0,0,0,0,0,0,0
2522,8,13094,2022-05-26 14:00:00+00:00,13094,2022-05-26 14:00:00+00:00,1,0,,,0,,,0,0,,,1,0,0,1,0,0,,,,,,0,,0,0,0,0,0,0,0
2526,8,13102,2022-05-29 22:00:00+00:00,13103,2022-05-30 02:00:00+00:00,1,0,,,0,,,0,0,,,1,0,0,1,0,0,,,,,,0,,0,0,0,0,0,0,0
2533,8,13119,2022-06-01 18:00:00+00:00,13121,2022-06-02 02:00:00+00:00,1,0,,,0,,,0,0,,,1,0,0,1,0,0,,,,,,0,,0,0,0,0,0,0,0
2536,8,13135,2022-06-06 10:00:00+00:00,13135,2022-06-06 10:00:00+00:00,1,0,,,0,,,0,0,,,1,0,0,1,0,0,,,,,,0,,0,0,0,0,0,0,0
2539,8,13193,2022-06-20 02:00:00+00:00,13195,2022-06-20 10:00:00+00:00,1,0,,,0,,,0,0,,,1,0,1,1,0,0,,,,,,0,,0,0,0,0,0,0,0
2541,8,13197,2022-06-20 18:00:00+00:00,13202,2022-06-21 14:00:00+00:00,1,1,13202.0,2022-06-21 14:00:00+00:00,0,,,0,0,,,0,0,0,0,0,0,0.4731871451357064,0.888018794048552,0.875,1.0,3.0,-1,0.4278236543288295,0,0,0,1,0,0,1
2545,8,13206,2022-06-22 06:00:00+00:00,13206,2022-06-22 06:00:00+00:00,1,0,,,0,,,0,0,,,1,0,0,1,0,0,,,,,,0,,0,0,0,0,0,0,0
2548,8,13213,2022-06-23 10:00:00+00:00,13213,2022-06-23 10:00:00+00:00,1,0,,,0,,,0,0,,,1,0,0,1,0,0,,,,,,0,,0,0,0,0,0,0,0
2552,8,13216,2022-06-23 22:00:00+00:00,13218,2022-06-24 06:00:00+00:00,1,0,,,0,,,0,0,,,1,0,0,1,0,0,,,,,,0,,0,0,0,0,0,0,0
2554,8,13227,2022-06-27 18:00:00+00:00,13230,2022-06-28 06:00:00+00:00,1,1,13230.0,2022-06-28 06:00:00+00:00,1,13230.0,2022-06-28 06:00:00+00:00,1,0,13230.0,2022-06-28 06:00:00+00:00,0,0,0,0,0,1,0.7852859120180451,0.40980101956915127,0.375,0.0,3.0,-1,0.5993560393007192,1,1,0,0,1,0,0
2557,8,13233,2022-06-28 18:00:00+00:00,13233,2022-06-28 18:00:00+00:00,1,0,,,0,,,0,0,,,1,0,0,1,0,0,,,,,,0,,0,0,0,0,0,0,0
2560,8,13258,2022-07-04 22:00:00+00:00,13259,2022-07-05 02:00:00+00:00,1,0,,,0,,,0,0,,,1,0,0,1,0,0,,,,,,0,,0,0,0,0,0,0,0
2562,8,13277,2022-07-08 02:00:00+00:00,13277,2022-07-08 02:00:00+00:00,1,0,,,0,,,0,0,,,1,0,0,1,0,0,,,,,,0,,0,0,0,0,0,0,0
2566,8,13296,2022-07-13 06:00:00+00:00,13296,2022-07-13 06:00:00+00:00,1,0,,,0,,,0,0,,,1,0,0,1,0,0,,,,,,0,,0,0,0,0,0,0,0
2569,8,13310,2022-07-15 14:00:00+00:00,13313,2022-07-18 02:00:00+00:00,1,0,,,0,,,0,0,,,0,0,1,1,0,0,,,,,,0,,0,0,0,0,0,0,0
2570,8,13315,2022-07-18 10:00:00+00:00,13316,2022-07-18 14:00:00+00:00,1,0,,,0,,,0,0,,,1,0,1,1,0,0,,,,,,0,,0,0,0,0,0,0,0
2572,8,13318,2022-07-18 22:00:00+00:00,13321,2022-07-19 10:00:00+00:00,1,1,13321.0,2022-07-19 10:00:00+00:00,0,,,0,0,,,0,0,1,0,0,0,0.5795455733037339,0.6650502873563274,0.25,0.0,1.0,-1,0.5288106867986349,1,0,0,1,0,0,1
2575,8,13323,2022-07-19 18:00:00+00:00,13323,2022-07-19 18:00:00+00:00,1,0,,,0,,,0,0,,,1,0,0,1,0,0,,,,,,0,,0,0,0,0,0,0,0
2579,8,13342,2022-07-24 22:00:00+00:00,13343,2022-07-25 02:00:00+00:00,1,0,,,0,,,0,0,,,1,0,0,1,0,0,,,,,,0,,0,0,0,0,0,0,0
2583,8,13348,2022-07-25 22:00:00+00:00,13351,2022-07-26 10:00:00+00:00,1,1,13351.0,2022-07-26 10:00:00+00:00,1,13351.0,2022-07-26 10:00:00+00:00,0,1,,,0,0,0,0,0,1,0.6723697666516831,0.6106566438204705,0.25,0.0,1.0,-1,0.5932182288486535,1,0,0,0,0,0,0
2587,8,13353,2022-07-26 18:00:00+00:00,13356,2022-07-27 06:00:00+00:00,1,1,13356.0,2022-07-27 06:00:00+00:00,1,13356.0,2022-07-27 06:00:00+00:00,1,0,13356.0,2022-07-27 06:00:00+00:00,0,0,0,0,0,1,0.3856966627670751,0.8146849058809745,0.25,0.0,2.0,-1,0.6441245535143638,0,0,0,0,0,0,0
2591,8,13358,2022-07-27 14:00:00+00:00,13358,2022-07-27 14:00:00+00:00,1,0,,,0,,,0,0,,,1,0,0,1,0,0,,,,,,0,,0,0,0,0,0,0,0
2594,8,13373,2022-08-01 02:00:00+00:00,13373,2022-08-01 02:00:00+00:00,1,0,,,0,,,0,0,,,1,0,0,1,0,0,,,,,,0,,0,0,0,0,0,0,0
2595,8,13391,2022-08-04 02:00:00+00:00,13391,2022-08-04 02:00:00+00:00,1,0,,,0,,,0,0,,,1,0,0,1,0,0,,,,,,0,,0,0,0,0,0,0,0
2597,8,13408,2022-08-08 22:00:00+00:00,13409,2022-08-09 02:00:00+00:00,1,0,,,0,,,0,0,,,1,0,0,1,0,0,,,,,,0,,0,0,0,0,0,0,0
2599,8,13426,2022-08-11 22:00:00+00:00,13429,2022-08-12 10:00:00+00:00,1,1,13429.0,2022-08-12 10:00:00+00:00,0,,,0,0,,,0,0,0,0,0,0,0.2887491735166819,0.9341135674035597,1.0,1.0,2.0,-1,0.5108189752114208,0,0,0,1,0,0,1
2601,8,13432,2022-08-14 22:00:00+00:00,13433,2022-08-15 02:00:00+00:00,1,0,,,0,,,0,0,,,1,0,0,1,0,0,,,,,,0,,0,0,0,0,0,0,0
2605,8,13443,2022-08-16 18:00:00+00:00,13443,2022-08-16 18:00:00+00:00,1,0,,,0,,,0,0,,,1,0,0,1,0,0,,,,,,0,,0,0,0,0,0,0,0
2607,8,13446,2022-08-17 06:00:00+00:00,13446,2022-08-17 06:00:00+00:00,1,0,,,0,,,0,0,,,1,0,0,1,0,0,,,,,,0,,0,0,0,0,0,0,0
2612,8,13486,2022-08-25 22:00:00+00:00,13486,2022-08-25 22:00:00+00:00,1,0,,,0,,,0,0,,,1,0,0,1,0,0,,,,,,0,,0,0,0,0,0,0,0
2619,8,13554,2022-09-12 06:00:00+00:00,13554,2022-09-12 06:00:00+00:00,1,0,,,0,,,0,0,,,1,0,1,1,0,0,,,,,,0,,0,0,0,0,0,0,0
2621,8,13556,2022-09-12 14:00:00+00:00,13560,2022-09-13 06:00:00+00:00,1,1,13559.0,2022-09-13 02:00:00+00:00,1,13559.0,2022-09-13 02:00:00+00:00,1,0,13559.0,2022-09-13 02:00:00+00:00,0,0,0,0,0,1,0.5094920251694536,0.974159648743961,0.375,0.0,0.0,0,0.7829125072781048,0,0,0,0,0,0,0
2626,8,13570,2022-09-14 22:00:00+00:00,13570,2022-09-14 22:00:00+00:00,1,0,,,0,,,0,0,,,1,0,1,1,0,0,,,,,,0,,0,0,0,0,0,0,0
2627,8,13572,2022-09-15 06:00:00+00:00,13572,2022-09-15 06:00:00+00:00,1,0,,,0,,,0,0,,,1,0,0,1,0,0,,,,,,0,,0,0,0,0,0,0,0
2629,8,13587,2022-09-19 18:00:00+00:00,13594,2022-09-20 22:00:00+00:00,1,1,13590.0,2022-09-20 06:00:00+00:00,1,13590.0,2022-09-20 06:00:00+00:00,1,0,13590.0,2022-09-20 06:00:00+00:00,0,0,0,0,0,1,0.3920080930703044,0.8558421851289724,0.375,2.0,0.0,1,0.6797066262013188,0,0,0,0,0,0,0
2635,8,13618,2022-09-26 22:00:00+00:00,13619,2022-09-27 02:00:00+00:00,1,0,,,0,,,0,0,,,1,0,0,1,0,0,,,,,,0,,0,0,0,0,0,0,0
2638,8,13625,2022-09-28 02:00:00+00:00,13625,2022-09-28 02:00:00+00:00,1,0,,,0,,,0,0,,,1,0,0,1,0,0,,,,,,0,,0,0,0,0,0,0,0
2640,8,13635,2022-09-29 18:00:00+00:00,13636,2022-09-29 22:00:00+00:00,1,0,,,0,,,0,0,,,1,0,0,1,0,0,,,,,,0,,0,0,0,0,0,0,0
2642,8,13640,2022-09-30 14:00:00+00:00,13640,2022-09-30 14:00:00+00:00,1,0,,,0,,,0,0,,,1,0,1,1,0,0,,,,,,0,,0,0,0,0,0,0,0
2643,8,13642,2022-10-02 22:00:00+00:00,13645,2022-10-03 10:00:00+00:00,1,1,13645.0,2022-10-03 10:00:00+00:00,0,,,0,0,,,0,0,0,0,0,0,0.3291135222270461,0.7968503937007739,1.0,1.0,2.0,-1,0.47739436790873346,0,0,0,1,0,0,1
2644,8,13657,2022-10-05 10:00:00+00:00,13658,2022-10-05 14:00:00+00:00,1,0,,,0,,,0,0,,,1,0,0,1,0,0,,,,,,0,,0,0,0,0,0,0,0
2648,8,13668,2022-10-07 06:00:00+00:00,13668,2022-10-07 06:00:00+00:00,1,0,,,0,,,0,0,,,1,0,0,1,0,0,,,,,,0,,0,0,0,0,0,0,0
2649,8,13690,2022-10-12 22:00:00+00:00,13690,2022-10-12 22:00:00+00:00,1,0,,,0,,,0,0,,,1,0,0,1,0,0,,,,,,0,,0,0,0,0,0,0,0
2652,8,13702,2022-10-16 22:00:00+00:00,13704,2022-10-17 06:00:00+00:00,1,0,,,0,,,0,0,,,1,0,0,1,0,0,,,,,,0,,0,0,0,0,0,0,0
2657,8,13741,2022-10-25 10:00:00+00:00,13744,2022-10-25 22:00:00+00:00,1,1,13744.0,2022-10-25 22:00:00+00:00,1,13744.0,2022-10-25 22:00:00+00:00,1,0,13744.0,2022-10-25 22:00:00+00:00,0,0,0,0,0,1,0.5680479610202918,0.7170020051165025,0.625,1.0,0.0,1,0.6264520073774974,1,0,0,0,0,0,0
2662,8,13768,2022-10-31 22:00:00+00:00,13769,2022-11-01 02:00:00+00:00,1,0,,,0,,,0,0,,,1,0,0,1,0,0,,,,,,0,,0,0,0,0,0,0,0
2664,8,13797,2022-11-07 15:00:00+00:00,13797,2022-11-07 15:00:00+00:00,1,0,,,0,,,0,0,,,1,0,0,1,0,0,,,,,,0,,0,0,0,0,0,0,0
2665,8,13800,2022-11-08 03:00:00+00:00,13800,2022-11-08 03:00:00+00:00,1,0,,,0,,,0,0,,,1,0,0,1,0,0,,,,,,0,,0,0,0,0,0,0,0
2669,8,13830,2022-11-15 03:00:00+00:00,13830,2022-11-15 03:00:00+00:00,1,0,,,0,,,0,0,,,1,0,0,1,0,0,,,,,,0,,0,0,0,0,0,0,0
2671,8,13839,2022-11-16 15:00:00+00:00,13839,2022-11-16 15:00:00+00:00,1,0,,,0,,,0,0,,,1,0,0,1,0,0,,,,,,0,,0,0,0,0,0,0,0
2673,8,13843,2022-11-17 07:00:00+00:00,13843,2022-11-17 07:00:00+00:00,1,0,,,0,,,0,0,,,1,0,0,1,0,0,,,,,,0,,0,0,0,0,0,0,0
2676,8,13847,2022-11-17 23:00:00+00:00,13847,2022-11-17 23:00:00+00:00,1,0,,,0,,,0,0,,,1,0,0,1,0,0,,,,,,0,,0,0,0,0,0,0,0
2677,8,13851,2022-11-18 15:00:00+00:00,13851,2022-11-18 15:00:00+00:00,1,0,,,0,,,0,0,,,1,0,0,1,0,0,,,,,,0,,0,0,0,0,0,0,0
2681,8,13867,2022-11-23 07:00:00+00:00,13867,2022-11-23 07:00:00+00:00,1,0,,,0,,,0,0,,,1,0,0,1,0,0,,,,,,0,,0,0,0,0,0,0,0
2685,8,13885,2022-11-28 11:00:00+00:00,13885,2022-11-28 11:00:00+00:00,1,0,,,0,,,0,0,,,1,0,1,1,0,0,,,,,,0,,0,0,0,0,0,0,0
2688,8,13887,2022-11-28 19:00:00+00:00,13891,2022-11-29 11:00:00+00:00,1,1,13890.0,2022-11-29 07:00:00+00:00,1,13890.0,2022-11-29 07:00:00+00:00,1,0,13890.0,2022-11-29 07:00:00+00:00,0,0,0,0,0,1,0.36944541307201717,0.9236831190377405,0.375,0.0,1.0,-1,0.7295944362567494,0,0,0,0,0,0,0
2692,8,13893,2022-11-29 19:00:00+00:00,13894,2022-11-29 23:00:00+00:00,1,0,,,0,,,0,0,,,1,0,0,1,0,0,,,,,,0,,0,0,0,0,0,0,0
2695,8,13909,2022-12-02 11:00:00+00:00,13909,2022-12-02 11:00:00+00:00,1,0,,,0,,,0,0,,,1,0,0,1,0,0,,,,,,0,,0,0,0,0,0,0,0
2699,8,13928,2022-12-07 23:00:00+00:00,13930,2022-12-08 07:00:00+00:00,1,0,,,0,,,0,0,,,1,0,0,1,0,0,,,,,,0,,0,0,0,0,0,0,0
2701,8,13934,2022-12-08 23:00:00+00:00,13936,2022-12-09 07:00:00+00:00,1,0,,,0,,,0,0,,,1,0,0,1,0,0,,,,,,0,,0,0,0,0,0,0,0
2705,8,13939,2022-12-09 19:00:00+00:00,13940,2022-12-11 23:00:00+00:00,1,0,,,0,,,0,0,,,1,0,0,1,0,0,,,,,,0,,0,0,0,0,0,0,0
2706,8,13943,2022-12-12 11:00:00+00:00,13943,2022-12-12 11:00:00+00:00,1,0,,,0,,,0,0,,,1,0,0,1,0,0,,,,,,0,,0,0,0,0,0,0,0
2709,8,13947,2022-12-13 03:00:00+00:00,13947,2022-12-13 03:00:00+00:00,1,0,,,0,,,0,0,,,1,0,0,1,0,0,,,,,,0,,0,0,0,0,0,0,0
2711,8,13966,2022-12-16 07:00:00+00:00,13968,2022-12-16 15:00:00+00:00,1,0,,,0,,,0,0,,,1,0,0,1,0,0,,,,,,0,,0,0,0,0,0,0,0
2714,8,13971,2022-12-19 03:00:00+00:00,13971,2022-12-19 03:00:00+00:00,1,0,,,0,,,0,0,,,1,0,0,1,0,0,,,,,,0,,0,0,0,0,0,0,0
2717,8,13999,2022-12-23 19:00:00+00:00,13999,2022-12-23 19:00:00+00:00,1,0,,,0,,,0,0,,,1,0,0,1,0,0,,,,,,0,,0,0,0,0,0,0,0
2721,8,14023,2022-12-30 19:00:00+00:00,14023,2022-12-30 19:00:00+00:00,1,0,,,0,,,0,0,,,1,0,0,1,0,0,,,,,,0,,0,0,0,0,0,0,0
2723,8,14054,2023-01-09 23:00:00+00:00,14060,2023-01-10 23:00:00+00:00,1,1,14060.0,2023-01-10 23:00:00+00:00,0,,,0,0,,,0,0,0,0,0,0,0.5270969720787094,0.7595459236326096,0.25,1.0,0.0,1,0.39874311073623225,0,0,0,1,0,0,1
2727,8,14063,2023-01-11 11:00:00+00:00,14063,2023-01-11 11:00:00+00:00,1,0,,,0,,,0,0,,,1,0,0,1,0,0,,,,,,0,,0,0,0,0,0,0,0
2732,8,14084,2023-01-16 23:00:00+00:00,14084,2023-01-16 23:00:00+00:00,1,0,,,0,,,0,0,,,1,0,0,1,0,0,,,,,,0,,0,0,0,0,0,0,0
2733,8,14087,2023-01-17 11:00:00+00:00,14088,2023-01-17 15:00:00+00:00,1,0,,,0,,,0,0,,,1,0,0,1,0,0,,,,,,0,,0,0,0,0,0,0,0
2736,8,14100,2023-01-19 15:00:00+00:00,14100,2023-01-19 15:00:00+00:00,1,0,,,0,,,0,0,,,1,0,0,1,0,0,,,,,,0,,0,0,0,0,0,0,0
2737,8,14109,2023-01-23 03:00:00+00:00,14110,2023-01-23 07:00:00+00:00,1,0,,,0,,,0,0,,,1,0,0,1,0,0,,,,,,0,,0,0,0,0,0,0,0
2741,8,14114,2023-01-23 23:00:00+00:00,14114,2023-01-23 23:00:00+00:00,1,0,,,0,,,0,0,,,1,0,0,1,0,0,,,,,,0,,0,0,0,0,0,0,0
2743,8,14130,2023-01-26 15:00:00+00:00,14130,2023-01-26 15:00:00+00:00,1,0,,,0,,,0,0,,,1,0,0,1,0,0,,,,,,0,,0,0,0,0,0,0,0
2746,8,14137,2023-01-27 19:00:00+00:00,14137,2023-01-27 19:00:00+00:00,1,0,,,0,,,0,0,,,1,0,0,1,0,0,,,,,,0,,0,0,0,0,0,0,0
2750,8,14147,2023-01-31 11:00:00+00:00,14149,2023-01-31 19:00:00+00:00,1,0,,,0,,,0,0,,,1,0,0,1,0,0,,,,,,0,,0,0,0,0,0,0,0
2753,8,14173,2023-02-06 19:00:00+00:00,14173,2023-02-06 19:00:00+00:00,1,0,,,0,,,0,0,,,1,0,0,1,0,0,,,,,,0,,0,0,0,0,0,0,0
2757,8,14182,2023-02-08 07:00:00+00:00,14184,2023-02-08 15:00:00+00:00,1,0,,,0,,,0,0,,,1,0,0,1,0,0,,,,,,0,,0,0,0,0,0,0,0
2759,8,14188,2023-02-09 07:00:00+00:00,14188,2023-02-09 07:00:00+00:00,1,0,,,0,,,0,0,,,1,0,0,1,0,0,,,,,,0,,0,0,0,0,0,0,0
2762,8,14203,2023-02-13 19:00:00+00:00,14206,2023-02-14 07:00:00+00:00,1,1,14206.0,2023-02-14 07:00:00+00:00,1,14206.0,2023-02-14 07:00:00+00:00,1,0,14206.0,2023-02-14 07:00:00+00:00,0,0,0,0,0,1,0.40633379731357483,0.8589425857083761,0.625,1.0,0.0,1,0.624903621733003,0,0,0,0,0,0,0
2767,8,14220,2023-02-16 15:00:00+00:00,14222,2023-02-16 23:00:00+00:00,1,0,,,0,,,0,0,,,1,0,0,1,0,0,,,,,,0,,0,0,0,0,0,0,0
2768,8,14235,2023-02-21 03:00:00+00:00,14235,2023-02-21 03:00:00+00:00,1,0,,,0,,,0,0,,,1,0,1,1,0,0,,,,,,0,,0,0,0,0,0,0,0
2770,8,14237,2023-02-21 11:00:00+00:00,14237,2023-02-21 11:00:00+00:00,1,0,,,0,,,0,0,,,1,0,0,1,0,0,,,,,,0,,0,0,0,0,0,0,0
2772,8,14240,2023-02-21 23:00:00+00:00,14241,2023-02-22 03:00:00+00:00,1,0,,,0,,,0,0,,,1,0,0,1,0,0,,,,,,0,,0,0,0,0,0,0,0
2777,8,14252,2023-02-23 23:00:00+00:00,14254,2023-02-24 07:00:00+00:00,1,0,,,0,,,0,0,,,1,0,0,1,0,0,,,,,,0,,0,0,0,0,0,0,0
2779,8,14257,2023-02-24 19:00:00+00:00,14258,2023-02-26 23:00:00+00:00,1,0,,,0,,,0,0,,,1,0,0,1,0,0,,,,,,0,,0,0,0,0,0,0,0
2782,8,14263,2023-02-27 19:00:00+00:00,14265,2023-02-28 03:00:00+00:00,1,0,,,0,,,0,0,,,1,0,0,1,0,0,,,,,,0,,0,0,0,0,0,0,0
2785,8,14279,2023-03-02 11:00:00+00:00,14280,2023-03-02 15:00:00+00:00,1,0,,,0,,,0,0,,,1,0,0,1,0,0,,,,,,0,,0,0,0,0,0,0,0
2789,8,14330,2023-03-14 18:00:00+00:00,14330,2023-03-14 18:00:00+00:00,1,0,,,0,,,0,0,,,1,0,0,1,0,0,,,,,,0,,0,0,0,0,0,0,0
2792,8,14343,2023-03-16 22:00:00+00:00,14343,2023-03-16 22:00:00+00:00,1,0,,,0,,,0,0,,,1,0,0,1,0,0,,,,,,0,,0,0,0,0,0,0,0
2796,8,14385,2023-03-27 22:00:00+00:00,14386,2023-03-28 02:00:00+00:00,1,0,,,0,,,0,0,,,1,0,0,1,0,0,,,,,,0,,0,0,0,0,0,0,0
2801,8,14396,2023-03-29 18:00:00+00:00,14396,2023-03-29 18:00:00+00:00,1,0,,,0,,,0,0,,,1,0,0,1,0,0,,,,,,0,,0,0,0,0,0,0,0
2806,8,14428,2023-04-06 02:00:00+00:00,14429,2023-04-06 06:00:00+00:00,1,0,,,0,,,0,0,,,1,0,1,1,0,0,,,,,,0,,0,0,0,0,0,0,0
2808,8,14431,2023-04-06 14:00:00+00:00,14431,2023-04-06 14:00:00+00:00,1,0,,,0,,,0,0,,,1,0,0,1,0,0,,,,,,0,,0,0,0,0,0,0,0
2810,8,14453,2023-04-13 06:00:00+00:00,14453,2023-04-13 06:00:00+00:00,1,0,,,0,,,0,0,,,1,0,0,1,0,0,,,,,,0,,0,0,0,0,0,0,0
2812,8,14460,2023-04-14 10:00:00+00:00,14460,2023-04-14 10:00:00+00:00,1,0,,,0,,,0,0,,,1,0,0,1,0,0,,,,,,0,,0,0,0,0,0,0,0
2815,8,14486,2023-04-20 18:00:00+00:00,14488,2023-04-21 02:00:00+00:00,1,0,,,0,,,0,0,,,1,0,0,1,0,0,,,,,,0,,0,0,0,0,0,0,0
2818,8,14496,2023-04-24 10:00:00+00:00,14496,2023-04-24 10:00:00+00:00,1,0,,,0,,,0,0,,,1,0,0,1,0,0,,,,,,0,,0,0,0,0,0,0,0
2823,8,14520,2023-04-28 10:00:00+00:00,14520,2023-04-28 10:00:00+00:00,1,0,,,0,,,0,0,,,1,0,0,1,0,0,,,,,,0,,0,0,0,0,0,0,0
2827,8,14561,2023-05-09 06:00:00+00:00,14561,2023-05-09 06:00:00+00:00,1,0,,,0,,,0,0,,,1,0,0,1,0,0,,,,,,0,,0,0,0,0,0,0,0
2829,8,14564,2023-05-09 18:00:00+00:00,14567,2023-05-10 06:00:00+00:00,1,0,,,0,,,0,0,,,0,0,0,1,0,0,,,,,,0,,0,0,0,0,0,0,0
2834,8,14582,2023-05-12 18:00:00+00:00,14585,2023-05-15 06:00:00+00:00,1,1,14585.0,2023-05-15 06:00:00+00:00,0,,,0,0,,,0,0,0,0,0,0,0.7002769337179846,0.5191508998615566,0.375,3.0,0.0,1,0.47323024990581697,1,0,0,1,0,0,1
2838,8,14588,2023-05-15 18:00:00+00:00,14588,2023-05-15 18:00:00+00:00,1,0,,,0,,,0,0,,,1,0,0,1,0,0,,,,,,0,,0,0,0,0,0,0,0
2841,8,14592,2023-05-16 10:00:00+00:00,14592,2023-05-16 10:00:00+00:00,1,0,,,0,,,0,0,,,1,0,0,1,0,0,,,,,,0,,0,0,0,0,0,0,0
2843,8,14601,2023-05-17 22:00:00+00:00,14601,2023-05-17 22:00:00+00:00,1,0,,,0,,,0,0,,,1,0,0,1,0,0,,,,,,0,,0,0,0,0,0,0,0
2846,8,14615,2023-05-22 06:00:00+00:00,14617,2023-05-22 14:00:00+00:00,1,0,,,0,,,0,0,,,1,0,0,1,0,0,,,,,,0,,0,0,0,0,0,0,0
2849,8,14622,2023-05-23 10:00:00+00:00,14622,2023-05-23 10:00:00+00:00,1,0,,,0,,,0,0,,,1,0,1,1,0,0,,,,,,0,,0,0,0,0,0,0,0
2852,8,14624,2023-05-23 18:00:00+00:00,14627,2023-05-24 06:00:00+00:00,1,0,,,0,,,0,0,,,0,0,0,1,0,0,,,,,,0,,0,0,0,0,0,0,0
2856,8,14649,2023-05-29 22:00:00+00:00,14649,2023-05-29 22:00:00+00:00,1,0,,,0,,,0,0,,,1,0,0,1,0,0,,,,,,0,,0,0,0,0,0,0,0
2859,8,14659,2023-05-31 14:00:00+00:00,14664,2023-06-01 10:00:00+00:00,1,1,14663.0,2023-06-01 06:00:00+00:00,1,14663.0,2023-06-01 06:00:00+00:00,1,0,14663.0,2023-06-01 06:00:00+00:00,0,0,0,0,0,1,0.5093755999395458,0.8849474912485427,0.5,0.0,1.0,-1,0.6422209411409102,0,0,0,0,0,0,0
2860,8,14687,2023-06-07 06:00:00+00:00,14687,2023-06-07 06:00:00+00:00,1,0,,,0,,,0,0,,,1,0,0,1,0,0,,,,,,0,,0,0,0,0,0,0,0
2862,8,14708,2023-06-12 18:00:00+00:00,14711,2023-06-13 06:00:00+00:00,1,1,14711.0,2023-06-13 06:00:00+00:00,1,14711.0,2023-06-13 06:00:00+00:00,1,0,14711.0,2023-06-13 06:00:00+00:00,0,0,0,0,0,1,0.5102264426588758,0.839339339339336,0.375,1.0,0.0,1,0.6890832724616466,0,0,0,0,0,0,0
2863,8,14720,2023-06-14 18:00:00+00:00,14720,2023-06-14 18:00:00+00:00,1,0,,,0,,,0,0,,,1,0,0,1,0,0,,,,,,0,,0,0,0,0,0,0,0
2866,8,14740,2023-06-20 02:00:00+00:00,14741,2023-06-20 06:00:00+00:00,1,0,,,0,,,0,0,,,1,0,0,1,0,0,,,,,,0,,0,0,0,0,0,0,0
2868,8,14754,2023-06-22 10:00:00+00:00,14754,2023-06-22 10:00:00+00:00,1,0,,,0,,,0,0,,,1,0,0,1,0,0,,,,,,0,,0,0,0,0,0,0,0
2871,8,14768,2023-06-26 18:00:00+00:00,14768,2023-06-26 18:00:00+00:00,1,0,,,0,,,0,0,,,1,0,1,1,0,0,,,,,,0,,0,0,0,0,0,0,0
2872,8,14770,2023-06-27 02:00:00+00:00,14772,2023-06-27 10:00:00+00:00,1,0,,,0,,,0,0,,,1,0,1,1,0,0,,,,,,0,,0,0,0,0,0,0,0
2876,8,14774,2023-06-27 18:00:00+00:00,14776,2023-06-28 02:00:00+00:00,1,0,,,0,,,0,0,,,1,0,0,1,0,0,,,,,,0,,0,0,0,0,0,0,0
2880,8,14804,2023-07-04 18:00:00+00:00,14807,2023-07-05 06:00:00+00:00,1,1,14807.0,2023-07-05 06:00:00+00:00,0,,,0,0,,,0,0,0,0,0,0,0.43639502777410166,0.8856161021109354,0.5,1.0,1.0,0,0.44298802058818953,0,0,0,1,0,0,1
2885,8,14853,2023-07-16 22:00:00+00:00,14855,2023-07-17 06:00:00+00:00,1,0,,,0,,,0,0,,,1,0,0,1,0,0,,,,,,0,,0,0,0,0,0,0,0
2889,8,14885,2023-07-24 06:00:00+00:00,14885,2023-07-24 06:00:00+00:00,1,0,,,0,,,0,0,,,1,0,1,1,0,0,,,,,,0,,0,0,0,0,0,0,0
2890,8,14887,2023-07-24 14:00:00+00:00,14887,2023-07-24 14:00:00+00:00,1,0,,,0,,,0,0,,,1,0,0,1,0,0,,,,,,0,,0,0,0,0,0,0,0
2899,8,14912,2023-07-28 18:00:00+00:00,14912,2023-07-28 18:00:00+00:00,1,0,,,0,,,0,0,,,1,0,0,1,0,0,,,,,,0,,0,0,0,0,0,0,0
2900,8,14917,2023-07-31 14:00:00+00:00,14917,2023-07-31 14:00:00+00:00,1,0,,,0,,,0,0,,,1,0,0,1,0,0,,,,,,0,,0,0,0,0,0,0,0
2902,8,14930,2023-08-02 18:00:00+00:00,14930,2023-08-02 18:00:00+00:00,1,0,,,0,,,0,0,,,1,0,0,1,0,0,,,,,,0,,0,0,0,0,0,0,0
2906,8,14951,2023-08-08 06:00:00+00:00,14951,2023-08-08 06:00:00+00:00,1,0,,,0,,,0,0,,,1,0,0,1,0,0,,,,,,0,,0,0,0,0,0,0,0
2908,8,14955,2023-08-08 22:00:00+00:00,14955,2023-08-08 22:00:00+00:00,1,0,,,0,,,0,0,,,1,0,1,1,0,0,,,,,,0,,0,0,0,0,0,0,0
2910,8,14957,2023-08-09 06:00:00+00:00,14957,2023-08-09 06:00:00+00:00,1,0,,,0,,,0,0,,,1,0,0,1,0,0,,,,,,0,,0,0,0,0,0,0,0
2911,8,14961,2023-08-09 22:00:00+00:00,14961,2023-08-09 22:00:00+00:00,1,0,,,0,,,0,0,,,1,0,0,1,0,0,,,,,,0,,0,0,0,0,0,0,0
2915,8,14973,2023-08-13 22:00:00+00:00,14975,2023-08-14 06:00:00+00:00,1,0,,,0,,,0,0,,,1,0,0,1,0,0,,,,,,0,,0,0,0,0,0,0,0
2925,8,15015,2023-08-22 22:00:00+00:00,15017,2023-08-23 06:00:00+00:00,1,0,,,0,,,0,0,,,1,0,0,1,0,0,,,,,,0,,0,0,0,0,0,0,0
2927,8,15029,2023-08-25 06:00:00+00:00,15030,2023-08-25 10:00:00+00:00,1,0,,,0,,,0,0,,,1,0,0,1,0,0,,,,,,0,,0,0,0,0,0,0,0
2930,8,15040,2023-08-29 02:00:00+00:00,15042,2023-08-29 10:00:00+00:00,1,0,,,0,,,0,0,,,1,0,0,1,0,0,,,,,,0,,0,0,0,0,0,0,0
2932,8,15051,2023-08-30 22:00:00+00:00,15053,2023-08-31 06:00:00+00:00,1,0,,,0,,,0,0,,,1,0,0,1,0,0,,,,,,0,,0,0,0,0,0,0,0
2935,8,15057,2023-08-31 22:00:00+00:00,15059,2023-09-01 06:00:00+00:00,1,0,,,0,,,0,0,,,1,0,0,1,0,0,,,,,,0,,0,0,0,0,0,0,0
2938,8,15070,2023-09-05 02:00:00+00:00,15070,2023-09-05 02:00:00+00:00,1,0,,,0,,,0,0,,,1,0,0,1,0,0,,,,,,0,,0,0,0,0,0,0,0
2940,8,15089,2023-09-08 06:00:00+00:00,15089,2023-09-08 06:00:00+00:00,1,0,,,0,,,0,0,,,1,0,1,1,0,0,,,,,,0,,0,0,0,0,0,0,0
2942,8,15091,2023-09-08 14:00:00+00:00,15098,2023-09-11 18:00:00+00:00,1,1,15094.0,2023-09-11 02:00:00+00:00,1,15094.0,2023-09-11 02:00:00+00:00,1,0,15094.0,2023-09-11 02:00:00+00:00,0,0,0,0,0,1,0.28807555608117125,0.9911816578483267,0.625,1.0,2.0,-1,0.7085774274436424,0,0,0,0,0,0,0
2946,8,15115,2023-09-14 14:00:00+00:00,15115,2023-09-14 14:00:00+00:00,1,0,,,0,,,0,0,,,1,0,0,1,0,0,,,,,,0,,0,0,0,0,0,0,0
2949,8,15126,2023-09-18 10:00:00+00:00,15126,2023-09-18 10:00:00+00:00,1,0,,,0,,,0,0,,,1,0,0,1,0,0,,,,,,0,,0,0,0,0,0,0,0
2953,8,15153,2023-09-24 22:00:00+00:00,15156,2023-09-25 10:00:00+00:00,1,0,,,0,,,0,0,,,0,0,0,1,0,0,,,,,,0,,0,0,0,0,0,0,0
2961,8,15202,2023-10-05 02:00:00+00:00,15203,2023-10-05 06:00:00+00:00,1,0,,,0,,,0,0,,,1,0,1,1,0,0,,,,,,0,,0,0,0,0,0,0,0
2964,8,15205,2023-10-05 14:00:00+00:00,15207,2023-10-05 22:00:00+00:00,1,0,,,0,,,0,0,,,1,0,0,1,0,0,,,,,,0,,0,0,0,0,0,0,0
2969,8,15226,2023-10-11 02:00:00+00:00,15226,2023-10-11 02:00:00+00:00,1,0,,,0,,,0,0,,,1,0,0,1,0,0,,,,,,0,,0,0,0,0,0,0,0
2973,8,15253,2023-10-17 14:00:00+00:00,15254,2023-10-17 18:00:00+00:00,1,0,,,0,,,0,0,,,1,0,0,1,0,0,,,,,,0,,0,0,0,0,0,0,0
2976,8,15281,2023-10-24 06:00:00+00:00,15281,2023-10-24 06:00:00+00:00,1,0,,,0,,,0,0,,,1,0,0,1,0,0,,,,,,0,,0,0,0,0,0,0,0
2977,8,15290,2023-10-25 18:00:00+00:00,15290,2023-10-25 18:00:00+00:00,1,0,,,0,,,0,0,,,1,0,0,1,0,0,,,,,,0,,0,0,0,0,0,0,0
2979,8,15312,2023-10-31 10:00:00+00:00,15312,2023-10-31 10:00:00+00:00,1,0,,,0,,,0,0,,,1,0,0,1,0,0,,,,,,0,,0,0,0,0,0,0,0
2983,8,15369,2023-11-13 19:00:00+00:00,15372,2023-11-14 07:00:00+00:00,1,1,15372.0,2023-11-14 07:00:00+00:00,1,15372.0,2023-11-14 07:00:00+00:00,1,0,15372.0,2023-11-14 07:00:00+00:00,0,0,0,0,0,1,0.7604539007092204,0.38808510638297844,0.5,3.0,0.0,1,0.6071795744680848,1,1,0,0,1,0,0
2986,8,15411,2023-11-22 19:00:00+00:00,15411,2023-11-22 19:00:00+00:00,1,0,,,0,,,0,0,,,1,0,0,1,0,0,,,,,,0,,0,0,0,0,0,0,0
2989,8,15419,2023-11-24 03:00:00+00:00,15419,2023-11-24 03:00:00+00:00,1,0,,,0,,,0,0,,,1,0,0,1,0,0,,,,,,0,,0,0,0,0,0,0,0
2990,8,15444,2023-11-30 11:00:00+00:00,15448,2023-12-01 03:00:00+00:00,1,0,,,0,,,0,0,,,0,0,0,1,0,0,,,,,,0,,0,0,0,0,0,0,0
2993,8,15473,2023-12-07 07:00:00+00:00,15473,2023-12-07 07:00:00+00:00,1,0,,,0,,,0,0,,,1,0,0,1,0,0,,,,,,0,,0,0,0,0,0,0,0
2994,8,15493,2023-12-12 15:00:00+00:00,15493,2023-12-12 15:00:00+00:00,1,0,,,0,,,0,0,,,1,0,0,1,0,0,,,,,,0,,0,0,0,0,0,0,0
2997,8,15509,2023-12-15 07:00:00+00:00,15510,2023-12-15 11:00:00+00:00,1,0,,,0,,,0,0,,,1,0,0,1,0,0,,,,,,0,,0,0,0,0,0,0,0
2998,8,15513,2023-12-17 23:00:00+00:00,15516,2023-12-18 11:00:00+00:00,1,1,15516.0,2023-12-18 11:00:00+00:00,1,15516.0,2023-12-18 11:00:00+00:00,1,0,15516.0,2023-12-18 11:00:00+00:00,0,0,0,0,0,1,0.6422972311849845,0.45426621160409963,0.25,0.0,2.0,-1,0.6647471082947984,1,0,0,0,0,0,0
3006,8,15544,2023-12-26 03:00:00+00:00,15545,2023-12-26 07:00:00+00:00,1,0,,,0,,,0,0,,,1,0,1,1,0,0,,,,,,0,,0,0,0,0,0,0,0
3007,8,15547,2023-12-26 15:00:00+00:00,15548,2023-12-26 19:00:00+00:00,1,0,,,0,,,0,0,,,1,0,1,1,0,0,,,,,,0,,0,0,0,0,0,0,0
3008,8,15550,2023-12-27 03:00:00+00:00,15550,2023-12-27 03:00:00+00:00,1,0,,,0,,,0,0,,,1,0,0,1,0,0,,,,,,0,,0,0,0,0,0,0,0
3011,8,15561,2023-12-28 23:00:00+00:00,15562,2023-12-29 03:00:00+00:00,1,0,,,0,,,0,0,,,1,0,0,1,0,0,,,,,,0,,0,0,0,0,0,0,0
3013,8,15605,2024-01-10 07:00:00+00:00,15606,2024-01-10 11:00:00+00:00,1,0,,,0,,,0,0,,,1,0,0,1,0,0,,,,,,0,,0,0,0,0,0,0,0
3019,8,15627,2024-01-15 23:00:00+00:00,15628,2024-01-16 03:00:00+00:00,1,0,,,0,,,0,0,,,1,0,0,1,0,0,,,,,,0,,0,0,0,0,0,0,0
3022,8,15666,2024-01-24 11:00:00+00:00,15666,2024-01-24 11:00:00+00:00,1,0,,,0,,,0,0,,,1,0,0,1,0,0,,,,,,0,,0,0,0,0,0,0,0
3025,8,15682,2024-01-29 03:00:00+00:00,15682,2024-01-29 03:00:00+00:00,1,0,,,0,,,0,0,,,1,0,0,1,0,0,,,,,,0,,0,0,0,0,0,0,0
3027,8,15704,2024-02-01 19:00:00+00:00,15705,2024-02-01 23:00:00+00:00,1,0,,,0,,,0,0,,,1,0,0,1,0,0,,,,,,0,,0,0,0,0,0,0,0
3029,8,15711,2024-02-04 23:00:00+00:00,15711,2024-02-04 23:00:00+00:00,1,0,,,0,,,0,0,,,1,0,0,1,0,0,,,,,,0,,0,0,0,0,0,0,0
3033,8,15728,2024-02-07 19:00:00+00:00,15730,2024-02-08 03:00:00+00:00,1,0,,,0,,,0,0,,,1,0,0,1,0,0,,,,,,0,,0,0,0,0,0,0,0
3035,8,15739,2024-02-09 15:00:00+00:00,15739,2024-02-09 15:00:00+00:00,1,0,,,0,,,0,0,,,1,0,0,1,0,0,,,,,,0,,0,0,0,0,0,0,0
3039,8,15746,2024-02-12 19:00:00+00:00,15748,2024-02-13 03:00:00+00:00,1,0,,,0,,,0,0,,,1,0,0,1,0,0,,,,,,0,,0,0,0,0,0,0,0
3040,8,15765,2024-02-15 23:00:00+00:00,15765,2024-02-15 23:00:00+00:00,1,0,,,0,,,0,0,,,1,0,0,1,0,0,,,,,,0,,0,0,0,0,0,0,0
3042,8,15806,2024-02-26 19:00:00+00:00,15806,2024-02-26 19:00:00+00:00,1,0,,,0,,,0,0,,,1,0,0,1,0,0,,,,,,0,,0,0,0,0,0,0,0
3044,8,15810,2024-02-27 11:00:00+00:00,15811,2024-02-27 15:00:00+00:00,1,0,,,0,,,0,0,,,1,0,1,1,0,0,,,,,,0,,0,0,0,0,0,0,0
3047,8,15813,2024-02-27 23:00:00+00:00,15814,2024-02-28 03:00:00+00:00,1,0,,,0,,,0,0,,,1,0,0,1,0,0,,,,,,0,,0,0,0,0,0,0,0
3052,8,15869,2024-03-12 02:00:00+00:00,15870,2024-03-12 06:00:00+00:00,1,0,,,0,,,0,0,,,1,0,0,1,0,0,,,,,,0,,0,0,0,0,0,0,0
3055,8,15898,2024-03-18 22:00:00+00:00,15905,2024-03-20 02:00:00+00:00,1,1,15903.0,2024-03-19 18:00:00+00:00,1,15903.0,2024-03-19 18:00:00+00:00,1,0,15903.0,2024-03-19 18:00:00+00:00,0,0,0,0,0,1,0.39618722342181845,0.9693303618805025,0.5,0.0,2.0,-1,0.6129964632656676,0,0,0,0,0,0,1
3061,8,15907,2024-03-20 10:00:00+00:00,15907,2024-03-20 10:00:00+00:00,1,0,,,0,,,0,0,,,1,0,0,1,0,0,,,,,,0,,0,0,0,0,0,0,0
3063,8,15922,2024-03-24 22:00:00+00:00,15922,2024-03-24 22:00:00+00:00,1,0,,,0,,,0,0,,,1,0,1,1,0,0,,,,,,0,,0,0,0,0,0,0,0
3064,8,15924,2024-03-25 06:00:00+00:00,15927,2024-03-25 18:00:00+00:00,1,1,15927.0,2024-03-25 18:00:00+00:00,0,,,0,0,,,0,0,1,0,0,0,0.5603726692303668,0.5588295899443712,0.25,2.0,0.0,1,0.50068304208006,1,0,0,1,0,0,1
3069,8,15929,2024-03-26 02:00:00+00:00,15929,2024-03-26 02:00:00+00:00,1,0,,,0,,,0,0,,,1,0,0,1,0,0,,,,,,0,,0,0,0,0,0,0,0
3074,8,16018,2024-04-16 22:00:00+00:00,16022,2024-04-17 14:00:00+00:00,1,1,16022.0,2024-04-17 14:00:00+00:00,0,,,0,0,,,0,0,0,0,0,0,0.303612779869711,0.6659519342446096,1.0,3.0,1.0,1,0.4723968645640745,0,0,0,1,0,0,1
3078,8,16031,2024-04-19 02:00:00+00:00,16036,2024-04-21 22:00:00+00:00,1,1,16034.0,2024-04-19 14:00:00+00:00,1,16034.0,2024-04-19 14:00:00+00:00,1,0,16034.0,2024-04-19 14:00:00+00:00,0,0,0,0,0,1,0.4768926931413031,0.616846323935882,0.625,0.0,2.0,-1,0.6063302761775061,0,0,0,0,0,0,0
3087,8,16073,2024-04-30 02:00:00+00:00,16073,2024-04-30 02:00:00+00:00,1,0,,,0,,,0,0,,,1,0,0,1,0,0,,,,,,0,,0,0,0,0,0,0,0
3091,8,16088,2024-05-02 14:00:00+00:00,16091,2024-05-03 02:00:00+00:00,1,0,,,0,,,0,0,,,0,0,0,1,0,0,,,,,,0,,0,0,0,0,0,0,0
3094,8,16105,2024-05-07 10:00:00+00:00,16107,2024-05-07 18:00:00+00:00,1,0,,,0,,,0,0,,,1,0,0,1,0,0,,,,,,0,,0,0,0,0,0,0,0
3099,8,16139,2024-05-15 02:00:00+00:00,16139,2024-05-15 02:00:00+00:00,1,0,,,0,,,0,0,,,1,0,0,1,0,0,,,,,,0,,0,0,0,0,0,0,0
3100,8,16163,2024-05-21 02:00:00+00:00,16163,2024-05-21 02:00:00+00:00,1,0,,,0,,,0,0,,,1,0,0,1,0,0,,,,,,0,,0,0,0,0,0,0,0
3103,8,16167,2024-05-21 18:00:00+00:00,16170,2024-05-22 06:00:00+00:00,1,0,,,0,,,0,0,,,0,0,0,1,0,0,,,,,,0,,0,0,0,0,0,0,0
3106,8,16187,2024-05-27 02:00:00+00:00,16187,2024-05-27 02:00:00+00:00,1,0,,,0,,,0,0,,,1,0,0,1,0,0,,,,,,0,,0,0,0,0,0,0,0
3107,8,16190,2024-05-27 14:00:00+00:00,16191,2024-05-27 18:00:00+00:00,1,0,,,0,,,0,0,,,1,0,0,1,0,0,,,,,,0,,0,0,0,0,0,0,0
3111,8,16194,2024-05-28 06:00:00+00:00,16196,2024-05-28 14:00:00+00:00,1,0,,,0,,,0,0,,,1,0,0,1,0,0,,,,,,0,,0,0,0,0,0,0,0
3115,8,16200,2024-05-29 06:00:00+00:00,16200,2024-05-29 06:00:00+00:00,1,0,,,0,,,0,0,,,1,0,1,1,0,0,,,,,,0,,0,0,0,0,0,0,0
3117,8,16202,2024-05-29 14:00:00+00:00,16203,2024-05-29 18:00:00+00:00,1,0,,,0,,,0,0,,,1,0,0,1,0,0,,,,,,0,,0,0,0,0,0,0,0
3122,8,16240,2024-06-06 22:00:00+00:00,16240,2024-06-06 22:00:00+00:00,1,0,,,0,,,0,0,,,1,0,0,1,0,0,,,,,,0,,0,0,0,0,0,0,0
3124,8,16252,2024-06-10 22:00:00+00:00,16253,2024-06-11 02:00:00+00:00,1,0,,,0,,,0,0,,,1,0,0,1,0,0,,,,,,0,,0,0,0,0,0,0,0
3128,8,16256,2024-06-11 14:00:00+00:00,16260,2024-06-12 06:00:00+00:00,1,1,16259.0,2024-06-12 02:00:00+00:00,1,16259.0,2024-06-12 02:00:00+00:00,1,0,16259.0,2024-06-12 02:00:00+00:00,0,0,0,0,0,1,0.7121910945255124,0.40162271805276006,0.375,3.0,0.0,1,0.622421322449383,1,1,0,0,1,0,0
3132,8,16262,2024-06-12 14:00:00+00:00,16266,2024-06-13 06:00:00+00:00,1,1,16266.0,2024-06-13 06:00:00+00:00,0,,,0,0,,,0,0,0,0,0,0,0.7478412786812216,0.30696517412936597,0.5,0.0,3.0,-1,0.44763800623746874,1,1,0,1,1,0,1
3134,8,16277,2024-06-17 02:00:00+00:00,16277,2024-06-17 02:00:00+00:00,1,0,,,0,,,0,0,,,1,0,0,1,0,0,,,,,,0,,0,0,0,0,0,0,0
3137,8,16284,2024-06-18 06:00:00+00:00,16284,2024-06-18 06:00:00+00:00,1,0,,,0,,,0,0,,,1,0,0,1,0,0,,,,,,0,,0,0,0,0,0,0,0
3139,8,16296,2024-06-20 06:00:00+00:00,16296,2024-06-20 06:00:00+00:00,1,0,,,0,,,0,0,,,1,0,0,1,0,0,,,,,,0,,0,0,0,0,0,0,0
3141,8,16312,2024-06-24 22:00:00+00:00,16314,2024-06-25 06:00:00+00:00,1,0,,,0,,,0,0,,,1,0,0,1,0,0,,,,,,0,,0,0,0,0,0,0,0
3145,8,16340,2024-07-01 14:00:00+00:00,16340,2024-07-01 14:00:00+00:00,1,0,,,0,,,0,0,,,1,0,0,1,0,0,,,,,,0,,0,0,0,0,0,0,0
3147,8,16345,2024-07-02 10:00:00+00:00,16347,2024-07-02 18:00:00+00:00,1,0,,,0,,,0,0,,,1,0,0,1,0,0,,,,,,0,,0,0,0,0,0,0,0
3151,8,16376,2024-07-09 14:00:00+00:00,16376,2024-07-09 14:00:00+00:00,1,0,,,0,,,0,0,,,1,0,0,1,0,0,,,,,,0,,0,0,0,0,0,0,0
3156,8,16414,2024-07-17 22:00:00+00:00,16417,2024-07-18 10:00:00+00:00,1,1,16417.0,2024-07-18 10:00:00+00:00,1,16417.0,2024-07-18 10:00:00+00:00,1,0,16417.0,2024-07-18 10:00:00+00:00,0,0,0,0,0,1,0.5436783158442893,0.8958592132505316,0.375,0.0,0.0,0,0.7194066601404355,0,0,0,0,0,0,0
3159,8,16452,2024-07-26 06:00:00+00:00,16453,2024-07-26 10:00:00+00:00,1,0,,,0,,,0,0,,,1,0,0,1,0,0,,,,,,0,,0,0,0,0,0,0,0
3163,8,16478,2024-08-01 14:00:00+00:00,16479,2024-08-01 18:00:00+00:00,1,0,,,0,,,0,0,,,1,0,0,1,0,0,,,,,,0,,0,0,0,0,0,0,0
3164,8,16498,2024-08-06 22:00:00+00:00,16501,2024-08-07 10:00:00+00:00,1,1,16501.0,2024-08-07 10:00:00+00:00,1,16501.0,2024-08-07 10:00:00+00:00,1,0,16501.0,2024-08-07 10:00:00+00:00,0,0,0,0,0,1,0.4351972265661723,0.8742070937192771,0.25,0.0,1.0,-1,0.7147030935476469,0,0,0,0,0,0,0
3167,8,16503,2024-08-07 18:00:00+00:00,16503,2024-08-07 18:00:00+00:00,1,0,,,0,,,0,0,,,1,0,0,1,0,0,,,,,,0,,0,0,0,0,0,0,0
3170,8,16517,2024-08-12 02:00:00+00:00,16517,2024-08-12 02:00:00+00:00,1,0,,,0,,,0,0,,,1,0,0,1,0,0,,,,,,0,,0,0,0,0,0,0,0
3172,8,16528,2024-08-13 22:00:00+00:00,16528,2024-08-13 22:00:00+00:00,1,0,,,0,,,0,0,,,1,0,0,1,0,0,,,,,,0,,0,0,0,0,0,0,0
3174,8,16558,2024-08-20 22:00:00+00:00,16561,2024-08-21 10:00:00+00:00,1,1,16561.0,2024-08-21 10:00:00+00:00,1,16561.0,2024-08-21 10:00:00+00:00,1,0,16561.0,2024-08-21 10:00:00+00:00,0,0,0,0,0,1,0.5388320500561287,0.6199544507438213,0.375,0.0,2.0,-1,0.6023342371883786,0,0,0,0,0,0,0
3176,8,16582,2024-08-26 22:00:00+00:00,16582,2024-08-26 22:00:00+00:00,1,0,,,0,,,0,0,,,1,0,0,1,0,0,,,,,,0,,0,0,0,0,0,0,0
3177,8,16585,2024-08-27 10:00:00+00:00,16585,2024-08-27 10:00:00+00:00,1,0,,,0,,,0,0,,,1,0,0,1,0,0,,,,,,0,,0,0,0,0,0,0,0
3183,8,16614,2024-09-03 06:00:00+00:00,16614,2024-09-03 06:00:00+00:00,1,0,,,0,,,0,0,,,1,0,0,1,0,0,,,,,,0,,0,0,0,0,0,0,0
3187,8,16642,2024-09-09 22:00:00+00:00,16643,2024-09-10 02:00:00+00:00,1,0,,,0,,,0,0,,,1,0,0,1,0,0,,,,,,0,,0,0,0,0,0,0,0
3191,8,16668,2024-09-16 06:00:00+00:00,16668,2024-09-16 06:00:00+00:00,1,0,,,0,,,0,0,,,1,0,0,1,0,0,,,,,,0,,0,0,0,0,0,0,0
3193,8,16672,2024-09-16 22:00:00+00:00,16673,2024-09-17 02:00:00+00:00,1,0,,,0,,,0,0,,,1,0,0,1,0,0,,,,,,0,,0,0,0,0,0,0,0
3198,8,16700,2024-09-23 14:00:00+00:00,16700,2024-09-23 14:00:00+00:00,1,0,,,0,,,0,0,,,1,0,1,1,0,0,,,,,,0,,0,0,0,0,0,0,0
3199,8,16702,2024-09-23 22:00:00+00:00,16702,2024-09-23 22:00:00+00:00,1,0,,,0,,,0,0,,,1,0,0,1,0,0,,,,,,0,,0,0,0,0,0,0,0
3201,8,16716,2024-09-26 06:00:00+00:00,16716,2024-09-26 06:00:00+00:00,1,0,,,0,,,0,0,,,1,0,0,1,0,0,,,,,,0,,0,0,0,0,0,0,0
3203,8,16727,2024-09-30 02:00:00+00:00,16728,2024-09-30 06:00:00+00:00,1,0,,,0,,,0,0,,,1,0,0,1,0,0,,,,,,0,,0,0,0,0,0,0,0
3207,8,16741,2024-10-02 10:00:00+00:00,16742,2024-10-02 14:00:00+00:00,1,0,,,0,,,0,0,,,1,0,1,1,0,0,,,,,,0,,0,0,0,0,0,0,0
3209,8,16744,2024-10-02 22:00:00+00:00,16747,2024-10-03 10:00:00+00:00,1,0,,,0,,,0,0,,,0,0,0,1,0,0,,,,,,0,,0,0,0,0,0,0,0
3212,8,16762,2024-10-07 22:00:00+00:00,16762,2024-10-07 22:00:00+00:00,1,0,,,0,,,0,0,,,1,0,0,1,0,0,,,,,,0,,0,0,0,0,0,0,0
3216,8,16774,2024-10-09 22:00:00+00:00,16776,2024-10-10 06:00:00+00:00,1,0,,,0,,,0,0,,,1,0,1,1,0,0,,,,,,0,,0,0,0,0,0,0,0
3219,8,16778,2024-10-10 14:00:00+00:00,16778,2024-10-10 14:00:00+00:00,1,0,,,0,,,0,0,,,1,0,0,1,0,0,,,,,,0,,0,0,0,0,0,0,0
3223,8,16806,2024-10-17 06:00:00+00:00,16806,2024-10-17 06:00:00+00:00,1,0,,,0,,,0,0,,,1,0,0,1,0,0,,,,,,0,,0,0,0,0,0,0,0
3224,8,16822,2024-10-21 22:00:00+00:00,16822,2024-10-21 22:00:00+00:00,1,0,,,0,,,0,0,,,1,0,0,1,0,0,,,,,,0,,0,0,0,0,0,0,0
3226,8,16844,2024-10-25 14:00:00+00:00,16844,2024-10-25 14:00:00+00:00,1,0,,,0,,,0,0,,,1,0,0,1,0,0,,,,,,0,,0,0,0,0,0,0,0
3231,8,16854,2024-10-29 06:00:00+00:00,16854,2024-10-29 06:00:00+00:00,1,0,,,0,,,0,0,,,1,0,0,1,0,0,,,,,,0,,0,0,0,0,0,0,0
3233,8,16865,2024-10-31 02:00:00+00:00,16866,2024-10-31 06:00:00+00:00,1,0,,,0,,,0,0,,,1,0,0,1,0,0,,,,,,0,,0,0,0,0,0,0,0
3236,8,16906,2024-11-08 19:00:00+00:00,16906,2024-11-08 19:00:00+00:00,1,0,,,0,,,0,0,,,1,0,0,1,0,0,,,,,,0,,0,0,0,0,0,0,0
3238,8,16918,2024-11-12 19:00:00+00:00,16918,2024-11-12 19:00:00+00:00,1,0,,,0,,,0,0,,,1,0,0,1,0,0,,,,,,0,,0,0,0,0,0,0,0
3240,8,16922,2024-11-13 11:00:00+00:00,16922,2024-11-13 11:00:00+00:00,1,0,,,0,,,0,0,,,1,0,0,1,0,0,,,,,,0,,0,0,0,0,0,0,0
3245,8,16994,2024-11-29 11:00:00+00:00,16996,2024-11-29 19:00:00+00:00,1,0,,,0,,,0,0,,,1,0,0,1,0,0,,,,,,0,,0,0,0,0,0,0,0
3248,8,17001,2024-12-02 15:00:00+00:00,17001,2024-12-02 15:00:00+00:00,1,0,,,0,,,0,0,,,1,0,1,1,0,0,,,,,,0,,0,0,0,0,0,0,0
3249,8,17003,2024-12-02 23:00:00+00:00,17004,2024-12-03 03:00:00+00:00,1,0,,,0,,,0,0,,,1,0,0,1,0,0,,,,,,0,,0,0,0,0,0,0,0
3256,8,17019,2024-12-05 15:00:00+00:00,17020,2024-12-05 19:00:00+00:00,1,0,,,0,,,0,0,,,1,0,0,1,0,0,,,,,,0,,0,0,0,0,0,0,0
3267,8,17090,2024-12-23 11:00:00+00:00,17090,2024-12-23 11:00:00+00:00,1,0,,,0,,,0,0,,,1,0,1,1,0,0,,,,,,0,,0,0,0,0,0,0,0
3268,8,17092,2024-12-23 19:00:00+00:00,17095,2024-12-24 07:00:00+00:00,1,1,17095.0,2024-12-24 07:00:00+00:00,1,17095.0,2024-12-24 07:00:00+00:00,1,0,17095.0,2024-12-24 07:00:00+00:00,0,0,0,0,0,1,0.6072598855379256,0.7177242888402678,0.25,0.0,0.0,0,0.6915193780123959,1,0,0,0,0,0,0
3271,8,17097,2024-12-24 15:00:00+00:00,17097,2024-12-24 15:00:00+00:00,1,0,,,0,,,0,0,,,1,0,1,1,0,0,,,,,,0,,0,0,0,0,0,0,0
3273,8,17099,2024-12-26 03:00:00+00:00,17101,2024-12-26 11:00:00+00:00,1,0,,,0,,,0,0,,,1,0,0,1,0,0,,,,,,0,,0,0,0,0,0,0,0
3276,8,17106,2024-12-27 07:00:00+00:00,17106,2024-12-27 07:00:00+00:00,1,0,,,0,,,0,0,,,1,0,1,1,0,0,,,,,,0,,0,0,0,0,0,0,0
3280,8,17108,2024-12-27 15:00:00+00:00,17111,2024-12-30 03:00:00+00:00,1,1,17111.0,2024-12-30 03:00:00+00:00,1,17111.0,2024-12-30 03:00:00+00:00,0,1,,,0,0,0,0,0,1,0.5890124451913576,0.7383728218628586,0.375,0.0,1.0,-1,0.6702830693716415,1,0,0,0,0,0,0
3283,8,17134,2025-01-05 23:00:00+00:00,17134,2025-01-05 23:00:00+00:00,1,0,,,0,,,0,0,,,1,0,0,1,0,0,,,,,,0,,0,0,0,0,0,0,0
3284,8,17154,2025-01-09 07:00:00+00:00,17154,2025-01-09 07:00:00+00:00,1,0,,,0,,,0,0,,,1,0,0,1,0,0,,,,,,0,,0,0,0,0,0,0,0
3290,8,17212,2025-01-22 23:00:00+00:00,17212,2025-01-22 23:00:00+00:00,1,0,,,0,,,0,0,,,1,0,0,1,0,0,,,,,,0,,0,0,0,0,0,0,0
3298,8,17320,2025-02-17 23:00:00+00:00,17320,2025-02-17 23:00:00+00:00,1,0,,,0,,,0,0,,,1,0,0,1,0,0,,,,,,0,,0,0,0,0,0,0,0
3302,8,17338,2025-02-20 23:00:00+00:00,17339,2025-02-21 03:00:00+00:00,1,0,,,0,,,0,0,,,1,0,0,1,0,0,,,,,,0,,0,0,0,0,0,0,0
3310,8,17381,2025-03-04 03:00:00+00:00,17381,2025-03-04 03:00:00+00:00,1,0,,,0,,,0,0,,,1,0,0,1,0,0,,,,,,0,,0,0,0,0,0,0,0
3313,8,17394,2025-03-06 07:00:00+00:00,17396,2025-03-06 15:00:00+00:00,1,0,,,0,,,0,0,,,1,0,0,1,0,0,,,,,,0,,0,0,0,0,0,0,0
3318,8,17402,2025-03-07 15:00:00+00:00,17402,2025-03-07 15:00:00+00:00,1,0,,,0,,,0,0,,,1,0,0,1,0,0,,,,,,0,,0,0,0,0,0,0,0
3320,8,17406,2025-03-10 03:00:00+00:00,17406,2025-03-10 03:00:00+00:00,1,0,,,0,,,0,0,,,1,0,1,1,0,0,,,,,,0,,0,0,0,0,0,0,0
3323,8,17408,2025-03-10 10:00:00+00:00,17408,2025-03-10 10:00:00+00:00,1,0,,,0,,,0,0,,,1,0,1,1,0,0,,,,,,0,,0,0,0,0,0,0,0
3325,8,17410,2025-03-10 18:00:00+00:00,17413,2025-03-11 06:00:00+00:00,1,1,17413.0,2025-03-11 06:00:00+00:00,1,17413.0,2025-03-11 06:00:00+00:00,1,0,17413.0,2025-03-11 06:00:00+00:00,0,0,0,0,0,1,0.3561094512567088,0.9142830170867688,0.25,1.0,1.0,0,0.6497883210414296,0,0,0,0,0,0,0
3326,8,17415,2025-03-11 14:00:00+00:00,17415,2025-03-11 14:00:00+00:00,1,0,,,0,,,0,0,,,1,0,0,1,0,0,,,,,,0,,0,0,0,0,0,0,0
3331,8,17483,2025-03-26 22:00:00+00:00,17483,2025-03-26 22:00:00+00:00,1,0,,,0,,,0,0,,,1,0,1,1,0,0,,,,,,0,,0,0,0,0,0,0,0
3332,8,17485,2025-03-27 06:00:00+00:00,17485,2025-03-27 06:00:00+00:00,1,0,,,0,,,0,0,,,1,0,0,1,0,0,,,,,,0,,0,0,0,0,0,0,0
3337,8,17537,2025-04-08 22:00:00+00:00,17538,2025-04-09 02:00:00+00:00,1,0,,,0,,,0,0,,,1,0,0,1,0,0,,,,,,0,,0,0,0,0,0,0,0
3340,8,17557,2025-04-14 06:00:00+00:00,17562,2025-04-15 02:00:00+00:00,1,1,17561.0,2025-04-14 22:00:00+00:00,1,17561.0,2025-04-14 22:00:00+00:00,1,0,17561.0,2025-04-14 22:00:00+00:00,0,0,0,0,0,1,0.4321667907286319,0.8631585673663755,0.375,0.0,1.0,-1,0.7166400485361711,0,0,0,0,0,0,1
3345,8,17565,2025-04-15 14:00:00+00:00,17565,2025-04-15 14:00:00+00:00,1,0,,,0,,,0,0,,,1,0,0,1,0,0,,,,,,0,,0,0,0,0,0,0,0
3349,8,17605,2025-04-25 06:00:00+00:00,17605,2025-04-25 06:00:00+00:00,1,0,,,0,,,0,0,,,1,0,0,1,0,0,,,,,,0,,0,0,0,0,0,0,0
3356,8,17636,2025-05-02 10:00:00+00:00,17637,2025-05-02 14:00:00+00:00,1,0,,,0,,,0,0,,,1,0,0,1,0,0,,,,,,0,,0,0,0,0,0,0,0
3359,8,17640,2025-05-05 02:00:00+00:00,17640,2025-05-05 02:00:00+00:00,1,0,,,0,,,0,0,,,1,0,0,1,0,0,,,,,,0,,0,0,0,0,0,0,0
3364,8,17677,2025-05-13 06:00:00+00:00,17677,2025-05-13 06:00:00+00:00,1,0,,,0,,,0,0,,,1,0,0,1,0,0,,,,,,0,,0,0,0,0,0,0,0
3365,8,17680,2025-05-13 18:00:00+00:00,17683,2025-05-14 06:00:00+00:00,1,1,17683.0,2025-05-14 06:00:00+00:00,0,,,0,0,,,0,0,0,0,0,0,0.6432729036074597,0.6088868668486581,0.25,0.0,2.0,-1,0.5593795206122583,1,0,0,1,0,0,1
3369,8,17706,2025-05-20 02:00:00+00:00,17707,2025-05-20 06:00:00+00:00,1,0,,,0,,,0,0,,,1,0,0,1,0,0,,,,,,0,,0,0,0,0,0,0,0
3373,8,17718,2025-05-22 02:00:00+00:00,17719,2025-05-22 06:00:00+00:00,1,0,,,0,,,0,0,,,1,0,1,1,0,0,,,,,,0,,0,0,0,0,0,0,0
3375,8,17721,2025-05-22 14:00:00+00:00,17724,2025-05-23 02:00:00+00:00,1,1,17724.0,2025-05-23 02:00:00+00:00,1,17724.0,2025-05-23 02:00:00+00:00,1,0,17724.0,2025-05-23 02:00:00+00:00,0,0,0,0,0,1,0.37787990773458535,0.8675123326286105,0.25,0.0,1.0,-1,0.6461832203884424,0,0,0,0,0,0,0
3379,8,17732,2025-05-26 10:00:00+00:00,17734,2025-05-26 18:00:00+00:00,1,0,,,0,,,0,0,,,1,0,0,1,0,0,,,,,,0,,0,0,0,0,0,0,0
3382,8,17739,2025-05-27 14:00:00+00:00,17739,2025-05-27 14:00:00+00:00,1,0,,,0,,,0,0,,,1,0,0,1,0,0,,,,,,0,,0,0,0,0,0,0,0
3384,8,17744,2025-05-28 10:00:00+00:00,17745,2025-05-28 14:00:00+00:00,1,0,,,0,,,0,0,,,1,0,0,1,0,0,,,,,,0,,0,0,0,0,0,0,0
3388,8,17759,2025-06-01 22:00:00+00:00,17760,2025-06-02 02:00:00+00:00,1,0,,,0,,,0,0,,,1,0,0,1,0,0,,,,,,0,,0,0,0,0,0,0,0
3390,8,17777,2025-06-04 22:00:00+00:00,17778,2025-06-05 02:00:00+00:00,1,0,,,0,,,0,0,,,1,0,0,1,0,0,,,,,,0,,0,0,0,0,0,0,0
3391,8,17795,2025-06-09 22:00:00+00:00,17796,2025-06-10 02:00:00+00:00,1,0,,,0,,,0,0,,,1,0,0,1,0,0,,,,,,0,,0,0,0,0,0,0,0
3397,8,17821,2025-06-16 06:00:00+00:00,17821,2025-06-16 06:00:00+00:00,1,0,,,0,,,0,0,,,1,0,1,1,0,0,,,,,,0,,0,0,0,0,0,0,0
3398,8,17823,2025-06-16 14:00:00+00:00,17823,2025-06-16 14:00:00+00:00,1,0,,,0,,,0,0,,,1,0,0,1,0,0,,,,,,0,,0,0,0,0,0,0,0
3401,8,17828,2025-06-17 10:00:00+00:00,17828,2025-06-17 10:00:00+00:00,1,0,,,0,,,0,0,,,1,0,0,1,0,0,,,,,,0,,0,0,0,0,0,0,0
3403,8,17836,2025-06-18 18:00:00+00:00,17838,2025-06-19 02:00:00+00:00,1,0,,,0,,,0,0,,,1,0,0,1,0,0,,,,,,0,,0,0,0,0,0,0,0
3406,8,17845,2025-06-20 06:00:00+00:00,17848,2025-06-20 18:00:00+00:00,1,1,17848.0,2025-06-20 18:00:00+00:00,0,,,0,0,,,0,0,0,0,0,0,0.7441231451040308,0.37563645015464897,0.75,3.0,1.0,1,0.25254465307486496,1,1,0,1,1,0,1
3411,8,17852,2025-06-23 10:00:00+00:00,17852,2025-06-23 10:00:00+00:00,1,0,,,0,,,0,0,,,1,0,0,1,0,0,,,,,,0,,0,0,0,0,0,0,0
3415,8,17864,2025-06-25 10:00:00+00:00,17865,2025-06-25 14:00:00+00:00,1,0,,,0,,,0,0,,,1,0,1,1,0,0,,,,,,0,,0,0,0,0,0,0,0
3416,8,17867,2025-06-25 22:00:00+00:00,17868,2025-06-26 02:00:00+00:00,1,0,,,0,,,0,0,,,1,0,0,1,0,0,,,,,,0,,0,0,0,0,0,0,0
3418,8,17899,2025-07-03 06:00:00+00:00,17899,2025-07-03 06:00:00+00:00,1,0,,,0,,,0,0,,,1,0,0,1,0,0,,,,,,0,,0,0,0,0,0,0,0
3423,8,17909,2025-07-07 02:00:00+00:00,17909,2025-07-07 02:00:00+00:00,1,0,,,0,,,0,0,,,1,0,0,1,0,0,,,,,,0,,0,0,0,0,0,0,0
3425,8,17925,2025-07-09 18:00:00+00:00,17925,2025-07-09 18:00:00+00:00,1,0,,,0,,,0,0,,,1,0,1,1,0,0,,,,,,0,,0,0,0,0,0,0,0
3426,8,17927,2025-07-10 02:00:00+00:00,17927,2025-07-10 02:00:00+00:00,1,0,,,0,,,0,0,,,1,0,0,1,0,0,,,,,,0,,0,0,0,0,0,0,0
3428,8,17934,2025-07-11 06:00:00+00:00,17934,2025-07-11 06:00:00+00:00,1,0,,,0,,,0,0,,,1,0,0,1,0,0,,,,,,0,,0,0,0,0,0,0,0
3429,8,17942,2025-07-14 14:00:00+00:00,17946,2025-07-15 06:00:00+00:00,1,1,17945.0,2025-07-15 02:00:00+00:00,1,17945.0,2025-07-15 02:00:00+00:00,1,0,17945.0,2025-07-15 02:00:00+00:00,0,0,0,0,0,1,0.320522071763002,0.5687432339336694,0.5,0.0,2.0,-1,0.5965882881707298,0,0,0,0,0,0,0
3436,8,17968,2025-07-20 22:00:00+00:00,17968,2025-07-20 22:00:00+00:00,1,0,,,0,,,0,0,,,1,0,0,1,0,0,,,,,,0,,0,0,0,0,0,0,0
3441,8,18010,2025-07-29 22:00:00+00:00,18012,2025-07-30 06:00:00+00:00,1,0,,,0,,,0,0,,,1,0,0,1,0,0,,,,,,0,,0,0,0,0,0,0,0
3444,8,18034,2025-08-04 22:00:00+00:00,18037,2025-08-05 10:00:00+00:00,1,0,,,0,,,0,0,,,0,0,0,1,0,0,,,,,,0,,0,0,0,0,0,0,0
3446,8,18051,2025-08-07 18:00:00+00:00,18051,2025-08-07 18:00:00+00:00,1,0,,,0,,,0,0,,,1,0,0,1,0,0,,,,,,0,,0,0,0,0,0,0,0
3453,8,18084,2025-08-15 06:00:00+00:00,18084,2025-08-15 06:00:00+00:00,1,0,,,0,,,0,0,,,1,0,0,1,0,0,,,,,,0,,0,0,0,0,0,0,0
3454,8,18087,2025-08-15 18:00:00+00:00,18087,2025-08-15 18:00:00+00:00,1,0,,,0,,,0,0,,,1,0,0,1,0,0,,,,,,0,,0,0,0,0,0,0,0
3456,8,18104,2025-08-20 14:00:00+00:00,18104,2025-08-20 14:00:00+00:00,1,0,,,0,,,0,0,,,1,0,0,1,0,0,,,,,,0,,0,0,0,0,0,0,0
3458,8,18110,2025-08-21 14:00:00+00:00,18110,2025-08-21 14:00:00+00:00,1,0,,,0,,,0,0,,,1,0,0,1,0,0,,,,,,0,,0,0,0,0,0,0,0
3460,8,18114,2025-08-22 06:00:00+00:00,18114,2025-08-22 06:00:00+00:00,1,0,,,0,,,0,0,,,1,0,0,1,0,0,,,,,,0,,0,0,0,0,0,0,0
3463,8,18132,2025-08-27 06:00:00+00:00,18133,2025-08-27 10:00:00+00:00,1,0,,,0,,,0,0,,,1,0,0,1,0,0,,,,,,0,,0,0,0,0,0,0,0
3466,8,18197,2025-09-11 02:00:00+00:00,18197,2025-09-11 02:00:00+00:00,1,0,,,0,,,0,0,,,1,0,1,1,0,0,,,,,,0,,0,0,0,0,0,0,0
3468,8,18199,2025-09-11 10:00:00+00:00,18200,2025-09-11 14:00:00+00:00,1,0,,,0,,,0,0,,,1,0,1,1,0,0,,,,,,0,,0,0,0,0,0,0,0
3470,8,18202,2025-09-11 22:00:00+00:00,18202,2025-09-11 22:00:00+00:00,1,0,,,0,,,0,0,,,1,0,1,1,0,0,,,,,,0,,0,0,0,0,0,0,0
3471,8,18204,2025-09-12 06:00:00+00:00,18205,2025-09-12 10:00:00+00:00,1,0,,,0,,,0,0,,,1,0,0,1,0,0,,,,,,0,,0,0,0,0,0,0,0
3481,8,18250,2025-09-23 22:00:00+00:00,18251,2025-09-24 02:00:00+00:00,1,0,,,0,,,0,0,,,1,0,1,1,0,0,,,,,,0,,0,0,0,0,0,0,0
3483,8,18253,2025-09-24 10:00:00+00:00,18253,2025-09-24 10:00:00+00:00,1,0,,,0,,,0,0,,,1,0,0,1,0,0,,,,,,0,,0,0,0,0,0,0,0
3485,8,18263,2025-09-26 02:00:00+00:00,18264,2025-09-26 06:00:00+00:00,1,0,,,0,,,0,0,,,1,0,0,1,0,0,,,,,,0,,0,0,0,0,0,0,0
3488,8,18277,2025-09-30 10:00:00+00:00,18279,2025-09-30 18:00:00+00:00,1,0,,,0,,,0,0,,,1,0,0,1,0,0,,,,,,0,,0,0,0,0,0,0,0
3492,8,18319,2025-10-09 10:00:00+00:00,18319,2025-10-09 10:00:00+00:00,1,0,,,0,,,0,0,,,1,0,0,1,0,0,,,,,,0,,0,0,0,0,0,0,0
3497,8,18379,2025-10-23 10:00:00+00:00,18380,2025-10-23 14:00:00+00:00,1,0,,,0,,,0,0,,,1,0,1,1,0,0,,,,,,0,,0,0,0,0,0,0,0
3500,8,18382,2025-10-23 22:00:00+00:00,18383,2025-10-24 02:00:00+00:00,1,0,,,0,,,0,0,,,1,0,1,1,0,0,,,,,,0,,0,0,0,0,0,0,0
3503,8,18385,2025-10-24 10:00:00+00:00,18389,2025-10-27 02:00:00+00:00,1,0,,,0,,,0,0,,,0,0,0,1,0,0,,,,,,0,,0,0,0,0,0,0,0
3505,8,18406,2025-10-29 22:00:00+00:00,18411,2025-10-30 18:00:00+00:00,1,1,18411.0,2025-10-30 18:00:00+00:00,0,,,0,0,,,0,0,0,0,0,0,0.7218432044166959,0.33957586618876867,0.5,2.0,0.0,1,0.5666072161521548,1,1,0,1,1,0,1
3514,8,18432,2025-11-05 03:00:00+00:00,18436,2025-11-05 19:00:00+00:00,1,0,,,0,,,0,0,,,0,0,0,1,0,0,,,,,,0,,0,0,0,0,0,0,0
3518,8,18440,2025-11-06 11:00:00+00:00,18444,2025-11-07 03:00:00+00:00,1,1,18444.0,2025-11-07 03:00:00+00:00,1,18444.0,2025-11-07 03:00:00+00:00,1,0,18444.0,2025-11-07 03:00:00+00:00,0,0,0,0,0,1,0.3552142133339562,0.9589124050019715,0.5,1.0,1.0,0,0.7251564742184277,0,0,0,0,0,0,0
3522,8,18458,2025-11-11 11:00:00+00:00,18459,2025-11-11 15:00:00+00:00,1,0,,,0,,,0,0,,,1,0,0,1,0,0,,,,,,0,,0,0,0,0,0,0,0
3524,8,18462,2025-11-12 03:00:00+00:00,18464,2025-11-12 11:00:00+00:00,1,0,,,0,,,0,0,,,1,0,0,1,0,0,,,,,,0,,0,0,0,0,0,0,0
3527,8,18487,2025-11-18 07:00:00+00:00,18488,2025-11-18 11:00:00+00:00,1,0,,,0,,,0,0,,,1,0,1,1,0,0,,,,,,0,,0,0,0,0,0,0,0
3530,8,18490,2025-11-18 19:00:00+00:00,18491,2025-11-18 23:00:00+00:00,1,0,,,0,,,0,0,,,1,0,0,1,0,0,,,,,,0,,0,0,0,0,0,0,0
3532,8,18499,2025-11-20 07:00:00+00:00,18500,2025-11-20 11:00:00+00:00,1,0,,,0,,,0,0,,,1,0,0,1,0,0,,,,,,0,,0,0,0,0,0,0,0
3535,8,18503,2025-11-20 23:00:00+00:00,18503,2025-11-20 23:00:00+00:00,1,0,,,0,,,0,0,,,1,0,0,1,0,0,,,,,,0,,0,0,0,0,0,0,0
3538,8,18507,2025-11-21 15:00:00+00:00,18508,2025-11-21 19:00:00+00:00,1,0,,,0,,,0,0,,,1,0,0,1,0,0,,,,,,0,,0,0,0,0,0,0,0
3543,8,18522,2025-11-26 03:00:00+00:00,18524,2025-11-26 11:00:00+00:00,1,0,,,0,,,0,0,,,1,0,0,1,0,0,,,,,,0,,0,0,0,0,0,0,0
3546,8,18527,2025-11-26 23:00:00+00:00,18531,2025-11-27 15:00:00+00:00,1,1,18531.0,2025-11-27 15:00:00+00:00,1,18531.0,2025-11-27 15:00:00+00:00,1,0,18531.0,2025-11-27 15:00:00+00:00,0,0,0,0,0,1,0.5155671748221443,0.9288399691987341,0.25,0.0,0.0,0,0.6078020501974696,0,0,0,0,0,0,0
3550,8,18548,2025-12-02 11:00:00+00:00,18548,2025-12-02 11:00:00+00:00,1,0,,,0,,,0,0,,,1,0,0,1,0,0,,,,,,0,,0,0,0,0,0,0,0
3554,8,18585,2025-12-10 15:00:00+00:00,18585,2025-12-10 15:00:00+00:00,1,0,,,0,,,0,0,,,1,0,0,1,0,0,,,,,,0,,0,0,0,0,0,0,0
3556,8,18599,2025-12-14 23:00:00+00:00,18599,2025-12-14 23:00:00+00:00,1,0,,,0,,,0,0,,,1,0,0,1,0,0,,,,,,0,,0,0,0,0,0,0,0
3557,8,18605,2025-12-15 23:00:00+00:00,18605,2025-12-15 23:00:00+00:00,1,0,,,0,,,0,0,,,1,0,0,1,0,0,,,,,,0,,0,0,0,0,0,0,0
3558,8,18608,2025-12-16 11:00:00+00:00,18608,2025-12-16 11:00:00+00:00,1,0,,,0,,,0,0,,,1,0,1,1,0,0,,,,,,0,,0,0,0,0,0,0,0
3561,8,18610,2025-12-16 19:00:00+00:00,18611,2025-12-16 23:00:00+00:00,1,0,,,0,,,0,0,,,1,0,0,1,0,0,,,,,,0,,0,0,0,0,0,0,0
3564,8,18616,2025-12-17 19:00:00+00:00,18620,2025-12-18 11:00:00+00:00,1,0,,,0,,,0,0,,,0,0,0,1,0,0,,,,,,0,,0,0,0,0,0,0,0
3567,8,18673,2026-01-02 11:00:00+00:00,18675,2026-01-02 19:00:00+00:00,1,0,,,0,,,0,0,,,1,0,1,1,0,0,,,,,,0,,0,0,0,0,0,0,0
3570,8,18677,2026-01-05 03:00:00+00:00,18677,2026-01-05 03:00:00+00:00,1,0,,,0,,,0,0,,,1,0,0,1,0,0,,,,,,0,,0,0,0,0,0,0,0
3573,8,18684,2026-01-06 07:00:00+00:00,18684,2026-01-06 07:00:00+00:00,1,0,,,0,,,0,0,,,1,0,0,1,0,0,,,,,,0,,0,0,0,0,0,0,0
3575,8,18687,2026-01-06 19:00:00+00:00,18687,2026-01-06 19:00:00+00:00,1,0,,,0,,,0,0,,,1,0,0,1,0,0,,,,,,0,,0,0,0,0,0,0,0
3577,8,18690,2026-01-07 07:00:00+00:00,18690,2026-01-07 07:00:00+00:00,1,0,,,0,,,0,0,,,1,0,1,1,0,0,,,,,,0,,0,0,0,0,0,0,0
3579,8,18692,2026-01-07 15:00:00+00:00,18694,2026-01-07 23:00:00+00:00,1,0,,,0,,,0,0,,,1,0,1,1,0,0,,,,,,0,,0,0,0,0,0,0,0
3582,8,18696,2026-01-08 07:00:00+00:00,18696,2026-01-08 07:00:00+00:00,1,0,,,0,,,0,0,,,1,0,0,1,0,0,,,,,,0,,0,0,0,0,0,0,0
3585,8,18715,2026-01-13 11:00:00+00:00,18719,2026-01-14 03:00:00+00:00,1,1,18719.0,2026-01-14 03:00:00+00:00,0,,,0,0,,,0,0,0,0,1,0,0.26845571096674137,0.7099795559359212,0.75,2.0,1.0,1,0.6231407708419754,0,0,0,0,0,1,1
3590,8,18725,2026-01-15 03:00:00+00:00,18729,2026-01-15 19:00:00+00:00,1,1,18729.0,2026-01-15 19:00:00+00:00,0,,,0,0,,,0,0,1,0,0,0,0.5023895517643073,0.9107094830832156,0.25,0.0,1.0,-1,0.4917041500792295,0,0,0,1,0,0,1
3593,8,18731,2026-01-16 03:00:00+00:00,18733,2026-01-16 11:00:00+00:00,1,0,,,0,,,0,0,,,1,0,0,1,0,0,,,,,,0,,0,0,0,0,0,0,0
3597,8,18755,2026-01-22 03:00:00+00:00,18755,2026-01-22 03:00:00+00:00,1,0,,,0,,,0,0,,,1,0,0,1,0,0,,,,,,0,,0,0,0,0,0,0,0
3600,8,18811,2026-02-04 11:00:00+00:00,18811,2026-02-04 11:00:00+00:00,1,0,,,0,,,0,0,,,1,0,0,1,0,0,,,,,,0,,0,0,0,0,0,0,0
3601,8,18815,2026-02-05 03:00:00+00:00,18816,2026-02-05 07:00:00+00:00,1,0,,,0,,,0,0,,,1,0,0,1,0,0,,,,,,0,,0,0,0,0,0,0,0
3606,8,18831,2026-02-09 19:00:00+00:00,18831,2026-02-09 19:00:00+00:00,1,0,,,0,,,0,0,,,1,0,0,1,0,0,,,,,,0,,0,0,0,0,0,0,0
3607,8,18834,2026-02-10 07:00:00+00:00,18839,2026-02-11 03:00:00+00:00,1,1,18838.0,2026-02-10 23:00:00+00:00,1,18838.0,2026-02-10 23:00:00+00:00,1,0,18838.0,2026-02-10 23:00:00+00:00,0,0,0,0,0,1,0.39185164571612896,0.8850487595371755,0.625,0.0,1.0,-1,0.6649630091175567,0,0,0,0,0,0,1
3615,8,18858,2026-02-16 07:00:00+00:00,18858,2026-02-16 07:00:00+00:00,1,0,,,0,,,0,0,,,1,0,0,1,0,0,,,,,,0,,0,0,0,0,0,0,0
3617,8,18866,2026-02-17 15:00:00+00:00,18868,2026-02-17 23:00:00+00:00,1,0,,,0,,,0,0,,,1,0,0,1,0,0,,,,,,0,,0,0,0,0,0,0,0
3621,8,18876,2026-02-19 07:00:00+00:00,18876,2026-02-19 07:00:00+00:00,1,0,,,0,,,0,0,,,1,0,0,1,0,0,,,,,,0,,0,0,0,0,0,0,0
3622,8,18879,2026-02-19 19:00:00+00:00,18880,2026-02-19 23:00:00+00:00,1,0,,,0,,,0,0,,,1,0,0,1,0,0,,,,,,0,,0,0,0,0,0,0,0
3628,8,18935,2026-03-05 03:00:00+00:00,18936,2026-03-05 07:00:00+00:00,1,0,,,0,,,0,0,,,1,0,0,1,0,0,,,,,,0,,0,0,0,0,0,0,0
3629,8,18939,2026-03-05 19:00:00+00:00,18944,2026-03-06 15:00:00+00:00,1,0,,,0,,,0,0,,,0,0,0,1,0,0,,,,,,0,,0,0,0,0,0,0,0
3635,8,18954,2026-03-10 02:00:00+00:00,18955,2026-03-10 06:00:00+00:00,1,0,,,0,,,0,0,,,1,0,0,1,0,0,,,,,,0,,0,0,0,0,0,0,0
3637,8,18961,2026-03-11 06:00:00+00:00,18963,2026-03-11 14:00:00+00:00,1,0,,,0,,,0,0,,,1,0,0,1,0,0,,,,,,0,,0,0,0,0,0,0,0
3640,8,18973,2026-03-13 06:00:00+00:00,18974,2026-03-13 10:00:00+00:00,1,0,,,0,,,0,0,,,1,0,0,1,0,0,,,,,,0,,0,0,0,0,0,0,0
3645,8,18984,2026-03-17 02:00:00+00:00,18988,2026-03-17 18:00:00+00:00,1,1,18988.0,2026-03-17 18:00:00+00:00,0,,,0,0,,,0,0,0,0,0,0,0.43986430562174256,0.9729500670951388,0.5,0.0,1.0,-1,0.5236686026283447,0,0,0,1,0,0,1
3650,8,19022,2026-03-25 10:00:00+00:00,19024,2026-03-25 18:00:00+00:00,1,0,,,0,,,0,0,,,1,0,0,1,0,0,,,,,,0,,0,0,0,0,0,0,0
3653,8,19028,2026-03-26 10:00:00+00:00,19028,2026-03-26 10:00:00+00:00,1,0,,,0,,,0,0,,,1,0,0,1,0,0,,,,,,0,,0,0,0,0,0,0,0
3656,8,19032,2026-03-27 02:00:00+00:00,19032,2026-03-27 02:00:00+00:00,1,0,,,0,,,0,0,,,1,0,0,1,0,0,,,,,,0,,0,0,0,0,0,0,0
3660,8,19039,2026-03-30 06:00:00+00:00,19039,2026-03-30 06:00:00+00:00,1,0,,,0,,,0,0,,,1,0,0,1,0,0,,,,,,0,,0,0,0,0,0,0,0
3662,8,19046,2026-03-31 10:00:00+00:00,19046,2026-03-31 10:00:00+00:00,1,0,,,0,,,0,0,,,1,0,0,1,0,0,,,,,,0,,0,0,0,0,0,0,0
3664,8,19055,2026-04-01 22:00:00+00:00,19055,2026-04-01 22:00:00+00:00,1,0,,,0,,,0,0,,,1,0,0,1,0,0,,,,,,0,,0,0,0,0,0,0,0
3666,8,19069,2026-04-07 06:00:00+00:00,19071,2026-04-07 14:00:00+00:00,1,0,,,0,,,0,0,,,1,0,0,1,0,0,,,,,,0,,0,0,0,0,0,0,0
3668,8,19081,2026-04-09 06:00:00+00:00,19081,2026-04-09 06:00:00+00:00,1,0,,,0,,,0,0,,,1,0,1,1,0,0,,,,,,0,,0,0,0,0,0,0,0
3669,8,19083,2026-04-09 14:00:00+00:00,19087,2026-04-10 06:00:00+00:00,1,1,19086.0,2026-04-10 02:00:00+00:00,1,19086.0,2026-04-10 02:00:00+00:00,1,0,19086.0,2026-04-10 02:00:00+00:00,0,0,0,0,0,1,0.6464845943700435,0.700285844214916,0.375,1.0,0.0,1,0.6413784387917881,1,0,0,0,0,0,0
3674,8,19089,2026-04-10 14:00:00+00:00,19090,2026-04-10 18:00:00+00:00,1,0,,,0,,,0,0,,,0,0,0,0,0,0,,,,,,0,,0,0,0,0,0,0,0
3,12,15,2014-01-06 11:00:00+00:00,15,2014-01-06 11:00:00+00:00,1,0,,,0,,,0,0,,,1,0,0,1,0,0,,,,,,0,,0,0,0,0,0,0,0
8,12,28,2014-01-08 15:00:00+00:00,29,2014-01-08 19:00:00+00:00,1,0,,,0,,,0,0,,,1,0,0,1,0,0,,,,,,0,,0,0,0,0,0,0,0
10,12,33,2014-01-09 11:00:00+00:00,35,2014-01-09 19:00:00+00:00,1,0,,,0,,,0,0,,,1,0,0,1,0,0,,,,,,0,,0,0,0,0,0,0,0
13,12,38,2014-01-10 07:00:00+00:00,38,2014-01-10 07:00:00+00:00,1,0,,,0,,,0,0,,,1,0,0,1,0,0,,,,,,0,,0,0,0,0,0,0,0
17,12,51,2014-01-14 11:00:00+00:00,53,2014-01-14 19:00:00+00:00,1,0,,,0,,,0,0,,,1,0,1,1,0,0,,,,,,0,,0,0,0,0,0,0,0
20,12,55,2014-01-15 03:00:00+00:00,55,2014-01-15 03:00:00+00:00,1,0,,,0,,,0,0,,,1,0,0,1,0,0,,,,,,0,,0,0,0,0,0,0,0
30,12,117,2014-01-29 15:00:00+00:00,119,2014-01-29 23:00:00+00:00,1,0,,,0,,,0,0,,,1,0,0,1,0,0,,,,,,0,,0,0,0,0,0,0,0
38,12,208,2014-02-19 23:00:00+00:00,210,2014-02-20 07:00:00+00:00,1,0,,,0,,,0,0,,,1,0,0,1,0,0,,,,,,0,,0,0,0,0,0,0,0
48,12,270,2014-03-06 07:00:00+00:00,270,2014-03-06 07:00:00+00:00,1,0,,,0,,,0,0,,,1,0,0,1,0,0,,,,,,0,,0,0,0,0,0,0,0
66,12,398,2014-04-03 18:00:00+00:00,400,2014-04-04 02:00:00+00:00,1,0,,,0,,,0,0,,,1,0,0,1,0,0,,,,,,0,,0,0,0,0,0,0,0
86,12,534,2014-05-06 14:00:00+00:00,534,2014-05-06 14:00:00+00:00,1,0,,,0,,,0,0,,,1,0,1,1,0,0,,,,,,0,,0,0,0,0,0,0,0
87,12,536,2014-05-06 22:00:00+00:00,536,2014-05-06 22:00:00+00:00,1,0,,,0,,,0,0,,,1,0,0,1,0,0,,,,,,0,,0,0,0,0,0,0,0
113,12,750,2014-06-24 10:00:00+00:00,752,2014-06-24 18:00:00+00:00,1,0,,,0,,,0,0,,,1,0,0,1,0,0,,,,,,0,,0,0,0,0,0,0,0
130,12,854,2014-07-17 10:00:00+00:00,854,2014-07-17 10:00:00+00:00,1,0,,,0,,,0,0,,,1,0,0,1,0,0,,,,,,0,,0,0,0,0,0,0,0
142,12,934,2014-08-05 06:00:00+00:00,934,2014-08-05 06:00:00+00:00,1,0,,,0,,,0,0,,,1,0,1,1,0,0,,,,,,0,,0,0,0,0,0,0,0
145,12,936,2014-08-05 14:00:00+00:00,939,2014-08-06 02:00:00+00:00,1,1,939.0,2014-08-06 02:00:00+00:00,1,939.0,2014-08-06 02:00:00+00:00,1,0,939.0,2014-08-06 02:00:00+00:00,0,0,0,0,0,1,0.5247105880409543,0.8310453255617838,0.16666666666666663,0.0,0.0,0,0.7508616787993052,0,0,1,0,0,0,0
157,12,999,2014-08-19 18:00:00+00:00,999,2014-08-19 18:00:00+00:00,1,0,,,0,,,0,0,,,1,0,0,1,0,0,,,,,,0,,0,0,0,0,0,0,0
161,12,1037,2014-08-27 22:00:00+00:00,1037,2014-08-27 22:00:00+00:00,1,0,,,0,,,0,0,,,1,0,0,1,0,0,,,,,,0,,0,0,0,0,0,0,0
170,12,1122,2014-09-16 14:00:00+00:00,1122,2014-09-16 14:00:00+00:00,1,0,,,0,,,0,0,,,1,0,1,1,0,0,,,,,,0,,0,0,0,0,0,0,0
172,12,1124,2014-09-16 22:00:00+00:00,1127,2014-09-17 10:00:00+00:00,1,1,1127.0,2014-09-17 10:00:00+00:00,1,1127.0,2014-09-17 10:00:00+00:00,1,0,1127.0,2014-09-17 10:00:00+00:00,0,0,0,0,0,1,0.46748333053249697,0.8036253776434863,0.5833333333333333,0.0,0.0,0,0.6966514920240482,0,0,0,0,0,0,0
174,12,1141,2014-09-19 18:00:00+00:00,1142,2014-09-21 18:00:00+00:00,1,0,,,0,,,0,0,,,1,0,0,1,0,0,,,,,,0,,0,0,0,0,0,0,0
183,12,1189,2014-10-01 10:00:00+00:00,1192,2014-10-01 22:00:00+00:00,1,1,1192.0,2014-10-01 22:00:00+00:00,1,1192.0,2014-10-01 22:00:00+00:00,0,1,,,0,0,0,0,0,1,0.5993113151117613,0.5757441884926777,0.5833333333333333,2.0,0.0,1,0.6131374647562566,1,0,0,0,0,0,0
189,12,1221,2014-10-08 14:00:00+00:00,1221,2014-10-08 14:00:00+00:00,1,0,,,0,,,0,0,,,1,0,0,1,0,0,,,,,,0,,0,0,0,0,0,0,0
193,12,1245,2014-10-14 10:00:00+00:00,1245,2014-10-14 10:00:00+00:00,1,0,,,0,,,0,0,,,1,0,1,1,0,0,,,,,,0,,0,0,0,0,0,0,0
194,12,1247,2014-10-14 18:00:00+00:00,1247,2014-10-14 18:00:00+00:00,1,0,,,0,,,0,0,,,1,0,0,1,0,0,,,,,,0,,0,0,0,0,0,0,0
199,12,1264,2014-10-17 14:00:00+00:00,1269,2014-10-20 06:00:00+00:00,1,1,1267.0,2014-10-19 22:00:00+00:00,1,1267.0,2014-10-19 22:00:00+00:00,1,0,1267.0,2014-10-19 22:00:00+00:00,0,0,0,0,0,1,0.5313635863909205,0.8422633159475189,0.25,0.0,0.0,0,0.7093577188778116,0,0,0,0,0,0,0
206,12,1300,2014-10-27 06:00:00+00:00,1302,2014-10-27 14:00:00+00:00,1,0,,,0,,,0,0,,,1,0,0,1,0,0,,,,,,0,,0,0,0,0,0,0,0
214,12,1337,2014-11-04 07:00:00+00:00,1337,2014-11-04 07:00:00+00:00,1,0,,,0,,,0,0,,,1,0,0,1,0,0,,,,,,0,,0,0,0,0,0,0,0
215,12,1340,2014-11-04 19:00:00+00:00,1341,2014-11-04 23:00:00+00:00,1,0,,,0,,,0,0,,,1,0,0,1,0,0,,,,,,0,,0,0,0,0,0,0,0
227,12,1399,2014-11-18 15:00:00+00:00,1403,2014-11-19 07:00:00+00:00,1,1,1402.0,2014-11-19 03:00:00+00:00,1,1402.0,2014-11-19 03:00:00+00:00,1,0,1402.0,2014-11-19 03:00:00+00:00,0,0,0,0,0,1,0.4752791215457583,0.8826194162509367,0.25,0.0,0.0,0,0.7862970989008938,0,0,0,0,0,0,0
232,12,1409,2014-11-20 07:00:00+00:00,1411,2014-11-20 15:00:00+00:00,1,0,,,0,,,0,0,,,1,0,0,1,0,0,,,,,,0,,0,0,0,0,0,0,0
236,12,1417,2014-11-21 15:00:00+00:00,1418,2014-11-21 19:00:00+00:00,1,0,,,0,,,0,0,,,1,0,0,1,0,0,,,,,,0,,0,0,0,0,0,0,0
238,12,1421,2014-11-24 07:00:00+00:00,1423,2014-11-24 15:00:00+00:00,1,0,,,0,,,0,0,,,1,0,0,1,0,0,,,,,,0,,0,0,0,0,0,0,0
244,12,1427,2014-11-25 07:00:00+00:00,1427,2014-11-25 07:00:00+00:00,1,0,,,0,,,0,0,,,1,0,0,1,0,0,,,,,,0,,0,0,0,0,0,0,0
252,12,1462,2014-12-03 11:00:00+00:00,1462,2014-12-03 11:00:00+00:00,1,0,,,0,,,0,0,,,1,0,0,1,0,0,,,,,,0,,0,0,0,0,0,0,0
254,12,1468,2014-12-04 11:00:00+00:00,1468,2014-12-04 11:00:00+00:00,1,0,,,0,,,0,0,,,1,0,0,1,0,0,,,,,,0,,0,0,0,0,0,0,0
260,12,1498,2014-12-11 11:00:00+00:00,1501,2014-12-11 23:00:00+00:00,1,1,1501.0,2014-12-11 23:00:00+00:00,0,,,0,0,,,0,0,0,0,0,0,0.5127480093963281,0.8698563592066071,0.16666666666666663,0.0,1.0,-1,0.429789999992379,0,0,1,1,0,0,1
263,12,1505,2014-12-12 15:00:00+00:00,1505,2014-12-12 15:00:00+00:00,1,0,,,0,,,0,0,,,1,0,0,1,0,0,,,,,,0,,0,0,0,0,0,0,0
270,12,1540,2014-12-22 11:00:00+00:00,1540,2014-12-22 11:00:00+00:00,1,0,,,0,,,0,0,,,1,0,0,1,0,0,,,,,,0,,0,0,0,0,0,0,0
273,12,1554,2014-12-25 23:00:00+00:00,1554,2014-12-25 23:00:00+00:00,1,0,,,0,,,0,0,,,1,0,0,1,0,0,,,,,,0,,0,0,0,0,0,0,0
279,12,1605,2015-01-08 15:00:00+00:00,1610,2015-01-09 11:00:00+00:00,1,0,,,0,,,0,0,,,0,0,0,1,0,0,,,,,,0,,0,0,0,0,0,0,0
284,12,1629,2015-01-14 15:00:00+00:00,1632,2015-01-15 03:00:00+00:00,1,1,1632.0,2015-01-15 03:00:00+00:00,0,,,0,0,,,0,0,0,0,0,0,0.7486540953453138,0.3883859308134361,0.6666666666666667,0.0,3.0,-1,0.5180710341363451,1,1,0,1,1,0,1
293,12,1690,2015-01-28 23:00:00+00:00,1691,2015-01-29 03:00:00+00:00,1,0,,,0,,,0,0,,,1,0,0,1,0,0,,,,,,0,,0,0,0,0,0,0,0
295,12,1711,2015-02-03 11:00:00+00:00,1711,2015-02-03 11:00:00+00:00,1,0,,,0,,,0,0,,,1,0,0,1,0,0,,,,,,0,,0,0,0,0,0,0,0
300,12,1723,2015-02-05 11:00:00+00:00,1725,2015-02-05 19:00:00+00:00,1,0,,,0,,,0,0,,,1,0,0,1,0,0,,,,,,0,,0,0,0,0,0,0,0
305,12,1742,2015-02-10 15:00:00+00:00,1746,2015-02-11 07:00:00+00:00,1,1,1745.0,2015-02-11 03:00:00+00:00,1,1745.0,2015-02-11 03:00:00+00:00,1,0,1745.0,2015-02-11 03:00:00+00:00,0,0,0,0,0,1,0.4467417714610753,0.7164350319876535,0.5833333333333333,0.0,1.0,-1,0.7525564109830273,0,0,0,0,0,0,0
310,12,1759,2015-02-13 11:00:00+00:00,1759,2015-02-13 11:00:00+00:00,1,0,,,0,,,0,0,,,1,0,0,1,0,0,,,,,,0,,0,0,0,0,0,0,0
312,12,1803,2015-02-24 23:00:00+00:00,1803,2015-02-24 23:00:00+00:00,1,0,,,0,,,0,0,,,1,0,0,1,0,0,,,,,,0,,0,0,0,0,0,0,0
316,12,1814,2015-02-26 19:00:00+00:00,1814,2015-02-26 19:00:00+00:00,1,0,,,0,,,0,0,,,1,0,0,1,0,0,,,,,,0,,0,0,0,0,0,0,0
320,12,1819,2015-02-27 15:00:00+00:00,1819,2015-02-27 15:00:00+00:00,1,0,,,0,,,0,0,,,1,0,0,1,0,0,,,,,,0,,0,0,0,0,0,0,0
322,12,1822,2015-03-02 03:00:00+00:00,1826,2015-03-02 19:00:00+00:00,1,1,1825.0,2015-03-02 15:00:00+00:00,1,1825.0,2015-03-02 15:00:00+00:00,1,0,1825.0,2015-03-02 15:00:00+00:00,0,0,0,0,0,1,0.43052809909628115,0.8826928173867049,0.41666666666666663,1.0,1.0,0,0.6861296958616764,0,0,0,0,0,0,0
328,12,1839,2015-03-04 23:00:00+00:00,1840,2015-03-05 03:00:00+00:00,1,0,,,0,,,0,0,,,1,0,0,1,0,0,,,,,,0,,0,0,0,0,0,0,0
331,12,1845,2015-03-05 23:00:00+00:00,1845,2015-03-05 23:00:00+00:00,1,0,,,0,,,0,0,,,1,0,0,1,0,0,,,,,,0,,0,0,0,0,0,0,0
339,12,1887,2015-03-16 10:00:00+00:00,1892,2015-03-17 06:00:00+00:00,1,1,1890.0,2015-03-16 22:00:00+00:00,1,1890.0,2015-03-16 22:00:00+00:00,0,1,,,0,0,0,0,0,1,0.5851858567877347,0.6591640649579998,0.6666666666666667,0.0,1.0,-1,0.6709721035122572,1,0,0,0,0,0,0
353,12,1982,2015-04-07 18:00:00+00:00,1982,2015-04-07 18:00:00+00:00,1,0,,,0,,,0,0,,,1,0,0,1,0,0,,,,,,0,,0,0,0,0,0,0,0
363,12,2029,2015-04-17 10:00:00+00:00,2029,2015-04-17 10:00:00+00:00,1,0,,,0,,,0,0,,,1,0,0,1,0,0,,,,,,0,,0,0,0,0,0,0,0
368,12,2047,2015-04-22 06:00:00+00:00,2047,2015-04-22 06:00:00+00:00,1,0,,,0,,,0,0,,,1,0,0,1,0,0,,,,,,0,,0,0,0,0,0,0,0
372,12,2079,2015-04-29 10:00:00+00:00,2082,2015-04-29 22:00:00+00:00,1,1,2082.0,2015-04-29 22:00:00+00:00,0,,,0,0,,,0,0,0,0,0,0,0.6136098045612728,0.7528382415706453,0.16666666666666663,0.0,0.0,0,0.39877043778210164,1,0,1,1,1,0,1
393,12,2259,2015-06-09 10:00:00+00:00,2261,2015-06-09 18:00:00+00:00,1,0,,,0,,,0,0,,,1,0,0,1,0,0,,,,,,0,,0,0,0,0,0,0,0
397,12,2278,2015-06-12 14:00:00+00:00,2278,2015-06-12 14:00:00+00:00,1,0,,,0,,,0,0,,,1,0,0,1,0,0,,,,,,0,,0,0,0,0,0,0,0
400,12,2297,2015-06-17 14:00:00+00:00,2300,2015-06-18 02:00:00+00:00,1,1,2300.0,2015-06-18 02:00:00+00:00,0,,,0,0,,,0,0,0,0,0,0,0.7042974943576105,0.34966536467255316,0.75,3.0,0.0,1,0.5577878708444107,1,1,0,1,1,0,1
415,12,2376,2015-07-06 10:00:00+00:00,2381,2015-07-07 06:00:00+00:00,1,1,2380.0,2015-07-07 02:00:00+00:00,1,2380.0,2015-07-07 02:00:00+00:00,0,1,,,0,0,0,0,0,1,0.4808123551336598,0.9840898325392015,0.6666666666666667,0.0,0.0,0,0.7961495907485671,0,0,0,0,0,0,1
440,12,2515,2015-08-05 22:00:00+00:00,2516,2015-08-06 02:00:00+00:00,1,0,,,0,,,0,0,,,1,0,0,1,0,0,,,,,,0,,0,0,0,0,0,0,0
445,12,2523,2015-08-07 06:00:00+00:00,2523,2015-08-07 06:00:00+00:00,1,0,,,0,,,0,0,,,1,0,0,1,0,0,,,,,,0,,0,0,0,0,0,0,0
448,12,2555,2015-08-14 10:00:00+00:00,2555,2015-08-14 10:00:00+00:00,1,0,,,0,,,0,0,,,1,0,0,1,0,0,,,,,,0,,0,0,0,0,0,0,0
449,12,2559,2015-08-16 22:00:00+00:00,2559,2015-08-16 22:00:00+00:00,1,0,,,0,,,0,0,,,1,0,0,1,0,0,,,,,,0,,0,0,0,0,0,0,0
457,12,2614,2015-08-27 22:00:00+00:00,2614,2015-08-27 22:00:00+00:00,1,0,,,0,,,0,0,,,1,0,1,1,0,0,,,,,,0,,0,0,0,0,0,0,0
458,12,2616,2015-08-28 06:00:00+00:00,2616,2015-08-28 06:00:00+00:00,1,0,,,0,,,0,0,,,1,0,0,1,0,0,,,,,,0,,0,0,0,0,0,0,0
474,12,2815,2015-10-13 06:00:00+00:00,2818,2015-10-13 18:00:00+00:00,1,1,2818.0,2015-10-13 18:00:00+00:00,0,,,0,0,,,0,0,0,0,0,0,0.8075173399229799,0.2387996941896129,0.8333333333333334,3.0,1.0,1,0.20949868053510198,1,1,0,1,1,0,1
478,12,2836,2015-10-16 18:00:00+00:00,2837,2015-10-18 18:00:00+00:00,1,0,,,0,,,0,0,,,1,0,0,1,0,0,,,,,,0,,0,0,0,0,0,0,0
481,12,2842,2015-10-19 14:00:00+00:00,2845,2015-10-20 02:00:00+00:00,1,0,,,0,,,0,0,,,0,0,0,1,0,0,,,,,,0,,0,0,0,0,0,0,0
491,12,2945,2015-11-11 11:00:00+00:00,2949,2015-11-12 03:00:00+00:00,1,1,2949.0,2015-11-12 03:00:00+00:00,1,2949.0,2015-11-12 03:00:00+00:00,1,0,2949.0,2015-11-12 03:00:00+00:00,0,0,0,0,0,1,0.5097669671040767,0.6880943559343095,0.16666666666666663,0.0,2.0,-1,0.6308552654428176,0,0,1,0,0,0,0
499,12,2989,2015-11-20 19:00:00+00:00,2989,2015-11-20 19:00:00+00:00,1,0,,,0,,,0,0,,,1,0,0,1,0,0,,,,,,0,,0,0,0,0,0,0,0
502,12,3005,2015-11-25 11:00:00+00:00,3012,2015-11-26 15:00:00+00:00,1,1,3008.0,2015-11-25 23:00:00+00:00,1,3008.0,2015-11-25 23:00:00+00:00,1,0,3008.0,2015-11-25 23:00:00+00:00,0,0,0,0,0,1,0.6422098830036649,0.5769504328845086,0.6666666666666667,0.0,2.0,-1,0.6137153043661865,1,0,0,0,0,0,0
516,12,3076,2015-12-11 15:00:00+00:00,3082,2015-12-14 15:00:00+00:00,1,1,3079.0,2015-12-14 03:00:00+00:00,1,3079.0,2015-12-14 03:00:00+00:00,1,0,3079.0,2015-12-14 03:00:00+00:00,0,0,0,0,0,1,0.637129144192457,0.5252525252525284,0.6666666666666667,2.0,0.0,1,0.6557717779422939,1,0,0,0,0,0,0
523,12,3091,2015-12-16 03:00:00+00:00,3091,2015-12-16 03:00:00+00:00,1,0,,,0,,,0,0,,,1,0,0,1,0,0,,,,,,0,,0,0,0,0,0,0,0
525,12,3095,2015-12-16 19:00:00+00:00,3095,2015-12-16 19:00:00+00:00,1,0,,,0,,,0,0,,,1,0,0,1,0,0,,,,,,0,,0,0,0,0,0,0,0
527,12,3098,2015-12-17 07:00:00+00:00,3098,2015-12-17 07:00:00+00:00,1,0,,,0,,,0,0,,,1,0,0,1,0,0,,,,,,0,,0,0,0,0,0,0,0
534,12,3125,2015-12-23 19:00:00+00:00,3127,2015-12-24 03:00:00+00:00,1,0,,,0,,,0,0,,,1,0,0,1,0,0,,,,,,0,,0,0,0,0,0,0,0
537,12,3130,2015-12-24 15:00:00+00:00,3134,2015-12-28 11:00:00+00:00,1,1,3134.0,2015-12-28 11:00:00+00:00,1,3134.0,2015-12-28 11:00:00+00:00,1,0,3134.0,2015-12-28 11:00:00+00:00,0,0,0,0,0,1,0.4791812838037736,0.9106389391199681,0.25,0.0,0.0,0,0.7414020886505382,0,0,0,0,0,0,1
543,12,3136,2015-12-28 19:00:00+00:00,3141,2015-12-29 15:00:00+00:00,1,1,3141.0,2015-12-29 15:00:00+00:00,0,,,0,0,,,0,0,0,0,0,0,0.6615676542556141,0.6143778511876448,0.16666666666666663,0.0,1.0,-1,0.40083153330136834,1,0,1,1,1,0,1
555,12,3207,2016-01-14 07:00:00+00:00,3208,2016-01-14 11:00:00+00:00,1,0,,,0,,,0,0,,,1,0,0,1,0,0,,,,,,0,,0,0,0,0,0,0,0
559,12,3244,2016-01-22 15:00:00+00:00,3246,2016-01-24 23:00:00+00:00,1,0,,,0,,,0,0,,,1,0,0,1,0,0,,,,,,0,,0,0,0,0,0,0,0
563,12,3250,2016-01-25 15:00:00+00:00,3251,2016-01-25 19:00:00+00:00,1,0,,,0,,,0,0,,,1,0,0,1,0,0,,,,,,0,,0,0,0,0,0,0,0
568,12,3288,2016-02-02 23:00:00+00:00,3288,2016-02-02 23:00:00+00:00,1,0,,,0,,,0,0,,,1,0,0,1,0,0,,,,,,0,,0,0,0,0,0,0,0
572,12,3321,2016-02-10 11:00:00+00:00,3323,2016-02-10 19:00:00+00:00,1,0,,,0,,,0,0,,,1,0,0,1,0,0,,,,,,0,,0,0,0,0,0,0,0
577,12,3354,2016-02-18 03:00:00+00:00,3354,2016-02-18 03:00:00+00:00,1,0,,,0,,,0,0,,,1,0,0,1,0,0,,,,,,0,,0,0,0,0,0,0,0
585,12,3407,2016-03-01 23:00:00+00:00,3412,2016-03-02 19:00:00+00:00,1,1,3410.0,2016-03-02 11:00:00+00:00,1,3410.0,2016-03-02 11:00:00+00:00,1,0,3410.0,2016-03-02 11:00:00+00:00,0,0,0,0,0,1,0.31600634829741187,0.6715367061835638,0.5,0.0,2.0,-1,0.5883159044280628,0,0,0,0,0,0,0
593,12,3434,2016-03-08 11:00:00+00:00,3436,2016-03-08 19:00:00+00:00,1,0,,,0,,,0,0,,,1,0,0,1,0,0,,,,,,0,,0,0,0,0,0,0,0
601,12,3490,2016-03-21 06:00:00+00:00,3491,2016-03-21 10:00:00+00:00,1,0,,,0,,,0,0,,,1,0,0,1,0,0,,,,,,0,,0,0,0,0,0,0,0
604,12,3496,2016-03-22 06:00:00+00:00,3496,2016-03-22 06:00:00+00:00,1,0,,,0,,,0,0,,,1,0,0,1,0,0,,,,,,0,,0,0,0,0,0,0,0
607,12,3534,2016-03-31 10:00:00+00:00,3535,2016-03-31 14:00:00+00:00,1,0,,,0,,,0,0,,,1,0,0,1,0,0,,,,,,0,,0,0,0,0,0,0,0
617,12,3587,2016-04-12 22:00:00+00:00,3588,2016-04-13 02:00:00+00:00,1,0,,,0,,,0,0,,,1,0,0,1,0,0,,,,,,0,,0,0,0,0,0,0,0
623,12,3607,2016-04-18 02:00:00+00:00,3607,2016-04-18 02:00:00+00:00,1,0,,,0,,,0,0,,,1,0,0,1,0,0,,,,,,0,,0,0,0,0,0,0,0
627,12,3614,2016-04-19 06:00:00+00:00,3614,2016-04-19 06:00:00+00:00,1,0,,,0,,,0,0,,,1,0,0,1,0,0,,,,,,0,,0,0,0,0,0,0,0
631,12,3626,2016-04-21 06:00:00+00:00,3626,2016-04-21 06:00:00+00:00,1,0,,,0,,,0,0,,,1,0,0,1,0,0,,,,,,0,,0,0,0,0,0,0,0
638,12,3648,2016-04-26 18:00:00+00:00,3648,2016-04-26 18:00:00+00:00,1,0,,,0,,,0,0,,,1,0,0,1,0,0,,,,,,0,,0,0,0,0,0,0,0
641,12,3651,2016-04-27 06:00:00+00:00,3651,2016-04-27 06:00:00+00:00,1,0,,,0,,,0,0,,,1,0,0,1,0,0,,,,,,0,,0,0,0,0,0,0,0
644,12,3676,2016-05-03 06:00:00+00:00,3676,2016-05-03 06:00:00+00:00,1,0,,,0,,,0,0,,,1,0,0,1,0,0,,,,,,0,,0,0,0,0,0,0,0
645,12,3679,2016-05-03 18:00:00+00:00,3679,2016-05-03 18:00:00+00:00,1,0,,,0,,,0,0,,,1,0,0,1,0,0,,,,,,0,,0,0,0,0,0,0,0
654,12,3763,2016-05-23 06:00:00+00:00,3763,2016-05-23 06:00:00+00:00,1,0,,,0,,,0,0,,,1,0,0,1,0,0,,,,,,0,,0,0,0,0,0,0,0
657,12,3782,2016-05-26 10:00:00+00:00,3782,2016-05-26 10:00:00+00:00,1,0,,,0,,,0,0,,,1,0,0,1,0,0,,,,,,0,,0,0,0,0,0,0,0
661,12,3815,2016-06-02 18:00:00+00:00,3815,2016-06-02 18:00:00+00:00,1,0,,,0,,,0,0,,,1,0,0,1,0,0,,,,,,0,,0,0,0,0,0,0,0
673,12,3906,2016-06-23 10:00:00+00:00,3907,2016-06-23 14:00:00+00:00,1,0,,,0,,,0,0,,,1,0,0,1,0,0,,,,,,0,,0,0,0,0,0,0,0
677,12,3922,2016-06-27 22:00:00+00:00,3922,2016-06-27 22:00:00+00:00,1,0,,,0,,,0,0,,,1,0,0,1,0,0,,,,,,0,,0,0,0,0,0,0,0
678,12,3925,2016-06-28 10:00:00+00:00,3926,2016-06-28 14:00:00+00:00,1,0,,,0,,,0,0,,,1,0,0,1,0,0,,,,,,0,,0,0,0,0,0,0,0
684,12,3933,2016-06-29 18:00:00+00:00,3935,2016-06-30 02:00:00+00:00,1,0,,,0,,,0,0,,,1,0,1,1,0,0,,,,,,0,,0,0,0,0,0,0,0
686,12,3937,2016-06-30 10:00:00+00:00,3939,2016-06-30 18:00:00+00:00,1,0,,,0,,,0,0,,,1,0,0,1,0,0,,,,,,0,,0,0,0,0,0,0,0
696,12,4019,2016-07-19 14:00:00+00:00,4022,2016-07-20 02:00:00+00:00,1,1,4022.0,2016-07-20 02:00:00+00:00,1,4022.0,2016-07-20 02:00:00+00:00,1,0,4022.0,2016-07-20 02:00:00+00:00,0,0,0,0,0,1,0.4409649480707368,0.8579209461562456,0.16666666666666663,1.0,0.0,1,0.6913400065908691,0,0,1,0,0,0,0
711,12,4093,2016-08-04 14:00:00+00:00,4093,2016-08-04 14:00:00+00:00,1,0,,,0,,,0,0,,,1,0,0,1,0,0,,,,,,0,,0,0,0,0,0,0,0
717,12,4112,2016-08-09 14:00:00+00:00,4113,2016-08-09 18:00:00+00:00,1,0,,,0,,,0,0,,,1,0,0,1,0,0,,,,,,0,,0,0,0,0,0,0,0
737,12,4291,2016-09-19 10:00:00+00:00,4292,2016-09-19 14:00:00+00:00,1,0,,,0,,,0,0,,,1,0,0,1,0,0,,,,,,0,,0,0,0,0,0,0,0
739,12,4298,2016-09-20 14:00:00+00:00,4298,2016-09-20 14:00:00+00:00,1,0,,,0,,,0,0,,,1,0,0,1,0,0,,,,,,0,,0,0,0,0,0,0,0
746,12,4348,2016-09-30 18:00:00+00:00,4352,2016-10-03 06:00:00+00:00,1,1,4352.0,2016-10-03 06:00:00+00:00,1,4352.0,2016-10-03 06:00:00+00:00,1,0,4352.0,2016-10-03 06:00:00+00:00,0,0,0,0,0,1,0.6522978180280845,0.4437724014336941,0.5,0.0,2.0,-1,0.6548252390088466,1,1,0,0,1,0,1
753,12,4390,2016-10-11 10:00:00+00:00,4391,2016-10-11 14:00:00+00:00,1,0,,,0,,,0,0,,,1,0,0,1,0,0,,,,,,0,,0,0,0,0,0,0,0
759,12,4397,2016-10-12 14:00:00+00:00,4404,2016-10-13 18:00:00+00:00,1,1,4404.0,2016-10-13 18:00:00+00:00,0,,,0,0,,,0,0,0,0,0,0,0.5943794930203089,0.6808826649692357,0.41666666666666663,1.0,0.0,1,0.37701879243496395,1,0,0,1,0,0,1
767,12,4420,2016-10-18 06:00:00+00:00,4423,2016-10-18 18:00:00+00:00,1,0,,,0,,,0,0,,,0,0,0,1,0,0,,,,,,0,,0,0,0,0,0,0,0
771,12,4433,2016-10-20 10:00:00+00:00,4433,2016-10-20 10:00:00+00:00,1,0,,,0,,,0,0,,,1,0,0,1,0,0,,,,,,0,,0,0,0,0,0,0,0
773,12,4437,2016-10-21 02:00:00+00:00,4439,2016-10-21 10:00:00+00:00,1,0,,,0,,,0,0,,,1,0,0,1,0,0,,,,,,0,,0,0,0,0,0,0,0
777,12,4445,2016-10-24 06:00:00+00:00,4445,2016-10-24 06:00:00+00:00,1,0,,,0,,,0,0,,,1,0,0,1,0,0,,,,,,0,,0,0,0,0,0,0,0
780,12,4461,2016-10-26 22:00:00+00:00,4467,2016-10-27 22:00:00+00:00,1,1,4467.0,2016-10-27 22:00:00+00:00,1,4467.0,2016-10-27 22:00:00+00:00,1,0,4467.0,2016-10-27 22:00:00+00:00,0,0,0,0,0,1,0.44360683410615126,0.9166369366155234,0.16666666666666663,0.0,0.0,0,0.7680483119800904,0,0,1,0,0,0,1
790,12,4545,2016-11-15 15:00:00+00:00,4549,2016-11-16 07:00:00+00:00,1,1,4548.0,2016-11-16 03:00:00+00:00,1,4548.0,2016-11-16 03:00:00+00:00,1,0,4548.0,2016-11-16 03:00:00+00:00,0,0,0,0,0,1,0.7078207185583089,0.2831852948433198,0.25,3.0,0.0,1,0.6015161864364501,1,1,0,0,1,0,0
795,12,4552,2016-11-16 19:00:00+00:00,4552,2016-11-16 19:00:00+00:00,1,0,,,0,,,0,0,,,1,0,0,1,0,0,,,,,,0,,0,0,0,0,0,0,0
796,12,4556,2016-11-17 11:00:00+00:00,4556,2016-11-17 11:00:00+00:00,1,0,,,0,,,0,0,,,1,0,0,1,0,0,,,,,,0,,0,0,0,0,0,0,0
802,12,4560,2016-11-18 03:00:00+00:00,4560,2016-11-18 03:00:00+00:00,1,0,,,0,,,0,0,,,1,0,0,1,0,0,,,,,,0,,0,0,0,0,0,0,0
808,12,4604,2016-11-29 19:00:00+00:00,4604,2016-11-29 19:00:00+00:00,1,0,,,0,,,0,0,,,1,0,0,1,0,0,,,,,,0,,0,0,0,0,0,0,0
811,12,4620,2016-12-02 11:00:00+00:00,4622,2016-12-02 19:00:00+00:00,1,0,,,0,,,0,0,,,1,0,0,1,0,0,,,,,,0,,0,0,0,0,0,0,0
815,12,4639,2016-12-07 15:00:00+00:00,4644,2016-12-08 11:00:00+00:00,1,1,4642.0,2016-12-08 03:00:00+00:00,1,4642.0,2016-12-08 03:00:00+00:00,1,0,4642.0,2016-12-08 03:00:00+00:00,0,0,0,0,0,1,0.5601249728655324,0.6060237435516311,0.5,1.0,0.0,1,0.7174703606226721,1,0,0,0,0,0,0
819,12,4647,2016-12-08 23:00:00+00:00,4647,2016-12-08 23:00:00+00:00,1,0,,,0,,,0,0,,,1,0,0,1,0,0,,,,,,0,,0,0,0,0,0,0,0
822,12,4667,2016-12-14 07:00:00+00:00,4669,2016-12-14 15:00:00+00:00,1,0,,,0,,,0,0,,,1,0,0,1,0,0,,,,,,0,,0,0,0,0,0,0,0
826,12,4687,2016-12-19 15:00:00+00:00,4688,2016-12-19 19:00:00+00:00,1,0,,,0,,,0,0,,,1,0,0,1,0,0,,,,,,0,,0,0,0,0,0,0,0
831,12,4693,2016-12-20 15:00:00+00:00,4696,2016-12-21 03:00:00+00:00,1,1,4696.0,2016-12-21 03:00:00+00:00,1,4696.0,2016-12-21 03:00:00+00:00,1,0,4696.0,2016-12-21 03:00:00+00:00,0,0,0,0,0,1,0.4726909281178355,0.9865524935174694,0.25,0.0,0.0,0,0.7254618502315153,0,0,0,0,0,0,0
836,12,4699,2016-12-21 15:00:00+00:00,4700,2016-12-21 19:00:00+00:00,1,0,,,0,,,0,0,,,1,0,1,1,0,0,,,,,,0,,0,0,0,0,0,0,0
838,12,4702,2016-12-22 03:00:00+00:00,4708,2016-12-23 03:00:00+00:00,1,1,4708.0,2016-12-23 03:00:00+00:00,1,4708.0,2016-12-23 03:00:00+00:00,1,0,4708.0,2016-12-23 03:00:00+00:00,0,0,0,0,0,1,0.5017994180428683,0.6181300490001358,0.16666666666666663,0.0,2.0,-1,0.6776590239214026,0,0,1,0,0,0,1
843,12,4710,2016-12-23 11:00:00+00:00,4710,2016-12-23 11:00:00+00:00,1,0,,,0,,,0,0,,,1,0,0,1,0,0,,,,,,0,,0,0,0,0,0,0,0
849,12,4741,2017-01-03 15:00:00+00:00,4744,2017-01-04 03:00:00+00:00,1,0,,,0,,,0,0,,,0,0,0,1,0,0,,,,,,0,,0,0,0,0,0,0,0
858,12,4767,2017-01-09 23:00:00+00:00,4769,2017-01-10 07:00:00+00:00,1,0,,,0,,,0,0,,,1,0,0,1,0,0,,,,,,0,,0,0,0,0,0,0,0
862,12,4775,2017-01-11 07:00:00+00:00,4775,2017-01-11 07:00:00+00:00,1,0,,,0,,,0,0,,,1,0,0,1,0,0,,,,,,0,,0,0,0,0,0,0,0
867,12,4803,2017-01-18 03:00:00+00:00,4807,2017-01-18 19:00:00+00:00,1,1,4807.0,2017-01-18 19:00:00+00:00,1,4807.0,2017-01-18 19:00:00+00:00,1,0,4807.0,2017-01-18 19:00:00+00:00,0,0,0,0,0,1,0.3316410391433245,0.9037444633066017,0.33333333333333337,1.0,1.0,0,0.720981207861154,0,0,0,0,0,0,0
871,12,4818,2017-01-20 15:00:00+00:00,4818,2017-01-20 15:00:00+00:00,1,0,,,0,,,0,0,,,1,0,0,1,0,0,,,,,,0,,0,0,0,0,0,0,0
877,12,4832,2017-01-24 23:00:00+00:00,4832,2017-01-24 23:00:00+00:00,1,0,,,0,,,0,0,,,1,0,0,1,0,0,,,,,,0,,0,0,0,0,0,0,0
882,12,4852,2017-01-30 07:00:00+00:00,4853,2017-01-30 11:00:00+00:00,1,0,,,0,,,0,0,,,1,0,0,1,0,0,,,,,,0,,0,0,0,0,0,0,0
887,12,4893,2017-02-08 03:00:00+00:00,4893,2017-02-08 03:00:00+00:00,1,0,,,0,,,0,0,,,1,0,0,1,0,0,,,,,,0,,0,0,0,0,0,0,0
888,12,4901,2017-02-09 11:00:00+00:00,4901,2017-02-09 11:00:00+00:00,1,0,,,0,,,0,0,,,1,0,0,1,0,0,,,,,,0,,0,0,0,0,0,0,0
891,12,4940,2017-02-19 23:00:00+00:00,4940,2017-02-19 23:00:00+00:00,1,0,,,0,,,0,0,,,1,0,0,1,0,0,,,,,,0,,0,0,0,0,0,0,0
903,12,5039,2017-03-14 06:00:00+00:00,5041,2017-03-14 14:00:00+00:00,1,0,,,0,,,0,0,,,1,0,0,1,0,0,,,,,,0,,0,0,0,0,0,0,0
911,12,5092,2017-03-26 18:00:00+00:00,5092,2017-03-26 18:00:00+00:00,1,0,,,0,,,0,0,,,1,0,0,1,0,0,,,,,,0,,0,0,0,0,0,0,0
917,12,5115,2017-03-30 14:00:00+00:00,5115,2017-03-30 14:00:00+00:00,1,0,,,0,,,0,0,,,1,0,0,1,0,0,,,,,,0,,0,0,0,0,0,0,0
920,12,5123,2017-04-02 18:00:00+00:00,5126,2017-04-03 06:00:00+00:00,1,1,5126.0,2017-04-03 06:00:00+00:00,1,5126.0,2017-04-03 06:00:00+00:00,1,0,5126.0,2017-04-03 06:00:00+00:00,0,0,0,0,0,1,0.5152311322736511,0.6673211363974532,0.5,1.0,0.0,1,0.7436814608127609,0,0,0,0,0,0,0
928,12,5188,2017-04-18 06:00:00+00:00,5188,2017-04-18 06:00:00+00:00,1,0,,,0,,,0,0,,,1,0,0,1,0,0,,,,,,0,,0,0,0,0,0,0,0
935,12,5242,2017-04-30 22:00:00+00:00,5243,2017-05-01 02:00:00+00:00,1,0,,,0,,,0,0,,,1,0,0,1,0,0,,,,,,0,,0,0,0,0,0,0,0
944,12,5297,2017-05-11 22:00:00+00:00,5298,2017-05-12 02:00:00+00:00,1,0,,,0,,,0,0,,,1,0,0,1,0,0,,,,,,0,,0,0,0,0,0,0,0
950,12,5337,2017-05-22 06:00:00+00:00,5337,2017-05-22 06:00:00+00:00,1,0,,,0,,,0,0,,,1,0,0,1,0,0,,,,,,0,,0,0,0,0,0,0,0
952,12,5343,2017-05-23 06:00:00+00:00,5345,2017-05-23 14:00:00+00:00,1,0,,,0,,,0,0,,,1,0,0,1,0,0,,,,,,0,,0,0,0,0,0,0,0
964,12,5373,2017-05-30 02:00:00+00:00,5373,2017-05-30 02:00:00+00:00,1,0,,,0,,,0,0,,,1,0,0,1,0,0,,,,,,0,,0,0,0,0,0,0,0
977,12,5475,2017-06-21 14:00:00+00:00,5476,2017-06-21 18:00:00+00:00,1,0,,,0,,,0,0,,,1,0,0,1,0,0,,,,,,0,,0,0,0,0,0,0,0
982,12,5505,2017-06-28 10:00:00+00:00,5505,2017-06-28 10:00:00+00:00,1,0,,,0,,,0,0,,,1,0,0,1,0,0,,,,,,0,,0,0,0,0,0,0,0
985,12,5509,2017-06-29 02:00:00+00:00,5509,2017-06-29 02:00:00+00:00,1,0,,,0,,,0,0,,,1,0,0,1,0,0,,,,,,0,,0,0,0,0,0,0,0
993,12,5547,2017-07-07 06:00:00+00:00,5547,2017-07-07 06:00:00+00:00,1,0,,,0,,,0,0,,,1,0,0,1,0,0,,,,,,0,,0,0,0,0,0,0,0
1009,12,5660,2017-08-02 10:00:00+00:00,5662,2017-08-02 18:00:00+00:00,1,0,,,0,,,0,0,,,1,0,0,1,0,0,,,,,,0,,0,0,0,0,0,0,0
1016,12,5686,2017-08-08 14:00:00+00:00,5687,2017-08-08 18:00:00+00:00,1,0,,,0,,,0,0,,,1,0,0,1,0,0,,,,,,0,,0,0,0,0,0,0,0
1018,12,5708,2017-08-14 02:00:00+00:00,5709,2017-08-14 06:00:00+00:00,1,0,,,0,,,0,0,,,1,0,0,1,0,0,,,,,,0,,0,0,0,0,0,0,0
1023,12,5750,2017-08-22 22:00:00+00:00,5754,2017-08-23 14:00:00+00:00,1,1,5753.0,2017-08-23 10:00:00+00:00,1,5753.0,2017-08-23 10:00:00+00:00,1,0,5753.0,2017-08-23 10:00:00+00:00,0,0,0,0,0,1,0.4709057681227887,0.9992026224860446,0.25,0.0,0.0,0,0.7298354186217041,0,0,0,0,0,0,0
1027,12,5756,2017-08-23 22:00:00+00:00,5758,2017-08-24 06:00:00+00:00,1,0,,,0,,,0,0,,,1,0,0,1,0,0,,,,,,0,,0,0,0,0,0,0,0
1032,12,5762,2017-08-24 22:00:00+00:00,5764,2017-08-25 06:00:00+00:00,1,0,,,0,,,0,0,,,1,0,0,1,0,0,,,,,,0,,0,0,0,0,0,0,0
1039,12,5841,2017-09-12 14:00:00+00:00,5843,2017-09-12 22:00:00+00:00,1,0,,,0,,,0,0,,,1,0,0,1,0,0,,,,,,0,,0,0,0,0,0,0,0
1043,12,5847,2017-09-13 14:00:00+00:00,5848,2017-09-13 18:00:00+00:00,1,0,,,0,,,0,0,,,1,0,0,1,0,0,,,,,,0,,0,0,0,0,0,0,0
1047,12,5875,2017-09-20 02:00:00+00:00,5877,2017-09-20 10:00:00+00:00,1,0,,,0,,,0,0,,,1,0,0,1,0,0,,,,,,0,,0,0,0,0,0,0,0
1052,12,5893,2017-09-24 22:00:00+00:00,5894,2017-09-25 02:00:00+00:00,1,0,,,0,,,0,0,,,1,0,0,1,0,0,,,,,,0,,0,0,0,0,0,0,0
1058,12,5919,2017-09-29 06:00:00+00:00,5921,2017-09-29 14:00:00+00:00,1,0,,,0,,,0,0,,,1,0,0,1,0,0,,,,,,0,,0,0,0,0,0,0,0
1062,12,5924,2017-10-01 22:00:00+00:00,5924,2017-10-01 22:00:00+00:00,1,0,,,0,,,0,0,,,1,0,0,1,0,0,,,,,,0,,0,0,0,0,0,0,0
1073,12,5971,2017-10-11 14:00:00+00:00,5971,2017-10-11 14:00:00+00:00,1,0,,,0,,,0,0,,,1,0,0,1,0,0,,,,,,0,,0,0,0,0,0,0,0
1079,12,6007,2017-10-19 10:00:00+00:00,6012,2017-10-20 06:00:00+00:00,1,0,,,0,,,0,0,,,0,0,0,1,0,0,,,,,,0,,0,0,0,0,0,0,0
1090,12,6031,2017-10-25 06:00:00+00:00,6034,2017-10-25 18:00:00+00:00,1,1,6034.0,2017-10-25 18:00:00+00:00,0,,,0,0,,,0,0,0,0,0,0,0.4875190782676864,0.961967989295448,0.16666666666666663,0.0,1.0,-1,0.5205036823568436,0,0,1,1,0,0,1
1097,12,6056,2017-10-31 06:00:00+00:00,6061,2017-11-01 02:00:00+00:00,1,1,6060.0,2017-10-31 22:00:00+00:00,1,6060.0,2017-10-31 22:00:00+00:00,0,1,,,0,0,0,0,0,1,0.7638883752054472,0.4472314956840695,0.5833333333333333,0.0,3.0,-1,0.6128346618958005,1,1,0,0,1,0,0
1101,12,6066,2017-11-01 22:00:00+00:00,6068,2017-11-02 06:00:00+00:00,1,0,,,0,,,0,0,,,1,0,0,1,0,0,,,,,,0,,0,0,0,0,0,0,0
1107,12,6102,2017-11-09 19:00:00+00:00,6102,2017-11-09 19:00:00+00:00,1,0,,,0,,,0,0,,,1,0,0,1,0,0,,,,,,0,,0,0,0,0,0,0,0
1110,12,6106,2017-11-10 11:00:00+00:00,6106,2017-11-10 11:00:00+00:00,1,0,,,0,,,0,0,,,1,0,0,1,0,0,,,,,,0,,0,0,0,0,0,0,0
1126,12,6231,2017-12-11 15:00:00+00:00,6231,2017-12-11 15:00:00+00:00,1,0,,,0,,,0,0,,,1,0,0,1,0,0,,,,,,0,,0,0,0,0,0,0,0
1137,12,6347,2018-01-09 23:00:00+00:00,6347,2018-01-09 23:00:00+00:00,1,0,,,0,,,0,0,,,1,0,0,1,0,0,,,,,,0,,0,0,0,0,0,0,0
1148,12,6375,2018-01-16 19:00:00+00:00,6379,2018-01-17 11:00:00+00:00,1,1,6378.0,2018-01-17 07:00:00+00:00,1,6378.0,2018-01-17 07:00:00+00:00,1,0,6378.0,2018-01-17 07:00:00+00:00,0,0,0,0,0,1,0.2781691239290375,0.8621417797888432,0.6666666666666667,1.0,1.0,0,0.6734873554446682,0,0,0,0,0,0,0
1153,12,6388,2018-01-18 23:00:00+00:00,6391,2018-01-19 11:00:00+00:00,1,1,6391.0,2018-01-19 11:00:00+00:00,1,6391.0,2018-01-19 11:00:00+00:00,1,0,6391.0,2018-01-19 11:00:00+00:00,0,0,0,0,0,1,0.4793667169491672,0.8207927066086222,0.16666666666666663,0.0,0.0,0,0.6863583809172896,0,0,1,0,0,0,0
1157,12,6400,2018-01-22 23:00:00+00:00,6404,2018-01-23 15:00:00+00:00,1,1,6404.0,2018-01-23 15:00:00+00:00,0,,,0,0,,,0,0,0,0,0,0,0.586405942790244,0.6028711094610368,0.33333333333333337,3.0,0.0,1,0.4165571000926842,1,0,0,1,0,0,1
1166,12,6437,2018-01-31 03:00:00+00:00,6437,2018-01-31 03:00:00+00:00,1,0,,,0,,,0,0,,,1,0,0,1,0,0,,,,,,0,,0,0,0,0,0,0,0
1172,12,6451,2018-02-02 11:00:00+00:00,6451,2018-02-02 11:00:00+00:00,1,0,,,0,,,0,0,,,1,0,0,1,0,0,,,,,,0,,0,0,0,0,0,0,0
1176,12,6463,2018-02-06 11:00:00+00:00,6463,2018-02-06 11:00:00+00:00,1,0,,,0,,,0,0,,,1,0,0,1,0,0,,,,,,0,,0,0,0,0,0,0,0
1182,12,6488,2018-02-12 15:00:00+00:00,6490,2018-02-12 23:00:00+00:00,1,0,,,0,,,0,0,,,1,0,0,1,0,0,,,,,,0,,0,0,0,0,0,0,0
1192,12,6542,2018-02-23 19:00:00+00:00,6542,2018-02-23 19:00:00+00:00,1,0,,,0,,,0,0,,,1,0,0,1,0,0,,,,,,0,,0,0,0,0,0,0,0
1195,12,6546,2018-02-26 11:00:00+00:00,6549,2018-02-26 23:00:00+00:00,1,0,,,0,,,0,0,,,0,0,0,1,0,0,,,,,,0,,0,0,0,0,0,0,0
1200,12,6578,2018-03-05 19:00:00+00:00,6579,2018-03-05 23:00:00+00:00,1,0,,,0,,,0,0,,,1,0,1,1,0,0,,,,,,0,,0,0,0,0,0,0,0
1201,12,6581,2018-03-06 07:00:00+00:00,6581,2018-03-06 07:00:00+00:00,1,0,,,0,,,0,0,,,1,0,0,1,0,0,,,,,,0,,0,0,0,0,0,0,0
1218,12,6694,2018-04-02 06:00:00+00:00,6694,2018-04-02 06:00:00+00:00,1,0,,,0,,,0,0,,,1,0,0,1,0,0,,,,,,0,,0,0,0,0,0,0,0
1223,12,6720,2018-04-06 14:00:00+00:00,6723,2018-04-08 22:00:00+00:00,1,0,,,0,,,0,0,,,0,0,0,1,0,0,,,,,,0,,0,0,0,0,0,0,0
1230,12,6731,2018-04-10 06:00:00+00:00,6731,2018-04-10 06:00:00+00:00,1,0,,,0,,,0,0,,,1,0,0,1,0,0,,,,,,0,,0,0,0,0,0,0,0
1233,12,6762,2018-04-17 06:00:00+00:00,6762,2018-04-17 06:00:00+00:00,1,0,,,0,,,0,0,,,1,0,0,1,0,0,,,,,,0,,0,0,0,0,0,0,0
1235,12,6775,2018-04-19 10:00:00+00:00,6775,2018-04-19 10:00:00+00:00,1,0,,,0,,,0,0,,,1,0,0,1,0,0,,,,,,0,,0,0,0,0,0,0,0
1241,12,6799,2018-04-25 06:00:00+00:00,6799,2018-04-25 06:00:00+00:00,1,0,,,0,,,0,0,,,1,0,0,1,0,0,,,,,,0,,0,0,0,0,0,0,0
1244,12,6811,2018-04-27 06:00:00+00:00,6815,2018-04-29 18:00:00+00:00,1,1,6815.0,2018-04-29 18:00:00+00:00,1,6815.0,2018-04-29 18:00:00+00:00,1,0,6815.0,2018-04-29 18:00:00+00:00,0,0,0,0,0,1,0.5678103318011595,0.5441022051102633,0.25,1.0,0.0,1,0.654337301525553,1,0,0,0,0,0,1
1247,12,6817,2018-04-30 02:00:00+00:00,6818,2018-04-30 06:00:00+00:00,1,0,,,0,,,0,0,,,1,0,0,1,0,0,,,,,,0,,0,0,0,0,0,0,0
1255,12,6848,2018-05-07 02:00:00+00:00,6853,2018-05-07 22:00:00+00:00,1,1,6851.0,2018-05-07 14:00:00+00:00,1,6851.0,2018-05-07 14:00:00+00:00,1,0,6851.0,2018-05-07 14:00:00+00:00,0,0,0,0,0,1,0.49351576546939935,0.992458251032496,0.33333333333333337,0.0,0.0,0,0.6777871242381869,0,0,0,0,0,0,0
1260,12,6857,2018-05-08 14:00:00+00:00,6860,2018-05-09 02:00:00+00:00,1,1,6860.0,2018-05-09 02:00:00+00:00,1,6860.0,2018-05-09 02:00:00+00:00,0,1,,,0,0,0,0,0,1,0.33936526814831813,0.9140217298314632,0.75,1.0,1.0,0,0.6312675968738125,0,0,0,0,0,0,0
1267,12,6880,2018-05-14 06:00:00+00:00,6880,2018-05-14 06:00:00+00:00,1,0,,,0,,,0,0,,,1,0,0,1,0,0,,,,,,0,,0,0,0,0,0,0,0
1276,12,6924,2018-05-23 10:00:00+00:00,6924,2018-05-23 10:00:00+00:00,1,0,,,0,,,0,0,,,1,0,0,1,0,0,,,,,,0,,0,0,0,0,0,0,0
1285,12,6961,2018-05-31 10:00:00+00:00,6965,2018-06-01 02:00:00+00:00,1,1,6965.0,2018-06-01 02:00:00+00:00,1,6965.0,2018-06-01 02:00:00+00:00,1,0,6965.0,2018-06-01 02:00:00+00:00,0,0,0,0,0,1,0.5883248865337016,0.6046468053213453,0.6666666666666667,0.0,2.0,-1,0.6027217976089952,1,0,0,0,0,0,1
1296,12,7069,2018-06-25 18:00:00+00:00,7069,2018-06-25 18:00:00+00:00,1,0,,,0,,,0,0,,,1,0,1,1,0,0,,,,,,0,,0,0,0,0,0,0,0
1297,12,7071,2018-06-26 02:00:00+00:00,7071,2018-06-26 02:00:00+00:00,1,0,,,0,,,0,0,,,1,0,0,1,0,0,,,,,,0,,0,0,0,0,0,0,0
1311,12,7116,2018-07-05 10:00:00+00:00,7119,2018-07-05 22:00:00+00:00,1,1,7119.0,2018-07-05 22:00:00+00:00,1,7119.0,2018-07-05 22:00:00+00:00,1,0,7119.0,2018-07-05 22:00:00+00:00,0,0,0,0,0,1,0.4623965672647305,0.8843648763853403,0.16666666666666663,0.0,1.0,-1,0.600940244817855,0,0,1,0,0,0,0
1333,12,7265,2018-08-08 10:00:00+00:00,7266,2018-08-08 14:00:00+00:00,1,0,,,0,,,0,0,,,1,0,0,1,0,0,,,,,,0,,0,0,0,0,0,0,0
1352,12,7408,2018-09-10 10:00:00+00:00,7410,2018-09-10 18:00:00+00:00,1,0,,,0,,,0,0,,,1,0,0,1,0,0,,,,,,0,,0,0,0,0,0,0,0
1355,12,7413,2018-09-11 06:00:00+00:00,7413,2018-09-11 06:00:00+00:00,1,0,,,0,,,0,0,,,1,0,0,1,0,0,,,,,,0,,0,0,0,0,0,0,0
1359,12,7445,2018-09-18 10:00:00+00:00,7446,2018-09-18 14:00:00+00:00,1,0,,,0,,,0,0,,,1,0,0,1,0,0,,,,,,0,,0,0,0,0,0,0,0
1362,12,7450,2018-09-19 06:00:00+00:00,7450,2018-09-19 06:00:00+00:00,1,0,,,0,,,0,0,,,1,0,0,1,0,0,,,,,,0,,0,0,0,0,0,0,0
1366,12,7456,2018-09-20 06:00:00+00:00,7456,2018-09-20 06:00:00+00:00,1,0,,,0,,,0,0,,,1,0,0,1,0,0,,,,,,0,,0,0,0,0,0,0,0
1370,12,7461,2018-09-21 02:00:00+00:00,7461,2018-09-21 02:00:00+00:00,1,0,,,0,,,0,0,,,1,0,0,1,0,0,,,,,,0,,0,0,0,0,0,0,0
1375,12,7480,2018-09-26 02:00:00+00:00,7481,2018-09-26 06:00:00+00:00,1,0,,,0,,,0,0,,,1,0,0,1,0,0,,,,,,0,,0,0,0,0,0,0,0
1379,12,7506,2018-10-02 06:00:00+00:00,7506,2018-10-02 06:00:00+00:00,1,0,,,0,,,0,0,,,1,0,0,1,0,0,,,,,,0,,0,0,0,0,0,0,0
1384,12,7519,2018-10-04 10:00:00+00:00,7521,2018-10-04 18:00:00+00:00,1,0,,,0,,,0,0,,,1,0,1,1,0,0,,,,,,0,,0,0,0,0,0,0,0
1385,12,7523,2018-10-05 02:00:00+00:00,7527,2018-10-05 18:00:00+00:00,1,1,7527.0,2018-10-05 18:00:00+00:00,0,,,0,0,,,0,0,0,0,0,0,0.5340260707077632,0.7330050481588108,0.41666666666666663,1.0,0.0,1,0.5158447002144797,0,0,0,1,0,0,1
1389,12,7530,2018-10-08 02:00:00+00:00,7530,2018-10-08 02:00:00+00:00,1,0,,,0,,,0,0,,,1,0,0,1,0,0,,,,,,0,,0,0,0,0,0,0,0
1396,12,7593,2018-10-22 06:00:00+00:00,7593,2018-10-22 06:00:00+00:00,1,0,,,0,,,0,0,,,1,0,0,1,0,0,,,,,,0,,0,0,0,0,0,0,0
1405,12,7619,2018-10-26 14:00:00+00:00,7623,2018-10-29 02:00:00+00:00,1,1,7622.0,2018-10-28 22:00:00+00:00,1,7622.0,2018-10-28 22:00:00+00:00,1,0,7622.0,2018-10-28 22:00:00+00:00,0,0,0,0,0,1,0.5666668522884128,0.7091652529470654,0.33333333333333337,0.0,0.0,0,0.7270997523925143,1,0,0,0,0,0,0
1420,12,7665,2018-11-06 23:00:00+00:00,7671,2018-11-07 23:00:00+00:00,1,1,7671.0,2018-11-07 23:00:00+00:00,1,7671.0,2018-11-07 23:00:00+00:00,1,0,7671.0,2018-11-07 23:00:00+00:00,0,0,0,0,0,1,0.6765084029882515,0.48575750583288335,0.5,0.0,2.0,-1,0.6369463876743967,1,0,0,0,0,0,1
1432,12,7748,2018-11-27 03:00:00+00:00,7748,2018-11-27 03:00:00+00:00,1,0,,,0,,,0,0,,,1,0,0,1,0,0,,,,,,0,,0,0,0,0,0,0,0
1438,12,7769,2018-11-30 15:00:00+00:00,7769,2018-11-30 15:00:00+00:00,1,0,,,0,,,0,0,,,1,0,0,1,0,0,,,,,,0,,0,0,0,0,0,0,0
1442,12,7792,2018-12-06 11:00:00+00:00,7797,2018-12-07 07:00:00+00:00,1,1,7795.0,2018-12-06 23:00:00+00:00,0,,,0,0,,,0,0,0,0,0,0,0.4927009210521457,0.8837691229353103,0.16666666666666663,1.0,0.0,1,0.5123342180218721,0,0,1,1,0,0,1
1446,12,7811,2018-12-11 15:00:00+00:00,7814,2018-12-12 03:00:00+00:00,1,1,7814.0,2018-12-12 03:00:00+00:00,1,7814.0,2018-12-12 03:00:00+00:00,0,1,,,0,0,0,0,0,1,0.5489447294776143,0.6396921641791061,0.6666666666666667,0.0,2.0,-1,0.6475495569029693,0,0,0,0,0,0,0
1453,12,7822,2018-12-13 11:00:00+00:00,7826,2018-12-14 03:00:00+00:00,1,1,7825.0,2018-12-13 23:00:00+00:00,1,7825.0,2018-12-13 23:00:00+00:00,1,0,7825.0,2018-12-13 23:00:00+00:00,0,0,0,0,0,1,0.5536716604616809,0.6396049945401594,0.6666666666666667,0.0,1.0,-1,0.6064267104682047,1,0,0,0,0,0,0
1462,12,7863,2018-12-24 07:00:00+00:00,7864,2018-12-24 11:00:00+00:00,1,0,,,0,,,0,0,,,1,0,0,1,0,0,,,,,,0,,0,0,0,0,0,0,0
1468,12,7936,2019-01-11 11:00:00+00:00,7952,2019-01-16 03:00:00+00:00,1,1,7945.0,2019-01-14 23:00:00+00:00,1,7945.0,2019-01-14 23:00:00+00:00,1,0,7945.0,2019-01-14 23:00:00+00:00,0,0,0,0,0,1,0.5498414857047657,0.8623968237383743,0.5,0.0,0.0,0,0.6928154005782291,0,0,0,0,0,0,1
1477,12,7954,2019-01-16 11:00:00+00:00,7958,2019-01-17 03:00:00+00:00,1,1,7957.0,2019-01-16 23:00:00+00:00,1,7957.0,2019-01-16 23:00:00+00:00,1,0,7957.0,2019-01-16 23:00:00+00:00,0,0,0,0,0,1,0.7733150020048278,0.433588124515331,0.33333333333333337,3.0,0.0,1,0.602638739370668,1,1,0,0,1,0,0
1480,12,7961,2019-01-17 15:00:00+00:00,7963,2019-01-17 23:00:00+00:00,1,0,,,0,,,0,0,,,1,0,0,1,0,0,,,,,,0,,0,0,0,0,0,0,0
1484,12,7978,2019-01-22 15:00:00+00:00,7987,2019-01-24 03:00:00+00:00,1,1,7985.0,2019-01-23 19:00:00+00:00,0,,,0,0,,,0,0,0,0,0,0,0.31950924250343266,0.9892615475139696,0.16666666666666663,2.0,1.0,1,0.5045175038502346,0,0,1,1,0,0,1
1495,12,8043,2019-02-06 11:00:00+00:00,8043,2019-02-06 11:00:00+00:00,1,0,,,0,,,0,0,,,1,0,0,1,0,0,,,,,,0,,0,0,0,0,0,0,0
1503,12,8073,2019-02-13 11:00:00+00:00,8073,2019-02-13 11:00:00+00:00,1,0,,,0,,,0,0,,,1,0,0,1,0,0,,,,,,0,,0,0,0,0,0,0,0
1508,12,8120,2019-02-25 11:00:00+00:00,8124,2019-02-26 03:00:00+00:00,1,1,8124.0,2019-02-26 03:00:00+00:00,1,8124.0,2019-02-26 03:00:00+00:00,1,0,8124.0,2019-02-26 03:00:00+00:00,0,0,0,0,0,1,0.4608902636139681,0.8373200252394983,0.16666666666666663,0.0,0.0,0,0.7869044923108731,0,0,1,0,0,0,1
1513,12,8127,2019-02-26 15:00:00+00:00,8131,2019-02-27 07:00:00+00:00,1,1,8130.0,2019-02-27 03:00:00+00:00,1,8130.0,2019-02-27 03:00:00+00:00,1,0,8130.0,2019-02-27 03:00:00+00:00,0,0,0,0,0,1,0.4818687130719262,0.9956844085426426,0.25,0.0,0.0,0,0.7020303225392379,0,0,0,0,0,0,0
1517,12,8138,2019-02-28 11:00:00+00:00,8138,2019-02-28 11:00:00+00:00,1,0,,,0,,,0,0,,,1,0,0,1,0,0,,,,,,0,,0,0,0,0,0,0,0
1526,12,8184,2019-03-11 18:00:00+00:00,8188,2019-03-12 10:00:00+00:00,1,0,,,0,,,0,0,,,0,0,0,1,0,0,,,,,,0,,0,0,0,0,0,0,0
1536,12,8217,2019-03-19 02:00:00+00:00,8217,2019-03-19 02:00:00+00:00,1,0,,,0,,,0,0,,,1,0,0,1,0,0,,,,,,0,,0,0,0,0,0,0,0
1541,12,8260,2019-03-28 02:00:00+00:00,8260,2019-03-28 02:00:00+00:00,1,0,,,0,,,0,0,,,1,0,0,1,0,0,,,,,,0,,0,0,0,0,0,0,0
1544,12,8280,2019-04-02 06:00:00+00:00,8280,2019-04-02 06:00:00+00:00,1,0,,,0,,,0,0,,,1,0,0,1,0,0,,,,,,0,,0,0,0,0,0,0,0
1548,12,8287,2019-04-03 10:00:00+00:00,8290,2019-04-03 22:00:00+00:00,1,1,8290.0,2019-04-03 22:00:00+00:00,1,8290.0,2019-04-03 22:00:00+00:00,1,0,8290.0,2019-04-03 22:00:00+00:00,0,0,0,0,0,1,0.5513136224012556,0.808062973589351,0.16666666666666663,0.0,0.0,0,0.7454158354221947,1,0,1,0,1,0,0
1554,12,8315,2019-04-09 22:00:00+00:00,8317,2019-04-10 06:00:00+00:00,1,0,,,0,,,0,0,,,1,0,0,1,0,0,,,,,,0,,0,0,0,0,0,0,0
1563,12,8364,2019-04-22 18:00:00+00:00,8367,2019-04-23 06:00:00+00:00,1,0,,,0,,,0,0,,,0,0,0,1,0,0,,,,,,0,,0,0,0,0,0,0,0
1570,12,8399,2019-04-30 10:00:00+00:00,8405,2019-05-01 10:00:00+00:00,1,1,8402.0,2019-04-30 22:00:00+00:00,1,8402.0,2019-04-30 22:00:00+00:00,1,0,8402.0,2019-04-30 22:00:00+00:00,0,0,0,0,0,1,0.4133724366699025,0.9436952921693647,0.33333333333333337,0.0,1.0,-1,0.6600055307032059,0,0,0,0,0,0,0
1579,12,8449,2019-05-10 14:00:00+00:00,8451,2019-05-12 18:00:00+00:00,1,0,,,0,,,0,0,,,1,0,0,1,0,0,,,,,,0,,0,0,0,0,0,0,0
1582,12,8454,2019-05-13 06:00:00+00:00,8454,2019-05-13 06:00:00+00:00,1,0,,,0,,,0,0,,,1,0,0,1,0,0,,,,,,0,,0,0,0,0,0,0,0
1588,12,8491,2019-05-21 06:00:00+00:00,8491,2019-05-21 06:00:00+00:00,1,0,,,0,,,0,0,,,1,0,0,1,0,0,,,,,,0,,0,0,0,0,0,0,0
1594,12,8516,2019-05-27 06:00:00+00:00,8520,2019-05-27 22:00:00+00:00,1,1,8519.0,2019-05-27 18:00:00+00:00,1,8519.0,2019-05-27 18:00:00+00:00,1,0,8519.0,2019-05-27 18:00:00+00:00,0,0,0,0,0,1,0.6511773127668559,0.6773543053034878,0.25,0.0,0.0,0,0.687788045274339,1,0,0,0,0,0,0
1599,12,8522,2019-05-28 06:00:00+00:00,8522,2019-05-28 06:00:00+00:00,1,0,,,0,,,0,0,,,1,0,0,1,0,0,,,,,,0,,0,0,0,0,0,0,0
1602,12,8533,2019-05-30 02:00:00+00:00,8533,2019-05-30 02:00:00+00:00,1,0,,,0,,,0,0,,,1,0,0,1,0,0,,,,,,0,,0,0,0,0,0,0,0
1607,12,8597,2019-06-13 10:00:00+00:00,8597,2019-06-13 10:00:00+00:00,1,0,,,0,,,0,0,,,1,0,0,1,0,0,,,,,,0,,0,0,0,0,0,0,0
1623,12,8746,2019-07-17 10:00:00+00:00,8746,2019-07-17 10:00:00+00:00,1,0,,,0,,,0,0,,,1,0,0,1,0,0,,,,,,0,,0,0,0,0,0,0,0
1630,12,8781,2019-07-25 02:00:00+00:00,8782,2019-07-25 06:00:00+00:00,1,0,,,0,,,0,0,,,1,0,0,1,0,0,,,,,,0,,0,0,0,0,0,0,0
1632,12,8796,2019-07-29 10:00:00+00:00,8797,2019-07-29 14:00:00+00:00,1,0,,,0,,,0,0,,,1,0,0,1,0,0,,,,,,0,,0,0,0,0,0,0,0
1639,12,8850,2019-08-09 06:00:00+00:00,8853,2019-08-09 18:00:00+00:00,1,1,8853.0,2019-08-09 18:00:00+00:00,0,,,0,0,,,0,0,0,0,0,0,0.48004010792601826,0.8411160660891636,0.33333333333333337,0.0,0.0,0,0.5773877166681082,0,0,0,1,0,0,1
1643,12,8856,2019-08-12 02:00:00+00:00,8856,2019-08-12 02:00:00+00:00,1,0,,,0,,,0,0,,,1,0,0,1,0,0,,,,,,0,,0,0,0,0,0,0,0
1645,12,8876,2019-08-15 10:00:00+00:00,8876,2019-08-15 10:00:00+00:00,1,0,,,0,,,0,0,,,1,0,0,1,0,0,,,,,,0,,0,0,0,0,0,0,0
1647,12,8879,2019-08-15 22:00:00+00:00,8879,2019-08-15 22:00:00+00:00,1,0,,,0,,,0,0,,,1,0,1,1,0,0,,,,,,0,,0,0,0,0,0,0,0
1648,12,8881,2019-08-16 06:00:00+00:00,8887,2019-08-19 02:00:00+00:00,1,1,8884.0,2019-08-16 18:00:00+00:00,1,8884.0,2019-08-16 18:00:00+00:00,1,0,8884.0,2019-08-16 18:00:00+00:00,0,0,0,0,0,1,0.43971260573243265,0.5731133692626242,0.5833333333333333,0.0,2.0,-1,0.5923281520069885,0,0,0,0,0,0,0
1654,12,8892,2019-08-19 22:00:00+00:00,8893,2019-08-20 02:00:00+00:00,1,0,,,0,,,0,0,,,1,0,0,1,0,0,,,,,,0,,0,0,0,0,0,0,0
1658,12,8896,2019-08-20 14:00:00+00:00,8896,2019-08-20 14:00:00+00:00,1,0,,,0,,,0,0,,,1,0,1,1,0,0,,,,,,0,,0,0,0,0,0,0,0
1660,12,8898,2019-08-20 22:00:00+00:00,8903,2019-08-21 18:00:00+00:00,1,1,8901.0,2019-08-21 10:00:00+00:00,1,8901.0,2019-08-21 10:00:00+00:00,1,0,8901.0,2019-08-21 10:00:00+00:00,0,0,0,0,0,1,0.5091994754532457,0.9061077997820941,0.25,0.0,0.0,0,0.670114942350275,0,0,0,0,0,0,0
1663,12,8905,2019-08-22 02:00:00+00:00,8906,2019-08-22 06:00:00+00:00,1,0,,,0,,,0,0,,,1,0,0,1,0,0,,,,,,0,,0,0,0,0,0,0,0
1670,12,8929,2019-08-27 22:00:00+00:00,8931,2019-08-28 06:00:00+00:00,1,0,,,0,,,0,0,,,1,0,0,1,0,0,,,,,,0,,0,0,0,0,0,0,0
1674,12,8938,2019-08-29 10:00:00+00:00,8938,2019-08-29 10:00:00+00:00,1,0,,,0,,,0,0,,,1,0,0,1,0,0,,,,,,0,,0,0,0,0,0,0,0
1685,12,9022,2019-09-17 22:00:00+00:00,9025,2019-09-18 10:00:00+00:00,1,1,9025.0,2019-09-18 10:00:00+00:00,0,,,0,0,,,0,0,0,0,1,0,0.5553225403493062,0.6615412527781739,0.41666666666666663,1.0,0.0,1,0.4785049058931343,1,0,0,1,0,1,1
1689,12,9050,2019-09-24 10:00:00+00:00,9050,2019-09-24 10:00:00+00:00,1,0,,,0,,,0,0,,,1,0,0,1,0,0,,,,,,0,,0,0,0,0,0,0,0
1698,12,9125,2019-10-10 14:00:00+00:00,9125,2019-10-10 14:00:00+00:00,1,0,,,0,,,0,0,,,1,0,0,1,0,0,,,,,,0,,0,0,0,0,0,0,0
1703,12,9143,2019-10-15 10:00:00+00:00,9148,2019-10-16 06:00:00+00:00,1,1,9146.0,2019-10-15 22:00:00+00:00,1,9146.0,2019-10-15 22:00:00+00:00,1,0,9146.0,2019-10-15 22:00:00+00:00,0,0,0,0,0,1,0.7084271161263708,0.44601409503810996,0.6666666666666667,0.0,3.0,-1,0.6359823026314974,1,1,0,0,1,0,0
1709,12,9155,2019-10-17 10:00:00+00:00,9155,2019-10-17 10:00:00+00:00,1,0,,,0,,,0,0,,,1,0,0,1,0,0,,,,,,0,,0,0,0,0,0,0,0
1716,12,9211,2019-10-30 10:00:00+00:00,9211,2019-10-30 10:00:00+00:00,1,0,,,0,,,0,0,,,1,0,0,1,0,0,,,,,,0,,0,0,0,0,0,0,0
1721,12,9235,2019-11-05 07:00:00+00:00,9235,2019-11-05 07:00:00+00:00,1,0,,,0,,,0,0,,,1,0,0,1,0,0,,,,,,0,,0,0,0,0,0,0,0
1729,12,9281,2019-11-14 23:00:00+00:00,9281,2019-11-14 23:00:00+00:00,1,0,,,0,,,0,0,,,1,0,1,1,0,0,,,,,,0,,0,0,0,0,0,0,0
1730,12,9283,2019-11-15 07:00:00+00:00,9288,2019-11-18 03:00:00+00:00,1,0,,,0,,,0,0,,,0,0,0,1,0,0,,,,,,0,,0,0,0,0,0,0,0
1733,12,9291,2019-11-18 15:00:00+00:00,9291,2019-11-18 15:00:00+00:00,1,0,,,0,,,0,0,,,1,0,0,1,0,0,,,,,,0,,0,0,0,0,0,0,0
1742,12,9338,2019-11-28 11:00:00+00:00,9338,2019-11-28 11:00:00+00:00,1,0,,,0,,,0,0,,,1,0,0,1,0,0,,,,,,0,,0,0,0,0,0,0,0
1743,12,9341,2019-11-29 03:00:00+00:00,9342,2019-11-29 07:00:00+00:00,1,0,,,0,,,0,0,,,1,0,0,1,0,0,,,,,,0,,0,0,0,0,0,0,0
1755,12,9411,2019-12-16 23:00:00+00:00,9412,2019-12-17 03:00:00+00:00,1,0,,,0,,,0,0,,,1,0,0,1,0,0,,,,,,0,,0,0,0,0,0,0,0
1756,12,9415,2019-12-17 15:00:00+00:00,9419,2019-12-18 07:00:00+00:00,1,1,9418.0,2019-12-18 03:00:00+00:00,1,9418.0,2019-12-18 03:00:00+00:00,1,0,9418.0,2019-12-18 03:00:00+00:00,0,0,0,0,0,1,0.5038367231549973,0.8001589193484585,0.6666666666666667,0.0,0.0,0,0.7644076465967161,0,0,0,0,0,0,0
1762,12,9432,2019-12-20 11:00:00+00:00,9435,2019-12-22 23:00:00+00:00,1,1,9435.0,2019-12-22 23:00:00+00:00,0,,,0,0,,,0,0,0,0,0,0,0.5221813749164723,0.8267462686567137,0.25,1.0,0.0,1,0.5444426285052494,0,0,0,1,0,0,1
1764,12,9438,2019-12-23 11:00:00+00:00,9438,2019-12-23 11:00:00+00:00,1,0,,,0,,,0,0,,,1,0,0,1,0,0,,,,,,0,,0,0,0,0,0,0,0
1769,12,9461,2019-12-30 11:00:00+00:00,9463,2019-12-30 19:00:00+00:00,1,0,,,0,,,0,0,,,1,0,0,1,0,0,,,,,,0,,0,0,0,0,0,0,0
1777,12,9524,2020-01-14 23:00:00+00:00,9525,2020-01-15 03:00:00+00:00,1,0,,,0,,,0,0,,,1,0,0,1,0,0,,,,,,0,,0,0,0,0,0,0,0
1782,12,9528,2020-01-15 15:00:00+00:00,9528,2020-01-15 15:00:00+00:00,1,0,,,0,,,0,0,,,1,0,0,1,0,0,,,,,,0,,0,0,0,0,0,0,0
1785,12,9532,2020-01-16 07:00:00+00:00,9532,2020-01-16 07:00:00+00:00,1,0,,,0,,,0,0,,,1,0,1,1,0,0,,,,,,0,,0,0,0,0,0,0,0
1788,12,9534,2020-01-16 15:00:00+00:00,9538,2020-01-17 07:00:00+00:00,1,1,9538.0,2020-01-17 07:00:00+00:00,0,,,0,0,,,0,0,0,0,0,0,0.639062132351763,0.41220825852781395,0.6666666666666667,2.0,0.0,1,0.5622438146456418,1,1,0,1,1,1,1
1795,12,9546,2020-01-20 15:00:00+00:00,9546,2020-01-20 15:00:00+00:00,1,0,,,0,,,0,0,,,1,0,0,1,0,0,,,,,,0,,0,0,0,0,0,0,0
1800,12,9562,2020-01-23 11:00:00+00:00,9562,2020-01-23 11:00:00+00:00,1,0,,,0,,,0,0,,,1,0,0,1,0,0,,,,,,0,,0,0,0,0,0,0,0
1811,12,9596,2020-01-31 03:00:00+00:00,9597,2020-01-31 07:00:00+00:00,1,0,,,0,,,0,0,,,1,0,0,1,0,0,,,,,,0,,0,0,0,0,0,0,0
1813,12,9600,2020-01-31 19:00:00+00:00,9600,2020-01-31 19:00:00+00:00,1,0,,,0,,,0,0,,,1,0,0,1,0,0,,,,,,0,,0,0,0,0,0,0,0
1816,12,9622,2020-02-06 11:00:00+00:00,9623,2020-02-06 15:00:00+00:00,1,0,,,0,,,0,0,,,1,0,0,1,0,0,,,,,,0,,0,0,0,0,0,0,0
1821,12,9640,2020-02-11 11:00:00+00:00,9640,2020-02-11 11:00:00+00:00,1,0,,,0,,,0,0,,,1,0,1,1,0,0,,,,,,0,,0,0,0,0,0,0,0
1823,12,9642,2020-02-11 19:00:00+00:00,9645,2020-02-12 07:00:00+00:00,1,1,9645.0,2020-02-12 07:00:00+00:00,1,9645.0,2020-02-12 07:00:00+00:00,1,0,9645.0,2020-02-12 07:00:00+00:00,0,0,0,0,0,1,0.5885830217810859,0.7314446653412795,0.25,0.0,1.0,-1,0.6228448326412154,1,0,0,0,0,0,0
1828,12,9648,2020-02-12 19:00:00+00:00,9648,2020-02-12 19:00:00+00:00,1,0,,,0,,,0,0,,,1,0,0,1,0,0,,,,,,0,,0,0,0,0,0,0,0
1834,12,9661,2020-02-16 23:00:00+00:00,9664,2020-02-17 11:00:00+00:00,1,0,,,0,,,0,0,,,0,0,0,1,0,0,,,,,,0,,0,0,0,0,0,0,0
1839,12,9708,2020-02-26 23:00:00+00:00,9712,2020-02-27 15:00:00+00:00,1,0,,,0,,,0,0,,,0,0,0,1,0,0,,,,,,0,,0,0,0,0,0,0,0
1843,12,9715,2020-02-28 03:00:00+00:00,9715,2020-02-28 03:00:00+00:00,1,0,,,0,,,0,0,,,1,0,0,1,0,0,,,,,,0,,0,0,0,0,0,0,0
1853,12,9770,2020-03-11 22:00:00+00:00,9770,2020-03-11 22:00:00+00:00,1,0,,,0,,,0,0,,,1,0,0,1,0,0,,,,,,0,,0,0,0,0,0,0,0
1863,12,9835,2020-03-26 10:00:00+00:00,9835,2020-03-26 10:00:00+00:00,1,0,,,0,,,0,0,,,1,0,0,1,0,0,,,,,,0,,0,0,0,0,0,0,0
1866,12,9849,2020-03-30 18:00:00+00:00,9851,2020-03-31 02:00:00+00:00,1,0,,,0,,,0,0,,,1,0,1,1,0,0,,,,,,0,,0,0,0,0,0,0,0
1868,12,9853,2020-03-31 10:00:00+00:00,9853,2020-03-31 10:00:00+00:00,1,0,,,0,,,0,0,,,1,0,0,1,0,0,,,,,,0,,0,0,0,0,0,0,0
1877,12,9874,2020-04-05 18:00:00+00:00,9874,2020-04-05 18:00:00+00:00,1,0,,,0,,,0,0,,,1,0,0,1,0,0,,,,,,0,,0,0,0,0,0,0,0
1882,12,9893,2020-04-08 22:00:00+00:00,9893,2020-04-08 22:00:00+00:00,1,0,,,0,,,0,0,,,1,0,0,1,0,0,,,,,,0,,0,0,0,0,0,0,0
1888,12,9921,2020-04-16 10:00:00+00:00,9921,2020-04-16 10:00:00+00:00,1,0,,,0,,,0,0,,,1,0,0,1,0,0,,,,,,0,,0,0,0,0,0,0,0
1891,12,9938,2020-04-21 02:00:00+00:00,9938,2020-04-21 02:00:00+00:00,1,0,,,0,,,0,0,,,1,0,0,1,0,0,,,,,,0,,0,0,0,0,0,0,0
1896,12,9958,2020-04-24 10:00:00+00:00,9962,2020-04-26 22:00:00+00:00,1,0,,,0,,,0,0,,,0,0,0,1,0,0,,,,,,0,,0,0,0,0,0,0,0
1900,12,9966,2020-04-27 14:00:00+00:00,9967,2020-04-27 18:00:00+00:00,1,0,,,0,,,0,0,,,1,0,0,1,0,0,,,,,,0,,0,0,0,0,0,0,0
1904,12,9972,2020-04-28 14:00:00+00:00,9975,2020-04-29 02:00:00+00:00,1,0,,,0,,,0,0,,,0,0,0,1,0,0,,,,,,0,,0,0,0,0,0,0,0
1908,12,9979,2020-04-29 18:00:00+00:00,9980,2020-04-29 22:00:00+00:00,1,0,,,0,,,0,0,,,1,0,0,1,0,0,,,,,,0,,0,0,0,0,0,0,0
1918,12,10009,2020-05-06 14:00:00+00:00,10014,2020-05-07 10:00:00+00:00,1,1,10012.0,2020-05-07 02:00:00+00:00,1,10012.0,2020-05-07 02:00:00+00:00,1,0,10012.0,2020-05-07 02:00:00+00:00,0,0,0,0,0,1,0.6777505900066592,0.517520446774076,0.33333333333333337,0.0,2.0,-1,0.636097236359662,1,0,0,0,0,0,0
1923,12,10028,2020-05-11 14:00:00+00:00,10028,2020-05-11 14:00:00+00:00,1,0,,,0,,,0,0,,,1,0,0,1,0,0,,,,,,0,,0,0,0,0,0,0,0
1926,12,10040,2020-05-13 14:00:00+00:00,10040,2020-05-13 14:00:00+00:00,1,0,,,0,,,0,0,,,1,0,0,1,0,0,,,,,,0,,0,0,0,0,0,0,0
1933,12,10070,2020-05-20 10:00:00+00:00,10073,2020-05-20 22:00:00+00:00,1,1,10073.0,2020-05-20 22:00:00+00:00,1,10073.0,2020-05-20 22:00:00+00:00,1,0,10073.0,2020-05-20 22:00:00+00:00,0,0,0,0,0,1,0.4484244799613547,0.5394951795862946,0.16666666666666663,2.0,0.0,1,0.6885941405878347,0,0,1,0,0,0,0
1935,12,10075,2020-05-21 06:00:00+00:00,10075,2020-05-21 06:00:00+00:00,1,0,,,0,,,0,0,,,1,0,0,1,0,0,,,,,,0,,0,0,0,0,0,0,0
1942,12,10094,2020-05-26 06:00:00+00:00,10094,2020-05-26 06:00:00+00:00,1,0,,,0,,,0,0,,,1,0,0,1,0,0,,,,,,0,,0,0,0,0,0,0,0
1950,12,10125,2020-06-02 06:00:00+00:00,10126,2020-06-02 10:00:00+00:00,1,0,,,0,,,0,0,,,1,0,0,1,0,0,,,,,,0,,0,0,0,0,0,0,0
1951,12,10130,2020-06-03 02:00:00+00:00,10130,2020-06-03 02:00:00+00:00,1,0,,,0,,,0,0,,,1,0,0,1,0,0,,,,,,0,,0,0,0,0,0,0,0
1967,12,10251,2020-06-30 14:00:00+00:00,10253,2020-06-30 22:00:00+00:00,1,0,,,0,,,0,0,,,1,0,0,1,0,0,,,,,,0,,0,0,0,0,0,0,0
1973,12,10275,2020-07-06 14:00:00+00:00,10279,2020-07-07 06:00:00+00:00,1,1,10278.0,2020-07-07 02:00:00+00:00,1,10278.0,2020-07-07 02:00:00+00:00,1,0,10278.0,2020-07-07 02:00:00+00:00,0,0,0,0,0,1,0.6450304293968342,0.3725658812513244,0.41666666666666663,3.0,0.0,1,0.6537951254034885,1,1,0,0,1,0,0
1978,12,10298,2020-07-10 10:00:00+00:00,10298,2020-07-10 10:00:00+00:00,1,0,,,0,,,0,0,,,1,0,0,1,0,0,,,,,,0,,0,0,0,0,0,0,0
1983,12,10328,2020-07-17 06:00:00+00:00,10334,2020-07-20 02:00:00+00:00,1,1,10334.0,2020-07-20 02:00:00+00:00,1,10334.0,2020-07-20 02:00:00+00:00,1,0,10334.0,2020-07-20 02:00:00+00:00,0,0,0,0,0,1,0.7742593512528756,0.2857426017323774,0.33333333333333337,3.0,0.0,1,0.5891001846816776,1,1,0,0,1,0,0
1990,12,10390,2020-07-31 06:00:00+00:00,10395,2020-08-02 22:00:00+00:00,1,1,10393.0,2020-07-31 18:00:00+00:00,0,,,0,0,,,0,0,0,0,0,0,0.816531388049958,0.310288883370581,0.41666666666666663,3.0,0.0,1,0.4392827916899893,1,1,0,1,1,0,1
1996,12,10398,2020-08-03 10:00:00+00:00,10403,2020-08-04 06:00:00+00:00,1,1,10401.0,2020-08-03 22:00:00+00:00,1,10401.0,2020-08-03 22:00:00+00:00,1,0,10401.0,2020-08-03 22:00:00+00:00,0,0,0,0,0,1,0.6280449015476531,0.7114590440621937,0.5,0.0,0.0,0,0.6530768170062528,1,0,0,0,0,0,0
2000,12,10451,2020-08-14 02:00:00+00:00,10451,2020-08-14 02:00:00+00:00,1,0,,,0,,,0,0,,,1,0,0,1,0,0,,,,,,0,,0,0,0,0,0,0,0
2005,12,10456,2020-08-16 18:00:00+00:00,10457,2020-08-16 22:00:00+00:00,1,0,,,0,,,0,0,,,1,0,0,1,0,0,,,,,,0,,0,0,0,0,0,0,0
2009,12,10461,2020-08-17 14:00:00+00:00,10461,2020-08-17 14:00:00+00:00,1,0,,,0,,,0,0,,,1,0,0,1,0,0,,,,,,0,,0,0,0,0,0,0,0
2019,12,10533,2020-09-02 06:00:00+00:00,10533,2020-09-02 06:00:00+00:00,1,0,,,0,,,0,0,,,1,0,0,1,0,0,,,,,,0,,0,0,0,0,0,0,0
2022,12,10549,2020-09-06 18:00:00+00:00,10551,2020-09-07 02:00:00+00:00,1,0,,,0,,,0,0,,,1,0,0,1,0,0,,,,,,0,,0,0,0,0,0,0,0
2033,12,10596,2020-09-16 10:00:00+00:00,10598,2020-09-16 18:00:00+00:00,1,0,,,0,,,0,0,,,1,0,0,1,0,0,,,,,,0,,0,0,0,0,0,0,0
2040,12,10639,2020-09-25 10:00:00+00:00,10644,2020-09-28 02:00:00+00:00,1,1,10642.0,2020-09-27 18:00:00+00:00,1,10642.0,2020-09-27 18:00:00+00:00,1,0,10642.0,2020-09-27 18:00:00+00:00,0,0,0,0,0,1,0.4867945146216959,0.955136091485346,0.25,0.0,0.0,0,0.7680796090717269,0,0,0,0,0,0,0
2051,12,10666,2020-10-01 18:00:00+00:00,10667,2020-10-01 22:00:00+00:00,1,0,,,0,,,0,0,,,1,0,0,1,0,0,,,,,,0,,0,0,0,0,0,0,0
2057,12,10712,2020-10-13 02:00:00+00:00,10713,2020-10-13 06:00:00+00:00,1,0,,,0,,,0,0,,,1,0,0,1,0,0,,,,,,0,,0,0,0,0,0,0,0
2064,12,10726,2020-10-15 10:00:00+00:00,10727,2020-10-15 14:00:00+00:00,1,0,,,0,,,0,0,,,1,0,1,1,0,0,,,,,,0,,0,0,0,0,0,0,0
2066,12,10729,2020-10-15 22:00:00+00:00,10736,2020-10-18 22:00:00+00:00,1,1,10735.0,2020-10-18 18:00:00+00:00,1,10735.0,2020-10-18 18:00:00+00:00,1,0,10735.0,2020-10-18 18:00:00+00:00,0,0,0,0,0,1,0.4412943233799173,0.9550768067816745,0.25,0.0,0.0,0,0.8092656009942356,0,0,0,0,0,0,1
2070,12,10738,2020-10-19 06:00:00+00:00,10738,2020-10-19 06:00:00+00:00,1,0,,,0,,,0,0,,,1,0,0,1,0,0,,,,,,0,,0,0,0,0,0,0,0
2074,12,10778,2020-10-27 18:00:00+00:00,10779,2020-10-27 22:00:00+00:00,1,0,,,0,,,0,0,,,1,0,0,1,0,0,,,,,,0,,0,0,0,0,0,0,0
2087,12,10844,2020-11-11 15:00:00+00:00,10846,2020-11-11 23:00:00+00:00,1,0,,,0,,,0,0,,,1,0,1,1,0,0,,,,,,0,,0,0,0,0,0,0,0
2088,12,10848,2020-11-12 07:00:00+00:00,10851,2020-11-12 19:00:00+00:00,1,1,10851.0,2020-11-12 19:00:00+00:00,0,,,0,0,,,0,0,0,0,0,0,0.6986107364748012,0.44947595050511957,0.41666666666666663,3.0,0.0,1,0.5177695223364822,1,1,0,1,1,0,1
2101,12,10908,2020-11-26 07:00:00+00:00,10912,2020-11-27 03:00:00+00:00,1,0,,,0,,,0,0,,,0,0,0,1,0,0,,,,,,0,,0,0,0,0,0,0,0
2116,12,10973,2020-12-11 11:00:00+00:00,10974,2020-12-11 15:00:00+00:00,1,0,,,0,,,0,0,,,1,0,0,1,0,0,,,,,,0,,0,0,0,0,0,0,0
2124,12,11020,2020-12-23 07:00:00+00:00,11027,2020-12-24 11:00:00+00:00,1,1,11027.0,2020-12-24 11:00:00+00:00,0,,,0,0,,,0,0,0,0,0,0,0.6857736371415835,0.42083542468351354,0.5,3.0,0.0,1,0.5657277911557661,1,1,0,1,1,0,1
2133,12,11041,2020-12-29 23:00:00+00:00,11043,2020-12-30 07:00:00+00:00,1,0,,,0,,,0,0,,,1,0,0,1,0,0,,,,,,0,,0,0,0,0,0,0,0
2138,12,11051,2020-12-31 15:00:00+00:00,11052,2020-12-31 19:00:00+00:00,1,0,,,0,,,0,0,,,1,0,0,1,0,0,,,,,,0,,0,0,0,0,0,0,0
2148,12,11095,2021-01-12 23:00:00+00:00,11095,2021-01-12 23:00:00+00:00,1,0,,,0,,,0,0,,,1,0,0,1,0,0,,,,,,0,,0,0,0,0,0,0,0
2156,12,11112,2021-01-15 19:00:00+00:00,11112,2021-01-15 19:00:00+00:00,1,0,,,0,,,0,0,,,1,0,0,1,0,0,,,,,,0,,0,0,0,0,0,0,0
2181,12,11254,2021-02-18 15:00:00+00:00,11255,2021-02-18 19:00:00+00:00,1,0,,,0,,,0,0,,,1,0,0,1,0,0,,,,,,0,,0,0,0,0,0,0,0
2186,12,11278,2021-02-24 15:00:00+00:00,11282,2021-02-25 07:00:00+00:00,1,1,11281.0,2021-02-25 03:00:00+00:00,1,11281.0,2021-02-25 03:00:00+00:00,1,0,11281.0,2021-02-25 03:00:00+00:00,0,0,0,0,0,1,0.40818699939248,0.9534769351824548,0.41666666666666663,0.0,0.0,0,0.7932432739661814,0,0,0,0,0,0,0
2196,12,11319,2021-03-05 11:00:00+00:00,11324,2021-03-08 07:00:00+00:00,1,1,11322.0,2021-03-07 23:00:00+00:00,1,11322.0,2021-03-07 23:00:00+00:00,1,0,11322.0,2021-03-07 23:00:00+00:00,0,0,0,0,0,1,0.43531815193330875,0.8687757602762615,0.33333333333333337,0.0,0.0,0,0.728954278605301,0,0,0,0,0,0,0
2209,12,11387,2021-03-22 06:00:00+00:00,11391,2021-03-22 22:00:00+00:00,1,1,11390.0,2021-03-22 18:00:00+00:00,1,11390.0,2021-03-22 18:00:00+00:00,0,1,,,0,0,0,0,0,1,0.5815002636932262,0.7919191919191946,0.5,0.0,0.0,0,0.6244798459588018,1,0,0,0,0,0,0
2214,12,11396,2021-03-23 18:00:00+00:00,11404,2021-03-25 02:00:00+00:00,1,1,11400.0,2021-03-24 10:00:00+00:00,1,11400.0,2021-03-24 10:00:00+00:00,0,1,,,0,0,0,0,0,1,0.5502522329153231,0.8249551326474385,0.5,0.0,0.0,0,0.6145212278027253,1,0,0,0,0,0,1
2222,12,11418,2021-03-29 06:00:00+00:00,11418,2021-03-29 06:00:00+00:00,1,0,,,0,,,0,0,,,1,0,0,1,0,0,,,,,,0,,0,0,0,0,0,0,0
2231,12,11462,2021-04-07 10:00:00+00:00,11464,2021-04-07 18:00:00+00:00,1,0,,,0,,,0,0,,,1,0,0,1,0,0,,,,,,0,,0,0,0,0,0,0,0
2237,12,11487,2021-04-13 14:00:00+00:00,11493,2021-04-14 14:00:00+00:00,1,0,,,0,,,0,0,,,0,0,0,1,0,0,,,,,,0,,0,0,0,0,0,0,0
2243,12,11515,2021-04-20 06:00:00+00:00,11516,2021-04-20 10:00:00+00:00,1,0,,,0,,,0,0,,,1,0,0,1,0,0,,,,,,0,,0,0,0,0,0,0,0
2256,12,11600,2021-06-09 06:00:00+00:00,11600,2021-06-09 06:00:00+00:00,1,0,,,0,,,0,0,,,1,0,0,1,0,0,,,,,,0,,0,0,0,0,0,0,0
2261,12,11631,2021-06-16 10:00:00+00:00,11632,2021-06-16 14:00:00+00:00,1,0,,,0,,,0,0,,,1,0,0,1,0,0,,,,,,0,,0,0,0,0,0,0,0
2264,12,11671,2021-06-25 02:00:00+00:00,11672,2021-06-25 06:00:00+00:00,1,0,,,0,,,0,0,,,1,0,0,1,0,0,,,,,,0,,0,0,0,0,0,0,0
2275,12,11710,2021-07-05 14:00:00+00:00,11710,2021-07-05 14:00:00+00:00,1,0,,,0,,,0,0,,,1,0,0,1,0,0,,,,,,0,,0,0,0,0,0,0,0
2282,12,11739,2021-07-12 14:00:00+00:00,11743,2021-07-13 06:00:00+00:00,1,1,11742.0,2021-07-13 02:00:00+00:00,1,11742.0,2021-07-13 02:00:00+00:00,0,1,,,0,0,0,0,0,1,0.5604867024051239,0.4968523764557766,0.75,2.0,0.0,1,0.6911489372089216,1,0,0,0,0,0,0
2294,12,11810,2021-07-28 10:00:00+00:00,11811,2021-07-28 14:00:00+00:00,1,0,,,0,,,0,0,,,1,0,0,1,0,0,,,,,,0,,0,0,0,0,0,0,0
2309,12,11906,2021-08-19 10:00:00+00:00,11911,2021-08-20 06:00:00+00:00,1,1,11909.0,2021-08-19 22:00:00+00:00,1,11909.0,2021-08-19 22:00:00+00:00,1,0,11909.0,2021-08-19 22:00:00+00:00,0,0,0,0,0,1,0.5455679969375092,0.6962962962962926,0.6666666666666667,0.0,1.0,-1,0.6748821131208776,0,0,0,0,0,0,0
2320,12,11996,2021-09-09 14:00:00+00:00,12001,2021-09-10 10:00:00+00:00,1,0,,,0,,,0,0,,,0,0,0,1,0,0,,,,,,0,,0,0,0,0,0,0,0
2323,12,12004,2021-09-12 22:00:00+00:00,12008,2021-09-13 14:00:00+00:00,1,1,12007.0,2021-09-13 10:00:00+00:00,1,12007.0,2021-09-13 10:00:00+00:00,1,0,12007.0,2021-09-13 10:00:00+00:00,0,0,0,0,0,1,0.46440205178296734,0.8559609497807572,0.41666666666666663,0.0,1.0,-1,0.664300852820531,0,0,0,0,0,0,0
2336,12,12099,2021-10-04 18:00:00+00:00,12107,2021-10-06 02:00:00+00:00,1,1,12102.0,2021-10-05 06:00:00+00:00,1,12102.0,2021-10-05 06:00:00+00:00,1,0,12102.0,2021-10-05 06:00:00+00:00,0,0,0,0,0,1,0.40109370838185326,0.9197814207650192,0.5833333333333333,1.0,0.0,1,0.7590510249932789,0,0,0,0,0,0,0
2342,12,12134,2021-10-12 14:00:00+00:00,12138,2021-10-13 06:00:00+00:00,1,1,12137.0,2021-10-13 02:00:00+00:00,1,12137.0,2021-10-13 02:00:00+00:00,1,0,12137.0,2021-10-13 02:00:00+00:00,0,0,0,0,0,1,0.5612706714916429,0.8043213103328053,0.41666666666666663,0.0,0.0,0,0.7407848752134466,1,0,0,0,0,0,0
2349,12,12172,2021-10-20 22:00:00+00:00,12176,2021-10-21 14:00:00+00:00,1,1,12176.0,2021-10-21 14:00:00+00:00,1,12176.0,2021-10-21 14:00:00+00:00,1,0,12176.0,2021-10-21 14:00:00+00:00,0,0,0,0,0,1,0.4080727749305313,0.6536729420450333,0.16666666666666663,1.0,0.0,1,0.6322772086155567,0,0,1,0,0,0,1
2352,12,12179,2021-10-22 02:00:00+00:00,12179,2021-10-22 02:00:00+00:00,1,0,,,0,,,0,0,,,1,0,0,1,0,0,,,,,,0,,0,0,0,0,0,0,0
2358,12,12204,2021-10-28 06:00:00+00:00,12204,2021-10-28 06:00:00+00:00,1,0,,,0,,,0,0,,,1,0,0,1,0,0,,,,,,0,,0,0,0,0,0,0,0
2362,12,12228,2021-11-03 06:00:00+00:00,12228,2021-11-03 06:00:00+00:00,1,0,,,0,,,0,0,,,1,0,0,1,0,0,,,,,,0,,0,0,0,0,0,0,0
2371,12,12272,2021-11-12 11:00:00+00:00,12272,2021-11-12 11:00:00+00:00,1,0,,,0,,,0,0,,,1,0,0,1,0,0,,,,,,0,,0,0,0,0,0,0,0
2373,12,12275,2021-11-14 23:00:00+00:00,12278,2021-11-15 11:00:00+00:00,1,1,12278.0,2021-11-15 11:00:00+00:00,1,12278.0,2021-11-15 11:00:00+00:00,1,0,12278.0,2021-11-15 11:00:00+00:00,0,0,0,0,0,1,0.46831664297207487,0.8023715415019848,0.5,1.0,0.0,1,0.6758761799121995,0,0,0,0,0,0,0
2377,12,12281,2021-11-15 23:00:00+00:00,12281,2021-11-15 23:00:00+00:00,1,0,,,0,,,0,0,,,1,0,0,1,0,0,,,,,,0,,0,0,0,0,0,0,0
2382,12,12296,2021-11-18 11:00:00+00:00,12297,2021-11-18 15:00:00+00:00,1,0,,,0,,,0,0,,,1,0,0,1,0,0,,,,,,0,,0,0,0,0,0,0,0
2383,12,12300,2021-11-19 03:00:00+00:00,12302,2021-11-19 11:00:00+00:00,1,0,,,0,,,0,0,,,1,0,0,1,0,0,,,,,,0,,0,0,0,0,0,0,0
2388,12,12325,2021-11-25 07:00:00+00:00,12328,2021-11-25 23:00:00+00:00,1,1,12328.0,2021-11-25 23:00:00+00:00,1,12328.0,2021-11-25 23:00:00+00:00,1,0,12328.0,2021-11-25 23:00:00+00:00,0,0,0,0,0,1,0.5449879635051492,0.6314317673378016,0.41666666666666663,1.0,0.0,1,0.7268768674083734,0,0,0,0,0,0,0
2395,12,12361,2021-12-03 15:00:00+00:00,12365,2021-12-06 07:00:00+00:00,1,1,12364.0,2021-12-06 03:00:00+00:00,1,12364.0,2021-12-06 03:00:00+00:00,1,0,12364.0,2021-12-06 03:00:00+00:00,0,0,0,0,0,1,0.7751485975534398,0.21529123078910128,0.25,3.0,0.0,1,0.5802725367222474,1,1,0,0,1,0,0
2400,12,12367,2021-12-06 15:00:00+00:00,12371,2021-12-07 07:00:00+00:00,1,1,12370.0,2021-12-07 03:00:00+00:00,1,12370.0,2021-12-07 03:00:00+00:00,0,1,,,0,0,0,0,0,1,0.6146159177734148,0.6557124122502502,0.25,1.0,0.0,1,0.6993063504064883,1,0,0,0,0,0,0
2407,12,12385,2021-12-09 15:00:00+00:00,12387,2021-12-09 23:00:00+00:00,1,0,,,0,,,0,0,,,1,0,0,1,0,0,,,,,,0,,0,0,0,0,0,0,0
2412,12,12393,2021-12-12 23:00:00+00:00,12395,2021-12-13 07:00:00+00:00,1,0,,,0,,,0,0,,,1,0,0,1,0,0,,,,,,0,,0,0,0,0,0,0,0
2416,12,12437,2021-12-22 07:00:00+00:00,12437,2021-12-22 07:00:00+00:00,1,0,,,0,,,0,0,,,1,0,0,1,0,0,,,,,,0,,0,0,0,0,0,0,0
2424,12,12537,2022-01-16 23:00:00+00:00,12540,2022-01-17 11:00:00+00:00,1,1,12540.0,2022-01-17 11:00:00+00:00,1,12540.0,2022-01-17 11:00:00+00:00,1,0,12540.0,2022-01-17 11:00:00+00:00,0,0,0,0,0,1,0.49094347762691354,0.9395919984155293,0.41666666666666663,0.0,0.0,0,0.7865547792065598,0,0,0,0,0,0,0
2431,12,12566,2022-01-21 19:00:00+00:00,12569,2022-01-24 07:00:00+00:00,1,1,12569.0,2022-01-24 07:00:00+00:00,1,12569.0,2022-01-24 07:00:00+00:00,1,0,12569.0,2022-01-24 07:00:00+00:00,0,0,0,0,0,1,0.4892707077069653,0.9866186309830244,0.16666666666666663,0.0,0.0,0,0.7066010016822756,0,0,1,0,0,0,0
2434,12,12571,2022-01-24 15:00:00+00:00,12575,2022-01-25 07:00:00+00:00,1,1,12575.0,2022-01-25 07:00:00+00:00,0,,,0,0,,,0,0,0,0,0,0,0.5519774420622114,0.5719109422812971,0.6666666666666667,3.0,0.0,1,0.526282801336081,1,0,0,1,0,0,1
2442,12,12601,2022-01-31 15:00:00+00:00,12602,2022-01-31 19:00:00+00:00,1,0,,,0,,,0,0,,,1,0,0,1,0,0,,,,,,0,,0,0,0,0,0,0,0
2447,12,12612,2022-02-02 11:00:00+00:00,12612,2022-02-02 11:00:00+00:00,1,0,,,0,,,0,0,,,1,0,0,1,0,0,,,,,,0,,0,0,0,0,0,0,0
2460,12,12734,2022-03-02 19:00:00+00:00,12734,2022-03-02 19:00:00+00:00,1,0,,,0,,,0,0,,,1,0,0,1,0,0,,,,,,0,,0,0,0,0,0,0,0
2461,12,12737,2022-03-03 07:00:00+00:00,12741,2022-03-03 23:00:00+00:00,1,0,,,0,,,0,0,,,0,0,0,1,0,0,,,,,,0,,0,0,0,0,0,0,0
2477,12,12814,2022-03-21 22:00:00+00:00,12816,2022-03-22 06:00:00+00:00,1,0,,,0,,,0,0,,,1,0,0,1,0,0,,,,,,0,,0,0,0,0,0,0,0
2481,12,12836,2022-03-25 14:00:00+00:00,12838,2022-03-27 22:00:00+00:00,1,0,,,0,,,0,0,,,1,0,0,1,0,0,,,,,,0,,0,0,0,0,0,0,0
2486,12,12873,2022-04-04 18:00:00+00:00,12876,2022-04-05 06:00:00+00:00,1,0,,,0,,,0,0,,,0,0,1,1,0,0,,,,,,0,,0,0,0,0,0,0,0
2488,12,12878,2022-04-05 14:00:00+00:00,12888,2022-04-07 06:00:00+00:00,1,1,12881.0,2022-04-06 02:00:00+00:00,1,12881.0,2022-04-06 02:00:00+00:00,1,0,12881.0,2022-04-06 02:00:00+00:00,0,0,0,0,0,1,0.7779282659244102,0.3961748633879778,0.75,0.0,3.0,-1,0.6008111119183049,1,1,0,0,1,0,0
2497,12,12919,2022-04-14 10:00:00+00:00,12921,2022-04-14 18:00:00+00:00,1,0,,,0,,,0,0,,,1,0,0,1,0,0,,,,,,0,,0,0,0,0,0,0,0
2503,12,12944,2022-04-21 14:00:00+00:00,12948,2022-04-22 06:00:00+00:00,1,1,12948.0,2022-04-22 06:00:00+00:00,0,,,0,0,,,0,0,0,0,0,0,0.3791378883943601,0.8448967005858774,0.33333333333333337,1.0,0.0,1,0.5341200887245056,0,0,0,1,0,0,1
2524,12,13099,2022-05-27 10:00:00+00:00,13099,2022-05-27 10:00:00+00:00,1,0,,,0,,,0,0,,,1,0,0,1,0,0,,,,,,0,,0,0,0,0,0,0,0
2527,12,13106,2022-05-30 14:00:00+00:00,13107,2022-05-30 18:00:00+00:00,1,0,,,0,,,0,0,,,1,0,0,1,0,0,,,,,,0,,0,0,0,0,0,0,0
2530,12,13111,2022-05-31 10:00:00+00:00,13111,2022-05-31 10:00:00+00:00,1,0,,,0,,,0,0,,,1,0,0,1,0,0,,,,,,0,,0,0,0,0,0,0,0
2542,12,13197,2022-06-20 18:00:00+00:00,13199,2022-06-21 02:00:00+00:00,1,0,,,0,,,0,0,,,1,0,1,1,0,0,,,,,,0,,0,0,0,0,0,0,0
2543,12,13201,2022-06-21 10:00:00+00:00,13202,2022-06-21 14:00:00+00:00,1,0,,,0,,,0,0,,,1,0,0,1,0,0,,,,,,0,,0,0,0,0,0,0,0
2546,12,13206,2022-06-22 06:00:00+00:00,13206,2022-06-22 06:00:00+00:00,1,0,,,0,,,0,0,,,1,0,0,1,0,0,,,,,,0,,0,0,0,0,0,0,0
2549,12,13213,2022-06-23 10:00:00+00:00,13216,2022-06-23 22:00:00+00:00,1,1,13216.0,2022-06-23 22:00:00+00:00,0,,,0,0,,,0,0,0,0,0,0,0.7677597538240455,0.22066350710900517,0.75,0.0,3.0,-1,0.24225749107162411,1,1,0,1,1,0,1
2556,12,13232,2022-06-28 14:00:00+00:00,13232,2022-06-28 14:00:00+00:00,1,0,,,0,,,0,0,,,1,0,0,1,0,0,,,,,,0,,0,0,0,0,0,0,0
2565,12,13293,2022-07-12 18:00:00+00:00,13296,2022-07-13 06:00:00+00:00,1,1,13296.0,2022-07-13 06:00:00+00:00,1,13296.0,2022-07-13 06:00:00+00:00,1,0,13296.0,2022-07-13 06:00:00+00:00,0,0,0,0,0,1,0.7006599149145272,0.42168674698795594,0.33333333333333337,0.0,3.0,-1,0.589392900610782,1,1,0,0,1,0,0
2571,12,13315,2022-07-18 10:00:00+00:00,13320,2022-07-19 06:00:00+00:00,1,1,13318.0,2022-07-18 22:00:00+00:00,1,13318.0,2022-07-18 22:00:00+00:00,1,0,13318.0,2022-07-18 22:00:00+00:00,0,0,0,0,0,1,0.6058996477742999,0.7573204973926968,0.33333333333333337,0.0,0.0,0,0.6133600941842955,1,0,0,0,0,0,0
2574,12,13322,2022-07-19 14:00:00+00:00,13322,2022-07-19 14:00:00+00:00,1,0,,,0,,,0,0,,,1,0,0,1,0,0,,,,,,0,,0,0,0,0,0,0,0
2577,12,13327,2022-07-20 10:00:00+00:00,13327,2022-07-20 10:00:00+00:00,1,0,,,0,,,0,0,,,1,0,0,1,0,0,,,,,,0,,0,0,0,0,0,0,0
2581,12,13346,2022-07-25 14:00:00+00:00,13350,2022-07-26 06:00:00+00:00,1,1,13349.0,2022-07-26 02:00:00+00:00,1,13349.0,2022-07-26 02:00:00+00:00,1,0,13349.0,2022-07-26 02:00:00+00:00,0,0,0,0,0,1,0.5104135512253624,0.6516107154967706,0.25,0.0,2.0,-1,0.6521003674884018,0,0,0,0,0,0,0
2586,12,13352,2022-07-26 14:00:00+00:00,13354,2022-07-26 22:00:00+00:00,1,0,,,0,,,0,0,,,1,0,0,1,0,0,,,,,,0,,0,0,0,0,0,0,0
2592,12,13358,2022-07-27 14:00:00+00:00,13358,2022-07-27 14:00:00+00:00,1,0,,,0,,,0,0,,,1,0,0,1,0,0,,,,,,0,,0,0,0,0,0,0,0
2602,12,13432,2022-08-14 22:00:00+00:00,13433,2022-08-15 02:00:00+00:00,1,0,,,0,,,0,0,,,1,0,0,1,0,0,,,,,,0,,0,0,0,0,0,0,0
2613,12,13489,2022-08-26 10:00:00+00:00,13489,2022-08-26 10:00:00+00:00,1,0,,,0,,,0,0,,,1,0,0,1,0,0,,,,,,0,,0,0,0,0,0,0,0
2622,12,13558,2022-09-12 22:00:00+00:00,13559,2022-09-13 02:00:00+00:00,1,0,,,0,,,0,0,,,1,0,0,1,0,0,,,,,,0,,0,0,0,0,0,0,0
2630,12,13591,2022-09-20 10:00:00+00:00,13594,2022-09-20 22:00:00+00:00,1,1,13594.0,2022-09-20 22:00:00+00:00,1,13594.0,2022-09-20 22:00:00+00:00,0,1,,,0,0,0,0,0,1,0.7340247443475455,0.5236890912156614,0.5833333333333333,0.0,3.0,-1,0.6248810793011917,1,0,0,0,0,0,0
2633,12,13596,2022-09-21 06:00:00+00:00,13598,2022-09-21 14:00:00+00:00,1,0,,,0,,,0,0,,,1,0,0,1,0,0,,,,,,0,,0,0,0,0,0,0,0
2636,12,13621,2022-09-27 10:00:00+00:00,13622,2022-09-27 14:00:00+00:00,1,0,,,0,,,0,0,,,1,0,0,1,0,0,,,,,,0,,0,0,0,0,0,0,0
2645,12,13661,2022-10-06 02:00:00+00:00,13662,2022-10-06 06:00:00+00:00,1,0,,,0,,,0,0,,,1,0,0,1,0,0,,,,,,0,,0,0,0,0,0,0,0
2653,12,13705,2022-10-17 10:00:00+00:00,13707,2022-10-17 18:00:00+00:00,1,0,,,0,,,0,0,,,1,0,0,1,0,0,,,,,,0,,0,0,0,0,0,0,0
2659,12,13744,2022-10-25 22:00:00+00:00,13744,2022-10-25 22:00:00+00:00,1,0,,,0,,,0,0,,,1,0,0,1,0,0,,,,,,0,,0,0,0,0,0,0,0
2666,12,13801,2022-11-08 07:00:00+00:00,13801,2022-11-08 07:00:00+00:00,1,0,,,0,,,0,0,,,1,0,0,1,0,0,,,,,,0,,0,0,0,0,0,0,0
2672,12,13841,2022-11-16 23:00:00+00:00,13841,2022-11-16 23:00:00+00:00,1,0,,,0,,,0,0,,,1,0,1,1,0,0,,,,,,0,,0,0,0,0,0,0,0
2674,12,13843,2022-11-17 07:00:00+00:00,13843,2022-11-17 07:00:00+00:00,1,0,,,0,,,0,0,,,1,0,0,1,0,0,,,,,,0,,0,0,0,0,0,0,0
2679,12,13866,2022-11-23 03:00:00+00:00,13867,2022-11-23 07:00:00+00:00,1,0,,,0,,,0,0,,,1,0,0,1,0,0,,,,,,0,,0,0,0,0,0,0,0
2686,12,13885,2022-11-28 11:00:00+00:00,13885,2022-11-28 11:00:00+00:00,1,0,,,0,,,0,0,,,1,0,1,1,0,0,,,,,,0,,0,0,0,0,0,0,0
2689,12,13887,2022-11-28 19:00:00+00:00,13893,2022-11-29 19:00:00+00:00,1,1,13890.0,2022-11-29 07:00:00+00:00,1,13890.0,2022-11-29 07:00:00+00:00,1,0,13890.0,2022-11-29 07:00:00+00:00,0,0,0,0,0,1,0.36944541307201717,0.9236831190377405,0.5833333333333333,0.0,1.0,-1,0.7295944362567494,0,0,0,0,0,0,0
2698,12,13927,2022-12-07 19:00:00+00:00,13930,2022-12-08 07:00:00+00:00,1,1,13930.0,2022-12-08 07:00:00+00:00,1,13930.0,2022-12-08 07:00:00+00:00,1,0,13930.0,2022-12-08 07:00:00+00:00,0,0,0,0,0,1,0.5853222762173107,0.5630330394897156,0.33333333333333337,1.0,0.0,1,0.7017286087274953,1,0,0,0,0,0,0
2704,12,13938,2022-12-09 15:00:00+00:00,13941,2022-12-12 03:00:00+00:00,1,1,13941.0,2022-12-12 03:00:00+00:00,1,13941.0,2022-12-12 03:00:00+00:00,1,0,13941.0,2022-12-12 03:00:00+00:00,0,0,0,0,0,1,0.45592419548838387,0.7935729847494576,0.16666666666666663,0.0,1.0,-1,0.7175314457380125,0,0,1,0,0,0,0
2707,12,13943,2022-12-12 11:00:00+00:00,13943,2022-12-12 11:00:00+00:00,1,0,,,0,,,0,0,,,1,0,0,1,0,0,,,,,,0,,0,0,0,0,0,0,0
2713,12,13970,2022-12-18 23:00:00+00:00,13971,2022-12-19 03:00:00+00:00,1,0,,,0,,,0,0,,,1,0,0,1,0,0,,,,,,0,,0,0,0,0,0,0,0
2720,12,14022,2022-12-30 15:00:00+00:00,14022,2022-12-30 15:00:00+00:00,1,0,,,0,,,0,0,,,1,0,0,1,0,0,,,,,,0,,0,0,0,0,0,0,0
2724,12,14058,2023-01-10 15:00:00+00:00,14060,2023-01-10 23:00:00+00:00,1,0,,,0,,,0,0,,,1,0,0,1,0,0,,,,,,0,,0,0,0,0,0,0,0
2728,12,14063,2023-01-11 11:00:00+00:00,14065,2023-01-11 19:00:00+00:00,1,0,,,0,,,0,0,,,1,0,0,1,0,0,,,,,,0,,0,0,0,0,0,0,0
2734,12,14087,2023-01-17 11:00:00+00:00,14088,2023-01-17 15:00:00+00:00,1,0,,,0,,,0,0,,,1,0,0,1,0,0,,,,,,0,,0,0,0,0,0,0,0
2738,12,14112,2023-01-23 15:00:00+00:00,14114,2023-01-23 23:00:00+00:00,1,0,,,0,,,0,0,,,1,0,0,1,0,0,,,,,,0,,0,0,0,0,0,0,0
2744,12,14130,2023-01-26 15:00:00+00:00,14130,2023-01-26 15:00:00+00:00,1,0,,,0,,,0,0,,,1,0,0,1,0,0,,,,,,0,,0,0,0,0,0,0,0
2747,12,14141,2023-01-30 11:00:00+00:00,14141,2023-01-30 11:00:00+00:00,1,0,,,0,,,0,0,,,1,0,0,1,0,0,,,,,,0,,0,0,0,0,0,0,0
2755,12,14177,2023-02-07 11:00:00+00:00,14177,2023-02-07 11:00:00+00:00,1,0,,,0,,,0,0,,,1,0,0,1,0,0,,,,,,0,,0,0,0,0,0,0,0
2758,12,14182,2023-02-08 07:00:00+00:00,14184,2023-02-08 15:00:00+00:00,1,0,,,0,,,0,0,,,1,0,0,1,0,0,,,,,,0,,0,0,0,0,0,0,0
2760,12,14188,2023-02-09 07:00:00+00:00,14188,2023-02-09 07:00:00+00:00,1,0,,,0,,,0,0,,,1,0,0,1,0,0,,,,,,0,,0,0,0,0,0,0,0
2771,12,14238,2023-02-21 15:00:00+00:00,14241,2023-02-22 03:00:00+00:00,1,1,14241.0,2023-02-22 03:00:00+00:00,1,14241.0,2023-02-22 03:00:00+00:00,1,0,14241.0,2023-02-22 03:00:00+00:00,0,0,0,0,0,1,0.6516529344449288,0.599575862733757,0.25,0.0,1.0,-1,0.6782548710611808,1,0,0,0,0,0,0
2775,12,14243,2023-02-22 11:00:00+00:00,14243,2023-02-22 11:00:00+00:00,1,0,,,0,,,0,0,,,1,0,0,1,0,0,,,,,,0,,0,0,0,0,0,0,0
2780,12,14262,2023-02-27 15:00:00+00:00,14262,2023-02-27 15:00:00+00:00,1,0,,,0,,,0,0,,,1,0,0,1,0,0,,,,,,0,,0,0,0,0,0,0,0
2786,12,14283,2023-03-03 03:00:00+00:00,14283,2023-03-03 03:00:00+00:00,1,0,,,0,,,0,0,,,1,0,0,1,0,0,,,,,,0,,0,0,0,0,0,0,0
2787,12,14286,2023-03-03 15:00:00+00:00,14286,2023-03-03 15:00:00+00:00,1,0,,,0,,,0,0,,,1,0,0,1,0,0,,,,,,0,,0,0,0,0,0,0,0
2794,12,14378,2023-03-24 18:00:00+00:00,14379,2023-03-26 22:00:00+00:00,1,0,,,0,,,0,0,,,1,0,0,1,0,0,,,,,,0,,0,0,0,0,0,0,0
2798,12,14389,2023-03-28 14:00:00+00:00,14393,2023-03-29 06:00:00+00:00,1,1,14393.0,2023-03-29 06:00:00+00:00,1,14393.0,2023-03-29 06:00:00+00:00,1,0,14393.0,2023-03-29 06:00:00+00:00,0,0,0,0,0,1,0.6006037663373484,0.5613026819923368,0.16666666666666663,2.0,0.0,1,0.695102739977394,1,0,1,0,1,0,0
2803,12,14399,2023-03-30 06:00:00+00:00,14399,2023-03-30 06:00:00+00:00,1,0,,,0,,,0,0,,,1,0,0,1,0,0,,,,,,0,,0,0,0,0,0,0,0
2809,12,14431,2023-04-06 14:00:00+00:00,14432,2023-04-06 18:00:00+00:00,1,0,,,0,,,0,0,,,1,0,0,1,0,0,,,,,,0,,0,0,0,0,0,0,0
2819,12,14503,2023-04-25 14:00:00+00:00,14506,2023-04-26 02:00:00+00:00,1,0,,,0,,,0,0,,,0,0,0,1,0,0,,,,,,0,,0,0,0,0,0,0,0
2824,12,14520,2023-04-28 10:00:00+00:00,14523,2023-04-30 22:00:00+00:00,1,1,14523.0,2023-04-30 22:00:00+00:00,1,14523.0,2023-04-30 22:00:00+00:00,1,0,14523.0,2023-04-30 22:00:00+00:00,0,0,0,0,0,1,0.5108013498524532,0.9124070897655824,0.25,0.0,1.0,-1,0.6590003112780937,0,0,0,0,0,0,0
2830,12,14565,2023-05-09 22:00:00+00:00,14567,2023-05-10 06:00:00+00:00,1,0,,,0,,,0,0,,,1,0,0,1,0,0,,,,,,0,,0,0,0,0,0,0,0
2836,12,14586,2023-05-15 10:00:00+00:00,14592,2023-05-16 10:00:00+00:00,1,1,14589.0,2023-05-15 22:00:00+00:00,1,14589.0,2023-05-15 22:00:00+00:00,1,0,14589.0,2023-05-15 22:00:00+00:00,0,0,0,0,0,1,0.706142330025267,0.48192585756037065,0.25,2.0,0.0,1,0.5825895799496013,1,0,0,0,0,0,0
2848,12,14619,2023-05-22 22:00:00+00:00,14624,2023-05-23 18:00:00+00:00,1,1,14624.0,2023-05-23 18:00:00+00:00,0,,,0,0,,,0,0,0,0,0,0,0.5927051666061834,0.6618468230176886,0.33333333333333337,2.0,1.0,1,0.4155533380486781,1,0,0,1,0,0,1
2853,12,14627,2023-05-24 06:00:00+00:00,14627,2023-05-24 06:00:00+00:00,1,0,,,0,,,0,0,,,1,0,0,1,0,0,,,,,,0,,0,0,0,0,0,0,0
2857,12,14651,2023-05-30 06:00:00+00:00,14651,2023-05-30 06:00:00+00:00,1,0,,,0,,,0,0,,,1,0,0,1,0,0,,,,,,0,,0,0,0,0,0,0,0
2874,12,14772,2023-06-27 10:00:00+00:00,14772,2023-06-27 10:00:00+00:00,1,0,,,0,,,0,0,,,1,0,1,1,0,0,,,,,,0,,0,0,0,0,0,0,0
2877,12,14774,2023-06-27 18:00:00+00:00,14775,2023-06-27 22:00:00+00:00,1,0,,,0,,,0,0,,,1,0,0,1,0,0,,,,,,0,,0,0,0,0,0,0,0
2886,12,14853,2023-07-16 22:00:00+00:00,14855,2023-07-17 06:00:00+00:00,1,0,,,0,,,0,0,,,1,0,0,1,0,0,,,,,,0,,0,0,0,0,0,0,0
2891,12,14887,2023-07-24 14:00:00+00:00,14889,2023-07-24 22:00:00+00:00,1,0,,,0,,,0,0,,,1,0,1,1,0,0,,,,,,0,,0,0,0,0,0,0,0
2893,12,14891,2023-07-25 06:00:00+00:00,14891,2023-07-25 06:00:00+00:00,1,0,,,0,,,0,0,,,1,0,0,1,0,0,,,,,,0,,0,0,0,0,0,0,0
2901,12,14919,2023-07-31 22:00:00+00:00,14921,2023-08-01 06:00:00+00:00,1,0,,,0,,,0,0,,,1,0,0,1,0,0,,,,,,0,,0,0,0,0,0,0,0
2913,12,14964,2023-08-10 10:00:00+00:00,14965,2023-08-10 14:00:00+00:00,1,0,,,0,,,0,0,,,1,0,0,1,0,0,,,,,,0,,0,0,0,0,0,0,0
2918,12,14989,2023-08-16 14:00:00+00:00,14989,2023-08-16 14:00:00+00:00,1,0,,,0,,,0,0,,,1,0,0,1,0,0,,,,,,0,,0,0,0,0,0,0,0
2920,12,15006,2023-08-21 10:00:00+00:00,15006,2023-08-21 10:00:00+00:00,1,0,,,0,,,0,0,,,1,0,0,1,0,0,,,,,,0,,0,0,0,0,0,0,0
2922,12,15012,2023-08-22 10:00:00+00:00,15013,2023-08-22 14:00:00+00:00,1,0,,,0,,,0,0,,,1,0,0,1,0,0,,,,,,0,,0,0,0,0,0,0,0
2928,12,15030,2023-08-25 10:00:00+00:00,15030,2023-08-25 10:00:00+00:00,1,0,,,0,,,0,0,,,1,0,0,1,0,0,,,,,,0,,0,0,0,0,0,0,0
2933,12,15055,2023-08-31 14:00:00+00:00,15057,2023-08-31 22:00:00+00:00,1,0,,,0,,,0,0,,,1,0,0,1,0,0,,,,,,0,,0,0,0,0,0,0,0
2943,12,15091,2023-09-08 14:00:00+00:00,15101,2023-09-12 06:00:00+00:00,1,1,15094.0,2023-09-11 02:00:00+00:00,1,15094.0,2023-09-11 02:00:00+00:00,1,0,15094.0,2023-09-11 02:00:00+00:00,0,0,0,0,0,1,0.29946112055226365,0.9901088031651808,0.75,1.0,2.0,-1,0.7112589703176054,0,0,0,0,0,0,0
2947,12,15115,2023-09-14 14:00:00+00:00,15117,2023-09-14 22:00:00+00:00,1,0,,,0,,,0,0,,,1,0,0,1,0,0,,,,,,0,,0,0,0,0,0,0,0
2956,12,15158,2023-09-25 18:00:00+00:00,15159,2023-09-25 22:00:00+00:00,1,0,,,0,,,0,0,,,1,0,0,1,0,0,,,,,,0,,0,0,0,0,0,0,0
2959,12,15199,2023-10-04 14:00:00+00:00,15199,2023-10-04 14:00:00+00:00,1,0,,,0,,,0,0,,,1,0,0,1,0,0,,,,,,0,,0,0,0,0,0,0,0
2965,12,15205,2023-10-05 14:00:00+00:00,15207,2023-10-05 22:00:00+00:00,1,0,,,0,,,0,0,,,1,0,0,1,0,0,,,,,,0,,0,0,0,0,0,0,0
2971,12,15252,2023-10-17 10:00:00+00:00,15252,2023-10-17 10:00:00+00:00,1,0,,,0,,,0,0,,,1,0,0,1,0,0,,,,,,0,,0,0,0,0,0,0,0
2987,12,15414,2023-11-23 07:00:00+00:00,15414,2023-11-23 07:00:00+00:00,1,0,,,0,,,0,0,,,1,0,0,1,0,0,,,,,,0,,0,0,0,0,0,0,0
2992,12,15447,2023-11-30 23:00:00+00:00,15450,2023-12-01 11:00:00+00:00,1,1,15450.0,2023-12-01 11:00:00+00:00,0,,,0,0,,,0,0,0,0,0,0,0.49897263870557856,0.8222403332427748,0.5833333333333333,1.0,0.0,1,0.5485733010346124,0,0,0,1,0,0,1
2995,12,15497,2023-12-13 07:00:00+00:00,15497,2023-12-13 07:00:00+00:00,1,0,,,0,,,0,0,,,1,0,0,1,0,0,,,,,,0,,0,0,0,0,0,0,0
2999,12,15513,2023-12-17 23:00:00+00:00,15513,2023-12-17 23:00:00+00:00,1,0,,,0,,,0,0,,,1,0,0,1,0,0,,,,,,0,,0,0,0,0,0,0,0
3001,12,15517,2023-12-18 15:00:00+00:00,15518,2023-12-18 19:00:00+00:00,1,0,,,0,,,0,0,,,1,0,0,1,0,0,,,,,,0,,0,0,0,0,0,0,0
3009,12,15551,2023-12-27 07:00:00+00:00,15551,2023-12-27 07:00:00+00:00,1,0,,,0,,,0,0,,,1,0,0,1,0,0,,,,,,0,,0,0,0,0,0,0,0
3014,12,15606,2024-01-10 11:00:00+00:00,15606,2024-01-10 11:00:00+00:00,1,0,,,0,,,0,0,,,1,0,1,1,0,0,,,,,,0,,0,0,0,0,0,0,0
3015,12,15608,2024-01-10 19:00:00+00:00,15610,2024-01-11 03:00:00+00:00,1,0,,,0,,,0,0,,,1,0,0,1,0,0,,,,,,0,,0,0,0,0,0,0,0
3023,12,15666,2024-01-24 11:00:00+00:00,15666,2024-01-24 11:00:00+00:00,1,0,,,0,,,0,0,,,1,0,0,1,0,0,,,,,,0,,0,0,0,0,0,0,0
3032,12,15727,2024-02-07 15:00:00+00:00,15730,2024-02-08 03:00:00+00:00,1,1,15730.0,2024-02-08 03:00:00+00:00,1,15730.0,2024-02-08 03:00:00+00:00,1,0,15730.0,2024-02-08 03:00:00+00:00,0,0,0,0,0,1,0.47579515827566987,0.9040147669589402,0.16666666666666663,0.0,0.0,0,0.7886478055592915,0,0,1,0,0,0,0
3036,12,15739,2024-02-09 15:00:00+00:00,15743,2024-02-12 07:00:00+00:00,1,1,15742.0,2024-02-12 03:00:00+00:00,1,15742.0,2024-02-12 03:00:00+00:00,1,0,15742.0,2024-02-12 03:00:00+00:00,0,0,0,0,0,1,0.7266336535898046,0.3785016881102312,0.6666666666666667,0.0,3.0,-1,0.6202340680655097,1,1,0,0,1,0,0
3045,12,15810,2024-02-27 11:00:00+00:00,15816,2024-02-28 11:00:00+00:00,1,1,15813.0,2024-02-27 23:00:00+00:00,1,15813.0,2024-02-27 23:00:00+00:00,1,0,15813.0,2024-02-27 23:00:00+00:00,0,0,0,0,0,1,0.5034343110443055,0.8649525133194427,0.33333333333333337,0.0,0.0,0,0.6048466790069741,0,0,0,0,0,0,0
3058,12,15902,2024-03-19 14:00:00+00:00,15907,2024-03-20 10:00:00+00:00,1,1,15905.0,2024-03-20 02:00:00+00:00,1,15905.0,2024-03-20 02:00:00+00:00,1,0,15905.0,2024-03-20 02:00:00+00:00,0,0,0,0,0,1,0.6144899740461574,0.6732065001981753,0.5,0.0,0.0,0,0.7026989909243949,1,0,0,0,0,0,0
3066,12,15926,2024-03-25 14:00:00+00:00,15926,2024-03-25 14:00:00+00:00,1,0,,,0,,,0,0,,,1,0,1,1,0,0,,,,,,0,,0,0,0,0,0,0,0
3067,12,15928,2024-03-25 22:00:00+00:00,15929,2024-03-26 02:00:00+00:00,1,0,,,0,,,0,0,,,1,0,0,1,0,0,,,,,,0,,0,0,0,0,0,0,0
3070,12,15941,2024-03-28 02:00:00+00:00,15942,2024-03-28 06:00:00+00:00,1,0,,,0,,,0,0,,,1,0,0,1,0,0,,,,,,0,,0,0,0,0,0,0,0
3076,12,16022,2024-04-17 14:00:00+00:00,16022,2024-04-17 14:00:00+00:00,1,0,,,0,,,0,0,,,1,0,0,1,0,0,,,,,,0,,0,0,0,0,0,0,0
3080,12,16035,2024-04-19 18:00:00+00:00,16036,2024-04-21 22:00:00+00:00,1,0,,,0,,,0,0,,,1,0,0,1,0,0,,,,,,0,,0,0,0,0,0,0,0
3085,12,16069,2024-04-29 10:00:00+00:00,16069,2024-04-29 10:00:00+00:00,1,0,,,0,,,0,0,,,1,0,0,1,0,0,,,,,,0,,0,0,0,0,0,0,0
3096,12,16108,2024-05-07 22:00:00+00:00,16109,2024-05-08 02:00:00+00:00,1,0,,,0,,,0,0,,,1,0,0,1,0,0,,,,,,0,,0,0,0,0,0,0,0
3102,12,16166,2024-05-21 14:00:00+00:00,16167,2024-05-21 18:00:00+00:00,1,0,,,0,,,0,0,,,1,0,0,1,0,0,,,,,,0,,0,0,0,0,0,0,0
3109,12,16191,2024-05-27 18:00:00+00:00,16191,2024-05-27 18:00:00+00:00,1,0,,,0,,,0,0,,,1,0,1,1,0,0,,,,,,0,,0,0,0,0,0,0,0
3110,12,16193,2024-05-28 02:00:00+00:00,16194,2024-05-28 06:00:00+00:00,1,0,,,0,,,0,0,,,1,0,0,1,0,0,,,,,,0,,0,0,0,0,0,0,0
3113,12,16198,2024-05-28 22:00:00+00:00,16200,2024-05-29 06:00:00+00:00,1,0,,,0,,,0,0,,,1,0,1,1,0,0,,,,,,0,,0,0,0,0,0,0,0
3118,12,16202,2024-05-29 14:00:00+00:00,16204,2024-05-29 22:00:00+00:00,1,0,,,0,,,0,0,,,1,0,0,1,0,0,,,,,,0,,0,0,0,0,0,0,0
3126,12,16255,2024-06-11 10:00:00+00:00,16256,2024-06-11 14:00:00+00:00,1,0,,,0,,,0,0,,,1,0,0,1,0,0,,,,,,0,,0,0,0,0,0,0,0
3133,12,16266,2024-06-13 06:00:00+00:00,16267,2024-06-13 10:00:00+00:00,1,0,,,0,,,0,0,,,1,0,0,1,0,0,,,,,,0,,0,0,0,0,0,0,0
3144,12,16339,2024-07-01 10:00:00+00:00,16349,2024-07-03 02:00:00+00:00,1,1,16343.0,2024-07-02 02:00:00+00:00,1,16343.0,2024-07-02 02:00:00+00:00,1,0,16343.0,2024-07-02 02:00:00+00:00,0,0,0,0,0,1,0.5081981470152188,0.7338367154317855,0.6666666666666667,1.0,0.0,1,0.6402991095419589,0,0,0,0,0,0,1
3157,12,16418,2024-07-18 14:00:00+00:00,16418,2024-07-18 14:00:00+00:00,1,0,,,0,,,0,0,,,1,0,0,1,0,0,,,,,,0,,0,0,0,0,0,0,0
3165,12,16501,2024-08-07 10:00:00+00:00,16505,2024-08-08 02:00:00+00:00,1,0,,,0,,,0,0,,,0,0,0,1,0,0,,,,,,0,,0,0,0,0,0,0,0
3178,12,16586,2024-08-27 14:00:00+00:00,16590,2024-08-28 06:00:00+00:00,1,0,,,0,,,0,0,,,0,0,0,1,0,0,,,,,,0,,0,0,0,0,0,0,0
3184,12,16616,2024-09-03 14:00:00+00:00,16616,2024-09-03 14:00:00+00:00,1,0,,,0,,,0,0,,,1,0,0,1,0,0,,,,,,0,,0,0,0,0,0,0,0
3194,12,16672,2024-09-16 22:00:00+00:00,16673,2024-09-17 02:00:00+00:00,1,0,,,0,,,0,0,,,1,0,0,1,0,0,,,,,,0,,0,0,0,0,0,0,0
3208,12,16743,2024-10-02 18:00:00+00:00,16743,2024-10-02 18:00:00+00:00,1,0,,,0,,,0,0,,,1,0,1,1,0,0,,,,,,0,,0,0,0,0,0,0,0
3210,12,16745,2024-10-03 02:00:00+00:00,16745,2024-10-03 02:00:00+00:00,1,0,,,0,,,0,0,,,1,0,0,1,0,0,,,,,,0,,0,0,0,0,0,0,0
3213,12,16763,2024-10-08 02:00:00+00:00,16763,2024-10-08 02:00:00+00:00,1,0,,,0,,,0,0,,,1,0,0,1,0,0,,,,,,0,,0,0,0,0,0,0,0
3220,12,16778,2024-10-10 14:00:00+00:00,16779,2024-10-10 18:00:00+00:00,1,0,,,0,,,0,0,,,1,0,0,1,0,0,,,,,,0,,0,0,0,0,0,0,0
3227,12,16850,2024-10-28 14:00:00+00:00,16851,2024-10-28 18:00:00+00:00,1,0,,,0,,,0,0,,,1,0,0,1,0,0,,,,,,0,,0,0,0,0,0,0,0
3246,12,16997,2024-12-01 23:00:00+00:00,16997,2024-12-01 23:00:00+00:00,1,0,,,0,,,0,0,,,1,0,0,1,0,0,,,,,,0,,0,0,0,0,0,0,0
3251,12,17007,2024-12-03 15:00:00+00:00,17007,2024-12-03 15:00:00+00:00,1,0,,,0,,,0,0,,,1,0,0,1,0,0,,,,,,0,,0,0,0,0,0,0,0
3254,12,17012,2024-12-04 11:00:00+00:00,17014,2024-12-04 19:00:00+00:00,1,0,,,0,,,0,0,,,1,0,0,1,0,0,,,,,,0,,0,0,0,0,0,0,0
3257,12,17019,2024-12-05 15:00:00+00:00,17020,2024-12-05 19:00:00+00:00,1,0,,,0,,,0,0,,,1,0,0,1,0,0,,,,,,0,,0,0,0,0,0,0,0
3263,12,17073,2024-12-18 15:00:00+00:00,17073,2024-12-18 15:00:00+00:00,1,0,,,0,,,0,0,,,1,0,0,1,0,0,,,,,,0,,0,0,0,0,0,0,0
3270,12,17096,2024-12-24 11:00:00+00:00,17099,2024-12-26 03:00:00+00:00,1,1,17099.0,2024-12-26 03:00:00+00:00,1,17099.0,2024-12-26 03:00:00+00:00,0,1,,,0,0,0,0,0,1,0.40380576278585806,0.7799217558517346,0.16666666666666663,1.0,1.0,0,0.6517105113983921,0,0,1,0,0,0,0
3275,12,17101,2024-12-26 11:00:00+00:00,17101,2024-12-26 11:00:00+00:00,1,0,,,0,,,0,0,,,1,0,0,1,0,0,,,,,,0,,0,0,0,0,0,0,0
3277,12,17107,2024-12-27 11:00:00+00:00,17111,2024-12-30 03:00:00+00:00,1,1,17110.0,2024-12-29 23:00:00+00:00,1,17110.0,2024-12-29 23:00:00+00:00,1,0,17110.0,2024-12-29 23:00:00+00:00,0,0,0,0,0,1,0.5228557800746138,0.7021444626693517,0.6666666666666667,0.0,2.0,-1,0.7201782286471347,0,0,0,0,0,0,0
3285,12,17154,2025-01-09 07:00:00+00:00,17154,2025-01-09 07:00:00+00:00,1,0,,,0,,,0,0,,,1,0,0,1,0,0,,,,,,0,,0,0,0,0,0,0,0
3292,12,17215,2025-01-23 11:00:00+00:00,17215,2025-01-23 11:00:00+00:00,1,0,,,0,,,0,0,,,1,0,0,1,0,0,,,,,,0,,0,0,0,0,0,0,0
3295,12,17240,2025-01-29 15:00:00+00:00,17240,2025-01-29 15:00:00+00:00,1,0,,,0,,,0,0,,,1,0,0,1,0,0,,,,,,0,,0,0,0,0,0,0,0
3303,12,17340,2025-02-21 07:00:00+00:00,17341,2025-02-21 11:00:00+00:00,1,0,,,0,,,0,0,,,1,0,0,1,0,0,,,,,,0,,0,0,0,0,0,0,0
3307,12,17353,2025-02-25 11:00:00+00:00,17353,2025-02-25 11:00:00+00:00,1,0,,,0,,,0,0,,,1,0,0,1,0,0,,,,,,0,,0,0,0,0,0,0,0
3312,12,17390,2025-03-05 15:00:00+00:00,17391,2025-03-05 19:00:00+00:00,1,0,,,0,,,0,0,,,1,0,0,1,0,0,,,,,,0,,0,0,0,0,0,0,0
3314,12,17394,2025-03-06 07:00:00+00:00,17398,2025-03-06 23:00:00+00:00,1,1,17397.0,2025-03-06 19:00:00+00:00,1,17397.0,2025-03-06 19:00:00+00:00,1,0,17397.0,2025-03-06 19:00:00+00:00,0,0,0,0,0,1,0.5127219220903482,0.8167485138278707,0.5833333333333333,0.0,0.0,0,0.6303740323188575,0,0,0,0,0,0,0
3321,12,17406,2025-03-10 03:00:00+00:00,17408,2025-03-10 10:00:00+00:00,1,0,,,0,,,0,0,,,1,0,0,1,0,0,,,,,,0,,0,0,0,0,0,0,0
3327,12,17415,2025-03-11 14:00:00+00:00,17416,2025-03-11 18:00:00+00:00,1,0,,,0,,,0,0,,,1,0,0,1,0,0,,,,,,0,,0,0,0,0,0,0,0
3333,12,17485,2025-03-27 06:00:00+00:00,17485,2025-03-27 06:00:00+00:00,1,0,,,0,,,0,0,,,1,0,0,1,0,0,,,,,,0,,0,0,0,0,0,0,0
3342,12,17561,2025-04-14 22:00:00+00:00,17566,2025-04-15 18:00:00+00:00,1,1,17564.0,2025-04-15 10:00:00+00:00,1,17564.0,2025-04-15 10:00:00+00:00,1,0,17564.0,2025-04-15 10:00:00+00:00,0,0,0,0,0,1,0.48816541831295784,0.985654493753789,0.33333333333333337,0.0,0.0,0,0.7932490635590124,0,0,0,0,0,0,0
3350,12,17606,2025-04-25 10:00:00+00:00,17609,2025-04-27 22:00:00+00:00,1,1,17609.0,2025-04-27 22:00:00+00:00,0,,,0,0,,,0,0,0,0,0,0,0.5393669461535231,0.6226973944721624,0.5,0.0,2.0,-1,0.5782062009809268,0,0,0,1,0,0,1
3352,12,17615,2025-04-28 22:00:00+00:00,17615,2025-04-28 22:00:00+00:00,1,0,,,0,,,0,0,,,1,0,0,1,0,0,,,,,,0,,0,0,0,0,0,0,0
3358,12,17639,2025-05-04 22:00:00+00:00,17640,2025-05-05 02:00:00+00:00,1,0,,,0,,,0,0,,,1,0,0,1,0,0,,,,,,0,,0,0,0,0,0,0,0
3366,12,17681,2025-05-13 22:00:00+00:00,17681,2025-05-13 22:00:00+00:00,1,0,,,0,,,0,0,,,1,0,0,1,0,0,,,,,,0,,0,0,0,0,0,0,0
3376,12,17721,2025-05-22 14:00:00+00:00,17725,2025-05-23 06:00:00+00:00,1,1,17724.0,2025-05-23 02:00:00+00:00,1,17724.0,2025-05-23 02:00:00+00:00,1,0,17724.0,2025-05-23 02:00:00+00:00,0,0,0,0,0,1,0.37787990773458535,0.8675123326286105,0.5,0.0,1.0,-1,0.6461832203884424,0,0,0,0,0,0,0
3385,12,17744,2025-05-28 10:00:00+00:00,17745,2025-05-28 14:00:00+00:00,1,0,,,0,,,0,0,,,1,0,0,1,0,0,,,,,,0,,0,0,0,0,0,0,0
3393,12,17803,2025-06-11 06:00:00+00:00,17803,2025-06-11 06:00:00+00:00,1,0,,,0,,,0,0,,,1,0,0,1,0,0,,,,,,0,,0,0,0,0,0,0,0
3395,12,17809,2025-06-12 06:00:00+00:00,17809,2025-06-12 06:00:00+00:00,1,0,,,0,,,0,0,,,1,0,0,1,0,0,,,,,,0,,0,0,0,0,0,0,0
3404,12,17836,2025-06-18 18:00:00+00:00,17838,2025-06-19 02:00:00+00:00,1,0,,,0,,,0,0,,,1,0,0,1,0,0,,,,,,0,,0,0,0,0,0,0,0
3407,12,17845,2025-06-20 06:00:00+00:00,17846,2025-06-20 10:00:00+00:00,1,0,,,0,,,0,0,,,1,0,0,1,0,0,,,,,,0,,0,0,0,0,0,0,0
3412,12,17852,2025-06-23 10:00:00+00:00,17852,2025-06-23 10:00:00+00:00,1,0,,,0,,,0,0,,,1,0,0,1,0,0,,,,,,0,,0,0,0,0,0,0,0
3417,12,17868,2025-06-26 02:00:00+00:00,17868,2025-06-26 02:00:00+00:00,1,0,,,0,,,0,0,,,1,0,0,1,0,0,,,,,,0,,0,0,0,0,0,0,0
3419,12,17899,2025-07-03 06:00:00+00:00,17899,2025-07-03 06:00:00+00:00,1,0,,,0,,,0,0,,,1,0,0,1,0,0,,,,,,0,,0,0,0,0,0,0,0
3432,12,17946,2025-07-15 06:00:00+00:00,17946,2025-07-15 06:00:00+00:00,1,0,,,0,,,0,0,,,1,0,0,1,0,0,,,,,,0,,0,0,0,0,0,0,0
3434,12,17953,2025-07-16 10:00:00+00:00,17953,2025-07-16 10:00:00+00:00,1,0,,,0,,,0,0,,,1,0,0,1,0,0,,,,,,0,,0,0,0,0,0,0,0
3447,12,18051,2025-08-07 18:00:00+00:00,18051,2025-08-07 18:00:00+00:00,1,0,,,0,,,0,0,,,1,0,0,1,0,0,,,,,,0,,0,0,0,0,0,0,0
3457,12,18104,2025-08-20 14:00:00+00:00,18104,2025-08-20 14:00:00+00:00,1,0,,,0,,,0,0,,,1,0,0,1,0,0,,,,,,0,,0,0,0,0,0,0,0
3461,12,18114,2025-08-22 06:00:00+00:00,18114,2025-08-22 06:00:00+00:00,1,0,,,0,,,0,0,,,1,0,0,1,0,0,,,,,,0,,0,0,0,0,0,0,0
3469,12,18200,2025-09-11 14:00:00+00:00,18209,2025-09-15 02:00:00+00:00,1,1,18207.0,2025-09-12 18:00:00+00:00,1,18207.0,2025-09-12 18:00:00+00:00,1,0,18207.0,2025-09-12 18:00:00+00:00,0,0,0,0,0,1,0.6587373942905937,0.41353097681491136,0.33333333333333337,2.0,0.0,1,0.6296928941699043,1,1,0,0,1,1,1
3486,12,18267,2025-09-26 18:00:00+00:00,18267,2025-09-26 18:00:00+00:00,1,0,,,0,,,0,0,,,1,0,0,1,0,0,,,,,,0,,0,0,0,0,0,0,0
3498,12,18380,2025-10-23 14:00:00+00:00,18384,2025-10-24 06:00:00+00:00,1,1,18383.0,2025-10-24 02:00:00+00:00,1,18383.0,2025-10-24 02:00:00+00:00,1,0,18383.0,2025-10-24 02:00:00+00:00,0,0,0,0,0,1,0.600049304617525,0.5992634007809725,0.25,1.0,0.0,1,0.6998909001543562,1,0,0,0,0,0,0
3504,12,18386,2025-10-24 14:00:00+00:00,18389,2025-10-27 02:00:00+00:00,1,1,18389.0,2025-10-27 02:00:00+00:00,1,18389.0,2025-10-27 02:00:00+00:00,0,1,,,0,0,0,0,0,1,0.4740363145086476,0.8619274437554272,0.25,0.0,0.0,0,0.6592421254564743,0,0,0,0,0,0,0
3508,12,18409,2025-10-30 10:00:00+00:00,18411,2025-10-30 18:00:00+00:00,1,0,,,0,,,0,0,,,1,0,0,1,0,0,,,,,,0,,0,0,0,0,0,0,0
3510,12,18426,2025-11-04 03:00:00+00:00,18427,2025-11-04 07:00:00+00:00,1,0,,,0,,,0,0,,,1,0,1,1,0,0,,,,,,0,,0,0,0,0,0,0,0
3512,12,18429,2025-11-04 15:00:00+00:00,18433,2025-11-05 07:00:00+00:00,1,1,18433.0,2025-11-05 07:00:00+00:00,1,18433.0,2025-11-05 07:00:00+00:00,1,0,18433.0,2025-11-05 07:00:00+00:00,0,0,0,0,0,1,0.5740779731102015,0.6106645755734129,0.16666666666666663,0.0,1.0,-1,0.7069601781707979,1,0,1,0,1,0,0
3515,12,18436,2025-11-05 19:00:00+00:00,18438,2025-11-06 03:00:00+00:00,1,0,,,0,,,0,0,,,1,0,0,1,0,0,,,,,,0,,0,0,0,0,0,0,0
3520,12,18444,2025-11-07 03:00:00+00:00,18446,2025-11-07 11:00:00+00:00,1,0,,,0,,,0,0,,,1,0,0,1,0,0,,,,,,0,,0,0,0,0,0,0,0
3525,12,18462,2025-11-12 03:00:00+00:00,18463,2025-11-12 07:00:00+00:00,1,0,,,0,,,0,0,,,1,0,0,1,0,0,,,,,,0,,0,0,0,0,0,0,0
3528,12,18488,2025-11-18 11:00:00+00:00,18492,2025-11-19 03:00:00+00:00,1,0,,,0,,,0,0,,,0,0,0,1,0,0,,,,,,0,,0,0,0,0,0,0,0
3534,12,18500,2025-11-20 11:00:00+00:00,18503,2025-11-20 23:00:00+00:00,1,1,18503.0,2025-11-20 23:00:00+00:00,0,,,0,0,,,0,0,0,0,0,0,0.6316435694883875,0.5588010995832164,0.33333333333333337,0.0,2.0,-1,0.4517684930468523,1,0,0,1,0,0,1
3539,12,18507,2025-11-21 15:00:00+00:00,18512,2025-11-24 11:00:00+00:00,1,1,18510.0,2025-11-24 03:00:00+00:00,1,18510.0,2025-11-24 03:00:00+00:00,1,0,18510.0,2025-11-24 03:00:00+00:00,0,0,0,0,0,1,0.4743735677839001,0.7461529425584367,0.5833333333333333,0.0,1.0,-1,0.6577582853672461,0,0,0,0,0,0,0
3545,12,18525,2025-11-26 15:00:00+00:00,18528,2025-11-27 03:00:00+00:00,1,1,18528.0,2025-11-27 03:00:00+00:00,1,18528.0,2025-11-27 03:00:00+00:00,1,0,18528.0,2025-11-27 03:00:00+00:00,0,0,0,0,0,1,0.5339231644775517,0.5585967113690522,0.16666666666666663,3.0,0.0,1,0.6605017023365718,0,0,1,0,0,0,0
3549,12,18531,2025-11-27 15:00:00+00:00,18531,2025-11-27 15:00:00+00:00,1,0,,,0,,,0,0,,,1,0,0,1,0,0,,,,,,0,,0,0,0,0,0,0,0
3560,12,18609,2025-12-16 15:00:00+00:00,18617,2025-12-17 23:00:00+00:00,1,1,18612.0,2025-12-17 03:00:00+00:00,1,18612.0,2025-12-17 03:00:00+00:00,1,0,18612.0,2025-12-17 03:00:00+00:00,0,0,0,0,0,1,0.4811734712750647,0.8942407489779962,0.16666666666666663,1.0,0.0,1,0.7215240957405167,0,0,1,0,0,0,0
3576,12,18688,2026-01-06 23:00:00+00:00,18688,2026-01-06 23:00:00+00:00,1,0,,,0,,,0,0,,,1,0,0,1,0,0,,,,,,0,,0,0,0,0,0,0,0
3578,12,18691,2026-01-07 11:00:00+00:00,18696,2026-01-08 07:00:00+00:00,1,1,18694.0,2026-01-07 23:00:00+00:00,0,,,0,0,,,0,0,0,0,0,0,0.6167261325739731,0.6884325538209026,0.5,0.0,2.0,-1,0.47810788692176653,1,0,0,1,0,0,1
3587,12,18718,2026-01-13 23:00:00+00:00,18724,2026-01-14 23:00:00+00:00,1,1,18724.0,2026-01-14 23:00:00+00:00,1,18724.0,2026-01-14 23:00:00+00:00,1,0,18724.0,2026-01-14 23:00:00+00:00,0,0,0,0,0,1,0.39573269861583865,0.5869644153957827,0.41666666666666663,2.0,0.0,1,0.5974850770388643,0,0,0,0,0,0,1
3592,12,18729,2026-01-15 19:00:00+00:00,18733,2026-01-16 11:00:00+00:00,1,1,18733.0,2026-01-16 11:00:00+00:00,0,,,0,0,,,0,0,0,0,0,0,0.5605970125779095,0.6765639287827353,0.16666666666666663,0.0,2.0,-1,0.5326241296567632,1,0,1,1,1,0,1
3602,12,18815,2026-02-05 03:00:00+00:00,18818,2026-02-05 15:00:00+00:00,1,1,18818.0,2026-02-05 15:00:00+00:00,1,18818.0,2026-02-05 15:00:00+00:00,1,0,18818.0,2026-02-05 15:00:00+00:00,0,0,0,0,0,1,0.6944249824184829,0.46845056740406976,0.33333333333333337,0.0,2.0,-1,0.6033925075167048,1,0,0,0,0,0,0
3608,12,18835,2026-02-10 11:00:00+00:00,18835,2026-02-10 11:00:00+00:00,1,0,,,0,,,0,0,,,1,0,0,1,0,0,,,,,,0,,0,0,0,0,0,0,0
3610,12,18838,2026-02-10 23:00:00+00:00,18838,2026-02-10 23:00:00+00:00,1,0,,,0,,,0,0,,,1,0,0,1,0,0,,,,,,0,,0,0,0,0,0,0,0
3619,12,18871,2026-02-18 11:00:00+00:00,18871,2026-02-18 11:00:00+00:00,1,0,,,0,,,0,0,,,1,0,0,1,0,0,,,,,,0,,0,0,0,0,0,0,0
3623,12,18880,2026-02-19 23:00:00+00:00,18880,2026-02-19 23:00:00+00:00,1,0,,,0,,,0,0,,,1,0,0,1,0,0,,,,,,0,,0,0,0,0,0,0,0
3625,12,18908,2026-02-26 15:00:00+00:00,18909,2026-02-26 19:00:00+00:00,1,0,,,0,,,0,0,,,1,0,0,1,0,0,,,,,,0,,0,0,0,0,0,0,0
3630,12,18939,2026-03-05 19:00:00+00:00,18945,2026-03-06 19:00:00+00:00,1,1,18943.0,2026-03-06 11:00:00+00:00,1,18943.0,2026-03-06 11:00:00+00:00,1,0,18943.0,2026-03-06 11:00:00+00:00,0,0,0,0,0,1,0.41819876963945835,0.8525438809350451,0.33333333333333337,0.0,2.0,-1,0.6643967289052026,0,0,0,0,0,0,1
3641,12,18973,2026-03-13 06:00:00+00:00,18974,2026-03-13 10:00:00+00:00,1,0,,,0,,,0,0,,,1,0,0,1,0,0,,,,,,0,,0,0,0,0,0,0,0
3646,12,18987,2026-03-17 14:00:00+00:00,18991,2026-03-18 06:00:00+00:00,1,1,18990.0,2026-03-18 02:00:00+00:00,1,18990.0,2026-03-18 02:00:00+00:00,1,0,18990.0,2026-03-18 02:00:00+00:00,0,0,0,0,0,1,0.5629313149801031,0.8193418401611758,0.5,0.0,0.0,0,0.7106205602671207,1,0,0,0,0,0,0
3652,12,19026,2026-03-26 02:00:00+00:00,19026,2026-03-26 02:00:00+00:00,1,0,,,0,,,0,0,,,1,0,1,1,0,0,,,,,,0,,0,0,0,0,0,0,0
3654,12,19028,2026-03-26 10:00:00+00:00,19029,2026-03-26 14:00:00+00:00,1,0,,,0,,,0,0,,,1,0,0,1,0,0,,,,,,0,,0,0,0,0,0,0,0
3657,12,19032,2026-03-27 02:00:00+00:00,19032,2026-03-27 02:00:00+00:00,1,0,,,0,,,0,0,,,1,0,0,1,0,0,,,,,,0,,0,0,0,0,0,0,0
3658,12,19035,2026-03-27 14:00:00+00:00,19035,2026-03-27 14:00:00+00:00,1,0,,,0,,,0,0,,,1,0,0,1,0,0,,,,,,0,,0,0,0,0,0,0,0
3663,12,19046,2026-03-31 10:00:00+00:00,19046,2026-03-31 10:00:00+00:00,1,0,,,0,,,0,0,,,1,0,0,1,0,0,,,,,,0,,0,0,0,0,0,0,0
3667,12,19071,2026-04-07 14:00:00+00:00,19072,2026-04-07 18:00:00+00:00,1,0,,,0,,,0,0,,,1,0,0,1,0,0,,,,,,0,,0,0,0,0,0,0,0
3671,12,19085,2026-04-09 22:00:00+00:00,19085,2026-04-09 22:00:00+00:00,1,0,,,0,,,0,0,,,1,0,1,1,0,0,,,,,,0,,0,0,0,0,0,0,0
3673,12,19087,2026-04-10 06:00:00+00:00,19090,2026-04-10 18:00:00+00:00,1,1,19090.0,2026-04-10 18:00:00+00:00,1,19090.0,2026-04-10 18:00:00+00:00,1,0,19090.0,2026-04-10 18:00:00+00:00,0,0,0,0,0,1,0.45931747065321243,0.774118105632436,0.25,2.0,0.0,1,0.6489810298953315,0,0,0,0,0,0,0
4,16,16,2014-01-06 15:00:00+00:00,16,2014-01-06 15:00:00+00:00,1,0,,,0,,,0,0,,,1,0,0,1,0,0,,,,,,0,,0,0,0,0,0,0,0
14,16,38,2014-01-10 07:00:00+00:00,38,2014-01-10 07:00:00+00:00,1,0,,,0,,,0,0,,,1,0,0,1,0,0,,,,,,0,,0,0,0,0,0,0,0
21,16,55,2014-01-15 03:00:00+00:00,55,2014-01-15 03:00:00+00:00,1,0,,,0,,,0,0,,,1,0,0,1,0,0,,,,,,0,,0,0,0,0,0,0,0
31,16,119,2014-01-29 23:00:00+00:00,119,2014-01-29 23:00:00+00:00,1,0,,,0,,,0,0,,,1,0,0,1,0,0,,,,,,0,,0,0,0,0,0,0,0
89,16,538,2014-05-07 06:00:00+00:00,538,2014-05-07 06:00:00+00:00,1,0,,,0,,,0,0,,,1,0,0,1,0,0,,,,,,0,,0,0,0,0,0,0,0
115,16,752,2014-06-24 18:00:00+00:00,752,2014-06-24 18:00:00+00:00,1,0,,,0,,,0,0,,,1,0,0,1,0,0,,,,,,0,,0,0,0,0,0,0,0
122,16,792,2014-07-03 06:00:00+00:00,792,2014-07-03 06:00:00+00:00,1,0,,,0,,,0,0,,,1,0,0,1,0,0,,,,,,0,,0,0,0,0,0,0,0
146,16,938,2014-08-05 22:00:00+00:00,939,2014-08-06 02:00:00+00:00,1,0,,,0,,,0,0,,,1,0,0,1,0,0,,,,,,0,,0,0,0,0,0,0,0
153,16,967,2014-08-12 14:00:00+00:00,968,2014-08-12 18:00:00+00:00,1,0,,,0,,,0,0,,,1,0,0,1,0,0,,,,,,0,,0,0,0,0,0,0,0
171,16,1122,2014-09-16 14:00:00+00:00,1124,2014-09-16 22:00:00+00:00,1,0,,,0,,,0,0,,,1,0,0,1,0,0,,,,,,0,,0,0,0,0,0,0,0
195,16,1249,2014-10-15 02:00:00+00:00,1249,2014-10-15 02:00:00+00:00,1,0,,,0,,,0,0,,,1,0,0,1,0,0,,,,,,0,,0,0,0,0,0,0,0
201,16,1268,2014-10-20 02:00:00+00:00,1269,2014-10-20 06:00:00+00:00,1,0,,,0,,,0,0,,,1,0,0,1,0,0,,,,,,0,,0,0,0,0,0,0,0
216,16,1341,2014-11-04 23:00:00+00:00,1341,2014-11-04 23:00:00+00:00,1,0,,,0,,,0,0,,,1,0,0,1,0,0,,,,,,0,,0,0,0,0,0,0,0
228,16,1403,2014-11-19 07:00:00+00:00,1404,2014-11-19 11:00:00+00:00,1,0,,,0,,,0,0,,,1,0,0,1,0,0,,,,,,0,,0,0,0,0,0,0,0
233,16,1409,2014-11-20 07:00:00+00:00,1411,2014-11-20 15:00:00+00:00,1,0,,,0,,,0,0,,,1,0,0,1,0,0,,,,,,0,,0,0,0,0,0,0,0
243,16,1425,2014-11-24 23:00:00+00:00,1427,2014-11-25 07:00:00+00:00,1,0,,,0,,,0,0,,,1,0,0,1,0,0,,,,,,0,,0,0,0,0,0,0,0
245,16,1431,2014-11-25 23:00:00+00:00,1431,2014-11-25 23:00:00+00:00,1,0,,,0,,,0,0,,,1,0,0,1,0,0,,,,,,0,,0,0,0,0,0,0,0
255,16,1468,2014-12-04 11:00:00+00:00,1469,2014-12-04 15:00:00+00:00,1,0,,,0,,,0,0,,,1,0,0,1,0,0,,,,,,0,,0,0,0,0,0,0,0
262,16,1502,2014-12-12 03:00:00+00:00,1505,2014-12-12 15:00:00+00:00,1,1,1505.0,2014-12-12 15:00:00+00:00,1,1505.0,2014-12-12 15:00:00+00:00,1,0,1505.0,2014-12-12 15:00:00+00:00,0,0,0,0,0,1,0.5028673243985757,0.6827285841100741,0.125,0.0,2.0,-1,0.5969481871347556,0,0,1,0,0,0,0
266,16,1508,2014-12-15 03:00:00+00:00,1508,2014-12-15 03:00:00+00:00,1,0,,,0,,,0,0,,,1,0,0,1,0,0,,,,,,0,,0,0,0,0,0,0,0
280,16,1609,2015-01-09 07:00:00+00:00,1610,2015-01-09 11:00:00+00:00,1,0,,,0,,,0,0,,,1,0,0,1,0,0,,,,,,0,,0,0,0,0,0,0,0
301,16,1727,2015-02-06 03:00:00+00:00,1728,2015-02-06 07:00:00+00:00,1,0,,,0,,,0,0,,,1,0,0,1,0,0,,,,,,0,,0,0,0,0,0,0,0
307,16,1746,2015-02-11 07:00:00+00:00,1746,2015-02-11 07:00:00+00:00,1,0,,,0,,,0,0,,,1,0,0,1,0,0,,,,,,0,,0,0,0,0,0,0,0
319,16,1818,2015-02-27 11:00:00+00:00,1818,2015-02-27 11:00:00+00:00,1,0,,,0,,,0,0,,,1,0,0,1,0,0,,,,,,0,,0,0,0,0,0,0,0
324,16,1825,2015-03-02 15:00:00+00:00,1826,2015-03-02 19:00:00+00:00,1,0,,,0,,,0,0,,,1,0,0,1,0,0,,,,,,0,,0,0,0,0,0,0,0
330,16,1844,2015-03-05 19:00:00+00:00,1844,2015-03-05 19:00:00+00:00,1,0,,,0,,,0,0,,,1,0,0,1,0,0,,,,,,0,,0,0,0,0,0,0,0
341,16,1891,2015-03-17 02:00:00+00:00,1892,2015-03-17 06:00:00+00:00,1,0,,,0,,,0,0,,,1,0,0,1,0,0,,,,,,0,,0,0,0,0,0,0,0
366,16,2033,2015-04-19 22:00:00+00:00,2033,2015-04-19 22:00:00+00:00,1,0,,,0,,,0,0,,,1,0,0,1,0,0,,,,,,0,,0,0,0,0,0,0,0
373,16,2084,2015-04-30 06:00:00+00:00,2084,2015-04-30 06:00:00+00:00,1,0,,,0,,,0,0,,,1,0,0,1,0,0,,,,,,0,,0,0,0,0,0,0,0
407,16,2339,2015-06-26 10:00:00+00:00,2340,2015-06-26 14:00:00+00:00,1,0,,,0,,,0,0,,,1,0,0,1,0,0,,,,,,0,,0,0,0,0,0,0,0
416,16,2380,2015-07-07 02:00:00+00:00,2381,2015-07-07 06:00:00+00:00,1,0,,,0,,,0,0,,,1,0,0,1,0,0,,,,,,0,,0,0,0,0,0,0,0
442,16,2519,2015-08-06 14:00:00+00:00,2521,2015-08-06 22:00:00+00:00,1,0,,,0,,,0,0,,,1,0,1,1,0,0,,,,,,0,,0,0,0,0,0,0,0
446,16,2523,2015-08-07 06:00:00+00:00,2523,2015-08-07 06:00:00+00:00,1,0,,,0,,,0,0,,,1,0,0,1,0,0,,,,,,0,,0,0,0,0,0,0,0
451,16,2562,2015-08-17 10:00:00+00:00,2562,2015-08-17 10:00:00+00:00,1,0,,,0,,,0,0,,,1,0,0,1,0,0,,,,,,0,,0,0,0,0,0,0,0
459,16,2618,2015-08-28 14:00:00+00:00,2618,2015-08-28 14:00:00+00:00,1,0,,,0,,,0,0,,,1,0,0,1,0,0,,,,,,0,,0,0,0,0,0,0,0
470,16,2799,2015-10-08 18:00:00+00:00,2799,2015-10-08 18:00:00+00:00,1,0,,,0,,,0,0,,,1,0,0,1,0,0,,,,,,0,,0,0,0,0,0,0,0
476,16,2818,2015-10-13 18:00:00+00:00,2818,2015-10-13 18:00:00+00:00,1,0,,,0,,,0,0,,,1,0,0,1,0,0,,,,,,0,,0,0,0,0,0,0,0
483,16,2847,2015-10-20 10:00:00+00:00,2848,2015-10-20 14:00:00+00:00,1,0,,,0,,,0,0,,,1,0,0,1,0,0,,,,,,0,,0,0,0,0,0,0,0
492,16,2945,2015-11-11 11:00:00+00:00,2950,2015-11-12 07:00:00+00:00,1,0,,,0,,,0,0,,,0,0,0,1,0,0,,,,,,0,,0,0,0,0,0,0,0
501,16,3004,2015-11-25 07:00:00+00:00,3005,2015-11-25 11:00:00+00:00,1,0,,,0,,,0,0,,,1,0,0,1,0,0,,,,,,0,,0,0,0,0,0,0,0
506,16,3009,2015-11-26 03:00:00+00:00,3013,2015-11-26 23:00:00+00:00,1,0,,,0,,,0,0,,,0,0,0,1,0,0,,,,,,0,,0,0,0,0,0,0,0
517,16,3080,2015-12-14 07:00:00+00:00,3082,2015-12-14 15:00:00+00:00,1,0,,,0,,,0,0,,,1,0,0,1,0,0,,,,,,0,,0,0,0,0,0,0,0
526,16,3095,2015-12-16 19:00:00+00:00,3098,2015-12-17 07:00:00+00:00,1,1,3098.0,2015-12-17 07:00:00+00:00,1,3098.0,2015-12-17 07:00:00+00:00,1,0,3098.0,2015-12-17 07:00:00+00:00,0,0,0,0,0,1,0.549273598675015,0.90618705035972,0.25,0.0,0.0,0,0.6791218751272404,0,0,0,0,0,0,0
536,16,3127,2015-12-24 03:00:00+00:00,3131,2015-12-27 23:00:00+00:00,1,1,3130.0,2015-12-24 15:00:00+00:00,1,3130.0,2015-12-24 15:00:00+00:00,1,0,3130.0,2015-12-24 15:00:00+00:00,0,0,0,0,0,1,0.424310584149277,0.9309437338807367,0.1875,0.0,0.0,0,0.7419916705581443,0,0,1,0,0,0,0
540,16,3134,2015-12-28 11:00:00+00:00,3134,2015-12-28 11:00:00+00:00,1,0,,,0,,,0,0,,,1,0,1,1,0,0,,,,,,0,,0,0,0,0,0,0,0
544,16,3136,2015-12-28 19:00:00+00:00,3144,2015-12-30 03:00:00+00:00,1,1,3143.0,2015-12-29 23:00:00+00:00,1,3143.0,2015-12-29 23:00:00+00:00,1,0,3143.0,2015-12-29 23:00:00+00:00,0,0,0,0,0,1,0.5476568880269692,0.6352052855120198,0.25,0.0,2.0,-1,0.6778463061792176,0,0,0,0,0,0,1
561,16,3248,2016-01-25 07:00:00+00:00,3248,2016-01-25 07:00:00+00:00,1,0,,,0,,,0,0,,,1,0,1,1,0,0,,,,,,0,,0,0,0,0,0,0,0
564,16,3250,2016-01-25 15:00:00+00:00,3250,2016-01-25 15:00:00+00:00,1,0,,,0,,,0,0,,,1,0,0,1,0,0,,,,,,0,,0,0,0,0,0,0,0
587,16,3411,2016-03-02 15:00:00+00:00,3414,2016-03-03 03:00:00+00:00,1,1,3414.0,2016-03-03 03:00:00+00:00,1,3414.0,2016-03-03 03:00:00+00:00,1,0,3414.0,2016-03-03 03:00:00+00:00,0,0,0,0,0,1,0.6378764742792123,0.7138364779874136,0.375,0.0,0.0,0,0.6977522581612204,1,0,0,0,0,0,0
624,16,3611,2016-04-18 18:00:00+00:00,3611,2016-04-18 18:00:00+00:00,1,0,,,0,,,0,0,,,1,0,0,1,0,0,,,,,,0,,0,0,0,0,0,0,0
628,16,3614,2016-04-19 06:00:00+00:00,3614,2016-04-19 06:00:00+00:00,1,0,,,0,,,0,0,,,1,0,0,1,0,0,,,,,,0,,0,0,0,0,0,0,0
655,16,3764,2016-05-23 10:00:00+00:00,3766,2016-05-23 18:00:00+00:00,1,0,,,0,,,0,0,,,1,0,0,1,0,0,,,,,,0,,0,0,0,0,0,0,0
662,16,3815,2016-06-02 18:00:00+00:00,3818,2016-06-03 06:00:00+00:00,1,1,3818.0,2016-06-03 06:00:00+00:00,1,3818.0,2016-06-03 06:00:00+00:00,1,0,3818.0,2016-06-03 06:00:00+00:00,0,0,0,0,0,1,0.5633654602401139,0.78749052834607,0.3125,0.0,0.0,0,0.7378853701006806,1,0,0,0,0,0,0
679,16,3926,2016-06-28 14:00:00+00:00,3926,2016-06-28 14:00:00+00:00,1,0,,,0,,,0,0,,,1,0,0,1,0,0,,,,,,0,,0,0,0,0,0,0,0
687,16,3937,2016-06-30 10:00:00+00:00,3938,2016-06-30 14:00:00+00:00,1,0,,,0,,,0,0,,,1,0,0,1,0,0,,,,,,0,,0,0,0,0,0,0,0
738,16,4295,2016-09-20 02:00:00+00:00,4298,2016-09-20 14:00:00+00:00,1,1,4298.0,2016-09-20 14:00:00+00:00,1,4298.0,2016-09-20 14:00:00+00:00,1,0,4298.0,2016-09-20 14:00:00+00:00,0,0,0,0,0,1,0.6450747247685629,0.6772813430814886,0.1875,1.0,0.0,1,0.6570686155972051,1,0,1,0,1,0,0
747,16,4349,2016-10-02 18:00:00+00:00,4352,2016-10-03 06:00:00+00:00,1,1,4352.0,2016-10-03 06:00:00+00:00,1,4352.0,2016-10-03 06:00:00+00:00,0,1,,,0,0,0,0,0,1,0.6522978180280845,0.4437724014336941,0.625,0.0,2.0,-1,0.6548252390088466,1,1,0,0,1,0,0
756,16,4394,2016-10-12 02:00:00+00:00,4394,2016-10-12 02:00:00+00:00,1,0,,,0,,,0,0,,,1,0,0,1,0,0,,,,,,0,,0,0,0,0,0,0,0
760,16,4397,2016-10-12 14:00:00+00:00,4397,2016-10-12 14:00:00+00:00,1,0,,,0,,,0,0,,,1,0,1,1,0,0,,,,,,0,,0,0,0,0,0,0,0
761,16,4399,2016-10-12 22:00:00+00:00,4404,2016-10-13 18:00:00+00:00,1,1,4404.0,2016-10-13 18:00:00+00:00,0,,,0,0,,,0,0,0,0,0,0,0.5940848881528671,0.6816169648773864,0.5625,1.0,0.0,1,0.37755074856623616,1,0,0,1,0,0,1
781,16,4465,2016-10-27 14:00:00+00:00,4468,2016-10-28 02:00:00+00:00,1,1,4468.0,2016-10-28 02:00:00+00:00,1,4468.0,2016-10-28 02:00:00+00:00,0,1,,,0,0,0,0,0,1,0.5164265944935905,0.8013462394303525,0.3125,0.0,0.0,0,0.7136816046785154,0,0,0,0,0,0,0
793,16,4549,2016-11-16 07:00:00+00:00,4552,2016-11-16 19:00:00+00:00,1,1,4552.0,2016-11-16 19:00:00+00:00,1,4552.0,2016-11-16 19:00:00+00:00,1,0,4552.0,2016-11-16 19:00:00+00:00,0,0,0,0,0,1,0.5349185229005876,0.7210708117443838,0.1875,1.0,0.0,1,0.6626917333351195,0,0,1,0,0,0,0
797,16,4556,2016-11-17 11:00:00+00:00,4556,2016-11-17 11:00:00+00:00,1,0,,,0,,,0,0,,,1,0,1,1,0,0,,,,,,0,,0,0,0,0,0,0,0
800,16,4558,2016-11-17 19:00:00+00:00,4558,2016-11-17 19:00:00+00:00,1,0,,,0,,,0,0,,,1,0,0,1,0,0,,,,,,0,,0,0,0,0,0,0,0
817,16,4643,2016-12-08 07:00:00+00:00,4649,2016-12-09 07:00:00+00:00,1,1,4647.0,2016-12-08 23:00:00+00:00,1,4647.0,2016-12-08 23:00:00+00:00,1,0,4647.0,2016-12-08 23:00:00+00:00,0,0,0,0,0,1,0.6766167048589303,0.5759616432385258,0.5,0.0,1.0,-1,0.598797119951401,1,0,0,0,0,0,1
829,16,4691,2016-12-20 07:00:00+00:00,4697,2016-12-21 07:00:00+00:00,1,1,4695.0,2016-12-20 23:00:00+00:00,1,4695.0,2016-12-20 23:00:00+00:00,1,0,4695.0,2016-12-20 23:00:00+00:00,0,0,0,0,0,1,0.4982105270377043,0.8066538090646055,0.5,0.0,1.0,-1,0.6459299778727097,0,0,0,0,0,0,1
839,16,4704,2016-12-22 11:00:00+00:00,4704,2016-12-22 11:00:00+00:00,1,0,,,0,,,0,0,,,1,0,1,1,0,0,,,,,,0,,0,0,0,0,0,0,0
842,16,4706,2016-12-22 19:00:00+00:00,4713,2016-12-26 23:00:00+00:00,1,1,4711.0,2016-12-23 15:00:00+00:00,1,4711.0,2016-12-23 15:00:00+00:00,1,0,4711.0,2016-12-23 15:00:00+00:00,0,0,0,0,0,1,0.3815849600546993,0.9847040127135407,0.1875,0.0,0.0,0,0.7426584327881451,0,0,1,0,0,0,0
857,16,4765,2017-01-09 15:00:00+00:00,4769,2017-01-10 07:00:00+00:00,1,0,,,0,,,0,0,,,0,0,0,1,0,0,,,,,,0,,0,0,0,0,0,0,0
869,16,4807,2017-01-18 19:00:00+00:00,4807,2017-01-18 19:00:00+00:00,1,0,,,0,,,0,0,,,1,0,0,1,0,0,,,,,,0,,0,0,0,0,0,0,0
907,16,5065,2017-03-20 10:00:00+00:00,5065,2017-03-20 10:00:00+00:00,1,0,,,0,,,0,0,,,1,0,0,1,0,0,,,,,,0,,0,0,0,0,0,0,0
929,16,5188,2017-04-18 06:00:00+00:00,5188,2017-04-18 06:00:00+00:00,1,0,,,0,,,0,0,,,1,0,0,1,0,0,,,,,,0,,0,0,0,0,0,0,0
936,16,5243,2017-05-01 02:00:00+00:00,5245,2017-05-01 10:00:00+00:00,1,0,,,0,,,0,0,,,1,0,0,1,0,0,,,,,,0,,0,0,0,0,0,0,0
954,16,5346,2017-05-23 18:00:00+00:00,5346,2017-05-23 18:00:00+00:00,1,0,,,0,,,0,0,,,1,0,0,1,0,0,,,,,,0,,0,0,0,0,0,0,0
1010,16,5660,2017-08-02 10:00:00+00:00,5662,2017-08-02 18:00:00+00:00,1,0,,,0,,,0,0,,,1,0,0,1,0,0,,,,,,0,,0,0,0,0,0,0,0
1020,16,5711,2017-08-14 14:00:00+00:00,5711,2017-08-14 14:00:00+00:00,1,0,,,0,,,0,0,,,1,0,0,1,0,0,,,,,,0,,0,0,0,0,0,0,0
1025,16,5754,2017-08-23 14:00:00+00:00,5758,2017-08-24 06:00:00+00:00,1,1,5757.0,2017-08-24 02:00:00+00:00,1,5757.0,2017-08-24 02:00:00+00:00,1,0,5757.0,2017-08-24 02:00:00+00:00,0,0,0,0,0,1,0.43792971838938743,0.7865686187649512,0.1875,1.0,0.0,1,0.7384403874179342,0,0,1,0,0,0,0
1031,16,5760,2017-08-24 14:00:00+00:00,5760,2017-08-24 14:00:00+00:00,1,0,,,0,,,0,0,,,1,0,0,1,0,0,,,,,,0,,0,0,0,0,0,0,0
1053,16,5896,2017-09-25 10:00:00+00:00,5896,2017-09-25 10:00:00+00:00,1,0,,,0,,,0,0,,,1,0,0,1,0,0,,,,,,0,,0,0,0,0,0,0,0
1063,16,5924,2017-10-01 22:00:00+00:00,5924,2017-10-01 22:00:00+00:00,1,0,,,0,,,0,0,,,1,0,0,1,0,0,,,,,,0,,0,0,0,0,0,0,0
1065,16,5938,2017-10-04 06:00:00+00:00,5938,2017-10-04 06:00:00+00:00,1,0,,,0,,,0,0,,,1,0,0,1,0,0,,,,,,0,,0,0,0,0,0,0,0
1082,16,6010,2017-10-19 22:00:00+00:00,6012,2017-10-20 06:00:00+00:00,1,0,,,0,,,0,0,,,1,0,0,1,0,0,,,,,,0,,0,0,0,0,0,0,0
1091,16,6031,2017-10-25 06:00:00+00:00,6035,2017-10-25 22:00:00+00:00,1,1,6035.0,2017-10-25 22:00:00+00:00,1,6035.0,2017-10-25 22:00:00+00:00,1,0,6035.0,2017-10-25 22:00:00+00:00,0,0,0,0,0,1,0.5676751495756014,0.7830785857650122,0.3125,0.0,0.0,0,0.6888699372554389,1,0,0,0,0,0,1
1093,16,6038,2017-10-26 10:00:00+00:00,6038,2017-10-26 10:00:00+00:00,1,0,,,0,,,0,0,,,1,0,0,1,0,0,,,,,,0,,0,0,0,0,0,0,0
1099,16,6060,2017-10-31 22:00:00+00:00,6061,2017-11-01 02:00:00+00:00,1,0,,,0,,,0,0,,,1,0,0,1,0,0,,,,,,0,,0,0,0,0,0,0,0
1102,16,6066,2017-11-01 22:00:00+00:00,6068,2017-11-02 06:00:00+00:00,1,0,,,0,,,0,0,,,1,0,0,1,0,0,,,,,,0,,0,0,0,0,0,0,0
1130,16,6260,2017-12-18 11:00:00+00:00,6260,2017-12-18 11:00:00+00:00,1,0,,,0,,,0,0,,,1,0,0,1,0,0,,,,,,0,,0,0,0,0,0,0,0
1139,16,6349,2018-01-10 07:00:00+00:00,6349,2018-01-10 07:00:00+00:00,1,0,,,0,,,0,0,,,1,0,0,1,0,0,,,,,,0,,0,0,0,0,0,0,0
1149,16,6379,2018-01-17 11:00:00+00:00,6379,2018-01-17 11:00:00+00:00,1,0,,,0,,,0,0,,,1,0,0,1,0,0,,,,,,0,,0,0,0,0,0,0,0
1158,16,6400,2018-01-22 23:00:00+00:00,6400,2018-01-22 23:00:00+00:00,1,0,,,0,,,0,0,,,1,0,0,1,0,0,,,,,,0,,0,0,0,0,0,0,0
1161,16,6404,2018-01-23 15:00:00+00:00,6404,2018-01-23 15:00:00+00:00,1,0,,,0,,,0,0,,,1,0,1,1,0,0,,,,,,0,,0,0,0,0,0,0,0
1163,16,6406,2018-01-23 23:00:00+00:00,6406,2018-01-23 23:00:00+00:00,1,0,,,0,,,0,0,,,1,0,0,1,0,0,,,,,,0,,0,0,0,0,0,0,0
1168,16,6440,2018-01-31 15:00:00+00:00,6440,2018-01-31 15:00:00+00:00,1,0,,,0,,,0,0,,,1,0,0,1,0,0,,,,,,0,,0,0,0,0,0,0,0
1173,16,6451,2018-02-02 11:00:00+00:00,6451,2018-02-02 11:00:00+00:00,1,0,,,0,,,0,0,,,1,0,0,1,0,0,,,,,,0,,0,0,0,0,0,0,0
1246,16,6814,2018-04-27 18:00:00+00:00,6815,2018-04-29 18:00:00+00:00,1,0,,,0,,,0,0,,,1,0,0,1,0,0,,,,,,0,,0,0,0,0,0,0,0
1257,16,6852,2018-05-07 18:00:00+00:00,6860,2018-05-09 02:00:00+00:00,1,1,6860.0,2018-05-09 02:00:00+00:00,0,,,0,0,,,0,0,0,0,1,0,0.39143058210691767,0.8300831326237251,0.25,0.0,1.0,-1,0.5411931264575224,0,0,0,1,0,1,1
1277,16,6928,2018-05-24 02:00:00+00:00,6928,2018-05-24 02:00:00+00:00,1,0,,,0,,,0,0,,,1,0,0,1,0,0,,,,,,0,,0,0,0,0,0,0,0
1286,16,6965,2018-06-01 02:00:00+00:00,6966,2018-06-01 06:00:00+00:00,1,0,,,0,,,0,0,,,1,0,0,1,0,0,,,,,,0,,0,0,0,0,0,0,0
1298,16,7071,2018-06-26 02:00:00+00:00,7071,2018-06-26 02:00:00+00:00,1,0,,,0,,,0,0,,,1,0,0,1,0,0,,,,,,0,,0,0,0,0,0,0,0
1312,16,7120,2018-07-06 02:00:00+00:00,7123,2018-07-06 14:00:00+00:00,1,1,7123.0,2018-07-06 14:00:00+00:00,1,7123.0,2018-07-06 14:00:00+00:00,0,1,,,0,0,0,0,0,1,0.5579035581051114,0.7609889173060412,0.125,0.0,0.0,0,0.5945541628848489,1,0,1,0,1,0,0
1315,16,7126,2018-07-08 22:00:00+00:00,7126,2018-07-08 22:00:00+00:00,1,0,,,0,,,0,0,,,1,0,0,1,0,0,,,,,,0,,0,0,0,0,0,0,0
1334,16,7266,2018-08-08 14:00:00+00:00,7270,2018-08-09 06:00:00+00:00,1,1,7269.0,2018-08-09 02:00:00+00:00,1,7269.0,2018-08-09 02:00:00+00:00,1,0,7269.0,2018-08-09 02:00:00+00:00,0,0,0,0,0,1,0.7047514530808785,0.4247446521487699,0.75,3.0,0.0,1,0.6244437807254927,1,1,0,0,1,0,0
1335,16,7277,2018-08-10 10:00:00+00:00,7280,2018-08-12 18:00:00+00:00,1,1,7280.0,2018-08-12 18:00:00+00:00,1,7280.0,2018-08-12 18:00:00+00:00,1,0,7280.0,2018-08-12 18:00:00+00:00,0,0,0,0,0,1,0.5022418201236297,0.9675814751286385,0.6875,0.0,0.0,0,0.6191990873490969,0,0,0,0,0,0,0
1364,16,7454,2018-09-19 22:00:00+00:00,7454,2018-09-19 22:00:00+00:00,1,0,,,0,,,0,0,,,1,0,0,1,0,0,,,,,,0,,0,0,0,0,0,0,0
1386,16,7523,2018-10-05 02:00:00+00:00,7525,2018-10-05 10:00:00+00:00,1,0,,,0,,,0,0,,,1,0,1,1,0,0,,,,,,0,,0,0,0,0,0,0,0
1388,16,7527,2018-10-05 18:00:00+00:00,7530,2018-10-08 02:00:00+00:00,1,1,7530.0,2018-10-08 02:00:00+00:00,0,,,0,0,,,0,0,0,0,0,0,0.34377232567044036,0.6105935127674303,0.6875,0.0,2.0,-1,0.44888684475050666,0,0,0,1,0,0,1
1394,16,7576,2018-10-17 14:00:00+00:00,7578,2018-10-17 22:00:00+00:00,1,0,,,0,,,0,0,,,1,0,0,1,0,0,,,,,,0,,0,0,0,0,0,0,0
1397,16,7595,2018-10-22 14:00:00+00:00,7597,2018-10-22 22:00:00+00:00,1,0,,,0,,,0,0,,,1,0,0,1,0,0,,,,,,0,,0,0,0,0,0,0,0
1407,16,7623,2018-10-29 02:00:00+00:00,7623,2018-10-29 02:00:00+00:00,1,0,,,0,,,0,0,,,1,0,0,1,0,0,,,,,,0,,0,0,0,0,0,0,0
1421,16,7665,2018-11-06 23:00:00+00:00,7672,2018-11-08 03:00:00+00:00,1,1,7671.0,2018-11-07 23:00:00+00:00,1,7671.0,2018-11-07 23:00:00+00:00,0,1,,,0,0,0,0,0,1,0.6765084029882515,0.48575750583288335,0.625,0.0,2.0,-1,0.6369463876743967,1,0,0,0,0,0,1
1434,16,7749,2018-11-27 07:00:00+00:00,7749,2018-11-27 07:00:00+00:00,1,0,,,0,,,0,0,,,1,0,0,1,0,0,,,,,,0,,0,0,0,0,0,0,0
1444,16,7793,2018-12-06 15:00:00+00:00,7797,2018-12-07 07:00:00+00:00,1,1,7796.0,2018-12-07 03:00:00+00:00,1,7796.0,2018-12-07 03:00:00+00:00,1,0,7796.0,2018-12-07 03:00:00+00:00,0,0,0,0,0,1,0.477520975370039,0.9982934113487995,0.3125,0.0,0.0,0,0.7992363997064394,0,0,0,0,0,0,0
1448,16,7814,2018-12-12 03:00:00+00:00,7818,2018-12-12 19:00:00+00:00,1,1,7817.0,2018-12-12 15:00:00+00:00,1,7817.0,2018-12-12 15:00:00+00:00,1,0,7817.0,2018-12-12 15:00:00+00:00,0,0,0,0,0,1,0.5049059180793585,0.902110625909749,0.5,0.0,0.0,0,0.7147954096031689,0,0,0,0,0,0,0
1455,16,7826,2018-12-14 03:00:00+00:00,7826,2018-12-14 03:00:00+00:00,1,0,,,0,,,0,0,,,1,0,0,1,0,0,,,,,,0,,0,0,0,0,0,0,0
1471,16,7940,2019-01-14 03:00:00+00:00,7962,2019-01-17 19:00:00+00:00,1,1,7947.0,2019-01-15 07:00:00+00:00,1,7947.0,2019-01-15 07:00:00+00:00,0,1,,,0,0,0,0,0,1,0.43518298705458014,0.9923997781909308,0.6875,0.0,1.0,-1,0.6718507998063833,0,0,0,0,0,0,1
1487,16,7983,2019-01-23 11:00:00+00:00,7990,2019-01-24 15:00:00+00:00,1,1,7987.0,2019-01-24 03:00:00+00:00,1,7987.0,2019-01-24 03:00:00+00:00,1,0,7987.0,2019-01-24 03:00:00+00:00,0,0,0,0,0,1,0.4551828048479258,0.8491069595565712,0.25,0.0,0.0,0,0.7359921811098421,0,0,0,0,0,0,1
1496,16,8044,2019-02-06 15:00:00+00:00,8044,2019-02-06 15:00:00+00:00,1,0,,,0,,,0,0,,,1,0,0,1,0,0,,,,,,0,,0,0,0,0,0,0,0
1511,16,8126,2019-02-26 11:00:00+00:00,8128,2019-02-26 19:00:00+00:00,1,0,,,0,,,0,0,,,1,0,1,1,0,0,,,,,,0,,0,0,0,0,0,0,0
1515,16,8130,2019-02-27 03:00:00+00:00,8131,2019-02-27 07:00:00+00:00,1,0,,,0,,,0,0,,,1,0,0,1,0,0,,,,,,0,,0,0,0,0,0,0,0
1528,16,8188,2019-03-12 10:00:00+00:00,8188,2019-03-12 10:00:00+00:00,1,0,,,0,,,0,0,,,1,0,0,1,0,0,,,,,,0,,0,0,0,0,0,0,0
1547,16,8284,2019-04-02 22:00:00+00:00,8284,2019-04-02 22:00:00+00:00,1,0,,,0,,,0,0,,,1,0,0,1,0,0,,,,,,0,,0,0,0,0,0,0,0
1550,16,8291,2019-04-04 02:00:00+00:00,8292,2019-04-04 06:00:00+00:00,1,0,,,0,,,0,0,,,1,0,0,1,0,0,,,,,,0,,0,0,0,0,0,0,0
1574,16,8404,2019-05-01 06:00:00+00:00,8405,2019-05-01 10:00:00+00:00,1,0,,,0,,,0,0,,,1,0,0,1,0,0,,,,,,0,,0,0,0,0,0,0,0
1581,16,8452,2019-05-12 22:00:00+00:00,8454,2019-05-13 06:00:00+00:00,1,0,,,0,,,0,0,,,1,0,0,1,0,0,,,,,,0,,0,0,0,0,0,0,0
1596,16,8520,2019-05-27 22:00:00+00:00,8522,2019-05-28 06:00:00+00:00,1,0,,,0,,,0,0,,,1,0,0,1,0,0,,,,,,0,,0,0,0,0,0,0,0
1624,16,8746,2019-07-17 10:00:00+00:00,8746,2019-07-17 10:00:00+00:00,1,0,,,0,,,0,0,,,1,0,0,1,0,0,,,,,,0,,0,0,0,0,0,0,0
1642,16,8854,2019-08-11 18:00:00+00:00,8856,2019-08-12 02:00:00+00:00,1,0,,,0,,,0,0,,,1,0,0,1,0,0,,,,,,0,,0,0,0,0,0,0,0
1650,16,8883,2019-08-16 14:00:00+00:00,8883,2019-08-16 14:00:00+00:00,1,0,,,0,,,0,0,,,1,0,1,1,0,0,,,,,,0,,0,0,0,0,0,0,0
1652,16,8885,2019-08-18 18:00:00+00:00,8887,2019-08-19 02:00:00+00:00,1,0,,,0,,,0,0,,,1,0,0,1,0,0,,,,,,0,,0,0,0,0,0,0,0
1659,16,8896,2019-08-20 14:00:00+00:00,8897,2019-08-20 18:00:00+00:00,1,0,,,0,,,0,0,,,1,0,0,1,0,0,,,,,,0,,0,0,0,0,0,0,0
1661,16,8900,2019-08-21 06:00:00+00:00,8900,2019-08-21 06:00:00+00:00,1,0,,,0,,,0,0,,,1,0,1,1,0,0,,,,,,0,,0,0,0,0,0,0,0
1662,16,8902,2019-08-21 14:00:00+00:00,8906,2019-08-22 06:00:00+00:00,1,1,8905.0,2019-08-22 02:00:00+00:00,1,8905.0,2019-08-22 02:00:00+00:00,1,0,8905.0,2019-08-22 02:00:00+00:00,0,0,0,0,0,1,0.5165820126878164,0.8469738725458784,0.1875,0.0,0.0,0,0.7646724193766224,0,0,1,0,0,0,0
1665,16,8911,2019-08-23 02:00:00+00:00,8911,2019-08-23 02:00:00+00:00,1,0,,,0,,,0,0,,,1,0,0,1,0,0,,,,,,0,,0,0,0,0,0,0,0
1673,16,8937,2019-08-29 06:00:00+00:00,8938,2019-08-29 10:00:00+00:00,1,0,,,0,,,0,0,,,1,0,0,1,0,0,,,,,,0,,0,0,0,0,0,0,0
1705,16,9146,2019-10-15 22:00:00+00:00,9151,2019-10-16 18:00:00+00:00,1,1,9151.0,2019-10-16 18:00:00+00:00,0,,,0,0,,,0,0,0,0,0,0,0.47210598981217733,0.9282252845258911,0.4375,0.0,1.0,-1,0.4846912857658334,0,0,0,1,0,0,1
1732,16,9287,2019-11-17 23:00:00+00:00,9288,2019-11-18 03:00:00+00:00,1,0,,,0,,,0,0,,,1,0,0,1,0,0,,,,,,0,,0,0,0,0,0,0,0
1745,16,9342,2019-11-29 07:00:00+00:00,9342,2019-11-29 07:00:00+00:00,1,0,,,0,,,0,0,,,1,0,0,1,0,0,,,,,,0,,0,0,0,0,0,0,0
1757,16,9419,2019-12-18 07:00:00+00:00,9419,2019-12-18 07:00:00+00:00,1,0,,,0,,,0,0,,,1,0,0,1,0,0,,,,,,0,,0,0,0,0,0,0,0
1783,16,9528,2020-01-15 15:00:00+00:00,9528,2020-01-15 15:00:00+00:00,1,0,,,0,,,0,0,,,1,0,0,1,0,0,,,,,,0,,0,0,0,0,0,0,0
1789,16,9536,2020-01-16 23:00:00+00:00,9536,2020-01-16 23:00:00+00:00,1,0,,,0,,,0,0,,,1,0,0,1,0,0,,,,,,0,,0,0,0,0,0,0,0
1790,16,9540,2020-01-17 15:00:00+00:00,9542,2020-01-19 23:00:00+00:00,1,0,,,0,,,0,0,,,1,0,0,1,0,0,,,,,,0,,0,0,0,0,0,0,0
1825,16,9644,2020-02-12 03:00:00+00:00,9651,2020-02-13 07:00:00+00:00,1,1,9647.0,2020-02-12 15:00:00+00:00,1,9647.0,2020-02-12 15:00:00+00:00,0,1,,,0,0,0,0,0,1,0.5561203351256019,0.6475314777998585,0.3125,0.0,2.0,-1,0.6221352246548079,1,0,0,0,0,0,0
1841,16,9712,2020-02-27 15:00:00+00:00,9716,2020-02-28 07:00:00+00:00,1,1,9715.0,2020-02-28 03:00:00+00:00,1,9715.0,2020-02-28 03:00:00+00:00,1,0,9715.0,2020-02-28 03:00:00+00:00,0,0,0,0,0,1,0.5180479777509949,0.8825163759476053,0.8125,0.0,1.0,-1,0.5882511586843909,0,0,0,0,0,0,0
1869,16,9853,2020-03-31 10:00:00+00:00,9853,2020-03-31 10:00:00+00:00,1,0,,,0,,,0,0,,,1,0,0,1,0,0,,,,,,0,,0,0,0,0,0,0,0
1897,16,9962,2020-04-26 22:00:00+00:00,9966,2020-04-27 14:00:00+00:00,1,1,9966.0,2020-04-27 14:00:00+00:00,0,,,0,0,,,0,0,0,0,0,0,0.7090126769525896,0.463086009597635,0.5,0.0,2.0,-1,0.4755455480805517,1,0,0,1,0,0,1
1907,16,9978,2020-04-29 14:00:00+00:00,9979,2020-04-29 18:00:00+00:00,1,0,,,0,,,0,0,,,1,0,1,1,0,0,,,,,,0,,0,0,0,0,0,0,0
1910,16,9981,2020-04-30 02:00:00+00:00,9983,2020-04-30 10:00:00+00:00,1,0,,,0,,,0,0,,,1,0,0,1,0,0,,,,,,0,,0,0,0,0,0,0,0
1919,16,10009,2020-05-06 14:00:00+00:00,10014,2020-05-07 10:00:00+00:00,1,1,10012.0,2020-05-07 02:00:00+00:00,1,10012.0,2020-05-07 02:00:00+00:00,0,1,,,0,0,0,0,0,1,0.6777505900066592,0.517520446774076,0.5,0.0,2.0,-1,0.636097236359662,1,0,0,0,0,0,0
1928,16,10044,2020-05-14 06:00:00+00:00,10044,2020-05-14 06:00:00+00:00,1,0,,,0,,,0,0,,,1,0,0,1,0,0,,,,,,0,,0,0,0,0,0,0,0
1934,16,10074,2020-05-21 02:00:00+00:00,10075,2020-05-21 06:00:00+00:00,1,0,,,0,,,0,0,,,1,0,0,1,0,0,,,,,,0,,0,0,0,0,0,0,0
1940,16,10092,2020-05-25 22:00:00+00:00,10094,2020-05-26 06:00:00+00:00,1,0,,,0,,,0,0,,,1,0,0,1,0,0,,,,,,0,,0,0,0,0,0,0,0
1952,16,10130,2020-06-03 02:00:00+00:00,10130,2020-06-03 02:00:00+00:00,1,0,,,0,,,0,0,,,1,0,0,1,0,0,,,,,,0,,0,0,0,0,0,0,0
1974,16,10278,2020-07-07 02:00:00+00:00,10279,2020-07-07 06:00:00+00:00,1,0,,,0,,,0,0,,,1,0,0,1,0,0,,,,,,0,,0,0,0,0,0,0,0
1991,16,10390,2020-07-31 06:00:00+00:00,10395,2020-08-02 22:00:00+00:00,1,1,10393.0,2020-07-31 18:00:00+00:00,0,,,0,0,,,0,0,0,0,0,0,0.7935926540351627,0.36214546475708453,0.5625,3.0,0.0,1,0.4666487216032206,1,1,0,1,1,0,1
1997,16,10403,2020-08-04 06:00:00+00:00,10403,2020-08-04 06:00:00+00:00,1,0,,,0,,,0,0,,,1,0,0,1,0,0,,,,,,0,,0,0,0,0,0,0,0
2004,16,10455,2020-08-14 18:00:00+00:00,10455,2020-08-14 18:00:00+00:00,1,0,,,0,,,0,0,,,1,0,0,1,0,0,,,,,,0,,0,0,0,0,0,0,0
2020,16,10533,2020-09-02 06:00:00+00:00,10533,2020-09-02 06:00:00+00:00,1,0,,,0,,,0,0,,,1,0,0,1,0,0,,,,,,0,,0,0,0,0,0,0,0
2024,16,10553,2020-09-07 10:00:00+00:00,10555,2020-09-07 18:00:00+00:00,1,0,,,0,,,0,0,,,1,0,0,1,0,0,,,,,,0,,0,0,0,0,0,0,0
2041,16,10643,2020-09-27 22:00:00+00:00,10646,2020-09-28 10:00:00+00:00,1,1,10646.0,2020-09-28 10:00:00+00:00,0,,,0,0,,,0,0,1,0,0,0,0.44039435014852324,0.8977036465998575,0.9375,1.0,1.0,0,0.4750666106557452,0,0,0,1,0,0,1
2043,16,10648,2020-09-28 18:00:00+00:00,10648,2020-09-28 18:00:00+00:00,1,0,,,0,,,0,0,,,1,0,0,1,0,0,,,,,,0,,0,0,0,0,0,0,0
2049,16,10663,2020-10-01 06:00:00+00:00,10663,2020-10-01 06:00:00+00:00,1,0,,,0,,,0,0,,,1,0,0,1,0,0,,,,,,0,,0,0,0,0,0,0,0
2068,16,10733,2020-10-16 14:00:00+00:00,10737,2020-10-19 02:00:00+00:00,1,1,10736.0,2020-10-18 22:00:00+00:00,1,10736.0,2020-10-18 22:00:00+00:00,0,1,,,0,0,0,0,0,1,0.47466942078746316,0.9148781080424389,0.375,0.0,0.0,0,0.7904242162343581,0,0,0,0,0,0,0
2089,16,10850,2020-11-12 15:00:00+00:00,10850,2020-11-12 15:00:00+00:00,1,0,,,0,,,0,0,,,1,0,0,1,0,0,,,,,,0,,0,0,0,0,0,0,0
2103,16,10912,2020-11-27 03:00:00+00:00,10913,2020-11-27 07:00:00+00:00,1,0,,,0,,,0,0,,,1,0,0,1,0,0,,,,,,0,,0,0,0,0,0,0,0
2117,16,10977,2020-12-14 03:00:00+00:00,10977,2020-12-14 03:00:00+00:00,1,0,,,0,,,0,0,,,1,0,0,1,0,0,,,,,,0,,0,0,0,0,0,0,0
2127,16,11024,2020-12-23 23:00:00+00:00,11028,2020-12-24 15:00:00+00:00,1,1,11027.0,2020-12-24 11:00:00+00:00,1,11027.0,2020-12-24 11:00:00+00:00,1,0,11027.0,2020-12-24 11:00:00+00:00,0,0,0,0,0,1,0.6125524962796344,0.631482286984687,0.125,2.0,0.0,1,0.6640096682509724,1,0,1,0,1,0,0
2134,16,11045,2020-12-30 15:00:00+00:00,11046,2020-12-30 19:00:00+00:00,1,0,,,0,,,0,0,,,1,0,0,1,0,0,,,,,,0,,0,0,0,0,0,0,0
2137,16,11050,2020-12-31 11:00:00+00:00,11050,2020-12-31 11:00:00+00:00,1,0,,,0,,,0,0,,,1,0,0,1,0,0,,,,,,0,,0,0,0,0,0,0,0
2150,16,11099,2021-01-13 15:00:00+00:00,11101,2021-01-13 23:00:00+00:00,1,0,,,0,,,0,0,,,1,0,0,1,0,0,,,,,,0,,0,0,0,0,0,0,0
2188,16,11279,2021-02-24 19:00:00+00:00,11282,2021-02-25 07:00:00+00:00,1,1,11282.0,2021-02-25 07:00:00+00:00,1,11282.0,2021-02-25 07:00:00+00:00,0,1,,,0,0,0,0,0,1,0.612113746903407,0.7724184366774806,0.5,0.0,0.0,0,0.7038059032302352,1,0,0,0,0,0,0
2198,16,11324,2021-03-08 07:00:00+00:00,11324,2021-03-08 07:00:00+00:00,1,0,,,0,,,0,0,,,1,0,0,1,0,0,,,,,,0,,0,0,0,0,0,0,0
2210,16,11391,2021-03-22 22:00:00+00:00,11398,2021-03-24 02:00:00+00:00,1,1,11398.0,2021-03-24 02:00:00+00:00,0,,,0,0,,,0,0,1,0,0,0,0.5642940786050238,0.5425024710739009,0.125,0.0,2.0,-1,0.5760751543502725,1,0,1,1,1,0,1
2216,16,11400,2021-03-24 10:00:00+00:00,11405,2021-03-25 06:00:00+00:00,1,1,11403.0,2021-03-24 22:00:00+00:00,1,11403.0,2021-03-24 22:00:00+00:00,0,1,,,0,0,0,0,0,1,0.5702595362573952,0.849263464648077,0.4375,0.0,0.0,0,0.5848547668279688,1,0,0,0,0,0,0
2227,16,11454,2021-04-06 02:00:00+00:00,11455,2021-04-06 06:00:00+00:00,1,0,,,0,,,0,0,,,1,0,0,1,0,0,,,,,,0,,0,0,0,0,0,0,0
2238,16,11489,2021-04-13 22:00:00+00:00,11493,2021-04-14 14:00:00+00:00,1,0,,,0,,,0,0,,,0,0,0,1,0,0,,,,,,0,,0,0,0,0,0,0,0
2257,16,11604,2021-06-09 22:00:00+00:00,11605,2021-06-10 02:00:00+00:00,1,0,,,0,,,0,0,,,1,0,0,1,0,0,,,,,,0,,0,0,0,0,0,0,0
2265,16,11671,2021-06-25 02:00:00+00:00,11675,2021-06-25 18:00:00+00:00,1,1,11674.0,2021-06-25 14:00:00+00:00,1,11674.0,2021-06-25 14:00:00+00:00,1,0,11674.0,2021-06-25 14:00:00+00:00,0,0,0,0,0,1,0.4033754158679767,0.8795543510990704,0.25,0.0,1.0,-1,0.6243311961574921,0,0,0,0,0,0,0
2285,16,11742,2021-07-13 02:00:00+00:00,11743,2021-07-13 06:00:00+00:00,1,0,,,0,,,0,0,,,1,0,0,1,0,0,,,,,,0,,0,0,0,0,0,0,0
2308,16,11905,2021-08-19 06:00:00+00:00,11915,2021-08-22 22:00:00+00:00,1,1,11912.0,2021-08-20 10:00:00+00:00,1,11912.0,2021-08-20 10:00:00+00:00,1,0,11912.0,2021-08-20 10:00:00+00:00,0,0,0,0,0,1,0.47049956933677617,0.9145564168820023,0.5625,0.0,0.0,0,0.7082093023255837,0,0,0,0,0,0,1
2321,16,12000,2021-09-10 06:00:00+00:00,12010,2021-09-13 22:00:00+00:00,1,1,12003.0,2021-09-10 18:00:00+00:00,1,12003.0,2021-09-10 18:00:00+00:00,1,0,12003.0,2021-09-10 18:00:00+00:00,0,0,0,0,0,1,0.49961378812527724,0.7682303762192282,0.5625,0.0,1.0,-1,0.6004919813979707,0,0,0,0,0,0,0
2337,16,12102,2021-10-05 06:00:00+00:00,12107,2021-10-06 02:00:00+00:00,1,1,12105.0,2021-10-05 18:00:00+00:00,1,12105.0,2021-10-05 18:00:00+00:00,0,1,,,0,0,0,0,0,1,0.3346071127832967,0.9189071038251425,0.6875,0.0,2.0,-1,0.5877010782047939,0,0,0,0,0,0,0
2343,16,12138,2021-10-13 06:00:00+00:00,12138,2021-10-13 06:00:00+00:00,1,0,,,0,,,0,0,,,1,0,0,1,0,0,,,,,,0,,0,0,0,0,0,0,0
2351,16,12176,2021-10-21 14:00:00+00:00,12177,2021-10-21 18:00:00+00:00,1,0,,,0,,,0,0,,,1,0,0,1,0,0,,,,,,0,,0,0,0,0,0,0,0
2363,16,12228,2021-11-03 06:00:00+00:00,12228,2021-11-03 06:00:00+00:00,1,0,,,0,,,0,0,,,1,0,0,1,0,0,,,,,,0,,0,0,0,0,0,0,0
2374,16,12276,2021-11-15 03:00:00+00:00,12278,2021-11-15 11:00:00+00:00,1,0,,,0,,,0,0,,,1,0,0,1,0,0,,,,,,0,,0,0,0,0,0,0,0
2378,16,12281,2021-11-15 23:00:00+00:00,12281,2021-11-15 23:00:00+00:00,1,0,,,0,,,0,0,,,1,0,0,1,0,0,,,,,,0,,0,0,0,0,0,0,0
2384,16,12300,2021-11-19 03:00:00+00:00,12301,2021-11-19 07:00:00+00:00,1,0,,,0,,,0,0,,,1,0,0,1,0,0,,,,,,0,,0,0,0,0,0,0,0
2398,16,12365,2021-12-06 07:00:00+00:00,12368,2021-12-06 19:00:00+00:00,1,1,12368.0,2021-12-06 19:00:00+00:00,1,12368.0,2021-12-06 19:00:00+00:00,0,1,,,0,0,0,0,0,1,0.6151339002975407,0.7280123982952345,0.1875,0.0,0.0,0,0.709005249670461,1,0,1,0,1,0,0
2402,16,12372,2021-12-07 11:00:00+00:00,12374,2021-12-07 19:00:00+00:00,1,0,,,0,,,0,0,,,1,0,0,1,0,0,,,,,,0,,0,0,0,0,0,0,0
2408,16,12385,2021-12-09 15:00:00+00:00,12386,2021-12-09 19:00:00+00:00,1,0,,,0,,,0,0,,,1,0,0,1,0,0,,,,,,0,,0,0,0,0,0,0,0
2413,16,12394,2021-12-13 03:00:00+00:00,12395,2021-12-13 07:00:00+00:00,1,0,,,0,,,0,0,,,1,0,0,1,0,0,,,,,,0,,0,0,0,0,0,0,0
2425,16,12537,2022-01-16 23:00:00+00:00,12540,2022-01-17 11:00:00+00:00,1,1,12540.0,2022-01-17 11:00:00+00:00,1,12540.0,2022-01-17 11:00:00+00:00,0,1,,,0,0,0,0,0,1,0.49094347762691354,0.9395919984155293,0.5625,0.0,0.0,0,0.7865547792065598,0,0,0,0,0,0,0
2433,16,12569,2022-01-24 07:00:00+00:00,12573,2022-01-24 23:00:00+00:00,1,1,12573.0,2022-01-24 23:00:00+00:00,0,,,0,0,,,0,0,1,0,0,0,0.5751324835350899,0.6652942185623463,0.125,1.0,1.0,0,0.4055261891334834,1,0,1,1,1,0,1
2435,16,12575,2022-01-25 07:00:00+00:00,12575,2022-01-25 07:00:00+00:00,1,0,,,0,,,0,0,,,1,0,0,1,0,0,,,,,,0,,0,0,0,0,0,0,0
2457,16,12726,2022-03-01 11:00:00+00:00,12726,2022-03-01 11:00:00+00:00,1,0,,,0,,,0,0,,,1,0,0,1,0,0,,,,,,0,,0,0,0,0,0,0,0
2463,16,12741,2022-03-03 23:00:00+00:00,12743,2022-03-04 07:00:00+00:00,1,0,,,0,,,0,0,,,1,0,0,1,0,0,,,,,,0,,0,0,0,0,0,0,0
2470,16,12780,2022-03-14 06:00:00+00:00,12780,2022-03-14 06:00:00+00:00,1,0,,,0,,,0,0,,,1,0,0,1,0,0,,,,,,0,,0,0,0,0,0,0,0
2489,16,12878,2022-04-05 14:00:00+00:00,12890,2022-04-07 14:00:00+00:00,1,1,12881.0,2022-04-06 02:00:00+00:00,1,12881.0,2022-04-06 02:00:00+00:00,1,0,12881.0,2022-04-06 02:00:00+00:00,0,0,0,0,0,1,0.752112746861815,0.4540249627848365,0.8125,0.0,3.0,-1,0.618595641852218,1,0,0,0,0,0,0
2500,16,12923,2022-04-18 02:00:00+00:00,12923,2022-04-18 02:00:00+00:00,1,0,,,0,,,0,0,,,1,0,0,1,0,0,,,,,,0,,0,0,0,0,0,0,0
2506,16,12948,2022-04-22 06:00:00+00:00,12948,2022-04-22 06:00:00+00:00,1,0,,,0,,,0,0,,,1,0,0,1,0,0,,,,,,0,,0,0,0,0,0,0,0
2525,16,13100,2022-05-27 14:00:00+00:00,13103,2022-05-30 02:00:00+00:00,1,1,13103.0,2022-05-30 02:00:00+00:00,0,,,0,0,,,0,0,0,0,1,0,0.5716751588551738,0.5379350516965182,0.375,1.0,0.0,1,0.5424827155001344,1,0,0,1,0,1,1
2531,16,13111,2022-05-31 10:00:00+00:00,13111,2022-05-31 10:00:00+00:00,1,0,,,0,,,0,0,,,1,0,0,1,0,0,,,,,,0,,0,0,0,0,0,0,0
2544,16,13201,2022-06-21 10:00:00+00:00,13202,2022-06-21 14:00:00+00:00,1,0,,,0,,,0,0,,,1,0,0,1,0,0,,,,,,0,,0,0,0,0,0,0,0
2547,16,13206,2022-06-22 06:00:00+00:00,13206,2022-06-22 06:00:00+00:00,1,0,,,0,,,0,0,,,1,0,0,1,0,0,,,,,,0,,0,0,0,0,0,0,0
2550,16,13213,2022-06-23 10:00:00+00:00,13216,2022-06-23 22:00:00+00:00,1,1,13216.0,2022-06-23 22:00:00+00:00,0,,,0,0,,,0,0,0,0,0,0,0.7677597538240455,0.22066350710900517,0.8125,0.0,3.0,-1,0.24225749107162411,1,1,0,1,1,0,1
2567,16,13296,2022-07-13 06:00:00+00:00,13296,2022-07-13 06:00:00+00:00,1,0,,,0,,,0,0,,,1,0,0,1,0,0,,,,,,0,,0,0,0,0,0,0,0
2573,16,13318,2022-07-18 22:00:00+00:00,13322,2022-07-19 14:00:00+00:00,1,1,13321.0,2022-07-19 10:00:00+00:00,1,13321.0,2022-07-19 10:00:00+00:00,1,0,13321.0,2022-07-19 10:00:00+00:00,0,0,0,0,0,1,0.4529722935410523,0.9938494451129825,0.3125,0.0,0.0,0,0.7306822424087022,0,0,0,0,0,0,0
2585,16,13350,2022-07-26 06:00:00+00:00,13352,2022-07-26 14:00:00+00:00,1,0,,,0,,,0,0,,,1,0,0,1,0,0,,,,,,0,,0,0,0,0,0,0,0
2589,16,13356,2022-07-27 06:00:00+00:00,13358,2022-07-27 14:00:00+00:00,1,0,,,0,,,0,0,,,1,0,0,1,0,0,,,,,,0,,0,0,0,0,0,0,0
2603,16,13433,2022-08-15 02:00:00+00:00,13433,2022-08-15 02:00:00+00:00,1,0,,,0,,,0,0,,,1,0,0,1,0,0,,,,,,0,,0,0,0,0,0,0,0
2632,16,13595,2022-09-21 02:00:00+00:00,13598,2022-09-21 14:00:00+00:00,1,1,13598.0,2022-09-21 14:00:00+00:00,0,,,0,0,,,0,0,0,0,0,0,0.4525018662178731,0.8170628899005166,0.625,1.0,0.0,1,0.5689173497241512,0,0,0,1,0,0,1
2646,16,13665,2022-10-06 18:00:00+00:00,13665,2022-10-06 18:00:00+00:00,1,0,,,0,,,0,0,,,1,0,0,1,0,0,,,,,,0,,0,0,0,0,0,0,0
2675,16,13843,2022-11-17 07:00:00+00:00,13843,2022-11-17 07:00:00+00:00,1,0,,,0,,,0,0,,,1,0,0,1,0,0,,,,,,0,,0,0,0,0,0,0,0
2690,16,13887,2022-11-28 19:00:00+00:00,13893,2022-11-29 19:00:00+00:00,1,1,13890.0,2022-11-29 07:00:00+00:00,1,13890.0,2022-11-29 07:00:00+00:00,1,0,13890.0,2022-11-29 07:00:00+00:00,0,0,0,0,0,1,0.36944541307201717,0.9236831190377405,0.6875,0.0,1.0,-1,0.7295944362567494,0,0,0,0,0,0,0
2694,16,13898,2022-11-30 15:00:00+00:00,13898,2022-11-30 15:00:00+00:00,1,0,,,0,,,0,0,,,1,0,0,1,0,0,,,,,,0,,0,0,0,0,0,0,0
2708,16,13943,2022-12-12 11:00:00+00:00,13943,2022-12-12 11:00:00+00:00,1,0,,,0,,,0,0,,,1,0,0,1,0,0,,,,,,0,,0,0,0,0,0,0,0
2729,16,14063,2023-01-11 11:00:00+00:00,14068,2023-01-12 07:00:00+00:00,1,1,14068.0,2023-01-12 07:00:00+00:00,0,,,0,0,,,0,0,0,0,0,0,0.8292134208499023,0.2990334445299865,0.75,3.0,0.0,1,0.395194566476307,1,1,0,1,1,0,1
2739,16,14112,2023-01-23 15:00:00+00:00,14112,2023-01-23 15:00:00+00:00,1,0,,,0,,,0,0,,,1,0,0,1,0,0,,,,,,0,,0,0,0,0,0,0,0
2742,16,14124,2023-01-25 15:00:00+00:00,14124,2023-01-25 15:00:00+00:00,1,0,,,0,,,0,0,,,1,0,0,1,0,0,,,,,,0,,0,0,0,0,0,0,0
2756,16,14181,2023-02-08 03:00:00+00:00,14184,2023-02-08 15:00:00+00:00,1,1,14184.0,2023-02-08 15:00:00+00:00,0,,,0,0,,,0,0,0,0,0,0,0.43934152957679745,0.7734530938123783,0.625,1.0,0.0,1,0.5304295088181179,0,0,0,1,0,0,1
2764,16,14208,2023-02-14 15:00:00+00:00,14210,2023-02-14 23:00:00+00:00,1,0,,,0,,,0,0,,,1,0,0,1,0,0,,,,,,0,,0,0,0,0,0,0,0
2774,16,14242,2023-02-22 07:00:00+00:00,14243,2023-02-22 11:00:00+00:00,1,0,,,0,,,0,0,,,1,0,0,1,0,0,,,,,,0,,0,0,0,0,0,0,0
2802,16,14396,2023-03-29 18:00:00+00:00,14396,2023-03-29 18:00:00+00:00,1,0,,,0,,,0,0,,,1,0,0,1,0,0,,,,,,0,,0,0,0,0,0,0,0
2820,16,14507,2023-04-26 06:00:00+00:00,14507,2023-04-26 06:00:00+00:00,1,0,,,0,,,0,0,,,1,0,0,1,0,0,,,,,,0,,0,0,0,0,0,0,0
2831,16,14567,2023-05-10 06:00:00+00:00,14567,2023-05-10 06:00:00+00:00,1,0,,,0,,,0,0,,,1,0,0,1,0,0,,,,,,0,,0,0,0,0,0,0,0
2839,16,14590,2023-05-16 02:00:00+00:00,14592,2023-05-16 10:00:00+00:00,1,0,,,0,,,0,0,,,1,0,0,1,0,0,,,,,,0,,0,0,0,0,0,0,0
2850,16,14622,2023-05-23 10:00:00+00:00,14623,2023-05-23 14:00:00+00:00,1,0,,,0,,,0,0,,,1,0,0,1,0,0,,,,,,0,,0,0,0,0,0,0,0
2887,16,14855,2023-07-17 06:00:00+00:00,14855,2023-07-17 06:00:00+00:00,1,0,,,0,,,0,0,,,1,0,0,1,0,0,,,,,,0,,0,0,0,0,0,0,0
2894,16,14893,2023-07-25 14:00:00+00:00,14893,2023-07-25 14:00:00+00:00,1,0,,,0,,,0,0,,,1,0,1,1,0,0,,,,,,0,,0,0,0,0,0,0,0
2896,16,14895,2023-07-25 22:00:00+00:00,14895,2023-07-25 22:00:00+00:00,1,0,,,0,,,0,0,,,1,0,0,1,0,0,,,,,,0,,0,0,0,0,0,0,0
2921,16,15010,2023-08-22 02:00:00+00:00,15010,2023-08-22 02:00:00+00:00,1,0,,,0,,,0,0,,,1,0,1,1,0,0,,,,,,0,,0,0,0,0,0,0,0
2923,16,15012,2023-08-22 10:00:00+00:00,15013,2023-08-22 14:00:00+00:00,1,0,,,0,,,0,0,,,1,0,0,1,0,0,,,,,,0,,0,0,0,0,0,0,0
2937,16,15059,2023-09-01 06:00:00+00:00,15059,2023-09-01 06:00:00+00:00,1,0,,,0,,,0,0,,,1,0,0,1,0,0,,,,,,0,,0,0,0,0,0,0,0
2941,16,15089,2023-09-08 06:00:00+00:00,15101,2023-09-12 06:00:00+00:00,1,1,15094.0,2023-09-11 02:00:00+00:00,1,15094.0,2023-09-11 02:00:00+00:00,1,0,15094.0,2023-09-11 02:00:00+00:00,0,0,0,0,0,1,0.3392652753438094,0.9255663430420658,0.375,1.0,1.0,0,0.712987086436046,0,0,0,0,0,0,1
2962,16,15203,2023-10-05 06:00:00+00:00,15203,2023-10-05 06:00:00+00:00,1,0,,,0,,,0,0,,,1,0,0,1,0,0,,,,,,0,,0,0,0,0,0,0,0
3017,16,15610,2024-01-11 03:00:00+00:00,15610,2024-01-11 03:00:00+00:00,1,0,,,0,,,0,0,,,1,0,0,1,0,0,,,,,,0,,0,0,0,0,0,0,0
3034,16,15731,2024-02-08 07:00:00+00:00,15731,2024-02-08 07:00:00+00:00,1,0,,,0,,,0,0,,,1,0,0,1,0,0,,,,,,0,,0,0,0,0,0,0,0
3048,16,15814,2024-02-28 03:00:00+00:00,15820,2024-02-29 03:00:00+00:00,1,1,15819.0,2024-02-28 23:00:00+00:00,1,15819.0,2024-02-28 23:00:00+00:00,1,0,15819.0,2024-02-28 23:00:00+00:00,0,0,0,0,0,1,0.5368509406521134,0.7052267914855783,0.4375,1.0,0.0,1,0.7017843902821712,0,0,0,0,0,0,1
3060,16,15906,2024-03-20 06:00:00+00:00,15908,2024-03-20 14:00:00+00:00,1,0,,,0,,,0,0,,,1,0,0,1,0,0,,,,,,0,,0,0,0,0,0,0,0
3088,16,16073,2024-04-30 02:00:00+00:00,16073,2024-04-30 02:00:00+00:00,1,0,,,0,,,0,0,,,1,0,0,1,0,0,,,,,,0,,0,0,0,0,0,0,0
3112,16,16194,2024-05-28 06:00:00+00:00,16194,2024-05-28 06:00:00+00:00,1,0,,,0,,,0,0,,,1,0,0,1,0,0,,,,,,0,,0,0,0,0,0,0,0
3114,16,16198,2024-05-28 22:00:00+00:00,16204,2024-05-29 22:00:00+00:00,1,1,16204.0,2024-05-29 22:00:00+00:00,0,,,0,0,,,0,0,0,0,1,0,0.6647627904849839,0.36823567082932085,0.5,0.0,2.0,-1,0.5184493238016277,1,1,0,1,1,1,1
3130,16,16259,2024-06-12 02:00:00+00:00,16260,2024-06-12 06:00:00+00:00,1,0,,,0,,,0,0,,,1,0,0,1,0,0,,,,,,0,,0,0,0,0,0,0,0
3138,16,16287,2024-06-18 18:00:00+00:00,16287,2024-06-18 18:00:00+00:00,1,0,,,0,,,0,0,,,1,0,0,1,0,0,,,,,,0,,0,0,0,0,0,0,0
3146,16,16343,2024-07-02 02:00:00+00:00,16349,2024-07-03 02:00:00+00:00,1,1,16349.0,2024-07-03 02:00:00+00:00,1,16349.0,2024-07-03 02:00:00+00:00,1,0,16349.0,2024-07-03 02:00:00+00:00,0,0,0,0,0,1,0.5826154450118551,0.7899440407583724,0.75,1.0,0.0,1,0.6102852264500801,1,0,0,0,0,0,1
3168,16,16505,2024-08-08 02:00:00+00:00,16507,2024-08-08 10:00:00+00:00,1,0,,,0,,,0,0,,,1,0,0,1,0,0,,,,,,0,,0,0,0,0,0,0,0
3179,16,16590,2024-08-28 06:00:00+00:00,16590,2024-08-28 06:00:00+00:00,1,0,,,0,,,0,0,,,1,0,0,1,0,0,,,,,,0,,0,0,0,0,0,0,0
3182,16,16604,2024-08-30 14:00:00+00:00,16604,2024-08-30 14:00:00+00:00,1,0,,,0,,,0,0,,,1,0,0,1,0,0,,,,,,0,,0,0,0,0,0,0,0
3195,16,16676,2024-09-17 14:00:00+00:00,16676,2024-09-17 14:00:00+00:00,1,0,,,0,,,0,0,,,1,0,0,1,0,0,,,,,,0,,0,0,0,0,0,0,0
3214,16,16763,2024-10-08 02:00:00+00:00,16763,2024-10-08 02:00:00+00:00,1,0,,,0,,,0,0,,,1,0,0,1,0,0,,,,,,0,,0,0,0,0,0,0,0
3222,16,16796,2024-10-15 14:00:00+00:00,16798,2024-10-15 22:00:00+00:00,1,0,,,0,,,0,0,,,1,0,0,1,0,0,,,,,,0,,0,0,0,0,0,0,0
3228,16,16850,2024-10-28 14:00:00+00:00,16851,2024-10-28 18:00:00+00:00,1,0,,,0,,,0,0,,,1,0,0,1,0,0,,,,,,0,,0,0,0,0,0,0,0
3253,16,17011,2024-12-04 07:00:00+00:00,17012,2024-12-04 11:00:00+00:00,1,0,,,0,,,0,0,,,1,0,0,1,0,0,,,,,,0,,0,0,0,0,0,0,0
3258,16,17019,2024-12-05 15:00:00+00:00,17020,2024-12-05 19:00:00+00:00,1,0,,,0,,,0,0,,,1,0,0,1,0,0,,,,,,0,,0,0,0,0,0,0,0
3274,16,17100,2024-12-26 07:00:00+00:00,17101,2024-12-26 11:00:00+00:00,1,0,,,0,,,0,0,,,1,0,0,1,0,0,,,,,,0,,0,0,0,0,0,0,0
3278,16,17107,2024-12-27 11:00:00+00:00,17109,2024-12-27 19:00:00+00:00,1,0,,,0,,,0,0,,,1,0,0,1,0,0,,,,,,0,,0,0,0,0,0,0,0
3304,16,17340,2025-02-21 07:00:00+00:00,17345,2025-02-24 03:00:00+00:00,1,1,17343.0,2025-02-21 19:00:00+00:00,1,17343.0,2025-02-21 19:00:00+00:00,1,0,17343.0,2025-02-21 19:00:00+00:00,0,0,0,0,0,1,0.4232122608546621,0.9297693920335399,0.5,0.0,0.0,0,0.6087498022230153,0,0,0,0,0,0,0
3315,16,17395,2025-03-06 11:00:00+00:00,17396,2025-03-06 15:00:00+00:00,1,0,,,0,,,0,0,,,1,0,1,1,0,0,,,,,,0,,0,0,0,0,0,0,0
3316,16,17398,2025-03-06 23:00:00+00:00,17398,2025-03-06 23:00:00+00:00,1,0,,,0,,,0,0,,,1,0,0,1,0,0,,,,,,0,,0,0,0,0,0,0,0
3317,16,17401,2025-03-07 11:00:00+00:00,17404,2025-03-09 23:00:00+00:00,1,1,17404.0,2025-03-09 23:00:00+00:00,0,,,0,0,,,0,0,0,0,0,0,0.45810256561203794,0.9311167945438932,0.375,1.0,0.0,1,0.4589728815222297,0,0,0,1,0,0,1
3346,16,17565,2025-04-15 14:00:00+00:00,17566,2025-04-15 18:00:00+00:00,1,0,,,0,,,0,0,,,1,0,0,1,0,0,,,,,,0,,0,0,0,0,0,0,0
3351,16,17608,2025-04-25 18:00:00+00:00,17613,2025-04-28 14:00:00+00:00,1,1,17612.0,2025-04-28 10:00:00+00:00,1,17612.0,2025-04-28 10:00:00+00:00,1,0,17612.0,2025-04-28 10:00:00+00:00,0,0,0,0,0,1,0.6329787130395913,0.42698978379662655,0.4375,0.0,3.0,-1,0.6542306701503623,1,1,0,0,1,0,1
3353,16,17619,2025-04-29 14:00:00+00:00,17619,2025-04-29 14:00:00+00:00,1,0,,,0,,,0,0,,,1,0,0,1,0,0,,,,,,0,,0,0,0,0,0,0,0
3377,16,17725,2025-05-23 06:00:00+00:00,17725,2025-05-23 06:00:00+00:00,1,0,,,0,,,0,0,,,1,0,0,1,0,0,,,,,,0,,0,0,0,0,0,0,0
3394,16,17803,2025-06-11 06:00:00+00:00,17803,2025-06-11 06:00:00+00:00,1,0,,,0,,,0,0,,,1,0,0,1,0,0,,,,,,0,,0,0,0,0,0,0,0
3405,16,17838,2025-06-19 02:00:00+00:00,17838,2025-06-19 02:00:00+00:00,1,0,,,0,,,0,0,,,1,0,0,1,0,0,,,,,,0,,0,0,0,0,0,0,0
3409,16,17846,2025-06-20 10:00:00+00:00,17846,2025-06-20 10:00:00+00:00,1,0,,,0,,,0,0,,,1,0,0,1,0,0,,,,,,0,,0,0,0,0,0,0,0
3410,16,17849,2025-06-22 22:00:00+00:00,17852,2025-06-23 10:00:00+00:00,1,0,,,0,,,0,0,,,0,0,0,1,0,0,,,,,,0,,0,0,0,0,0,0,0
3420,16,17901,2025-07-03 14:00:00+00:00,17901,2025-07-03 14:00:00+00:00,1,0,,,0,,,0,0,,,1,0,0,1,0,0,,,,,,0,,0,0,0,0,0,0,0
3455,16,18094,2025-08-18 22:00:00+00:00,18094,2025-08-18 22:00:00+00:00,1,0,,,0,,,0,0,,,1,0,0,1,0,0,,,,,,0,,0,0,0,0,0,0,0
3472,16,18204,2025-09-12 06:00:00+00:00,18210,2025-09-15 06:00:00+00:00,1,1,18207.0,2025-09-12 18:00:00+00:00,1,18207.0,2025-09-12 18:00:00+00:00,1,0,18207.0,2025-09-12 18:00:00+00:00,0,0,0,0,0,1,0.6481396127877771,0.4454376163873519,0.5,2.0,0.0,1,0.6432673961486913,1,1,0,0,1,0,0
3501,16,18384,2025-10-24 06:00:00+00:00,18388,2025-10-26 22:00:00+00:00,1,1,18388.0,2025-10-26 22:00:00+00:00,1,18388.0,2025-10-26 22:00:00+00:00,1,0,18388.0,2025-10-26 22:00:00+00:00,0,0,0,0,0,1,0.4897397003005586,0.7520945020770988,0.125,0.0,0.0,0,0.7217228188766228,0,0,1,0,0,0,1
3513,16,18429,2025-11-04 15:00:00+00:00,18433,2025-11-05 07:00:00+00:00,1,1,18433.0,2025-11-05 07:00:00+00:00,1,18433.0,2025-11-05 07:00:00+00:00,1,0,18433.0,2025-11-05 07:00:00+00:00,0,0,0,0,0,1,0.5740779731102015,0.6106645755734129,0.375,0.0,1.0,-1,0.7069601781707979,1,0,0,0,0,0,0
3517,16,18439,2025-11-06 07:00:00+00:00,18439,2025-11-06 07:00:00+00:00,1,0,,,0,,,0,0,,,1,0,0,1,0,0,,,,,,0,,0,0,0,0,0,0,0
3536,16,18505,2025-11-21 07:00:00+00:00,18508,2025-11-21 19:00:00+00:00,1,1,18508.0,2025-11-21 19:00:00+00:00,1,18508.0,2025-11-21 19:00:00+00:00,1,0,18508.0,2025-11-21 19:00:00+00:00,0,0,0,0,0,1,0.5145731592659637,0.9206105259985818,0.1875,0.0,0.0,0,0.6311133733659477,0,0,1,0,0,0,0
3540,16,18511,2025-11-24 07:00:00+00:00,18512,2025-11-24 11:00:00+00:00,1,0,,,0,,,0,0,,,1,0,0,1,0,0,,,,,,0,,0,0,0,0,0,0,0
3547,16,18529,2025-11-27 07:00:00+00:00,18532,2025-11-27 19:00:00+00:00,1,1,18532.0,2025-11-27 19:00:00+00:00,1,18532.0,2025-11-27 19:00:00+00:00,0,1,,,0,0,0,0,0,1,0.6843485639509047,0.5222074085692767,0.125,2.0,0.0,1,0.6552384921689333,1,0,1,0,1,0,0
3562,16,18613,2025-12-17 07:00:00+00:00,18620,2025-12-18 11:00:00+00:00,1,1,18618.0,2025-12-18 03:00:00+00:00,1,18618.0,2025-12-18 03:00:00+00:00,1,0,18618.0,2025-12-18 03:00:00+00:00,0,0,0,0,0,1,0.7705537045068414,0.35508136652656197,0.375,3.0,0.0,1,0.5989772080903141,1,1,0,0,1,0,1
3580,16,18692,2026-01-07 15:00:00+00:00,18692,2026-01-07 15:00:00+00:00,1,0,,,0,,,0,0,,,1,0,0,1,0,0,,,,,,0,,0,0,0,0,0,0,0
3583,16,18696,2026-01-08 07:00:00+00:00,18696,2026-01-08 07:00:00+00:00,1,0,,,0,,,0,0,,,1,0,0,1,0,0,,,,,,0,,0,0,0,0,0,0,0
3588,16,18723,2026-01-14 19:00:00+00:00,18728,2026-01-15 15:00:00+00:00,1,1,18728.0,2026-01-15 15:00:00+00:00,0,,,0,0,,,0,0,0,0,0,0,0.5740266831133272,0.731254538852584,0.3125,0.0,0.0,0,0.5223238257721453,1,0,0,1,0,0,1
3595,16,18733,2026-01-16 11:00:00+00:00,18733,2026-01-16 11:00:00+00:00,1,0,,,0,,,0,0,,,1,0,0,1,0,0,,,,,,0,,0,0,0,0,0,0,0
3626,16,18912,2026-02-27 07:00:00+00:00,18912,2026-02-27 07:00:00+00:00,1,0,,,0,,,0,0,,,1,0,0,1,0,0,,,,,,0,,0,0,0,0,0,0,0
3633,16,18942,2026-03-06 07:00:00+00:00,18945,2026-03-06 19:00:00+00:00,1,1,18945.0,2026-03-06 19:00:00+00:00,1,18945.0,2026-03-06 19:00:00+00:00,0,1,,,0,0,0,0,0,1,0.5698823843127281,0.6688763743631052,0.375,1.0,0.0,1,0.6060569609378097,1,0,0,0,0,0,0
3639,16,18968,2026-03-12 10:00:00+00:00,18968,2026-03-12 10:00:00+00:00,1,0,,,0,,,0,0,,,1,0,0,1,0,0,,,,,,0,,0,0,0,0,0,0,0
3648,16,18991,2026-03-18 06:00:00+00:00,18991,2026-03-18 06:00:00+00:00,1,0,,,0,,,0,0,,,1,0,0,1,0,0,,,,,,0,,0,0,0,0,0,0,0
3675,16,19089,2026-04-10 14:00:00+00:00,19089,2026-04-10 14:00:00+00:00,1,0,,,0,,,0,0,,,0,0,0,0,0,0,,,,,,0,,0,0,0,0,0,0,0
