range_id,candidate_lookback_bars,birth_idx,confirm_idx,end_idx,state,confirm_latency_bars,low,high,mid,width_abs,width_atr,strength_raw,strength,strength_raw_legacy,strength_legacy,upper_touches,lower_touches,close_inside_frac,boundary_stability_score,candidate_boundary_drift_abs,candidate_boundary_drift_atr,confirm_close_position_in_range,confirm_dist_to_upper_atr,confirm_dist_to_lower_atr,confirm_regime,range_recent_pressure_imbalance,range_recent_upper_pressure_count,range_recent_lower_pressure_count,range_recent_pressure_dominant_side,range_recent_equilibrium_score,range_recent_expansion_veto_flag,range_viability_gate_pass,range_recent_upper_touch_freshness,range_recent_lower_touch_freshness,range_recent_two_sided_freshness_score,range_strength_structure,range_strength_monitorability,range_strength_semantic,range_strength_formation,range_strength_viability,range_strength_formation_legacy,range_strength_viability_legacy,range_touch_quality_score,range_containment_quality_score,range_stability_quality_score,break_pending_count,reclaimed_count,total_pending_bars,mean_pending_duration_bars,first_breach_idx,first_breach_side,first_upper_breach_idx,first_lower_breach_idx,bars_to_first_breach,breakout_side_first,accepted_breakout_side,bars_to_breakout_accept,audit_range_recent_pressure_imbalance_legacy,audit_range_recent_pressure_imbalance_v2,duration_bars,rb_micro_box_risk_score,rb_late_confirm_fragility_score,rb_boundary_relevance_score,rb_monitor_worthiness_score,rb_plausibility_score,range_high_g2,range_low_g2,range_high_g3,range_low_g3,range_high_g4,range_low_g4,range_high_g5,range_low_g5,birth_timestamp,confirm_timestamp,active_start_idx,active_start_timestamp,end_timestamp,range_state,geometry_upper_edge_miss_atr,geometry_lower_edge_miss_atr,geometry_chart_fit_score,geometry_visible_width_ratio,geometry_upper_swing_confluence,geometry_lower_swing_confluence,geometry_review_bucket_suggested,geometry_review_bucket_manual,geometry_review_notes,candidate_lineage_id,candidate_birth_idx,last_idx,last_timestamp,maturity_pass_idx,maturity_pass_timestamp,viability_pass_idx,viability_pass_timestamp,range_confirm_idx,range_confirm_timestamp
1,8,745,748,749.0,4,3,1309.85,1318.482,1314.166,8.632000000000062,1.5537194119902207,0.6557116155321216,0.6557116155321216,0.5570914392449862,0.5570914392449862,4,3,0.875,1.0,0.0,0.0,0.6199026876737807,0.5905645726065568,0.9631548393836639,2,0.49993403248699064,2,0,1,0.7251312944083896,0,1,0.875,0.5,0.5,0.7243184106117307,0.6795008801238801,0.6247515460623072,0.7243184106117307,0.6447426563238832,0.7243184106117307,0.6152084292470413,0.5,0.875,1.0,0,0,0,,749.0,1,749.0,,1.0,1,1,1.0,0.6,0.5132962966860134,1.0,0.6166666666666667,0.8333333333333334,0.46500098582229515,0.0625,0.24812524645557377,1318.482,1309.85,1318.482,1309.85,1318.482,1309.85,1318.482,1309.85,2014-06-23 14:00:00+00:00,2014-06-24 02:00:00+00:00,748,2014-06-24 02:00:00+00:00,2014-06-24 06:00:00+00:00,accepted_breakout,4.791727478298891,0.0,0.0,0.5369160913105718,1,1,box_too_narrow_for_visible_structure,,,110,745,748,2014-06-24 02:00:00+00:00,748.0,2014-06-24 02:00:00+00:00,748.0,2014-06-24 02:00:00+00:00,748.0,2014-06-24 02:00:00+00:00
2,8,931,934,935.0,4,3,1286.076,1295.375,1290.7255,9.298999999999978,2.1174850283068314,0.686564516954761,0.686564516954761,0.6001135117298491,0.6001135117298491,3,2,1.0,1.0,0.0,0.0,0.5567265297343714,0.9386249367330819,1.1788600915737493,0,0.4217207952950828,0,0,0,0.9360146252285079,0,1,0.375,0.625,0.375,0.722264022889944,0.7117545546277788,0.6596929643597966,0.722264022889944,0.6922051113978369,0.722264022889944,0.7181305190140334,0.25,1.0,1.0,0,0,0,,935.0,-1,,935.0,1.0,-1,-1,1.0,0.4,0.37674103603341436,1.0,0.7166666666666667,0.8333333333333334,0.47579840287951886,0.0625,0.2308246007198797,1295.375,1286.076,1295.375,1286.076,1295.375,1286.076,1295.375,1286.076,2014-08-04 18:00:00+00:00,2014-08-05 06:00:00+00:00,934,2014-08-05 06:00:00+00:00,2014-08-05 10:00:00+00:00,accepted_breakout,0.22290594440584893,1.7662462544023567,0.33694926706393147,0.7399538473780515,1,1,box_too_narrow_for_visible_structure,,,141,931,934,2014-08-05 06:00:00+00:00,934.0,2014-08-05 06:00:00+00:00,934.0,2014-08-05 06:00:00+00:00,934.0,2014-08-05 06:00:00+00:00
4,12,936,939,941.0,4,3,1282.336,1295.375,1288.8555000000001,13.038999999999987,2.6812227174635286,0.6661308143160465,0.6661308143160465,0.6436715547427461,0.6436715547427461,2,2,1.0,1.0,0.0,0.0,0.6588695452105149,0.9146467250002328,1.7665759924632958,0,0.5247105880409543,0,0,0,0.8310453255617838,0,1,0.16666666666666663,0.75,0.16666666666666663,0.7568003334836989,0.6895443316125599,0.6319563367201507,0.7568003334836989,0.6760317149611198,0.7568003334836989,0.7508616787993052,0.25,1.0,1.0,0,0,0,,941.0,1,941.0,,2.0,1,1,2.0,0.4,0.3573529736735058,2.0,0.5666666666666667,0.7000000000000001,0.49079050305188554,0.125,0.31311429242963806,1295.375,1282.336,1295.375,1282.336,1295.375,1282.336,1295.375,1282.336,2014-08-05 14:00:00+00:00,2014-08-06 02:00:00+00:00,939,2014-08-06 02:00:00+00:00,2014-08-06 10:00:00+00:00,accepted_breakout,5.22075242344744,0.0,0.0,0.4822650441986896,1,1,box_too_narrow_for_visible_structure,,,145,936,939,2014-08-06 02:00:00+00:00,939.0,2014-08-06 02:00:00+00:00,939.0,2014-08-06 02:00:00+00:00,939.0,2014-08-06 02:00:00+00:00
6,12,1124,1127,1129.0,4,3,1230.606,1241.86,1236.233,11.253999999999905,2.1541320472037815,0.6827240760424934,0.6827240760424934,0.6001293725578475,0.6001293725578475,2,3,1.0,1.0,0.0,0.0,0.4724542384929849,1.1364032312287844,1.0177288159749973,0,0.46748333053249697,0,0,0,0.8036253776434863,0,1,0.5833333333333333,0.6666666666666667,0.5833333333333333,0.7336626557445104,0.7066435459935315,0.6544815485312987,0.7336626557445104,0.6837803362147417,0.7336626557445104,0.6966514920240482,0.25,1.0,1.0,1,0,2,2.0,1128.0,-1,,1128.0,1.0,-1,-1,2.0,0.2,0.3697009730150142,2.0,0.6166666666666667,0.7833333333333333,0.4828459065135477,0.20833333333333331,0.31362814329505356,1241.86,1230.606,1241.86,1230.606,1241.86,1230.606,1241.86,1230.606,2014-09-16 22:00:00+00:00,2014-09-17 10:00:00+00:00,1127,2014-09-17 10:00:00+00:00,2014-09-17 18:00:00+00:00,accepted_breakout,0.0,6.738212738091713,0.0,0.4367262990414802,1,1,box_too_narrow_for_visible_structure,,,172,1124,1127,2014-09-17 10:00:00+00:00,1127.0,2014-09-17 10:00:00+00:00,1127.0,2014-09-17 10:00:00+00:00,1127.0,2014-09-17 10:00:00+00:00
7,8,1185,1188,1201.0,4,3,1204.109,1219.954,1212.0315,15.845000000000027,2.7717499864893673,0.5940134059462567,0.5940134059462567,0.5099049786485682,0.5099049786485682,2,4,1.0,1.0,0.0,0.0,0.27137898390660614,2.0195552915127335,0.7521946949766338,1,0.7054039369705138,0,3,-1,0.42520248238142133,0,1,0.375,0.875,0.375,0.6530103847859445,0.6217392299486141,0.5612841971699264,0.6530103847859445,0.6001602997190472,0.6530103847859445,0.6347546443581548,0.25,1.0,1.0,1,1,2,2.0,1193.0,1,1193.0,1201.0,5.0,1,-1,13.0,0.8,0.6716479511550902,13.0,0.2666666666666667,0.22916666666666666,0.5150480795212756,0.7083333333333334,0.677512019880319,1219.954,1204.109,1219.954,1204.109,1219.954,1204.109,1219.954,1204.109,2014-09-30 18:00:00+00:00,2014-10-01 06:00:00+00:00,1188,2014-10-01 06:00:00+00:00,2014-10-03 10:00:00+00:00,accepted_breakout,0.816090921268458,5.107603524490622,0.0,0.491104636746841,1,1,box_too_narrow_for_visible_structure,,,182,1185,1188,2014-10-01 06:00:00+00:00,1188.0,2014-10-01 06:00:00+00:00,1188.0,2014-10-01 06:00:00+00:00,1188.0,2014-10-01 06:00:00+00:00
8,5,1264,1267,1267.0,7,3,1231.671,1240.444,1236.0575,8.77299999999991,1.5542059059050275,0.5754080416375682,0.5754080416375682,0.4943345787322417,0.4943345787322417,3,2,1.0,0.6902268276322372,1.2239999999999327,0.21684122065743397,0.5529465405220488,0.6948131269759055,0.8593927789291219,1,0.48626401307525535,2,0,1,0.7851362133819662,0,1,0.8,0.4,0.4,0.653639922239069,0.59046078968297,0.5502466323831906,0.653639922239069,0.5750428557883251,0.653639922239069,0.5937994348093044,0.25,1.0,0.6902268276322372,0,0,0,,,0,,,,0,0,,0.6,0.26107566934282705,0.0,0.6666666666666667,0.9166666666666666,0.32580882805865913,0.0,0.16478554034799808,1240.444,1231.671,1240.444,1231.671,1240.444,1231.671,1240.444,1231.671,2014-10-17 14:00:00+00:00,2014-10-19 22:00:00+00:00,1267,2014-10-19 22:00:00+00:00,2014-10-19 22:00:00+00:00,superseded,1.8948583252777162,0.0,0.3683805582407612,0.7486772486772508,0,1,box_too_narrow_for_visible_structure,,,197,1264,1267,2014-10-19 22:00:00+00:00,1267.0,2014-10-19 22:00:00+00:00,1267.0,2014-10-19 22:00:00+00:00,1267.0,2014-10-19 22:00:00+00:00
9,12,1264,1267,1271.0,4,3,1231.671,1244.325,1237.998,12.653999999999996,2.241755560620359,0.6655072439524139,0.6655072439524139,0.5584619061805023,0.5584619061805023,3,2,1.0,0.7689355340099784,0.9130000000000109,0.1617451261930151,0.38335704125176917,1.3823627816912372,0.8593927789291219,1,0.5313635863909205,0,0,0,0.8422633159475189,0,1,0.25,0.75,0.25,0.676419584865042,0.682023710636113,0.649887437392086,0.676419584865042,0.6746360029868419,0.676419584865042,0.7093577188778116,0.25,1.0,0.7689355340099784,1,0,2,2.0,1270.0,1,1270.0,,3.0,1,1,4.0,0.4,0.382343974580261,4.0,0.3166666666666667,0.5595238095238095,0.5669700844960849,0.3333333333333333,0.4831710925525927,1244.325,1231.671,1244.325,1231.671,1244.325,1231.671,1244.325,1231.671,2014-10-17 14:00:00+00:00,2014-10-19 22:00:00+00:00,1267,2014-10-19 22:00:00+00:00,2014-10-20 14:00:00+00:00,accepted_breakout,1.9007424693621924,0.0,0.36641917687926917,0.7480934082175598,0,1,box_too_narrow_for_visible_structure,,,199,1264,1269,2014-10-20 06:00:00+00:00,1267.0,2014-10-19 22:00:00+00:00,1267.0,2014-10-19 22:00:00+00:00,1267.0,2014-10-19 22:00:00+00:00
10,12,1399,1402,1408.0,4,3,1181.43,1204.682,1193.056,23.251999999999953,2.9468727790072156,0.6400063136772186,0.6400063136772186,0.6104506706833907,0.6104506706833907,2,2,1.0,1.0,0.0,0.0,0.5618011353861991,1.291316305922278,1.6555564730849375,2,0.4752791215457583,0,0,0,0.8826194162509367,0,1,0.6666666666666667,0.25,0.25,0.700236171460815,0.6695678692738817,0.6055378297306463,0.700236171460815,0.6486070272830089,0.700236171460815,0.7862970989008938,0.25,1.0,1.0,2,1,2,1.0,1405.0,-1,,1405.0,3.0,-1,0,6.0,0.2,0.46766922546672035,6.0,0.3166666666666667,0.3611111111111111,0.48137061942168935,0.625,0.6035370992998668,1204.682,1181.43,1204.682,1181.43,1204.682,1181.43,1204.682,1181.43,2014-11-18 15:00:00+00:00,2014-11-19 03:00:00+00:00,1402,2014-11-19 03:00:00+00:00,2014-11-20 03:00:00+00:00,accepted_breakout,0.0,2.2050493819380916,0.26498353935396946,0.7815798319327715,1,0,box_too_narrow_for_visible_structure,,,227,1399,1403,2014-11-19 07:00:00+00:00,1402.0,2014-11-19 03:00:00+00:00,1402.0,2014-11-19 03:00:00+00:00,1402.0,2014-11-19 03:00:00+00:00
11,8,1407,1410,1416.0,4,3,1174.932,1202.208,1188.5700000000002,27.276000000000067,2.6284906808948127,0.6625790552911826,0.6625790552911826,0.5582784042471324,0.5582784042471324,2,2,0.875,1.0,0.0,0.0,0.6569878281272924,0.9016042972009016,1.7268863836939112,0,0.29580831196771423,1,1,0,0.8961480177934229,0,1,0.25,0.625,0.25,0.7170769853759136,0.6890114003279413,0.6316562166467484,0.7170769853759136,0.6544495049418254,0.7170769853759136,0.6309122907597473,0.25,0.875,1.0,1,1,2,2.0,1412.0,1,1412.0,,2.0,1,1,6.0,0.4,0.29580831196771423,6.0,0.3666666666666667,0.4444444444444444,0.5425979459817668,0.4583333333333333,0.5338439309398862,1202.208,1174.932,1202.208,1174.932,1202.208,1174.932,1202.208,1174.932,2014-11-19 23:00:00+00:00,2014-11-20 11:00:00+00:00,1410,2014-11-20 11:00:00+00:00,2014-11-21 11:00:00+00:00,accepted_breakout,2.072291920070866,0.0,0.3092360266430446,0.8335421568927086,1,1,edge_misses_chart_reality,,,231,1407,1410,2014-11-20 11:00:00+00:00,1410.0,2014-11-20 11:00:00+00:00,1410.0,2014-11-20 11:00:00+00:00,1410.0,2014-11-20 11:00:00+00:00
12,16,1502,1505,1509.0,4,3,1214.122,1238.154,1226.138,24.031999999999925,2.761263253273241,0.6080304814297615,0.6080304814297615,0.48945522984581136,0.48945522984581136,2,2,1.0,0.715870108223798,1.7309999999999945,0.19889092424334137,0.3364680426098551,1.832186411313873,0.9290768419593679,1,0.5028673243985757,0,2,-1,0.6827285841100741,0,1,0.125,1.0,0.125,0.6455754409308981,0.6246646627041755,0.5880505756390717,0.6455754409308981,0.60447573276425,0.6455754409308981,0.5969481871347556,0.25,1.0,0.715870108223798,1,1,2,2.0,1507.0,-1,,1507.0,2.0,-1,-1,4.0,0.6,0.4947498811781773,4.0,0.3666666666666667,0.4761904761904762,0.5170647589859152,0.41666666666666663,0.5065280945083835,1238.154,1214.122,1238.154,1214.122,1238.154,1214.122,1238.154,1214.122,2014-12-12 03:00:00+00:00,2014-12-12 15:00:00+00:00,1505,2014-12-12 15:00:00+00:00,2014-12-15 07:00:00+00:00,accepted_breakout,3.0370157535899853,3.7185878556954663,0.0,0.9273751640040109,0,1,box_not_visually_real,,,262,1502,1505,2014-12-12 15:00:00+00:00,1505.0,2014-12-12 15:00:00+00:00,1505.0,2014-12-12 15:00:00+00:00,1505.0,2014-12-12 15:00:00+00:00
13,8,1601,1608,1611.0,4,7,1204.073,1216.467,1210.27,12.394000000000005,1.7703184066831001,0.7078513731513827,0.7078513731513827,0.59271123508975,0.59271123508975,2,2,0.875,0.9606178735690301,0.19299999999998363,0.027567488501678974,0.6622559302888376,0.597914543357731,1.172403863325369,0,0.41063714896479575,0,0,0,0.9051153784089314,0,1,0.625,0.5,0.5,0.7256083318742488,0.7265260694814829,0.6893235148384399,0.7256083318742488,0.7052889467472822,0.7256083318742488,0.6947455650965649,0.25,0.875,0.9606178735690301,1,0,2,2.0,1610.0,1,1610.0,,2.0,1,1,3.0,0.2,0.23660394217515685,3.0,0.4,0.7333333333333334,0.500702257695468,0.2708333333333333,0.39330056442386696,1216.467,1204.073,1216.467,1204.073,1216.5056000000002,1204.073,1216.467,1204.073,2015-01-07 23:00:00+00:00,2015-01-09 03:00:00+00:00,1608,2015-01-09 03:00:00+00:00,2015-01-09 15:00:00+00:00,accepted_breakout,6.6168887787522355,0.0,0.0,0.5141032022565137,1,1,box_too_narrow_for_visible_structure,,,277,1601,1610,2015-01-09 11:00:00+00:00,1608.0,2015-01-09 03:00:00+00:00,1608.0,2015-01-09 03:00:00+00:00,1608.0,2015-01-09 03:00:00+00:00
15,12,1742,1745,1747.0,4,3,1230.702,1245.812,1238.257,15.1099999999999,2.18456245064243,0.6986471720025,0.6986471720025,0.6232547150380038,0.6232547150380038,3,2,1.0,1.0,0.0,0.0,0.4524156187955035,1.1962322777376135,0.9883301729048166,2,0.4467417714610753,0,1,-1,0.7164350319876535,0,1,0.5833333333333333,0.8333333333333334,0.5833333333333333,0.731920072859095,0.7231767976105059,0.6727186223547199,0.731920072859095,0.7043689057618207,0.731920072859095,0.7525564109830273,0.25,1.0,1.0,0,0,0,,1747.0,-1,,1747.0,2.0,-1,-1,2.0,0.6,0.45117222433676657,2.0,0.5666666666666667,0.7000000000000001,0.5303645738414929,0.125,0.3230078101270399,1245.812,1230.702,1245.812,1230.702,1245.812,1230.702,1245.812,1230.702,2015-02-10 15:00:00+00:00,2015-02-11 03:00:00+00:00,1745,2015-02-11 03:00:00+00:00,2015-02-11 11:00:00+00:00,accepted_breakout,0.40465769231720655,6.798615436987143,0.0,0.5196368388472314,1,1,box_too_narrow_for_visible_structure,,,305,1742,1746,2015-02-11 07:00:00+00:00,1745.0,2015-02-11 03:00:00+00:00,1745.0,2015-02-11 03:00:00+00:00,1745.0,2015-02-11 03:00:00+00:00
17,12,1822,1825,1827.0,4,3,1204.309,1223.174,1213.7415,18.86500000000001,2.7688144047008634,0.6278522824355396,0.6278522824355396,0.5772746729646157,0.5772746729646157,3,2,0.9166666666666666,1.0,0.0,0.0,0.23472038165916292,2.1189172308860886,0.6498971738147746,0,0.43052809909628115,1,1,0,0.8826928173867049,0,1,0.8333333333333334,0.41666666666666663,0.41666666666666663,0.7112115922183877,0.6546329825691845,0.5920190047580222,0.7112115922183877,0.6358867341032179,0.7112115922183877,0.6861296958616764,0.25,0.9166666666666666,1.0,0,0,0,,1827.0,-1,,1827.0,2.0,-1,-1,2.0,0.4,0.23041549070638753,2.0,0.5666666666666667,0.7000000000000001,0.4239459478139366,0.125,0.2964031536201508,1223.174,1204.309,1223.174,1204.309,1223.174,1204.309,1223.174,1204.309,2015-03-02 03:00:00+00:00,2015-03-02 15:00:00+00:00,1825,2015-03-02 15:00:00+00:00,2015-03-02 23:00:00+00:00,accepted_breakout,0.0,3.2591566934493827,0.0,0.676431568001724,1,0,box_too_narrow_for_visible_structure,,,322,1822,1826,2015-03-02 19:00:00+00:00,1825.0,2015-03-02 15:00:00+00:00,1825.0,2015-03-02 15:00:00+00:00,1825.0,2015-03-02 15:00:00+00:00
18,8,1886,1890,1894.0,4,4,1150.249,1164.022,1157.1354999999999,13.77299999999991,2.4212315602561105,0.7174307371766717,0.7174307371766717,0.5985338205980658,0.5985338205980658,2,2,0.75,1.0,0.0,0.0,0.39613737021708695,1.4620912572896405,0.95914030296647,0,0.5851858567877347,0,1,-1,0.6591640649579998,0,1,0.5,0.75,0.5,0.745759161518628,0.7348158853239329,0.6982946648382593,0.745759161518628,0.7074386407673283,0.745759161518628,0.6709721035122572,0.25,0.75,1.0,1,0,2,2.0,1893.0,-1,,1893.0,3.0,-1,-1,4.0,0.2,0.3807689616132182,4.0,0.25,0.5833333333333334,0.5824554691815172,0.3333333333333333,0.4956138672953793,1164.022,1150.249,1164.022,1150.249,1164.022,1150.249,1164.022,1150.249,2015-03-16 06:00:00+00:00,2015-03-16 22:00:00+00:00,1890,2015-03-16 22:00:00+00:00,2015-03-17 14:00:00+00:00,accepted_breakout,0.0,3.2640413786627103,0.0,0.6354032109245228,1,1,box_too_narrow_for_visible_structure,,,338,1886,1892,2015-03-17 06:00:00+00:00,1890.0,2015-03-16 22:00:00+00:00,1890.0,2015-03-16 22:00:00+00:00,1890.0,2015-03-16 22:00:00+00:00
19,8,2376,2380,2382.0,4,4,1162.814,1174.451,1168.6325000000002,11.636999999999944,2.606292538386767,0.7213051211057552,0.7213051211057552,0.6600847233424629,0.6600847233424629,2,2,1.0,0.8956958264262823,0.32600000000002183,0.07301292150160239,0.4807080862765189,1.3534266399820936,1.2528658984046734,0,0.4675724561308494,0,0,0,0.9883417833920691,0,1,0.625,0.5,0.5,0.7489623224966843,0.7359729573487698,0.7045589864390742,0.7489623224966843,0.736656894001556,0.7489623224966843,0.8022205824320915,0.25,1.0,0.8956958264262823,0,0,0,,2382.0,-1,,2382.0,2.0,-1,-1,2.0,0.0,0.38082299490557237,2.0,0.5,0.7222222222222222,0.5052001528743397,0.125,0.32560559377414056,1174.451,1162.814,1174.451,1162.814,1174.451,1162.814,1174.451,1162.814,2015-07-06 10:00:00+00:00,2015-07-07 02:00:00+00:00,2380,2015-07-07 02:00:00+00:00,2015-07-07 10:00:00+00:00,accepted_breakout,0.013812724193402078,5.749162758711226,0.0,0.4377280421290174,1,1,box_too_narrow_for_visible_structure,,,414,2376,2380,2015-07-07 02:00:00+00:00,2380.0,2015-07-07 02:00:00+00:00,2380.0,2015-07-07 02:00:00+00:00,2380.0,2015-07-07 02:00:00+00:00
21,8,2477,2480,2485.0,4,3,1091.571,1099.315,1095.443,7.744000000000142,1.32925702803398,0.5593018709250057,0.5593018709250057,0.5281309809123292,0.5281309809123292,4,2,1.0,0.9261905317594394,0.30100000000015825,0.05166662776839243,0.6185433884297654,0.5070538818197623,0.8222031462142176,0,0.601972130205151,3,0,1,0.5856577134986214,0,1,1.0,0.375,0.375,0.6919451994301757,0.5816030225875237,0.5193459709676636,0.6919451994301757,0.5614647649311256,0.6919451994301757,0.6054258375452535,0.25,1.0,0.9261905317594394,1,1,2,2.0,2481.0,-1,,2481.0,1.0,-1,-1,5.0,0.6,0.44082398769937464,5.0,0.4166666666666667,0.5416666666666666,0.37421609513473975,0.39583333333333337,0.4404290237836849,1099.315,1091.571,1099.315,1091.571,1099.315,1091.571,1099.315,1091.571,2015-07-28 18:00:00+00:00,2015-07-29 06:00:00+00:00,2480,2015-07-29 06:00:00+00:00,2015-07-30 02:00:00+00:00,accepted_breakout,1.8860159827086111,7.324392344496217,0.0,0.3874518436984139,1,1,box_too_narrow_for_visible_structure,,,432,2477,2480,2015-07-29 06:00:00+00:00,2480.0,2015-07-29 06:00:00+00:00,2480.0,2015-07-29 06:00:00+00:00,2480.0,2015-07-29 06:00:00+00:00
22,5,2932,2936,2939.0,4,4,1088.211,1095.671,1091.941,7.460000000000036,1.516035932118128,0.6728718057612406,0.6728718057612406,0.5733849585502493,0.5733849585502493,2,2,1.0,1.0,0.0,0.0,0.6435656836461002,0.5403672310324722,0.9756687010856558,1,0.38139462297579446,0,1,-1,0.9510277033065035,0,1,0.4,0.6,0.4,0.7505480379307596,0.6911217790210993,0.6451136310758364,0.7505480379307596,0.6558125116873609,0.7505480379307596,0.6065917382429331,0.25,1.0,1.0,0,0,0,,2939.0,-1,,2939.0,3.0,-1,-1,3.0,0.0,0.256563584874457,3.0,0.35,0.6071428571428571,0.49346844848425536,0.1875,0.3975635406924924,1095.671,1088.211,1095.671,1088.211,1095.671,1088.211,1095.671,1088.211,2015-11-09 07:00:00+00:00,2015-11-09 23:00:00+00:00,2936,2015-11-09 23:00:00+00:00,2015-11-10 11:00:00+00:00,accepted_breakout,0.0,2.174090950070719,0.27530301664309365,0.6935663815544791,1,1,box_too_narrow_for_visible_structure,,,489,2932,2936,2015-11-09 23:00:00+00:00,2936.0,2015-11-09 23:00:00+00:00,2936.0,2015-11-09 23:00:00+00:00,2936.0,2015-11-09 23:00:00+00:00
23,12,2945,2949,2952.0,4,4,1083.742,1094.538,1089.1399999999999,10.79600000000005,2.4522854003465806,0.6949507002741897,0.6949507002741897,0.5512745056916941,0.5512745056916941,2,3,1.0,1.0,0.0,0.0,0.3828269729529473,1.5134844037151927,0.938800996631388,2,0.5097669671040767,0,2,-1,0.6880943559343095,0,1,0.16666666666666663,0.9166666666666666,0.16666666666666663,0.7081119941654775,0.7143796562212773,0.6765245702560301,0.7081119941654775,0.6825327436794865,0.7081119941654775,0.6308552654428176,0.25,1.0,1.0,1,0,0,0.0,2951.0,-1,,2951.0,2.0,-1,0,3.0,0.8,0.5200923427377719,3.0,0.4,0.6904761904761904,0.4848169101897602,0.2708333333333333,0.3979006561188686,1094.538,1083.742,1094.538,1083.742,1094.538,1083.742,1094.538,1083.742,2015-11-11 11:00:00+00:00,2015-11-12 03:00:00+00:00,2949,2015-11-12 03:00:00+00:00,2015-11-12 15:00:00+00:00,accepted_breakout,0.4094140102363332,4.238087458552414,0.0,0.5348526133267256,1,1,box_too_narrow_for_visible_structure,,,491,2945,2949,2015-11-12 03:00:00+00:00,2949.0,2015-11-12 03:00:00+00:00,2949.0,2015-11-12 03:00:00+00:00,2949.0,2015-11-12 03:00:00+00:00
25,8,3006,3009,3015.0,4,3,1067.461,1080.759,1074.1100000000001,13.298000000000002,2.6181789680676757,0.634824870369092,0.634824870369092,0.5385886896928763,0.5385886896928763,3,2,0.875,1.0,0.0,0.0,0.36328771243795327,1.6670267200052087,0.9511522480624671,0,0.6066810730191691,0,1,-1,0.6597483330826616,0,1,0.375,0.625,0.375,0.6547249467989883,0.6645210665661286,0.6066960533347978,0.6547249467989883,0.6493595978207443,0.6547249467989883,0.7043637493018683,0.25,0.875,1.0,1,0,2,2.0,3014.0,-1,,3014.0,5.0,-1,-1,6.0,0.6,0.5442522010293822,6.0,0.2666666666666667,0.4444444444444444,0.5779143010126265,0.45833333333333337,0.5626730196976011,1080.759,1067.461,1080.759,1067.461,1080.759,1067.461,1080.759,1067.461,2015-11-25 15:00:00+00:00,2015-11-26 03:00:00+00:00,3009,2015-11-26 03:00:00+00:00,2015-11-27 07:00:00+00:00,accepted_breakout,0.2650697329954341,5.634450578024289,0.0,0.48610908027489413,1,1,box_too_narrow_for_visible_structure,,,503,3006,3010,2015-11-26 07:00:00+00:00,3009.0,2015-11-26 03:00:00+00:00,3009.0,2015-11-26 03:00:00+00:00,3009.0,2015-11-26 03:00:00+00:00
27,12,3076,3079,3083.0,4,3,1061.408,1079.459,1070.4335,18.05100000000016,2.8122032344826757,0.6222766447359204,0.6222766447359204,0.5880024447945849,0.5880024447945849,2,2,1.0,1.0,0.0,0.0,0.6828430557863783,0.8919097843561887,1.9202934501264872,0,0.637129144192457,2,0,1,0.5252525252525284,0,1,0.8333333333333334,0.6666666666666667,0.6666666666666667,0.7410583673309834,0.6461068867402038,0.5832541658371122,0.7410583673309834,0.6228987766193852,0.7410583673309834,0.6557717779422939,0.25,1.0,1.0,0,0,0,,3083.0,-1,,3083.0,4.0,-1,-1,4.0,0.6,0.6053773223756267,4.0,0.2666666666666667,0.4761904761904762,0.5489352754199983,0.25,0.476162390283571,1079.459,1061.408,1079.459,1061.408,1079.459,1061.408,1079.459,1061.408,2015-12-11 15:00:00+00:00,2015-12-14 03:00:00+00:00,3079,2015-12-14 03:00:00+00:00,2015-12-14 19:00:00+00:00,accepted_breakout,0.0,1.4031702800191845,0.5322765733269386,0.8206119016229532,1,1,edge_partially_matches_chart,,,516,3076,3082,2015-12-14 15:00:00+00:00,3079.0,2015-12-14 03:00:00+00:00,3079.0,2015-12-14 03:00:00+00:00,3079.0,2015-12-14 03:00:00+00:00
28,16,3095,3098,3099.0,4,3,1057.462,1078.312,1067.887,20.84999999999991,2.9521724992934812,0.6646914217765354,0.6646914217765354,0.5954716584673924,0.5954716584673924,3,3,1.0,1.0,0.0,0.0,0.3933812949640304,1.7908430585642134,1.1613294407292678,1,0.549273598675015,0,0,0,0.90618705035972,0,1,0.8125,0.25,0.25,0.7374507460060571,0.6886957427114846,0.6328863003144546,0.7374507460060571,0.6644571922358238,0.7374507460060571,0.6791218751272404,0.5,1.0,1.0,0,0,0,,3099.0,-1,,3099.0,1.0,-1,-1,1.0,0.4,0.40915486085951086,1.0,0.6166666666666667,0.8333333333333334,0.48035144244356137,0.0625,0.25196286061089035,1078.312,1057.462,1078.312,1057.462,1078.312,1057.462,1078.312,1057.462,2015-12-16 19:00:00+00:00,2015-12-17 07:00:00+00:00,3098,2015-12-17 07:00:00+00:00,2015-12-17 11:00:00+00:00,accepted_breakout,0.0,3.350413975594992,0.0,0.6782472918903067,1,0,box_too_narrow_for_visible_structure,,,526,3095,3098,2015-12-17 07:00:00+00:00,3098.0,2015-12-17 07:00:00+00:00,3098.0,2015-12-17 07:00:00+00:00,3098.0,2015-12-17 07:00:00+00:00
29,16,3127,3130,3134.0,7,3,1068.129,1080.795,1074.462,12.666000000000167,2.862427127250648,0.6293030409519944,0.6293030409519944,0.5776337247233712,0.5776337247233712,2,3,1.0,1.0,0.0,0.0,0.5835307121427427,1.1921129872293723,1.6703141400212758,0,0.424310584149277,0,0,0,0.9309437338807367,0,1,0.1875,0.6875,0.1875,0.6834324896948442,0.6587693022390926,0.595890669671976,0.6834324896948442,0.6502623228760563,0.6834324896948442,0.7419916705581443,0.25,1.0,1.0,0,0,0,,,0,,,,0,0,,0.0,0.424310584149277,4.0,0.4666666666666667,0.8095238095238096,0.3226101678364139,0.08333333333333333,0.25458111338767486,1080.795,1068.129,1080.795,1068.129,1080.795,1068.129,1080.795,1068.129,2015-12-24 03:00:00+00:00,2015-12-24 15:00:00+00:00,3130,2015-12-24 15:00:00+00:00,2015-12-28 11:00:00+00:00,superseded,1.3338330829987488,0.6103212142479348,0.3519485675844388,1.1954695611137456,0,1,edge_misses_chart_reality,,,536,3127,3131,2015-12-27 23:00:00+00:00,3130.0,2015-12-24 15:00:00+00:00,3130.0,2015-12-24 15:00:00+00:00,3130.0,2015-12-24 15:00:00+00:00
31,12,3130,3134,3135.0,4,4,1068.129,1076.977,1072.5529999999999,8.848000000000184,2.174236814008797,0.8092410275101923,0.8092410275101923,0.6796078110618909,0.6796078110618909,3,3,1.0,1.0,0.0,0.0,0.3210895117540758,1.476112176960975,0.698124637047822,0,0.4791812838037736,0,0,0,0.9106389391199681,0,1,0.75,0.25,0.25,0.8044207222309862,0.8217559809747409,0.7994997154446445,0.8044207222309862,0.7967826962978619,0.8044207222309862,0.7414020886505382,0.5,1.0,1.0,0,0,0,,3135.0,-1,,3135.0,1.0,-1,-1,1.0,0.4,0.32978721501820485,1.0,0.55,0.85,0.6200455411555378,0.0625,0.29688638528888445,1076.977,1068.129,1076.977,1068.129,1076.977,1068.129,1076.977,1068.129,2015-12-24 15:00:00+00:00,2015-12-28 11:00:00+00:00,3134,2015-12-28 11:00:00+00:00,2015-12-28 15:00:00+00:00,accepted_breakout,0.0,0.8035003311248208,0.7321665562917263,0.8351109013685852,1,0,edge_partially_matches_chart,,,537,3130,3134,2015-12-28 11:00:00+00:00,3134.0,2015-12-28 11:00:00+00:00,3134.0,2015-12-28 11:00:00+00:00,3134.0,2015-12-28 11:00:00+00:00
32,16,3136,3143,3146.0,4,7,1066.382,1076.977,1071.6795000000002,10.595000000000027,2.627221960194144,0.7494494529447664,0.7494494529447664,0.6389675380685392,0.6389675380685392,3,3,1.0,1.0,0.0,0.0,0.42963662104765415,1.4984711944741373,1.1287507657200064,0,0.5476568880269692,0,2,-1,0.6352052855120198,0,1,0.25,0.875,0.25,0.792068145335009,0.762839127721586,0.731383135349799,0.792068145335009,0.7332581664643976,0.792068145335009,0.6778463061792176,0.5,1.0,1.0,1,0,2,2.0,3145.0,-1,,3145.0,2.0,-1,-1,3.0,0.4,0.5483992168655129,3.0,0.3,0.7333333333333334,0.5845085973985621,0.2708333333333333,0.4342521493496405,1076.977,1066.382,1076.977,1066.382,1076.977,1066.382,1076.977,1066.382,2015-12-28 19:00:00+00:00,2015-12-29 23:00:00+00:00,3143,2015-12-29 23:00:00+00:00,2015-12-30 11:00:00+00:00,accepted_breakout,0.6683866177299775,2.6811590747663994,0.0,0.6670654158534283,0,1,box_too_narrow_for_visible_structure,,,544,3136,3144,2015-12-30 03:00:00+00:00,3143.0,2015-12-29 23:00:00+00:00,3143.0,2015-12-29 23:00:00+00:00,3143.0,2015-12-29 23:00:00+00:00
34,16,3411,3414,3417.0,4,3,1224.548,1248.504,1236.5259999999998,23.955999999999904,2.9493315959628017,0.5953957823891425,0.5953957823891425,0.5423042407549371,0.5423042407549371,2,3,0.9375,1.0,0.0,0.0,0.6953164134246115,0.8986129286580611,2.0507186673047406,0,0.6378764742792123,0,0,0,0.7138364779874136,0,1,0.375,0.6875,0.375,0.6624361365936362,0.6251820611548092,0.5596488515532635,0.6624361365936362,0.6134828167154732,0.6624361365936362,0.6977522581612204,0.25,0.9375,1.0,0,0,0,,3417.0,1,3417.0,,3.0,1,1,3.0,0.2,0.572774006617185,3.0,0.4166666666666667,0.5833333333333334,0.43089777000715357,0.1875,0.37334944250178836,1248.504,1224.548,1248.504,1224.548,1248.504,1224.548,1248.504,1224.548,2016-03-02 15:00:00+00:00,2016-03-03 03:00:00+00:00,3414,2016-03-03 03:00:00+00:00,2016-03-03 15:00:00+00:00,accepted_breakout,6.703552773470355,0.3316005570003735,0.0,0.5603873774825117,0,1,box_too_narrow_for_visible_structure,,,587,3411,3414,2016-03-03 03:00:00+00:00,3414.0,2016-03-03 03:00:00+00:00,3414.0,2016-03-03 03:00:00+00:00,3414.0,2016-03-03 03:00:00+00:00
35,8,3741,3744,3746.0,4,3,1268.301,1282.198,1275.2495,13.897000000000162,2.0626045825295685,0.6711941983994345,0.6711941983994345,0.5756140572908374,0.5756140572908374,3,2,0.875,1.0,0.0,0.0,0.27171331942145954,1.5021674447565454,0.5604371377730228,0,0.5203919362556572,0,1,-1,0.7572857451248519,0,1,0.625,0.375,0.375,0.7067378234557327,0.6965321582458646,0.6442233321194256,0.7067378234557327,0.6744575904035697,0.7067378234557327,0.6907769712872683,0.25,0.875,1.0,1,0,2,2.0,3745.0,-1,,3745.0,1.0,-1,-1,2.0,0.2,0.28786635507073444,2.0,0.6166666666666667,0.7833333333333333,0.46524447099927596,0.20833333333333331,0.30922778441648563,1282.198,1268.301,1282.198,1268.301,1282.198,1268.301,1282.198,1268.301,2016-05-17 18:00:00+00:00,2016-05-18 06:00:00+00:00,3744,2016-05-18 06:00:00+00:00,2016-05-18 14:00:00+00:00,accepted_breakout,0.0,6.530093123075246,0.0,0.5078199225316148,1,1,box_too_narrow_for_visible_structure,,,651,3741,3744,2016-05-18 06:00:00+00:00,3744.0,2016-05-18 06:00:00+00:00,3744.0,2016-05-18 06:00:00+00:00,3744.0,2016-05-18 06:00:00+00:00
36,8,3815,3818,3819.0,4,3,1206.841,1217.61,1212.2255,10.769000000000005,2.1770259502990856,0.6878851656384455,0.6878851656384455,0.5926121319433044,0.5926121319433044,3,2,1.0,1.0,0.0,0.0,0.45343114495310943,1.18989458106234,0.9871313692367455,0,0.5039369849250902,0,1,-1,0.8858761259169942,0,1,0.375,0.75,0.375,0.7099397559563158,0.7134993219052657,0.6628405399234573,0.7099397559563158,0.6954478789115162,0.7099397559563158,0.7245596709001348,0.25,1.0,1.0,0,0,0,,3819.0,1,3819.0,,1.0,1,1,1.0,0.4,0.3994309422651293,1.0,0.7166666666666667,0.8333333333333334,0.4872485801857216,0.0625,0.2336871450464304,1217.61,1206.841,1217.61,1206.841,1217.61,1206.841,1217.61,1206.841,2016-06-02 18:00:00+00:00,2016-06-03 06:00:00+00:00,3818,2016-06-03 06:00:00+00:00,2016-06-03 10:00:00+00:00,accepted_breakout,12.429801305897431,0.0,0.0,0.28467577784239484,1,1,box_too_narrow_for_visible_structure,,,660,3815,3818,2016-06-03 06:00:00+00:00,3818.0,2016-06-03 06:00:00+00:00,3818.0,2016-06-03 06:00:00+00:00,3818.0,2016-06-03 06:00:00+00:00
37,16,3815,3818,3819.0,4,3,1205.895,1220.412,1213.1535,14.517000000000053,2.9347094178189175,0.6278416768232095,0.6278416768232095,0.5967035717529117,0.5967035717529117,2,2,1.0,1.0,0.0,0.0,0.40152924157883374,1.756337771027827,1.1783716467910907,0,0.5633654602401139,0,0,0,0.78749052834607,0,1,0.3125,0.8125,0.3125,0.7080591725248064,0.6556883982774487,0.5916156314893929,0.7080591725248064,0.6464986859268729,0.7080591725248064,0.7378853701006806,0.25,1.0,1.0,0,0,0,,3819.0,1,3819.0,,1.0,1,1,1.0,0.2,0.48143393453444866,1.0,0.7166666666666667,0.8333333333333334,0.4003763940091826,0.0625,0.21196909850229564,1220.412,1205.895,1220.412,1205.895,1220.412,1205.895,1220.412,1205.895,2016-06-02 18:00:00+00:00,2016-06-03 06:00:00+00:00,3818,2016-06-03 06:00:00+00:00,2016-06-03 10:00:00+00:00,accepted_breakout,8.265895032983755,0.32234877983353527,0.0,0.38375320521293144,0,1,box_too_narrow_for_visible_structure,,,662,3815,3818,2016-06-03 06:00:00+00:00,3818.0,2016-06-03 06:00:00+00:00,3818.0,2016-06-03 06:00:00+00:00,3818.0,2016-06-03 06:00:00+00:00
38,12,4019,4022,4024.0,4,3,1323.233,1336.085,1329.659,12.85200000000009,1.8989819907645893,0.6530838692477307,0.6530838692477307,0.5754367088973683,0.5754367088973683,3,2,1.0,0.8758835300153944,0.5879999999999654,0.08688152898922387,0.4053843759726113,1.1291643614552591,0.7698176293093302,0,0.4409649480707368,1,0,1,0.8579209461562456,0,1,0.9166666666666666,0.16666666666666663,0.16666666666666663,0.7062271492341445,0.6729866120241972,0.6278626405176725,0.7062271492341445,0.6586077023349217,0.7062271492341445,0.6913400065908691,0.25,1.0,0.8758835300153944,1,0,2,2.0,4023.0,-1,,4023.0,1.0,-1,-1,2.0,0.2,0.4378188336578836,2.0,0.6166666666666667,0.7833333333333333,0.43377858796754926,0.20833333333333331,0.30136131365855395,1336.085,1323.233,1336.085,1323.233,1336.085,1323.233,1336.085,1323.233,2016-07-19 14:00:00+00:00,2016-07-20 02:00:00+00:00,4022,2016-07-20 02:00:00+00:00,2016-07-20 10:00:00+00:00,accepted_breakout,0.0,5.721486592732468,0.0,0.5418897836994576,1,0,box_too_narrow_for_visible_structure,,,696,4019,4022,2016-07-20 02:00:00+00:00,4022.0,2016-07-20 02:00:00+00:00,4022.0,2016-07-20 02:00:00+00:00,4022.0,2016-07-20 02:00:00+00:00
40,8,4107,4110,4111.0,4,3,1329.876,1338.141,1334.0085,8.2650000000001,1.5247603543358959,0.6664866397461604,0.6664866397461604,0.6200106614582541,0.6200106614582541,4,3,1.0,1.0,0.0,0.0,0.44379915305506057,0.8480730004696913,0.6766873538662047,2,0.370976336265904,1,2,-1,0.8272635612018705,0,1,0.75,1.0,0.75,0.7803162310272829,0.6878462783713674,0.6303318086960069,0.7803162310272829,0.6587923441777116,0.7803162310272829,0.6576055467538096,0.5,1.0,1.0,0,0,0,,4111.0,1,4111.0,,1.0,1,1,1.0,0.2,0.2903146344489393,1.0,0.6166666666666667,0.8333333333333334,0.4594319362733866,0.0625,0.24673298406834662,1338.141,1329.876,1338.141,1329.876,1338.141,1329.876,1338.141,1329.876,2016-08-08 18:00:00+00:00,2016-08-09 06:00:00+00:00,4110,2016-08-09 06:00:00+00:00,2016-08-09 10:00:00+00:00,accepted_breakout,2.8876668962957996,0.4079329569602962,0.0,0.6861198738170402,0,1,box_too_narrow_for_visible_structure,,,714,4107,4110,2016-08-09 06:00:00+00:00,4110.0,2016-08-09 06:00:00+00:00,4110.0,2016-08-09 06:00:00+00:00,4110.0,2016-08-09 06:00:00+00:00
41,16,4295,4298,4302.0,4,3,1306.098,1318.408,1312.253,12.309999999999945,2.8039672854167486,0.6292369762099239,0.6292369762099239,0.5838710521309554,0.5838710521309554,2,2,1.0,1.0,0.0,0.0,0.6692120227457428,0.927518666630117,1.8764486187866316,0,0.6450747247685629,1,0,1,0.6772813430814886,0,1,0.875,0.1875,0.1875,0.7351306815317464,0.6526728512295078,0.592607848341982,0.7351306815317464,0.629526002948037,0.7351306815317464,0.6570686155972051,0.25,1.0,1.0,2,1,4,2.0,4299.0,1,4299.0,,1.0,1,1,4.0,0.6,0.5487974680620753,4.0,0.4166666666666667,0.5595238095238095,0.5088524451121638,0.5,0.5069750160399457,1318.408,1306.098,1318.408,1306.098,1318.408,1306.098,1318.408,1306.098,2016-09-20 02:00:00+00:00,2016-09-20 14:00:00+00:00,4298,2016-09-20 14:00:00+00:00,2016-09-21 06:00:00+00:00,accepted_breakout,6.499362562032018,0.3726862311964372,0.0,0.4174437926006284,1,1,box_too_narrow_for_visible_structure,,,738,4295,4298,2016-09-20 14:00:00+00:00,4298.0,2016-09-20 14:00:00+00:00,4298.0,2016-09-20 14:00:00+00:00,4298.0,2016-09-20 14:00:00+00:00
43,12,4348,4352,4353.0,4,4,1313.163,1328.043,1320.603,14.879999999999882,2.964825520037985,0.6480939744413355,0.6480939744413355,0.5576842877057148,0.5576842877057148,2,2,1.0,1.0,0.0,0.0,0.3151881720430169,2.0303475839507255,0.9344779360872596,2,0.6522978180280845,0,2,-1,0.4437724014336941,0,1,0.5,0.9166666666666666,0.5,0.7033518774129263,0.6696722016369102,0.6211269991215983,0.7033518774129263,0.6472847281051728,0.7033518774129263,0.6548252390088466,0.25,1.0,1.0,0,0,0,,4353.0,-1,,4353.0,1.0,-1,-1,1.0,0.8,0.6336634202653461,1.0,0.65,0.85,0.39458483589013116,0.0625,0.22052120897253277,1328.043,1313.163,1328.043,1313.163,1328.043,1313.163,1328.043,1313.163,2016-09-30 18:00:00+00:00,2016-10-03 06:00:00+00:00,4352,2016-10-03 06:00:00+00:00,2016-10-03 10:00:00+00:00,accepted_breakout,0.0,1.33566038650035,0.5547798711665499,0.7898089171974494,1,1,box_too_narrow_for_visible_structure,,,746,4348,4352,2016-10-03 06:00:00+00:00,4352.0,2016-10-03 06:00:00+00:00,4352.0,2016-10-03 06:00:00+00:00,4352.0,2016-10-03 06:00:00+00:00
44,12,4461,4467,4471.0,4,6,1264.649,1275.861,1270.255,11.212000000000216,2.7880905326597296,0.6686909992370553,0.6686909992370553,0.5604937208322014,0.5604937208322014,2,3,1.0,0.808168685638331,0.5399999999999636,0.13428192005316833,0.5307706029254288,1.3082540396292452,1.4798364930304844,0,0.44360683410615126,0,0,0,0.9166369366155234,0,1,0.16666666666666663,0.5,0.16666666666666663,0.6511092553505724,0.6862170744416599,0.6567821750870247,0.6511092553505724,0.690809362207492,0.6511092553505724,0.7680483119800904,0.25,1.0,0.808168685638331,1,0,2,2.0,4470.0,-1,4471.0,4470.0,3.0,-1,1,4.0,0.2,0.40132318985991156,4.0,0.25,0.6166666666666667,0.4619056667962059,0.3333333333333333,0.45880975003238483,1275.861,1264.649,1275.861,1264.649,1275.861,1264.649,1275.861,1264.649,2016-10-26 22:00:00+00:00,2016-10-27 22:00:00+00:00,4467,2016-10-27 22:00:00+00:00,2016-10-28 14:00:00+00:00,accepted_breakout,2.968339766250294,1.857902366986024,0.0,0.45451597210962646,0,1,box_too_narrow_for_visible_structure,,,780,4461,4467,2016-10-27 22:00:00+00:00,4467.0,2016-10-27 22:00:00+00:00,4467.0,2016-10-27 22:00:00+00:00,4467.0,2016-10-27 22:00:00+00:00
47,16,4549,4552,4559.0,4,3,1211.425,1233.041,1222.233,21.615999999999985,2.2815869692654265,0.6666795252724985,0.6666795252724985,0.5702133583642229,0.5702133583642229,4,2,0.875,1.0,0.0,0.0,0.5942820133234646,0.925680871597787,1.3559060976676396,1,0.5349185229005876,1,0,1,0.7210708117443838,0,1,0.75,0.1875,0.1875,0.7148979517280125,0.6896624561797399,0.6396589150775335,0.7148979517280125,0.6642668951699333,0.7148979517280125,0.6626917333351195,0.25,0.875,1.0,1,0,2,2.0,4558.0,-1,,4558.0,6.0,-1,-1,7.0,0.4,0.509558937789597,7.0,0.2666666666666667,0.43333333333333335,0.650976864884854,0.5208333333333334,0.6050358828878801,1233.041,1211.425,1233.041,1211.425,1233.041,1211.425,1233.041,1211.425,2016-11-16 07:00:00+00:00,2016-11-16 19:00:00+00:00,4552,2016-11-16 19:00:00+00:00,2016-11-17 23:00:00+00:00,accepted_breakout,0.0,4.463559854253017,0.0,0.6797484276729565,1,0,box_too_narrow_for_visible_structure,,,793,4549,4552,2016-11-16 19:00:00+00:00,4552.0,2016-11-16 19:00:00+00:00,4552.0,2016-11-16 19:00:00+00:00,4552.0,2016-11-16 19:00:00+00:00
48,5,4632,4636,4638.0,4,4,1165.343,1175.193,1170.268,9.849999999999909,1.4170656980479341,0.6233902632206343,0.6233902632206343,0.5117707338717246,0.5117707338717246,2,2,1.0,0.8421600498765969,0.7680000000000291,0.1104879650863822,0.25035532994923015,1.0622957476534074,0.35476995039452675,0,0.618894462624649,0,1,-1,0.7266328257191184,0,1,0.4,1.0,0.4,0.683388891143474,0.6383022443212196,0.6012644186284882,0.683388891143474,0.6121172968168753,0.683388891143474,0.5814531581849611,0.25,1.0,0.8421600498765969,0,0,0,,4638.0,1,4638.0,,2.0,1,1,2.0,0.2,0.4112010306887504,2.0,0.5,0.7222222222222222,0.4327690444963976,0.125,0.307497816679655,1175.193,1165.343,1175.193,1165.343,1175.193,1165.343,1175.193,1165.343,2016-12-06 11:00:00+00:00,2016-12-07 03:00:00+00:00,4636,2016-12-07 03:00:00+00:00,2016-12-07 11:00:00+00:00,accepted_breakout,3.491016688086382,0.0,0.0,0.6656754747583897,0,1,box_too_narrow_for_visible_structure,,,812,4632,4636,2016-12-07 03:00:00+00:00,4636.0,2016-12-07 03:00:00+00:00,4636.0,2016-12-07 03:00:00+00:00,4636.0,2016-12-07 03:00:00+00:00
49,12,4639,4642,4650.0,4,3,1165.343,1180.14,1172.7415,14.797000000000025,2.3647439589988886,0.6893549695312127,0.6893549695312127,0.6278932568632306,0.6278932568632306,2,2,1.0,1.0,0.0,0.0,0.7169696560113472,0.669294296160544,1.6954496628383446,0,0.5601249728655324,1,0,1,0.6060237435516311,0,1,0.75,0.5,0.5,0.756058642176589,0.7117874712361447,0.6598390804758096,0.756058642176589,0.6921446928093162,0.756058642176589,0.7174703606226721,0.25,1.0,1.0,1,1,2,2.0,4647.0,-1,,4647.0,5.0,-1,-1,8.0,0.6,0.5022227806013225,8.0,0.2666666666666667,0.25757575757575757,0.6766518027566241,0.625,0.683064465840671,1180.14,1165.343,1180.14,1165.343,1180.14,1165.343,1180.14,1165.343,2016-12-07 15:00:00+00:00,2016-12-08 03:00:00+00:00,4642,2016-12-08 03:00:00+00:00,2016-12-09 11:00:00+00:00,accepted_breakout,0.0,4.055830215149576,0.0,0.606732819419384,1,1,box_too_narrow_for_visible_structure,,,815,4639,4644,2016-12-08 11:00:00+00:00,4642.0,2016-12-08 03:00:00+00:00,4642.0,2016-12-08 03:00:00+00:00,4642.0,2016-12-08 03:00:00+00:00
50,16,4643,4647,4650.0,4,4,1164.845,1180.14,1172.4925,15.295000000000073,2.679583765963584,0.6586304936415208,0.6586304936415208,0.5363020710965489,0.5363020710965489,2,2,1.0,0.8753623765516289,0.4980000000000473,0.08724633641385977,0.16789800588427403,2.229686995058425,0.44989677090515906,0,0.6766167048589303,0,1,-1,0.5759616432385258,0,1,0.5,1.0,0.5,0.7063313819115122,0.6725257902571583,0.6393263023611868,0.7063313819115122,0.6445002610376183,0.7063313819115122,0.598797119951401,0.25,1.0,0.8753623765516289,0,0,0,,4650.0,-1,,4650.0,3.0,-1,-1,3.0,0.2,0.37527555118734,3.0,0.35,0.6071428571428571,0.5327723526993108,0.1875,0.4073895167462563,1180.14,1164.845,1180.14,1164.845,1180.14,1164.845,1180.14,1164.845,2016-12-08 07:00:00+00:00,2016-12-08 23:00:00+00:00,4647,2016-12-08 23:00:00+00:00,2016-12-09 11:00:00+00:00,accepted_breakout,0.5653863182945889,3.393437486635247,0.0,0.668692344685876,0,1,box_too_narrow_for_visible_structure,,,817,4643,4649,2016-12-09 07:00:00+00:00,4647.0,2016-12-08 23:00:00+00:00,4647.0,2016-12-08 23:00:00+00:00,4647.0,2016-12-08 23:00:00+00:00
51,8,4663,4666,4670.0,4,3,1154.487,1164.94,1159.7135,10.452999999999975,2.0017661442642694,0.6719281892052515,0.6719281892052515,0.6046196482571347,0.6046196482571347,2,2,1.0,0.7885275273651986,0.7729999999999109,0.148030730844361,0.6996077681048399,0.6013149998077127,1.4004511444565566,0,0.4220536291657093,0,1,-1,0.9625944704869631,0,1,0.5,0.75,0.5,0.724880216431226,0.6883810549094944,0.6496354576575315,0.724880216431226,0.6799052529559972,0.724880216431226,0.7234932396459344,0.25,1.0,0.7885275273651986,0,0,0,,4670.0,-1,,4670.0,4.0,-1,-1,4.0,0.2,0.34970349070580065,4.0,0.2666666666666667,0.4761904761904762,0.6285447713328722,0.25,0.49606476426178947,1164.94,1154.487,1164.94,1154.487,1164.94,1154.487,1164.94,1154.487,2016-12-13 15:00:00+00:00,2016-12-14 03:00:00+00:00,4666,2016-12-14 03:00:00+00:00,2016-12-14 19:00:00+00:00,accepted_breakout,0.002497794267545095,9.934227360663492,0.0,0.3445968220478681,1,1,box_too_narrow_for_visible_structure,,,821,4663,4669,2016-12-14 15:00:00+00:00,4666.0,2016-12-14 03:00:00+00:00,4666.0,2016-12-14 03:00:00+00:00,4666.0,2016-12-14 03:00:00+00:00
53,12,4693,4696,4708.0,7,3,1125.712,1142.295,1134.0035,16.583000000000084,2.9840100662446023,0.6252777218997121,0.6252777218997121,0.6020141030849615,0.6020141030849615,2,2,1.0,0.9976864352825833,0.009000000000014552,0.0016194953021916847,0.6432491105348769,1.064548245305643,1.9194618209389593,0,0.4726909281178355,0,0,0,0.9865524935174694,0,1,0.25,0.75,0.25,0.7207357843013855,0.6527217365246509,0.5869514596304957,0.7207357843013855,0.6409616485083617,0.7207357843013855,0.7254618502315153,0.25,1.0,0.9976864352825833,0,0,0,,,0,,,,0,0,,0.4,0.283513703726679,12.0,0.4666666666666667,0.7333333333333334,0.3492288334144996,0.25,0.33480720835362493,1142.295,1125.712,1142.295,1125.712,1142.295,1125.712,1142.295,1125.712,2016-12-20 15:00:00+00:00,2016-12-21 03:00:00+00:00,4696,2016-12-21 03:00:00+00:00,2016-12-23 03:00:00+00:00,superseded,1.7550208892528574,0.0,0.4149930369157142,1.4615723603031974,0,1,box_too_wide_for_visible_structure,,,831,4693,4696,2016-12-21 03:00:00+00:00,4696.0,2016-12-21 03:00:00+00:00,4696.0,2016-12-21 03:00:00+00:00,4696.0,2016-12-21 03:00:00+00:00
54,5,4705,4708,4708.0,7,3,1126.99,1134.036,1130.513,7.046000000000049,1.584266152300452,0.6116189390960898,0.6116189390960898,0.5578654143434935,0.5578654143434935,2,4,1.0,1.0,0.0,0.0,0.5762134544422249,0.6713906799275164,0.9128754723729355,1,0.3508310700478623,0,2,-1,0.8832434478190908,0,1,0.4,0.8,0.4,0.7106168592018675,0.637744233229027,0.5738340248074982,0.7106168592018675,0.6129792622775114,0.7106168592018675,0.6417397953145066,0.25,1.0,1.0,0,0,0,,,0,,,,0,0,,0.4,0.28933340928423423,0.0,0.6666666666666667,0.9166666666666666,0.2982563113398305,0.0,0.15789741116829092,1134.036,1126.99,1134.036,1126.99,1134.036,1126.99,1134.036,1126.99,2016-12-22 15:00:00+00:00,2016-12-23 03:00:00+00:00,4708,2016-12-23 03:00:00+00:00,2016-12-23 03:00:00+00:00,superseded,0.0,0.0,1.0,1.0,1,1,edge_matches_chart_well,,,840,4705,4708,2016-12-23 03:00:00+00:00,4708.0,2016-12-23 03:00:00+00:00,4708.0,2016-12-23 03:00:00+00:00,4708.0,2016-12-23 03:00:00+00:00
56,16,4706,4711,4714.0,4,5,1126.99,1137.058,1132.024,10.067999999999984,2.3726758487005726,0.7859502496996531,0.7859502496996531,0.6340764412248042,0.6340764412248042,3,4,0.9375,1.0,0.0,0.0,0.5101311084624529,1.1623000879808585,1.2103757607197143,1,0.3815849600546993,0,0,0,0.9847040127135407,0,1,0.1875,0.75,0.1875,0.7498582613172935,0.8029919326766537,0.7774099541401502,0.7498582613172935,0.7806924412843507,0.7498582613172935,0.7426584327881451,0.5,0.9375,1.0,1,0,2,2.0,4713.0,1,4713.0,,2.0,1,1,3.0,0.2,0.40770748185284056,3.0,0.3,0.7083333333333334,0.5977454869715016,0.2708333333333333,0.44256137174287535,1137.058,1126.99,1137.058,1126.99,1137.058,1126.99,1137.058,1126.99,2016-12-22 19:00:00+00:00,2016-12-23 15:00:00+00:00,4711,2016-12-23 15:00:00+00:00,2016-12-27 03:00:00+00:00,accepted_breakout,5.716330786368504,0.0,0.0,0.4260505268503215,1,1,box_too_narrow_for_visible_structure,,,842,4706,4713,2016-12-26 23:00:00+00:00,4711.0,2016-12-23 15:00:00+00:00,4711.0,2016-12-23 15:00:00+00:00,4711.0,2016-12-23 15:00:00+00:00
57,12,4803,4807,4811.0,4,4,1201.713,1218.796,1210.2545,17.083000000000084,2.8439164332233844,0.6975509211214115,0.6975509211214115,0.6064246307524834,0.6064246307524834,2,2,1.0,0.988822298495449,0.047000000000025466,0.007824391053185673,0.12082186969502243,2.500309132504936,0.3436073007184487,2,0.3316410391433245,1,1,0,0.9037444633066017,0,1,0.33333333333333337,1.0,0.33333333333333337,0.7283603689911048,0.7185404447811646,0.6749902095880679,0.7283603689911048,0.7016085033199239,0.7283603689911048,0.720981207861154,0.25,1.0,0.988822298495449,2,1,4,2.0,4808.0,-1,,4808.0,1.0,-1,-1,4.0,0.0,0.3316410391433245,4.0,0.35,0.5833333333333334,0.5011699166878107,0.5,0.513625812505286,1218.796,1201.713,1218.796,1201.713,1218.796,1201.713,1218.796,1201.713,2017-01-18 03:00:00+00:00,2017-01-18 19:00:00+00:00,4807,2017-01-18 19:00:00+00:00,2017-01-19 11:00:00+00:00,accepted_breakout,0.4606323817029849,2.130512672319456,0.1362849819925197,0.7824752656650787,1,0,box_too_narrow_for_visible_structure,,,867,4803,4807,2017-01-18 19:00:00+00:00,4807.0,2017-01-18 19:00:00+00:00,4807.0,2017-01-18 19:00:00+00:00,4807.0,2017-01-18 19:00:00+00:00
59,12,5123,5126,5127.0,4,3,1239.352,1250.557,1244.9545,11.204999999999927,2.875802067811802,0.5802716355519396,0.5802716355519396,0.5204495484385482,0.5204495484385482,4,2,0.9166666666666666,0.6604841314727421,0.9259999999999309,0.23766110796908052,0.5553770638107984,1.2786475592894606,1.5971545085223413,1,0.5152311322736511,1,0,1,0.6673211363974532,0,1,0.8333333333333334,0.5,0.5,0.615036739627181,0.598079647013711,0.5597504892720131,0.615036739627181,0.6118683466768419,0.615036739627181,0.7436814608127609,0.25,0.9166666666666666,0.6604841314727421,0,0,0,,5127.0,1,5127.0,,1.0,1,1,1.0,0.6,0.4905189032196004,1.0,0.7166666666666667,0.8333333333333334,0.32837139721567915,0.0625,0.19396784930391978,1250.557,1239.352,1250.557,1239.352,1250.557,1239.352,1250.557,1239.352,2017-04-02 18:00:00+00:00,2017-04-03 06:00:00+00:00,5126,2017-04-03 06:00:00+00:00,2017-04-03 10:00:00+00:00,accepted_breakout,1.8033229957115753,1.7595091319515253,0.0,0.988880063542496,1,0,box_not_visually_real,,,920,5123,5126,2017-04-03 06:00:00+00:00,5126.0,2017-04-03 06:00:00+00:00,5126.0,2017-04-03 06:00:00+00:00,5126.0,2017-04-03 06:00:00+00:00
60,5,5200,5205,5208.0,4,5,1276.361,1283.362,1279.8615,7.000999999999976,1.4608334558731368,0.6844834615264894,0.6844834615264894,0.5819142603560689,0.5819142603560689,2,2,0.8,1.0,0.0,0.0,0.4397943150978376,0.8183672066754034,0.6424662491977334,0,0.41729362187755187,0,0,0,0.9371042232062232,0,1,0.4,0.4,0.4,0.6793831975872413,0.7102482762191819,0.6636570594149075,0.6793831975872413,0.7017398656736831,0.6793831975872413,0.7608886571002363,0.25,0.8,1.0,1,0,2,2.0,5207.0,1,5207.0,,2.0,1,1,3.0,0.0,0.349008623066693,3.0,0.4,0.7083333333333334,0.4411859210012442,0.2708333333333333,0.38342148025031103,1283.362,1276.361,1283.362,1276.361,1283.362,1276.361,1283.362,1276.361,2017-04-20 06:00:00+00:00,2017-04-21 02:00:00+00:00,5205,2017-04-21 02:00:00+00:00,2017-04-21 14:00:00+00:00,accepted_breakout,3.3412433021548615,7.566913227211884,0.0,0.305240669689571,1,1,box_too_narrow_for_visible_structure,,,930,5200,5205,2017-04-21 02:00:00+00:00,5205.0,2017-04-21 02:00:00+00:00,5205.0,2017-04-21 02:00:00+00:00,5205.0,2017-04-21 02:00:00+00:00
62,16,5754,5757,5765.0,5,3,1281.881,1293.168,1287.5245,11.286999999999807,2.7077806377582854,0.6485523153979358,0.6485523153979358,0.5788756112051957,0.5788756112051957,2,2,1.0,0.8043080226100334,0.5710000000001401,0.13698438417297656,0.4925135111189921,1.3741620885159285,1.333618549242357,0,0.43792971838938743,1,0,1,0.7865686187649512,0,1,0.1875,0.5625,0.1875,0.6866328672519092,0.6684309073743404,0.6257614098411203,0.6866328672519092,0.6653650043697712,0.6866328672519092,0.7384403874179342,0.25,1.0,0.8043080226100334,0,0,0,,5765.0,0,,,8.0,0,0,,0.2,0.45730657362770644,8.0,0.2666666666666667,0.42424242424242425,0.6523498773541759,0.41666666666666663,0.5707389844900591,1293.168,1281.881,1293.168,1281.881,1293.168,1281.881,1293.168,1281.881,2017-08-23 14:00:00+00:00,2017-08-24 02:00:00+00:00,5757,2017-08-24 02:00:00+00:00,2017-08-25 10:00:00+00:00,invalidated,0.3120636835262937,2.5611380417216933,0.042266091584004406,0.5919651754339855,0,0,box_too_narrow_for_visible_structure,,,1025,5754,5758,2017-08-24 06:00:00+00:00,5757.0,2017-08-24 02:00:00+00:00,5757.0,2017-08-24 02:00:00+00:00,5757.0,2017-08-24 02:00:00+00:00
63,5,5817,5820,5821.0,4,3,1331.469,1340.925,1336.1970000000001,9.455999999999904,1.755854480790402,0.6077439669112954,0.6077439669112954,0.5019932705777809,0.5019932705777809,2,3,1.0,0.7591376799978958,0.9080000000001291,0.1686036240014729,0.8022419627749672,0.3472343357738889,1.408620145016513,1,0.4153740111829594,1,1,0,0.9653835307388694,0,1,1.0,0.6,0.6,0.633496245944714,0.6292401230694196,0.5855668310931241,0.633496245944714,0.6167284882451058,0.633496245944714,0.6540285329004419,0.25,1.0,0.7591376799978958,0,0,0,,5821.0,1,5821.0,,1.0,1,1,1.0,0.2,0.293035505438317,1.0,0.7166666666666667,0.8333333333333334,0.40625406681866705,0.0625,0.21343851670466676,1340.925,1331.469,1340.925,1331.469,1340.925,1331.469,1340.925,1331.469,2017-09-06 18:00:00+00:00,2017-09-07 06:00:00+00:00,5820,2017-09-07 06:00:00+00:00,2017-09-07 10:00:00+00:00,accepted_breakout,4.8773973547881795,0.0,0.0,0.5247502774694736,0,1,box_too_narrow_for_visible_structure,,,1036,5817,5820,2017-09-07 06:00:00+00:00,5820.0,2017-09-07 06:00:00+00:00,5820.0,2017-09-07 06:00:00+00:00,5820.0,2017-09-07 06:00:00+00:00
64,8,5915,5918,5924.0,4,3,1277.652,1288.532,1283.092,10.879999999999882,1.9769759302755356,0.6184631019823115,0.6184631019823115,0.49296961975254167,0.49296961975254167,4,2,0.875,0.8299738400301423,0.6549999999999727,0.11901831197890037,0.8702205882352896,0.2565707733041503,1.7204051569713854,2,0.630829942960621,3,0,1,0.44172794117646497,0,1,1.0,0.375,0.375,0.6474941063489706,0.6376247865717224,0.5977223262285407,0.6474941063489706,0.614588835793767,0.6474941063489706,0.6022499533683088,0.25,0.875,0.8299738400301423,2,2,4,2.0,5919.0,1,5919.0,5922.0,1.0,1,-1,6.0,0.8,0.5566852292387604,6.0,0.4166666666666667,0.3611111111111111,0.623777422488885,0.6666666666666666,0.633722133399999,1288.532,1277.652,1288.532,1277.652,1288.532,1277.652,1288.532,1277.652,2017-09-28 14:00:00+00:00,2017-09-29 02:00:00+00:00,5918,2017-09-29 02:00:00+00:00,2017-10-01 22:00:00+00:00,accepted_breakout,0.9155397252347472,3.331856447580494,0.0,0.5644031747678506,1,1,box_too_narrow_for_visible_structure,,,1055,5915,5918,2017-09-29 02:00:00+00:00,5918.0,2017-09-29 02:00:00+00:00,5918.0,2017-09-29 02:00:00+00:00,5918.0,2017-09-29 02:00:00+00:00
65,16,6031,6035,6039.0,4,4,1270.663,1283.617,1277.1399999999999,12.95399999999995,2.946890365871597,0.6977132610751804,0.6977132610751804,0.5721608394663164,0.5721608394663164,4,3,1.0,1.0,0.0,0.0,0.6705264783078551,0.9709223468843684,1.9759680189872284,1,0.5676751495756014,0,0,0,0.7830785857650122,0,1,0.3125,0.8125,0.3125,0.7034862772066648,0.7183511157535103,0.6794537805643459,0.7034862772066648,0.6968959459782302,0.7034862772066648,0.6888699372554389,0.5,1.0,1.0,0,0,0,,6039.0,-1,,6039.0,4.0,-1,-1,4.0,0.4,0.34975663223145254,4.0,0.1,0.5,0.5706529516180995,0.25,0.5101632379045249,1283.617,1270.663,1283.617,1270.663,1283.617,1270.663,1283.617,1270.663,2017-10-25 06:00:00+00:00,2017-10-25 22:00:00+00:00,6035,2017-10-25 22:00:00+00:00,2017-10-26 14:00:00+00:00,accepted_breakout,0.4024581347630625,1.8524611784753182,0.24836022892053977,0.7519591339176807,1,1,box_too_narrow_for_visible_structure,,,1091,6031,6035,2017-10-25 22:00:00+00:00,6035.0,2017-10-25 22:00:00+00:00,6035.0,2017-10-25 22:00:00+00:00,6035.0,2017-10-25 22:00:00+00:00
66,8,6055,6060,6062.0,4,5,1267.669,1278.083,1272.8760000000002,10.413999999999987,2.641104696432906,0.6960612119517643,0.6960612119517643,0.5171193279099566,0.5171193279099566,3,3,0.875,0.7576203679232255,0.668999999999869,0.1696657424537421,0.18964855002879888,2.140223020280154,0.5008816761527517,0,0.7495789819063396,0,3,-1,0.47596184623261806,0,1,0.5,1.0,0.5,0.6686524573767086,0.7061477263051376,0.6919739406269396,0.6686524573767086,0.6837071166022812,0.6686524573767086,0.6222922491472515,0.5,0.875,0.7576203679232255,0,0,0,,6062.0,1,6062.0,,2.0,1,1,2.0,0.6,0.5209624503127661,2.0,0.4,0.7380952380952381,0.5818388404295695,0.125,0.3615906624883447,1278.083,1267.669,1278.083,1267.669,1278.083,1267.669,1278.083,1267.669,2017-10-31 02:00:00+00:00,2017-10-31 22:00:00+00:00,6060,2017-10-31 22:00:00+00:00,2017-11-01 06:00:00+00:00,accepted_breakout,1.0268430492978315,0.0,0.6577189835673896,0.7933871705012956,1,1,box_too_narrow_for_visible_structure,,,1095,6055,6061,2017-11-01 02:00:00+00:00,6060.0,2017-10-31 22:00:00+00:00,6060.0,2017-10-31 22:00:00+00:00,6060.0,2017-10-31 22:00:00+00:00
67,5,6212,6215,6216.0,4,3,1261.245,1269.122,1265.1835,7.87700000000018,1.8197222807395788,0.6155033845997457,0.6155033845997457,0.5025802335057831,0.5025802335057831,2,2,1.0,0.5802087921251771,1.272000000000162,0.29385384551237603,0.29122762473023284,1.2897688832511094,0.5299533974884695,2,0.5506775341692218,0,2,-1,0.6727603571579802,0,1,0.4,1.0,0.4,0.6401598301205598,0.6266220913500288,0.602218639646178,0.6401598301205598,0.6198981430169099,0.6401598301205598,0.6418092530921361,0.25,1.0,0.5802087921251771,0,0,0,,6216.0,-1,,6216.0,1.0,-1,-1,1.0,0.0,0.2813674263639252,1.0,0.7166666666666667,0.8333333333333334,0.46853633603966255,0.0625,0.22900908400991563,1269.122,1261.245,1269.122,1261.245,1269.122,1261.245,1269.122,1261.245,2017-12-06 11:00:00+00:00,2017-12-06 23:00:00+00:00,6215,2017-12-06 23:00:00+00:00,2017-12-07 03:00:00+00:00,accepted_breakout,0.0,4.903495491835974,0.0,0.46886904761905324,1,0,box_too_narrow_for_visible_structure,,,1121,6212,6215,2017-12-06 23:00:00+00:00,6215.0,2017-12-06 23:00:00+00:00,6215.0,2017-12-06 23:00:00+00:00,6215.0,2017-12-06 23:00:00+00:00
68,12,6375,6378,6381.0,4,3,1331.768,1343.923,1337.8455,12.154999999999973,2.3023096313567617,0.729931568307232,0.729931568307232,0.5763312914536882,0.5763312914536882,3,3,0.8333333333333334,0.8019285831635322,0.7319999999999709,0.13864999178552745,0.5246400658165337,1.0944257548317107,1.2078838765250508,0,0.2781691239290375,1,1,0,0.8621417797888432,0,1,0.8333333333333334,0.6666666666666667,0.6666666666666667,0.7167475801844921,0.7466313716105925,0.7180131716320476,0.7167475801844921,0.7205552883859897,0.7167475801844921,0.6734873554446682,0.5,0.8333333333333334,0.8019285831635322,1,0,2,2.0,6380.0,-1,,6380.0,2.0,-1,-1,3.0,0.4,0.25651467800474353,3.0,0.3666666666666667,0.6666666666666666,0.6469917375595972,0.2708333333333333,0.4498729343898993,1343.923,1331.768,1343.923,1331.768,1343.923,1331.768,1343.923,1331.768,2018-01-16 19:00:00+00:00,2018-01-17 07:00:00+00:00,6378,2018-01-17 07:00:00+00:00,2018-01-17 19:00:00+00:00,accepted_breakout,0.0,3.3171037882942898,0.0,0.6141370250606317,1,1,box_too_narrow_for_visible_structure,,,1148,6375,6379,2018-01-17 11:00:00+00:00,6378.0,2018-01-17 07:00:00+00:00,6378.0,2018-01-17 07:00:00+00:00,6378.0,2018-01-17 07:00:00+00:00
69,12,6388,6391,6406.0,4,3,1324.131,1340.438,1332.2845000000002,16.307000000000016,2.890048277672809,0.6036232771011331,0.6036232771011331,0.5352218074867967,0.5352218074867967,2,4,1.0,1.0,0.0,0.0,0.6002943521187206,1.1551686192353856,1.734879658437423,1,0.4793667169491672,0,0,0,0.8207927066086222,0,1,0.16666666666666663,0.6666666666666667,0.16666666666666663,0.6592903415972987,0.6332395969361154,0.5698388381203614,0.6592903415972987,0.6185030502060487,0.6592903415972987,0.6863583809172896,0.25,1.0,1.0,1,0,2,2.0,6405.0,1,6405.0,,14.0,1,1,15.0,0.2,0.2805447511802798,15.0,0.2666666666666667,0.3888888888888889,0.5339650748065112,0.625,0.6211301575905167,1340.438,1324.131,1340.438,1324.131,1340.438,1324.131,1340.438,1324.131,2018-01-18 23:00:00+00:00,2018-01-19 11:00:00+00:00,6391,2018-01-19 11:00:00+00:00,2018-01-23 23:00:00+00:00,accepted_breakout,3.5110140126000715,0.3882288087254121,0.0,0.6437312490131039,1,0,box_too_narrow_for_visible_structure,,,1153,6388,6391,2018-01-19 11:00:00+00:00,6391.0,2018-01-19 11:00:00+00:00,6391.0,2018-01-19 11:00:00+00:00,6391.0,2018-01-19 11:00:00+00:00
70,8,6546,6549,6553.0,4,3,1326.567,1340.915,1333.741,14.347999999999956,2.817358098964532,0.6410477324012394,0.6410477324012394,0.5777732325465192,0.5777732325465192,2,2,1.0,0.9792420547091112,0.07400000000006912,0.01453056170362216,0.5377056035684376,1.3024488618923826,1.5149092370721495,0,0.4665225842906048,0,0,0,0.8547068116346083,0,1,0.5,0.25,0.25,0.698276424612299,0.668542524301186,0.6087955164515145,0.698276424612299,0.653411105114174,0.698276424612299,0.7123794440654686,0.25,1.0,0.9792420547091112,1,0,2,2.0,6552.0,-1,,6552.0,3.0,-1,-1,4.0,0.2,0.2505270392985076,4.0,0.3166666666666667,0.5595238095238095,0.5062772886606669,0.3333333333333333,0.4679978935937382,1340.915,1326.567,1340.915,1326.567,1340.915,1326.567,1340.915,1326.567,2018-02-26 11:00:00+00:00,2018-02-26 23:00:00+00:00,6549,2018-02-26 23:00:00+00:00,2018-02-27 15:00:00+00:00,accepted_breakout,0.0,4.7239291323639145,0.0,0.5187836714032612,1,0,box_too_narrow_for_visible_structure,,,1194,6546,6549,2018-02-26 23:00:00+00:00,6549.0,2018-02-26 23:00:00+00:00,6549.0,2018-02-26 23:00:00+00:00,6549.0,2018-02-26 23:00:00+00:00
71,8,6577,6580,6582.0,4,3,1317.374,1327.698,1322.536,10.32400000000007,2.118056016668796,0.7139880873731153,0.7139880873731153,0.6251109022377013,0.6251109022377013,2,2,0.875,1.0,0.0,0.0,0.48905462998837124,1.0822109151421944,1.0358451015266013,0,0.42328528553593087,0,1,-1,0.7244608033062105,0,1,0.375,0.75,0.375,0.7293803040874979,0.7394877951331893,0.6901055781803518,0.7293803040874979,0.7060860488789524,0.7293803040874979,0.7617397461345757,0.25,0.875,1.0,0,0,0,,6582.0,1,6582.0,,2.0,1,1,2.0,0.4,0.39357653934266174,2.0,0.5666666666666667,0.7000000000000001,0.5675748750004095,0.125,0.33231038541676905,1327.698,1317.374,1327.698,1317.374,1327.698,1317.374,1327.698,1317.374,2018-03-05 15:00:00+00:00,2018-03-06 03:00:00+00:00,6580,2018-03-06 03:00:00+00:00,2018-03-06 11:00:00+00:00,accepted_breakout,4.994674322465857,0.0,0.0,0.4939003970721934,1,1,box_too_narrow_for_visible_structure,,,1199,6577,6581,2018-03-06 07:00:00+00:00,6580.0,2018-03-06 03:00:00+00:00,6580.0,2018-03-06 03:00:00+00:00,6580.0,2018-03-06 03:00:00+00:00
72,12,6811,6815,6819.0,4,4,1315.118,1326.546,1320.8319999999999,11.428000000000111,2.7603975455016,0.6500174469089186,0.6500174469089186,0.5467734269026102,0.5467734269026102,2,4,1.0,1.0,0.0,0.0,0.6808715435771678,0.8809214078093004,1.8794761376922997,2,0.5678103318011595,1,0,1,0.5441022051102633,0,1,0.25,0.6666666666666667,0.25,0.6898458042368892,0.6710630163036727,0.6259666314448499,0.6898458042368892,0.6496793194045196,0.6898458042368892,0.654337301525553,0.25,1.0,1.0,0,0,0,,6819.0,-1,,6819.0,4.0,-1,-1,4.0,0.0,0.3605139753399991,4.0,0.2,0.5,0.4755645745830257,0.25,0.4663911436457564,1326.546,1315.118,1326.546,1315.118,1326.546,1315.118,1326.546,1315.118,2018-04-27 06:00:00+00:00,2018-04-29 18:00:00+00:00,6815,2018-04-29 18:00:00+00:00,2018-04-30 10:00:00+00:00,accepted_breakout,0.5126073243710408,1.8055370350991478,0.22728521350993713,0.7620190704807666,1,1,box_too_narrow_for_visible_structure,,,1244,6811,6815,2018-04-29 18:00:00+00:00,6815.0,2018-04-29 18:00:00+00:00,6815.0,2018-04-29 18:00:00+00:00,6815.0,2018-04-29 18:00:00+00:00
73,12,6848,6851,6856.0,4,3,1307.734,1318.872,1313.3029999999999,11.138000000000147,2.5021993754257172,0.6702229956130268,0.6702229956130268,0.6287739518979069,0.6287739518979069,2,2,1.0,1.0,0.0,0.0,0.5480337583048986,1.1309096476829914,1.3712897277427258,0,0.49351576546939935,0,0,0,0.992458251032496,0,1,0.75,0.33333333333333337,0.33333333333333337,0.7794664224132304,0.6914909409931357,0.6348789732057026,0.7794664224132304,0.6661053905271728,0.7794664224132304,0.6777871242381869,0.25,1.0,1.0,1,0,0,0.0,6855.0,-1,,6855.0,4.0,-1,0,5.0,0.4,0.3112407037637325,5.0,0.2666666666666667,0.4583333333333333,0.6085514021617211,0.3958333333333333,0.545679517207097,1318.872,1307.734,1318.872,1307.734,1318.872,1307.734,1318.872,1307.734,2018-05-07 02:00:00+00:00,2018-05-07 14:00:00+00:00,6851,2018-05-07 14:00:00+00:00,2018-05-08 10:00:00+00:00,accepted_breakout,0.0,0.6925906932196798,0.76913643559344,0.8653562271773806,1,0,edge_partially_matches_chart,,,1255,6848,6853,2018-05-07 22:00:00+00:00,6851.0,2018-05-07 14:00:00+00:00,6851.0,2018-05-07 14:00:00+00:00,6851.0,2018-05-07 14:00:00+00:00
74,8,6857,6860,6869.0,4,3,1306.001,1317.69,1311.8455,11.689000000000078,2.387566624869785,0.6784294750808006,0.6784294750808006,0.5742919708766071,0.5742919708766071,2,2,1.0,1.0,0.0,0.0,0.17529301052271062,1.9690428833728129,0.41852374149697186,0,0.33936526814831813,1,1,0,0.9140217298314632,0,1,0.625,0.625,0.625,0.737443576058653,0.7034615190934713,0.6479603019537009,0.737443576058653,0.6668222477936314,0.737443576058653,0.6312675968738125,0.25,1.0,1.0,2,1,4,2.0,6861.0,-1,6868.0,6861.0,1.0,-1,1,9.0,0.0,0.3148829920469749,9.0,0.4166666666666667,0.5,0.5889294952173492,0.6041666666666666,0.5753573738043373,1317.69,1306.001,1317.69,1306.001,1317.69,1306.001,1317.69,1306.001,2018-05-08 14:00:00+00:00,2018-05-09 02:00:00+00:00,6860,2018-05-09 02:00:00+00:00,2018-05-10 14:00:00+00:00,accepted_breakout,2.1540760146454647,0.879137770705942,0.0,0.6174528551053855,1,1,box_too_narrow_for_visible_structure,,,1259,6857,6860,2018-05-09 02:00:00+00:00,6860.0,2018-05-09 02:00:00+00:00,6860.0,2018-05-09 02:00:00+00:00,6860.0,2018-05-09 02:00:00+00:00
75,12,6961,6965,6967.0,4,4,1295.748,1306.422,1301.085,10.673999999999978,2.418667936655878,0.6911258610758226,0.6911258610758226,0.5701261268650893,0.5701261268650893,3,2,1.0,1.0,0.0,0.0,0.2971706951470894,1.6999107045898743,0.7187572320660035,0,0.5883248865337016,0,2,-1,0.6046468053213453,0,1,0.6666666666666667,0.8333333333333334,0.6666666666666667,0.7485574654123113,0.7065479023506158,0.6689822897111584,0.7485574654123113,0.6707564363465088,0.7485574654123113,0.6027217976089952,0.25,1.0,1.0,1,0,2,2.0,6966.0,-1,,6966.0,1.0,-1,-1,2.0,0.2,0.28221157959524285,2.0,0.55,0.8055555555555555,0.4496151403866902,0.20833333333333331,0.3142093406522281,1306.422,1295.748,1306.422,1295.748,1306.422,1295.748,1306.422,1295.748,2018-05-31 10:00:00+00:00,2018-06-01 02:00:00+00:00,6965,2018-06-01 02:00:00+00:00,2018-06-01 10:00:00+00:00,accepted_breakout,0.0,3.072352300776915,0.0,0.5895608947804456,1,1,box_too_narrow_for_visible_structure,,,1285,6961,6965,2018-06-01 02:00:00+00:00,6965.0,2018-06-01 02:00:00+00:00,6965.0,2018-06-01 02:00:00+00:00,6965.0,2018-06-01 02:00:00+00:00
76,12,7116,7119,7128.0,4,3,1251.237,1261.012,1256.1245,9.774999999999864,2.2553599166592693,0.6840797692223426,0.6840797692223426,0.5200761633555421,0.5200761633555421,2,2,0.8333333333333334,0.9976927264279496,0.007000000000061846,0.0016150915004352522,0.27785166240408515,1.6287044144959524,0.6266555021633169,1,0.4623965672647305,0,1,-1,0.8843648763853403,0,1,0.16666666666666663,0.75,0.16666666666666663,0.683803155173278,0.7108232247468335,0.6616595248296208,0.683803155173278,0.6691811487941527,0.683803155173278,0.600940244817855,0.25,0.8333333333333334,0.9976927264279496,1,0,2,2.0,7127.0,1,7127.0,,8.0,1,1,9.0,0.6,0.30961879108587004,9.0,0.2666666666666667,0.4166666666666667,0.7393538621809098,0.5625,0.6450467988785609,1261.012,1251.237,1261.012,1251.237,1261.012,1251.237,1261.012,1251.237,2018-07-05 10:00:00+00:00,2018-07-05 22:00:00+00:00,7119,2018-07-05 22:00:00+00:00,2018-07-09 06:00:00+00:00,accepted_breakout,2.156640261304629,0.0,0.28111991289845706,0.66773686727235,1,1,box_too_narrow_for_visible_structure,,,1311,7116,7119,2018-07-05 22:00:00+00:00,7119.0,2018-07-05 22:00:00+00:00,7119.0,2018-07-05 22:00:00+00:00,7119.0,2018-07-05 22:00:00+00:00
77,16,7266,7269,7280.0,7,3,1205.837,1216.215,1211.0259999999998,10.377999999999929,2.500074099657033,0.6039157305209273,0.6039157305209273,0.511390341912717,0.511390341912717,5,2,1.0,0.9593909170829258,0.11799999999993815,0.028426358041951944,0.7756793216419358,0.5608183179804922,1.9392557816765406,0,0.7047514530808785,3,0,1,0.4247446521487699,0,1,1.0,0.75,0.75,0.6601427772834944,0.6288733591928425,0.573954994954508,0.6601427772834944,0.6060200978040388,0.6601427772834944,0.6244437807254927,0.25,1.0,0.9593909170829258,3,3,6,2.0,7271.0,1,7271.0,7275.0,2.0,1,0,,0.4,0.4470358472480676,11.0,0.3666666666666667,0.2380952380952381,0.5851505852307903,0.8125,0.7097102653553167,1216.215,1205.837,1216.215,1205.837,1216.215,1205.837,1216.215,1205.837,2018-08-08 14:00:00+00:00,2018-08-09 02:00:00+00:00,7269,2018-08-09 02:00:00+00:00,2018-08-12 18:00:00+00:00,superseded,0.4211875160598497,0.09159728506905322,0.8290717329570324,0.890051457975974,1,1,edge_matches_chart_well,,,1334,7266,7270,2018-08-09 06:00:00+00:00,7269.0,2018-08-09 02:00:00+00:00,7269.0,2018-08-09 02:00:00+00:00,7269.0,2018-08-09 02:00:00+00:00
78,16,7277,7280,7283.0,4,3,1205.608,1217.268,1211.438,11.660000000000082,2.758824489601718,0.6215640680609286,0.6215640680609286,0.5655220850527761,0.5655220850527761,2,2,1.0,1.0,0.0,0.0,0.5869639794168099,1.1394938886725443,1.619330600929174,0,0.5022418201236297,0,0,0,0.9675814751286385,0,1,0.8125,0.6875,0.6875,0.7329978308215671,0.6472533303316994,0.5821556857117789,0.7329978308215671,0.6156034238872108,0.7329978308215671,0.6191990873490969,0.25,1.0,1.0,0,0,0,,7283.0,-1,,7283.0,3.0,-1,-1,3.0,0.2,0.27973917955567745,3.0,0.4166666666666667,0.5833333333333334,0.5175337519996697,0.1875,0.39500843799991736,1217.268,1205.608,1217.268,1205.608,1217.268,1205.608,1217.268,1205.608,2018-08-10 10:00:00+00:00,2018-08-12 18:00:00+00:00,7280,2018-08-12 18:00:00+00:00,2018-08-13 06:00:00+00:00,accepted_breakout,0.09533045722596452,5.5404031889707115,0.0,0.4369987257327065,1,1,box_too_narrow_for_visible_structure,,,1335,7277,7280,2018-08-12 18:00:00+00:00,7280.0,2018-08-12 18:00:00+00:00,7280.0,2018-08-12 18:00:00+00:00,7280.0,2018-08-12 18:00:00+00:00
79,12,7619,7622,7629.0,4,3,1228.004,1243.33,1235.667,15.326000000000022,2.9988038690037855,0.6015355859025566,0.6015355859025566,0.5554768136807077,0.5554768136807077,2,3,0.8333333333333334,1.0,0.0,0.0,0.42535560485449536,1.7232458354636793,1.275558033540106,0,0.5666668522884128,0,0,0,0.7091652529470654,0,1,0.75,0.33333333333333337,0.33333333333333337,0.6642394857617356,0.6318507929822571,0.5660381879781395,0.6642394857617356,0.6245755428626616,0.6642394857617356,0.7270997523925143,0.25,0.8333333333333334,1.0,3,2,6,2.0,7624.0,-1,,7624.0,2.0,-1,-1,7.0,0.4,0.1818869868753037,7.0,0.3666666666666667,0.26666666666666666,0.5463838713454259,0.7291666666666667,0.6651376345030232,1243.33,1228.004,1243.33,1228.004,1243.33,1228.004,1243.33,1228.004,2018-10-26 14:00:00+00:00,2018-10-28 22:00:00+00:00,7622,2018-10-28 22:00:00+00:00,2018-10-30 02:00:00+00:00,accepted_breakout,0.0,2.75943354799954,0.0801888173334867,0.6493792635905299,1,1,box_too_narrow_for_visible_structure,,,1405,7619,7623,2018-10-29 02:00:00+00:00,7622.0,2018-10-28 22:00:00+00:00,7622.0,2018-10-28 22:00:00+00:00,7622.0,2018-10-28 22:00:00+00:00
80,12,7665,7671,7677.0,4,6,1222.829,1235.83,1229.3294999999998,13.000999999999976,2.7198645473052183,0.6398252783396392,0.6398252783396392,0.5063250330073722,0.5063250330073722,4,2,0.9166666666666666,1.0,0.0,0.0,0.1011460656872592,2.444760949143037,0.27510359816218116,1,0.6765084029882515,0,2,-1,0.48575750583288335,0,1,0.75,0.5,0.5,0.6473355358034828,0.6634771813114264,0.6187560386491231,0.6473355358034828,0.6402825655190991,0.6473355358034828,0.6369463876743967,0.25,0.9166666666666666,1.0,3,2,6,2.0,7672.0,-1,,7672.0,1.0,-1,-1,6.0,0.0,0.23617298974019485,6.0,0.35,0.4166666666666667,0.5666927152618171,0.6666666666666666,0.6216731788154543,1235.83,1222.829,1235.83,1222.829,1235.83,1222.829,1235.83,1222.829,2018-11-06 23:00:00+00:00,2018-11-07 23:00:00+00:00,7671,2018-11-07 23:00:00+00:00,2018-11-08 23:00:00+00:00,accepted_breakout,0.015441945460677077,1.8515627938125139,0.3776650869089363,0.7224784662406163,1,1,box_too_narrow_for_visible_structure,,,1420,7665,7671,2018-11-07 23:00:00+00:00,7671.0,2018-11-07 23:00:00+00:00,7671.0,2018-11-07 23:00:00+00:00,7671.0,2018-11-07 23:00:00+00:00
82,16,7793,7796,7799.0,4,3,1233.269,1244.207,1238.738,10.938000000000102,2.584721104265758,0.6640025219229744,0.6640025219229744,0.6391808535159887,0.6391808535159887,3,2,0.9375,1.0,0.0,0.0,0.572773816054127,1.1042605339398226,1.4804605703259353,2,0.477520975370039,0,0,0,0.9982934113487995,0,1,0.8125,0.3125,0.3125,0.7267202361220139,0.6902783172799607,0.6318960195512595,0.7267202361220139,0.6727175840434414,0.7267202361220139,0.7992363997064394,0.25,0.9375,1.0,1,0,2,2.0,7798.0,1,7798.0,,2.0,1,1,3.0,0.4,0.2474677750332044,3.0,0.4666666666666667,0.6666666666666666,0.4593485055899184,0.2708333333333333,0.3829621263974796,1244.207,1233.269,1244.207,1233.269,1244.207,1233.269,1244.207,1233.269,2018-12-06 15:00:00+00:00,2018-12-07 03:00:00+00:00,7796,2018-12-07 03:00:00+00:00,2018-12-07 15:00:00+00:00,accepted_breakout,2.388652295913306,0.5389362889872557,0.02413713836647957,0.6958457917170345,1,1,box_too_narrow_for_visible_structure,,,1444,7793,7797,2018-12-07 07:00:00+00:00,7796.0,2018-12-07 03:00:00+00:00,7796.0,2018-12-07 03:00:00+00:00,7796.0,2018-12-07 03:00:00+00:00
84,16,7814,7817,7825.0,7,3,1240.834,1249.994,1245.414,9.159999999999854,2.5483208559237878,0.634850698053885,0.634850698053885,0.5631654254860968,0.5631654254860968,2,3,1.0,0.8461946083526267,0.387000000000171,0.10766377415316127,0.40545851528384286,1.515082465214077,1.0332383907097107,1,0.5049059180793585,0,0,0,0.902110625909749,0,1,0.5,0.6875,0.5,0.6794316388410891,0.6565349346221946,0.6095029888105524,0.6794316388410891,0.6493742512937326,0.6794316388410891,0.7147954096031689,0.25,1.0,0.8461946083526267,2,2,4,2.0,7821.0,-1,,7821.0,4.0,-1,0,,0.2,0.4172175397112937,8.0,0.2666666666666667,0.0909090909090909,0.6330152200146563,0.8333333333333333,0.7784053201551793,1249.994,1240.834,1249.994,1240.834,1249.994,1240.834,1249.994,1240.834,2018-12-12 03:00:00+00:00,2018-12-12 15:00:00+00:00,7817,2018-12-12 15:00:00+00:00,2018-12-13 23:00:00+00:00,superseded,1.152131213451768,1.3773775746647832,0.15683040396114956,0.9410314362029922,0,1,box_not_visually_real,,,1448,7814,7818,2018-12-12 19:00:00+00:00,7817.0,2018-12-12 15:00:00+00:00,7817.0,2018-12-12 15:00:00+00:00,7817.0,2018-12-12 15:00:00+00:00
86,12,7822,7825,7827.0,4,3,1240.037,1247.058,1243.5475000000001,7.020999999999958,2.094409448441789,0.6457054556469863,0.6457054556469863,0.5546147930957301,0.5546147930957301,4,2,1.0,1.0,0.0,0.0,0.32246118786496364,1.4190436898216463,0.6753657586201426,1,0.5536716604616809,0,1,-1,0.6396049945401594,0,1,0.6666666666666667,0.75,0.6666666666666667,0.7260724194270607,0.6680996078751353,0.6140356535705291,0.7260724194270607,0.6341394466719068,0.7260724194270607,0.6064267104682047,0.25,1.0,1.0,1,0,2,2.0,7826.0,-1,,7826.0,1.0,-1,-1,2.0,0.4,0.5589869088889974,2.0,0.6166666666666667,0.7833333333333333,0.4380274580336773,0.20833333333333331,0.30242353117508597,1247.058,1240.037,1247.058,1240.037,1247.058,1240.037,1247.058,1240.037,2018-12-13 11:00:00+00:00,2018-12-13 23:00:00+00:00,7825,2018-12-13 23:00:00+00:00,2018-12-14 07:00:00+00:00,accepted_breakout,0.16520169934175133,3.4205346071800347,0.0,0.507334344967121,1,1,box_too_narrow_for_visible_structure,,,1453,7822,7826,2018-12-14 03:00:00+00:00,7825.0,2018-12-13 23:00:00+00:00,7825.0,2018-12-13 23:00:00+00:00,7825.0,2018-12-13 23:00:00+00:00
87,8,7932,7935,7945.0,7,3,1285.598,1297.06,1291.329,11.461999999999989,2.5835973739158704,0.6280904277733653,0.6280904277733653,0.5325213328253758,0.5325213328253758,2,3,0.875,1.0,0.0,0.0,0.6558192287558943,0.8892245367386105,1.6943728371772597,1,0.5376664886249434,0,1,-1,0.8114348862909211,0,1,0.25,0.75,0.25,0.7062130767674966,0.6525919549245364,0.5950095211273206,0.7062130767674966,0.6170579000892125,0.7062130767674966,0.5900865483423483,0.25,0.875,1.0,0,0,0,,,0,,,,0,0,,0.6,0.25598806747983155,10.0,0.4666666666666667,0.7435897435897436,0.376231274246948,0.20833333333333334,0.32492320317712164,1297.06,1285.598,1297.06,1285.598,1297.06,1285.598,1297.06,1285.598,2019-01-10 19:00:00+00:00,2019-01-11 07:00:00+00:00,7935,2019-01-11 07:00:00+00:00,2019-01-14 23:00:00+00:00,superseded,0.4811121162102613,0.0,0.8396292945965795,1.1216361679224907,1,1,edge_matches_chart_well,,,1466,7932,7935,2019-01-11 07:00:00+00:00,7935.0,2019-01-11 07:00:00+00:00,7935.0,2019-01-11 07:00:00+00:00,7935.0,2019-01-11 07:00:00+00:00
89,12,7936,7945,7966.0,4,9,1286.246,1295.817,1291.0315,9.570999999999913,2.2682169335406837,0.7712239491117647,0.7712239491117647,0.6135223066360429,0.6135223066360429,3,3,0.8333333333333334,0.7806163599960163,0.6480000000001382,0.15356854800278863,0.6589698046181249,0.7735304640138568,1.4946864695268267,0,0.5498414857047657,0,0,0,0.8623968237383743,0,1,0.75,0.5,0.5,0.7521520160975682,0.7765902090409145,0.7697678000535505,0.7521520160975682,0.7571062837534319,0.7521520160975682,0.6928154005782291,0.5,0.8333333333333334,0.7806163599960163,1,0,2,2.0,7965.0,-1,,7965.0,20.0,-1,-1,21.0,0.4,0.376268935559297,21.0,0.1,0.43333333333333335,0.8202146922678173,0.625,0.7171370064002878,1295.817,1286.246,1295.817,1286.246,1295.817,1286.246,1295.817,1286.246,2019-01-11 11:00:00+00:00,2019-01-14 23:00:00+00:00,7945,2019-01-14 23:00:00+00:00,2019-01-18 11:00:00+00:00,accepted_breakout,0.0,2.570300888680666,0.14323303710644464,0.6214531523926934,1,1,box_too_narrow_for_visible_structure,,,1468,7936,7952,2019-01-16 03:00:00+00:00,7945.0,2019-01-14 23:00:00+00:00,7945.0,2019-01-14 23:00:00+00:00,7945.0,2019-01-14 23:00:00+00:00
91,12,7954,7957,7966.0,4,3,1286.272,1295.299,1290.7855,9.027000000000044,2.3620021341208406,0.6193411458147448,0.6193411458147448,0.5241764020471181,0.5241764020471181,4,2,1.0,0.8400137819235247,0.4279999999998836,0.11199035265353273,0.7778885565525787,0.5246277034354695,1.8373744306853712,0,0.7733150020048278,3,0,1,0.433588124515331,0,1,1.0,0.33333333333333337,0.33333333333333337,0.6882719734666446,0.6348143106410837,0.595314754936316,0.6882719734666446,0.6125793741050936,0.6882719734666446,0.602638739370668,0.25,1.0,0.8400137819235247,1,0,2,2.0,7965.0,-1,,7965.0,8.0,-1,-1,9.0,0.6,0.43060918545400156,9.0,0.2666666666666667,0.4166666666666667,0.6355124101049666,0.5625,0.619086435859575,1295.299,1286.272,1295.299,1286.272,1295.299,1286.272,1295.299,1286.272,2019-01-16 11:00:00+00:00,2019-01-16 23:00:00+00:00,7957,2019-01-16 23:00:00+00:00,2019-01-18 11:00:00+00:00,accepted_breakout,0.0,2.4792526286940264,0.17358245710199116,0.6065309413424727,1,0,box_too_narrow_for_visible_structure,,,1477,7954,7958,2019-01-17 03:00:00+00:00,7957.0,2019-01-16 23:00:00+00:00,7957.0,2019-01-16 23:00:00+00:00,7957.0,2019-01-16 23:00:00+00:00
92,16,7983,7987,7995.0,4,4,1276.718,1286.46,1281.589,9.741999999999962,2.6610021998168363,0.7126660915190026,0.7126660915190026,0.6292286448227636,0.6292286448227636,2,2,1.0,1.0,0.0,0.0,0.46910285362348125,1.4127184743843972,1.2482837254324388,1,0.4551828048479258,0,0,0,0.8491069595565712,0,1,0.8125,0.25,0.25,0.7476617779871126,0.7318360457695607,0.6909640201136361,0.7476617779871126,0.7163184625752472,0.7476617779871126,0.7359921811098421,0.25,1.0,1.0,1,1,2,2.0,7989.0,-1,7995.0,7989.0,2.0,-1,1,8.0,0.4,0.3351792611520447,8.0,0.3,0.4444444444444444,0.5363457308044546,0.5,0.5601975438122248,1286.46,1276.718,1286.46,1276.718,1286.46,1276.718,1286.46,1276.718,2019-01-23 11:00:00+00:00,2019-01-24 03:00:00+00:00,7987,2019-01-24 03:00:00+00:00,2019-01-25 11:00:00+00:00,accepted_breakout,6.397965398589952,0.034949238300695885,0.0,0.36269545793000735,1,1,box_too_narrow_for_visible_structure,,,1487,7983,7990,2019-01-24 15:00:00+00:00,7987.0,2019-01-24 03:00:00+00:00,7987.0,2019-01-24 03:00:00+00:00,7987.0,2019-01-24 03:00:00+00:00
93,5,8121,8124,8124.0,7,3,1325.106,1332.478,1328.792,7.372000000000071,1.6616413755383646,0.6490681926632655,0.6490681926632655,0.586031533027215,0.586031533027215,2,2,1.0,1.0,0.0,0.0,0.3368149755832777,1.1019756762082462,0.5596656993301182,0,0.44656137563816317,0,0,0,0.8221197323204744,0,1,0.4,0.4,0.4,0.7154069052161449,0.6762224291059964,0.6156444400429109,0.7154069052161449,0.6564661943848538,0.7154069052161449,0.6985972336264542,0.25,1.0,1.0,0,0,0,,,0,,,,0,0,,0.0,0.3109017151904852,0.0,0.6666666666666667,0.9166666666666666,0.3964694952958393,0.0,0.18245070715729314,1332.478,1325.106,1332.478,1325.106,1332.478,1325.106,1332.478,1325.106,2019-02-25 15:00:00+00:00,2019-02-26 03:00:00+00:00,8124,2019-02-26 03:00:00+00:00,2019-02-26 03:00:00+00:00,superseded,0.0,1.0020212691565356,0.6659929102811548,0.8157574416288639,1,1,edge_partially_matches_chart,,,1509,8121,8124,2019-02-26 03:00:00+00:00,8124.0,2019-02-26 03:00:00+00:00,8124.0,2019-02-26 03:00:00+00:00,8124.0,2019-02-26 03:00:00+00:00
94,12,8120,8124,8130.0,7,4,1321.38,1333.002,1327.191,11.621999999999844,2.6195870952938725,0.7232574954769728,0.7232574954769728,0.6306744536884603,0.6306744536884603,2,2,1.0,1.0,0.0,0.0,0.5342453966614968,1.2200847484792592,1.399502346814613,0,0.4608902636139681,0,0,0,0.8373200252394983,0,1,0.6666666666666667,0.16666666666666663,0.16666666666666663,0.7231321858505648,0.7448763221730192,0.7051177305925193,0.7231321858505648,0.73737851956839,0.7231321858505648,0.7869044923108731,0.25,1.0,1.0,0,0,0,,,0,,,,0,0,,0.4,0.408317768913098,6.0,0.4,0.7999999999999999,0.41931017398194764,0.125,0.30857754349548694,1333.002,1321.38,1333.002,1321.38,1333.002,1321.38,1333.002,1321.38,2019-02-25 11:00:00+00:00,2019-02-26 03:00:00+00:00,8124,2019-02-26 03:00:00+00:00,2019-02-27 03:00:00+00:00,superseded,0.20003152441133226,0.37754041534887645,0.8074760200799305,1.1496686121277742,1,0,edge_matches_chart_well,,,1508,8120,8124,2019-02-26 03:00:00+00:00,8124.0,2019-02-26 03:00:00+00:00,8124.0,2019-02-26 03:00:00+00:00,8124.0,2019-02-26 03:00:00+00:00
95,12,8127,8130,8133.0,4,3,1323.441,1332.478,1327.9595,9.037000000000035,2.1652190720617592,0.7026695643639231,0.7026695643639231,0.6111878091852503,0.6111878091852503,2,2,1.0,1.0,0.0,0.0,0.33108332411197855,1.4483511442528982,0.7168679278088609,0,0.4818687130719262,0,0,0,0.9956844085426426,0,1,0.25,0.75,0.25,0.7442453345594672,0.7262578985649736,0.6762032404037536,0.7442453345594672,0.7013905200953385,0.7442453345594672,0.7020303225392379,0.25,1.0,1.0,1,0,2,2.0,8132.0,-1,,8132.0,2.0,-1,-1,3.0,0.4,0.42169063876662266,3.0,0.4666666666666667,0.6666666666666666,0.5766446933452101,0.2708333333333333,0.4122861733363026,1332.478,1323.441,1332.478,1323.441,1332.478,1323.441,1332.478,1323.441,2019-02-26 15:00:00+00:00,2019-02-27 03:00:00+00:00,8130,2019-02-27 03:00:00+00:00,2019-02-27 15:00:00+00:00,accepted_breakout,1.2266657144632884,3.1812023498578585,0.0,0.6810611199035486,0,1,box_too_narrow_for_visible_structure,,,1513,8127,8131,2019-02-27 07:00:00+00:00,8130.0,2019-02-27 03:00:00+00:00,8130.0,2019-02-27 03:00:00+00:00,8130.0,2019-02-27 03:00:00+00:00
96,8,8257,8260,8261.0,4,3,1307.276,1319.236,1313.256,11.960000000000036,2.894681369696731,0.563103388260412,0.563103388260412,0.4736160277729737,0.4736160277729737,3,2,1.0,0.7199364656648128,0.8099999999999454,0.19604447403463102,0.2646321070234075,2.1286557396724817,0.7660256300242492,0,0.7075500763414257,0,3,-1,0.4673913043478115,0,1,0.5,0.875,0.5,0.6073731772038627,0.5823226679114863,0.5398760271225573,0.6073731772038627,0.5754720274537816,0.6073731772038627,0.6329627472008204,0.25,1.0,0.7199364656648128,0,0,0,,8261.0,-1,,8261.0,1.0,-1,-1,1.0,0.6,0.5949833447053202,1.0,0.7166666666666667,0.8333333333333334,0.35807409557114156,0.0625,0.2013935238927854,1319.236,1307.276,1319.236,1307.276,1319.236,1307.276,1319.236,1307.276,2019-03-27 14:00:00+00:00,2019-03-28 02:00:00+00:00,8260,2019-03-28 02:00:00+00:00,2019-03-28 06:00:00+00:00,accepted_breakout,0.0,6.479469621889717,0.0,0.389373616356296,1,1,box_too_narrow_for_visible_structure,,,1540,8257,8260,2019-03-28 02:00:00+00:00,8260.0,2019-03-28 02:00:00+00:00,8260.0,2019-03-28 02:00:00+00:00,8260.0,2019-03-28 02:00:00+00:00
97,12,8287,8290,8303.0,4,3,1285.211,1294.273,1289.742,9.061999999999898,2.562249680008112,0.6742110916914805,0.6742110916914805,0.6177549649465431,0.6177549649465431,2,2,1.0,1.0,0.0,0.0,0.5957845950121329,1.035700792084512,1.5265488879236,0,0.5513136224012556,0,0,0,0.808062973589351,0,1,0.75,0.16666666666666663,0.16666666666666663,0.7291299245767774,0.6993112510316003,0.6443399445841325,0.7291299245767774,0.6865436453307321,0.7291299245767774,0.7454158354221947,0.25,1.0,1.0,3,3,6,2.0,8293.0,-1,8295.0,8293.0,3.0,-1,1,13.0,0.4,0.459454599061333,13.0,0.3166666666666667,0.14583333333333334,0.6803365999984401,0.875,0.78383414999961,1294.273,1285.211,1294.273,1285.211,1294.273,1285.211,1294.273,1285.211,2019-04-03 10:00:00+00:00,2019-04-03 22:00:00+00:00,8290,2019-04-03 22:00:00+00:00,2019-04-07 22:00:00+00:00,accepted_breakout,1.4163334776916212,1.7156797927616643,0.0,0.5303447065020135,1,1,box_too_narrow_for_visible_structure,,,1548,8287,8290,2019-04-03 22:00:00+00:00,8290.0,2019-04-03 22:00:00+00:00,8290.0,2019-04-03 22:00:00+00:00,8290.0,2019-04-03 22:00:00+00:00
98,8,8313,8316,8318.0,4,3,1296.55,1306.101,1301.3255,9.551000000000158,2.697833850717849,0.613807194300905,0.613807194300905,0.49763078108925274,0.49763078108925274,2,2,1.0,0.8474682986716217,0.37799999999992906,0.10677219092986481,0.890482671971518,0.29545955479540953,2.40237429592244,2,0.6190770539096294,2,0,1,0.4627787666213121,0,1,0.625,0.375,0.375,0.6644468658706493,0.6344657234485225,0.5883516823657473,0.6644468658706493,0.6054402682498211,0.6644468658706493,0.5815665296205658,0.25,1.0,0.8474682986716217,0,0,0,,8318.0,1,8318.0,,2.0,1,1,2.0,0.8,0.6190770539096294,2.0,0.5666666666666667,0.7000000000000001,0.4875960543491316,0.125,0.31231568025394957,1306.101,1296.55,1306.101,1296.55,1306.101,1296.55,1306.101,1296.55,2019-04-09 14:00:00+00:00,2019-04-10 02:00:00+00:00,8316,2019-04-10 02:00:00+00:00,2019-04-10 10:00:00+00:00,accepted_breakout,1.6172233878816913,0.17717918391189197,0.4018658094021389,0.7108514438821237,1,0,box_too_narrow_for_visible_structure,,,1553,8313,8317,2019-04-10 06:00:00+00:00,8316.0,2019-04-10 02:00:00+00:00,8316.0,2019-04-10 02:00:00+00:00,8316.0,2019-04-10 02:00:00+00:00
99,12,8399,8402,8406.0,4,3,1278.065,1286.519,1282.292,8.45399999999995,2.5382865744998475,0.6641333074778313,0.6641333074778313,0.5765689289336314,0.5765689289336314,2,2,1.0,0.97340671066634,0.06199999999989814,0.01861530253356197,0.20286255027205205,2.0233632866754974,0.51492328782435,0,0.4133724366699025,0,1,-1,0.9436952921693647,0,1,0.75,0.33333333333333337,0.33333333333333337,0.7243298056554328,0.6886454914287062,0.63391163325068,0.7243298056554328,0.6610239560123957,0.7243298056554328,0.6600055307032059,0.25,1.0,0.97340671066634,1,1,2,2.0,8403.0,-1,,8403.0,1.0,-1,-1,4.0,0.2,0.3198356079343596,4.0,0.4166666666666667,0.5595238095238095,0.5599448895192601,0.375,0.4759981271417198,1286.519,1278.065,1286.519,1278.065,1286.519,1278.065,1286.519,1278.065,2019-04-30 10:00:00+00:00,2019-04-30 22:00:00+00:00,8402,2019-04-30 22:00:00+00:00,2019-05-01 14:00:00+00:00,accepted_breakout,0.2001350064659804,2.1246615942341673,0.2250677997666174,0.5889237199581986,1,1,box_too_narrow_for_visible_structure,,,1570,8399,8405,2019-05-01 10:00:00+00:00,8402.0,2019-04-30 22:00:00+00:00,8402.0,2019-04-30 22:00:00+00:00,8402.0,2019-04-30 22:00:00+00:00
100,12,8516,8519,8523.0,4,3,1280.714,1287.326,1284.02,6.61200000000008,2.7360622907727654,0.6215608940843453,0.6215608940843453,0.5647564772108878,0.5647564772108878,3,2,1.0,1.0,0.0,0.0,0.6774047186932831,0.8826407843645405,1.8534215064082247,2,0.6511773127668559,0,0,0,0.6773543053034878,0,1,0.75,0.25,0.25,0.6949370747159224,0.6476500200353704,0.5879058393844319,0.6949370747159224,0.6317799528227888,0.6949370747159224,0.687788045274339,0.25,1.0,1.0,0,0,0,,8523.0,-1,,8523.0,4.0,-1,-1,4.0,0.4,0.6018690832887572,4.0,0.2666666666666667,0.4761904761904762,0.5135777645949811,0.25,0.4673230125773167,1287.326,1280.714,1287.326,1280.714,1287.326,1280.714,1287.326,1280.714,2019-05-27 06:00:00+00:00,2019-05-27 18:00:00+00:00,8519,2019-05-27 18:00:00+00:00,2019-05-28 10:00:00+00:00,accepted_breakout,0.0,1.6896545139307997,0.4367818286897335,0.5885180240320432,1,0,box_too_narrow_for_visible_structure,,,1594,8516,8520,2019-05-27 22:00:00+00:00,8519.0,2019-05-27 18:00:00+00:00,8519.0,2019-05-27 18:00:00+00:00,8519.0,2019-05-27 18:00:00+00:00
101,5,8672,8676,8679.0,4,4,1382.835,1396.193,1389.5140000000001,13.357999999999947,1.5282499781106753,0.6284610909661882,0.6284610909661882,0.4619881551165219,0.4619881551165219,2,3,0.6,0.8042004284455824,1.1980000000000928,0.13705970008809237,0.6288366521934344,0.5672303781608689,0.9610195999498065,1,0.4337080458645091,0,2,-1,0.9400109796875723,0,1,0.4,0.8,0.4,0.6080623691429473,0.6474633212585343,0.6157630130123359,0.6080623691429473,0.6252142008412036,0.6080623691429473,0.5996183356642775,0.25,0.6,0.8042004284455824,0,0,0,,8679.0,1,8679.0,,3.0,1,1,3.0,0.2,0.11726546643312614,3.0,0.35,0.6071428571428571,0.44581730348282217,0.1875,0.3856507544421341,1396.193,1382.835,1396.193,1382.2359999999999,1396.193,1382.2359999999999,1396.193,1382.835,2019-07-01 10:00:00+00:00,2019-07-02 02:00:00+00:00,8676,2019-07-02 02:00:00+00:00,2019-07-02 14:00:00+00:00,accepted_breakout,27.014559523200095,0.7839031684339629,0.0,0.2392149137730327,0,1,box_too_narrow_for_visible_structure,,,1614,8672,8678,2019-07-02 10:00:00+00:00,8676.0,2019-07-02 02:00:00+00:00,8676.0,2019-07-02 02:00:00+00:00,8676.0,2019-07-02 02:00:00+00:00
102,8,8846,8849,8859.0,4,3,1489.954,1509.463,1499.7085,19.509000000000015,1.8692177209325818,0.6246116432978949,0.6246116432978949,0.5520371476910693,0.5520371476910693,3,2,1.0,0.9344364660759661,0.47900000000004184,0.04589447374682373,0.6696909118868237,0.6174196008862306,1.251798120046351,1,0.6091893566289404,3,0,1,0.6147590001195951,0,1,1.0,0.5,0.5,0.7318520201062615,0.6436072898790991,0.5914968398803447,0.7318520201062615,0.6121421843087284,0.7318520201062615,0.5905026620247539,0.25,1.0,0.9344364660759661,1,1,2,2.0,8856.0,-1,8859.0,8856.0,7.0,-1,1,10.0,0.6,0.186946368657324,10.0,0.2666666666666667,0.2435897435897436,0.6363880232562658,0.7083333333333334,0.7049623904294511,1509.463,1489.954,1509.463,1489.954,1509.463,1489.954,1509.463,1489.954,2019-08-08 14:00:00+00:00,2019-08-09 02:00:00+00:00,8849,2019-08-09 02:00:00+00:00,2019-08-12 14:00:00+00:00,accepted_breakout,5.1920115518474494,1.7023164098896233,0.0,0.6022039757994826,1,1,box_too_narrow_for_visible_structure,,,1638,8846,8849,2019-08-09 02:00:00+00:00,8849.0,2019-08-09 02:00:00+00:00,8849.0,2019-08-09 02:00:00+00:00,8849.0,2019-08-09 02:00:00+00:00
103,12,8881,8884,8888.0,4,3,1503.515,1527.822,1515.6685,24.30699999999979,2.254405990596836,0.6695758762399033,0.6695758762399033,0.5382312337472988,0.5382312337472988,2,3,0.9166666666666666,1.0,0.0,0.0,0.37133336076027146,1.4172698375904238,0.837136153006412,0,0.43971260573243265,0,2,-1,0.5731133692626242,0,1,0.5833333333333333,0.9166666666666666,0.5833333333333333,0.7125144940552955,0.6934966834892031,0.6426122193000288,0.7125144940552955,0.6529091915170904,0.7125144940552955,0.5923281520069885,0.25,0.9166666666666666,1.0,0,0,0,,8888.0,-1,,8888.0,4.0,-1,-1,4.0,0.6,0.3719195409712353,4.0,0.2666666666666667,0.4761904761904762,0.6062039761672752,0.25,0.4904795654703902,1527.822,1503.515,1527.822,1503.515,1527.822,1503.515,1527.822,1503.515,2019-08-16 06:00:00+00:00,2019-08-16 18:00:00+00:00,8884,2019-08-16 18:00:00+00:00,2019-08-19 06:00:00+00:00,accepted_breakout,0.0,4.583469012724059,0.0,0.7017032332563475,1,1,box_too_narrow_for_visible_structure,,,1648,8881,8887,2019-08-19 02:00:00+00:00,8884.0,2019-08-16 18:00:00+00:00,8884.0,2019-08-16 18:00:00+00:00,8884.0,2019-08-16 18:00:00+00:00
105,16,8902,8905,8913.0,4,3,1492.828,1508.431,1500.6295,15.603000000000065,2.337686133990275,0.6660015445699561,0.6660015445699561,0.5885007031830631,0.5885007031830631,4,2,1.0,0.886776721978297,0.5289999999999964,0.07925629461519207,0.5294494648464996,1.0999994613700415,1.2376866726202336,0,0.5165820126878164,0,0,0,0.8469738725458784,0,1,0.8125,0.1875,0.1875,0.6852565648971882,0.6876800809590412,0.6447107707507674,0.6852565648971882,0.685890824559248,0.6852565648971882,0.7646724193766224,0.25,1.0,0.886776721978297,1,1,2,2.0,8907.0,-1,8913.0,8907.0,2.0,-1,1,8.0,0.2,0.5318094471131868,8.0,0.3666666666666667,0.42424242424242425,0.5151885639762293,0.5,0.5456153228122391,1508.431,1492.828,1508.431,1492.828,1508.431,1492.828,1508.431,1492.828,2019-08-21 14:00:00+00:00,2019-08-22 02:00:00+00:00,8905,2019-08-22 02:00:00+00:00,2019-08-23 10:00:00+00:00,accepted_breakout,9.198411919950834,0.16854272875694976,0.0,0.4160800000000017,1,1,box_too_narrow_for_visible_structure,,,1662,8902,8906,2019-08-22 06:00:00+00:00,8905.0,2019-08-22 02:00:00+00:00,8905.0,2019-08-22 02:00:00+00:00,8905.0,2019-08-22 02:00:00+00:00
106,12,9143,9146,9164.0,7,3,1477.137,1498.09,1487.6135,20.952999999999975,2.862038234164747,0.6082047975716747,0.6082047975716747,0.5624799938610553,0.5624799938610553,2,2,1.0,1.0,0.0,0.0,0.27504414642295394,2.0748513710190455,0.7871868631457012,0,0.7084271161263708,0,3,-1,0.44601409503810996,0,1,0.6666666666666667,0.8333333333333334,0.6666666666666667,0.7196617650111655,0.6331065531345024,0.5694542081085808,0.7196617650111655,0.6082207650235327,0.7196617650111655,0.6359823026314974,0.25,1.0,1.0,1,1,2,2.0,9149.0,-1,,9149.0,3.0,-1,0,,0.6,0.1691898116733562,18.0,0.3166666666666667,0.2976190476190476,0.497684954968318,0.625,0.6203140958849367,1498.09,1477.137,1498.09,1477.137,1498.09,1477.137,1498.09,1477.137,2019-10-15 10:00:00+00:00,2019-10-15 22:00:00+00:00,9146,2019-10-15 22:00:00+00:00,2019-10-20 18:00:00+00:00,superseded,0.0,0.057301820095303095,0.9808993933015656,0.9922337453236735,1,1,edge_matches_chart_well,,,1703,9143,9148,2019-10-16 06:00:00+00:00,9146.0,2019-10-15 22:00:00+00:00,9146.0,2019-10-15 22:00:00+00:00,9146.0,2019-10-15 22:00:00+00:00
107,5,9161,9164,9169.0,4,3,1484.836,1493.21,1489.0230000000001,8.374000000000024,1.5222911960581509,0.5898413123894579,0.5898413123894579,0.5177082635682618,0.5177082635682618,3,2,1.0,0.9433860792349126,0.21800000000007458,0.0396297445355612,0.757224743252911,0.3695746359668508,1.1527165600913,0,0.6400330466616004,2,0,1,0.5976434997213629,0,1,1.0,0.4,0.4,0.6645062538462824,0.6155417092823026,0.5563065883663766,0.6645062538462824,0.5951016924114518,0.6645062538462824,0.6318118667599005,0.25,1.0,0.9433860792349126,2,1,4,2.0,9166.0,1,9166.0,9169.0,2.0,1,-1,5.0,0.2,0.3270697272923232,5.0,0.3666666666666667,0.4583333333333333,0.4446713838573367,0.5625,0.5430428459643343,1493.21,1484.836,1493.21,1484.836,1493.21,1484.836,1493.21,1484.836,2019-10-18 10:00:00+00:00,2019-10-20 18:00:00+00:00,9164,2019-10-20 18:00:00+00:00,2019-10-21 14:00:00+00:00,accepted_breakout,1.2481186286301589,2.6598064880651835,0.0,0.5846540529218811,1,1,box_too_narrow_for_visible_structure,,,1710,9161,9164,2019-10-20 18:00:00+00:00,9164.0,2019-10-20 18:00:00+00:00,9164.0,2019-10-20 18:00:00+00:00,9164.0,2019-10-20 18:00:00+00:00
108,8,9280,9285,9289.0,4,5,1462.376,1474.378,1468.377,12.001999999999953,2.198173423371771,0.7468465611117296,0.7468465611117296,0.6126324412974425,0.6126324412974425,2,2,0.875,1.0,0.0,0.0,0.461673054490915,1.1833359847029743,1.0148374386687968,0,0.5256169996403947,0,1,-1,0.6742765094706407,0,1,0.375,0.75,0.375,0.7631545081951717,0.7625885458996191,0.7310140223565518,0.7631545081951717,0.731695464955071,0.7631545081951717,0.6712721882630129,0.25,0.875,1.0,0,0,0,,9289.0,-1,,9289.0,4.0,-1,-1,4.0,0.4,0.4887328379780955,4.0,0.2,0.5185185185185185,0.6663154019304688,0.25,0.5103751467789135,1474.378,1462.376,1474.378,1462.376,1474.378,1462.376,1474.378,1462.376,2019-11-14 19:00:00+00:00,2019-11-15 15:00:00+00:00,9285,2019-11-15 15:00:00+00:00,2019-11-18 07:00:00+00:00,accepted_breakout,0.0,2.77548619919241,0.07483793360253,0.6629840357951754,1,1,box_too_narrow_for_visible_structure,,,1727,9280,9286,2019-11-15 19:00:00+00:00,9285.0,2019-11-15 15:00:00+00:00,9285.0,2019-11-15 15:00:00+00:00,9285.0,2019-11-15 15:00:00+00:00
109,5,9408,9412,9418.0,7,4,1473.724,1479.778,1476.751,6.054000000000087,1.2204138382890424,0.6619681679477256,0.6619681679477256,0.6348583452750873,0.6348583452750873,2,2,1.0,1.0,0.0,0.0,0.5807730426164561,0.5116303801746875,0.708783458114355,1,0.45318332562276054,0,1,-1,0.8831626472855515,0,1,0.4,0.8,0.4,0.7372235677078551,0.6836098468631877,0.6317482936971168,0.7372235677078551,0.6798591406511316,0.7372235677078551,0.7685794221350485,0.25,1.0,1.0,1,1,2,2.0,9413.0,1,9413.0,,1.0,1,0,,0.2,0.3410386796335495,6.0,0.35,0.5499999999999999,0.4366180458248158,0.41666666666666663,0.4749878447895373,1479.778,1473.724,1479.778,1473.724,1479.778,1473.724,1479.778,1473.724,2019-12-16 11:00:00+00:00,2019-12-17 03:00:00+00:00,9412,2019-12-17 03:00:00+00:00,2019-12-18 03:00:00+00:00,superseded,0.5391613724426331,2.8162578071208992,0.0,0.5965119716228352,1,1,box_too_narrow_for_visible_structure,,,1752,9408,9417,2019-12-17 23:00:00+00:00,9412.0,2019-12-17 03:00:00+00:00,9412.0,2019-12-17 03:00:00+00:00,9412.0,2019-12-17 03:00:00+00:00
111,12,9415,9418,9431.0,7,3,1473.724,1480.436,1477.08,6.711999999999989,1.5906417231390133,0.6661475979562137,0.6661475979562137,0.6287473008832919,0.6287473008832919,3,4,0.9166666666666666,0.80838089236831,0.5660000000000309,0.13413337534218298,0.4989570917759484,0.796979754904088,0.7936619682349253,2,0.5038367231549973,0,0,0,0.8001589193484585,0,1,0.6666666666666667,0.75,0.6666666666666667,0.7322555917792903,0.682401246082639,0.641917254518324,0.7322555917792903,0.6826089295597284,0.7322555917792903,0.7644076465967161,0.5,0.9166666666666666,0.80838089236831,3,3,6,2.0,9420.0,-1,9427.0,9420.0,2.0,-1,0,,0.0,0.5127122574834259,13.0,0.2666666666666667,0.22916666666666666,0.6804347636073194,0.8333333333333333,0.7626086909018298,1480.436,1473.724,1480.436,1473.724,1480.436,1473.724,1480.436,1473.724,2019-12-17 15:00:00+00:00,2019-12-18 03:00:00+00:00,9418,2019-12-18 03:00:00+00:00,2019-12-20 07:00:00+00:00,superseded,0.7298940943840646,2.160763137293566,0.03644758944078974,0.5934571175950505,1,1,box_too_narrow_for_visible_structure,,,1756,9415,9419,2019-12-18 07:00:00+00:00,9418.0,2019-12-18 03:00:00+00:00,9418.0,2019-12-18 03:00:00+00:00,9418.0,2019-12-18 03:00:00+00:00
112,8,9428,9431,9436.0,4,3,1473.222,1481.597,1477.4095,8.375,2.263603933304518,0.7090760679254888,0.7090760679254888,0.6394447186708762,0.6394447186708762,2,2,0.875,1.0,0.0,0.0,0.4977910447761309,1.1368021663855026,1.1268017669190153,0,0.4780826470631985,0,0,0,0.8321592039800776,0,1,0.625,0.375,0.375,0.7536208858236288,0.7324480969705982,0.6823163926638944,0.7536208858236288,0.7036889579077841,0.7536208858236288,0.7474942434573274,0.25,0.875,1.0,0,0,0,,9436.0,1,9436.0,,5.0,1,1,5.0,0.4,0.3812821029182565,5.0,0.2666666666666667,0.4583333333333333,0.6961018076978491,0.3125,0.5384004519244623,1481.597,1473.222,1481.597,1473.222,1481.597,1473.222,1481.597,1473.222,2019-12-19 19:00:00+00:00,2019-12-20 07:00:00+00:00,9431,2019-12-20 07:00:00+00:00,2019-12-23 03:00:00+00:00,accepted_breakout,1.5784563489355912,0.008835467948133863,0.47090272770542496,0.7021294433266199,1,1,box_too_narrow_for_visible_structure,,,1760,9428,9432,2019-12-20 11:00:00+00:00,9431.0,2019-12-20 07:00:00+00:00,9431.0,2019-12-20 07:00:00+00:00,9431.0,2019-12-20 07:00:00+00:00
114,8,9592,9598,9600.0,4,6,1570.705,1585.896,1578.3004999999998,15.191000000000031,2.2397833584624642,0.7341933457850403,0.7341933457850403,0.576153138672695,0.576153138672695,3,2,1.0,1.0,0.0,0.0,0.7940227766440722,0.46134435709491306,1.778439001367551,0,0.318058626547245,1,1,0,0.9706185680117478,0,1,1.0,0.75,0.75,0.7425295334110628,0.7511732464993308,0.7185964391648727,0.7425295334110628,0.7132188608989624,0.7425295334110628,0.6265549331664044,0.25,1.0,1.0,1,0,2,2.0,9599.0,1,9599.0,,1.0,1,1,2.0,0.2,0.24582246847192707,2.0,0.55,0.8333333333333334,0.48401602080850054,0.20833333333333331,0.3172540052021251,1585.896,1570.705,1585.896,1570.705,1585.896,1570.705,1585.896,1570.705,2020-01-30 11:00:00+00:00,2020-01-31 11:00:00+00:00,9598,2020-01-31 11:00:00+00:00,2020-01-31 19:00:00+00:00,accepted_breakout,2.6908852488918287,0.0,0.1030382503693904,0.7159487227825421,1,1,box_too_narrow_for_visible_structure,,,1809,9592,9598,2020-01-31 11:00:00+00:00,9598.0,2020-01-31 11:00:00+00:00,9598.0,2020-01-31 11:00:00+00:00,9598.0,2020-01-31 11:00:00+00:00
115,12,9642,9645,9658.0,4,3,1560.834,1576.93,1568.882,16.096000000000004,2.625528350219355,0.6258301547643899,0.6258301547643899,0.5354864273141342,0.5354864273141342,2,3,0.9166666666666666,1.0,0.0,0.0,0.35132952286282126,1.7031027276739785,0.9224256225453763,0,0.5885830217810859,0,1,-1,0.7314446653412795,0,1,0.25,1.0,0.25,0.6921050175480472,0.6515216490236134,0.5936453215412568,0.6921050175480472,0.6226357547541912,0.6921050175480472,0.6228448326412154,0.25,0.9166666666666666,1.0,4,3,8,2.0,9651.0,1,9651.0,,6.0,1,1,13.0,0.6,0.5610580506152968,13.0,0.2666666666666667,0.0625,0.6181676249578164,1.0,0.8387085729061208,1576.93,1560.834,1576.93,1560.834,1576.93,1560.834,1576.93,1560.834,2020-02-11 19:00:00+00:00,2020-02-12 07:00:00+00:00,9645,2020-02-12 07:00:00+00:00,2020-02-14 11:00:00+00:00,accepted_breakout,3.022248835872216,0.0,0.0,0.6698015063875843,1,1,box_too_narrow_for_visible_structure,,,1823,9642,9645,2020-02-12 07:00:00+00:00,9645.0,2020-02-12 07:00:00+00:00,9645.0,2020-02-12 07:00:00+00:00,9645.0,2020-02-12 07:00:00+00:00
116,8,9660,9663,9666.0,4,3,1573.019,1584.865,1578.942,11.846000000000004,2.676648065318119,0.6536412494800733,0.6536412494800733,0.5847527720050826,0.5847527720050826,2,2,1.0,1.0,0.0,0.0,0.6144690190781693,1.0319307542046146,1.6447173111135043,2,0.5834684503808222,2,0,1,0.5532669255444949,0,1,0.625,0.25,0.25,0.7157100253817259,0.678904232034082,0.6224893399904415,0.7157100253817259,0.6595656636477492,0.7157100253817259,0.6950411741896986,0.25,1.0,1.0,0,0,0,,9666.0,1,9666.0,,3.0,1,1,3.0,0.8,0.5500076121811848,3.0,0.4166666666666667,0.5833333333333334,0.5333369105157464,0.1875,0.39895922762893654,1584.865,1573.019,1584.865,1573.019,1584.865,1573.019,1584.865,1573.019,2020-02-14 19:00:00+00:00,2020-02-17 07:00:00+00:00,9663,2020-02-17 07:00:00+00:00,2020-02-17 23:00:00+00:00,accepted_breakout,1.6501982674644067,0.6803285137089875,0.22315773960886853,0.8202465032543967,1,1,box_not_visually_real,,,1833,9660,9663,2020-02-17 07:00:00+00:00,9663.0,2020-02-17 07:00:00+00:00,9663.0,2020-02-17 07:00:00+00:00,9663.0,2020-02-17 07:00:00+00:00
117,16,9712,9715,9717.0,4,3,1624.013,1660.245,1642.129,36.23199999999997,2.561206792254289,0.6850951886621497,0.6850951886621497,0.5825807635069911,0.5825807635069911,3,3,1.0,1.0,0.0,0.0,0.24685361006845316,1.9289636494544753,0.632243142799814,1,0.5180479777509949,0,1,-1,0.8825163759476053,0,1,0.8125,1.0,0.8125,0.773730294975047,0.7056799438280503,0.6536223773127297,0.773730294975047,0.6613711601931902,0.773730294975047,0.5882511586843909,0.5,1.0,1.0,1,0,2,2.0,9716.0,-1,,9716.0,1.0,-1,-1,2.0,0.2,0.3408615175010383,2.0,0.5166666666666667,0.7833333333333333,0.5555371553357136,0.20833333333333331,0.35180095550059504,1660.245,1624.013,1660.245,1624.013,1660.245,1624.013,1660.245,1624.013,2020-02-27 15:00:00+00:00,2020-02-28 03:00:00+00:00,9715,2020-02-28 03:00:00+00:00,2020-02-28 11:00:00+00:00,accepted_breakout,0.0,24.037496771516977,0.0,0.3704817121179591,1,0,box_too_narrow_for_visible_structure,,,1841,9712,9716,2020-02-28 07:00:00+00:00,9715.0,2020-02-28 03:00:00+00:00,9715.0,2020-02-28 03:00:00+00:00,9715.0,2020-02-28 03:00:00+00:00
119,8,9844,9847,9852.0,4,3,1609.164,1629.964,1619.5639999999999,20.799999999999955,1.1387202026107046,0.6750532133422595,0.6750532133422595,0.621238925957951,0.621238925957951,5,4,1.0,1.0,0.0,0.0,0.526249999999997,0.5394686959868248,0.5992515066238798,0,0.26861520432692115,2,1,1,0.9492628205128213,0,1,1.0,0.75,0.75,0.8029513508127942,0.6949844338644666,0.6378472861083199,0.8029513508127942,0.6576974723641151,0.8029513508127942,0.6228239218750026,0.75,1.0,1.0,0,0,0,,9852.0,-1,,9852.0,5.0,-1,-1,5.0,0.2,0.27655635909763315,5.0,0.06666666666666668,0.4583333333333333,0.6431299534935115,0.3125,0.565157488373378,1629.964,1609.164,1629.964,1609.164,1629.964,1609.164,1629.964,1609.164,2020-03-29 22:00:00+00:00,2020-03-30 10:00:00+00:00,9847,2020-03-30 10:00:00+00:00,2020-03-31 06:00:00+00:00,accepted_breakout,0.0,24.972772007384577,0.0,0.42244653411052696,1,1,box_too_narrow_for_visible_structure,,,1865,9844,9850,2020-03-30 22:00:00+00:00,9847.0,2020-03-30 10:00:00+00:00,9847.0,2020-03-30 10:00:00+00:00,9847.0,2020-03-30 10:00:00+00:00
120,12,10009,10012,10015.0,4,3,1679.841,1710.938,1695.3895,31.097000000000207,2.7859137363091673,0.623376580794573,0.623376580794573,0.5541301495524628,0.5541301495524628,2,2,1.0,1.0,0.0,0.0,0.1861915940444465,2.267200016875444,0.5187137194337237,0,0.6777505900066592,0,2,-1,0.517520446774076,0,1,0.33333333333333337,0.8333333333333334,0.33333333333333337,0.708916056937632,0.6484325939067809,0.588643213597429,0.708916056937632,0.6220497702736163,0.708916056937632,0.636097236359662,0.25,1.0,1.0,0,0,0,,10015.0,1,10015.0,,3.0,1,1,3.0,0.8,0.6777505900066592,3.0,0.4166666666666667,0.5833333333333334,0.5123242814790063,0.1875,0.3937060703697515,1710.938,1679.841,1710.938,1679.841,1710.938,1679.841,1710.938,1679.841,2020-05-06 14:00:00+00:00,2020-05-07 02:00:00+00:00,10012,2020-05-07 02:00:00+00:00,2020-05-07 14:00:00+00:00,accepted_breakout,3.909668794852837,0.0,0.0,0.7405987282383525,0,1,box_too_narrow_for_visible_structure,,,1918,10009,10014,2020-05-07 10:00:00+00:00,10012.0,2020-05-07 02:00:00+00:00,10012.0,2020-05-07 02:00:00+00:00,10012.0,2020-05-07 02:00:00+00:00
121,12,10070,10073,10076.0,4,3,1724.698,1753.672,1739.185,28.973999999999933,2.8890733766222683,0.6234632867269122,0.6234632867269122,0.5462073931330539,0.5462073931330539,3,2,1.0,1.0,0.0,0.0,0.5201214882308266,1.3864042323654346,1.5026691442568336,0,0.4484244799613547,2,0,1,0.5394951795862946,0,1,0.8333333333333334,0.16666666666666663,0.16666666666666663,0.671712522304797,0.6521369561219529,0.5916575267426164,0.671712522304797,0.6352366212633946,0.671712522304797,0.6885941405878347,0.25,1.0,1.0,0,0,0,,10076.0,-1,,10076.0,3.0,-1,-1,3.0,0.8,0.4714719793457725,3.0,0.4166666666666667,0.5833333333333334,0.4424858891111023,0.1875,0.3762464722777755,1753.672,1724.698,1753.672,1724.698,1753.672,1724.698,1753.672,1724.698,2020-05-20 10:00:00+00:00,2020-05-20 22:00:00+00:00,10073,2020-05-20 22:00:00+00:00,2020-05-21 10:00:00+00:00,accepted_breakout,0.0,3.431203956332081,0.0,0.7450819039781926,1,0,box_too_narrow_for_visible_structure,,,1933,10070,10073,2020-05-20 22:00:00+00:00,10073.0,2020-05-20 22:00:00+00:00,10073.0,2020-05-20 22:00:00+00:00,10073.0,2020-05-20 22:00:00+00:00
122,12,10275,10278,10280.0,4,3,1769.582,1787.025,1778.3035,17.442999999999984,2.7888962977385643,0.595569197349358,0.595569197349358,0.5074858192695656,0.5074858192695656,4,2,0.9166666666666666,0.9499784367691593,0.21900000000005093,0.0350150942615885,0.7390357163331917,0.7278023245603584,2.0610939731782056,1,0.6450304293968342,3,0,1,0.3725658812513244,0,1,0.9166666666666666,0.41666666666666663,0.41666666666666663,0.6405408349275978,0.6224048137188819,0.5658318175864394,0.6405408349275978,0.6060536776028262,0.6405408349275978,0.6537951254034885,0.25,0.9166666666666666,0.9499784367691593,0,0,0,,10280.0,1,10280.0,,2.0,1,1,2.0,1.0,0.6120445937358879,2.0,0.5666666666666667,0.7000000000000001,0.38675071197335303,0.125,0.2871043446600049,1787.025,1769.582,1787.025,1769.582,1787.025,1769.582,1787.025,1769.582,2020-07-06 14:00:00+00:00,2020-07-07 02:00:00+00:00,10278,2020-07-07 02:00:00+00:00,2020-07-07 10:00:00+00:00,accepted_breakout,3.6010661307641567,1.292626048133443,0.0,0.7304132992755714,1,1,box_too_narrow_for_visible_structure,,,1973,10275,10279,2020-07-07 06:00:00+00:00,10278.0,2020-07-07 02:00:00+00:00,10278.0,2020-07-07 02:00:00+00:00,10278.0,2020-07-07 02:00:00+00:00
123,12,10328,10334,10336.0,4,6,1794.854,1811.671,1803.2625,16.817000000000007,2.9603760536140427,0.6637905199443402,0.6637905199443402,0.5289059729243474,0.5289059729243474,4,3,0.8333333333333334,1.0,0.0,0.0,0.9371469346494609,0.18606870955997445,2.774307344054068,0,0.7742593512528756,3,0,1,0.2857426017323774,0,1,1.0,0.33333333333333337,0.33333333333333337,0.7019694411645091,0.6824550137460724,0.6420037177556582,0.7019694411645091,0.6476035295370278,0.7019694411645091,0.5891001846816776,0.5,0.8333333333333334,1.0,1,0,2,2.0,10335.0,1,10335.0,,1.0,1,1,2.0,1.0,0.7692997224734411,2.0,0.45,0.8333333333333334,0.4430595501291677,0.20833333333333331,0.3270148875322919,1811.671,1794.854,1811.671,1794.854,1811.671,1794.854,1811.671,1794.854,2020-07-17 06:00:00+00:00,2020-07-20 02:00:00+00:00,10334,2020-07-20 02:00:00+00:00,2020-07-20 10:00:00+00:00,accepted_breakout,2.9594213172020805,0.2719249127209077,0.0,0.678843902635937,1,1,box_too_narrow_for_visible_structure,,,1983,10328,10334,2020-07-20 02:00:00+00:00,10334.0,2020-07-20 02:00:00+00:00,10334.0,2020-07-20 02:00:00+00:00,10334.0,2020-07-20 02:00:00+00:00
125,12,10398,10401,10404.0,4,3,1956.54,1984.387,1970.4634999999998,27.84699999999998,2.069313883636252,0.6449297391094438,0.6449297391094438,0.5609476008001177,0.5609476008001177,2,3,0.9166666666666666,0.8475580987486984,1.4359999999999218,0.10670933087591115,0.690343663590331,0.6407761560884659,1.428537727547786,1,0.6280449015476531,0,0,0,0.7114590440621937,0,1,0.5,0.75,0.5,0.7084048374296817,0.6620648596373783,0.6203802221347409,0.7084048374296817,0.6435933961100982,0.7084048374296817,0.6530768170062528,0.25,0.9166666666666666,0.8475580987486984,0,0,0,,10404.0,1,10404.0,,3.0,1,1,3.0,0.2,0.47082295611404124,3.0,0.4166666666666667,0.5833333333333334,0.5498680545454331,0.1875,0.4030920136363582,1984.387,1956.54,1984.387,1956.54,1984.387,1956.54,1984.387,1956.54,2020-08-03 10:00:00+00:00,2020-08-03 22:00:00+00:00,10401,2020-08-03 22:00:00+00:00,2020-08-04 10:00:00+00:00,accepted_breakout,20.108114254219355,0.8858008514295997,0.0,0.4117916715958827,1,1,box_too_narrow_for_visible_structure,,,1996,10398,10403,2020-08-04 06:00:00+00:00,10401.0,2020-08-03 22:00:00+00:00,10401.0,2020-08-03 22:00:00+00:00,10401.0,2020-08-03 22:00:00+00:00
127,12,10639,10642,10647.0,4,3,1848.359,1876.808,1862.5835,28.44900000000007,2.2329135983807302,0.6969383992927981,0.6969383992927981,0.6146953519439935,0.6146953519439935,2,3,1.0,1.0,0.0,0.0,0.5782628563394138,0.9417026030219706,1.2912109953587596,1,0.4867945146216959,0,0,0,0.955136091485346,0,1,0.6666666666666667,0.25,0.25,0.7140581373614182,0.7227049593351057,0.6725553307662805,0.7140581373614182,0.7063600131928089,0.7140581373614182,0.7680796090717269,0.25,1.0,1.0,1,1,2,2.0,10645.0,-1,10647.0,10645.0,3.0,-1,1,5.0,0.0,0.37827240874816465,5.0,0.3166666666666667,0.375,0.5686704618498596,0.4791666666666667,0.5715426154624649,1876.808,1848.359,1876.808,1848.359,1876.808,1848.359,1876.808,1848.359,2020-09-25 10:00:00+00:00,2020-09-27 18:00:00+00:00,10642,2020-09-27 18:00:00+00:00,2020-09-28 14:00:00+00:00,accepted_breakout,4.572501151591423,0.03985823726653957,0.0,0.7342056364199452,1,1,box_too_narrow_for_visible_structure,,,2040,10639,10644,2020-09-28 02:00:00+00:00,10642.0,2020-09-27 18:00:00+00:00,10642.0,2020-09-27 18:00:00+00:00,10642.0,2020-09-27 18:00:00+00:00
129,12,10729,10735,10748.0,4,6,1889.212,1913.906,1901.559,24.69399999999996,2.609846826673159,0.7323881119054867,0.7323881119054867,0.6719494118995328,0.6719494118995328,2,2,1.0,1.0,0.0,0.0,0.4582489673604944,1.4138872133811207,1.1959596132920385,0,0.4412943233799173,0,0,0,0.9550768067816745,0,1,0.75,0.25,0.25,0.7587852850958359,0.7514879789027616,0.7121206759173199,0.7587852850958359,0.7472965821268798,0.7587852850958359,0.8092656009942356,0.25,1.0,1.0,2,2,4,2.0,10739.0,1,10739.0,,4.0,1,1,13.0,0.4,0.36554044325907004,13.0,0.2,0.10526315789473684,0.6711833025628541,0.9166666666666666,0.8275765273950995,1913.906,1889.212,1913.906,1889.212,1913.906,1889.212,1913.906,1889.212,2020-10-15 22:00:00+00:00,2020-10-18 18:00:00+00:00,10735,2020-10-18 18:00:00+00:00,2020-10-20 22:00:00+00:00,accepted_breakout,3.3703127364039767,1.9303814877220529,0.0,0.8679178968086588,1,1,box_not_visually_real,,,2066,10729,10736,2020-10-18 22:00:00+00:00,10735.0,2020-10-18 18:00:00+00:00,10735.0,2020-10-18 18:00:00+00:00,10735.0,2020-10-18 18:00:00+00:00
130,8,10844,10847,10855.0,4,3,1856.143,1884.321,1870.232,28.177999999999884,2.119095666520832,0.6811607536420707,0.6811607536420707,0.5584264456498023,0.5584264456498023,3,2,0.75,0.9049207758397674,0.8849999999999909,0.06655545691216286,0.4679892114415485,1.1273817565765454,0.9917139099442868,1,0.46487946713087386,0,0,0,0.8590389665696617,0,1,0.375,0.625,0.375,0.6473582342827086,0.7080212962508697,0.6640063009481776,0.6473582342827086,0.7012394865980546,0.6473582342827086,0.7710392177435695,0.25,0.75,0.9049207758397674,0,0,0,,10855.0,1,10855.0,,8.0,1,1,8.0,0.4,0.44115977255225575,8.0,0.2666666666666667,0.42424242424242425,0.6844414743309293,0.41666666666666663,0.5787618837342474,1884.321,1856.143,1884.321,1856.143,1884.321,1856.143,1884.321,1856.143,2020-11-11 15:00:00+00:00,2020-11-12 03:00:00+00:00,10847,2020-11-12 03:00:00+00:00,2020-11-13 11:00:00+00:00,accepted_breakout,5.855799809346699,0.0,0.0,0.6942617094143418,1,1,box_too_narrow_for_visible_structure,,,2086,10844,10848,2020-11-12 07:00:00+00:00,10847.0,2020-11-12 03:00:00+00:00,10847.0,2020-11-12 03:00:00+00:00,10847.0,2020-11-12 03:00:00+00:00
131,5,10968,10971,10978.0,4,3,1830.081,1849.857,1839.969,19.776000000000067,1.7393043496121676,0.6284236954190434,0.6284236954190434,0.5428121247297546,0.5428121247297546,2,2,1.0,0.8033683463980342,1.5649999999998272,0.13764215752137604,0.23290857605177887,1.3342054502233323,0.4050988993888353,1,0.6279164629284822,0,2,-1,0.645631067961172,0,1,0.4,0.6,0.4,0.6650067994487093,0.6486650650794872,0.605567648259524,0.6650067994487093,0.6404432480806801,0.6650067994487093,0.6937508137253781,0.25,1.0,0.8033683463980342,1,1,2,2.0,10973.0,-1,,10973.0,2.0,-1,-1,7.0,0.2,0.22466593484567243,7.0,0.3666666666666667,0.43333333333333335,0.5364046826177244,0.4791666666666667,0.5418095039877644,1849.857,1830.081,1849.857,1830.081,1849.857,1830.081,1849.857,1830.081,2020-12-10 15:00:00+00:00,2020-12-11 03:00:00+00:00,10971,2020-12-11 03:00:00+00:00,2020-12-14 07:00:00+00:00,accepted_breakout,0.0,7.291420850426704,0.0,0.6092796845153742,1,0,box_too_narrow_for_visible_structure,,,2113,10968,10971,2020-12-11 03:00:00+00:00,10971.0,2020-12-11 03:00:00+00:00,10971.0,2020-12-11 03:00:00+00:00,10971.0,2020-12-11 03:00:00+00:00
132,16,11024,11027,11029.0,4,3,1856.544,1884.132,1870.3380000000002,27.587999999999965,2.594242782045652,0.657567009886626,0.657567009886626,0.5866536249301123,0.5866536249301123,2,2,0.9375,1.0,0.0,0.0,0.7311512251703584,0.6974589935636146,1.8967837884820378,0,0.6125524962796344,2,0,1,0.631482286984687,0,1,0.125,0.625,0.125,0.7347812656566891,0.6804860109502117,0.6259607680700039,0.7347812656566891,0.6553806452582808,0.7347812656566891,0.6640096682509724,0.25,0.9375,1.0,0,0,0,,11029.0,1,11029.0,,2.0,1,1,2.0,0.6,0.6125524962796344,2.0,0.5666666666666667,0.7000000000000001,0.5075174137091695,0.125,0.317296020093959,1884.132,1856.544,1884.132,1856.544,1884.132,1856.544,1884.132,1856.544,2020-12-23 23:00:00+00:00,2020-12-24 11:00:00+00:00,11027,2020-12-24 11:00:00+00:00,2020-12-27 23:00:00+00:00,accepted_breakout,6.120475735690229,4.5419804505377055,0.0,0.8707508758640271,0,1,box_not_visually_real,,,2127,11024,11028,2020-12-24 15:00:00+00:00,11027.0,2020-12-24 11:00:00+00:00,11027.0,2020-12-24 11:00:00+00:00,11027.0,2020-12-24 11:00:00+00:00
133,8,11165,11168,11173.0,4,3,1833.911,1863.959,1848.935,30.048000000000002,2.624752235250802,0.62500930214177,0.62500930214177,0.504504408440471,0.504504408440471,2,3,1.0,0.9958819781795025,0.03300000000012915,0.002882615274348224,0.7856762513312016,0.5625467383857596,2.062205496865042,0,0.38214385027973635,1,1,0,0.9390974440894617,0,1,0.5,0.5,0.5,0.6654510284543571,0.6544106060020496,0.5938415306891212,0.6654510284543571,0.6186805369611703,0.6654510284543571,0.59689841142351,0.25,1.0,0.9958819781795025,2,1,2,1.0,11169.0,1,11169.0,,1.0,1,0,5.0,0.0,0.3433150019960983,5.0,0.4166666666666667,0.5416666666666666,0.4933168778363843,0.5208333333333334,0.513954219459096,1863.959,1833.911,1863.959,1833.911,1863.959,1833.911,1863.959,1833.911,2021-01-28 19:00:00+00:00,2021-01-29 07:00:00+00:00,11168,2021-01-29 07:00:00+00:00,2021-02-01 03:00:00+00:00,accepted_breakout,4.429370454041763,0.3642248541255382,0.0,0.737953730536862,1,0,box_too_narrow_for_visible_structure,,,2166,11165,11168,2021-01-29 07:00:00+00:00,11168.0,2021-01-29 07:00:00+00:00,11168.0,2021-01-29 07:00:00+00:00,11168.0,2021-01-29 07:00:00+00:00
134,12,11278,11281,11283.0,4,3,1783.229,1813.73,1798.4795,30.500999999999976,2.7704391139119493,0.619203358382797,0.619203358382797,0.5534025551754262,0.5534025551754262,3,2,0.9166666666666666,0.7180343410506131,2.173000000000002,0.19737596126457085,0.43746106685026254,1.558479863496332,1.2119592504156174,0,0.40818699939248,0,0,0,0.9534769351824548,0,1,0.41666666666666663,0.75,0.41666666666666663,0.6317770475343327,0.6403735624191799,0.5994085967279899,0.6317770475343327,0.6545615184521042,0.6317770475343327,0.7932432739661814,0.25,0.9166666666666666,0.7180343410506131,0,0,0,,11283.0,-1,,11283.0,2.0,-1,-1,2.0,0.4,0.2123252505749941,2.0,0.5666666666666667,0.7000000000000001,0.42363350373488157,0.125,0.29632504260038706,1813.73,1783.229,1813.73,1783.229,1813.73,1783.229,1813.73,1783.229,2021-02-24 15:00:00+00:00,2021-02-25 03:00:00+00:00,11281,2021-02-25 03:00:00+00:00,2021-02-25 11:00:00+00:00,accepted_breakout,1.294379646169688,6.5177393393435565,0.0,0.6782220048029883,1,1,box_too_narrow_for_visible_structure,,,2186,11278,11282,2021-02-25 07:00:00+00:00,11281.0,2021-02-25 03:00:00+00:00,11281.0,2021-02-25 03:00:00+00:00,11281.0,2021-02-25 03:00:00+00:00
135,12,11319,11322,11326.0,4,3,1687.038,1722.946,1704.992,35.9079999999999,2.738625232360758,0.6395560017985642,0.6395560017985642,0.5911412389934104,0.5911412389934104,3,2,1.0,1.0,0.0,0.0,0.5992257992647909,1.097570338612659,1.6410548937480989,2,0.43531815193330875,0,0,0,0.8687757602762615,0,1,0.33333333333333337,0.75,0.33333333333333337,0.705947701387038,0.666931795733272,0.6059376629592538,0.705947701387038,0.6549386391980705,0.705947701387038,0.728954278605301,0.25,1.0,1.0,1,0,2,2.0,11325.0,-1,,11325.0,3.0,-1,-1,4.0,0.4,0.3980754106557911,4.0,0.3166666666666667,0.5595238095238095,0.4714182245460081,0.3333333333333333,0.4592831275650735,1722.946,1687.038,1722.946,1687.038,1722.946,1687.038,1722.946,1687.038,2021-03-05 11:00:00+00:00,2021-03-07 23:00:00+00:00,11322,2021-03-07 23:00:00+00:00,2021-03-08 15:00:00+00:00,accepted_breakout,3.3396318313024143,3.7694095117576305,0.0,0.9682621005797456,0,1,box_not_visually_real,,,2196,11319,11324,2021-03-08 07:00:00+00:00,11322.0,2021-03-07 23:00:00+00:00,11322.0,2021-03-07 23:00:00+00:00,11322.0,2021-03-07 23:00:00+00:00
136,8,11383,11389,11409.0,4,6,1726.98,1746.615,1736.7975000000001,19.63499999999999,2.0954023109299733,0.748132446134671,0.748132446134671,0.615707546738923,0.615707546738923,2,2,0.875,1.0,0.0,0.0,0.6259230965113303,0.7838416080356873,1.3115607028942862,0,0.43267910307860186,0,1,-1,0.9956709956709977,0,1,0.375,0.75,0.375,0.7446324946239428,0.7665014352578594,0.7332624875129092,0.7446324946239428,0.7421925590817395,0.7446324946239428,0.7114349498671603,0.25,0.875,1.0,4,3,8,2.0,11394.0,-1,,11394.0,5.0,-1,-1,20.0,0.4,0.3343038203776101,20.0,0.2,0.07692307692307693,0.7298850597942256,0.9583333333333334,0.8625033162306077,1746.615,1726.98,1746.615,1726.98,1746.615,1726.98,1746.615,1726.98,2021-03-19 18:00:00+00:00,2021-03-22 14:00:00+00:00,11389,2021-03-22 14:00:00+00:00,2021-03-25 22:00:00+00:00,accepted_breakout,0.0,2.5312561565545315,0.15624794781515616,0.7873210633946802,1,1,box_too_narrow_for_visible_structure,,,2206,11383,11390,2021-03-22 18:00:00+00:00,11389.0,2021-03-22 14:00:00+00:00,11389.0,2021-03-22 14:00:00+00:00,11389.0,2021-03-22 14:00:00+00:00
137,8,11394,11400,11419.0,4,6,1723.683,1742.442,1733.0625,18.759000000000015,2.3119377751795493,0.7219375371244556,0.7219375371244556,0.5699943097913114,0.5699943097913114,2,2,1.0,1.0,0.0,0.0,0.4495975265206014,1.2724962699892814,1.0394415051902677,0,0.5502522329153231,0,0,0,0.8249551326474385,0,1,0.25,0.625,0.25,0.7414919547864554,0.7388832289678657,0.7045744491500712,0.7414919547864554,0.7002873168077199,0.7414919547864554,0.6145212278027253,0.25,1.0,1.0,3,3,6,2.0,11406.0,1,11406.0,11410.0,6.0,1,-1,19.0,0.4,0.4521354969509124,19.0,0.2,0.08,0.7284735047731636,1.0,0.8761183761932909,1742.442,1723.683,1742.442,1723.683,1742.442,1723.683,1742.442,1723.683,2021-03-23 10:00:00+00:00,2021-03-24 10:00:00+00:00,11400,2021-03-24 10:00:00+00:00,2021-03-29 10:00:00+00:00,accepted_breakout,1.2811763498997955,7.822442365947985,0.0,0.4712606139777922,1,1,box_too_narrow_for_visible_structure,,,2212,11394,11400,2021-03-24 10:00:00+00:00,11400.0,2021-03-24 10:00:00+00:00,11400.0,2021-03-24 10:00:00+00:00,11400.0,2021-03-24 10:00:00+00:00
138,8,11494,11497,11498.0,4,3,1731.625,1749.125,1740.375,17.5,2.096101187421962,0.7034301024392982,0.7034301024392982,0.6269457525054464,0.6269457525054464,2,2,1.0,0.9760445578580176,0.14000000000010004,0.01676880949938768,0.8908571428571381,0.22877447245577823,1.8673267149661839,0,0.27718383673470076,1,1,0,0.8912380952380945,0,1,1.0,0.75,0.75,0.7577153253986167,0.7270029023112836,0.6749433148733394,0.7577153253986167,0.6843631651872306,0.7577153253986167,0.7123599314285667,0.25,1.0,0.9760445578580176,0,0,0,,11498.0,1,11498.0,,1.0,1,1,1.0,0.4,0.250458122448982,1.0,0.7166666666666667,0.8333333333333334,0.5216861257862747,0.0625,0.24229653144656868,1749.125,1731.625,1749.125,1731.625,1749.125,1731.625,1749.125,1731.625,2021-04-14 18:00:00+00:00,2021-04-15 06:00:00+00:00,11497,2021-04-15 06:00:00+00:00,2021-04-15 10:00:00+00:00,accepted_breakout,9.732354584031542,0.0,0.0,0.4617414248021097,0,1,box_too_narrow_for_visible_structure,,,2240,11494,11497,2021-04-15 06:00:00+00:00,11497.0,2021-04-15 06:00:00+00:00,11497.0,2021-04-15 06:00:00+00:00,11497.0,2021-04-15 06:00:00+00:00
139,8,11549,11552,11556.0,4,3,1887.795,1903.555,1895.6750000000002,15.759999999999991,1.849752048033983,0.6311412603432498,0.6311412603432498,0.5171825979738208,0.5171825979738208,2,3,1.0,0.9782027042925853,0.12999999999988177,0.015258106995190306,0.3013959390862946,1.292244292439984,0.557507755593999,2,0.5809848593431943,0,2,-1,0.588620981387468,0,1,0.25,1.0,0.25,0.6805462018755578,0.6559289530371457,0.6024148078352078,0.6805462018755578,0.6233215781945705,0.6805462018755578,0.5999203692281448,0.25,1.0,0.9782027042925853,2,1,4,2.0,11553.0,-1,11555.0,11553.0,1.0,-1,1,4.0,0.6,0.454358605606947,4.0,0.4166666666666667,0.5595238095238095,0.5076446246219197,0.5,0.5066730609173846,1903.555,1887.795,1903.555,1887.795,1903.555,1887.795,1903.555,1887.795,2021-05-27 18:00:00+00:00,2021-05-28 06:00:00+00:00,11552,2021-05-28 06:00:00+00:00,2021-05-30 22:00:00+00:00,accepted_breakout,3.7518542052033603,3.0814940878472417,0.0,0.5549295774647911,1,1,box_too_narrow_for_visible_structure,,,2249,11549,11552,2021-05-28 06:00:00+00:00,11552.0,2021-05-28 06:00:00+00:00,11552.0,2021-05-28 06:00:00+00:00,11552.0,2021-05-28 06:00:00+00:00
140,16,11671,11674,11685.0,4,3,1772.725,1794.865,1783.795,22.1400000000001,2.466061569774596,0.6301035412156819,0.6301035412156819,0.5241698326631147,0.5241698326631147,2,6,0.875,1.0,0.0,0.0,0.19105691056910565,1.9949034649802626,0.47115810479433323,0,0.4033754158679767,0,1,-1,0.8795543510990704,0,1,0.25,0.75,0.25,0.676698554605469,0.6565237673650521,0.600455349107845,0.676698554605469,0.6276578858206573,0.676698554605469,0.6243311961574921,0.25,0.875,1.0,2,1,4,2.0,11676.0,-1,,11676.0,2.0,-1,-1,11.0,0.4,0.4033754158679767,11.0,0.3666666666666667,0.4047619047619048,0.44883431350488545,0.6875,0.5985478640905071,1794.865,1772.725,1794.865,1772.725,1794.865,1772.725,1794.865,1772.725,2021-06-25 02:00:00+00:00,2021-06-25 14:00:00+00:00,11674,2021-06-25 14:00:00+00:00,2021-06-29 10:00:00+00:00,accepted_breakout,1.865322446276295,8.951520217728193,0.0,0.5588792124195404,0,1,box_too_narrow_for_visible_structure,,,2265,11671,11675,2021-06-25 18:00:00+00:00,11674.0,2021-06-25 14:00:00+00:00,11674.0,2021-06-25 14:00:00+00:00,11674.0,2021-06-25 14:00:00+00:00
141,8,11739,11742,11749.0,4,3,1791.465,1812.645,1802.0549999999998,21.180000000000064,2.5072023590695998,0.6642160840630185,0.6642160840630185,0.6073027022196456,0.6073027022196456,2,2,0.875,0.9408120311834528,0.34999999999990905,0.04143157817158306,0.7096317280453224,0.7280120164437308,1.7791903426258688,0,0.5604867024051239,2,0,1,0.4968523764557766,0,1,1.0,0.625,0.625,0.7454408149950953,0.6847193122712162,0.6339974154190002,0.7454408149950953,0.6657164785178709,0.7454408149950953,0.6911489372089216,0.25,0.875,0.9408120311834528,2,1,2,1.0,11744.0,1,11744.0,,2.0,1,0,7.0,0.0,0.09498611657263967,7.0,0.3666666666666667,0.43333333333333335,0.5659226232558463,0.6041666666666667,0.5929389891472949,1812.645,1791.465,1812.645,1791.465,1812.645,1791.465,1812.645,1791.465,2021-07-12 14:00:00+00:00,2021-07-13 02:00:00+00:00,11742,2021-07-13 02:00:00+00:00,2021-07-14 06:00:00+00:00,accepted_breakout,6.784454369416056,0.0,0.0,0.5545954438334652,1,1,box_too_narrow_for_visible_structure,,,2281,11739,11743,2021-07-13 06:00:00+00:00,11742.0,2021-07-13 02:00:00+00:00,11742.0,2021-07-13 02:00:00+00:00,11742.0,2021-07-13 02:00:00+00:00
143,16,11905,11912,11918.0,4,7,1774.36,1793.71,1784.0349999999999,19.350000000000136,2.5756812147334545,0.714213986664897,0.714213986664897,0.5986426305960244,0.5986426305960244,2,2,1.0,1.0,0.0,0.0,0.3666666666666655,1.6312647693311908,0.9444164454022635,0,0.47049956933677617,0,0,0,0.9145564168820023,0,1,0.625,0.5625,0.5625,0.725692891695065,0.7345356740995477,0.6953071444149636,0.725692891695065,0.7135789878709213,0.725692891695065,0.7082093023255837,0.25,1.0,1.0,0,0,0,,11918.0,1,11918.0,,6.0,1,1,6.0,0.2,0.4132213608957773,6.0,0.2,0.5128205128205128,0.6777536125512588,0.375,0.5581243005737121,1793.71,1774.36,1793.71,1774.36,1793.71,1774.36,1793.71,1774.36,2021-08-19 06:00:00+00:00,2021-08-20 10:00:00+00:00,11912,2021-08-20 10:00:00+00:00,2021-08-23 10:00:00+00:00,accepted_breakout,4.889968497636237,0.0,0.0,0.6057285960244181,1,1,box_too_narrow_for_visible_structure,,,2308,11905,11915,2021-08-22 22:00:00+00:00,11912.0,2021-08-20 10:00:00+00:00,11912.0,2021-08-20 10:00:00+00:00,11912.0,2021-08-20 10:00:00+00:00
145,12,12004,12007,12014.0,4,3,1783.625,1803.77,1793.6975,20.144999999999982,2.6440860710187697,0.6353946430154284,0.6353946430154284,0.5665067233668591,0.5665067233668591,2,3,0.9166666666666666,1.0,0.0,0.0,0.5040953090096789,1.311214686000375,1.3328713850183946,0,0.46440205178296734,0,1,-1,0.8559609497807572,0,1,0.41666666666666663,1.0,0.41666666666666663,0.7093921214860874,0.6615413720694093,0.6015917940547789,0.7093921214860874,0.6381134370137815,0.7093921214860874,0.664300852820531,0.25,0.9166666666666666,1.0,1,0,2,2.0,12013.0,-1,12014.0,12013.0,6.0,-1,1,7.0,0.6,0.45176594780913404,7.0,0.2666666666666667,0.43333333333333335,0.6145988324963905,0.5208333333333334,0.5959413747907643,1803.77,1783.625,1803.77,1783.625,1803.77,1783.625,1803.77,1783.625,2021-09-12 22:00:00+00:00,2021-09-13 10:00:00+00:00,12007,2021-09-13 10:00:00+00:00,2021-09-14 14:00:00+00:00,accepted_breakout,1.7926799176297923,1.3237087999376078,0.0,0.7097058305443011,0,1,box_too_narrow_for_visible_structure,,,2323,12004,12008,2021-09-13 14:00:00+00:00,12007.0,2021-09-13 10:00:00+00:00,12007.0,2021-09-13 10:00:00+00:00,12007.0,2021-09-13 10:00:00+00:00
147,12,12099,12102,12121.0,4,3,1747.6,1770.475,1759.0375,22.875,2.6199894304606537,0.6552435343162257,0.6552435343162257,0.6224373948383722,0.6224373948383722,3,2,0.9166666666666666,1.0,0.0,0.0,0.4461202185792417,1.4511591730682438,1.1688302573924099,0,0.40109370838185326,1,0,1,0.9197814207650192,0,1,0.8333333333333334,0.5833333333333333,0.5833333333333333,0.7276304868294976,0.6818795232830351,0.6212873911819824,0.7276304868294976,0.6626815584902359,0.7276304868294976,0.7590510249932789,0.25,0.9166666666666666,1.0,1,1,2,2.0,12108.0,-1,12121.0,12108.0,6.0,-1,1,19.0,0.6,0.32858390038520735,19.0,0.2666666666666667,0.21212121212121213,0.6192328018344897,0.75,0.7215506247010467,1770.475,1747.6,1770.475,1747.6,1770.475,1747.6,1770.475,1747.6,2021-10-04 18:00:00+00:00,2021-10-05 06:00:00+00:00,12102,2021-10-05 06:00:00+00:00,2021-10-08 10:00:00+00:00,accepted_breakout,4.101161582972837,0.683208863054551,0.0,0.6460039536853981,1,1,box_too_narrow_for_visible_structure,,,2336,12099,12107,2021-10-06 02:00:00+00:00,12102.0,2021-10-05 06:00:00+00:00,12102.0,2021-10-05 06:00:00+00:00,12102.0,2021-10-05 06:00:00+00:00
148,12,12134,12137,12139.0,4,3,1750.105,1769.235,1759.67,19.12999999999988,2.5912773068174593,0.662956050544987,0.662956050544987,0.600965033129075,0.600965033129075,2,2,0.9166666666666666,1.0,0.0,0.0,0.6521170935703077,0.9014610808609633,1.6898162259564962,0,0.5612706714916429,0,0,0,0.8043213103328053,0,1,0.75,0.41666666666666663,0.41666666666666663,0.7116468018575487,0.6900475556377851,0.6324086660570266,0.7116468018575487,0.6754556943690548,0.7116468018575487,0.7407848752134466,0.25,0.9166666666666666,1.0,0,0,0,,12139.0,1,12139.0,,2.0,1,1,2.0,0.4,0.33969403227538436,2.0,0.5666666666666667,0.7000000000000001,0.508087697406899,0.125,0.3174385910183914,1769.235,1750.105,1769.235,1750.105,1769.235,1750.105,1769.235,1750.105,2021-10-12 14:00:00+00:00,2021-10-13 02:00:00+00:00,12137,2021-10-13 02:00:00+00:00,2021-10-13 10:00:00+00:00,accepted_breakout,10.355896657374004,1.4452332022308352,0.0,0.4531027948839382,1,0,box_too_narrow_for_visible_structure,,,2342,12134,12138,2021-10-13 06:00:00+00:00,12137.0,2021-10-13 02:00:00+00:00,12137.0,2021-10-13 02:00:00+00:00,12137.0,2021-10-13 02:00:00+00:00
149,12,12172,12176,12180.0,4,4,1766.755,1789.33,1778.0425,22.574999999999818,2.948125201836067,0.6460811569855963,0.6460811569855963,0.5155262452421991,0.5155262452421991,3,2,1.0,1.0,0.0,0.0,0.5266888150609067,1.3953806326298326,1.5527445692062345,0,0.4080727749305313,1,0,1,0.6536729420450333,0,1,0.8333333333333334,0.16666666666666663,0.16666666666666663,0.6614684630237135,0.6708986698258153,0.6227724772337137,0.6614684630237135,0.643923900546923,0.6614684630237135,0.6322772086155567,0.25,1.0,1.0,0,0,0,,12180.0,1,12180.0,,4.0,1,1,4.0,0.8,0.45488612463192774,4.0,0.2,0.5,0.47279643554434614,0.25,0.46569910888608657,1789.33,1766.755,1789.33,1766.755,1789.33,1766.755,1789.33,1766.755,2021-10-20 22:00:00+00:00,2021-10-21 14:00:00+00:00,12176,2021-10-21 14:00:00+00:00,2021-10-22 06:00:00+00:00,accepted_breakout,8.279838313785909,3.2681787035365377,0.0,0.6044176706827276,1,0,box_too_narrow_for_visible_structure,,,2349,12172,12176,2021-10-21 14:00:00+00:00,12176.0,2021-10-21 14:00:00+00:00,12176.0,2021-10-21 14:00:00+00:00,12176.0,2021-10-21 14:00:00+00:00
151,12,12275,12278,12283.0,4,3,1845.13,1870.43,1857.7800000000002,25.299999999999955,2.745482954856416,0.61856298650382,0.61856298650382,0.5534470222139737,0.5534470222139737,2,2,0.9166666666666666,0.7178555066155203,1.8200000000001637,0.19750114536913582,0.6094861660079002,1.0721490748609384,1.6733338799954778,2,0.46831664297207487,1,0,1,0.8023715415019848,0,1,1.0,0.5,0.5,0.6870631399515412,0.6342915305088148,0.5943909849879889,0.6870631399515412,0.6266482421811614,0.6870631399515412,0.6758761799121995,0.25,0.9166666666666666,0.7178555066155203,0,0,0,,12283.0,1,12283.0,,5.0,1,1,5.0,0.4,0.45004680591791163,5.0,0.2666666666666667,0.4583333333333333,0.603432765091715,0.3125,0.5152331912729288,1870.43,1845.13,1870.43,1845.13,1870.43,1845.13,1870.43,1845.13,2021-11-14 23:00:00+00:00,2021-11-15 11:00:00+00:00,12278,2021-11-15 11:00:00+00:00,2021-11-16 07:00:00+00:00,accepted_breakout,2.4203391932358596,1.6226653281964796,0.0,0.9203346671516895,1,1,box_not_visually_real,,,2373,12275,12278,2021-11-15 11:00:00+00:00,12278.0,2021-11-15 11:00:00+00:00,12278.0,2021-11-15 11:00:00+00:00,12278.0,2021-11-15 11:00:00+00:00
152,8,12296,12299,12303.0,4,3,1855.005,1870.785,1862.895,15.779999999999973,1.939063121132788,0.6693223388683666,0.6693223388683666,0.5913402158087285,0.5913402158087285,2,2,1.0,1.0,0.0,0.0,0.42712294043091215,1.1108447791534095,0.8282183419793784,0,0.5471085178920444,0,1,-1,0.6478664976763574,0,1,0.5,0.625,0.5,0.7389510702213903,0.6929126152486603,0.6383659096924361,0.7389510702213903,0.6659256506205282,0.7389510702213903,0.6670712032204481,0.25,1.0,1.0,1,1,2,2.0,12301.0,-1,,12301.0,2.0,-1,-1,4.0,0.2,0.5227830868356331,4.0,0.3666666666666667,0.4761904761904762,0.5748198309870746,0.41666666666666663,0.5209668625086734,1870.785,1855.005,1870.785,1855.005,1870.785,1855.005,1870.785,1855.005,2021-11-18 11:00:00+00:00,2021-11-18 23:00:00+00:00,12299,2021-11-18 23:00:00+00:00,2021-11-19 15:00:00+00:00,accepted_breakout,0.5595485717691265,8.49379260556426,0.0,0.506337237285416,1,1,box_too_narrow_for_visible_structure,,,2381,12296,12300,2021-11-19 03:00:00+00:00,12299.0,2021-11-18 23:00:00+00:00,12299.0,2021-11-18 23:00:00+00:00,12299.0,2021-11-18 23:00:00+00:00
154,12,12325,12328,12329.0,4,3,1778.475,1796.355,1787.415,17.88000000000011,2.2345368078615873,0.6729152317690994,0.6729152317690994,0.6116134788864314,0.6116134788864314,5,2,1.0,1.0,0.0,0.0,0.8747203579418347,0.27994197145469496,1.9545948364068924,2,0.5449879635051492,1,0,1,0.6314317673378016,0,1,1.0,0.41666666666666663,0.41666666666666663,0.731484717354486,0.6951088325614699,0.6449014894098463,0.731484717354486,0.6813795022702012,0.731484717354486,0.7268768674083734,0.25,1.0,1.0,0,0,0,,12329.0,1,12329.0,,1.0,1,1,1.0,0.6,0.5449879635051492,1.0,0.7166666666666667,0.8333333333333334,0.42788211570427354,0.0625,0.21884552892606837,1796.355,1778.475,1796.355,1778.475,1796.355,1778.475,1796.355,1778.475,2021-11-25 07:00:00+00:00,2021-11-25 23:00:00+00:00,12328,2021-11-25 23:00:00+00:00,2021-11-26 03:00:00+00:00,accepted_breakout,8.561058351196712,3.316123490975887,0.0,0.6040540540540597,1,0,box_too_narrow_for_visible_structure,,,2388,12325,12328,2021-11-25 23:00:00+00:00,12328.0,2021-11-25 23:00:00+00:00,12328.0,2021-11-25 23:00:00+00:00,12328.0,2021-11-25 23:00:00+00:00
156,8,12364,12367,12375.0,4,3,1766.105,1787.635,1776.87,21.529999999999973,2.3641460836475967,0.6756924948726826,0.6756924948726826,0.5813495604021134,0.5813495604021134,3,2,0.875,0.9882349574498257,0.07500000000004547,0.008235529785122039,0.5840687412912244,0.9833222563429671,1.3808238273046294,0,0.49529110232415724,1,0,1,0.7535222170614666,0,1,0.625,0.25,0.25,0.7014610521740676,0.701024484584539,0.6502906543465015,0.7014610521740676,0.6834492388341299,0.7014610521740676,0.7146159163085684,0.25,0.875,0.9882349574498257,1,1,2,2.0,12373.0,1,12373.0,,6.0,1,1,8.0,0.6,0.42815432252040675,8.0,0.2666666666666667,0.25757575757575757,0.6684334454523853,0.6666666666666666,0.6955932098479447,1787.635,1766.105,1787.635,1766.105,1787.635,1766.105,1787.635,1766.105,2021-12-06 03:00:00+00:00,2021-12-06 15:00:00+00:00,12367,2021-12-06 15:00:00+00:00,2021-12-07 23:00:00+00:00,accepted_breakout,2.2777780261749205,2.5273395926453044,0.0,1.0281757402101201,1,0,box_not_visually_real,,,2397,12364,12367,2021-12-06 15:00:00+00:00,12367.0,2021-12-06 15:00:00+00:00,12367.0,2021-12-06 15:00:00+00:00,12367.0,2021-12-06 15:00:00+00:00
157,12,12537,12540,12545.0,4,3,1812.205,1829.035,1820.62,16.830000000000155,2.9195314418466074,0.6398555016252265,0.6398555016252265,0.641122202160875,0.641122202160875,2,2,1.0,1.0,0.0,0.0,0.46761734997029386,1.5543078858553456,1.3652235559912616,0,0.49094347762691354,0,0,0,0.9395919984155293,0,1,0.41666666666666663,0.75,0.41666666666666663,0.7352884907085753,0.6670468284338482,0.6017455088526485,0.7352884907085753,0.6427204192522733,0.7352884907085753,0.7865547792065598,0.25,1.0,1.0,0,0,0,,12545.0,-1,,12545.0,5.0,-1,-1,5.0,0.2,0.47462885116235004,5.0,0.2666666666666667,0.4583333333333333,0.5699619022089858,0.3125,0.5068654755522465,1829.035,1812.205,1829.035,1812.205,1829.035,1812.205,1829.035,1812.205,2022-01-16 23:00:00+00:00,2022-01-17 11:00:00+00:00,12540,2022-01-17 11:00:00+00:00,2022-01-18 07:00:00+00:00,accepted_breakout,1.0823654627269155,2.229809861503806,0.0,0.83399405351834,1,1,box_not_visually_real,,,2424,12537,12540,2022-01-17 11:00:00+00:00,12540.0,2022-01-17 11:00:00+00:00,12540.0,2022-01-17 11:00:00+00:00,12540.0,2022-01-17 11:00:00+00:00
158,5,12559,12562,12563.0,4,3,1835.825,1847.8,1841.8125,11.974999999999909,1.8730355926015245,0.6553011036288312,0.6553011036288312,0.559108847988265,0.559108847988265,2,2,1.0,1.0,0.0,0.0,0.36910229645092935,1.1816938540379744,0.6913417385635501,2,0.5370550163222761,0,2,-1,0.7220598469032651,0,1,0.4,0.8,0.4,0.7204941862366713,0.6800205392300549,0.6241058845065488,0.7204941862366713,0.6469863823615647,0.7204941862366713,0.6266790643346155,0.25,1.0,1.0,0,0,0,,12563.0,-1,,12563.0,1.0,-1,-1,1.0,0.2,0.26236914936737066,1.0,0.7166666666666667,0.8333333333333334,0.4787888960131137,0.0625,0.23157222400327843,1847.8,1835.825,1847.8,1835.825,1847.8,1835.825,1847.8,1835.825,2022-01-20 15:00:00+00:00,2022-01-21 03:00:00+00:00,12562,2022-01-21 03:00:00+00:00,2022-01-21 07:00:00+00:00,accepted_breakout,0.0,3.9801699601691203,0.0,0.6163149768399315,1,1,box_too_narrow_for_visible_structure,,,2428,12559,12562,2022-01-21 03:00:00+00:00,12562.0,2022-01-21 03:00:00+00:00,12562.0,2022-01-21 03:00:00+00:00,12562.0,2022-01-21 03:00:00+00:00
159,12,12566,12569,12576.0,4,3,1828.37,1847.8,1838.085,19.430000000000064,2.7218452218458045,0.6509345092154397,0.6509345092154397,0.5948229916370987,0.5948229916370987,2,2,1.0,1.0,0.0,0.0,0.5895522388059762,1.1171752776232615,1.604669944222543,1,0.4892707077069653,0,0,0,0.9866186309830244,0,1,0.16666666666666663,0.75,0.16666666666666663,0.721907080154598,0.6772588262036919,0.6174664715950425,0.721907080154598,0.659210319455949,0.721907080154598,0.7066010016822756,0.25,1.0,1.0,0,0,0,,12576.0,1,12576.0,,7.0,1,1,7.0,0.4,0.3649764293692922,7.0,0.2666666666666667,0.43333333333333335,0.6496451496450376,0.39583333333333337,0.5609529540779261,1847.8,1828.37,1847.8,1828.37,1847.8,1828.37,1847.8,1828.37,2022-01-21 19:00:00+00:00,2022-01-24 07:00:00+00:00,12569,2022-01-24 07:00:00+00:00,2022-01-25 11:00:00+00:00,accepted_breakout,2.1749950924782775,0.025717847377336758,0.2664290200481285,0.7685917721519021,0,1,box_too_narrow_for_visible_structure,,,2431,12566,12569,2022-01-24 07:00:00+00:00,12569.0,2022-01-24 07:00:00+00:00,12569.0,2022-01-24 07:00:00+00:00,12569.0,2022-01-24 07:00:00+00:00
160,8,12770,12773,12780.0,4,3,1972.625,2009.075,1990.85,36.450000000000045,1.7479757886048737,0.660766838758819,0.660766838758819,0.615532130237042,0.615532130237042,2,2,1.0,0.8400343536589285,2.3350000000000364,0.11197595243875003,0.5163237311385436,0.8454544074925673,0.9025213811123065,1,0.3952107571677749,0,0,0,0.994055784179238,0,1,0.5,0.25,0.25,0.719249458882545,0.6807488845391368,0.6346247010835561,0.719249458882545,0.66946975207743,0.719249458882545,0.7596630594929646,0.25,1.0,0.8400343536589285,3,2,6,2.0,12774.0,-1,,12774.0,1.0,-1,-1,7.0,0.2,0.3844759437077675,7.0,0.4166666666666667,0.35000000000000003,0.6630722670393987,0.6875,0.6530597334265164,2009.075,1972.625,2009.075,1972.625,2009.075,1972.625,2009.075,1972.625,2022-03-10 19:00:00+00:00,2022-03-11 07:00:00+00:00,12773,2022-03-11 07:00:00+00:00,2022-03-14 06:00:00+00:00,accepted_breakout,0.0,13.17523969733076,0.0,0.6128110289172837,1,0,box_too_narrow_for_visible_structure,,,2467,12770,12773,2022-03-11 07:00:00+00:00,12773.0,2022-03-11 07:00:00+00:00,12773.0,2022-03-11 07:00:00+00:00,12773.0,2022-03-11 07:00:00+00:00
161,8,12870,12875,12877.0,4,5,1915.375,1936.775,1926.075,21.40000000000009,2.3004047702726034,0.7249867522900338,0.7249867522900338,0.6000949686958713,0.6000949686958713,2,2,1.0,1.0,0.0,0.0,0.7065420560747583,0.6750720540800164,1.6253327161925872,0,0.6557920815500619,1,0,1,0.5400311526479811,0,1,0.625,0.375,0.375,0.7486003262877637,0.741519541348719,0.7073210376411014,0.7486003262877637,0.7134104444092746,0.7486003262877637,0.6693710640667317,0.25,1.0,1.0,0,0,0,,12877.0,1,12877.0,,2.0,1,1,2.0,0.6,0.47377936937723525,2.0,0.5,0.7380952380952381,0.564024723665525,0.125,0.3371371332973336,1936.775,1915.375,1936.775,1915.375,1936.775,1915.375,1936.775,1915.375,2022-04-04 06:00:00+00:00,2022-04-05 02:00:00+00:00,12875,2022-04-05 02:00:00+00:00,2022-04-05 10:00:00+00:00,accepted_breakout,3.3515840775648176,0.0,0.0,0.7351425626932382,1,1,box_too_narrow_for_visible_structure,,,2484,12870,12876,2022-04-05 06:00:00+00:00,12875.0,2022-04-05 02:00:00+00:00,12875.0,2022-04-05 02:00:00+00:00,12875.0,2022-04-05 02:00:00+00:00
163,16,12878,12881,12897.0,4,3,1915.375,1944.485,1929.9299999999998,29.1099999999999,2.8675135066971014,0.5824211782459743,0.5824211782459743,0.5490245096867479,0.5490245096867479,2,3,1.0,1.0,0.0,0.0,0.18790793541738393,2.3286849638721865,0.5388285428249151,0,0.752112746861815,0,3,-1,0.4540249627848365,0,1,0.8125,0.9375,0.8125,0.7119487153812136,0.607037547573389,0.5410190220693076,0.7119487153812136,0.5829417562275223,0.7119487153812136,0.618595641852218,0.25,1.0,1.0,2,1,4,2.0,12882.0,-1,12896.0,12882.0,1.0,-1,1,16.0,0.4,0.21592554379489792,16.0,0.4166666666666667,0.4692982456140351,0.44663201794286517,0.6666666666666667,0.5677983553629092,1944.485,1915.375,1944.485,1915.375,1944.485,1915.375,1944.485,1915.375,2022-04-05 14:00:00+00:00,2022-04-06 02:00:00+00:00,12881,2022-04-06 02:00:00+00:00,2022-04-08 18:00:00+00:00,accepted_breakout,1.8587532325660876,0.16390506928819634,0.325780566048572,0.8338584932683997,1,1,edge_misses_chart_reality,,,2489,12878,12890,2022-04-07 14:00:00+00:00,12881.0,2022-04-06 02:00:00+00:00,12881.0,2022-04-06 02:00:00+00:00,12881.0,2022-04-06 02:00:00+00:00
164,8,12940,12946,12950.0,4,6,1936.535,1958.155,1947.345,21.61999999999989,2.2670259547692924,0.7256629265506911,0.7256629265506911,0.5522799767064884,0.5522799767064884,2,2,0.875,1.0,0.0,0.0,0.6369102682701226,0.8231338457418514,1.4438921090274408,2,0.5043433761694951,0,1,-1,0.7884674683934578,0,1,0.25,0.75,0.25,0.7310525452162576,0.7432781820774322,0.710003772921738,0.7310525452162576,0.6997990022312178,0.7310525452162576,0.5924311011577486,0.25,0.875,1.0,1,0,2,2.0,12949.0,-1,,12949.0,3.0,-1,-1,4.0,0.4,0.44837068839367195,4.0,0.25,0.6166666666666667,0.6121103933135976,0.3333333333333333,0.49636093166173273,1958.155,1936.535,1958.155,1936.535,1958.155,1936.535,1958.155,1936.535,2022-04-20 22:00:00+00:00,2022-04-21 22:00:00+00:00,12946,2022-04-21 22:00:00+00:00,2022-04-22 14:00:00+00:00,accepted_breakout,0.0,5.163152179786725,0.0,0.6487621905476327,1,1,box_too_narrow_for_visible_structure,,,2502,12940,12946,2022-04-21 22:00:00+00:00,12946.0,2022-04-21 22:00:00+00:00,12946.0,2022-04-21 22:00:00+00:00,12946.0,2022-04-21 22:00:00+00:00
165,5,13194,13198,13202.0,4,4,1835.275,1844.685,1839.98,9.409999999999854,1.0377911979702215,0.58736453044326,0.58736453044326,0.49336415930232097,0.49336415930232097,2,4,0.8,0.8109382970146755,1.2000000000000455,0.1323431920897271,0.6429330499468702,0.37056093785121086,0.6672302601190107,0,0.262551088052705,0,3,-1,0.6312433581296487,0,1,0.4,1.0,0.4,0.630935840179544,0.6066437655413673,0.5641985634030443,0.630935840179544,0.5956556476202314,0.630935840179544,0.6365935802123331,0.25,0.8,0.8109382970146755,2,1,4,2.0,13199.0,-1,,13199.0,1.0,-1,-1,4.0,0.2,0.24665125508057095,4.0,0.35,0.5833333333333334,0.3181649739686323,0.5,0.4678745768254914,1844.685,1835.275,1845.2849999999999,1835.095,1845.2849999999999,1835.095,1844.685,1835.275,2022-06-20 06:00:00+00:00,2022-06-20 22:00:00+00:00,13198,2022-06-20 22:00:00+00:00,2022-06-21 14:00:00+00:00,accepted_breakout,1.1563019635810001,8.604813778981677,0.0,0.4815762538382739,1,0,box_too_narrow_for_visible_structure,,,2540,13194,13202,2022-06-21 14:00:00+00:00,13198.0,2022-06-20 22:00:00+00:00,13198.0,2022-06-20 22:00:00+00:00,13198.0,2022-06-20 22:00:00+00:00
166,8,13227,13230,13236.0,4,3,1820.635,1840.905,1830.77,20.269999999999982,2.655010184072847,0.6070108699578503,0.6070108699578503,0.5158917161136014,0.5158917161136014,2,3,1.0,1.0,0.0,0.0,0.19240256536754288,2.144179413580279,0.5108307704925681,0,0.7852859120180451,0,3,-1,0.40980101956915127,0,1,0.375,0.75,0.375,0.6791501627919082,0.6321438630033638,0.5743568689461698,0.6791501627919082,0.6024715006399572,0.6791501627919082,0.5993560393007192,0.25,1.0,1.0,3,2,6,2.0,13231.0,-1,,13231.0,1.0,-1,-1,6.0,1.0,0.7166354364086786,6.0,0.4166666666666667,0.3611111111111111,0.6124980415244525,0.6666666666666666,0.6309022881588909,1840.905,1820.635,1840.905,1820.635,1840.905,1820.635,1840.905,1820.635,2022-06-27 18:00:00+00:00,2022-06-28 06:00:00+00:00,13230,2022-06-28 06:00:00+00:00,2022-06-29 06:00:00+00:00,accepted_breakout,0.459508595228256,3.344619939038334,0.0,0.7257429287504511,1,1,box_too_narrow_for_visible_structure,,,2554,13227,13230,2022-06-28 06:00:00+00:00,13230.0,2022-06-28 06:00:00+00:00,13230.0,2022-06-28 06:00:00+00:00,13230.0,2022-06-28 06:00:00+00:00
167,12,13293,13296,13298.0,5,3,1722.385,1743.965,1733.175,21.579999999999927,2.447086177580909,0.6207961799253404,0.6207961799253404,0.5040429565112176,0.5040429565112176,2,4,1.0,0.959501420336606,0.25,0.02834900576437578,0.2571825764596837,1.817738249611772,0.6293479279691372,2,0.7006599149145272,0,3,-1,0.42168674698795594,0,1,0.33333333333333337,1.0,0.33333333333333337,0.6688150913146946,0.6439020423570685,0.5937042296603923,0.6688150913146946,0.6129210889291408,0.6688150913146946,0.589392900610782,0.25,1.0,0.959501420336606,1,0,0,0.0,13297.0,-1,,13297.0,1.0,-1,0,,1.0,0.706337605358344,2.0,0.5166666666666667,0.7833333333333333,0.4108167607216201,0.20833333333333331,0.3156208568470717,1743.965,1722.385,1743.965,1722.385,1743.965,1722.385,1743.965,1722.385,2022-07-12 18:00:00+00:00,2022-07-13 06:00:00+00:00,13296,2022-07-13 06:00:00+00:00,2022-07-13 14:00:00+00:00,invalidated,0.49446562654209164,6.301371868825504,0.0,0.5647736194713402,1,1,box_too_narrow_for_visible_structure,,,2565,13293,13296,2022-07-13 06:00:00+00:00,13296.0,2022-07-13 06:00:00+00:00,13296.0,2022-07-13 06:00:00+00:00,13296.0,2022-07-13 06:00:00+00:00
169,16,13318,13321,13329.0,4,3,1698.775,1723.705,1711.24,24.929999999999836,2.7687918298823258,0.6207825131668855,0.6207825131668855,0.5767737113455249,0.5767737113455249,2,3,1.0,0.8492721197416565,0.9500000000000455,0.10550951618084045,0.4843561973525831,1.4277103478996223,1.3410814819827035,1,0.4529722935410523,0,0,0,0.9938494451129825,0,1,0.625,0.3125,0.3125,0.6879380752122226,0.6426414421612774,0.5916761228843423,0.6879380752122226,0.6398634744999883,0.6879380752122226,0.7306822424087022,0.25,1.0,0.8492721197416565,0,0,0,,13329.0,-1,,13329.0,8.0,-1,-1,8.0,0.0,0.3974128281209025,8.0,0.2666666666666667,0.42424242424242425,0.5906169557918605,0.41666666666666663,0.5553057540994802,1723.705,1698.775,1723.705,1698.775,1723.705,1698.775,1723.705,1698.775,2022-07-18 22:00:00+00:00,2022-07-19 10:00:00+00:00,13321,2022-07-19 10:00:00+00:00,2022-07-20 18:00:00+00:00,accepted_breakout,1.5313538396926756,3.239680175010215,0.0,0.8405259608900862,1,0,box_not_visually_real,,,2573,13318,13322,2022-07-19 14:00:00+00:00,13321.0,2022-07-19 10:00:00+00:00,13321.0,2022-07-19 10:00:00+00:00,13321.0,2022-07-19 10:00:00+00:00
170,12,13346,13349,13356.0,7,3,1714.65,1739.225,1726.9375,24.574999999999818,2.5239564810533226,0.629746594897178,0.629746594897178,0.5494929700512806,0.5494929700512806,2,3,1.0,0.727100185742797,1.8600000000001273,0.19102986998004215,0.272634791454725,1.8358381322005481,0.6881183488527742,2,0.5104135512253624,0,2,-1,0.6516107154967706,0,1,0.25,0.8333333333333334,0.25,0.6944529193049623,0.6424094391190395,0.6087567938455689,0.6944529193049623,0.6308865666835237,0.6944529193049623,0.6521003674884018,0.25,1.0,0.727100185742797,2,1,2,1.0,13351.0,-1,,13351.0,2.0,-1,0,,0.8,0.49650259911890043,7.0,0.3666666666666667,0.43333333333333335,0.5127006767205149,0.6041666666666667,0.579633502513462,1739.225,1714.65,1739.225,1714.65,1739.225,1714.65,1739.225,1714.65,2022-07-25 14:00:00+00:00,2022-07-26 02:00:00+00:00,13349,2022-07-26 02:00:00+00:00,2022-07-27 06:00:00+00:00,superseded,1.2123822351813751,1.2836988372508944,0.1679729758559102,0.9927287416683472,1,1,box_not_visually_real,,,2581,13346,13350,2022-07-26 06:00:00+00:00,13349.0,2022-07-26 02:00:00+00:00,13349.0,2022-07-26 02:00:00+00:00,13349.0,2022-07-26 02:00:00+00:00
171,8,13353,13356,13359.0,4,3,1713.55,1727.805,1720.6775,14.25500000000011,1.7055133865198902,0.6352357230203027,0.6352357230203027,0.5742098837481773,0.5742098837481773,2,3,1.0,0.9529973261218887,0.2749999999998636,0.032901871714677906,0.6015433181339866,0.6795732048707829,1.0259401816491072,1,0.3856966627670751,0,2,-1,0.8146849058809745,0,1,0.25,0.875,0.25,0.730105952938453,0.6571746735796872,0.6016277677635158,0.730105952938453,0.632345887240154,0.730105952938453,0.6441245535143638,0.25,1.0,0.9529973261218887,1,1,2,2.0,13357.0,-1,13359.0,13357.0,1.0,-1,1,3.0,0.8,0.4178118134627839,3.0,0.5166666666666667,0.5833333333333334,0.47990642048459425,0.35416666666666663,0.4239349384544819,1727.805,1713.55,1727.805,1713.55,1727.805,1713.55,1727.805,1713.55,2022-07-26 18:00:00+00:00,2022-07-27 06:00:00+00:00,13356,2022-07-27 06:00:00+00:00,2022-07-27 18:00:00+00:00,accepted_breakout,8.103131942106726,1.254754150224851,0.0,0.47178553698494613,0,1,box_too_narrow_for_visible_structure,,,2587,13353,13356,2022-07-27 06:00:00+00:00,13356.0,2022-07-27 06:00:00+00:00,13356.0,2022-07-27 06:00:00+00:00,13356.0,2022-07-27 06:00:00+00:00
172,5,13424,13427,13431.0,4,3,1784.935,1799.165,1792.05,14.230000000000018,1.8754227979804756,0.6130697449277336,0.6130697449277336,0.49544273076325107,0.49544273076325107,2,3,1.0,0.7157023968526757,1.509999999999991,0.19900832220312703,0.39423752635278425,1.1360607532390354,0.7393620447414402,0,0.5423874121018485,0,3,-1,0.5720309205903139,0,1,0.4,1.0,0.4,0.6507874615040534,0.6281154689553996,0.594396502092283,0.6507874615040534,0.6094372183956327,0.6507874615040534,0.6021621498827979,0.25,1.0,0.7157023968526757,1,1,2,2.0,13429.0,-1,13431.0,13429.0,2.0,-1,1,4.0,0.4,0.18687963874289068,4.0,0.3666666666666667,0.4761904761904762,0.5125813073039376,0.41666666666666663,0.5054072315878891,1799.165,1784.935,1799.165,1784.935,1799.165,1784.935,1799.165,1784.935,2022-08-11 14:00:00+00:00,2022-08-12 02:00:00+00:00,13427,2022-08-12 02:00:00+00:00,2022-08-12 18:00:00+00:00,accepted_breakout,1.6049714247055489,0.6131950625950724,0.2606111708997929,0.7737901033170265,1,1,box_too_narrow_for_visible_structure,,,2598,13424,13427,2022-08-12 02:00:00+00:00,13427.0,2022-08-12 02:00:00+00:00,13427.0,2022-08-12 02:00:00+00:00,13427.0,2022-08-12 02:00:00+00:00
173,8,13556,13559,13561.0,4,3,1711.89,1735.045,1723.4675000000002,23.154999999999973,2.903810339107218,0.6363415409246296,0.6363415409246296,0.6032653321074477,0.6032653321074477,2,2,0.875,1.0,0.0,0.0,0.4143813431224276,1.7005255106151769,1.2032848284920408,1,0.5094920251694536,0,0,0,0.974159648743961,0,1,0.625,0.375,0.375,0.6936097305005753,0.6666845198646295,0.6016905282828784,0.6936097305005753,0.6443109636728799,0.6936097305005753,0.7829125072781048,0.25,0.875,1.0,0,0,0,,13561.0,-1,,13561.0,2.0,-1,-1,2.0,0.4,0.40251008094176444,2.0,0.5666666666666667,0.7000000000000001,0.4479851911973299,0.125,0.30241296446599913,1735.045,1711.89,1735.045,1711.89,1735.045,1711.89,1735.045,1711.89,2022-09-12 14:00:00+00:00,2022-09-13 02:00:00+00:00,13559,2022-09-13 02:00:00+00:00,2022-09-13 10:00:00+00:00,accepted_breakout,0.0,5.139798491312247,0.0,0.6080619747899128,1,1,box_too_narrow_for_visible_structure,,,2621,13556,13560,2022-09-13 06:00:00+00:00,13559.0,2022-09-13 02:00:00+00:00,13559.0,2022-09-13 02:00:00+00:00,13559.0,2022-09-13 02:00:00+00:00
174,8,13587,13590,13599.0,5,3,1659.6,1679.37,1669.485,19.769999999999982,2.2786133311190104,0.6978957811483375,0.6978957811483375,0.6258145930360186,0.6258145930360186,2,2,1.0,0.9184974637687564,0.49500000000011823,0.05705177536187054,0.4119878603945366,1.3398523001648215,0.938761030954189,0,0.3920080930703044,2,0,1,0.8558421851289724,0,1,0.875,0.375,0.375,0.7746917792055226,0.7153396895962111,0.6709555383629741,0.7746917792055226,0.6904594164239379,0.7746917792055226,0.6797066262013188,0.25,1.0,0.9184974637687564,0,0,0,,13599.0,0,,,9.0,0,0,,0.6,0.3746625136976056,9.0,0.2666666666666667,0.4166666666666667,0.7348820517078827,0.4375,0.6001788462603039,1679.37,1659.6,1679.37,1659.6,1679.37,1659.6,1679.37,1659.6,2022-09-19 18:00:00+00:00,2022-09-20 06:00:00+00:00,13590,2022-09-20 06:00:00+00:00,2022-09-21 18:00:00+00:00,invalidated,3.7632536784066497,2.5892940761047933,0.0,0.5773105562855905,1,1,box_too_narrow_for_visible_structure,,,2629,13587,13594,2022-09-20 22:00:00+00:00,13590.0,2022-09-20 06:00:00+00:00,13590.0,2022-09-20 06:00:00+00:00,13590.0,2022-09-20 06:00:00+00:00
175,8,13741,13744,13746.0,4,3,1638.195,1662.3,1650.2475,24.105000000000018,2.4702634020914545,0.6566252002242652,0.6566252002242652,0.5812973564934835,0.5812973564934835,2,2,0.875,1.0,0.0,0.0,0.6011200995644056,0.985338419875932,1.4849249822155226,0,0.5680479610202918,1,0,1,0.7170020051165025,0,1,0.75,0.625,0.625,0.7492188821766644,0.6793264439268917,0.6227411664016751,0.7492188821766644,0.6461174456069263,0.7492188821766644,0.6264520073774974,0.25,0.875,1.0,0,0,0,,13746.0,1,13746.0,,2.0,1,1,2.0,0.0,0.11658313484603061,2.0,0.5666666666666667,0.7000000000000001,0.5313596021618998,0.125,0.32325656720714163,1662.3,1638.195,1662.3,1638.195,1662.3,1638.195,1662.3,1638.195,2022-10-25 10:00:00+00:00,2022-10-25 22:00:00+00:00,13744,2022-10-25 22:00:00+00:00,2022-10-26 06:00:00+00:00,accepted_breakout,5.082453955869784,0.0,0.0,0.6575286415711938,1,1,box_too_narrow_for_visible_structure,,,2657,13741,13744,2022-10-25 22:00:00+00:00,13744.0,2022-10-25 22:00:00+00:00,13744.0,2022-10-25 22:00:00+00:00,13744.0,2022-10-25 22:00:00+00:00
178,16,13887,13890,13899.0,4,3,1739.525,1763.635,1751.58,24.1099999999999,2.9514584916648503,0.6119453987635411,0.6119453987635411,0.5783641912421047,0.5783641912421047,2,3,0.9375,1.0,0.0,0.0,0.6515968477809985,1.0282974421395734,1.923161049525277,0,0.36944541307201717,0,1,-1,0.9236831190377405,0,1,0.6875,0.875,0.6875,0.6903725361385453,0.6424151614637339,0.5738024561153785,0.6903725361385453,0.6306716696738981,0.6903725361385453,0.7295944362567494,0.25,0.9375,1.0,1,1,2,2.0,13897.0,1,13897.0,,7.0,1,1,9.0,0.6,0.2683078954625441,9.0,0.2666666666666667,0.25,0.5554887516029134,0.6875,0.676163854567395,1763.635,1739.525,1763.635,1739.525,1763.635,1739.525,1763.635,1739.525,2022-11-28 19:00:00+00:00,2022-11-29 07:00:00+00:00,13890,2022-11-29 07:00:00+00:00,2022-11-30 19:00:00+00:00,accepted_breakout,6.762758160539488,0.0,0.0,0.5470841842523244,1,1,box_too_narrow_for_visible_structure,,,2690,13887,13893,2022-11-29 19:00:00+00:00,13890.0,2022-11-29 07:00:00+00:00,13890.0,2022-11-29 07:00:00+00:00,13890.0,2022-11-29 07:00:00+00:00
179,12,13927,13930,13931.0,4,3,1767.195,1790.45,1778.8225,23.25500000000011,2.7047479066376736,0.6241638117420876,0.6241638117420876,0.5411271442650124,0.5411271442650124,2,3,0.9166666666666666,0.9187503930739377,0.48900000000003274,0.05687472484824359,0.7080197806923272,0.7897328869520369,1.9150150196856366,1,0.5853222762173107,1,0,1,0.5630330394897156,0,1,0.75,0.33333333333333337,0.33333333333333337,0.659077526787892,0.6495321792963629,0.5972681885891675,0.659077526787892,0.6390658688997113,0.659077526787892,0.7017286087274953,0.25,0.9166666666666666,0.9187503930739377,0,0,0,,13931.0,1,13931.0,,1.0,1,1,1.0,0.6,0.5681499011570907,1.0,0.7166666666666667,0.8333333333333334,0.3945997615440372,0.0625,0.2105249403860093,1790.45,1767.195,1790.45,1767.195,1790.45,1767.195,1790.45,1767.195,2022-12-07 19:00:00+00:00,2022-12-08 07:00:00+00:00,13930,2022-12-08 07:00:00+00:00,2022-12-08 11:00:00+00:00,accepted_breakout,1.5953427635199162,1.2958693826506165,0.03626261794315566,0.9663411593600688,1,0,box_not_visually_real,,,2698,13927,13930,2022-12-08 07:00:00+00:00,13930.0,2022-12-08 07:00:00+00:00,13930.0,2022-12-08 07:00:00+00:00,13930.0,2022-12-08 07:00:00+00:00
180,12,13938,13941,13945.0,4,3,1781.57,1806.05,1793.81,24.480000000000018,2.888541617649642,0.6378709578852451,0.6378709578852451,0.5903995975779657,0.5903995975779657,2,2,1.0,0.9612298919199656,0.2300000000000182,0.02713907565602409,0.2902369281045757,2.0501801718407884,0.838361445808854,0,0.45592419548838387,0,1,-1,0.7935729847494576,0,1,0.75,0.16666666666666663,0.16666666666666663,0.7108804155115991,0.6634061253102834,0.6047399040279962,0.7108804155115991,0.6507647008829143,0.7108804155115991,0.7175314457380125,0.25,1.0,0.9612298919199656,1,0,0,0.0,13944.0,-1,,13944.0,3.0,-1,0,4.0,0.2,0.4146083303964268,4.0,0.3166666666666667,0.5595238095238095,0.49258815045199195,0.3333333333333333,0.46457560904156947,1806.05,1781.57,1806.05,1781.57,1806.05,1781.57,1806.05,1781.57,2022-12-09 15:00:00+00:00,2022-12-12 03:00:00+00:00,13941,2022-12-12 03:00:00+00:00,2022-12-12 19:00:00+00:00,accepted_breakout,0.0,1.40209162134052,0.5326361262198267,0.8580441640378563,1,0,edge_partially_matches_chart,,,2704,13938,13941,2022-12-12 03:00:00+00:00,13941.0,2022-12-12 03:00:00+00:00,13941.0,2022-12-12 03:00:00+00:00,13941.0,2022-12-12 03:00:00+00:00
181,8,14203,14206,14207.0,5,3,1850.44,1866.58,1858.51,16.139999999999873,1.8336526368533825,0.6380423443186033,0.6380423443186033,0.559852015591438,0.559852015591438,3,2,1.0,1.0,0.0,0.0,0.5408921933085555,0.84184424033974,0.9918083965136424,1,0.40633379731357483,1,0,1,0.8589425857083761,0,1,0.875,0.625,0.625,0.7224436029792425,0.6632834495618828,0.6033356145285462,0.7224436029792425,0.6316283499827722,0.7224436029792425,0.624903621733003,0.25,1.0,1.0,0,0,0,,14207.0,0,,,1.0,0,0,,0.2,0.2616274650709557,1.0,0.5666666666666667,0.8333333333333334,0.42121525067693255,0.0625,0.24717881266923314,1866.58,1850.44,1866.58,1850.44,1866.58,1850.44,1866.58,1850.44,2023-02-13 19:00:00+00:00,2023-02-14 07:00:00+00:00,14206,2023-02-14 07:00:00+00:00,2023-02-14 11:00:00+00:00,invalidated,2.235974206671931,3.948403233244942,0.0,0.5873362445414797,1,1,box_too_narrow_for_visible_structure,,,2762,14203,14206,2023-02-14 07:00:00+00:00,14206.0,2023-02-14 07:00:00+00:00,14206.0,2023-02-14 07:00:00+00:00,14206.0,2023-02-14 07:00:00+00:00
182,12,14238,14241,14245.0,4,3,1830.23,1847.52,1838.875,17.289999999999964,2.4204363573858774,0.6555750169377854,0.6555750169377854,0.5631088334196878,0.5631088334196878,3,2,0.9166666666666666,1.0,0.0,0.0,0.29843840370156693,1.6980851946264008,0.7223511627594768,0,0.6516529344449288,0,1,-1,0.599575862733757,0,1,0.25,0.6666666666666667,0.25,0.697821171004297,0.6803671916199169,0.6279902055541533,0.697821171004297,0.6589939330818643,0.697821171004297,0.6782548710611808,0.25,0.9166666666666666,1.0,1,0,2,2.0,14244.0,-1,,14244.0,3.0,-1,-1,4.0,0.6,0.6154983490224413,4.0,0.3166666666666667,0.5595238095238095,0.5326083928104083,0.3333333333333333,0.4745806696311735,1847.52,1830.23,1847.52,1830.23,1847.52,1830.23,1847.52,1830.23,2023-02-21 15:00:00+00:00,2023-02-22 03:00:00+00:00,14241,2023-02-22 03:00:00+00:00,2023-02-22 19:00:00+00:00,accepted_breakout,0.605262764100168,2.9457498348358393,0.0,0.7532128076671682,1,1,box_too_narrow_for_visible_structure,,,2771,14238,14241,2023-02-22 03:00:00+00:00,14241.0,2023-02-22 03:00:00+00:00,14241.0,2023-02-22 03:00:00+00:00,14241.0,2023-02-22 03:00:00+00:00
183,12,14389,14393,14401.0,4,4,1943.995,1975.315,1959.655,31.320000000000164,2.8910259294567298,0.6242186139016463,0.6242186139016463,0.4733730656637323,0.4733730656637323,3,2,0.8333333333333334,0.7580262460977387,1.8350000000000364,0.16938162773158288,0.7461685823754788,0.7338332100632506,2.157192719393479,0,0.6006037663373484,2,0,1,0.5613026819923368,0,1,0.8333333333333334,0.16666666666666663,0.16666666666666663,0.5793602834593352,0.6437413980313523,0.6149968081034631,0.5793602834593352,0.642515830449405,0.5793602834593352,0.695102739977394,0.25,0.8333333333333334,0.7580262460977387,1,0,2,2.0,14400.0,1,14400.0,,7.0,1,1,8.0,0.8,0.5171062031776797,8.0,0.2,0.4444444444444444,0.5671103981813982,0.5416666666666666,0.602472043989794,1975.315,1943.995,1975.315,1943.995,1975.315,1943.995,1975.315,1943.995,2023-03-28 14:00:00+00:00,2023-03-29 06:00:00+00:00,14393,2023-03-29 06:00:00+00:00,2023-03-30 14:00:00+00:00,accepted_breakout,3.104434280078026,1.7917514842122044,0.0,0.8919265271251646,1,0,box_not_visually_real,,,2798,14389,14393,2023-03-29 06:00:00+00:00,14393.0,2023-03-29 06:00:00+00:00,14393.0,2023-03-29 06:00:00+00:00,14393.0,2023-03-29 06:00:00+00:00
184,12,14520,14523,14533.0,4,3,1974.04,2003.19,1988.615,29.15000000000009,2.8097828411328574,0.6113886782517453,0.6113886782517453,0.5222987588665223,0.5222987588665223,3,2,1.0,1.0,0.0,0.0,0.27135506003430726,2.0473340495938843,0.7624487915389729,0,0.5108013498524532,0,1,-1,0.9124070897655824,0,1,0.25,0.75,0.25,0.6566490271891475,0.641598349242594,0.5787708987894481,0.6566490271891475,0.6199477614684357,0.6566490271891475,0.6590003112780937,0.25,1.0,1.0,1,1,2,2.0,14526.0,1,14526.0,,3.0,1,1,10.0,0.4,0.5108013498524532,10.0,0.3166666666666667,0.3269230769230769,0.4577340690129121,0.5833333333333334,0.5898822352019459,2003.19,1974.04,2003.19,1974.04,2003.19,1974.04,2003.19,1974.04,2023-04-28 10:00:00+00:00,2023-04-30 22:00:00+00:00,14523,2023-04-30 22:00:00+00:00,2023-05-02 14:00:00+00:00,accepted_breakout,5.769129116563484,0.733152743992624,0.0,0.6732101616628168,1,1,box_too_narrow_for_visible_structure,,,2824,14520,14523,2023-04-30 22:00:00+00:00,14523.0,2023-04-30 22:00:00+00:00,14523.0,2023-04-30 22:00:00+00:00,14523.0,2023-04-30 22:00:00+00:00
185,12,14586,14589,14593.0,4,3,2000.9,2022.57,2011.7350000000001,21.669999999999845,2.40359353020284,0.6210233148552339,0.6210233148552339,0.509888529101291,0.509888529101291,5,2,0.9166666666666666,1.0,0.0,0.0,0.7734194739270932,0.5446074865387946,1.8589860436640457,1,0.706142330025267,2,0,1,0.48192585756037065,0,1,0.8333333333333334,0.25,0.25,0.6802561263716894,0.6444607255613582,0.5918586400194565,0.6802561263716894,0.6110456622222462,0.6802561263716894,0.5825895799496013,0.25,0.9166666666666666,1.0,0,0,0,,14593.0,-1,,14593.0,4.0,-1,-1,4.0,0.8,0.6173754213525904,4.0,0.2666666666666667,0.4761904761904762,0.5203712075617248,0.25,0.4690213733190026,2022.57,2000.9,2022.57,2000.9,2022.57,2000.9,2022.57,2000.9,2023-05-15 10:00:00+00:00,2023-05-15 22:00:00+00:00,14589,2023-05-15 22:00:00+00:00,2023-05-16 14:00:00+00:00,accepted_breakout,0.20594164270283988,6.423715077439515,0.0,0.5918339478355822,1,0,box_too_narrow_for_visible_structure,,,2836,14586,14592,2023-05-16 10:00:00+00:00,14589.0,2023-05-15 22:00:00+00:00,14589.0,2023-05-15 22:00:00+00:00,14589.0,2023-05-15 22:00:00+00:00
186,8,14659,14663,14665.0,4,4,1953.37,1974.795,1964.0825,21.425000000000182,2.3691287095857745,0.6936363344534817,0.6936363344534817,0.564670588519082,0.564670588519082,2,4,1.0,0.9589282570766585,0.2600000000002183,0.02875022004633901,0.31855309218202976,1.6144354333700042,0.7546932762157704,0,0.5093755999395458,0,1,-1,0.8849474912485427,0,1,0.5,1.0,0.5,0.7190209777508716,0.709560980589913,0.6761980887712972,0.7190209777508716,0.6827478159726661,0.7190209777508716,0.6422209411409102,0.25,1.0,0.9589282570766585,0,0,0,,14665.0,1,14665.0,,2.0,1,1,2.0,0.0,0.48981481355410567,2.0,0.5,0.7222222222222222,0.46747524815658187,0.125,0.3161743675947011,1974.795,1953.37,1974.795,1953.37,1974.795,1953.37,1974.795,1953.37,2023-05-31 14:00:00+00:00,2023-06-01 06:00:00+00:00,14663,2023-06-01 06:00:00+00:00,2023-06-01 14:00:00+00:00,accepted_breakout,3.5160605526815676,0.0,0.0,0.7200470509158159,1,1,box_too_narrow_for_visible_structure,,,2859,14659,14664,2023-06-01 10:00:00+00:00,14663.0,2023-06-01 06:00:00+00:00,14663.0,2023-06-01 06:00:00+00:00,14663.0,2023-06-01 06:00:00+00:00
187,8,14708,14711,14712.0,5,3,1949.22,1966.98,1958.1,17.75999999999999,2.268545352798886,0.6969203579779033,0.6969203579779033,0.6208129259731859,0.6208129259731859,2,2,1.0,1.0,0.0,0.0,0.7865990990991011,0.48410962202183,1.7844357307770562,0,0.5102264426588758,1,0,1,0.839339339339336,0,1,0.375,0.5,0.375,0.7631851421070823,0.7187116408493993,0.668013314905178,0.7631851421070823,0.6925066367941602,0.7631851421070823,0.6890832724616466,0.25,1.0,1.0,0,0,0,,14712.0,0,,,1.0,0,0,,0.0,0.46372142835403224,1.0,0.5666666666666667,0.8333333333333334,0.5284848680514963,0.0625,0.2739962170128741,1966.98,1949.22,1966.98,1949.22,1966.98,1949.22,1966.98,1949.22,2023-06-12 18:00:00+00:00,2023-06-13 06:00:00+00:00,14711,2023-06-13 06:00:00+00:00,2023-06-13 10:00:00+00:00,invalidated,1.794101226576075,4.046646009820329,0.0,0.5727184779103514,1,1,box_too_narrow_for_visible_structure,,,2862,14708,14711,2023-06-13 06:00:00+00:00,14711.0,2023-06-13 06:00:00+00:00,14711.0,2023-06-13 06:00:00+00:00,14711.0,2023-06-13 06:00:00+00:00
190,16,15089,15094,15102.0,4,5,1915.28,1929.7,1922.49,14.420000000000073,2.6137648658477204,0.6886096160924282,0.6886096160924282,0.5275294568997384,0.5275294568997384,2,4,0.9375,1.0,0.0,0.0,0.8613037447988912,0.3625193988693075,2.2512454669784128,0,0.3392652753438094,1,1,0,0.9255663430420658,0,1,0.8125,0.375,0.375,0.637272764650036,0.7152436162833246,0.6744509521628581,0.637272764650036,0.6984752446656823,0.637272764650036,0.712987086436046,0.25,0.9375,1.0,1,1,2,2.0,15095.0,1,15095.0,15102.0,1.0,1,-1,8.0,0.2,0.2843138575064416,8.0,0.35,0.5448717948717948,0.4620965001574897,0.4583333333333333,0.4969664327316801,1929.7,1915.28,1929.7,1915.28,1929.7,1915.28,1929.7,1915.28,2023-09-08 06:00:00+00:00,2023-09-11 02:00:00+00:00,15094,2023-09-11 02:00:00+00:00,2023-09-12 10:00:00+00:00,accepted_breakout,0.39789348062212215,2.9593327621270986,0.0,0.6216857081267563,1,1,box_too_narrow_for_visible_structure,,,2941,15089,15101,2023-09-12 06:00:00+00:00,15094.0,2023-09-11 02:00:00+00:00,15094.0,2023-09-11 02:00:00+00:00,15094.0,2023-09-11 02:00:00+00:00
191,8,15369,15372,15373.0,4,3,1931.625,1949.25,1940.4375,17.625,2.6039633307874688,0.5997125434728637,0.5997125434728637,0.4837952592534538,0.4837952592534538,4,2,0.75,1.0,0.0,0.0,0.8666666666666718,0.34719511077164905,2.25676822001582,2,0.7604539007092204,3,0,1,0.38808510638297844,0,1,1.0,0.5,0.5,0.6329848972752073,0.6282843101408592,0.5703886828633726,0.6329848972752073,0.6009051120953097,0.6329848972752073,0.6071795744680848,0.25,0.75,1.0,0,0,0,,15373.0,1,15373.0,,1.0,1,1,1.0,0.8,0.7085768321513085,1.0,0.7166666666666667,0.8333333333333334,0.3806480774126663,0.0625,0.20703701935316657,1949.25,1931.625,1949.25,1931.625,1949.25,1931.625,1949.25,1931.625,2023-11-13 19:00:00+00:00,2023-11-14 07:00:00+00:00,15372,2023-11-14 07:00:00+00:00,2023-11-14 11:00:00+00:00,accepted_breakout,8.379534282228665,0.0,0.0,0.44682469260996394,1,1,box_too_narrow_for_visible_structure,,,2983,15369,15372,2023-11-14 07:00:00+00:00,15372.0,2023-11-14 07:00:00+00:00,15372.0,2023-11-14 07:00:00+00:00,15372.0,2023-11-14 07:00:00+00:00
192,8,15513,15516,15537.0,4,3,2015.645,2044.945,2030.295,29.299999999999955,2.8451262804279414,0.6249036955082521,0.6249036955082521,0.5390086668756899,0.5390086668756899,2,2,1.0,1.0,0.0,0.0,0.29419795221843453,2.0080959549231894,0.8370303255047519,1,0.6422972311849845,0,2,-1,0.45426621160409963,0,1,0.25,0.625,0.25,0.6747322245123614,0.6529675977625269,0.5933574529740038,0.6747322245123614,0.631479441953572,0.6747322245123614,0.6647471082947984,0.25,1.0,1.0,3,2,6,2.0,15523.0,1,15523.0,,7.0,1,1,21.0,0.8,0.6599111230183207,21.0,0.2666666666666667,0.041666666666666664,0.6259372537638574,1.0,0.8448176467742976,2044.945,2015.645,2044.945,2015.645,2044.945,2015.645,2044.945,2015.645,2023-12-17 23:00:00+00:00,2023-12-18 11:00:00+00:00,15516,2023-12-18 11:00:00+00:00,2023-12-21 23:00:00+00:00,accepted_breakout,4.338998969895702,0.0,0.0,0.7035658542442063,1,1,box_too_narrow_for_visible_structure,,,2998,15513,15516,2023-12-18 11:00:00+00:00,15516.0,2023-12-18 11:00:00+00:00,15516.0,2023-12-18 11:00:00+00:00,15516.0,2023-12-18 11:00:00+00:00
193,5,15727,15730,15730.0,7,3,2030.645,2044.64,2037.6425,13.995000000000118,1.8514881180787748,0.643638983493982,0.643638983493982,0.5381028972464804,0.5381028972464804,2,2,1.0,1.0,0.0,0.0,0.1925687745623375,1.4949493200636166,0.35653879801515814,0,0.6427141015630986,0,1,-1,0.6002143622722307,0,1,0.4,1.0,0.4,0.7012423620858638,0.6689927879432479,0.6131252471818974,0.7012423620858638,0.6352993867177595,0.7012423620858638,0.612260863338507,0.25,1.0,1.0,0,0,0,,,0,,,,0,0,,0.0,0.2772209387801349,0.0,0.6666666666666667,0.9166666666666666,0.4329784842459182,0.0,0.19157795439481287,2044.64,2030.645,2044.64,2030.645,2044.64,2030.645,2044.64,2030.645,2024-02-07 15:00:00+00:00,2024-02-08 03:00:00+00:00,15730,2024-02-08 03:00:00+00:00,2024-02-08 03:00:00+00:00,superseded,0.0,5.614402759865677,0.0,0.5738007380073825,1,1,box_too_narrow_for_visible_structure,,,3031,15727,15730,2024-02-08 03:00:00+00:00,15730.0,2024-02-08 03:00:00+00:00,15730.0,2024-02-08 03:00:00+00:00,15730.0,2024-02-08 03:00:00+00:00
194,12,15727,15730,15742.0,7,3,2022.97,2044.64,2033.805,21.670000000000073,2.866862988121961,0.648639768427297,0.648639768427297,0.5940112439338099,0.5940112439338099,2,2,0.9166666666666666,1.0,0.0,0.0,0.47854176280571553,1.4949493200636166,1.3719136680583444,0,0.47579515827566987,0,0,0,0.9040147669589402,0,1,0.75,0.16666666666666663,0.16666666666666663,0.6802782208132736,0.6794761442561306,0.6176750603493206,0.6802782208132736,0.65764814587469,0.6802782208132736,0.7886478055592915,0.25,0.9166666666666666,1.0,3,2,4,1.3333333333333333,15732.0,-1,,15732.0,2.0,-1,0,,0.4,0.3565494840274086,12.0,0.3666666666666667,0.2333333333333333,0.6217571176688537,0.8333333333333333,0.72710594608388,2044.64,2022.97,2044.64,2022.97,2044.64,2022.97,2044.64,2022.97,2024-02-07 15:00:00+00:00,2024-02-08 03:00:00+00:00,15730,2024-02-08 03:00:00+00:00,2024-02-12 03:00:00+00:00,superseded,0.0,3.3782570147673656,0.0,0.691117844044014,1,1,box_too_narrow_for_visible_structure,,,3032,15727,15730,2024-02-08 03:00:00+00:00,15730.0,2024-02-08 03:00:00+00:00,15730.0,2024-02-08 03:00:00+00:00,15730.0,2024-02-08 03:00:00+00:00
195,12,15739,15742,15744.0,4,3,2020.25,2038.515,2029.3825000000002,18.2650000000001,2.743077316821495,0.6106302439253142,0.6106302439253142,0.5199873981669236,0.5199873981669236,2,2,1.0,0.9442180515135459,0.2599999999999909,0.039047363940517915,0.2198193265808967,2.1400959082784605,0.602981408543034,0,0.7266336535898046,0,3,-1,0.3785016881102312,0,1,0.6666666666666667,0.75,0.6666666666666667,0.6734362956066705,0.6358268878152257,0.5794160947887714,0.6734362956066705,0.6101440066547008,0.6734362956066705,0.6202340680655097,0.25,1.0,0.9442180515135459,1,0,2,2.0,15743.0,-1,,15743.0,1.0,-1,-1,2.0,0.8,0.6694596216288081,2.0,0.6166666666666667,0.7833333333333333,0.4372287211240716,0.20833333333333331,0.30222384694768456,2038.515,2020.25,2038.515,2020.25,2038.515,2020.25,2038.515,2020.25,2024-02-09 15:00:00+00:00,2024-02-12 03:00:00+00:00,15742,2024-02-12 03:00:00+00:00,2024-02-12 11:00:00+00:00,accepted_breakout,0.4556925874216412,3.0276215508294073,0.0,0.7213665086887828,1,1,box_too_narrow_for_visible_structure,,,3036,15739,15743,2024-02-12 07:00:00+00:00,15742.0,2024-02-12 03:00:00+00:00,15742.0,2024-02-12 03:00:00+00:00,15742.0,2024-02-12 03:00:00+00:00
196,12,15810,15813,15819.0,7,3,2025.12,2039.51,2032.315,14.3900000000001,2.520979195686281,0.6349169291115864,0.6349169291115864,0.5523502079321561,0.5523502079321561,2,2,1.0,0.7422209300549207,1.0299999999999727,0.18044534896155542,0.41765114662961617,1.4680893439784983,1.0528898517077827,0,0.5034343110443055,0,0,0,0.8649525133194427,0,1,0.75,0.33333333333333337,0.33333333333333337,0.724006305572205,0.6470501377965258,0.6104707335825383,0.724006305572205,0.6239776843530205,0.724006305572205,0.6048466790069741,0.25,1.0,0.7422209300549207,1,1,2,2.0,15815.0,-1,,15815.0,2.0,-1,0,,0.4,0.3377137721595438,6.0,0.3666666666666667,0.4444444444444444,0.5632732315987922,0.4583333333333333,0.5390127523441426,2039.51,2025.12,2039.51,2025.12,2039.51,2025.12,2039.51,2025.12,2024-02-27 11:00:00+00:00,2024-02-27 23:00:00+00:00,15813,2024-02-27 23:00:00+00:00,2024-02-28 23:00:00+00:00,superseded,0.0,0.22411926324763595,0.9252935789174547,0.9622199933132846,1,1,edge_matches_chart_well,,,3045,15810,15816,2024-02-28 11:00:00+00:00,15813.0,2024-02-27 23:00:00+00:00,15813.0,2024-02-27 23:00:00+00:00,15813.0,2024-02-27 23:00:00+00:00
197,16,15814,15819,15822.0,4,5,2024.555,2039.51,2032.0325,14.954999999999927,2.682618117631095,0.6770218535064475,0.6770218535064475,0.5490341330508423,0.5490341330508423,2,3,1.0,1.0,0.0,0.0,0.8060849214309526,0.520200103051184,2.162418014579911,0,0.5368509406521134,1,0,1,0.7052267914855783,0,1,0.4375,0.75,0.4375,0.6686807568100562,0.7008838350002918,0.6583123645230409,0.6686807568100562,0.6840353578657674,0.6686807568100562,0.7017843902821712,0.25,1.0,1.0,0,0,0,,15822.0,1,15822.0,,3.0,1,1,3.0,0.0,0.3112765243238948,3.0,0.35,0.625,0.4821888235324818,0.1875,0.39117220588312046,2039.51,2024.555,2039.51,2024.555,2039.51,2024.555,2039.51,2024.555,2024-02-28 03:00:00+00:00,2024-02-28 23:00:00+00:00,15819,2024-02-28 23:00:00+00:00,2024-02-29 11:00:00+00:00,accepted_breakout,4.184345109065488,0.0,0.0,0.5712375859434641,1,1,box_too_narrow_for_visible_structure,,,3048,15814,15820,2024-02-29 03:00:00+00:00,15819.0,2024-02-28 23:00:00+00:00,15819.0,2024-02-28 23:00:00+00:00,15819.0,2024-02-28 23:00:00+00:00
199,12,15902,15905,15909.0,4,3,2146.805,2163.625,2155.215,16.820000000000164,2.330996965946505,0.6581582261355388,0.6581582261355388,0.5962166188219645,0.5962166188219645,3,2,1.0,0.8713140795087171,0.6499999999996362,0.09008014434389806,0.6361474435196295,0.8481392052076229,1.482857760738882,0,0.6144899740461574,0,0,0,0.6732065001981753,0,1,0.5,0.5833333333333333,0.5,0.7256603517071878,0.6756134906707699,0.6326954638344808,0.7256603517071878,0.6638633799869793,0.7256603517071878,0.7026989909243949,0.25,1.0,0.8713140795087171,1,0,2,2.0,15908.0,1,15908.0,,3.0,1,1,4.0,0.4,0.3543817803673657,4.0,0.3166666666666667,0.5595238095238095,0.5498082757795184,0.3333333333333333,0.478880640373451,2163.625,2146.805,2163.625,2146.805,2163.625,2146.805,2163.625,2146.805,2024-03-19 14:00:00+00:00,2024-03-20 02:00:00+00:00,15905,2024-03-20 02:00:00+00:00,2024-03-20 18:00:00+00:00,accepted_breakout,25.486948660989068,0.1694553900200344,0.0,0.2217973231357573,0,1,box_too_narrow_for_visible_structure,,,3058,15902,15907,2024-03-20 10:00:00+00:00,15905.0,2024-03-20 02:00:00+00:00,15905.0,2024-03-20 02:00:00+00:00,15905.0,2024-03-20 02:00:00+00:00
200,5,16015,16019,16023.0,4,4,2363.56,2398.345,2380.9525,34.784999999999854,1.7334689509642542,0.6843793419528107,0.6843793419528107,0.5363510820944273,0.5363510820944273,2,2,0.8,0.963692512577615,0.5099999999997635,0.025415241195669496,0.4062095730918548,1.029317268425079,0.704151682539175,1,0.4736155065277129,1,0,1,0.9542427291456992,0,1,0.6,0.4,0.4,0.6946261681090348,0.704590586487382,0.665762404358775,0.6946261681090348,0.6721890303719947,0.6946261681090348,0.6202391701676595,0.25,0.8,0.963692512577615,1,0,0,0.0,16022.0,-1,,16022.0,3.0,-1,0,4.0,0.0,0.2789287214511701,4.0,0.25,0.5833333333333334,0.5352824905700488,0.3333333333333333,0.4838206226425122,2398.345,2363.56,2398.345,2363.3050000000003,2398.345,2363.3050000000003,2398.345,2363.56,2024-04-16 10:00:00+00:00,2024-04-17 02:00:00+00:00,16019,2024-04-17 02:00:00+00:00,2024-04-17 18:00:00+00:00,accepted_breakout,0.0,5.093832223004732,0.0,0.7975467155795031,1,1,box_too_narrow_for_visible_structure,,,3073,16015,16019,2024-04-17 02:00:00+00:00,16019.0,2024-04-17 02:00:00+00:00,16019.0,2024-04-17 02:00:00+00:00,16019.0,2024-04-17 02:00:00+00:00
201,8,16031,16034,16037.0,4,3,2369.625,2417.865,2393.745,48.23999999999978,2.3664095969157306,0.657303447832932,0.657303447832932,0.5547758247792863,0.5547758247792863,2,2,1.0,0.8023787294686455,2.8200000000001637,0.13833488937194813,0.49885986733001997,1.185902819349863,1.1805067775658673,0,0.4768926931413031,0,2,-1,0.616846323935882,0,1,0.625,0.875,0.625,0.7263382522870105,0.6720166797650509,0.6338987642972997,0.7263382522870105,0.6436322328604415,0.7263382522870105,0.6063302761775061,0.25,1.0,0.8023787294686455,0,0,0,,16037.0,-1,,16037.0,3.0,-1,-1,3.0,0.4,0.21834164798244945,3.0,0.4166666666666667,0.5833333333333334,0.5929981544392826,0.1875,0.4138745386098206,2417.865,2369.625,2417.865,2369.625,2417.865,2369.625,2417.865,2369.625,2024-04-19 02:00:00+00:00,2024-04-19 14:00:00+00:00,16034,2024-04-19 14:00:00+00:00,2024-04-22 02:00:00+00:00,accepted_breakout,0.0,16.258808301887573,0.0,0.5563051375194598,1,1,box_too_narrow_for_visible_structure,,,3078,16031,16036,2024-04-21 22:00:00+00:00,16034.0,2024-04-19 14:00:00+00:00,16034.0,2024-04-19 14:00:00+00:00,16034.0,2024-04-19 14:00:00+00:00
202,8,16256,16259,16261.0,4,3,2297.78,2319.965,2308.8725000000004,22.184999999999945,1.8998070055128968,0.6321811344999235,0.6321811344999235,0.5159880705726629,0.5159880705726629,3,2,0.875,1.0,0.0,0.0,0.7818345729096166,0.4144722067470237,1.4853347987658732,0,0.7121910945255124,3,0,1,0.40162271805276006,0,1,0.875,0.375,0.375,0.6671228999742743,0.6584921208314174,0.6044892235055725,0.6671228999742743,0.6296768022246726,0.6671228999742743,0.622421322449383,0.25,0.875,1.0,0,0,0,,16261.0,1,16261.0,,2.0,1,1,2.0,1.0,0.6399871915275598,2.0,0.5666666666666667,0.7000000000000001,0.4756039113165827,0.125,0.30931764449581234,2319.965,2297.78,2319.965,2297.78,2319.965,2297.78,2319.965,2297.78,2024-06-11 14:00:00+00:00,2024-06-12 02:00:00+00:00,16259,2024-06-12 02:00:00+00:00,2024-06-12 10:00:00+00:00,accepted_breakout,11.440635778754698,0.5263692559813605,0.0,0.5168918918918952,0,1,box_too_narrow_for_visible_structure,,,3128,16256,16260,2024-06-12 06:00:00+00:00,16259.0,2024-06-12 02:00:00+00:00,16259.0,2024-06-12 02:00:00+00:00,16259.0,2024-06-12 02:00:00+00:00
203,12,16339,16343,16349.0,7,4,2318.595,2339.785,2329.1899999999996,21.190000000000055,2.287827997550388,0.7356920082090017,0.7356920082090017,0.6174267767485531,0.6174267767485531,2,2,1.0,1.0,0.0,0.0,0.5379896177442218,1.0570002876837261,1.2308277098666618,0,0.5081981470152188,1,0,1,0.7338367154317855,0,1,0.6666666666666667,0.75,0.6666666666666667,0.7873539205436647,0.7494098282126023,0.7159031334324313,0.7873539205436647,0.7141850065664053,0.7873539205436647,0.6402991095419589,0.25,1.0,1.0,0,0,0,,,0,,,,0,0,,0.2,0.3821563970646106,6.0,0.4,0.7999999999999999,0.4831100004710792,0.125,0.3245275001177698,2339.785,2318.595,2339.785,2318.595,2339.785,2318.595,2339.785,2318.595,2024-07-01 10:00:00+00:00,2024-07-02 02:00:00+00:00,16343,2024-07-02 02:00:00+00:00,2024-07-03 02:00:00+00:00,superseded,8.302634647507846,0.0,0.0,0.5273111857658291,1,1,box_too_narrow_for_visible_structure,,,3144,16339,16349,2024-07-03 02:00:00+00:00,16343.0,2024-07-02 02:00:00+00:00,16343.0,2024-07-02 02:00:00+00:00,16343.0,2024-07-02 02:00:00+00:00
204,16,16343,16349,16350.0,4,6,2318.595,2338.55,2328.5725,19.955000000000382,2.1034513060207245,0.6877388511648538,0.6877388511648538,0.5278838468228269,0.5278838468228269,2,3,1.0,0.8140271064942652,1.2349999999996726,0.13018102545401433,0.7421698822350347,0.5423330979441935,1.561118208076531,0,0.5826154450118551,1,0,1,0.7899440407583724,0,1,0.75,0.75,0.75,0.688989472597885,0.6988248791846228,0.6782264881989628,0.688989472597885,0.6728775922434503,0.688989472597885,0.6102852264500801,0.25,1.0,0.8140271064942652,0,0,0,,16350.0,1,16350.0,,1.0,1,1,1.0,0.2,0.37805847421294375,1.0,0.65,0.8690476190476191,0.4730996101321906,0.0625,0.23634037872352384,2338.55,2318.595,2338.55,2318.595,2338.55,2318.595,2338.55,2318.595,2024-07-02 02:00:00+00:00,2024-07-03 02:00:00+00:00,16349,2024-07-03 02:00:00+00:00,2024-07-03 06:00:00+00:00,accepted_breakout,12.586457278198129,0.21393411804315815,0.0,0.43399304045237874,1,1,box_too_narrow_for_visible_structure,,,3146,16343,16349,2024-07-03 02:00:00+00:00,16349.0,2024-07-03 02:00:00+00:00,16349.0,2024-07-03 02:00:00+00:00,16349.0,2024-07-03 02:00:00+00:00
205,8,16414,16417,16419.0,4,3,2451.54,2483.74,2467.64,32.19999999999982,2.488125319733608,0.6702541830766557,0.6702541830766557,0.5874858096247829,0.5874858096247829,2,2,0.75,1.0,0.0,0.0,0.4225155279503135,1.43685373665982,1.051271583073788,2,0.5436783158442893,0,0,0,0.8958592132505316,0,1,0.375,0.5,0.375,0.7064150193964238,0.6974672204356965,0.6416094978838988,0.7064150193964238,0.6795120193559252,0.7064150193964238,0.7194066601404355,0.25,0.75,1.0,0,0,0,,16419.0,-1,,16419.0,2.0,-1,-1,2.0,0.2,0.45988576829596756,2.0,0.5666666666666667,0.7000000000000001,0.5279246179999472,0.125,0.32239782116665344,2483.74,2451.54,2483.74,2451.54,2483.74,2451.54,2483.74,2451.54,2024-07-17 22:00:00+00:00,2024-07-18 10:00:00+00:00,16417,2024-07-18 10:00:00+00:00,2024-07-18 18:00:00+00:00,accepted_breakout,0.0,12.445112693646566,0.0,0.509775983535183,1,1,box_too_narrow_for_visible_structure,,,3156,16414,16417,2024-07-18 10:00:00+00:00,16417.0,2024-07-18 10:00:00+00:00,16417.0,2024-07-18 10:00:00+00:00,16417.0,2024-07-18 10:00:00+00:00
206,8,16498,16501,16508.0,4,3,2379.05,2416.36,2397.705,37.309999999999945,1.9502758776331552,0.6553253537070073,0.6553253537070073,0.550844453129398,0.550844453129398,2,3,0.875,0.8457970024385428,2.0650000000000546,0.10794209829302005,0.5652640042883871,0.8478551255751896,1.1024207520579659,2,0.4351972265661723,0,1,-1,0.8742070937192771,0,1,0.25,0.75,0.25,0.6646113987659332,0.6775495681473344,0.6351712463677044,0.6646113987659332,0.668028944515545,0.6646113987659332,0.7147030935476469,0.25,0.875,0.8457970024385428,0,0,0,,16508.0,1,16508.0,,7.0,1,1,7.0,0.4,0.37229846984572124,7.0,0.2666666666666667,0.43333333333333335,0.6519761303140683,0.39583333333333337,0.5615356992451838,2416.36,2379.05,2416.36,2379.05,2416.36,2379.05,2416.36,2379.05,2024-08-06 22:00:00+00:00,2024-08-07 10:00:00+00:00,16501,2024-08-07 10:00:00+00:00,2024-08-08 14:00:00+00:00,accepted_breakout,5.845326874388188,0.0,0.0,0.7659618148224167,0,1,box_too_narrow_for_visible_structure,,,3164,16498,16501,2024-08-07 10:00:00+00:00,16501.0,2024-08-07 10:00:00+00:00,16501.0,2024-08-07 10:00:00+00:00,16501.0,2024-08-07 10:00:00+00:00
207,8,16558,16561,16567.0,4,3,2497.37,2531.765,2514.5675,34.39499999999998,2.6055933027981437,0.6428324310451201,0.6428324310451201,0.5245442208560771,0.5245442208560771,2,2,0.875,1.0,0.0,0.0,0.16761157144934818,2.1688657147582497,0.4367275880398942,1,0.5388320500561287,0,2,-1,0.6199544507438213,0,1,0.375,1.0,0.375,0.6889202091485066,0.6696431495725479,0.6129373829855388,0.6889202091485066,0.6334990604609104,0.6889202091485066,0.6023342371883786,0.25,0.875,1.0,1,1,2,2.0,16562.0,-1,,16562.0,1.0,-1,-1,6.0,0.4,0.49986867253129497,6.0,0.4166666666666667,0.5277777777777778,0.5470012879234339,0.41666666666666663,0.4936947664253029,2531.765,2497.37,2531.765,2497.37,2531.765,2497.37,2531.765,2497.37,2024-08-20 22:00:00+00:00,2024-08-21 10:00:00+00:00,16561,2024-08-21 10:00:00+00:00,2024-08-22 10:00:00+00:00,accepted_breakout,0.5641709312121613,10.17810414676772,0.0,0.5786020691395388,1,1,box_too_narrow_for_visible_structure,,,3174,16558,16561,2024-08-21 10:00:00+00:00,16561.0,2024-08-21 10:00:00+00:00,16561.0,2024-08-21 10:00:00+00:00,16561.0,2024-08-21 10:00:00+00:00
208,5,16759,16762,16766.0,4,3,2637.785,2659.67,2648.7275,21.88500000000022,1.6075226367728894,0.5898165674041516,0.5898165674041516,0.5034146799324841,0.5034146799324841,2,5,1.0,1.0,0.0,0.0,0.43614347726753383,0.9064121241844867,0.7011105125884027,0,0.4691321718664009,0,3,-1,0.7528748762470459,0,1,0.4,1.0,0.4,0.6626440403289918,0.6179262791015013,0.5545520139104033,0.6626440403289918,0.588893330600746,0.6626440403289918,0.5995100669799203,0.25,1.0,1.0,2,1,4,2.0,16763.0,-1,,16763.0,1.0,-1,-1,4.0,0.6,0.2023803055089553,4.0,0.4166666666666667,0.5595238095238095,0.40391918839039076,0.5,0.48074170185950243,2659.67,2637.785,2659.67,2637.785,2659.67,2637.785,2659.67,2637.785,2024-10-07 10:00:00+00:00,2024-10-07 22:00:00+00:00,16762,2024-10-07 22:00:00+00:00,2024-10-08 14:00:00+00:00,accepted_breakout,0.0,20.494268165415686,0.0,0.39914280503374516,1,1,box_too_narrow_for_visible_structure,,,3211,16759,16762,2024-10-07 22:00:00+00:00,16762.0,2024-10-07 22:00:00+00:00,16762.0,2024-10-07 22:00:00+00:00,16762.0,2024-10-07 22:00:00+00:00
209,5,16862,16865,16867.0,4,3,2770.985,2790.15,2780.5675,19.164999999999964,1.7629626605251585,0.6041941639184243,0.6041941639184243,0.49456164692427285,0.49456164692427285,4,2,0.8,0.9842305155034977,0.11999999999989086,0.011038639147551632,0.7404122097573744,0.45764358132598587,1.3053190791991727,2,0.6630487520472318,3,0,1,0.45221323593356044,0,1,1.0,0.4,0.4,0.6474127807984711,0.6312730197167631,0.5745329463470124,0.6474127807984711,0.6036239432232804,0.6474127807984711,0.6065077839888514,0.25,0.8,0.9842305155034977,0,0,0,,16867.0,-1,,16867.0,2.0,-1,-1,2.0,0.4,0.314090856526335,2.0,0.5666666666666667,0.7000000000000001,0.41595435779329964,0.125,0.2944052561149916,2790.15,2770.985,2790.15,2770.985,2790.15,2770.985,2790.15,2770.985,2024-10-30 14:00:00+00:00,2024-10-31 02:00:00+00:00,16865,2024-10-31 02:00:00+00:00,2024-10-31 10:00:00+00:00,accepted_breakout,0.0,22.309037440579793,0.0,0.32763484058466535,1,1,box_too_narrow_for_visible_structure,,,3232,16862,16865,2024-10-31 02:00:00+00:00,16865.0,2024-10-31 02:00:00+00:00,16865.0,2024-10-31 02:00:00+00:00,16865.0,2024-10-31 02:00:00+00:00
210,8,17092,17095,17102.0,4,3,2608.215,2633.35,2620.7825000000003,25.134999999999764,2.242866415592536,0.6925399663881724,0.6925399663881724,0.5665193676130161,0.5665193676130161,2,2,0.875,1.0,0.0,0.0,0.29580266560572965,1.5794205512626958,0.6634458643298405,1,0.6072598855379256,0,0,0,0.7177242888402678,0,1,0.25,0.625,0.25,0.6951911704002278,0.7186773572532161,0.6701603654196067,0.6951911704002278,0.6938389646716083,0.6951911704002278,0.6915193780123959,0.25,0.875,1.0,0,0,0,,17102.0,1,17102.0,,7.0,1,1,7.0,0.4,0.4805647276736634,7.0,0.2666666666666667,0.43333333333333335,0.7417564585398969,0.39583333333333337,0.5839807813016409,2633.35,2608.215,2633.35,2608.215,2633.35,2608.215,2633.35,2608.215,2024-12-23 19:00:00+00:00,2024-12-24 07:00:00+00:00,17095,2024-12-24 07:00:00+00:00,2024-12-26 15:00:00+00:00,accepted_breakout,2.590435150131319,0.0,0.13652161662289364,0.8122475359508806,1,1,box_not_visually_real,,,3268,17092,17095,2024-12-24 07:00:00+00:00,17095.0,2024-12-24 07:00:00+00:00,17095.0,2024-12-24 07:00:00+00:00,17095.0,2024-12-24 07:00:00+00:00
211,12,17107,17110,17113.0,4,3,2611.725,2639.16,2625.4425,27.434999999999945,2.8434598078102247,0.5969681791590622,0.5969681791590622,0.5577165287880305,0.5577165287880305,2,3,1.0,0.7653214717707142,1.5850000000000364,0.16427496976050002,0.44742117732823455,1.5712356729142583,1.2722241348959662,0,0.5228557800746138,0,2,-1,0.7021444626693517,0,1,0.6666666666666667,0.9166666666666666,0.6666666666666667,0.6702462194012883,0.616108592336787,0.5691657456510171,0.6702462194012883,0.6181453809245486,0.6702462194012883,0.7201782286471347,0.25,1.0,0.7653214717707142,1,0,0,0.0,17112.0,-1,,17112.0,2.0,-1,0,3.0,0.4,0.39304517804380384,3.0,0.4666666666666667,0.6666666666666666,0.40959106260059785,0.2708333333333333,0.3705227656501495,2639.16,2611.725,2639.16,2611.725,2639.16,2611.725,2639.16,2611.725,2024-12-27 11:00:00+00:00,2024-12-29 23:00:00+00:00,17110,2024-12-29 23:00:00+00:00,2024-12-30 11:00:00+00:00,accepted_breakout,0.29717318236002865,5.484515714681284,0.0,0.6503496503496499,1,1,box_too_narrow_for_visible_structure,,,3277,17107,17111,2024-12-30 03:00:00+00:00,17110.0,2024-12-29 23:00:00+00:00,17110.0,2024-12-29 23:00:00+00:00,17110.0,2024-12-29 23:00:00+00:00
212,16,17340,17343,17354.0,4,3,2916.805,2954.965,2935.885,38.16000000000031,2.598140357217417,0.6478886568294304,0.6478886568294304,0.5622993481229054,0.5622993481229054,2,2,0.9375,1.0,0.0,0.0,0.5023584905660355,1.2929424890869747,1.305197868130442,0,0.4232122608546621,0,0,0,0.9297693920335399,0,1,0.5,0.8125,0.5,0.7347918135483187,0.6727106816126037,0.6131336509365427,0.7347918135483187,0.6360876934642616,0.7347918135483187,0.6087498022230153,0.25,0.9375,1.0,1,1,2,2.0,17347.0,1,17347.0,17354.0,4.0,1,-1,11.0,0.2,0.36679732995574127,11.0,0.2666666666666667,0.2380952380952381,0.5901012133556249,0.6458333333333333,0.6726145890531919,2954.965,2916.805,2954.965,2916.805,2954.965,2916.805,2954.965,2916.805,2025-02-21 07:00:00+00:00,2025-02-21 19:00:00+00:00,17343,2025-02-21 19:00:00+00:00,2025-02-25 15:00:00+00:00,accepted_breakout,0.5099801464994294,10.96938428319678,0.0,0.5613002868279803,1,1,box_too_narrow_for_visible_structure,,,3304,17340,17345,2025-02-24 03:00:00+00:00,17343.0,2025-02-21 19:00:00+00:00,17343.0,2025-02-21 19:00:00+00:00,17343.0,2025-02-21 19:00:00+00:00
213,12,17394,17397,17409.0,4,3,2891.275,2929.965,2910.62,38.690000000000055,2.3388122367803894,0.6761412276148457,0.6761412276148457,0.6010182423445524,0.6010182423445524,2,2,1.0,1.0,0.0,0.0,0.5117601447402352,1.141901347965424,1.1969108888149653,0,0.5127219220903482,0,0,0,0.8167485138278707,0,1,0.5833333333333333,0.75,0.5833333333333333,0.7722942474802277,0.6971261486963883,0.6431294107278889,0.7722942474802277,0.6621770302334824,0.7722942474802277,0.6303740323188575,0.25,1.0,1.0,1,1,2,2.0,17402.0,1,17402.0,17409.0,5.0,1,-1,12.0,0.0,0.24639360883352024,12.0,0.2666666666666667,0.2333333333333333,0.6816386724140278,0.7083333333333334,0.7183263347701736,2929.965,2891.275,2929.965,2891.275,2929.965,2891.275,2929.965,2891.275,2025-03-06 07:00:00+00:00,2025-03-06 19:00:00+00:00,17397,2025-03-06 19:00:00+00:00,2025-03-10 14:00:00+00:00,accepted_breakout,0.17530265728567454,4.701104187455259,0.0,0.772332568120575,1,1,box_too_narrow_for_visible_structure,,,3314,17394,17398,2025-03-06 23:00:00+00:00,17397.0,2025-03-06 19:00:00+00:00,17397.0,2025-03-06 19:00:00+00:00,17397.0,2025-03-06 19:00:00+00:00
214,8,17410,17413,17414.0,4,3,2880.28,2915.59,2897.9350000000004,35.309999999999945,2.324363716011192,0.6594565758655833,0.6594565758655833,0.5669790643603639,0.5669790643603639,2,3,1.0,0.7381011874786243,2.7849999999998545,0.18332916876496297,0.8933729821580194,0.2478399714183776,2.076523744592815,0,0.3561094512567088,1,1,0,0.9142830170867688,0,1,0.25,0.75,0.25,0.717810419718509,0.6716349765493599,0.6398901042747429,0.717810419718509,0.654567696537927,0.717810419718509,0.6497883210414296,0.25,1.0,0.7381011874786243,0,0,0,,17414.0,1,17414.0,,1.0,1,1,1.0,0.4,0.24225563025101376,1.0,0.7166666666666667,0.8333333333333334,0.46775056743374516,0.0625,0.22881264185843628,2915.59,2880.28,2915.59,2880.28,2915.59,2880.28,2915.59,2880.28,2025-03-10 18:00:00+00:00,2025-03-11 06:00:00+00:00,17413,2025-03-11 06:00:00+00:00,2025-03-11 10:00:00+00:00,accepted_breakout,2.899718298634519,0.0,0.03342723378849366,0.8397146254459019,0,1,box_not_visually_real,,,3325,17410,17413,2025-03-11 06:00:00+00:00,17413.0,2025-03-11 06:00:00+00:00,17413.0,2025-03-11 06:00:00+00:00,17413.0,2025-03-11 06:00:00+00:00
216,12,17561,17564,17567.0,4,3,3193.685,3245.85,3219.7675,52.164999999999964,2.025992045327772,0.6668652487978184,0.6668652487978184,0.5930107749170683,0.5930107749170683,3,2,1.0,0.8094156542919912,3.4349999999999454,0.1334090419956061,0.3708425189303224,1.2746680519056253,0.751323993422147,1,0.48816541831295784,0,0,0,0.985654493753789,0,1,0.33333333333333337,0.5833333333333333,0.33333333333333337,0.6769920147210582,0.68736979461416,0.648021147764373,0.6769920147210582,0.6902466963294118,0.6769920147210582,0.7932490635590124,0.25,1.0,0.8094156542919912,0,0,0,,17567.0,1,17567.0,,3.0,1,1,3.0,0.0,0.4601237976192518,3.0,0.4166666666666667,0.5833333333333334,0.5415369317938024,0.1875,0.40100923294845053,3245.85,3193.685,3245.85,3193.685,3245.85,3193.685,3245.85,3193.685,2025-04-14 22:00:00+00:00,2025-04-15 10:00:00+00:00,17564,2025-04-15 10:00:00+00:00,2025-04-15 22:00:00+00:00,accepted_breakout,35.57269643096769,0.8390951010497382,0.0,0.425715101807647,0,1,box_too_narrow_for_visible_structure,,,3342,17561,17566,2025-04-15 18:00:00+00:00,17564.0,2025-04-15 10:00:00+00:00,17564.0,2025-04-15 10:00:00+00:00,17564.0,2025-04-15 10:00:00+00:00
217,16,17608,17612,17627.0,4,4,3265.19,3370.415,3317.8025,105.22499999999991,2.8501218208357146,0.6923875945638184,0.6923875945638184,0.5363977693911306,0.5363977693911306,3,3,1.0,0.8113655245348522,4.875,0.13204413282560343,0.26614397719173327,2.091579063957553,0.7585427568781618,0,0.6329787130395913,0,3,-1,0.42698978379662655,0,1,0.4375,0.875,0.4375,0.6768098151161521,0.7058076755278311,0.6836071712656744,0.6768098151161521,0.6866120727474747,0.6768098151161521,0.6542306701503623,0.5,1.0,0.8113655245348522,0,0,0,,17627.0,-1,,17627.0,15.0,-1,-1,15.0,0.8,0.4240213627689481,15.0,0.1,0.40350877192982454,0.708309906249542,0.5,0.6513757221764207,3370.415,3265.19,3370.415,3265.19,3370.415,3265.19,3370.415,3265.19,2025-04-25 18:00:00+00:00,2025-04-28 10:00:00+00:00,17612,2025-04-28 10:00:00+00:00,2025-04-30 22:00:00+00:00,accepted_breakout,6.024303899741898,17.301014868740324,0.0,0.7660248243730213,0,1,box_too_narrow_for_visible_structure,,,3351,17608,17613,2025-04-28 14:00:00+00:00,17612.0,2025-04-28 10:00:00+00:00,17612.0,2025-04-28 10:00:00+00:00,17612.0,2025-04-28 10:00:00+00:00
219,12,17721,17724,17727.0,4,3,3279.235,3345.455,3312.3450000000003,66.2199999999998,2.6063563687241618,0.6595305779909957,0.6595305779909957,0.5934717194862775,0.5934717194862775,2,2,1.0,1.0,0.0,0.0,0.6741165810933254,0.8493683243290153,1.7569880443951467,1,0.37787990773458535,0,1,-1,0.8675123326286105,0,1,0.5,0.75,0.5,0.7534140363113802,0.6833778957037628,0.6244774777810098,0.7534140363113802,0.6523787934715977,0.7534140363113802,0.6461832203884424,0.25,1.0,1.0,1,0,2,2.0,17726.0,1,17726.0,,2.0,1,1,3.0,0.6,0.30835081910777506,3.0,0.4666666666666667,0.6666666666666666,0.5051878778094562,0.2708333333333333,0.3944219694523641,3345.455,3279.235,3345.455,3279.235,3345.455,3279.235,3345.455,3279.235,2025-05-22 14:00:00+00:00,2025-05-23 02:00:00+00:00,17724,2025-05-23 02:00:00+00:00,2025-05-23 14:00:00+00:00,accepted_breakout,7.894162228502907,0.0,0.0,0.7629471743764012,1,1,box_too_narrow_for_visible_structure,,,3376,17721,17725,2025-05-23 06:00:00+00:00,17724.0,2025-05-23 02:00:00+00:00,17724.0,2025-05-23 02:00:00+00:00,17724.0,2025-05-23 02:00:00+00:00
220,5,17864,17868,17870.0,5,4,3312.075,3343.37,3327.7225,31.295000000000073,1.6971578991991707,0.6229349232198651,0.6229349232198651,0.439102530132418,0.439102530132418,2,2,0.8,0.5142455422829414,6.269999999999982,0.340028120401941,0.7055440166160835,0.49973829816647375,1.197419601032697,0,0.6166042132752764,2,0,1,0.7137455397560757,0,1,1.0,0.4,0.4,0.5835784335441406,0.6295054215000594,0.6237127430126179,0.5835784335441406,0.618764280543088,0.5835784335441406,0.5873850736900852,0.25,0.8,0.5142455422829414,1,0,0,0.0,17869.0,1,17869.0,,1.0,1,0,,0.2,0.2637758426077018,2.0,0.45,0.8055555555555555,0.4449662626665072,0.20833333333333331,0.3330471212221824,3343.37,3312.075,3343.37,3312.075,3343.37,3312.075,3343.37,3312.075,2025-06-25 10:00:00+00:00,2025-06-26 02:00:00+00:00,17868,2025-06-26 02:00:00+00:00,2025-06-26 10:00:00+00:00,invalidated,4.142219179086053,1.2255783630865498,0.0,0.7745328548446954,0,1,box_too_narrow_for_visible_structure,,,3414,17864,17868,2025-06-26 02:00:00+00:00,17868.0,2025-06-26 02:00:00+00:00,17868.0,2025-06-26 02:00:00+00:00,17868.0,2025-06-26 02:00:00+00:00
221,8,17942,17945,17948.0,4,3,3341.165,3375.035,3358.1,33.86999999999989,2.259292140021556,0.7483618872617166,0.7483618872617166,0.5994405636321795,0.5994405636321795,3,3,0.875,1.0,0.0,0.0,0.620755831118989,0.8568233699018756,1.4024687701196803,2,0.320522071763002,0,2,-1,0.5687432339336694,0,1,0.5,0.875,0.5,0.790867751777178,0.7662580490632384,0.7265281730259644,0.790867751777178,0.7164321464698271,0.790867751777178,0.5965882881707298,0.5,0.875,1.0,1,0,2,2.0,17947.0,-1,,17947.0,2.0,-1,-1,3.0,0.4,0.30741291077251554,3.0,0.3666666666666667,0.6666666666666666,0.6552643320471367,0.2708333333333333,0.45194108301178415,3375.035,3341.165,3375.035,3341.165,3375.035,3341.165,3375.035,3341.165,2025-07-14 14:00:00+00:00,2025-07-15 02:00:00+00:00,17945,2025-07-15 02:00:00+00:00,2025-07-15 14:00:00+00:00,accepted_breakout,0.0,9.244045792059675,0.0,0.6185736462423542,1,1,box_too_narrow_for_visible_structure,,,3429,17942,17946,2025-07-15 06:00:00+00:00,17945.0,2025-07-15 02:00:00+00:00,17945.0,2025-07-15 02:00:00+00:00,17945.0,2025-07-15 02:00:00+00:00
223,16,18204,18207,18212.0,4,3,3612.885,3657.635,3635.26,44.75,2.6427388785015156,0.6046546686028988,0.6046546686028988,0.5265322584807982,0.5265322584807982,5,2,0.9375,1.0,0.0,0.0,0.6803351955307197,0.8447906068595519,1.7979482716419635,2,0.6481396127877771,2,0,1,0.4454376163873519,0,1,0.9375,0.5,0.5,0.6699220892451587,0.6310191144335107,0.5720657468024233,0.6699220892451587,0.6098874237241119,0.6699220892451587,0.6432673961486913,0.25,0.9375,1.0,1,0,2,2.0,18211.0,1,18211.0,,4.0,1,1,5.0,0.8,0.6219038656721031,5.0,0.2666666666666667,0.4583333333333333,0.47438171750428726,0.3958333333333333,0.5121370960427385,3657.635,3612.885,3657.635,3612.885,3657.635,3612.885,3657.635,3612.885,2025-09-12 06:00:00+00:00,2025-09-12 18:00:00+00:00,18207,2025-09-12 18:00:00+00:00,2025-09-15 14:00:00+00:00,accepted_breakout,12.029186938826705,5.1972595975080536,0.0,0.7125228883050679,1,0,box_too_narrow_for_visible_structure,,,3472,18204,18210,2025-09-15 06:00:00+00:00,18207.0,2025-09-12 18:00:00+00:00,18207.0,2025-09-12 18:00:00+00:00,18207.0,2025-09-12 18:00:00+00:00
224,5,18260,18263,18266.0,4,3,3722.24,3760.965,3741.6025,38.725000000000364,1.8419409547528056,0.6535452434536115,0.6535452434536115,0.569524881147783,0.569524881147783,2,2,1.0,0.9497173731802394,0.7399999999997817,0.035197838773832445,0.5096191091026454,0.9032526463720049,0.9386883083808009,0,0.40736538272121703,1,0,1,0.9018291370776876,0,1,0.6,0.4,0.4,0.7426795127442976,0.6750063352492564,0.6212564432587603,0.7426795127442976,0.6407889370080153,0.7426795127442976,0.6114191280240435,0.25,1.0,0.9497173731802394,1,0,2,2.0,18265.0,1,18265.0,,2.0,1,1,3.0,0.0,0.30637965392196354,3.0,0.4666666666666667,0.6666666666666666,0.5144758246319497,0.2708333333333333,0.3967439561579874,3760.965,3722.24,3760.965,3722.24,3760.965,3722.24,3760.965,3722.24,2025-09-25 14:00:00+00:00,2025-09-26 02:00:00+00:00,18263,2025-09-26 02:00:00+00:00,2025-09-26 14:00:00+00:00,accepted_breakout,15.071058563723202,0.0,0.0,0.582462209520949,1,1,box_too_narrow_for_visible_structure,,,3484,18260,18263,2025-09-26 02:00:00+00:00,18263.0,2025-09-26 02:00:00+00:00,18263.0,2025-09-26 02:00:00+00:00,18263.0,2025-09-26 02:00:00+00:00
225,12,18380,18383,18388.0,7,3,4011.265,4161.505,4086.385,150.24000000000024,2.855521114122019,0.6001819202590464,0.6001819202590464,0.5413713100290896,0.5413713100290896,3,2,1.0,0.8142803474384442,6.839999999999691,0.13000375679308904,0.6209065495207678,1.0825093520688174,1.7730117620532015,1,0.600049304617525,1,0,1,0.5992634007809725,0,1,0.75,0.25,0.25,0.6602616227972788,0.6205928823923702,0.5734239596609372,0.6602616227972788,0.6175849168521942,0.6602616227972788,0.6998909001543562,0.25,1.0,0.8142803474384442,0,0,0,,,0,,,,0,0,,0.6,0.5601249540050802,5.0,0.4666666666666667,0.7916666666666666,0.32393824728422715,0.10416666666666667,0.2657762284877235,4161.505,4011.265,4161.505,4011.265,4161.505,4011.265,4161.505,4011.265,2025-10-23 14:00:00+00:00,2025-10-24 02:00:00+00:00,18383,2025-10-24 02:00:00+00:00,2025-10-26 22:00:00+00:00,superseded,2.3148139116569046,4.538576141463699,0.0,1.1497665875870484,1,0,box_not_visually_real,,,3498,18380,18384,2025-10-24 06:00:00+00:00,18383.0,2025-10-24 02:00:00+00:00,18383.0,2025-10-24 02:00:00+00:00,18383.0,2025-10-24 02:00:00+00:00
226,16,18384,18388,18393.0,4,4,4011.265,4154.895,4083.08,143.63000000000056,2.7948453288930275,0.6766459829939043,0.6766459829939043,0.5867681317367456,0.5867681317367456,2,2,0.9375,0.8162547853713219,6.609999999999673,0.1286216502400747,0.4926199261992608,1.4180488292353957,1.376796499657632,0,0.4897397003005586,0,0,0,0.7520945020770988,0,1,0.5,0.125,0.125,0.704375030501783,0.6904515327494971,0.6606126735979458,0.704375030501783,0.6847702463143017,0.704375030501783,0.7217228188766228,0.25,0.9375,0.8162547853713219,1,0,2,2.0,18392.0,-1,,18392.0,4.0,-1,-1,5.0,0.0,0.36783763994694574,5.0,0.2,0.48148148148148145,0.5522733341872383,0.3958333333333333,0.54031370391718,4154.895,4011.265,4154.895,4011.265,4154.895,4011.265,4154.895,4011.265,2025-10-24 06:00:00+00:00,2025-10-26 22:00:00+00:00,18388,2025-10-26 22:00:00+00:00,2025-10-27 18:00:00+00:00,accepted_breakout,3.685355999317418,18.668296045085622,0.0,0.7742648446133553,1,0,box_too_narrow_for_visible_structure,,,3501,18384,18388,2025-10-26 22:00:00+00:00,18388.0,2025-10-26 22:00:00+00:00,18388.0,2025-10-26 22:00:00+00:00,18388.0,2025-10-26 22:00:00+00:00
228,16,18429,18433,18444.0,7,4,3928.735,4030.755,3979.745,102.01999999999998,2.962773207707048,0.6977031225421557,0.6977031225421557,0.5708705298603057,0.5708705298603057,3,4,0.9375,1.0,0.0,0.0,0.35218584591256463,1.9193264193036585,1.0434467884033891,0,0.5740779731102015,0,1,-1,0.6106645755734129,0,1,0.375,0.875,0.375,0.6926560052872952,0.719433543628106,0.6802571075907352,0.6926560052872952,0.701268296121696,0.6926560052872952,0.7069601781707979,0.5,0.9375,1.0,0,0,0,,,0,,,,0,0,,0.6,0.5259643723543882,11.0,0.3,0.7555555555555555,0.4009318922907692,0.22916666666666666,0.3693301952949145,4030.755,3928.735,4030.755,3928.735,4030.755,3928.735,4030.755,3928.735,2025-11-04 15:00:00+00:00,2025-11-05 07:00:00+00:00,18433,2025-11-05 07:00:00+00:00,2025-11-07 03:00:00+00:00,superseded,3.7734916634583473,0.0,0.0,1.1230735358872779,1,1,box_not_visually_real,,,3513,18429,18433,2025-11-05 07:00:00+00:00,18433.0,2025-11-05 07:00:00+00:00,18433.0,2025-11-05 07:00:00+00:00,18433.0,2025-11-05 07:00:00+00:00
229,8,18440,18444,18449.0,4,4,3964.53,4019.575,3992.0525,55.04499999999962,1.955768772891974,0.7392974707480018,0.7392974707480018,0.6086615813953827,0.6086615813953827,2,2,1.0,0.989087103118953,0.21500000000014552,0.007639027816732889,0.7687346716322989,0.45230150747415815,1.5034672654178158,0,0.3552142133339562,1,1,0,0.9589124050019715,0,1,0.5,0.625,0.5,0.7288540757751735,0.7592511369078814,0.7242073343693556,0.7288540757751735,0.7384146833545804,0.7288540757751735,0.7251564742184277,0.25,1.0,0.989087103118953,1,1,2,2.0,18447.0,1,18447.0,,3.0,1,1,5.0,0.0,0.3552142133339562,5.0,0.25,0.39814814814814814,0.5780324563253796,0.4791666666666667,0.5825868177850486,4019.575,3964.53,4019.575,3964.53,4019.575,3964.53,4019.575,3964.53,2025-11-06 11:00:00+00:00,2025-11-07 03:00:00+00:00,18444,2025-11-07 03:00:00+00:00,2025-11-09 23:00:00+00:00,accepted_breakout,34.18093228942908,0.55988213697708,0.0,0.45567052980132067,1,1,box_too_narrow_for_visible_structure,,,3518,18440,18444,2025-11-07 03:00:00+00:00,18444.0,2025-11-07 03:00:00+00:00,18444.0,2025-11-07 03:00:00+00:00,18444.0,2025-11-07 03:00:00+00:00
231,12,18507,18510,18513.0,4,3,4022.265,4107.395,4064.83,85.13000000000056,2.168098277065486,0.6877091293829862,0.6877091293829862,0.6030713056611445,0.6030713056611445,2,2,1.0,0.8917606287145945,2.9749999999994543,0.07576755989978382,0.3667332315282515,1.3729845896464261,0.7951136874190601,1,0.4743735677839001,0,1,-1,0.7461529425584367,0,1,0.75,0.5833333333333333,0.5833333333333333,0.7589096243052641,0.7046367265578096,0.6620978685685702,0.7589096243052641,0.6782454951240011,0.7589096243052641,0.6577582853672461,0.25,1.0,0.8917606287145945,0,0,0,,18513.0,1,18513.0,,3.0,1,1,3.0,0.0,0.34125587928628637,3.0,0.4166666666666667,0.5833333333333334,0.6188650532818243,0.1875,0.420341263320456,4107.395,4022.265,4107.395,4022.265,4107.395,4022.265,4107.395,4022.265,2025-11-21 15:00:00+00:00,2025-11-24 03:00:00+00:00,18510,2025-11-24 03:00:00+00:00,2025-11-24 15:00:00+00:00,accepted_breakout,22.296037274392962,0.0,0.0,0.6378212332359383,1,1,box_too_narrow_for_visible_structure,,,3539,18507,18512,2025-11-24 11:00:00+00:00,18510.0,2025-11-24 03:00:00+00:00,18510.0,2025-11-24 03:00:00+00:00,18510.0,2025-11-24 03:00:00+00:00
233,12,18525,18528,18531.0,7,3,4109.72,4173.475,4141.5975,63.75500000000011,2.1584804181454857,0.6586534172592302,0.6586534172592302,0.5361943597989034,0.5361943597989034,6,2,1.0,1.0,0.0,0.0,0.7489608658144447,0.5418630553277183,1.6166173628177676,2,0.5339231644775517,3,0,1,0.5585967113690522,0,1,0.9166666666666666,0.16666666666666663,0.16666666666666663,0.6733563632191456,0.6836279498475987,0.6353223385314143,0.6733563632191456,0.6596804558189195,0.6733563632191456,0.6605017023365718,0.25,1.0,1.0,0,0,0,,,0,,,,0,0,,1.0,0.48569974115125636,3.0,0.5166666666666667,0.8333333333333334,0.367015465027978,0.0625,0.24362886625699448,4173.475,4109.72,4173.475,4109.72,4173.475,4109.72,4173.475,4109.72,2025-11-26 15:00:00+00:00,2025-11-27 03:00:00+00:00,18528,2025-11-27 03:00:00+00:00,2025-11-27 15:00:00+00:00,superseded,9.170803604976625,12.49026851175394,0.0,1.1266124757024198,1,0,box_not_visually_real,,,3545,18525,18528,2025-11-27 03:00:00+00:00,18528.0,2025-11-27 03:00:00+00:00,18528.0,2025-11-27 03:00:00+00:00,18528.0,2025-11-27 03:00:00+00:00
234,8,18527,18531,18533.0,4,4,4136.68,4173.475,4155.0775,36.79500000000007,1.391962677065305,0.6176203378894612,0.6176203378894612,0.5081457356698078,0.5081457356698078,4,2,1.0,1.0,0.0,0.0,0.6146215518412756,0.5364324163822909,0.8555302606830142,2,0.5155671748221443,0,0,0,0.9288399691987341,0,1,0.5,0.25,0.25,0.6645196922004668,0.6409591930607075,0.5905118028558536,0.6645196922004668,0.6141488084061184,0.6645196922004668,0.6078020501974696,0.25,1.0,1.0,0,0,0,,18533.0,1,18533.0,,2.0,1,1,2.0,0.2,0.38611162306864855,2.0,0.5,0.7222222222222222,0.34460820712794327,0.125,0.2854576073375414,4173.475,4136.68,4173.475,4136.68,4173.475,4136.68,4173.475,4136.68,2025-11-26 23:00:00+00:00,2025-11-27 15:00:00+00:00,18531,2025-11-27 15:00:00+00:00,2025-11-27 23:00:00+00:00,accepted_breakout,14.220927274956937,0.0,0.0,0.6502032161159211,1,1,box_too_narrow_for_visible_structure,,,3546,18527,18531,2025-11-27 15:00:00+00:00,18531.0,2025-11-27 15:00:00+00:00,18531.0,2025-11-27 15:00:00+00:00,18531.0,2025-11-27 15:00:00+00:00
235,12,18609,18612,18618.0,7,3,4271.62,4350.305,4310.9625,78.6850000000004,2.5573297736685467,0.6583979406473175,0.6583979406473175,0.6000733524493647,0.6000733524493647,2,3,0.9166666666666666,1.0,0.0,0.0,0.7266315053695099,0.6990933905015024,1.858236383167044,1,0.4811734712750647,1,0,1,0.8942407489779962,0,1,0.16666666666666663,0.6666666666666667,0.16666666666666663,0.7204501579797424,0.6835279960657241,0.6273603393226679,0.7204501579797424,0.6686601533034602,0.7204501579797424,0.7215240957405167,0.25,0.9166666666666666,1.0,0,0,0,,,0,,,,0,0,,0.0,0.4811734712750647,6.0,0.4666666666666667,0.7777777777777777,0.38128273583297184,0.125,0.2901817950693541,4350.305,4271.62,4350.305,4271.62,4350.305,4271.62,4350.305,4271.62,2025-12-16 15:00:00+00:00,2025-12-17 03:00:00+00:00,18612,2025-12-17 03:00:00+00:00,2025-12-18 03:00:00+00:00,superseded,0.5318047027034889,0.9345685584271828,0.5112089129564428,1.0500433709214778,1,1,edge_partially_matches_chart,,,3560,18609,18617,2025-12-17 23:00:00+00:00,18612.0,2025-12-17 03:00:00+00:00,18612.0,2025-12-17 03:00:00+00:00,18612.0,2025-12-17 03:00:00+00:00
236,16,18613,18618,18629.0,4,5,4271.62,4348.945,4310.282499999999,77.32499999999982,2.8685316442112585,0.6837345356614362,0.6837345356614362,0.5575674493479541,0.5575674493479541,3,3,1.0,0.9279256748209507,1.360000000000582,0.0504520276253345,0.8072421597154894,0.5529319645259383,2.31559967968532,0,0.7705537045068414,3,0,1,0.35508136652656197,0,1,0.875,0.375,0.375,0.7342342508669931,0.6969173203208404,0.6645810421146474,0.7342342508669931,0.6643947865922579,0.7342342508669931,0.5989772080903141,0.5,1.0,0.9279256748209507,2,2,4,2.0,18621.0,1,18621.0,,3.0,1,1,11.0,1.0,0.7802116239448076,11.0,0.15,0.1875,0.704769555600399,0.8541666666666666,0.807650722233433,4348.945,4271.62,4348.945,4271.62,4348.945,4271.62,4348.945,4271.62,2025-12-17 07:00:00+00:00,2025-12-18 03:00:00+00:00,18618,2025-12-18 03:00:00+00:00,2025-12-21 23:00:00+00:00,accepted_breakout,24.95876248898285,10.76160343648153,0.0,0.6550190597204549,1,0,box_too_narrow_for_visible_structure,,,3562,18613,18620,2025-12-18 11:00:00+00:00,18618.0,2025-12-18 03:00:00+00:00,18618.0,2025-12-18 03:00:00+00:00,18618.0,2025-12-18 03:00:00+00:00
237,12,18718,18724,18736.0,4,6,4569.65,4643.09,4606.37,73.44000000000051,2.2050939790018447,0.7012532763515822,0.7012532763515822,0.5129928932994211,0.5129928932994211,5,2,0.9166666666666666,0.9534600263146384,1.0850000000000364,0.032577981579753064,0.45302287581699624,1.2061359631876858,0.9989580158141589,2,0.39573269861583865,2,0,1,0.5869644153957827,0,1,0.9166666666666666,0.41666666666666663,0.41666666666666663,0.6763334858779378,0.7194852782772702,0.6899255612097873,0.6763334858779378,0.6832613512025959,0.6763334858779378,0.5974850770388643,0.25,0.9166666666666666,0.9534600263146384,1,1,2,2.0,18734.0,-1,18736.0,18734.0,10.0,-1,1,12.0,0.8,0.40776280994726644,12.0,0.2,0.27777777777777773,0.6418775315106343,0.75,0.727413827322103,4643.09,4569.65,4643.09,4569.65,4643.09,4569.65,4643.09,4569.65,2026-01-13 23:00:00+00:00,2026-01-14 23:00:00+00:00,18724,2026-01-14 23:00:00+00:00,2026-01-18 23:00:00+00:00,accepted_breakout,21.69748793276272,14.976685943765851,0.0,0.47592508586611576,1,1,box_too_narrow_for_visible_structure,,,3587,18718,18724,2026-01-14 23:00:00+00:00,18724.0,2026-01-14 23:00:00+00:00,18724.0,2026-01-14 23:00:00+00:00,18724.0,2026-01-14 23:00:00+00:00
238,12,18815,18818,18838.0,7,3,4789.88,5091.84,4940.860000000001,301.96000000000004,2.3795269437231723,0.6342515954879926,0.6342515954879926,0.5237528007537393,0.5237528007537393,2,4,0.8333333333333334,1.0,0.0,0.0,0.22615578222281082,1.8413831664452038,0.5381437772779684,2,0.6944249824184829,0,2,-1,0.46845056740406976,0,1,0.33333333333333337,1.0,0.33333333333333337,0.6873076092307593,0.6579754063460058,0.6058346321684188,0.6873076092307593,0.6262025169091108,0.6873076092307593,0.6033925075167048,0.25,0.8333333333333334,1.0,1,1,2,2.0,18819.0,-1,,18819.0,1.0,-1,0,,0.8,0.4969916848374943,20.0,0.4166666666666667,0.46014492753623193,0.5071422544122105,0.5416666666666667,0.5410065780958062,5091.84,4789.88,5091.84,4789.88,5091.84,4789.88,5091.84,4789.88,2026-02-05 03:00:00+00:00,2026-02-05 15:00:00+00:00,18818,2026-02-05 15:00:00+00:00,2026-02-10 23:00:00+00:00,superseded,4.053326660343797,56.60578895956799,0.0,0.6765852565538887,1,1,box_too_narrow_for_visible_structure,,,3602,18815,18818,2026-02-05 15:00:00+00:00,18818.0,2026-02-05 15:00:00+00:00,18818.0,2026-02-05 15:00:00+00:00,18818.0,2026-02-05 15:00:00+00:00
239,8,18834,18838,18848.0,4,4,4987.695,5086.65,5037.1725,98.95499999999993,1.365727304971033,0.6490816592350037,0.6490816592350037,0.5834520575737837,0.5834520575737837,3,2,1.0,1.0,0.0,0.0,0.6879389621545225,0.42619028020316746,0.9395370247678655,0,0.39185164571612896,0,1,-1,0.8850487595371755,0,1,0.625,0.75,0.625,0.7302481415365187,0.669067451119301,0.6193069568839518,0.7302481415365187,0.6483423650248125,0.7302481415365187,0.6649630091175567,0.25,1.0,1.0,3,3,6,2.0,18840.0,1,18840.0,18848.0,2.0,1,-1,10.0,0.0,0.39185164571612896,10.0,0.3,0.2619047619047619,0.5395629432636602,0.7916666666666667,0.699593116768296,5086.65,4987.695,5086.65,4987.695,5086.65,4987.695,5086.65,4987.695,2026-02-10 07:00:00+00:00,2026-02-10 23:00:00+00:00,18838,2026-02-10 23:00:00+00:00,2026-02-12 15:00:00+00:00,accepted_breakout,23.932303235815912,79.95373571469726,0.0,0.4108829696680296,1,1,box_too_narrow_for_visible_structure,,,3607,18834,18839,2026-02-11 03:00:00+00:00,18838.0,2026-02-10 23:00:00+00:00,18838.0,2026-02-10 23:00:00+00:00,18838.0,2026-02-10 23:00:00+00:00
240,12,18939,18943,18956.0,4,4,5050.89,5195.125,5123.0075,144.23499999999967,2.23508644233715,0.7125560028966155,0.7125560028966155,0.5612581977645447,0.5612581977645447,2,3,0.9166666666666666,0.7533899245018136,11.140000000000327,0.17262705284873045,0.5498665372482384,1.0060871998387366,1.228999242498413,1,0.41819876963945835,0,2,-1,0.8525438809350451,0,1,0.33333333333333337,1.0,0.33333333333333337,0.7027691789283126,0.720871718912111,0.7071366932785277,0.7027691789283126,0.704082710657296,0.7027691789283126,0.6643967289052026,0.25,0.9166666666666666,0.7533899245018136,2,1,4,2.0,18946.0,-1,18955.0,18946.0,3.0,-1,1,13.0,0.6,0.3940288287821172,13.0,0.25,0.3284313725490196,0.5682526072428559,0.75,0.68887687730091,5195.125,5050.89,5195.125,5050.89,5195.125,5050.89,5195.125,5050.89,2026-03-05 19:00:00+00:00,2026-03-06 11:00:00+00:00,18943,2026-03-06 11:00:00+00:00,2026-03-10 10:00:00+00:00,accepted_breakout,19.442201060716286,16.015040546964492,0.0,0.6453900709219853,1,1,box_too_narrow_for_visible_structure,,,3630,18939,18945,2026-03-06 19:00:00+00:00,18943.0,2026-03-06 11:00:00+00:00,18943.0,2026-03-06 11:00:00+00:00,18943.0,2026-03-06 11:00:00+00:00
241,12,18987,18990,18992.0,4,3,4970.265,5044.715,5007.49,74.44999999999982,1.8141681002515497,0.6215873849062368,0.6215873849062368,0.5522806729493999,0.5522806729493999,2,4,0.9166666666666666,0.9161058213257675,2.410000000000764,0.058725925071962816,0.3691067830758849,1.1445463488088108,0.6696217514427389,2,0.5629313149801031,0,0,0,0.8193418401611758,0,1,0.5,0.75,0.5,0.6683194109758857,0.6464848939366883,0.5931963531495137,0.6683194109758857,0.637996610887905,0.6683194109758857,0.7106205602671207,0.25,0.9166666666666666,0.9161058213257675,0,0,0,,18992.0,-1,,18992.0,2.0,-1,-1,2.0,0.2,0.4698014767800238,2.0,0.5666666666666667,0.7000000000000001,0.4258015577406826,0.125,0.29686705610183733,5044.715,4970.265,5044.715,4970.265,5044.715,4970.265,5044.715,4970.265,2026-03-17 14:00:00+00:00,2026-03-18 02:00:00+00:00,18990,2026-03-18 02:00:00+00:00,2026-03-18 10:00:00+00:00,accepted_breakout,7.2429892236438045,90.01370930144635,0.0,0.33146342549307656,1,1,box_too_narrow_for_visible_structure,,,3646,18987,18991,2026-03-18 06:00:00+00:00,18990.0,2026-03-18 02:00:00+00:00,18990.0,2026-03-18 02:00:00+00:00,18990.0,2026-03-18 02:00:00+00:00
243,12,19087,19090,,1,3,4698.725,4801.345,4750.035,102.61999999999989,2.1400381965333968,0.746821604550234,0.746821604550234,0.6170237453770595,0.6170237453770595,3,3,0.9166666666666666,1.0,0.0,0.0,0.49400701617618165,1.0828443125608764,1.0571938839725206,0,0.45931747065321243,2,0,1,0.774118105632436,0,1,0.9166666666666666,0.25,0.25,0.7816476338225437,0.7653480559585397,0.7256872206836877,0.7816476338225437,0.7262103166359573,0.7816476338225437,0.6489810298953315,0.5,0.9166666666666666,1.0,0,0,0,,,0,,,,0,0,,0.4,0.4509416814824764,,0.5666666666666667,0.9166666666666666,0.5718022172820634,0.0,0.24628388765384918,4801.345,4698.725,4801.345,4698.725,4801.345,4698.725,4801.345,4698.725,2026-04-10 06:00:00+00:00,2026-04-10 18:00:00+00:00,19090,2026-04-10 18:00:00+00:00,,active_intact,2.974245978558337,15.072160885842319,0.0,1.6034374999999983,1,0,box_too_wide_for_visible_structure,,,3673,19087,19090,2026-04-10 18:00:00+00:00,19090.0,2026-04-10 18:00:00+00:00,19090.0,2026-04-10 18:00:00+00:00,19090.0,2026-04-10 18:00:00+00:00
