report_group,range_id,candidate_lookback_bars,birth_idx,confirm_idx,end_idx,state,confirm_latency_bars,low,high,mid,width_abs,width_atr,strength_raw,strength,strength_raw_legacy,strength_legacy,upper_touches,lower_touches,close_inside_frac,boundary_stability_score,candidate_boundary_drift_abs,candidate_boundary_drift_atr,confirm_close_position_in_range,confirm_dist_to_upper_atr,confirm_dist_to_lower_atr,confirm_regime,range_recent_pressure_imbalance,range_recent_upper_pressure_count,range_recent_lower_pressure_count,range_recent_pressure_dominant_side,range_recent_equilibrium_score,range_recent_expansion_veto_flag,range_viability_gate_pass,range_recent_upper_touch_freshness,range_recent_lower_touch_freshness,range_recent_two_sided_freshness_score,range_strength_structure,range_strength_monitorability,range_strength_semantic,range_strength_formation,range_strength_viability,range_strength_formation_legacy,range_strength_viability_legacy,range_touch_quality_score,range_containment_quality_score,range_stability_quality_score,break_pending_count,reclaimed_count,total_pending_bars,mean_pending_duration_bars,first_breach_idx,first_breach_side,first_upper_breach_idx,first_lower_breach_idx,bars_to_first_breach,breakout_side_first,accepted_breakout_side,bars_to_breakout_accept,audit_range_recent_pressure_imbalance_legacy,audit_range_recent_pressure_imbalance_v2,duration_bars,rb_micro_box_risk_score,rb_late_confirm_fragility_score,rb_boundary_relevance_score,rb_monitor_worthiness_score,rb_plausibility_score,range_high_g2,range_low_g2,range_high_g3,range_low_g3,range_high_g4,range_low_g4,range_high_g5,range_low_g5,strength_repair_v1,strength_repair_v2,strength_repair_v3,strength_repair_v4,contract_bucket
shortest_lived,8,5,1264,1267,1267.0,7,3,1231.671,1240.444,1236.0575,8.77299999999991,1.5542059059050275,0.5754080416375682,0.5754080416375682,0.4943345787322417,0.4943345787322417,3,2,1.0,0.6902268276322372,1.2239999999999327,0.21684122065743397,0.5529465405220488,0.6948131269759055,0.8593927789291219,1,0.48626401307525535,2,0,1,0.7851362133819662,0,1,0.8,0.4,0.4,0.653639922239069,0.59046078968297,0.5502466323831906,0.653639922239069,0.5750428557883251,0.653639922239069,0.5937994348093044,0.25,1.0,0.6902268276322372,0,0,0,,,0,,,,0,0,,0.6,0.26107566934282705,0.0,0.6666666666666667,0.9166666666666666,0.32580882805865913,0.0,0.16478554034799808,1240.444,1231.671,1240.444,1231.671,1240.444,1231.671,1240.444,1231.671,0.1760027140367695,0.23325289816632178,0.2887686072123744,0.08602657570868595,strong_false_positive
shortest_lived,54,5,4705,4708,4708.0,7,3,1126.99,1134.036,1130.513,7.046000000000049,1.584266152300452,0.6116189390960898,0.6116189390960898,0.5578654143434935,0.5578654143434935,2,4,1.0,1.0,0.0,0.0,0.5762134544422249,0.6713906799275164,0.9128754723729355,1,0.3508310700478623,0,2,-1,0.8832434478190908,0,1,0.4,0.8,0.4,0.7106168592018675,0.637744233229027,0.5738340248074982,0.7106168592018675,0.6129792622775114,0.7106168592018675,0.6417397953145066,0.25,1.0,1.0,0,0,0,,,0,,,,0,0,,0.4,0.28933340928423423,0.0,0.6666666666666667,0.9166666666666666,0.2982563113398305,0.0,0.15789741116829092,1134.036,1126.99,1134.036,1126.99,1134.036,1126.99,1134.036,1126.99,0.17618760331877312,0.23492852985398366,0.29512532810997827,0.08022447489631263,strong_false_positive
shortest_lived,93,5,8121,8124,8124.0,7,3,1325.106,1332.478,1328.792,7.372000000000071,1.6616413755383646,0.6490681926632655,0.6490681926632655,0.586031533027215,0.586031533027215,2,2,1.0,1.0,0.0,0.0,0.3368149755832777,1.1019756762082462,0.5596656993301182,0,0.44656137563816317,0,0,0,0.8221197323204744,0,1,0.4,0.4,0.4,0.7154069052161449,0.6762224291059964,0.6156444400429109,0.7154069052161449,0.6564661943848538,0.7154069052161449,0.6985972336264542,0.25,1.0,1.0,0,0,0,,,0,,,,0,0,,0.0,0.3109017151904852,0.0,0.6666666666666667,0.9166666666666666,0.3964694952958393,0.0,0.18245070715729314,1332.478,1325.106,1332.478,1325.106,1332.478,1325.106,1332.478,1325.106,0.19465433533537252,0.260138949505155,0.3140440733287889,0.10090653455104882,strong_false_positive
shortest_lived,193,5,15727,15730,15730.0,7,3,2030.645,2044.64,2037.6425,13.995000000000118,1.8514881180787748,0.643638983493982,0.643638983493982,0.5381028972464804,0.5381028972464804,2,2,1.0,1.0,0.0,0.0,0.1925687745623375,1.4949493200636166,0.35653879801515814,0,0.6427141015630986,0,1,-1,0.6002143622722307,0,1,0.4,1.0,0.4,0.7012423620858638,0.6689927879432479,0.6131252471818974,0.7012423620858638,0.6352993867177595,0.7012423620858638,0.612260863338507,0.25,1.0,1.0,0,0,0,,,0,,,,0,0,,0.0,0.2772209387801349,0.0,0.6666666666666667,0.9166666666666666,0.4329784842459182,0.0,0.19157795439481287,2044.64,2030.645,2044.64,2030.645,2044.64,2030.645,2044.64,2030.645,0.20005205719928418,0.2671186971550388,0.3178877460569784,0.10859471914078629,strong_false_positive
shortest_lived,1,8,745,748,749.0,4,3,1309.85,1318.482,1314.166,8.632000000000062,1.5537194119902207,0.6557116155321216,0.6557116155321216,0.5570914392449862,0.5570914392449862,4,3,0.875,1.0,0.0,0.0,0.6199026876737807,0.5905645726065568,0.9631548393836639,2,0.49993403248699064,2,0,1,0.7251312944083896,0,1,0.875,0.5,0.5,0.7243184106117307,0.6795008801238801,0.6247515460623072,0.7243184106117307,0.6447426563238832,0.7243184106117307,0.6152084292470413,0.5,0.875,1.0,0,0,0,,749.0,1,749.0,,1.0,1,1,1.0,0.6,0.5132962966860134,1.0,0.6166666666666667,0.8333333333333334,0.46500098582229515,0.0625,0.24812524645557377,1318.482,1309.85,1318.482,1309.85,1318.482,1309.85,1318.482,1309.85,0.24293975681204596,0.3152672782645278,0.3641068832379317,0.14827882598685757,strong_false_positive
shortest_lived,2,8,931,934,935.0,4,3,1286.076,1295.375,1290.7255,9.298999999999978,2.1174850283068314,0.686564516954761,0.686564516954761,0.6001135117298491,0.6001135117298491,3,2,1.0,1.0,0.0,0.0,0.5567265297343714,0.9386249367330819,1.1788600915737493,0,0.4217207952950828,0,0,0,0.9360146252285079,0,1,0.375,0.625,0.375,0.722264022889944,0.7117545546277788,0.6596929643597966,0.722264022889944,0.6922051113978369,0.722264022889944,0.7181305190140334,0.25,1.0,1.0,0,0,0,,935.0,-1,,935.0,1.0,-1,-1,1.0,0.4,0.37674103603341436,1.0,0.7166666666666667,0.8333333333333334,0.47579840287951886,0.0625,0.2308246007198797,1295.375,1286.076,1295.375,1286.076,1295.375,1286.076,1295.375,1286.076,0.2183016630856713,0.3027017259849049,0.3370405833379141,0.13411436640171573,strong_false_positive
shortest_lived,28,16,3095,3098,3099.0,4,3,1057.462,1078.312,1067.887,20.84999999999991,2.9521724992934812,0.6646914217765354,0.6646914217765354,0.5954716584673924,0.5954716584673924,3,3,1.0,1.0,0.0,0.0,0.3933812949640304,1.7908430585642134,1.1613294407292678,1,0.549273598675015,0,0,0,0.90618705035972,0,1,0.8125,0.25,0.25,0.7374507460060571,0.6886957427114846,0.6328863003144546,0.7374507460060571,0.6644571922358238,0.7374507460060571,0.6791218751272404,0.5,1.0,1.0,0,0,0,,3099.0,-1,,3099.0,1.0,-1,-1,1.0,0.4,0.40915486085951086,1.0,0.6166666666666667,0.8333333333333334,0.48035144244356137,0.0625,0.25196286061089035,1078.312,1057.462,1078.312,1057.462,1078.312,1057.462,1078.312,1057.462,0.24705724311893412,0.32106514869360503,0.3695405650714111,0.15165173704808327,strong_false_positive
shortest_lived,31,12,3130,3134,3135.0,4,4,1068.129,1076.977,1072.5529999999999,8.848000000000184,2.174236814008797,0.8092410275101923,0.8092410275101923,0.6796078110618909,0.6796078110618909,3,3,1.0,1.0,0.0,0.0,0.3210895117540758,1.476112176960975,0.698124637047822,0,0.4791812838037736,0,0,0,0.9106389391199681,0,1,0.75,0.25,0.25,0.8044207222309862,0.8217559809747409,0.7994997154446445,0.8044207222309862,0.7967826962978619,0.8044207222309862,0.7414020886505382,0.5,1.0,1.0,0,0,0,,3135.0,-1,,3135.0,1.0,-1,-1,1.0,0.4,0.32978721501820485,1.0,0.55,0.85,0.6200455411555378,0.0625,0.29688638528888445,1076.977,1068.129,1076.977,1068.129,1076.977,1068.129,1076.977,1068.129,0.29843495304543594,0.37508852766031014,0.42696278528501624,0.1947656399728659,strong_false_positive
shortest_lived,36,8,3815,3818,3819.0,4,3,1206.841,1217.61,1212.2255,10.769000000000005,2.1770259502990856,0.6878851656384455,0.6878851656384455,0.5926121319433044,0.5926121319433044,3,2,1.0,1.0,0.0,0.0,0.45343114495310943,1.18989458106234,0.9871313692367455,0,0.5039369849250902,0,1,-1,0.8858761259169942,0,1,0.375,0.75,0.375,0.7099397559563158,0.7134993219052657,0.6628405399234573,0.7099397559563158,0.6954478789115162,0.7099397559563158,0.7245596709001348,0.25,1.0,1.0,0,0,0,,3819.0,1,3819.0,,1.0,1,1,1.0,0.4,0.3994309422651293,1.0,0.7166666666666667,0.8333333333333334,0.4872485801857216,0.0625,0.2336871450464304,1217.61,1206.841,1217.61,1206.841,1217.61,1206.841,1217.61,1206.841,0.2192473065132943,0.303708473910595,0.3366696811260603,0.13642088534736999,strong_false_positive
shortest_lived,37,16,3815,3818,3819.0,4,3,1205.895,1220.412,1213.1535,14.517000000000053,2.9347094178189175,0.6278416768232095,0.6278416768232095,0.5967035717529117,0.5967035717529117,2,2,1.0,1.0,0.0,0.0,0.40152924157883374,1.756337771027827,1.1783716467910907,0,0.5633654602401139,0,0,0,0.78749052834607,0,1,0.3125,0.8125,0.3125,0.7080591725248064,0.6556883982774487,0.5916156314893929,0.7080591725248064,0.6464986859268729,0.7080591725248064,0.7378853701006806,0.25,1.0,1.0,0,0,0,,3819.0,1,3819.0,,1.0,1,1,1.0,0.2,0.48143393453444866,1.0,0.7166666666666667,0.8333333333333334,0.4003763940091826,0.0625,0.21196909850229564,1220.412,1205.895,1220.412,1205.895,1220.412,1205.895,1220.412,1205.895,0.20349767203594624,0.28176263496809417,0.3204068133927239,0.11892138836071221,strong_false_positive
shortest_lived,40,8,4107,4110,4111.0,4,3,1329.876,1338.141,1334.0085,8.2650000000001,1.5247603543358959,0.6664866397461604,0.6664866397461604,0.6200106614582541,0.6200106614582541,4,3,1.0,1.0,0.0,0.0,0.44379915305506057,0.8480730004696913,0.6766873538662047,2,0.370976336265904,1,2,-1,0.8272635612018705,0,1,0.75,1.0,0.75,0.7803162310272829,0.6878462783713674,0.6303318086960069,0.7803162310272829,0.6587923441777116,0.7803162310272829,0.6576055467538096,0.5,1.0,1.0,0,0,0,,4111.0,1,4111.0,,1.0,1,1,1.0,0.2,0.2903146344489393,1.0,0.6166666666666667,0.8333333333333334,0.4594319362733866,0.0625,0.24673298406834662,1338.141,1329.876,1338.141,1329.876,1338.141,1329.876,1338.141,1329.876,0.2471636768258576,0.3222781695956015,0.3742880073847855,0.14705515497253707,strong_false_positive
shortest_lived,43,12,4348,4352,4353.0,4,4,1313.163,1328.043,1320.603,14.879999999999882,2.964825520037985,0.6480939744413355,0.6480939744413355,0.5576842877057148,0.5576842877057148,2,2,1.0,1.0,0.0,0.0,0.3151881720430169,2.0303475839507255,0.9344779360872596,2,0.6522978180280845,0,2,-1,0.4437724014336941,0,1,0.5,0.9166666666666666,0.5,0.7033518774129263,0.6696722016369102,0.6211269991215983,0.7033518774129263,0.6472847281051728,0.7033518774129263,0.6548252390088466,0.25,1.0,1.0,0,0,0,,4353.0,-1,,4353.0,1.0,-1,-1,1.0,0.8,0.6336634202653461,1.0,0.65,0.85,0.39458483589013116,0.0625,0.22052120897253277,1328.043,1313.163,1328.043,1313.163,1328.043,1313.163,1328.043,1313.163,0.21840377628877347,0.2887539375620404,0.33688788984599305,0.1270018235972536,strong_false_positive
shortest_lived,59,12,5123,5126,5127.0,4,3,1239.352,1250.557,1244.9545,11.204999999999927,2.875802067811802,0.5802716355519396,0.5802716355519396,0.5204495484385482,0.5204495484385482,4,2,0.9166666666666666,0.6604841314727421,0.9259999999999309,0.23766110796908052,0.5553770638107984,1.2786475592894606,1.5971545085223413,1,0.5152311322736511,1,0,1,0.6673211363974532,0,1,0.8333333333333334,0.5,0.5,0.615036739627181,0.598079647013711,0.5597504892720131,0.615036739627181,0.6118683466768419,0.615036739627181,0.7436814608127609,0.25,0.9166666666666666,0.6604841314727421,0,0,0,,5127.0,1,5127.0,,1.0,1,1,1.0,0.6,0.4905189032196004,1.0,0.7166666666666667,0.8333333333333334,0.32837139721567915,0.0625,0.19396784930391978,1250.557,1239.352,1250.557,1239.352,1250.557,1239.352,1250.557,1239.352,0.18222082314103646,0.24985302395807046,0.28863441302458687,0.10441673180871087,strong_false_positive
shortest_lived,63,5,5817,5820,5821.0,4,3,1331.469,1340.925,1336.1970000000001,9.455999999999904,1.755854480790402,0.6077439669112954,0.6077439669112954,0.5019932705777809,0.5019932705777809,2,3,1.0,0.7591376799978958,0.9080000000001291,0.1686036240014729,0.8022419627749672,0.3472343357738889,1.408620145016513,1,0.4153740111829594,1,1,0,0.9653835307388694,0,1,1.0,0.6,0.6,0.633496245944714,0.6292401230694196,0.5855668310931241,0.633496245944714,0.6167284882451058,0.633496245944714,0.6540285329004419,0.25,1.0,0.7591376799978958,0,0,0,,5821.0,1,5821.0,,1.0,1,1,1.0,0.2,0.293035505438317,1.0,0.7166666666666667,0.8333333333333334,0.40625406681866705,0.0625,0.21343851670466676,1340.925,1331.469,1340.925,1331.469,1340.925,1331.469,1340.925,1331.469,0.19784862849361337,0.2720439406379455,0.3065691074917399,0.12010538432242443,strong_false_positive
shortest_lived,67,5,6212,6215,6216.0,4,3,1261.245,1269.122,1265.1835,7.87700000000018,1.8197222807395788,0.6155033845997457,0.6155033845997457,0.5025802335057831,0.5025802335057831,2,2,1.0,0.5802087921251771,1.272000000000162,0.29385384551237603,0.29122762473023284,1.2897688832511094,0.5299533974884695,2,0.5506775341692218,0,2,-1,0.6727603571579802,0,1,0.4,1.0,0.4,0.6401598301205598,0.6266220913500288,0.602218639646178,0.6401598301205598,0.6198981430169099,0.6401598301205598,0.6418092530921361,0.25,1.0,0.5802087921251771,0,0,0,,6216.0,-1,,6216.0,1.0,-1,-1,1.0,0.0,0.2813674263639252,1.0,0.7166666666666667,0.8333333333333334,0.46853633603966255,0.0625,0.22900908400991563,1269.122,1261.245,1269.122,1261.245,1269.122,1261.245,1269.122,1261.245,0.20961804083694208,0.2885751191513081,0.3192916943106986,0.13265149868335624,strong_false_positive
shortest_lived,96,8,8257,8260,8261.0,4,3,1307.276,1319.236,1313.256,11.960000000000036,2.894681369696731,0.563103388260412,0.563103388260412,0.4736160277729737,0.4736160277729737,3,2,1.0,0.7199364656648128,0.8099999999999454,0.19604447403463102,0.2646321070234075,2.1286557396724817,0.7660256300242492,0,0.7075500763414257,0,3,-1,0.4673913043478115,0,1,0.5,0.875,0.5,0.6073731772038627,0.5823226679114863,0.5398760271225573,0.6073731772038627,0.5754720274537816,0.6073731772038627,0.6329627472008204,0.25,1.0,0.7199364656648128,0,0,0,,8261.0,-1,,8261.0,1.0,-1,-1,1.0,0.6,0.5949833447053202,1.0,0.7166666666666667,0.8333333333333334,0.35807409557114156,0.0625,0.2013935238927854,1319.236,1307.276,1319.236,1307.276,1319.236,1307.276,1319.236,1307.276,0.18685906268058153,0.2561105999969661,0.2925335815016784,0.11040003098931091,strong_false_positive
shortest_lived,138,8,11494,11497,11498.0,4,3,1731.625,1749.125,1740.375,17.5,2.096101187421962,0.7034301024392982,0.7034301024392982,0.6269457525054464,0.6269457525054464,2,2,1.0,0.9760445578580176,0.14000000000010004,0.01676880949938768,0.8908571428571381,0.22877447245577823,1.8673267149661839,0,0.27718383673470076,1,1,0,0.8912380952380945,0,1,1.0,0.75,0.75,0.7577153253986167,0.7270029023112836,0.6749433148733394,0.7577153253986167,0.6843631651872306,0.7577153253986167,0.7123599314285667,0.25,1.0,0.9760445578580176,0,0,0,,11498.0,1,11498.0,,1.0,1,1,1.0,0.4,0.250458122448982,1.0,0.7166666666666667,0.8333333333333334,0.5216861257862747,0.0625,0.24229653144656868,1749.125,1731.625,1749.125,1731.625,1749.125,1731.625,1749.125,1731.625,0.22971872122838916,0.31946267226107805,0.3525225611662217,0.1433579701841681,strong_false_positive
shortest_lived,154,12,12325,12328,12329.0,4,3,1778.475,1796.355,1787.415,17.88000000000011,2.2345368078615873,0.6729152317690994,0.6729152317690994,0.6116134788864314,0.6116134788864314,5,2,1.0,1.0,0.0,0.0,0.8747203579418347,0.27994197145469496,1.9545948364068924,2,0.5449879635051492,1,0,1,0.6314317673378016,0,1,1.0,0.41666666666666663,0.41666666666666663,0.731484717354486,0.6951088325614699,0.6449014894098463,0.731484717354486,0.6813795022702012,0.731484717354486,0.7268768674083734,0.25,1.0,1.0,0,0,0,,12329.0,1,12329.0,,1.0,1,1,1.0,0.6,0.5449879635051492,1.0,0.7166666666666667,0.8333333333333334,0.42788211570427354,0.0625,0.21884552892606837,1796.355,1778.475,1796.355,1778.475,1796.355,1778.475,1796.355,1778.475,0.21053679345500984,0.2921357060402594,0.3301220312136496,0.12446212947825396,strong_false_positive
shortest_lived,158,5,12559,12562,12563.0,4,3,1835.825,1847.8,1841.8125,11.974999999999909,1.8730355926015245,0.6553011036288312,0.6553011036288312,0.559108847988265,0.559108847988265,2,2,1.0,1.0,0.0,0.0,0.36910229645092935,1.1816938540379744,0.6913417385635501,2,0.5370550163222761,0,2,-1,0.7220598469032651,0,1,0.4,0.8,0.4,0.7204941862366713,0.6800205392300549,0.6241058845065488,0.7204941862366713,0.6469863823615647,0.7204941862366713,0.6266790643346155,0.25,1.0,1.0,0,0,0,,12563.0,-1,,12563.0,1.0,-1,-1,1.0,0.2,0.26236914936737066,1.0,0.7166666666666667,0.8333333333333334,0.4787888960131137,0.0625,0.23157222400327843,1847.8,1835.825,1847.8,1835.825,1847.8,1835.825,1847.8,1835.825,0.21867890120929895,0.30318200471210427,0.3372335024390658,0.13471677009250826,strong_false_positive
shortest_lived,179,12,13927,13930,13931.0,4,3,1767.195,1790.45,1778.8225,23.25500000000011,2.7047479066376736,0.6241638117420876,0.6241638117420876,0.5411271442650124,0.5411271442650124,2,3,0.9166666666666666,0.9187503930739377,0.48900000000003274,0.05687472484824359,0.7080197806923272,0.7897328869520369,1.9150150196856366,1,0.5853222762173107,1,0,1,0.5630330394897156,0,1,0.75,0.33333333333333337,0.33333333333333337,0.659077526787892,0.6495321792963629,0.5972681885891675,0.659077526787892,0.6390658688997113,0.659077526787892,0.7017286087274953,0.25,0.9166666666666666,0.9187503930739377,0,0,0,,13931.0,1,13931.0,,1.0,1,1,1.0,0.6,0.5681499011570907,1.0,0.7166666666666667,0.8333333333333334,0.3945997615440372,0.0625,0.2105249403860093,1790.45,1767.195,1790.45,1767.195,1790.45,1767.195,1790.45,1767.195,0.19805818016325757,0.2729748403865614,0.30955408258327755,0.11775774592386354,strong_false_positive
longest_lived,89,12,7936,7945,7966.0,4,9,1286.246,1295.817,1291.0315,9.570999999999913,2.2682169335406837,0.7712239491117647,0.7712239491117647,0.6135223066360429,0.6135223066360429,3,3,0.8333333333333334,0.7806163599960163,0.6480000000001382,0.15356854800278863,0.6589698046181249,0.7735304640138568,1.4946864695268267,0,0.5498414857047657,0,0,0,0.8623968237383743,0,1,0.75,0.5,0.5,0.7521520160975682,0.7765902090409145,0.7697678000535505,0.7521520160975682,0.7571062837534319,0.7521520160975682,0.6928154005782291,0.5,0.8333333333333334,0.7806163599960163,1,0,2,2.0,7965.0,-1,,7965.0,20.0,-1,-1,21.0,0.4,0.376268935559297,21.0,0.1,0.43333333333333335,0.8202146922678173,0.625,0.7171370064002878,1295.817,1286.246,1295.817,1286.246,1295.817,1286.246,1295.817,1286.246,0.7153435368865019,0.9509794662989222,0.71875,0.6654773964942016,durable_plausible
longest_lived,192,8,15513,15516,15537.0,4,3,2015.645,2044.945,2030.295,29.299999999999955,2.8451262804279414,0.6249036955082521,0.6249036955082521,0.5390086668756899,0.5390086668756899,2,2,1.0,1.0,0.0,0.0,0.29419795221843453,2.0080959549231894,0.8370303255047519,1,0.6422972311849845,0,2,-1,0.45426621160409963,0,1,0.25,0.625,0.25,0.6747322245123614,0.6529675977625269,0.5933574529740038,0.6747322245123614,0.631479441953572,0.6747322245123614,0.6647471082947984,0.25,1.0,1.0,3,2,6,2.0,15523.0,1,15523.0,,7.0,1,1,21.0,0.8,0.6599111230183207,21.0,0.2666666666666667,0.041666666666666664,0.6259372537638574,1.0,0.8448176467742976,2044.945,2015.645,2044.945,2015.645,2044.945,2015.645,2044.945,2015.645,0.7381160448021349,1.0,0.7586666666666666,0.7298339301345984,durable_plausible
longest_lived,136,8,11383,11389,11409.0,4,6,1726.98,1746.615,1736.7975000000001,19.63499999999999,2.0954023109299733,0.748132446134671,0.748132446134671,0.615707546738923,0.615707546738923,2,2,0.875,1.0,0.0,0.0,0.6259230965113303,0.7838416080356873,1.3115607028942862,0,0.43267910307860186,0,1,-1,0.9956709956709977,0,1,0.375,0.75,0.375,0.7446324946239428,0.7665014352578594,0.7332624875129092,0.7446324946239428,0.7421925590817395,0.7446324946239428,0.7114349498671603,0.25,0.875,1.0,4,3,8,2.0,11394.0,-1,,11394.0,5.0,-1,-1,20.0,0.4,0.3343038203776101,20.0,0.2,0.07692307692307693,0.7298850597942256,0.9583333333333334,0.8625033162306077,1746.615,1726.98,1746.615,1726.98,1746.615,1726.98,1746.615,1726.98,0.7844233781904303,1.0,0.7787509948691823,0.7739416497811448,durable_plausible
longest_lived,238,12,18815,18818,18838.0,7,3,4789.88,5091.84,4940.860000000001,301.96000000000004,2.3795269437231723,0.6342515954879926,0.6342515954879926,0.5237528007537393,0.5237528007537393,2,4,0.8333333333333334,1.0,0.0,0.0,0.22615578222281082,1.8413831664452038,0.5381437772779684,2,0.6944249824184829,0,2,-1,0.46845056740406976,0,1,0.33333333333333337,1.0,0.33333333333333337,0.6873076092307593,0.6579754063460058,0.6058346321684188,0.6873076092307593,0.6262025169091108,0.6873076092307593,0.6033925075167048,0.25,0.8333333333333334,1.0,1,1,2,2.0,18819.0,-1,,18819.0,1.0,-1,0,,0.8,0.4969916848374943,20.0,0.4166666666666667,0.46014492753623193,0.5071422544122105,0.5416666666666667,0.5410065780958062,5091.84,4789.88,5091.84,4789.88,5091.84,4789.88,5091.84,4789.88,0.47785415880879634,0.7810427754989487,0.5763446090855531,0.41071367024714045,fragile_but_plausible
longest_lived,137,8,11394,11400,11419.0,4,6,1723.683,1742.442,1733.0625,18.759000000000015,2.3119377751795493,0.7219375371244556,0.7219375371244556,0.5699943097913114,0.5699943097913114,2,2,1.0,1.0,0.0,0.0,0.4495975265206014,1.2724962699892814,1.0394415051902677,0,0.5502522329153231,0,0,0,0.8249551326474385,0,1,0.25,0.625,0.25,0.7414919547864554,0.7388832289678657,0.7045744491500712,0.7414919547864554,0.7002873168077199,0.7414919547864554,0.6145212278027253,0.25,1.0,1.0,3,3,6,2.0,11406.0,1,11406.0,11410.0,6.0,1,-1,19.0,0.4,0.4521354969509124,19.0,0.2,0.08,0.7284735047731636,1.0,0.8761183761932909,1742.442,1723.683,1742.442,1723.683,1742.442,1723.683,1742.442,1723.683,0.7985630922038751,1.0,0.7828355128579874,0.7932013218999984,durable_plausible
longest_lived,147,12,12099,12102,12121.0,4,3,1747.6,1770.475,1759.0375,22.875,2.6199894304606537,0.6552435343162257,0.6552435343162257,0.6224373948383722,0.6224373948383722,3,2,0.9166666666666666,1.0,0.0,0.0,0.4461202185792417,1.4511591730682438,1.1688302573924099,0,0.40109370838185326,1,0,1,0.9197814207650192,0,1,0.8333333333333334,0.5833333333333333,0.5833333333333333,0.7276304868294976,0.6818795232830351,0.6212873911819824,0.7276304868294976,0.6626815584902359,0.7276304868294976,0.7590510249932789,0.25,0.9166666666666666,1.0,1,1,2,2.0,12108.0,-1,12121.0,12108.0,6.0,-1,1,19.0,0.6,0.32858390038520735,19.0,0.2666666666666667,0.21212121212121213,0.6192328018344897,0.75,0.7215506247010467,1770.475,1747.6,1770.475,1747.6,1770.475,1747.6,1770.475,1747.6,0.6476785342242585,0.9334178363152338,0.7182153793347152,0.6040916536405059,durable_plausible
longest_lived,106,12,9143,9146,9164.0,7,3,1477.137,1498.09,1487.6135,20.952999999999975,2.862038234164747,0.6082047975716747,0.6082047975716747,0.5624799938610553,0.5624799938610553,2,2,1.0,1.0,0.0,0.0,0.27504414642295394,2.0748513710190455,0.7871868631457012,0,0.7084271161263708,0,3,-1,0.44601409503810996,0,1,0.6666666666666667,0.8333333333333334,0.6666666666666667,0.7196617650111655,0.6331065531345024,0.5694542081085808,0.7196617650111655,0.6082207650235327,0.7196617650111655,0.6359823026314974,0.25,1.0,1.0,1,1,2,2.0,9149.0,-1,,9149.0,3.0,-1,0,,0.6,0.1691898116733562,18.0,0.3166666666666667,0.2976190476190476,0.497684954968318,0.625,0.6203140958849367,1498.09,1477.137,1498.09,1477.137,1498.09,1477.137,1498.09,1477.137,0.5527617207061533,0.8400012658730895,0.6401593760468263,0.4885835553088763,fragile_but_plausible
longest_lived,163,16,12878,12881,12897.0,4,3,1915.375,1944.485,1929.9299999999998,29.1099999999999,2.8675135066971014,0.5824211782459743,0.5824211782459743,0.5490245096867479,0.5490245096867479,2,3,1.0,1.0,0.0,0.0,0.18790793541738393,2.3286849638721865,0.5388285428249151,0,0.752112746861815,0,3,-1,0.4540249627848365,0,1,0.8125,0.9375,0.8125,0.7119487153812136,0.607037547573389,0.5410190220693076,0.7119487153812136,0.5829417562275223,0.7119487153812136,0.618595641852218,0.25,1.0,1.0,2,1,4,2.0,12882.0,-1,12896.0,12882.0,1.0,-1,1,16.0,0.4,0.21592554379489792,16.0,0.4166666666666667,0.4692982456140351,0.44663201794286517,0.6666666666666667,0.5677983553629092,1944.485,1915.375,1944.485,1915.375,1944.485,1915.375,1944.485,1915.375,0.5088013145284146,0.8193992369571227,0.606690380375088,0.44633675176984633,fragile_but_plausible
longest_lived,69,12,6388,6391,6406.0,4,3,1324.131,1340.438,1332.2845000000002,16.307000000000016,2.890048277672809,0.6036232771011331,0.6036232771011331,0.5352218074867967,0.5352218074867967,2,4,1.0,1.0,0.0,0.0,0.6002943521187206,1.1551686192353856,1.734879658437423,1,0.4793667169491672,0,0,0,0.8207927066086222,0,1,0.16666666666666663,0.6666666666666667,0.16666666666666663,0.6592903415972987,0.6332395969361154,0.5698388381203614,0.6592903415972987,0.6185030502060487,0.6592903415972987,0.6863583809172896,0.25,1.0,1.0,1,0,2,2.0,6405.0,1,6405.0,,14.0,1,1,15.0,0.2,0.2805447511802798,15.0,0.2666666666666667,0.3888888888888889,0.5339650748065112,0.625,0.6211301575905167,1340.438,1324.131,1340.438,1324.131,1340.438,1324.131,1340.438,1324.131,0.5704224546652104,0.8429500501028019,0.6457217230413672,0.5128228016695452,fragile_but_plausible
longest_lived,217,16,17608,17612,17627.0,4,4,3265.19,3370.415,3317.8025,105.22499999999991,2.8501218208357146,0.6923875945638184,0.6923875945638184,0.5363977693911306,0.5363977693911306,3,3,1.0,0.8113655245348522,4.875,0.13204413282560343,0.26614397719173327,2.091579063957553,0.7585427568781618,0,0.6329787130395913,0,3,-1,0.42698978379662655,0,1,0.4375,0.875,0.4375,0.6768098151161521,0.7058076755278311,0.6836071712656744,0.6768098151161521,0.6866120727474747,0.6768098151161521,0.6542306701503623,0.5,1.0,0.8113655245348522,0,0,0,,17627.0,-1,,17627.0,15.0,-1,-1,15.0,0.8,0.4240213627689481,15.0,0.1,0.40350877192982454,0.708309906249542,0.5,0.6513757221764207,3370.415,3265.19,3370.415,3265.19,3370.415,3265.19,3370.415,3265.19,0.6356260383894943,0.863045070927876,0.675,0.568919734312171,unclassified
longest_lived,7,8,1185,1188,1201.0,4,3,1204.109,1219.954,1212.0315,15.845000000000027,2.7717499864893673,0.5940134059462567,0.5940134059462567,0.5099049786485682,0.5099049786485682,2,4,1.0,1.0,0.0,0.0,0.27137898390660614,2.0195552915127335,0.7521946949766338,1,0.7054039369705138,0,3,-1,0.42520248238142133,0,1,0.375,0.875,0.375,0.6530103847859445,0.6217392299486141,0.5612841971699264,0.6530103847859445,0.6001602997190472,0.6530103847859445,0.6347546443581548,0.25,1.0,1.0,1,1,2,2.0,1193.0,1,1193.0,1201.0,5.0,1,-1,13.0,0.8,0.6716479511550902,13.0,0.2666666666666667,0.22916666666666666,0.5150480795212756,0.7083333333333334,0.677512019880319,1219.954,1204.109,1219.954,1204.109,1219.954,1204.109,1219.954,1204.109,0.6016459480355029,0.8786656308818431,0.6713479528329755,0.5545309750961699,durable_plausible
longest_lived,97,12,8287,8290,8303.0,4,3,1285.211,1294.273,1289.742,9.061999999999898,2.562249680008112,0.6742110916914805,0.6742110916914805,0.6177549649465431,0.6177549649465431,2,2,1.0,1.0,0.0,0.0,0.5957845950121329,1.035700792084512,1.5265488879236,0,0.5513136224012556,0,0,0,0.808062973589351,0,1,0.75,0.16666666666666663,0.16666666666666663,0.7291299245767774,0.6993112510316003,0.6443399445841325,0.7291299245767774,0.6865436453307321,0.7291299245767774,0.7454158354221947,0.25,1.0,1.0,3,3,6,2.0,8293.0,-1,8295.0,8293.0,3.0,-1,1,13.0,0.4,0.459454599061333,13.0,0.3166666666666667,0.14583333333333334,0.6803365999984401,0.875,0.78383414999961,1294.273,1285.211,1294.273,1285.211,1294.273,1285.211,1294.273,1285.211,0.6847725968714656,0.994889886644461,0.7396666666666667,0.6575693122699884,durable_plausible
longest_lived,111,12,9415,9418,9431.0,7,3,1473.724,1480.436,1477.08,6.711999999999989,1.5906417231390133,0.6661475979562137,0.6661475979562137,0.6287473008832919,0.6287473008832919,3,4,0.9166666666666666,0.80838089236831,0.5660000000000309,0.13413337534218298,0.4989570917759484,0.796979754904088,0.7936619682349253,2,0.5038367231549973,0,0,0,0.8001589193484585,0,1,0.6666666666666667,0.75,0.6666666666666667,0.7322555917792903,0.682401246082639,0.641917254518324,0.7322555917792903,0.6826089295597284,0.7322555917792903,0.7644076465967161,0.5,0.9166666666666666,0.80838089236831,3,3,6,2.0,9420.0,-1,9427.0,9420.0,2.0,-1,0,,0.0,0.5127122574834259,13.0,0.2666666666666667,0.22916666666666666,0.6804347636073194,0.8333333333333333,0.7626086909018298,1480.436,1473.724,1480.436,1473.724,1480.436,1473.724,1480.436,1473.724,0.6898627986573593,0.9819988412748022,0.748782607270549,0.6585766902608501,durable_plausible
longest_lived,115,12,9642,9645,9658.0,4,3,1560.834,1576.93,1568.882,16.096000000000004,2.625528350219355,0.6258301547643899,0.6258301547643899,0.5354864273141342,0.5354864273141342,2,3,0.9166666666666666,1.0,0.0,0.0,0.35132952286282126,1.7031027276739785,0.9224256225453763,0,0.5885830217810859,0,1,-1,0.7314446653412795,0,1,0.25,1.0,0.25,0.6921050175480472,0.6515216490236134,0.5936453215412568,0.6921050175480472,0.6226357547541912,0.6921050175480472,0.6228448326412154,0.25,0.9166666666666666,1.0,4,3,8,2.0,9651.0,1,9651.0,,6.0,1,1,13.0,0.6,0.5610580506152968,13.0,0.2666666666666667,0.0625,0.6181676249578164,1.0,0.8387085729061208,1576.93,1560.834,1576.93,1560.834,1576.93,1560.834,1576.93,1560.834,0.7374221601342934,1.0,0.7586666666666666,0.7264560941213644,durable_plausible
longest_lived,129,12,10729,10735,10748.0,4,6,1889.212,1913.906,1901.559,24.69399999999996,2.609846826673159,0.7323881119054867,0.7323881119054867,0.6719494118995328,0.6719494118995328,2,2,1.0,1.0,0.0,0.0,0.4582489673604944,1.4138872133811207,1.1959596132920385,0,0.4412943233799173,0,0,0,0.9550768067816745,0,1,0.75,0.25,0.25,0.7587852850958359,0.7514879789027616,0.7121206759173199,0.7587852850958359,0.7472965821268798,0.7587852850958359,0.8092656009942356,0.25,1.0,1.0,2,2,4,2.0,10739.0,1,10739.0,,4.0,1,1,13.0,0.4,0.36554044325907004,13.0,0.2,0.10526315789473684,0.6711833025628541,0.9166666666666666,0.8275765273950995,1913.906,1889.212,1913.906,1889.212,1913.906,1889.212,1913.906,1889.212,0.7567404527711574,1.0,0.7682729582185298,0.7350475109161758,durable_plausible
longest_lived,240,12,18939,18943,18956.0,4,4,5050.89,5195.125,5123.0075,144.23499999999967,2.23508644233715,0.7125560028966155,0.7125560028966155,0.5612581977645447,0.5612581977645447,2,3,0.9166666666666666,0.7533899245018136,11.140000000000327,0.17262705284873045,0.5498665372482384,1.0060871998387366,1.228999242498413,1,0.41819876963945835,0,2,-1,0.8525438809350451,0,1,0.33333333333333337,1.0,0.33333333333333337,0.7027691789283126,0.720871718912111,0.7071366932785277,0.7027691789283126,0.704082710657296,0.7027691789283126,0.6643967289052026,0.25,0.9166666666666666,0.7533899245018136,2,1,4,2.0,18946.0,-1,18955.0,18946.0,3.0,-1,1,13.0,0.6,0.3940288287821172,13.0,0.25,0.3284313725490196,0.5682526072428559,0.75,0.68887687730091,5195.125,5050.89,5195.125,5050.89,5195.125,5050.89,5195.125,5050.89,0.6360991115998996,0.9137097678292576,0.7044697225116704,0.5902885496385123,durable_plausible
longest_lived,53,12,4693,4696,4708.0,7,3,1125.712,1142.295,1134.0035,16.583000000000084,2.9840100662446023,0.6252777218997121,0.6252777218997121,0.6020141030849615,0.6020141030849615,2,2,1.0,0.9976864352825833,0.009000000000014552,0.0016194953021916847,0.6432491105348769,1.064548245305643,1.9194618209389593,0,0.4726909281178355,0,0,0,0.9865524935174694,0,1,0.25,0.75,0.25,0.7207357843013855,0.6527217365246509,0.5869514596304957,0.7207357843013855,0.6409616485083617,0.7207357843013855,0.7254618502315153,0.25,1.0,0.9976864352825833,0,0,0,,,0,,,,0,0,,0.4,0.283513703726679,12.0,0.4666666666666667,0.7333333333333334,0.3492288334144996,0.25,0.33480720835362493,1142.295,1125.712,1142.295,1125.712,1142.295,1125.712,1142.295,1125.712,0.32616028517467205,0.388538891311282,0.44401696310428707,0.22507656641867202,unclassified
longest_lived,194,12,15727,15730,15742.0,7,3,2022.97,2044.64,2033.805,21.670000000000073,2.866862988121961,0.648639768427297,0.648639768427297,0.5940112439338099,0.5940112439338099,2,2,0.9166666666666666,1.0,0.0,0.0,0.47854176280571553,1.4949493200636166,1.3719136680583444,0,0.47579515827566987,0,0,0,0.9040147669589402,0,1,0.75,0.16666666666666663,0.16666666666666663,0.6802782208132736,0.6794761442561306,0.6176750603493206,0.6802782208132736,0.65764814587469,0.6802782208132736,0.7886478055592915,0.25,0.9166666666666666,1.0,3,2,4,1.3333333333333333,15732.0,-1,,15732.0,2.0,-1,0,,0.4,0.3565494840274086,12.0,0.3666666666666667,0.2333333333333333,0.6217571176688537,0.8333333333333333,0.72710594608388,2044.64,2022.97,2044.64,2022.97,2044.64,2022.97,2044.64,2022.97,0.6272891408297406,0.9444132476739948,0.7043503103896798,0.5950650862305403,unclassified
longest_lived,213,12,17394,17397,17409.0,4,3,2891.275,2929.965,2910.62,38.690000000000055,2.3388122367803894,0.6761412276148457,0.6761412276148457,0.6010182423445524,0.6010182423445524,2,2,1.0,1.0,0.0,0.0,0.5117601447402352,1.141901347965424,1.1969108888149653,0,0.5127219220903482,0,0,0,0.8167485138278707,0,1,0.5833333333333333,0.75,0.5833333333333333,0.7722942474802277,0.6971261486963883,0.6431294107278889,0.7722942474802277,0.6621770302334824,0.7722942474802277,0.6303740323188575,0.25,1.0,1.0,1,1,2,2.0,17402.0,1,17402.0,17409.0,5.0,1,-1,12.0,0.0,0.24639360883352024,12.0,0.2666666666666667,0.2333333333333333,0.6816386724140278,0.7083333333333334,0.7183263347701736,2929.965,2891.275,2929.965,2891.275,2929.965,2891.275,2929.965,2891.275,0.65060400002757,0.9378954893886157,0.7255187300470942,0.6015636126529401,durable_plausible
longest_lived,237,12,18718,18724,18736.0,4,6,4569.65,4643.09,4606.37,73.44000000000051,2.2050939790018447,0.7012532763515822,0.7012532763515822,0.5129928932994211,0.5129928932994211,5,2,0.9166666666666666,0.9534600263146384,1.0850000000000364,0.032577981579753064,0.45302287581699624,1.2061359631876858,0.9989580158141589,2,0.39573269861583865,2,0,1,0.5869644153957827,0,1,0.9166666666666666,0.41666666666666663,0.41666666666666663,0.6763334858779378,0.7194852782772702,0.6899255612097873,0.6763334858779378,0.6832613512025959,0.6763334858779378,0.5974850770388643,0.25,0.9166666666666666,0.9534600263146384,1,1,2,2.0,18734.0,-1,18736.0,18734.0,10.0,-1,1,12.0,0.8,0.40776280994726644,12.0,0.2,0.27777777777777773,0.6418775315106343,0.75,0.727413827322103,4643.09,4569.65,4643.09,4569.65,4643.09,4569.65,4643.09,4569.65,0.6736282943945685,0.9380869823021551,0.7288004674172615,0.6368091918456178,durable_plausible
strongest,31,12,3130,3134,3135.0,4,4,1068.129,1076.977,1072.5529999999999,8.848000000000184,2.174236814008797,0.8092410275101923,0.8092410275101923,0.6796078110618909,0.6796078110618909,3,3,1.0,1.0,0.0,0.0,0.3210895117540758,1.476112176960975,0.698124637047822,0,0.4791812838037736,0,0,0,0.9106389391199681,0,1,0.75,0.25,0.25,0.8044207222309862,0.8217559809747409,0.7994997154446445,0.8044207222309862,0.7967826962978619,0.8044207222309862,0.7414020886505382,0.5,1.0,1.0,0,0,0,,3135.0,-1,,3135.0,1.0,-1,-1,1.0,0.4,0.32978721501820485,1.0,0.55,0.85,0.6200455411555378,0.0625,0.29688638528888445,1076.977,1068.129,1076.977,1068.129,1076.977,1068.129,1076.977,1068.129,0.29843495304543594,0.37508852766031014,0.42696278528501624,0.1947656399728659,strong_false_positive
strongest,56,16,4706,4711,4714.0,4,5,1126.99,1137.058,1132.024,10.067999999999984,2.3726758487005726,0.7859502496996531,0.7859502496996531,0.6340764412248042,0.6340764412248042,3,4,0.9375,1.0,0.0,0.0,0.5101311084624529,1.1623000879808585,1.2103757607197143,1,0.3815849600546993,0,0,0,0.9847040127135407,0,1,0.1875,0.75,0.1875,0.7498582613172935,0.8029919326766537,0.7774099541401502,0.7498582613172935,0.7806924412843507,0.7498582613172935,0.7426584327881451,0.5,0.9375,1.0,1,0,2,2.0,4713.0,1,4713.0,,2.0,1,1,3.0,0.2,0.40770748185284056,3.0,0.3,0.7083333333333334,0.5977454869715016,0.2708333333333333,0.44256137174287535,1137.058,1126.99,1137.058,1126.99,1137.058,1126.99,1137.058,1126.99,0.4444836360404521,0.4894024575111123,0.550049045693372,0.34170840638905026,unclassified
strongest,89,12,7936,7945,7966.0,4,9,1286.246,1295.817,1291.0315,9.570999999999913,2.2682169335406837,0.7712239491117647,0.7712239491117647,0.6135223066360429,0.6135223066360429,3,3,0.8333333333333334,0.7806163599960163,0.6480000000001382,0.15356854800278863,0.6589698046181249,0.7735304640138568,1.4946864695268267,0,0.5498414857047657,0,0,0,0.8623968237383743,0,1,0.75,0.5,0.5,0.7521520160975682,0.7765902090409145,0.7697678000535505,0.7521520160975682,0.7571062837534319,0.7521520160975682,0.6928154005782291,0.5,0.8333333333333334,0.7806163599960163,1,0,2,2.0,7965.0,-1,,7965.0,20.0,-1,-1,21.0,0.4,0.376268935559297,21.0,0.1,0.43333333333333335,0.8202146922678173,0.625,0.7171370064002878,1295.817,1286.246,1295.817,1286.246,1295.817,1286.246,1295.817,1286.246,0.7153435368865019,0.9509794662989222,0.71875,0.6654773964942016,durable_plausible
strongest,32,16,3136,3143,3146.0,4,7,1066.382,1076.977,1071.6795000000002,10.595000000000027,2.627221960194144,0.7494494529447664,0.7494494529447664,0.6389675380685392,0.6389675380685392,3,3,1.0,1.0,0.0,0.0,0.42963662104765415,1.4984711944741373,1.1287507657200064,0,0.5476568880269692,0,2,-1,0.6352052855120198,0,1,0.25,0.875,0.25,0.792068145335009,0.762839127721586,0.731383135349799,0.792068145335009,0.7332581664643976,0.792068145335009,0.6778463061792176,0.5,1.0,1.0,1,0,2,2.0,3145.0,-1,,3145.0,2.0,-1,-1,3.0,0.4,0.5483992168655129,3.0,0.3,0.7333333333333334,0.5845085973985621,0.2708333333333333,0.4342521493496405,1076.977,1066.382,1076.977,1066.382,1076.977,1066.382,1076.977,1066.382,0.4451175419133881,0.49119549077651775,0.5551628263162638,0.33665559946024326,unclassified
strongest,221,8,17942,17945,17948.0,4,3,3341.165,3375.035,3358.1,33.86999999999989,2.259292140021556,0.7483618872617166,0.7483618872617166,0.5994405636321795,0.5994405636321795,3,3,0.875,1.0,0.0,0.0,0.620755831118989,0.8568233699018756,1.4024687701196803,2,0.320522071763002,0,2,-1,0.5687432339336694,0,1,0.5,0.875,0.5,0.790867751777178,0.7662580490632384,0.7265281730259644,0.790867751777178,0.7164321464698271,0.790867751777178,0.5965882881707298,0.5,0.875,1.0,1,0,2,2.0,17947.0,-1,,17947.0,2.0,-1,-1,3.0,0.4,0.30741291077251554,3.0,0.3666666666666667,0.6666666666666666,0.6552643320471367,0.2708333333333333,0.45194108301178415,3375.035,3341.165,3375.035,3341.165,3375.035,3341.165,3375.035,3341.165,0.43885474324338214,0.5019934764041648,0.5511955359118891,0.3406541345905289,fragile_but_plausible
strongest,136,8,11383,11389,11409.0,4,6,1726.98,1746.615,1736.7975000000001,19.63499999999999,2.0954023109299733,0.748132446134671,0.748132446134671,0.615707546738923,0.615707546738923,2,2,0.875,1.0,0.0,0.0,0.6259230965113303,0.7838416080356873,1.3115607028942862,0,0.43267910307860186,0,1,-1,0.9956709956709977,0,1,0.375,0.75,0.375,0.7446324946239428,0.7665014352578594,0.7332624875129092,0.7446324946239428,0.7421925590817395,0.7446324946239428,0.7114349498671603,0.25,0.875,1.0,4,3,8,2.0,11394.0,-1,,11394.0,5.0,-1,-1,20.0,0.4,0.3343038203776101,20.0,0.2,0.07692307692307693,0.7298850597942256,0.9583333333333334,0.8625033162306077,1746.615,1726.98,1746.615,1726.98,1746.615,1726.98,1746.615,1726.98,0.7844233781904303,1.0,0.7787509948691823,0.7739416497811448,durable_plausible
strongest,108,8,9280,9285,9289.0,4,5,1462.376,1474.378,1468.377,12.001999999999953,2.198173423371771,0.7468465611117296,0.7468465611117296,0.6126324412974425,0.6126324412974425,2,2,0.875,1.0,0.0,0.0,0.461673054490915,1.1833359847029743,1.0148374386687968,0,0.5256169996403947,0,1,-1,0.6742765094706407,0,1,0.375,0.75,0.375,0.7631545081951717,0.7625885458996191,0.7310140223565518,0.7631545081951717,0.731695464955071,0.7631545081951717,0.6712721882630129,0.25,0.875,1.0,0,0,0,,9289.0,-1,,9289.0,4.0,-1,-1,4.0,0.4,0.4887328379780955,4.0,0.2,0.5185185185185185,0.6663154019304688,0.25,0.5103751467789135,1474.378,1462.376,1474.378,1462.376,1474.378,1462.376,1474.378,1462.376,0.4988338168311846,0.52,0.5875,0.3916023575384962,fragile_but_plausible
strongest,243,12,19087,19090,,1,3,4698.725,4801.345,4750.035,102.61999999999989,2.1400381965333968,0.746821604550234,0.746821604550234,0.6170237453770595,0.6170237453770595,3,3,0.9166666666666666,1.0,0.0,0.0,0.49400701617618165,1.0828443125608764,1.0571938839725206,0,0.45931747065321243,2,0,1,0.774118105632436,0,1,0.9166666666666666,0.25,0.25,0.7816476338225437,0.7653480559585397,0.7256872206836877,0.7816476338225437,0.7262103166359573,0.7816476338225437,0.6489810298953315,0.5,0.9166666666666666,1.0,0,0,0,,,0,,,,0,0,,0.4,0.4509416814824764,,0.5666666666666667,0.9166666666666666,0.5718022172820634,0.0,0.24628388765384918,4801.345,4698.725,4801.345,4698.725,4801.345,4698.725,4801.345,4698.725,0.2601989543345073,0.32874865634142947,0.3879861905832994,0.15434101663786023,strong_false_positive
strongest,229,8,18440,18444,18449.0,4,4,3964.53,4019.575,3992.0525,55.04499999999962,1.955768772891974,0.7392974707480018,0.7392974707480018,0.6086615813953827,0.6086615813953827,2,2,1.0,0.989087103118953,0.21500000000014552,0.007639027816732889,0.7687346716322989,0.45230150747415815,1.5034672654178158,0,0.3552142133339562,1,1,0,0.9589124050019715,0,1,0.5,0.625,0.5,0.7288540757751735,0.7592511369078814,0.7242073343693556,0.7288540757751735,0.7384146833545804,0.7288540757751735,0.7251564742184277,0.25,1.0,0.989087103118953,1,1,2,2.0,18447.0,1,18447.0,,3.0,1,1,5.0,0.0,0.3552142133339562,5.0,0.25,0.39814814814814814,0.5780324563253796,0.4791666666666667,0.5825868177850486,4019.575,3964.53,4019.575,3964.53,4019.575,3964.53,4019.575,3964.53,0.5427832502128014,0.8078369343290841,0.6291772853277607,0.4640351464072295,fragile_but_plausible
strongest,203,12,16339,16343,16349.0,7,4,2318.595,2339.785,2329.1899999999996,21.190000000000055,2.287827997550388,0.7356920082090017,0.7356920082090017,0.6174267767485531,0.6174267767485531,2,2,1.0,1.0,0.0,0.0,0.5379896177442218,1.0570002876837261,1.2308277098666618,0,0.5081981470152188,1,0,1,0.7338367154317855,0,1,0.6666666666666667,0.75,0.6666666666666667,0.7873539205436647,0.7494098282126023,0.7159031334324313,0.7873539205436647,0.7141850065664053,0.7873539205436647,0.6402991095419589,0.25,1.0,1.0,0,0,0,,,0,,,,0,0,,0.2,0.3821563970646106,6.0,0.4,0.7999999999999999,0.4831100004710792,0.125,0.3245275001177698,2339.785,2318.595,2339.785,2318.595,2339.785,2318.595,2339.785,2318.595,0.3374210039370939,0.3883817694490251,0.4616751504448816,0.21868982862217443,unclassified
strongest,114,8,9592,9598,9600.0,4,6,1570.705,1585.896,1578.3004999999998,15.191000000000031,2.2397833584624642,0.7341933457850403,0.7341933457850403,0.576153138672695,0.576153138672695,3,2,1.0,1.0,0.0,0.0,0.7940227766440722,0.46134435709491306,1.778439001367551,0,0.318058626547245,1,1,0,0.9706185680117478,0,1,1.0,0.75,0.75,0.7425295334110628,0.7511732464993308,0.7185964391648727,0.7425295334110628,0.7132188608989624,0.7425295334110628,0.6265549331664044,0.25,1.0,1.0,1,0,2,2.0,9599.0,1,9599.0,,1.0,1,1,2.0,0.2,0.24582246847192707,2.0,0.55,0.8333333333333334,0.48401602080850054,0.20833333333333331,0.3172540052021251,1585.896,1570.705,1585.896,1570.705,1585.896,1570.705,1585.896,1570.705,0.31218432835813764,0.3912778002007792,0.4332647114875671,0.21845548427588143,weak_false_positive
strongest,129,12,10729,10735,10748.0,4,6,1889.212,1913.906,1901.559,24.69399999999996,2.609846826673159,0.7323881119054867,0.7323881119054867,0.6719494118995328,0.6719494118995328,2,2,1.0,1.0,0.0,0.0,0.4582489673604944,1.4138872133811207,1.1959596132920385,0,0.4412943233799173,0,0,0,0.9550768067816745,0,1,0.75,0.25,0.25,0.7587852850958359,0.7514879789027616,0.7121206759173199,0.7587852850958359,0.7472965821268798,0.7587852850958359,0.8092656009942356,0.25,1.0,1.0,2,2,4,2.0,10739.0,1,10739.0,,4.0,1,1,13.0,0.4,0.36554044325907004,13.0,0.2,0.10526315789473684,0.6711833025628541,0.9166666666666666,0.8275765273950995,1913.906,1889.212,1913.906,1889.212,1913.906,1889.212,1913.906,1889.212,0.7567404527711574,1.0,0.7682729582185298,0.7350475109161758,durable_plausible
strongest,68,12,6375,6378,6381.0,4,3,1331.768,1343.923,1337.8455,12.154999999999973,2.3023096313567617,0.729931568307232,0.729931568307232,0.5763312914536882,0.5763312914536882,3,3,0.8333333333333334,0.8019285831635322,0.7319999999999709,0.13864999178552745,0.5246400658165337,1.0944257548317107,1.2078838765250508,0,0.2781691239290375,1,1,0,0.8621417797888432,0,1,0.8333333333333334,0.6666666666666667,0.6666666666666667,0.7167475801844921,0.7466313716105925,0.7180131716320476,0.7167475801844921,0.7205552883859897,0.7167475801844921,0.6734873554446682,0.5,0.8333333333333334,0.8019285831635322,1,0,2,2.0,6380.0,-1,,6380.0,2.0,-1,-1,3.0,0.4,0.25651467800474353,3.0,0.3666666666666667,0.6666666666666666,0.6469917375595972,0.2708333333333333,0.4498729343898993,1343.923,1331.768,1343.923,1331.768,1343.923,1331.768,1343.923,1331.768,0.4293754730949108,0.4888124724149317,0.5348586508764431,0.33845820885295524,unclassified
strongest,164,8,12940,12946,12950.0,4,6,1936.535,1958.155,1947.345,21.61999999999989,2.2670259547692924,0.7256629265506911,0.7256629265506911,0.5522799767064884,0.5522799767064884,2,2,0.875,1.0,0.0,0.0,0.6369102682701226,0.8231338457418514,1.4438921090274408,2,0.5043433761694951,0,1,-1,0.7884674683934578,0,1,0.25,0.75,0.25,0.7310525452162576,0.7432781820774322,0.710003772921738,0.7310525452162576,0.6997990022312178,0.7310525452162576,0.5924311011577486,0.25,0.875,1.0,1,0,2,2.0,12949.0,-1,,12949.0,3.0,-1,-1,4.0,0.4,0.44837068839367195,4.0,0.25,0.6166666666666667,0.6121103933135976,0.3333333333333333,0.49636093166173273,1958.155,1936.535,1958.155,1936.535,1958.155,1936.535,1958.155,1936.535,0.48968539939651884,0.52,0.5849651972204757,0.39401303373246516,fragile_but_plausible
strongest,161,8,12870,12875,12877.0,4,5,1915.375,1936.775,1926.075,21.40000000000009,2.3004047702726034,0.7249867522900338,0.7249867522900338,0.6000949686958713,0.6000949686958713,2,2,1.0,1.0,0.0,0.0,0.7065420560747583,0.6750720540800164,1.6253327161925872,0,0.6557920815500619,1,0,1,0.5400311526479811,0,1,0.625,0.375,0.375,0.7486003262877637,0.741519541348719,0.7073210376411014,0.7486003262877637,0.7134104444092746,0.7486003262877637,0.6693710640667317,0.25,1.0,1.0,0,0,0,,12877.0,1,12877.0,,2.0,1,1,2.0,0.6,0.47377936937723525,2.0,0.5,0.7380952380952381,0.564024723665525,0.125,0.3371371332973336,1936.775,1915.375,1936.775,1915.375,1936.775,1915.375,1936.775,1915.375,0.32113972463576235,0.3908611251215406,0.4423388544550285,0.2209520403057635,unclassified
strongest,94,12,8120,8124,8130.0,7,4,1321.38,1333.002,1327.191,11.621999999999844,2.6195870952938725,0.7232574954769728,0.7232574954769728,0.6306744536884603,0.6306744536884603,2,2,1.0,1.0,0.0,0.0,0.5342453966614968,1.2200847484792592,1.399502346814613,0,0.4608902636139681,0,0,0,0.8373200252394983,0,1,0.6666666666666667,0.16666666666666663,0.16666666666666663,0.7231321858505648,0.7448763221730192,0.7051177305925193,0.7231321858505648,0.73737851956839,0.7231321858505648,0.7869044923108731,0.25,1.0,1.0,0,0,0,,,0,,,,0,0,,0.4,0.408317768913098,6.0,0.4,0.7999999999999999,0.41931017398194764,0.125,0.30857754349548694,1333.002,1321.38,1333.002,1321.38,1333.002,1321.38,1333.002,1321.38,0.3176579574398776,0.3628384275143329,0.4371634102370616,0.2021433436222181,unclassified
strongest,137,8,11394,11400,11419.0,4,6,1723.683,1742.442,1733.0625,18.759000000000015,2.3119377751795493,0.7219375371244556,0.7219375371244556,0.5699943097913114,0.5699943097913114,2,2,1.0,1.0,0.0,0.0,0.4495975265206014,1.2724962699892814,1.0394415051902677,0,0.5502522329153231,0,0,0,0.8249551326474385,0,1,0.25,0.625,0.25,0.7414919547864554,0.7388832289678657,0.7045744491500712,0.7414919547864554,0.7002873168077199,0.7414919547864554,0.6145212278027253,0.25,1.0,1.0,3,3,6,2.0,11406.0,1,11406.0,11410.0,6.0,1,-1,19.0,0.4,0.4521354969509124,19.0,0.2,0.08,0.7284735047731636,1.0,0.8761183761932909,1742.442,1723.683,1742.442,1723.683,1742.442,1723.683,1742.442,1723.683,0.7985630922038751,1.0,0.7828355128579874,0.7932013218999984,durable_plausible
strongest,19,8,2376,2380,2382.0,4,4,1162.814,1174.451,1168.6325000000002,11.636999999999944,2.606292538386767,0.7213051211057552,0.7213051211057552,0.6600847233424629,0.6600847233424629,2,2,1.0,0.8956958264262823,0.32600000000002183,0.07301292150160239,0.4807080862765189,1.3534266399820936,1.2528658984046734,0,0.4675724561308494,0,0,0,0.9883417833920691,0,1,0.625,0.5,0.5,0.7489623224966843,0.7359729573487698,0.7045589864390742,0.7489623224966843,0.736656894001556,0.7489623224966843,0.8022205824320915,0.25,1.0,0.8956958264262823,0,0,0,,2382.0,-1,,2382.0,2.0,-1,-1,2.0,0.0,0.38082299490557237,2.0,0.5,0.7222222222222222,0.5052001528743397,0.125,0.32560559377414056,1174.451,1162.814,1174.451,1162.814,1174.451,1162.814,1174.451,1162.814,0.31017970112061816,0.3770317614975411,0.4322299007895651,0.20753116601893717,unclassified
strongest,18,8,1886,1890,1894.0,4,4,1150.249,1164.022,1157.1354999999999,13.77299999999991,2.4212315602561105,0.7174307371766717,0.7174307371766717,0.5985338205980658,0.5985338205980658,2,2,0.75,1.0,0.0,0.0,0.39613737021708695,1.4620912572896405,0.95914030296647,0,0.5851858567877347,0,1,-1,0.6591640649579998,0,1,0.5,0.75,0.5,0.745759161518628,0.7348158853239329,0.6982946648382593,0.745759161518628,0.7074386407673283,0.745759161518628,0.6709721035122572,0.25,0.75,1.0,1,0,2,2.0,1893.0,-1,,1893.0,3.0,-1,-1,4.0,0.2,0.3807689616132182,4.0,0.25,0.5833333333333334,0.5824554691815172,0.3333333333333333,0.4956138672953793,1164.022,1150.249,1164.022,1150.249,1164.022,1150.249,1164.022,1150.249,0.4862629815676652,0.52,0.5836933762302956,0.38740605752121204,fragile_but_plausible
strongest,143,16,11905,11912,11918.0,4,7,1774.36,1793.71,1784.0349999999999,19.350000000000136,2.5756812147334545,0.714213986664897,0.714213986664897,0.5986426305960244,0.5986426305960244,2,2,1.0,1.0,0.0,0.0,0.3666666666666655,1.6312647693311908,0.9444164454022635,0,0.47049956933677617,0,0,0,0.9145564168820023,0,1,0.625,0.5625,0.5625,0.725692891695065,0.7345356740995477,0.6953071444149636,0.725692891695065,0.7135789878709213,0.725692891695065,0.7082093023255837,0.25,1.0,1.0,0,0,0,,11918.0,1,11918.0,,6.0,1,1,6.0,0.2,0.4132213608957773,6.0,0.2,0.5128205128205128,0.6777536125512588,0.375,0.5581243005737121,1793.71,1774.36,1793.71,1774.36,1793.71,1774.36,1793.71,1774.36,0.542272891903422,0.6521935004996146,0.6262542606189399,0.4548962858711543,fragile_but_plausible
weakest,21,8,2477,2480,2485.0,4,3,1091.571,1099.315,1095.443,7.744000000000142,1.32925702803398,0.5593018709250057,0.5593018709250057,0.5281309809123292,0.5281309809123292,4,2,1.0,0.9261905317594394,0.30100000000015825,0.05166662776839243,0.6185433884297654,0.5070538818197623,0.8222031462142176,0,0.601972130205151,3,0,1,0.5856577134986214,0,1,1.0,0.375,0.375,0.6919451994301757,0.5816030225875237,0.5193459709676636,0.6919451994301757,0.5614647649311256,0.6919451994301757,0.6054258375452535,0.25,1.0,0.9261905317594394,1,1,2,2.0,2481.0,-1,,2481.0,1.0,-1,-1,5.0,0.6,0.44082398769937464,5.0,0.4166666666666667,0.5416666666666666,0.37421609513473975,0.39583333333333337,0.4404290237836849,1099.315,1091.571,1099.315,1091.571,1099.315,1091.571,1099.315,1091.571,0.3998111501676803,0.5459843144720854,0.507052454117134,0.3122997345915653,unclassified
weakest,96,8,8257,8260,8261.0,4,3,1307.276,1319.236,1313.256,11.960000000000036,2.894681369696731,0.563103388260412,0.563103388260412,0.4736160277729737,0.4736160277729737,3,2,1.0,0.7199364656648128,0.8099999999999454,0.19604447403463102,0.2646321070234075,2.1286557396724817,0.7660256300242492,0,0.7075500763414257,0,3,-1,0.4673913043478115,0,1,0.5,0.875,0.5,0.6073731772038627,0.5823226679114863,0.5398760271225573,0.6073731772038627,0.5754720274537816,0.6073731772038627,0.6329627472008204,0.25,1.0,0.7199364656648128,0,0,0,,8261.0,-1,,8261.0,1.0,-1,-1,1.0,0.6,0.5949833447053202,1.0,0.7166666666666667,0.8333333333333334,0.35807409557114156,0.0625,0.2013935238927854,1319.236,1307.276,1319.236,1307.276,1319.236,1307.276,1319.236,1307.276,0.18685906268058153,0.2561105999969661,0.2925335815016784,0.11040003098931091,strong_false_positive
weakest,8,5,1264,1267,1267.0,7,3,1231.671,1240.444,1236.0575,8.77299999999991,1.5542059059050275,0.5754080416375682,0.5754080416375682,0.4943345787322417,0.4943345787322417,3,2,1.0,0.6902268276322372,1.2239999999999327,0.21684122065743397,0.5529465405220488,0.6948131269759055,0.8593927789291219,1,0.48626401307525535,2,0,1,0.7851362133819662,0,1,0.8,0.4,0.4,0.653639922239069,0.59046078968297,0.5502466323831906,0.653639922239069,0.5750428557883251,0.653639922239069,0.5937994348093044,0.25,1.0,0.6902268276322372,0,0,0,,,0,,,,0,0,,0.6,0.26107566934282705,0.0,0.6666666666666667,0.9166666666666666,0.32580882805865913,0.0,0.16478554034799808,1240.444,1231.671,1240.444,1231.671,1240.444,1231.671,1240.444,1231.671,0.1760027140367695,0.23325289816632178,0.2887686072123744,0.08602657570868595,strong_false_positive
weakest,59,12,5123,5126,5127.0,4,3,1239.352,1250.557,1244.9545,11.204999999999927,2.875802067811802,0.5802716355519396,0.5802716355519396,0.5204495484385482,0.5204495484385482,4,2,0.9166666666666666,0.6604841314727421,0.9259999999999309,0.23766110796908052,0.5553770638107984,1.2786475592894606,1.5971545085223413,1,0.5152311322736511,1,0,1,0.6673211363974532,0,1,0.8333333333333334,0.5,0.5,0.615036739627181,0.598079647013711,0.5597504892720131,0.615036739627181,0.6118683466768419,0.615036739627181,0.7436814608127609,0.25,0.9166666666666666,0.6604841314727421,0,0,0,,5127.0,1,5127.0,,1.0,1,1,1.0,0.6,0.4905189032196004,1.0,0.7166666666666667,0.8333333333333334,0.32837139721567915,0.0625,0.19396784930391978,1250.557,1239.352,1250.557,1239.352,1250.557,1239.352,1250.557,1239.352,0.18222082314103646,0.24985302395807046,0.28863441302458687,0.10441673180871087,strong_false_positive
weakest,163,16,12878,12881,12897.0,4,3,1915.375,1944.485,1929.9299999999998,29.1099999999999,2.8675135066971014,0.5824211782459743,0.5824211782459743,0.5490245096867479,0.5490245096867479,2,3,1.0,1.0,0.0,0.0,0.18790793541738393,2.3286849638721865,0.5388285428249151,0,0.752112746861815,0,3,-1,0.4540249627848365,0,1,0.8125,0.9375,0.8125,0.7119487153812136,0.607037547573389,0.5410190220693076,0.7119487153812136,0.5829417562275223,0.7119487153812136,0.618595641852218,0.25,1.0,1.0,2,1,4,2.0,12882.0,-1,12896.0,12882.0,1.0,-1,1,16.0,0.4,0.21592554379489792,16.0,0.4166666666666667,0.4692982456140351,0.44663201794286517,0.6666666666666667,0.5677983553629092,1944.485,1915.375,1944.485,1915.375,1944.485,1915.375,1944.485,1915.375,0.5088013145284146,0.8193992369571227,0.606690380375088,0.44633675176984633,fragile_but_plausible
weakest,165,5,13194,13198,13202.0,4,4,1835.275,1844.685,1839.98,9.409999999999854,1.0377911979702215,0.58736453044326,0.58736453044326,0.49336415930232097,0.49336415930232097,2,4,0.8,0.8109382970146755,1.2000000000000455,0.1323431920897271,0.6429330499468702,0.37056093785121086,0.6672302601190107,0,0.262551088052705,0,3,-1,0.6312433581296487,0,1,0.4,1.0,0.4,0.630935840179544,0.6066437655413673,0.5641985634030443,0.630935840179544,0.5956556476202314,0.630935840179544,0.6365935802123331,0.25,0.8,0.8109382970146755,2,1,4,2.0,13199.0,-1,,13199.0,1.0,-1,-1,4.0,0.2,0.24665125508057095,4.0,0.35,0.5833333333333334,0.3181649739686323,0.5,0.4678745768254914,1844.685,1835.275,1845.2849999999999,1835.095,1845.2849999999999,1835.095,1844.685,1835.275,0.4381787436299055,0.5725952664103593,0.5328540876504224,0.35848143197949045,fragile_but_plausible
weakest,208,5,16759,16762,16766.0,4,3,2637.785,2659.67,2648.7275,21.88500000000022,1.6075226367728894,0.5898165674041516,0.5898165674041516,0.5034146799324841,0.5034146799324841,2,5,1.0,1.0,0.0,0.0,0.43614347726753383,0.9064121241844867,0.7011105125884027,0,0.4691321718664009,0,3,-1,0.7528748762470459,0,1,0.4,1.0,0.4,0.6626440403289918,0.6179262791015013,0.5545520139104033,0.6626440403289918,0.588893330600746,0.6626440403289918,0.5995100669799203,0.25,1.0,1.0,2,1,4,2.0,16763.0,-1,,16763.0,1.0,-1,-1,4.0,0.6,0.2023803055089553,4.0,0.4166666666666667,0.5595238095238095,0.40391918839039076,0.5,0.48074170185950243,2659.67,2637.785,2659.67,2637.785,2659.67,2637.785,2659.67,2637.785,0.4364623399633525,0.5899483584161072,0.5366556486903101,0.36200226400657576,fragile_but_plausible
weakest,107,5,9161,9164,9169.0,4,3,1484.836,1493.21,1489.0230000000001,8.374000000000024,1.5222911960581509,0.5898413123894579,0.5898413123894579,0.5177082635682618,0.5177082635682618,3,2,1.0,0.9433860792349126,0.21800000000007458,0.0396297445355612,0.757224743252911,0.3695746359668508,1.1527165600913,0,0.6400330466616004,2,0,1,0.5976434997213629,0,1,1.0,0.4,0.4,0.6645062538462824,0.6155417092823026,0.5563065883663766,0.6645062538462824,0.5951016924114518,0.6645062538462824,0.6318118667599005,0.25,1.0,0.9433860792349126,2,1,4,2.0,9166.0,1,9166.0,9169.0,2.0,1,-1,5.0,0.2,0.3270697272923232,5.0,0.3666666666666667,0.4583333333333333,0.4446713838573367,0.5625,0.5430428459643343,1493.21,1484.836,1493.21,1484.836,1493.21,1484.836,1493.21,1484.836,0.48834420091040753,0.7779757602596991,0.5808766759255003,0.42041988479749737,fragile_but_plausible
weakest,7,8,1185,1188,1201.0,4,3,1204.109,1219.954,1212.0315,15.845000000000027,2.7717499864893673,0.5940134059462567,0.5940134059462567,0.5099049786485682,0.5099049786485682,2,4,1.0,1.0,0.0,0.0,0.27137898390660614,2.0195552915127335,0.7521946949766338,1,0.7054039369705138,0,3,-1,0.42520248238142133,0,1,0.375,0.875,0.375,0.6530103847859445,0.6217392299486141,0.5612841971699264,0.6530103847859445,0.6001602997190472,0.6530103847859445,0.6347546443581548,0.25,1.0,1.0,1,1,2,2.0,1193.0,1,1193.0,1201.0,5.0,1,-1,13.0,0.8,0.6716479511550902,13.0,0.2666666666666667,0.22916666666666666,0.5150480795212756,0.7083333333333334,0.677512019880319,1219.954,1204.109,1219.954,1204.109,1219.954,1204.109,1219.954,1204.109,0.6016459480355029,0.8786656308818431,0.6713479528329755,0.5545309750961699,durable_plausible
weakest,34,16,3411,3414,3417.0,4,3,1224.548,1248.504,1236.5259999999998,23.955999999999904,2.9493315959628017,0.5953957823891425,0.5953957823891425,0.5423042407549371,0.5423042407549371,2,3,0.9375,1.0,0.0,0.0,0.6953164134246115,0.8986129286580611,2.0507186673047406,0,0.6378764742792123,0,0,0,0.7138364779874136,0,1,0.375,0.6875,0.375,0.6624361365936362,0.6251820611548092,0.5596488515532635,0.6624361365936362,0.6134828167154732,0.6624361365936362,0.6977522581612204,0.25,0.9375,1.0,0,0,0,,3417.0,1,3417.0,,3.0,1,1,3.0,0.2,0.572774006617185,3.0,0.4166666666666667,0.5833333333333334,0.43089777000715357,0.1875,0.37334944250178836,1248.504,1224.548,1248.504,1224.548,1248.504,1224.548,1248.504,1224.548,0.33807497771740774,0.3899585727179127,0.4486444278421188,0.23871148053152094,unclassified
weakest,122,12,10275,10278,10280.0,4,3,1769.582,1787.025,1778.3035,17.442999999999984,2.7888962977385643,0.595569197349358,0.595569197349358,0.5074858192695656,0.5074858192695656,4,2,0.9166666666666666,0.9499784367691593,0.21900000000005093,0.0350150942615885,0.7390357163331917,0.7278023245603584,2.0610939731782056,1,0.6450304293968342,3,0,1,0.3725658812513244,0,1,0.9166666666666666,0.41666666666666663,0.41666666666666663,0.6405408349275978,0.6224048137188819,0.5658318175864394,0.6405408349275978,0.6060536776028262,0.6405408349275978,0.6537951254034885,0.25,0.9166666666666666,0.9499784367691593,0,0,0,,10280.0,1,10280.0,,2.0,1,1,2.0,1.0,0.6120445937358879,2.0,0.5666666666666667,0.7000000000000001,0.38675071197335303,0.125,0.2871043446600049,1787.025,1769.582,1787.025,1769.582,1787.025,1769.582,1787.025,1769.582,0.25799986543347114,0.32236354237082787,0.3706041617709798,0.1679066035749346,strong_false_positive
weakest,211,12,17107,17110,17113.0,4,3,2611.725,2639.16,2625.4425,27.434999999999945,2.8434598078102247,0.5969681791590622,0.5969681791590622,0.5577165287880305,0.5577165287880305,2,3,1.0,0.7653214717707142,1.5850000000000364,0.16427496976050002,0.44742117732823455,1.5712356729142583,1.2722241348959662,0,0.5228557800746138,0,2,-1,0.7021444626693517,0,1,0.6666666666666667,0.9166666666666666,0.6666666666666667,0.6702462194012883,0.616108592336787,0.5691657456510171,0.6702462194012883,0.6181453809245486,0.6702462194012883,0.7201782286471347,0.25,1.0,0.7653214717707142,1,0,0,0.0,17112.0,-1,,17112.0,2.0,-1,0,3.0,0.4,0.39304517804380384,3.0,0.4666666666666667,0.6666666666666666,0.40959106260059785,0.2708333333333333,0.3705227656501495,2639.16,2611.725,2639.16,2611.725,2639.16,2611.725,2639.16,2611.725,0.3425526516402194,0.40768547497955065,0.4535137302866753,0.2515590735472594,unclassified
weakest,191,8,15369,15372,15373.0,4,3,1931.625,1949.25,1940.4375,17.625,2.6039633307874688,0.5997125434728637,0.5997125434728637,0.4837952592534538,0.4837952592534538,4,2,0.75,1.0,0.0,0.0,0.8666666666666718,0.34719511077164905,2.25676822001582,2,0.7604539007092204,3,0,1,0.38808510638297844,0,1,1.0,0.5,0.5,0.6329848972752073,0.6282843101408592,0.5703886828633726,0.6329848972752073,0.6009051120953097,0.6329848972752073,0.6071795744680848,0.25,0.75,1.0,0,0,0,,15373.0,1,15373.0,,1.0,1,1,1.0,0.8,0.7085768321513085,1.0,0.7166666666666667,0.8333333333333334,0.3806480774126663,0.0625,0.20703701935316657,1949.25,1931.625,1949.25,1931.625,1949.25,1931.625,1949.25,1931.625,0.1932102112452638,0.26558174472939805,0.3017841424452161,0.11494732448564189,strong_false_positive
weakest,225,12,18380,18383,18388.0,7,3,4011.265,4161.505,4086.385,150.24000000000024,2.855521114122019,0.6001819202590464,0.6001819202590464,0.5413713100290896,0.5413713100290896,3,2,1.0,0.8142803474384442,6.839999999999691,0.13000375679308904,0.6209065495207678,1.0825093520688174,1.7730117620532015,1,0.600049304617525,1,0,1,0.5992634007809725,0,1,0.75,0.25,0.25,0.6602616227972788,0.6205928823923702,0.5734239596609372,0.6602616227972788,0.6175849168521942,0.6602616227972788,0.6998909001543562,0.25,1.0,0.8142803474384442,0,0,0,,,0,,,,0,0,,0.6,0.5601249540050802,5.0,0.4666666666666667,0.7916666666666666,0.32393824728422715,0.10416666666666667,0.2657762284877235,4161.505,4011.265,4161.505,4011.265,4161.505,4011.265,4161.505,4011.265,0.26566011053893845,0.3117031146694293,0.3822280523648922,0.15791426646835743,strong_false_positive
weakest,79,12,7619,7622,7629.0,4,3,1228.004,1243.33,1235.667,15.326000000000022,2.9988038690037855,0.6015355859025566,0.6015355859025566,0.5554768136807077,0.5554768136807077,2,3,0.8333333333333334,1.0,0.0,0.0,0.42535560485449536,1.7232458354636793,1.275558033540106,0,0.5666668522884128,0,0,0,0.7091652529470654,0,1,0.75,0.33333333333333337,0.33333333333333337,0.6642394857617356,0.6318507929822571,0.5660381879781395,0.6642394857617356,0.6245755428626616,0.6642394857617356,0.7270997523925143,0.25,0.8333333333333334,1.0,3,2,6,2.0,7624.0,-1,,7624.0,2.0,-1,-1,7.0,0.4,0.1818869868753037,7.0,0.3666666666666667,0.26666666666666666,0.5463838713454259,0.7291666666666667,0.6651376345030232,1243.33,1228.004,1243.33,1228.004,1243.33,1228.004,1243.33,1228.004,0.573493793720316,0.8797252966143594,0.6554689934579754,0.5287692074658461,unclassified
weakest,69,12,6388,6391,6406.0,4,3,1324.131,1340.438,1332.2845000000002,16.307000000000016,2.890048277672809,0.6036232771011331,0.6036232771011331,0.5352218074867967,0.5352218074867967,2,4,1.0,1.0,0.0,0.0,0.6002943521187206,1.1551686192353856,1.734879658437423,1,0.4793667169491672,0,0,0,0.8207927066086222,0,1,0.16666666666666663,0.6666666666666667,0.16666666666666663,0.6592903415972987,0.6332395969361154,0.5698388381203614,0.6592903415972987,0.6185030502060487,0.6592903415972987,0.6863583809172896,0.25,1.0,1.0,1,0,2,2.0,6405.0,1,6405.0,,14.0,1,1,15.0,0.2,0.2805447511802798,15.0,0.2666666666666667,0.3888888888888889,0.5339650748065112,0.625,0.6211301575905167,1340.438,1324.131,1340.438,1324.131,1340.438,1324.131,1340.438,1324.131,0.5704224546652104,0.8429500501028019,0.6457217230413672,0.5128228016695452,fragile_but_plausible
weakest,77,16,7266,7269,7280.0,7,3,1205.837,1216.215,1211.0259999999998,10.377999999999929,2.500074099657033,0.6039157305209273,0.6039157305209273,0.511390341912717,0.511390341912717,5,2,1.0,0.9593909170829258,0.11799999999993815,0.028426358041951944,0.7756793216419358,0.5608183179804922,1.9392557816765406,0,0.7047514530808785,3,0,1,0.4247446521487699,0,1,1.0,0.75,0.75,0.6601427772834944,0.6288733591928425,0.573954994954508,0.6601427772834944,0.6060200978040388,0.6601427772834944,0.6244437807254927,0.25,1.0,0.9593909170829258,3,3,6,2.0,7271.0,1,7271.0,7275.0,2.0,1,0,,0.4,0.4470358472480676,11.0,0.3666666666666667,0.2380952380952381,0.5851505852307903,0.8125,0.7097102653553167,1216.215,1205.837,1216.215,1205.837,1216.215,1205.837,1216.215,1205.837,0.6103451238526623,0.9236612753320715,0.6873200074212559,0.5761907237101701,unclassified
weakest,209,5,16862,16865,16867.0,4,3,2770.985,2790.15,2780.5675,19.164999999999964,1.7629626605251585,0.6041941639184243,0.6041941639184243,0.49456164692427285,0.49456164692427285,4,2,0.8,0.9842305155034977,0.11999999999989086,0.011038639147551632,0.7404122097573744,0.45764358132598587,1.3053190791991727,2,0.6630487520472318,3,0,1,0.45221323593356044,0,1,1.0,0.4,0.4,0.6474127807984711,0.6312730197167631,0.5745329463470124,0.6474127807984711,0.6036239432232804,0.6474127807984711,0.6065077839888514,0.25,0.8,0.9842305155034977,0,0,0,,16867.0,-1,,16867.0,2.0,-1,-1,2.0,0.4,0.314090856526335,2.0,0.5666666666666667,0.7000000000000001,0.41595435779329964,0.125,0.2944052561149916,2790.15,2770.985,2790.15,2770.985,2790.15,2770.985,2790.15,2770.985,0.26426568112836746,0.3306769934278081,0.3773191676744772,0.1745904663301173,strong_false_positive
weakest,223,16,18204,18207,18212.0,4,3,3612.885,3657.635,3635.26,44.75,2.6427388785015156,0.6046546686028988,0.6046546686028988,0.5265322584807982,0.5265322584807982,5,2,0.9375,1.0,0.0,0.0,0.6803351955307197,0.8447906068595519,1.7979482716419635,2,0.6481396127877771,2,0,1,0.4454376163873519,0,1,0.9375,0.5,0.5,0.6699220892451587,0.6310191144335107,0.5720657468024233,0.6699220892451587,0.6098874237241119,0.6699220892451587,0.6432673961486913,0.25,0.9375,1.0,1,0,2,2.0,18211.0,1,18211.0,,4.0,1,1,5.0,0.8,0.6219038656721031,5.0,0.2666666666666667,0.4583333333333333,0.47438171750428726,0.3958333333333333,0.5121370960427385,3657.635,3612.885,3657.635,3612.885,3657.635,3612.885,3657.635,3612.885,0.475543463606706,0.5942096500227387,0.5669356202709617,0.3872859059798831,fragile_but_plausible
weakest,166,8,13227,13230,13236.0,4,3,1820.635,1840.905,1830.77,20.269999999999982,2.655010184072847,0.6070108699578503,0.6070108699578503,0.5158917161136014,0.5158917161136014,2,3,1.0,1.0,0.0,0.0,0.19240256536754288,2.144179413580279,0.5108307704925681,0,0.7852859120180451,0,3,-1,0.40980101956915127,0,1,0.375,0.75,0.375,0.6791501627919082,0.6321438630033638,0.5743568689461698,0.6791501627919082,0.6024715006399572,0.6791501627919082,0.5993560393007192,0.25,1.0,1.0,3,2,6,2.0,13231.0,-1,,13231.0,1.0,-1,-1,6.0,1.0,0.7166354364086786,6.0,0.4166666666666667,0.3611111111111111,0.6124980415244525,0.6666666666666666,0.6309022881588909,1840.905,1820.635,1840.905,1820.635,1840.905,1820.635,1840.905,1820.635,0.5437483071746243,0.8611975568572798,0.6343906119021658,0.49435257963585916,fragile_but_plausible
ranging_short_lived,93,5,8121,8124,8124.0,7,3,1325.106,1332.478,1328.792,7.372000000000071,1.6616413755383646,0.6490681926632655,0.6490681926632655,0.586031533027215,0.586031533027215,2,2,1.0,1.0,0.0,0.0,0.3368149755832777,1.1019756762082462,0.5596656993301182,0,0.44656137563816317,0,0,0,0.8221197323204744,0,1,0.4,0.4,0.4,0.7154069052161449,0.6762224291059964,0.6156444400429109,0.7154069052161449,0.6564661943848538,0.7154069052161449,0.6985972336264542,0.25,1.0,1.0,0,0,0,,,0,,,,0,0,,0.0,0.3109017151904852,0.0,0.6666666666666667,0.9166666666666666,0.3964694952958393,0.0,0.18245070715729314,1332.478,1325.106,1332.478,1325.106,1332.478,1325.106,1332.478,1325.106,0.19465433533537252,0.260138949505155,0.3140440733287889,0.10090653455104882,strong_false_positive
ranging_short_lived,193,5,15727,15730,15730.0,7,3,2030.645,2044.64,2037.6425,13.995000000000118,1.8514881180787748,0.643638983493982,0.643638983493982,0.5381028972464804,0.5381028972464804,2,2,1.0,1.0,0.0,0.0,0.1925687745623375,1.4949493200636166,0.35653879801515814,0,0.6427141015630986,0,1,-1,0.6002143622722307,0,1,0.4,1.0,0.4,0.7012423620858638,0.6689927879432479,0.6131252471818974,0.7012423620858638,0.6352993867177595,0.7012423620858638,0.612260863338507,0.25,1.0,1.0,0,0,0,,,0,,,,0,0,,0.0,0.2772209387801349,0.0,0.6666666666666667,0.9166666666666666,0.4329784842459182,0.0,0.19157795439481287,2044.64,2030.645,2044.64,2030.645,2044.64,2030.645,2044.64,2030.645,0.20005205719928418,0.2671186971550388,0.3178877460569784,0.10859471914078629,strong_false_positive
ranging_short_lived,31,12,3130,3134,3135.0,4,4,1068.129,1076.977,1072.5529999999999,8.848000000000184,2.174236814008797,0.8092410275101923,0.8092410275101923,0.6796078110618909,0.6796078110618909,3,3,1.0,1.0,0.0,0.0,0.3210895117540758,1.476112176960975,0.698124637047822,0,0.4791812838037736,0,0,0,0.9106389391199681,0,1,0.75,0.25,0.25,0.8044207222309862,0.8217559809747409,0.7994997154446445,0.8044207222309862,0.7967826962978619,0.8044207222309862,0.7414020886505382,0.5,1.0,1.0,0,0,0,,3135.0,-1,,3135.0,1.0,-1,-1,1.0,0.4,0.32978721501820485,1.0,0.55,0.85,0.6200455411555378,0.0625,0.29688638528888445,1076.977,1068.129,1076.977,1068.129,1076.977,1068.129,1076.977,1068.129,0.29843495304543594,0.37508852766031014,0.42696278528501624,0.1947656399728659,strong_false_positive
ranging_short_lived,138,8,11494,11497,11498.0,4,3,1731.625,1749.125,1740.375,17.5,2.096101187421962,0.7034301024392982,0.7034301024392982,0.6269457525054464,0.6269457525054464,2,2,1.0,0.9760445578580176,0.14000000000010004,0.01676880949938768,0.8908571428571381,0.22877447245577823,1.8673267149661839,0,0.27718383673470076,1,1,0,0.8912380952380945,0,1,1.0,0.75,0.75,0.7577153253986167,0.7270029023112836,0.6749433148733394,0.7577153253986167,0.6843631651872306,0.7577153253986167,0.7123599314285667,0.25,1.0,0.9760445578580176,0,0,0,,11498.0,1,11498.0,,1.0,1,1,1.0,0.4,0.250458122448982,1.0,0.7166666666666667,0.8333333333333334,0.5216861257862747,0.0625,0.24229653144656868,1749.125,1731.625,1749.125,1731.625,1749.125,1731.625,1749.125,1731.625,0.22971872122838916,0.31946267226107805,0.3525225611662217,0.1433579701841681,strong_false_positive
ranging_short_lived,187,8,14708,14711,14712.0,5,3,1949.22,1966.98,1958.1,17.75999999999999,2.268545352798886,0.6969203579779033,0.6969203579779033,0.6208129259731859,0.6208129259731859,2,2,1.0,1.0,0.0,0.0,0.7865990990991011,0.48410962202183,1.7844357307770562,0,0.5102264426588758,1,0,1,0.839339339339336,0,1,0.375,0.5,0.375,0.7631851421070823,0.7187116408493993,0.668013314905178,0.7631851421070823,0.6925066367941602,0.7631851421070823,0.6890832724616466,0.25,1.0,1.0,0,0,0,,14712.0,0,,,1.0,0,0,,0.0,0.46372142835403224,1.0,0.5666666666666667,0.8333333333333334,0.5284848680514963,0.0625,0.2739962170128741,1966.98,1949.22,1966.98,1949.22,1966.98,1949.22,1966.98,1949.22,0.2726022027844987,0.34440358111973757,0.3978048444996672,0.17125042840500265,strong_false_positive
ranging_short_lived,36,8,3815,3818,3819.0,4,3,1206.841,1217.61,1212.2255,10.769000000000005,2.1770259502990856,0.6878851656384455,0.6878851656384455,0.5926121319433044,0.5926121319433044,3,2,1.0,1.0,0.0,0.0,0.45343114495310943,1.18989458106234,0.9871313692367455,0,0.5039369849250902,0,1,-1,0.8858761259169942,0,1,0.375,0.75,0.375,0.7099397559563158,0.7134993219052657,0.6628405399234573,0.7099397559563158,0.6954478789115162,0.7099397559563158,0.7245596709001348,0.25,1.0,1.0,0,0,0,,3819.0,1,3819.0,,1.0,1,1,1.0,0.4,0.3994309422651293,1.0,0.7166666666666667,0.8333333333333334,0.4872485801857216,0.0625,0.2336871450464304,1217.61,1206.841,1217.61,1206.841,1217.61,1206.841,1217.61,1206.841,0.2192473065132943,0.303708473910595,0.3366696811260603,0.13642088534736999,strong_false_positive
ranging_short_lived,204,16,16343,16349,16350.0,4,6,2318.595,2338.55,2328.5725,19.955000000000382,2.1034513060207245,0.6877388511648538,0.6877388511648538,0.5278838468228269,0.5278838468228269,2,3,1.0,0.8140271064942652,1.2349999999996726,0.13018102545401433,0.7421698822350347,0.5423330979441935,1.561118208076531,0,0.5826154450118551,1,0,1,0.7899440407583724,0,1,0.75,0.75,0.75,0.688989472597885,0.6988248791846228,0.6782264881989628,0.688989472597885,0.6728775922434503,0.688989472597885,0.6102852264500801,0.25,1.0,0.8140271064942652,0,0,0,,16350.0,1,16350.0,,1.0,1,1,1.0,0.2,0.37805847421294375,1.0,0.65,0.8690476190476191,0.4730996101321906,0.0625,0.23634037872352384,2338.55,2318.595,2338.55,2318.595,2338.55,2318.595,2338.55,2318.595,0.23089340605189296,0.3052363415235406,0.3476823696510728,0.14296731867633825,strong_false_positive
ranging_short_lived,2,8,931,934,935.0,4,3,1286.076,1295.375,1290.7255,9.298999999999978,2.1174850283068314,0.686564516954761,0.686564516954761,0.6001135117298491,0.6001135117298491,3,2,1.0,1.0,0.0,0.0,0.5567265297343714,0.9386249367330819,1.1788600915737493,0,0.4217207952950828,0,0,0,0.9360146252285079,0,1,0.375,0.625,0.375,0.722264022889944,0.7117545546277788,0.6596929643597966,0.722264022889944,0.6922051113978369,0.722264022889944,0.7181305190140334,0.25,1.0,1.0,0,0,0,,935.0,-1,,935.0,1.0,-1,-1,1.0,0.4,0.37674103603341436,1.0,0.7166666666666667,0.8333333333333334,0.47579840287951886,0.0625,0.2308246007198797,1295.375,1286.076,1295.375,1286.076,1295.375,1286.076,1295.375,1286.076,0.2183016630856713,0.3027017259849049,0.3370405833379141,0.13411436640171573,strong_false_positive
ranging_short_lived,214,8,17410,17413,17414.0,4,3,2880.28,2915.59,2897.9350000000004,35.309999999999945,2.324363716011192,0.6594565758655833,0.6594565758655833,0.5669790643603639,0.5669790643603639,2,3,1.0,0.7381011874786243,2.7849999999998545,0.18332916876496297,0.8933729821580194,0.2478399714183776,2.076523744592815,0,0.3561094512567088,1,1,0,0.9142830170867688,0,1,0.25,0.75,0.25,0.717810419718509,0.6716349765493599,0.6398901042747429,0.717810419718509,0.654567696537927,0.717810419718509,0.6497883210414296,0.25,1.0,0.7381011874786243,0,0,0,,17414.0,1,17414.0,,1.0,1,1,1.0,0.4,0.24225563025101376,1.0,0.7166666666666667,0.8333333333333334,0.46775056743374516,0.0625,0.22881264185843628,2915.59,2880.28,2915.59,2880.28,2915.59,2880.28,2915.59,2880.28,0.2164579008494421,0.30002675654489985,0.33467811479648124,0.13249321378278384,strong_false_positive
ranging_short_lived,37,16,3815,3818,3819.0,4,3,1205.895,1220.412,1213.1535,14.517000000000053,2.9347094178189175,0.6278416768232095,0.6278416768232095,0.5967035717529117,0.5967035717529117,2,2,1.0,1.0,0.0,0.0,0.40152924157883374,1.756337771027827,1.1783716467910907,0,0.5633654602401139,0,0,0,0.78749052834607,0,1,0.3125,0.8125,0.3125,0.7080591725248064,0.6556883982774487,0.5916156314893929,0.7080591725248064,0.6464986859268729,0.7080591725248064,0.7378853701006806,0.25,1.0,1.0,0,0,0,,3819.0,1,3819.0,,1.0,1,1,1.0,0.2,0.48143393453444866,1.0,0.7166666666666667,0.8333333333333334,0.4003763940091826,0.0625,0.21196909850229564,1220.412,1205.895,1220.412,1205.895,1220.412,1205.895,1220.412,1205.895,0.20349767203594624,0.28176263496809417,0.3204068133927239,0.11892138836071221,strong_false_positive
ranging_short_lived,96,8,8257,8260,8261.0,4,3,1307.276,1319.236,1313.256,11.960000000000036,2.894681369696731,0.563103388260412,0.563103388260412,0.4736160277729737,0.4736160277729737,3,2,1.0,0.7199364656648128,0.8099999999999454,0.19604447403463102,0.2646321070234075,2.1286557396724817,0.7660256300242492,0,0.7075500763414257,0,3,-1,0.4673913043478115,0,1,0.5,0.875,0.5,0.6073731772038627,0.5823226679114863,0.5398760271225573,0.6073731772038627,0.5754720274537816,0.6073731772038627,0.6329627472008204,0.25,1.0,0.7199364656648128,0,0,0,,8261.0,-1,,8261.0,1.0,-1,-1,1.0,0.6,0.5949833447053202,1.0,0.7166666666666667,0.8333333333333334,0.35807409557114156,0.0625,0.2013935238927854,1319.236,1307.276,1319.236,1307.276,1319.236,1307.276,1319.236,1307.276,0.18685906268058153,0.2561105999969661,0.2925335815016784,0.11040003098931091,strong_false_positive
ranging_short_lived,114,8,9592,9598,9600.0,4,6,1570.705,1585.896,1578.3004999999998,15.191000000000031,2.2397833584624642,0.7341933457850403,0.7341933457850403,0.576153138672695,0.576153138672695,3,2,1.0,1.0,0.0,0.0,0.7940227766440722,0.46134435709491306,1.778439001367551,0,0.318058626547245,1,1,0,0.9706185680117478,0,1,1.0,0.75,0.75,0.7425295334110628,0.7511732464993308,0.7185964391648727,0.7425295334110628,0.7132188608989624,0.7425295334110628,0.6265549331664044,0.25,1.0,1.0,1,0,2,2.0,9599.0,1,9599.0,,1.0,1,1,2.0,0.2,0.24582246847192707,2.0,0.55,0.8333333333333334,0.48401602080850054,0.20833333333333331,0.3172540052021251,1585.896,1570.705,1585.896,1570.705,1585.896,1570.705,1585.896,1570.705,0.31218432835813764,0.3912778002007792,0.4332647114875671,0.21845548427588143,weak_false_positive
ranging_short_lived,161,8,12870,12875,12877.0,4,5,1915.375,1936.775,1926.075,21.40000000000009,2.3004047702726034,0.7249867522900338,0.7249867522900338,0.6000949686958713,0.6000949686958713,2,2,1.0,1.0,0.0,0.0,0.7065420560747583,0.6750720540800164,1.6253327161925872,0,0.6557920815500619,1,0,1,0.5400311526479811,0,1,0.625,0.375,0.375,0.7486003262877637,0.741519541348719,0.7073210376411014,0.7486003262877637,0.7134104444092746,0.7486003262877637,0.6693710640667317,0.25,1.0,1.0,0,0,0,,12877.0,1,12877.0,,2.0,1,1,2.0,0.6,0.47377936937723525,2.0,0.5,0.7380952380952381,0.564024723665525,0.125,0.3371371332973336,1936.775,1915.375,1936.775,1915.375,1936.775,1915.375,1936.775,1915.375,0.32113972463576235,0.3908611251215406,0.4423388544550285,0.2209520403057635,unclassified
ranging_short_lived,19,8,2376,2380,2382.0,4,4,1162.814,1174.451,1168.6325000000002,11.636999999999944,2.606292538386767,0.7213051211057552,0.7213051211057552,0.6600847233424629,0.6600847233424629,2,2,1.0,0.8956958264262823,0.32600000000002183,0.07301292150160239,0.4807080862765189,1.3534266399820936,1.2528658984046734,0,0.4675724561308494,0,0,0,0.9883417833920691,0,1,0.625,0.5,0.5,0.7489623224966843,0.7359729573487698,0.7045589864390742,0.7489623224966843,0.736656894001556,0.7489623224966843,0.8022205824320915,0.25,1.0,0.8956958264262823,0,0,0,,2382.0,-1,,2382.0,2.0,-1,-1,2.0,0.0,0.38082299490557237,2.0,0.5,0.7222222222222222,0.5052001528743397,0.125,0.32560559377414056,1174.451,1162.814,1174.451,1162.814,1174.451,1162.814,1174.451,1162.814,0.31017970112061816,0.3770317614975411,0.4322299007895651,0.20753116601893717,unclassified
ranging_short_lived,71,8,6577,6580,6582.0,4,3,1317.374,1327.698,1322.536,10.32400000000007,2.118056016668796,0.7139880873731153,0.7139880873731153,0.6251109022377013,0.6251109022377013,2,2,0.875,1.0,0.0,0.0,0.48905462998837124,1.0822109151421944,1.0358451015266013,0,0.42328528553593087,0,1,-1,0.7244608033062105,0,1,0.375,0.75,0.375,0.7293803040874979,0.7394877951331893,0.6901055781803518,0.7293803040874979,0.7060860488789524,0.7293803040874979,0.7617397461345757,0.25,0.875,1.0,0,0,0,,6582.0,1,6582.0,,2.0,1,1,2.0,0.4,0.39357653934266174,2.0,0.5666666666666667,0.7000000000000001,0.5675748750004095,0.125,0.33231038541676905,1327.698,1317.374,1327.698,1317.374,1327.698,1317.374,1327.698,1317.374,0.3012498149106432,0.38078248839968515,0.4214402744165328,0.20929198045373956,weak_false_positive
ranging_short_lived,66,8,6055,6060,6062.0,4,5,1267.669,1278.083,1272.8760000000002,10.413999999999987,2.641104696432906,0.6960612119517643,0.6960612119517643,0.5171193279099566,0.5171193279099566,3,3,0.875,0.7576203679232255,0.668999999999869,0.1696657424537421,0.18964855002879888,2.140223020280154,0.5008816761527517,0,0.7495789819063396,0,3,-1,0.47596184623261806,0,1,0.5,1.0,0.5,0.6686524573767086,0.7061477263051376,0.6919739406269396,0.6686524573767086,0.6837071166022812,0.6686524573767086,0.6222922491472515,0.5,0.875,0.7576203679232255,0,0,0,,6062.0,1,6062.0,,2.0,1,1,2.0,0.6,0.5209624503127661,2.0,0.4,0.7380952380952381,0.5818388404295695,0.125,0.3615906624883447,1278.083,1267.669,1278.083,1267.669,1278.083,1267.669,1278.083,1267.669,0.3480275757099921,0.39826134015291587,0.45823703727604215,0.24748201040826598,unclassified
ranging_short_lived,186,8,14659,14663,14665.0,4,4,1953.37,1974.795,1964.0825,21.425000000000182,2.3691287095857745,0.6936363344534817,0.6936363344534817,0.564670588519082,0.564670588519082,2,4,1.0,0.9589282570766585,0.2600000000002183,0.02875022004633901,0.31855309218202976,1.6144354333700042,0.7546932762157704,0,0.5093755999395458,0,1,-1,0.8849474912485427,0,1,0.5,1.0,0.5,0.7190209777508716,0.709560980589913,0.6761980887712972,0.7190209777508716,0.6827478159726661,0.7190209777508716,0.6422209411409102,0.25,1.0,0.9589282570766585,0,0,0,,14665.0,1,14665.0,,2.0,1,1,2.0,0.0,0.48981481355410567,2.0,0.5,0.7222222222222222,0.46747524815658187,0.125,0.3161743675947011,1974.795,1953.37,1974.795,1953.37,1974.795,1953.37,1974.795,1953.37,0.299764650684502,0.3631329116716783,0.41934268989014256,0.1984371061754127,unclassified
ranging_short_lived,75,12,6961,6965,6967.0,4,4,1295.748,1306.422,1301.085,10.673999999999978,2.418667936655878,0.6911258610758226,0.6911258610758226,0.5701261268650893,0.5701261268650893,3,2,1.0,1.0,0.0,0.0,0.2971706951470894,1.6999107045898743,0.7187572320660035,0,0.5883248865337016,0,2,-1,0.6046468053213453,0,1,0.6666666666666667,0.8333333333333334,0.6666666666666667,0.7485574654123113,0.7065479023506158,0.6689822897111584,0.7485574654123113,0.6707564363465088,0.7485574654123113,0.6027217976089952,0.25,1.0,1.0,1,0,2,2.0,6966.0,-1,,6966.0,1.0,-1,-1,2.0,0.2,0.28221157959524285,2.0,0.55,0.8055555555555555,0.4496151403866902,0.20833333333333331,0.3142093406522281,1306.422,1295.748,1306.422,1295.748,1306.422,1295.748,1306.422,1295.748,0.3071841115698762,0.38497827044577754,0.4291875702140116,0.2117560250895557,weak_false_positive
ranging_short_lived,6,12,1124,1127,1129.0,4,3,1230.606,1241.86,1236.233,11.253999999999905,2.1541320472037815,0.6827240760424934,0.6827240760424934,0.6001293725578475,0.6001293725578475,2,3,1.0,1.0,0.0,0.0,0.4724542384929849,1.1364032312287844,1.0177288159749973,0,0.46748333053249697,0,0,0,0.8036253776434863,0,1,0.5833333333333333,0.6666666666666667,0.5833333333333333,0.7336626557445104,0.7066435459935315,0.6544815485312987,0.7336626557445104,0.6837803362147417,0.7336626557445104,0.6966514920240482,0.25,1.0,1.0,1,0,2,2.0,1128.0,-1,,1128.0,1.0,-1,-1,2.0,0.2,0.3697009730150142,2.0,0.6166666666666667,0.7833333333333333,0.4828459065135477,0.20833333333333331,0.31362814329505356,1241.86,1230.606,1241.86,1230.606,1241.86,1230.606,1241.86,1230.606,0.29312397956794906,0.3821643046318258,0.4140056846359005,0.20598754148766113,weak_false_positive
ranging_short_lived,35,8,3741,3744,3746.0,4,3,1268.301,1282.198,1275.2495,13.897000000000162,2.0626045825295685,0.6711941983994345,0.6711941983994345,0.5756140572908374,0.5756140572908374,3,2,0.875,1.0,0.0,0.0,0.27171331942145954,1.5021674447565454,0.5604371377730228,0,0.5203919362556572,0,1,-1,0.7572857451248519,0,1,0.625,0.375,0.375,0.7067378234557327,0.6965321582458646,0.6442233321194256,0.7067378234557327,0.6744575904035697,0.7067378234557327,0.6907769712872683,0.25,0.875,1.0,1,0,2,2.0,3745.0,-1,,3745.0,1.0,-1,-1,2.0,0.2,0.28786635507073444,2.0,0.6166666666666667,0.7833333333333333,0.46524447099927596,0.20833333333333331,0.30922778441648563,1282.198,1268.301,1282.198,1268.301,1282.198,1268.301,1282.198,1268.301,0.2872860441611986,0.37373622180713767,0.4054018556584725,0.20212002939963047,weak_false_positive
short_lived_high_strength,31,12,3130,3134,3135.0,4,4,1068.129,1076.977,1072.5529999999999,8.848000000000184,2.174236814008797,0.8092410275101923,0.8092410275101923,0.6796078110618909,0.6796078110618909,3,3,1.0,1.0,0.0,0.0,0.3210895117540758,1.476112176960975,0.698124637047822,0,0.4791812838037736,0,0,0,0.9106389391199681,0,1,0.75,0.25,0.25,0.8044207222309862,0.8217559809747409,0.7994997154446445,0.8044207222309862,0.7967826962978619,0.8044207222309862,0.7414020886505382,0.5,1.0,1.0,0,0,0,,3135.0,-1,,3135.0,1.0,-1,-1,1.0,0.4,0.32978721501820485,1.0,0.55,0.85,0.6200455411555378,0.0625,0.29688638528888445,1076.977,1068.129,1076.977,1068.129,1076.977,1068.129,1076.977,1068.129,,,,,
short_lived_high_strength,138,8,11494,11497,11498.0,4,3,1731.625,1749.125,1740.375,17.5,2.096101187421962,0.7034301024392982,0.7034301024392982,0.6269457525054464,0.6269457525054464,2,2,1.0,0.9760445578580176,0.14000000000010004,0.01676880949938768,0.8908571428571381,0.22877447245577823,1.8673267149661839,0,0.27718383673470076,1,1,0,0.8912380952380945,0,1,1.0,0.75,0.75,0.7577153253986167,0.7270029023112836,0.6749433148733394,0.7577153253986167,0.6843631651872306,0.7577153253986167,0.7123599314285667,0.25,1.0,0.9760445578580176,0,0,0,,11498.0,1,11498.0,,1.0,1,1,1.0,0.4,0.250458122448982,1.0,0.7166666666666667,0.8333333333333334,0.5216861257862747,0.0625,0.24229653144656868,1749.125,1731.625,1749.125,1731.625,1749.125,1731.625,1749.125,1731.625,,,,,
short_lived_high_strength,187,8,14708,14711,14712.0,5,3,1949.22,1966.98,1958.1,17.75999999999999,2.268545352798886,0.6969203579779033,0.6969203579779033,0.6208129259731859,0.6208129259731859,2,2,1.0,1.0,0.0,0.0,0.7865990990991011,0.48410962202183,1.7844357307770562,0,0.5102264426588758,1,0,1,0.839339339339336,0,1,0.375,0.5,0.375,0.7631851421070823,0.7187116408493993,0.668013314905178,0.7631851421070823,0.6925066367941602,0.7631851421070823,0.6890832724616466,0.25,1.0,1.0,0,0,0,,14712.0,0,,,1.0,0,0,,0.0,0.46372142835403224,1.0,0.5666666666666667,0.8333333333333334,0.5284848680514963,0.0625,0.2739962170128741,1966.98,1949.22,1966.98,1949.22,1966.98,1949.22,1966.98,1949.22,,,,,
short_lived_high_strength,40,8,4107,4110,4111.0,4,3,1329.876,1338.141,1334.0085,8.2650000000001,1.5247603543358959,0.6664866397461604,0.6664866397461604,0.6200106614582541,0.6200106614582541,4,3,1.0,1.0,0.0,0.0,0.44379915305506057,0.8480730004696913,0.6766873538662047,2,0.370976336265904,1,2,-1,0.8272635612018705,0,1,0.75,1.0,0.75,0.7803162310272829,0.6878462783713674,0.6303318086960069,0.7803162310272829,0.6587923441777116,0.7803162310272829,0.6576055467538096,0.5,1.0,1.0,0,0,0,,4111.0,1,4111.0,,1.0,1,1,1.0,0.2,0.2903146344489393,1.0,0.6166666666666667,0.8333333333333334,0.4594319362733866,0.0625,0.24673298406834662,1338.141,1329.876,1338.141,1329.876,1338.141,1329.876,1338.141,1329.876,,,,,
short_lived_high_strength,154,12,12325,12328,12329.0,4,3,1778.475,1796.355,1787.415,17.88000000000011,2.2345368078615873,0.6729152317690994,0.6729152317690994,0.6116134788864314,0.6116134788864314,5,2,1.0,1.0,0.0,0.0,0.8747203579418347,0.27994197145469496,1.9545948364068924,2,0.5449879635051492,1,0,1,0.6314317673378016,0,1,1.0,0.41666666666666663,0.41666666666666663,0.731484717354486,0.6951088325614699,0.6449014894098463,0.731484717354486,0.6813795022702012,0.731484717354486,0.7268768674083734,0.25,1.0,1.0,0,0,0,,12329.0,1,12329.0,,1.0,1,1,1.0,0.6,0.5449879635051492,1.0,0.7166666666666667,0.8333333333333334,0.42788211570427354,0.0625,0.21884552892606837,1796.355,1778.475,1796.355,1778.475,1796.355,1778.475,1796.355,1778.475,,,,,
short_lived_high_strength,2,8,931,934,935.0,4,3,1286.076,1295.375,1290.7255,9.298999999999978,2.1174850283068314,0.686564516954761,0.686564516954761,0.6001135117298491,0.6001135117298491,3,2,1.0,1.0,0.0,0.0,0.5567265297343714,0.9386249367330819,1.1788600915737493,0,0.4217207952950828,0,0,0,0.9360146252285079,0,1,0.375,0.625,0.375,0.722264022889944,0.7117545546277788,0.6596929643597966,0.722264022889944,0.6922051113978369,0.722264022889944,0.7181305190140334,0.25,1.0,1.0,0,0,0,,935.0,-1,,935.0,1.0,-1,-1,1.0,0.4,0.37674103603341436,1.0,0.7166666666666667,0.8333333333333334,0.47579840287951886,0.0625,0.2308246007198797,1295.375,1286.076,1295.375,1286.076,1295.375,1286.076,1295.375,1286.076,,,,,
short_lived_high_strength,19,8,2376,2380,2382.0,4,4,1162.814,1174.451,1168.6325000000002,11.636999999999944,2.606292538386767,0.7213051211057552,0.7213051211057552,0.6600847233424629,0.6600847233424629,2,2,1.0,0.8956958264262823,0.32600000000002183,0.07301292150160239,0.4807080862765189,1.3534266399820936,1.2528658984046734,0,0.4675724561308494,0,0,0,0.9883417833920691,0,1,0.625,0.5,0.5,0.7489623224966843,0.7359729573487698,0.7045589864390742,0.7489623224966843,0.736656894001556,0.7489623224966843,0.8022205824320915,0.25,1.0,0.8956958264262823,0,0,0,,2382.0,-1,,2382.0,2.0,-1,-1,2.0,0.0,0.38082299490557237,2.0,0.5,0.7222222222222222,0.5052001528743397,0.125,0.32560559377414056,1174.451,1162.814,1174.451,1162.814,1174.451,1162.814,1174.451,1162.814,,,,,
short_lived_high_strength,4,12,936,939,941.0,4,3,1282.336,1295.375,1288.8555000000001,13.038999999999987,2.6812227174635286,0.6661308143160465,0.6661308143160465,0.6436715547427461,0.6436715547427461,2,2,1.0,1.0,0.0,0.0,0.6588695452105149,0.9146467250002328,1.7665759924632958,0,0.5247105880409543,0,0,0,0.8310453255617838,0,1,0.16666666666666663,0.75,0.16666666666666663,0.7568003334836989,0.6895443316125599,0.6319563367201507,0.7568003334836989,0.6760317149611198,0.7568003334836989,0.7508616787993052,0.25,1.0,1.0,0,0,0,,941.0,1,941.0,,2.0,1,1,2.0,0.4,0.3573529736735058,2.0,0.5666666666666667,0.7000000000000001,0.49079050305188554,0.125,0.31311429242963806,1295.375,1282.336,1295.375,1282.336,1295.375,1282.336,1295.375,1282.336,,,,,
short_lived_high_strength,71,8,6577,6580,6582.0,4,3,1317.374,1327.698,1322.536,10.32400000000007,2.118056016668796,0.7139880873731153,0.7139880873731153,0.6251109022377013,0.6251109022377013,2,2,0.875,1.0,0.0,0.0,0.48905462998837124,1.0822109151421944,1.0358451015266013,0,0.42328528553593087,0,1,-1,0.7244608033062105,0,1,0.375,0.75,0.375,0.7293803040874979,0.7394877951331893,0.6901055781803518,0.7293803040874979,0.7060860488789524,0.7293803040874979,0.7617397461345757,0.25,0.875,1.0,0,0,0,,6582.0,1,6582.0,,2.0,1,1,2.0,0.4,0.39357653934266174,2.0,0.5666666666666667,0.7000000000000001,0.5675748750004095,0.125,0.33231038541676905,1327.698,1317.374,1327.698,1317.374,1327.698,1317.374,1327.698,1317.374,,,,,
short_lived_high_strength,15,12,1742,1745,1747.0,4,3,1230.702,1245.812,1238.257,15.1099999999999,2.18456245064243,0.6986471720025,0.6986471720025,0.6232547150380038,0.6232547150380038,3,2,1.0,1.0,0.0,0.0,0.4524156187955035,1.1962322777376135,0.9883301729048166,2,0.4467417714610753,0,1,-1,0.7164350319876535,0,1,0.5833333333333333,0.8333333333333334,0.5833333333333333,0.731920072859095,0.7231767976105059,0.6727186223547199,0.731920072859095,0.7043689057618207,0.731920072859095,0.7525564109830273,0.25,1.0,1.0,0,0,0,,1747.0,-1,,1747.0,2.0,-1,-1,2.0,0.6,0.45117222433676657,2.0,0.5666666666666667,0.7000000000000001,0.5303645738414929,0.125,0.3230078101270399,1245.812,1230.702,1245.812,1230.702,1245.812,1230.702,1245.812,1230.702,,,,,
long_lived_medium_strength,137,8,11394,11400,11419.0,4,6,1723.683,1742.442,1733.0625,18.759000000000015,2.3119377751795493,0.7219375371244556,0.7219375371244556,0.5699943097913114,0.5699943097913114,2,2,1.0,1.0,0.0,0.0,0.4495975265206014,1.2724962699892814,1.0394415051902677,0,0.5502522329153231,0,0,0,0.8249551326474385,0,1,0.25,0.625,0.25,0.7414919547864554,0.7388832289678657,0.7045744491500712,0.7414919547864554,0.7002873168077199,0.7414919547864554,0.6145212278027253,0.25,1.0,1.0,3,3,6,2.0,11406.0,1,11406.0,11410.0,6.0,1,-1,19.0,0.4,0.4521354969509124,19.0,0.2,0.08,0.7284735047731636,1.0,0.8761183761932909,1742.442,1723.683,1742.442,1723.683,1742.442,1723.683,1742.442,1723.683,,,,,
long_lived_medium_strength,106,12,9143,9146,9164.0,7,3,1477.137,1498.09,1487.6135,20.952999999999975,2.862038234164747,0.6082047975716747,0.6082047975716747,0.5624799938610553,0.5624799938610553,2,2,1.0,1.0,0.0,0.0,0.27504414642295394,2.0748513710190455,0.7871868631457012,0,0.7084271161263708,0,3,-1,0.44601409503810996,0,1,0.6666666666666667,0.8333333333333334,0.6666666666666667,0.7196617650111655,0.6331065531345024,0.5694542081085808,0.7196617650111655,0.6082207650235327,0.7196617650111655,0.6359823026314974,0.25,1.0,1.0,1,1,2,2.0,9149.0,-1,,9149.0,3.0,-1,0,,0.6,0.1691898116733562,18.0,0.3166666666666667,0.2976190476190476,0.497684954968318,0.625,0.6203140958849367,1498.09,1477.137,1498.09,1477.137,1498.09,1477.137,1498.09,1477.137,,,,,
long_lived_medium_strength,240,12,18939,18943,18956.0,4,4,5050.89,5195.125,5123.0075,144.23499999999967,2.23508644233715,0.7125560028966155,0.7125560028966155,0.5612581977645447,0.5612581977645447,2,3,0.9166666666666666,0.7533899245018136,11.140000000000327,0.17262705284873045,0.5498665372482384,1.0060871998387366,1.228999242498413,1,0.41819876963945835,0,2,-1,0.8525438809350451,0,1,0.33333333333333337,1.0,0.33333333333333337,0.7027691789283126,0.720871718912111,0.7071366932785277,0.7027691789283126,0.704082710657296,0.7027691789283126,0.6643967289052026,0.25,0.9166666666666666,0.7533899245018136,2,1,4,2.0,18946.0,-1,18955.0,18946.0,3.0,-1,1,13.0,0.6,0.3940288287821172,13.0,0.25,0.3284313725490196,0.5682526072428559,0.75,0.68887687730091,5195.125,5050.89,5195.125,5050.89,5195.125,5050.89,5195.125,5050.89,,,,,
long_lived_medium_strength,194,12,15727,15730,15742.0,7,3,2022.97,2044.64,2033.805,21.670000000000073,2.866862988121961,0.648639768427297,0.648639768427297,0.5940112439338099,0.5940112439338099,2,2,0.9166666666666666,1.0,0.0,0.0,0.47854176280571553,1.4949493200636166,1.3719136680583444,0,0.47579515827566987,0,0,0,0.9040147669589402,0,1,0.75,0.16666666666666663,0.16666666666666663,0.6802782208132736,0.6794761442561306,0.6176750603493206,0.6802782208132736,0.65764814587469,0.6802782208132736,0.7886478055592915,0.25,0.9166666666666666,1.0,3,2,4,1.3333333333333333,15732.0,-1,,15732.0,2.0,-1,0,,0.4,0.3565494840274086,12.0,0.3666666666666667,0.2333333333333333,0.6217571176688537,0.8333333333333333,0.72710594608388,2044.64,2022.97,2044.64,2022.97,2044.64,2022.97,2044.64,2022.97,,,,,
long_lived_medium_strength,228,16,18429,18433,18444.0,7,4,3928.735,4030.755,3979.745,102.01999999999998,2.962773207707048,0.6977031225421557,0.6977031225421557,0.5708705298603057,0.5708705298603057,3,4,0.9375,1.0,0.0,0.0,0.35218584591256463,1.9193264193036585,1.0434467884033891,0,0.5740779731102015,0,1,-1,0.6106645755734129,0,1,0.375,0.875,0.375,0.6926560052872952,0.719433543628106,0.6802571075907352,0.6926560052872952,0.701268296121696,0.6926560052872952,0.7069601781707979,0.5,0.9375,1.0,0,0,0,,,0,,,,0,0,,0.6,0.5259643723543882,11.0,0.3,0.7555555555555555,0.4009318922907692,0.22916666666666666,0.3693301952949145,4030.755,3928.735,4030.755,3928.735,4030.755,3928.735,4030.755,3928.735,,,,,
long_lived_medium_strength,212,16,17340,17343,17354.0,4,3,2916.805,2954.965,2935.885,38.16000000000031,2.598140357217417,0.6478886568294304,0.6478886568294304,0.5622993481229054,0.5622993481229054,2,2,0.9375,1.0,0.0,0.0,0.5023584905660355,1.2929424890869747,1.305197868130442,0,0.4232122608546621,0,0,0,0.9297693920335399,0,1,0.5,0.8125,0.5,0.7347918135483187,0.6727106816126037,0.6131336509365427,0.7347918135483187,0.6360876934642616,0.7347918135483187,0.6087498022230153,0.25,0.9375,1.0,1,1,2,2.0,17347.0,1,17347.0,17354.0,4.0,1,-1,11.0,0.2,0.36679732995574127,11.0,0.2666666666666667,0.2380952380952381,0.5901012133556249,0.6458333333333333,0.6726145890531919,2954.965,2916.805,2954.965,2916.805,2954.965,2916.805,2954.965,2916.805,,,,,
long_lived_medium_strength,239,8,18834,18838,18848.0,4,4,4987.695,5086.65,5037.1725,98.95499999999993,1.365727304971033,0.6490816592350037,0.6490816592350037,0.5834520575737837,0.5834520575737837,3,2,1.0,1.0,0.0,0.0,0.6879389621545225,0.42619028020316746,0.9395370247678655,0,0.39185164571612896,0,1,-1,0.8850487595371755,0,1,0.625,0.75,0.625,0.7302481415365187,0.669067451119301,0.6193069568839518,0.7302481415365187,0.6483423650248125,0.7302481415365187,0.6649630091175567,0.25,1.0,1.0,3,3,6,2.0,18840.0,1,18840.0,18848.0,2.0,1,-1,10.0,0.0,0.39185164571612896,10.0,0.3,0.2619047619047619,0.5395629432636602,0.7916666666666667,0.699593116768296,5086.65,4987.695,5086.65,4987.695,5086.65,4987.695,5086.65,4987.695,,,,,
long_lived_medium_strength,178,16,13887,13890,13899.0,4,3,1739.525,1763.635,1751.58,24.1099999999999,2.9514584916648503,0.6119453987635411,0.6119453987635411,0.5783641912421047,0.5783641912421047,2,3,0.9375,1.0,0.0,0.0,0.6515968477809985,1.0282974421395734,1.923161049525277,0,0.36944541307201717,0,1,-1,0.9236831190377405,0,1,0.6875,0.875,0.6875,0.6903725361385453,0.6424151614637339,0.5738024561153785,0.6903725361385453,0.6306716696738981,0.6903725361385453,0.7295944362567494,0.25,0.9375,1.0,1,1,2,2.0,13897.0,1,13897.0,,7.0,1,1,9.0,0.6,0.2683078954625441,9.0,0.2666666666666667,0.25,0.5554887516029134,0.6875,0.676163854567395,1763.635,1739.525,1763.635,1739.525,1763.635,1739.525,1763.635,1739.525,,,,,
long_lived_medium_strength,74,8,6857,6860,6869.0,4,3,1306.001,1317.69,1311.8455,11.689000000000078,2.387566624869785,0.6784294750808006,0.6784294750808006,0.5742919708766071,0.5742919708766071,2,2,1.0,1.0,0.0,0.0,0.17529301052271062,1.9690428833728129,0.41852374149697186,0,0.33936526814831813,1,1,0,0.9140217298314632,0,1,0.625,0.625,0.625,0.737443576058653,0.7034615190934713,0.6479603019537009,0.737443576058653,0.6668222477936314,0.737443576058653,0.6312675968738125,0.25,1.0,1.0,2,1,4,2.0,6861.0,-1,6868.0,6861.0,1.0,-1,1,9.0,0.0,0.3148829920469749,9.0,0.4166666666666667,0.5,0.5889294952173492,0.6041666666666666,0.5753573738043373,1317.69,1306.001,1317.69,1306.001,1317.69,1306.001,1317.69,1306.001,,,,,
long_lived_medium_strength,105,16,8902,8905,8913.0,4,3,1492.828,1508.431,1500.6295,15.603000000000065,2.337686133990275,0.6660015445699561,0.6660015445699561,0.5885007031830631,0.5885007031830631,4,2,1.0,0.886776721978297,0.5289999999999964,0.07925629461519207,0.5294494648464996,1.0999994613700415,1.2376866726202336,0,0.5165820126878164,0,0,0,0.8469738725458784,0,1,0.8125,0.1875,0.1875,0.6852565648971882,0.6876800809590412,0.6447107707507674,0.6852565648971882,0.685890824559248,0.6852565648971882,0.7646724193766224,0.25,1.0,0.886776721978297,1,1,2,2.0,8907.0,-1,8913.0,8907.0,2.0,-1,1,8.0,0.2,0.5318094471131868,8.0,0.3666666666666667,0.42424242424242425,0.5151885639762293,0.5,0.5456153228122391,1508.431,1492.828,1508.431,1492.828,1508.431,1492.828,1508.431,1492.828,,,,,
highest_plausibility,137,8,11394,11400,11419.0,4,6,1723.683,1742.442,1733.0625,18.759000000000015,2.3119377751795493,0.7219375371244556,0.7219375371244556,0.5699943097913114,0.5699943097913114,2,2,1.0,1.0,0.0,0.0,0.4495975265206014,1.2724962699892814,1.0394415051902677,0,0.5502522329153231,0,0,0,0.8249551326474385,0,1,0.25,0.625,0.25,0.7414919547864554,0.7388832289678657,0.7045744491500712,0.7414919547864554,0.7002873168077199,0.7414919547864554,0.6145212278027253,0.25,1.0,1.0,3,3,6,2.0,11406.0,1,11406.0,11410.0,6.0,1,-1,19.0,0.4,0.4521354969509124,19.0,0.2,0.08,0.7284735047731636,1.0,0.8761183761932909,1742.442,1723.683,1742.442,1723.683,1742.442,1723.683,1742.442,1723.683,0.7985630922038751,1.0,0.7828355128579874,0.7932013218999984,durable_plausible
highest_plausibility,136,8,11383,11389,11409.0,4,6,1726.98,1746.615,1736.7975000000001,19.63499999999999,2.0954023109299733,0.748132446134671,0.748132446134671,0.615707546738923,0.615707546738923,2,2,0.875,1.0,0.0,0.0,0.6259230965113303,0.7838416080356873,1.3115607028942862,0,0.43267910307860186,0,1,-1,0.9956709956709977,0,1,0.375,0.75,0.375,0.7446324946239428,0.7665014352578594,0.7332624875129092,0.7446324946239428,0.7421925590817395,0.7446324946239428,0.7114349498671603,0.25,0.875,1.0,4,3,8,2.0,11394.0,-1,,11394.0,5.0,-1,-1,20.0,0.4,0.3343038203776101,20.0,0.2,0.07692307692307693,0.7298850597942256,0.9583333333333334,0.8625033162306077,1746.615,1726.98,1746.615,1726.98,1746.615,1726.98,1746.615,1726.98,0.7844233781904303,1.0,0.7787509948691823,0.7739416497811448,durable_plausible
highest_plausibility,192,8,15513,15516,15537.0,4,3,2015.645,2044.945,2030.295,29.299999999999955,2.8451262804279414,0.6249036955082521,0.6249036955082521,0.5390086668756899,0.5390086668756899,2,2,1.0,1.0,0.0,0.0,0.29419795221843453,2.0080959549231894,0.8370303255047519,1,0.6422972311849845,0,2,-1,0.45426621160409963,0,1,0.25,0.625,0.25,0.6747322245123614,0.6529675977625269,0.5933574529740038,0.6747322245123614,0.631479441953572,0.6747322245123614,0.6647471082947984,0.25,1.0,1.0,3,2,6,2.0,15523.0,1,15523.0,,7.0,1,1,21.0,0.8,0.6599111230183207,21.0,0.2666666666666667,0.041666666666666664,0.6259372537638574,1.0,0.8448176467742976,2044.945,2015.645,2044.945,2015.645,2044.945,2015.645,2044.945,2015.645,0.7381160448021349,1.0,0.7586666666666666,0.7298339301345984,durable_plausible
highest_plausibility,115,12,9642,9645,9658.0,4,3,1560.834,1576.93,1568.882,16.096000000000004,2.625528350219355,0.6258301547643899,0.6258301547643899,0.5354864273141342,0.5354864273141342,2,3,0.9166666666666666,1.0,0.0,0.0,0.35132952286282126,1.7031027276739785,0.9224256225453763,0,0.5885830217810859,0,1,-1,0.7314446653412795,0,1,0.25,1.0,0.25,0.6921050175480472,0.6515216490236134,0.5936453215412568,0.6921050175480472,0.6226357547541912,0.6921050175480472,0.6228448326412154,0.25,0.9166666666666666,1.0,4,3,8,2.0,9651.0,1,9651.0,,6.0,1,1,13.0,0.6,0.5610580506152968,13.0,0.2666666666666667,0.0625,0.6181676249578164,1.0,0.8387085729061208,1576.93,1560.834,1576.93,1560.834,1576.93,1560.834,1576.93,1560.834,0.7374221601342934,1.0,0.7586666666666666,0.7264560941213644,durable_plausible
highest_plausibility,129,12,10729,10735,10748.0,4,6,1889.212,1913.906,1901.559,24.69399999999996,2.609846826673159,0.7323881119054867,0.7323881119054867,0.6719494118995328,0.6719494118995328,2,2,1.0,1.0,0.0,0.0,0.4582489673604944,1.4138872133811207,1.1959596132920385,0,0.4412943233799173,0,0,0,0.9550768067816745,0,1,0.75,0.25,0.25,0.7587852850958359,0.7514879789027616,0.7121206759173199,0.7587852850958359,0.7472965821268798,0.7587852850958359,0.8092656009942356,0.25,1.0,1.0,2,2,4,2.0,10739.0,1,10739.0,,4.0,1,1,13.0,0.4,0.36554044325907004,13.0,0.2,0.10526315789473684,0.6711833025628541,0.9166666666666666,0.8275765273950995,1913.906,1889.212,1913.906,1889.212,1913.906,1889.212,1913.906,1889.212,0.7567404527711574,1.0,0.7682729582185298,0.7350475109161758,durable_plausible
highest_plausibility,236,16,18613,18618,18629.0,4,5,4271.62,4348.945,4310.282499999999,77.32499999999982,2.8685316442112585,0.6837345356614362,0.6837345356614362,0.5575674493479541,0.5575674493479541,3,3,1.0,0.9279256748209507,1.360000000000582,0.0504520276253345,0.8072421597154894,0.5529319645259383,2.31559967968532,0,0.7705537045068414,3,0,1,0.35508136652656197,0,1,0.875,0.375,0.375,0.7342342508669931,0.6969173203208404,0.6645810421146474,0.7342342508669931,0.6643947865922579,0.7342342508669931,0.5989772080903141,0.5,1.0,0.9279256748209507,2,2,4,2.0,18621.0,1,18621.0,,3.0,1,1,11.0,1.0,0.7802116239448076,11.0,0.15,0.1875,0.704769555600399,0.8541666666666666,0.807650722233433,4348.945,4271.62,4348.945,4271.62,4348.945,4271.62,4348.945,4271.62,0.759103308524749,1.0,0.7622952166700299,0.7353460892400693,durable_plausible
highest_plausibility,97,12,8287,8290,8303.0,4,3,1285.211,1294.273,1289.742,9.061999999999898,2.562249680008112,0.6742110916914805,0.6742110916914805,0.6177549649465431,0.6177549649465431,2,2,1.0,1.0,0.0,0.0,0.5957845950121329,1.035700792084512,1.5265488879236,0,0.5513136224012556,0,0,0,0.808062973589351,0,1,0.75,0.16666666666666663,0.16666666666666663,0.7291299245767774,0.6993112510316003,0.6443399445841325,0.7291299245767774,0.6865436453307321,0.7291299245767774,0.7454158354221947,0.25,1.0,1.0,3,3,6,2.0,8293.0,-1,8295.0,8293.0,3.0,-1,1,13.0,0.4,0.459454599061333,13.0,0.3166666666666667,0.14583333333333334,0.6803365999984401,0.875,0.78383414999961,1294.273,1285.211,1294.273,1285.211,1294.273,1285.211,1294.273,1285.211,0.6847725968714656,0.994889886644461,0.7396666666666667,0.6575693122699884,durable_plausible
highest_plausibility,84,16,7814,7817,7825.0,7,3,1240.834,1249.994,1245.414,9.159999999999854,2.5483208559237878,0.634850698053885,0.634850698053885,0.5631654254860968,0.5631654254860968,2,3,1.0,0.8461946083526267,0.387000000000171,0.10766377415316127,0.40545851528384286,1.515082465214077,1.0332383907097107,1,0.5049059180793585,0,0,0,0.902110625909749,0,1,0.5,0.6875,0.5,0.6794316388410891,0.6565349346221946,0.6095029888105524,0.6794316388410891,0.6493742512937326,0.6794316388410891,0.7147954096031689,0.25,1.0,0.8461946083526267,2,2,4,2.0,7821.0,-1,,7821.0,4.0,-1,0,,0.2,0.4172175397112937,8.0,0.2666666666666667,0.0909090909090909,0.6330152200146563,0.8333333333333333,0.7784053201551793,1249.994,1240.834,1249.994,1240.834,1249.994,1240.834,1249.994,1240.834,0.6797796561236339,0.9690937496506515,0.7400398194617315,0.6529088517588251,durable_plausible
highest_plausibility,111,12,9415,9418,9431.0,7,3,1473.724,1480.436,1477.08,6.711999999999989,1.5906417231390133,0.6661475979562137,0.6661475979562137,0.6287473008832919,0.6287473008832919,3,4,0.9166666666666666,0.80838089236831,0.5660000000000309,0.13413337534218298,0.4989570917759484,0.796979754904088,0.7936619682349253,2,0.5038367231549973,0,0,0,0.8001589193484585,0,1,0.6666666666666667,0.75,0.6666666666666667,0.7322555917792903,0.682401246082639,0.641917254518324,0.7322555917792903,0.6826089295597284,0.7322555917792903,0.7644076465967161,0.5,0.9166666666666666,0.80838089236831,3,3,6,2.0,9420.0,-1,9427.0,9420.0,2.0,-1,0,,0.0,0.5127122574834259,13.0,0.2666666666666667,0.22916666666666666,0.6804347636073194,0.8333333333333333,0.7626086909018298,1480.436,1473.724,1480.436,1473.724,1480.436,1473.724,1480.436,1473.724,0.6898627986573593,0.9819988412748022,0.748782607270549,0.6585766902608501,durable_plausible
highest_plausibility,237,12,18718,18724,18736.0,4,6,4569.65,4643.09,4606.37,73.44000000000051,2.2050939790018447,0.7012532763515822,0.7012532763515822,0.5129928932994211,0.5129928932994211,5,2,0.9166666666666666,0.9534600263146384,1.0850000000000364,0.032577981579753064,0.45302287581699624,1.2061359631876858,0.9989580158141589,2,0.39573269861583865,2,0,1,0.5869644153957827,0,1,0.9166666666666666,0.41666666666666663,0.41666666666666663,0.6763334858779378,0.7194852782772702,0.6899255612097873,0.6763334858779378,0.6832613512025959,0.6763334858779378,0.5974850770388643,0.25,0.9166666666666666,0.9534600263146384,1,1,2,2.0,18734.0,-1,18736.0,18734.0,10.0,-1,1,12.0,0.8,0.40776280994726644,12.0,0.2,0.27777777777777773,0.6418775315106343,0.75,0.727413827322103,4643.09,4569.65,4643.09,4569.65,4643.09,4569.65,4643.09,4569.65,0.6736282943945685,0.9380869823021551,0.7288004674172615,0.6368091918456178,durable_plausible
highest_plausibility,194,12,15727,15730,15742.0,7,3,2022.97,2044.64,2033.805,21.670000000000073,2.866862988121961,0.648639768427297,0.648639768427297,0.5940112439338099,0.5940112439338099,2,2,0.9166666666666666,1.0,0.0,0.0,0.47854176280571553,1.4949493200636166,1.3719136680583444,0,0.47579515827566987,0,0,0,0.9040147669589402,0,1,0.75,0.16666666666666663,0.16666666666666663,0.6802782208132736,0.6794761442561306,0.6176750603493206,0.6802782208132736,0.65764814587469,0.6802782208132736,0.7886478055592915,0.25,0.9166666666666666,1.0,3,2,4,1.3333333333333333,15732.0,-1,,15732.0,2.0,-1,0,,0.4,0.3565494840274086,12.0,0.3666666666666667,0.2333333333333333,0.6217571176688537,0.8333333333333333,0.72710594608388,2044.64,2022.97,2044.64,2022.97,2044.64,2022.97,2044.64,2022.97,0.6272891408297406,0.9444132476739948,0.7043503103896798,0.5950650862305403,unclassified
highest_plausibility,147,12,12099,12102,12121.0,4,3,1747.6,1770.475,1759.0375,22.875,2.6199894304606537,0.6552435343162257,0.6552435343162257,0.6224373948383722,0.6224373948383722,3,2,0.9166666666666666,1.0,0.0,0.0,0.4461202185792417,1.4511591730682438,1.1688302573924099,0,0.40109370838185326,1,0,1,0.9197814207650192,0,1,0.8333333333333334,0.5833333333333333,0.5833333333333333,0.7276304868294976,0.6818795232830351,0.6212873911819824,0.7276304868294976,0.6626815584902359,0.7276304868294976,0.7590510249932789,0.25,0.9166666666666666,1.0,1,1,2,2.0,12108.0,-1,12121.0,12108.0,6.0,-1,1,19.0,0.6,0.32858390038520735,19.0,0.2666666666666667,0.21212121212121213,0.6192328018344897,0.75,0.7215506247010467,1770.475,1747.6,1770.475,1747.6,1770.475,1747.6,1770.475,1747.6,0.6476785342242585,0.9334178363152338,0.7182153793347152,0.6040916536405059,durable_plausible
highest_plausibility,213,12,17394,17397,17409.0,4,3,2891.275,2929.965,2910.62,38.690000000000055,2.3388122367803894,0.6761412276148457,0.6761412276148457,0.6010182423445524,0.6010182423445524,2,2,1.0,1.0,0.0,0.0,0.5117601447402352,1.141901347965424,1.1969108888149653,0,0.5127219220903482,0,0,0,0.8167485138278707,0,1,0.5833333333333333,0.75,0.5833333333333333,0.7722942474802277,0.6971261486963883,0.6431294107278889,0.7722942474802277,0.6621770302334824,0.7722942474802277,0.6303740323188575,0.25,1.0,1.0,1,1,2,2.0,17402.0,1,17402.0,17409.0,5.0,1,-1,12.0,0.0,0.24639360883352024,12.0,0.2666666666666667,0.2333333333333333,0.6816386724140278,0.7083333333333334,0.7183263347701736,2929.965,2891.275,2929.965,2891.275,2929.965,2891.275,2929.965,2891.275,0.65060400002757,0.9378954893886157,0.7255187300470942,0.6015636126529401,durable_plausible
highest_plausibility,89,12,7936,7945,7966.0,4,9,1286.246,1295.817,1291.0315,9.570999999999913,2.2682169335406837,0.7712239491117647,0.7712239491117647,0.6135223066360429,0.6135223066360429,3,3,0.8333333333333334,0.7806163599960163,0.6480000000001382,0.15356854800278863,0.6589698046181249,0.7735304640138568,1.4946864695268267,0,0.5498414857047657,0,0,0,0.8623968237383743,0,1,0.75,0.5,0.5,0.7521520160975682,0.7765902090409145,0.7697678000535505,0.7521520160975682,0.7571062837534319,0.7521520160975682,0.6928154005782291,0.5,0.8333333333333334,0.7806163599960163,1,0,2,2.0,7965.0,-1,,7965.0,20.0,-1,-1,21.0,0.4,0.376268935559297,21.0,0.1,0.43333333333333335,0.8202146922678173,0.625,0.7171370064002878,1295.817,1286.246,1295.817,1286.246,1295.817,1286.246,1295.817,1286.246,0.7153435368865019,0.9509794662989222,0.71875,0.6654773964942016,durable_plausible
highest_plausibility,77,16,7266,7269,7280.0,7,3,1205.837,1216.215,1211.0259999999998,10.377999999999929,2.500074099657033,0.6039157305209273,0.6039157305209273,0.511390341912717,0.511390341912717,5,2,1.0,0.9593909170829258,0.11799999999993815,0.028426358041951944,0.7756793216419358,0.5608183179804922,1.9392557816765406,0,0.7047514530808785,3,0,1,0.4247446521487699,0,1,1.0,0.75,0.75,0.6601427772834944,0.6288733591928425,0.573954994954508,0.6601427772834944,0.6060200978040388,0.6601427772834944,0.6244437807254927,0.25,1.0,0.9593909170829258,3,3,6,2.0,7271.0,1,7271.0,7275.0,2.0,1,0,,0.4,0.4470358472480676,11.0,0.3666666666666667,0.2380952380952381,0.5851505852307903,0.8125,0.7097102653553167,1216.215,1205.837,1216.215,1205.837,1216.215,1205.837,1216.215,1205.837,0.6103451238526623,0.9236612753320715,0.6873200074212559,0.5761907237101701,unclassified
highest_plausibility,102,8,8846,8849,8859.0,4,3,1489.954,1509.463,1499.7085,19.509000000000015,1.8692177209325818,0.6246116432978949,0.6246116432978949,0.5520371476910693,0.5520371476910693,3,2,1.0,0.9344364660759661,0.47900000000004184,0.04589447374682373,0.6696909118868237,0.6174196008862306,1.251798120046351,1,0.6091893566289404,3,0,1,0.6147590001195951,0,1,1.0,0.5,0.5,0.7318520201062615,0.6436072898790991,0.5914968398803447,0.7318520201062615,0.6121421843087284,0.7318520201062615,0.5905026620247539,0.25,1.0,0.9344364660759661,1,1,2,2.0,8856.0,-1,8859.0,8856.0,7.0,-1,1,10.0,0.6,0.186946368657324,10.0,0.2666666666666667,0.2435897435897436,0.6363880232562658,0.7083333333333334,0.7049623904294511,1509.463,1489.954,1509.463,1489.954,1509.463,1489.954,1509.463,1489.954,0.63594006540108,0.9200370823411115,0.7087827644152676,0.58814685410627,durable_plausible
highest_plausibility,239,8,18834,18838,18848.0,4,4,4987.695,5086.65,5037.1725,98.95499999999993,1.365727304971033,0.6490816592350037,0.6490816592350037,0.5834520575737837,0.5834520575737837,3,2,1.0,1.0,0.0,0.0,0.6879389621545225,0.42619028020316746,0.9395370247678655,0,0.39185164571612896,0,1,-1,0.8850487595371755,0,1,0.625,0.75,0.625,0.7302481415365187,0.669067451119301,0.6193069568839518,0.7302481415365187,0.6483423650248125,0.7302481415365187,0.6649630091175567,0.25,1.0,1.0,3,3,6,2.0,18840.0,1,18840.0,18848.0,2.0,1,-1,10.0,0.0,0.39185164571612896,10.0,0.3,0.2619047619047619,0.5395629432636602,0.7916666666666667,0.699593116768296,5086.65,4987.695,5086.65,4987.695,5086.65,4987.695,5086.65,4987.695,0.6286251160278095,0.9232295694925673,0.7050906836995028,0.583044147731793,durable_plausible
highest_plausibility,156,8,12364,12367,12375.0,4,3,1766.105,1787.635,1776.87,21.529999999999973,2.3641460836475967,0.6756924948726826,0.6756924948726826,0.5813495604021134,0.5813495604021134,3,2,0.875,0.9882349574498257,0.07500000000004547,0.008235529785122039,0.5840687412912244,0.9833222563429671,1.3808238273046294,0,0.49529110232415724,1,0,1,0.7535222170614666,0,1,0.625,0.25,0.25,0.7014610521740676,0.701024484584539,0.6502906543465015,0.7014610521740676,0.6834492388341299,0.7014610521740676,0.7146159163085684,0.25,0.875,0.9882349574498257,1,1,2,2.0,12373.0,1,12373.0,,6.0,1,1,8.0,0.6,0.42815432252040675,8.0,0.2666666666666667,0.25757575757575757,0.6684334454523853,0.6666666666666666,0.6955932098479447,1787.635,1766.105,1787.635,1766.105,1787.635,1766.105,1787.635,1766.105,0.6244209946348735,0.9060430816191319,0.6957853101052518,0.5774115162563567,durable_plausible
highest_plausibility,240,12,18939,18943,18956.0,4,4,5050.89,5195.125,5123.0075,144.23499999999967,2.23508644233715,0.7125560028966155,0.7125560028966155,0.5612581977645447,0.5612581977645447,2,3,0.9166666666666666,0.7533899245018136,11.140000000000327,0.17262705284873045,0.5498665372482384,1.0060871998387366,1.228999242498413,1,0.41819876963945835,0,2,-1,0.8525438809350451,0,1,0.33333333333333337,1.0,0.33333333333333337,0.7027691789283126,0.720871718912111,0.7071366932785277,0.7027691789283126,0.704082710657296,0.7027691789283126,0.6643967289052026,0.25,0.9166666666666666,0.7533899245018136,2,1,4,2.0,18946.0,-1,18955.0,18946.0,3.0,-1,1,13.0,0.6,0.3940288287821172,13.0,0.25,0.3284313725490196,0.5682526072428559,0.75,0.68887687730091,5195.125,5050.89,5195.125,5050.89,5195.125,5050.89,5195.125,5050.89,0.6360991115998996,0.9137097678292576,0.7044697225116704,0.5902885496385123,durable_plausible
highest_plausibility,49,12,4639,4642,4650.0,4,3,1165.343,1180.14,1172.7415,14.797000000000025,2.3647439589988886,0.6893549695312127,0.6893549695312127,0.6278932568632306,0.6278932568632306,2,2,1.0,1.0,0.0,0.0,0.7169696560113472,0.669294296160544,1.6954496628383446,0,0.5601249728655324,1,0,1,0.6060237435516311,0,1,0.75,0.5,0.5,0.756058642176589,0.7117874712361447,0.6598390804758096,0.756058642176589,0.6921446928093162,0.756058642176589,0.7174703606226721,0.25,1.0,1.0,1,1,2,2.0,4647.0,-1,,4647.0,5.0,-1,-1,8.0,0.6,0.5022227806013225,8.0,0.2666666666666667,0.25757575757575757,0.6766518027566241,0.625,0.683064465840671,1180.14,1165.343,1180.14,1165.343,1180.14,1165.343,1180.14,1165.343,0.6175794561901768,0.8995477979722548,0.6959358851977688,0.5607033381688128,durable_plausible
highest_monitor_worthiness,115,12,9642,9645,9658.0,4,3,1560.834,1576.93,1568.882,16.096000000000004,2.625528350219355,0.6258301547643899,0.6258301547643899,0.5354864273141342,0.5354864273141342,2,3,0.9166666666666666,1.0,0.0,0.0,0.35132952286282126,1.7031027276739785,0.9224256225453763,0,0.5885830217810859,0,1,-1,0.7314446653412795,0,1,0.25,1.0,0.25,0.6921050175480472,0.6515216490236134,0.5936453215412568,0.6921050175480472,0.6226357547541912,0.6921050175480472,0.6228448326412154,0.25,0.9166666666666666,1.0,4,3,8,2.0,9651.0,1,9651.0,,6.0,1,1,13.0,0.6,0.5610580506152968,13.0,0.2666666666666667,0.0625,0.6181676249578164,1.0,0.8387085729061208,1576.93,1560.834,1576.93,1560.834,1576.93,1560.834,1576.93,1560.834,0.7374221601342934,1.0,0.7586666666666666,0.7264560941213644,durable_plausible
highest_monitor_worthiness,137,8,11394,11400,11419.0,4,6,1723.683,1742.442,1733.0625,18.759000000000015,2.3119377751795493,0.7219375371244556,0.7219375371244556,0.5699943097913114,0.5699943097913114,2,2,1.0,1.0,0.0,0.0,0.4495975265206014,1.2724962699892814,1.0394415051902677,0,0.5502522329153231,0,0,0,0.8249551326474385,0,1,0.25,0.625,0.25,0.7414919547864554,0.7388832289678657,0.7045744491500712,0.7414919547864554,0.7002873168077199,0.7414919547864554,0.6145212278027253,0.25,1.0,1.0,3,3,6,2.0,11406.0,1,11406.0,11410.0,6.0,1,-1,19.0,0.4,0.4521354969509124,19.0,0.2,0.08,0.7284735047731636,1.0,0.8761183761932909,1742.442,1723.683,1742.442,1723.683,1742.442,1723.683,1742.442,1723.683,0.7985630922038751,1.0,0.7828355128579874,0.7932013218999984,durable_plausible
highest_monitor_worthiness,192,8,15513,15516,15537.0,4,3,2015.645,2044.945,2030.295,29.299999999999955,2.8451262804279414,0.6249036955082521,0.6249036955082521,0.5390086668756899,0.5390086668756899,2,2,1.0,1.0,0.0,0.0,0.29419795221843453,2.0080959549231894,0.8370303255047519,1,0.6422972311849845,0,2,-1,0.45426621160409963,0,1,0.25,0.625,0.25,0.6747322245123614,0.6529675977625269,0.5933574529740038,0.6747322245123614,0.631479441953572,0.6747322245123614,0.6647471082947984,0.25,1.0,1.0,3,2,6,2.0,15523.0,1,15523.0,,7.0,1,1,21.0,0.8,0.6599111230183207,21.0,0.2666666666666667,0.041666666666666664,0.6259372537638574,1.0,0.8448176467742976,2044.945,2015.645,2044.945,2015.645,2044.945,2015.645,2044.945,2015.645,0.7381160448021349,1.0,0.7586666666666666,0.7298339301345984,durable_plausible
highest_monitor_worthiness,136,8,11383,11389,11409.0,4,6,1726.98,1746.615,1736.7975000000001,19.63499999999999,2.0954023109299733,0.748132446134671,0.748132446134671,0.615707546738923,0.615707546738923,2,2,0.875,1.0,0.0,0.0,0.6259230965113303,0.7838416080356873,1.3115607028942862,0,0.43267910307860186,0,1,-1,0.9956709956709977,0,1,0.375,0.75,0.375,0.7446324946239428,0.7665014352578594,0.7332624875129092,0.7446324946239428,0.7421925590817395,0.7446324946239428,0.7114349498671603,0.25,0.875,1.0,4,3,8,2.0,11394.0,-1,,11394.0,5.0,-1,-1,20.0,0.4,0.3343038203776101,20.0,0.2,0.07692307692307693,0.7298850597942256,0.9583333333333334,0.8625033162306077,1746.615,1726.98,1746.615,1726.98,1746.615,1726.98,1746.615,1726.98,0.7844233781904303,1.0,0.7787509948691823,0.7739416497811448,durable_plausible
highest_monitor_worthiness,129,12,10729,10735,10748.0,4,6,1889.212,1913.906,1901.559,24.69399999999996,2.609846826673159,0.7323881119054867,0.7323881119054867,0.6719494118995328,0.6719494118995328,2,2,1.0,1.0,0.0,0.0,0.4582489673604944,1.4138872133811207,1.1959596132920385,0,0.4412943233799173,0,0,0,0.9550768067816745,0,1,0.75,0.25,0.25,0.7587852850958359,0.7514879789027616,0.7121206759173199,0.7587852850958359,0.7472965821268798,0.7587852850958359,0.8092656009942356,0.25,1.0,1.0,2,2,4,2.0,10739.0,1,10739.0,,4.0,1,1,13.0,0.4,0.36554044325907004,13.0,0.2,0.10526315789473684,0.6711833025628541,0.9166666666666666,0.8275765273950995,1913.906,1889.212,1913.906,1889.212,1913.906,1889.212,1913.906,1889.212,0.7567404527711574,1.0,0.7682729582185298,0.7350475109161758,durable_plausible
highest_monitor_worthiness,97,12,8287,8290,8303.0,4,3,1285.211,1294.273,1289.742,9.061999999999898,2.562249680008112,0.6742110916914805,0.6742110916914805,0.6177549649465431,0.6177549649465431,2,2,1.0,1.0,0.0,0.0,0.5957845950121329,1.035700792084512,1.5265488879236,0,0.5513136224012556,0,0,0,0.808062973589351,0,1,0.75,0.16666666666666663,0.16666666666666663,0.7291299245767774,0.6993112510316003,0.6443399445841325,0.7291299245767774,0.6865436453307321,0.7291299245767774,0.7454158354221947,0.25,1.0,1.0,3,3,6,2.0,8293.0,-1,8295.0,8293.0,3.0,-1,1,13.0,0.4,0.459454599061333,13.0,0.3166666666666667,0.14583333333333334,0.6803365999984401,0.875,0.78383414999961,1294.273,1285.211,1294.273,1285.211,1294.273,1285.211,1294.273,1285.211,0.6847725968714656,0.994889886644461,0.7396666666666667,0.6575693122699884,durable_plausible
highest_monitor_worthiness,236,16,18613,18618,18629.0,4,5,4271.62,4348.945,4310.282499999999,77.32499999999982,2.8685316442112585,0.6837345356614362,0.6837345356614362,0.5575674493479541,0.5575674493479541,3,3,1.0,0.9279256748209507,1.360000000000582,0.0504520276253345,0.8072421597154894,0.5529319645259383,2.31559967968532,0,0.7705537045068414,3,0,1,0.35508136652656197,0,1,0.875,0.375,0.375,0.7342342508669931,0.6969173203208404,0.6645810421146474,0.7342342508669931,0.6643947865922579,0.7342342508669931,0.5989772080903141,0.5,1.0,0.9279256748209507,2,2,4,2.0,18621.0,1,18621.0,,3.0,1,1,11.0,1.0,0.7802116239448076,11.0,0.15,0.1875,0.704769555600399,0.8541666666666666,0.807650722233433,4348.945,4271.62,4348.945,4271.62,4348.945,4271.62,4348.945,4271.62,0.759103308524749,1.0,0.7622952166700299,0.7353460892400693,durable_plausible
highest_monitor_worthiness,84,16,7814,7817,7825.0,7,3,1240.834,1249.994,1245.414,9.159999999999854,2.5483208559237878,0.634850698053885,0.634850698053885,0.5631654254860968,0.5631654254860968,2,3,1.0,0.8461946083526267,0.387000000000171,0.10766377415316127,0.40545851528384286,1.515082465214077,1.0332383907097107,1,0.5049059180793585,0,0,0,0.902110625909749,0,1,0.5,0.6875,0.5,0.6794316388410891,0.6565349346221946,0.6095029888105524,0.6794316388410891,0.6493742512937326,0.6794316388410891,0.7147954096031689,0.25,1.0,0.8461946083526267,2,2,4,2.0,7821.0,-1,,7821.0,4.0,-1,0,,0.2,0.4172175397112937,8.0,0.2666666666666667,0.0909090909090909,0.6330152200146563,0.8333333333333333,0.7784053201551793,1249.994,1240.834,1249.994,1240.834,1249.994,1240.834,1249.994,1240.834,0.6797796561236339,0.9690937496506515,0.7400398194617315,0.6529088517588251,durable_plausible
highest_monitor_worthiness,111,12,9415,9418,9431.0,7,3,1473.724,1480.436,1477.08,6.711999999999989,1.5906417231390133,0.6661475979562137,0.6661475979562137,0.6287473008832919,0.6287473008832919,3,4,0.9166666666666666,0.80838089236831,0.5660000000000309,0.13413337534218298,0.4989570917759484,0.796979754904088,0.7936619682349253,2,0.5038367231549973,0,0,0,0.8001589193484585,0,1,0.6666666666666667,0.75,0.6666666666666667,0.7322555917792903,0.682401246082639,0.641917254518324,0.7322555917792903,0.6826089295597284,0.7322555917792903,0.7644076465967161,0.5,0.9166666666666666,0.80838089236831,3,3,6,2.0,9420.0,-1,9427.0,9420.0,2.0,-1,0,,0.0,0.5127122574834259,13.0,0.2666666666666667,0.22916666666666666,0.6804347636073194,0.8333333333333333,0.7626086909018298,1480.436,1473.724,1480.436,1473.724,1480.436,1473.724,1480.436,1473.724,0.6898627986573593,0.9819988412748022,0.748782607270549,0.6585766902608501,durable_plausible
highest_monitor_worthiness,194,12,15727,15730,15742.0,7,3,2022.97,2044.64,2033.805,21.670000000000073,2.866862988121961,0.648639768427297,0.648639768427297,0.5940112439338099,0.5940112439338099,2,2,0.9166666666666666,1.0,0.0,0.0,0.47854176280571553,1.4949493200636166,1.3719136680583444,0,0.47579515827566987,0,0,0,0.9040147669589402,0,1,0.75,0.16666666666666663,0.16666666666666663,0.6802782208132736,0.6794761442561306,0.6176750603493206,0.6802782208132736,0.65764814587469,0.6802782208132736,0.7886478055592915,0.25,0.9166666666666666,1.0,3,2,4,1.3333333333333333,15732.0,-1,,15732.0,2.0,-1,0,,0.4,0.3565494840274086,12.0,0.3666666666666667,0.2333333333333333,0.6217571176688537,0.8333333333333333,0.72710594608388,2044.64,2022.97,2044.64,2022.97,2044.64,2022.97,2044.64,2022.97,0.6272891408297406,0.9444132476739948,0.7043503103896798,0.5950650862305403,unclassified
highest_monitor_worthiness,77,16,7266,7269,7280.0,7,3,1205.837,1216.215,1211.0259999999998,10.377999999999929,2.500074099657033,0.6039157305209273,0.6039157305209273,0.511390341912717,0.511390341912717,5,2,1.0,0.9593909170829258,0.11799999999993815,0.028426358041951944,0.7756793216419358,0.5608183179804922,1.9392557816765406,0,0.7047514530808785,3,0,1,0.4247446521487699,0,1,1.0,0.75,0.75,0.6601427772834944,0.6288733591928425,0.573954994954508,0.6601427772834944,0.6060200978040388,0.6601427772834944,0.6244437807254927,0.25,1.0,0.9593909170829258,3,3,6,2.0,7271.0,1,7271.0,7275.0,2.0,1,0,,0.4,0.4470358472480676,11.0,0.3666666666666667,0.2380952380952381,0.5851505852307903,0.8125,0.7097102653553167,1216.215,1205.837,1216.215,1205.837,1216.215,1205.837,1216.215,1205.837,0.6103451238526623,0.9236612753320715,0.6873200074212559,0.5761907237101701,unclassified
highest_monitor_worthiness,239,8,18834,18838,18848.0,4,4,4987.695,5086.65,5037.1725,98.95499999999993,1.365727304971033,0.6490816592350037,0.6490816592350037,0.5834520575737837,0.5834520575737837,3,2,1.0,1.0,0.0,0.0,0.6879389621545225,0.42619028020316746,0.9395370247678655,0,0.39185164571612896,0,1,-1,0.8850487595371755,0,1,0.625,0.75,0.625,0.7302481415365187,0.669067451119301,0.6193069568839518,0.7302481415365187,0.6483423650248125,0.7302481415365187,0.6649630091175567,0.25,1.0,1.0,3,3,6,2.0,18840.0,1,18840.0,18848.0,2.0,1,-1,10.0,0.0,0.39185164571612896,10.0,0.3,0.2619047619047619,0.5395629432636602,0.7916666666666667,0.699593116768296,5086.65,4987.695,5086.65,4987.695,5086.65,4987.695,5086.65,4987.695,0.6286251160278095,0.9232295694925673,0.7050906836995028,0.583044147731793,durable_plausible
highest_monitor_worthiness,147,12,12099,12102,12121.0,4,3,1747.6,1770.475,1759.0375,22.875,2.6199894304606537,0.6552435343162257,0.6552435343162257,0.6224373948383722,0.6224373948383722,3,2,0.9166666666666666,1.0,0.0,0.0,0.4461202185792417,1.4511591730682438,1.1688302573924099,0,0.40109370838185326,1,0,1,0.9197814207650192,0,1,0.8333333333333334,0.5833333333333333,0.5833333333333333,0.7276304868294976,0.6818795232830351,0.6212873911819824,0.7276304868294976,0.6626815584902359,0.7276304868294976,0.7590510249932789,0.25,0.9166666666666666,1.0,1,1,2,2.0,12108.0,-1,12121.0,12108.0,6.0,-1,1,19.0,0.6,0.32858390038520735,19.0,0.2666666666666667,0.21212121212121213,0.6192328018344897,0.75,0.7215506247010467,1770.475,1747.6,1770.475,1747.6,1770.475,1747.6,1770.475,1747.6,0.6476785342242585,0.9334178363152338,0.7182153793347152,0.6040916536405059,durable_plausible
highest_monitor_worthiness,237,12,18718,18724,18736.0,4,6,4569.65,4643.09,4606.37,73.44000000000051,2.2050939790018447,0.7012532763515822,0.7012532763515822,0.5129928932994211,0.5129928932994211,5,2,0.9166666666666666,0.9534600263146384,1.0850000000000364,0.032577981579753064,0.45302287581699624,1.2061359631876858,0.9989580158141589,2,0.39573269861583865,2,0,1,0.5869644153957827,0,1,0.9166666666666666,0.41666666666666663,0.41666666666666663,0.6763334858779378,0.7194852782772702,0.6899255612097873,0.6763334858779378,0.6832613512025959,0.6763334858779378,0.5974850770388643,0.25,0.9166666666666666,0.9534600263146384,1,1,2,2.0,18734.0,-1,18736.0,18734.0,10.0,-1,1,12.0,0.8,0.40776280994726644,12.0,0.2,0.27777777777777773,0.6418775315106343,0.75,0.727413827322103,4643.09,4569.65,4643.09,4569.65,4643.09,4569.65,4643.09,4569.65,0.6736282943945685,0.9380869823021551,0.7288004674172615,0.6368091918456178,durable_plausible
highest_monitor_worthiness,240,12,18939,18943,18956.0,4,4,5050.89,5195.125,5123.0075,144.23499999999967,2.23508644233715,0.7125560028966155,0.7125560028966155,0.5612581977645447,0.5612581977645447,2,3,0.9166666666666666,0.7533899245018136,11.140000000000327,0.17262705284873045,0.5498665372482384,1.0060871998387366,1.228999242498413,1,0.41819876963945835,0,2,-1,0.8525438809350451,0,1,0.33333333333333337,1.0,0.33333333333333337,0.7027691789283126,0.720871718912111,0.7071366932785277,0.7027691789283126,0.704082710657296,0.7027691789283126,0.6643967289052026,0.25,0.9166666666666666,0.7533899245018136,2,1,4,2.0,18946.0,-1,18955.0,18946.0,3.0,-1,1,13.0,0.6,0.3940288287821172,13.0,0.25,0.3284313725490196,0.5682526072428559,0.75,0.68887687730091,5195.125,5050.89,5195.125,5050.89,5195.125,5050.89,5195.125,5050.89,0.6360991115998996,0.9137097678292576,0.7044697225116704,0.5902885496385123,durable_plausible
highest_monitor_worthiness,79,12,7619,7622,7629.0,4,3,1228.004,1243.33,1235.667,15.326000000000022,2.9988038690037855,0.6015355859025566,0.6015355859025566,0.5554768136807077,0.5554768136807077,2,3,0.8333333333333334,1.0,0.0,0.0,0.42535560485449536,1.7232458354636793,1.275558033540106,0,0.5666668522884128,0,0,0,0.7091652529470654,0,1,0.75,0.33333333333333337,0.33333333333333337,0.6642394857617356,0.6318507929822571,0.5660381879781395,0.6642394857617356,0.6245755428626616,0.6642394857617356,0.7270997523925143,0.25,0.8333333333333334,1.0,3,2,6,2.0,7624.0,-1,,7624.0,2.0,-1,-1,7.0,0.4,0.1818869868753037,7.0,0.3666666666666667,0.26666666666666666,0.5463838713454259,0.7291666666666667,0.6651376345030232,1243.33,1228.004,1243.33,1228.004,1243.33,1228.004,1243.33,1228.004,0.573493793720316,0.8797252966143594,0.6554689934579754,0.5287692074658461,unclassified
highest_monitor_worthiness,7,8,1185,1188,1201.0,4,3,1204.109,1219.954,1212.0315,15.845000000000027,2.7717499864893673,0.5940134059462567,0.5940134059462567,0.5099049786485682,0.5099049786485682,2,4,1.0,1.0,0.0,0.0,0.27137898390660614,2.0195552915127335,0.7521946949766338,1,0.7054039369705138,0,3,-1,0.42520248238142133,0,1,0.375,0.875,0.375,0.6530103847859445,0.6217392299486141,0.5612841971699264,0.6530103847859445,0.6001602997190472,0.6530103847859445,0.6347546443581548,0.25,1.0,1.0,1,1,2,2.0,1193.0,1,1193.0,1201.0,5.0,1,-1,13.0,0.8,0.6716479511550902,13.0,0.2666666666666667,0.22916666666666666,0.5150480795212756,0.7083333333333334,0.677512019880319,1219.954,1204.109,1219.954,1204.109,1219.954,1204.109,1219.954,1204.109,0.6016459480355029,0.8786656308818431,0.6713479528329755,0.5545309750961699,durable_plausible
highest_monitor_worthiness,102,8,8846,8849,8859.0,4,3,1489.954,1509.463,1499.7085,19.509000000000015,1.8692177209325818,0.6246116432978949,0.6246116432978949,0.5520371476910693,0.5520371476910693,3,2,1.0,0.9344364660759661,0.47900000000004184,0.04589447374682373,0.6696909118868237,0.6174196008862306,1.251798120046351,1,0.6091893566289404,3,0,1,0.6147590001195951,0,1,1.0,0.5,0.5,0.7318520201062615,0.6436072898790991,0.5914968398803447,0.7318520201062615,0.6121421843087284,0.7318520201062615,0.5905026620247539,0.25,1.0,0.9344364660759661,1,1,2,2.0,8856.0,-1,8859.0,8856.0,7.0,-1,1,10.0,0.6,0.186946368657324,10.0,0.2666666666666667,0.2435897435897436,0.6363880232562658,0.7083333333333334,0.7049623904294511,1509.463,1489.954,1509.463,1489.954,1509.463,1489.954,1509.463,1489.954,0.63594006540108,0.9200370823411115,0.7087827644152676,0.58814685410627,durable_plausible
highest_monitor_worthiness,213,12,17394,17397,17409.0,4,3,2891.275,2929.965,2910.62,38.690000000000055,2.3388122367803894,0.6761412276148457,0.6761412276148457,0.6010182423445524,0.6010182423445524,2,2,1.0,1.0,0.0,0.0,0.5117601447402352,1.141901347965424,1.1969108888149653,0,0.5127219220903482,0,0,0,0.8167485138278707,0,1,0.5833333333333333,0.75,0.5833333333333333,0.7722942474802277,0.6971261486963883,0.6431294107278889,0.7722942474802277,0.6621770302334824,0.7722942474802277,0.6303740323188575,0.25,1.0,1.0,1,1,2,2.0,17402.0,1,17402.0,17409.0,5.0,1,-1,12.0,0.0,0.24639360883352024,12.0,0.2666666666666667,0.2333333333333333,0.6816386724140278,0.7083333333333334,0.7183263347701736,2929.965,2891.275,2929.965,2891.275,2929.965,2891.275,2929.965,2891.275,0.65060400002757,0.9378954893886157,0.7255187300470942,0.6015636126529401,durable_plausible
highest_monitor_worthiness,140,16,11671,11674,11685.0,4,3,1772.725,1794.865,1783.795,22.1400000000001,2.466061569774596,0.6301035412156819,0.6301035412156819,0.5241698326631147,0.5241698326631147,2,6,0.875,1.0,0.0,0.0,0.19105691056910565,1.9949034649802626,0.47115810479433323,0,0.4033754158679767,0,1,-1,0.8795543510990704,0,1,0.25,0.75,0.25,0.676698554605469,0.6565237673650521,0.600455349107845,0.676698554605469,0.6276578858206573,0.676698554605469,0.6243311961574921,0.25,0.875,1.0,2,1,4,2.0,11676.0,-1,,11676.0,2.0,-1,-1,11.0,0.4,0.4033754158679767,11.0,0.3666666666666667,0.4047619047619048,0.44883431350488545,0.6875,0.5985478640905071,1794.865,1772.725,1794.865,1772.725,1794.865,1772.725,1794.865,1772.725,0.5347172125255941,0.8336976466687201,0.622836699693776,0.47778603319832746,fragile_but_plausible
highest_micro_box_risk,2,8,931,934,935.0,4,3,1286.076,1295.375,1290.7255,9.298999999999978,2.1174850283068314,0.686564516954761,0.686564516954761,0.6001135117298491,0.6001135117298491,3,2,1.0,1.0,0.0,0.0,0.5567265297343714,0.9386249367330819,1.1788600915737493,0,0.4217207952950828,0,0,0,0.9360146252285079,0,1,0.375,0.625,0.375,0.722264022889944,0.7117545546277788,0.6596929643597966,0.722264022889944,0.6922051113978369,0.722264022889944,0.7181305190140334,0.25,1.0,1.0,0,0,0,,935.0,-1,,935.0,1.0,-1,-1,1.0,0.4,0.37674103603341436,1.0,0.7166666666666667,0.8333333333333334,0.47579840287951886,0.0625,0.2308246007198797,1295.375,1286.076,1295.375,1286.076,1295.375,1286.076,1295.375,1286.076,0.2183016630856713,0.3027017259849049,0.3370405833379141,0.13411436640171573,strong_false_positive
highest_micro_box_risk,36,8,3815,3818,3819.0,4,3,1206.841,1217.61,1212.2255,10.769000000000005,2.1770259502990856,0.6878851656384455,0.6878851656384455,0.5926121319433044,0.5926121319433044,3,2,1.0,1.0,0.0,0.0,0.45343114495310943,1.18989458106234,0.9871313692367455,0,0.5039369849250902,0,1,-1,0.8858761259169942,0,1,0.375,0.75,0.375,0.7099397559563158,0.7134993219052657,0.6628405399234573,0.7099397559563158,0.6954478789115162,0.7099397559563158,0.7245596709001348,0.25,1.0,1.0,0,0,0,,3819.0,1,3819.0,,1.0,1,1,1.0,0.4,0.3994309422651293,1.0,0.7166666666666667,0.8333333333333334,0.4872485801857216,0.0625,0.2336871450464304,1217.61,1206.841,1217.61,1206.841,1217.61,1206.841,1217.61,1206.841,0.2192473065132943,0.303708473910595,0.3366696811260603,0.13642088534736999,strong_false_positive
highest_micro_box_risk,37,16,3815,3818,3819.0,4,3,1205.895,1220.412,1213.1535,14.517000000000053,2.9347094178189175,0.6278416768232095,0.6278416768232095,0.5967035717529117,0.5967035717529117,2,2,1.0,1.0,0.0,0.0,0.40152924157883374,1.756337771027827,1.1783716467910907,0,0.5633654602401139,0,0,0,0.78749052834607,0,1,0.3125,0.8125,0.3125,0.7080591725248064,0.6556883982774487,0.5916156314893929,0.7080591725248064,0.6464986859268729,0.7080591725248064,0.7378853701006806,0.25,1.0,1.0,0,0,0,,3819.0,1,3819.0,,1.0,1,1,1.0,0.2,0.48143393453444866,1.0,0.7166666666666667,0.8333333333333334,0.4003763940091826,0.0625,0.21196909850229564,1220.412,1205.895,1220.412,1205.895,1220.412,1205.895,1220.412,1205.895,0.20349767203594624,0.28176263496809417,0.3204068133927239,0.11892138836071221,strong_false_positive
highest_micro_box_risk,59,12,5123,5126,5127.0,4,3,1239.352,1250.557,1244.9545,11.204999999999927,2.875802067811802,0.5802716355519396,0.5802716355519396,0.5204495484385482,0.5204495484385482,4,2,0.9166666666666666,0.6604841314727421,0.9259999999999309,0.23766110796908052,0.5553770638107984,1.2786475592894606,1.5971545085223413,1,0.5152311322736511,1,0,1,0.6673211363974532,0,1,0.8333333333333334,0.5,0.5,0.615036739627181,0.598079647013711,0.5597504892720131,0.615036739627181,0.6118683466768419,0.615036739627181,0.7436814608127609,0.25,0.9166666666666666,0.6604841314727421,0,0,0,,5127.0,1,5127.0,,1.0,1,1,1.0,0.6,0.4905189032196004,1.0,0.7166666666666667,0.8333333333333334,0.32837139721567915,0.0625,0.19396784930391978,1250.557,1239.352,1250.557,1239.352,1250.557,1239.352,1250.557,1239.352,0.18222082314103646,0.24985302395807046,0.28863441302458687,0.10441673180871087,strong_false_positive
highest_micro_box_risk,63,5,5817,5820,5821.0,4,3,1331.469,1340.925,1336.1970000000001,9.455999999999904,1.755854480790402,0.6077439669112954,0.6077439669112954,0.5019932705777809,0.5019932705777809,2,3,1.0,0.7591376799978958,0.9080000000001291,0.1686036240014729,0.8022419627749672,0.3472343357738889,1.408620145016513,1,0.4153740111829594,1,1,0,0.9653835307388694,0,1,1.0,0.6,0.6,0.633496245944714,0.6292401230694196,0.5855668310931241,0.633496245944714,0.6167284882451058,0.633496245944714,0.6540285329004419,0.25,1.0,0.7591376799978958,0,0,0,,5821.0,1,5821.0,,1.0,1,1,1.0,0.2,0.293035505438317,1.0,0.7166666666666667,0.8333333333333334,0.40625406681866705,0.0625,0.21343851670466676,1340.925,1331.469,1340.925,1331.469,1340.925,1331.469,1340.925,1331.469,0.19784862849361337,0.2720439406379455,0.3065691074917399,0.12010538432242443,strong_false_positive
highest_micro_box_risk,67,5,6212,6215,6216.0,4,3,1261.245,1269.122,1265.1835,7.87700000000018,1.8197222807395788,0.6155033845997457,0.6155033845997457,0.5025802335057831,0.5025802335057831,2,2,1.0,0.5802087921251771,1.272000000000162,0.29385384551237603,0.29122762473023284,1.2897688832511094,0.5299533974884695,2,0.5506775341692218,0,2,-1,0.6727603571579802,0,1,0.4,1.0,0.4,0.6401598301205598,0.6266220913500288,0.602218639646178,0.6401598301205598,0.6198981430169099,0.6401598301205598,0.6418092530921361,0.25,1.0,0.5802087921251771,0,0,0,,6216.0,-1,,6216.0,1.0,-1,-1,1.0,0.0,0.2813674263639252,1.0,0.7166666666666667,0.8333333333333334,0.46853633603966255,0.0625,0.22900908400991563,1269.122,1261.245,1269.122,1261.245,1269.122,1261.245,1269.122,1261.245,0.20961804083694208,0.2885751191513081,0.3192916943106986,0.13265149868335624,strong_false_positive
highest_micro_box_risk,96,8,8257,8260,8261.0,4,3,1307.276,1319.236,1313.256,11.960000000000036,2.894681369696731,0.563103388260412,0.563103388260412,0.4736160277729737,0.4736160277729737,3,2,1.0,0.7199364656648128,0.8099999999999454,0.19604447403463102,0.2646321070234075,2.1286557396724817,0.7660256300242492,0,0.7075500763414257,0,3,-1,0.4673913043478115,0,1,0.5,0.875,0.5,0.6073731772038627,0.5823226679114863,0.5398760271225573,0.6073731772038627,0.5754720274537816,0.6073731772038627,0.6329627472008204,0.25,1.0,0.7199364656648128,0,0,0,,8261.0,-1,,8261.0,1.0,-1,-1,1.0,0.6,0.5949833447053202,1.0,0.7166666666666667,0.8333333333333334,0.35807409557114156,0.0625,0.2013935238927854,1319.236,1307.276,1319.236,1307.276,1319.236,1307.276,1319.236,1307.276,0.18685906268058153,0.2561105999969661,0.2925335815016784,0.11040003098931091,strong_false_positive
highest_micro_box_risk,138,8,11494,11497,11498.0,4,3,1731.625,1749.125,1740.375,17.5,2.096101187421962,0.7034301024392982,0.7034301024392982,0.6269457525054464,0.6269457525054464,2,2,1.0,0.9760445578580176,0.14000000000010004,0.01676880949938768,0.8908571428571381,0.22877447245577823,1.8673267149661839,0,0.27718383673470076,1,1,0,0.8912380952380945,0,1,1.0,0.75,0.75,0.7577153253986167,0.7270029023112836,0.6749433148733394,0.7577153253986167,0.6843631651872306,0.7577153253986167,0.7123599314285667,0.25,1.0,0.9760445578580176,0,0,0,,11498.0,1,11498.0,,1.0,1,1,1.0,0.4,0.250458122448982,1.0,0.7166666666666667,0.8333333333333334,0.5216861257862747,0.0625,0.24229653144656868,1749.125,1731.625,1749.125,1731.625,1749.125,1731.625,1749.125,1731.625,0.22971872122838916,0.31946267226107805,0.3525225611662217,0.1433579701841681,strong_false_positive
highest_micro_box_risk,154,12,12325,12328,12329.0,4,3,1778.475,1796.355,1787.415,17.88000000000011,2.2345368078615873,0.6729152317690994,0.6729152317690994,0.6116134788864314,0.6116134788864314,5,2,1.0,1.0,0.0,0.0,0.8747203579418347,0.27994197145469496,1.9545948364068924,2,0.5449879635051492,1,0,1,0.6314317673378016,0,1,1.0,0.41666666666666663,0.41666666666666663,0.731484717354486,0.6951088325614699,0.6449014894098463,0.731484717354486,0.6813795022702012,0.731484717354486,0.7268768674083734,0.25,1.0,1.0,0,0,0,,12329.0,1,12329.0,,1.0,1,1,1.0,0.6,0.5449879635051492,1.0,0.7166666666666667,0.8333333333333334,0.42788211570427354,0.0625,0.21884552892606837,1796.355,1778.475,1796.355,1778.475,1796.355,1778.475,1796.355,1778.475,0.21053679345500984,0.2921357060402594,0.3301220312136496,0.12446212947825396,strong_false_positive
highest_micro_box_risk,158,5,12559,12562,12563.0,4,3,1835.825,1847.8,1841.8125,11.974999999999909,1.8730355926015245,0.6553011036288312,0.6553011036288312,0.559108847988265,0.559108847988265,2,2,1.0,1.0,0.0,0.0,0.36910229645092935,1.1816938540379744,0.6913417385635501,2,0.5370550163222761,0,2,-1,0.7220598469032651,0,1,0.4,0.8,0.4,0.7204941862366713,0.6800205392300549,0.6241058845065488,0.7204941862366713,0.6469863823615647,0.7204941862366713,0.6266790643346155,0.25,1.0,1.0,0,0,0,,12563.0,-1,,12563.0,1.0,-1,-1,1.0,0.2,0.26236914936737066,1.0,0.7166666666666667,0.8333333333333334,0.4787888960131137,0.0625,0.23157222400327843,1847.8,1835.825,1847.8,1835.825,1847.8,1835.825,1847.8,1835.825,0.21867890120929895,0.30318200471210427,0.3372335024390658,0.13471677009250826,strong_false_positive
highest_micro_box_risk,179,12,13927,13930,13931.0,4,3,1767.195,1790.45,1778.8225,23.25500000000011,2.7047479066376736,0.6241638117420876,0.6241638117420876,0.5411271442650124,0.5411271442650124,2,3,0.9166666666666666,0.9187503930739377,0.48900000000003274,0.05687472484824359,0.7080197806923272,0.7897328869520369,1.9150150196856366,1,0.5853222762173107,1,0,1,0.5630330394897156,0,1,0.75,0.33333333333333337,0.33333333333333337,0.659077526787892,0.6495321792963629,0.5972681885891675,0.659077526787892,0.6390658688997113,0.659077526787892,0.7017286087274953,0.25,0.9166666666666666,0.9187503930739377,0,0,0,,13931.0,1,13931.0,,1.0,1,1,1.0,0.6,0.5681499011570907,1.0,0.7166666666666667,0.8333333333333334,0.3945997615440372,0.0625,0.2105249403860093,1790.45,1767.195,1790.45,1767.195,1790.45,1767.195,1790.45,1767.195,0.19805818016325757,0.2729748403865614,0.30955408258327755,0.11775774592386354,strong_false_positive
highest_micro_box_risk,191,8,15369,15372,15373.0,4,3,1931.625,1949.25,1940.4375,17.625,2.6039633307874688,0.5997125434728637,0.5997125434728637,0.4837952592534538,0.4837952592534538,4,2,0.75,1.0,0.0,0.0,0.8666666666666718,0.34719511077164905,2.25676822001582,2,0.7604539007092204,3,0,1,0.38808510638297844,0,1,1.0,0.5,0.5,0.6329848972752073,0.6282843101408592,0.5703886828633726,0.6329848972752073,0.6009051120953097,0.6329848972752073,0.6071795744680848,0.25,0.75,1.0,0,0,0,,15373.0,1,15373.0,,1.0,1,1,1.0,0.8,0.7085768321513085,1.0,0.7166666666666667,0.8333333333333334,0.3806480774126663,0.0625,0.20703701935316657,1949.25,1931.625,1949.25,1931.625,1949.25,1931.625,1949.25,1931.625,0.1932102112452638,0.26558174472939805,0.3017841424452161,0.11494732448564189,strong_false_positive
highest_micro_box_risk,214,8,17410,17413,17414.0,4,3,2880.28,2915.59,2897.9350000000004,35.309999999999945,2.324363716011192,0.6594565758655833,0.6594565758655833,0.5669790643603639,0.5669790643603639,2,3,1.0,0.7381011874786243,2.7849999999998545,0.18332916876496297,0.8933729821580194,0.2478399714183776,2.076523744592815,0,0.3561094512567088,1,1,0,0.9142830170867688,0,1,0.25,0.75,0.25,0.717810419718509,0.6716349765493599,0.6398901042747429,0.717810419718509,0.654567696537927,0.717810419718509,0.6497883210414296,0.25,1.0,0.7381011874786243,0,0,0,,17414.0,1,17414.0,,1.0,1,1,1.0,0.4,0.24225563025101376,1.0,0.7166666666666667,0.8333333333333334,0.46775056743374516,0.0625,0.22881264185843628,2915.59,2880.28,2915.59,2880.28,2915.59,2880.28,2915.59,2880.28,0.2164579008494421,0.30002675654489985,0.33467811479648124,0.13249321378278384,strong_false_positive
highest_micro_box_risk,8,5,1264,1267,1267.0,7,3,1231.671,1240.444,1236.0575,8.77299999999991,1.5542059059050275,0.5754080416375682,0.5754080416375682,0.4943345787322417,0.4943345787322417,3,2,1.0,0.6902268276322372,1.2239999999999327,0.21684122065743397,0.5529465405220488,0.6948131269759055,0.8593927789291219,1,0.48626401307525535,2,0,1,0.7851362133819662,0,1,0.8,0.4,0.4,0.653639922239069,0.59046078968297,0.5502466323831906,0.653639922239069,0.5750428557883251,0.653639922239069,0.5937994348093044,0.25,1.0,0.6902268276322372,0,0,0,,,0,,,,0,0,,0.6,0.26107566934282705,0.0,0.6666666666666667,0.9166666666666666,0.32580882805865913,0.0,0.16478554034799808,1240.444,1231.671,1240.444,1231.671,1240.444,1231.671,1240.444,1231.671,0.1760027140367695,0.23325289816632178,0.2887686072123744,0.08602657570868595,strong_false_positive
highest_micro_box_risk,54,5,4705,4708,4708.0,7,3,1126.99,1134.036,1130.513,7.046000000000049,1.584266152300452,0.6116189390960898,0.6116189390960898,0.5578654143434935,0.5578654143434935,2,4,1.0,1.0,0.0,0.0,0.5762134544422249,0.6713906799275164,0.9128754723729355,1,0.3508310700478623,0,2,-1,0.8832434478190908,0,1,0.4,0.8,0.4,0.7106168592018675,0.637744233229027,0.5738340248074982,0.7106168592018675,0.6129792622775114,0.7106168592018675,0.6417397953145066,0.25,1.0,1.0,0,0,0,,,0,,,,0,0,,0.4,0.28933340928423423,0.0,0.6666666666666667,0.9166666666666666,0.2982563113398305,0.0,0.15789741116829092,1134.036,1126.99,1134.036,1126.99,1134.036,1126.99,1134.036,1126.99,0.17618760331877312,0.23492852985398366,0.29512532810997827,0.08022447489631263,strong_false_positive
highest_micro_box_risk,93,5,8121,8124,8124.0,7,3,1325.106,1332.478,1328.792,7.372000000000071,1.6616413755383646,0.6490681926632655,0.6490681926632655,0.586031533027215,0.586031533027215,2,2,1.0,1.0,0.0,0.0,0.3368149755832777,1.1019756762082462,0.5596656993301182,0,0.44656137563816317,0,0,0,0.8221197323204744,0,1,0.4,0.4,0.4,0.7154069052161449,0.6762224291059964,0.6156444400429109,0.7154069052161449,0.6564661943848538,0.7154069052161449,0.6985972336264542,0.25,1.0,1.0,0,0,0,,,0,,,,0,0,,0.0,0.3109017151904852,0.0,0.6666666666666667,0.9166666666666666,0.3964694952958393,0.0,0.18245070715729314,1332.478,1325.106,1332.478,1325.106,1332.478,1325.106,1332.478,1325.106,0.19465433533537252,0.260138949505155,0.3140440733287889,0.10090653455104882,strong_false_positive
highest_micro_box_risk,193,5,15727,15730,15730.0,7,3,2030.645,2044.64,2037.6425,13.995000000000118,1.8514881180787748,0.643638983493982,0.643638983493982,0.5381028972464804,0.5381028972464804,2,2,1.0,1.0,0.0,0.0,0.1925687745623375,1.4949493200636166,0.35653879801515814,0,0.6427141015630986,0,1,-1,0.6002143622722307,0,1,0.4,1.0,0.4,0.7012423620858638,0.6689927879432479,0.6131252471818974,0.7012423620858638,0.6352993867177595,0.7012423620858638,0.612260863338507,0.25,1.0,1.0,0,0,0,,,0,,,,0,0,,0.0,0.2772209387801349,0.0,0.6666666666666667,0.9166666666666666,0.4329784842459182,0.0,0.19157795439481287,2044.64,2030.645,2044.64,2030.645,2044.64,2030.645,2044.64,2030.645,0.20005205719928418,0.2671186971550388,0.3178877460569784,0.10859471914078629,strong_false_positive
highest_micro_box_risk,43,12,4348,4352,4353.0,4,4,1313.163,1328.043,1320.603,14.879999999999882,2.964825520037985,0.6480939744413355,0.6480939744413355,0.5576842877057148,0.5576842877057148,2,2,1.0,1.0,0.0,0.0,0.3151881720430169,2.0303475839507255,0.9344779360872596,2,0.6522978180280845,0,2,-1,0.4437724014336941,0,1,0.5,0.9166666666666666,0.5,0.7033518774129263,0.6696722016369102,0.6211269991215983,0.7033518774129263,0.6472847281051728,0.7033518774129263,0.6548252390088466,0.25,1.0,1.0,0,0,0,,4353.0,-1,,4353.0,1.0,-1,-1,1.0,0.8,0.6336634202653461,1.0,0.65,0.85,0.39458483589013116,0.0625,0.22052120897253277,1328.043,1313.163,1328.043,1313.163,1328.043,1313.163,1328.043,1313.163,0.21840377628877347,0.2887539375620404,0.33688788984599305,0.1270018235972536,strong_false_positive
highest_micro_box_risk,204,16,16343,16349,16350.0,4,6,2318.595,2338.55,2328.5725,19.955000000000382,2.1034513060207245,0.6877388511648538,0.6877388511648538,0.5278838468228269,0.5278838468228269,2,3,1.0,0.8140271064942652,1.2349999999996726,0.13018102545401433,0.7421698822350347,0.5423330979441935,1.561118208076531,0,0.5826154450118551,1,0,1,0.7899440407583724,0,1,0.75,0.75,0.75,0.688989472597885,0.6988248791846228,0.6782264881989628,0.688989472597885,0.6728775922434503,0.688989472597885,0.6102852264500801,0.25,1.0,0.8140271064942652,0,0,0,,16350.0,1,16350.0,,1.0,1,1,1.0,0.2,0.37805847421294375,1.0,0.65,0.8690476190476191,0.4730996101321906,0.0625,0.23634037872352384,2338.55,2318.595,2338.55,2318.595,2338.55,2318.595,2338.55,2318.595,0.23089340605189296,0.3052363415235406,0.3476823696510728,0.14296731867633825,strong_false_positive
highest_micro_box_risk,1,8,745,748,749.0,4,3,1309.85,1318.482,1314.166,8.632000000000062,1.5537194119902207,0.6557116155321216,0.6557116155321216,0.5570914392449862,0.5570914392449862,4,3,0.875,1.0,0.0,0.0,0.6199026876737807,0.5905645726065568,0.9631548393836639,2,0.49993403248699064,2,0,1,0.7251312944083896,0,1,0.875,0.5,0.5,0.7243184106117307,0.6795008801238801,0.6247515460623072,0.7243184106117307,0.6447426563238832,0.7243184106117307,0.6152084292470413,0.5,0.875,1.0,0,0,0,,749.0,1,749.0,,1.0,1,1,1.0,0.6,0.5132962966860134,1.0,0.6166666666666667,0.8333333333333334,0.46500098582229515,0.0625,0.24812524645557377,1318.482,1309.85,1318.482,1309.85,1318.482,1309.85,1318.482,1309.85,0.24293975681204596,0.3152672782645278,0.3641068832379317,0.14827882598685757,strong_false_positive
highest_late_confirm_fragility,8,5,1264,1267,1267.0,7,3,1231.671,1240.444,1236.0575,8.77299999999991,1.5542059059050275,0.5754080416375682,0.5754080416375682,0.4943345787322417,0.4943345787322417,3,2,1.0,0.6902268276322372,1.2239999999999327,0.21684122065743397,0.5529465405220488,0.6948131269759055,0.8593927789291219,1,0.48626401307525535,2,0,1,0.7851362133819662,0,1,0.8,0.4,0.4,0.653639922239069,0.59046078968297,0.5502466323831906,0.653639922239069,0.5750428557883251,0.653639922239069,0.5937994348093044,0.25,1.0,0.6902268276322372,0,0,0,,,0,,,,0,0,,0.6,0.26107566934282705,0.0,0.6666666666666667,0.9166666666666666,0.32580882805865913,0.0,0.16478554034799808,1240.444,1231.671,1240.444,1231.671,1240.444,1231.671,1240.444,1231.671,0.1760027140367695,0.23325289816632178,0.2887686072123744,0.08602657570868595,strong_false_positive
highest_late_confirm_fragility,54,5,4705,4708,4708.0,7,3,1126.99,1134.036,1130.513,7.046000000000049,1.584266152300452,0.6116189390960898,0.6116189390960898,0.5578654143434935,0.5578654143434935,2,4,1.0,1.0,0.0,0.0,0.5762134544422249,0.6713906799275164,0.9128754723729355,1,0.3508310700478623,0,2,-1,0.8832434478190908,0,1,0.4,0.8,0.4,0.7106168592018675,0.637744233229027,0.5738340248074982,0.7106168592018675,0.6129792622775114,0.7106168592018675,0.6417397953145066,0.25,1.0,1.0,0,0,0,,,0,,,,0,0,,0.4,0.28933340928423423,0.0,0.6666666666666667,0.9166666666666666,0.2982563113398305,0.0,0.15789741116829092,1134.036,1126.99,1134.036,1126.99,1134.036,1126.99,1134.036,1126.99,0.17618760331877312,0.23492852985398366,0.29512532810997827,0.08022447489631263,strong_false_positive
highest_late_confirm_fragility,93,5,8121,8124,8124.0,7,3,1325.106,1332.478,1328.792,7.372000000000071,1.6616413755383646,0.6490681926632655,0.6490681926632655,0.586031533027215,0.586031533027215,2,2,1.0,1.0,0.0,0.0,0.3368149755832777,1.1019756762082462,0.5596656993301182,0,0.44656137563816317,0,0,0,0.8221197323204744,0,1,0.4,0.4,0.4,0.7154069052161449,0.6762224291059964,0.6156444400429109,0.7154069052161449,0.6564661943848538,0.7154069052161449,0.6985972336264542,0.25,1.0,1.0,0,0,0,,,0,,,,0,0,,0.0,0.3109017151904852,0.0,0.6666666666666667,0.9166666666666666,0.3964694952958393,0.0,0.18245070715729314,1332.478,1325.106,1332.478,1325.106,1332.478,1325.106,1332.478,1325.106,0.19465433533537252,0.260138949505155,0.3140440733287889,0.10090653455104882,strong_false_positive
highest_late_confirm_fragility,193,5,15727,15730,15730.0,7,3,2030.645,2044.64,2037.6425,13.995000000000118,1.8514881180787748,0.643638983493982,0.643638983493982,0.5381028972464804,0.5381028972464804,2,2,1.0,1.0,0.0,0.0,0.1925687745623375,1.4949493200636166,0.35653879801515814,0,0.6427141015630986,0,1,-1,0.6002143622722307,0,1,0.4,1.0,0.4,0.7012423620858638,0.6689927879432479,0.6131252471818974,0.7012423620858638,0.6352993867177595,0.7012423620858638,0.612260863338507,0.25,1.0,1.0,0,0,0,,,0,,,,0,0,,0.0,0.2772209387801349,0.0,0.6666666666666667,0.9166666666666666,0.4329784842459182,0.0,0.19157795439481287,2044.64,2030.645,2044.64,2030.645,2044.64,2030.645,2044.64,2030.645,0.20005205719928418,0.2671186971550388,0.3178877460569784,0.10859471914078629,strong_false_positive
highest_late_confirm_fragility,243,12,19087,19090,,1,3,4698.725,4801.345,4750.035,102.61999999999989,2.1400381965333968,0.746821604550234,0.746821604550234,0.6170237453770595,0.6170237453770595,3,3,0.9166666666666666,1.0,0.0,0.0,0.49400701617618165,1.0828443125608764,1.0571938839725206,0,0.45931747065321243,2,0,1,0.774118105632436,0,1,0.9166666666666666,0.25,0.25,0.7816476338225437,0.7653480559585397,0.7256872206836877,0.7816476338225437,0.7262103166359573,0.7816476338225437,0.6489810298953315,0.5,0.9166666666666666,1.0,0,0,0,,,0,,,,0,0,,0.4,0.4509416814824764,,0.5666666666666667,0.9166666666666666,0.5718022172820634,0.0,0.24628388765384918,4801.345,4698.725,4801.345,4698.725,4801.345,4698.725,4801.345,4698.725,0.2601989543345073,0.32874865634142947,0.3879861905832994,0.15434101663786023,strong_false_positive
highest_late_confirm_fragility,204,16,16343,16349,16350.0,4,6,2318.595,2338.55,2328.5725,19.955000000000382,2.1034513060207245,0.6877388511648538,0.6877388511648538,0.5278838468228269,0.5278838468228269,2,3,1.0,0.8140271064942652,1.2349999999996726,0.13018102545401433,0.7421698822350347,0.5423330979441935,1.561118208076531,0,0.5826154450118551,1,0,1,0.7899440407583724,0,1,0.75,0.75,0.75,0.688989472597885,0.6988248791846228,0.6782264881989628,0.688989472597885,0.6728775922434503,0.688989472597885,0.6102852264500801,0.25,1.0,0.8140271064942652,0,0,0,,16350.0,1,16350.0,,1.0,1,1,1.0,0.2,0.37805847421294375,1.0,0.65,0.8690476190476191,0.4730996101321906,0.0625,0.23634037872352384,2338.55,2318.595,2338.55,2318.595,2338.55,2318.595,2338.55,2318.595,0.23089340605189296,0.3052363415235406,0.3476823696510728,0.14296731867633825,strong_false_positive
highest_late_confirm_fragility,31,12,3130,3134,3135.0,4,4,1068.129,1076.977,1072.5529999999999,8.848000000000184,2.174236814008797,0.8092410275101923,0.8092410275101923,0.6796078110618909,0.6796078110618909,3,3,1.0,1.0,0.0,0.0,0.3210895117540758,1.476112176960975,0.698124637047822,0,0.4791812838037736,0,0,0,0.9106389391199681,0,1,0.75,0.25,0.25,0.8044207222309862,0.8217559809747409,0.7994997154446445,0.8044207222309862,0.7967826962978619,0.8044207222309862,0.7414020886505382,0.5,1.0,1.0,0,0,0,,3135.0,-1,,3135.0,1.0,-1,-1,1.0,0.4,0.32978721501820485,1.0,0.55,0.85,0.6200455411555378,0.0625,0.29688638528888445,1076.977,1068.129,1076.977,1068.129,1076.977,1068.129,1076.977,1068.129,0.29843495304543594,0.37508852766031014,0.42696278528501624,0.1947656399728659,strong_false_positive
highest_late_confirm_fragility,43,12,4348,4352,4353.0,4,4,1313.163,1328.043,1320.603,14.879999999999882,2.964825520037985,0.6480939744413355,0.6480939744413355,0.5576842877057148,0.5576842877057148,2,2,1.0,1.0,0.0,0.0,0.3151881720430169,2.0303475839507255,0.9344779360872596,2,0.6522978180280845,0,2,-1,0.4437724014336941,0,1,0.5,0.9166666666666666,0.5,0.7033518774129263,0.6696722016369102,0.6211269991215983,0.7033518774129263,0.6472847281051728,0.7033518774129263,0.6548252390088466,0.25,1.0,1.0,0,0,0,,4353.0,-1,,4353.0,1.0,-1,-1,1.0,0.8,0.6336634202653461,1.0,0.65,0.85,0.39458483589013116,0.0625,0.22052120897253277,1328.043,1313.163,1328.043,1313.163,1328.043,1313.163,1328.043,1313.163,0.21840377628877347,0.2887539375620404,0.33688788984599305,0.1270018235972536,strong_false_positive
highest_late_confirm_fragility,1,8,745,748,749.0,4,3,1309.85,1318.482,1314.166,8.632000000000062,1.5537194119902207,0.6557116155321216,0.6557116155321216,0.5570914392449862,0.5570914392449862,4,3,0.875,1.0,0.0,0.0,0.6199026876737807,0.5905645726065568,0.9631548393836639,2,0.49993403248699064,2,0,1,0.7251312944083896,0,1,0.875,0.5,0.5,0.7243184106117307,0.6795008801238801,0.6247515460623072,0.7243184106117307,0.6447426563238832,0.7243184106117307,0.6152084292470413,0.5,0.875,1.0,0,0,0,,749.0,1,749.0,,1.0,1,1,1.0,0.6,0.5132962966860134,1.0,0.6166666666666667,0.8333333333333334,0.46500098582229515,0.0625,0.24812524645557377,1318.482,1309.85,1318.482,1309.85,1318.482,1309.85,1318.482,1309.85,0.24293975681204596,0.3152672782645278,0.3641068832379317,0.14827882598685757,strong_false_positive
highest_late_confirm_fragility,2,8,931,934,935.0,4,3,1286.076,1295.375,1290.7255,9.298999999999978,2.1174850283068314,0.686564516954761,0.686564516954761,0.6001135117298491,0.6001135117298491,3,2,1.0,1.0,0.0,0.0,0.5567265297343714,0.9386249367330819,1.1788600915737493,0,0.4217207952950828,0,0,0,0.9360146252285079,0,1,0.375,0.625,0.375,0.722264022889944,0.7117545546277788,0.6596929643597966,0.722264022889944,0.6922051113978369,0.722264022889944,0.7181305190140334,0.25,1.0,1.0,0,0,0,,935.0,-1,,935.0,1.0,-1,-1,1.0,0.4,0.37674103603341436,1.0,0.7166666666666667,0.8333333333333334,0.47579840287951886,0.0625,0.2308246007198797,1295.375,1286.076,1295.375,1286.076,1295.375,1286.076,1295.375,1286.076,0.2183016630856713,0.3027017259849049,0.3370405833379141,0.13411436640171573,strong_false_positive
highest_late_confirm_fragility,28,16,3095,3098,3099.0,4,3,1057.462,1078.312,1067.887,20.84999999999991,2.9521724992934812,0.6646914217765354,0.6646914217765354,0.5954716584673924,0.5954716584673924,3,3,1.0,1.0,0.0,0.0,0.3933812949640304,1.7908430585642134,1.1613294407292678,1,0.549273598675015,0,0,0,0.90618705035972,0,1,0.8125,0.25,0.25,0.7374507460060571,0.6886957427114846,0.6328863003144546,0.7374507460060571,0.6644571922358238,0.7374507460060571,0.6791218751272404,0.5,1.0,1.0,0,0,0,,3099.0,-1,,3099.0,1.0,-1,-1,1.0,0.4,0.40915486085951086,1.0,0.6166666666666667,0.8333333333333334,0.48035144244356137,0.0625,0.25196286061089035,1078.312,1057.462,1078.312,1057.462,1078.312,1057.462,1078.312,1057.462,0.24705724311893412,0.32106514869360503,0.3695405650714111,0.15165173704808327,strong_false_positive
highest_late_confirm_fragility,36,8,3815,3818,3819.0,4,3,1206.841,1217.61,1212.2255,10.769000000000005,2.1770259502990856,0.6878851656384455,0.6878851656384455,0.5926121319433044,0.5926121319433044,3,2,1.0,1.0,0.0,0.0,0.45343114495310943,1.18989458106234,0.9871313692367455,0,0.5039369849250902,0,1,-1,0.8858761259169942,0,1,0.375,0.75,0.375,0.7099397559563158,0.7134993219052657,0.6628405399234573,0.7099397559563158,0.6954478789115162,0.7099397559563158,0.7245596709001348,0.25,1.0,1.0,0,0,0,,3819.0,1,3819.0,,1.0,1,1,1.0,0.4,0.3994309422651293,1.0,0.7166666666666667,0.8333333333333334,0.4872485801857216,0.0625,0.2336871450464304,1217.61,1206.841,1217.61,1206.841,1217.61,1206.841,1217.61,1206.841,0.2192473065132943,0.303708473910595,0.3366696811260603,0.13642088534736999,strong_false_positive
highest_late_confirm_fragility,37,16,3815,3818,3819.0,4,3,1205.895,1220.412,1213.1535,14.517000000000053,2.9347094178189175,0.6278416768232095,0.6278416768232095,0.5967035717529117,0.5967035717529117,2,2,1.0,1.0,0.0,0.0,0.40152924157883374,1.756337771027827,1.1783716467910907,0,0.5633654602401139,0,0,0,0.78749052834607,0,1,0.3125,0.8125,0.3125,0.7080591725248064,0.6556883982774487,0.5916156314893929,0.7080591725248064,0.6464986859268729,0.7080591725248064,0.7378853701006806,0.25,1.0,1.0,0,0,0,,3819.0,1,3819.0,,1.0,1,1,1.0,0.2,0.48143393453444866,1.0,0.7166666666666667,0.8333333333333334,0.4003763940091826,0.0625,0.21196909850229564,1220.412,1205.895,1220.412,1205.895,1220.412,1205.895,1220.412,1205.895,0.20349767203594624,0.28176263496809417,0.3204068133927239,0.11892138836071221,strong_false_positive
highest_late_confirm_fragility,40,8,4107,4110,4111.0,4,3,1329.876,1338.141,1334.0085,8.2650000000001,1.5247603543358959,0.6664866397461604,0.6664866397461604,0.6200106614582541,0.6200106614582541,4,3,1.0,1.0,0.0,0.0,0.44379915305506057,0.8480730004696913,0.6766873538662047,2,0.370976336265904,1,2,-1,0.8272635612018705,0,1,0.75,1.0,0.75,0.7803162310272829,0.6878462783713674,0.6303318086960069,0.7803162310272829,0.6587923441777116,0.7803162310272829,0.6576055467538096,0.5,1.0,1.0,0,0,0,,4111.0,1,4111.0,,1.0,1,1,1.0,0.2,0.2903146344489393,1.0,0.6166666666666667,0.8333333333333334,0.4594319362733866,0.0625,0.24673298406834662,1338.141,1329.876,1338.141,1329.876,1338.141,1329.876,1338.141,1329.876,0.2471636768258576,0.3222781695956015,0.3742880073847855,0.14705515497253707,strong_false_positive
highest_late_confirm_fragility,59,12,5123,5126,5127.0,4,3,1239.352,1250.557,1244.9545,11.204999999999927,2.875802067811802,0.5802716355519396,0.5802716355519396,0.5204495484385482,0.5204495484385482,4,2,0.9166666666666666,0.6604841314727421,0.9259999999999309,0.23766110796908052,0.5553770638107984,1.2786475592894606,1.5971545085223413,1,0.5152311322736511,1,0,1,0.6673211363974532,0,1,0.8333333333333334,0.5,0.5,0.615036739627181,0.598079647013711,0.5597504892720131,0.615036739627181,0.6118683466768419,0.615036739627181,0.7436814608127609,0.25,0.9166666666666666,0.6604841314727421,0,0,0,,5127.0,1,5127.0,,1.0,1,1,1.0,0.6,0.4905189032196004,1.0,0.7166666666666667,0.8333333333333334,0.32837139721567915,0.0625,0.19396784930391978,1250.557,1239.352,1250.557,1239.352,1250.557,1239.352,1250.557,1239.352,0.18222082314103646,0.24985302395807046,0.28863441302458687,0.10441673180871087,strong_false_positive
highest_late_confirm_fragility,63,5,5817,5820,5821.0,4,3,1331.469,1340.925,1336.1970000000001,9.455999999999904,1.755854480790402,0.6077439669112954,0.6077439669112954,0.5019932705777809,0.5019932705777809,2,3,1.0,0.7591376799978958,0.9080000000001291,0.1686036240014729,0.8022419627749672,0.3472343357738889,1.408620145016513,1,0.4153740111829594,1,1,0,0.9653835307388694,0,1,1.0,0.6,0.6,0.633496245944714,0.6292401230694196,0.5855668310931241,0.633496245944714,0.6167284882451058,0.633496245944714,0.6540285329004419,0.25,1.0,0.7591376799978958,0,0,0,,5821.0,1,5821.0,,1.0,1,1,1.0,0.2,0.293035505438317,1.0,0.7166666666666667,0.8333333333333334,0.40625406681866705,0.0625,0.21343851670466676,1340.925,1331.469,1340.925,1331.469,1340.925,1331.469,1340.925,1331.469,0.19784862849361337,0.2720439406379455,0.3065691074917399,0.12010538432242443,strong_false_positive
highest_late_confirm_fragility,67,5,6212,6215,6216.0,4,3,1261.245,1269.122,1265.1835,7.87700000000018,1.8197222807395788,0.6155033845997457,0.6155033845997457,0.5025802335057831,0.5025802335057831,2,2,1.0,0.5802087921251771,1.272000000000162,0.29385384551237603,0.29122762473023284,1.2897688832511094,0.5299533974884695,2,0.5506775341692218,0,2,-1,0.6727603571579802,0,1,0.4,1.0,0.4,0.6401598301205598,0.6266220913500288,0.602218639646178,0.6401598301205598,0.6198981430169099,0.6401598301205598,0.6418092530921361,0.25,1.0,0.5802087921251771,0,0,0,,6216.0,-1,,6216.0,1.0,-1,-1,1.0,0.0,0.2813674263639252,1.0,0.7166666666666667,0.8333333333333334,0.46853633603966255,0.0625,0.22900908400991563,1269.122,1261.245,1269.122,1261.245,1269.122,1261.245,1269.122,1261.245,0.20961804083694208,0.2885751191513081,0.3192916943106986,0.13265149868335624,strong_false_positive
highest_late_confirm_fragility,96,8,8257,8260,8261.0,4,3,1307.276,1319.236,1313.256,11.960000000000036,2.894681369696731,0.563103388260412,0.563103388260412,0.4736160277729737,0.4736160277729737,3,2,1.0,0.7199364656648128,0.8099999999999454,0.19604447403463102,0.2646321070234075,2.1286557396724817,0.7660256300242492,0,0.7075500763414257,0,3,-1,0.4673913043478115,0,1,0.5,0.875,0.5,0.6073731772038627,0.5823226679114863,0.5398760271225573,0.6073731772038627,0.5754720274537816,0.6073731772038627,0.6329627472008204,0.25,1.0,0.7199364656648128,0,0,0,,8261.0,-1,,8261.0,1.0,-1,-1,1.0,0.6,0.5949833447053202,1.0,0.7166666666666667,0.8333333333333334,0.35807409557114156,0.0625,0.2013935238927854,1319.236,1307.276,1319.236,1307.276,1319.236,1307.276,1319.236,1307.276,0.18685906268058153,0.2561105999969661,0.2925335815016784,0.11040003098931091,strong_false_positive
highest_late_confirm_fragility,114,8,9592,9598,9600.0,4,6,1570.705,1585.896,1578.3004999999998,15.191000000000031,2.2397833584624642,0.7341933457850403,0.7341933457850403,0.576153138672695,0.576153138672695,3,2,1.0,1.0,0.0,0.0,0.7940227766440722,0.46134435709491306,1.778439001367551,0,0.318058626547245,1,1,0,0.9706185680117478,0,1,1.0,0.75,0.75,0.7425295334110628,0.7511732464993308,0.7185964391648727,0.7425295334110628,0.7132188608989624,0.7425295334110628,0.6265549331664044,0.25,1.0,1.0,1,0,2,2.0,9599.0,1,9599.0,,1.0,1,1,2.0,0.2,0.24582246847192707,2.0,0.55,0.8333333333333334,0.48401602080850054,0.20833333333333331,0.3172540052021251,1585.896,1570.705,1585.896,1570.705,1585.896,1570.705,1585.896,1570.705,0.31218432835813764,0.3912778002007792,0.4332647114875671,0.21845548427588143,weak_false_positive
highest_late_confirm_fragility,123,12,10328,10334,10336.0,4,6,1794.854,1811.671,1803.2625,16.817000000000007,2.9603760536140427,0.6637905199443402,0.6637905199443402,0.5289059729243474,0.5289059729243474,4,3,0.8333333333333334,1.0,0.0,0.0,0.9371469346494609,0.18606870955997445,2.774307344054068,0,0.7742593512528756,3,0,1,0.2857426017323774,0,1,1.0,0.33333333333333337,0.33333333333333337,0.7019694411645091,0.6824550137460724,0.6420037177556582,0.7019694411645091,0.6476035295370278,0.7019694411645091,0.5891001846816776,0.5,0.8333333333333334,1.0,1,0,2,2.0,10335.0,1,10335.0,,1.0,1,1,2.0,1.0,0.7692997224734411,2.0,0.45,0.8333333333333334,0.4430595501291677,0.20833333333333331,0.3270148875322919,1811.671,1794.854,1811.671,1794.854,1811.671,1794.854,1811.671,1794.854,0.3308377774352593,0.3899302664881375,0.4462927784627734,0.23040029981450602,unclassified
