range_id,candidate_lookback_bars,birth_idx,confirm_idx,end_idx,state,confirm_latency_bars,low,high,mid,width_abs,width_atr,strength_raw,strength,strength_raw_legacy,strength_legacy,upper_touches,lower_touches,close_inside_frac,boundary_stability_score,candidate_boundary_drift_abs,candidate_boundary_drift_atr,confirm_close_position_in_range,confirm_dist_to_upper_atr,confirm_dist_to_lower_atr,confirm_regime,range_recent_pressure_imbalance,range_recent_upper_pressure_count,range_recent_lower_pressure_count,range_recent_pressure_dominant_side,range_recent_equilibrium_score,range_recent_expansion_veto_flag,range_viability_gate_pass,range_recent_upper_touch_freshness,range_recent_lower_touch_freshness,range_recent_two_sided_freshness_score,range_strength_structure,range_strength_monitorability,range_strength_semantic,range_strength_formation,range_strength_viability,range_strength_formation_legacy,range_strength_viability_legacy,range_touch_quality_score,range_containment_quality_score,range_stability_quality_score,break_pending_count,reclaimed_count,total_pending_bars,mean_pending_duration_bars,first_breach_idx,first_breach_side,first_upper_breach_idx,first_lower_breach_idx,bars_to_first_breach,breakout_side_first,accepted_breakout_side,bars_to_breakout_accept,audit_range_recent_pressure_imbalance_legacy,audit_range_recent_pressure_imbalance_v2,duration_bars,rb_micro_box_risk_score,rb_late_confirm_fragility_score,rb_boundary_relevance_score,rb_monitor_worthiness_score,rb_plausibility_score,birth_timestamp,confirm_timestamp,active_start_idx,active_start_timestamp,end_timestamp,range_state,geometry_upper_edge_miss_atr,geometry_lower_edge_miss_atr,geometry_chart_fit_score,geometry_visible_width_ratio,geometry_upper_swing_confluence,geometry_lower_swing_confluence,geometry_review_bucket_suggested,geometry_review_bucket_manual,geometry_review_notes,candidate_lineage_id,candidate_birth_idx,last_idx,last_timestamp,maturity_pass_idx,maturity_pass_timestamp,viability_pass_idx,viability_pass_timestamp,range_confirm_idx,range_confirm_timestamp
1,12,18,21,24,4,3,1306.07,1322.238,1314.154,16.16800000000012,2.9068439218971287,0.6316271526372463,0.6316271526372463,0.584971435479074,0.584971435479074,2,2,1.0,1.0,0.0,0.0,0.6470806531420035,1.0258814583340718,1.8809624635630569,,0.5514273403631009,0,0,0,0.8680108857001485,0,1,0.5833333333333333,0.16666666666666663,0.16666666666666663,0.6955585441359442,0.6602613060783359,0.5973454411069395,0.6955585441359442,0.6500459096561986,0.6955585441359442,0.7350160539104422,0.25,1.0,1.0,0,0,0,,24.0,1,24.0,,3.0,1,1,3.0,0.4,0.46990190181471697,3,0.4166666666666667,0.5833333333333334,0.4890684765582445,0.1875,0.38789211913956106,2014-06-27 13:00:00+00:00,2014-06-30 01:00:00+00:00,21,2014-06-30 01:00:00+00:00,2014-06-30 13:00:00+00:00,accepted_breakout,3.4432533252310704,1.356797993277169,0.0,0.7272073044573378,1,0,box_too_narrow_for_visible_structure,,,4,18,21,2014-06-30 01:00:00+00:00,21.0,2014-06-30 01:00:00+00:00,21.0,2014-06-30 01:00:00+00:00,21.0,2014-06-30 01:00:00+00:00
2,8,174,177,178,4,3,1286.076,1295.375,1290.7255,9.298999999999978,2.059374891275531,0.6848020226197199,0.6848020226197199,0.6168499283546941,0.6168499283546941,2,3,1.0,1.0,0.0,0.0,0.678460049467683,0.66217130066823,1.397203590607301,0.0,0.37516309004870096,0,1,-1,0.9806789260493882,0,1,0.375,0.75,0.375,0.7412285086621848,0.7089625529860445,0.655478939345213,0.7412285086621848,0.6898430672791547,0.7412285086621848,0.7203323517332578,0.25,1.0,1.0,0,0,0,,178.0,-1,,178.0,1.0,-1,-1,1.0,0.6,0.2887778122156309,1,0.7166666666666667,0.8333333333333334,0.4646233765273457,0.0625,0.2280308441318364,2014-08-04 17:00:00+00:00,2014-08-05 05:00:00+00:00,177,2014-08-05 05:00:00+00:00,2014-08-05 09:00:00+00:00,accepted_breakout,0.22919576323844254,1.816085073118249,0.3182397212144362,0.7399538473780515,1,1,box_too_narrow_for_visible_structure,,,26,174,177,2014-08-05 05:00:00+00:00,177.0,2014-08-05 05:00:00+00:00,177.0,2014-08-05 05:00:00+00:00,177.0,2014-08-05 05:00:00+00:00
5,12,360,363,365,4,3,1230.606,1241.86,1236.233,11.253999999999905,2.132493646883549,0.7269413198779302,0.7269413198779302,0.6271899101171763,0.6271899101171763,3,5,0.9166666666666666,1.0,0.0,0.0,0.4892482672827556,1.0891748251542883,1.043318821729261,0.0,0.4626161946913152,0,0,0,0.899887447426083,0,1,0.5833333333333333,0.75,0.5833333333333333,0.7534940470648757,0.7486210006037655,0.7044819517183175,0.7534940470648757,0.7253663148345806,0.7534940470648757,0.7206256695287366,0.5,0.9166666666666666,1.0,0,0,0,,365.0,-1,,365.0,2.0,-1,-1,2.0,0.2,0.32531263729493376,2,0.4666666666666667,0.7000000000000001,0.5911846756827338,0.125,0.3582128355873501,2014-09-16 21:00:00+00:00,2014-09-17 09:00:00+00:00,363,2014-09-17 09:00:00+00:00,2014-09-17 17:00:00+00:00,accepted_breakout,0.0,6.806585342569479,0.0,0.4367262990414802,1,1,box_too_narrow_for_visible_structure,,,51,360,364,2014-09-17 13:00:00+00:00,363.0,2014-09-17 09:00:00+00:00,363.0,2014-09-17 09:00:00+00:00,363.0,2014-09-17 09:00:00+00:00
6,8,419,422,427,4,3,1204.109,1219.954,1212.0315,15.845000000000027,2.645492178439772,0.6266246826338493,0.6266246826338493,0.5438160024302438,0.5438160024302438,2,3,1.0,1.0,0.0,0.0,0.31978542126853887,1.7995023476947847,0.845989830744987,1.0,0.6613671074539671,0,2,-1,0.44022299358368255,0,1,0.375,0.875,0.375,0.6857432169369782,0.6525105966040526,0.5954215494103778,0.6857432169369782,0.6301833732256474,0.6857432169369782,0.6550525740993757,0.25,1.0,1.0,0,0,0,,427.0,1,427.0,,5.0,1,1,5.0,1.0,0.5894635872264077,5,0.2666666666666667,0.4583333333333333,0.5726617605564542,0.3125,0.5075404401391136,2014-09-30 17:00:00+00:00,2014-10-01 05:00:00+00:00,422,2014-10-01 05:00:00+00:00,2014-10-02 01:00:00+00:00,accepted_breakout,0.8550393830058497,0.0,0.7149868723313835,0.8750759374827444,1,1,edge_partially_matches_chart,,,60,419,422,2014-10-01 05:00:00+00:00,422.0,2014-10-01 05:00:00+00:00,422.0,2014-10-01 05:00:00+00:00,422.0,2014-10-01 05:00:00+00:00
8,16,428,431,435,4,3,1204.109,1222.216,1213.1625,18.10699999999997,2.7659934941316515,0.5955882080273438,0.5955882080273438,0.5222824429198821,0.5222824429198821,2,5,0.9375,1.0,0.0,0.0,0.5165957916827778,1.3370928952412982,1.4289005988903531,0.0,0.4503202063246764,0,0,0,0.9909243202444653,0,1,0.8125,0.4375,0.4375,0.6650796773165107,0.6247343673950666,0.5599867990721901,0.6650796773165107,0.6023194805606508,0.6650796773165107,0.6421550698687402,0.25,0.9375,1.0,0,0,0,,435.0,-1,,435.0,4.0,-1,-1,4.0,0.4,0.29545855109942315,4,0.2666666666666667,0.4761904761904762,0.4506789068061843,0.25,0.4515982981301174,2014-10-02 05:00:00+00:00,2014-10-02 17:00:00+00:00,431,2014-10-02 17:00:00+00:00,2014-10-03 09:00:00+00:00,accepted_breakout,0.0,5.118233296656519,0.0,0.5612137366724532,1,0,box_too_narrow_for_visible_structure,,,65,428,432,2014-10-02 21:00:00+00:00,431.0,2014-10-02 17:00:00+00:00,431.0,2014-10-02 17:00:00+00:00,431.0,2014-10-02 17:00:00+00:00
9,8,636,639,662,7,3,1174.932,1202.208,1188.5700000000002,27.276000000000067,2.817695549263534,0.6544029860277789,0.6544029860277789,0.6088516589160171,0.6088516589160171,2,2,1.0,1.0,0.0,0.0,0.5905557999706668,1.1536891000944203,1.6640064491691136,1.0,0.3765128817088257,0,1,-1,0.9303905753531727,0,1,0.25,0.625,0.25,0.7205157780845763,0.682064477555813,0.6205892864151427,0.7205157780845763,0.6577857990942385,0.7205157780845763,0.7417032757066339,0.25,1.0,1.0,4,4,8,2.0,645.0,1,645.0,,6.0,1,0,,0.6,0.3802157986532189,23,0.2666666666666667,0.038461538461538464,0.6312123943723974,1.0,0.8467774575674583,2014-11-19 22:00:00+00:00,2014-11-20 10:00:00+00:00,639,2014-11-20 10:00:00+00:00,2014-11-26 06:00:00+00:00,superseded,1.9331400091906954,0.0,0.35561999693643487,0.8335421568927086,1,1,edge_misses_chart_reality,,,99,636,639,2014-11-20 10:00:00+00:00,639.0,2014-11-20 10:00:00+00:00,639.0,2014-11-20 10:00:00+00:00,639.0,2014-11-20 10:00:00+00:00
11,16,662,665,671,4,3,1190.124,1203.61,1196.867,13.485999999999876,2.1102308197523247,0.6846275894263296,0.6846275894263296,0.6214554050389495,0.6214554050389495,2,2,1.0,0.8433007982196945,0.7010000000000218,0.10968944124621381,0.5550200207622696,0.9390104663602082,1.1712203533921166,0.0,0.5094110151944299,0,0,0,0.8829403331850336,0,1,0.5,0.5625,0.5,0.7431775410529466,0.7014346004387693,0.6611417079156217,0.7431775410529466,0.6904351634220889,0.7431775410529466,0.7270232004016627,0.25,1.0,0.8433007982196945,2,1,4,2.0,667.0,-1,,667.0,2.0,-1,-1,6.0,0.0,0.4182094133838935,6,0.3666666666666667,0.4444444444444444,0.6077366961062163,0.5833333333333333,0.5938786184709985,2014-11-26 06:00:00+00:00,2014-11-26 18:00:00+00:00,665,2014-11-26 18:00:00+00:00,2014-11-27 22:00:00+00:00,accepted_breakout,0.8719425300668657,4.045529010424562,0.0,0.6681860972105178,0,1,box_too_narrow_for_visible_structure,,,113,662,666,2014-11-26 22:00:00+00:00,665.0,2014-11-26 18:00:00+00:00,665.0,2014-11-26 18:00:00+00:00,665.0,2014-11-26 18:00:00+00:00
12,5,699,702,704,4,3,1200.874,1213.383,1207.1285,12.509000000000015,1.5612257893766979,0.6188973466677439,0.6188973466677439,0.562017900920033,0.562017900920033,2,2,1.0,1.0,0.0,0.0,0.2678871212726742,1.1429935070039159,0.418232282372782,0.0,0.6667968684419565,0,2,-1,0.5570922269299297,0,1,0.4,1.0,0.4,0.7111272511661507,0.6443941731576878,0.582723227696446,0.7111272511661507,0.6209535387814481,0.7111272511661507,0.6505328921989727,0.25,1.0,1.0,0,0,0,,704.0,-1,,704.0,2.0,-1,-1,2.0,0.4,0.3565458195864393,2,0.5666666666666667,0.7000000000000001,0.46049213898269825,0.125,0.3055397014123412,2014-12-04 14:00:00+00:00,2014-12-05 02:00:00+00:00,702,2014-12-05 02:00:00+00:00,2014-12-05 10:00:00+00:00,accepted_breakout,0.0,10.04018772086645,0.0,0.44383338064149974,1,1,box_too_narrow_for_visible_structure,,,122,699,702,2014-12-05 02:00:00+00:00,702.0,2014-12-05 02:00:00+00:00,702.0,2014-12-05 02:00:00+00:00,702.0,2014-12-05 02:00:00+00:00
13,5,764,768,771,4,4,1193.463,1200.421,1196.942,6.958000000000084,0.9419348103286179,0.6433024482319081,0.6433024482319081,0.5632209751220109,0.5632209751220109,3,3,1.0,0.8371639817893965,0.8419999999998709,0.1139852127474224,0.6580914055763001,0.3220556070382122,0.6198792032904058,0.0,0.3645134057331427,1,2,-1,0.932835105873334,0,1,1.0,0.8,0.8,0.7518804771548135,0.6537439015704004,0.6171591427999098,0.7518804771548135,0.6247222583811123,0.7518804771548135,0.5818052031649409,0.5,1.0,0.8371639817893965,1,1,2,2.0,769.0,1,769.0,771.0,1.0,1,-1,3.0,0.2,0.3645134057331427,3,0.35,0.6071428571428571,0.4663977199349906,0.35416666666666663,0.4491291918885095,2014-12-19 10:00:00+00:00,2014-12-22 02:00:00+00:00,768,2014-12-22 02:00:00+00:00,2014-12-22 14:00:00+00:00,accepted_breakout,2.571303208504471,24.25433241184663,0.0,0.21591261714144044,1,1,box_too_narrow_for_visible_structure,,,134,764,768,2014-12-22 02:00:00+00:00,768.0,2014-12-22 02:00:00+00:00,768.0,2014-12-22 02:00:00+00:00,768.0,2014-12-22 02:00:00+00:00
14,12,1055,1058,1064,4,3,1204.309,1223.174,1213.7415,18.86500000000001,2.9020988739231224,0.5899940061385185,0.5899940061385185,0.512824280124804,0.512824280124804,2,3,0.9166666666666666,1.0,0.0,0.0,0.1305062284654115,2.523356895253698,0.37874197866942444,0.0,0.48639108248101814,0,2,-1,0.5900167859351579,0,1,0.75,1.0,0.75,0.6796249352115505,0.618328920709685,0.5518517292470534,0.6796249352115505,0.5862621092928273,0.6796249352115505,0.5909492465506591,0.25,0.9166666666666666,1.0,2,1,2,1.0,1059.0,-1,,1059.0,1.0,-1,0,6.0,0.0,0.1709489742179613,6,0.4166666666666667,0.5277777777777778,0.439980985784015,0.5416666666666666,0.5106896908904481,2015-03-02 06:00:00+00:00,2015-03-02 18:00:00+00:00,1058,2015-03-02 18:00:00+00:00,2015-03-03 18:00:00+00:00,accepted_breakout,0.0,3.1094736575260242,0.0,0.676431568001724,1,0,box_too_narrow_for_visible_structure,,,185,1055,1058,2015-03-02 18:00:00+00:00,1058.0,2015-03-02 18:00:00+00:00,1058.0,2015-03-02 18:00:00+00:00,1058.0,2015-03-02 18:00:00+00:00
15,8,1143,1146,1148,4,3,1168.752,1187.904,1178.328,19.152000000000044,2.941552023396675,0.5929120547141378,0.5929120547141378,0.4829259947870852,0.4829259947870852,2,2,0.875,1.0,0.0,0.0,0.7499477861319979,0.7355415956582397,2.2060104277384354,2.0,0.7149799826119533,1,0,1,0.5592801448064595,0,1,0.625,0.25,0.25,0.6351876498297166,0.6235372329402605,0.5604228097857019,0.6351876498297166,0.5936802516002708,0.6351876498297166,0.6004811725494288,0.25,0.875,1.0,1,0,2,2.0,1147.0,1,1147.0,,1.0,1,1,2.0,0.6,0.7149799826119533,2,0.6166666666666667,0.7833333333333333,0.3990605083211523,0.20833333333333331,0.29268179374695474,2015-03-22 21:00:00+00:00,2015-03-23 09:00:00+00:00,1146,2015-03-23 09:00:00+00:00,2015-03-23 17:00:00+00:00,accepted_breakout,1.2503603440448567,2.919887165579358,0.0,1.3448493785548596,1,1,box_too_wide_for_visible_structure,,,199,1143,1146,2015-03-23 09:00:00+00:00,1146.0,2015-03-23 09:00:00+00:00,1146.0,2015-03-23 09:00:00+00:00,1146.0,2015-03-23 09:00:00+00:00
16,8,1328,1331,1337,4,3,1185.641,1199.742,1192.6915,14.100999999999885,2.5109337819179953,0.6436975426208922,0.6436975426208922,0.5344591524790683,0.5344591524790683,2,3,0.875,1.0,0.0,0.0,0.3796893837316402,1.5575588816705952,0.9533749002474002,1.0,0.3958708769448187,1,0,1,0.7971538661560758,0,1,0.5,0.375,0.375,0.7121635996256265,0.6683967317279472,0.6119956546502086,0.7121635996256265,0.628981100370203,0.7121635996256265,0.5841207290947036,0.25,0.875,1.0,0,0,0,,1337.0,-1,,1337.0,6.0,-1,-1,6.0,0.4,0.3958708769448187,6,0.2666666666666667,0.4444444444444444,0.6402050419388471,0.375,0.5490790382624895,2015-05-05 17:00:00+00:00,2015-05-06 05:00:00+00:00,1331,2015-05-06 05:00:00+00:00,2015-05-07 05:00:00+00:00,accepted_breakout,0.0,2.826836793194253,0.057721068935248976,0.66517288551346,1,1,box_too_narrow_for_visible_structure,,,226,1328,1332,2015-05-06 09:00:00+00:00,1331.0,2015-05-06 05:00:00+00:00,1331.0,2015-05-06 05:00:00+00:00,1331.0,2015-05-06 05:00:00+00:00
17,12,1404,1408,1414,4,4,1201.141,1214.837,1207.989,13.695999999999913,2.79478915555388,0.6654428424170338,0.6654428424170338,0.5664467245842947,0.5664467245842947,2,2,1.0,1.0,0.0,0.0,0.24204147196260575,2.118334274518491,0.6764548810353891,0.0,0.681033706631724,0,2,-1,0.5365556853582435,0,1,0.6666666666666667,0.6666666666666667,0.6666666666666667,0.7125012829388294,0.6857966617785128,0.6408162836699041,0.7125012829388294,0.6623156832708998,0.7125012829388294,0.6583525254576651,0.25,1.0,1.0,0,0,0,,1414.0,-1,,1414.0,6.0,-1,-1,6.0,0.6,0.6525327835929415,6,0.2,0.4666666666666666,0.6356174700857923,0.375,0.5568210341881148,2015-05-22 09:00:00+00:00,2015-05-25 01:00:00+00:00,1408,2015-05-25 01:00:00+00:00,2015-05-26 05:00:00+00:00,accepted_breakout,0.0,5.6551672130943915,0.0,0.464255448967829,1,1,box_too_narrow_for_visible_structure,,,237,1404,1409,2015-05-25 05:00:00+00:00,1408.0,2015-05-25 01:00:00+00:00,1408.0,2015-05-25 01:00:00+00:00,1408.0,2015-05-25 01:00:00+00:00
19,12,1589,1592,1594,4,3,1162.814,1174.777,1168.7955000000002,11.962999999999965,2.682040654426814,0.6405553943211244,0.6405553943211244,0.60730154443715,0.60730154443715,2,2,1.0,1.0,0.0,0.0,0.4268160160494867,1.537302747421603,1.1447379070052106,0.0,0.49628351632194295,0,0,0,0.984535651592408,0,1,0.75,0.6666666666666667,0.6666666666666667,0.7582983048635822,0.6646415987743378,0.601484116893632,0.7582983048635822,0.6400750179161238,0.7582983048635822,0.6681236582446789,0.25,1.0,1.0,0,0,0,,1594.0,-1,,1594.0,2.0,-1,-1,2.0,0.0,0.2317554902924546,2,0.5666666666666667,0.7000000000000001,0.490633207482023,0.125,0.3130749685371724,2015-07-06 13:00:00+00:00,2015-07-07 01:00:00+00:00,1592,2015-07-07 01:00:00+00:00,2015-07-07 09:00:00+00:00,accepted_breakout,0.13497185413747728,5.586790780098157,0.0,0.44999059620086324,1,1,box_too_narrow_for_visible_structure,,,270,1589,1593,2015-07-07 05:00:00+00:00,1592.0,2015-07-07 01:00:00+00:00,1592.0,2015-07-07 01:00:00+00:00,1592.0,2015-07-07 01:00:00+00:00
20,16,1727,1730,1732,5,3,1082.926,1094.055,1088.4904999999999,11.129000000000133,2.4966402351654327,0.6488434479362111,0.6488434479362111,0.6270244785447043,0.6270244785447043,2,3,1.0,0.7682925060620929,0.7229999999999563,0.16219524575653493,0.4819840057507385,1.2932995737019317,1.2033406614635012,0.0,0.4900880944784264,0,0,0,0.9749303621169854,0,1,0.8125,0.5625,0.5625,0.7168510914820286,0.664997389994588,0.6243929136398436,0.7168510914820286,0.6718605591314559,0.7168510914820286,0.7911546437730991,0.25,1.0,0.7682925060620929,1,0,0,0.0,1731.0,1,1731.0,,1.0,1,0,,0.2,0.45614545037517,2,0.5166666666666667,0.7833333333333333,0.4346204675963912,0.20833333333333331,0.3215717835657645,2015-08-06 13:00:00+00:00,2015-08-07 01:00:00+00:00,1730,2015-08-07 01:00:00+00:00,2015-08-07 09:00:00+00:00,invalidated,2.1905438849251886,0.6957350023980349,0.03790703755892544,0.6069811835287837,1,0,box_too_narrow_for_visible_structure,,,298,1727,1730,2015-08-07 01:00:00+00:00,1730.0,2015-08-07 01:00:00+00:00,1730.0,2015-08-07 01:00:00+00:00,1730.0,2015-08-07 01:00:00+00:00
21,5,1763,1766,1774,5,3,1111.544,1121.014,1116.279,9.4699999999998,1.8093174391764695,0.6718558852759562,0.6718558852759562,0.641685378289857,0.641685378289857,2,2,1.0,1.0,0.0,0.0,0.7117212249208186,0.521587815095194,1.2877296240812754,0.0,0.4243271421227914,0,1,-1,0.9518479408658775,0,1,0.4,0.6,0.4,0.7712822354067703,0.6948729207344411,0.6366133594698987,0.7712822354067703,0.670707820354978,0.7712822354067703,0.7199536668342843,0.25,1.0,1.0,1,1,2,2.0,1768.0,1,1768.0,,2.0,1,0,,0.2,0.29543570593067603,8,0.3666666666666667,0.42424242424242425,0.5498687383031672,0.5,0.5542853663939736,2015-08-14 13:00:00+00:00,2015-08-17 01:00:00+00:00,1766,2015-08-17 01:00:00+00:00,2015-08-18 09:00:00+00:00,invalidated,0.9871125770019524,1.2319562901104824,0.2603103776291884,0.702261772339627,1,1,box_too_narrow_for_visible_structure,,,302,1763,1767,2015-08-17 05:00:00+00:00,1766.0,2015-08-17 01:00:00+00:00,1766.0,2015-08-17 01:00:00+00:00,1766.0,2015-08-17 01:00:00+00:00
23,16,2043,2046,2050,4,3,1167.373,1184.368,1175.8705,16.99499999999989,2.833039613680632,0.6209557013913559,0.6209557013913559,0.5577955956381305,0.5577955956381305,2,3,0.9375,1.0,0.0,0.0,0.6032362459546936,1.1240474324829919,1.7089921811976398,0.0,0.5079678679527878,0,0,0,0.9681671079729322,0,1,0.125,0.6875,0.125,0.6741043268520326,0.6503029823194445,0.5878002053380532,0.6741043268520326,0.6377285496183356,0.6741043268520326,0.7124363727766824,0.25,0.9375,1.0,1,0,0,0.0,2049.0,-1,,2049.0,3.0,-1,0,4.0,0.0,0.48688388265729005,4,0.3166666666666667,0.5595238095238095,0.4532616127537247,0.3333333333333333,0.45474397461700267,2015-10-20 09:00:00+00:00,2015-10-20 21:00:00+00:00,2046,2015-10-20 21:00:00+00:00,2015-10-21 13:00:00+00:00,accepted_breakout,1.3279023638897953,1.4592100936524497,0.07096251415258503,0.9785800656417302,0,1,box_not_visually_real,,,340,2043,2046,2015-10-20 21:00:00+00:00,2046.0,2015-10-20 21:00:00+00:00,2046.0,2015-10-20 21:00:00+00:00,2046.0,2015-10-20 21:00:00+00:00
24,8,2141,2144,2145,4,3,1083.742,1093.534,1088.638,9.792000000000144,2.262537905065502,0.6633572329381646,0.6633572329381646,0.5395844980374787,0.5395844980374787,2,3,1.0,1.0,0.0,0.0,0.36683006535948176,1.432570977472019,0.8299669275934831,2.0,0.5383108359765533,0,1,-1,0.9108115468409559,0,1,0.25,0.75,0.25,0.7050116147237151,0.6876641992326872,0.6362746801650777,0.7050116147237151,0.6513607095109324,0.7050116147237151,0.6089257887591323,0.25,1.0,1.0,0,0,0,,2145.0,-1,,2145.0,1.0,-1,-1,1.0,0.6,0.40411376900979484,1,0.7166666666666667,0.8333333333333334,0.4796401464617625,0.0625,0.23178503661544061,2015-11-11 18:00:00+00:00,2015-11-12 06:00:00+00:00,2144,2015-11-12 06:00:00+00:00,2015-11-12 10:00:00+00:00,accepted_breakout,1.5447255014712937,4.593514202229087,0.0,0.5866986219293057,1,1,box_too_narrow_for_visible_structure,,,352,2141,2144,2015-11-12 06:00:00+00:00,2144.0,2015-11-12 06:00:00+00:00,2144.0,2015-11-12 06:00:00+00:00,2144.0,2015-11-12 06:00:00+00:00
25,16,2322,2325,2330,7,3,1068.129,1080.795,1074.462,12.666000000000167,2.957666407810429,0.6248588732090741,0.6248588732090741,0.5957400106811814,0.5957400106811814,2,2,1.0,0.8378757670483992,0.4859999999998763,0.1134869630661206,0.667298278856773,0.9840207044460353,1.9736457033643937,0.0,0.4572463099793199,0,0,0,0.964734986051894,0,1,0.1875,0.6875,0.1875,0.6903626051931279,0.6474081214858135,0.5954369075391643,0.6903626051931279,0.6469744826710608,0.6903626051931279,0.7715630554142489,0.25,1.0,0.8378757670483992,0,0,0,,,0,,,,0,0,,0.0,0.4572463099793199,5,0.4666666666666667,0.7916666666666666,0.3542949215749175,0.10416666666666667,0.2733653970603961,2015-12-24 02:00:00+00:00,2015-12-24 14:00:00+00:00,2325,2015-12-24 14:00:00+00:00,2015-12-28 10:00:00+00:00,superseded,1.2908825653622182,0.5906683713168159,0.3728163544403219,1.1954695611137456,0,1,edge_misses_chart_reality,,,399,2322,2325,2015-12-24 14:00:00+00:00,2325.0,2015-12-24 14:00:00+00:00,2325.0,2015-12-24 14:00:00+00:00,2325.0,2015-12-24 14:00:00+00:00
26,12,2326,2330,2342,4,4,1068.129,1076.977,1072.5529999999999,8.848000000000184,2.328703927117604,0.7363451724935843,0.7363451724935843,0.6343160862075894,0.6343160862075894,3,2,0.9166666666666666,1.0,0.0,0.0,0.34290235081374804,1.5301858761597706,0.7985180509578333,0.0,0.49987842186626535,0,0,0,0.9524562989752895,0,1,0.75,0.16666666666666663,0.16666666666666663,0.728590200070161,0.7557275627785568,0.7213047602419553,0.728590200070161,0.7476820929468455,0.728590200070161,0.7843458186932032,0.25,0.9166666666666666,1.0,4,3,8,2.0,2332.0,-1,,2332.0,2.0,-1,-1,12.0,0.4,0.33352458662924234,12,0.3,0.25,0.6752492447850762,0.8333333333333333,0.7504789778629357,2015-12-24 18:00:00+00:00,2015-12-28 10:00:00+00:00,2330,2015-12-28 10:00:00+00:00,2015-12-30 10:00:00+00:00,accepted_breakout,0.0,3.7750612680424176,0.0,0.5016157378536267,1,1,box_too_narrow_for_visible_structure,,,401,2326,2331,2015-12-28 14:00:00+00:00,2330.0,2015-12-28 10:00:00+00:00,2330.0,2015-12-28 10:00:00+00:00,2330.0,2015-12-28 10:00:00+00:00
27,8,2439,2445,2446,4,6,1094.014,1102.743,1098.3784999999998,8.729000000000042,1.54884014383046,0.6933637076406538,0.6933637076406538,0.5556203586360905,0.5556203586360905,3,3,0.875,0.5858133324028886,1.6339999999997872,0.28993066731797795,0.7594226142742698,0.372615912709796,1.1762242311206639,0.0,0.45866376703561473,1,0,1,0.790010310459371,0,1,1.0,0.625,0.625,0.6918195096635594,0.6957552137265818,0.6916019142048095,0.6918195096635594,0.689319207469252,0.6918195096635594,0.6718817814834772,0.5,0.875,0.5858133324028886,0,0,0,,2446.0,1,2446.0,,1.0,1,1,1.0,0.0,0.2687428635001906,1,0.55,0.8690476190476191,0.4997769507366269,0.0625,0.2630097138746329,2016-01-22 02:00:00+00:00,2016-01-25 02:00:00+00:00,2445,2016-01-25 02:00:00+00:00,2016-01-25 06:00:00+00:00,accepted_breakout,3.7189118728255894,0.7444280189873507,0.0,0.5580488428589784,1,1,box_too_narrow_for_visible_structure,,,422,2439,2445,2016-01-25 02:00:00+00:00,2445.0,2016-01-25 02:00:00+00:00,2445.0,2016-01-25 02:00:00+00:00,2445.0,2016-01-25 02:00:00+00:00
29,16,2609,2612,2615,4,3,1224.548,1248.504,1236.5259999999998,23.955999999999904,2.8803173383092036,0.6770468722755746,0.6770468722755746,0.619340939677361,0.619340939677361,3,3,1.0,1.0,0.0,0.0,0.6067373518116606,1.1327212240862665,1.7475961142229368,0.0,0.5932057873433992,0,0,0,0.7836311014637882,0,1,0.375,0.6875,0.375,0.7417846806611497,0.700890837379262,0.6466598922467851,0.7417846806611497,0.6839981521487042,0.7417846806611497,0.7248893014914268,0.5,1.0,1.0,0,0,0,,2615.0,1,2615.0,,3.0,1,1,3.0,0.0,0.39859878288579004,3,0.3166666666666667,0.5833333333333334,0.5775030759661788,0.1875,0.43000076899154466,2016-03-02 14:00:00+00:00,2016-03-03 02:00:00+00:00,2612,2016-03-03 02:00:00+00:00,2016-03-03 14:00:00+00:00,accepted_breakout,6.864174213389316,0.3395459198166576,0.0,0.5603873774825117,0,1,box_too_narrow_for_visible_structure,,,450,2609,2613,2016-03-03 06:00:00+00:00,2612.0,2016-03-03 02:00:00+00:00,2612.0,2016-03-03 02:00:00+00:00,2612.0,2016-03-03 02:00:00+00:00
30,8,2687,2690,2696,4,3,1240.57,1255.95,1248.26,15.38000000000011,2.0469173454916794,0.6408181480888057,0.6408181480888057,0.5319216498108233,0.5319216498108233,2,3,1.0,0.506237753460727,2.59699999999998,0.3456335725774911,0.47522756827047574,1.0741657929430115,0.9727515525486682,0.0,0.5046963966736652,0,2,-1,0.5844386649328067,0,1,0.25,0.75,0.25,0.6399018954182903,0.647491662699028,0.6353589962435013,0.6399018954182903,0.6568919301055803,0.6399018954182903,0.7187583326428431,0.25,1.0,0.506237753460727,1,1,2,2.0,2691.0,1,2691.0,2696.0,1.0,1,-1,6.0,0.8,0.5080500151345807,6,0.4166666666666667,0.5277777777777778,0.545561027979169,0.41666666666666663,0.4933347014392367,2016-03-21 13:00:00+00:00,2016-03-22 01:00:00+00:00,2690,2016-03-22 01:00:00+00:00,2016-03-23 01:00:00+00:00,accepted_breakout,2.032324367743634,11.917432842966333,0.0,0.35007056038603634,0,1,box_too_narrow_for_visible_structure,,,465,2687,2690,2016-03-22 01:00:00+00:00,2690.0,2016-03-22 01:00:00+00:00,2690.0,2016-03-22 01:00:00+00:00,2690.0,2016-03-22 01:00:00+00:00
31,16,2950,2953,2956,4,3,1242.623,1260.208,1251.4155,17.585000000000036,2.7387978095080006,0.6288249675420565,0.6288249675420565,0.5835452900648063,0.5835452900648063,2,2,1.0,1.0,0.0,0.0,0.29229456923513575,1.9382620835557263,0.8005357259522744,1.0,0.6195692412069974,0,0,0,0.702568476921606,0,1,0.4375,0.8125,0.4375,0.7506357122656,0.6513404103007591,0.5904222764689794,0.7506357122656,0.622505557565075,0.7506357122656,0.629002414285898,0.25,1.0,1.0,1,0,2,2.0,2955.0,-1,,2955.0,2.0,-1,-1,3.0,0.2,0.5002835490382734,3,0.4666666666666667,0.6666666666666666,0.47971836996641015,0.2708333333333333,0.38805459249160257,2016-05-23 09:00:00+00:00,2016-05-23 21:00:00+00:00,2953,2016-05-23 21:00:00+00:00,2016-05-24 09:00:00+00:00,accepted_breakout,1.7266699949820548,6.1099800583695725,0.0,0.5942886110172338,0,1,box_too_narrow_for_visible_structure,,,513,2950,2954,2016-05-24 01:00:00+00:00,2953.0,2016-05-23 21:00:00+00:00,2953.0,2016-05-23 21:00:00+00:00,2953.0,2016-05-23 21:00:00+00:00
32,8,3265,3270,3272,4,5,1349.069,1364.938,1357.0035,15.869000000000142,2.798330405391909,0.6338408379827105,0.6338408379827105,0.5082233465971935,0.5082233465971935,3,2,0.875,1.0,0.0,0.0,0.945680257105043,0.15200458815602924,2.64632581723588,1.0,0.7417532396613823,3,0,1,0.37948200894827555,0,1,1.0,0.375,0.375,0.6614039030523637,0.656585441814818,0.6103252803525957,0.6614039030523637,0.629564584950168,0.6614039030523637,0.6140014804160124,0.25,0.875,1.0,0,0,0,,3272.0,-1,,3272.0,2.0,-1,-1,2.0,1.0,0.7417532396613823,2,0.5,0.7380952380952381,0.4182697938348893,0.125,0.3006984008396747,2016-08-04 05:00:00+00:00,2016-08-05 01:00:00+00:00,3270,2016-08-05 01:00:00+00:00,2016-08-05 09:00:00+00:00,accepted_breakout,0.0,5.208820220769691,0.0,0.5212350139596011,1,1,box_too_narrow_for_visible_structure,,,551,3265,3271,2016-08-05 05:00:00+00:00,3270.0,2016-08-05 01:00:00+00:00,3270.0,2016-08-05 01:00:00+00:00,3270.0,2016-08-05 01:00:00+00:00
33,16,3462,3465,3468,4,3,1306.098,1318.408,1312.253,12.309999999999945,2.8471678867909476,0.6081475792606411,0.6081475792606411,0.5643206337689619,0.5643206337689619,2,3,1.0,1.0,0.0,0.0,0.6713241267262519,0.9357953915479867,1.9113724952429607,0.0,0.628241587318139,0,0,0,0.7147576496073489,0,1,0.8125,0.25,0.25,0.704360615288426,0.6337159037208919,0.5712761009495848,0.704360615288426,0.615723939890088,0.704360615288426,0.6686356901094864,0.25,1.0,1.0,1,0,2,2.0,3467.0,1,3467.0,,2.0,1,1,3.0,0.4,0.5673121137471508,3,0.4666666666666667,0.6666666666666666,0.4088779704889204,0.2708333333333333,0.3703444926222301,2016-09-20 05:00:00+00:00,2016-09-20 17:00:00+00:00,3465,2016-09-20 17:00:00+00:00,2016-09-21 05:00:00+00:00,accepted_breakout,3.9014207948657496,0.36703139454761685,0.0,0.5502167791534402,1,1,box_too_narrow_for_visible_structure,,,586,3462,3466,2016-09-20 21:00:00+00:00,3465.0,2016-09-20 17:00:00+00:00,3465.0,2016-09-20 17:00:00+00:00,3465.0,2016-09-20 17:00:00+00:00
35,12,3513,3516,3518,4,3,1313.163,1328.043,1320.603,14.879999999999882,2.8746342914585465,0.60983597506022,0.60983597506022,0.5659821642983333,0.5659821642983333,2,3,1.0,1.0,0.0,0.0,0.28548387096774736,2.053972566316333,0.8206617251422136,2.0,0.5453546667846859,0,1,-1,0.5179659498207992,0,1,0.5833333333333333,0.9166666666666666,0.5833333333333333,0.7018518718030092,0.6364940153322556,0.5727206777528637,0.7018518718030092,0.6191567303854228,0.7018518718030092,0.6773542657568754,0.25,1.0,1.0,1,0,2,2.0,3517.0,-1,,3517.0,1.0,-1,-1,2.0,0.8,0.5752105093435594,2,0.6166666666666667,0.7833333333333333,0.36192930292463854,0.20833333333333331,0.2833989923978263,2016-09-30 17:00:00+00:00,2016-10-03 05:00:00+00:00,3516,2016-10-03 05:00:00+00:00,2016-10-03 13:00:00+00:00,accepted_breakout,0.0,1.3775665349037465,0.5408111550320844,0.7898089171974494,1,1,box_too_narrow_for_visible_structure,,,592,3513,3516,2016-10-03 05:00:00+00:00,3516.0,2016-10-03 05:00:00+00:00,3516.0,2016-10-03 05:00:00+00:00,3516.0,2016-10-03 05:00:00+00:00
37,16,3562,3569,3585,4,7,1249.574,1262.142,1255.8580000000002,12.567999999999984,2.309205846660906,0.8044799539399283,0.8044799539399283,0.7006857375173934,0.7006857375173934,3,3,0.9375,0.9981626306121847,0.006999999999834472,0.0012861585714707292,0.4904519414385738,1.1766513559847591,1.1325544906761469,0.0,0.49552059330659076,0,0,0,0.82129217059199,0,1,0.8125,0.5,0.5,0.8126136395140915,0.8167251439223976,0.7928926046627879,0.8126136395140915,0.7979343816905284,0.8126136395140915,0.7704364112822707,0.5,0.9375,0.9981626306121847,4,3,6,1.5,3571.0,-1,3582.0,3571.0,2.0,-1,0,16.0,0.4,0.38585885779450735,16,0.2,0.26811594202898553,0.8123322089754669,0.8333333333333333,0.8011265305047363,2016-10-12 21:00:00+00:00,2016-10-14 01:00:00+00:00,3569,2016-10-14 01:00:00+00:00,2016-10-18 17:00:00+00:00,accepted_breakout,1.106007939349766,2.1176111289822876,0.0,0.628023186088348,1,1,box_too_narrow_for_visible_structure,,,601,3562,3570,2016-10-14 05:00:00+00:00,3569.0,2016-10-14 01:00:00+00:00,3569.0,2016-10-14 01:00:00+00:00,3569.0,2016-10-14 01:00:00+00:00
38,12,3596,3599,3618,4,3,1260.958,1274.036,1267.497,13.077999999999975,2.876085103588764,0.5743766328185729,0.5743766328185729,0.49484649115508955,0.49484649115508955,2,2,1.0,0.5896962024242405,1.30600000000004,0.28721265830303166,0.23902737421623968,2.1886220332555,0.687463070333264,1.0,0.6708987899745186,0,2,-1,0.5789366365907118,0,1,0.6666666666666667,1.0,0.6666666666666667,0.6180814628386404,0.5886298924490915,0.5554111219257266,0.6180814628386404,0.5911553866702448,0.6180814628386404,0.6676949046015875,0.25,1.0,0.5896962024242405,3,3,6,2.0,3608.0,-1,3614.0,3608.0,9.0,-1,1,19.0,0.2,0.3560476752692267,19,0.2666666666666667,0.04545454545454545,0.6199836339252377,1.0,0.842571666057067,2016-10-20 13:00:00+00:00,2016-10-21 01:00:00+00:00,3599,2016-10-21 01:00:00+00:00,2016-10-26 05:00:00+00:00,accepted_breakout,0.9029635447016005,0.7920488851868617,0.434995856703846,0.7284576393917447,1,1,box_too_narrow_for_visible_structure,,,614,3596,3601,2016-10-21 09:00:00+00:00,3599.0,2016-10-21 01:00:00+00:00,3599.0,2016-10-21 01:00:00+00:00,3599.0,2016-10-21 01:00:00+00:00
39,12,3623,3628,3632,4,5,1264.649,1276.11,1270.3795,11.461000000000013,2.9084327605224396,0.661601611139279,0.661601611139279,0.5597991130517579,0.5597991130517579,2,2,1.0,0.810399200549237,0.5230000000001382,0.1327205596155341,0.4793648023732777,1.5142324650586338,1.3942002954638057,0.0,0.4850843390460772,0,1,-1,0.7709623942064594,0,1,0.16666666666666663,0.5,0.16666666666666663,0.6728647567939753,0.6779173281511311,0.6460943055445717,0.6728647567939753,0.6735925833950618,0.6728647567939753,0.7199396495839033,0.25,1.0,0.810399200549237,1,0,2,2.0,3631.0,-1,3632.0,3631.0,3.0,-1,1,4.0,0.4,0.4680185160889827,4,0.25,0.6018518518518519,0.48876293066876164,0.3333333333333333,0.4684870289634867,2016-10-27 01:00:00+00:00,2016-10-27 21:00:00+00:00,3628,2016-10-27 21:00:00+00:00,2016-10-28 13:00:00+00:00,accepted_breakout,2.759905647108087,1.7810279372143218,0.0,0.46461002107994415,0,1,box_too_narrow_for_visible_structure,,,623,3623,3628,2016-10-27 21:00:00+00:00,3628.0,2016-10-27 21:00:00+00:00,3628.0,2016-10-27 21:00:00+00:00,3628.0,2016-10-27 21:00:00+00:00
41,5,3704,3713,3714,7,9,1221.395,1230.019,1225.7069999999999,8.624000000000024,0.9804240151445804,0.5921809241612052,0.5921809241612052,0.5357966013611697,0.5357966013611697,2,2,1.0,0.5827741030170983,2.56899999999996,0.2920581278880312,0.6219851576994455,0.37061482947255503,0.6098091856720255,1.0,0.3539055158663178,1,1,0,0.853354978354975,0,1,0.4,0.6,0.4,0.6660160593120518,0.5993780412548889,0.5743217241783753,0.6660160593120518,0.6043065738238377,0.6660160593120518,0.6741333382526599,0.25,1.0,0.5827741030170983,0,0,0,,,0,,,,0,0,,0.2,0.3539055158663178,1,0.55,0.9666666666666667,0.2654661567585731,0.020833333333333332,0.1703248725229766,2016-11-15 14:00:00+00:00,2016-11-17 02:00:00+00:00,3713,2016-11-17 02:00:00+00:00,2016-11-17 06:00:00+00:00,superseded,3.0823398379876368,3.508685983678977,0.0,0.571655839851519,0,1,box_too_narrow_for_visible_structure,,,633,3704,3714,2016-11-17 06:00:00+00:00,3713.0,2016-11-17 02:00:00+00:00,3713.0,2016-11-17 02:00:00+00:00,3713.0,2016-11-17 02:00:00+00:00
42,12,3711,3714,3717,4,3,1218.806,1233.041,1225.9234999999999,14.2349999999999,1.6729693102844911,0.6336752137434902,0.6336752137434902,0.5830186292237188,0.5830186292237188,3,2,1.0,1.0,0.0,0.0,0.6120126448893608,0.6490909378785501,1.023878372405941,1.0,0.5591736185058654,0,0,0,0.7895094251258559,0,1,0.5,0.16666666666666663,0.16666666666666663,0.70498977355388,0.6597119376661092,0.6003940360788278,0.70498977355388,0.6463719811669434,0.70498977355388,0.7116479583448424,0.25,1.0,1.0,1,0,2,2.0,3716.0,-1,,3716.0,2.0,-1,-1,3.0,0.0,0.4522057603755687,3,0.4666666666666667,0.6666666666666666,0.4319812776188124,0.2708333333333333,0.37612031940470314,2016-11-16 18:00:00+00:00,2016-11-17 06:00:00+00:00,3714,2016-11-17 06:00:00+00:00,2016-11-17 18:00:00+00:00,accepted_breakout,0.9910522505149578,7.958304983930645,0.0,0.5498049515275524,1,0,box_too_narrow_for_visible_structure,,,637,3711,3714,2016-11-17 06:00:00+00:00,3714.0,2016-11-17 06:00:00+00:00,3714.0,2016-11-17 06:00:00+00:00,3714.0,2016-11-17 06:00:00+00:00
44,8,3763,3766,3769,4,3,1181.015,1195.029,1188.022,14.013999999999896,1.8877256629464805,0.631891799486745,0.631891799486745,0.523754713783264,0.523754713783264,4,2,0.875,1.0,0.0,0.0,0.6240901955187621,0.7096145848724267,1.1781110780740538,1.0,0.4167779406061493,2,0,1,0.650635079206519,0,1,1.0,0.625,0.625,0.6833176794724442,0.6587902382177572,0.6010689701549831,0.6833176794724442,0.6261063072244358,0.6833176794724442,0.6108131193766984,0.25,0.875,1.0,1,0,2,2.0,3768.0,-1,,3768.0,2.0,-1,-1,3.0,0.0,0.1124912112088231,3,0.4666666666666667,0.6666666666666666,0.43994724287432313,0.2708333333333333,0.3781118107185808,2016-11-29 14:00:00+00:00,2016-11-30 02:00:00+00:00,3766,2016-11-30 02:00:00+00:00,2016-11-30 14:00:00+00:00,accepted_breakout,0.06568751086769498,10.668393398098912,0.0,0.41182520791089655,1,1,box_too_narrow_for_visible_structure,,,651,3763,3767,2016-11-30 06:00:00+00:00,3766.0,2016-11-30 02:00:00+00:00,3766.0,2016-11-30 02:00:00+00:00,3766.0,2016-11-30 02:00:00+00:00
45,5,3822,3826,3830,4,4,1154.487,1164.07,1159.2785,9.582999999999856,1.7323570629182443,0.7020949778077725,0.7020949778077725,0.5724892658792222,0.5724892658792222,2,2,0.8,1.0,0.0,0.0,0.610456015861421,0.67482927223978,1.0575277906784644,0.0,0.43310972053029845,0,1,-1,0.9588507426345341,0,1,0.4,0.6,0.4,0.7043372250283617,0.7242702673177669,0.6831089750640829,0.7043372250283617,0.7005535754923696,0.7043372250283617,0.6880093926981488,0.25,0.8,1.0,1,0,2,2.0,3829.0,1,3829.0,3830.0,3.0,1,-1,4.0,0.0,0.20333670068136805,4,0.25,0.5833333333333334,0.5350686659458161,0.3333333333333333,0.483767166486454,2016-12-13 10:00:00+00:00,2016-12-14 02:00:00+00:00,3826,2016-12-14 02:00:00+00:00,2016-12-14 18:00:00+00:00,accepted_breakout,0.4993196948340847,11.479157747364727,0.0,0.315916133711344,1,1,box_too_narrow_for_visible_structure,,,663,3822,3827,2016-12-14 06:00:00+00:00,3826.0,2016-12-14 02:00:00+00:00,3826.0,2016-12-14 02:00:00+00:00,3826.0,2016-12-14 02:00:00+00:00
46,12,3865,3868,3875,4,3,1126.99,1137.058,1132.024,10.067999999999984,2.2598029644415476,0.7562820732058377,0.7562820732058377,0.6614712895378425,0.6614712895378425,3,4,1.0,1.0,0.0,0.0,0.46136273341279194,1.217214091792465,1.0425888726490828,0.0,0.4696828089978813,0,2,-1,0.5940934975499931,0,1,0.25,0.9166666666666666,0.25,0.7759970792476687,0.7753751476246455,0.7370894897273462,0.7759970792476687,0.753989654252472,0.7759970792476687,0.754024439926889,0.5,1.0,1.0,1,0,2,2.0,3874.0,1,3874.0,,6.0,1,1,7.0,0.8,0.5006130324125769,7,0.16666666666666669,0.43333333333333335,0.7861184775341347,0.5208333333333334,0.6588212860502003,2016-12-22 14:00:00+00:00,2016-12-23 02:00:00+00:00,3868,2016-12-23 02:00:00+00:00,2016-12-27 06:00:00+00:00,accepted_breakout,6.001850698231936,0.0,0.0,0.4260505268503215,1,1,box_too_narrow_for_visible_structure,,,674,3865,3869,2016-12-23 06:00:00+00:00,3868.0,2016-12-23 02:00:00+00:00,3868.0,2016-12-23 02:00:00+00:00,3868.0,2016-12-23 02:00:00+00:00
47,16,3925,3929,3934,4,4,1170.731,1187.584,1179.1575,16.853000000000065,2.777884320153191,0.6092329208504015,0.6092329208504015,0.4663071278239094,0.4663071278239094,2,4,0.9375,0.6333704142137859,1.5570000000000164,0.2566407100503499,0.7889989912775158,0.5861363936666955,2.1917479264864954,2.0,0.5449912334576388,2,0,1,0.45214501869104406,0,1,1.0,0.5,0.5,0.6098717094903839,0.6186625096430162,0.601209860082208,0.6098717094903839,0.6094818542197182,0.6098717094903839,0.6076645316481427,0.25,0.9375,0.6333704142137859,2,1,4,2.0,3931.0,1,3931.0,,2.0,1,1,5.0,0.6,0.502388190553561,5,0.3,0.48148148148148145,0.430535066637207,0.5625,0.5482124703630055,2017-01-09 14:00:00+00:00,2017-01-10 06:00:00+00:00,3929,2017-01-10 06:00:00+00:00,2017-01-11 02:00:00+00:00,accepted_breakout,1.331228940374282,0.7502112254570538,0.3061866113895547,0.9126008555802341,1,0,edge_misses_chart_reality,,,690,3925,3930,2017-01-10 10:00:00+00:00,3929.0,2017-01-10 06:00:00+00:00,3929.0,2017-01-10 06:00:00+00:00,3929.0,2017-01-10 06:00:00+00:00
48,8,4201,4204,4206,4,3,1197.094,1207.572,1202.333,10.477999999999838,2.4307722146408,0.6769986253195627,0.6769986253195627,0.614821765457774,0.614821765457774,2,2,1.0,1.0,0.0,0.0,0.2728574155373132,1.767517990394,0.6632542242467998,2.0,0.5148569225165739,0,1,-1,0.9179868931729896,0,1,0.375,0.625,0.375,0.7556272628605482,0.6999639406023224,0.6451271784754868,0.7556272628605482,0.6759222703008296,0.7556272628605482,0.6894291133485302,0.25,1.0,1.0,0,0,0,,4206.0,1,4206.0,,2.0,1,1,2.0,0.6,0.4222118232363938,2,0.5666666666666667,0.7000000000000001,0.5389540612870257,0.125,0.3251551819884231,2017-03-14 21:00:00+00:00,2017-03-15 09:00:00+00:00,4204,2017-03-15 09:00:00+00:00,2017-03-15 17:00:00+00:00,accepted_breakout,7.958787698607457,0.0,0.0,0.35132778969956724,1,1,box_too_narrow_for_visible_structure,,,735,4201,4205,2017-03-15 13:00:00+00:00,4204.0,2017-03-15 09:00:00+00:00,4204.0,2017-03-15 09:00:00+00:00,4204.0,2017-03-15 09:00:00+00:00
49,8,4261,4264,4271,4,3,1247.211,1258.376,1252.7935,11.164999999999964,2.5252861696920355,0.6664004716027561,0.6664004716027561,0.6062146394092685,0.6062146394092685,2,3,0.875,1.0,0.0,0.0,0.5331840573219878,1.178843843836534,1.3464423258555012,0.0,0.4019404651435187,0,1,-1,0.7413643827437054,0,1,0.375,0.75,0.375,0.7312655440083737,0.6910075118492772,0.6353521462107795,0.7312655440083737,0.6735418135473992,0.7312655440083737,0.7149897516168825,0.25,0.875,1.0,1,0,2,2.0,4270.0,-1,,4270.0,6.0,-1,-1,7.0,0.6,0.356199329802175,7,0.2666666666666667,0.43333333333333335,0.6374449673669162,0.5208333333333334,0.6016529085083957,2017-03-28 21:00:00+00:00,2017-03-29 09:00:00+00:00,4264,2017-03-29 09:00:00+00:00,2017-03-30 13:00:00+00:00,accepted_breakout,0.11285849636393418,2.5399101602739105,0.11574378112071848,0.6455996299294581,1,1,box_too_narrow_for_visible_structure,,,749,4261,4265,2017-03-29 13:00:00+00:00,4264.0,2017-03-29 09:00:00+00:00,4264.0,2017-03-29 09:00:00+00:00,4264.0,2017-03-29 09:00:00+00:00
50,8,4276,4280,4283,4,4,1239.352,1250.557,1244.9545,11.204999999999927,2.8126910256189923,0.6368382753086683,0.6368382753086683,0.5121660494552951,0.5121660494552951,3,2,1.0,1.0,0.0,0.0,0.7338688085676046,0.7485448137791886,2.064146211839804,1.0,0.7219192734379798,3,0,1,0.48234419158115416,0,1,0.875,0.5,0.5,0.6559460653246959,0.6603910882956779,0.6139966659970157,0.6559460653246959,0.636690143346235,0.6559460653246959,0.6346752081457869,0.25,1.0,1.0,0,0,0,,4283.0,1,4283.0,,3.0,1,1,3.0,0.6,0.45283078468866067,3,0.35,0.6071428571428571,0.4571748027655784,0.1875,0.38849012926282317,2017-03-31 09:00:00+00:00,2017-04-03 01:00:00+00:00,4280,2017-04-03 01:00:00+00:00,2017-04-03 13:00:00+00:00,accepted_breakout,2.319131372975596,0.0,0.22695620900813473,0.632050992779785,1,1,box_too_narrow_for_visible_structure,,,756,4276,4281,2017-04-03 05:00:00+00:00,4280.0,2017-04-03 01:00:00+00:00,4280.0,2017-04-03 01:00:00+00:00,4280.0,2017-04-03 01:00:00+00:00
51,8,4343,4346,4358,7,3,1278.808,1292.322,1285.565,13.513999999999896,2.419547250812737,0.6924184381929661,0.6924184381929661,0.6410097886822357,0.6410097886822357,2,2,0.75,0.8982029423641291,0.39800000000013824,0.0712579403451096,0.4383602190321166,1.35891398798791,1.060633262824827,2.0,0.40170303166111054,1,0,1,0.8036110700014731,0,1,0.75,0.625,0.625,0.7304374575103648,0.714616930537653,0.6676886615326454,0.7304374575103648,0.6823738523645093,0.7304374575103648,0.795949518769807,0.25,0.75,0.8982029423641291,4,4,8,2.0,4348.0,-1,,4348.0,2.0,-1,0,,0.0,0.06529052063788476,12,0.3666666666666667,0.2333333333333333,0.7077793748437045,0.8333333333333333,0.7486115103775928,2017-04-18 13:00:00+00:00,2017-04-19 01:00:00+00:00,4346,2017-04-19 01:00:00+00:00,2017-04-21 01:00:00+00:00,superseded,0.0,2.5434510518167563,0.15218298272774788,0.6871059589180379,1,1,box_too_narrow_for_visible_structure,,,768,4343,4347,2017-04-19 05:00:00+00:00,4346.0,2017-04-19 01:00:00+00:00,4346.0,2017-04-19 01:00:00+00:00,4346.0,2017-04-19 01:00:00+00:00
52,5,4353,4358,4361,4,5,1276.361,1283.362,1279.8615,7.000999999999976,1.4050477226724674,0.6653991317618824,0.6653991317618824,0.6026366635034724,0.6026366635034724,2,2,1.0,1.0,0.0,0.0,0.5556349092986553,0.6243541587250688,0.7806935639473986,0.0,0.5124216309811759,1,0,1,0.6928534018949977,0,1,0.4,0.4,0.4,0.7355558229683674,0.6856303092110864,0.6371798721115134,0.7355558229683674,0.6688888257880135,0.7355558229683674,0.6988237662948681,0.25,1.0,1.0,1,0,2,2.0,4360.0,1,4360.0,,2.0,1,1,3.0,0.2,0.4348698650412021,3,0.4,0.7083333333333334,0.4304578953857308,0.2708333333333333,0.3807394738464327,2017-04-20 05:00:00+00:00,2017-04-21 01:00:00+00:00,4358,2017-04-21 01:00:00+00:00,2017-04-21 13:00:00+00:00,accepted_breakout,3.473903356617642,7.867348433528546,0.0,0.305240669689571,1,1,box_too_narrow_for_visible_structure,,,771,4353,4358,2017-04-21 01:00:00+00:00,4358.0,2017-04-21 01:00:00+00:00,4358.0,2017-04-21 01:00:00+00:00,4358.0,2017-04-21 01:00:00+00:00
53,5,4574,4578,4581,4,4,1262.41,1270.274,1266.342,7.863999999999805,1.6459360706067496,0.6608362322449819,0.6608362322449819,0.4994734305063577,0.4994734305063577,2,2,0.8,0.7581088720533276,0.8089999999999691,0.16932378956267072,0.3565615462868679,1.0590585601818754,0.586877510424874,2.0,0.4727603491295061,0,1,-1,0.9253136656493731,0,1,0.4,1.0,0.4,0.630211395188727,0.6769533349050523,0.6521978399395236,0.630211395188727,0.66251014689783,0.630211395188727,0.6542483847999981,0.25,0.8,0.7581088720533276,1,0,0,0.0,4580.0,-1,,4580.0,2.0,-1,0,3.0,0.2,0.2808088470426485,3,0.4,0.6904761904761904,0.47678257768078514,0.2708333333333333,0.3958920729916249,2017-06-12 05:00:00+00:00,2017-06-12 21:00:00+00:00,4578,2017-06-12 21:00:00+00:00,2017-06-13 09:00:00+00:00,accepted_breakout,0.0,2.302033516163984,0.2326554946120053,0.6748476787093406,0,1,box_too_narrow_for_visible_structure,,,810,4574,4578,2017-06-12 21:00:00+00:00,4578.0,2017-06-12 21:00:00+00:00,4578.0,2017-06-12 21:00:00+00:00,4578.0,2017-06-12 21:00:00+00:00
54,8,4647,4650,4653,4,3,1245.956,1254.72,1250.338,8.764000000000124,2.009760749462786,0.6720446318400911,0.6720446318400911,0.5573331229266744,0.5573331229266744,2,2,1.0,0.9046683872182399,0.29099999999994,0.06673212894723206,0.7058420812414493,0.5911870392645981,1.418573710198188,0.0,0.45085622669896247,0,0,0,0.9720066940514448,0,1,0.625,0.25,0.25,0.6975913849047297,0.694794066254358,0.6488476264417647,0.6975913849047297,0.6704364199417154,0.6975913849047297,0.6648987143163317,0.25,1.0,0.9046683872182399,1,0,2,2.0,4652.0,-1,,4652.0,2.0,-1,-1,3.0,0.4,0.4423191134388542,3,0.4666666666666667,0.6666666666666666,0.5467488620761768,0.2708333333333333,0.4048122155190442,2017-06-28 09:00:00+00:00,2017-06-28 21:00:00+00:00,4650,2017-06-28 21:00:00+00:00,2017-06-29 09:00:00+00:00,accepted_breakout,0.0,3.0939006056626064,0.0,0.5849686290215018,1,0,box_too_narrow_for_visible_structure,,,818,4647,4650,2017-06-28 21:00:00+00:00,4650.0,2017-06-28 21:00:00+00:00,4650.0,2017-06-28 21:00:00+00:00,4650.0,2017-06-28 21:00:00+00:00
56,16,4887,4890,4897,7,3,1281.881,1293.168,1287.5245,11.286999999999807,2.6361215717408273,0.6955993291901762,0.6955993291901762,0.6032647268353559,0.6032647268353559,3,3,0.9375,0.8094868410605871,0.5710000000001401,0.133359211257589,0.7027553822982326,0.7835729488074843,1.852548622933343,0.0,0.5617933741894958,1,0,1,0.6451670062904071,0,1,0.1875,0.5625,0.1875,0.7291853045619242,0.7098874750232105,0.6782235306309476,0.7291853045619242,0.697682180908241,0.7291853045619242,0.7121888932328888,0.5,0.9375,0.8094868410605871,0,0,0,,,0,,,,0,0,,0.2,0.49747634487134057,7,0.3666666666666667,0.7666666666666666,0.49946380030625115,0.14583333333333334,0.3492409500765628,2017-08-23 13:00:00+00:00,2017-08-24 01:00:00+00:00,4890,2017-08-24 01:00:00+00:00,2017-08-25 05:00:00+00:00,superseded,0.3205466732105268,2.6307587913786827,0.016231511803596832,0.5919651754339855,0,0,box_too_narrow_for_visible_structure,,,851,4887,4891,2017-08-24 05:00:00+00:00,4890.0,2017-08-24 01:00:00+00:00,4890.0,2017-08-24 01:00:00+00:00,4890.0,2017-08-24 01:00:00+00:00
57,12,4889,4897,4898,4,8,1284.217,1291.37,1287.7935,7.152999999999793,1.8339432158937687,0.7020089371951393,0.7020089371951393,0.6048681011353177,0.6048681011353177,2,2,1.0,0.7633905219652595,0.6460000000001855,0.16562663462431837,0.5000699007409621,0.916843413957211,0.9170998019365577,0.0,0.4521554787141362,0,1,-1,0.7473787222144566,0,1,0.33333333333333337,0.6666666666666667,0.33333333333333337,0.7256348840036704,0.7112105139022465,0.6904994612718044,0.7256348840036704,0.7052076132072764,0.7256348840036704,0.7226181156882802,0.25,1.0,0.7633905219652595,0,0,0,,4898.0,-1,,4898.0,1.0,-1,-1,1.0,0.6,0.44806185366365153,1,0.65,0.8796296296296297,0.4712711312616222,0.0625,0.23376685688947962,2017-08-23 21:00:00+00:00,2017-08-25 05:00:00+00:00,4897,2017-08-25 05:00:00+00:00,2017-08-25 09:00:00+00:00,accepted_breakout,1.44115694373447,5.0552274027099475,0.0,0.37515078407719044,1,1,box_too_narrow_for_visible_structure,,,852,4889,4897,2017-08-25 05:00:00+00:00,4897.0,2017-08-25 05:00:00+00:00,4897.0,2017-08-25 05:00:00+00:00,4897.0,2017-08-25 05:00:00+00:00
59,12,5146,5149,5154,4,3,1272.429,1284.005,1278.217,11.576000000000022,2.512636250664338,0.6843753860225914,0.6843753860225914,0.5864470864263386,0.5864470864263386,4,3,1.0,0.6192223669889185,1.227999999999838,0.26654434310775693,0.3477885279889282,1.6387701876741685,0.8738660629901697,1.0,0.39568773047112055,1,0,1,0.8756046993780453,0,1,0.8333333333333334,0.5833333333333333,0.5833333333333333,0.6992657398186386,0.6935480672851122,0.6742878771547063,0.6992657398186386,0.6933547977736426,0.6992657398186386,0.7311020999885759,0.5,1.0,0.6192223669889185,1,0,0,0.0,5153.0,-1,,5153.0,4.0,-1,0,5.0,0.6,0.3618827129169927,5,0.16666666666666669,0.4583333333333333,0.6541633583887263,0.3958333333333333,0.5770825062638483,2017-10-23 21:00:00+00:00,2017-10-24 09:00:00+00:00,5149,2017-10-24 09:00:00+00:00,2017-10-25 05:00:00+00:00,accepted_breakout,0.15441948666368266,0.7028474573401335,0.7142443519987279,0.893623591168756,1,1,edge_partially_matches_chart,,,898,5146,5151,2017-10-24 17:00:00+00:00,5149.0,2017-10-24 09:00:00+00:00,5149.0,2017-10-24 09:00:00+00:00,5149.0,2017-10-24 09:00:00+00:00
60,16,5150,5159,5162,4,9,1270.663,1283.617,1277.1399999999999,12.95399999999995,2.8090574935682007,0.7189031538026699,0.7189031538026699,0.6150596048849369,0.6150596048849369,4,3,1.0,1.0,0.0,0.0,0.8233750192990567,0.49614972558932363,2.312907767978877,0.0,0.5567347378447179,2,0,1,0.6231794555092363,0,1,0.25,0.75,0.25,0.749988621491915,0.7356767734576343,0.6998396384622206,0.749988621491915,0.7142372031267967,0.749988621491915,0.7001531917942735,0.5,1.0,1.0,0,0,0,,5162.0,-1,,5162.0,3.0,-1,-1,3.0,0.2,0.4752489593406781,3,0.25,0.6666666666666666,0.5554926065482398,0.1875,0.42116481830372665,2017-10-24 13:00:00+00:00,2017-10-26 01:00:00+00:00,5159,2017-10-26 01:00:00+00:00,2017-10-26 13:00:00+00:00,accepted_breakout,0.4222056695939702,1.9433564505174203,0.21147929329620307,0.7519591339176807,1,1,box_too_narrow_for_visible_structure,,,899,5150,5161,2017-10-26 09:00:00+00:00,5159.0,2017-10-26 01:00:00+00:00,5159.0,2017-10-26 01:00:00+00:00,5159.0,2017-10-26 01:00:00+00:00
61,5,5188,5191,5191,7,3,1273.051,1281.345,1277.1979999999999,8.294000000000096,1.7382458797138889,0.6178839909336514,0.6178839909336514,0.5237399418784399,0.5237399418784399,2,2,1.0,0.7535953083116401,0.8229999999998654,0.17248328418185194,0.49686520376176113,0.8745719865018058,0.8636738932120831,0.0,0.37353623789602153,1,1,0,0.9873804356562947,0,1,0.6,1.0,0.6,0.6924008837545635,0.6348676136232713,0.591695045023025,0.6924008837545635,0.609428873104382,0.6924008837545635,0.5940190482293176,0.25,1.0,0.7535953083116401,0,0,0,,,0,,,,0,0,,0.0,0.14965143991819232,0,0.6666666666666667,0.9166666666666666,0.4112011307142094,0.0,0.18613361601188566,2017-11-01 21:00:00+00:00,2017-11-02 09:00:00+00:00,5191,2017-11-02 09:00:00+00:00,2017-11-02 09:00:00+00:00,superseded,1.588382881974339,0.028189337637344755,0.4611425934627721,0.7469380403458272,1,1,box_too_narrow_for_visible_structure,,,912,5188,5191,2017-11-02 09:00:00+00:00,5191.0,2017-11-02 09:00:00+00:00,5191.0,2017-11-02 09:00:00+00:00,5191.0,2017-11-02 09:00:00+00:00
63,16,5185,5191,5205,4,6,1267.669,1281.345,1274.507,13.67599999999993,2.8661985352021637,0.6471001341106248,0.6471001341106248,0.5532818531111902,0.5532818531111902,3,2,1.0,1.0,0.0,0.0,0.6948669201520896,0.8745719865018058,1.9916265487003582,0.0,0.5891737223208509,1,0,1,0.5988105683923255,0,1,0.875,0.4375,0.4375,0.701046921673104,0.6679381715939149,0.6209646966146645,0.701046921673104,0.6453019088056131,0.701046921673104,0.6487038076109066,0.25,1.0,1.0,5,4,8,1.6,5192.0,1,5192.0,5198.0,1.0,1,0,14.0,0.4,0.4017654202326285,14,0.35,0.35000000000000003,0.571884897076507,0.7916666666666667,0.6800545576024601,2017-11-01 09:00:00+00:00,2017-11-02 09:00:00+00:00,5191,2017-11-02 09:00:00+00:00,2017-11-06 18:00:00+00:00,accepted_breakout,0.9632968428703853,0.817459073830283,0.4064146944331105,0.7282215122470688,1,0,box_too_narrow_for_visible_structure,,,911,5185,5191,2017-11-02 09:00:00+00:00,5191.0,2017-11-02 09:00:00+00:00,5191.0,2017-11-02 09:00:00+00:00,5191.0,2017-11-02 09:00:00+00:00
64,5,5388,5392,5395,4,4,1259.08,1265.239,1262.1595,6.1590000000001055,1.6913754975908362,0.6950547837861778,0.6950547837861778,0.5765816804072417,0.5765816804072417,2,2,1.0,1.0,0.0,0.0,0.6704010391297389,0.5574756064473604,1.133899891143476,2.0,0.38075382933525215,2,1,1,0.7718785517129365,0,1,1.0,0.6,0.6,0.7401933556729775,0.7140180148569776,0.671903498184818,0.7401933556729775,0.6806889042702085,0.7401933556729775,0.6316014952674506,0.25,1.0,1.0,1,0,2,2.0,5394.0,1,5394.0,,2.0,1,1,3.0,0.2,0.21584758249624394,3,0.4,0.6904761904761904,0.4855209290238787,0.2708333333333333,0.39807666082739823,2017-12-19 10:00:00+00:00,2017-12-20 02:00:00+00:00,5392,2017-12-20 02:00:00+00:00,2017-12-20 14:00:00+00:00,accepted_breakout,1.7352740442205206,0.0,0.4215753185931598,0.6772597316912328,1,1,box_too_narrow_for_visible_structure,,,936,5388,5392,2017-12-20 02:00:00+00:00,5392.0,2017-12-20 02:00:00+00:00,5392.0,2017-12-20 02:00:00+00:00,5392.0,2017-12-20 02:00:00+00:00
65,8,5668,5671,5675,4,3,1326.567,1340.915,1333.741,14.347999999999956,2.8551668752333224,0.6257902691526223,0.6257902691526223,0.5356031235589168,0.5356031235589168,2,2,0.875,0.978963484331568,0.07400000000006912,0.014725560967902415,0.6372316699191565,1.0357641194305325,1.8194027558027897,0.0,0.4809438077470403,0,0,0,0.9547904469844829,0,1,0.625,0.25,0.25,0.6617656215054013,0.6561099039142945,0.594565719576373,0.6617656215054013,0.6367218198382378,0.6617656215054013,0.6822578522098536,0.25,0.875,0.978963484331568,1,0,2,2.0,5674.0,-1,,5674.0,3.0,-1,-1,4.0,0.4,0.28654995360457275,4,0.3166666666666667,0.5595238095238095,0.49900637014743804,0.3333333333333333,0.46618016396543094,2018-02-26 10:00:00+00:00,2018-02-26 22:00:00+00:00,5671,2018-02-26 22:00:00+00:00,2018-02-27 14:00:00+00:00,accepted_breakout,0.0,4.661373776589632,0.0,0.5187836714032612,1,0,box_too_narrow_for_visible_structure,,,983,5668,5671,2018-02-26 22:00:00+00:00,5671.0,2018-02-26 22:00:00+00:00,5671.0,2018-02-26 22:00:00+00:00,5671.0,2018-02-26 22:00:00+00:00
66,12,5837,5840,5844,4,3,1318.825,1335.346,1327.0855000000001,16.520999999999958,2.9433663949510906,0.5869863548375782,0.5869863548375782,0.5220585310064575,0.5220585310064575,2,2,1.0,1.0,0.0,0.0,0.8578173234065771,0.4184957122292798,2.524870682721811,0.0,0.7752080768997088,3,0,1,0.34388555979258517,0,1,0.9166666666666666,0.6666666666666667,0.6666666666666667,0.6911980868949998,0.613274015537762,0.5482308427202364,0.6911980868949998,0.583033644675353,0.6911980868949998,0.5921585068607682,0.25,1.0,1.0,1,0,0,0.0,5843.0,1,5843.0,,3.0,1,0,4.0,0.8,0.7707946350687306,4,0.3166666666666667,0.5595238095238095,0.48204492404786725,0.3333333333333333,0.4619398024405382,2018-04-06 13:00:00+00:00,2018-04-09 01:00:00+00:00,5840,2018-04-09 01:00:00+00:00,2018-04-09 17:00:00+00:00,accepted_breakout,0.9380415583788868,0.0,0.6873194805403711,0.8568094595996277,1,1,edge_partially_matches_chart,,,1006,5837,5842,2018-04-09 09:00:00+00:00,5840.0,2018-04-09 01:00:00+00:00,5840.0,2018-04-09 01:00:00+00:00,5840.0,2018-04-09 01:00:00+00:00
67,12,5961,5964,5968,4,3,1307.734,1318.872,1313.3029999999999,11.138000000000147,2.513582883494285,0.680040687645356,0.680040687645356,0.6442949095416822,0.6442949095416822,2,2,1.0,1.0,0.0,0.0,0.5609624708206109,1.103557218556935,1.41002566493735,1.0,0.4314243603025171,0,0,0,0.9698928592805389,0,1,0.6666666666666667,0.33333333333333337,0.33333333333333337,0.778114335293371,0.7020931628741004,0.6458248248295283,0.778114335293371,0.679014436641821,0.778114335293371,0.7133681181073148,0.25,1.0,1.0,1,0,2,2.0,5967.0,-1,,5967.0,3.0,-1,-1,4.0,0.2,0.4156601967752315,4,0.3166666666666667,0.5595238095238095,0.5646955993280222,0.3333333333333333,0.482602471260577,2018-05-07 05:00:00+00:00,2018-05-07 17:00:00+00:00,5964,2018-05-07 17:00:00+00:00,2018-05-08 09:00:00+00:00,accepted_breakout,0.0,0.689454090167418,0.770181969944194,0.8653562271773806,1,0,edge_partially_matches_chart,,,1037,5961,5967,2018-05-08 05:00:00+00:00,5964.0,2018-05-07 17:00:00+00:00,5964.0,2018-05-07 17:00:00+00:00,5964.0,2018-05-07 17:00:00+00:00
69,16,5965,5972,5981,4,7,1306.001,1318.872,1312.4365,12.871000000000095,2.6175387166078194,0.6966789381570023,0.6966789381570023,0.5677846791783949,0.5677846791783949,2,2,0.9375,1.0,0.0,0.0,0.38077849428949045,1.620836265353449,0.9967024512543707,0.0,0.4641635527227906,0,0,0,0.9422215316085203,0,1,0.25,0.8125,0.25,0.7331351512858566,0.7155242819543012,0.6750158552666546,0.7331351512858566,0.6810364322237885,0.7331351512858566,0.6241018866770313,0.25,0.9375,1.0,2,1,4,2.0,5973.0,-1,5980.0,5973.0,1.0,-1,1,9.0,0.2,0.27364866167985513,9,0.35,0.5625,0.5447040929600347,0.6041666666666666,0.565134356573342,2018-05-07 21:00:00+00:00,2018-05-09 01:00:00+00:00,5972,2018-05-09 01:00:00+00:00,2018-05-10 13:00:00+00:00,accepted_breakout,1.5132536435347335,0.8018983584396095,0.2282826660085524,0.6798901273044249,1,1,box_too_narrow_for_visible_structure,,,1039,5965,5972,2018-05-09 01:00:00+00:00,5972.0,2018-05-09 01:00:00+00:00,5972.0,2018-05-09 01:00:00+00:00,5972.0,2018-05-09 01:00:00+00:00
70,12,6070,6074,6075,4,4,1296.292,1306.422,1301.357,10.13000000000011,2.247220185147266,0.7143109037275854,0.7143109037275854,0.5934625688742801,0.5934625688742801,2,2,1.0,0.8276000873332667,0.543999999999869,0.12067993886671324,0.3117472852912236,1.5466553929759648,0.700564792171301,0.0,0.685956884294879,0,2,-1,0.5770977295162973,0,1,0.6666666666666667,0.75,0.6666666666666667,0.744910369292616,0.7225024724104699,0.7025340715435577,0.744910369292616,0.7022445848092325,0.744910369292616,0.6611498361381064,0.25,1.0,0.8276000873332667,0,0,0,,6075.0,-1,,6075.0,1.0,-1,-1,1.0,0.4,0.44432844102675717,1,0.65,0.85,0.532585861830654,0.0625,0.2550214654576635,2018-05-31 13:00:00+00:00,2018-06-01 05:00:00+00:00,6074,2018-06-01 05:00:00+00:00,2018-06-01 09:00:00+00:00,accepted_breakout,0.0,3.5488289277168836,0.0,0.5595139464236454,1,1,box_too_narrow_for_visible_structure,,,1056,6070,6074,2018-06-01 05:00:00+00:00,6074.0,2018-06-01 05:00:00+00:00,6074.0,2018-06-01 05:00:00+00:00,6074.0,2018-06-01 05:00:00+00:00
71,5,6094,6097,6128,4,3,1293.565,1301.752,1297.6585,8.186999999999898,1.901944781082094,0.6772683645717827,0.6772683645717827,0.6186418832905621,0.6186418832905621,2,2,1.0,1.0,0.0,0.0,0.45938683278368314,1.0282163919713352,0.8737283891107588,0.0,0.5221456853683234,0,0,0,0.8236635316151547,0,1,0.4,0.4,0.4,0.7335459144078964,0.7025462256964569,0.6470305532532783,0.7335459144078964,0.683245613522083,0.7335459144078964,0.7389301545173613,0.25,1.0,1.0,6,6,12,2.0,6099.0,1,6099.0,6103.0,2.0,1,1,31.0,0.0,0.18984557693485768,31,0.3666666666666667,0.19607843137254902,0.6926816886696334,0.8333333333333333,0.7522880692262318,2018-06-06 13:00:00+00:00,2018-06-07 01:00:00+00:00,6097,2018-06-07 01:00:00+00:00,2018-06-14 05:00:00+00:00,accepted_breakout,3.928084597571464,1.4532493411441585,0.0,0.4444142872652202,1,1,box_too_narrow_for_visible_structure,,,1061,6094,6097,2018-06-07 01:00:00+00:00,6097.0,2018-06-07 01:00:00+00:00,6097.0,2018-06-07 01:00:00+00:00,6097.0,2018-06-07 01:00:00+00:00
72,12,6093,6097,6128,4,4,1290.231,1301.752,1295.9915,11.520999999999958,2.676475610461341,0.6638590132355715,0.6638590132355715,0.549673443727634,0.549673443727634,2,3,1.0,0.7653640858808806,0.7070000000001073,0.16424513988338357,0.6158319590313387,1.0282163919713352,1.6482592184900058,0.0,0.5667086563362721,0,0,0,0.8359228076266507,0,1,0.75,0.25,0.25,0.6502118989279263,0.678273076776254,0.6539347381506213,0.6502118989279263,0.681341746221543,0.6502118989279263,0.7422931012539637,0.25,1.0,0.7653640858808806,2,2,4,2.0,6099.0,1,6099.0,,2.0,1,1,31.0,0.4,0.3304998700365226,31,0.3,0.20476190476190478,0.6083700749112806,0.8333333333333333,0.7428068044421059,2018-06-06 09:00:00+00:00,2018-06-07 01:00:00+00:00,6097,2018-06-07 01:00:00+00:00,2018-06-14 05:00:00+00:00,accepted_breakout,2.791357399558831,0.21296663334872912,0.0,0.6253935511887929,1,1,box_too_narrow_for_visible_structure,,,1059,6093,6098,2018-06-07 05:00:00+00:00,6097.0,2018-06-07 01:00:00+00:00,6097.0,2018-06-07 01:00:00+00:00,6097.0,2018-06-07 01:00:00+00:00
73,12,6500,6503,6505,4,3,1191.146,1202.238,1196.692,11.092000000000098,2.665787505317551,0.6242315811009329,0.6242315811009329,0.5373506974754667,0.5373506974754667,2,2,1.0,0.5873117586173222,1.2019999999999982,0.2888817689678744,0.3680129823296133,1.6847430952286189,0.9810444100889317,0.0,0.5689384957778162,0,1,-1,0.6774251712946319,0,1,0.16666666666666663,0.6666666666666667,0.16666666666666663,0.644767621928141,0.6358313781312342,0.6112019850631266,0.644767621928141,0.643280715743479,0.644767621928141,0.722336852328673,0.25,1.0,0.5873117586173222,0,0,0,,6505.0,-1,,6505.0,2.0,-1,-1,2.0,0.4,0.4880065638610574,2,0.5666666666666667,0.7000000000000001,0.4937588130799582,0.125,0.3138563699366562,2018-09-10 13:00:00+00:00,2018-09-11 01:00:00+00:00,6503,2018-09-11 01:00:00+00:00,2018-09-11 09:00:00+00:00,accepted_breakout,1.1400008417542564,1.3088064945313111,0.18373088790481074,0.9610119563333877,0,1,box_not_visually_real,,,1128,6500,6503,2018-09-11 01:00:00+00:00,6503.0,2018-09-11 01:00:00+00:00,6503.0,2018-09-11 01:00:00+00:00,6503.0,2018-09-11 01:00:00+00:00
74,8,6506,6509,6512,4,3,1187.657,1199.199,1193.4279999999999,11.542000000000144,2.590356268535578,0.6634351894544757,0.6634351894544757,0.6169999365488552,0.6169999365488552,2,2,0.875,1.0,0.0,0.0,0.5848206549991263,1.0754624188895086,1.5148938496460695,0.0,0.5041065068969761,2,0,1,0.6671865072488892,0,1,0.875,0.625,0.625,0.7473225930722222,0.6877309032022948,0.6296048053274683,0.7473225930722222,0.668805590514766,0.7473225930722222,0.7093565355143037,0.25,0.875,1.0,0,0,0,,6512.0,1,6512.0,,3.0,1,1,3.0,0.2,0.13396861998074913,3,0.4166666666666667,0.5833333333333334,0.5499314868200812,0.1875,0.40310787170502027,2018-09-11 13:00:00+00:00,2018-09-12 01:00:00+00:00,6509,2018-09-12 01:00:00+00:00,2018-09-12 13:00:00+00:00,accepted_breakout,3.5589699038625513,0.0,0.0,0.5559462453639112,1,1,box_too_narrow_for_visible_structure,,,1132,6506,6511,2018-09-12 09:00:00+00:00,6509.0,2018-09-12 01:00:00+00:00,6509.0,2018-09-12 01:00:00+00:00,6509.0,2018-09-12 01:00:00+00:00
75,8,6561,6564,6577,4,3,1194.324,1204.101,1199.2125,9.777000000000044,2.4476778595950806,0.6972056090513519,0.6972056090513519,0.6484671812623142,0.6484671812623142,2,2,1.0,1.0,0.0,0.0,0.5468957758003433,1.1090531776625052,1.3386246819325753,0.0,0.46964681738975544,0,0,0,0.955235075517352,0,1,0.5,0.25,0.25,0.7382149831813918,0.7228807302267504,0.6690770074032109,0.7382149831813918,0.6881840232140108,0.7382149831813918,0.7973765457583849,0.25,1.0,1.0,2,2,4,2.0,6571.0,-1,,6571.0,7.0,-1,-1,13.0,0.2,0.46964681738975544,13,0.2666666666666667,0.0625,0.7023696423855614,1.0,0.859759077263057,2018-09-24 17:00:00+00:00,2018-09-25 05:00:00+00:00,6564,2018-09-25 05:00:00+00:00,2018-09-27 09:00:00+00:00,accepted_breakout,0.0,5.205341850870739,0.0,0.4341859845456982,1,1,box_too_narrow_for_visible_structure,,,1146,6561,6564,2018-09-25 05:00:00+00:00,6564.0,2018-09-25 05:00:00+00:00,6564.0,2018-09-25 05:00:00+00:00,6564.0,2018-09-25 05:00:00+00:00
76,5,6734,6737,6739,4,3,1229.666,1236.354,1233.01,6.688000000000102,1.4696439491134032,0.6152367037588999,0.6152367037588999,0.5786075294825467,0.5786075294825467,2,2,1.0,1.0,0.0,0.0,0.29814593301437076,1.031475582706063,0.43816836640733997,2.0,0.5452801632860903,0,0,0,0.7729266347687642,0,1,0.4,0.4,0.4,0.7327466208540611,0.6403024197143433,0.5753799156211018,0.7327466208540611,0.6161536109444621,0.7327466208540611,0.6494033840514203,0.25,1.0,1.0,0,0,0,,6739.0,-1,,6739.0,2.0,-1,-1,2.0,0.2,0.5151617247058128,2,0.5666666666666667,0.7000000000000001,0.44288024662437236,0.125,0.30113672832275973,2018-11-02 13:00:00+00:00,2018-11-05 02:00:00+00:00,6737,2018-11-05 02:00:00+00:00,2018-11-05 10:00:00+00:00,accepted_breakout,0.0,1.961019199064146,0.34632693364528466,0.698850574712659,1,1,box_too_narrow_for_visible_structure,,,1185,6734,6737,2018-11-05 02:00:00+00:00,6737.0,2018-11-05 02:00:00+00:00,6737.0,2018-11-05 02:00:00+00:00,6737.0,2018-11-05 02:00:00+00:00
78,12,6748,6751,6756,4,3,1222.829,1235.83,1229.3294999999998,13.000999999999976,2.507617380774966,0.6451158894643575,0.6451158894643575,0.5696156967906724,0.5696156967906724,3,2,1.0,1.0,0.0,0.0,0.43912006768710643,1.4064722667956986,1.1011451139792676,0.0,0.3559654647452762,2,0,1,0.8497807860933733,0,1,1.0,0.75,0.75,0.7424182063962826,0.6689851229640581,0.6094973626155009,0.7424182063962826,0.633807563218757,0.7424182063962826,0.612072844934667,0.25,1.0,1.0,1,0,0,0.0,6755.0,-1,,6755.0,4.0,-1,0,5.0,0.2,0.2733000823938318,5,0.2666666666666667,0.4583333333333333,0.5575094780560963,0.3958333333333333,0.5329190361806907,2018-11-06 22:00:00+00:00,2018-11-07 10:00:00+00:00,6751,2018-11-07 10:00:00+00:00,2018-11-08 06:00:00+00:00,accepted_breakout,0.016748966697198615,1.2669396951691538,0.5721037793778825,0.8057139315815569,1,1,edge_partially_matches_chart,,,1190,6748,6754,2018-11-07 22:00:00+00:00,6751.0,2018-11-07 10:00:00+00:00,6751.0,2018-11-07 10:00:00+00:00,6751.0,2018-11-07 10:00:00+00:00
80,16,6898,6901,6910,7,3,1240.834,1250.171,1245.5025,9.336999999999989,2.605458916785131,0.6708189286067301,0.6708189286067301,0.6090525045003845,0.6090525045003845,2,2,1.0,0.9162859938914345,0.21000000000003638,0.05859980427599581,0.5461068865802655,1.1825998596268121,1.4228590571583188,0.0,0.4381113652901935,0,0,0,0.877583806361767,0,1,0.125,0.6875,0.125,0.718362625955113,0.6934569078192939,0.6441960344924353,0.718362625955113,0.6822638649105575,0.718362625955113,0.7463905704787258,0.25,1.0,0.9162859938914345,1,1,2,2.0,6906.0,-1,,6906.0,5.0,-1,0,,0.0,0.44841199891686084,9,0.2666666666666667,0.25,0.6303604647208082,0.6458333333333334,0.6802984495135355,2018-12-12 02:00:00+00:00,2018-12-12 14:00:00+00:00,6901,2018-12-12 14:00:00+00:00,2018-12-14 02:00:00+00:00,superseded,1.194799111951141,2.6509725236898696,0.0,0.7110654177138016,1,1,box_too_narrow_for_visible_structure,,,1208,6898,6907,2018-12-13 14:00:00+00:00,6901.0,2018-12-12 14:00:00+00:00,6901.0,2018-12-12 14:00:00+00:00,6901.0,2018-12-12 14:00:00+00:00
81,12,6906,6910,6911,4,4,1240.037,1247.058,1243.5475000000001,7.020999999999958,2.2225144318177534,0.6886043112755911,0.6886043112755911,0.5251327953840199,0.5251327953840199,4,2,1.0,1.0,0.0,0.0,0.1670702179176768,1.8511984613687795,0.3713159704489737,0.0,0.6705197448126128,0,2,-1,0.5030622418458724,0,1,0.5833333333333333,0.75,0.5833333333333333,0.7006772742062254,0.7061757702438971,0.6719126116733126,0.7006772742062254,0.6677235443664216,0.7006772742062254,0.5824409579976885,0.25,1.0,1.0,0,0,0,,6911.0,-1,,6911.0,1.0,-1,-1,1.0,0.8,0.6695706722792572,1,0.65,0.85,0.45400363490684237,0.0625,0.23537590872671058,2018-12-13 10:00:00+00:00,2018-12-14 02:00:00+00:00,6910,2018-12-14 02:00:00+00:00,2018-12-14 06:00:00+00:00,accepted_breakout,0.15567952902650745,3.2233761443522706,0.0,0.507334344967121,1,1,box_too_narrow_for_visible_structure,,,1210,6906,6910,2018-12-14 02:00:00+00:00,6910.0,2018-12-14 02:00:00+00:00,6910.0,2018-12-14 02:00:00+00:00,6910.0,2018-12-14 02:00:00+00:00
83,16,7026,7032,7048,7,6,1285.598,1295.817,1290.7075,10.219000000000051,2.4254540515030603,0.7036307031522002,0.7036307031522002,0.5713593456874848,0.5713593456874848,2,4,0.9375,1.0,0.0,0.0,0.3032586358743436,1.6899141644683424,0.7355398870347181,0.0,0.4056767899547575,1,1,0,0.9483641582672921,0,1,0.6875,1.0,0.6875,0.7077984168694251,0.7234635967062826,0.6863042383720153,0.7077984168694251,0.6996519883428961,0.7077984168694251,0.6787242715578847,0.25,0.9375,1.0,0,0,0,,,0,,,,0,0,,0.0,0.4056767899547575,16,0.4,0.7575757575757575,0.3733101183006936,0.25,0.3493123780600219,2019-01-14 06:00:00+00:00,2019-01-15 06:00:00+00:00,7032,2019-01-15 06:00:00+00:00,2019-01-17 22:00:00+00:00,superseded,0.0,0.8485009224250795,0.7171663591916402,0.8323694713692282,1,1,edge_partially_matches_chart,,,1233,7026,7035,2019-01-15 18:00:00+00:00,7032.0,2019-01-15 06:00:00+00:00,7032.0,2019-01-15 06:00:00+00:00,7032.0,2019-01-15 06:00:00+00:00
85,16,7043,7048,7050,4,5,1286.653,1295.299,1290.976,8.645999999999958,2.2841602574840487,0.6855328279096455,0.6855328279096455,0.5319568845271015,0.5319568845271015,6,2,0.9375,0.8562068242785066,0.3810000000000855,0.10065522300504534,0.47328244274807896,1.203107311193917,1.0810529462901315,0.0,0.48523981642944997,0,0,0,0.8779397023671851,0,1,0.8125,0.1875,0.1875,0.6603896604771077,0.7007770874087281,0.6767505567196221,0.6603896604771077,0.68618429266877,0.6603896604771077,0.6758661750871496,0.25,0.9375,0.8562068242785066,0,0,0,,7050.0,-1,,7050.0,2.0,-1,-1,2.0,0.4,0.3787576834718478,2,0.5,0.7380952380952381,0.44214866843255474,0.125,0.30666811948909106,2019-01-17 02:00:00+00:00,2019-01-17 22:00:00+00:00,7048,2019-01-17 22:00:00+00:00,2019-01-18 06:00:00+00:00,accepted_breakout,0.0,2.394315364730158,0.2018948784232807,0.6125398512221008,1,1,box_too_narrow_for_visible_structure,,,1237,7043,7049,2019-01-18 02:00:00+00:00,7048.0,2019-01-17 22:00:00+00:00,7048.0,2019-01-17 22:00:00+00:00,7048.0,2019-01-17 22:00:00+00:00
86,12,7063,7066,7072,7,3,1276.718,1285.651,1281.1845,8.932999999999993,2.5505483098330357,0.6112314402480385,0.6112314402480385,0.5168591090774339,0.5168591090774339,3,2,0.9166666666666666,0.903331155837803,0.23700000000008004,0.0676681909135379,0.816634949065247,0.4676814207440828,2.082866889088953,1.0,0.7731603205335305,3,0,1,0.24971081010487217,0,1,1.0,0.5,0.5,0.6880970229936015,0.6305557316090372,0.5827005422655096,0.6880970229936015,0.602350102067519,0.6880970229936015,0.5852379625885018,0.25,0.9166666666666666,0.903331155837803,2,2,4,2.0,7067.0,1,7067.0,,1.0,1,0,,0.8,0.6053684800973852,6,0.4166666666666667,0.3611111111111111,0.632586863493647,0.6666666666666666,0.6359244936511895,2019-01-22 14:00:00+00:00,2019-01-23 02:00:00+00:00,7066,2019-01-23 02:00:00+00:00,2019-01-24 02:00:00+00:00,superseded,0.3171866993779576,0.03646274788896767,0.8821168509110249,0.9082867310625277,1,0,edge_matches_chart_well,,,1239,7063,7066,2019-01-23 02:00:00+00:00,7066.0,2019-01-23 02:00:00+00:00,7066.0,2019-01-23 02:00:00+00:00,7066.0,2019-01-23 02:00:00+00:00
87,16,7069,7072,7080,4,3,1276.718,1286.46,1281.589,9.741999999999962,2.6147717389091434,0.6558579762146802,0.6558579762146802,0.5946873220259364,0.5946873220259364,3,2,1.0,1.0,0.0,0.0,0.5103674810100595,1.280277273105791,1.3344944658033524,0.0,0.45112122065655474,1,0,1,0.7466639293779582,0,1,0.8125,0.25,0.25,0.7119932427718171,0.6818206162516297,0.6250677159345008,0.7119932427718171,0.6678363094442091,0.7119932427718171,0.7254048828487843,0.25,1.0,1.0,1,1,2,2.0,7074.0,-1,7080.0,7074.0,2.0,-1,1,8.0,0.6,0.37186584902599706,8,0.3666666666666667,0.42424242424242425,0.495236204055934,0.5,0.5406272328321653,2019-01-23 14:00:00+00:00,2019-01-24 02:00:00+00:00,7072,2019-01-24 02:00:00+00:00,2019-01-25 10:00:00+00:00,accepted_breakout,6.511084599339644,0.03556715816382246,0.0,0.36269545793000735,1,1,box_too_narrow_for_visible_structure,,,1241,7069,7075,2019-01-24 14:00:00+00:00,7072.0,2019-01-24 02:00:00+00:00,7072.0,2019-01-24 02:00:00+00:00,7072.0,2019-01-24 02:00:00+00:00
88,8,7125,7128,7130,4,3,1310.69,1316.806,1313.748,6.1159999999999854,1.6519863614654717,0.6287329914550984,0.6287329914550984,0.5422758832645723,0.5422758832645723,2,2,0.875,1.0,0.0,0.0,0.4664813603662271,0.8813655162626047,0.770620845202867,0.0,0.49278070557408926,0,0,0,0.9846304774362491,0,1,0.375,0.25,0.25,0.7082236344838427,0.6552391438231993,0.5937493205812947,0.7082236344838427,0.6214902302999855,0.7082236344838427,0.6094742226909393,0.25,0.875,1.0,0,0,0,,7130.0,-1,,7130.0,2.0,-1,-1,2.0,0.0,0.4004879127793856,2,0.5666666666666667,0.7000000000000001,0.4779460951536163,0.125,0.30990319045507075,2019-02-05 22:00:00+00:00,2019-02-06 10:00:00+00:00,7128,2019-02-06 10:00:00+00:00,2019-02-06 18:00:00+00:00,accepted_breakout,0.129541021034885,4.807545743267932,0.0,0.44177983241837354,1,0,box_too_narrow_for_visible_structure,,,1248,7125,7129,2019-02-06 14:00:00+00:00,7128.0,2019-02-06 10:00:00+00:00,7128.0,2019-02-06 10:00:00+00:00,7128.0,2019-02-06 10:00:00+00:00
89,12,7212,7215,7218,4,3,1323.441,1332.478,1327.9595,9.037000000000035,2.136048559176953,0.6987724836082039,0.6987724836082039,0.6187383741821438,0.6187383741821438,2,2,1.0,1.0,0.0,0.0,0.46376009737744994,1.1454344713700875,0.9906140878068652,0.0,0.4877012016880325,0,0,0,0.9534875142931012,0,1,0.25,0.75,0.25,0.7623082206798043,0.72066112465916,0.6702203071939449,0.7623082206798043,0.6935740086368918,0.7623082206798043,0.6861071794782494,0.25,1.0,1.0,0,0,0,,7218.0,-1,,7218.0,3.0,-1,-1,3.0,0.4,0.38615818761102155,3,0.4166666666666667,0.5833333333333334,0.6127016459955679,0.1875,0.4188004114988919,2019-02-26 14:00:00+00:00,2019-02-27 02:00:00+00:00,7215,2019-02-27 02:00:00+00:00,2019-02-27 14:00:00+00:00,accepted_breakout,1.2434174254088903,3.224645793002925,0.0,0.6810611199035486,0,1,box_too_narrow_for_visible_structure,,,1263,7212,7215,2019-02-27 02:00:00+00:00,7215.0,2019-02-27 02:00:00+00:00,7215.0,2019-02-27 02:00:00+00:00,7215.0,2019-02-27 02:00:00+00:00
90,8,7214,7217,7218,4,3,1323.441,1329.822,1326.6315,6.380999999999858,1.5834872913131013,0.6034494258035421,0.6034494258035421,0.5535734859529274,0.5535734859529274,3,2,1.0,0.8936471696343544,0.3000000000001819,0.0744469812559519,0.43096693308259854,0.9010566298006228,0.6824306615124786,0.0,0.4405302226252825,1,0,1,0.92660502533562,0,1,0.75,0.375,0.375,0.7179569152618386,0.6238472287542937,0.5679940730115834,0.7179569152618386,0.6004165142108076,0.7179569152618386,0.6183999675222838,0.25,1.0,0.8936471696343544,0,0,0,,7218.0,-1,,7218.0,1.0,-1,-1,1.0,0.4,0.41038626440580983,1,0.7166666666666667,0.8333333333333334,0.3731065303807246,0.0625,0.20515163259518115,2019-02-26 22:00:00+00:00,2019-02-27 10:00:00+00:00,7217,2019-02-27 10:00:00+00:00,2019-02-27 14:00:00+00:00,accepted_breakout,0.0,4.349892820603612,0.0,0.4808953199186046,1,1,box_too_narrow_for_visible_structure,,,1265,7214,7217,2019-02-27 10:00:00+00:00,7217.0,2019-02-27 10:00:00+00:00,7217.0,2019-02-27 10:00:00+00:00,7217.0,2019-02-27 10:00:00+00:00
91,8,7338,7341,7343,4,3,1307.276,1319.236,1313.256,11.960000000000036,2.746826739709122,0.5924423124927685,0.5924423124927685,0.47394673174061863,0.47394673174061863,2,3,0.875,0.7342415600616062,0.8099999999999454,0.1860309079568756,0.34406354515050136,1.801743793730608,0.945082945978514,0.0,0.569110706256082,0,3,-1,0.38054626532886004,0,1,0.5,1.0,0.5,0.6072203301624094,0.6124256757833233,0.57329180450156,0.6072203301624094,0.6011265088419561,0.6072203301624094,0.6341975836400138,0.25,0.875,0.7342415600616062,1,0,2,2.0,7342.0,-1,,7342.0,1.0,-1,-1,2.0,0.6,0.4656983353094523,2,0.6166666666666667,0.7833333333333333,0.38650767826106636,0.20833333333333331,0.2895435862319332,2019-03-27 13:00:00+00:00,2019-03-28 01:00:00+00:00,7341,2019-03-28 01:00:00+00:00,2019-03-28 09:00:00+00:00,accepted_breakout,0.0,6.828242833396281,0.0,0.389373616356296,1,0,box_too_narrow_for_visible_structure,,,1292,7338,7341,2019-03-28 01:00:00+00:00,7341.0,2019-03-28 01:00:00+00:00,7341.0,2019-03-28 01:00:00+00:00,7341.0,2019-03-28 01:00:00+00:00
92,12,7367,7370,7372,7,3,1285.211,1294.273,1289.742,9.061999999999898,2.389388703991679,0.6686782415892981,0.6686782415892981,0.5938413132678493,0.5938413132678493,3,2,1.0,1.0,0.0,0.0,0.6434561906863793,0.8519217504521285,1.5374669535395504,0.0,0.5446868725176895,0,0,0,0.8394762009857988,0,1,0.75,0.16666666666666663,0.16666666666666663,0.7273316299194831,0.6921037816698284,0.639616245788823,0.7273316299194831,0.6715099040693737,0.7273316299194831,0.6941094654295652,0.25,1.0,1.0,0,0,0,,,0,,,,0,0,,0.4,0.4618938998471494,2,0.5666666666666667,0.8666666666666667,0.4135790953862156,0.041666666666666664,0.23131144051322058,2019-04-03 09:00:00+00:00,2019-04-03 21:00:00+00:00,7370,2019-04-03 21:00:00+00:00,2019-04-04 05:00:00+00:00,superseded,0.0,1.8398011142582462,0.3867329619139179,0.6733541388021991,1,0,box_too_narrow_for_visible_structure,,,1299,7367,7370,2019-04-03 21:00:00+00:00,7370.0,2019-04-03 21:00:00+00:00,7370.0,2019-04-03 21:00:00+00:00,7370.0,2019-04-03 21:00:00+00:00
93,8,7369,7372,7373,4,3,1288.34,1294.273,1291.3065,5.932999999999993,1.6282910393149623,0.6451078158373506,0.6451078158373506,0.5849541663908868,0.5849541663908868,2,2,1.0,1.0,0.0,0.0,0.475139052755805,0.854626377284086,0.7736646620308764,0.0,0.3918304941729724,1,0,1,0.8728580257317613,0,1,0.375,0.5,0.375,0.730649622319706,0.6710623811406867,0.6096192919453713,0.730649622319706,0.645804213639954,0.730649622319706,0.6676577220276542,0.25,1.0,1.0,0,0,0,,7373.0,-1,,7373.0,1.0,-1,-1,1.0,0.2,0.2477342402828638,1,0.7166666666666667,0.8333333333333334,0.43172263576569786,0.0625,0.21980565894142445,2019-04-03 17:00:00+00:00,2019-04-04 05:00:00+00:00,7372,2019-04-04 05:00:00+00:00,2019-04-04 09:00:00+00:00,accepted_breakout,0.029478759534410925,4.621409697842287,0.0,0.43928624315119613,1,1,box_too_narrow_for_visible_structure,,,1301,7369,7372,2019-04-04 05:00:00+00:00,7372.0,2019-04-04 05:00:00+00:00,7372.0,2019-04-04 05:00:00+00:00,7372.0,2019-04-04 05:00:00+00:00
94,12,7476,7479,7483,4,3,1278.065,1285.985,1282.025,7.919999999999845,2.3752688193197544,0.6881370079779888,0.6881370079779888,0.6123224799658585,0.6123224799658585,2,2,0.9166666666666666,0.7446500331322854,0.5960000000000036,0.17874497680740023,0.19204545454545302,1.9191092392458506,0.4561595800739037,0.0,0.4369279442148753,0,1,-1,0.8473905723905704,0,1,0.6666666666666667,0.25,0.25,0.6966868873373611,0.7045885465908315,0.6729497348457014,0.6966868873373611,0.6982652404545204,0.6966868873373611,0.7981771321166208,0.25,0.9166666666666666,0.7446500331322854,1,1,2,2.0,7480.0,-1,,7480.0,1.0,-1,-1,4.0,0.2,0.35348011363636284,4,0.4166666666666667,0.5595238095238095,0.5912944578231242,0.375,0.4838355192176858,2019-04-30 13:00:00+00:00,2019-05-01 01:00:00+00:00,7479,2019-05-01 01:00:00+00:00,2019-05-01 17:00:00+00:00,accepted_breakout,0.43868718838255905,2.2704798531159573,0.09694431950049454,0.551724137931023,1,1,box_too_narrow_for_visible_structure,,,1321,7476,7481,2019-05-01 09:00:00+00:00,7479.0,2019-05-01 01:00:00+00:00,7479.0,2019-05-01 01:00:00+00:00,7479.0,2019-05-01 01:00:00+00:00
95,12,7523,7526,7529,4,3,1279.581,1289.317,1284.449,9.736000000000104,2.6771563372403446,0.6574513590306476,0.6574513590306476,0.5967820781171566,0.5967820781171566,2,2,1.0,1.0,0.0,0.0,0.5589564502875872,1.1807425341115627,1.4964138031287817,0.0,0.4873466521086887,1,0,1,0.7847849904135935,0,1,0.8333333333333334,0.25,0.25,0.7289893752935409,0.6827046328521961,0.6247925264184839,0.7289893752935409,0.6625465436164332,0.7289893752935409,0.6977383995408056,0.25,1.0,1.0,0,0,0,,7529.0,1,7529.0,,3.0,1,1,3.0,0.6,0.4972435210679511,3,0.4166666666666667,0.5833333333333334,0.5332391659153184,0.1875,0.39893479147882954,2019-05-10 09:00:00+00:00,2019-05-12 21:00:00+00:00,7526,2019-05-12 21:00:00+00:00,2019-05-13 09:00:00+00:00,accepted_breakout,4.4405326034318415,0.872941175489589,0.0,0.5047959765645298,1,0,box_too_narrow_for_visible_structure,,,1327,7523,7526,2019-05-12 21:00:00+00:00,7526.0,2019-05-12 21:00:00+00:00,7526.0,2019-05-12 21:00:00+00:00,7526.0,2019-05-12 21:00:00+00:00
96,5,7625,7628,7629,4,3,1319.878,1328.71,1324.2939999999999,8.832000000000107,1.8868324239156002,0.6489817541176035,0.6489817541176035,0.5646964964331974,0.5646964964331974,2,2,1.0,0.9154612154786657,0.27700000000004366,0.05917714916493402,0.8203125000000034,0.33904020117232797,1.5477922227432723,2.0,0.622293223505434,3,0,1,0.555857487922701,0,1,0.6,0.4,0.4,0.7248410309275529,0.6685191645190833,0.6204328450907686,0.7248410309275529,0.6419349846636881,0.7248410309275529,0.6317709040987365,0.25,1.0,0.9154612154786657,0,0,0,,7629.0,1,7629.0,,1.0,1,1,1.0,0.4,0.5488254712975597,1,0.7166666666666667,0.8333333333333334,0.4814421328042821,0.0625,0.23223553320107052,2019-06-04 13:00:00+00:00,2019-06-05 01:00:00+00:00,7628,2019-06-05 01:00:00+00:00,2019-06-05 05:00:00+00:00,accepted_breakout,8.089218632530054,0.0,0.0,0.36654907657190694,1,1,box_too_narrow_for_visible_structure,,,1345,7625,7628,2019-06-05 01:00:00+00:00,7628.0,2019-06-05 01:00:00+00:00,7628.0,2019-06-05 01:00:00+00:00,7628.0,2019-06-05 01:00:00+00:00
97,12,7773,7776,7780,4,3,1385.574,1407.52,1396.547,21.945999999999913,2.84730713691745,0.6261718247941239,0.6261718247941239,0.5510456544575263,0.5510456544575263,2,2,1.0,1.0,0.0,0.0,0.34452747653330684,1.8663315941200063,0.9809755427974439,2.0,0.5067920248875782,0,0,0,0.9674048421883988,0,1,0.25,0.75,0.25,0.685964195646767,0.6553414387111464,0.5921025697674024,0.685964195646767,0.6334160954461291,0.685964195646767,0.672192460273548,0.25,1.0,1.0,1,0,2,2.0,7779.0,1,7779.0,,3.0,1,1,4.0,0.4,0.3550351720791295,4,0.3166666666666667,0.5595238095238095,0.5005178582851058,0.3333333333333333,0.4665580359998479,2019-07-09 09:00:00+00:00,2019-07-09 21:00:00+00:00,7776,2019-07-09 21:00:00+00:00,2019-07-10 13:00:00+00:00,accepted_breakout,6.833123040271508,0.0,0.0,0.5300710110622648,0,1,box_too_narrow_for_visible_structure,,,1366,7773,7777,2019-07-10 01:00:00+00:00,7776.0,2019-07-09 21:00:00+00:00,7776.0,2019-07-09 21:00:00+00:00,7776.0,2019-07-09 21:00:00+00:00
98,12,7941,7945,7946,4,4,1503.515,1527.822,1515.6685,24.30699999999979,2.332291090953595,0.7529660787358265,0.7529660787358265,0.5933953636706972,0.5933953636706972,3,4,1.0,1.0,0.0,0.0,0.14543135722219463,1.9931028321589808,0.33918825879461434,0.0,0.6615198742134841,0,2,-1,0.4939317891965198,0,1,0.41666666666666663,1.0,0.41666666666666663,0.7544432132639305,0.7671037384587902,0.7408541030440404,0.7544432132639305,0.7320278586593614,0.7544432132639305,0.6442236102911454,0.5,1.0,1.0,0,0,0,,7946.0,-1,,7946.0,1.0,-1,-1,1.0,0.6,0.595248351950919,1,0.55,0.85,0.5638451198715614,0.0625,0.2828362799678904,2019-08-16 09:00:00+00:00,2019-08-19 01:00:00+00:00,7945,2019-08-19 01:00:00+00:00,2019-08-19 05:00:00+00:00,accepted_breakout,2.095364519015426,4.430407525063807,0.0,0.8169596343225842,1,1,box_not_visually_real,,,1401,7941,7945,2019-08-19 01:00:00+00:00,7945.0,2019-08-19 01:00:00+00:00,7945.0,2019-08-19 01:00:00+00:00,7945.0,2019-08-19 01:00:00+00:00
99,8,7953,7957,7972,4,4,1492.828,1508.431,1500.6295,15.603000000000065,2.0396053712493116,0.7132648021032464,0.7132648021032464,0.585206860564431,0.585206860564431,3,2,1.0,1.0,0.0,0.0,0.6262898160610071,0.7622212984525382,1.2773840727967734,0.0,0.5595410390212432,2,0,1,0.4702087205452068,0,1,0.875,0.25,0.25,0.7129272966602682,0.732712176915076,0.696983008132186,0.7129272966602682,0.7121616360342053,0.7129272966602682,0.7014178100765026,0.25,1.0,1.0,1,1,2,2.0,7965.0,-1,7972.0,7965.0,8.0,-1,1,15.0,0.8,0.5649670430640384,15,0.2,0.23684210526315788,0.669154879086406,0.75,0.74242029871897,2019-08-20 09:00:00+00:00,2019-08-21 01:00:00+00:00,7957,2019-08-21 01:00:00+00:00,2019-08-23 13:00:00+00:00,accepted_breakout,22.72596486231454,0.19317462365706076,0.0,0.2502526103065018,1,1,box_too_narrow_for_visible_structure,,,1407,7953,7959,2019-08-21 09:00:00+00:00,7957.0,2019-08-21 01:00:00+00:00,7957.0,2019-08-21 01:00:00+00:00,7957.0,2019-08-21 01:00:00+00:00
101,16,7961,7964,7972,4,3,1492.828,1508.431,1500.6295,15.603000000000065,2.286071902232847,0.6938681188220706,0.6938681188220706,0.6435776757685802,0.6435776757685802,4,2,1.0,1.0,0.0,0.0,0.332692430942768,1.5255130837690432,0.7605588184638037,0.0,0.44209179909918417,0,0,0,0.989382383729628,0,1,0.8125,0.125,0.125,0.7288572696531909,0.7183917175384068,0.6676700317673689,0.7288572696531909,0.7051896388179035,0.7288572696531909,0.8049924691812683,0.25,1.0,1.0,1,1,2,2.0,7965.0,-1,7972.0,7965.0,1.0,-1,1,8.0,0.2,0.44209179909918417,8,0.4166666666666667,0.5075757575757576,0.5251143777757347,0.4583333333333333,0.5068467762621154,2019-08-21 17:00:00+00:00,2019-08-22 05:00:00+00:00,7964,2019-08-22 05:00:00+00:00,2019-08-23 13:00:00+00:00,accepted_breakout,20.27582770022546,0.17234803490440467,0.0,0.2502526103065018,1,1,box_too_narrow_for_visible_structure,,,1413,7961,7965,2019-08-22 09:00:00+00:00,7964.0,2019-08-22 05:00:00+00:00,7964.0,2019-08-22 05:00:00+00:00,7964.0,2019-08-22 05:00:00+00:00
102,8,8004,8007,8012,4,3,1516.711,1533.829,1525.27,17.117999999999938,1.9759643574694652,0.6585349937577529,0.6585349937577529,0.6046010904238607,0.6046010904238607,3,2,1.0,1.0,0.0,0.0,0.6207500876270601,0.7493843094223471,1.226580048047118,0.0,0.523891606259382,0,0,0,0.9286910464618174,0,1,0.625,0.5,0.5,0.7409578568735397,0.6821072219051109,0.6255466640154463,0.7409578568735397,0.6617189893875216,0.7409578568735397,0.6932871750964932,0.25,1.0,1.0,0,0,0,,8012.0,1,8012.0,,5.0,1,1,5.0,0.0,0.31479913019573275,5,0.2666666666666667,0.4583333333333333,0.6152495559236151,0.3125,0.5181873889809038,2019-09-01 21:00:00+00:00,2019-09-02 09:00:00+00:00,8007,2019-09-02 09:00:00+00:00,2019-09-03 09:00:00+00:00,accepted_breakout,7.98799833627263,0.0,0.0,0.5202723238708867,1,1,box_too_narrow_for_visible_structure,,,1424,8004,8009,2019-09-02 21:00:00+00:00,8007.0,2019-09-02 09:00:00+00:00,8007.0,2019-09-02 09:00:00+00:00,8007.0,2019-09-02 09:00:00+00:00
103,8,8020,8023,8024,4,3,1533.819,1556.866,1545.3425,23.047000000000025,2.6942051093826493,0.6302080213993021,0.6302080213993021,0.5584084557392444,0.5584084557392444,2,2,0.875,1.0,0.0,0.0,0.30563630841324635,1.8707582056428298,0.8234469037398195,2.0,0.5749356673992304,0,0,0,0.778235779060187,0,1,0.625,0.375,0.375,0.7363539089097358,0.6536127010349199,0.5935647485037139,0.7363539089097358,0.6183184760001971,0.7363539089097358,0.5972374809237176,0.25,0.875,1.0,0,0,0,,8024.0,-1,,8024.0,1.0,-1,-1,1.0,0.4,0.26280793516342144,1,0.7166666666666667,0.8333333333333334,0.4466272225546188,0.0625,0.22353180563865468,2019-09-04 17:00:00+00:00,2019-09-05 05:00:00+00:00,8023,2019-09-05 05:00:00+00:00,2019-09-05 09:00:00+00:00,accepted_breakout,0.0,10.313245974938763,0.0,0.4533865795841282,1,1,box_too_narrow_for_visible_structure,,,1428,8020,8023,2019-09-05 05:00:00+00:00,8023.0,2019-09-05 05:00:00+00:00,8023.0,2019-09-05 05:00:00+00:00,8023.0,2019-09-05 05:00:00+00:00
104,16,8198,8201,8234,4,3,1476.973,1498.09,1487.5315,21.116999999999962,2.9511460409354644,0.6155927733712896,0.6155927733712896,0.5807126320308661,0.5807126320308661,2,2,1.0,1.0,0.0,0.0,0.5332670360373153,1.3773971387725517,1.5737489021629127,0.0,0.5310549329893688,0,0,0,0.858770974412395,0,1,0.4375,0.8125,0.4375,0.7182582262011857,0.6426208061234328,0.5764627534067058,0.7182582262011857,0.6238004878043524,0.7182582262011857,0.680835319961485,0.25,1.0,1.0,0,0,0,,8234.0,1,8234.0,,33.0,1,1,33.0,0.4,0.3410161507149628,33,0.2666666666666667,0.3611111111111111,0.6055488382816415,0.5,0.6008316540148548,2019-10-16 09:00:00+00:00,2019-10-16 21:00:00+00:00,8201,2019-10-16 21:00:00+00:00,2019-10-24 09:00:00+00:00,accepted_breakout,1.9304364883935943,0.0,0.3565211705354686,0.7875363616021445,1,1,box_too_narrow_for_visible_structure,,,1451,8198,8201,2019-10-16 21:00:00+00:00,8201.0,2019-10-16 21:00:00+00:00,8201.0,2019-10-16 21:00:00+00:00,8201.0,2019-10-16 21:00:00+00:00
106,12,8329,8332,8335,4,3,1461.062,1474.378,1467.7199999999998,13.316000000000031,2.4864756358539575,0.6552726035943977,0.6552726035943977,0.5663576425754584,0.5663576425754584,2,2,0.9166666666666666,0.7369796832004796,0.9859999999998763,0.18411422175966424,0.46507960348454463,1.3300665330570178,1.1564091027969396,0.0,0.5153569966128609,0,0,0,0.9720636827876414,0,1,0.5,0.16666666666666663,0.16666666666666663,0.677700204797935,0.6720278623068017,0.6376097700834124,0.677700204797935,0.6690901478479954,0.677700204797935,0.7261754744595489,0.25,0.9166666666666666,0.7369796832004796,0,0,0,,8335.0,-1,,8335.0,3.0,-1,-1,3.0,0.4,0.42542088847372955,3,0.4166666666666667,0.5833333333333334,0.5699085315665466,0.1875,0.4081021328916366,2019-11-15 06:00:00+00:00,2019-11-15 18:00:00+00:00,8332,2019-11-15 18:00:00+00:00,2019-11-18 06:00:00+00:00,accepted_breakout,0.2783055623074087,1.9252149230715287,0.2654931715403541,0.7648038596289793,1,1,box_too_narrow_for_visible_structure,,,1476,8329,8334,2019-11-18 02:00:00+00:00,8332.0,2019-11-15 18:00:00+00:00,8332.0,2019-11-15 18:00:00+00:00,8332.0,2019-11-15 18:00:00+00:00
107,5,8455,8459,8467,4,4,1473.724,1479.778,1476.751,6.054000000000087,1.2384409917499202,0.6490128201011929,0.6490128201011929,0.5901334176098469,0.5901334176098469,2,2,1.0,1.0,0.0,0.0,0.5307234886025635,0.581171268179984,0.6572697235699361,0.0,0.42551182986350894,0,1,-1,0.7275630437176636,0,1,0.4,0.8,0.4,0.73716453023412,0.6695287039037888,0.617675204085744,0.73716453023412,0.6483965807195236,0.73716453023412,0.6675750876185523,0.25,1.0,1.0,1,1,2,2.0,8461.0,1,8461.0,8467.0,2.0,1,-1,8.0,0.0,0.3049086794993062,8,0.3,0.4444444444444444,0.44008480610575385,0.5,0.5361323126375496,2019-12-16 10:00:00+00:00,2019-12-17 02:00:00+00:00,8459,2019-12-17 02:00:00+00:00,2019-12-18 10:00:00+00:00,accepted_breakout,0.5313131625836659,2.775263434346927,0.0,0.5965119716228352,1,1,box_too_narrow_for_visible_structure,,,1492,8455,8460,2019-12-17 06:00:00+00:00,8459.0,2019-12-17 02:00:00+00:00,8459.0,2019-12-17 02:00:00+00:00,8459.0,2019-12-17 02:00:00+00:00
108,12,8462,8465,8467,4,3,1473.724,1480.436,1477.08,6.711999999999989,1.6207610802063965,0.5974902979702048,0.5974902979702048,0.5705985561260429,0.5705985561260429,2,4,1.0,0.8047525175811187,0.5660000000000309,0.13667323769321693,0.48897497020264574,0.828249479306866,0.7925116008995307,0.0,0.5160572661917824,0,0,0,0.7710568136671024,0,1,0.6666666666666667,0.75,0.6666666666666667,0.6834763987276612,0.6169718272128014,0.5673680372852307,0.6834763987276612,0.6186851092174142,0.6834763987276612,0.7247458170910065,0.25,1.0,0.8047525175811187,0,0,0,,8467.0,-1,,8467.0,2.0,-1,-1,2.0,0.0,0.4928140107341367,2,0.5666666666666667,0.7000000000000001,0.38860790003969164,0.125,0.2875686416765896,2019-12-17 14:00:00+00:00,2019-12-18 02:00:00+00:00,8465,2019-12-18 02:00:00+00:00,2019-12-18 10:00:00+00:00,accepted_breakout,0.0,2.1206086708117473,0.29313044306275093,0.6613459454133475,1,1,box_too_narrow_for_visible_structure,,,1496,8462,8466,2019-12-18 06:00:00+00:00,8465.0,2019-12-18 02:00:00+00:00,8465.0,2019-12-18 02:00:00+00:00,8465.0,2019-12-18 02:00:00+00:00
109,12,8583,8586,8588,4,3,1546.882,1558.022,1552.452,11.139999999999873,1.8728769088993455,0.5965209169339591,0.5965209169339591,0.518978207714142,0.518978207714142,7,2,1.0,1.0,0.0,0.0,0.7664272890484837,0.43745293689011616,1.4354239720092294,0.0,0.5952539411891755,2,0,1,0.5976062238180591,0,1,1.0,0.6666666666666667,0.6666666666666667,0.6912822663011912,0.6206708571151663,0.5610731512829882,0.6912822663011912,0.5896133279546636,0.6912822663011912,0.5845786229770085,0.25,1.0,1.0,1,0,2,2.0,8587.0,1,8587.0,,1.0,1,1,2.0,0.2,0.48551861569255383,2,0.6166666666666667,0.7833333333333333,0.3398694910276519,0.20833333333333331,0.27788403942357964,2020-01-16 18:00:00+00:00,2020-01-17 06:00:00+00:00,8586,2020-01-17 06:00:00+00:00,2020-01-17 14:00:00+00:00,accepted_breakout,1.6824383839789292,0.5718475116601865,0.2485713681202948,0.8426626323751777,0,1,box_not_visually_real,,,1519,8583,8586,2020-01-17 06:00:00+00:00,8586.0,2020-01-17 06:00:00+00:00,8586.0,2020-01-17 06:00:00+00:00,8586.0,2020-01-17 06:00:00+00:00
110,8,8612,8615,8617,4,3,1551.862,1567.849,1559.8555000000001,15.986999999999853,2.7559408558222493,0.6498161079141811,0.6498161079141811,0.6058231145027461,0.6058231145027461,2,2,0.875,1.0,0.0,0.0,0.5846625383123829,1.144645479618412,1.6112953762038373,0.0,0.535510949428172,0,0,0,0.8366798023394022,0,1,0.625,0.375,0.375,0.7099831969384202,0.6777021239005879,0.6167651202417211,0.7099831969384202,0.6618639245754162,0.7099831969384202,0.755486977520896,0.25,0.875,1.0,0,0,0,,8617.0,1,8617.0,,2.0,1,1,2.0,0.4,0.3919857923594568,2,0.5666666666666667,0.7000000000000001,0.4764216302905931,0.125,0.30952207423931494,2020-01-23 18:00:00+00:00,2020-01-24 06:00:00+00:00,8615,2020-01-24 06:00:00+00:00,2020-01-24 14:00:00+00:00,accepted_breakout,7.4094478322567845,0.0,0.0,0.4391188507704531,1,1,box_too_narrow_for_visible_structure,,,1529,8612,8616,2020-01-24 10:00:00+00:00,8615.0,2020-01-24 06:00:00+00:00,8615.0,2020-01-24 06:00:00+00:00,8615.0,2020-01-24 06:00:00+00:00
111,5,8642,8645,8648,4,3,1570.705,1585.896,1578.3004999999998,15.191000000000031,2.2430444216804744,0.696254241882358,0.696254241882358,0.5494678491453835,0.5494678491453835,2,2,0.8,0.9512734738230177,0.23099999999999454,0.03410856832388758,0.565795536831019,0.9739398989799478,1.2691045227005266,0.0,0.38277041629802383,0,2,-1,0.5883308099093827,0,1,0.4,0.8,0.4,0.705472149339199,0.7195721869525809,0.6751923028302762,0.705472149339199,0.6841942632230895,0.705472149339199,0.6314423365497336,0.25,0.8,0.9512734738230177,1,0,2,2.0,8647.0,1,8647.0,,2.0,1,1,3.0,0.4,0.10824845918589371,3,0.4666666666666667,0.6666666666666666,0.5750555599332422,0.2708333333333333,0.4118888899833105,2020-01-30 18:00:00+00:00,2020-01-31 06:00:00+00:00,8645,2020-01-31 06:00:00+00:00,2020-01-31 18:00:00+00:00,accepted_breakout,2.686973089674548,0.0,0.10434230344181739,0.7159487227825421,1,1,box_too_narrow_for_visible_structure,,,1540,8642,8645,2020-01-31 06:00:00+00:00,8645.0,2020-01-31 06:00:00+00:00,8645.0,2020-01-31 06:00:00+00:00,8645.0,2020-01-31 06:00:00+00:00
112,16,8693,8696,8706,4,3,1560.834,1576.93,1568.882,16.096000000000004,2.9178447646765977,0.6065084677544723,0.6065084677544723,0.5146565199344295,0.5146565199344295,2,2,0.9375,1.0,0.0,0.0,0.30057157057653855,2.040823581059222,0.8770211836173755,0.0,0.5912725297691984,0,0,0,0.7485503644797822,0,1,0.25,0.8125,0.25,0.666916020699891,0.6358031604724882,0.5722357174000718,0.666916020699891,0.6071142650102417,0.666916020699891,0.6194935693060882,0.25,0.9375,1.0,2,2,4,2.0,8700.0,1,8700.0,,4.0,1,1,10.0,0.2,0.5643313253555162,10,0.2666666666666667,0.07692307692307693,0.6119529298698851,0.875,0.7905202837495225,2020-02-12 06:00:00+00:00,2020-02-12 18:00:00+00:00,8696,2020-02-12 18:00:00+00:00,2020-02-14 10:00:00+00:00,accepted_breakout,2.7194729809004863,0.0,0.09350900636650461,0.6698015063875843,1,1,box_too_narrow_for_visible_structure,,,1557,8693,8699,2020-02-13 06:00:00+00:00,8696.0,2020-02-12 18:00:00+00:00,8696.0,2020-02-12 18:00:00+00:00,8696.0,2020-02-12 18:00:00+00:00
113,16,8760,8763,8766,4,3,1624.013,1660.245,1642.129,36.23199999999997,2.5896428309243444,0.646088454116446,0.646088454116446,0.5537249107453701,0.5537249107453701,2,2,1.0,1.0,0.0,0.0,0.18616140428350972,2.1075512849267453,0.48209154599759946,1.0,0.5104011484451807,0,1,-1,0.8342901302715898,0,1,0.8125,0.4375,0.4375,0.7170947170647355,0.6716519856164272,0.6132540855847354,0.7170947170647355,0.6380218298251565,0.7170947170647355,0.6202970067234571,0.25,1.0,1.0,1,1,2,2.0,8764.0,-1,,8764.0,1.0,-1,-1,3.0,0.2,0.345149146107849,3,0.5166666666666667,0.5833333333333334,0.550068686360703,0.35416666666666663,0.44147550492350907,2020-02-27 14:00:00+00:00,2020-02-28 02:00:00+00:00,8763,2020-02-28 02:00:00+00:00,2020-02-28 14:00:00+00:00,accepted_breakout,0.0,23.7735487167645,0.0,0.3704817121179591,1,0,box_too_narrow_for_visible_structure,,,1565,8760,8763,2020-02-28 02:00:00+00:00,8763.0,2020-02-28 02:00:00+00:00,8763.0,2020-02-28 02:00:00+00:00,8763.0,2020-02-28 02:00:00+00:00
114,8,9068,9076,9078,4,8,1694.127,1710.331,1702.2289999999998,16.20399999999995,1.6648898730636403,0.6788632481830471,0.6788632481830471,0.5903289602368983,0.5903289602368983,2,2,1.0,0.8457348047581041,1.0509999999999309,0.10798563666932709,0.3978030116020834,1.002591667573114,0.6622982054905264,0.0,0.4818616484551644,0,0,0,0.9708302476754638,0,1,0.5,0.625,0.5,0.7393698239078483,0.690485022633944,0.6594199055283256,0.7393698239078483,0.6727692264653735,0.7393698239078483,0.6640362760023284,0.25,1.0,0.8457348047581041,1,0,0,0.0,9077.0,1,9077.0,,1.0,1,0,2.0,0.0,0.4818616484551644,2,0.55,0.85,0.438760873025059,0.20833333333333331,0.3026068849229314,2020-05-11 21:00:00+00:00,2020-05-13 05:00:00+00:00,9076,2020-05-13 05:00:00+00:00,2020-05-13 13:00:00+00:00,accepted_breakout,5.444203936036319,1.851173491931061,0.0,0.5715696649029983,1,1,box_too_narrow_for_visible_structure,,,1633,9068,9076,2020-05-13 05:00:00+00:00,9076.0,2020-05-13 05:00:00+00:00,9076.0,2020-05-13 05:00:00+00:00,9076.0,2020-05-13 05:00:00+00:00
115,8,9155,9158,9161,5,3,1725.942,1744.282,1735.112,18.339999999999918,1.9235665227667913,0.6166434441546393,0.6166434441546393,0.5168344030495737,0.5168344030495737,3,2,0.875,0.8198997538272558,1.2019999999999982,0.12607017232092094,0.6953107960741554,0.5860899525202187,1.3374765702465725,1.0,0.6095894434342692,1,0,1,0.5344601962922504,0,1,0.875,0.625,0.625,0.6888252558997079,0.633485535291662,0.5909469977203295,0.6888252558997079,0.6065439448854357,0.6888252558997079,0.5838546584031955,0.25,0.875,0.8198997538272558,1,0,0,0.0,9160.0,1,9160.0,,2.0,1,0,,0.0,0.3487548534943334,3,0.4166666666666667,0.6666666666666666,0.48017304925002396,0.2708333333333333,0.398168262312506,2020-06-01 13:00:00+00:00,2020-06-02 01:00:00+00:00,9158,2020-06-02 01:00:00+00:00,2020-06-02 13:00:00+00:00,invalidated,0.3789835138903715,3.63075563924578,0.0,0.7039496411161862,1,1,box_too_narrow_for_visible_structure,,,1659,9155,9160,2020-06-02 09:00:00+00:00,9158.0,2020-06-02 01:00:00+00:00,9158.0,2020-06-02 01:00:00+00:00,9158.0,2020-06-02 01:00:00+00:00
116,5,9221,9224,9229,7,3,1716.442,1731.817,1724.1295,15.375,1.4706579416425338,0.5966815118598403,0.5966815118598403,0.5448845359647461,0.5448845359647461,2,2,1.0,0.8818007786740251,0.8650000000000091,0.08273945492818245,0.7300813008130023,0.39695807855718046,1.0736998630853534,0.0,0.5694871571154768,1,0,1,0.7421571815718151,0,1,0.4,0.4,0.4,0.7142680307146116,0.6168269577864645,0.5609454942647126,0.7142680307146116,0.5920613929561036,0.7142680307146116,0.6047620606781635,0.25,1.0,0.8818007786740251,1,1,2,2.0,9225.0,-1,,9225.0,1.0,-1,0,,0.2,0.5012987507436018,5,0.4166666666666667,0.5416666666666666,0.4847419118543334,0.39583333333333337,0.46806047796358335,2020-06-16 13:00:00+00:00,2020-06-17 01:00:00+00:00,9224,2020-06-17 01:00:00+00:00,2020-06-17 21:00:00+00:00,superseded,3.4576361069527506,3.6106288550479424,0.0,0.5966239813736908,1,1,box_too_narrow_for_visible_structure,,,1673,9221,9224,2020-06-17 01:00:00+00:00,9224.0,2020-06-17 01:00:00+00:00,9224.0,2020-06-17 01:00:00+00:00,9224.0,2020-06-17 01:00:00+00:00
119,12,9227,9230,9238,4,3,1711.132,1732.605,1721.8685,21.472999999999956,2.2117464554757422,0.6946380720553618,0.6946380720553618,0.6130103266599017,0.6130103266599017,2,2,1.0,0.9886698593534985,0.07699999999999818,0.00793109845255104,0.7316630186746167,0.5934933673194769,1.6182530881562653,0.0,0.6702964142582285,1,0,1,0.6352473649078705,0,1,0.16666666666666663,0.6666666666666667,0.16666666666666663,0.7694953260315304,0.7131439138433026,0.6671160043173047,0.7694953260315304,0.6843171143846813,0.7694953260315304,0.6610657356021926,0.25,1.0,0.9886698593534985,2,1,4,2.0,9231.0,1,9231.0,,1.0,1,1,8.0,0.0,0.6441619414168321,8,0.4166666666666667,0.5075757575757576,0.622741066254665,0.5833333333333333,0.575003448381848,2020-06-17 13:00:00+00:00,2020-06-18 01:00:00+00:00,9230,2020-06-18 01:00:00+00:00,2020-06-19 09:00:00+00:00,accepted_breakout,5.5399659258702565,0.0,0.0,0.6366897942240417,1,1,box_too_narrow_for_visible_structure,,,1677,9227,9230,2020-06-18 01:00:00+00:00,9230.0,2020-06-18 01:00:00+00:00,9230.0,2020-06-18 01:00:00+00:00,9230.0,2020-06-18 01:00:00+00:00
121,12,9304,9307,9310,4,3,1769.582,1787.025,1778.3035,17.442999999999984,2.6311724522052424,0.5900974584644179,0.5900974584644179,0.48973166175637295,0.48973166175637295,4,2,1.0,0.9528073670950211,0.21900000000005093,0.033034843033485216,0.8360373788912383,0.4314139318527395,2.199758520352503,0.0,0.7883473489653722,3,0,1,0.35074241816202734,0,1,0.9166666666666666,0.5,0.5,0.6512623459708753,0.614539848082149,0.5597794691844904,0.6512623459708753,0.5870520406214824,0.6512623459708753,0.5866215685741334,0.25,1.0,0.9528073670950211,0,0,0,,9310.0,1,9310.0,,3.0,1,1,3.0,1.0,0.7883473489653722,3,0.4166666666666667,0.5833333333333334,0.4587488873964278,0.1875,0.3803122218491069,2020-07-06 13:00:00+00:00,2020-07-07 01:00:00+00:00,9307,2020-07-07 01:00:00+00:00,2020-07-07 13:00:00+00:00,accepted_breakout,3.8169295940988732,0.9060599574162101,0.0,0.6948848697314923,1,1,box_too_narrow_for_visible_structure,,,1697,9304,9309,2020-07-07 09:00:00+00:00,9307.0,2020-07-07 01:00:00+00:00,9307.0,2020-07-07 01:00:00+00:00,9307.0,2020-07-07 01:00:00+00:00
122,12,9356,9362,9363,4,6,1794.854,1812.224,1803.539,17.36999999999989,2.9688323204109395,0.6743437866235995,0.6743437866235995,0.5531801668850982,0.5531801668850982,3,3,1.0,0.8649753866940608,0.5529999999998836,0.0945172293141574,0.894473229706398,0.31329128631622677,2.6555410340947123,0.0,0.7253111940365299,2,0,1,0.3948954135482563,0,1,1.0,0.41666666666666663,0.41666666666666663,0.715022648284671,0.6867700099726499,0.6573971411446258,0.715022648284671,0.662218210073,0.715022648284671,0.6227567481304482,0.5,1.0,0.8649753866940608,0,0,0,,9363.0,1,9363.0,,1.0,1,1,1.0,1.0,0.7083177475308853,1,0.55,0.8690476190476191,0.477147630690204,0.0625,0.25735238386302717,2020-07-17 05:00:00+00:00,2020-07-20 05:00:00+00:00,9362,2020-07-20 05:00:00+00:00,2020-07-20 09:00:00+00:00,accepted_breakout,2.764723337040453,0.27115037601336717,0.0,0.7011665926613633,1,1,box_too_narrow_for_visible_structure,,,1706,9356,9362,2020-07-20 05:00:00+00:00,9362.0,2020-07-20 05:00:00+00:00,9362.0,2020-07-20 05:00:00+00:00,9362.0,2020-07-20 05:00:00+00:00
123,12,9597,9600,9631,4,3,1935.76,1966.23,1950.995,30.470000000000027,2.6388771415240067,0.6324634345308227,0.6324634345308227,0.5661160771533591,0.5661160771533591,2,3,1.0,0.8658848130989648,1.08400000000006,0.09388063083072462,0.38437807679684866,1.6245506209618434,1.014326520562163,0.0,0.4851397464232015,0,2,-1,0.6097801115851678,0,1,0.25,0.9166666666666666,0.25,0.7130979564908254,0.6506305888023899,0.6043015014291058,0.7130979564908254,0.6332670442259997,0.7130979564908254,0.656471040667007,0.25,1.0,0.8658848130989648,5,5,10,2.0,9606.0,1,9606.0,9620.0,6.0,1,-1,31.0,0.6,0.41660330158444275,31,0.2666666666666667,0.029411764705882356,0.6156005497069219,1.0,0.8446844511522207,2020-09-11 13:00:00+00:00,2020-09-14 01:00:00+00:00,9600,2020-09-14 01:00:00+00:00,2020-09-21 05:00:00+00:00,accepted_breakout,2.762917562652892,20.442406791566498,0.0,0.3322574313567276,1,1,box_too_narrow_for_visible_structure,,,1752,9597,9601,2020-09-14 05:00:00+00:00,9600.0,2020-09-14 01:00:00+00:00,9600.0,2020-09-14 01:00:00+00:00,9600.0,2020-09-14 01:00:00+00:00
124,12,9656,9659,9664,4,3,1848.359,1876.808,1862.5835,28.44900000000007,2.184050011390166,0.687596873363908,0.687596873363908,0.5795281263566261,0.5795281263566261,2,3,1.0,1.0,0.0,0.0,0.48943723856725874,1.1150946049225732,1.0689554064675928,1.0,0.4324232745165695,0,0,0,0.988435445885619,0,1,0.6666666666666667,0.25,0.25,0.7172917781175399,0.7123351475665901,0.6620655382730739,0.7172917781175399,0.6857399988293575,0.7172917781175399,0.6798986224674598,0.25,1.0,1.0,2,1,4,2.0,9661.0,-1,9663.0,9661.0,2.0,-1,1,5.0,0.2,0.41739231544918065,5,0.3666666666666667,0.4583333333333333,0.5719326944981089,0.5625,0.5748581736245273,2020-09-25 09:00:00+00:00,2020-09-27 21:00:00+00:00,9659,2020-09-27 21:00:00+00:00,2020-09-28 17:00:00+00:00,accepted_breakout,4.674801376687014,0.04074998261751916,0.0,0.7342056364199452,1,1,box_too_narrow_for_visible_structure,,,1765,9656,9662,2020-09-28 09:00:00+00:00,9659.0,2020-09-27 21:00:00+00:00,9659.0,2020-09-27 21:00:00+00:00,9659.0,2020-09-27 21:00:00+00:00
126,16,9747,9750,9761,4,3,1889.212,1913.906,1901.559,24.69399999999996,2.5853406748005754,0.7164509454192514,0.7164509454192514,0.6504424145711687,0.6504424145711687,3,3,1.0,1.0,0.0,0.0,0.7568640155503396,0.6285893501053873,1.956751324695188,0.0,0.4825797329245983,1,0,1,0.8966010636861812,0,1,0.75,0.375,0.375,0.7840574208456623,0.7368867251644055,0.688467854365096,0.7840574208456623,0.7107688782586374,0.7840574208456623,0.71597529568183,0.5,1.0,1.0,2,1,2,1.0,9752.0,1,9752.0,,2.0,1,0,11.0,0.4,0.4825797329245983,11,0.2666666666666667,0.4047619047619048,0.6342293574101457,0.6875,0.6648966250668222,2020-10-16 13:00:00+00:00,2020-10-19 01:00:00+00:00,9750,2020-10-19 01:00:00+00:00,2020-10-20 21:00:00+00:00,accepted_breakout,3.402259549673678,1.9486793555315975,0.0,0.8679178968086588,1,0,box_not_visually_real,,,1789,9747,9751,2020-10-19 05:00:00+00:00,9750.0,2020-10-19 01:00:00+00:00,9750.0,2020-10-19 01:00:00+00:00,9750.0,2020-10-19 01:00:00+00:00
127,8,9855,9858,9863,7,3,1856.143,1884.321,1870.232,28.177999999999884,2.0540158287652,0.6772632881374587,0.6772632881374587,0.5768047648824141,0.5768047648824141,3,2,0.75,0.907840766937875,0.8849999999999909,0.0645114631434875,0.49222797927460954,1.0429717679740431,1.0110440607911568,2.0,0.4410948254231319,0,0,0,0.8890623890978754,0,1,0.5,0.625,0.5,0.659433875771244,0.704194353599773,0.6574938991277093,0.659433875771244,0.6900485389362871,0.659433875771244,0.7911614949206982,0.25,0.75,0.907840766937875,0,0,0,,,0,,,,0,0,,0.2,0.37553774996212974,5,0.4666666666666667,0.7916666666666666,0.4219261209163846,0.10416666666666667,0.29027319689576286,2020-11-11 14:00:00+00:00,2020-11-12 02:00:00+00:00,9858,2020-11-12 02:00:00+00:00,2020-11-12 22:00:00+00:00,superseded,0.0,0.0,1.0,1.0,1,1,edge_matches_chart_well,,,1804,9855,9861,2020-11-12 14:00:00+00:00,9858.0,2020-11-12 02:00:00+00:00,9858.0,2020-11-12 02:00:00+00:00,9858.0,2020-11-12 02:00:00+00:00
128,12,9859,9863,9866,4,4,1856.143,1884.321,1870.232,28.177999999999884,2.3315669442715885,0.6869436866837733,0.6869436866837733,0.5523439676544958,0.5523439676544958,3,2,0.8333333333333334,1.0,0.0,0.0,0.8096032365675339,0.44392279991543565,1.887644144356153,0.0,0.7443247017715444,3,0,1,0.47334800198736393,0,1,0.8333333333333334,0.33333333333333337,0.33333333333333337,0.7245391522252121,0.7033915965162417,0.6671121679378695,0.7245391522252121,0.6689809492656538,0.7245391522252121,0.6038972174200462,0.25,0.8333333333333334,1.0,0,0,0,,9866.0,1,9866.0,,3.0,1,1,3.0,0.8,0.5740316226624622,3,0.35,0.6071428571428571,0.5496986645631561,0.1875,0.4116210947122176,2020-11-12 06:00:00+00:00,2020-11-12 22:00:00+00:00,9863,2020-11-12 22:00:00+00:00,2020-11-13 10:00:00+00:00,accepted_breakout,5.322171868359901,2.7698110988692397,0.0,0.8256321603328536,1,1,box_not_visually_real,,,1805,9859,9864,2020-11-13 02:00:00+00:00,9863.0,2020-11-12 22:00:00+00:00,9863.0,2020-11-12 22:00:00+00:00,9863.0,2020-11-12 22:00:00+00:00
129,12,10033,10039,10042,4,6,1856.544,1881.302,1868.923,24.75799999999981,2.497362264653621,0.686703800509678,0.686703800509678,0.5807507347978362,0.5807507347978362,3,2,1.0,1.0,0.0,0.0,0.694926892317637,0.7618780670865438,1.7354841975670772,0.0,0.6462451579353424,2,0,1,0.44640116326035084,0,1,0.9166666666666666,0.5,0.5,0.7284085393040376,0.704377850864844,0.6651848400042413,0.7284085393040376,0.6802541109993137,0.7284085393040376,0.6621451732583982,0.25,1.0,1.0,1,0,2,2.0,10041.0,1,10041.0,,2.0,1,1,3.0,0.6,0.6097509932172162,3,0.4,0.7222222222222222,0.47614828243840623,0.2708333333333333,0.3893842928318238,2020-12-23 10:00:00+00:00,2020-12-24 10:00:00+00:00,10039,2020-12-24 10:00:00+00:00,2020-12-27 22:00:00+00:00,accepted_breakout,7.491103819731514,0.0,0.0,0.5695946256844401,1,1,box_too_narrow_for_visible_structure,,,1833,10033,10039,2020-12-24 10:00:00+00:00,10039.0,2020-12-24 10:00:00+00:00,10039.0,2020-12-24 10:00:00+00:00,10039.0,2020-12-24 10:00:00+00:00
131,12,10046,10049,10054,7,3,1868.811,1900.01,1884.4105,31.19900000000007,2.733276538074769,0.601168905400302,0.601168905400302,0.5387833477788558,0.5387833477788558,2,4,0.9166666666666666,1.0,0.0,0.0,0.2552325395044696,2.0356554260939603,0.6976211119808083,0.0,0.6408531399933054,0,2,-1,0.46807055781702256,0,1,0.5,0.8333333333333334,0.5,0.695258931003073,0.6260205724774991,0.565239100959013,0.695258931003073,0.6014835777745315,0.695258931003073,0.6248985419996338,0.25,0.9166666666666666,1.0,0,0,0,,,0,,,,0,0,,1.0,0.40233054838910454,5,0.4666666666666667,0.7916666666666666,0.3141134862676727,0.10416666666666667,0.26332003823358485,2020-12-28 14:00:00+00:00,2020-12-29 02:00:00+00:00,10049,2020-12-29 02:00:00+00:00,2020-12-29 22:00:00+00:00,superseded,1.3401497978613277,0.0,0.5532834007128908,1.133025857059849,1,1,edge_partially_matches_chart,,,1839,10046,10053,2020-12-29 18:00:00+00:00,10049.0,2020-12-29 02:00:00+00:00,10049.0,2020-12-29 02:00:00+00:00,10049.0,2020-12-29 02:00:00+00:00
132,16,10050,10054,10066,4,4,1868.811,1900.01,1884.4105,31.19900000000007,2.9834432037166723,0.6272135198609183,0.6272135198609183,0.5028513764682209,0.5028513764682209,2,3,0.9375,1.0,0.0,0.0,0.45350812526042766,1.63042746957816,1.3530157341385123,0.0,0.5412777567431727,0,0,0,0.7185700396380242,0,1,0.3125,0.5625,0.3125,0.6600924146021035,0.651274374655714,0.6017417786747004,0.6600924146021035,0.6218029138613843,0.6600924146021035,0.6029822626460927,0.25,0.9375,1.0,1,1,2,2.0,10064.0,1,10064.0,,10.0,1,1,12.0,0.2,0.5337483014466831,12,0.2,0.25,0.5493378454391016,0.75,0.7098344613597755,2020-12-29 06:00:00+00:00,2020-12-29 22:00:00+00:00,10054,2020-12-29 22:00:00+00:00,2021-01-03 22:00:00+00:00,accepted_breakout,11.732417079833924,0.9170611984808987,0.0,0.4915860460719144,1,1,box_too_narrow_for_visible_structure,,,1840,10050,10054,2020-12-29 22:00:00+00:00,10054.0,2020-12-29 22:00:00+00:00,10054.0,2020-12-29 22:00:00+00:00,10054.0,2020-12-29 22:00:00+00:00
134,12,10332,10335,10339,4,3,1687.038,1722.946,1704.992,35.9079999999999,2.7376395284358535,0.6939495195631475,0.6939495195631475,0.6284252778437255,0.6284252778437255,3,3,1.0,1.0,0.0,0.0,0.7137128216553414,0.7837510959207021,1.953888432515151,2.0,0.4742847095449398,0,0,0,0.9814897330214281,0,1,0.33333333333333337,0.75,0.33333333333333337,0.7747697425461445,0.7152688538168777,0.6631100431127347,0.7747697425461445,0.6883889964061183,0.7747697425461445,0.6851871881713664,0.5,1.0,1.0,1,0,2,2.0,10338.0,-1,,10338.0,3.0,-1,-1,4.0,0.4,0.32908942820952247,4,0.2166666666666667,0.5595238095238095,0.6049411163264384,0.3333333333333333,0.512663850510181,2021-03-05 10:00:00+00:00,2021-03-07 22:00:00+00:00,10335,2021-03-07 22:00:00+00:00,2021-03-08 14:00:00+00:00,accepted_breakout,3.3408342862529867,3.770766710801449,0.0,0.9682621005797456,0,1,box_not_visually_real,,,1897,10332,10336,2021-03-08 02:00:00+00:00,10335.0,2021-03-07 22:00:00+00:00,10335.0,2021-03-07 22:00:00+00:00,10335.0,2021-03-07 22:00:00+00:00
136,12,10407,10410,10428,4,3,1723.683,1742.442,1733.0625,18.759000000000015,2.296792705896561,0.6699703873948322,0.6699703873948322,0.5675475491999689,0.5675475491999689,3,2,1.0,1.0,0.0,0.0,0.3431952662721945,1.5085443216243568,0.7882483842722046,0.0,0.4985469696439169,0,0,0,0.887431810508741,0,1,0.5,0.75,0.5,0.7009758089860962,0.6963209061888954,0.6428750841532167,0.7009758089860962,0.6722295780389611,0.7009758089860962,0.6827559095105808,0.25,1.0,1.0,3,3,6,2.0,10416.0,1,10416.0,10420.0,6.0,1,-1,18.0,0.4,0.354084240747864,18,0.2666666666666667,0.047619047619047616,0.6813860180968152,1.0,0.8574893616670609,2021-03-23 21:00:00+00:00,2021-03-24 09:00:00+00:00,10410,2021-03-24 09:00:00+00:00,2021-03-29 09:00:00+00:00,accepted_breakout,1.2896244368922105,7.874023612827738,0.0,0.4712606139777922,1,1,box_too_narrow_for_visible_structure,,,1916,10407,10411,2021-03-24 13:00:00+00:00,10410.0,2021-03-24 09:00:00+00:00,10410.0,2021-03-24 09:00:00+00:00,10410.0,2021-03-24 09:00:00+00:00
137,12,10458,10461,10464,4,3,1721.181,1737.39,1729.2855,16.20900000000006,2.311469626169565,0.6839811455090217,0.6839811455090217,0.5934663831913481,0.5934663831913481,2,3,0.9166666666666666,1.0,0.0,0.0,0.8032574495650524,0.4547644295055152,1.8567051966640498,1.0,0.3617111558008068,1,1,0,0.9901495054187901,0,1,0.25,0.75,0.25,0.7348843560683678,0.7078548407646242,0.65578272780482,0.7348843560683678,0.6813097998105574,0.7348843560683678,0.6792738619138982,0.25,0.9166666666666666,1.0,1,1,2,2.0,10462.0,1,10462.0,,1.0,1,1,3.0,0.4,0.3617111558008068,3,0.5166666666666667,0.5833333333333334,0.5535635334289299,0.35416666666666663,0.44234921669056576,2021-04-05 09:00:00+00:00,2021-04-05 21:00:00+00:00,10461,2021-04-05 21:00:00+00:00,2021-04-06 09:00:00+00:00,accepted_breakout,3.4298525536490443,0.0,0.0,0.6715416166052159,0,1,box_too_narrow_for_visible_structure,,,1929,10458,10463,2021-04-06 05:00:00+00:00,10461.0,2021-04-05 21:00:00+00:00,10461.0,2021-04-05 21:00:00+00:00,10461.0,2021-04-05 21:00:00+00:00
138,8,10502,10505,10507,4,3,1731.625,1749.265,1740.4450000000002,17.6400000000001,2.2027475533202803,0.6778122243043009,0.6778122243043009,0.563982253746702,0.563982253746702,3,2,0.875,1.0,0.0,0.0,0.9186507936507843,0.17919176525028144,2.0235557880699986,0.0,0.43927547871000466,1,1,0,0.8202947845805086,0,1,1.0,0.75,0.75,0.7068201223953938,0.7039661366559234,0.6512016742343631,0.7068201223953938,0.6747053991104617,0.7068201223953938,0.6631913737717354,0.25,0.875,1.0,1,0,2,2.0,10506.0,1,10506.0,,1.0,1,1,2.0,0.4,0.2314854182413755,2,0.6166666666666667,0.7833333333333333,0.49113829102815126,0.20833333333333331,0.3157012394237045,2021-04-14 17:00:00+00:00,2021-04-15 05:00:00+00:00,10505,2021-04-15 05:00:00+00:00,2021-04-15 13:00:00+00:00,accepted_breakout,9.197604132830095,0.0,0.0,0.4654353562005292,1,1,box_too_narrow_for_visible_structure,,,1944,10502,10505,2021-04-15 05:00:00+00:00,10505.0,2021-04-15 05:00:00+00:00,10505.0,2021-04-15 05:00:00+00:00,10505.0,2021-04-15 05:00:00+00:00
139,8,10519,10524,10525,4,5,1763.555,1789.99,1776.7725,26.434999999999945,2.9302561485032967,0.6013859423205248,0.6013859423205248,0.45141862538404154,0.45141862538404154,2,3,1.0,0.7822636545601318,1.375,0.15241544180790775,0.21373179496878666,2.303967242165364,0.6262889063379331,2.0,0.6632790229693988,0,2,-1,0.4777756761868672,0,1,0.25,1.0,0.25,0.5970098130380691,0.6192530905875194,0.5870777184614423,0.5970098130380691,0.601243214421004,0.5970098130380691,0.5935544540070963,0.25,1.0,0.7822636545601318,0,0,0,,10525.0,1,10525.0,,1.0,1,1,1.0,1.0,0.6632790229693988,1,0.65,0.8611111111111112,0.35123279195449425,0.0625,0.2074609757664013,2021-04-19 13:00:00+00:00,2021-04-20 09:00:00+00:00,10524,2021-04-20 09:00:00+00:00,2021-05-20 09:00:00+00:00,accepted_breakout,32.02279775026789,0.0,0.0,0.21979712313960215,1,1,box_too_narrow_for_visible_structure,,,1948,10519,10524,2021-04-20 09:00:00+00:00,10524.0,2021-04-20 09:00:00+00:00,10524.0,2021-04-20 09:00:00+00:00,10524.0,2021-04-20 09:00:00+00:00
141,12,10537,10540,10544,4,3,1869.965,1889.295,1879.63,19.330000000000155,1.7354528171693295,0.6688570420150994,0.6688570420150994,0.6343429778614946,0.6343429778614946,2,2,1.0,1.0,0.0,0.0,0.44490429384376967,0.9633424070474282,0.7721104101219012,2.0,0.41132517719174705,0,0,0,0.8673909294705946,0,1,0.33333333333333337,0.33333333333333337,0.33333333333333337,0.7562074168261016,0.6930693771832367,0.6345426205041038,0.7562074168261016,0.669998938483312,0.7562074168261016,0.7314131100078173,0.25,1.0,1.0,0,0,0,,10544.0,1,10544.0,,4.0,1,1,4.0,0.0,0.37331837454894273,4,0.2666666666666667,0.4761904761904762,0.5773306699684607,0.25,0.4832612389206866,2021-05-24 09:00:00+00:00,2021-05-24 21:00:00+00:00,10540,2021-05-24 21:00:00+00:00,2021-05-25 13:00:00+00:00,accepted_breakout,6.234684050729926,1.4924058864502319,0.0,0.701378809869383,0,1,box_too_narrow_for_visible_structure,,,1955,10537,10540,2021-05-24 21:00:00+00:00,10540.0,2021-05-24 21:00:00+00:00,10540.0,2021-05-24 21:00:00+00:00,10540.0,2021-05-24 21:00:00+00:00
142,12,10603,10607,10622,4,4,1881.415,1903.66,1892.5375,22.24500000000012,2.8011711901629424,0.6987260112192815,0.6987260112192815,0.6104755912216048,0.6104755912216048,2,2,1.0,1.0,0.0,0.0,0.5583277140930549,1.2371996827759446,1.5639715073869975,0.0,0.49307026043417046,0,0,0,0.8971304412976704,0,1,0.6666666666666667,0.16666666666666663,0.16666666666666663,0.703037763864627,0.722164529729888,0.6783477752471166,0.703037763864627,0.7163181507054757,0.703037763864627,0.7805661435733688,0.25,1.0,1.0,1,1,2,2.0,10614.0,-1,,10614.0,7.0,-1,-1,15.0,0.2,0.4925682800214103,15,0.2,0.23684210526315788,0.6343901557378957,0.75,0.7337291178818424,2021-06-08 09:00:00+00:00,2021-06-09 01:00:00+00:00,10607,2021-06-09 01:00:00+00:00,2021-06-11 13:00:00+00:00,accepted_breakout,0.0,4.387450521824431,0.0,0.6441291443463172,1,1,box_too_narrow_for_visible_structure,,,1968,10603,10608,2021-06-09 05:00:00+00:00,10607.0,2021-06-09 01:00:00+00:00,10607.0,2021-06-09 01:00:00+00:00,10607.0,2021-06-09 01:00:00+00:00
143,8,10636,10639,10641,4,3,1851.485,1869.015,1860.25,17.5300000000002,1.9722152812623122,0.6885703647252821,0.6885703647252821,0.5579612946036459,0.5579612946036459,3,5,0.875,1.0,0.0,0.0,0.354249857387334,1.2735582991380172,0.698656982124295,1.0,0.5641564993789447,0,2,-1,0.8760220574253678,0,1,0.375,1.0,0.375,0.7187282703015266,0.7112471825817303,0.6646965728336665,0.7187282703015266,0.6758166505708659,0.7187282703015266,0.6271957420235362,0.5,0.875,1.0,0,0,0,,10641.0,-1,,10641.0,2.0,-1,-1,2.0,0.8,0.44488366288546116,2,0.4666666666666667,0.7000000000000001,0.5603619130632651,0.125,0.350507144932483,2021-06-15 21:00:00+00:00,2021-06-16 09:00:00+00:00,10639,2021-06-16 09:00:00+00:00,2021-06-16 17:00:00+00:00,accepted_breakout,0.5121144783715207,24.723467292470858,0.0,0.2685355392156885,1,1,box_too_narrow_for_visible_structure,,,1973,10636,10640,2021-06-16 13:00:00+00:00,10639.0,2021-06-16 09:00:00+00:00,10639.0,2021-06-16 09:00:00+00:00,10639.0,2021-06-16 09:00:00+00:00
144,8,10664,10667,10692,4,3,1772.225,1789.995,1781.11,17.769999999999982,1.6755812770290024,0.6444705771436439,0.6444705771436439,0.5785107705779362,0.5785107705779362,2,2,0.875,1.0,0.0,0.0,0.5464265616207117,0.7599991611060035,0.915582115922999,1.0,0.46485718058769343,0,0,0,0.8373663477771595,0,1,0.375,0.625,0.375,0.7238742042055871,0.6704077195688654,0.609978797176547,0.7238742042055871,0.6452169017842846,0.7238742042055871,0.6653114754305978,0.25,0.875,1.0,3,3,6,2.0,10670.0,1,10670.0,10685.0,3.0,1,-1,25.0,0.4,0.385348251860748,25,0.3166666666666667,0.11904761904761905,0.6491502455825005,0.875,0.781394704252768,2021-06-22 13:00:00+00:00,2021-06-23 01:00:00+00:00,10667,2021-06-23 01:00:00+00:00,2021-06-29 05:00:00+00:00,accepted_breakout,2.9064540567290096,12.876128598342161,0.0,0.4018998077575487,1,1,box_too_narrow_for_visible_structure,,,1977,10664,10669,2021-06-23 09:00:00+00:00,10667.0,2021-06-23 01:00:00+00:00,10667.0,2021-06-23 01:00:00+00:00,10667.0,2021-06-23 01:00:00+00:00
145,8,10796,10799,10821,5,3,1792.625,1808.42,1800.5225,15.795000000000073,2.072477250430956,0.6342783532055889,0.6342783532055889,0.5215219673012602,0.5215219673012602,4,2,0.875,0.9090895431231155,0.48500000000012733,0.06363731981381912,0.6745805634694475,0.6744243790576304,1.3980528713733256,1.0,0.6299772498639894,3,0,1,0.3634061411839322,0,1,1.0,0.5,0.5,0.6945800875632446,0.6531549677135647,0.6087737195216645,0.6945800875632446,0.6217197993274846,0.6945800875632446,0.5847416221669645,0.25,0.875,0.9090895431231155,2,2,4,2.0,10800.0,1,10800.0,,1.0,1,0,,0.6,0.5746198548773239,22,0.4166666666666667,0.29,0.642143060980312,0.7916666666666667,0.696285765245078,2021-07-22 13:00:00+00:00,2021-07-23 01:00:00+00:00,10799,2021-07-23 01:00:00+00:00,2021-07-28 17:00:00+00:00,invalidated,4.354691950477711,1.717751063013922,0.0,0.5565539112050789,1,1,box_too_narrow_for_visible_structure,,,2007,10796,10799,2021-07-23 01:00:00+00:00,10799.0,2021-07-23 01:00:00+00:00,10799.0,2021-07-23 01:00:00+00:00,10799.0,2021-07-23 01:00:00+00:00
147,8,10840,10843,10849,4,3,1805.72,1819.42,1812.5700000000002,13.700000000000045,2.0604337030484086,0.6492729212144094,0.6492729212144094,0.5313556768013946,0.5313556768013946,2,4,0.875,1.0,0.0,0.0,0.5072992700729944,1.015177189458154,1.0452565135902545,1.0,0.481651659651553,0,1,-1,0.8729927007299269,0,1,0.5,1.0,0.5,0.672051602163626,0.6770986968089286,0.6222546807631386,0.672051602163626,0.6499570641728424,0.672051602163626,0.6510785657200774,0.25,0.875,1.0,0,0,0,,10849.0,1,10849.0,,6.0,1,1,6.0,0.0,0.43948332356545666,6,0.2666666666666667,0.4444444444444444,0.639826994175976,0.375,0.5489845263217717,2021-08-02 21:00:00+00:00,2021-08-03 09:00:00+00:00,10843,2021-08-03 09:00:00+00:00,2021-08-04 09:00:00+00:00,accepted_breakout,5.93079019330763,0.1577337817369268,0.0,0.5352607931236582,1,1,box_too_narrow_for_visible_structure,,,2017,10840,10845,2021-08-03 17:00:00+00:00,10843.0,2021-08-03 09:00:00+00:00,10843.0,2021-08-03 09:00:00+00:00,10843.0,2021-08-03 09:00:00+00:00
148,12,10915,10919,10927,4,4,1774.36,1793.71,1784.0349999999999,19.350000000000136,2.4678283133216015,0.7450252487535836,0.7450252487535836,0.6685738632973804,0.6685738632973804,2,2,1.0,1.0,0.0,0.0,0.5932816537467668,1.0037110504310678,1.464117262890534,0.0,0.4076497806622223,0,1,-1,0.8062015503875943,0,1,0.75,0.5833333333333333,0.5833333333333333,0.7749517903376864,0.7621879414222551,0.7258203402584431,0.7749517903376864,0.7494465192103481,0.7749517903376864,0.771216032690344,0.25,1.0,1.0,0,0,0,,10927.0,1,10927.0,,8.0,1,1,8.0,0.2,0.31488385446921147,8,0.2,0.4444444444444444,0.6984945551304613,0.41666666666666663,0.5915680832270598,2021-08-19 09:00:00+00:00,2021-08-20 01:00:00+00:00,10919,2021-08-20 01:00:00+00:00,2021-08-23 09:00:00+00:00,accepted_breakout,5.103677566227305,0.0,0.0,0.6057285960244181,1,1,box_too_narrow_for_visible_structure,,,2032,10915,10920,2021-08-20 05:00:00+00:00,10919.0,2021-08-20 01:00:00+00:00,10919.0,2021-08-20 01:00:00+00:00,10919.0,2021-08-20 01:00:00+00:00
149,8,11109,11112,11123,7,3,1747.6,1770.475,1759.0375,22.875,2.5404000925434356,0.7271450678427429,0.7271450678427429,0.6389583383244836,0.6389583383244836,3,3,0.75,1.0,0.0,0.0,0.35344262295082124,1.6425144204903748,0.897885672053061,0.0,0.35995227089491705,1,0,1,0.9001092896174796,0,1,0.75,0.5,0.5,0.746365272406155,0.756952026747303,0.7091428542339278,0.746365272406155,0.7098595746270171,0.746365272406155,0.7601555653498148,0.5,0.75,1.0,1,1,2,2.0,11118.0,-1,,11118.0,6.0,-1,0,,0.4,0.2872120827734507,11,0.16666666666666669,0.2380952380952381,0.7678717770749803,0.7291666666666666,0.7662238966496975,2021-10-04 17:00:00+00:00,2021-10-05 05:00:00+00:00,11112,2021-10-05 05:00:00+00:00,2021-10-07 01:00:00+00:00,superseded,0.0,0.704613421033151,0.7651288596556163,0.9274275288870883,1,1,edge_partially_matches_chart,,,2059,11109,11115,2021-10-05 17:00:00+00:00,11112.0,2021-10-05 05:00:00+00:00,11112.0,2021-10-05 05:00:00+00:00,11112.0,2021-10-05 05:00:00+00:00
150,8,11119,11123,11131,4,4,1745.81,1764.965,1755.3874999999998,19.154999999999973,2.434410021093988,0.6907849179589746,0.6907849179589746,0.5791540876879564,0.5791540876879564,3,2,0.875,1.0,0.0,0.0,0.6875489428347737,0.7606339846644372,1.6737760364295509,0.0,0.6573886530139268,2,0,1,0.37414078134515916,0,1,0.875,0.5,0.5,0.7337787340415882,0.7076688719536405,0.6697233860302371,0.7337787340415882,0.680715635092665,0.7337787340415882,0.6487936594955698,0.25,0.875,1.0,1,1,2,2.0,11124.0,1,11124.0,,1.0,1,1,8.0,0.4,0.6459619252766418,8,0.35,0.5277777777777778,0.5299211497896177,0.4583333333333333,0.5173413985585156,2021-10-06 09:00:00+00:00,2021-10-07 01:00:00+00:00,11123,2021-10-07 01:00:00+00:00,2021-10-08 09:00:00+00:00,accepted_breakout,6.677182503831196,0.0,0.0,0.5409488844959031,1,1,box_too_narrow_for_visible_structure,,,2062,11119,11123,2021-10-07 01:00:00+00:00,11123.0,2021-10-07 01:00:00+00:00,11123.0,2021-10-07 01:00:00+00:00,11123.0,2021-10-07 01:00:00+00:00
151,8,11180,11183,11190,4,3,1766.755,1789.33,1778.0425,22.574999999999818,2.918092766513323,0.5903393019809567,0.5903393019809567,0.4919520194638453,0.4919520194638453,2,2,1.0,0.817186404755688,0.9900000000000091,0.12796951667101836,0.7882613510520482,0.6178730198863219,2.300219746627001,1.0,0.6920637863943154,2,0,1,0.5272794389073441,0,1,1.0,0.25,0.25,0.6287987229202533,0.6131082414834942,0.5650598854485378,0.6287987229202533,0.5987232614864545,0.6287987229202533,0.6372800535682084,0.25,1.0,0.817186404755688,0,0,0,,11190.0,1,11190.0,,7.0,1,1,7.0,1.0,0.6236535726242954,7,0.2666666666666667,0.43333333333333335,0.6119052372089764,0.39583333333333337,0.5515179759689108,2021-10-20 13:00:00+00:00,2021-10-21 01:00:00+00:00,11183,2021-10-21 01:00:00+00:00,2021-10-22 05:00:00+00:00,accepted_breakout,8.36505277697745,2.2497571274418404,0.0,0.5585106382978668,1,1,box_too_narrow_for_visible_structure,,,2079,11180,11183,2021-10-21 01:00:00+00:00,11183.0,2021-10-21 01:00:00+00:00,11183.0,2021-10-21 01:00:00+00:00,11183.0,2021-10-21 01:00:00+00:00
154,12,11379,11382,11387,4,3,1766.105,1787.635,1776.87,21.529999999999973,2.652547259180724,0.6272791249904763,0.6272791249904763,0.5329727386101252,0.5329727386101252,3,2,0.9166666666666666,0.9867997449115072,0.07500000000004547,0.00924017856194497,0.6971667440780311,0.8032795229845934,1.849267736196131,0.0,0.6301377073738285,0,0,0,0.6759560303452532,0,1,0.5,0.16666666666666663,0.16666666666666663,0.6654605937927476,0.654538334977313,0.5982723535931702,0.6654605937927476,0.6347602881295531,0.6654605937927476,0.668180063506799,0.25,0.9166666666666666,0.9867997449115072,1,1,2,2.0,11384.0,1,11384.0,,2.0,1,1,5.0,0.0,0.6061756362815038,5,0.3666666666666667,0.4583333333333333,0.48797168092678384,0.4375,0.510117920231696,2021-12-06 18:00:00+00:00,2021-12-07 06:00:00+00:00,11382,2021-12-07 06:00:00+00:00,2021-12-08 02:00:00+00:00,accepted_breakout,2.0301240557965485,2.2525517610741344,0.0,1.0281757402101201,1,0,box_not_visually_real,,,2123,11379,11382,2021-12-07 06:00:00+00:00,11382.0,2021-12-07 06:00:00+00:00,11382.0,2021-12-07 06:00:00+00:00,11382.0,2021-12-07 06:00:00+00:00
155,12,11548,11551,11556,4,3,1812.205,1829.035,1820.62,16.830000000000155,2.7535390093244345,0.664231702767496,0.664231702767496,0.6661445139183831,0.6661445139183831,2,2,1.0,1.0,0.0,0.0,0.5175282234105738,1.3285048577370486,1.4250341515873859,0.0,0.45464377796347627,0,0,0,0.998019409784113,0,1,0.41666666666666663,0.75,0.41666666666666663,0.7524615061758085,0.6902318109463774,0.6282748433519058,0.7524615061758085,0.6546235943565322,0.7524615061758085,0.8088119424294334,0.25,1.0,1.0,0,0,0,,11556.0,-1,,11556.0,5.0,-1,-1,5.0,0.2,0.39995165029767404,5,0.2666666666666667,0.4583333333333333,0.6018835238478653,0.3125,0.5148458809619664,2022-01-16 22:00:00+00:00,2022-01-17 10:00:00+00:00,11551,2022-01-17 10:00:00+00:00,2022-01-18 06:00:00+00:00,accepted_breakout,0.8534471427650832,2.3642301699576005,0.0,0.8018103858980538,1,1,box_not_visually_real,,,2156,11548,11551,2022-01-17 10:00:00+00:00,11551.0,2022-01-17 10:00:00+00:00,11551.0,2022-01-17 10:00:00+00:00,11551.0,2022-01-17 10:00:00+00:00
156,5,11570,11573,11574,4,3,1835.825,1847.8,1841.8125,11.974999999999909,1.810157291713615,0.6521012309325402,0.6521012309325402,0.5625691973677192,0.5625691973677192,2,2,1.0,1.0,0.0,0.0,0.45260960334028283,0.9908627179275952,0.8192945737860199,2.0,0.5195762454545426,0,2,-1,0.6257480862908764,0,1,0.4,0.8,0.4,0.7258198951478982,0.6763606859356123,0.6199283024555026,0.7258198951478982,0.6435425894856557,0.7258198951478982,0.625134970646049,0.25,1.0,1.0,0,0,0,,11574.0,-1,,11574.0,1.0,-1,-1,1.0,0.2,0.18033028098727058,1,0.7166666666666667,0.8333333333333334,0.4666969150731311,0.0625,0.22854922876828276,2022-01-20 14:00:00+00:00,2022-01-21 02:00:00+00:00,11573,2022-01-21 02:00:00+00:00,2022-01-21 06:00:00+00:00,accepted_breakout,0.0,4.118426632937934,0.0,0.6163149768399315,1,1,box_too_narrow_for_visible_structure,,,2160,11570,11573,2022-01-21 02:00:00+00:00,11573.0,2022-01-21 02:00:00+00:00,11573.0,2022-01-21 02:00:00+00:00,11573.0,2022-01-21 02:00:00+00:00
157,12,11577,11580,11586,7,3,1828.37,1847.8,1838.085,19.430000000000064,2.663711498697162,0.6574705025583849,0.6574705025583849,0.5915829841098875,0.5915829841098875,2,2,0.9166666666666666,1.0,0.0,0.0,0.6523417395779795,0.9260613059031886,1.7376501927939734,0.0,0.4863185845489931,0,0,0,0.9452736318407913,0,1,0.16666666666666663,0.75,0.16666666666666663,0.7199258183855876,0.6836785797092414,0.6254628672193131,0.7199258183855876,0.6642324774737329,0.7199258183855876,0.7028794935115559,0.25,0.9166666666666666,1.0,0,0,0,,,0,,,,0,0,,0.4,0.3723350433309169,6,0.4666666666666667,0.7777777777777777,0.41082471178900737,0.125,0.297567289058363,2022-01-21 18:00:00+00:00,2022-01-24 06:00:00+00:00,11580,2022-01-24 06:00:00+00:00,2022-01-25 06:00:00+00:00,superseded,1.8564322759497667,0.026279122207641913,0.3724295339475304,0.7994239868339927,0,1,box_too_narrow_for_visible_structure,,,2163,11577,11580,2022-01-24 06:00:00+00:00,11580.0,2022-01-24 06:00:00+00:00,11580.0,2022-01-24 06:00:00+00:00,11580.0,2022-01-24 06:00:00+00:00
158,12,11582,11586,11588,4,4,1828.44,1844.235,1836.3375,15.794999999999845,2.2621420319963526,0.6823812822807408,0.6823812822807408,0.5369231586990392,0.5369231586990392,7,2,1.0,0.9856781131243959,0.07000000000016371,0.010025320812922858,0.6036720481164892,0.8965501184107176,1.365591913585635,0.0,0.5569470051666716,3,0,1,0.5531286272026978,0,1,1.0,0.6666666666666667,0.6666666666666667,0.6896874394128903,0.7003308030043097,0.666134699731799,0.6896874394128903,0.6727535865002661,0.6896874394128903,0.6308369270291126,0.25,1.0,0.9856781131243959,0,0,0,,11588.0,1,11588.0,,2.0,1,1,2.0,0.6,0.5136094674556154,2,0.5,0.7222222222222222,0.43249405367591515,0.125,0.30742906897453437,2022-01-24 14:00:00+00:00,2022-01-25 06:00:00+00:00,11586,2022-01-25 06:00:00+00:00,2022-01-25 14:00:00+00:00,accepted_breakout,4.192928589735616,0.48405448663790746,0.0,0.653090758734748,1,1,box_too_narrow_for_visible_structure,,,2166,11582,11587,2022-01-25 10:00:00+00:00,11586.0,2022-01-25 06:00:00+00:00,11586.0,2022-01-25 06:00:00+00:00,11586.0,2022-01-25 06:00:00+00:00
159,16,11752,11755,11756,4,3,1912.595,1950.775,1931.685,38.180000000000064,2.787318871997567,0.6319877773929692,0.6319877773929692,0.5663766403961725,0.5663766403961725,2,2,1.0,1.0,0.0,0.0,0.8965426925091661,0.2883685056152566,2.4989503663823105,1.0,0.6297871925902497,2,0,1,0.4262266457132926,0,1,1.0,0.3125,0.3125,0.7178694574907558,0.6564088592159715,0.5977329998460015,0.7178694574907558,0.6313130269904251,0.7178694574907558,0.6482814168281793,0.25,1.0,1.0,0,0,0,,11756.0,1,11756.0,,1.0,1,1,1.0,0.6,0.5917463554539285,1,0.7166666666666667,0.8333333333333334,0.42872072974405767,0.0625,0.2190551824360144,2022-03-03 22:00:00+00:00,2022-03-04 10:00:00+00:00,11755,2022-03-04 10:00:00+00:00,2022-03-04 14:00:00+00:00,accepted_breakout,18.01013888447695,3.7706485991205834,0.0,0.4903043534095302,1,0,box_too_narrow_for_visible_structure,,,2201,11752,11755,2022-03-04 10:00:00+00:00,11755.0,2022-03-04 10:00:00+00:00,11755.0,2022-03-04 10:00:00+00:00,11755.0,2022-03-04 10:00:00+00:00
160,8,11781,11784,11785,4,3,1970.765,2009.075,1989.92,38.309999999999945,1.8964134217066064,0.6663041202808955,0.6663041202808955,0.6040618036980845,0.6040618036980845,3,2,1.0,0.9664095023563076,0.4750000000001364,0.023513348350584655,0.48890629078569087,0.9692449699038294,0.9271684518027772,1.0,0.41367370280635557,0,0,0,0.9226485686939808,0,1,0.625,0.25,0.25,0.7192458112209161,0.6905156493359169,0.637495765324274,0.7192458112209161,0.6778227198035447,0.7192458112209161,0.7330907696973411,0.25,1.0,0.9664095023563076,0,0,0,,11785.0,-1,,11785.0,1.0,-1,-1,1.0,0.4,0.27209509094125933,1,0.7166666666666667,0.8333333333333334,0.4332846323794756,0.0625,0.2201961580948689,2022-03-10 18:00:00+00:00,2022-03-11 06:00:00+00:00,11784,2022-03-11 06:00:00+00:00,2022-03-11 10:00:00+00:00,accepted_breakout,0.0,6.517566190223019,0.0,0.7560686796921233,1,0,box_too_narrow_for_visible_structure,,,2207,11781,11784,2022-03-11 06:00:00+00:00,11784.0,2022-03-11 06:00:00+00:00,11784.0,2022-03-11 06:00:00+00:00,11784.0,2022-03-11 06:00:00+00:00
161,12,11786,11789,11793,4,3,1958.405,2009.075,1983.74,50.67000000000007,2.574161639828296,0.6623284053515868,0.6623284053515868,0.6224130431847092,0.6224130431847092,3,2,0.9166666666666666,1.0,0.0,0.0,0.37477797513321454,1.609422552787852,0.9647390870404439,1.0,0.4891217893372687,0,0,0,0.882047233734621,0,1,0.33333333333333337,0.75,0.33333333333333337,0.716860314419582,0.6888480353835601,0.6313268106738499,0.716860314419582,0.677109548145114,0.716860314419582,0.7804145165265016,0.25,0.9166666666666666,1.0,1,1,2,2.0,11791.0,-1,,11791.0,2.0,-1,-1,4.0,0.4,0.30292482160015144,4,0.3666666666666667,0.4761904761904762,0.5030458384945585,0.41666666666666663,0.5030233643855444,2022-03-11 14:00:00+00:00,2022-03-14 01:00:00+00:00,11789,2022-03-14 01:00:00+00:00,2022-03-14 17:00:00+00:00,accepted_breakout,5.555206704484108,8.71351653018037,0.0,0.8617346938775496,0,1,box_not_visually_real,,,2211,11786,11790,2022-03-14 05:00:00+00:00,11789.0,2022-03-14 01:00:00+00:00,11789.0,2022-03-14 01:00:00+00:00,11789.0,2022-03-14 01:00:00+00:00
162,8,11880,11885,11906,4,5,1915.375,1936.775,1926.075,21.40000000000009,2.1532910172643405,0.7413890567411956,0.7413890567411956,0.629065761453734,0.629065761453734,2,2,1.0,1.0,0.0,0.0,0.6135514018691614,0.8321362949895319,1.3211547222748088,0.0,0.5955650420706348,2,0,1,0.549221183800624,0,1,0.625,0.375,0.375,0.769535610916595,0.7567067788300182,0.7240187215185208,0.769535610916595,0.7314440450166972,0.769535610916595,0.6957692243864082,0.25,1.0,1.0,4,3,8,2.0,11888.0,1,11888.0,11892.0,3.0,1,1,21.0,0.8,0.6045298497685399,21,0.25,0.14743589743589744,0.7410175033200654,0.875,0.8120171963428369,2022-04-04 05:00:00+00:00,2022-04-05 01:00:00+00:00,11885,2022-04-05 01:00:00+00:00,2022-04-08 13:00:00+00:00,accepted_breakout,6.055846560195425,0.218270543197241,0.0,0.6130048696648537,1,1,box_too_narrow_for_visible_structure,,,2230,11880,11886,2022-04-05 05:00:00+00:00,11885.0,2022-04-05 01:00:00+00:00,11885.0,2022-04-05 01:00:00+00:00,11885.0,2022-04-05 01:00:00+00:00
163,8,11896,11899,11906,4,3,1914.905,1933.965,1924.435,19.059999999999945,1.9151539209778552,0.6505339722120242,0.6505339722120242,0.5722882210588641,0.5722882210588641,2,2,1.0,0.9081323257813231,0.6399999999998727,0.06430737195307382,0.6636935991605524,0.6440785222176185,1.2710753987602368,0.0,0.4585962592310806,1,0,1,0.9324938789786534,0,1,1.0,0.5,0.5,0.7536087298077859,0.6689014487983095,0.6186133306642227,0.7536087298077859,0.6348049173002627,0.7536087298077859,0.5989950275762486,0.25,1.0,0.9081323257813231,3,2,6,2.0,11900.0,1,11900.0,,1.0,1,1,7.0,0.0,0.4585962592310806,7,0.4166666666666667,0.35000000000000003,0.6952219078803568,0.6875,0.6610971436367559,2022-04-06 21:00:00+00:00,2022-04-07 09:00:00+00:00,11899,2022-04-07 09:00:00+00:00,2022-04-08 13:00:00+00:00,accepted_breakout,8.276097198447273,0.26107562140211993,0.0,0.5539087474571317,1,1,box_too_narrow_for_visible_structure,,,2235,11896,11899,2022-04-07 09:00:00+00:00,11899.0,2022-04-07 09:00:00+00:00,11899.0,2022-04-07 09:00:00+00:00,11899.0,2022-04-07 09:00:00+00:00
165,12,11954,11958,11960,4,4,1936.535,1958.155,1947.345,21.61999999999989,2.2014852150537805,0.7249690889826936,0.7249690889826936,0.5437529819549639,0.5437529819549639,3,2,0.9166666666666666,1.0,0.0,0.0,0.33163737280295474,1.4713904420687967,0.7300947729849835,2.0,0.40868427065424834,1,0,1,0.8797409805735465,0,1,0.41666666666666663,0.6666666666666667,0.41666666666666663,0.7147914722709205,0.7433645444816119,0.7111453250374861,0.7147914722709205,0.7020424616721277,0.7147914722709205,0.6011925693224422,0.25,0.9166666666666666,1.0,1,0,0,0.0,11959.0,-1,,11959.0,1.0,-1,0,2.0,0.0,0.30867718929521115,2,0.55,0.8055555555555555,0.49138104838709357,0.20833333333333331,0.324650817652329,2022-04-21 13:00:00+00:00,2022-04-22 05:00:00+00:00,11958,2022-04-22 05:00:00+00:00,2022-04-22 13:00:00+00:00,accepted_breakout,1.183292071273974,4.683202017211053,0.0,0.7372549019607795,1,1,box_too_narrow_for_visible_structure,,,2249,11954,11958,2022-04-22 05:00:00+00:00,11958.0,2022-04-22 05:00:00+00:00,11958.0,2022-04-22 05:00:00+00:00,11958.0,2022-04-22 05:00:00+00:00
166,12,12038,12041,12044,4,3,1831.845,1865.305,1848.575,33.460000000000036,2.8904779950127573,0.6203410355193418,0.6203410355193418,0.5596092823879212,0.5596092823879212,3,2,0.9166666666666666,1.0,0.0,0.0,0.5750149432157797,1.228409954844036,1.6620680401687213,1.0,0.5277104206644748,1,0,1,0.7120940426379796,0,1,0.25,0.5,0.25,0.661251785403795,0.6508091133862932,0.5882021301295902,0.661251785403795,0.644367079093849,0.661251785403795,0.743812908437478,0.25,0.9166666666666666,1.0,0,0,0,,12044.0,-1,,12044.0,3.0,-1,-1,3.0,0.0,0.2684319609393466,3,0.4166666666666667,0.5833333333333334,0.4422157701898544,0.1875,0.37617894254746354,2022-05-11 13:00:00+00:00,2022-05-12 01:00:00+00:00,12041,2022-05-12 01:00:00+00:00,2022-05-12 13:00:00+00:00,accepted_breakout,2.30411717767486,7.663092415239899,0.0,0.6835546475995915,0,1,box_too_narrow_for_visible_structure,,,2264,12038,12042,2022-05-12 05:00:00+00:00,12041.0,2022-05-12 01:00:00+00:00,12041.0,2022-05-12 01:00:00+00:00,12041.0,2022-05-12 01:00:00+00:00
167,12,12108,12112,12123,4,4,1840.445,1861.88,1851.1625,21.435000000000173,2.690665928432114,0.6751863294731568,0.6751863294731568,0.5583360802044876,0.5583360802044876,3,2,1.0,1.0,0.0,0.0,0.45766270118964747,1.459248491626922,1.231417436805192,0.0,0.47203408891543835,1,0,1,0.9091050462638919,0,1,0.8333333333333334,0.33333333333333337,0.33333333333333337,0.7076755561735767,0.6955976177461273,0.6528425710517946,0.7076755561735767,0.6690333529413384,0.7076755561735767,0.6482863871108481,0.25,1.0,1.0,2,1,4,2.0,12114.0,1,12114.0,12122.0,2.0,1,-1,11.0,0.6,0.4352519747535868,11,0.3,0.4222222222222222,0.4806411676092089,0.6875,0.6163408474578577,2022-05-27 05:00:00+00:00,2022-05-29 21:00:00+00:00,12112,2022-05-29 21:00:00+00:00,2022-05-31 17:00:00+00:00,accepted_breakout,0.761893172369606,3.2519830527971707,0.0,0.6649604467194071,1,0,box_too_narrow_for_visible_structure,,,2274,12108,12112,2022-05-29 21:00:00+00:00,12112.0,2022-05-29 21:00:00+00:00,12112.0,2022-05-29 21:00:00+00:00,12112.0,2022-05-29 21:00:00+00:00
168,12,12152,12155,12170,4,3,1836.805,1857.645,1847.225,20.839999999999918,2.807462573773057,0.654236215499183,0.654236215499183,0.6163325997319492,0.6163325997319492,2,2,1.0,1.0,0.0,0.0,0.5052783109404997,1.3889126264683387,1.4185499473047183,1.0,0.4845147441494373,1,0,1,0.7549584133077414,0,1,0.16666666666666663,0.5,0.16666666666666663,0.7265259637213894,0.6803170712834886,0.6207619369248133,0.7265259637213894,0.6681397344150131,0.7265259637213894,0.7472139802019576,0.25,1.0,1.0,2,1,4,2.0,12158.0,1,12158.0,12169.0,3.0,1,1,15.0,0.2,0.38751515062205233,15,0.3166666666666667,0.3055555555555555,0.5081802742744121,0.75,0.6651006241241586,2022-06-07 13:00:00+00:00,2022-06-08 01:00:00+00:00,12155,2022-06-08 01:00:00+00:00,2022-06-10 13:00:00+00:00,accepted_breakout,7.494311837512226,4.245826858514564,0.0,0.38736059479553786,1,1,box_too_narrow_for_visible_structure,,,2286,12152,12155,2022-06-08 01:00:00+00:00,12155.0,2022-06-08 01:00:00+00:00,12155.0,2022-06-08 01:00:00+00:00,12155.0,2022-06-08 01:00:00+00:00
169,5,12205,12209,12213,4,4,1835.275,1843.605,1839.44,8.329999999999927,0.9114263074849305,0.6134675687049778,0.6134675687049778,0.5128237404674832,0.5128237404674832,3,4,0.8,0.6436199655178125,2.2799999999999727,0.2494660241375312,0.3877551020408219,0.5580161066234218,0.35341020086150876,2.0,0.3990984148761424,1,2,-1,0.9083633453381359,0,1,1.0,0.8,0.8,0.6588262318841378,0.621923647498656,0.5991070764096226,0.6588262318841378,0.6145422844183985,0.6588262318841378,0.6306499742754355,0.5,0.8,0.6436199655178125,2,1,4,2.0,12210.0,-1,,12210.0,1.0,-1,-1,4.0,0.0,0.24599035292386962,4,0.25,0.5833333333333334,0.4248164144430727,0.5,0.5145374369441016,2022-06-20 09:00:00+00:00,2022-06-21 01:00:00+00:00,12209,2022-06-21 01:00:00+00:00,2022-06-21 17:00:00+00:00,accepted_breakout,2.501573611904625,11.19125036904719,0.0,0.4002883229216698,1,1,box_too_narrow_for_visible_structure,,,2291,12205,12209,2022-06-21 01:00:00+00:00,12209.0,2022-06-21 01:00:00+00:00,12209.0,2022-06-21 01:00:00+00:00,12209.0,2022-06-21 01:00:00+00:00
172,12,12218,12221,12237,4,3,1823.165,1847.76,1835.4625,24.595000000000027,2.7711706097170357,0.6498066349814828,0.6498066349814828,0.6411791329413475,0.6411791329413475,2,2,0.9166666666666666,1.0,0.0,0.0,0.4049603577963011,1.6489563680914312,1.1222142416256047,0.0,0.49366879037066264,0,0,0,0.9866504031984834,0,1,0.75,0.6666666666666667,0.6666666666666667,0.7330825436925567,0.6776149666067112,0.6131234910225194,0.7330825436925567,0.6443818866160671,0.7330825436925567,0.7910571564281397,0.25,0.9166666666666666,1.0,4,3,6,1.5,12225.0,-1,,12225.0,4.0,-1,0,16.0,0.2,0.31971737636600217,16,0.2666666666666667,0.05263157894736842,0.6401594981313393,0.9166666666666666,0.8170135587433612,2022-06-22 13:00:00+00:00,2022-06-23 01:00:00+00:00,12221,2022-06-23 01:00:00+00:00,2022-06-27 17:00:00+00:00,accepted_breakout,0.0,2.3455791488289908,0.21814028372366978,0.7909631773597043,1,1,box_too_narrow_for_visible_structure,,,2300,12218,12226,2022-06-23 21:00:00+00:00,12221.0,2022-06-23 01:00:00+00:00,12221.0,2022-06-23 01:00:00+00:00,12221.0,2022-06-23 01:00:00+00:00
173,8,12436,12440,12441,4,4,1784.78,1799.165,1791.9724999999999,14.384999999999991,1.7731118804881645,0.7142698670720591,0.7142698670720591,0.549323113171624,0.549323113171624,3,5,1.0,0.7614015990802426,1.3550000000000182,0.16701888064383014,0.856447688564473,0.25453430887786993,1.5185775716102945,0.0,0.2700027992798024,1,2,-1,0.9208666434943762,0,1,1.0,0.875,0.875,0.729902959885031,0.7202214742710421,0.7067692221748377,0.729902959885031,0.6883287650238329,0.729902959885031,0.5876624322274049,0.5,1.0,0.7614015990802426,0,0,0,,12441.0,1,12441.0,,1.0,1,1,1.0,0.6,0.2700027992798024,1,0.55,0.85,0.4804061308631085,0.0625,0.26197653271577714,2022-08-11 21:00:00+00:00,2022-08-12 13:00:00+00:00,12440,2022-08-12 13:00:00+00:00,2022-08-12 17:00:00+00:00,accepted_breakout,1.6975804139168547,0.0,0.43413986202771515,0.8269617706237428,1,1,edge_misses_chart_reality,,,2336,12436,12440,2022-08-12 13:00:00+00:00,12440.0,2022-08-12 13:00:00+00:00,12440.0,2022-08-12 13:00:00+00:00,12440.0,2022-08-12 13:00:00+00:00
174,8,12596,12600,12609,5,4,1659.6,1679.37,1669.485,19.769999999999982,2.2347785380736727,0.7509235567377552,0.7509235567377552,0.6334883178669444,0.6334883178669444,2,2,1.0,0.9200653677038273,0.49500000000011823,0.055954242607320855,0.4676277187658132,1.1897341483674821,1.0450443897061905,0.0,0.42437670711070524,2,0,1,0.6703759905580735,0,1,0.875,0.375,0.375,0.7719173317812377,0.7630199181486526,0.7374036091456443,0.7719173317812377,0.7403922783954828,0.7719173317812377,0.7011143373888205,0.25,1.0,0.9200653677038273,0,0,0,,12609.0,0,,,9.0,0,0,,0.6,0.42882173830615955,9,0.2,0.4358974358974359,0.7433118196012168,0.4375,0.6117734677208171,2022-09-19 13:00:00+00:00,2022-09-20 05:00:00+00:00,12600,2022-09-20 05:00:00+00:00,2022-09-21 17:00:00+00:00,invalidated,3.837069245971682,2.6400826298813156,0.0,0.5773105562855905,1,1,box_too_narrow_for_visible_structure,,,2357,12596,12604,2022-09-20 21:00:00+00:00,12600.0,2022-09-20 05:00:00+00:00,12600.0,2022-09-20 05:00:00+00:00,12600.0,2022-09-20 05:00:00+00:00
175,8,12711,12714,12727,4,3,1640.1,1671.675,1655.8874999999998,31.575000000000045,2.921833980439714,0.6284219350651639,0.6284219350651639,0.5735334926931127,0.5735334926931127,2,2,1.0,0.8942442174255566,0.7999999999999545,0.07402904780211038,0.48076009501187783,1.5171327983945841,1.40470118204513,0.0,0.5084752775411246,0,1,-1,0.6883082607548184,0,1,0.25,0.625,0.25,0.6752040868301867,0.6537613176450605,0.599651709415647,0.6752040868301867,0.6511726857689442,0.6752040868301867,0.7490373747233058,0.25,1.0,0.8942442174255566,1,0,2,2.0,12726.0,-1,,12726.0,12.0,-1,-1,13.0,0.6,0.47133275032300564,13,0.2666666666666667,0.3958333333333333,0.6111857729923627,0.625,0.6390464432480907,2022-10-14 17:00:00+00:00,2022-10-17 05:00:00+00:00,12714,2022-10-17 05:00:00+00:00,2022-10-19 09:00:00+00:00,accepted_breakout,1.127716366521267,4.290113703898204,0.0,0.7736126424108785,1,1,box_too_narrow_for_visible_structure,,,2377,12711,12714,2022-10-17 05:00:00+00:00,12714.0,2022-10-17 05:00:00+00:00,12714.0,2022-10-17 05:00:00+00:00,12714.0,2022-10-17 05:00:00+00:00
176,12,12948,12951,12955,4,3,1781.57,1806.05,1793.81,24.480000000000018,2.902012214184971,0.6462188320284187,0.6462188320284187,0.6109142995773736,0.6109142995773736,2,2,0.9166666666666666,0.96104908909532,0.2300000000000182,0.02726563763327597,0.2142565359477171,2.280237129895735,0.6217750842892363,0.0,0.4599552222168843,0,1,-1,0.8089596949891104,0,1,0.75,0.16666666666666663,0.16666666666666663,0.7019289463058465,0.6733107509836896,0.6145480018216026,0.7019289463058465,0.6581593332313291,0.7019289463058465,0.7838939700676018,0.25,0.9166666666666666,0.96104908909532,1,0,0,0.0,12954.0,-1,,12954.0,3.0,-1,0,4.0,0.2,0.40362434887489734,4,0.3166666666666667,0.5595238095238095,0.4899976511182748,0.3333333333333333,0.4639279842081402,2022-12-09 14:00:00+00:00,2022-12-12 02:00:00+00:00,12951,2022-12-12 02:00:00+00:00,2022-12-12 18:00:00+00:00,accepted_breakout,0.0,1.3955833749436493,0.5348055416854502,0.8580441640378563,1,0,edge_partially_matches_chart,,,2436,12948,12951,2022-12-12 02:00:00+00:00,12951.0,2022-12-12 02:00:00+00:00,12951.0,2022-12-12 02:00:00+00:00,12951.0,2022-12-12 02:00:00+00:00
177,12,12981,12985,12988,4,4,1774.215,1798.66,1786.4375,24.445000000000164,2.929929783634176,0.644541080088394,0.644541080088394,0.5126163946117959,0.5126163946117959,2,2,1.0,0.9554812994918708,0.2599999999999909,0.031163090355690492,0.5477602781754964,1.3250306303160477,1.6048991533181285,0.0,0.5334337615162994,1,0,1,0.7379832276539167,0,1,0.8333333333333334,0.25,0.25,0.6811055770915607,0.6654083658902409,0.6211622404943359,0.6811055770915607,0.6321695713645353,0.6811055770915607,0.587706644053523,0.25,1.0,0.9554812994918708,0,0,0,,12988.0,1,12988.0,,3.0,1,1,3.0,0.6,0.4705247076214891,3,0.35,0.6071428571428571,0.48462888776265844,0.1875,0.3953536505120932,2022-12-19 02:00:00+00:00,2022-12-19 18:00:00+00:00,12985,2022-12-19 18:00:00+00:00,2022-12-20 06:00:00+00:00,accepted_breakout,7.631582205449779,3.252637675220774,0.0,0.6558014755197882,1,0,box_too_narrow_for_visible_structure,,,2441,12981,12985,2022-12-19 18:00:00+00:00,12985.0,2022-12-19 18:00:00+00:00,12985.0,2022-12-19 18:00:00+00:00,12985.0,2022-12-19 18:00:00+00:00
178,16,13073,13078,13079,4,5,1867.07,1886.555,1876.8125,19.485000000000127,2.3709550367918317,0.6730820728150646,0.6730820728150646,0.5187027099783648,0.5187027099783648,4,2,1.0,1.0,0.0,0.0,0.8806774441878352,0.28290841470572653,2.0880466220861056,0.0,0.7087001449764035,2,0,1,0.3914121974168234,0,1,1.0,0.75,0.75,0.6750744745980573,0.6932618998768041,0.6558122337979247,0.6750744745980573,0.6624175479893335,0.6750744745980573,0.6139394725972097,0.25,1.0,1.0,0,0,0,,13079.0,1,13079.0,,1.0,1,1,1.0,0.2,0.4047455228484552,1,0.65,0.8611111111111112,0.4254573647195196,0.0625,0.22601711895765766,2023-01-11 10:00:00+00:00,2023-01-12 06:00:00+00:00,13078,2023-01-12 06:00:00+00:00,2023-01-12 10:00:00+00:00,accepted_breakout,6.33710878816596,0.0,0.0,0.5646189510286912,1,1,box_too_narrow_for_visible_structure,,,2459,13073,13078,2023-01-12 06:00:00+00:00,13078.0,2023-01-12 06:00:00+00:00,13078.0,2023-01-12 06:00:00+00:00,13078.0,2023-01-12 06:00:00+00:00
180,16,13105,13108,13111,4,3,1896.525,1925.795,1911.16,29.269999999999982,2.8598729825863223,0.6392941077579575,0.6392941077579575,0.6010008126503726,0.6010008126503726,2,2,0.9375,1.0,0.0,0.0,0.46976426375128144,1.5164068564994773,1.3434661260868452,0.0,0.4486297110024996,0,1,-1,0.7416011843753498,0,1,0.75,0.625,0.625,0.7130523684368774,0.6677571472102611,0.6035838329093951,0.7130523684368774,0.6473892170207278,0.7130523684368774,0.7380941411261296,0.25,0.9375,1.0,0,0,0,,13111.0,1,13111.0,,3.0,1,1,3.0,0.2,0.4754094537515718,3,0.4166666666666667,0.5833333333333334,0.4981013495026304,0.1875,0.3901503373756576,2023-01-18 18:00:00+00:00,2023-01-19 06:00:00+00:00,13108,2023-01-19 06:00:00+00:00,2023-01-19 18:00:00+00:00,accepted_breakout,3.2553893325641545,1.5245432320063879,0.0,0.8553477498538854,1,1,box_not_visually_real,,,2469,13105,13110,2023-01-19 14:00:00+00:00,13108.0,2023-01-19 06:00:00+00:00,13108.0,2023-01-19 06:00:00+00:00,13108.0,2023-01-19 06:00:00+00:00
181,12,13189,13197,13199,4,8,1864.98,1886.43,1875.705,21.450000000000045,2.1625566387005017,0.7355712534628935,0.7355712534628935,0.6083630985393645,0.6083630985393645,2,3,0.9166666666666666,1.0,0.0,0.0,0.657575757575757,0.7405118187065366,1.422044819993965,0.0,0.5516585434767273,0,0,0,0.8585858585858568,0,1,0.6666666666666667,0.33333333333333337,0.33333333333333337,0.7150481134132464,0.7551902335368359,0.7223750126087254,0.7150481134132464,0.74129284141224,0.7150481134132464,0.7513337147700773,0.25,0.9166666666666666,1.0,0,0,0,,13199.0,1,13199.0,,2.0,1,1,2.0,0.2,0.5516585434767273,2,0.5,0.7666666666666666,0.5261326869295837,0.125,0.3219498383990626,2023-02-07 18:00:00+00:00,2023-02-09 02:00:00+00:00,13197,2023-02-09 02:00:00+00:00,2023-02-09 10:00:00+00:00,accepted_breakout,1.752555254357364,2.8022387444342036,0.0,0.6853035143769992,1,1,box_too_narrow_for_visible_structure,,,2488,13189,13198,2023-02-09 06:00:00+00:00,13197.0,2023-02-09 02:00:00+00:00,13197.0,2023-02-09 02:00:00+00:00,13197.0,2023-02-09 02:00:00+00:00
182,12,13248,13251,13255,4,3,1830.23,1847.52,1838.875,17.289999999999964,2.412071302141731,0.6635880427854954,0.6635880427854954,0.5766407405180666,0.5766407405180666,3,2,0.9166666666666666,1.0,0.0,0.0,0.39097744360902287,1.46900583062767,0.943065471514061,0.0,0.5804201075273487,0,1,-1,0.6716791979949829,0,1,0.25,0.6666666666666667,0.25,0.7065542362523591,0.6883483937401446,0.635914757028892,0.7065542362523591,0.6684155583198531,0.7065542362523591,0.6935514900611924,0.25,0.9166666666666666,1.0,0,0,0,,13255.0,-1,,13255.0,4.0,-1,-1,4.0,0.4,0.5660486023975695,4,0.2666666666666667,0.4761904761904762,0.5758837239471031,0.25,0.4828995024153472,2023-02-21 14:00:00+00:00,2023-02-22 02:00:00+00:00,13251,2023-02-22 02:00:00+00:00,2023-02-22 18:00:00+00:00,accepted_breakout,0.607361813350672,2.955965685454334,0.0,0.7532128076671682,1,1,box_too_narrow_for_visible_structure,,,2509,13248,13251,2023-02-22 02:00:00+00:00,13251.0,2023-02-22 02:00:00+00:00,13251.0,2023-02-22 02:00:00+00:00,13251.0,2023-02-22 02:00:00+00:00
184,12,13404,13407,13410,4,3,1949.175,1975.315,1962.245,26.1400000000001,2.6749798632226733,0.6684271530117278,0.6684271530117278,0.6031154214947153,0.6031154214947153,2,2,0.8333333333333334,1.0,0.0,0.0,0.4473986228003019,1.4781975563983094,1.1967823068243642,0.0,0.47438312564503476,0,0,0,0.9963019637847521,0,1,0.41666666666666663,0.16666666666666663,0.16666666666666663,0.6897148604122559,0.6983162385398552,0.6399142879840164,0.6897148604122559,0.6705005464056321,0.6897148604122559,0.7907361339008548,0.25,0.8333333333333334,1.0,1,0,2,2.0,13409.0,1,13409.0,,2.0,1,1,3.0,0.0,0.4640244923310387,3,0.4666666666666667,0.6666666666666666,0.4919910519443577,0.2708333333333333,0.3911227629860894,2023-03-29 13:00:00+00:00,2023-03-30 01:00:00+00:00,13407,2023-03-30 01:00:00+00:00,2023-03-30 13:00:00+00:00,accepted_breakout,3.355165443820316,2.3121669381647556,0.0,0.9035603180089887,0,0,box_not_visually_real,,,2534,13404,13407,2023-03-30 01:00:00+00:00,13407.0,2023-03-30 01:00:00+00:00,13407.0,2023-03-30 01:00:00+00:00,13407.0,2023-03-30 01:00:00+00:00
186,12,13536,13539,13542,4,3,1976.1,2006.01,1991.0549999999998,29.910000000000082,2.929321788498508,0.5711480915453169,0.5711480915453169,0.514317866115487,0.514317866115487,2,3,0.8333333333333334,1.0,0.0,0.0,0.20461384152457712,2.3299420042921835,0.5993797842063245,0.0,0.7863446575098069,0,3,-1,0.41413128273710753,0,1,0.75,0.6666666666666667,0.6666666666666667,0.6770381682239937,0.5978501658642402,0.5317759368488328,0.6770381682239937,0.571736640640096,0.6770381682239937,0.599430997774334,0.25,0.8333333333333334,1.0,0,0,0,,13542.0,1,13542.0,,3.0,1,1,3.0,0.6,0.20183821273248276,3,0.4166666666666667,0.5833333333333334,0.43474580990413314,0.1875,0.37431145247603326,2023-05-01 13:00:00+00:00,2023-05-02 01:00:00+00:00,13539,2023-05-02 01:00:00+00:00,2023-05-02 13:00:00+00:00,accepted_breakout,4.571023932083424,0.3243071497744159,0.0,0.7062573789846514,1,1,box_too_narrow_for_visible_structure,,,2555,13536,13541,2023-05-02 09:00:00+00:00,13539.0,2023-05-02 01:00:00+00:00,13539.0,2023-05-02 01:00:00+00:00,13539.0,2023-05-02 01:00:00+00:00
187,12,13578,13581,13584,4,3,2021.44,2048.2,2034.82,26.759999999999764,2.6319621968316635,0.6212705299891665,0.6212705299891665,0.5750190816101876,0.5750190816101876,2,3,1.0,0.7217977178236821,1.9800000000000182,0.19474159752342254,0.3593049327354295,1.6862851967368693,0.9456770000947942,0.0,0.5056606808904253,0,0,0,0.788116591928258,0,1,0.75,0.75,0.75,0.6707186209163802,0.6387901748344302,0.5986423337707909,0.6707186209163802,0.6474123044535709,0.6707186209163802,0.7621965050574123,0.25,1.0,0.7217977178236821,0,0,0,,13584.0,-1,,13584.0,3.0,-1,-1,3.0,0.2,0.21488184711134198,3,0.4166666666666667,0.5833333333333334,0.4919303467631417,0.1875,0.3886075866907854,2023-05-10 13:00:00+00:00,2023-05-11 01:00:00+00:00,13581,2023-05-11 01:00:00+00:00,2023-05-11 13:00:00+00:00,accepted_breakout,0.0,3.915329791744405,0.0,0.7219749089437445,1,1,box_too_narrow_for_visible_structure,,,2565,13578,13583,2023-05-11 09:00:00+00:00,13581.0,2023-05-11 01:00:00+00:00,13581.0,2023-05-11 01:00:00+00:00,13581.0,2023-05-11 01:00:00+00:00
188,5,13943,13947,13949,5,4,1929.49,1938.75,1934.12,9.259999999999991,1.3419172416185674,0.6298677719290988,0.6298677719290988,0.5420740784524916,0.5420740784524916,3,2,1.0,0.9741222377040542,0.125,0.018114433607162105,0.5464362850971869,0.6086449692006534,0.7332722724179142,2.0,0.4425266713004253,2,0,1,0.7804175665946673,0,1,1.0,0.4,0.4,0.7073857650523613,0.6496157289207775,0.6008766091563669,0.7073857650523613,0.6222989928977787,0.7073857650523613,0.6105102883346041,0.25,1.0,0.9741222377040542,0,0,0,,13949.0,0,,,2.0,0,0,,0.4,0.33600450624856154,2,0.4,0.7222222222222222,0.3683174182599809,0.125,0.3113849101205508,2023-08-03 09:00:00+00:00,2023-08-04 01:00:00+00:00,13947,2023-08-04 01:00:00+00:00,2023-08-04 09:00:00+00:00,invalidated,6.31186464955458,4.411598432746571,0.0,0.3915433403805478,0,1,box_too_narrow_for_visible_structure,,,2624,13943,13947,2023-08-04 01:00:00+00:00,13947.0,2023-08-04 01:00:00+00:00,13947.0,2023-08-04 01:00:00+00:00,13947.0,2023-08-04 01:00:00+00:00
190,12,14016,14019,14020,4,3,1884.81,1898.785,1891.7975000000001,13.975000000000136,2.2658282804548313,0.685124891024796,0.685124891024796,0.6256237775975974,0.6256237775975974,2,2,1.0,1.0,0.0,0.0,0.6561717352415015,0.7790558059095172,1.4867724745453141,0.0,0.6348005798752545,1,0,1,0.573166368515216,0,1,0.75,0.75,0.75,0.7730447844162305,0.7057530002407034,0.6537300963408041,0.7730447844162305,0.6802259827674468,0.7730447844162305,0.6821637206742189,0.25,1.0,1.0,0,0,0,,14020.0,1,14020.0,,1.0,1,1,1.0,0.4,0.4827367551947109,1,0.7166666666666667,0.8333333333333334,0.5290073819638145,0.0625,0.24412684549095362,2023-08-21 13:00:00+00:00,2023-08-22 01:00:00+00:00,14019,2023-08-22 01:00:00+00:00,2023-08-22 05:00:00+00:00,accepted_breakout,2.520049753661655,0.20742966448705538,0.09084019395042986,0.7272963830340982,1,1,box_too_narrow_for_visible_structure,,,2635,14016,14019,2023-08-22 01:00:00+00:00,14019.0,2023-08-22 01:00:00+00:00,14019.0,2023-08-22 01:00:00+00:00,14019.0,2023-08-22 01:00:00+00:00
191,8,14036,14039,14040,4,3,1911.76,1923.35,1917.5549999999998,11.589999999999918,1.9925275577173356,0.6629580640373444,0.6629580640373444,0.5688036559986838,0.5688036559986838,2,3,1.0,1.0,0.0,0.0,0.47238999137186777,1.0512774819190345,0.9412500757983009,2.0,0.4755746687898292,0,2,-1,0.6381938452689161,0,1,0.375,0.875,0.375,0.7238039582019625,0.6864255584039772,0.6335100257030339,0.7238039582019625,0.6565919666413351,0.7238039582019625,0.6430886649926529,0.25,1.0,1.0,0,0,0,,14040.0,-1,,14040.0,1.0,-1,-1,1.0,0.4,0.4598661411871403,1,0.7166666666666667,0.8333333333333334,0.4517681200738466,0.0625,0.22481703001846165,2023-08-24 21:00:00+00:00,2023-08-25 09:00:00+00:00,14039,2023-08-25 09:00:00+00:00,2023-08-25 13:00:00+00:00,accepted_breakout,0.0,4.015000931362224,0.0,0.5916283818274612,1,1,box_too_narrow_for_visible_structure,,,2637,14036,14039,2023-08-25 09:00:00+00:00,14039.0,2023-08-25 09:00:00+00:00,14039.0,2023-08-25 09:00:00+00:00,14039.0,2023-08-25 09:00:00+00:00
193,12,14094,14097,14103,7,3,1915.28,1929.18,1922.23,13.900000000000091,2.742708233681038,0.6459390814657582,0.6459390814657582,0.6213533354838892,0.6213533354838892,2,3,1.0,1.0,0.0,0.0,0.6661870503597073,0.9155515254877847,1.8271567081932532,0.0,0.42894777703017056,0,0,0,0.945083932853729,0,1,0.25,0.6666666666666667,0.25,0.7283702183563457,0.6718556988108136,0.6109801409934177,0.7283702183563457,0.6635921232018396,0.7283702183563457,0.7551225091868964,0.25,1.0,1.0,1,1,2,2.0,14100.0,1,14100.0,,3.0,1,0,,0.4,0.35537963873505923,6,0.3166666666666667,0.3611111111111111,0.4706330319844158,0.5,0.5571027024405484,2023-09-07 13:00:00+00:00,2023-09-08 01:00:00+00:00,14097,2023-09-08 01:00:00+00:00,2023-09-11 01:00:00+00:00,superseded,0.5687808790022997,0.34272693991167397,0.6961640603620087,0.9573002754821012,1,1,edge_partially_matches_chart,,,2650,14094,14097,2023-09-08 01:00:00+00:00,14097.0,2023-09-08 01:00:00+00:00,14097.0,2023-09-08 01:00:00+00:00,14097.0,2023-09-08 01:00:00+00:00
194,16,14098,14103,14109,7,5,1915.28,1929.7,1922.49,14.420000000000073,2.665491353282699,0.6725799480314026,0.6725799480314026,0.5288503778338182,0.5288503778338182,2,4,1.0,1.0,0.0,0.0,0.7801664355062374,0.5859644653194387,2.0795268879632602,0.0,0.3706061084062278,1,1,0,0.9116967175219569,0,1,0.8125,0.375,0.375,0.6699085585427813,0.6958182869883502,0.6534871656257462,0.6699085585427813,0.6695344024748837,0.6699085585427813,0.6490611071462252,0.25,1.0,1.0,2,2,4,2.0,14104.0,1,14104.0,,1.0,1,0,,0.0,0.3706061084062278,6,0.35,0.40151515151515155,0.5771490987276862,0.6666666666666666,0.6273175777122246,2023-09-08 05:00:00+00:00,2023-09-11 01:00:00+00:00,14103,2023-09-11 01:00:00+00:00,2023-09-12 01:00:00+00:00,superseded,0.3901719653748441,2.5586276960158703,0.017066779536428545,0.6472172351885139,1,1,box_too_narrow_for_visible_structure,,,2653,14098,14103,2023-09-11 01:00:00+00:00,14103.0,2023-09-11 01:00:00+00:00,14103.0,2023-09-11 01:00:00+00:00,14103.0,2023-09-11 01:00:00+00:00
195,12,14104,14109,14111,4,5,1916.47,1930.74,1923.605,14.269999999999982,2.8241375939303293,0.6838793396739349,0.6838793396739349,0.611132758121047,0.611132758121047,2,2,1.0,1.0,0.0,0.0,0.4057463209530463,1.67825415532791,1.1458834386024195,0.0,0.5756980658168095,0,0,0,0.7811259051623369,0,1,0.75,0.41666666666666663,0.41666666666666663,0.7282627933701332,0.7043993060684688,0.6595412153111349,0.7282627933701332,0.6919645927471255,0.7282627933701332,0.7319419209764204,0.25,1.0,1.0,0,0,0,,14111.0,-1,,14111.0,2.0,-1,-1,2.0,0.4,0.3550113955063214,2,0.5,0.7380952380952381,0.4633068729621162,0.125,0.31195767062148144,2023-09-11 05:00:00+00:00,2023-09-12 01:00:00+00:00,14109,2023-09-12 01:00:00+00:00,2023-09-12 09:00:00+00:00,accepted_breakout,0.0,3.1602567874814858,0.0,0.6152187971545601,1,1,box_too_narrow_for_visible_structure,,,2656,14104,14110,2023-09-12 05:00:00+00:00,14109.0,2023-09-12 01:00:00+00:00,14109.0,2023-09-12 01:00:00+00:00,14109.0,2023-09-12 01:00:00+00:00
196,8,14522,14525,14530,7,3,2015.645,2044.945,2030.295,29.299999999999955,2.902582239239919,0.6185354540698228,0.6185354540698228,0.544473967792035,0.544473967792035,2,2,1.0,1.0,0.0,0.0,0.35068259385665895,1.8846971707009947,1.0178850685389242,1.0,0.6427673589674867,0,2,-1,0.5740614334471054,0,1,0.25,0.625,0.25,0.674392225125878,0.6472350679674149,0.5854906950268766,0.674392225125878,0.6288753214471783,0.674392225125878,0.6789250812473082,0.25,1.0,1.0,0,0,0,,,0,,,,0,0,,0.8,0.6039323405048348,5,0.4666666666666667,0.7916666666666666,0.36488803091540023,0.10416666666666667,0.2760136743955168,2023-12-17 22:00:00+00:00,2023-12-18 10:00:00+00:00,14525,2023-12-18 10:00:00+00:00,2023-12-19 06:00:00+00:00,superseded,0.7183259002322091,0.0,0.7605580332559303,0.9335669906006042,1,1,edge_partially_matches_chart,,,2715,14522,14525,2023-12-18 10:00:00+00:00,14525.0,2023-12-18 10:00:00+00:00,14525.0,2023-12-18 10:00:00+00:00,14525.0,2023-12-18 10:00:00+00:00
197,5,14527,14530,14532,4,3,2020.385,2033.755,2027.0700000000002,13.370000000000118,1.4666800086108094,0.5933596485817547,0.5933596485817547,0.49940380696685316,0.49940380696685316,2,2,0.8,0.7523929465108503,1.5799999999999272,0.17332493744240476,0.44427823485415124,0.8150660032893277,0.6516140053214817,0.0,0.5147474027575999,0,1,-1,0.7748691099476467,0,1,0.4,0.8,0.4,0.6250347396107925,0.6154937556768859,0.5696989840571983,0.6250347396107925,0.6070776558720176,0.6250347396107925,0.6650027998919191,0.25,0.8,0.7523929465108503,0,0,0,,14532.0,1,14532.0,,2.0,1,1,2.0,0.2,0.1621028335130023,2,0.5666666666666667,0.7000000000000001,0.44231025806618124,0.125,0.30099423118321195,2023-12-18 18:00:00+00:00,2023-12-19 06:00:00+00:00,14530,2023-12-19 06:00:00+00:00,2023-12-19 14:00:00+00:00,accepted_breakout,9.051054028188128,1.0772629276487178,0.0,0.47369353410098003,1,0,box_too_narrow_for_visible_structure,,,2717,14527,14531,2023-12-19 10:00:00+00:00,14530.0,2023-12-19 06:00:00+00:00,14530.0,2023-12-19 06:00:00+00:00,14530.0,2023-12-19 06:00:00+00:00
198,12,14748,14751,14753,4,3,2020.25,2038.515,2029.3825000000002,18.2650000000001,2.6994337231908117,0.5918484871977521,0.5918484871977521,0.4894017386360167,0.4894017386360167,2,3,0.9166666666666666,0.9451055673982572,0.2599999999999909,0.038426102821219964,0.2001094990418808,2.1592513931463393,0.5401823300444724,0.0,0.7659504441148336,0,3,-1,0.4062414453873464,0,1,0.6666666666666667,0.75,0.6666666666666667,0.6403855128805407,0.6184628584040476,0.5617264912752179,0.6403855128805407,0.5934856972553565,0.6403855128805407,0.6070497869182514,0.25,0.9166666666666666,0.9451055673982572,0,0,0,,14753.0,-1,,14753.0,2.0,-1,-1,2.0,0.6,0.6444231438050148,2,0.5666666666666667,0.7000000000000001,0.4372883865658696,0.125,0.29973876330813404,2024-02-09 14:00:00+00:00,2024-02-12 02:00:00+00:00,14751,2024-02-12 02:00:00+00:00,2024-02-12 10:00:00+00:00,accepted_breakout,0.463060081550164,3.076571181819313,0.0,0.7213665086887828,1,1,box_too_narrow_for_visible_structure,,,2767,14748,14752,2024-02-12 06:00:00+00:00,14751.0,2024-02-12 02:00:00+00:00,14751.0,2024-02-12 02:00:00+00:00,14751.0,2024-02-12 02:00:00+00:00
199,12,14824,14829,14831,4,5,2024.555,2039.51,2032.0325,14.954999999999927,2.597899203326099,0.6944505549596147,0.6944505549596147,0.6022166310530552,0.6022166310530552,2,2,0.9166666666666666,1.0,0.0,0.0,0.746573052490807,0.6583776650354978,1.9395215382906015,0.0,0.643235959969503,2,0,1,0.5246851666109456,0,1,0.16666666666666663,0.6666666666666667,0.16666666666666663,0.7506261733521435,0.7116004494637177,0.6710565446333637,0.7506261733521435,0.6871580248114915,0.7506261733521435,0.6704761358632939,0.25,0.9166666666666666,1.0,0,0,0,,14831.0,1,14831.0,,2.0,1,1,2.0,0.4,0.6125343600175235,2,0.5,0.7380952380952381,0.506814255770622,0.125,0.3228345163236079,2024-02-28 06:00:00+00:00,2024-02-29 02:00:00+00:00,14829,2024-02-29 02:00:00+00:00,2024-02-29 10:00:00+00:00,accepted_breakout,4.320798892285247,0.0,0.0,0.5712375859434641,1,1,box_too_narrow_for_visible_structure,,,2773,14824,14829,2024-02-29 02:00:00+00:00,14829.0,2024-02-29 02:00:00+00:00,14829.0,2024-02-29 02:00:00+00:00,14829.0,2024-02-29 02:00:00+00:00
200,5,14874,14878,14879,4,4,2173.7,2185.75,2179.725,12.050000000000182,1.1784520698164238,0.5911571576854114,0.5911571576854114,0.5063630767223536,0.5063630767223536,3,2,1.0,0.8386351937595513,1.1550000000002,0.11295536436831409,0.34813278008299586,0.7681942745566714,0.41025779525975237,2.0,0.510674402988918,1,1,0,0.8611341632088672,0,1,0.6,1.0,0.6,0.6716055752669677,0.6071003453235482,0.5648931332563276,0.6716055752669677,0.5867837291327508,0.6716055752669677,0.5899316885040022,0.25,1.0,0.8386351937595513,0,0,0,,14879.0,-1,,14879.0,1.0,-1,-1,1.0,0.2,0.3905793633029763,1,0.65,0.85,0.2952151416313636,0.0625,0.19567878540784087,2024-03-11 13:00:00+00:00,2024-03-12 05:00:00+00:00,14878,2024-03-12 05:00:00+00:00,2024-03-12 09:00:00+00:00,accepted_breakout,0.0,19.512885240705625,0.0,0.34384362961906567,0,1,box_too_narrow_for_visible_structure,,,2779,14874,14878,2024-03-12 05:00:00+00:00,14878.0,2024-03-12 05:00:00+00:00,14878.0,2024-03-12 05:00:00+00:00,14878.0,2024-03-12 05:00:00+00:00
202,12,14910,14913,14917,4,3,2146.235,2163.625,2154.9300000000003,17.389999999999873,2.379439574450041,0.6630910815990669,0.6630910815990669,0.6135069418104815,0.6135069418104815,3,2,1.0,0.9843625099847341,0.07999999999992724,0.010946243010686115,0.6161587119033795,0.9133271512049783,1.4661124232450626,0.0,0.6093820320020121,0,0,0,0.730879815986224,0,1,0.5,0.5833333333333333,0.5,0.7417933743645011,0.685075431049236,0.6320318612184556,0.7417933743645011,0.669195941802577,0.7417933743645011,0.7117651244775017,0.25,1.0,0.9843625099847341,1,0,2,2.0,14916.0,1,14916.0,,3.0,1,1,4.0,0.0,0.5070288192833462,4,0.3166666666666667,0.5595238095238095,0.5404923895288383,0.3333333333333333,0.47655166881078104,2024-03-19 13:00:00+00:00,2024-03-20 01:00:00+00:00,14913,2024-03-20 01:00:00+00:00,2024-03-20 17:00:00+00:00,accepted_breakout,24.968064176931776,0.4055576827256607,0.0,0.2293136414584277,1,1,box_too_narrow_for_visible_structure,,,2786,14910,14915,2024-03-20 09:00:00+00:00,14913.0,2024-03-20 01:00:00+00:00,14913.0,2024-03-20 01:00:00+00:00,14913.0,2024-03-20 01:00:00+00:00
203,8,15265,15268,15269,4,3,2297.78,2319.965,2308.8725000000004,22.184999999999945,1.8393029872393234,0.6248143218412479,0.6248143218412479,0.5306604481978187,0.5306604481978187,4,2,0.875,1.0,0.0,0.0,0.6824430921793965,0.5840833691729186,1.2552196180664048,1.0,0.6623641252241411,2,0,1,0.6107730448501336,0,1,1.0,0.25,0.25,0.6630680040475839,0.6519685398768011,0.5958841895383695,0.6630680040475839,0.6325780067121943,0.6630680040475839,0.6671845747306302,0.25,0.875,1.0,0,0,0,,15269.0,1,15269.0,,1.0,1,1,1.0,0.8,0.43043680314628374,1,0.7166666666666667,0.8333333333333334,0.3889685231870494,0.0625,0.20911713079676233,2024-06-11 17:00:00+00:00,2024-06-12 05:00:00+00:00,15268,2024-06-12 05:00:00+00:00,2024-06-12 09:00:00+00:00,accepted_breakout,11.81697640399232,2.098621068295706,0.0,0.5537943085371936,1,1,box_too_narrow_for_visible_structure,,,2834,15265,15268,2024-06-12 05:00:00+00:00,15268.0,2024-06-12 05:00:00+00:00,15268.0,2024-06-12 05:00:00+00:00,15268.0,2024-06-12 05:00:00+00:00
204,12,15347,15351,15357,7,4,2318.595,2339.785,2329.1899999999996,21.190000000000055,2.249938499847624,0.7364923159118113,0.7364923159118113,0.6136926590161113,0.6136926590161113,3,2,1.0,1.0,0.0,0.0,0.4134025483718828,1.3198081903306054,0.9301303095170188,1.0,0.42479178363537445,0,0,0,0.8475696083057898,0,1,0.6666666666666667,0.75,0.6666666666666667,0.7544907067063376,0.7528083132156429,0.7199071356494686,0.7544907067063376,0.7268817254073194,0.7544907067063376,0.688977729306374,0.25,1.0,1.0,0,0,0,,,0,,,,0,0,,0.0,0.42479178363537445,6,0.4,0.7999999999999999,0.44039644233699543,0.125,0.3138491105842489,2024-07-01 09:00:00+00:00,2024-07-02 01:00:00+00:00,15351,2024-07-02 01:00:00+00:00,2024-07-03 01:00:00+00:00,superseded,7.309088671140964,0.0,0.0,0.5630397236614835,1,1,box_too_narrow_for_visible_structure,,,2856,15347,15357,2024-07-03 01:00:00+00:00,15351.0,2024-07-02 01:00:00+00:00,15351.0,2024-07-02 01:00:00+00:00,15351.0,2024-07-02 01:00:00+00:00
205,16,15351,15357,15358,4,6,2318.595,2339.785,2329.1899999999996,21.190000000000055,2.2444970689245403,0.7133425738550547,0.7133425738550547,0.5707788019593962,0.5707788019593962,2,3,1.0,1.0,0.0,0.0,0.7517697026899599,0.5571521747306523,1.687344894193888,0.0,0.5729627512242986,1,0,1,0.7882649048293005,0,1,0.375,0.75,0.375,0.738155572255677,0.7294829042440019,0.6958146165842396,0.738155572255677,0.6945356775776788,0.738155572255677,0.6220833462319105,0.25,1.0,1.0,0,0,0,,15358.0,1,15358.0,,1.0,1,1,1.0,0.2,0.3405846694584015,1,0.65,0.8690476190476191,0.4831095380273321,0.0625,0.23884286069730917,2024-07-02 01:00:00+00:00,2024-07-03 01:00:00+00:00,15357,2024-07-03 01:00:00+00:00,2024-07-03 05:00:00+00:00,accepted_breakout,11.24528089140882,0.200490348697979,0.0,0.460852544584603,1,1,box_too_narrow_for_visible_structure,,,2857,15351,15357,2024-07-03 01:00:00+00:00,15357.0,2024-07-03 01:00:00+00:00,15357.0,2024-07-03 01:00:00+00:00,15357.0,2024-07-03 01:00:00+00:00
206,8,15506,15509,15514,7,3,2379.05,2416.36,2397.705,37.309999999999945,1.9138595675509373,0.6479565486690335,0.6479565486690335,0.5763441946939941,0.5763441946939941,2,3,1.0,0.8486763408127734,2.0650000000000546,0.10592656143105858,0.6649691771642986,0.6412019457085701,1.272657621842367,2.0,0.46972025366296244,0,1,-1,0.9473778254266069,0,1,0.25,0.75,0.25,0.7033113278145762,0.6671528382604276,0.6229749007489758,0.7033113278145762,0.6558752161132795,0.7033113278145762,0.6991206025475909,0.25,1.0,0.8486763408127734,0,0,0,,,0,,,,0,0,,0.4,0.35708007141481224,5,0.4666666666666667,0.7916666666666666,0.3949729937597956,0.10416666666666667,0.2835349151066156,2024-08-06 21:00:00+00:00,2024-08-07 09:00:00+00:00,15509,2024-08-07 09:00:00+00:00,2024-08-08 05:00:00+00:00,superseded,4.195710143077688,0.0,0.0,0.8228936921041068,0,1,box_not_visually_real,,,2873,15506,15509,2024-08-07 09:00:00+00:00,15509.0,2024-08-07 09:00:00+00:00,15509.0,2024-08-07 09:00:00+00:00,15509.0,2024-08-07 09:00:00+00:00
207,8,15511,15514,15516,4,3,2379.05,2407.105,2393.0775000000003,28.054999999999836,1.6505877735818093,0.6419939579875371,0.6419939579875371,0.6044665281386485,0.6044665281386485,2,3,0.875,1.0,0.0,0.0,0.5546248440563193,0.7351307870577312,0.9154569865240783,0.0,0.37632872338975626,0,1,-1,0.8903938691855289,0,1,0.5,0.75,0.5,0.7143790891320573,0.6696388034698189,0.6071906667992975,0.7143790891320573,0.6558634979457605,0.7143790891320573,0.7435708793236838,0.25,0.875,1.0,1,0,2,2.0,15515.0,1,15515.0,,1.0,1,1,2.0,0.2,0.2256443721423139,2,0.6166666666666667,0.7833333333333333,0.38601046927855304,0.20833333333333331,0.2894192839863049,2024-08-07 17:00:00+00:00,2024-08-08 05:00:00+00:00,15514,2024-08-08 05:00:00+00:00,2024-08-08 13:00:00+00:00,accepted_breakout,12.51372409913011,1.266215607222358,0.0,0.6017803517803438,1,1,box_too_narrow_for_visible_structure,,,2876,15511,15514,2024-08-08 05:00:00+00:00,15514.0,2024-08-08 05:00:00+00:00,15514.0,2024-08-08 05:00:00+00:00,15514.0,2024-08-08 05:00:00+00:00
208,12,15594,15597,15599,4,3,2503.58,2529.135,2516.3575,25.55500000000029,2.302540154275583,0.663927811670187,0.663927811670187,0.5302785401427028,0.5302785401427028,2,2,1.0,0.7239037017680591,2.1450000000004366,0.19326740876235862,0.3148111915476416,1.5776747447217963,0.7248654095537869,1.0,0.3348858625540998,2,0,1,0.6932759407813325,0,1,0.9166666666666666,0.75,0.75,0.6875346534273451,0.6791250891937967,0.6473850038692097,0.6875346534273451,0.654362491919947,0.6875346534273451,0.6187922734737222,0.25,1.0,0.7239037017680591,1,0,2,2.0,15598.0,-1,,15598.0,1.0,-1,-1,2.0,0.0,0.28957304368168696,2,0.6166666666666667,0.7833333333333333,0.5219474062290546,0.20833333333333331,0.3234035182239303,2024-08-27 13:00:00+00:00,2024-08-28 01:00:00+00:00,15597,2024-08-28 01:00:00+00:00,2024-08-28 09:00:00+00:00,accepted_breakout,0.0,4.3039423141429225,0.0,0.7205695756379582,1,1,box_too_narrow_for_visible_structure,,,2901,15594,15598,2024-08-28 05:00:00+00:00,15597.0,2024-08-28 01:00:00+00:00,15597.0,2024-08-28 01:00:00+00:00,15597.0,2024-08-28 01:00:00+00:00
210,12,15685,15688,15691,5,3,2560.765,2589.4,2575.0825,28.63500000000022,2.7621291255555827,0.6430146876400005,0.6430146876400005,0.5765048677379485,0.5765048677379485,2,2,1.0,0.9572820460015429,0.30999999999994543,0.029902567798919973,0.31744368779465953,1.8853086697741803,0.8768204557814024,0.0,0.5787486383916772,0,1,-1,0.6836621849717716,0,1,0.16666666666666663,0.75,0.16666666666666663,0.6934320611441149,0.6686408340110724,0.6134219449276419,0.6934320611441149,0.6566181183899074,0.6934320611441149,0.7189650340721081,0.25,1.0,0.9572820460015429,0,0,0,,15691.0,0,,,3.0,0,0,,0.6,0.4686917391935519,3,0.3666666666666667,0.5833333333333334,0.5168982450854649,0.1875,0.40484956127136623,2024-09-17 17:00:00+00:00,2024-09-18 05:00:00+00:00,15688,2024-09-18 05:00:00+00:00,2024-09-18 17:00:00+00:00,invalidated,3.938990360492895,5.050451794933329,0.0,0.5355840269335105,1,1,box_too_narrow_for_visible_structure,,,2921,15685,15688,2024-09-18 05:00:00+00:00,15688.0,2024-09-18 05:00:00+00:00,15688.0,2024-09-18 05:00:00+00:00,15688.0,2024-09-18 05:00:00+00:00
211,12,16004,16007,16017,7,3,2621.98,2666.35,2644.165,44.36999999999989,2.952164910649754,0.6952412231820304,0.6952412231820304,0.6191148579923011,0.6191148579923011,3,3,0.8333333333333334,1.0,0.0,0.0,0.5653594771241852,1.283130500380442,1.6690344102693118,0.0,0.33095312945329447,0,2,-1,0.571557358575615,0,1,0.5,0.9166666666666666,0.5,0.7239860648581817,0.7220442344780089,0.6681275190252242,0.7239860648581817,0.6870648403100688,0.7239860648581817,0.7585791312009499,0.5,0.8333333333333334,1.0,0,0,0,,,0,,,,0,0,,0.6,0.25189123831098664,10,0.3666666666666667,0.7435897435897436,0.43868623513145755,0.20833333333333334,0.360536943398249,2024-12-01 22:00:00+00:00,2024-12-02 10:00:00+00:00,16007,2024-12-02 10:00:00+00:00,2024-12-04 02:00:00+00:00,superseded,1.2228314166926357,0.0,0.5923895277691213,1.0885672227674226,1,1,edge_partially_matches_chart,,,2986,16004,16008,2024-12-02 14:00:00+00:00,16007.0,2024-12-02 10:00:00+00:00,16007.0,2024-12-02 10:00:00+00:00,16007.0,2024-12-02 10:00:00+00:00
213,8,16014,16017,16025,7,3,2634.15,2655.665,2644.9075000000003,21.514999999999873,1.6361381721836814,0.6098947206873043,0.6098947206873043,0.5224502651505673,0.5224502651505673,2,3,0.875,0.9364469419522912,0.5850000000000364,0.04448714063339618,0.7280966767371627,0.4448714063339272,1.1912667658497542,0.0,0.47259447318774406,1,0,1,0.9633588968936504,0,1,0.625,0.625,0.625,0.6407738837115882,0.6398642101852796,0.5797796834251198,0.6407738837115882,0.6263051015941341,0.6407738837115882,0.692237720749872,0.25,0.875,0.9364469419522912,1,1,2,2.0,16019.0,-1,,16019.0,2.0,-1,0,,0.4,0.36717866337895405,8,0.3666666666666667,0.42424242424242425,0.4665650331122464,0.5,0.5334594400962434,2024-12-03 14:00:00+00:00,2024-12-04 02:00:00+00:00,16017,2024-12-04 02:00:00+00:00,2024-12-05 10:00:00+00:00,superseded,0.9748565415300339,6.4481106665457,0.0,0.6391859774212619,1,1,box_too_narrow_for_visible_structure,,,2994,16014,16018,2024-12-04 06:00:00+00:00,16017.0,2024-12-04 02:00:00+00:00,16017.0,2024-12-04 02:00:00+00:00,16017.0,2024-12-04 02:00:00+00:00
214,16,16022,16025,16026,4,3,2632.51,2657.26,2644.885,24.75,2.024895371894507,0.7110066504243547,0.7110066504243547,0.5714706392647533,0.5714706392647533,4,3,1.0,1.0,0.0,0.0,0.6664646464646421,0.6753741937369445,1.3495211781575627,0.0,0.4452079039553709,1,0,1,0.6659932659932879,0,1,0.875,0.625,0.625,0.7399433935865647,0.7328992936729672,0.6879869511895667,0.7399433935865647,0.6924600643157911,0.7399433935865647,0.6205278318538877,0.5,1.0,1.0,0,0,0,,16026.0,-1,,16026.0,1.0,-1,-1,1.0,0.4,0.4448483215998334,1,0.6166666666666667,0.8333333333333334,0.5556117473423502,0.0625,0.27077793683558754,2024-12-04 22:00:00+00:00,2024-12-05 10:00:00+00:00,16025,2024-12-05 10:00:00+00:00,2024-12-05 14:00:00+00:00,accepted_breakout,0.0,9.598026776967183,0.0,0.5601448455358102,1,1,box_too_narrow_for_visible_structure,,,2998,16022,16025,2024-12-05 10:00:00+00:00,16025.0,2024-12-05 10:00:00+00:00,16025.0,2024-12-05 10:00:00+00:00,16025.0,2024-12-05 10:00:00+00:00
215,12,16074,16077,16081,4,3,2633.155,2664.525,2648.84,31.36999999999989,2.7672068325371906,0.6624964969044798,0.6624964969044798,0.6309333656824777,0.6309333656824777,2,2,1.0,1.0,0.0,0.0,0.46079056423334325,1.492104034822016,1.2751027977151745,2.0,0.46074303237887143,0,0,0,0.9686537031133701,0,1,0.25,0.75,0.25,0.715639439330687,0.6908778740819612,0.6301532692872021,0.715639439330687,0.6606549399275681,0.715639439330687,0.8027263707744784,0.25,1.0,1.0,0,0,0,,16081.0,-1,,16081.0,4.0,-1,-1,4.0,0.4,0.3363598617140641,4,0.2666666666666667,0.4761904761904762,0.5575884296402839,0.25,0.4783256788386424,2024-12-17 14:00:00+00:00,2024-12-18 02:00:00+00:00,16077,2024-12-18 02:00:00+00:00,2024-12-18 18:00:00+00:00,accepted_breakout,2.668756058696587,17.794116226163396,0.0,0.4284055991806068,0,1,box_too_narrow_for_visible_structure,,,3008,16074,16078,2024-12-18 06:00:00+00:00,16077.0,2024-12-18 02:00:00+00:00,16077.0,2024-12-18 02:00:00+00:00,16077.0,2024-12-18 02:00:00+00:00
217,16,16347,16350,16362,4,3,2916.805,2954.965,2935.885,38.16000000000031,2.48682387035283,0.6626910574835521,0.6626910574835521,0.5889976095480802,0.5889976095480802,2,2,1.0,1.0,0.0,0.0,0.6050838574423469,0.9820868901000328,1.5047369802527972,0.0,0.43700500815280885,0,1,-1,0.8700209643605911,0,1,0.5625,0.875,0.5625,0.7636963521934753,0.6850000939709092,0.6277906196805844,0.7636963521934753,0.6488648878365599,0.7636963521934753,0.6187430118798123,0.25,1.0,1.0,1,1,2,2.0,16356.0,1,16356.0,16362.0,6.0,1,-1,12.0,0.2,0.4312035224081327,12,0.2666666666666667,0.2333333333333333,0.6948415633936866,0.75,0.7362103908484217,2025-02-21 02:00:00+00:00,2025-02-21 14:00:00+00:00,16350,2025-02-21 14:00:00+00:00,2025-02-25 14:00:00+00:00,accepted_breakout,0.5328081396499654,11.460401494359319,0.0,0.5613002868279803,1,1,box_too_narrow_for_visible_structure,,,3057,16347,16354,2025-02-24 06:00:00+00:00,16350.0,2025-02-21 14:00:00+00:00,16350.0,2025-02-21 14:00:00+00:00,16350.0,2025-02-21 14:00:00+00:00
219,16,16406,16409,16418,4,3,2891.275,2929.965,2910.62,38.690000000000055,2.2893112790802346,0.684171028174082,0.684171028174082,0.6010766872296867,0.6010766872296867,2,3,0.9375,1.0,0.0,0.0,0.5836133367795269,0.9532386845692121,1.3360725945110223,0.0,0.4243050929841621,1,0,1,0.7710002584647244,0,1,0.5,0.625,0.5,0.7335957370496906,0.7081273068588161,0.6561398006588081,0.7335957370496906,0.6854924573778214,0.7335957370496906,0.6989280718538587,0.25,0.9375,1.0,2,1,4,2.0,16410.0,1,16410.0,16417.0,1.0,1,-1,9.0,0.4,0.3631556237520544,9,0.4166666666666667,0.5,0.5578247540230319,0.6041666666666666,0.5675811885057579,2025-03-06 22:00:00+00:00,2025-03-07 10:00:00+00:00,16409,2025-03-07 10:00:00+00:00,2025-03-10 21:00:00+00:00,accepted_breakout,0.17909316384645524,4.80275447924989,0.0,0.772332568120575,1,1,box_too_narrow_for_visible_structure,,,3071,16406,16413,2025-03-10 01:00:00+00:00,16409.0,2025-03-07 10:00:00+00:00,16409.0,2025-03-07 10:00:00+00:00,16409.0,2025-03-07 10:00:00+00:00
220,5,16644,16647,16648,4,3,3222.715,3272.55,3247.6325,49.835000000000036,1.8548400814069532,0.6346386929554533,0.6346386929554533,0.5412723995675357,0.5412723995675357,2,2,0.8,0.8261311738393642,3.269999999999982,0.12170817831244506,0.6830540784589132,0.5878839989128712,1.266956082494082,0.0,0.4644383956773371,1,1,0,0.9820407344236075,0,1,1.0,0.6,0.6,0.6978944584148141,0.6543472866084868,0.6079625518134074,0.6978944584148141,0.630116989533888,0.6978944584148141,0.625965270825651,0.25,0.8,0.8261311738393642,0,0,0,,16648.0,1,16648.0,,1.0,1,1,1.0,0.0,0.24767306506977735,1,0.7166666666666667,0.8333333333333334,0.4752897592449269,0.0625,0.23069743981123172,2025-05-02 13:00:00+00:00,2025-05-05 01:00:00+00:00,16647,2025-05-05 01:00:00+00:00,2025-05-05 05:00:00+00:00,accepted_breakout,30.371890582215695,0.0,0.0,0.4693887162098521,1,1,box_too_narrow_for_visible_structure,,,3107,16644,16647,2025-05-05 01:00:00+00:00,16647.0,2025-05-05 01:00:00+00:00,16647.0,2025-05-05 01:00:00+00:00,16647.0,2025-05-05 01:00:00+00:00
221,8,16950,16953,16955,4,3,3341.165,3375.035,3358.1,33.86999999999989,2.24704281537286,0.695656310749436,0.695656310749436,0.6073957894328201,0.6073957894328201,2,3,0.875,1.0,0.0,0.0,0.589754945379391,0.9218382025274859,1.325204612845374,2.0,0.35538525052238923,0,1,-1,0.8972542072630683,0,1,0.375,0.75,0.375,0.7362617830278939,0.7197241426090881,0.6689424564227751,0.7362617830278939,0.6971241693276478,0.7362617830278939,0.7082876485745119,0.25,0.875,1.0,0,0,0,,16955.0,-1,,16955.0,2.0,-1,-1,2.0,0.6,0.3246327571623844,2,0.5666666666666667,0.7000000000000001,0.5242866380693219,0.125,0.32148832618399714,2025-07-14 17:00:00+00:00,2025-07-15 05:00:00+00:00,16953,2025-07-15 05:00:00+00:00,2025-07-15 13:00:00+00:00,accepted_breakout,0.16911115239991528,9.294437941777376,0.0,0.6228965517241359,1,1,box_too_narrow_for_visible_structure,,,3158,16950,16954,2025-07-15 09:00:00+00:00,16953.0,2025-07-15 05:00:00+00:00,16953.0,2025-07-15 05:00:00+00:00,16953.0,2025-07-15 05:00:00+00:00
223,16,17391,17394,17395,7,3,4011.265,4161.505,4086.385,150.24000000000024,2.7549316359783225,0.6371254588128084,0.6371254588128084,0.5651156289932833,0.5651156289932833,2,2,1.0,0.820822565893705,6.839999999999691,0.1254242038744066,0.6765841320553776,0.8909886061780277,1.8639430298002948,0.0,0.46416085257553086,1,0,1,0.7097089101881446,0,1,0.5625,0.1875,0.1875,0.6930026242105015,0.6565347608946553,0.6118812986004261,0.6930026242105015,0.645852950520346,0.6930026242105015,0.6924326336115668,0.25,1.0,0.820822565893705,0,0,0,,,0,,,,0,0,,0.2,0.38857203031415316,1,0.6166666666666667,0.9166666666666666,0.3932823776964765,0.020833333333333332,0.19894559442411913,2025-10-24 05:00:00+00:00,2025-10-24 17:00:00+00:00,17394,2025-10-24 17:00:00+00:00,2025-10-26 21:00:00+00:00,superseded,6.138083348117213,4.704290963429923,0.0,1.2481515327739454,1,0,box_too_wide_for_visible_structure,,,3220,17391,17395,2025-10-26 21:00:00+00:00,17394.0,2025-10-24 17:00:00+00:00,17394.0,2025-10-24 17:00:00+00:00,17394.0,2025-10-24 17:00:00+00:00
226,12,17393,17396,17399,4,3,4043.625,4154.895,4099.26,111.27000000000044,2.068092461121822,0.6663009877294397,0.6663009877294397,0.5608794802162299,0.5608794802162299,2,3,1.0,1.0,0.0,0.0,0.22679068931428084,1.5990683462983366,0.4690241148234856,0.0,0.4670734593128505,0,1,-1,0.7920373865372495,0,1,0.5,1.0,0.5,0.7079417572041247,0.6917302166585889,0.6382779123130047,0.7079417572041247,0.6627591951431431,0.7079417572041247,0.6537797177725277,0.25,1.0,1.0,1,1,2,2.0,17397.0,-1,,17397.0,1.0,-1,-1,3.0,0.2,0.3524158370758205,3,0.5166666666666667,0.5833333333333334,0.5496331656003504,0.35416666666666663,0.44136662473342086,2025-10-24 13:00:00+00:00,2025-10-27 01:00:00+00:00,17396,2025-10-27 01:00:00+00:00,2025-10-27 13:00:00+00:00,accepted_breakout,7.823634728218856,34.9065631044567,0.0,0.6651721664275484,0,1,box_too_narrow_for_visible_structure,,,3223,17393,17396,2025-10-27 01:00:00+00:00,17396.0,2025-10-27 01:00:00+00:00,17396.0,2025-10-27 01:00:00+00:00,17396.0,2025-10-27 01:00:00+00:00
227,8,17412,17417,17450,7,5,3915.525,4030.24,3972.8824999999997,114.71499999999969,2.2450680617072334,0.7380335832353031,0.7380335832353031,0.5824194270488636,0.5824194270488636,2,2,0.875,1.0,0.0,0.0,0.7495096543608094,0.5623678747605526,1.6827001869466809,0.0,0.48799961717481327,1,0,1,0.8786703279141042,0,1,0.25,0.625,0.25,0.7435822157589568,0.7552237105244559,0.72270609510863,0.7435822157589568,0.7189258028174712,0.7435822157589568,0.6387694028211838,0.25,0.875,1.0,3,3,6,2.0,17419.0,1,17419.0,,2.0,1,0,,0.2,0.41603127090114167,33,0.3,0.21052631578947367,0.7413330650563013,0.8333333333333333,0.7748946697728473,2025-10-29 17:00:00+00:00,2025-10-30 13:00:00+00:00,17417,2025-10-30 13:00:00+00:00,2025-11-07 02:00:00+00:00,superseded,7.278175783933517,0.0,0.0,0.8753195223379484,1,1,box_not_visually_real,,,3229,17412,17418,2025-10-30 17:00:00+00:00,17417.0,2025-10-30 13:00:00+00:00,17417.0,2025-10-30 13:00:00+00:00,17417.0,2025-10-30 13:00:00+00:00
229,16,17420,17423,17450,7,3,3915.525,4046.58,3981.0525,131.05499999999984,2.7376989422538065,0.635404073913733,0.635404073913733,0.5587482209417926,0.5587482209417926,2,2,1.0,0.9610556405474036,1.305000000000291,0.02726105161681751,0.49769180878257213,1.375168603781375,1.3625303384724317,0.0,0.46126528205183187,2,0,1,0.6378746836569871,0,1,0.8125,0.4375,0.4375,0.7255845758455661,0.6584534316181179,0.6016137331329564,0.7255845758455661,0.6273822952293266,0.7255845758455661,0.6167771466444842,0.25,1.0,0.9610556405474036,0,0,0,,,0,,,,0,0,,1.0,0.47310287957398334,27,0.4666666666666667,0.7000000000000001,0.3965963572588834,0.25,0.35331575598138754,2025-10-31 01:00:00+00:00,2025-10-31 13:00:00+00:00,17423,2025-10-31 13:00:00+00:00,2025-11-07 02:00:00+00:00,superseded,0.0,4.825220113181957,0.0,1.112096397810684,1,1,box_not_visually_real,,,3236,17420,17427,2025-11-03 06:00:00+00:00,17423.0,2025-10-31 13:00:00+00:00,17423.0,2025-10-31 13:00:00+00:00,17423.0,2025-10-31 13:00:00+00:00
230,16,17438,17441,17450,7,3,3928.735,4030.755,3979.745,102.01999999999998,2.959401035293766,0.6200511026680443,0.6200511026680443,0.5783693218874045,0.5783693218874045,2,3,0.9375,1.0,0.0,0.0,0.5233287590668485,1.4106613639123327,1.5487396713814332,0.0,0.47729232568188185,0,0,0,0.9394889890871042,0,1,0.25,0.75,0.25,0.6607174885277941,0.6521107837739761,0.5866143488015017,0.6607174885277941,0.6454617263881028,0.6607174885277941,0.792275901904062,0.25,0.9375,1.0,0,0,0,,,0,,,,0,0,,0.4,0.3521644548403001,9,0.4666666666666667,0.75,0.30396133936658354,0.1875,0.2982820015083125,2025-11-05 02:00:00+00:00,2025-11-05 14:00:00+00:00,17441,2025-11-05 14:00:00+00:00,2025-11-07 02:00:00+00:00,superseded,3.777791474243539,0.20781232170473088,0.0,1.1307287337212533,1,1,box_not_visually_real,,,3247,17438,17441,2025-11-05 14:00:00+00:00,17441.0,2025-11-05 14:00:00+00:00,17441.0,2025-11-05 14:00:00+00:00,17441.0,2025-11-05 14:00:00+00:00
231,8,17446,17450,17455,4,4,3964.53,4019.575,3992.0525,55.04499999999962,1.8974910049820886,0.72514708238599,0.72514708238599,0.6062907013608072,0.6062907013608072,3,2,1.0,0.989412284336934,0.21500000000014552,0.007411400964146207,0.5528204196566454,0.8485192313131804,1.048971773668908,0.0,0.30566063170587865,0,1,-1,0.9743543161655607,0,1,0.625,0.625,0.625,0.7113482589176199,0.7463231473216548,0.7095669995949708,0.7113482589176199,0.7331267461012116,0.7113482589176199,0.753853436672807,0.25,1.0,0.989412284336934,1,1,2,2.0,17453.0,1,17453.0,,3.0,1,1,5.0,0.2,0.2008612661119581,5,0.25,0.39814814814814814,0.5168251932657862,0.4791666666666667,0.5672850020201503,2025-11-06 10:00:00+00:00,2025-11-07 02:00:00+00:00,17450,2025-11-07 02:00:00+00:00,2025-11-09 22:00:00+00:00,accepted_breakout,35.230733544706,0.5770778344270129,0.0,0.45567052980132067,1,1,box_too_narrow_for_visible_structure,,,3251,17446,17450,2025-11-07 02:00:00+00:00,17450.0,2025-11-07 02:00:00+00:00,17450.0,2025-11-07 02:00:00+00:00,17450.0,2025-11-07 02:00:00+00:00
232,12,17532,17535,17539,4,3,4110.89,4173.475,4142.182500000001,62.585000000000036,2.1812941066075022,0.6527629831443269,0.6527629831443269,0.5570155609321903,0.5570155609321903,6,2,1.0,0.9417451898622231,1.1700000000000728,0.04077836709644379,0.7640009586961664,0.5147833179610728,1.6665107886464294,2.0,0.6209911123891328,2,0,1,0.6425394796410375,0,1,0.8333333333333334,0.16666666666666663,0.16666666666666663,0.690754119322432,0.6735176434338298,0.6292504867126475,0.690754119322432,0.6565697875449628,0.690754119322432,0.6773126774318594,0.25,1.0,0.9417451898622231,0,0,0,,17539.0,1,17539.0,,4.0,1,1,4.0,0.8,0.5159463213117041,4,0.2666666666666667,0.4761904761904762,0.5380693794758017,0.25,0.47344591629752186,2025-11-26 18:00:00+00:00,2025-11-27 06:00:00+00:00,17535,2025-11-27 06:00:00+00:00,2025-11-27 22:00:00+00:00,accepted_breakout,9.074888131791916,11.823256626365866,0.0,1.105937444778227,1,0,box_not_visually_real,,,3273,17532,17535,2025-11-27 06:00:00+00:00,17535.0,2025-11-27 06:00:00+00:00,17535.0,2025-11-27 06:00:00+00:00,17535.0,2025-11-27 06:00:00+00:00
233,12,17567,17570,17597,4,3,4175.19,4241.555,4208.3724999999995,66.36500000000069,2.4952148412150534,0.6774979822393776,0.6774979822393776,0.6147197950777151,0.6147197950777151,2,2,0.9166666666666666,1.0,0.0,0.0,0.6847736005424568,0.7865575902692467,1.7086572509458067,0.0,0.5039970845851899,0,0,0,0.9250860142143207,0,1,0.25,0.5833333333333333,0.25,0.7376504671059244,0.702199116621392,0.6471246317798383,0.7376504671059244,0.6841789472991111,0.7376504671059244,0.7222472396930945,0.25,0.9166666666666666,1.0,3,3,6,2.0,17573.0,1,17573.0,17583.0,3.0,1,1,27.0,0.0,0.4553979184802406,27,0.3166666666666667,0.11666666666666665,0.6932279151509513,0.875,0.7928903121210711,2025-12-04 14:00:00+00:00,2025-12-05 02:00:00+00:00,17570,2025-12-05 02:00:00+00:00,2025-12-11 14:00:00+00:00,accepted_breakout,17.778028275272046,2.0198661521048495,0.0,0.5732734418865849,1,1,box_too_narrow_for_visible_structure,,,3281,17567,17572,2025-12-05 10:00:00+00:00,17570.0,2025-12-05 02:00:00+00:00,17570.0,2025-12-05 02:00:00+00:00,17570.0,2025-12-05 02:00:00+00:00
234,12,17615,17618,17624,7,3,4271.62,4350.305,4310.9625,78.6850000000004,2.698307180081571,0.6421654096409163,0.6421654096409163,0.5885862623983871,0.5885862623983871,2,3,1.0,1.0,0.0,0.0,0.7905572853784026,0.5651407806792317,2.1331663994023393,1.0,0.4729679635151387,1,0,1,0.747495287115298,0,1,0.16666666666666663,0.6666666666666667,0.16666666666666663,0.7221991322331316,0.6667984374770034,0.6086682706438487,0.7221991322331316,0.648517233244251,0.7221991322331316,0.691652749979551,0.25,1.0,1.0,0,0,0,,,0,,,,0,0,,0.0,0.4729679635151387,6,0.4666666666666667,0.7777777777777777,0.3541716961381594,0.125,0.283404035145651,2025-12-16 14:00:00+00:00,2025-12-17 02:00:00+00:00,17618,2025-12-17 02:00:00+00:00,2025-12-18 02:00:00+00:00,superseded,0.5040197091123882,0.8857405182193069,0.5367465908894349,1.0500433709214778,1,1,edge_partially_matches_chart,,,3292,17615,17618,2025-12-17 02:00:00+00:00,17618.0,2025-12-17 02:00:00+00:00,17618.0,2025-12-17 02:00:00+00:00,17618.0,2025-12-17 02:00:00+00:00
235,16,17619,17624,17633,4,5,4271.62,4348.945,4310.282499999999,77.32499999999982,2.8904811877065906,0.684412572246307,0.684412572246307,0.5523325798914,0.5523325798914,3,3,1.0,0.9273741736588119,1.360000000000582,0.05083807843883162,0.7979308115098604,0.5840771879458854,2.3064039997607053,0.0,0.7443725049387793,3,0,1,0.37508352193123673,0,1,0.875,0.375,0.375,0.7197227053754448,0.6990607214560188,0.6664585056094872,0.7197227053754448,0.6686824049376947,0.7197227053754448,0.6123735705574611,0.5,1.0,0.9273741736588119,1,1,2,2.0,17627.0,1,17627.0,,3.0,1,1,9.0,1.0,0.7341703286072372,9,0.15,0.36904761904761907,0.5755484895436044,0.5625,0.6369525985763773,2025-12-17 06:00:00+00:00,2025-12-18 02:00:00+00:00,17624,2025-12-18 02:00:00+00:00,2025-12-19 14:00:00+00:00,accepted_breakout,12.366453084706366,10.679882689184092,0.0,0.9406934306569342,1,0,box_not_visually_real,,,3296,17619,17626,2025-12-18 10:00:00+00:00,17624.0,2025-12-18 02:00:00+00:00,17624.0,2025-12-18 02:00:00+00:00,17624.0,2025-12-18 02:00:00+00:00
236,12,17726,17731,17739,7,5,4569.65,4643.09,4606.37,73.44000000000051,2.2183963664805044,0.707598756009812,0.707598756009812,0.5499296471416182,0.5499296471416182,5,2,1.0,0.9531792705876243,1.0850000000000364,0.03277451058866301,0.4163943355119787,1.294668685557667,0.9237276809228376,2.0,0.38552464519076957,2,0,1,0.8004266521423427,0,1,0.9166666666666666,0.41666666666666663,0.41666666666666663,0.7107602318641653,0.723445385144116,0.6937817514003002,0.7107602318641653,0.6914643007616115,0.7107602318641653,0.622867230719225,0.25,1.0,0.9531792705876243,0,0,0,,,0,,,,0,0,,0.8,0.3645888567164281,8,0.4,0.7948717948717948,0.3893193800724305,0.16666666666666666,0.316688819377082,2026-01-14 02:00:00+00:00,2026-01-14 22:00:00+00:00,17731,2026-01-14 22:00:00+00:00,2026-01-16 06:00:00+00:00,superseded,0.0,14.88687977450754,0.0,0.6898041609918791,1,1,box_too_narrow_for_visible_structure,,,3316,17726,17732,2026-01-15 02:00:00+00:00,17731.0,2026-01-14 22:00:00+00:00,17731.0,2026-01-14 22:00:00+00:00,17731.0,2026-01-14 22:00:00+00:00
237,12,17736,17739,17743,4,3,4581.12,4643.09,4612.105,61.970000000000255,2.022307621477105,0.7077505873939454,0.7077505873939454,0.5662965291491346,0.5662965291491346,3,4,1.0,1.0,0.0,0.0,0.3179764402130038,1.3792614429841883,0.6430461784929166,0.0,0.5606856584371176,0,0,0,0.7507933946533235,0,1,0.25,0.6666666666666667,0.25,0.7326716919635082,0.7289883786296585,0.6859234660248165,0.7326716919635082,0.6902713704052603,0.7326716919635082,0.6215331627173514,0.5,1.0,1.0,1,1,2,2.0,17741.0,-1,17743.0,17741.0,2.0,-1,1,4.0,0.2,0.5057671888012139,4,0.2666666666666667,0.4761904761904762,0.6384474363646446,0.41666666666666663,0.5568737638530659,2026-01-15 18:00:00+00:00,2026-01-16 06:00:00+00:00,17739,2026-01-16 06:00:00+00:00,2026-01-18 22:00:00+00:00,accepted_breakout,23.65861627176878,22.002092820824405,0.0,0.40159419350657827,0,1,box_too_narrow_for_visible_structure,,,3321,17736,17740,2026-01-16 10:00:00+00:00,17739.0,2026-01-16 06:00:00+00:00,17739.0,2026-01-16 06:00:00+00:00,17739.0,2026-01-16 06:00:00+00:00
238,12,17844,17847,17849,4,3,4982.785,5086.65,5034.7175,103.86499999999978,1.5094062361330538,0.5707861839296503,0.5707861839296503,0.49951028927599084,0.49951028927599084,3,2,1.0,0.7117397502429963,13.885000000000218,0.20178217482990254,0.771578491310841,0.34478084968233724,1.1646253864507168,0.0,0.694877505196324,1,0,1,0.5859850125964694,0,1,0.6666666666666667,0.33333333333333337,0.33333333333333337,0.6285991241270491,0.5881366958440389,0.5469616834899801,0.6285991241270491,0.5855861675571651,0.6285991241270491,0.6577340791177869,0.25,1.0,0.7117397502429963,1,0,0,0.0,17848.0,1,17848.0,,1.0,1,0,2.0,0.4,0.4935977745645666,2,0.6166666666666667,0.7833333333333333,0.35886017361533085,0.20833333333333331,0.28263171007049936,2026-02-10 18:00:00+00:00,2026-02-11 06:00:00+00:00,17847,2026-02-11 06:00:00+00:00,2026-02-11 14:00:00+00:00,accepted_breakout,21.65421025670072,10.716134339976557,0.0,0.8628452751817219,1,0,box_not_visually_real,,,3336,17844,17847,2026-02-11 06:00:00+00:00,17847.0,2026-02-11 06:00:00+00:00,17847.0,2026-02-11 06:00:00+00:00,17847.0,2026-02-11 06:00:00+00:00
240,16,17949,17952,17957,7,3,5050.89,5206.265,5128.5775,155.375,2.431018141524624,0.6617180455537293,0.6617180455537293,0.5756355100689974,0.5756355100689974,2,3,0.9375,1.0,0.0,0.0,0.7770555108608185,0.5419820976502898,1.8890360438743343,0.0,0.34450502890199614,1,1,0,0.9483507642799702,0,1,0.375,0.875,0.375,0.7452095865278976,0.6846366734705528,0.6291077515477306,0.7452095865278976,0.6496470386495375,0.7452095865278976,0.6207463432111209,0.25,0.9375,1.0,1,1,2,2.0,17953.0,-1,,17953.0,1.0,-1,0,,0.2,0.34450502890199614,5,0.4166666666666667,0.5416666666666666,0.5305734343221877,0.39583333333333337,0.4795183585805469,2026-03-06 06:00:00+00:00,2026-03-06 18:00:00+00:00,17952,2026-03-06 18:00:00+00:00,2026-03-09 13:00:00+00:00,superseded,12.190365630679537,14.724283372706992,0.0,0.9618658495062998,0,1,box_not_visually_real,,,3357,17949,17952,2026-03-06 18:00:00+00:00,17952.0,2026-03-06 18:00:00+00:00,17952.0,2026-03-06 18:00:00+00:00,17952.0,2026-03-06 18:00:00+00:00
242,12,17954,17957,17961,4,3,5015.095,5176.63,5095.8625,161.53499999999985,2.3817120366663933,0.6632478423844665,0.6632478423844665,0.612726546755978,0.612726546755978,3,2,0.9166666666666666,1.0,0.0,0.0,0.5549571300337364,1.0599639602312065,1.3217480764351868,1.0,0.5217356272793718,0,0,0,0.9630730182313461,0,1,0.6666666666666667,0.75,0.6666666666666667,0.7357885999407658,0.6879872262643899,0.630860238716323,0.7357885999407658,0.6717883472922135,0.7357885999407658,0.7212468064996412,0.25,0.9166666666666666,1.0,1,0,0,0.0,17960.0,1,17960.0,,3.0,1,0,4.0,0.2,0.36699969304394614,4,0.3166666666666667,0.5595238095238095,0.5400553775641552,0.3333333333333333,0.4764424158196102,2026-03-09 01:00:00+00:00,2026-03-09 13:00:00+00:00,17957,2026-03-09 13:00:00+00:00,2026-03-10 05:00:00+00:00,accepted_breakout,26.0107011453447,0.0,0.0,0.7228001879320763,1,1,box_too_narrow_for_visible_structure,,,3360,17954,17957,2026-03-09 13:00:00+00:00,17957.0,2026-03-09 13:00:00+00:00,17957.0,2026-03-09 13:00:00+00:00,17957.0,2026-03-09 13:00:00+00:00
