candidate_lineage_id,candidate_lookback_bars,birth_idx,birth_timestamp,last_idx,last_timestamp,raw_candidate_flag,maturity_pass_flag,maturity_pass_idx,maturity_pass_timestamp,viability_pass_flag,viability_pass_idx,viability_pass_timestamp,confirmed_flag,duplicate_suppressed_flag,range_confirm_idx,range_confirm_timestamp,failed_dwell,failed_boundary_stability,failed_same_lineage_continuation,failed_candidate_eligibility_before_maturity,range_recent_expansion_veto_flag,range_viability_gate_pass,range_recent_pressure_imbalance,range_recent_equilibrium_score,range_recent_two_sided_freshness_score,range_recent_upper_pressure_count,range_recent_lower_pressure_count,range_recent_pressure_dominant_side,range_strength_viability,viability_fail_due_to_pressure,viability_fail_due_to_equilibrium,viability_fail_due_to_freshness,viability_fail_due_to_score_threshold,viability_fail_multiple_reasons,expansion_veto_seen_flag,low_viability_reject_seen_flag
1,5,13,2014-06-26 17:00:00+00:00,14,2014-06-26 21:00:00+00:00,1,0,,,0,,,0,0,,,1,0,1,1,0,0,,,,,,0,,0,0,0,0,0,0,0
3,5,16,2014-06-27 05:00:00+00:00,19,2014-06-27 17:00:00+00:00,1,1,19.0,2014-06-27 17:00:00+00:00,0,,,0,0,,,0,0,0,0,0,0,0.45102221870069636,0.9340520396619278,0.4,0.0,2.0,-1,0.5212753996290376,0,0,0,1,0,0,1
8,5,31,2014-07-01 17:00:00+00:00,33,2014-07-02 01:00:00+00:00,1,0,,,0,,,0,0,,,1,0,0,1,0,0,,,,,,0,,0,0,0,0,0,0,0
12,5,77,2014-07-11 13:00:00+00:00,79,2014-07-13 21:00:00+00:00,1,0,,,0,,,0,0,,,1,0,0,1,0,0,,,,,,0,,0,0,0,0,0,0,0
14,5,88,2014-07-15 09:00:00+00:00,88,2014-07-15 09:00:00+00:00,1,0,,,0,,,0,0,,,1,0,0,1,0,0,,,,,,0,,0,0,0,0,0,0,0
15,5,96,2014-07-16 17:00:00+00:00,97,2014-07-16 21:00:00+00:00,1,0,,,0,,,0,0,,,1,0,1,1,0,0,,,,,,0,,0,0,0,0,0,0,0
16,5,99,2014-07-17 05:00:00+00:00,100,2014-07-17 09:00:00+00:00,1,0,,,0,,,0,0,,,1,0,0,1,0,0,,,,,,0,,0,0,0,0,0,0,0
19,5,140,2014-07-28 01:00:00+00:00,140,2014-07-28 01:00:00+00:00,1,0,,,0,,,0,0,,,1,0,1,1,0,0,,,,,,0,,0,0,0,0,0,0,0
20,5,142,2014-07-28 09:00:00+00:00,142,2014-07-28 09:00:00+00:00,1,0,,,0,,,0,0,,,1,0,0,1,0,0,,,,,,0,,0,0,0,0,0,0,0
22,5,145,2014-07-28 21:00:00+00:00,146,2014-07-29 01:00:00+00:00,1,0,,,0,,,0,0,,,1,0,0,1,0,0,,,,,,0,,0,0,0,0,0,0,0
25,5,171,2014-08-04 05:00:00+00:00,171,2014-08-04 05:00:00+00:00,1,0,,,0,,,0,0,,,1,0,0,1,0,0,,,,,,0,,0,0,0,0,0,0,0
27,5,175,2014-08-04 21:00:00+00:00,175,2014-08-04 21:00:00+00:00,1,0,,,0,,,0,0,,,1,0,0,1,0,0,,,,,,0,,0,0,0,0,0,0,0
28,5,190,2014-08-07 09:00:00+00:00,190,2014-08-07 09:00:00+00:00,1,0,,,0,,,0,0,,,1,0,1,1,0,0,,,,,,0,,0,0,0,0,0,0,0
29,5,192,2014-08-07 17:00:00+00:00,193,2014-08-07 21:00:00+00:00,1,0,,,0,,,0,0,,,1,0,0,1,0,0,,,,,,0,,0,0,0,0,0,0,0
31,5,202,2014-08-11 09:00:00+00:00,203,2014-08-11 13:00:00+00:00,1,0,,,0,,,0,0,,,1,0,0,1,0,0,,,,,,0,,0,0,0,0,0,0,0
33,5,225,2014-08-15 05:00:00+00:00,225,2014-08-15 05:00:00+00:00,1,0,,,0,,,0,0,,,1,0,0,1,0,0,,,,,,0,,0,0,0,0,0,0,0
34,5,233,2014-08-18 13:00:00+00:00,235,2014-08-18 21:00:00+00:00,1,0,,,0,,,0,0,,,1,0,1,1,0,0,,,,,,0,,0,0,0,0,0,0,0
36,5,237,2014-08-19 05:00:00+00:00,237,2014-08-19 05:00:00+00:00,1,0,,,0,,,0,0,,,1,0,0,1,0,0,,,,,,0,,0,0,0,0,0,0,0
39,5,271,2014-08-26 21:00:00+00:00,271,2014-08-26 21:00:00+00:00,1,0,,,0,,,0,0,,,1,0,1,1,0,0,,,,,,0,,0,0,0,0,0,0,0
40,5,273,2014-08-27 05:00:00+00:00,274,2014-08-27 09:00:00+00:00,1,0,,,0,,,0,0,,,1,0,1,1,0,0,,,,,,0,,0,0,0,0,0,0,0
42,5,276,2014-08-27 17:00:00+00:00,278,2014-08-28 01:00:00+00:00,1,0,,,0,,,0,0,,,1,0,0,1,0,0,,,,,,0,,0,0,0,0,0,0,0
46,5,327,2014-09-09 09:00:00+00:00,327,2014-09-09 09:00:00+00:00,1,0,,,0,,,0,0,,,1,0,0,1,0,0,,,,,,0,,0,0,0,0,0,0,0
47,5,345,2014-09-12 09:00:00+00:00,345,2014-09-12 09:00:00+00:00,1,0,,,0,,,0,0,,,1,0,0,1,0,0,,,,,,0,,0,0,0,0,0,0,0
48,5,354,2014-09-15 21:00:00+00:00,355,2014-09-16 01:00:00+00:00,1,0,,,0,,,0,0,,,1,0,1,1,0,0,,,,,,0,,0,0,0,0,0,0,0
49,5,357,2014-09-16 09:00:00+00:00,361,2014-09-17 01:00:00+00:00,1,1,361.0,2014-09-17 01:00:00+00:00,1,361.0,2014-09-17 01:00:00+00:00,1,0,361.0,2014-09-17 01:00:00+00:00,0,0,0,0,0,1,0.37210349981402696,0.9078687994829556,0.4,0.0,2.0,-1,0.5838968500005509,0,0,0,0,0,0,1
54,5,374,2014-09-19 05:00:00+00:00,374,2014-09-19 05:00:00+00:00,1,0,,,0,,,0,0,,,1,0,0,1,0,0,,,,,,0,,0,0,0,0,0,0,0
56,5,385,2014-09-23 01:00:00+00:00,385,2014-09-23 01:00:00+00:00,1,0,,,0,,,0,0,,,1,0,0,1,0,0,,,,,,0,,0,0,0,0,0,0,0
57,5,394,2014-09-24 13:00:00+00:00,394,2014-09-24 13:00:00+00:00,1,0,,,0,,,0,0,,,1,0,0,1,0,0,,,,,,0,,0,0,0,0,0,0,0
59,5,418,2014-09-30 13:00:00+00:00,419,2014-09-30 17:00:00+00:00,1,0,,,0,,,0,0,,,1,0,0,1,0,0,,,,,,0,,0,0,0,0,0,0,0
66,5,430,2014-10-02 13:00:00+00:00,431,2014-10-02 17:00:00+00:00,1,0,,,0,,,0,0,,,1,0,0,1,0,0,,,,,,0,,0,0,0,0,0,0,0
68,5,447,2014-10-07 09:00:00+00:00,450,2014-10-07 21:00:00+00:00,1,1,450.0,2014-10-07 21:00:00+00:00,0,,,0,0,,,0,0,0,0,0,0,0.513783430656462,0.6570416780168828,0.4,2.0,0.0,1,0.5395074269350514,0,0,0,1,0,0,1
71,5,456,2014-10-08 21:00:00+00:00,456,2014-10-08 21:00:00+00:00,1,0,,,0,,,0,0,,,1,0,0,1,0,0,,,,,,0,,0,0,0,0,0,0,0
72,5,477,2014-10-14 09:00:00+00:00,478,2014-10-14 13:00:00+00:00,1,0,,,0,,,0,0,,,1,0,0,1,0,0,,,,,,0,,0,0,0,0,0,0,0
75,5,516,2014-10-22 21:00:00+00:00,516,2014-10-22 21:00:00+00:00,1,0,,,0,,,0,0,,,1,0,0,1,0,0,,,,,,0,,0,0,0,0,0,0,0
77,5,525,2014-10-24 09:00:00+00:00,527,2014-10-24 17:00:00+00:00,1,0,,,0,,,0,0,,,1,0,0,1,0,0,,,,,,0,,0,0,0,0,0,0,0
78,5,532,2014-10-27 13:00:00+00:00,532,2014-10-27 13:00:00+00:00,1,0,,,0,,,0,0,,,1,0,0,1,0,0,,,,,,0,,0,0,0,0,0,0,0
81,5,542,2014-10-29 05:00:00+00:00,542,2014-10-29 05:00:00+00:00,1,0,,,0,,,0,0,,,1,0,0,1,0,0,,,,,,0,,0,0,0,0,0,0,0
82,5,560,2014-11-03 06:00:00+00:00,560,2014-11-03 06:00:00+00:00,1,0,,,0,,,0,0,,,1,0,0,1,0,0,,,,,,0,,0,0,0,0,0,0,0
83,5,563,2014-11-03 18:00:00+00:00,566,2014-11-04 06:00:00+00:00,1,0,,,0,,,0,0,,,0,0,0,1,0,0,,,,,,0,,0,0,0,0,0,0,0
88,5,579,2014-11-06 10:00:00+00:00,580,2014-11-06 14:00:00+00:00,1,0,,,0,,,0,0,,,1,0,0,1,0,0,,,,,,0,,0,0,0,0,0,0,0
90,5,604,2014-11-12 14:00:00+00:00,604,2014-11-12 14:00:00+00:00,1,0,,,0,,,0,0,,,1,0,1,1,0,0,,,,,,0,,0,0,0,0,0,0,0
91,5,606,2014-11-12 22:00:00+00:00,606,2014-11-12 22:00:00+00:00,1,0,,,0,,,0,0,,,1,0,0,1,0,0,,,,,,0,,0,0,0,0,0,0,0
95,5,622,2014-11-17 14:00:00+00:00,624,2014-11-17 22:00:00+00:00,1,0,,,0,,,0,0,,,1,0,0,1,0,0,,,,,,0,,0,0,0,0,0,0,0
97,5,633,2014-11-19 10:00:00+00:00,633,2014-11-19 10:00:00+00:00,1,0,,,0,,,0,0,,,1,0,0,1,0,0,,,,,,0,,0,0,0,0,0,0,0
98,5,636,2014-11-19 22:00:00+00:00,640,2014-11-20 14:00:00+00:00,1,1,640.0,2014-11-20 14:00:00+00:00,0,,,0,0,,,0,0,0,0,0,0,0.6915477931405309,0.6016554831757925,0.4,2.0,0.0,1,0.4584709240891809,1,0,0,1,0,0,1
102,5,643,2014-11-21 02:00:00+00:00,643,2014-11-21 02:00:00+00:00,1,0,,,0,,,0,0,,,1,0,0,1,0,0,,,,,,0,,0,0,0,0,0,0,0
104,5,646,2014-11-21 14:00:00+00:00,646,2014-11-21 14:00:00+00:00,1,0,,,0,,,0,0,,,1,0,0,1,0,0,,,,,,0,,0,0,0,0,0,0,0
107,5,651,2014-11-24 10:00:00+00:00,653,2014-11-24 18:00:00+00:00,1,0,,,0,,,0,0,,,1,0,0,1,0,0,,,,,,0,,0,0,0,0,0,0,0
110,5,658,2014-11-25 14:00:00+00:00,661,2014-11-26 02:00:00+00:00,1,1,661.0,2014-11-26 02:00:00+00:00,0,,,0,0,,,0,0,1,0,0,0,0.6896989857013635,0.4861253046144205,0.4,3.0,0.0,1,0.5261742367121398,1,0,0,1,0,0,1
114,5,663,2014-11-26 10:00:00+00:00,666,2014-11-26 22:00:00+00:00,1,1,666.0,2014-11-26 22:00:00+00:00,0,,,0,0,,,0,0,0,0,0,0,0.46016859605880417,0.9706539074960054,0.4,1.0,0.0,1,0.5731598116648733,0,0,0,1,0,0,1
117,5,687,2014-12-02 14:00:00+00:00,687,2014-12-02 14:00:00+00:00,1,0,,,0,,,0,0,,,1,0,0,1,0,0,,,,,,0,,0,0,0,0,0,0,0
118,5,690,2014-12-03 02:00:00+00:00,690,2014-12-03 02:00:00+00:00,1,0,,,0,,,0,0,,,1,0,0,1,0,0,,,,,,0,,0,0,0,0,0,0,0
122,5,699,2014-12-04 14:00:00+00:00,702,2014-12-05 02:00:00+00:00,1,1,702.0,2014-12-05 02:00:00+00:00,1,702.0,2014-12-05 02:00:00+00:00,1,0,702.0,2014-12-05 02:00:00+00:00,0,0,0,0,0,1,0.6667968684419565,0.5570922269299297,0.4,0.0,2.0,-1,0.6505328921989727,1,0,0,0,0,0,0
124,5,728,2014-12-11 10:00:00+00:00,729,2014-12-11 14:00:00+00:00,1,0,,,0,,,0,0,,,1,0,0,1,0,0,,,,,,0,,0,0,0,0,0,0,0
129,5,737,2014-12-14 22:00:00+00:00,738,2014-12-15 02:00:00+00:00,1,0,,,0,,,0,0,,,1,0,0,1,0,0,,,,,,0,,0,0,0,0,0,0,0
133,5,752,2014-12-17 10:00:00+00:00,752,2014-12-17 10:00:00+00:00,1,0,,,0,,,0,0,,,1,0,0,1,0,0,,,,,,0,,0,0,0,0,0,0,0
134,5,764,2014-12-19 10:00:00+00:00,768,2014-12-22 02:00:00+00:00,1,1,768.0,2014-12-22 02:00:00+00:00,1,768.0,2014-12-22 02:00:00+00:00,1,0,768.0,2014-12-22 02:00:00+00:00,0,0,0,0,0,1,0.3645134057331427,0.932835105873334,0.8,1.0,2.0,-1,0.5818052031649409,0,0,0,0,0,0,0
137,5,784,2014-12-24 18:00:00+00:00,784,2014-12-24 18:00:00+00:00,1,0,,,0,,,0,0,,,1,0,0,1,0,0,,,,,,0,,0,0,0,0,0,0,0
140,5,793,2014-12-29 06:00:00+00:00,793,2014-12-29 06:00:00+00:00,1,0,,,0,,,0,0,,,1,0,0,1,0,0,,,,,,0,,0,0,0,0,0,0,0
141,5,809,2015-01-01 22:00:00+00:00,809,2015-01-01 22:00:00+00:00,1,0,,,0,,,0,0,,,1,0,0,1,0,0,,,,,,0,,0,0,0,0,0,0,0
142,5,824,2015-01-06 10:00:00+00:00,824,2015-01-06 10:00:00+00:00,1,0,,,0,,,0,0,,,1,0,0,1,0,0,,,,,,0,,0,0,0,0,0,0,0
143,5,832,2015-01-07 18:00:00+00:00,835,2015-01-08 06:00:00+00:00,1,0,,,0,,,0,0,,,0,0,0,1,0,0,,,,,,0,,0,0,0,0,0,0,0
148,5,848,2015-01-12 10:00:00+00:00,849,2015-01-12 14:00:00+00:00,1,0,,,0,,,0,0,,,1,0,0,1,0,0,,,,,,0,,0,0,0,0,0,0,0
149,5,855,2015-01-13 14:00:00+00:00,855,2015-01-13 14:00:00+00:00,1,0,,,0,,,0,0,,,1,0,0,1,0,0,,,,,,0,,0,0,0,0,0,0,0
153,5,878,2015-01-19 10:00:00+00:00,878,2015-01-19 10:00:00+00:00,1,0,,,0,,,0,0,,,1,0,0,1,0,0,,,,,,0,,0,0,0,0,0,0,0
155,5,900,2015-01-23 06:00:00+00:00,900,2015-01-23 06:00:00+00:00,1,0,,,0,,,0,0,,,1,0,0,1,0,0,,,,,,0,,0,0,0,0,0,0,0
157,5,915,2015-01-27 18:00:00+00:00,915,2015-01-27 18:00:00+00:00,1,0,,,0,,,0,0,,,1,0,0,1,0,0,,,,,,0,,0,0,0,0,0,0,0
158,5,918,2015-01-28 06:00:00+00:00,920,2015-01-28 14:00:00+00:00,1,0,,,0,,,0,0,,,1,0,1,1,0,0,,,,,,0,,0,0,0,0,0,0,0
159,5,922,2015-01-28 22:00:00+00:00,922,2015-01-28 22:00:00+00:00,1,0,,,0,,,0,0,,,1,0,0,1,0,0,,,,,,0,,0,0,0,0,0,0,0
163,5,951,2015-02-04 18:00:00+00:00,951,2015-02-04 18:00:00+00:00,1,0,,,0,,,0,0,,,1,0,0,1,0,0,,,,,,0,,0,0,0,0,0,0,0
168,5,969,2015-02-09 18:00:00+00:00,972,2015-02-10 06:00:00+00:00,1,0,,,0,,,0,0,,,0,0,1,1,0,0,,,,,,0,,0,0,0,0,0,0,0
170,5,974,2015-02-10 14:00:00+00:00,974,2015-02-10 14:00:00+00:00,1,0,,,0,,,0,0,,,1,0,0,1,0,0,,,,,,0,,0,0,0,0,0,0,0
174,5,979,2015-02-11 10:00:00+00:00,979,2015-02-11 10:00:00+00:00,1,0,,,0,,,0,0,,,1,0,0,1,0,0,,,,,,0,,0,0,0,0,0,0,0
176,5,990,2015-02-13 06:00:00+00:00,991,2015-02-13 10:00:00+00:00,1,0,,,0,,,0,0,,,1,0,0,1,0,0,,,,,,0,,0,0,0,0,0,0,0
178,5,1032,2015-02-24 10:00:00+00:00,1032,2015-02-24 10:00:00+00:00,1,0,,,0,,,0,0,,,1,0,0,1,0,0,,,,,,0,,0,0,0,0,0,0,0
180,5,1046,2015-02-26 18:00:00+00:00,1047,2015-02-26 22:00:00+00:00,1,0,,,0,,,0,0,,,1,0,0,1,0,0,,,,,,0,,0,0,0,0,0,0,0
181,5,1050,2015-02-27 10:00:00+00:00,1050,2015-02-27 10:00:00+00:00,1,0,,,0,,,0,0,,,1,0,0,1,0,0,,,,,,0,,0,0,0,0,0,0,0
187,5,1068,2015-03-04 10:00:00+00:00,1068,2015-03-04 10:00:00+00:00,1,0,,,0,,,0,0,,,1,0,0,1,0,0,,,,,,0,,0,0,0,0,0,0,0
189,5,1073,2015-03-05 06:00:00+00:00,1073,2015-03-05 06:00:00+00:00,1,0,,,0,,,0,0,,,1,0,0,1,0,0,,,,,,0,,0,0,0,0,0,0,0
192,5,1087,2015-03-09 13:00:00+00:00,1089,2015-03-09 21:00:00+00:00,1,0,,,0,,,0,0,,,1,0,0,1,0,0,,,,,,0,,0,0,0,0,0,0,0
193,5,1110,2015-03-13 09:00:00+00:00,1110,2015-03-13 09:00:00+00:00,1,0,,,0,,,0,0,,,1,0,0,1,0,0,,,,,,0,,0,0,0,0,0,0,0
195,5,1116,2015-03-16 09:00:00+00:00,1116,2015-03-16 09:00:00+00:00,1,0,,,0,,,0,0,,,1,0,0,1,0,0,,,,,,0,,0,0,0,0,0,0,0
198,5,1143,2015-03-22 21:00:00+00:00,1143,2015-03-22 21:00:00+00:00,1,0,,,0,,,0,0,,,1,0,0,1,0,0,,,,,,0,,0,0,0,0,0,0,0
200,5,1174,2015-03-30 01:00:00+00:00,1174,2015-03-30 01:00:00+00:00,1,0,,,0,,,0,0,,,1,0,0,1,0,0,,,,,,0,,0,0,0,0,0,0,0
202,5,1181,2015-03-31 05:00:00+00:00,1181,2015-03-31 05:00:00+00:00,1,0,,,0,,,0,0,,,1,0,0,1,0,0,,,,,,0,,0,0,0,0,0,0,0
206,5,1207,2015-04-07 13:00:00+00:00,1210,2015-04-08 01:00:00+00:00,1,0,,,0,,,0,0,,,0,0,0,1,0,0,,,,,,0,,0,0,0,0,0,0,0
210,5,1219,2015-04-09 13:00:00+00:00,1219,2015-04-09 13:00:00+00:00,1,0,,,0,,,0,0,,,1,0,0,1,0,0,,,,,,0,,0,0,0,0,0,0,0
212,5,1230,2015-04-13 09:00:00+00:00,1230,2015-04-13 09:00:00+00:00,1,0,,,0,,,0,0,,,1,0,0,1,0,0,,,,,,0,,0,0,0,0,0,0,0
213,5,1248,2015-04-16 09:00:00+00:00,1248,2015-04-16 09:00:00+00:00,1,0,,,0,,,0,0,,,1,0,0,1,0,0,,,,,,0,,0,0,0,0,0,0,0
214,5,1255,2015-04-17 13:00:00+00:00,1255,2015-04-17 13:00:00+00:00,1,0,,,0,,,0,0,,,1,0,0,1,0,0,,,,,,0,,0,0,0,0,0,0,0
216,5,1258,2015-04-20 01:00:00+00:00,1258,2015-04-20 01:00:00+00:00,1,0,,,0,,,0,0,,,1,0,0,1,0,0,,,,,,0,,0,0,0,0,0,0,0
220,5,1298,2015-04-28 17:00:00+00:00,1299,2015-04-28 21:00:00+00:00,1,0,,,0,,,0,0,,,1,0,0,1,0,0,,,,,,0,,0,0,0,0,0,0,0
222,5,1302,2015-04-29 09:00:00+00:00,1302,2015-04-29 09:00:00+00:00,1,0,,,0,,,0,0,,,1,0,0,1,0,0,,,,,,0,,0,0,0,0,0,0,0
225,5,1327,2015-05-05 13:00:00+00:00,1329,2015-05-05 21:00:00+00:00,1,0,,,0,,,0,0,,,1,0,0,1,0,0,,,,,,0,,0,0,0,0,0,0,0
227,5,1332,2015-05-06 09:00:00+00:00,1334,2015-05-06 17:00:00+00:00,1,0,,,0,,,0,0,,,1,0,0,1,0,0,,,,,,0,,0,0,0,0,0,0,0
231,5,1349,2015-05-11 05:00:00+00:00,1349,2015-05-11 05:00:00+00:00,1,0,,,0,,,0,0,,,1,0,0,1,0,0,,,,,,0,,0,0,0,0,0,0,0
232,5,1369,2015-05-14 13:00:00+00:00,1370,2015-05-14 17:00:00+00:00,1,0,,,0,,,0,0,,,1,0,0,1,0,0,,,,,,0,,0,0,0,0,0,0,0
235,5,1396,2015-05-21 01:00:00+00:00,1397,2015-05-21 05:00:00+00:00,1,0,,,0,,,0,0,,,1,0,0,1,0,0,,,,,,0,,0,0,0,0,0,0,0
239,5,1410,2015-05-25 09:00:00+00:00,1410,2015-05-25 09:00:00+00:00,1,0,,,0,,,0,0,,,1,0,0,1,0,0,,,,,,0,,0,0,0,0,0,0,0
241,5,1420,2015-05-27 05:00:00+00:00,1420,2015-05-27 05:00:00+00:00,1,0,,,0,,,0,0,,,1,0,0,1,0,0,,,,,,0,,0,0,0,0,0,0,0
244,5,1446,2015-06-02 13:00:00+00:00,1447,2015-06-02 17:00:00+00:00,1,0,,,0,,,0,0,,,1,0,0,1,0,0,,,,,,0,,0,0,0,0,0,0,0
246,5,1451,2015-06-03 09:00:00+00:00,1451,2015-06-03 09:00:00+00:00,1,0,,,0,,,0,0,,,1,0,0,1,0,0,,,,,,0,,0,0,0,0,0,0,0
248,5,1475,2015-06-09 09:00:00+00:00,1475,2015-06-09 09:00:00+00:00,1,0,,,0,,,0,0,,,1,0,1,1,0,0,,,,,,0,,0,0,0,0,0,0,0
250,5,1477,2015-06-09 17:00:00+00:00,1479,2015-06-10 01:00:00+00:00,1,0,,,0,,,0,0,,,1,0,0,1,0,0,,,,,,0,,0,0,0,0,0,0,0
255,5,1506,2015-06-16 13:00:00+00:00,1507,2015-06-16 17:00:00+00:00,1,0,,,0,,,0,0,,,1,0,0,1,0,0,,,,,,0,,0,0,0,0,0,0,0
256,5,1511,2015-06-17 09:00:00+00:00,1511,2015-06-17 09:00:00+00:00,1,0,,,0,,,0,0,,,1,0,0,1,0,0,,,,,,0,,0,0,0,0,0,0,0
257,5,1515,2015-06-18 01:00:00+00:00,1515,2015-06-18 01:00:00+00:00,1,0,,,0,,,0,0,,,1,0,0,1,0,0,,,,,,0,,0,0,0,0,0,0,0
260,5,1524,2015-06-19 13:00:00+00:00,1525,2015-06-19 17:00:00+00:00,1,0,,,0,,,0,0,,,1,0,0,1,0,0,,,,,,0,,0,0,0,0,0,0,0
261,5,1534,2015-06-23 05:00:00+00:00,1534,2015-06-23 05:00:00+00:00,1,0,,,0,,,0,0,,,1,0,0,1,0,0,,,,,,0,,0,0,0,0,0,0,0
265,5,1572,2015-07-01 13:00:00+00:00,1572,2015-07-01 13:00:00+00:00,1,0,,,0,,,0,0,,,1,0,0,1,0,0,,,,,,0,,0,0,0,0,0,0,0
267,5,1575,2015-07-02 01:00:00+00:00,1575,2015-07-02 01:00:00+00:00,1,0,,,0,,,0,0,,,1,0,0,1,0,0,,,,,,0,,0,0,0,0,0,0,0
268,5,1589,2015-07-06 13:00:00+00:00,1589,2015-07-06 13:00:00+00:00,1,0,,,0,,,0,0,,,1,0,0,1,0,0,,,,,,0,,0,0,0,0,0,0,0
272,5,1599,2015-07-08 05:00:00+00:00,1599,2015-07-08 05:00:00+00:00,1,0,,,0,,,0,0,,,1,0,0,1,0,0,,,,,,0,,0,0,0,0,0,0,0
274,5,1604,2015-07-09 01:00:00+00:00,1604,2015-07-09 01:00:00+00:00,1,0,,,0,,,0,0,,,1,0,0,1,0,0,,,,,,0,,0,0,0,0,0,0,0
276,5,1608,2015-07-09 17:00:00+00:00,1609,2015-07-09 21:00:00+00:00,1,0,,,0,,,0,0,,,1,0,0,1,0,0,,,,,,0,,0,0,0,0,0,0,0
277,5,1612,2015-07-10 09:00:00+00:00,1612,2015-07-10 09:00:00+00:00,1,0,,,0,,,0,0,,,1,0,0,1,0,0,,,,,,0,,0,0,0,0,0,0,0
279,5,1615,2015-07-12 21:00:00+00:00,1616,2015-07-13 01:00:00+00:00,1,0,,,0,,,0,0,,,1,0,0,1,0,0,,,,,,0,,0,0,0,0,0,0,0
285,5,1662,2015-07-22 17:00:00+00:00,1664,2015-07-23 01:00:00+00:00,1,0,,,0,,,0,0,,,1,0,0,1,0,0,,,,,,0,,0,0,0,0,0,0,0
287,5,1684,2015-07-28 09:00:00+00:00,1686,2015-07-28 17:00:00+00:00,1,0,,,0,,,0,0,,,1,0,0,1,0,0,,,,,,0,,0,0,0,0,0,0,0
289,5,1689,2015-07-29 05:00:00+00:00,1689,2015-07-29 05:00:00+00:00,1,0,,,0,,,0,0,,,1,0,1,1,0,0,,,,,,0,,0,0,0,0,0,0,0
290,5,1691,2015-07-29 13:00:00+00:00,1691,2015-07-29 13:00:00+00:00,1,0,,,0,,,0,0,,,1,0,0,1,0,0,,,,,,0,,0,0,0,0,0,0,0
293,5,1698,2015-07-30 17:00:00+00:00,1698,2015-07-30 17:00:00+00:00,1,0,,,0,,,0,0,,,1,0,0,1,0,0,,,,,,0,,0,0,0,0,0,0,0
294,5,1707,2015-08-03 05:00:00+00:00,1707,2015-08-03 05:00:00+00:00,1,0,,,0,,,0,0,,,1,0,0,1,0,0,,,,,,0,,0,0,0,0,0,0,0
297,5,1725,2015-08-06 05:00:00+00:00,1725,2015-08-06 05:00:00+00:00,1,0,,,0,,,0,0,,,1,0,0,1,0,0,,,,,,0,,0,0,0,0,0,0,0
299,5,1748,2015-08-12 01:00:00+00:00,1748,2015-08-12 01:00:00+00:00,1,0,,,0,,,0,0,,,1,0,0,1,0,0,,,,,,0,,0,0,0,0,0,0,0
300,5,1760,2015-08-14 01:00:00+00:00,1761,2015-08-14 05:00:00+00:00,1,0,,,0,,,0,0,,,1,0,1,1,0,0,,,,,,0,,0,0,0,0,0,0,0
302,5,1763,2015-08-14 13:00:00+00:00,1767,2015-08-17 05:00:00+00:00,1,1,1766.0,2015-08-17 01:00:00+00:00,1,1766.0,2015-08-17 01:00:00+00:00,1,0,1766.0,2015-08-17 01:00:00+00:00,0,0,0,0,0,1,0.4243271421227914,0.9518479408658775,0.4,0.0,1.0,-1,0.7199536668342843,0,0,0,0,0,0,0
307,5,1773,2015-08-18 05:00:00+00:00,1773,2015-08-18 05:00:00+00:00,1,0,,,0,,,0,0,,,1,0,0,1,0,0,,,,,,0,,0,0,0,0,0,0,0
308,5,1795,2015-08-23 21:00:00+00:00,1796,2015-08-24 01:00:00+00:00,1,0,,,0,,,0,0,,,1,0,0,1,0,0,,,,,,0,,0,0,0,0,0,0,0
310,5,1817,2015-08-27 13:00:00+00:00,1818,2015-08-27 17:00:00+00:00,1,0,,,0,,,0,0,,,1,0,0,1,0,0,,,,,,0,,0,0,0,0,0,0,0
314,5,1840,2015-09-02 09:00:00+00:00,1840,2015-09-02 09:00:00+00:00,1,0,,,0,,,0,0,,,1,0,0,1,0,0,,,,,,0,,0,0,0,0,0,0,0
315,5,1843,2015-09-02 21:00:00+00:00,1843,2015-09-02 21:00:00+00:00,1,0,,,0,,,0,0,,,1,0,0,1,0,0,,,,,,0,,0,0,0,0,0,0,0
317,5,1857,2015-09-07 05:00:00+00:00,1857,2015-09-07 05:00:00+00:00,1,0,,,0,,,0,0,,,1,0,0,1,0,0,,,,,,0,,0,0,0,0,0,0,0
318,5,1887,2015-09-14 09:00:00+00:00,1889,2015-09-14 17:00:00+00:00,1,0,,,0,,,0,0,,,1,0,0,1,0,0,,,,,,0,,0,0,0,0,0,0,0
321,5,1894,2015-09-15 13:00:00+00:00,1895,2015-09-15 17:00:00+00:00,1,0,,,0,,,0,0,,,1,0,0,1,0,0,,,,,,0,,0,0,0,0,0,0,0
325,5,1942,2015-09-25 13:00:00+00:00,1942,2015-09-25 13:00:00+00:00,1,0,,,0,,,0,0,,,1,0,1,1,0,0,,,,,,0,,0,0,0,0,0,0,0
326,5,1944,2015-09-27 21:00:00+00:00,1944,2015-09-27 21:00:00+00:00,1,0,,,0,,,0,0,,,1,0,0,1,0,0,,,,,,0,,0,0,0,0,0,0,0
328,5,1953,2015-09-29 09:00:00+00:00,1954,2015-09-29 13:00:00+00:00,1,0,,,0,,,0,0,,,1,0,0,1,0,0,,,,,,0,,0,0,0,0,0,0,0
329,5,1964,2015-10-01 05:00:00+00:00,1964,2015-10-01 05:00:00+00:00,1,0,,,0,,,0,0,,,1,0,0,1,0,0,,,,,,0,,0,0,0,0,0,0,0
330,5,1989,2015-10-07 09:00:00+00:00,1989,2015-10-07 09:00:00+00:00,1,0,,,0,,,0,0,,,1,0,0,1,0,0,,,,,,0,,0,0,0,0,0,0,0
331,5,1992,2015-10-07 21:00:00+00:00,1992,2015-10-07 21:00:00+00:00,1,0,,,0,,,0,0,,,1,0,0,1,0,0,,,,,,0,,0,0,0,0,0,0,0
334,5,2032,2015-10-16 13:00:00+00:00,2033,2015-10-16 17:00:00+00:00,1,0,,,0,,,0,0,,,1,0,1,1,0,0,,,,,,0,,0,0,0,0,0,0,0
336,5,2035,2015-10-19 01:00:00+00:00,2035,2015-10-19 01:00:00+00:00,1,0,,,0,,,0,0,,,1,0,0,1,0,0,,,,,,0,,0,0,0,0,0,0,0
341,5,2044,2015-10-20 13:00:00+00:00,2046,2015-10-20 21:00:00+00:00,1,0,,,0,,,0,0,,,1,0,0,1,0,0,,,,,,0,,0,0,0,0,0,0,0
345,5,2098,2015-11-02 14:00:00+00:00,2098,2015-11-02 14:00:00+00:00,1,0,,,0,,,0,0,,,1,0,0,1,0,0,,,,,,0,,0,0,0,0,0,0,0
346,5,2115,2015-11-05 10:00:00+00:00,2115,2015-11-05 10:00:00+00:00,1,0,,,0,,,0,0,,,1,0,0,1,0,0,,,,,,0,,0,0,0,0,0,0,0
347,5,2128,2015-11-09 14:00:00+00:00,2132,2015-11-10 06:00:00+00:00,1,0,,,0,,,0,0,,,0,0,0,1,0,0,,,,,,0,,0,0,0,0,0,0,0
350,5,2139,2015-11-11 10:00:00+00:00,2139,2015-11-11 10:00:00+00:00,1,0,,,0,,,0,0,,,1,0,1,1,0,0,,,,,,0,,0,0,0,0,0,0,0
351,5,2141,2015-11-11 18:00:00+00:00,2141,2015-11-11 18:00:00+00:00,1,0,,,0,,,0,0,,,1,0,1,1,0,0,,,,,,0,,0,0,0,0,0,0,0
354,5,2143,2015-11-12 02:00:00+00:00,2144,2015-11-12 06:00:00+00:00,1,0,,,0,,,0,0,,,1,0,0,1,0,0,,,,,,0,,0,0,0,0,0,0,0
357,5,2183,2015-11-20 18:00:00+00:00,2183,2015-11-20 18:00:00+00:00,1,0,,,0,,,0,0,,,1,0,0,1,0,0,,,,,,0,,0,0,0,0,0,0,0
358,5,2192,2015-11-24 06:00:00+00:00,2192,2015-11-24 06:00:00+00:00,1,0,,,0,,,0,0,,,1,0,0,1,0,0,,,,,,0,,0,0,0,0,0,0,0
360,5,2197,2015-11-25 02:00:00+00:00,2198,2015-11-25 06:00:00+00:00,1,0,,,0,,,0,0,,,1,0,0,1,0,0,,,,,,0,,0,0,0,0,0,0,0
364,5,2205,2015-11-26 10:00:00+00:00,2207,2015-11-26 22:00:00+00:00,1,0,,,0,,,0,0,,,1,0,1,1,0,0,,,,,,0,,0,0,0,0,0,0,0
365,5,2209,2015-11-27 06:00:00+00:00,2209,2015-11-27 06:00:00+00:00,1,0,,,0,,,0,0,,,1,0,0,1,0,0,,,,,,0,,0,0,0,0,0,0,0
367,5,2216,2015-11-30 10:00:00+00:00,2216,2015-11-30 10:00:00+00:00,1,0,,,0,,,0,0,,,1,0,0,1,0,0,,,,,,0,,0,0,0,0,0,0,0
368,5,2225,2015-12-01 22:00:00+00:00,2225,2015-12-01 22:00:00+00:00,1,0,,,0,,,0,0,,,1,0,0,1,0,0,,,,,,0,,0,0,0,0,0,0,0
369,5,2237,2015-12-03 22:00:00+00:00,2237,2015-12-03 22:00:00+00:00,1,0,,,0,,,0,0,,,1,0,0,1,0,0,,,,,,0,,0,0,0,0,0,0,0
377,5,2266,2015-12-10 18:00:00+00:00,2266,2015-12-10 18:00:00+00:00,1,0,,,0,,,0,0,,,1,0,0,1,0,0,,,,,,0,,0,0,0,0,0,0,0
379,5,2269,2015-12-11 06:00:00+00:00,2269,2015-12-11 06:00:00+00:00,1,0,,,0,,,0,0,,,1,0,0,1,0,0,,,,,,0,,0,0,0,0,0,0,0
380,5,2279,2015-12-14 22:00:00+00:00,2279,2015-12-14 22:00:00+00:00,1,0,,,0,,,0,0,,,1,0,0,1,0,0,,,,,,0,,0,0,0,0,0,0,0
383,5,2287,2015-12-16 06:00:00+00:00,2287,2015-12-16 06:00:00+00:00,1,0,,,0,,,0,0,,,1,0,0,1,0,0,,,,,,0,,0,0,0,0,0,0,0
388,5,2308,2015-12-21 18:00:00+00:00,2308,2015-12-21 18:00:00+00:00,1,0,,,0,,,0,0,,,1,0,0,1,0,0,,,,,,0,,0,0,0,0,0,0,0
391,5,2314,2015-12-22 18:00:00+00:00,2315,2015-12-22 22:00:00+00:00,1,0,,,0,,,0,0,,,1,0,0,1,0,0,,,,,,0,,0,0,0,0,0,0,0
394,5,2318,2015-12-23 10:00:00+00:00,2324,2015-12-24 10:00:00+00:00,1,1,2324.0,2015-12-24 10:00:00+00:00,0,,,0,0,,,0,0,0,0,0,0,0.6443128141815626,0.4073503395537321,0.4,3.0,0.0,1,0.5335385923632018,1,1,0,1,1,0,1
402,5,2327,2015-12-27 22:00:00+00:00,2328,2015-12-28 02:00:00+00:00,1,0,,,0,,,0,0,,,1,0,0,1,0,0,,,,,,0,,0,0,0,0,0,0,0
407,5,2347,2015-12-31 06:00:00+00:00,2347,2015-12-31 06:00:00+00:00,1,0,,,0,,,0,0,,,1,0,0,1,0,0,,,,,,0,,0,0,0,0,0,0,0
408,5,2365,2016-01-05 18:00:00+00:00,2367,2016-01-06 02:00:00+00:00,1,0,,,0,,,0,0,,,1,0,0,1,0,0,,,,,,0,,0,0,0,0,0,0,0
410,5,2386,2016-01-11 06:00:00+00:00,2387,2016-01-11 10:00:00+00:00,1,0,,,0,,,0,0,,,1,0,0,1,0,0,,,,,,0,,0,0,0,0,0,0,0
414,5,2403,2016-01-14 02:00:00+00:00,2403,2016-01-14 02:00:00+00:00,1,0,,,0,,,0,0,,,1,0,0,1,0,0,,,,,,0,,0,0,0,0,0,0,0
416,5,2414,2016-01-17 22:00:00+00:00,2414,2016-01-17 22:00:00+00:00,1,0,,,0,,,0,0,,,1,0,0,1,0,0,,,,,,0,,0,0,0,0,0,0,0
417,5,2417,2016-01-18 10:00:00+00:00,2418,2016-01-18 14:00:00+00:00,1,0,,,0,,,0,0,,,1,0,0,1,0,0,,,,,,0,,0,0,0,0,0,0,0
421,5,2436,2016-01-21 14:00:00+00:00,2442,2016-01-22 14:00:00+00:00,1,0,,,0,,,0,0,,,0,0,0,1,0,0,,,,,,0,,0,0,0,0,0,0,0
424,5,2445,2016-01-25 02:00:00+00:00,2445,2016-01-25 02:00:00+00:00,1,0,,,0,,,0,0,,,1,0,0,1,0,0,,,,,,0,,0,0,0,0,0,0,0
428,5,2477,2016-02-01 10:00:00+00:00,2477,2016-02-01 10:00:00+00:00,1,0,,,0,,,0,0,,,1,0,1,1,0,0,,,,,,0,,0,0,0,0,0,0,0
429,5,2479,2016-02-01 18:00:00+00:00,2479,2016-02-01 18:00:00+00:00,1,0,,,0,,,0,0,,,1,0,0,1,0,0,,,,,,0,,0,0,0,0,0,0,0
433,5,2515,2016-02-09 18:00:00+00:00,2517,2016-02-10 02:00:00+00:00,1,0,,,0,,,0,0,,,1,0,0,1,0,0,,,,,,0,,0,0,0,0,0,0,0
435,5,2520,2016-02-10 14:00:00+00:00,2520,2016-02-10 14:00:00+00:00,1,0,,,0,,,0,0,,,1,0,0,1,0,0,,,,,,0,,0,0,0,0,0,0,0
437,5,2532,2016-02-12 14:00:00+00:00,2532,2016-02-12 14:00:00+00:00,1,0,,,0,,,0,0,,,1,0,0,1,0,0,,,,,,0,,0,0,0,0,0,0,0
438,5,2545,2016-02-16 22:00:00+00:00,2545,2016-02-16 22:00:00+00:00,1,0,,,0,,,0,0,,,1,0,0,1,0,0,,,,,,0,,0,0,0,0,0,0,0
440,5,2550,2016-02-17 18:00:00+00:00,2554,2016-02-18 10:00:00+00:00,1,0,,,0,,,0,0,,,0,0,0,1,0,0,,,,,,0,,0,0,0,0,0,0,0
443,5,2561,2016-02-19 14:00:00+00:00,2563,2016-02-21 22:00:00+00:00,1,0,,,0,,,0,0,,,1,0,0,1,0,0,,,,,,0,,0,0,0,0,0,0,0
444,5,2571,2016-02-23 06:00:00+00:00,2571,2016-02-23 06:00:00+00:00,1,0,,,0,,,0,0,,,1,0,0,1,0,0,,,,,,0,,0,0,0,0,0,0,0
446,5,2601,2016-03-01 06:00:00+00:00,2601,2016-03-01 06:00:00+00:00,1,0,,,0,,,0,0,,,1,0,0,1,0,0,,,,,,0,,0,0,0,0,0,0,0
449,5,2608,2016-03-02 10:00:00+00:00,2608,2016-03-02 10:00:00+00:00,1,0,,,0,,,0,0,,,1,0,0,1,0,0,,,,,,0,,0,0,0,0,0,0,0
453,5,2627,2016-03-07 14:00:00+00:00,2630,2016-03-08 02:00:00+00:00,1,0,,,0,,,0,0,,,0,0,0,1,0,0,,,,,,0,,0,0,0,0,0,0,0
456,5,2633,2016-03-08 14:00:00+00:00,2633,2016-03-08 14:00:00+00:00,1,0,,,0,,,0,0,,,1,0,0,1,0,0,,,,,,0,,0,0,0,0,0,0,0
459,5,2654,2016-03-14 01:00:00+00:00,2654,2016-03-14 01:00:00+00:00,1,0,,,0,,,0,0,,,1,0,0,1,0,0,,,,,,0,,0,0,0,0,0,0,0
460,5,2662,2016-03-15 09:00:00+00:00,2663,2016-03-15 13:00:00+00:00,1,0,,,0,,,0,0,,,1,0,0,1,0,0,,,,,,0,,0,0,0,0,0,0,0
462,5,2669,2016-03-16 13:00:00+00:00,2669,2016-03-16 13:00:00+00:00,1,0,,,0,,,0,0,,,1,0,0,1,0,0,,,,,,0,,0,0,0,0,0,0,0
464,5,2686,2016-03-21 09:00:00+00:00,2687,2016-03-21 13:00:00+00:00,1,0,,,0,,,0,0,,,1,0,1,1,0,0,,,,,,0,,0,0,0,0,0,0,0
466,5,2689,2016-03-21 21:00:00+00:00,2690,2016-03-22 01:00:00+00:00,1,0,,,0,,,0,0,,,1,0,0,1,0,0,,,,,,0,,0,0,0,0,0,0,0
469,5,2714,2016-03-29 01:00:00+00:00,2714,2016-03-29 01:00:00+00:00,1,0,,,0,,,0,0,,,1,0,0,1,0,0,,,,,,0,,0,0,0,0,0,0,0
471,5,2727,2016-03-31 05:00:00+00:00,2727,2016-03-31 05:00:00+00:00,1,0,,,0,,,0,0,,,1,0,0,1,0,0,,,,,,0,,0,0,0,0,0,0,0
473,5,2740,2016-04-04 09:00:00+00:00,2741,2016-04-04 13:00:00+00:00,1,0,,,0,,,0,0,,,1,0,0,1,0,0,,,,,,0,,0,0,0,0,0,0,0
474,5,2751,2016-04-06 05:00:00+00:00,2751,2016-04-06 05:00:00+00:00,1,0,,,0,,,0,0,,,1,0,0,1,0,0,,,,,,0,,0,0,0,0,0,0,0
475,5,2760,2016-04-07 17:00:00+00:00,2760,2016-04-07 17:00:00+00:00,1,0,,,0,,,0,0,,,1,0,1,1,0,0,,,,,,0,,0,0,0,0,0,0,0
476,5,2762,2016-04-08 01:00:00+00:00,2762,2016-04-08 01:00:00+00:00,1,0,,,0,,,0,0,,,1,0,0,1,0,0,,,,,,0,,0,0,0,0,0,0,0
478,5,2772,2016-04-11 17:00:00+00:00,2773,2016-04-11 21:00:00+00:00,1,0,,,0,,,0,0,,,1,0,0,1,0,0,,,,,,0,,0,0,0,0,0,0,0
482,5,2794,2016-04-15 09:00:00+00:00,2794,2016-04-15 09:00:00+00:00,1,0,,,0,,,0,0,,,1,0,1,1,0,0,,,,,,0,,0,0,0,0,0,0,0
483,5,2796,2016-04-15 17:00:00+00:00,2796,2016-04-15 17:00:00+00:00,1,0,,,0,,,0,0,,,1,0,0,1,0,0,,,,,,0,,0,0,0,0,0,0,0
489,5,2811,2016-04-20 05:00:00+00:00,2811,2016-04-20 05:00:00+00:00,1,0,,,0,,,0,0,,,1,0,0,1,0,0,,,,,,0,,0,0,0,0,0,0,0
490,5,2826,2016-04-22 17:00:00+00:00,2826,2016-04-22 17:00:00+00:00,1,0,,,0,,,0,0,,,1,0,0,1,0,0,,,,,,0,,0,0,0,0,0,0,0
493,5,2837,2016-04-26 13:00:00+00:00,2838,2016-04-26 17:00:00+00:00,1,0,,,0,,,0,0,,,1,0,0,1,0,0,,,,,,0,,0,0,0,0,0,0,0
496,5,2841,2016-04-27 05:00:00+00:00,2841,2016-04-27 05:00:00+00:00,1,0,,,0,,,0,0,,,1,0,0,1,0,0,,,,,,0,,0,0,0,0,0,0,0
499,5,2885,2016-05-06 13:00:00+00:00,2887,2016-05-08 21:00:00+00:00,1,0,,,0,,,0,0,,,1,0,0,1,0,0,,,,,,0,,0,0,0,0,0,0,0
501,5,2904,2016-05-11 17:00:00+00:00,2906,2016-05-12 01:00:00+00:00,1,0,,,0,,,0,0,,,1,0,0,1,0,0,,,,,,0,,0,0,0,0,0,0,0
503,5,2909,2016-05-12 13:00:00+00:00,2909,2016-05-12 13:00:00+00:00,1,0,,,0,,,0,0,,,1,0,0,1,0,0,,,,,,0,,0,0,0,0,0,0,0
506,5,2915,2016-05-13 13:00:00+00:00,2917,2016-05-15 21:00:00+00:00,1,0,,,0,,,0,0,,,1,0,0,1,0,0,,,,,,0,,0,0,0,0,0,0,0
507,5,2926,2016-05-17 09:00:00+00:00,2929,2016-05-17 21:00:00+00:00,1,1,2929.0,2016-05-17 21:00:00+00:00,0,,,0,0,,,0,0,0,0,0,0,0.5163265927793504,0.7061955817802432,0.4,3.0,0.0,1,0.5197564886566226,0,0,0,1,0,0,1
509,5,2935,2016-05-18 21:00:00+00:00,2935,2016-05-18 21:00:00+00:00,1,0,,,0,,,0,0,,,1,0,0,1,0,0,,,,,,0,,0,0,0,0,0,0,0
510,5,2944,2016-05-20 09:00:00+00:00,2944,2016-05-20 09:00:00+00:00,1,0,,,0,,,0,0,,,1,0,0,1,0,0,,,,,,0,,0,0,0,0,0,0,0
512,5,2949,2016-05-23 05:00:00+00:00,2949,2016-05-23 05:00:00+00:00,1,0,,,0,,,0,0,,,1,0,0,1,0,0,,,,,,0,,0,0,0,0,0,0,0
514,5,2954,2016-05-24 01:00:00+00:00,2954,2016-05-24 01:00:00+00:00,1,0,,,0,,,0,0,,,1,0,0,1,0,0,,,,,,0,,0,0,0,0,0,0,0
515,5,2963,2016-05-25 13:00:00+00:00,2963,2016-05-25 13:00:00+00:00,1,0,,,0,,,0,0,,,1,0,0,1,0,0,,,,,,0,,0,0,0,0,0,0,0
516,5,2990,2016-06-01 05:00:00+00:00,2991,2016-06-01 09:00:00+00:00,1,0,,,0,,,0,0,,,1,0,0,1,0,0,,,,,,0,,0,0,0,0,0,0,0
517,5,2997,2016-06-02 09:00:00+00:00,2999,2016-06-02 17:00:00+00:00,1,0,,,0,,,0,0,,,1,0,0,1,0,0,,,,,,0,,0,0,0,0,0,0,0
519,5,3012,2016-06-06 21:00:00+00:00,3014,2016-06-07 05:00:00+00:00,1,0,,,0,,,0,0,,,1,0,0,1,0,0,,,,,,0,,0,0,0,0,0,0,0
521,5,3071,2016-06-20 17:00:00+00:00,3071,2016-06-20 17:00:00+00:00,1,0,,,0,,,0,0,,,1,0,0,1,0,0,,,,,,0,,0,0,0,0,0,0,0
524,5,3100,2016-06-27 13:00:00+00:00,3100,2016-06-27 13:00:00+00:00,1,0,,,0,,,0,0,,,1,0,0,1,0,0,,,,,,0,,0,0,0,0,0,0,0
527,5,3110,2016-06-29 05:00:00+00:00,3110,2016-06-29 05:00:00+00:00,1,0,,,0,,,0,0,,,1,0,0,1,0,0,,,,,,0,,0,0,0,0,0,0,0
528,5,3113,2016-06-29 17:00:00+00:00,3116,2016-06-30 05:00:00+00:00,1,1,3116.0,2016-06-30 05:00:00+00:00,0,,,0,0,,,0,0,1,0,0,0,0.7532795644654684,0.4619607322310111,0.4,0.0,3.0,-1,0.4582344429417651,1,0,0,1,0,0,1
531,5,3118,2016-06-30 13:00:00+00:00,3119,2016-06-30 17:00:00+00:00,1,0,,,0,,,0,0,,,1,0,0,1,0,0,,,,,,0,,0,0,0,0,0,0,0
532,5,3162,2016-07-12 01:00:00+00:00,3162,2016-07-12 01:00:00+00:00,1,0,,,0,,,0,0,,,1,0,0,1,0,0,,,,,,0,,0,0,0,0,0,0,0
533,5,3183,2016-07-15 13:00:00+00:00,3183,2016-07-15 13:00:00+00:00,1,0,,,0,,,0,0,,,1,0,0,1,0,0,,,,,,0,,0,0,0,0,0,0,0
534,5,3189,2016-07-18 13:00:00+00:00,3189,2016-07-18 13:00:00+00:00,1,0,,,0,,,0,0,,,1,0,0,1,0,0,,,,,,0,,0,0,0,0,0,0,0
536,5,3193,2016-07-19 05:00:00+00:00,3197,2016-07-19 21:00:00+00:00,1,1,3197.0,2016-07-19 21:00:00+00:00,0,,,0,0,,,0,0,0,0,0,0,0.559543015294254,0.7488439408380259,0.4,1.0,0.0,1,0.49576816994197836,1,0,0,1,0,0,1
541,5,3217,2016-07-25 05:00:00+00:00,3217,2016-07-25 05:00:00+00:00,1,0,,,0,,,0,0,,,1,0,0,1,0,0,,,,,,0,,0,0,0,0,0,0,0
542,5,3228,2016-07-27 01:00:00+00:00,3229,2016-07-27 05:00:00+00:00,1,0,,,0,,,0,0,,,1,0,1,1,0,0,,,,,,0,,0,0,0,0,0,0,0
543,5,3231,2016-07-27 13:00:00+00:00,3231,2016-07-27 13:00:00+00:00,1,0,,,0,,,0,0,,,1,0,0,1,0,0,,,,,,0,,0,0,0,0,0,0,0
545,5,3250,2016-08-01 17:00:00+00:00,3252,2016-08-02 01:00:00+00:00,1,0,,,0,,,0,0,,,1,0,0,1,0,0,,,,,,0,,0,0,0,0,0,0,0
547,5,3259,2016-08-03 05:00:00+00:00,3259,2016-08-03 05:00:00+00:00,1,0,,,0,,,0,0,,,1,0,0,1,0,0,,,,,,0,,0,0,0,0,0,0,0
548,5,3263,2016-08-03 21:00:00+00:00,3263,2016-08-03 21:00:00+00:00,1,0,,,0,,,0,0,,,1,0,1,1,0,0,,,,,,0,,0,0,0,0,0,0,0
550,5,3265,2016-08-04 05:00:00+00:00,3265,2016-08-04 05:00:00+00:00,1,0,,,0,,,0,0,,,1,0,1,1,0,0,,,,,,0,,0,0,0,0,0,0,0
553,5,3267,2016-08-04 13:00:00+00:00,3268,2016-08-04 17:00:00+00:00,1,0,,,0,,,0,0,,,1,0,0,1,0,0,,,,,,0,,0,0,0,0,0,0,0
554,5,3271,2016-08-05 05:00:00+00:00,3271,2016-08-05 05:00:00+00:00,1,0,,,0,,,0,0,,,1,0,0,1,0,0,,,,,,0,,0,0,0,0,0,0,0
555,5,3278,2016-08-08 09:00:00+00:00,3281,2016-08-08 21:00:00+00:00,1,1,3281.0,2016-08-08 21:00:00+00:00,0,,,0,0,,,0,0,0,0,0,0,0.4925993979772256,0.8007681621312639,0.4,2.0,0.0,1,0.5235912143597499,0,0,0,1,0,0,1
558,5,3286,2016-08-09 17:00:00+00:00,3286,2016-08-09 17:00:00+00:00,1,0,,,0,,,0,0,,,1,0,0,1,0,0,,,,,,0,,0,0,0,0,0,0,0
560,5,3321,2016-08-17 13:00:00+00:00,3321,2016-08-17 13:00:00+00:00,1,0,,,0,,,0,0,,,1,0,0,1,0,0,,,,,,0,,0,0,0,0,0,0,0
561,5,3327,2016-08-18 13:00:00+00:00,3330,2016-08-19 01:00:00+00:00,1,0,,,0,,,0,0,,,0,0,0,1,0,0,,,,,,0,,0,0,0,0,0,0,0
562,5,3339,2016-08-22 13:00:00+00:00,3340,2016-08-22 17:00:00+00:00,1,0,,,0,,,0,0,,,1,0,1,1,0,0,,,,,,0,,0,0,0,0,0,0,0
564,5,3342,2016-08-23 01:00:00+00:00,3342,2016-08-23 01:00:00+00:00,1,0,,,0,,,0,0,,,1,0,0,1,0,0,,,,,,0,,0,0,0,0,0,0,0
567,5,3371,2016-08-29 21:00:00+00:00,3371,2016-08-29 21:00:00+00:00,1,0,,,0,,,0,0,,,1,0,0,1,0,0,,,,,,0,,0,0,0,0,0,0,0
569,5,3398,2016-09-05 09:00:00+00:00,3398,2016-09-05 09:00:00+00:00,1,0,,,0,,,0,0,,,1,0,0,1,0,0,,,,,,0,,0,0,0,0,0,0,0
570,5,3401,2016-09-06 01:00:00+00:00,3401,2016-09-06 01:00:00+00:00,1,0,,,0,,,0,0,,,1,0,0,1,0,0,,,,,,0,,0,0,0,0,0,0,0
572,5,3409,2016-09-07 09:00:00+00:00,3409,2016-09-07 09:00:00+00:00,1,0,,,0,,,0,0,,,1,0,0,1,0,0,,,,,,0,,0,0,0,0,0,0,0
573,5,3415,2016-09-08 09:00:00+00:00,3415,2016-09-08 09:00:00+00:00,1,0,,,0,,,0,0,,,1,0,0,1,0,0,,,,,,0,,0,0,0,0,0,0,0
575,5,3422,2016-09-09 13:00:00+00:00,3422,2016-09-09 13:00:00+00:00,1,0,,,0,,,0,0,,,1,0,1,1,0,0,,,,,,0,,0,0,0,0,0,0,0
576,5,3424,2016-09-11 21:00:00+00:00,3424,2016-09-11 21:00:00+00:00,1,0,,,0,,,0,0,,,1,0,0,1,0,0,,,,,,0,,0,0,0,0,0,0,0
578,5,3442,2016-09-14 21:00:00+00:00,3443,2016-09-15 01:00:00+00:00,1,0,,,0,,,0,0,,,1,0,0,1,0,0,,,,,,0,,0,0,0,0,0,0,0
580,5,3453,2016-09-16 17:00:00+00:00,3454,2016-09-18 21:00:00+00:00,1,0,,,0,,,0,0,,,1,0,0,1,0,0,,,,,,0,,0,0,0,0,0,0,0
583,5,3461,2016-09-20 01:00:00+00:00,3461,2016-09-20 01:00:00+00:00,1,0,,,0,,,0,0,,,1,0,0,1,0,0,,,,,,0,,0,0,0,0,0,0,0
587,5,3482,2016-09-23 13:00:00+00:00,3483,2016-09-23 17:00:00+00:00,1,0,,,0,,,0,0,,,1,0,0,1,0,0,,,,,,0,,0,0,0,0,0,0,0
589,5,3499,2016-09-28 09:00:00+00:00,3499,2016-09-28 09:00:00+00:00,1,0,,,0,,,0,0,,,1,0,0,1,0,0,,,,,,0,,0,0,0,0,0,0,0
590,5,3513,2016-09-30 17:00:00+00:00,3514,2016-10-02 21:00:00+00:00,1,0,,,0,,,0,0,,,1,0,0,1,0,0,,,,,,0,,0,0,0,0,0,0,0
594,5,3548,2016-10-10 13:00:00+00:00,3549,2016-10-10 17:00:00+00:00,1,0,,,0,,,0,0,,,1,0,0,1,0,0,,,,,,0,,0,0,0,0,0,0,0
596,5,3552,2016-10-11 05:00:00+00:00,3552,2016-10-11 05:00:00+00:00,1,0,,,0,,,0,0,,,1,0,0,1,0,0,,,,,,0,,0,0,0,0,0,0,0
599,5,3560,2016-10-12 13:00:00+00:00,3566,2016-10-13 13:00:00+00:00,1,0,,,0,,,0,0,,,0,0,0,1,0,0,,,,,,0,,0,0,0,0,0,0,0
605,5,3577,2016-10-17 09:00:00+00:00,3577,2016-10-17 09:00:00+00:00,1,0,,,0,,,0,0,,,1,0,0,1,0,0,,,,,,0,,0,0,0,0,0,0,0
606,5,3581,2016-10-18 01:00:00+00:00,3581,2016-10-18 01:00:00+00:00,1,0,,,0,,,0,0,,,1,0,1,1,0,0,,,,,,0,,0,0,0,0,0,0,0
607,5,3583,2016-10-18 09:00:00+00:00,3583,2016-10-18 09:00:00+00:00,1,0,,,0,,,0,0,,,1,0,1,1,0,0,,,,,,0,,0,0,0,0,0,0,0
610,5,3585,2016-10-18 17:00:00+00:00,3587,2016-10-19 01:00:00+00:00,1,0,,,0,,,0,0,,,1,0,0,1,0,0,,,,,,0,,0,0,0,0,0,0,0
613,5,3593,2016-10-20 01:00:00+00:00,3594,2016-10-20 05:00:00+00:00,1,0,,,0,,,0,0,,,1,0,0,1,0,0,,,,,,0,,0,0,0,0,0,0,0
616,5,3602,2016-10-21 13:00:00+00:00,3606,2016-10-24 05:00:00+00:00,1,0,,,0,,,0,0,,,0,0,0,1,0,0,,,,,,0,,0,0,0,0,0,0,0
619,5,3613,2016-10-25 09:00:00+00:00,3613,2016-10-25 09:00:00+00:00,1,0,,,0,,,0,0,,,1,0,0,1,0,0,,,,,,0,,0,0,0,0,0,0,0
620,5,3616,2016-10-25 21:00:00+00:00,3616,2016-10-25 21:00:00+00:00,1,0,,,0,,,0,0,,,1,0,0,1,0,0,,,,,,0,,0,0,0,0,0,0,0
626,5,3639,2016-10-31 17:00:00+00:00,3640,2016-10-31 21:00:00+00:00,1,0,,,0,,,0,0,,,1,0,0,1,0,0,,,,,,0,,0,0,0,0,0,0,0
628,5,3660,2016-11-04 05:00:00+00:00,3660,2016-11-04 05:00:00+00:00,1,0,,,0,,,0,0,,,1,0,0,1,0,0,,,,,,0,,0,0,0,0,0,0,0
630,5,3673,2016-11-08 10:00:00+00:00,3673,2016-11-08 10:00:00+00:00,1,0,,,0,,,0,0,,,1,0,0,1,0,0,,,,,,0,,0,0,0,0,0,0,0
631,5,3697,2016-11-14 10:00:00+00:00,3699,2016-11-14 18:00:00+00:00,1,0,,,0,,,0,0,,,1,0,0,1,0,0,,,,,,0,,0,0,0,0,0,0,0
633,5,3704,2016-11-15 14:00:00+00:00,3714,2016-11-17 06:00:00+00:00,1,1,3713.0,2016-11-17 02:00:00+00:00,1,3713.0,2016-11-17 02:00:00+00:00,1,0,3713.0,2016-11-17 02:00:00+00:00,0,0,0,0,0,1,0.3539055158663178,0.853354978354975,0.4,1.0,1.0,0,0.6741333382526599,0,0,0,0,0,0,1
640,5,3727,2016-11-21 10:00:00+00:00,3727,2016-11-21 10:00:00+00:00,1,0,,,0,,,0,0,,,1,0,1,1,0,0,,,,,,0,,0,0,0,0,0,0,0
642,5,3729,2016-11-21 18:00:00+00:00,3729,2016-11-21 18:00:00+00:00,1,0,,,0,,,0,0,,,1,0,0,1,0,0,,,,,,0,,0,0,0,0,0,0,0
646,5,3756,2016-11-28 10:00:00+00:00,3756,2016-11-28 10:00:00+00:00,1,0,,,0,,,0,0,,,1,0,0,1,0,0,,,,,,0,,0,0,0,0,0,0,0
650,5,3763,2016-11-29 14:00:00+00:00,3766,2016-11-30 02:00:00+00:00,1,1,3766.0,2016-11-30 02:00:00+00:00,1,3766.0,2016-11-30 02:00:00+00:00,1,0,3766.0,2016-11-30 02:00:00+00:00,0,0,0,0,0,1,0.4181756949724763,0.6385889128869779,0.4,2.0,0.0,1,0.6051005493642568,0,0,0,0,0,0,0
655,5,3775,2016-12-01 14:00:00+00:00,3775,2016-12-01 14:00:00+00:00,1,0,,,0,,,0,0,,,1,0,0,1,0,0,,,,,,0,,0,0,0,0,0,0,0
657,5,3780,2016-12-02 10:00:00+00:00,3780,2016-12-02 10:00:00+00:00,1,0,,,0,,,0,0,,,1,0,0,1,0,0,,,,,,0,,0,0,0,0,0,0,0
659,5,3792,2016-12-06 10:00:00+00:00,3796,2016-12-07 02:00:00+00:00,1,1,3796.0,2016-12-07 02:00:00+00:00,0,,,0,0,,,0,0,0,0,0,0,0.6252359298100896,0.6192216582064124,0.4,0.0,1.0,-1,0.560296340951849,1,0,0,1,0,0,1
661,5,3805,2016-12-08 14:00:00+00:00,3806,2016-12-08 18:00:00+00:00,1,0,,,0,,,0,0,,,1,0,0,1,0,0,,,,,,0,,0,0,0,0,0,0,0
663,5,3822,2016-12-13 10:00:00+00:00,3827,2016-12-14 06:00:00+00:00,1,1,3826.0,2016-12-14 02:00:00+00:00,1,3826.0,2016-12-14 02:00:00+00:00,1,0,3826.0,2016-12-14 02:00:00+00:00,0,0,0,0,0,1,0.43310972053029845,0.9588507426345341,0.4,0.0,1.0,-1,0.6880093926981488,0,0,0,0,0,0,0
666,5,3840,2016-12-16 10:00:00+00:00,3840,2016-12-16 10:00:00+00:00,1,0,,,0,,,0,0,,,1,0,0,1,0,0,,,,,,0,,0,0,0,0,0,0,0
667,5,3848,2016-12-19 18:00:00+00:00,3849,2016-12-19 22:00:00+00:00,1,0,,,0,,,0,0,,,1,0,0,1,0,0,,,,,,0,,0,0,0,0,0,0,0
672,5,3858,2016-12-21 10:00:00+00:00,3861,2016-12-21 22:00:00+00:00,1,1,3861.0,2016-12-21 22:00:00+00:00,0,,,0,0,,,0,0,0,0,0,0,0.6216362369338053,0.5485714285714106,0.6,1.0,3.0,-1,0.324741351916371,1,0,0,1,0,0,1
676,5,3870,2016-12-23 10:00:00+00:00,3870,2016-12-23 10:00:00+00:00,1,0,,,0,,,0,0,,,1,0,0,1,0,0,,,,,,0,,0,0,0,0,0,0,0
678,5,3890,2016-12-29 18:00:00+00:00,3890,2016-12-29 18:00:00+00:00,1,0,,,0,,,0,0,,,1,0,0,1,0,0,,,,,,0,,0,0,0,0,0,0,0
679,5,3897,2017-01-02 22:00:00+00:00,3898,2017-01-03 02:00:00+00:00,1,0,,,0,,,0,0,,,1,0,0,1,0,0,,,,,,0,,0,0,0,0,0,0,0
681,5,3902,2017-01-03 18:00:00+00:00,3904,2017-01-04 02:00:00+00:00,1,0,,,0,,,0,0,,,1,0,1,1,0,0,,,,,,0,,0,0,0,0,0,0,0
685,5,3906,2017-01-04 10:00:00+00:00,3906,2017-01-04 10:00:00+00:00,1,0,,,0,,,0,0,,,1,0,0,1,0,0,,,,,,0,,0,0,0,0,0,0,0
686,5,3919,2017-01-06 14:00:00+00:00,3919,2017-01-06 14:00:00+00:00,1,0,,,0,,,0,0,,,1,0,0,1,0,0,,,,,,0,,0,0,0,0,0,0,0
688,5,3923,2017-01-09 06:00:00+00:00,3923,2017-01-09 06:00:00+00:00,1,0,,,0,,,0,0,,,1,0,0,1,0,0,,,,,,0,,0,0,0,0,0,0,0
692,5,3930,2017-01-10 10:00:00+00:00,3930,2017-01-10 10:00:00+00:00,1,0,,,0,,,0,0,,,1,0,0,1,0,0,,,,,,0,,0,0,0,0,0,0,0
693,5,3935,2017-01-11 06:00:00+00:00,3935,2017-01-11 06:00:00+00:00,1,0,,,0,,,0,0,,,1,0,0,1,0,0,,,,,,0,,0,0,0,0,0,0,0
695,5,3944,2017-01-12 18:00:00+00:00,3944,2017-01-12 18:00:00+00:00,1,0,,,0,,,0,0,,,1,0,0,1,0,0,,,,,,0,,0,0,0,0,0,0,0
697,5,3962,2017-01-17 22:00:00+00:00,3964,2017-01-18 06:00:00+00:00,1,0,,,0,,,0,0,,,1,0,0,1,0,0,,,,,,0,,0,0,0,0,0,0,0
700,5,3977,2017-01-20 10:00:00+00:00,3978,2017-01-20 14:00:00+00:00,1,0,,,0,,,0,0,,,1,0,0,1,0,0,,,,,,0,,0,0,0,0,0,0,0
701,5,3984,2017-01-23 14:00:00+00:00,3985,2017-01-23 18:00:00+00:00,1,0,,,0,,,0,0,,,1,0,0,1,0,0,,,,,,0,,0,0,0,0,0,0,0
704,5,4000,2017-01-26 06:00:00+00:00,4000,2017-01-26 06:00:00+00:00,1,0,,,0,,,0,0,,,1,0,0,1,0,0,,,,,,0,,0,0,0,0,0,0,0
705,5,4008,2017-01-27 14:00:00+00:00,4008,2017-01-27 14:00:00+00:00,1,0,,,0,,,0,0,,,1,0,0,1,0,0,,,,,,0,,0,0,0,0,0,0,0
709,5,4013,2017-01-30 10:00:00+00:00,4013,2017-01-30 10:00:00+00:00,1,0,,,0,,,0,0,,,1,0,0,1,0,0,,,,,,0,,0,0,0,0,0,0,0
710,5,4042,2017-02-06 06:00:00+00:00,4042,2017-02-06 06:00:00+00:00,1,0,,,0,,,0,0,,,1,0,0,1,0,0,,,,,,0,,0,0,0,0,0,0,0
711,5,4046,2017-02-06 22:00:00+00:00,4046,2017-02-06 22:00:00+00:00,1,0,,,0,,,0,0,,,1,0,0,1,0,0,,,,,,0,,0,0,0,0,0,0,0
713,5,4049,2017-02-07 10:00:00+00:00,4052,2017-02-07 22:00:00+00:00,1,1,4052.0,2017-02-07 22:00:00+00:00,0,,,0,0,,,0,0,0,0,0,0,0.6587746342965274,0.4301703163016717,0.4,3.0,0.0,1,0.3099229261015426,1,1,0,1,1,0,1
717,5,4096,2017-02-17 06:00:00+00:00,4098,2017-02-17 14:00:00+00:00,1,0,,,0,,,0,0,,,1,0,0,1,0,0,,,,,,0,,0,0,0,0,0,0,0
721,5,4105,2017-02-20 22:00:00+00:00,4106,2017-02-21 02:00:00+00:00,1,0,,,0,,,0,0,,,1,0,0,1,0,0,,,,,,0,,0,0,0,0,0,0,0
722,5,4119,2017-02-23 06:00:00+00:00,4119,2017-02-23 06:00:00+00:00,1,0,,,0,,,0,0,,,1,0,0,1,0,0,,,,,,0,,0,0,0,0,0,0,0
724,5,4132,2017-02-27 10:00:00+00:00,4132,2017-02-27 10:00:00+00:00,1,0,,,0,,,0,0,,,1,0,0,1,0,0,,,,,,0,,0,0,0,0,0,0,0
725,5,4145,2017-03-01 14:00:00+00:00,4148,2017-03-02 02:00:00+00:00,1,0,,,0,,,0,0,,,0,0,0,1,0,0,,,,,,0,,0,0,0,0,0,0,0
727,5,4159,2017-03-05 22:00:00+00:00,4161,2017-03-06 06:00:00+00:00,1,0,,,0,,,0,0,,,1,0,0,1,0,0,,,,,,0,,0,0,0,0,0,0,0
729,5,4165,2017-03-06 22:00:00+00:00,4165,2017-03-06 22:00:00+00:00,1,0,,,0,,,0,0,,,1,0,0,1,0,0,,,,,,0,,0,0,0,0,0,0,0
731,5,4189,2017-03-12 21:00:00+00:00,4189,2017-03-12 21:00:00+00:00,1,0,,,0,,,0,0,,,1,0,0,1,0,0,,,,,,0,,0,0,0,0,0,0,0
733,5,4199,2017-03-14 13:00:00+00:00,4199,2017-03-14 13:00:00+00:00,1,0,,,0,,,0,0,,,1,0,1,1,0,0,,,,,,0,,0,0,0,0,0,0,0
734,5,4201,2017-03-14 21:00:00+00:00,4202,2017-03-15 01:00:00+00:00,1,0,,,0,,,0,0,,,1,0,0,1,0,0,,,,,,0,,0,0,0,0,0,0,0
737,5,4218,2017-03-17 17:00:00+00:00,4218,2017-03-17 17:00:00+00:00,1,0,,,0,,,0,0,,,1,0,0,1,0,0,,,,,,0,,0,0,0,0,0,0,0
739,5,4221,2017-03-20 05:00:00+00:00,4222,2017-03-20 09:00:00+00:00,1,0,,,0,,,0,0,,,1,0,0,1,0,0,,,,,,0,,0,0,0,0,0,0,0
744,5,4226,2017-03-21 01:00:00+00:00,4227,2017-03-21 05:00:00+00:00,1,0,,,0,,,0,0,,,1,0,0,1,0,0,,,,,,0,,0,0,0,0,0,0,0
745,5,4234,2017-03-22 09:00:00+00:00,4234,2017-03-22 09:00:00+00:00,1,0,,,0,,,0,0,,,1,0,0,1,0,0,,,,,,0,,0,0,0,0,0,0,0
746,5,4246,2017-03-24 09:00:00+00:00,4246,2017-03-24 09:00:00+00:00,1,0,,,0,,,0,0,,,1,0,0,1,0,0,,,,,,0,,0,0,0,0,0,0,0
747,5,4259,2017-03-28 13:00:00+00:00,4259,2017-03-28 13:00:00+00:00,1,0,,,0,,,0,0,,,1,0,1,1,0,0,,,,,,0,,0,0,0,0,0,0,0
748,5,4261,2017-03-28 21:00:00+00:00,4261,2017-03-28 21:00:00+00:00,1,0,,,0,,,0,0,,,1,0,0,1,0,0,,,,,,0,,0,0,0,0,0,0,0
750,5,4264,2017-03-29 09:00:00+00:00,4265,2017-03-29 13:00:00+00:00,1,0,,,0,,,0,0,,,1,0,0,1,0,0,,,,,,0,,0,0,0,0,0,0,0
755,5,4276,2017-03-31 09:00:00+00:00,4276,2017-03-31 09:00:00+00:00,1,0,,,0,,,0,0,,,1,0,1,1,0,0,,,,,,0,,0,0,0,0,0,0,0
757,5,4278,2017-03-31 17:00:00+00:00,4278,2017-03-31 17:00:00+00:00,1,0,,,0,,,0,0,,,1,0,0,1,0,0,,,,,,0,,0,0,0,0,0,0,0
759,5,4281,2017-04-03 05:00:00+00:00,4282,2017-04-03 09:00:00+00:00,1,0,,,0,,,0,0,,,1,0,1,1,0,0,,,,,,0,,0,0,0,0,0,0,0
760,5,4284,2017-04-03 17:00:00+00:00,4284,2017-04-03 17:00:00+00:00,1,0,,,0,,,0,0,,,1,0,0,1,0,0,,,,,,0,,0,0,0,0,0,0,0
762,5,4296,2017-04-05 17:00:00+00:00,4296,2017-04-05 17:00:00+00:00,1,0,,,0,,,0,0,,,1,0,0,1,0,0,,,,,,0,,0,0,0,0,0,0,0
764,5,4328,2017-04-13 01:00:00+00:00,4328,2017-04-13 01:00:00+00:00,1,0,,,0,,,0,0,,,1,0,0,1,0,0,,,,,,0,,0,0,0,0,0,0,0
766,5,4331,2017-04-13 13:00:00+00:00,4332,2017-04-13 17:00:00+00:00,1,0,,,0,,,0,0,,,1,0,0,1,0,0,,,,,,0,,0,0,0,0,0,0,0
769,5,4344,2017-04-18 17:00:00+00:00,4346,2017-04-19 01:00:00+00:00,1,0,,,0,,,0,0,,,1,0,0,1,0,0,,,,,,0,,0,0,0,0,0,0,0
771,5,4353,2017-04-20 05:00:00+00:00,4358,2017-04-21 01:00:00+00:00,1,1,4358.0,2017-04-21 01:00:00+00:00,1,4358.0,2017-04-21 01:00:00+00:00,1,0,4358.0,2017-04-21 01:00:00+00:00,0,0,0,0,0,1,0.5124216309811759,0.6928534018949977,0.4,1.0,0.0,1,0.6988237662948681,0,0,0,0,0,0,1
774,5,4378,2017-04-26 09:00:00+00:00,4378,2017-04-26 09:00:00+00:00,1,0,,,0,,,0,0,,,1,0,0,1,0,0,,,,,,0,,0,0,0,0,0,0,0
775,5,4391,2017-04-28 13:00:00+00:00,4391,2017-04-28 13:00:00+00:00,1,0,,,0,,,0,0,,,1,0,0,1,0,0,,,,,,0,,0,0,0,0,0,0,0
778,5,4419,2017-05-05 05:00:00+00:00,4422,2017-05-05 17:00:00+00:00,1,1,4422.0,2017-05-05 17:00:00+00:00,0,,,0,0,,,0,0,0,0,0,0,0.7729767189133779,0.34511943482671326,0.6,1.0,3.0,-1,0.23676411023558686,1,1,0,1,1,0,1
780,5,4434,2017-05-09 17:00:00+00:00,4434,2017-05-09 17:00:00+00:00,1,0,,,0,,,0,0,,,1,0,0,1,0,0,,,,,,0,,0,0,0,0,0,0,0
782,5,4437,2017-05-10 05:00:00+00:00,4437,2017-05-10 05:00:00+00:00,1,0,,,0,,,0,0,,,1,0,0,1,0,0,,,,,,0,,0,0,0,0,0,0,0
785,5,4440,2017-05-10 17:00:00+00:00,4441,2017-05-10 21:00:00+00:00,1,0,,,0,,,0,0,,,1,0,0,1,0,0,,,,,,0,,0,0,0,0,0,0,0
789,5,4452,2017-05-12 17:00:00+00:00,4454,2017-05-15 01:00:00+00:00,1,0,,,0,,,0,0,,,1,0,0,1,0,0,,,,,,0,,0,0,0,0,0,0,0
791,5,4462,2017-05-16 09:00:00+00:00,4462,2017-05-16 09:00:00+00:00,1,0,,,0,,,0,0,,,1,0,0,1,0,0,,,,,,0,,0,0,0,0,0,0,0
792,5,4482,2017-05-19 17:00:00+00:00,4482,2017-05-19 17:00:00+00:00,1,0,,,0,,,0,0,,,1,0,0,1,0,0,,,,,,0,,0,0,0,0,0,0,0
795,5,4491,2017-05-23 05:00:00+00:00,4492,2017-05-23 09:00:00+00:00,1,0,,,0,,,0,0,,,1,0,0,1,0,0,,,,,,0,,0,0,0,0,0,0,0
798,5,4499,2017-05-24 13:00:00+00:00,4499,2017-05-24 13:00:00+00:00,1,0,,,0,,,0,0,,,1,0,0,1,0,0,,,,,,0,,0,0,0,0,0,0,0
800,5,4505,2017-05-25 13:00:00+00:00,4508,2017-05-26 01:00:00+00:00,1,1,4508.0,2017-05-26 01:00:00+00:00,0,,,0,0,,,0,0,0,0,0,0,0.4550095570362727,0.7619698263592614,0.8,1.0,1.0,0,0.47693356076724835,0,0,0,1,0,0,1
803,5,4514,2017-05-29 01:00:00+00:00,4516,2017-05-29 09:00:00+00:00,1,0,,,0,,,0,0,,,1,0,0,1,0,0,,,,,,0,,0,0,0,0,0,0,0
805,5,4519,2017-05-30 01:00:00+00:00,4519,2017-05-30 01:00:00+00:00,1,0,,,0,,,0,0,,,1,0,0,1,0,0,,,,,,0,,0,0,0,0,0,0,0
806,5,4525,2017-05-31 01:00:00+00:00,4525,2017-05-31 01:00:00+00:00,1,0,,,0,,,0,0,,,1,0,0,1,0,0,,,,,,0,,0,0,0,0,0,0,0
807,5,4548,2017-06-05 21:00:00+00:00,4548,2017-06-05 21:00:00+00:00,1,0,,,0,,,0,0,,,1,0,0,1,0,0,,,,,,0,,0,0,0,0,0,0,0
809,5,4568,2017-06-09 05:00:00+00:00,4568,2017-06-09 05:00:00+00:00,1,0,,,0,,,0,0,,,1,0,0,1,0,0,,,,,,0,,0,0,0,0,0,0,0
810,5,4574,2017-06-12 05:00:00+00:00,4578,2017-06-12 21:00:00+00:00,1,1,4578.0,2017-06-12 21:00:00+00:00,1,4578.0,2017-06-12 21:00:00+00:00,1,0,4578.0,2017-06-12 21:00:00+00:00,0,0,0,0,0,1,0.4727603491295061,0.9253136656493731,0.4,0.0,1.0,-1,0.6542483847999981,0,0,0,0,0,0,0
812,5,4598,2017-06-16 05:00:00+00:00,4600,2017-06-16 13:00:00+00:00,1,0,,,0,,,0,0,,,1,0,0,1,0,0,,,,,,0,,0,0,0,0,0,0,0
815,5,4623,2017-06-22 09:00:00+00:00,4623,2017-06-22 09:00:00+00:00,1,0,,,0,,,0,0,,,1,0,0,1,0,0,,,,,,0,,0,0,0,0,0,0,0
817,5,4647,2017-06-28 09:00:00+00:00,4650,2017-06-28 21:00:00+00:00,1,0,,,0,,,0,0,,,0,0,0,1,0,0,,,,,,0,,0,0,0,0,0,0,0
822,5,4658,2017-06-30 05:00:00+00:00,4658,2017-06-30 05:00:00+00:00,1,0,,,0,,,0,0,,,1,0,0,1,0,0,,,,,,0,,0,0,0,0,0,0,0
824,5,4674,2017-07-05 01:00:00+00:00,4674,2017-07-05 01:00:00+00:00,1,0,,,0,,,0,0,,,1,0,0,1,0,0,,,,,,0,,0,0,0,0,0,0,0
826,5,4684,2017-07-06 17:00:00+00:00,4684,2017-07-06 17:00:00+00:00,1,0,,,0,,,0,0,,,1,0,0,1,0,0,,,,,,0,,0,0,0,0,0,0,0
827,5,4687,2017-07-07 05:00:00+00:00,4687,2017-07-07 05:00:00+00:00,1,0,,,0,,,0,0,,,1,0,0,1,0,0,,,,,,0,,0,0,0,0,0,0,0
829,5,4699,2017-07-11 05:00:00+00:00,4699,2017-07-11 05:00:00+00:00,1,0,,,0,,,0,0,,,1,0,0,1,0,0,,,,,,0,,0,0,0,0,0,0,0
830,5,4702,2017-07-11 17:00:00+00:00,4702,2017-07-11 17:00:00+00:00,1,0,,,0,,,0,0,,,1,0,0,1,0,0,,,,,,0,,0,0,0,0,0,0,0
834,5,4726,2017-07-17 17:00:00+00:00,4726,2017-07-17 17:00:00+00:00,1,0,,,0,,,0,0,,,1,0,0,1,0,0,,,,,,0,,0,0,0,0,0,0,0
835,5,4761,2017-07-25 13:00:00+00:00,4761,2017-07-25 13:00:00+00:00,1,0,,,0,,,0,0,,,1,0,0,1,0,0,,,,,,0,,0,0,0,0,0,0,0
837,5,4784,2017-07-31 09:00:00+00:00,4789,2017-08-01 05:00:00+00:00,1,1,4789.0,2017-08-01 05:00:00+00:00,0,,,0,0,,,0,0,0,0,0,0,0.3677198245439538,0.9797492767599059,1.0,2.0,2.0,0,0.48312758690272806,0,0,0,1,0,0,1
839,5,4807,2017-08-04 05:00:00+00:00,4807,2017-08-04 05:00:00+00:00,1,0,,,0,,,0,0,,,1,0,0,1,0,0,,,,,,0,,0,0,0,0,0,0,0
840,5,4814,2017-08-07 09:00:00+00:00,4814,2017-08-07 09:00:00+00:00,1,0,,,0,,,0,0,,,1,0,0,1,0,0,,,,,,0,,0,0,0,0,0,0,0
841,5,4817,2017-08-07 21:00:00+00:00,4819,2017-08-08 05:00:00+00:00,1,0,,,0,,,0,0,,,1,0,0,1,0,0,,,,,,0,,0,0,0,0,0,0,0
843,5,4837,2017-08-11 05:00:00+00:00,4837,2017-08-11 05:00:00+00:00,1,0,,,0,,,0,0,,,1,0,0,1,0,0,,,,,,0,,0,0,0,0,0,0,0
846,5,4878,2017-08-22 01:00:00+00:00,4878,2017-08-22 01:00:00+00:00,1,0,,,0,,,0,0,,,1,0,0,1,0,0,,,,,,0,,0,0,0,0,0,0,0
849,5,4885,2017-08-23 05:00:00+00:00,4885,2017-08-23 05:00:00+00:00,1,0,,,0,,,0,0,,,1,0,0,1,0,0,,,,,,0,,0,0,0,0,0,0,0
853,5,4890,2017-08-24 01:00:00+00:00,4890,2017-08-24 01:00:00+00:00,1,0,,,0,,,0,0,,,1,0,1,1,0,0,,,,,,0,,0,0,0,0,0,0,0
855,5,4892,2017-08-24 09:00:00+00:00,4892,2017-08-24 09:00:00+00:00,1,0,,,0,,,0,0,,,1,0,0,1,0,0,,,,,,0,,0,0,0,0,0,0,0
857,5,4895,2017-08-24 21:00:00+00:00,4896,2017-08-25 01:00:00+00:00,1,0,,,0,,,0,0,,,1,0,0,1,0,0,,,,,,0,,0,0,0,0,0,0,0
858,5,4916,2017-08-30 09:00:00+00:00,4916,2017-08-30 09:00:00+00:00,1,0,,,0,,,0,0,,,1,0,0,1,0,0,,,,,,0,,0,0,0,0,0,0,0
859,5,4947,2017-09-06 17:00:00+00:00,4950,2017-09-07 05:00:00+00:00,1,1,4950.0,2017-09-07 05:00:00+00:00,0,,,0,0,,,0,0,0,0,0,0,0.35941691646553003,0.8869853355893988,0.6,1.0,1.0,0,0.5617775515988642,0,0,0,1,0,0,1
861,5,4964,2017-09-11 13:00:00+00:00,4964,2017-09-11 13:00:00+00:00,1,0,,,0,,,0,0,,,1,0,0,1,0,0,,,,,,0,,0,0,0,0,0,0,0
863,5,4970,2017-09-12 13:00:00+00:00,4970,2017-09-12 13:00:00+00:00,1,0,,,0,,,0,0,,,1,0,0,1,0,0,,,,,,0,,0,0,0,0,0,0,0
868,5,5012,2017-09-21 13:00:00+00:00,5012,2017-09-21 13:00:00+00:00,1,0,,,0,,,0,0,,,1,0,0,1,0,0,,,,,,0,,0,0,0,0,0,0,0
869,5,5017,2017-09-22 09:00:00+00:00,5017,2017-09-22 09:00:00+00:00,1,0,,,0,,,0,0,,,1,0,1,1,0,0,,,,,,0,,0,0,0,0,0,0,0
871,5,5019,2017-09-22 17:00:00+00:00,5019,2017-09-22 17:00:00+00:00,1,0,,,0,,,0,0,,,1,0,0,1,0,0,,,,,,0,,0,0,0,0,0,0,0
874,5,5041,2017-09-28 09:00:00+00:00,5041,2017-09-28 09:00:00+00:00,1,0,,,0,,,0,0,,,1,0,0,1,0,0,,,,,,0,,0,0,0,0,0,0,0
876,5,5045,2017-09-29 01:00:00+00:00,5045,2017-09-29 01:00:00+00:00,1,0,,,0,,,0,0,,,1,0,0,1,0,0,,,,,,0,,0,0,0,0,0,0,0
878,5,5048,2017-09-29 13:00:00+00:00,5048,2017-09-29 13:00:00+00:00,1,0,,,0,,,0,0,,,1,0,0,1,0,0,,,,,,0,,0,0,0,0,0,0,0
883,5,5071,2017-10-05 09:00:00+00:00,5071,2017-10-05 09:00:00+00:00,1,0,,,0,,,0,0,,,1,0,0,1,0,0,,,,,,0,,0,0,0,0,0,0,0
884,5,5085,2017-10-09 17:00:00+00:00,5085,2017-10-09 17:00:00+00:00,1,0,,,0,,,0,0,,,1,0,1,1,0,0,,,,,,0,,0,0,0,0,0,0,0
885,5,5087,2017-10-10 01:00:00+00:00,5087,2017-10-10 01:00:00+00:00,1,0,,,0,,,0,0,,,1,0,0,1,0,0,,,,,,0,,0,0,0,0,0,0,0
886,5,5095,2017-10-11 09:00:00+00:00,5095,2017-10-11 09:00:00+00:00,1,0,,,0,,,0,0,,,1,0,0,1,0,0,,,,,,0,,0,0,0,0,0,0,0
888,5,5098,2017-10-11 21:00:00+00:00,5098,2017-10-11 21:00:00+00:00,1,0,,,0,,,0,0,,,1,0,0,1,0,0,,,,,,0,,0,0,0,0,0,0,0
890,5,5113,2017-10-16 09:00:00+00:00,5113,2017-10-16 09:00:00+00:00,1,0,,,0,,,0,0,,,1,0,0,1,0,0,,,,,,0,,0,0,0,0,0,0,0
893,5,5137,2017-10-20 09:00:00+00:00,5137,2017-10-20 09:00:00+00:00,1,0,,,0,,,0,0,,,1,0,1,1,0,0,,,,,,0,,0,0,0,0,0,0,0
895,5,5139,2017-10-20 17:00:00+00:00,5139,2017-10-20 17:00:00+00:00,1,0,,,0,,,0,0,,,1,0,0,1,0,0,,,,,,0,,0,0,0,0,0,0,0
897,5,5145,2017-10-23 17:00:00+00:00,5147,2017-10-24 01:00:00+00:00,1,0,,,0,,,0,0,,,1,0,0,1,0,0,,,,,,0,,0,0,0,0,0,0,0
902,5,5156,2017-10-25 13:00:00+00:00,5157,2017-10-25 17:00:00+00:00,1,0,,,0,,,0,0,,,1,0,0,1,0,0,,,,,,0,,0,0,0,0,0,0,0
904,5,5173,2017-10-30 09:00:00+00:00,5173,2017-10-30 09:00:00+00:00,1,0,,,0,,,0,0,,,1,0,0,1,0,0,,,,,,0,,0,0,0,0,0,0,0
908,5,5185,2017-11-01 09:00:00+00:00,5186,2017-11-01 13:00:00+00:00,1,0,,,0,,,0,0,,,1,0,1,1,0,0,,,,,,0,,0,0,0,0,0,0,0
912,5,5188,2017-11-01 21:00:00+00:00,5191,2017-11-02 09:00:00+00:00,1,1,5191.0,2017-11-02 09:00:00+00:00,1,5191.0,2017-11-02 09:00:00+00:00,1,0,5191.0,2017-11-02 09:00:00+00:00,0,0,0,0,0,1,0.37353623789602153,0.9873804356562947,0.6,1.0,1.0,0,0.5940190482293176,0,0,0,0,0,0,0
914,5,5207,2017-11-07 02:00:00+00:00,5207,2017-11-07 02:00:00+00:00,1,0,,,0,,,0,0,,,1,0,1,1,0,0,,,,,,0,,0,0,0,0,0,0,0
915,5,5209,2017-11-07 10:00:00+00:00,5209,2017-11-07 10:00:00+00:00,1,0,,,0,,,0,0,,,1,0,0,1,0,0,,,,,,0,,0,0,0,0,0,0,0
917,5,5222,2017-11-09 14:00:00+00:00,5222,2017-11-09 14:00:00+00:00,1,0,,,0,,,0,0,,,1,0,0,1,0,0,,,,,,0,,0,0,0,0,0,0,0
920,5,5226,2017-11-10 06:00:00+00:00,5226,2017-11-10 06:00:00+00:00,1,0,,,0,,,0,0,,,1,0,0,1,0,0,,,,,,0,,0,0,0,0,0,0,0
923,5,5235,2017-11-13 18:00:00+00:00,5236,2017-11-13 22:00:00+00:00,1,0,,,0,,,0,0,,,1,0,0,1,0,0,,,,,,0,,0,0,0,0,0,0,0
924,5,5247,2017-11-15 18:00:00+00:00,5247,2017-11-15 18:00:00+00:00,1,0,,,0,,,0,0,,,1,0,0,1,0,0,,,,,,0,,0,0,0,0,0,0,0
925,5,5252,2017-11-16 14:00:00+00:00,5255,2017-11-17 02:00:00+00:00,1,0,,,0,,,0,0,,,0,0,0,1,0,0,,,,,,0,,0,0,0,0,0,0,0
927,5,5285,2017-11-24 06:00:00+00:00,5285,2017-11-24 06:00:00+00:00,1,0,,,0,,,0,0,,,1,0,0,1,0,0,,,,,,0,,0,0,0,0,0,0,0
928,5,5296,2017-11-28 02:00:00+00:00,5296,2017-11-28 02:00:00+00:00,1,0,,,0,,,0,0,,,1,0,1,1,0,0,,,,,,0,,0,0,0,0,0,0,0
929,5,5298,2017-11-28 10:00:00+00:00,5298,2017-11-28 10:00:00+00:00,1,0,,,0,,,0,0,,,1,0,0,1,0,0,,,,,,0,,0,0,0,0,0,0,0
930,5,5326,2017-12-05 02:00:00+00:00,5327,2017-12-05 06:00:00+00:00,1,0,,,0,,,0,0,,,1,0,0,1,0,0,,,,,,0,,0,0,0,0,0,0,0
931,5,5336,2017-12-06 18:00:00+00:00,5337,2017-12-06 22:00:00+00:00,1,0,,,0,,,0,0,,,1,0,0,1,0,0,,,,,,0,,0,0,0,0,0,0,0
934,5,5352,2017-12-11 10:00:00+00:00,5352,2017-12-11 10:00:00+00:00,1,0,,,0,,,0,0,,,1,0,0,1,0,0,,,,,,0,,0,0,0,0,0,0,0
936,5,5388,2017-12-19 10:00:00+00:00,5392,2017-12-20 02:00:00+00:00,1,1,5392.0,2017-12-20 02:00:00+00:00,1,5392.0,2017-12-20 02:00:00+00:00,1,0,5392.0,2017-12-20 02:00:00+00:00,0,0,0,0,0,1,0.38075382933525215,0.7718785517129365,0.6,2.0,1.0,1,0.6316014952674506,0,0,0,0,0,0,0
938,5,5446,2018-01-04 02:00:00+00:00,5448,2018-01-04 10:00:00+00:00,1,0,,,0,,,0,0,,,1,0,0,1,0,0,,,,,,0,,0,0,0,0,0,0,0
940,5,5464,2018-01-09 02:00:00+00:00,5464,2018-01-09 02:00:00+00:00,1,0,,,0,,,0,0,,,1,0,0,1,0,0,,,,,,0,,0,0,0,0,0,0,0
942,5,5470,2018-01-10 02:00:00+00:00,5471,2018-01-10 06:00:00+00:00,1,0,,,0,,,0,0,,,1,0,0,1,0,0,,,,,,0,,0,0,0,0,0,0,0
945,5,5479,2018-01-11 14:00:00+00:00,5480,2018-01-11 18:00:00+00:00,1,0,,,0,,,0,0,,,1,0,0,1,0,0,,,,,,0,,0,0,0,0,0,0,0
946,5,5492,2018-01-15 22:00:00+00:00,5493,2018-01-16 02:00:00+00:00,1,0,,,0,,,0,0,,,1,0,0,1,0,0,,,,,,0,,0,0,0,0,0,0,0
947,5,5496,2018-01-16 14:00:00+00:00,5497,2018-01-16 18:00:00+00:00,1,0,,,0,,,0,0,,,1,0,1,1,0,0,,,,,,0,,0,0,0,0,0,0,0
950,5,5499,2018-01-17 02:00:00+00:00,5501,2018-01-17 10:00:00+00:00,1,0,,,0,,,0,0,,,1,0,0,1,0,0,,,,,,0,,0,0,0,0,0,0,0
953,5,5511,2018-01-19 02:00:00+00:00,5511,2018-01-19 02:00:00+00:00,1,0,,,0,,,0,0,,,1,0,0,1,0,0,,,,,,0,,0,0,0,0,0,0,0
957,5,5523,2018-01-23 02:00:00+00:00,5523,2018-01-23 02:00:00+00:00,1,0,,,0,,,0,0,,,1,0,0,1,0,0,,,,,,0,,0,0,0,0,0,0,0
961,5,5552,2018-01-29 22:00:00+00:00,5552,2018-01-29 22:00:00+00:00,1,0,,,0,,,0,0,,,1,0,1,1,0,0,,,,,,0,,0,0,0,0,0,0,0
962,5,5554,2018-01-30 06:00:00+00:00,5554,2018-01-30 06:00:00+00:00,1,0,,,0,,,0,0,,,1,0,0,1,0,0,,,,,,0,,0,0,0,0,0,0,0
965,5,5561,2018-01-31 10:00:00+00:00,5562,2018-01-31 14:00:00+00:00,1,0,,,0,,,0,0,,,1,0,0,1,0,0,,,,,,0,,0,0,0,0,0,0,0
967,5,5570,2018-02-01 22:00:00+00:00,5570,2018-02-01 22:00:00+00:00,1,0,,,0,,,0,0,,,1,0,0,1,0,0,,,,,,0,,0,0,0,0,0,0,0
969,5,5578,2018-02-05 06:00:00+00:00,5582,2018-02-05 22:00:00+00:00,1,0,,,0,,,0,0,,,0,0,0,1,0,0,,,,,,0,,0,0,0,0,0,0,0
971,5,5602,2018-02-09 06:00:00+00:00,5602,2018-02-09 06:00:00+00:00,1,0,,,0,,,0,0,,,1,0,0,1,0,0,,,,,,0,,0,0,0,0,0,0,0
972,5,5605,2018-02-09 18:00:00+00:00,5605,2018-02-09 18:00:00+00:00,1,0,,,0,,,0,0,,,1,0,1,1,0,0,,,,,,0,,0,0,0,0,0,0,0
974,5,5607,2018-02-12 02:00:00+00:00,5608,2018-02-12 06:00:00+00:00,1,0,,,0,,,0,0,,,1,0,0,1,0,0,,,,,,0,,0,0,0,0,0,0,0
977,5,5615,2018-02-13 10:00:00+00:00,5617,2018-02-13 18:00:00+00:00,1,0,,,0,,,0,0,,,1,0,0,1,0,0,,,,,,0,,0,0,0,0,0,0,0
978,5,5650,2018-02-21 10:00:00+00:00,5650,2018-02-21 10:00:00+00:00,1,0,,,0,,,0,0,,,1,0,0,1,0,0,,,,,,0,,0,0,0,0,0,0,0
979,5,5658,2018-02-22 18:00:00+00:00,5658,2018-02-22 18:00:00+00:00,1,0,,,0,,,0,0,,,1,0,0,1,0,0,,,,,,0,,0,0,0,0,0,0,0
980,5,5661,2018-02-23 06:00:00+00:00,5664,2018-02-23 18:00:00+00:00,1,1,5664.0,2018-02-23 18:00:00+00:00,0,,,0,0,,,0,0,0,0,0,0,0.4195585354921501,0.8222031473533782,0.6,2.0,1.0,1,0.4575227541490955,0,0,0,1,0,0,1
982,5,5668,2018-02-26 10:00:00+00:00,5668,2018-02-26 10:00:00+00:00,1,0,,,0,,,0,0,,,1,0,1,1,0,0,,,,,,0,,0,0,0,0,0,0,0
985,5,5670,2018-02-26 18:00:00+00:00,5671,2018-02-26 22:00:00+00:00,1,0,,,0,,,0,0,,,1,0,1,1,0,0,,,,,,0,,0,0,0,0,0,0,0
986,5,5673,2018-02-27 06:00:00+00:00,5673,2018-02-27 06:00:00+00:00,1,0,,,0,,,0,0,,,1,0,0,1,0,0,,,,,,0,,0,0,0,0,0,0,0
989,5,5680,2018-02-28 10:00:00+00:00,5680,2018-02-28 10:00:00+00:00,1,0,,,0,,,0,0,,,1,0,0,1,0,0,,,,,,0,,0,0,0,0,0,0,0
990,5,5693,2018-03-02 14:00:00+00:00,5694,2018-03-02 18:00:00+00:00,1,0,,,0,,,0,0,,,1,0,0,1,0,0,,,,,,0,,0,0,0,0,0,0,0
992,5,5698,2018-03-05 10:00:00+00:00,5698,2018-03-05 10:00:00+00:00,1,0,,,0,,,0,0,,,1,0,0,1,0,0,,,,,,0,,0,0,0,0,0,0,0
994,5,5718,2018-03-08 18:00:00+00:00,5718,2018-03-08 18:00:00+00:00,1,0,,,0,,,0,0,,,1,0,0,1,0,0,,,,,,0,,0,0,0,0,0,0,0
998,5,5743,2018-03-14 21:00:00+00:00,5744,2018-03-15 01:00:00+00:00,1,0,,,0,,,0,0,,,1,0,0,1,0,0,,,,,,0,,0,0,0,0,0,0,0
1000,5,5807,2018-03-29 13:00:00+00:00,5808,2018-03-29 17:00:00+00:00,1,0,,,0,,,0,0,,,1,0,0,1,0,0,,,,,,0,,0,0,0,0,0,0,0
1002,5,5832,2018-04-05 17:00:00+00:00,5832,2018-04-05 17:00:00+00:00,1,0,,,0,,,0,0,,,1,0,1,1,0,0,,,,,,0,,0,0,0,0,0,0,0
1003,5,5834,2018-04-06 01:00:00+00:00,5834,2018-04-06 01:00:00+00:00,1,0,,,0,,,0,0,,,1,0,0,1,0,0,,,,,,0,,0,0,0,0,0,0,0
1004,5,5837,2018-04-06 13:00:00+00:00,5839,2018-04-08 21:00:00+00:00,1,0,,,0,,,0,0,,,1,0,0,1,0,0,,,,,,0,,0,0,0,0,0,0,0
1007,5,5842,2018-04-09 09:00:00+00:00,5842,2018-04-09 09:00:00+00:00,1,0,,,0,,,0,0,,,1,0,1,1,0,0,,,,,,0,,0,0,0,0,0,0,0
1010,5,5844,2018-04-09 17:00:00+00:00,5845,2018-04-09 21:00:00+00:00,1,0,,,0,,,0,0,,,1,0,1,1,0,0,,,,,,0,,0,0,0,0,0,0,0
1012,5,5847,2018-04-10 05:00:00+00:00,5847,2018-04-10 05:00:00+00:00,1,0,,,0,,,0,0,,,1,0,0,1,0,0,,,,,,0,,0,0,0,0,0,0,0
1013,5,5850,2018-04-10 17:00:00+00:00,5850,2018-04-10 17:00:00+00:00,1,0,,,0,,,0,0,,,1,0,1,1,0,0,,,,,,0,,0,0,0,0,0,0,0
1016,5,5852,2018-04-11 01:00:00+00:00,5852,2018-04-11 01:00:00+00:00,1,0,,,0,,,0,0,,,1,0,0,1,0,0,,,,,,0,,0,0,0,0,0,0,0
1017,5,5865,2018-04-13 05:00:00+00:00,5865,2018-04-13 05:00:00+00:00,1,0,,,0,,,0,0,,,1,0,0,1,0,0,,,,,,0,,0,0,0,0,0,0,0
1018,5,5871,2018-04-16 05:00:00+00:00,5872,2018-04-16 09:00:00+00:00,1,0,,,0,,,0,0,,,1,0,0,1,0,0,,,,,,0,,0,0,0,0,0,0,0
1024,5,5907,2018-04-24 05:00:00+00:00,5907,2018-04-24 05:00:00+00:00,1,0,,,0,,,0,0,,,1,0,0,1,0,0,,,,,,0,,0,0,0,0,0,0,0
1027,5,5918,2018-04-26 01:00:00+00:00,5918,2018-04-26 01:00:00+00:00,1,0,,,0,,,0,0,,,1,0,0,1,0,0,,,,,,0,,0,0,0,0,0,0,0
1029,5,5927,2018-04-27 13:00:00+00:00,5927,2018-04-27 13:00:00+00:00,1,0,,,0,,,0,0,,,1,0,0,1,0,0,,,,,,0,,0,0,0,0,0,0,0
1031,5,5944,2018-05-02 09:00:00+00:00,5945,2018-05-02 13:00:00+00:00,1,0,,,0,,,0,0,,,1,0,0,1,0,0,,,,,,0,,0,0,0,0,0,0,0
1032,5,5949,2018-05-03 05:00:00+00:00,5949,2018-05-03 05:00:00+00:00,1,0,,,0,,,0,0,,,1,0,0,1,0,0,,,,,,0,,0,0,0,0,0,0,0
1034,5,5956,2018-05-04 09:00:00+00:00,5958,2018-05-04 17:00:00+00:00,1,0,,,0,,,0,0,,,1,0,0,1,0,0,,,,,,0,,0,0,0,0,0,0,0
1036,5,5961,2018-05-07 05:00:00+00:00,5963,2018-05-07 13:00:00+00:00,1,0,,,0,,,0,0,,,1,0,0,1,0,0,,,,,,0,,0,0,0,0,0,0,0
1042,5,5981,2018-05-10 13:00:00+00:00,5981,2018-05-10 13:00:00+00:00,1,0,,,0,,,0,0,,,1,0,0,1,0,0,,,,,,0,,0,0,0,0,0,0,0
1045,5,6016,2018-05-18 09:00:00+00:00,6016,2018-05-18 09:00:00+00:00,1,0,,,0,,,0,0,,,1,0,0,1,0,0,,,,,,0,,0,0,0,0,0,0,0
1046,5,6028,2018-05-22 09:00:00+00:00,6030,2018-05-22 17:00:00+00:00,1,0,,,0,,,0,0,,,1,0,1,1,0,0,,,,,,0,,0,0,0,0,0,0,0
1048,5,6032,2018-05-23 01:00:00+00:00,6032,2018-05-23 01:00:00+00:00,1,0,,,0,,,0,0,,,1,0,0,1,0,0,,,,,,0,,0,0,0,0,0,0,0
1051,5,6045,2018-05-25 05:00:00+00:00,6045,2018-05-25 05:00:00+00:00,1,0,,,0,,,0,0,,,1,0,0,1,0,0,,,,,,0,,0,0,0,0,0,0,0
1052,5,6053,2018-05-28 13:00:00+00:00,6053,2018-05-28 13:00:00+00:00,1,0,,,0,,,0,0,,,1,0,0,1,0,0,,,,,,0,,0,0,0,0,0,0,0
1053,5,6066,2018-05-30 21:00:00+00:00,6066,2018-05-30 21:00:00+00:00,1,0,,,0,,,0,0,,,1,0,0,1,0,0,,,,,,0,,0,0,0,0,0,0,0
1058,5,6087,2018-06-05 09:00:00+00:00,6087,2018-06-05 09:00:00+00:00,1,0,,,0,,,0,0,,,1,0,0,1,0,0,,,,,,0,,0,0,0,0,0,0,0
1061,5,6094,2018-06-06 13:00:00+00:00,6097,2018-06-07 01:00:00+00:00,1,1,6097.0,2018-06-07 01:00:00+00:00,1,6097.0,2018-06-07 01:00:00+00:00,1,0,6097.0,2018-06-07 01:00:00+00:00,0,0,0,0,0,1,0.5221456853683234,0.8236635316151547,0.4,0.0,0.0,0,0.7389301545173613,0,0,0,0,0,0,0
1064,5,6109,2018-06-11 01:00:00+00:00,6109,2018-06-11 01:00:00+00:00,1,0,,,0,,,0,0,,,1,0,1,1,0,0,,,,,,0,,0,0,0,0,0,0,0
1065,5,6111,2018-06-11 09:00:00+00:00,6111,2018-06-11 09:00:00+00:00,1,0,,,0,,,0,0,,,1,0,0,1,0,0,,,,,,0,,0,0,0,0,0,0,0
1067,5,6141,2018-06-18 09:00:00+00:00,6142,2018-06-18 13:00:00+00:00,1,0,,,0,,,0,0,,,1,0,0,1,0,0,,,,,,0,,0,0,0,0,0,0,0
1069,5,6166,2018-06-22 13:00:00+00:00,6167,2018-06-22 17:00:00+00:00,1,0,,,0,,,0,0,,,1,0,0,1,0,0,,,,,,0,,0,0,0,0,0,0,0
1070,5,6173,2018-06-25 17:00:00+00:00,6174,2018-06-25 21:00:00+00:00,1,0,,,0,,,0,0,,,1,0,0,1,0,0,,,,,,0,,0,0,0,0,0,0,0
1071,5,6183,2018-06-27 09:00:00+00:00,6183,2018-06-27 09:00:00+00:00,1,0,,,0,,,0,0,,,1,0,0,1,0,0,,,,,,0,,0,0,0,0,0,0,0
1072,5,6191,2018-06-28 17:00:00+00:00,6191,2018-06-28 17:00:00+00:00,1,0,,,0,,,0,0,,,1,0,0,1,0,0,,,,,,0,,0,0,0,0,0,0,0
1074,5,6194,2018-06-29 05:00:00+00:00,6195,2018-06-29 09:00:00+00:00,1,0,,,0,,,0,0,,,1,0,0,1,0,0,,,,,,0,,0,0,0,0,0,0,0
1075,5,6212,2018-07-04 05:00:00+00:00,6213,2018-07-04 09:00:00+00:00,1,0,,,0,,,0,0,,,1,0,0,1,0,0,,,,,,0,,0,0,0,0,0,0,0
1077,5,6218,2018-07-05 09:00:00+00:00,6218,2018-07-05 09:00:00+00:00,1,0,,,0,,,0,0,,,1,0,0,1,0,0,,,,,,0,,0,0,0,0,0,0,0
1080,5,6224,2018-07-06 09:00:00+00:00,6225,2018-07-06 13:00:00+00:00,1,0,,,0,,,0,0,,,1,0,0,1,0,0,,,,,,0,,0,0,0,0,0,0,0
1084,5,6242,2018-07-11 09:00:00+00:00,6242,2018-07-11 09:00:00+00:00,1,0,,,0,,,0,0,,,1,0,0,1,0,0,,,,,,0,,0,0,0,0,0,0,0
1085,5,6250,2018-07-12 17:00:00+00:00,6251,2018-07-12 21:00:00+00:00,1,0,,,0,,,0,0,,,1,0,0,1,0,0,,,,,,0,,0,0,0,0,0,0,0
1086,5,6259,2018-07-16 05:00:00+00:00,6260,2018-07-16 09:00:00+00:00,1,0,,,0,,,0,0,,,1,0,0,1,0,0,,,,,,0,,0,0,0,0,0,0,0
1087,5,6276,2018-07-19 01:00:00+00:00,6276,2018-07-19 01:00:00+00:00,1,0,,,0,,,0,0,,,1,0,0,1,0,0,,,,,,0,,0,0,0,0,0,0,0
1088,5,6295,2018-07-24 05:00:00+00:00,6295,2018-07-24 05:00:00+00:00,1,0,,,0,,,0,0,,,1,0,1,1,0,0,,,,,,0,,0,0,0,0,0,0,0
1090,5,6297,2018-07-24 13:00:00+00:00,6298,2018-07-24 17:00:00+00:00,1,0,,,0,,,0,0,,,1,0,1,1,0,0,,,,,,0,,0,0,0,0,0,0,0
1092,5,6300,2018-07-25 01:00:00+00:00,6300,2018-07-25 01:00:00+00:00,1,0,,,0,,,0,0,,,1,0,0,1,0,0,,,,,,0,,0,0,0,0,0,0,0
1095,5,6311,2018-07-26 21:00:00+00:00,6311,2018-07-26 21:00:00+00:00,1,0,,,0,,,0,0,,,1,0,0,1,0,0,,,,,,0,,0,0,0,0,0,0,0
1096,5,6314,2018-07-27 09:00:00+00:00,6314,2018-07-27 09:00:00+00:00,1,0,,,0,,,0,0,,,1,0,0,1,0,0,,,,,,0,,0,0,0,0,0,0,0
1098,5,6320,2018-07-30 09:00:00+00:00,6322,2018-07-30 17:00:00+00:00,1,0,,,0,,,0,0,,,1,0,0,1,0,0,,,,,,0,,0,0,0,0,0,0,0
1100,5,6332,2018-08-01 09:00:00+00:00,6332,2018-08-01 09:00:00+00:00,1,0,,,0,,,0,0,,,1,0,0,1,0,0,,,,,,0,,0,0,0,0,0,0,0
1102,5,6337,2018-08-02 05:00:00+00:00,6337,2018-08-02 05:00:00+00:00,1,0,,,0,,,0,0,,,1,0,0,1,0,0,,,,,,0,,0,0,0,0,0,0,0
1103,5,6358,2018-08-07 17:00:00+00:00,6359,2018-08-07 21:00:00+00:00,1,0,,,0,,,0,0,,,1,0,0,1,0,0,,,,,,0,,0,0,0,0,0,0,0
1109,5,6412,2018-08-20 17:00:00+00:00,6412,2018-08-20 17:00:00+00:00,1,0,,,0,,,0,0,,,1,0,0,1,0,0,,,,,,0,,0,0,0,0,0,0,0
1112,5,6431,2018-08-23 21:00:00+00:00,6432,2018-08-24 01:00:00+00:00,1,0,,,0,,,0,0,,,1,0,0,1,0,0,,,,,,0,,0,0,0,0,0,0,0
1114,5,6440,2018-08-27 09:00:00+00:00,6440,2018-08-27 09:00:00+00:00,1,0,,,0,,,0,0,,,1,0,0,1,0,0,,,,,,0,,0,0,0,0,0,0,0
1115,5,6443,2018-08-27 21:00:00+00:00,6443,2018-08-27 21:00:00+00:00,1,0,,,0,,,0,0,,,1,0,0,1,0,0,,,,,,0,,0,0,0,0,0,0,0
1117,5,6453,2018-08-29 13:00:00+00:00,6457,2018-08-30 05:00:00+00:00,1,0,,,0,,,0,0,,,0,0,0,1,0,0,,,,,,0,,0,0,0,0,0,0,0
1123,5,6483,2018-09-05 17:00:00+00:00,6483,2018-09-05 17:00:00+00:00,1,0,,,0,,,0,0,,,1,0,0,1,0,0,,,,,,0,,0,0,0,0,0,0,0
1125,5,6494,2018-09-07 13:00:00+00:00,6496,2018-09-09 21:00:00+00:00,1,0,,,0,,,0,0,,,1,0,0,1,0,0,,,,,,0,,0,0,0,0,0,0,0
1127,5,6499,2018-09-10 09:00:00+00:00,6502,2018-09-10 21:00:00+00:00,1,1,6502.0,2018-09-10 21:00:00+00:00,0,,,0,0,,,0,0,0,0,0,0,0.47416540310596217,0.9365360993585272,0.4,1.0,0.0,1,0.5072897281842341,0,0,0,1,0,0,1
1131,5,6506,2018-09-11 13:00:00+00:00,6509,2018-09-12 01:00:00+00:00,1,0,,,0,,,0,0,,,0,0,1,1,0,0,,,,,,0,,0,0,0,0,0,0,0
1135,5,6511,2018-09-12 09:00:00+00:00,6511,2018-09-12 09:00:00+00:00,1,0,,,0,,,0,0,,,1,0,0,1,0,0,,,,,,0,,0,0,0,0,0,0,0
1136,5,6539,2018-09-19 01:00:00+00:00,6540,2018-09-19 05:00:00+00:00,1,0,,,0,,,0,0,,,1,0,0,1,0,0,,,,,,0,,0,0,0,0,0,0,0
1139,5,6544,2018-09-19 21:00:00+00:00,6546,2018-09-20 05:00:00+00:00,1,0,,,0,,,0,0,,,1,0,0,1,0,0,,,,,,0,,0,0,0,0,0,0,0
1145,5,6560,2018-09-24 13:00:00+00:00,6561,2018-09-24 17:00:00+00:00,1,0,,,0,,,0,0,,,1,0,1,1,0,0,,,,,,0,,0,0,0,0,0,0,0
1147,5,6563,2018-09-25 01:00:00+00:00,6563,2018-09-25 01:00:00+00:00,1,0,,,0,,,0,0,,,1,0,0,1,0,0,,,,,,0,,0,0,0,0,0,0,0
1150,5,6569,2018-09-26 01:00:00+00:00,6569,2018-09-26 01:00:00+00:00,1,0,,,0,,,0,0,,,1,0,0,1,0,0,,,,,,0,,0,0,0,0,0,0,0
1154,5,6572,2018-09-26 13:00:00+00:00,6572,2018-09-26 13:00:00+00:00,1,0,,,0,,,0,0,,,1,0,0,1,0,0,,,,,,0,,0,0,0,0,0,0,0
1157,5,6589,2018-10-01 09:00:00+00:00,6592,2018-10-01 21:00:00+00:00,1,0,,,0,,,0,0,,,0,0,0,1,0,0,,,,,,0,,0,0,0,0,0,0,0
1159,5,6600,2018-10-03 05:00:00+00:00,6600,2018-10-03 05:00:00+00:00,1,0,,,0,,,0,0,,,1,0,0,1,0,0,,,,,,0,,0,0,0,0,0,0,0
1165,5,6614,2018-10-05 13:00:00+00:00,6615,2018-10-05 17:00:00+00:00,1,0,,,0,,,0,0,,,1,0,1,1,0,0,,,,,,0,,0,0,0,0,0,0,0
1169,5,6617,2018-10-08 01:00:00+00:00,6617,2018-10-08 01:00:00+00:00,1,0,,,0,,,0,0,,,1,0,0,1,0,0,,,,,,0,,0,0,0,0,0,0,0
1170,5,6644,2018-10-12 13:00:00+00:00,6644,2018-10-12 13:00:00+00:00,1,0,,,0,,,0,0,,,1,0,0,1,0,0,,,,,,0,,0,0,0,0,0,0,0
1171,5,6647,2018-10-15 01:00:00+00:00,6647,2018-10-15 01:00:00+00:00,1,0,,,0,,,0,0,,,1,0,0,1,0,0,,,,,,0,,0,0,0,0,0,0,0
1173,5,6653,2018-10-16 01:00:00+00:00,6654,2018-10-16 05:00:00+00:00,1,0,,,0,,,0,0,,,1,0,0,1,0,0,,,,,,0,,0,0,0,0,0,0,0
1176,5,6672,2018-10-19 05:00:00+00:00,6672,2018-10-19 05:00:00+00:00,1,0,,,0,,,0,0,,,1,0,0,1,0,0,,,,,,0,,0,0,0,0,0,0,0
1178,5,6681,2018-10-22 17:00:00+00:00,6681,2018-10-22 17:00:00+00:00,1,0,,,0,,,0,0,,,1,0,1,1,0,0,,,,,,0,,0,0,0,0,0,0,0
1180,5,6683,2018-10-23 01:00:00+00:00,6683,2018-10-23 01:00:00+00:00,1,0,,,0,,,0,0,,,1,0,0,1,0,0,,,,,,0,,0,0,0,0,0,0,0
1183,5,6724,2018-10-31 21:00:00+00:00,6724,2018-10-31 21:00:00+00:00,1,0,,,0,,,0,0,,,1,0,0,1,0,0,,,,,,0,,0,0,0,0,0,0,0
1185,5,6734,2018-11-02 13:00:00+00:00,6737,2018-11-05 02:00:00+00:00,1,1,6737.0,2018-11-05 02:00:00+00:00,1,6737.0,2018-11-05 02:00:00+00:00,1,0,6737.0,2018-11-05 02:00:00+00:00,0,0,0,0,0,1,0.5452801632860903,0.7729266347687642,0.4,0.0,0.0,0,0.6494033840514203,0,0,0,0,0,0,0
1187,5,6745,2018-11-06 10:00:00+00:00,6745,2018-11-06 10:00:00+00:00,1,0,,,0,,,0,0,,,1,0,0,1,0,0,,,,,,0,,0,0,0,0,0,0,0
1188,5,6748,2018-11-06 22:00:00+00:00,6750,2018-11-07 06:00:00+00:00,1,0,,,0,,,0,0,,,1,0,0,1,0,0,,,,,,0,,0,0,0,0,0,0,0
1193,5,6780,2018-11-14 06:00:00+00:00,6781,2018-11-14 10:00:00+00:00,1,0,,,0,,,0,0,,,1,0,0,1,0,0,,,,,,0,,0,0,0,0,0,0,0
1194,5,6787,2018-11-15 10:00:00+00:00,6787,2018-11-15 10:00:00+00:00,1,0,,,0,,,0,0,,,1,0,0,1,0,0,,,,,,0,,0,0,0,0,0,0,0
1196,5,6799,2018-11-19 10:00:00+00:00,6803,2018-11-20 02:00:00+00:00,1,0,,,0,,,0,0,,,0,0,0,1,0,0,,,,,,0,,0,0,0,0,0,0,0
1198,5,6819,2018-11-22 22:00:00+00:00,6820,2018-11-23 02:00:00+00:00,1,0,,,0,,,0,0,,,1,0,0,1,0,0,,,,,,0,,0,0,0,0,0,0,0
1201,5,6840,2018-11-28 10:00:00+00:00,6840,2018-11-28 10:00:00+00:00,1,0,,,0,,,0,0,,,1,0,0,1,0,0,,,,,,0,,0,0,0,0,0,0,0
1202,5,6848,2018-11-29 18:00:00+00:00,6848,2018-11-29 18:00:00+00:00,1,0,,,0,,,0,0,,,1,0,0,1,0,0,,,,,,0,,0,0,0,0,0,0,0
1205,5,6874,2018-12-06 02:00:00+00:00,6876,2018-12-06 10:00:00+00:00,1,0,,,0,,,0,0,,,1,0,0,1,0,0,,,,,,0,,0,0,0,0,0,0,0
1209,5,6904,2018-12-13 02:00:00+00:00,6905,2018-12-13 06:00:00+00:00,1,0,,,0,,,0,0,,,1,0,1,1,0,0,,,,,,0,,0,0,0,0,0,0,0
1211,5,6907,2018-12-13 14:00:00+00:00,6907,2018-12-13 14:00:00+00:00,1,0,,,0,,,0,0,,,1,0,0,1,0,0,,,,,,0,,0,0,0,0,0,0,0
1214,5,6924,2018-12-18 10:00:00+00:00,6925,2018-12-18 14:00:00+00:00,1,0,,,0,,,0,0,,,1,0,0,1,0,0,,,,,,0,,0,0,0,0,0,0,0
1216,5,6929,2018-12-19 06:00:00+00:00,6930,2018-12-19 10:00:00+00:00,1,0,,,0,,,0,0,,,1,0,0,1,0,0,,,,,,0,,0,0,0,0,0,0,0
1217,5,6943,2018-12-21 14:00:00+00:00,6943,2018-12-21 14:00:00+00:00,1,0,,,0,,,0,0,,,1,0,0,1,0,0,,,,,,0,,0,0,0,0,0,0,0
1218,5,6965,2018-12-28 02:00:00+00:00,6965,2018-12-28 02:00:00+00:00,1,0,,,0,,,0,0,,,1,0,0,1,0,0,,,,,,0,,0,0,0,0,0,0,0
1220,5,6971,2018-12-31 02:00:00+00:00,6971,2018-12-31 02:00:00+00:00,1,0,,,0,,,0,0,,,1,0,0,1,0,0,,,,,,0,,0,0,0,0,0,0,0
1223,5,7009,2019-01-09 10:00:00+00:00,7009,2019-01-09 10:00:00+00:00,1,0,,,0,,,0,0,,,1,0,0,1,0,0,,,,,,0,,0,0,0,0,0,0,0
1226,5,7015,2019-01-10 10:00:00+00:00,7015,2019-01-10 10:00:00+00:00,1,0,,,0,,,0,0,,,1,0,0,1,0,0,,,,,,0,,0,0,0,0,0,0,0
1228,5,7019,2019-01-11 02:00:00+00:00,7021,2019-01-11 10:00:00+00:00,1,0,,,0,,,0,0,,,1,0,0,1,0,0,,,,,,0,,0,0,0,0,0,0,0
1231,5,7025,2019-01-14 02:00:00+00:00,7025,2019-01-14 02:00:00+00:00,1,0,,,0,,,0,0,,,1,0,0,1,0,0,,,,,,0,,0,0,0,0,0,0,0
1234,5,7039,2019-01-16 10:00:00+00:00,7039,2019-01-16 10:00:00+00:00,1,0,,,0,,,0,0,,,1,0,0,1,0,0,,,,,,0,,0,0,0,0,0,0,0
1245,5,7111,2019-02-01 14:00:00+00:00,7112,2019-02-01 18:00:00+00:00,1,0,,,0,,,0,0,,,1,0,0,1,0,0,,,,,,0,,0,0,0,0,0,0,0
1246,5,7116,2019-02-04 10:00:00+00:00,7116,2019-02-04 10:00:00+00:00,1,0,,,0,,,0,0,,,1,0,0,1,0,0,,,,,,0,,0,0,0,0,0,0,0
1247,5,7123,2019-02-05 14:00:00+00:00,7125,2019-02-05 22:00:00+00:00,1,0,,,0,,,0,0,,,1,0,0,1,0,0,,,,,,0,,0,0,0,0,0,0,0
1249,5,7129,2019-02-06 14:00:00+00:00,7129,2019-02-06 14:00:00+00:00,1,0,,,0,,,0,0,,,1,0,0,1,0,0,,,,,,0,,0,0,0,0,0,0,0
1251,5,7136,2019-02-07 18:00:00+00:00,7136,2019-02-07 18:00:00+00:00,1,0,,,0,,,0,0,,,1,0,0,1,0,0,,,,,,0,,0,0,0,0,0,0,0
1253,5,7141,2019-02-08 14:00:00+00:00,7142,2019-02-08 18:00:00+00:00,1,0,,,0,,,0,0,,,1,0,0,1,0,0,,,,,,0,,0,0,0,0,0,0,0
1256,5,7171,2019-02-15 14:00:00+00:00,7171,2019-02-15 14:00:00+00:00,1,0,,,0,,,0,0,,,1,0,0,1,0,0,,,,,,0,,0,0,0,0,0,0,0
1257,5,7190,2019-02-20 22:00:00+00:00,7191,2019-02-21 02:00:00+00:00,1,0,,,0,,,0,0,,,1,0,0,1,0,0,,,,,,0,,0,0,0,0,0,0,0
1260,5,7204,2019-02-25 06:00:00+00:00,7208,2019-02-25 22:00:00+00:00,1,1,7208.0,2019-02-25 22:00:00+00:00,0,,,0,0,,,0,0,0,0,0,0,0.5931666769218601,0.5246880086814841,0.6,1.0,2.0,-1,0.3338325567345969,1,0,0,1,0,0,1
1264,5,7213,2019-02-26 18:00:00+00:00,7215,2019-02-27 02:00:00+00:00,1,0,,,0,,,0,0,,,1,0,1,1,0,0,,,,,,0,,0,0,0,0,0,0,0
1267,5,7217,2019-02-27 10:00:00+00:00,7217,2019-02-27 10:00:00+00:00,1,0,,,0,,,0,0,,,1,0,0,1,0,0,,,,,,0,,0,0,0,0,0,0,0
1268,5,7222,2019-02-28 06:00:00+00:00,7222,2019-02-28 06:00:00+00:00,1,0,,,0,,,0,0,,,1,0,0,1,0,0,,,,,,0,,0,0,0,0,0,0,0
1271,5,7240,2019-03-05 06:00:00+00:00,7241,2019-03-05 10:00:00+00:00,1,0,,,0,,,0,0,,,1,0,0,1,0,0,,,,,,0,,0,0,0,0,0,0,0
1272,5,7251,2019-03-07 02:00:00+00:00,7251,2019-03-07 02:00:00+00:00,1,0,,,0,,,0,0,,,1,0,0,1,0,0,,,,,,0,,0,0,0,0,0,0,0
1273,5,7264,2019-03-11 05:00:00+00:00,7264,2019-03-11 05:00:00+00:00,1,0,,,0,,,0,0,,,1,0,0,1,0,0,,,,,,0,,0,0,0,0,0,0,0
1274,5,7267,2019-03-11 17:00:00+00:00,7267,2019-03-11 17:00:00+00:00,1,0,,,0,,,0,0,,,1,0,1,1,0,0,,,,,,0,,0,0,0,0,0,0,0
1276,5,7269,2019-03-12 01:00:00+00:00,7269,2019-03-12 01:00:00+00:00,1,0,,,0,,,0,0,,,1,0,0,1,0,0,,,,,,0,,0,0,0,0,0,0,0
1279,5,7287,2019-03-15 01:00:00+00:00,7287,2019-03-15 01:00:00+00:00,1,0,,,0,,,0,0,,,1,0,0,1,0,0,,,,,,0,,0,0,0,0,0,0,0
1282,5,7296,2019-03-18 13:00:00+00:00,7297,2019-03-18 17:00:00+00:00,1,0,,,0,,,0,0,,,1,0,0,1,0,0,,,,,,0,,0,0,0,0,0,0,0
1284,5,7304,2019-03-19 21:00:00+00:00,7305,2019-03-20 01:00:00+00:00,1,0,,,0,,,0,0,,,1,0,0,1,0,0,,,,,,0,,0,0,0,0,0,0,0
1288,5,7320,2019-03-22 13:00:00+00:00,7320,2019-03-22 13:00:00+00:00,1,0,,,0,,,0,0,,,1,0,1,1,0,0,,,,,,0,,0,0,0,0,0,0,0
1289,5,7322,2019-03-24 21:00:00+00:00,7322,2019-03-24 21:00:00+00:00,1,0,,,0,,,0,0,,,1,0,0,1,0,0,,,,,,0,,0,0,0,0,0,0,0
1291,5,7335,2019-03-27 01:00:00+00:00,7336,2019-03-27 05:00:00+00:00,1,0,,,0,,,0,0,,,1,0,0,1,0,0,,,,,,0,,0,0,0,0,0,0,0
1294,5,7353,2019-04-01 01:00:00+00:00,7353,2019-04-01 01:00:00+00:00,1,0,,,0,,,0,0,,,1,0,0,1,0,0,,,,,,0,,0,0,0,0,0,0,0
1296,5,7361,2019-04-02 09:00:00+00:00,7361,2019-04-02 09:00:00+00:00,1,0,,,0,,,0,0,,,1,0,1,1,0,0,,,,,,0,,0,0,0,0,0,0,0
1297,5,7363,2019-04-02 17:00:00+00:00,7363,2019-04-02 17:00:00+00:00,1,0,,,0,,,0,0,,,1,0,0,1,0,0,,,,,,0,,0,0,0,0,0,0,0
1300,5,7368,2019-04-03 13:00:00+00:00,7370,2019-04-03 21:00:00+00:00,1,0,,,0,,,0,0,,,1,0,0,1,0,0,,,,,,0,,0,0,0,0,0,0,0
1305,5,7409,2019-04-12 09:00:00+00:00,7410,2019-04-12 13:00:00+00:00,1,0,,,0,,,0,0,,,1,0,0,1,0,0,,,,,,0,,0,0,0,0,0,0,0
1307,5,7435,2019-04-18 17:00:00+00:00,7435,2019-04-18 17:00:00+00:00,1,0,,,0,,,0,0,,,1,0,0,1,0,0,,,,,,0,,0,0,0,0,0,0,0
1309,5,7441,2019-04-22 17:00:00+00:00,7442,2019-04-22 21:00:00+00:00,1,0,,,0,,,0,0,,,1,0,0,1,0,0,,,,,,0,,0,0,0,0,0,0,0
1312,5,7446,2019-04-23 13:00:00+00:00,7446,2019-04-23 13:00:00+00:00,1,0,,,0,,,0,0,,,1,0,1,1,0,0,,,,,,0,,0,0,0,0,0,0,0
1314,5,7448,2019-04-23 21:00:00+00:00,7448,2019-04-23 21:00:00+00:00,1,0,,,0,,,0,0,,,1,0,0,1,0,0,,,,,,0,,0,0,0,0,0,0,0
1317,5,7459,2019-04-25 17:00:00+00:00,7460,2019-04-25 21:00:00+00:00,1,0,,,0,,,0,0,,,1,0,0,1,0,0,,,,,,0,,0,0,0,0,0,0,0
1320,5,7476,2019-04-30 13:00:00+00:00,7478,2019-04-30 21:00:00+00:00,1,0,,,0,,,0,0,,,1,0,0,1,0,0,,,,,,0,,0,0,0,0,0,0,0
1324,5,7501,2019-05-06 17:00:00+00:00,7501,2019-05-06 17:00:00+00:00,1,0,,,0,,,0,0,,,1,0,0,1,0,0,,,,,,0,,0,0,0,0,0,0,0
1326,5,7516,2019-05-09 05:00:00+00:00,7516,2019-05-09 05:00:00+00:00,1,0,,,0,,,0,0,,,1,0,0,1,0,0,,,,,,0,,0,0,0,0,0,0,0
1328,5,7524,2019-05-10 13:00:00+00:00,7525,2019-05-10 17:00:00+00:00,1,0,,,0,,,0,0,,,1,0,0,1,0,0,,,,,,0,,0,0,0,0,0,0,0
1333,5,7545,2019-05-16 01:00:00+00:00,7545,2019-05-16 01:00:00+00:00,1,0,,,0,,,0,0,,,1,0,0,1,0,0,,,,,,0,,0,0,0,0,0,0,0
1334,5,7563,2019-05-21 01:00:00+00:00,7563,2019-05-21 01:00:00+00:00,1,0,,,0,,,0,0,,,1,0,0,1,0,0,,,,,,0,,0,0,0,0,0,0,0
1336,5,7583,2019-05-24 09:00:00+00:00,7585,2019-05-24 17:00:00+00:00,1,0,,,0,,,0,0,,,1,0,0,1,0,0,,,,,,0,,0,0,0,0,0,0,0
1338,5,7589,2019-05-27 09:00:00+00:00,7589,2019-05-27 09:00:00+00:00,1,0,,,0,,,0,0,,,1,0,0,1,0,0,,,,,,0,,0,0,0,0,0,0,0
1340,5,7592,2019-05-28 01:00:00+00:00,7593,2019-05-28 05:00:00+00:00,1,0,,,0,,,0,0,,,1,0,0,1,0,0,,,,,,0,,0,0,0,0,0,0,0
1343,5,7601,2019-05-29 13:00:00+00:00,7602,2019-05-29 17:00:00+00:00,1,0,,,0,,,0,0,,,1,0,0,1,0,0,,,,,,0,,0,0,0,0,0,0,0
1345,5,7625,2019-06-04 13:00:00+00:00,7628,2019-06-05 01:00:00+00:00,1,1,7628.0,2019-06-05 01:00:00+00:00,1,7628.0,2019-06-05 01:00:00+00:00,1,0,7628.0,2019-06-05 01:00:00+00:00,0,0,0,0,0,1,0.622293223505434,0.555857487922701,0.4,3.0,0.0,1,0.6317709040987365,1,0,0,0,0,0,0
1347,5,7635,2019-06-06 05:00:00+00:00,7636,2019-06-06 09:00:00+00:00,1,0,,,0,,,0,0,,,1,0,0,1,0,0,,,,,,0,,0,0,0,0,0,0,0
1348,5,7650,2019-06-10 17:00:00+00:00,7652,2019-06-11 01:00:00+00:00,1,0,,,0,,,0,0,,,1,0,0,1,0,0,,,,,,0,,0,0,0,0,0,0,0
1349,5,7678,2019-06-17 09:00:00+00:00,7680,2019-06-17 17:00:00+00:00,1,0,,,0,,,0,0,,,1,0,0,1,0,0,,,,,,0,,0,0,0,0,0,0,0
1351,5,7690,2019-06-19 09:00:00+00:00,7691,2019-06-19 13:00:00+00:00,1,0,,,0,,,0,0,,,1,0,0,1,0,0,,,,,,0,,0,0,0,0,0,0,0
1352,5,7698,2019-06-20 17:00:00+00:00,7698,2019-06-20 17:00:00+00:00,1,0,,,0,,,0,0,,,1,0,0,1,0,0,,,,,,0,,0,0,0,0,0,0,0
1353,5,7717,2019-06-25 21:00:00+00:00,7717,2019-06-25 21:00:00+00:00,1,0,,,0,,,0,0,,,1,0,0,1,0,0,,,,,,0,,0,0,0,0,0,0,0
1354,5,7722,2019-06-26 17:00:00+00:00,7722,2019-06-26 17:00:00+00:00,1,0,,,0,,,0,0,,,1,0,0,1,0,0,,,,,,0,,0,0,0,0,0,0,0
1357,5,7732,2019-06-28 09:00:00+00:00,7732,2019-06-28 09:00:00+00:00,1,0,,,0,,,0,0,,,1,0,0,1,0,0,,,,,,0,,0,0,0,0,0,0,0
1358,5,7740,2019-07-01 17:00:00+00:00,7742,2019-07-02 01:00:00+00:00,1,0,,,0,,,0,0,,,1,0,0,1,0,0,,,,,,0,,0,0,0,0,0,0,0
1360,5,7752,2019-07-03 17:00:00+00:00,7753,2019-07-03 21:00:00+00:00,1,0,,,0,,,0,0,,,1,0,0,1,0,0,,,,,,0,,0,0,0,0,0,0,0
1362,5,7768,2019-07-08 13:00:00+00:00,7768,2019-07-08 13:00:00+00:00,1,0,,,0,,,0,0,,,1,0,0,1,0,0,,,,,,0,,0,0,0,0,0,0,0
1364,5,7773,2019-07-09 09:00:00+00:00,7776,2019-07-09 21:00:00+00:00,1,0,,,0,,,0,0,,,0,0,1,1,0,0,,,,,,0,,0,0,0,0,0,0,0
1369,5,7778,2019-07-10 05:00:00+00:00,7778,2019-07-10 05:00:00+00:00,1,0,,,0,,,0,0,,,1,0,0,1,0,0,,,,,,0,,0,0,0,0,0,0,0
1370,5,7792,2019-07-12 13:00:00+00:00,7792,2019-07-12 13:00:00+00:00,1,0,,,0,,,0,0,,,1,0,0,1,0,0,,,,,,0,,0,0,0,0,0,0,0
1376,5,7829,2019-07-22 17:00:00+00:00,7829,2019-07-22 17:00:00+00:00,1,0,,,0,,,0,0,,,1,0,0,1,0,0,,,,,,0,,0,0,0,0,0,0,0
1377,5,7832,2019-07-23 05:00:00+00:00,7833,2019-07-23 09:00:00+00:00,1,0,,,0,,,0,0,,,1,0,0,1,0,0,,,,,,0,,0,0,0,0,0,0,0
1381,5,7842,2019-07-24 21:00:00+00:00,7843,2019-07-25 01:00:00+00:00,1,0,,,0,,,0,0,,,1,0,0,1,0,0,,,,,,0,,0,0,0,0,0,0,0
1383,5,7854,2019-07-28 21:00:00+00:00,7854,2019-07-28 21:00:00+00:00,1,0,,,0,,,0,0,,,1,0,1,1,0,0,,,,,,0,,0,0,0,0,0,0,0
1385,5,7856,2019-07-29 05:00:00+00:00,7856,2019-07-29 05:00:00+00:00,1,0,,,0,,,0,0,,,1,0,0,1,0,0,,,,,,0,,0,0,0,0,0,0,0
1387,5,7869,2019-07-31 09:00:00+00:00,7869,2019-07-31 09:00:00+00:00,1,0,,,0,,,0,0,,,1,0,0,1,0,0,,,,,,0,,0,0,0,0,0,0,0
1389,5,7882,2019-08-02 13:00:00+00:00,7882,2019-08-02 13:00:00+00:00,1,0,,,0,,,0,0,,,1,0,0,1,0,0,,,,,,0,,0,0,0,0,0,0,0
1392,5,7912,2019-08-09 13:00:00+00:00,7912,2019-08-09 13:00:00+00:00,1,0,,,0,,,0,0,,,1,0,0,1,0,0,,,,,,0,,0,0,0,0,0,0,0
1394,5,7915,2019-08-12 01:00:00+00:00,7915,2019-08-12 01:00:00+00:00,1,0,,,0,,,0,0,,,1,0,0,1,0,0,,,,,,0,,0,0,0,0,0,0,0
1397,5,7934,2019-08-15 05:00:00+00:00,7938,2019-08-15 21:00:00+00:00,1,0,,,0,,,0,0,,,0,0,0,1,0,0,,,,,,0,,0,0,0,0,0,0,0
1402,5,7945,2019-08-19 01:00:00+00:00,7945,2019-08-19 01:00:00+00:00,1,0,,,0,,,0,0,,,1,0,0,1,0,0,,,,,,0,,0,0,0,0,0,0,0
1405,5,7952,2019-08-20 05:00:00+00:00,7952,2019-08-20 05:00:00+00:00,1,0,,,0,,,0,0,,,1,0,1,1,0,0,,,,,,0,,0,0,0,0,0,0,0
1408,5,7954,2019-08-20 13:00:00+00:00,7954,2019-08-20 13:00:00+00:00,1,0,,,0,,,0,0,,,1,0,0,1,0,0,,,,,,0,,0,0,0,0,0,0,0
1410,5,7957,2019-08-21 01:00:00+00:00,7957,2019-08-21 01:00:00+00:00,1,0,,,0,,,0,0,,,1,0,0,1,0,0,,,,,,0,,0,0,0,0,0,0,0
1414,5,7963,2019-08-22 01:00:00+00:00,7963,2019-08-22 01:00:00+00:00,1,0,,,0,,,0,0,,,1,0,0,1,0,0,,,,,,0,,0,0,0,0,0,0,0
1419,5,7983,2019-08-27 09:00:00+00:00,7983,2019-08-27 09:00:00+00:00,1,0,,,0,,,0,0,,,1,0,0,1,0,0,,,,,,0,,0,0,0,0,0,0,0
1420,5,7986,2019-08-27 21:00:00+00:00,7988,2019-08-28 05:00:00+00:00,1,0,,,0,,,0,0,,,1,0,0,1,0,0,,,,,,0,,0,0,0,0,0,0,0
1423,5,8003,2019-08-30 17:00:00+00:00,8006,2019-09-02 05:00:00+00:00,1,1,8006.0,2019-09-02 05:00:00+00:00,0,,,0,0,,,0,0,0,0,0,0,0.48463533212850035,0.9580169022860935,0.4,1.0,0.0,1,0.5091579157344446,0,0,0,1,0,0,1
1426,5,8017,2019-09-04 05:00:00+00:00,8018,2019-09-04 09:00:00+00:00,1,0,,,0,,,0,0,,,1,0,1,1,0,0,,,,,,0,,0,0,0,0,0,0,0
1427,5,8020,2019-09-04 17:00:00+00:00,8021,2019-09-04 21:00:00+00:00,1,0,,,0,,,0,0,,,1,0,0,1,0,0,,,,,,0,,0,0,0,0,0,0,0
1431,5,8043,2019-09-10 13:00:00+00:00,8043,2019-09-10 13:00:00+00:00,1,0,,,0,,,0,0,,,1,0,0,1,0,0,,,,,,0,,0,0,0,0,0,0,0
1432,5,8060,2019-09-13 09:00:00+00:00,8060,2019-09-13 09:00:00+00:00,1,0,,,0,,,0,0,,,1,0,0,1,0,0,,,,,,0,,0,0,0,0,0,0,0
1433,5,8068,2019-09-16 17:00:00+00:00,8069,2019-09-16 21:00:00+00:00,1,0,,,0,,,0,0,,,1,0,0,1,0,0,,,,,,0,,0,0,0,0,0,0,0
1434,5,8089,2019-09-20 05:00:00+00:00,8090,2019-09-20 09:00:00+00:00,1,0,,,0,,,0,0,,,1,0,0,1,0,0,,,,,,0,,0,0,0,0,0,0,0
1435,5,8096,2019-09-23 09:00:00+00:00,8096,2019-09-23 09:00:00+00:00,1,0,,,0,,,0,0,,,1,0,0,1,0,0,,,,,,0,,0,0,0,0,0,0,0
1437,5,8101,2019-09-24 05:00:00+00:00,8101,2019-09-24 05:00:00+00:00,1,0,,,0,,,0,0,,,1,0,0,1,0,0,,,,,,0,,0,0,0,0,0,0,0
1439,5,8108,2019-09-25 09:00:00+00:00,8108,2019-09-25 09:00:00+00:00,1,0,,,0,,,0,0,,,1,0,0,1,0,0,,,,,,0,,0,0,0,0,0,0,0
1440,5,8114,2019-09-26 09:00:00+00:00,8114,2019-09-26 09:00:00+00:00,1,0,,,0,,,0,0,,,1,0,0,1,0,0,,,,,,0,,0,0,0,0,0,0,0
1442,5,8160,2019-10-08 01:00:00+00:00,8160,2019-10-08 01:00:00+00:00,1,0,,,0,,,0,0,,,1,0,0,1,0,0,,,,,,0,,0,0,0,0,0,0,0
1444,5,8164,2019-10-08 17:00:00+00:00,8164,2019-10-08 17:00:00+00:00,1,0,,,0,,,0,0,,,1,0,0,1,0,0,,,,,,0,,0,0,0,0,0,0,0
1446,5,8170,2019-10-09 17:00:00+00:00,8170,2019-10-09 17:00:00+00:00,1,0,,,0,,,0,0,,,1,0,0,1,0,0,,,,,,0,,0,0,0,0,0,0,0
1447,5,8177,2019-10-10 21:00:00+00:00,8177,2019-10-10 21:00:00+00:00,1,0,,,0,,,0,0,,,1,0,0,1,0,0,,,,,,0,,0,0,0,0,0,0,0
1449,5,8191,2019-10-15 05:00:00+00:00,8191,2019-10-15 05:00:00+00:00,1,0,,,0,,,0,0,,,1,0,0,1,0,0,,,,,,0,,0,0,0,0,0,0,0
1453,5,8203,2019-10-17 05:00:00+00:00,8204,2019-10-17 09:00:00+00:00,1,0,,,0,,,0,0,,,1,0,0,1,0,0,,,,,,0,,0,0,0,0,0,0,0
1456,5,8222,2019-10-22 09:00:00+00:00,8222,2019-10-22 09:00:00+00:00,1,0,,,0,,,0,0,,,1,0,1,1,0,0,,,,,,0,,0,0,0,0,0,0,0
1457,5,8224,2019-10-22 17:00:00+00:00,8226,2019-10-23 01:00:00+00:00,1,0,,,0,,,0,0,,,1,0,0,1,0,0,,,,,,0,,0,0,0,0,0,0,0
1460,5,8229,2019-10-23 13:00:00+00:00,8230,2019-10-23 17:00:00+00:00,1,0,,,0,,,0,0,,,1,0,1,1,0,0,,,,,,0,,0,0,0,0,0,0,0
1463,5,8232,2019-10-24 01:00:00+00:00,8232,2019-10-24 01:00:00+00:00,1,0,,,0,,,0,0,,,1,0,0,1,0,0,,,,,,0,,0,0,0,0,0,0,0
1465,5,8251,2019-10-29 05:00:00+00:00,8251,2019-10-29 05:00:00+00:00,1,0,,,0,,,0,0,,,1,0,0,1,0,0,,,,,,0,,0,0,0,0,0,0,0
1466,5,8259,2019-10-30 13:00:00+00:00,8259,2019-10-30 13:00:00+00:00,1,0,,,0,,,0,0,,,1,0,0,1,0,0,,,,,,0,,0,0,0,0,0,0,0
1469,5,8312,2019-11-12 10:00:00+00:00,8312,2019-11-12 10:00:00+00:00,1,0,,,0,,,0,0,,,1,0,0,1,0,0,,,,,,0,,0,0,0,0,0,0,0
1470,5,8320,2019-11-13 18:00:00+00:00,8320,2019-11-13 18:00:00+00:00,1,0,,,0,,,0,0,,,1,0,1,1,0,0,,,,,,0,,0,0,0,0,0,0,0
1471,5,8322,2019-11-14 02:00:00+00:00,8322,2019-11-14 02:00:00+00:00,1,0,,,0,,,0,0,,,1,0,1,1,0,0,,,,,,0,,0,0,0,0,0,0,0
1472,5,8324,2019-11-14 10:00:00+00:00,8324,2019-11-14 10:00:00+00:00,1,0,,,0,,,0,0,,,1,0,0,1,0,0,,,,,,0,,0,0,0,0,0,0,0
1473,5,8327,2019-11-14 22:00:00+00:00,8327,2019-11-14 22:00:00+00:00,1,0,,,0,,,0,0,,,1,0,0,1,0,0,,,,,,0,,0,0,0,0,0,0,0
1477,5,8332,2019-11-15 18:00:00+00:00,8333,2019-11-17 22:00:00+00:00,1,0,,,0,,,0,0,,,1,0,0,1,0,0,,,,,,0,,0,0,0,0,0,0,0
1479,5,8343,2019-11-19 14:00:00+00:00,8346,2019-11-20 02:00:00+00:00,1,0,,,0,,,0,0,,,0,0,0,1,0,0,,,,,,0,,0,0,0,0,0,0,0
1482,5,8358,2019-11-22 02:00:00+00:00,8358,2019-11-22 02:00:00+00:00,1,0,,,0,,,0,0,,,1,0,0,1,0,0,,,,,,0,,0,0,0,0,0,0,0
1484,5,8381,2019-11-27 22:00:00+00:00,8381,2019-11-27 22:00:00+00:00,1,0,,,0,,,0,0,,,1,0,0,1,0,0,,,,,,0,,0,0,0,0,0,0,0
1485,5,8384,2019-11-28 10:00:00+00:00,8388,2019-11-29 06:00:00+00:00,1,0,,,0,,,0,0,,,0,0,0,1,0,0,,,,,,0,,0,0,0,0,0,0,0
1487,5,8413,2019-12-05 10:00:00+00:00,8413,2019-12-05 10:00:00+00:00,1,0,,,0,,,0,0,,,1,0,0,1,0,0,,,,,,0,,0,0,0,0,0,0,0
1488,5,8426,2019-12-09 14:00:00+00:00,8429,2019-12-10 02:00:00+00:00,1,1,8429.0,2019-12-10 02:00:00+00:00,0,,,0,0,,,0,0,0,0,0,0,0.6123338994619197,0.7075697211155362,0.4,0.0,1.0,-1,0.5790269335407331,1,0,0,1,0,0,1
1491,5,8451,2019-12-13 18:00:00+00:00,8452,2019-12-15 22:00:00+00:00,1,0,,,0,,,0,0,,,1,0,0,1,0,0,,,,,,0,,0,0,0,0,0,0,0
1492,5,8455,2019-12-16 10:00:00+00:00,8460,2019-12-17 06:00:00+00:00,1,1,8459.0,2019-12-17 02:00:00+00:00,1,8459.0,2019-12-17 02:00:00+00:00,1,0,8459.0,2019-12-17 02:00:00+00:00,0,0,0,0,0,1,0.42551182986350894,0.7275630437176636,0.4,0.0,1.0,-1,0.6675750876185523,0,0,0,0,0,0,1
1498,5,8473,2019-12-19 10:00:00+00:00,8473,2019-12-19 10:00:00+00:00,1,0,,,0,,,0,0,,,1,0,0,1,0,0,,,,,,0,,0,0,0,0,0,0,0
1500,5,8491,2019-12-24 10:00:00+00:00,8491,2019-12-24 10:00:00+00:00,1,0,,,0,,,0,0,,,1,0,0,1,0,0,,,,,,0,,0,0,0,0,0,0,0
1501,5,8507,2019-12-30 02:00:00+00:00,8510,2019-12-30 14:00:00+00:00,1,0,,,0,,,0,0,,,0,0,0,1,0,0,,,,,,0,,0,0,0,0,0,0,0
1504,5,8518,2020-01-01 22:00:00+00:00,8519,2020-01-02 02:00:00+00:00,1,0,,,0,,,0,0,,,1,0,0,1,0,0,,,,,,0,,0,0,0,0,0,0,0
1507,5,8539,2020-01-07 10:00:00+00:00,8539,2020-01-07 10:00:00+00:00,1,0,,,0,,,0,0,,,1,0,0,1,0,0,,,,,,0,,0,0,0,0,0,0,0
1508,5,8555,2020-01-10 02:00:00+00:00,8557,2020-01-10 10:00:00+00:00,1,0,,,0,,,0,0,,,1,0,0,1,0,0,,,,,,0,,0,0,0,0,0,0,0
1509,5,8565,2020-01-13 18:00:00+00:00,8565,2020-01-13 18:00:00+00:00,1,0,,,0,,,0,0,,,1,0,0,1,0,0,,,,,,0,,0,0,0,0,0,0,0
1511,5,8569,2020-01-14 10:00:00+00:00,8569,2020-01-14 10:00:00+00:00,1,0,,,0,,,0,0,,,1,0,0,1,0,0,,,,,,0,,0,0,0,0,0,0,0
1515,5,8577,2020-01-15 18:00:00+00:00,8577,2020-01-15 18:00:00+00:00,1,0,,,0,,,0,0,,,1,0,0,1,0,0,,,,,,0,,0,0,0,0,0,0,0
1518,5,8581,2020-01-16 10:00:00+00:00,8581,2020-01-16 10:00:00+00:00,1,0,,,0,,,0,0,,,1,0,0,1,0,0,,,,,,0,,0,0,0,0,0,0,0
1522,5,8590,2020-01-19 22:00:00+00:00,8590,2020-01-19 22:00:00+00:00,1,0,,,0,,,0,0,,,1,0,0,1,0,0,,,,,,0,,0,0,0,0,0,0,0
1524,5,8593,2020-01-20 10:00:00+00:00,8594,2020-01-20 14:00:00+00:00,1,0,,,0,,,0,0,,,1,0,0,1,0,0,,,,,,0,,0,0,0,0,0,0,0
1527,5,8604,2020-01-22 10:00:00+00:00,8605,2020-01-22 14:00:00+00:00,1,0,,,0,,,0,0,,,1,0,0,1,0,0,,,,,,0,,0,0,0,0,0,0,0
1528,5,8612,2020-01-23 18:00:00+00:00,8613,2020-01-23 22:00:00+00:00,1,0,,,0,,,0,0,,,1,0,0,1,0,0,,,,,,0,,0,0,0,0,0,0,0
1531,5,8618,2020-01-24 18:00:00+00:00,8618,2020-01-24 18:00:00+00:00,1,0,,,0,,,0,0,,,1,0,0,1,0,0,,,,,,0,,0,0,0,0,0,0,0
1532,5,8624,2020-01-27 18:00:00+00:00,8626,2020-01-28 02:00:00+00:00,1,0,,,0,,,0,0,,,1,0,0,1,0,0,,,,,,0,,0,0,0,0,0,0,0
1535,5,8634,2020-01-29 10:00:00+00:00,8634,2020-01-29 10:00:00+00:00,1,0,,,0,,,0,0,,,1,0,0,1,0,0,,,,,,0,,0,0,0,0,0,0,0
1538,5,8638,2020-01-30 02:00:00+00:00,8638,2020-01-30 02:00:00+00:00,1,0,,,0,,,0,0,,,1,0,0,1,0,0,,,,,,0,,0,0,0,0,0,0,0
1540,5,8642,2020-01-30 18:00:00+00:00,8645,2020-01-31 06:00:00+00:00,1,1,8645.0,2020-01-31 06:00:00+00:00,1,8645.0,2020-01-31 06:00:00+00:00,1,0,8645.0,2020-01-31 06:00:00+00:00,0,0,0,0,0,1,0.38277041629802383,0.5883308099093827,0.4,0.0,2.0,-1,0.6314423365497336,0,0,0,0,0,0,0
1546,5,8671,2020-02-06 14:00:00+00:00,8671,2020-02-06 14:00:00+00:00,1,0,,,0,,,0,0,,,1,0,0,1,0,0,,,,,,0,,0,0,0,0,0,0,0
1549,5,8674,2020-02-07 02:00:00+00:00,8674,2020-02-07 02:00:00+00:00,1,0,,,0,,,0,0,,,1,0,0,1,0,0,,,,,,0,,0,0,0,0,0,0,0
1551,5,8683,2020-02-10 14:00:00+00:00,8685,2020-02-10 22:00:00+00:00,1,0,,,0,,,0,0,,,1,0,0,1,0,0,,,,,,0,,0,0,0,0,0,0,0
1560,5,8703,2020-02-13 22:00:00+00:00,8704,2020-02-14 02:00:00+00:00,1,0,,,0,,,0,0,,,1,0,0,1,0,0,,,,,,0,,0,0,0,0,0,0,0
1561,5,8727,2020-02-20 02:00:00+00:00,8727,2020-02-20 02:00:00+00:00,1,0,,,0,,,0,0,,,1,0,0,1,0,0,,,,,,0,,0,0,0,0,0,0,0
1564,5,8759,2020-02-27 10:00:00+00:00,8759,2020-02-27 10:00:00+00:00,1,0,,,0,,,0,0,,,1,0,0,1,0,0,,,,,,0,,0,0,0,0,0,0,0
1566,5,8774,2020-03-02 22:00:00+00:00,8774,2020-03-02 22:00:00+00:00,1,0,,,0,,,0,0,,,1,0,1,1,0,0,,,,,,0,,0,0,0,0,0,0,0
1567,5,8776,2020-03-03 06:00:00+00:00,8776,2020-03-03 06:00:00+00:00,1,0,,,0,,,0,0,,,1,0,0,1,0,0,,,,,,0,,0,0,0,0,0,0,0
1569,5,8785,2020-03-04 18:00:00+00:00,8788,2020-03-05 06:00:00+00:00,1,0,,,0,,,0,0,,,0,0,0,1,0,0,,,,,,0,,0,0,0,0,0,0,0
1570,5,8804,2020-03-09 21:00:00+00:00,8804,2020-03-09 21:00:00+00:00,1,0,,,0,,,0,0,,,1,0,1,1,0,0,,,,,,0,,0,0,0,0,0,0,0
1571,5,8806,2020-03-10 05:00:00+00:00,8806,2020-03-10 05:00:00+00:00,1,0,,,0,,,0,0,,,1,0,0,1,0,0,,,,,,0,,0,0,0,0,0,0,0
1574,5,8836,2020-03-17 05:00:00+00:00,8837,2020-03-17 09:00:00+00:00,1,0,,,0,,,0,0,,,1,0,0,1,0,0,,,,,,0,,0,0,0,0,0,0,0
1575,5,8846,2020-03-18 21:00:00+00:00,8846,2020-03-18 21:00:00+00:00,1,0,,,0,,,0,0,,,1,0,0,1,0,0,,,,,,0,,0,0,0,0,0,0,0
1576,5,8849,2020-03-19 09:00:00+00:00,8851,2020-03-19 17:00:00+00:00,1,0,,,0,,,0,0,,,1,0,0,1,0,0,,,,,,0,,0,0,0,0,0,0,0
1578,5,8857,2020-03-20 17:00:00+00:00,8858,2020-03-22 21:00:00+00:00,1,0,,,0,,,0,0,,,1,0,0,1,0,0,,,,,,0,,0,0,0,0,0,0,0
1580,5,8876,2020-03-25 21:00:00+00:00,8876,2020-03-25 21:00:00+00:00,1,0,,,0,,,0,0,,,1,0,1,1,0,0,,,,,,0,,0,0,0,0,0,0,0
1581,5,8878,2020-03-26 05:00:00+00:00,8878,2020-03-26 05:00:00+00:00,1,0,,,0,,,0,0,,,1,0,0,1,0,0,,,,,,0,,0,0,0,0,0,0,0
1583,5,8886,2020-03-27 13:00:00+00:00,8895,2020-03-31 01:00:00+00:00,1,1,8895.0,2020-03-31 01:00:00+00:00,0,,,0,0,,,0,0,0,0,0,0,0.4260787813262025,0.7870714215541822,0.4,0.0,3.0,-1,0.43549548242949676,0,0,0,1,0,0,1
1586,5,8901,2020-04-01 01:00:00+00:00,8901,2020-04-01 01:00:00+00:00,1,0,,,0,,,0,0,,,1,0,0,1,0,0,,,,,,0,,0,0,0,0,0,0,0
1590,5,8911,2020-04-02 17:00:00+00:00,8912,2020-04-02 21:00:00+00:00,1,0,,,0,,,0,0,,,1,0,0,1,0,0,,,,,,0,,0,0,0,0,0,0,0
1592,5,8915,2020-04-03 09:00:00+00:00,8916,2020-04-03 13:00:00+00:00,1,0,,,0,,,0,0,,,1,0,0,1,0,0,,,,,,0,,0,0,0,0,0,0,0
1594,5,8929,2020-04-07 17:00:00+00:00,8929,2020-04-07 17:00:00+00:00,1,0,,,0,,,0,0,,,1,0,0,1,0,0,,,,,,0,,0,0,0,0,0,0,0
1595,5,8932,2020-04-08 05:00:00+00:00,8936,2020-04-08 21:00:00+00:00,1,1,8936.0,2020-04-08 21:00:00+00:00,0,,,0,0,,,0,0,0,0,0,0,0.4505811582160729,0.8394007974997316,0.4,0.0,2.0,-1,0.48904624655927187,0,0,0,1,0,0,1
1600,5,8944,2020-04-13 05:00:00+00:00,8944,2020-04-13 05:00:00+00:00,1,0,,,0,,,0,0,,,1,0,0,1,0,0,,,,,,0,,0,0,0,0,0,0,0
1601,5,8958,2020-04-15 13:00:00+00:00,8960,2020-04-15 21:00:00+00:00,1,0,,,0,,,0,0,,,1,0,0,1,0,0,,,,,,0,,0,0,0,0,0,0,0
1604,5,8969,2020-04-17 09:00:00+00:00,8969,2020-04-17 09:00:00+00:00,1,0,,,0,,,0,0,,,1,0,0,1,0,0,,,,,,0,,0,0,0,0,0,0,0
1607,5,8999,2020-04-24 09:00:00+00:00,8999,2020-04-24 09:00:00+00:00,1,0,,,0,,,0,0,,,1,0,0,1,0,0,,,,,,0,,0,0,0,0,0,0,0
1609,5,9005,2020-04-27 09:00:00+00:00,9005,2020-04-27 09:00:00+00:00,1,0,,,0,,,0,0,,,1,0,1,1,0,0,,,,,,0,,0,0,0,0,0,0,0
1610,5,9007,2020-04-27 17:00:00+00:00,9007,2020-04-27 17:00:00+00:00,1,0,,,0,,,0,0,,,1,0,0,1,0,0,,,,,,0,,0,0,0,0,0,0,0
1614,5,9012,2020-04-28 13:00:00+00:00,9013,2020-04-28 17:00:00+00:00,1,0,,,0,,,0,0,,,1,0,0,1,0,0,,,,,,0,,0,0,0,0,0,0,0
1617,5,9018,2020-04-29 13:00:00+00:00,9021,2020-04-30 01:00:00+00:00,1,0,,,0,,,0,0,,,0,0,0,1,0,0,,,,,,0,,0,0,0,0,0,0,0
1621,5,9037,2020-05-04 17:00:00+00:00,9039,2020-05-05 01:00:00+00:00,1,0,,,0,,,0,0,,,1,0,0,1,0,0,,,,,,0,,0,0,0,0,0,0,0
1626,5,9052,2020-05-07 05:00:00+00:00,9052,2020-05-07 05:00:00+00:00,1,0,,,0,,,0,0,,,1,0,0,1,0,0,,,,,,0,,0,0,0,0,0,0,0
1627,5,9060,2020-05-08 13:00:00+00:00,9060,2020-05-08 13:00:00+00:00,1,0,,,0,,,0,0,,,1,0,1,1,0,0,,,,,,0,,0,0,0,0,0,0,0
1628,5,9062,2020-05-10 21:00:00+00:00,9063,2020-05-11 01:00:00+00:00,1,0,,,0,,,0,0,,,1,0,0,1,0,0,,,,,,0,,0,0,0,0,0,0,0
1631,5,9066,2020-05-11 13:00:00+00:00,9068,2020-05-11 21:00:00+00:00,1,0,,,0,,,0,0,,,1,0,0,1,0,0,,,,,,0,,0,0,0,0,0,0,0
1636,5,9073,2020-05-12 17:00:00+00:00,9073,2020-05-12 17:00:00+00:00,1,0,,,0,,,0,0,,,1,0,0,1,0,0,,,,,,0,,0,0,0,0,0,0,0
1637,5,9078,2020-05-13 13:00:00+00:00,9079,2020-05-13 17:00:00+00:00,1,0,,,0,,,0,0,,,1,0,0,1,0,0,,,,,,0,,0,0,0,0,0,0,0
1641,5,9085,2020-05-14 17:00:00+00:00,9086,2020-05-14 21:00:00+00:00,1,0,,,0,,,0,0,,,1,0,0,1,0,0,,,,,,0,,0,0,0,0,0,0,0
1644,5,9107,2020-05-20 09:00:00+00:00,9110,2020-05-20 21:00:00+00:00,1,1,9110.0,2020-05-20 21:00:00+00:00,0,,,0,0,,,0,0,0,0,0,0,0.4378619216722687,0.9339197983383446,0.8,1.0,2.0,-1,0.47769225171390284,0,0,0,1,0,0,1
1650,5,9120,2020-05-22 13:00:00+00:00,9124,2020-05-25 05:00:00+00:00,1,0,,,0,,,0,0,,,0,0,0,1,0,0,,,,,,0,,0,0,0,0,0,0,0
1658,5,9153,2020-06-01 05:00:00+00:00,9158,2020-06-02 01:00:00+00:00,1,1,9158.0,2020-06-02 01:00:00+00:00,0,,,0,0,,,0,0,1,0,0,0,0.6331542532863305,0.44269349657554247,0.4,2.0,0.0,1,0.5245328171108646,1,1,0,1,1,0,1
1661,5,9160,2020-06-02 09:00:00+00:00,9160,2020-06-02 09:00:00+00:00,1,0,,,0,,,0,0,,,1,0,0,1,0,0,,,,,,0,,0,0,0,0,0,0,0
1662,5,9163,2020-06-02 21:00:00+00:00,9163,2020-06-02 21:00:00+00:00,1,0,,,0,,,0,0,,,1,0,0,1,0,0,,,,,,0,,0,0,0,0,0,0,0
1666,5,9174,2020-06-04 17:00:00+00:00,9175,2020-06-04 21:00:00+00:00,1,0,,,0,,,0,0,,,1,0,0,1,0,0,,,,,,0,,0,0,0,0,0,0,0
1668,5,9184,2020-06-08 09:00:00+00:00,9184,2020-06-08 09:00:00+00:00,1,0,,,0,,,0,0,,,1,0,1,1,0,0,,,,,,0,,0,0,0,0,0,0,0
1669,5,9186,2020-06-08 17:00:00+00:00,9186,2020-06-08 17:00:00+00:00,1,0,,,0,,,0,0,,,1,0,0,1,0,0,,,,,,0,,0,0,0,0,0,0,0
1670,5,9209,2020-06-12 13:00:00+00:00,9211,2020-06-14 21:00:00+00:00,1,0,,,0,,,0,0,,,1,0,0,1,0,0,,,,,,0,,0,0,0,0,0,0,0
1673,5,9221,2020-06-16 13:00:00+00:00,9224,2020-06-17 01:00:00+00:00,1,1,9224.0,2020-06-17 01:00:00+00:00,1,9224.0,2020-06-17 01:00:00+00:00,1,0,9224.0,2020-06-17 01:00:00+00:00,0,0,0,0,0,1,0.5694871571154768,0.7421571815718151,0.4,1.0,0.0,1,0.6047620606781635,1,0,0,0,0,0,0
1675,5,9226,2020-06-17 09:00:00+00:00,9229,2020-06-17 21:00:00+00:00,1,1,9229.0,2020-06-17 21:00:00+00:00,1,9229.0,2020-06-17 21:00:00+00:00,1,0,9229.0,2020-06-17 21:00:00+00:00,0,0,0,0,0,1,0.7146892271121803,0.46496759038486846,0.4,3.0,0.0,1,0.5845017480537839,1,0,0,0,0,0,0
1678,5,9236,2020-06-19 01:00:00+00:00,9236,2020-06-19 01:00:00+00:00,1,0,,,0,,,0,0,,,1,0,0,1,0,0,,,,,,0,,0,0,0,0,0,0,0
1682,5,9245,2020-06-22 13:00:00+00:00,9245,2020-06-22 13:00:00+00:00,1,0,,,0,,,0,0,,,1,0,0,1,0,0,,,,,,0,,0,0,0,0,0,0,0
1684,5,9257,2020-06-24 13:00:00+00:00,9258,2020-06-24 17:00:00+00:00,1,0,,,0,,,0,0,,,1,0,0,1,0,0,,,,,,0,,0,0,0,0,0,0,0
1686,5,9266,2020-06-26 01:00:00+00:00,9266,2020-06-26 01:00:00+00:00,1,0,,,0,,,0,0,,,1,0,0,1,0,0,,,,,,0,,0,0,0,0,0,0,0
1687,5,9279,2020-06-30 05:00:00+00:00,9279,2020-06-30 05:00:00+00:00,1,0,,,0,,,0,0,,,1,0,0,1,0,0,,,,,,0,,0,0,0,0,0,0,0
1692,5,9298,2020-07-03 09:00:00+00:00,9299,2020-07-03 13:00:00+00:00,1,0,,,0,,,0,0,,,1,0,1,1,0,0,,,,,,0,,0,0,0,0,0,0,0
1693,5,9301,2020-07-06 01:00:00+00:00,9301,2020-07-06 01:00:00+00:00,1,0,,,0,,,0,0,,,1,0,0,1,0,0,,,,,,0,,0,0,0,0,0,0,0
1695,5,9304,2020-07-06 13:00:00+00:00,9304,2020-07-06 13:00:00+00:00,1,0,,,0,,,0,0,,,1,0,0,1,0,0,,,,,,0,,0,0,0,0,0,0,0
1699,5,9309,2020-07-07 09:00:00+00:00,9309,2020-07-07 09:00:00+00:00,1,0,,,0,,,0,0,,,1,0,0,1,0,0,,,,,,0,,0,0,0,0,0,0,0
1701,5,9321,2020-07-09 09:00:00+00:00,9321,2020-07-09 09:00:00+00:00,1,0,,,0,,,0,0,,,1,0,0,1,0,0,,,,,,0,,0,0,0,0,0,0,0
1703,5,9346,2020-07-15 13:00:00+00:00,9347,2020-07-15 17:00:00+00:00,1,0,,,0,,,0,0,,,1,0,0,1,0,0,,,,,,0,,0,0,0,0,0,0,0
1704,5,9351,2020-07-16 09:00:00+00:00,9351,2020-07-16 09:00:00+00:00,1,0,,,0,,,0,0,,,1,0,0,1,0,0,,,,,,0,,0,0,0,0,0,0,0
1705,5,9354,2020-07-16 21:00:00+00:00,9355,2020-07-17 01:00:00+00:00,1,0,,,0,,,0,0,,,1,0,0,1,0,0,,,,,,0,,0,0,0,0,0,0,0
1709,5,9362,2020-07-20 05:00:00+00:00,9362,2020-07-20 05:00:00+00:00,1,0,,,0,,,0,0,,,1,0,0,1,0,0,,,,,,0,,0,0,0,0,0,0,0
1710,5,9377,2020-07-22 17:00:00+00:00,9377,2020-07-22 17:00:00+00:00,1,0,,,0,,,0,0,,,1,0,0,1,0,0,,,,,,0,,0,0,0,0,0,0,0
1711,5,9386,2020-07-24 05:00:00+00:00,9386,2020-07-24 05:00:00+00:00,1,0,,,0,,,0,0,,,1,0,0,1,0,0,,,,,,0,,0,0,0,0,0,0,0
1712,5,9405,2020-07-29 09:00:00+00:00,9405,2020-07-29 09:00:00+00:00,1,0,,,0,,,0,0,,,1,0,0,1,0,0,,,,,,0,,0,0,0,0,0,0,0
1715,5,9417,2020-07-31 09:00:00+00:00,9417,2020-07-31 09:00:00+00:00,1,0,,,0,,,0,0,,,1,0,0,1,0,0,,,,,,0,,0,0,0,0,0,0,0
1716,5,9425,2020-08-03 17:00:00+00:00,9427,2020-08-04 01:00:00+00:00,1,0,,,0,,,0,0,,,1,0,0,1,0,0,,,,,,0,,0,0,0,0,0,0,0
1719,5,9456,2020-08-10 21:00:00+00:00,9456,2020-08-10 21:00:00+00:00,1,0,,,0,,,0,0,,,1,0,0,1,0,0,,,,,,0,,0,0,0,0,0,0,0
1720,5,9474,2020-08-13 21:00:00+00:00,9474,2020-08-13 21:00:00+00:00,1,0,,,0,,,0,0,,,1,0,1,1,0,0,,,,,,0,,0,0,0,0,0,0,0
1721,5,9476,2020-08-14 05:00:00+00:00,9477,2020-08-14 09:00:00+00:00,1,0,,,0,,,0,0,,,1,0,0,1,0,0,,,,,,0,,0,0,0,0,0,0,0
1724,5,9480,2020-08-16 21:00:00+00:00,9480,2020-08-16 21:00:00+00:00,1,0,,,0,,,0,0,,,1,0,0,1,0,0,,,,,,0,,0,0,0,0,0,0,0
1726,5,9495,2020-08-19 09:00:00+00:00,9495,2020-08-19 09:00:00+00:00,1,0,,,0,,,0,0,,,1,0,0,1,0,0,,,,,,0,,0,0,0,0,0,0,0
1727,5,9502,2020-08-20 13:00:00+00:00,9506,2020-08-21 05:00:00+00:00,1,1,9506.0,2020-08-21 05:00:00+00:00,0,,,0,0,,,0,0,0,0,0,0,0.4158507159852193,0.9098609015079733,0.6,1.0,1.0,0,0.45452600746716465,0,0,0,1,0,0,1
1729,5,9519,2020-08-25 09:00:00+00:00,9519,2020-08-25 09:00:00+00:00,1,0,,,0,,,0,0,,,1,0,0,1,0,0,,,,,,0,,0,0,0,0,0,0,0
1730,5,9524,2020-08-26 05:00:00+00:00,9524,2020-08-26 05:00:00+00:00,1,0,,,0,,,0,0,,,1,0,0,1,0,0,,,,,,0,,0,0,0,0,0,0,0
1732,5,9542,2020-08-31 05:00:00+00:00,9542,2020-08-31 05:00:00+00:00,1,0,,,0,,,0,0,,,1,0,0,1,0,0,,,,,,0,,0,0,0,0,0,0,0
1734,5,9549,2020-09-01 09:00:00+00:00,9551,2020-09-01 17:00:00+00:00,1,0,,,0,,,0,0,,,1,0,0,1,0,0,,,,,,0,,0,0,0,0,0,0,0
1743,5,9574,2020-09-07 13:00:00+00:00,9574,2020-09-07 13:00:00+00:00,1,0,,,0,,,0,0,,,1,0,1,1,0,0,,,,,,0,,0,0,0,0,0,0,0
1745,5,9576,2020-09-08 01:00:00+00:00,9576,2020-09-08 01:00:00+00:00,1,0,,,0,,,0,0,,,1,0,0,1,0,0,,,,,,0,,0,0,0,0,0,0,0
1747,5,9585,2020-09-09 13:00:00+00:00,9585,2020-09-09 13:00:00+00:00,1,0,,,0,,,0,0,,,1,0,0,1,0,0,,,,,,0,,0,0,0,0,0,0,0
1748,5,9589,2020-09-10 05:00:00+00:00,9589,2020-09-10 05:00:00+00:00,1,0,,,0,,,0,0,,,1,0,1,1,0,0,,,,,,0,,0,0,0,0,0,0,0
1749,5,9591,2020-09-10 13:00:00+00:00,9593,2020-09-10 21:00:00+00:00,1,0,,,0,,,0,0,,,1,0,0,1,0,0,,,,,,0,,0,0,0,0,0,0,0
1751,5,9597,2020-09-11 13:00:00+00:00,9601,2020-09-14 05:00:00+00:00,1,1,9601.0,2020-09-14 05:00:00+00:00,0,,,0,0,,,0,0,0,0,0,0,0.38292371840772915,0.7955313068329495,0.6,2.0,1.0,1,0.45463579508870766,0,0,0,1,0,0,1
1755,5,9607,2020-09-15 05:00:00+00:00,9607,2020-09-15 05:00:00+00:00,1,0,,,0,,,0,0,,,1,0,0,1,0,0,,,,,,0,,0,0,0,0,0,0,0
1759,5,9619,2020-09-17 05:00:00+00:00,9619,2020-09-17 05:00:00+00:00,1,0,,,0,,,0,0,,,1,0,0,1,0,0,,,,,,0,,0,0,0,0,0,0,0
1760,5,9639,2020-09-22 13:00:00+00:00,9641,2020-09-22 21:00:00+00:00,1,0,,,0,,,0,0,,,1,0,0,1,0,0,,,,,,0,,0,0,0,0,0,0,0
1762,5,9650,2020-09-24 09:00:00+00:00,9650,2020-09-24 09:00:00+00:00,1,0,,,0,,,0,0,,,1,0,0,1,0,0,,,,,,0,,0,0,0,0,0,0,0
1766,5,9657,2020-09-25 13:00:00+00:00,9658,2020-09-25 17:00:00+00:00,1,0,,,0,,,0,0,,,1,0,1,1,0,0,,,,,,0,,0,0,0,0,0,0,0
1767,5,9660,2020-09-28 01:00:00+00:00,9660,2020-09-28 01:00:00+00:00,1,0,,,0,,,0,0,,,1,0,0,1,0,0,,,,,,0,,0,0,0,0,0,0,0
1770,5,9671,2020-09-29 21:00:00+00:00,9671,2020-09-29 21:00:00+00:00,1,0,,,0,,,0,0,,,1,0,0,1,0,0,,,,,,0,,0,0,0,0,0,0,0
1772,5,9674,2020-09-30 09:00:00+00:00,9676,2020-09-30 17:00:00+00:00,1,0,,,0,,,0,0,,,1,0,0,1,0,0,,,,,,0,,0,0,0,0,0,0,0
1774,5,9679,2020-10-01 05:00:00+00:00,9679,2020-10-01 05:00:00+00:00,1,0,,,0,,,0,0,,,1,0,0,1,0,0,,,,,,0,,0,0,0,0,0,0,0
1780,5,9721,2020-10-12 05:00:00+00:00,9721,2020-10-12 05:00:00+00:00,1,0,,,0,,,0,0,,,1,0,0,1,0,0,,,,,,0,,0,0,0,0,0,0,0
1784,5,9740,2020-10-15 09:00:00+00:00,9740,2020-10-15 09:00:00+00:00,1,0,,,0,,,0,0,,,1,0,1,1,0,0,,,,,,0,,0,0,0,0,0,0,0
1785,5,9742,2020-10-15 17:00:00+00:00,9743,2020-10-15 21:00:00+00:00,1,0,,,0,,,0,0,,,1,0,0,1,0,0,,,,,,0,,0,0,0,0,0,0,0
1787,5,9746,2020-10-16 09:00:00+00:00,9746,2020-10-16 09:00:00+00:00,1,0,,,0,,,0,0,,,1,0,1,1,0,0,,,,,,0,,0,0,0,0,0,0,0
1790,5,9748,2020-10-16 17:00:00+00:00,9749,2020-10-18 21:00:00+00:00,1,0,,,0,,,0,0,,,1,0,0,1,0,0,,,,,,0,,0,0,0,0,0,0,0
1792,5,9787,2020-10-27 05:00:00+00:00,9791,2020-10-27 21:00:00+00:00,1,1,9791.0,2020-10-27 21:00:00+00:00,0,,,0,0,,,0,0,0,0,0,0,0.630108209707217,0.5301658005444159,0.4,2.0,0.0,1,0.5256856580848129,1,0,0,1,0,0,1
1796,5,9816,2020-11-03 02:00:00+00:00,9816,2020-11-03 02:00:00+00:00,1,0,,,0,,,0,0,,,1,0,0,1,0,0,,,,,,0,,0,0,0,0,0,0,0
1798,5,9826,2020-11-04 18:00:00+00:00,9826,2020-11-04 18:00:00+00:00,1,0,,,0,,,0,0,,,1,0,0,1,0,0,,,,,,0,,0,0,0,0,0,0,0
1799,5,9837,2020-11-06 14:00:00+00:00,9838,2020-11-06 18:00:00+00:00,1,0,,,0,,,0,0,,,1,0,0,1,0,0,,,,,,0,,0,0,0,0,0,0,0
1802,5,9853,2020-11-11 06:00:00+00:00,9853,2020-11-11 06:00:00+00:00,1,0,,,0,,,0,0,,,1,0,1,1,0,0,,,,,,0,,0,0,0,0,0,0,0
1803,5,9855,2020-11-11 14:00:00+00:00,9857,2020-11-11 22:00:00+00:00,1,0,,,0,,,0,0,,,1,0,0,1,0,0,,,,,,0,,0,0,0,0,0,0,0
1808,5,9865,2020-11-13 06:00:00+00:00,9865,2020-11-13 06:00:00+00:00,1,0,,,0,,,0,0,,,1,0,1,1,0,0,,,,,,0,,0,0,0,0,0,0,0
1809,5,9867,2020-11-13 14:00:00+00:00,9868,2020-11-13 18:00:00+00:00,1,0,,,0,,,0,0,,,1,0,0,1,0,0,,,,,,0,,0,0,0,0,0,0,0
1811,5,9871,2020-11-16 06:00:00+00:00,9871,2020-11-16 06:00:00+00:00,1,0,,,0,,,0,0,,,1,0,0,1,0,0,,,,,,0,,0,0,0,0,0,0,0
1812,5,9878,2020-11-17 10:00:00+00:00,9879,2020-11-17 14:00:00+00:00,1,0,,,0,,,0,0,,,1,0,1,1,0,0,,,,,,0,,0,0,0,0,0,0,0
1813,5,9881,2020-11-17 22:00:00+00:00,9882,2020-11-18 02:00:00+00:00,1,0,,,0,,,0,0,,,1,0,0,1,0,0,,,,,,0,,0,0,0,0,0,0,0
1815,5,9896,2020-11-20 10:00:00+00:00,9896,2020-11-20 10:00:00+00:00,1,0,,,0,,,0,0,,,1,0,0,1,0,0,,,,,,0,,0,0,0,0,0,0,0
1816,5,9914,2020-11-25 10:00:00+00:00,9917,2020-11-25 22:00:00+00:00,1,1,9917.0,2020-11-25 22:00:00+00:00,0,,,0,0,,,0,0,0,0,0,0,0.4524647479880965,0.7949315810546516,0.6,1.0,1.0,0,0.5115997948932474,0,0,0,1,0,0,1
1820,5,9931,2020-11-30 10:00:00+00:00,9931,2020-11-30 10:00:00+00:00,1,0,,,0,,,0,0,,,1,0,1,1,0,0,,,,,,0,,0,0,0,0,0,0,0
1821,5,9933,2020-11-30 18:00:00+00:00,9933,2020-11-30 18:00:00+00:00,1,0,,,0,,,0,0,,,1,0,0,1,0,0,,,,,,0,,0,0,0,0,0,0,0
1823,5,9949,2020-12-03 10:00:00+00:00,9949,2020-12-03 10:00:00+00:00,1,0,,,0,,,0,0,,,1,0,0,1,0,0,,,,,,0,,0,0,0,0,0,0,0
1826,5,9969,2020-12-08 18:00:00+00:00,9970,2020-12-08 22:00:00+00:00,1,0,,,0,,,0,0,,,1,0,0,1,0,0,,,,,,0,,0,0,0,0,0,0,0
1828,5,10003,2020-12-16 10:00:00+00:00,10004,2020-12-16 14:00:00+00:00,1,0,,,0,,,0,0,,,1,0,0,1,0,0,,,,,,0,,0,0,0,0,0,0,0
1830,5,10015,2020-12-18 10:00:00+00:00,10017,2020-12-18 18:00:00+00:00,1,0,,,0,,,0,0,,,1,0,0,1,0,0,,,,,,0,,0,0,0,0,0,0,0
1832,5,10033,2020-12-23 10:00:00+00:00,10033,2020-12-23 10:00:00+00:00,1,0,,,0,,,0,0,,,1,0,0,1,0,0,,,,,,0,,0,0,0,0,0,0,0
1836,5,10039,2020-12-24 10:00:00+00:00,10040,2020-12-24 14:00:00+00:00,1,0,,,0,,,0,0,,,1,0,0,1,0,0,,,,,,0,,0,0,0,0,0,0,0
1837,5,10043,2020-12-28 02:00:00+00:00,10043,2020-12-28 02:00:00+00:00,1,0,,,0,,,0,0,,,1,0,0,1,0,0,,,,,,0,,0,0,0,0,0,0,0
1841,5,10051,2020-12-29 10:00:00+00:00,10051,2020-12-29 10:00:00+00:00,1,0,,,0,,,0,0,,,1,0,0,1,0,0,,,,,,0,,0,0,0,0,0,0,0
1843,5,10057,2020-12-30 10:00:00+00:00,10057,2020-12-30 10:00:00+00:00,1,0,,,0,,,0,0,,,1,0,0,1,0,0,,,,,,0,,0,0,0,0,0,0,0
1845,5,10063,2020-12-31 10:00:00+00:00,10065,2020-12-31 18:00:00+00:00,1,0,,,0,,,0,0,,,1,0,0,1,0,0,,,,,,0,,0,0,0,0,0,0,0
1847,5,10073,2021-01-05 02:00:00+00:00,10073,2021-01-05 02:00:00+00:00,1,0,,,0,,,0,0,,,1,0,0,1,0,0,,,,,,0,,0,0,0,0,0,0,0
1848,5,10101,2021-01-11 18:00:00+00:00,10102,2021-01-11 22:00:00+00:00,1,0,,,0,,,0,0,,,1,0,0,1,0,0,,,,,,0,,0,0,0,0,0,0,0
1851,5,10112,2021-01-13 14:00:00+00:00,10112,2021-01-13 14:00:00+00:00,1,0,,,0,,,0,0,,,1,0,0,1,0,0,,,,,,0,,0,0,0,0,0,0,0
1854,5,10120,2021-01-14 22:00:00+00:00,10120,2021-01-14 22:00:00+00:00,1,0,,,0,,,0,0,,,1,0,1,1,0,0,,,,,,0,,0,0,0,0,0,0,0
1855,5,10122,2021-01-15 06:00:00+00:00,10122,2021-01-15 06:00:00+00:00,1,0,,,0,,,0,0,,,1,0,0,1,0,0,,,,,,0,,0,0,0,0,0,0,0
1857,5,10125,2021-01-15 18:00:00+00:00,10125,2021-01-15 18:00:00+00:00,1,0,,,0,,,0,0,,,1,0,0,1,0,0,,,,,,0,,0,0,0,0,0,0,0
1859,5,10132,2021-01-19 02:00:00+00:00,10137,2021-01-19 22:00:00+00:00,1,1,10137.0,2021-01-19 22:00:00+00:00,0,,,0,0,,,0,0,0,0,0,0,0.5125669867847271,0.6156729367668452,0.6,1.0,1.0,0,0.4150987656684143,0,0,0,1,0,0,1
1862,5,10147,2021-01-21 14:00:00+00:00,10151,2021-01-22 06:00:00+00:00,1,0,,,0,,,0,0,,,0,0,0,1,0,0,,,,,,0,,0,0,0,0,0,0,0
1864,5,10154,2021-01-22 18:00:00+00:00,10154,2021-01-22 18:00:00+00:00,1,0,,,0,,,0,0,,,1,0,1,1,0,0,,,,,,0,,0,0,0,0,0,0,0
1865,5,10156,2021-01-25 02:00:00+00:00,10156,2021-01-25 02:00:00+00:00,1,0,,,0,,,0,0,,,1,0,0,1,0,0,,,,,,0,,0,0,0,0,0,0,0
1867,5,10159,2021-01-25 14:00:00+00:00,10161,2021-01-25 22:00:00+00:00,1,0,,,0,,,0,0,,,1,0,0,1,0,0,,,,,,0,,0,0,0,0,0,0,0
1870,5,10164,2021-01-26 10:00:00+00:00,10166,2021-01-26 18:00:00+00:00,1,0,,,0,,,0,0,,,1,0,0,1,0,0,,,,,,0,,0,0,0,0,0,0,0
1876,5,10183,2021-01-29 14:00:00+00:00,10185,2021-01-31 22:00:00+00:00,1,0,,,0,,,0,0,,,1,0,0,1,0,0,,,,,,0,,0,0,0,0,0,0,0
1879,5,10191,2021-02-01 22:00:00+00:00,10192,2021-02-02 02:00:00+00:00,1,0,,,0,,,0,0,,,1,0,0,1,0,0,,,,,,0,,0,0,0,0,0,0,0
1882,5,10227,2021-02-09 22:00:00+00:00,10229,2021-02-10 06:00:00+00:00,1,0,,,0,,,0,0,,,1,0,0,1,0,0,,,,,,0,,0,0,0,0,0,0,0
1883,5,10238,2021-02-11 18:00:00+00:00,10238,2021-02-11 18:00:00+00:00,1,0,,,0,,,0,0,,,1,0,0,1,0,0,,,,,,0,,0,0,0,0,0,0,0
1885,5,10248,2021-02-15 10:00:00+00:00,10248,2021-02-15 10:00:00+00:00,1,0,,,0,,,0,0,,,1,0,0,1,0,0,,,,,,0,,0,0,0,0,0,0,0
1886,5,10262,2021-02-17 18:00:00+00:00,10263,2021-02-17 22:00:00+00:00,1,0,,,0,,,0,0,,,1,0,0,1,0,0,,,,,,0,,0,0,0,0,0,0,0
1889,5,10275,2021-02-21 22:00:00+00:00,10275,2021-02-21 22:00:00+00:00,1,0,,,0,,,0,0,,,1,0,0,1,0,0,,,,,,0,,0,0,0,0,0,0,0
1890,5,10282,2021-02-23 02:00:00+00:00,10282,2021-02-23 02:00:00+00:00,1,0,,,0,,,0,0,,,1,0,1,1,0,0,,,,,,0,,0,0,0,0,0,0,0
1891,5,10284,2021-02-23 10:00:00+00:00,10284,2021-02-23 10:00:00+00:00,1,0,,,0,,,0,0,,,1,0,0,1,0,0,,,,,,0,,0,0,0,0,0,0,0
1894,5,10326,2021-03-04 10:00:00+00:00,10326,2021-03-04 10:00:00+00:00,1,0,,,0,,,0,0,,,1,0,0,1,0,0,,,,,,0,,0,0,0,0,0,0,0
1895,5,10330,2021-03-05 02:00:00+00:00,10330,2021-03-05 02:00:00+00:00,1,0,,,0,,,0,0,,,1,0,0,1,0,0,,,,,,0,,0,0,0,0,0,0,0
1898,5,10334,2021-03-05 18:00:00+00:00,10334,2021-03-05 18:00:00+00:00,1,0,,,0,,,0,0,,,1,0,0,1,0,0,,,,,,0,,0,0,0,0,0,0,0
1901,5,10337,2021-03-08 06:00:00+00:00,10337,2021-03-08 06:00:00+00:00,1,0,,,0,,,0,0,,,1,0,0,1,0,0,,,,,,0,,0,0,0,0,0,0,0
1902,5,10349,2021-03-10 06:00:00+00:00,10349,2021-03-10 06:00:00+00:00,1,0,,,0,,,0,0,,,1,0,1,1,0,0,,,,,,0,,0,0,0,0,0,0,0
1903,5,10351,2021-03-10 14:00:00+00:00,10351,2021-03-10 14:00:00+00:00,1,0,,,0,,,0,0,,,1,0,0,1,0,0,,,,,,0,,0,0,0,0,0,0,0
1904,5,10362,2021-03-12 10:00:00+00:00,10362,2021-03-12 10:00:00+00:00,1,0,,,0,,,0,0,,,1,0,0,1,0,0,,,,,,0,,0,0,0,0,0,0,0
1905,5,10368,2021-03-15 09:00:00+00:00,10371,2021-03-15 21:00:00+00:00,1,1,10371.0,2021-03-15 21:00:00+00:00,0,,,0,0,,,0,0,0,0,0,0,0.6235576304528515,0.6035890823124752,0.6,2.0,1.0,1,0.3305364850872994,1,0,0,1,0,0,1
1907,5,10380,2021-03-17 09:00:00+00:00,10380,2021-03-17 09:00:00+00:00,1,0,,,0,,,0,0,,,1,0,0,1,0,0,,,,,,0,,0,0,0,0,0,0,0
1908,5,10392,2021-03-19 09:00:00+00:00,10396,2021-03-22 01:00:00+00:00,1,0,,,0,,,0,0,,,0,0,0,1,0,0,,,,,,0,,0,0,0,0,0,0,0
1911,5,10402,2021-03-23 01:00:00+00:00,10402,2021-03-23 01:00:00+00:00,1,0,,,0,,,0,0,,,1,0,0,1,0,0,,,,,,0,,0,0,0,0,0,0,0
1917,5,10409,2021-03-24 05:00:00+00:00,10409,2021-03-24 05:00:00+00:00,1,0,,,0,,,0,0,,,1,0,0,1,0,0,,,,,,0,,0,0,0,0,0,0,0
1919,5,10414,2021-03-25 01:00:00+00:00,10414,2021-03-25 01:00:00+00:00,1,0,,,0,,,0,0,,,1,0,0,1,0,0,,,,,,0,,0,0,0,0,0,0,0
1921,5,10422,2021-03-26 09:00:00+00:00,10422,2021-03-26 09:00:00+00:00,1,0,,,0,,,0,0,,,1,0,0,1,0,0,,,,,,0,,0,0,0,0,0,0,0
1922,5,10431,2021-03-29 21:00:00+00:00,10431,2021-03-29 21:00:00+00:00,1,0,,,0,,,0,0,,,1,0,0,1,0,0,,,,,,0,,0,0,0,0,0,0,0
1923,5,10439,2021-03-31 05:00:00+00:00,10439,2021-03-31 05:00:00+00:00,1,0,,,0,,,0,0,,,1,0,0,1,0,0,,,,,,0,,0,0,0,0,0,0,0
1924,5,10448,2021-04-01 17:00:00+00:00,10449,2021-04-01 21:00:00+00:00,1,0,,,0,,,0,0,,,1,0,0,1,0,0,,,,,,0,,0,0,0,0,0,0,0
1925,5,10452,2021-04-02 09:00:00+00:00,10455,2021-04-04 21:00:00+00:00,1,0,,,0,,,0,0,,,0,0,0,1,0,0,,,,,,0,,0,0,0,0,0,0,0
1928,5,10458,2021-04-05 09:00:00+00:00,10458,2021-04-05 09:00:00+00:00,1,0,,,0,,,0,0,,,1,0,0,1,0,0,,,,,,0,,0,0,0,0,0,0,0
1932,5,10463,2021-04-06 05:00:00+00:00,10463,2021-04-06 05:00:00+00:00,1,0,,,0,,,0,0,,,1,0,0,1,0,0,,,,,,0,,0,0,0,0,0,0,0
1935,5,10469,2021-04-07 05:00:00+00:00,10469,2021-04-07 05:00:00+00:00,1,0,,,0,,,0,0,,,1,0,0,1,0,0,,,,,,0,,0,0,0,0,0,0,0
1943,5,10501,2021-04-14 13:00:00+00:00,10502,2021-04-14 17:00:00+00:00,1,0,,,0,,,0,0,,,1,0,0,1,0,0,,,,,,0,,0,0,0,0,0,0,0
1945,5,10514,2021-04-16 17:00:00+00:00,10514,2021-04-16 17:00:00+00:00,1,0,,,0,,,0,0,,,1,0,0,1,0,0,,,,,,0,,0,0,0,0,0,0,0
1947,5,10518,2021-04-19 09:00:00+00:00,10518,2021-04-19 09:00:00+00:00,1,0,,,0,,,0,0,,,1,0,0,1,0,0,,,,,,0,,0,0,0,0,0,0,0
1949,5,10523,2021-04-20 05:00:00+00:00,10524,2021-04-20 09:00:00+00:00,1,0,,,0,,,0,0,,,1,0,0,1,0,0,,,,,,0,,0,0,0,0,0,0,0
1951,5,10530,2021-05-21 05:00:00+00:00,10530,2021-05-21 05:00:00+00:00,1,0,,,0,,,0,0,,,1,0,1,1,0,0,,,,,,0,,0,0,0,0,0,0,0
1952,5,10532,2021-05-21 13:00:00+00:00,10534,2021-05-23 21:00:00+00:00,1,0,,,0,,,0,0,,,1,0,0,1,0,0,,,,,,0,,0,0,0,0,0,0,0
1954,5,10537,2021-05-24 09:00:00+00:00,10542,2021-05-25 05:00:00+00:00,1,1,10540.0,2021-05-24 21:00:00+00:00,0,,,0,0,,,0,0,0,0,0,0,0.35766254588278784,0.9379844961240131,0.8,2.0,1.0,1,0.5292092799242198,0,0,0,1,0,0,1
1958,5,10555,2021-05-27 09:00:00+00:00,10555,2021-05-27 09:00:00+00:00,1,0,,,0,,,0,0,,,1,0,0,1,0,0,,,,,,0,,0,0,0,0,0,0,0
1960,5,10559,2021-05-28 01:00:00+00:00,10560,2021-05-28 05:00:00+00:00,1,0,,,0,,,0,0,,,1,0,0,1,0,0,,,,,,0,,0,0,0,0,0,0,0
1961,5,10570,2021-05-31 21:00:00+00:00,10570,2021-05-31 21:00:00+00:00,1,0,,,0,,,0,0,,,1,0,0,1,0,0,,,,,,0,,0,0,0,0,0,0,0
1962,5,10581,2021-06-02 17:00:00+00:00,10581,2021-06-02 17:00:00+00:00,1,0,,,0,,,0,0,,,1,0,0,1,0,0,,,,,,0,,0,0,0,0,0,0,0
1964,5,10597,2021-06-07 09:00:00+00:00,10597,2021-06-07 09:00:00+00:00,1,0,,,0,,,0,0,,,1,0,0,1,0,0,,,,,,0,,0,0,0,0,0,0,0
1966,5,10603,2021-06-08 09:00:00+00:00,10603,2021-06-08 09:00:00+00:00,1,0,,,0,,,0,0,,,1,0,0,1,0,0,,,,,,0,,0,0,0,0,0,0,0
1970,5,10609,2021-06-09 09:00:00+00:00,10609,2021-06-09 09:00:00+00:00,1,0,,,0,,,0,0,,,1,0,0,1,0,0,,,,,,0,,0,0,0,0,0,0,0
1972,5,10635,2021-06-15 17:00:00+00:00,10637,2021-06-16 01:00:00+00:00,1,0,,,0,,,0,0,,,1,0,1,1,0,0,,,,,,0,,0,0,0,0,0,0,0
1974,5,10639,2021-06-16 09:00:00+00:00,10640,2021-06-16 13:00:00+00:00,1,0,,,0,,,0,0,,,1,0,0,1,0,0,,,,,,0,,0,0,0,0,0,0,0
1976,5,10664,2021-06-22 13:00:00+00:00,10666,2021-06-22 21:00:00+00:00,1,0,,,0,,,0,0,,,1,0,0,1,0,0,,,,,,0,,0,0,0,0,0,0,0
1979,5,10676,2021-06-24 13:00:00+00:00,10679,2021-06-25 01:00:00+00:00,1,1,10679.0,2021-06-25 01:00:00+00:00,0,,,0,0,,,0,0,0,0,0,0,0.7600031656757489,0.1934452438049511,0.4,0.0,3.0,-1,0.49403608048812897,1,1,0,1,1,0,1
1981,5,10682,2021-06-25 13:00:00+00:00,10684,2021-06-27 21:00:00+00:00,1,0,,,0,,,0,0,,,1,0,0,1,0,0,,,,,,0,,0,0,0,0,0,0,0
1984,5,10701,2021-06-30 17:00:00+00:00,10702,2021-06-30 21:00:00+00:00,1,0,,,0,,,0,0,,,1,0,0,1,0,0,,,,,,0,,0,0,0,0,0,0,0
1986,5,10705,2021-07-01 09:00:00+00:00,10705,2021-07-01 09:00:00+00:00,1,0,,,0,,,0,0,,,1,0,0,1,0,0,,,,,,0,,0,0,0,0,0,0,0
1987,5,10712,2021-07-02 13:00:00+00:00,10714,2021-07-04 21:00:00+00:00,1,0,,,0,,,0,0,,,1,0,0,1,0,0,,,,,,0,,0,0,0,0,0,0,0
1989,5,10718,2021-07-05 13:00:00+00:00,10718,2021-07-05 13:00:00+00:00,1,0,,,0,,,0,0,,,1,0,0,1,0,0,,,,,,0,,0,0,0,0,0,0,0
1992,5,10732,2021-07-07 21:00:00+00:00,10733,2021-07-08 01:00:00+00:00,1,0,,,0,,,0,0,,,1,0,0,1,0,0,,,,,,0,,0,0,0,0,0,0,0
1997,5,10741,2021-07-09 09:00:00+00:00,10741,2021-07-09 09:00:00+00:00,1,0,,,0,,,0,0,,,1,0,1,1,0,0,,,,,,0,,0,0,0,0,0,0,0
1998,5,10743,2021-07-09 17:00:00+00:00,10744,2021-07-11 21:00:00+00:00,1,0,,,0,,,0,0,,,1,0,0,1,0,0,,,,,,0,,0,0,0,0,0,0,0
2000,5,10747,2021-07-12 09:00:00+00:00,10747,2021-07-12 09:00:00+00:00,1,0,,,0,,,0,0,,,1,0,0,1,0,0,,,,,,0,,0,0,0,0,0,0,0
2002,5,10770,2021-07-16 05:00:00+00:00,10770,2021-07-16 05:00:00+00:00,1,0,,,0,,,0,0,,,1,0,0,1,0,0,,,,,,0,,0,0,0,0,0,0,0
2004,5,10774,2021-07-18 21:00:00+00:00,10775,2021-07-19 01:00:00+00:00,1,0,,,0,,,0,0,,,1,0,0,1,0,0,,,,,,0,,0,0,0,0,0,0,0
2006,5,10795,2021-07-22 09:00:00+00:00,10798,2021-07-22 21:00:00+00:00,1,0,,,0,,,0,0,,,0,0,0,1,0,0,,,,,,0,,0,0,0,0,0,0,0
2010,5,10814,2021-07-27 13:00:00+00:00,10816,2021-07-27 21:00:00+00:00,1,0,,,0,,,0,0,,,1,0,0,1,0,0,,,,,,0,,0,0,0,0,0,0,0
2013,5,10820,2021-07-28 13:00:00+00:00,10820,2021-07-28 13:00:00+00:00,1,0,,,0,,,0,0,,,1,0,0,1,0,0,,,,,,0,,0,0,0,0,0,0,0
2016,5,10837,2021-08-02 09:00:00+00:00,10841,2021-08-03 01:00:00+00:00,1,1,10841.0,2021-08-03 01:00:00+00:00,1,10841.0,2021-08-03 01:00:00+00:00,1,0,10841.0,2021-08-03 01:00:00+00:00,0,0,0,0,0,1,0.47546725984335964,0.9350364963503579,0.4,1.0,0.0,1,0.6339679844424291,0,0,0,0,0,0,0
2018,5,10844,2021-08-03 13:00:00+00:00,10844,2021-08-03 13:00:00+00:00,1,0,,,0,,,0,0,,,1,0,0,1,0,0,,,,,,0,,0,0,0,0,0,0,0
2021,5,10848,2021-08-04 05:00:00+00:00,10848,2021-08-04 05:00:00+00:00,1,0,,,0,,,0,0,,,1,0,0,1,0,0,,,,,,0,,0,0,0,0,0,0,0
2023,5,10855,2021-08-05 09:00:00+00:00,10855,2021-08-05 09:00:00+00:00,1,0,,,0,,,0,0,,,1,0,0,1,0,0,,,,,,0,,0,0,0,0,0,0,0
2025,5,10897,2021-08-16 09:00:00+00:00,10897,2021-08-16 09:00:00+00:00,1,0,,,0,,,0,0,,,1,0,1,1,0,0,,,,,,0,,0,0,0,0,0,0,0
2026,5,10899,2021-08-16 17:00:00+00:00,10900,2021-08-16 21:00:00+00:00,1,0,,,0,,,0,0,,,1,0,0,1,0,0,,,,,,0,,0,0,0,0,0,0,0
2028,5,10903,2021-08-17 09:00:00+00:00,10903,2021-08-17 09:00:00+00:00,1,0,,,0,,,0,0,,,1,0,0,1,0,0,,,,,,0,,0,0,0,0,0,0,0
2029,5,10914,2021-08-19 05:00:00+00:00,10915,2021-08-19 09:00:00+00:00,1,0,,,0,,,0,0,,,1,0,0,1,0,0,,,,,,0,,0,0,0,0,0,0,0
2035,5,10926,2021-08-23 05:00:00+00:00,10926,2021-08-23 05:00:00+00:00,1,0,,,0,,,0,0,,,1,0,0,1,0,0,,,,,,0,,0,0,0,0,0,0,0
2036,5,10935,2021-08-24 17:00:00+00:00,10935,2021-08-24 17:00:00+00:00,1,0,,,0,,,0,0,,,1,0,0,1,0,0,,,,,,0,,0,0,0,0,0,0,0
2041,5,10960,2021-08-30 21:00:00+00:00,10960,2021-08-30 21:00:00+00:00,1,0,,,0,,,0,0,,,1,0,0,1,0,0,,,,,,0,,0,0,0,0,0,0,0
2043,5,10970,2021-09-01 13:00:00+00:00,10972,2021-09-01 21:00:00+00:00,1,0,,,0,,,0,0,,,1,0,0,1,0,0,,,,,,0,,0,0,0,0,0,0,0
2045,5,10975,2021-09-02 09:00:00+00:00,10975,2021-09-02 09:00:00+00:00,1,0,,,0,,,0,0,,,1,0,0,1,0,0,,,,,,0,,0,0,0,0,0,0,0
2046,5,10989,2021-09-06 17:00:00+00:00,10991,2021-09-07 01:00:00+00:00,1,0,,,0,,,0,0,,,1,0,0,1,0,0,,,,,,0,,0,0,0,0,0,0,0
2047,5,10999,2021-09-08 09:00:00+00:00,10999,2021-09-08 09:00:00+00:00,1,0,,,0,,,0,0,,,1,0,0,1,0,0,,,,,,0,,0,0,0,0,0,0,0
2049,5,11041,2021-09-17 09:00:00+00:00,11041,2021-09-17 09:00:00+00:00,1,0,,,0,,,0,0,,,1,0,0,1,0,0,,,,,,0,,0,0,0,0,0,0,0
2050,5,11051,2021-09-21 01:00:00+00:00,11051,2021-09-21 01:00:00+00:00,1,0,,,0,,,0,0,,,1,0,0,1,0,0,,,,,,0,,0,0,0,0,0,0,0
2051,5,11059,2021-09-22 09:00:00+00:00,11060,2021-09-22 13:00:00+00:00,1,0,,,0,,,0,0,,,1,0,0,1,0,0,,,,,,0,,0,0,0,0,0,0,0
2052,5,11077,2021-09-27 09:00:00+00:00,11077,2021-09-27 09:00:00+00:00,1,0,,,0,,,0,0,,,1,0,0,1,0,0,,,,,,0,,0,0,0,0,0,0,0
2054,5,11101,2021-10-01 09:00:00+00:00,11101,2021-10-01 09:00:00+00:00,1,0,,,0,,,0,0,,,1,0,0,1,0,0,,,,,,0,,0,0,0,0,0,0,0
2055,5,11104,2021-10-03 21:00:00+00:00,11104,2021-10-03 21:00:00+00:00,1,0,,,0,,,0,0,,,1,0,0,1,0,0,,,,,,0,,0,0,0,0,0,0,0
2057,5,11107,2021-10-04 09:00:00+00:00,11107,2021-10-04 09:00:00+00:00,1,0,,,0,,,0,0,,,1,0,1,1,0,0,,,,,,0,,0,0,0,0,0,0,0
2058,5,11109,2021-10-04 17:00:00+00:00,11111,2021-10-05 01:00:00+00:00,1,0,,,0,,,0,0,,,1,0,0,1,0,0,,,,,,0,,0,0,0,0,0,0,0
2065,5,11121,2021-10-06 17:00:00+00:00,11121,2021-10-06 17:00:00+00:00,1,0,,,0,,,0,0,,,1,0,0,1,0,0,,,,,,0,,0,0,0,0,0,0,0
2068,5,11129,2021-10-08 01:00:00+00:00,11129,2021-10-08 01:00:00+00:00,1,0,,,0,,,0,0,,,1,0,0,1,0,0,,,,,,0,,0,0,0,0,0,0,0
2069,5,11137,2021-10-11 09:00:00+00:00,11141,2021-10-12 01:00:00+00:00,1,0,,,0,,,0,0,,,0,0,0,1,0,0,,,,,,0,,0,0,0,0,0,0,0
2071,5,11148,2021-10-13 05:00:00+00:00,11148,2021-10-13 05:00:00+00:00,1,0,,,0,,,0,0,,,1,0,0,1,0,0,,,,,,0,,0,0,0,0,0,0,0
2073,5,11167,2021-10-18 09:00:00+00:00,11169,2021-10-18 17:00:00+00:00,1,0,,,0,,,0,0,,,1,0,0,1,0,0,,,,,,0,,0,0,0,0,0,0,0
2076,5,11175,2021-10-19 17:00:00+00:00,11177,2021-10-20 01:00:00+00:00,1,0,,,0,,,0,0,,,1,0,0,1,0,0,,,,,,0,,0,0,0,0,0,0,0
2080,5,11182,2021-10-20 21:00:00+00:00,11182,2021-10-20 21:00:00+00:00,1,0,,,0,,,0,0,,,1,0,0,1,0,0,,,,,,0,,0,0,0,0,0,0,0
2085,5,11209,2021-10-27 09:00:00+00:00,11209,2021-10-27 09:00:00+00:00,1,0,,,0,,,0,0,,,1,0,1,1,0,0,,,,,,0,,0,0,0,0,0,0,0
2086,5,11211,2021-10-27 17:00:00+00:00,11212,2021-10-27 21:00:00+00:00,1,0,,,0,,,0,0,,,1,0,0,1,0,0,,,,,,0,,0,0,0,0,0,0,0
2090,5,11229,2021-11-01 17:00:00+00:00,11229,2021-11-01 17:00:00+00:00,1,0,,,0,,,0,0,,,1,0,0,1,0,0,,,,,,0,,0,0,0,0,0,0,0
2092,5,11233,2021-11-02 09:00:00+00:00,11235,2021-11-02 17:00:00+00:00,1,0,,,0,,,0,0,,,1,0,0,1,0,0,,,,,,0,,0,0,0,0,0,0,0
2097,5,11250,2021-11-05 05:00:00+00:00,11250,2021-11-05 05:00:00+00:00,1,0,,,0,,,0,0,,,1,0,0,1,0,0,,,,,,0,,0,0,0,0,0,0,0
2099,5,11262,2021-11-09 06:00:00+00:00,11262,2021-11-09 06:00:00+00:00,1,0,,,0,,,0,0,,,1,0,0,1,0,0,,,,,,0,,0,0,0,0,0,0,0
2100,5,11275,2021-11-11 10:00:00+00:00,11275,2021-11-11 10:00:00+00:00,1,0,,,0,,,0,0,,,1,0,0,1,0,0,,,,,,0,,0,0,0,0,0,0,0
2102,5,11279,2021-11-12 02:00:00+00:00,11279,2021-11-12 02:00:00+00:00,1,0,,,0,,,0,0,,,1,0,0,1,0,0,,,,,,0,,0,0,0,0,0,0,0
2107,5,11313,2021-11-19 18:00:00+00:00,11313,2021-11-19 18:00:00+00:00,1,0,,,0,,,0,0,,,1,0,0,1,0,0,,,,,,0,,0,0,0,0,0,0,0
2109,5,11328,2021-11-24 06:00:00+00:00,11329,2021-11-24 10:00:00+00:00,1,0,,,0,,,0,0,,,1,0,0,1,0,0,,,,,,0,,0,0,0,0,0,0,0
2110,5,11338,2021-11-25 22:00:00+00:00,11338,2021-11-25 22:00:00+00:00,1,0,,,0,,,0,0,,,1,0,0,1,0,0,,,,,,0,,0,0,0,0,0,0,0
2111,5,11349,2021-11-29 18:00:00+00:00,11350,2021-11-29 22:00:00+00:00,1,0,,,0,,,0,0,,,1,0,0,1,0,0,,,,,,0,,0,0,0,0,0,0,0
2113,5,11353,2021-11-30 10:00:00+00:00,11353,2021-11-30 10:00:00+00:00,1,0,,,0,,,0,0,,,1,0,0,1,0,0,,,,,,0,,0,0,0,0,0,0,0
2114,5,11362,2021-12-01 22:00:00+00:00,11362,2021-12-01 22:00:00+00:00,1,0,,,0,,,0,0,,,1,0,0,1,0,0,,,,,,0,,0,0,0,0,0,0,0
2115,5,11367,2021-12-02 18:00:00+00:00,11367,2021-12-02 18:00:00+00:00,1,0,,,0,,,0,0,,,1,0,0,1,0,0,,,,,,0,,0,0,0,0,0,0,0
2119,5,11375,2021-12-06 02:00:00+00:00,11375,2021-12-06 02:00:00+00:00,1,0,,,0,,,0,0,,,1,0,1,1,0,0,,,,,,0,,0,0,0,0,0,0,0
2122,5,11377,2021-12-06 10:00:00+00:00,11382,2021-12-07 06:00:00+00:00,1,1,11380.0,2021-12-06 22:00:00+00:00,0,,,0,0,,,0,0,0,0,0,0,0.5104051811509439,0.721901091843296,0.6,1.0,2.0,-1,0.392257954937799,0,0,0,1,0,0,1
2127,5,11385,2021-12-07 18:00:00+00:00,11386,2021-12-07 22:00:00+00:00,1,0,,,0,,,0,0,,,1,0,0,1,0,0,,,,,,0,,0,0,0,0,0,0,0
2132,5,11389,2021-12-08 10:00:00+00:00,11389,2021-12-08 10:00:00+00:00,1,0,,,0,,,0,0,,,1,0,0,1,0,0,,,,,,0,,0,0,0,0,0,0,0
2133,5,11396,2021-12-09 14:00:00+00:00,11396,2021-12-09 14:00:00+00:00,1,0,,,0,,,0,0,,,1,0,0,1,0,0,,,,,,0,,0,0,0,0,0,0,0
2135,5,11399,2021-12-10 02:00:00+00:00,11399,2021-12-10 02:00:00+00:00,1,0,,,0,,,0,0,,,1,0,0,1,0,0,,,,,,0,,0,0,0,0,0,0,0
2140,5,11408,2021-12-13 14:00:00+00:00,11408,2021-12-13 14:00:00+00:00,1,0,,,0,,,0,0,,,1,0,0,1,0,0,,,,,,0,,0,0,0,0,0,0,0
2141,5,11412,2021-12-14 06:00:00+00:00,11412,2021-12-14 06:00:00+00:00,1,0,,,0,,,0,0,,,1,0,0,1,0,0,,,,,,0,,0,0,0,0,0,0,0
2142,5,11419,2021-12-15 10:00:00+00:00,11419,2021-12-15 10:00:00+00:00,1,0,,,0,,,0,0,,,1,0,0,1,0,0,,,,,,0,,0,0,0,0,0,0,0
2144,5,11442,2021-12-21 06:00:00+00:00,11442,2021-12-21 06:00:00+00:00,1,0,,,0,,,0,0,,,1,0,0,1,0,0,,,,,,0,,0,0,0,0,0,0,0
2148,5,11474,2021-12-29 14:00:00+00:00,11477,2021-12-30 02:00:00+00:00,1,0,,,0,,,0,0,,,0,0,0,1,0,0,,,,,,0,,0,0,0,0,0,0,0
2150,5,11497,2022-01-04 10:00:00+00:00,11497,2022-01-04 10:00:00+00:00,1,0,,,0,,,0,0,,,1,0,0,1,0,0,,,,,,0,,0,0,0,0,0,0,0
2152,5,11535,2022-01-12 18:00:00+00:00,11535,2022-01-12 18:00:00+00:00,1,0,,,0,,,0,0,,,1,0,0,1,0,0,,,,,,0,,0,0,0,0,0,0,0
2153,5,11539,2022-01-13 10:00:00+00:00,11539,2022-01-13 10:00:00+00:00,1,0,,,0,,,0,0,,,1,0,0,1,0,0,,,,,,0,,0,0,0,0,0,0,0
2154,5,11545,2022-01-14 10:00:00+00:00,11545,2022-01-14 10:00:00+00:00,1,0,,,0,,,0,0,,,1,0,1,1,0,0,,,,,,0,,0,0,0,0,0,0,0
2155,5,11547,2022-01-14 18:00:00+00:00,11547,2022-01-14 18:00:00+00:00,1,0,,,0,,,0,0,,,1,0,0,1,0,0,,,,,,0,,0,0,0,0,0,0,0
2158,5,11554,2022-01-17 22:00:00+00:00,11554,2022-01-17 22:00:00+00:00,1,0,,,0,,,0,0,,,1,0,0,1,0,0,,,,,,0,,0,0,0,0,0,0,0
2160,5,11570,2022-01-20 14:00:00+00:00,11573,2022-01-21 02:00:00+00:00,1,1,11573.0,2022-01-21 02:00:00+00:00,1,11573.0,2022-01-21 02:00:00+00:00,1,0,11573.0,2022-01-21 02:00:00+00:00,0,0,0,0,0,1,0.5195762454545426,0.6257480862908764,0.4,0.0,2.0,-1,0.625134970646049,0,0,0,0,0,0,0
2162,5,11577,2022-01-21 18:00:00+00:00,11578,2022-01-23 22:00:00+00:00,1,0,,,0,,,0,0,,,1,0,0,1,0,0,,,,,,0,,0,0,0,0,0,0,0
2168,5,11601,2022-01-27 18:00:00+00:00,11602,2022-01-27 22:00:00+00:00,1,0,,,0,,,0,0,,,1,0,0,1,0,0,,,,,,0,,0,0,0,0,0,0,0
2169,5,11607,2022-01-28 18:00:00+00:00,11607,2022-01-28 18:00:00+00:00,1,0,,,0,,,0,0,,,1,0,1,1,0,0,,,,,,0,,0,0,0,0,0,0,0
2171,5,11609,2022-01-31 02:00:00+00:00,11609,2022-01-31 02:00:00+00:00,1,0,,,0,,,0,0,,,1,0,0,1,0,0,,,,,,0,,0,0,0,0,0,0,0
2172,5,11612,2022-01-31 14:00:00+00:00,11613,2022-01-31 18:00:00+00:00,1,0,,,0,,,0,0,,,1,0,0,1,0,0,,,,,,0,,0,0,0,0,0,0,0
2175,5,11618,2022-02-01 14:00:00+00:00,11621,2022-02-02 02:00:00+00:00,1,0,,,0,,,0,0,,,0,0,0,1,0,0,,,,,,0,,0,0,0,0,0,0,0
2178,5,11627,2022-02-03 02:00:00+00:00,11627,2022-02-03 02:00:00+00:00,1,0,,,0,,,0,0,,,1,0,0,1,0,0,,,,,,0,,0,0,0,0,0,0,0
2181,5,11655,2022-02-09 18:00:00+00:00,11656,2022-02-09 22:00:00+00:00,1,0,,,0,,,0,0,,,1,0,0,1,0,0,,,,,,0,,0,0,0,0,0,0,0
2187,5,11683,2022-02-16 10:00:00+00:00,11683,2022-02-16 10:00:00+00:00,1,0,,,0,,,0,0,,,1,0,0,1,0,0,,,,,,0,,0,0,0,0,0,0,0
2188,5,11695,2022-02-18 10:00:00+00:00,11695,2022-02-18 10:00:00+00:00,1,0,,,0,,,0,0,,,1,0,0,1,0,0,,,,,,0,,0,0,0,0,0,0,0
2190,5,11726,2022-02-25 14:00:00+00:00,11726,2022-02-25 14:00:00+00:00,1,0,,,0,,,0,0,,,1,0,0,1,0,0,,,,,,0,,0,0,0,0,0,0,0
2191,5,11733,2022-02-28 18:00:00+00:00,11734,2022-02-28 22:00:00+00:00,1,0,,,0,,,0,0,,,1,0,0,1,0,0,,,,,,0,,0,0,0,0,0,0,0
2197,5,11747,2022-03-03 02:00:00+00:00,11748,2022-03-03 06:00:00+00:00,1,0,,,0,,,0,0,,,1,0,0,1,0,0,,,,,,0,,0,0,0,0,0,0,0
2199,5,11751,2022-03-03 18:00:00+00:00,11751,2022-03-03 18:00:00+00:00,1,0,,,0,,,0,0,,,1,0,0,1,0,0,,,,,,0,,0,0,0,0,0,0,0
2202,5,11755,2022-03-04 10:00:00+00:00,11755,2022-03-04 10:00:00+00:00,1,0,,,0,,,0,0,,,1,0,0,1,0,0,,,,,,0,,0,0,0,0,0,0,0
2204,5,11761,2022-03-07 10:00:00+00:00,11761,2022-03-07 10:00:00+00:00,1,0,,,0,,,0,0,,,1,0,0,1,0,0,,,,,,0,,0,0,0,0,0,0,0
2206,5,11781,2022-03-10 18:00:00+00:00,11781,2022-03-10 18:00:00+00:00,1,0,,,0,,,0,0,,,1,0,1,1,0,0,,,,,,0,,0,0,0,0,0,0,0
2208,5,11783,2022-03-11 02:00:00+00:00,11784,2022-03-11 06:00:00+00:00,1,0,,,0,,,0,0,,,1,0,1,1,0,0,,,,,,0,,0,0,0,0,0,0,0
2209,5,11786,2022-03-11 14:00:00+00:00,11788,2022-03-13 21:00:00+00:00,1,0,,,0,,,0,0,,,1,0,0,1,0,0,,,,,,0,,0,0,0,0,0,0,0
2214,5,11803,2022-03-16 09:00:00+00:00,11803,2022-03-16 09:00:00+00:00,1,0,,,0,,,0,0,,,1,0,0,1,0,0,,,,,,0,,0,0,0,0,0,0,0
2215,5,11815,2022-03-18 09:00:00+00:00,11815,2022-03-18 09:00:00+00:00,1,0,,,0,,,0,0,,,1,0,0,1,0,0,,,,,,0,,0,0,0,0,0,0,0
2216,5,11818,2022-03-20 21:00:00+00:00,11819,2022-03-21 01:00:00+00:00,1,0,,,0,,,0,0,,,1,0,1,1,0,0,,,,,,0,,0,0,0,0,0,0,0
2218,5,11821,2022-03-21 09:00:00+00:00,11821,2022-03-21 09:00:00+00:00,1,0,,,0,,,0,0,,,1,0,0,1,0,0,,,,,,0,,0,0,0,0,0,0,0
2221,5,11837,2022-03-24 01:00:00+00:00,11837,2022-03-24 01:00:00+00:00,1,0,,,0,,,0,0,,,1,0,0,1,0,0,,,,,,0,,0,0,0,0,0,0,0
2223,5,11841,2022-03-24 17:00:00+00:00,11841,2022-03-24 17:00:00+00:00,1,0,,,0,,,0,0,,,1,0,0,1,0,0,,,,,,0,,0,0,0,0,0,0,0
2226,5,11852,2022-03-28 13:00:00+00:00,11852,2022-03-28 13:00:00+00:00,1,0,,,0,,,0,0,,,1,0,0,1,0,0,,,,,,0,,0,0,0,0,0,0,0
2227,5,11869,2022-03-31 09:00:00+00:00,11869,2022-03-31 09:00:00+00:00,1,0,,,0,,,0,0,,,1,0,0,1,0,0,,,,,,0,,0,0,0,0,0,0,0
2228,5,11877,2022-04-01 17:00:00+00:00,11877,2022-04-01 17:00:00+00:00,1,0,,,0,,,0,0,,,1,0,0,1,0,0,,,,,,0,,0,0,0,0,0,0,0
2229,5,11880,2022-04-04 05:00:00+00:00,11883,2022-04-04 17:00:00+00:00,1,0,,,0,,,0,0,,,0,0,1,1,0,0,,,,,,0,,0,0,0,0,0,0,0
2232,5,11885,2022-04-05 01:00:00+00:00,11887,2022-04-05 09:00:00+00:00,1,0,,,0,,,0,0,,,1,0,0,1,0,0,,,,,,0,,0,0,0,0,0,0,0
2234,5,11894,2022-04-06 13:00:00+00:00,11896,2022-04-06 21:00:00+00:00,1,0,,,0,,,0,0,,,1,0,0,1,0,0,,,,,,0,,0,0,0,0,0,0,0
2236,5,11901,2022-04-07 17:00:00+00:00,11901,2022-04-07 17:00:00+00:00,1,0,,,0,,,0,0,,,1,0,0,1,0,0,,,,,,0,,0,0,0,0,0,0,0
2239,5,11904,2022-04-08 05:00:00+00:00,11904,2022-04-08 05:00:00+00:00,1,0,,,0,,,0,0,,,1,0,0,1,0,0,,,,,,0,,0,0,0,0,0,0,0
2242,5,11908,2022-04-10 21:00:00+00:00,11909,2022-04-11 01:00:00+00:00,1,0,,,0,,,0,0,,,1,0,0,1,0,0,,,,,,0,,0,0,0,0,0,0,0
2243,5,11925,2022-04-13 17:00:00+00:00,11925,2022-04-13 17:00:00+00:00,1,0,,,0,,,0,0,,,1,0,1,1,0,0,,,,,,0,,0,0,0,0,0,0,0
2245,5,11927,2022-04-14 01:00:00+00:00,11927,2022-04-14 01:00:00+00:00,1,0,,,0,,,0,0,,,1,0,0,1,0,0,,,,,,0,,0,0,0,0,0,0,0
2246,5,11948,2022-04-20 13:00:00+00:00,11948,2022-04-20 13:00:00+00:00,1,0,,,0,,,0,0,,,1,0,0,1,0,0,,,,,,0,,0,0,0,0,0,0,0
2248,5,11951,2022-04-21 01:00:00+00:00,11952,2022-04-21 05:00:00+00:00,1,0,,,0,,,0,0,,,1,0,0,1,0,0,,,,,,0,,0,0,0,0,0,0,0
2250,5,11956,2022-04-21 21:00:00+00:00,11957,2022-04-22 01:00:00+00:00,1,0,,,0,,,0,0,,,1,0,0,1,0,0,,,,,,0,,0,0,0,0,0,0,0
2252,5,11968,2022-04-25 21:00:00+00:00,11968,2022-04-25 21:00:00+00:00,1,0,,,0,,,0,0,,,1,0,0,1,0,0,,,,,,0,,0,0,0,0,0,0,0
2254,5,11972,2022-04-26 13:00:00+00:00,11975,2022-04-27 01:00:00+00:00,1,1,11975.0,2022-04-27 01:00:00+00:00,0,,,0,0,,,0,0,0,0,1,0,0.4425838108480713,0.8611473272490192,0.4,0.0,2.0,-1,0.41463631182973315,0,0,0,1,0,1,1
2257,5,11991,2022-04-29 17:00:00+00:00,11991,2022-04-29 17:00:00+00:00,1,0,,,0,,,0,0,,,1,0,0,1,0,0,,,,,,0,,0,0,0,0,0,0,0
2259,5,12007,2022-05-04 09:00:00+00:00,12008,2022-05-04 13:00:00+00:00,1,0,,,0,,,0,0,,,1,0,0,1,0,0,,,,,,0,,0,0,0,0,0,0,0
2260,5,12015,2022-05-05 17:00:00+00:00,12015,2022-05-05 17:00:00+00:00,1,0,,,0,,,0,0,,,1,0,0,1,0,0,,,,,,0,,0,0,0,0,0,0,0
2261,5,12031,2022-05-10 09:00:00+00:00,12031,2022-05-10 09:00:00+00:00,1,0,,,0,,,0,0,,,1,0,0,1,0,0,,,,,,0,,0,0,0,0,0,0,0
2263,5,12037,2022-05-11 09:00:00+00:00,12037,2022-05-11 09:00:00+00:00,1,0,,,0,,,0,0,,,1,0,0,1,0,0,,,,,,0,,0,0,0,0,0,0,0
2265,5,12040,2022-05-11 21:00:00+00:00,12040,2022-05-11 21:00:00+00:00,1,0,,,0,,,0,0,,,1,0,0,1,0,0,,,,,,0,,0,0,0,0,0,0,0
2268,5,12049,2022-05-13 09:00:00+00:00,12049,2022-05-13 09:00:00+00:00,1,0,,,0,,,0,0,,,1,0,0,1,0,0,,,,,,0,,0,0,0,0,0,0,0
2269,5,12067,2022-05-18 09:00:00+00:00,12067,2022-05-18 09:00:00+00:00,1,0,,,0,,,0,0,,,1,0,0,1,0,0,,,,,,0,,0,0,0,0,0,0,0
2270,5,12072,2022-05-19 05:00:00+00:00,12072,2022-05-19 05:00:00+00:00,1,0,,,0,,,0,0,,,1,0,0,1,0,0,,,,,,0,,0,0,0,0,0,0,0
2272,5,12090,2022-05-24 05:00:00+00:00,12090,2022-05-24 05:00:00+00:00,1,0,,,0,,,0,0,,,1,0,0,1,0,0,,,,,,0,,0,0,0,0,0,0,0
2273,5,12104,2022-05-26 13:00:00+00:00,12106,2022-05-26 21:00:00+00:00,1,0,,,0,,,0,0,,,1,0,0,1,0,0,,,,,,0,,0,0,0,0,0,0,0
2275,5,12109,2022-05-27 09:00:00+00:00,12113,2022-05-30 01:00:00+00:00,1,0,,,0,,,0,0,,,0,0,0,1,0,0,,,,,,0,,0,0,0,0,0,0,0
2279,5,12121,2022-05-31 09:00:00+00:00,12121,2022-05-31 09:00:00+00:00,1,0,,,0,,,0,0,,,1,0,0,1,0,0,,,,,,0,,0,0,0,0,0,0,0
2280,5,12127,2022-06-01 09:00:00+00:00,12127,2022-06-01 09:00:00+00:00,1,0,,,0,,,0,0,,,1,0,1,1,0,0,,,,,,0,,0,0,0,0,0,0,0
2281,5,12129,2022-06-01 17:00:00+00:00,12129,2022-06-01 17:00:00+00:00,1,0,,,0,,,0,0,,,1,0,0,1,0,0,,,,,,0,,0,0,0,0,0,0,0
2283,5,12142,2022-06-05 21:00:00+00:00,12142,2022-06-05 21:00:00+00:00,1,0,,,0,,,0,0,,,1,0,0,1,0,0,,,,,,0,,0,0,0,0,0,0,0
2289,5,12202,2022-06-19 21:00:00+00:00,12203,2022-06-20 01:00:00+00:00,1,0,,,0,,,0,0,,,1,0,1,1,0,0,,,,,,0,,0,0,0,0,0,0,0
2291,5,12205,2022-06-20 09:00:00+00:00,12209,2022-06-21 01:00:00+00:00,1,1,12209.0,2022-06-21 01:00:00+00:00,1,12209.0,2022-06-21 01:00:00+00:00,1,0,12209.0,2022-06-21 01:00:00+00:00,0,0,0,0,0,1,0.3990984148761424,0.9083633453381359,0.8,1.0,2.0,-1,0.6306499742754355,0,0,0,0,0,0,1
2294,5,12211,2022-06-21 09:00:00+00:00,12212,2022-06-21 13:00:00+00:00,1,0,,,0,,,0,0,,,1,0,0,1,0,0,,,,,,0,,0,0,0,0,0,0,0
2298,5,12218,2022-06-22 13:00:00+00:00,12220,2022-06-22 21:00:00+00:00,1,0,,,0,,,0,0,,,1,0,0,1,0,0,,,,,,0,,0,0,0,0,0,0,0
2301,5,12229,2022-06-24 09:00:00+00:00,12229,2022-06-24 09:00:00+00:00,1,0,,,0,,,0,0,,,1,0,0,1,0,0,,,,,,0,,0,0,0,0,0,0,0
2302,5,12237,2022-06-27 17:00:00+00:00,12237,2022-06-27 17:00:00+00:00,1,0,,,0,,,0,0,,,1,0,0,1,0,0,,,,,,0,,0,0,0,0,0,0,0
2308,5,12256,2022-06-30 21:00:00+00:00,12256,2022-06-30 21:00:00+00:00,1,0,,,0,,,0,0,,,1,0,0,1,0,0,,,,,,0,,0,0,0,0,0,0,0
2310,5,12266,2022-07-04 13:00:00+00:00,12267,2022-07-04 17:00:00+00:00,1,0,,,0,,,0,0,,,1,0,0,1,0,0,,,,,,0,,0,0,0,0,0,0,0
2312,5,12284,2022-07-07 13:00:00+00:00,12286,2022-07-07 21:00:00+00:00,1,0,,,0,,,0,0,,,1,0,0,1,0,0,,,,,,0,,0,0,0,0,0,0,0
2314,5,12296,2022-07-11 13:00:00+00:00,12298,2022-07-11 21:00:00+00:00,1,0,,,0,,,0,0,,,1,0,0,1,0,0,,,,,,0,,0,0,0,0,0,0,0
2316,5,12304,2022-07-12 21:00:00+00:00,12304,2022-07-12 21:00:00+00:00,1,0,,,0,,,0,0,,,1,0,0,1,0,0,,,,,,0,,0,0,0,0,0,0,0
2321,5,12337,2022-07-20 09:00:00+00:00,12337,2022-07-20 09:00:00+00:00,1,0,,,0,,,0,0,,,1,0,0,1,0,0,,,,,,0,,0,0,0,0,0,0,0
2322,5,12340,2022-07-20 21:00:00+00:00,12340,2022-07-20 21:00:00+00:00,1,0,,,0,,,0,0,,,1,0,0,1,0,0,,,,,,0,,0,0,0,0,0,0,0
2323,5,12360,2022-07-26 05:00:00+00:00,12363,2022-07-26 17:00:00+00:00,1,0,,,0,,,0,0,,,0,0,0,1,0,0,,,,,,0,,0,0,0,0,0,0,0
2325,5,12367,2022-07-27 09:00:00+00:00,12367,2022-07-27 09:00:00+00:00,1,0,,,0,,,0,0,,,1,0,0,1,0,0,,,,,,0,,0,0,0,0,0,0,0
2327,5,12376,2022-07-28 21:00:00+00:00,12376,2022-07-28 21:00:00+00:00,1,0,,,0,,,0,0,,,1,0,0,1,0,0,,,,,,0,,0,0,0,0,0,0,0
2328,5,12380,2022-07-29 13:00:00+00:00,12381,2022-07-29 17:00:00+00:00,1,0,,,0,,,0,0,,,1,0,0,1,0,0,,,,,,0,,0,0,0,0,0,0,0
2330,5,12398,2022-08-03 13:00:00+00:00,12399,2022-08-03 17:00:00+00:00,1,0,,,0,,,0,0,,,1,0,0,1,0,0,,,,,,0,,0,0,0,0,0,0,0
2331,5,12407,2022-08-05 01:00:00+00:00,12407,2022-08-05 01:00:00+00:00,1,0,,,0,,,0,0,,,1,0,0,1,0,0,,,,,,0,,0,0,0,0,0,0,0
2334,5,12421,2022-08-09 09:00:00+00:00,12421,2022-08-09 09:00:00+00:00,1,0,,,0,,,0,0,,,1,0,0,1,0,0,,,,,,0,,0,0,0,0,0,0,0
2335,5,12433,2022-08-11 09:00:00+00:00,12437,2022-08-12 01:00:00+00:00,1,1,12437.0,2022-08-12 01:00:00+00:00,0,,,0,0,,,0,0,1,0,0,0,0.5748203188029485,0.628718669477632,0.4,0.0,3.0,-1,0.565265557459054,1,0,0,1,0,0,1
2337,5,12439,2022-08-12 09:00:00+00:00,12439,2022-08-12 09:00:00+00:00,1,0,,,0,,,0,0,,,1,0,0,1,0,0,,,,,,0,,0,0,0,0,0,0,0
2342,5,12452,2022-08-16 13:00:00+00:00,12453,2022-08-16 17:00:00+00:00,1,0,,,0,,,0,0,,,1,0,0,1,0,0,,,,,,0,,0,0,0,0,0,0,0
2346,5,12471,2022-08-19 17:00:00+00:00,12472,2022-08-21 21:00:00+00:00,1,0,,,0,,,0,0,,,1,0,0,1,0,0,,,,,,0,,0,0,0,0,0,0,0
2348,5,12495,2022-08-25 17:00:00+00:00,12495,2022-08-25 17:00:00+00:00,1,0,,,0,,,0,0,,,1,0,0,1,0,0,,,,,,0,,0,0,0,0,0,0,0
2349,5,12505,2022-08-29 09:00:00+00:00,12505,2022-08-29 09:00:00+00:00,1,0,,,0,,,0,0,,,1,0,0,1,0,0,,,,,,0,,0,0,0,0,0,0,0
2350,5,12511,2022-08-30 09:00:00+00:00,12511,2022-08-30 09:00:00+00:00,1,0,,,0,,,0,0,,,1,0,0,1,0,0,,,,,,0,,0,0,0,0,0,0,0
2351,5,12518,2022-08-31 13:00:00+00:00,12518,2022-08-31 13:00:00+00:00,1,0,,,0,,,0,0,,,1,0,0,1,0,0,,,,,,0,,0,0,0,0,0,0,0
2352,5,12535,2022-09-05 09:00:00+00:00,12535,2022-09-05 09:00:00+00:00,1,0,,,0,,,0,0,,,1,0,0,1,0,0,,,,,,0,,0,0,0,0,0,0,0
2355,5,12577,2022-09-14 09:00:00+00:00,12578,2022-09-14 13:00:00+00:00,1,0,,,0,,,0,0,,,1,0,0,1,0,0,,,,,,0,,0,0,0,0,0,0,0
2356,5,12593,2022-09-19 01:00:00+00:00,12593,2022-09-19 01:00:00+00:00,1,0,,,0,,,0,0,,,1,0,0,1,0,0,,,,,,0,,0,0,0,0,0,0,0
2358,5,12597,2022-09-19 17:00:00+00:00,12599,2022-09-20 01:00:00+00:00,1,0,,,0,,,0,0,,,1,0,0,1,0,0,,,,,,0,,0,0,0,0,0,0,0
2363,5,12625,2022-09-26 09:00:00+00:00,12626,2022-09-26 13:00:00+00:00,1,0,,,0,,,0,0,,,1,0,0,1,0,0,,,,,,0,,0,0,0,0,0,0,0
2366,5,12633,2022-09-27 17:00:00+00:00,12634,2022-09-27 21:00:00+00:00,1,0,,,0,,,0,0,,,1,0,0,1,0,0,,,,,,0,,0,0,0,0,0,0,0
2368,5,12647,2022-09-30 01:00:00+00:00,12647,2022-09-30 01:00:00+00:00,1,0,,,0,,,0,0,,,1,0,1,1,0,0,,,,,,0,,0,0,0,0,0,0,0
2369,5,12649,2022-09-30 09:00:00+00:00,12652,2022-10-02 21:00:00+00:00,1,1,12652.0,2022-10-02 21:00:00+00:00,0,,,0,0,,,0,0,0,0,0,0,0.6282606928566664,0.38416967311686956,0.6,1.0,3.0,-1,0.3022308697742244,1,1,0,1,1,0,1
2372,5,12655,2022-10-03 09:00:00+00:00,12655,2022-10-03 09:00:00+00:00,1,0,,,0,,,0,0,,,1,0,0,1,0,0,,,,,,0,,0,0,0,0,0,0,0
2378,5,12713,2022-10-17 01:00:00+00:00,12713,2022-10-17 01:00:00+00:00,1,0,,,0,,,0,0,,,1,0,0,1,0,0,,,,,,0,,0,0,0,0,0,0,0
2381,5,12717,2022-10-17 17:00:00+00:00,12718,2022-10-17 21:00:00+00:00,1,0,,,0,,,0,0,,,1,0,0,1,0,0,,,,,,0,,0,0,0,0,0,0,0
2384,5,12721,2022-10-18 09:00:00+00:00,12721,2022-10-18 09:00:00+00:00,1,0,,,0,,,0,0,,,1,0,0,1,0,0,,,,,,0,,0,0,0,0,0,0,0
2388,5,12747,2022-10-24 17:00:00+00:00,12747,2022-10-24 17:00:00+00:00,1,0,,,0,,,0,0,,,1,0,1,1,0,0,,,,,,0,,0,0,0,0,0,0,0
2389,5,12749,2022-10-25 01:00:00+00:00,12750,2022-10-25 05:00:00+00:00,1,0,,,0,,,0,0,,,1,0,0,1,0,0,,,,,,0,,0,0,0,0,0,0,0
2390,5,12757,2022-10-26 09:00:00+00:00,12758,2022-10-26 13:00:00+00:00,1,0,,,0,,,0,0,,,1,0,0,1,0,0,,,,,,0,,0,0,0,0,0,0,0
2393,5,12764,2022-10-27 13:00:00+00:00,12765,2022-10-27 17:00:00+00:00,1,0,,,0,,,0,0,,,1,0,1,1,0,0,,,,,,0,,0,0,0,0,0,0,0
2396,5,12767,2022-10-28 01:00:00+00:00,12767,2022-10-28 01:00:00+00:00,1,0,,,0,,,0,0,,,1,0,0,1,0,0,,,,,,0,,0,0,0,0,0,0,0
2399,5,12779,2022-11-01 01:00:00+00:00,12779,2022-11-01 01:00:00+00:00,1,0,,,0,,,0,0,,,1,0,0,1,0,0,,,,,,0,,0,0,0,0,0,0,0
2403,5,12788,2022-11-02 13:00:00+00:00,12788,2022-11-02 13:00:00+00:00,1,0,,,0,,,0,0,,,1,0,0,1,0,0,,,,,,0,,0,0,0,0,0,0,0
2405,5,12829,2022-11-11 10:00:00+00:00,12829,2022-11-11 10:00:00+00:00,1,0,,,0,,,0,0,,,1,0,0,1,0,0,,,,,,0,,0,0,0,0,0,0,0
2409,5,12845,2022-11-16 02:00:00+00:00,12849,2022-11-16 18:00:00+00:00,1,1,12849.0,2022-11-16 18:00:00+00:00,0,,,0,0,,,0,0,0,0,0,0,0.4856169560216883,0.7449915110356536,0.6,1.0,1.0,0,0.4493787392518739,0,0,0,1,0,0,1
2414,5,12865,2022-11-21 10:00:00+00:00,12865,2022-11-21 10:00:00+00:00,1,0,,,0,,,0,0,,,1,0,0,1,0,0,,,,,,0,,0,0,0,0,0,0,0
2415,5,12872,2022-11-22 14:00:00+00:00,12872,2022-11-22 14:00:00+00:00,1,0,,,0,,,0,0,,,1,0,0,1,0,0,,,,,,0,,0,0,0,0,0,0,0
2418,5,12885,2022-11-24 18:00:00+00:00,12886,2022-11-24 22:00:00+00:00,1,0,,,0,,,0,0,,,1,0,0,1,0,0,,,,,,0,,0,0,0,0,0,0,0
2419,5,12892,2022-11-27 22:00:00+00:00,12893,2022-11-28 02:00:00+00:00,1,0,,,0,,,0,0,,,1,0,1,1,0,0,,,,,,0,,0,0,0,0,0,0,0
2420,5,12895,2022-11-28 10:00:00+00:00,12895,2022-11-28 10:00:00+00:00,1,0,,,0,,,0,0,,,1,0,0,1,0,0,,,,,,0,,0,0,0,0,0,0,0
2424,5,12901,2022-11-29 10:00:00+00:00,12901,2022-11-29 10:00:00+00:00,1,0,,,0,,,0,0,,,1,0,0,1,0,0,,,,,,0,,0,0,0,0,0,0,0
2428,5,12904,2022-11-29 22:00:00+00:00,12905,2022-11-30 02:00:00+00:00,1,0,,,0,,,0,0,,,1,0,0,1,0,0,,,,,,0,,0,0,0,0,0,0,0
2429,5,12908,2022-11-30 14:00:00+00:00,12908,2022-11-30 14:00:00+00:00,1,0,,,0,,,0,0,,,1,0,0,1,0,0,,,,,,0,,0,0,0,0,0,0,0
2433,5,12941,2022-12-08 10:00:00+00:00,12941,2022-12-08 10:00:00+00:00,1,0,,,0,,,0,0,,,1,0,0,1,0,0,,,,,,0,,0,0,0,0,0,0,0
2435,5,12948,2022-12-09 14:00:00+00:00,12950,2022-12-11 22:00:00+00:00,1,0,,,0,,,0,0,,,1,0,0,1,0,0,,,,,,0,,0,0,0,0,0,0,0
2440,5,12976,2022-12-16 06:00:00+00:00,12977,2022-12-16 10:00:00+00:00,1,0,,,0,,,0,0,,,1,0,0,1,0,0,,,,,,0,,0,0,0,0,0,0,0
2444,5,12987,2022-12-20 02:00:00+00:00,12987,2022-12-20 02:00:00+00:00,1,0,,,0,,,0,0,,,1,0,0,1,0,0,,,,,,0,,0,0,0,0,0,0,0
2447,5,12995,2022-12-21 10:00:00+00:00,12995,2022-12-21 10:00:00+00:00,1,0,,,0,,,0,0,,,1,0,0,1,0,0,,,,,,0,,0,0,0,0,0,0,0
2448,5,13025,2022-12-29 10:00:00+00:00,13025,2022-12-29 10:00:00+00:00,1,0,,,0,,,0,0,,,1,0,1,1,0,0,,,,,,0,,0,0,0,0,0,0,0
2449,5,13027,2022-12-29 18:00:00+00:00,13028,2022-12-29 22:00:00+00:00,1,0,,,0,,,0,0,,,1,0,0,1,0,0,,,,,,0,,0,0,0,0,0,0,0
2450,5,13033,2022-12-30 18:00:00+00:00,13033,2022-12-30 18:00:00+00:00,1,0,,,0,,,0,0,,,1,0,0,1,0,0,,,,,,0,,0,0,0,0,0,0,0
2451,5,13039,2023-01-03 18:00:00+00:00,13039,2023-01-03 18:00:00+00:00,1,0,,,0,,,0,0,,,1,0,0,1,0,0,,,,,,0,,0,0,0,0,0,0,0
2452,5,13063,2023-01-09 18:00:00+00:00,13064,2023-01-09 22:00:00+00:00,1,0,,,0,,,0,0,,,1,0,0,1,0,0,,,,,,0,,0,0,0,0,0,0,0
2454,5,13067,2023-01-10 10:00:00+00:00,13067,2023-01-10 10:00:00+00:00,1,0,,,0,,,0,0,,,1,0,0,1,0,0,,,,,,0,,0,0,0,0,0,0,0
2456,5,13073,2023-01-11 10:00:00+00:00,13073,2023-01-11 10:00:00+00:00,1,0,,,0,,,0,0,,,1,0,0,1,0,0,,,,,,0,,0,0,0,0,0,0,0
2460,5,13094,2023-01-16 22:00:00+00:00,13094,2023-01-16 22:00:00+00:00,1,0,,,0,,,0,0,,,1,0,0,1,0,0,,,,,,0,,0,0,0,0,0,0,0
2462,5,13099,2023-01-17 18:00:00+00:00,13099,2023-01-17 18:00:00+00:00,1,0,,,0,,,0,0,,,1,0,0,1,0,0,,,,,,0,,0,0,0,0,0,0,0
2463,5,13102,2023-01-18 06:00:00+00:00,13102,2023-01-18 06:00:00+00:00,1,0,,,0,,,0,0,,,1,0,1,1,0,0,,,,,,0,,0,0,0,0,0,0,0
2466,5,13104,2023-01-18 14:00:00+00:00,13105,2023-01-18 18:00:00+00:00,1,0,,,0,,,0,0,,,1,0,1,1,0,0,,,,,,0,,0,0,0,0,0,0,0
2470,5,13107,2023-01-19 02:00:00+00:00,13107,2023-01-19 02:00:00+00:00,1,0,,,0,,,0,0,,,1,0,0,1,0,0,,,,,,0,,0,0,0,0,0,0,0
2472,5,13120,2023-01-23 06:00:00+00:00,13121,2023-01-23 10:00:00+00:00,1,0,,,0,,,0,0,,,1,0,0,1,0,0,,,,,,0,,0,0,0,0,0,0,0
2475,5,13134,2023-01-25 14:00:00+00:00,13134,2023-01-25 14:00:00+00:00,1,0,,,0,,,0,0,,,1,0,1,1,0,0,,,,,,0,,0,0,0,0,0,0,0
2476,5,13136,2023-01-25 22:00:00+00:00,13136,2023-01-25 22:00:00+00:00,1,0,,,0,,,0,0,,,1,0,0,1,0,0,,,,,,0,,0,0,0,0,0,0,0
2481,5,13154,2023-01-30 22:00:00+00:00,13154,2023-01-30 22:00:00+00:00,1,0,,,0,,,0,0,,,1,0,0,1,0,0,,,,,,0,,0,0,0,0,0,0,0
2483,5,13157,2023-01-31 10:00:00+00:00,13157,2023-01-31 10:00:00+00:00,1,0,,,0,,,0,0,,,1,0,0,1,0,0,,,,,,0,,0,0,0,0,0,0,0
2485,5,13185,2023-02-07 02:00:00+00:00,13185,2023-02-07 02:00:00+00:00,1,0,,,0,,,0,0,,,1,0,0,1,0,0,,,,,,0,,0,0,0,0,0,0,0
2486,5,13189,2023-02-07 18:00:00+00:00,13192,2023-02-08 06:00:00+00:00,1,1,13192.0,2023-02-08 06:00:00+00:00,0,,,0,0,,,0,0,0,0,1,0,0.5241577148570116,0.6307692307692319,0.4,1.0,0.0,1,0.38473021663651014,0,0,0,1,0,1,1
2492,5,13202,2023-02-09 22:00:00+00:00,13202,2023-02-09 22:00:00+00:00,1,0,,,0,,,0,0,,,1,0,0,1,0,0,,,,,,0,,0,0,0,0,0,0,0
2496,5,13209,2023-02-13 02:00:00+00:00,13211,2023-02-13 10:00:00+00:00,1,0,,,0,,,0,0,,,1,0,0,1,0,0,,,,,,0,,0,0,0,0,0,0,0
2500,5,13223,2023-02-15 10:00:00+00:00,13223,2023-02-15 10:00:00+00:00,1,0,,,0,,,0,0,,,1,0,0,1,0,0,,,,,,0,,0,0,0,0,0,0,0
2501,5,13227,2023-02-16 02:00:00+00:00,13227,2023-02-16 02:00:00+00:00,1,0,,,0,,,0,0,,,1,0,0,1,0,0,,,,,,0,,0,0,0,0,0,0,0
2502,5,13230,2023-02-16 14:00:00+00:00,13232,2023-02-16 22:00:00+00:00,1,0,,,0,,,0,0,,,1,0,0,1,0,0,,,,,,0,,0,0,0,0,0,0,0
2505,5,13243,2023-02-20 18:00:00+00:00,13243,2023-02-20 18:00:00+00:00,1,0,,,0,,,0,0,,,1,0,0,1,0,0,,,,,,0,,0,0,0,0,0,0,0
2507,5,13247,2023-02-21 10:00:00+00:00,13249,2023-02-21 18:00:00+00:00,1,0,,,0,,,0,0,,,1,0,0,1,0,0,,,,,,0,,0,0,0,0,0,0,0
2515,5,13273,2023-02-27 18:00:00+00:00,13273,2023-02-27 18:00:00+00:00,1,0,,,0,,,0,0,,,1,0,0,1,0,0,,,,,,0,,0,0,0,0,0,0,0
2517,5,13289,2023-03-02 10:00:00+00:00,13291,2023-03-02 18:00:00+00:00,1,0,,,0,,,0,0,,,1,0,0,1,0,0,,,,,,0,,0,0,0,0,0,0,0
2520,5,13305,2023-03-07 02:00:00+00:00,13305,2023-03-07 02:00:00+00:00,1,0,,,0,,,0,0,,,1,0,0,1,0,0,,,,,,0,,0,0,0,0,0,0,0
2522,5,13348,2023-03-16 05:00:00+00:00,13348,2023-03-16 05:00:00+00:00,1,0,,,0,,,0,0,,,1,0,0,1,0,0,,,,,,0,,0,0,0,0,0,0,0
2524,5,13352,2023-03-16 21:00:00+00:00,13354,2023-03-17 05:00:00+00:00,1,0,,,0,,,0,0,,,1,0,0,1,0,0,,,,,,0,,0,0,0,0,0,0,0
2525,5,13366,2023-03-21 05:00:00+00:00,13367,2023-03-21 09:00:00+00:00,1,0,,,0,,,0,0,,,1,0,0,1,0,0,,,,,,0,,0,0,0,0,0,0,0
2526,5,13373,2023-03-22 09:00:00+00:00,13373,2023-03-22 09:00:00+00:00,1,0,,,0,,,0,0,,,1,0,0,1,0,0,,,,,,0,,0,0,0,0,0,0,0
2527,5,13386,2023-03-24 13:00:00+00:00,13386,2023-03-24 13:00:00+00:00,1,0,,,0,,,0,0,,,1,0,0,1,0,0,,,,,,0,,0,0,0,0,0,0,0
2529,5,13392,2023-03-27 13:00:00+00:00,13392,2023-03-27 13:00:00+00:00,1,0,,,0,,,0,0,,,1,0,0,1,0,0,,,,,,0,,0,0,0,0,0,0,0
2533,5,13402,2023-03-29 05:00:00+00:00,13402,2023-03-29 05:00:00+00:00,1,0,,,0,,,0,0,,,1,0,0,1,0,0,,,,,,0,,0,0,0,0,0,0,0
2535,5,13405,2023-03-29 17:00:00+00:00,13405,2023-03-29 17:00:00+00:00,1,0,,,0,,,0,0,,,1,0,0,1,0,0,,,,,,0,,0,0,0,0,0,0,0
2539,5,13427,2023-04-04 09:00:00+00:00,13427,2023-04-04 09:00:00+00:00,1,0,,,0,,,0,0,,,1,0,0,1,0,0,,,,,,0,,0,0,0,0,0,0,0
2541,5,13452,2023-04-11 13:00:00+00:00,13452,2023-04-11 13:00:00+00:00,1,0,,,0,,,0,0,,,1,0,0,1,0,0,,,,,,0,,0,0,0,0,0,0,0
2542,5,13468,2023-04-14 05:00:00+00:00,13468,2023-04-14 05:00:00+00:00,1,0,,,0,,,0,0,,,1,0,0,1,0,0,,,,,,0,,0,0,0,0,0,0,0
2544,5,13481,2023-04-18 09:00:00+00:00,13481,2023-04-18 09:00:00+00:00,1,0,,,0,,,0,0,,,1,0,0,1,0,0,,,,,,0,,0,0,0,0,0,0,0
2545,5,13494,2023-04-20 13:00:00+00:00,13496,2023-04-20 21:00:00+00:00,1,0,,,0,,,0,0,,,1,0,0,1,0,0,,,,,,0,,0,0,0,0,0,0,0
2548,5,13505,2023-04-24 09:00:00+00:00,13505,2023-04-24 09:00:00+00:00,1,0,,,0,,,0,0,,,1,0,0,1,0,0,,,,,,0,,0,0,0,0,0,0,0
2551,5,13517,2023-04-26 09:00:00+00:00,13517,2023-04-26 09:00:00+00:00,1,0,,,0,,,0,0,,,1,0,0,1,0,0,,,,,,0,,0,0,0,0,0,0,0
2552,5,13523,2023-04-27 09:00:00+00:00,13523,2023-04-27 09:00:00+00:00,1,0,,,0,,,0,0,,,1,0,0,1,0,0,,,,,,0,,0,0,0,0,0,0,0
2553,5,13536,2023-05-01 13:00:00+00:00,13538,2023-05-01 21:00:00+00:00,1,0,,,0,,,0,0,,,1,0,0,1,0,0,,,,,,0,,0,0,0,0,0,0,0
2557,5,13568,2023-05-08 21:00:00+00:00,13570,2023-05-09 05:00:00+00:00,1,0,,,0,,,0,0,,,1,0,0,1,0,0,,,,,,0,,0,0,0,0,0,0,0
2560,5,13574,2023-05-09 21:00:00+00:00,13574,2023-05-09 21:00:00+00:00,1,0,,,0,,,0,0,,,1,0,0,1,0,0,,,,,,0,,0,0,0,0,0,0,0
2568,5,13594,2023-05-15 05:00:00+00:00,13594,2023-05-15 05:00:00+00:00,1,0,,,0,,,0,0,,,1,0,0,1,0,0,,,,,,0,,0,0,0,0,0,0,0
2569,5,13597,2023-05-15 17:00:00+00:00,13598,2023-05-15 21:00:00+00:00,1,0,,,0,,,0,0,,,1,0,0,1,0,0,,,,,,0,,0,0,0,0,0,0,0
2574,5,13619,2023-05-19 09:00:00+00:00,13619,2023-05-19 09:00:00+00:00,1,0,,,0,,,0,0,,,1,0,0,1,0,0,,,,,,0,,0,0,0,0,0,0,0
2575,5,13625,2023-05-22 09:00:00+00:00,13627,2023-05-22 17:00:00+00:00,1,0,,,0,,,0,0,,,1,0,0,1,0,0,,,,,,0,,0,0,0,0,0,0,0
2577,5,13634,2023-05-23 21:00:00+00:00,13634,2023-05-23 21:00:00+00:00,1,0,,,0,,,0,0,,,1,0,0,1,0,0,,,,,,0,,0,0,0,0,0,0,0
2578,5,13645,2023-05-25 17:00:00+00:00,13645,2023-05-25 17:00:00+00:00,1,0,,,0,,,0,0,,,1,0,0,1,0,0,,,,,,0,,0,0,0,0,0,0,0
2579,5,13655,2023-05-29 09:00:00+00:00,13658,2023-05-29 21:00:00+00:00,1,1,13658.0,2023-05-29 21:00:00+00:00,0,,,0,0,,,0,0,0,0,0,0,0.7176857898599245,0.4950458029538385,0.6,1.0,2.0,-1,0.2964855969744921,1,0,0,1,0,0,1
2582,5,13696,2023-06-07 05:00:00+00:00,13696,2023-06-07 05:00:00+00:00,1,0,,,0,,,0,0,,,1,0,0,1,0,0,,,,,,0,,0,0,0,0,0,0,0
2584,5,13740,2023-06-16 13:00:00+00:00,13740,2023-06-16 13:00:00+00:00,1,0,,,0,,,0,0,,,1,0,0,1,0,0,,,,,,0,,0,0,0,0,0,0,0
2585,5,13776,2023-06-26 13:00:00+00:00,13781,2023-06-27 09:00:00+00:00,1,0,,,0,,,0,0,,,0,0,0,1,0,0,,,,,,0,,0,0,0,0,0,0,0
2589,5,13784,2023-06-27 21:00:00+00:00,13785,2023-06-28 01:00:00+00:00,1,0,,,0,,,0,0,,,1,0,0,1,0,0,,,,,,0,,0,0,0,0,0,0,0
2590,5,13791,2023-06-29 01:00:00+00:00,13792,2023-06-29 05:00:00+00:00,1,0,,,0,,,0,0,,,1,0,0,1,0,0,,,,,,0,,0,0,0,0,0,0,0
2592,5,13812,2023-07-04 13:00:00+00:00,13812,2023-07-04 13:00:00+00:00,1,0,,,0,,,0,0,,,1,0,1,1,0,0,,,,,,0,,0,0,0,0,0,0,0
2594,5,13814,2023-07-04 21:00:00+00:00,13814,2023-07-04 21:00:00+00:00,1,0,,,0,,,0,0,,,1,0,0,1,0,0,,,,,,0,,0,0,0,0,0,0,0
2596,5,13836,2023-07-10 13:00:00+00:00,13838,2023-07-10 21:00:00+00:00,1,0,,,0,,,0,0,,,1,0,0,1,0,0,,,,,,0,,0,0,0,0,0,0,0
2598,5,13841,2023-07-11 09:00:00+00:00,13842,2023-07-11 13:00:00+00:00,1,0,,,0,,,0,0,,,1,0,1,1,0,0,,,,,,0,,0,0,0,0,0,0,0
2599,5,13844,2023-07-11 21:00:00+00:00,13846,2023-07-12 05:00:00+00:00,1,0,,,0,,,0,0,,,1,0,0,1,0,0,,,,,,0,,0,0,0,0,0,0,0
2600,5,13859,2023-07-14 09:00:00+00:00,13859,2023-07-14 09:00:00+00:00,1,0,,,0,,,0,0,,,1,0,0,1,0,0,,,,,,0,,0,0,0,0,0,0,0
2601,5,13862,2023-07-16 21:00:00+00:00,13864,2023-07-17 05:00:00+00:00,1,0,,,0,,,0,0,,,1,0,0,1,0,0,,,,,,0,,0,0,0,0,0,0,0
2605,5,13877,2023-07-19 09:00:00+00:00,13877,2023-07-19 09:00:00+00:00,1,0,,,0,,,0,0,,,1,0,0,1,0,0,,,,,,0,,0,0,0,0,0,0,0
2606,5,13889,2023-07-21 09:00:00+00:00,13889,2023-07-21 09:00:00+00:00,1,0,,,0,,,0,0,,,1,0,0,1,0,0,,,,,,0,,0,0,0,0,0,0,0
2607,5,13894,2023-07-24 05:00:00+00:00,13896,2023-07-24 13:00:00+00:00,1,0,,,0,,,0,0,,,1,0,1,1,0,0,,,,,,0,,0,0,0,0,0,0,0
2610,5,13898,2023-07-24 21:00:00+00:00,13899,2023-07-25 01:00:00+00:00,1,0,,,0,,,0,0,,,1,0,1,1,0,0,,,,,,0,,0,0,0,0,0,0,0
2613,5,13901,2023-07-25 09:00:00+00:00,13901,2023-07-25 09:00:00+00:00,1,0,,,0,,,0,0,,,1,0,1,1,0,0,,,,,,0,,0,0,0,0,0,0,0
2615,5,13903,2023-07-25 17:00:00+00:00,13904,2023-07-25 21:00:00+00:00,1,0,,,0,,,0,0,,,1,0,0,1,0,0,,,,,,0,,0,0,0,0,0,0,0
2617,5,13908,2023-07-26 13:00:00+00:00,13908,2023-07-26 13:00:00+00:00,1,0,,,0,,,0,0,,,1,0,0,1,0,0,,,,,,0,,0,0,0,0,0,0,0
2618,5,13912,2023-07-27 05:00:00+00:00,13912,2023-07-27 05:00:00+00:00,1,0,,,0,,,0,0,,,1,0,0,1,0,0,,,,,,0,,0,0,0,0,0,0,0
2620,5,13921,2023-07-28 17:00:00+00:00,13922,2023-07-30 21:00:00+00:00,1,0,,,0,,,0,0,,,1,0,0,1,0,0,,,,,,0,,0,0,0,0,0,0,0
2622,5,13936,2023-08-02 05:00:00+00:00,13936,2023-08-02 05:00:00+00:00,1,0,,,0,,,0,0,,,1,0,0,1,0,0,,,,,,0,,0,0,0,0,0,0,0
2624,5,13943,2023-08-03 09:00:00+00:00,13947,2023-08-04 01:00:00+00:00,1,1,13947.0,2023-08-04 01:00:00+00:00,1,13947.0,2023-08-04 01:00:00+00:00,1,0,13947.0,2023-08-04 01:00:00+00:00,0,0,0,0,0,1,0.4425266713004253,0.7804175665946673,0.4,2.0,0.0,1,0.6105102883346041,0,0,0,0,0,0,1
2626,5,13966,2023-08-09 05:00:00+00:00,13966,2023-08-09 05:00:00+00:00,1,0,,,0,,,0,0,,,1,0,0,1,0,0,,,,,,0,,0,0,0,0,0,0,0
2628,5,13971,2023-08-10 01:00:00+00:00,13971,2023-08-10 01:00:00+00:00,1,0,,,0,,,0,0,,,1,0,0,1,0,0,,,,,,0,,0,0,0,0,0,0,0
2630,5,13981,2023-08-11 17:00:00+00:00,13983,2023-08-14 01:00:00+00:00,1,0,,,0,,,0,0,,,1,0,0,1,0,0,,,,,,0,,0,0,0,0,0,0,0
2632,5,13997,2023-08-16 09:00:00+00:00,13998,2023-08-16 13:00:00+00:00,1,0,,,0,,,0,0,,,1,0,0,1,0,0,,,,,,0,,0,0,0,0,0,0,0
2633,5,14016,2023-08-21 13:00:00+00:00,14017,2023-08-21 17:00:00+00:00,1,0,,,0,,,0,0,,,1,0,0,1,0,0,,,,,,0,,0,0,0,0,0,0,0
2636,5,14034,2023-08-24 13:00:00+00:00,14036,2023-08-24 21:00:00+00:00,1,0,,,0,,,0,0,,,1,0,0,1,0,0,,,,,,0,,0,0,0,0,0,0,0
2638,5,14039,2023-08-25 09:00:00+00:00,14039,2023-08-25 09:00:00+00:00,1,0,,,0,,,0,0,,,1,0,0,1,0,0,,,,,,0,,0,0,0,0,0,0,0
2639,5,14049,2023-08-29 01:00:00+00:00,14049,2023-08-29 01:00:00+00:00,1,0,,,0,,,0,0,,,1,0,0,1,0,0,,,,,,0,,0,0,0,0,0,0,0
2641,5,14063,2023-08-31 09:00:00+00:00,14063,2023-08-31 09:00:00+00:00,1,0,,,0,,,0,0,,,1,0,1,1,0,0,,,,,,0,,0,0,0,0,0,0,0
2642,5,14065,2023-08-31 17:00:00+00:00,14065,2023-08-31 17:00:00+00:00,1,0,,,0,,,0,0,,,1,0,0,1,0,0,,,,,,0,,0,0,0,0,0,0,0
2645,5,14085,2023-09-06 01:00:00+00:00,14085,2023-09-06 01:00:00+00:00,1,0,,,0,,,0,0,,,1,0,1,1,0,0,,,,,,0,,0,0,0,0,0,0,0
2646,5,14087,2023-09-06 09:00:00+00:00,14087,2023-09-06 09:00:00+00:00,1,0,,,0,,,0,0,,,1,0,0,1,0,0,,,,,,0,,0,0,0,0,0,0,0
2647,5,14090,2023-09-06 21:00:00+00:00,14090,2023-09-06 21:00:00+00:00,1,0,,,0,,,0,0,,,1,0,0,1,0,0,,,,,,0,,0,0,0,0,0,0,0
2649,5,14094,2023-09-07 13:00:00+00:00,14096,2023-09-07 21:00:00+00:00,1,0,,,0,,,0,0,,,1,0,1,1,0,0,,,,,,0,,0,0,0,0,0,0,0
2651,5,14098,2023-09-08 05:00:00+00:00,14098,2023-09-08 05:00:00+00:00,1,0,,,0,,,0,0,,,1,0,0,1,0,0,,,,,,0,,0,0,0,0,0,0,0
2654,5,14104,2023-09-11 05:00:00+00:00,14104,2023-09-11 05:00:00+00:00,1,0,,,0,,,0,0,,,1,0,0,1,0,0,,,,,,0,,0,0,0,0,0,0,0
2658,5,14108,2023-09-11 21:00:00+00:00,14108,2023-09-11 21:00:00+00:00,1,0,,,0,,,0,0,,,1,0,0,1,0,0,,,,,,0,,0,0,0,0,0,0,0
2660,5,14124,2023-09-14 13:00:00+00:00,14125,2023-09-14 17:00:00+00:00,1,0,,,0,,,0,0,,,1,0,0,1,0,0,,,,,,0,,0,0,0,0,0,0,0
2664,5,14154,2023-09-21 13:00:00+00:00,14154,2023-09-21 13:00:00+00:00,1,0,,,0,,,0,0,,,1,0,0,1,0,0,,,,,,0,,0,0,0,0,0,0,0
2665,5,14157,2023-09-22 01:00:00+00:00,14157,2023-09-22 01:00:00+00:00,1,0,,,0,,,0,0,,,1,0,1,1,0,0,,,,,,0,,0,0,0,0,0,0,0
2667,5,14159,2023-09-22 09:00:00+00:00,14159,2023-09-22 09:00:00+00:00,1,0,,,0,,,0,0,,,1,0,0,1,0,0,,,,,,0,,0,0,0,0,0,0,0
2669,5,14162,2023-09-24 21:00:00+00:00,14162,2023-09-24 21:00:00+00:00,1,0,,,0,,,0,0,,,1,0,0,1,0,0,,,,,,0,,0,0,0,0,0,0,0
2672,5,14165,2023-09-25 09:00:00+00:00,14165,2023-09-25 09:00:00+00:00,1,0,,,0,,,0,0,,,1,0,1,1,0,0,,,,,,0,,0,0,0,0,0,0,0
2674,5,14167,2023-09-25 17:00:00+00:00,14168,2023-09-25 21:00:00+00:00,1,0,,,0,,,0,0,,,1,0,0,1,0,0,,,,,,0,,0,0,0,0,0,0,0
2678,5,14211,2023-10-05 01:00:00+00:00,14212,2023-10-05 05:00:00+00:00,1,0,,,0,,,0,0,,,1,0,1,1,0,0,,,,,,0,,0,0,0,0,0,0,0
2681,5,14214,2023-10-05 13:00:00+00:00,14214,2023-10-05 13:00:00+00:00,1,0,,,0,,,0,0,,,1,0,0,1,0,0,,,,,,0,,0,0,0,0,0,0,0
2684,5,14226,2023-10-09 13:00:00+00:00,14226,2023-10-09 13:00:00+00:00,1,0,,,0,,,0,0,,,1,0,0,1,0,0,,,,,,0,,0,0,0,0,0,0,0
2685,5,14234,2023-10-10 21:00:00+00:00,14235,2023-10-11 01:00:00+00:00,1,0,,,0,,,0,0,,,1,0,0,1,0,0,,,,,,0,,0,0,0,0,0,0,0
2688,5,14259,2023-10-17 01:00:00+00:00,14259,2023-10-17 01:00:00+00:00,1,0,,,0,,,0,0,,,1,0,0,1,0,0,,,,,,0,,0,0,0,0,0,0,0
2689,5,14273,2023-10-19 09:00:00+00:00,14273,2023-10-19 09:00:00+00:00,1,0,,,0,,,0,0,,,1,0,0,1,0,0,,,,,,0,,0,0,0,0,0,0,0
2691,5,14286,2023-10-23 13:00:00+00:00,14286,2023-10-23 13:00:00+00:00,1,0,,,0,,,0,0,,,1,0,1,1,0,0,,,,,,0,,0,0,0,0,0,0,0
2692,5,14288,2023-10-23 21:00:00+00:00,14290,2023-10-24 05:00:00+00:00,1,0,,,0,,,0,0,,,1,0,0,1,0,0,,,,,,0,,0,0,0,0,0,0,0
2694,5,14297,2023-10-25 09:00:00+00:00,14297,2023-10-25 09:00:00+00:00,1,0,,,0,,,0,0,,,1,0,0,1,0,0,,,,,,0,,0,0,0,0,0,0,0
2695,5,14303,2023-10-26 09:00:00+00:00,14303,2023-10-26 09:00:00+00:00,1,0,,,0,,,0,0,,,1,0,0,1,0,0,,,,,,0,,0,0,0,0,0,0,0
2696,5,14310,2023-10-27 13:00:00+00:00,14310,2023-10-27 13:00:00+00:00,1,0,,,0,,,0,0,,,1,0,0,1,0,0,,,,,,0,,0,0,0,0,0,0,0
2697,5,14316,2023-10-30 13:00:00+00:00,14316,2023-10-30 13:00:00+00:00,1,0,,,0,,,0,0,,,1,0,1,1,0,0,,,,,,0,,0,0,0,0,0,0,0
2698,5,14318,2023-10-30 21:00:00+00:00,14318,2023-10-30 21:00:00+00:00,1,0,,,0,,,0,0,,,1,0,0,1,0,0,,,,,,0,,0,0,0,0,0,0,0
2702,5,14416,2023-11-22 06:00:00+00:00,14416,2023-11-22 06:00:00+00:00,1,0,,,0,,,0,0,,,1,0,0,1,0,0,,,,,,0,,0,0,0,0,0,0,0
2705,5,14424,2023-11-23 14:00:00+00:00,14424,2023-11-23 14:00:00+00:00,1,0,,,0,,,0,0,,,1,0,0,1,0,0,,,,,,0,,0,0,0,0,0,0,0
2707,5,14431,2023-11-24 18:00:00+00:00,14431,2023-11-24 18:00:00+00:00,1,0,,,0,,,0,0,,,1,0,0,1,0,0,,,,,,0,,0,0,0,0,0,0,0
2709,5,14449,2023-11-29 18:00:00+00:00,14449,2023-11-29 18:00:00+00:00,1,0,,,0,,,0,0,,,1,0,0,1,0,0,,,,,,0,,0,0,0,0,0,0,0
2711,5,14471,2023-12-05 10:00:00+00:00,14471,2023-12-05 10:00:00+00:00,1,0,,,0,,,0,0,,,1,0,0,1,0,0,,,,,,0,,0,0,0,0,0,0,0
2712,5,14482,2023-12-07 06:00:00+00:00,14482,2023-12-07 06:00:00+00:00,1,0,,,0,,,0,0,,,1,0,0,1,0,0,,,,,,0,,0,0,0,0,0,0,0
2714,5,14519,2023-12-15 10:00:00+00:00,14519,2023-12-15 10:00:00+00:00,1,0,,,0,,,0,0,,,1,0,0,1,0,0,,,,,,0,,0,0,0,0,0,0,0
2717,5,14527,2023-12-18 18:00:00+00:00,14531,2023-12-19 10:00:00+00:00,1,1,14530.0,2023-12-19 06:00:00+00:00,1,14530.0,2023-12-19 06:00:00+00:00,1,0,14530.0,2023-12-19 06:00:00+00:00,0,0,0,0,0,1,0.5147474027575999,0.7748691099476467,0.4,0.0,1.0,-1,0.6650027998919191,0,0,0,0,0,0,0
2721,5,14544,2023-12-21 14:00:00+00:00,14544,2023-12-21 14:00:00+00:00,1,0,,,0,,,0,0,,,1,0,0,1,0,0,,,,,,0,,0,0,0,0,0,0,0
2722,5,14548,2023-12-22 06:00:00+00:00,14548,2023-12-22 06:00:00+00:00,1,0,,,0,,,0,0,,,1,0,1,1,0,0,,,,,,0,,0,0,0,0,0,0,0
2723,5,14550,2023-12-22 14:00:00+00:00,14551,2023-12-22 18:00:00+00:00,1,0,,,0,,,0,0,,,1,0,1,1,0,0,,,,,,0,,0,0,0,0,0,0,0
2724,5,14553,2023-12-26 02:00:00+00:00,14553,2023-12-26 02:00:00+00:00,1,0,,,0,,,0,0,,,1,0,0,1,0,0,,,,,,0,,0,0,0,0,0,0,0
2726,5,14556,2023-12-26 14:00:00+00:00,14556,2023-12-26 14:00:00+00:00,1,0,,,0,,,0,0,,,1,0,0,1,0,0,,,,,,0,,0,0,0,0,0,0,0
2730,5,14567,2023-12-28 10:00:00+00:00,14567,2023-12-28 10:00:00+00:00,1,0,,,0,,,0,0,,,1,0,0,1,0,0,,,,,,0,,0,0,0,0,0,0,0
2733,5,14579,2024-01-02 10:00:00+00:00,14579,2024-01-02 10:00:00+00:00,1,0,,,0,,,0,0,,,1,0,0,1,0,0,,,,,,0,,0,0,0,0,0,0,0
2738,5,14606,2024-01-08 22:00:00+00:00,14607,2024-01-09 02:00:00+00:00,1,0,,,0,,,0,0,,,1,0,0,1,0,0,,,,,,0,,0,0,0,0,0,0,0
2739,5,14610,2024-01-09 14:00:00+00:00,14612,2024-01-09 22:00:00+00:00,1,0,,,0,,,0,0,,,1,0,0,1,0,0,,,,,,0,,0,0,0,0,0,0,0
2745,5,14635,2024-01-15 18:00:00+00:00,14635,2024-01-15 18:00:00+00:00,1,0,,,0,,,0,0,,,1,0,0,1,0,0,,,,,,0,,0,0,0,0,0,0,0
2746,5,14652,2024-01-18 14:00:00+00:00,14652,2024-01-18 14:00:00+00:00,1,0,,,0,,,0,0,,,1,0,0,1,0,0,,,,,,0,,0,0,0,0,0,0,0
2747,5,14655,2024-01-19 02:00:00+00:00,14655,2024-01-19 02:00:00+00:00,1,0,,,0,,,0,0,,,1,0,0,1,0,0,,,,,,0,,0,0,0,0,0,0,0
2750,5,14673,2024-01-24 02:00:00+00:00,14673,2024-01-24 02:00:00+00:00,1,0,,,0,,,0,0,,,1,0,0,1,0,0,,,,,,0,,0,0,0,0,0,0,0
2752,5,14686,2024-01-26 06:00:00+00:00,14686,2024-01-26 06:00:00+00:00,1,0,,,0,,,0,0,,,1,0,0,1,0,0,,,,,,0,,0,0,0,0,0,0,0
2753,5,14689,2024-01-26 18:00:00+00:00,14691,2024-01-29 02:00:00+00:00,1,0,,,0,,,0,0,,,1,0,0,1,0,0,,,,,,0,,0,0,0,0,0,0,0
2755,5,14694,2024-01-29 14:00:00+00:00,14695,2024-01-29 18:00:00+00:00,1,0,,,0,,,0,0,,,1,0,0,1,0,0,,,,,,0,,0,0,0,0,0,0,0
2759,5,14711,2024-02-01 10:00:00+00:00,14711,2024-02-01 10:00:00+00:00,1,0,,,0,,,0,0,,,1,0,0,1,0,0,,,,,,0,,0,0,0,0,0,0,0
2760,5,14718,2024-02-02 14:00:00+00:00,14718,2024-02-02 14:00:00+00:00,1,0,,,0,,,0,0,,,1,0,0,1,0,0,,,,,,0,,0,0,0,0,0,0,0
2761,5,14729,2024-02-06 10:00:00+00:00,14729,2024-02-06 10:00:00+00:00,1,0,,,0,,,0,0,,,1,0,1,1,0,0,,,,,,0,,0,0,0,0,0,0,0
2762,5,14731,2024-02-06 18:00:00+00:00,14731,2024-02-06 18:00:00+00:00,1,0,,,0,,,0,0,,,1,0,0,1,0,0,,,,,,0,,0,0,0,0,0,0,0
2765,5,14742,2024-02-08 14:00:00+00:00,14743,2024-02-08 18:00:00+00:00,1,0,,,0,,,0,0,,,1,0,0,1,0,0,,,,,,0,,0,0,0,0,0,0,0
2768,5,14779,2024-02-16 18:00:00+00:00,14779,2024-02-16 18:00:00+00:00,1,0,,,0,,,0,0,,,1,0,0,1,0,0,,,,,,0,,0,0,0,0,0,0,0
2770,5,14794,2024-02-21 06:00:00+00:00,14795,2024-02-21 10:00:00+00:00,1,0,,,0,,,0,0,,,1,0,0,1,0,0,,,,,,0,,0,0,0,0,0,0,0
2771,5,14820,2024-02-27 14:00:00+00:00,14822,2024-02-27 22:00:00+00:00,1,0,,,0,,,0,0,,,1,0,0,1,0,0,,,,,,0,,0,0,0,0,0,0,0
2774,5,14825,2024-02-28 10:00:00+00:00,14825,2024-02-28 10:00:00+00:00,1,0,,,0,,,0,0,,,1,0,0,1,0,0,,,,,,0,,0,0,0,0,0,0,0
2777,5,14830,2024-02-29 06:00:00+00:00,14830,2024-02-29 06:00:00+00:00,1,0,,,0,,,0,0,,,1,0,0,1,0,0,,,,,,0,,0,0,0,0,0,0,0
2779,5,14874,2024-03-11 13:00:00+00:00,14878,2024-03-12 05:00:00+00:00,1,1,14878.0,2024-03-12 05:00:00+00:00,1,14878.0,2024-03-12 05:00:00+00:00,1,0,14878.0,2024-03-12 05:00:00+00:00,0,0,0,0,0,1,0.510674402988918,0.8611341632088672,0.6,1.0,1.0,0,0.5899316885040022,0,0,0,0,0,0,1
2781,5,14881,2024-03-12 17:00:00+00:00,14881,2024-03-12 17:00:00+00:00,1,0,,,0,,,0,0,,,1,0,0,1,0,0,,,,,,0,,0,0,0,0,0,0,0
2784,5,14907,2024-03-19 01:00:00+00:00,14907,2024-03-19 01:00:00+00:00,1,0,,,0,,,0,0,,,1,0,0,1,0,0,,,,,,0,,0,0,0,0,0,0,0
2785,5,14910,2024-03-19 13:00:00+00:00,14912,2024-03-19 21:00:00+00:00,1,0,,,0,,,0,0,,,1,0,0,1,0,0,,,,,,0,,0,0,0,0,0,0,0
2789,5,14938,2024-03-26 05:00:00+00:00,14938,2024-03-26 05:00:00+00:00,1,0,,,0,,,0,0,,,1,0,0,1,0,0,,,,,,0,,0,0,0,0,0,0,0
2792,5,14976,2024-04-04 13:00:00+00:00,14976,2024-04-04 13:00:00+00:00,1,0,,,0,,,0,0,,,1,0,0,1,0,0,,,,,,0,,0,0,0,0,0,0,0
2793,5,14994,2024-04-09 13:00:00+00:00,14995,2024-04-09 17:00:00+00:00,1,0,,,0,,,0,0,,,1,0,0,1,0,0,,,,,,0,,0,0,0,0,0,0,0
2796,5,15005,2024-04-11 09:00:00+00:00,15005,2024-04-11 09:00:00+00:00,1,0,,,0,,,0,0,,,1,0,0,1,0,0,,,,,,0,,0,0,0,0,0,0,0
2797,5,15025,2024-04-16 17:00:00+00:00,15026,2024-04-16 21:00:00+00:00,1,0,,,0,,,0,0,,,1,0,0,1,0,0,,,,,,0,,0,0,0,0,0,0,0
2800,5,15044,2024-04-21 21:00:00+00:00,15044,2024-04-21 21:00:00+00:00,1,0,,,0,,,0,0,,,1,0,0,1,0,0,,,,,,0,,0,0,0,0,0,0,0
2801,5,15071,2024-04-26 09:00:00+00:00,15074,2024-04-28 21:00:00+00:00,1,1,15074.0,2024-04-28 21:00:00+00:00,0,,,0,0,,,0,0,0,0,0,0,0.6450580920356732,0.4914118139924686,0.6,1.0,2.0,-1,0.30804501902411346,1,0,0,1,0,0,1
2806,5,15080,2024-04-29 21:00:00+00:00,15081,2024-04-30 01:00:00+00:00,1,0,,,0,,,0,0,,,1,0,0,1,0,0,,,,,,0,,0,0,0,0,0,0,0
2807,5,15089,2024-05-01 09:00:00+00:00,15089,2024-05-01 09:00:00+00:00,1,0,,,0,,,0,0,,,1,0,0,1,0,0,,,,,,0,,0,0,0,0,0,0,0
2808,5,15094,2024-05-02 05:00:00+00:00,15094,2024-05-02 05:00:00+00:00,1,0,,,0,,,0,0,,,1,0,0,1,0,0,,,,,,0,,0,0,0,0,0,0,0
2810,5,15113,2024-05-07 09:00:00+00:00,15113,2024-05-07 09:00:00+00:00,1,0,,,0,,,0,0,,,1,0,0,1,0,0,,,,,,0,,0,0,0,0,0,0,0
2812,5,15116,2024-05-07 21:00:00+00:00,15116,2024-05-07 21:00:00+00:00,1,0,,,0,,,0,0,,,1,0,0,1,0,0,,,,,,0,,0,0,0,0,0,0,0
2814,5,15123,2024-05-09 01:00:00+00:00,15124,2024-05-09 05:00:00+00:00,1,0,,,0,,,0,0,,,1,0,0,1,0,0,,,,,,0,,0,0,0,0,0,0,0
2815,5,15146,2024-05-14 21:00:00+00:00,15146,2024-05-14 21:00:00+00:00,1,0,,,0,,,0,0,,,1,0,0,1,0,0,,,,,,0,,0,0,0,0,0,0,0
2816,5,15167,2024-05-20 09:00:00+00:00,15167,2024-05-20 09:00:00+00:00,1,0,,,0,,,0,0,,,1,0,0,1,0,0,,,,,,0,,0,0,0,0,0,0,0
2818,5,15174,2024-05-21 13:00:00+00:00,15175,2024-05-21 17:00:00+00:00,1,0,,,0,,,0,0,,,1,0,0,1,0,0,,,,,,0,,0,0,0,0,0,0,0
2821,5,15195,2024-05-27 01:00:00+00:00,15196,2024-05-27 05:00:00+00:00,1,0,,,0,,,0,0,,,1,0,0,1,0,0,,,,,,0,,0,0,0,0,0,0,0
2824,5,15203,2024-05-28 09:00:00+00:00,15203,2024-05-28 09:00:00+00:00,1,0,,,0,,,0,0,,,1,0,0,1,0,0,,,,,,0,,0,0,0,0,0,0,0
2826,5,15210,2024-05-29 13:00:00+00:00,15210,2024-05-29 13:00:00+00:00,1,0,,,0,,,0,0,,,1,0,0,1,0,0,,,,,,0,,0,0,0,0,0,0,0
2827,5,15232,2024-06-04 05:00:00+00:00,15232,2024-06-04 05:00:00+00:00,1,0,,,0,,,0,0,,,1,0,0,1,0,0,,,,,,0,,0,0,0,0,0,0,0
2828,5,15241,2024-06-05 17:00:00+00:00,15241,2024-06-05 17:00:00+00:00,1,0,,,0,,,0,0,,,1,0,0,1,0,0,,,,,,0,,0,0,0,0,0,0,0
2829,5,15247,2024-06-06 17:00:00+00:00,15248,2024-06-06 21:00:00+00:00,1,0,,,0,,,0,0,,,1,0,0,1,0,0,,,,,,0,,0,0,0,0,0,0,0
2831,5,15262,2024-06-11 05:00:00+00:00,15262,2024-06-11 05:00:00+00:00,1,0,,,0,,,0,0,,,1,0,1,1,0,0,,,,,,0,,0,0,0,0,0,0,0
2832,5,15264,2024-06-11 13:00:00+00:00,15265,2024-06-11 17:00:00+00:00,1,0,,,0,,,0,0,,,1,0,0,1,0,0,,,,,,0,,0,0,0,0,0,0,0
2835,5,15268,2024-06-12 05:00:00+00:00,15268,2024-06-12 05:00:00+00:00,1,0,,,0,,,0,0,,,1,0,0,1,0,0,,,,,,0,,0,0,0,0,0,0,0
2837,5,15271,2024-06-12 17:00:00+00:00,15274,2024-06-13 05:00:00+00:00,1,0,,,0,,,0,0,,,0,0,0,1,0,0,,,,,,0,,0,0,0,0,0,0,0
2840,5,15282,2024-06-14 13:00:00+00:00,15282,2024-06-14 13:00:00+00:00,1,0,,,0,,,0,0,,,1,0,0,1,0,0,,,,,,0,,0,0,0,0,0,0,0
2843,5,15292,2024-06-18 05:00:00+00:00,15292,2024-06-18 05:00:00+00:00,1,0,,,0,,,0,0,,,1,0,0,1,0,0,,,,,,0,,0,0,0,0,0,0,0
2846,5,15299,2024-06-19 09:00:00+00:00,15299,2024-06-19 09:00:00+00:00,1,0,,,0,,,0,0,,,1,0,0,1,0,0,,,,,,0,,0,0,0,0,0,0,0
2847,5,15305,2024-06-20 09:00:00+00:00,15305,2024-06-20 09:00:00+00:00,1,0,,,0,,,0,0,,,1,0,0,1,0,0,,,,,,0,,0,0,0,0,0,0,0
2849,5,15311,2024-06-21 09:00:00+00:00,15311,2024-06-21 09:00:00+00:00,1,0,,,0,,,0,0,,,1,0,0,1,0,0,,,,,,0,,0,0,0,0,0,0,0
2850,5,15317,2024-06-24 09:00:00+00:00,15322,2024-06-25 05:00:00+00:00,1,1,15322.0,2024-06-25 05:00:00+00:00,0,,,0,0,,,0,0,0,0,0,0,0.4487163542498087,0.9427017984106982,0.6,1.0,2.0,-1,0.49593896392106884,0,0,0,1,0,0,1
2852,5,15340,2024-06-28 05:00:00+00:00,15340,2024-06-28 05:00:00+00:00,1,0,,,0,,,0,0,,,1,0,1,1,0,0,,,,,,0,,0,0,0,0,0,0,0
2853,5,15342,2024-06-28 13:00:00+00:00,15345,2024-07-01 01:00:00+00:00,1,1,15345.0,2024-07-01 01:00:00+00:00,0,,,0,0,,,0,0,0,0,0,0,0.7365832540774093,0.40054570259208266,0.4,0.0,3.0,-1,0.42803203192323636,1,1,0,1,1,0,1
2859,5,15376,2024-07-08 05:00:00+00:00,15376,2024-07-08 05:00:00+00:00,1,0,,,0,,,0,0,,,1,0,0,1,0,0,,,,,,0,,0,0,0,0,0,0,0
2860,5,15383,2024-07-09 09:00:00+00:00,15383,2024-07-09 09:00:00+00:00,1,0,,,0,,,0,0,,,1,0,0,1,0,0,,,,,,0,,0,0,0,0,0,0,0
2862,5,15421,2024-07-17 17:00:00+00:00,15421,2024-07-17 17:00:00+00:00,1,0,,,0,,,0,0,,,1,0,0,1,0,0,,,,,,0,,0,0,0,0,0,0,0
2865,5,15436,2024-07-22 05:00:00+00:00,15436,2024-07-22 05:00:00+00:00,1,0,,,0,,,0,0,,,1,0,0,1,0,0,,,,,,0,,0,0,0,0,0,0,0
2866,5,15461,2024-07-26 09:00:00+00:00,15461,2024-07-26 09:00:00+00:00,1,0,,,0,,,0,0,,,1,0,0,1,0,0,,,,,,0,,0,0,0,0,0,0,0
2869,5,15473,2024-07-30 09:00:00+00:00,15473,2024-07-30 09:00:00+00:00,1,0,,,0,,,0,0,,,1,0,0,1,0,0,,,,,,0,,0,0,0,0,0,0,0
2870,5,15476,2024-07-30 21:00:00+00:00,15476,2024-07-30 21:00:00+00:00,1,0,,,0,,,0,0,,,1,0,0,1,0,0,,,,,,0,,0,0,0,0,0,0,0
2871,5,15503,2024-08-06 09:00:00+00:00,15503,2024-08-06 09:00:00+00:00,1,0,,,0,,,0,0,,,1,0,0,1,0,0,,,,,,0,,0,0,0,0,0,0,0
2872,5,15506,2024-08-06 21:00:00+00:00,15506,2024-08-06 21:00:00+00:00,1,0,,,0,,,0,0,,,1,0,0,1,0,0,,,,,,0,,0,0,0,0,0,0,0
2874,5,15510,2024-08-07 13:00:00+00:00,15513,2024-08-08 01:00:00+00:00,1,1,15513.0,2024-08-08 01:00:00+00:00,0,,,0,0,,,0,0,0,0,0,0,0.42001748120469345,0.5040118107709213,0.4,0.0,2.0,-1,0.45086783601841973,0,0,0,1,0,0,1
2881,5,15523,2024-08-09 17:00:00+00:00,15525,2024-08-12 01:00:00+00:00,1,0,,,0,,,0,0,,,1,0,0,1,0,0,,,,,,0,,0,0,0,0,0,0,0
2883,5,15534,2024-08-13 13:00:00+00:00,15535,2024-08-13 17:00:00+00:00,1,0,,,0,,,0,0,,,1,0,0,1,0,0,,,,,,0,,0,0,0,0,0,0,0
2886,5,15541,2024-08-14 17:00:00+00:00,15541,2024-08-14 17:00:00+00:00,1,0,,,0,,,0,0,,,1,0,0,1,0,0,,,,,,0,,0,0,0,0,0,0,0
2890,5,15558,2024-08-19 13:00:00+00:00,15561,2024-08-20 01:00:00+00:00,1,1,15561.0,2024-08-20 01:00:00+00:00,0,,,0,0,,,0,0,0,0,0,0,0.6394885006656803,0.4328028293545405,0.4,3.0,0.0,1,0.5664811427177714,1,1,0,1,1,0,1
2892,5,15569,2024-08-21 09:00:00+00:00,15569,2024-08-21 09:00:00+00:00,1,0,,,0,,,0,0,,,1,0,0,1,0,0,,,,,,0,,0,0,0,0,0,0,0
2895,5,15585,2024-08-26 01:00:00+00:00,15585,2024-08-26 01:00:00+00:00,1,0,,,0,,,0,0,,,1,0,1,1,0,0,,,,,,0,,0,0,0,0,0,0,0
2896,5,15587,2024-08-26 09:00:00+00:00,15590,2024-08-26 21:00:00+00:00,1,1,15590.0,2024-08-26 21:00:00+00:00,0,,,0,0,,,0,0,0,0,0,0,0.46238410496678695,0.921368932929629,0.6,1.0,2.0,-1,0.4363629478655049,0,0,0,1,0,0,1
2903,5,15606,2024-08-29 13:00:00+00:00,15606,2024-08-29 13:00:00+00:00,1,0,,,0,,,0,0,,,1,0,0,1,0,0,,,,,,0,,0,0,0,0,0,0,0
2905,5,15611,2024-08-30 09:00:00+00:00,15611,2024-08-30 09:00:00+00:00,1,0,,,0,,,0,0,,,1,0,0,1,0,0,,,,,,0,,0,0,0,0,0,0,0
2908,5,15629,2024-09-04 09:00:00+00:00,15629,2024-09-04 09:00:00+00:00,1,0,,,0,,,0,0,,,1,0,0,1,0,0,,,,,,0,,0,0,0,0,0,0,0
2912,5,15651,2024-09-10 01:00:00+00:00,15651,2024-09-10 01:00:00+00:00,1,0,,,0,,,0,0,,,1,0,0,1,0,0,,,,,,0,,0,0,0,0,0,0,0
2914,5,15674,2024-09-15 21:00:00+00:00,15674,2024-09-15 21:00:00+00:00,1,0,,,0,,,0,0,,,1,0,0,1,0,0,,,,,,0,,0,0,0,0,0,0,0
2916,5,15678,2024-09-16 13:00:00+00:00,15681,2024-09-17 01:00:00+00:00,1,1,15681.0,2024-09-17 01:00:00+00:00,0,,,0,0,,,0,0,0,0,0,0,0.5293543202937395,0.6879039704524276,0.4,0.0,1.0,-1,0.3802196619309207,0,0,0,1,0,0,1
2920,5,15685,2024-09-17 17:00:00+00:00,15685,2024-09-17 17:00:00+00:00,1,0,,,0,,,0,0,,,1,0,1,1,0,0,,,,,,0,,0,0,0,0,0,0,0
2923,5,15687,2024-09-18 01:00:00+00:00,15687,2024-09-18 01:00:00+00:00,1,0,,,0,,,0,0,,,1,0,0,1,0,0,,,,,,0,,0,0,0,0,0,0,0
2926,5,15707,2024-09-23 09:00:00+00:00,15707,2024-09-23 09:00:00+00:00,1,0,,,0,,,0,0,,,1,0,0,1,0,0,,,,,,0,,0,0,0,0,0,0,0
2928,5,15733,2024-09-27 17:00:00+00:00,15733,2024-09-27 17:00:00+00:00,1,0,,,0,,,0,0,,,1,0,0,1,0,0,,,,,,0,,0,0,0,0,0,0,0
2931,5,15750,2024-10-02 13:00:00+00:00,15751,2024-10-02 17:00:00+00:00,1,0,,,0,,,0,0,,,1,0,0,1,0,0,,,,,,0,,0,0,0,0,0,0,0
2934,5,15754,2024-10-03 05:00:00+00:00,15754,2024-10-03 05:00:00+00:00,1,0,,,0,,,0,0,,,1,0,0,1,0,0,,,,,,0,,0,0,0,0,0,0,0
2939,5,15781,2024-10-09 17:00:00+00:00,15783,2024-10-10 01:00:00+00:00,1,0,,,0,,,0,0,,,1,0,0,1,0,0,,,,,,0,,0,0,0,0,0,0,0
2941,5,15786,2024-10-10 13:00:00+00:00,15787,2024-10-10 17:00:00+00:00,1,0,,,0,,,0,0,,,1,0,0,1,0,0,,,,,,0,,0,0,0,0,0,0,0
2944,5,15790,2024-10-11 05:00:00+00:00,15790,2024-10-11 05:00:00+00:00,1,0,,,0,,,0,0,,,1,0,0,1,0,0,,,,,,0,,0,0,0,0,0,0,0
2945,5,15794,2024-10-13 21:00:00+00:00,15794,2024-10-13 21:00:00+00:00,1,0,,,0,,,0,0,,,1,0,0,1,0,0,,,,,,0,,0,0,0,0,0,0,0
2946,5,15801,2024-10-15 01:00:00+00:00,15801,2024-10-15 01:00:00+00:00,1,0,,,0,,,0,0,,,1,0,0,1,0,0,,,,,,0,,0,0,0,0,0,0,0
2950,5,15847,2024-10-24 17:00:00+00:00,15849,2024-10-25 01:00:00+00:00,1,0,,,0,,,0,0,,,1,0,1,1,0,0,,,,,,0,,0,0,0,0,0,0,0
2952,5,15851,2024-10-25 09:00:00+00:00,15851,2024-10-25 09:00:00+00:00,1,0,,,0,,,0,0,,,1,0,0,1,0,0,,,,,,0,,0,0,0,0,0,0,0
2956,5,15863,2024-10-29 09:00:00+00:00,15863,2024-10-29 09:00:00+00:00,1,0,,,0,,,0,0,,,1,0,0,1,0,0,,,,,,0,,0,0,0,0,0,0,0
2959,5,15884,2024-11-03 22:00:00+00:00,15884,2024-11-03 22:00:00+00:00,1,0,,,0,,,0,0,,,1,0,0,1,0,0,,,,,,0,,0,0,0,0,0,0,0
2961,5,15888,2024-11-04 14:00:00+00:00,15890,2024-11-04 22:00:00+00:00,1,0,,,0,,,0,0,,,1,0,0,1,0,0,,,,,,0,,0,0,0,0,0,0,0
2965,5,15896,2024-11-05 22:00:00+00:00,15897,2024-11-06 02:00:00+00:00,1,0,,,0,,,0,0,,,1,0,0,1,0,0,,,,,,0,,0,0,0,0,0,0,0
2966,5,15910,2024-11-08 06:00:00+00:00,15911,2024-11-08 10:00:00+00:00,1,0,,,0,,,0,0,,,1,0,1,1,0,0,,,,,,0,,0,0,0,0,0,0,0
2967,5,15913,2024-11-08 18:00:00+00:00,15913,2024-11-08 18:00:00+00:00,1,0,,,0,,,0,0,,,1,0,0,1,0,0,,,,,,0,,0,0,0,0,0,0,0
2969,5,15923,2024-11-12 10:00:00+00:00,15923,2024-11-12 10:00:00+00:00,1,0,,,0,,,0,0,,,1,0,0,1,0,0,,,,,,0,,0,0,0,0,0,0,0
2971,5,15927,2024-11-13 02:00:00+00:00,15927,2024-11-13 02:00:00+00:00,1,0,,,0,,,0,0,,,1,0,0,1,0,0,,,,,,0,,0,0,0,0,0,0,0
2972,5,15937,2024-11-14 18:00:00+00:00,15938,2024-11-14 22:00:00+00:00,1,0,,,0,,,0,0,,,1,0,1,1,0,0,,,,,,0,,0,0,0,0,0,0,0
2973,5,15940,2024-11-15 06:00:00+00:00,15940,2024-11-15 06:00:00+00:00,1,0,,,0,,,0,0,,,1,0,0,1,0,0,,,,,,0,,0,0,0,0,0,0,0
2976,5,15945,2024-11-18 02:00:00+00:00,15945,2024-11-18 02:00:00+00:00,1,0,,,0,,,0,0,,,1,0,0,1,0,0,,,,,,0,,0,0,0,0,0,0,0
2977,5,15955,2024-11-19 18:00:00+00:00,15955,2024-11-19 18:00:00+00:00,1,0,,,0,,,0,0,,,1,0,0,1,0,0,,,,,,0,,0,0,0,0,0,0,0
2978,5,15958,2024-11-20 06:00:00+00:00,15959,2024-11-20 10:00:00+00:00,1,0,,,0,,,0,0,,,1,0,0,1,0,0,,,,,,0,,0,0,0,0,0,0,0
2981,5,15991,2024-11-27 18:00:00+00:00,15991,2024-11-27 18:00:00+00:00,1,0,,,0,,,0,0,,,1,0,0,1,0,0,,,,,,0,,0,0,0,0,0,0,0
2983,5,15998,2024-11-28 22:00:00+00:00,15998,2024-11-28 22:00:00+00:00,1,0,,,0,,,0,0,,,1,0,0,1,0,0,,,,,,0,,0,0,0,0,0,0,0
2988,5,16006,2024-12-02 06:00:00+00:00,16006,2024-12-02 06:00:00+00:00,1,0,,,0,,,0,0,,,1,0,1,1,0,0,,,,,,0,,0,0,0,0,0,0,0
2989,5,16008,2024-12-02 14:00:00+00:00,16008,2024-12-02 14:00:00+00:00,1,0,,,0,,,0,0,,,1,0,0,1,0,0,,,,,,0,,0,0,0,0,0,0,0
2992,5,16012,2024-12-03 06:00:00+00:00,16017,2024-12-04 02:00:00+00:00,1,1,16017.0,2024-12-04 02:00:00+00:00,1,16017.0,2024-12-04 02:00:00+00:00,1,0,16017.0,2024-12-04 02:00:00+00:00,0,0,0,0,0,1,0.4490502874188666,0.9834886382213393,0.4,0.0,1.0,-1,0.6855136414223718,0,0,0,0,0,0,1
2999,5,16025,2024-12-05 10:00:00+00:00,16025,2024-12-05 10:00:00+00:00,1,0,,,0,,,0,0,,,1,0,1,1,0,0,,,,,,0,,0,0,0,0,0,0,0
3000,5,16027,2024-12-05 18:00:00+00:00,16027,2024-12-05 18:00:00+00:00,1,0,,,0,,,0,0,,,1,0,0,1,0,0,,,,,,0,,0,0,0,0,0,0,0
3004,5,16042,2024-12-10 06:00:00+00:00,16042,2024-12-10 06:00:00+00:00,1,0,,,0,,,0,0,,,1,0,0,1,0,0,,,,,,0,,0,0,0,0,0,0,0
3005,5,16069,2024-12-16 18:00:00+00:00,16071,2024-12-17 02:00:00+00:00,1,0,,,0,,,0,0,,,1,0,0,1,0,0,,,,,,0,,0,0,0,0,0,0,0
3006,5,16074,2024-12-17 14:00:00+00:00,16075,2024-12-17 18:00:00+00:00,1,0,,,0,,,0,0,,,1,0,1,1,0,0,,,,,,0,,0,0,0,0,0,0,0
3010,5,16077,2024-12-18 02:00:00+00:00,16077,2024-12-18 02:00:00+00:00,1,0,,,0,,,0,0,,,1,0,1,1,0,0,,,,,,0,,0,0,0,0,0,0,0
3012,5,16079,2024-12-18 10:00:00+00:00,16079,2024-12-18 10:00:00+00:00,1,0,,,0,,,0,0,,,1,0,0,1,0,0,,,,,,0,,0,0,0,0,0,0,0
3015,5,16094,2024-12-22 22:00:00+00:00,16094,2024-12-22 22:00:00+00:00,1,0,,,0,,,0,0,,,1,0,0,1,0,0,,,,,,0,,0,0,0,0,0,0,0
3020,5,16102,2024-12-24 06:00:00+00:00,16105,2024-12-24 18:00:00+00:00,1,1,16105.0,2024-12-24 18:00:00+00:00,0,,,0,0,,,0,0,1,0,0,0,0.439640491904116,0.9739105086721791,0.4,0.0,2.0,-1,0.4522202544409327,0,0,0,1,0,0,1
3023,5,16107,2024-12-26 02:00:00+00:00,16109,2024-12-26 10:00:00+00:00,1,0,,,0,,,0,0,,,1,0,0,1,0,0,,,,,,0,,0,0,0,0,0,0,0
3027,5,16114,2024-12-27 06:00:00+00:00,16114,2024-12-27 06:00:00+00:00,1,0,,,0,,,0,0,,,1,0,0,1,0,0,,,,,,0,,0,0,0,0,0,0,0
3033,5,16127,2024-12-31 10:00:00+00:00,16127,2024-12-31 10:00:00+00:00,1,0,,,0,,,0,0,,,1,0,0,1,0,0,,,,,,0,,0,0,0,0,0,0,0
3034,5,16142,2025-01-05 22:00:00+00:00,16142,2025-01-05 22:00:00+00:00,1,0,,,0,,,0,0,,,1,0,0,1,0,0,,,,,,0,,0,0,0,0,0,0,0
3035,5,16153,2025-01-07 18:00:00+00:00,16153,2025-01-07 18:00:00+00:00,1,0,,,0,,,0,0,,,1,0,1,1,0,0,,,,,,0,,0,0,0,0,0,0,0
3037,5,16155,2025-01-08 02:00:00+00:00,16155,2025-01-08 02:00:00+00:00,1,0,,,0,,,0,0,,,1,0,0,1,0,0,,,,,,0,,0,0,0,0,0,0,0
3039,5,16169,2025-01-10 10:00:00+00:00,16169,2025-01-10 10:00:00+00:00,1,0,,,0,,,0,0,,,1,0,0,1,0,0,,,,,,0,,0,0,0,0,0,0,0
3040,5,16200,2025-01-17 14:00:00+00:00,16200,2025-01-17 14:00:00+00:00,1,0,,,0,,,0,0,,,1,0,0,1,0,0,,,,,,0,,0,0,0,0,0,0,0
3041,5,16213,2025-01-21 18:00:00+00:00,16213,2025-01-21 18:00:00+00:00,1,0,,,0,,,0,0,,,1,0,0,1,0,0,,,,,,0,,0,0,0,0,0,0,0
3042,5,16217,2025-01-22 10:00:00+00:00,16217,2025-01-22 10:00:00+00:00,1,0,,,0,,,0,0,,,1,0,1,1,0,0,,,,,,0,,0,0,0,0,0,0,0
3043,5,16219,2025-01-22 18:00:00+00:00,16219,2025-01-22 18:00:00+00:00,1,0,,,0,,,0,0,,,1,0,0,1,0,0,,,,,,0,,0,0,0,0,0,0,0
3045,5,16259,2025-01-31 10:00:00+00:00,16259,2025-01-31 10:00:00+00:00,1,0,,,0,,,0,0,,,1,0,0,1,0,0,,,,,,0,,0,0,0,0,0,0,0
3046,5,16289,2025-02-07 10:00:00+00:00,16289,2025-02-07 10:00:00+00:00,1,0,,,0,,,0,0,,,1,0,0,1,0,0,,,,,,0,,0,0,0,0,0,0,0
3047,5,16305,2025-02-12 02:00:00+00:00,16305,2025-02-12 02:00:00+00:00,1,0,,,0,,,0,0,,,1,0,0,1,0,0,,,,,,0,,0,0,0,0,0,0,0
3049,5,16325,2025-02-17 10:00:00+00:00,16325,2025-02-17 10:00:00+00:00,1,0,,,0,,,0,0,,,1,0,0,1,0,0,,,,,,0,,0,0,0,0,0,0,0
3052,5,16338,2025-02-19 14:00:00+00:00,16338,2025-02-19 14:00:00+00:00,1,0,,,0,,,0,0,,,1,0,0,1,0,0,,,,,,0,,0,0,0,0,0,0,0
3058,5,16353,2025-02-24 02:00:00+00:00,16353,2025-02-24 02:00:00+00:00,1,0,,,0,,,0,0,,,1,0,0,1,0,0,,,,,,0,,0,0,0,0,0,0,0
3060,5,16360,2025-02-25 06:00:00+00:00,16360,2025-02-25 06:00:00+00:00,1,0,,,0,,,0,0,,,1,0,0,1,0,0,,,,,,0,,0,0,0,0,0,0,0
3062,5,16371,2025-02-27 02:00:00+00:00,16371,2025-02-27 02:00:00+00:00,1,0,,,0,,,0,0,,,1,0,0,1,0,0,,,,,,0,,0,0,0,0,0,0,0
3064,5,16396,2025-03-05 06:00:00+00:00,16396,2025-03-05 06:00:00+00:00,1,0,,,0,,,0,0,,,1,0,0,1,0,0,,,,,,0,,0,0,0,0,0,0,0
3069,5,16403,2025-03-06 10:00:00+00:00,16406,2025-03-06 22:00:00+00:00,1,0,,,0,,,0,0,,,0,0,0,1,0,0,,,,,,0,,0,0,0,0,0,0,0
3073,5,16415,2025-03-10 09:00:00+00:00,16415,2025-03-10 09:00:00+00:00,1,0,,,0,,,0,0,,,1,0,0,1,0,0,,,,,,0,,0,0,0,0,0,0,0
3074,5,16418,2025-03-10 21:00:00+00:00,16420,2025-03-11 05:00:00+00:00,1,0,,,0,,,0,0,,,1,0,0,1,0,0,,,,,,0,,0,0,0,0,0,0,0
3078,5,16425,2025-03-12 01:00:00+00:00,16426,2025-03-12 05:00:00+00:00,1,0,,,0,,,0,0,,,1,0,0,1,0,0,,,,,,0,,0,0,0,0,0,0,0
3081,5,16433,2025-03-13 09:00:00+00:00,16433,2025-03-13 09:00:00+00:00,1,0,,,0,,,0,0,,,1,0,0,1,0,0,,,,,,0,,0,0,0,0,0,0,0
3082,5,16446,2025-03-17 13:00:00+00:00,16446,2025-03-17 13:00:00+00:00,1,0,,,0,,,0,0,,,1,0,0,1,0,0,,,,,,0,,0,0,0,0,0,0,0
3084,5,16467,2025-03-21 01:00:00+00:00,16467,2025-03-21 01:00:00+00:00,1,0,,,0,,,0,0,,,1,0,0,1,0,0,,,,,,0,,0,0,0,0,0,0,0
3085,5,16487,2025-03-26 09:00:00+00:00,16490,2025-03-26 21:00:00+00:00,1,1,16490.0,2025-03-26 21:00:00+00:00,0,,,0,0,,,0,0,0,0,0,0,0.3375428325799958,0.7928427419354742,0.4,0.0,1.0,-1,0.47337313934865866,0,0,0,1,0,0,1
3090,5,16517,2025-04-02 09:00:00+00:00,16518,2025-04-02 13:00:00+00:00,1,0,,,0,,,0,0,,,1,0,0,1,0,0,,,,,,0,,0,0,0,0,0,0,0
3092,5,16542,2025-04-08 13:00:00+00:00,16545,2025-04-09 01:00:00+00:00,1,0,,,0,,,0,0,,,0,0,0,1,0,0,,,,,,0,,0,0,0,0,0,0,0
3094,5,16552,2025-04-10 05:00:00+00:00,16552,2025-04-10 05:00:00+00:00,1,0,,,0,,,0,0,,,1,0,0,1,0,0,,,,,,0,,0,0,0,0,0,0,0
3095,5,16563,2025-04-14 01:00:00+00:00,16564,2025-04-14 05:00:00+00:00,1,0,,,0,,,0,0,,,1,0,0,1,0,0,,,,,,0,,0,0,0,0,0,0,0
3096,5,16572,2025-04-15 13:00:00+00:00,16573,2025-04-15 17:00:00+00:00,1,0,,,0,,,0,0,,,1,0,0,1,0,0,,,,,,0,,0,0,0,0,0,0,0
3097,5,16594,2025-04-22 05:00:00+00:00,16595,2025-04-22 09:00:00+00:00,1,0,,,0,,,0,0,,,1,0,0,1,0,0,,,,,,0,,0,0,0,0,0,0,0
3101,5,16626,2025-04-29 13:00:00+00:00,16626,2025-04-29 13:00:00+00:00,1,0,,,0,,,0,0,,,1,0,1,1,0,0,,,,,,0,,0,0,0,0,0,0,0
3102,5,16628,2025-04-29 21:00:00+00:00,16629,2025-04-30 01:00:00+00:00,1,0,,,0,,,0,0,,,1,0,0,1,0,0,,,,,,0,,0,0,0,0,0,0,0
3104,5,16640,2025-05-01 21:00:00+00:00,16640,2025-05-01 21:00:00+00:00,1,0,,,0,,,0,0,,,1,0,1,1,0,0,,,,,,0,,0,0,0,0,0,0,0
3105,5,16642,2025-05-02 05:00:00+00:00,16642,2025-05-02 05:00:00+00:00,1,0,,,0,,,0,0,,,1,0,1,1,0,0,,,,,,0,,0,0,0,0,0,0,0
3107,5,16644,2025-05-02 13:00:00+00:00,16647,2025-05-05 01:00:00+00:00,1,1,16647.0,2025-05-05 01:00:00+00:00,1,16647.0,2025-05-05 01:00:00+00:00,1,0,16647.0,2025-05-05 01:00:00+00:00,0,0,0,0,0,1,0.4644383956773371,0.9820407344236075,0.6,1.0,1.0,0,0.625965270825651,0,0,0,0,0,0,0
3110,5,16663,2025-05-07 17:00:00+00:00,16664,2025-05-07 21:00:00+00:00,1,0,,,0,,,0,0,,,1,0,0,1,0,0,,,,,,0,,0,0,0,0,0,0,0
3111,5,16689,2025-05-14 01:00:00+00:00,16690,2025-05-14 05:00:00+00:00,1,0,,,0,,,0,0,,,1,0,0,1,0,0,,,,,,0,,0,0,0,0,0,0,0
3113,5,16710,2025-05-19 13:00:00+00:00,16714,2025-05-20 05:00:00+00:00,1,0,,,0,,,0,0,,,0,0,0,1,0,0,,,,,,0,,0,0,0,0,0,0,0
3115,5,16722,2025-05-21 13:00:00+00:00,16724,2025-05-21 21:00:00+00:00,1,0,,,0,,,0,0,,,1,0,0,1,0,0,,,,,,0,,0,0,0,0,0,0,0
3116,5,16731,2025-05-23 01:00:00+00:00,16731,2025-05-23 01:00:00+00:00,1,0,,,0,,,0,0,,,1,0,0,1,0,0,,,,,,0,,0,0,0,0,0,0,0
3117,5,16738,2025-05-26 05:00:00+00:00,16738,2025-05-26 05:00:00+00:00,1,0,,,0,,,0,0,,,1,0,0,1,0,0,,,,,,0,,0,0,0,0,0,0,0
3120,5,16749,2025-05-28 01:00:00+00:00,16749,2025-05-28 01:00:00+00:00,1,0,,,0,,,0,0,,,1,0,0,1,0,0,,,,,,0,,0,0,0,0,0,0,0
3121,5,16752,2025-05-28 13:00:00+00:00,16752,2025-05-28 13:00:00+00:00,1,0,,,0,,,0,0,,,1,0,0,1,0,0,,,,,,0,,0,0,0,0,0,0,0
3123,5,16763,2025-05-30 09:00:00+00:00,16763,2025-05-30 09:00:00+00:00,1,0,,,0,,,0,0,,,1,0,0,1,0,0,,,,,,0,,0,0,0,0,0,0,0
3124,5,16783,2025-06-04 17:00:00+00:00,16783,2025-06-04 17:00:00+00:00,1,0,,,0,,,0,0,,,1,0,0,1,0,0,,,,,,0,,0,0,0,0,0,0,0
3126,5,16802,2025-06-09 21:00:00+00:00,16802,2025-06-09 21:00:00+00:00,1,0,,,0,,,0,0,,,1,0,0,1,0,0,,,,,,0,,0,0,0,0,0,0,0
3127,5,16810,2025-06-11 05:00:00+00:00,16810,2025-06-11 05:00:00+00:00,1,0,,,0,,,0,0,,,1,0,0,1,0,0,,,,,,0,,0,0,0,0,0,0,0
3129,5,16826,2025-06-15 21:00:00+00:00,16826,2025-06-15 21:00:00+00:00,1,0,,,0,,,0,0,,,1,0,0,1,0,0,,,,,,0,,0,0,0,0,0,0,0
3130,5,16835,2025-06-17 09:00:00+00:00,16835,2025-06-17 09:00:00+00:00,1,0,,,0,,,0,0,,,1,0,0,1,0,0,,,,,,0,,0,0,0,0,0,0,0
3131,5,16842,2025-06-18 13:00:00+00:00,16842,2025-06-18 13:00:00+00:00,1,0,,,0,,,0,0,,,1,0,0,1,0,0,,,,,,0,,0,0,0,0,0,0,0
3138,5,16855,2025-06-20 17:00:00+00:00,16855,2025-06-20 17:00:00+00:00,1,0,,,0,,,0,0,,,1,0,0,1,0,0,,,,,,0,,0,0,0,0,0,0,0
3143,5,16871,2025-06-25 09:00:00+00:00,16871,2025-06-25 09:00:00+00:00,1,0,,,0,,,0,0,,,1,0,0,1,0,0,,,,,,0,,0,0,0,0,0,0,0
3144,5,16877,2025-06-26 09:00:00+00:00,16877,2025-06-26 09:00:00+00:00,1,0,,,0,,,0,0,,,1,0,0,1,0,0,,,,,,0,,0,0,0,0,0,0,0
3147,5,16902,2025-07-02 13:00:00+00:00,16902,2025-07-02 13:00:00+00:00,1,0,,,0,,,0,0,,,1,0,0,1,0,0,,,,,,0,,0,0,0,0,0,0,0
3151,5,16912,2025-07-04 05:00:00+00:00,16914,2025-07-04 13:00:00+00:00,1,0,,,0,,,0,0,,,1,0,0,1,0,0,,,,,,0,,0,0,0,0,0,0,0
3153,5,16930,2025-07-09 09:00:00+00:00,16930,2025-07-09 09:00:00+00:00,1,0,,,0,,,0,0,,,1,0,0,1,0,0,,,,,,0,,0,0,0,0,0,0,0
3155,5,16947,2025-07-14 05:00:00+00:00,16948,2025-07-14 09:00:00+00:00,1,0,,,0,,,0,0,,,1,0,1,1,0,0,,,,,,0,,0,0,0,0,0,0,0
3157,5,16950,2025-07-14 17:00:00+00:00,16951,2025-07-14 21:00:00+00:00,1,0,,,0,,,0,0,,,1,0,0,1,0,0,,,,,,0,,0,0,0,0,0,0,0
3160,5,16954,2025-07-15 09:00:00+00:00,16954,2025-07-15 09:00:00+00:00,1,0,,,0,,,0,0,,,1,0,0,1,0,0,,,,,,0,,0,0,0,0,0,0,0
3162,5,16960,2025-07-16 09:00:00+00:00,16960,2025-07-16 09:00:00+00:00,1,0,,,0,,,0,0,,,1,0,0,1,0,0,,,,,,0,,0,0,0,0,0,0,0
3163,5,16968,2025-07-17 17:00:00+00:00,16970,2025-07-18 01:00:00+00:00,1,0,,,0,,,0,0,,,1,0,0,1,0,0,,,,,,0,,0,0,0,0,0,0,0
3164,5,16973,2025-07-18 13:00:00+00:00,16974,2025-07-18 17:00:00+00:00,1,0,,,0,,,0,0,,,1,0,1,1,0,0,,,,,,0,,0,0,0,0,0,0,0
3166,5,16976,2025-07-21 01:00:00+00:00,16976,2025-07-21 01:00:00+00:00,1,0,,,0,,,0,0,,,1,0,0,1,0,0,,,,,,0,,0,0,0,0,0,0,0
3167,5,16983,2025-07-22 05:00:00+00:00,16983,2025-07-22 05:00:00+00:00,1,0,,,0,,,0,0,,,1,0,0,1,0,0,,,,,,0,,0,0,0,0,0,0,0
3168,5,16997,2025-07-24 13:00:00+00:00,16997,2025-07-24 13:00:00+00:00,1,0,,,0,,,0,0,,,1,0,0,1,0,0,,,,,,0,,0,0,0,0,0,0,0
3170,5,17006,2025-07-28 01:00:00+00:00,17008,2025-07-28 09:00:00+00:00,1,0,,,0,,,0,0,,,1,0,0,1,0,0,,,,,,0,,0,0,0,0,0,0,0
3171,5,17014,2025-07-29 09:00:00+00:00,17014,2025-07-29 09:00:00+00:00,1,0,,,0,,,0,0,,,1,0,0,1,0,0,,,,,,0,,0,0,0,0,0,0,0
3172,5,17017,2025-07-29 21:00:00+00:00,17017,2025-07-29 21:00:00+00:00,1,0,,,0,,,0,0,,,1,0,0,1,0,0,,,,,,0,,0,0,0,0,0,0,0
3174,5,17029,2025-07-31 21:00:00+00:00,17029,2025-07-31 21:00:00+00:00,1,0,,,0,,,0,0,,,1,0,0,1,0,0,,,,,,0,,0,0,0,0,0,0,0
3175,5,17064,2025-08-08 17:00:00+00:00,17065,2025-08-10 21:00:00+00:00,1,0,,,0,,,0,0,,,1,0,0,1,0,0,,,,,,0,,0,0,0,0,0,0,0
3176,5,17072,2025-08-12 01:00:00+00:00,17072,2025-08-12 01:00:00+00:00,1,0,,,0,,,0,0,,,1,0,0,1,0,0,,,,,,0,,0,0,0,0,0,0,0
3177,5,17090,2025-08-15 01:00:00+00:00,17090,2025-08-15 01:00:00+00:00,1,0,,,0,,,0,0,,,1,0,1,1,0,0,,,,,,0,,0,0,0,0,0,0,0
3178,5,17092,2025-08-15 09:00:00+00:00,17094,2025-08-15 17:00:00+00:00,1,0,,,0,,,0,0,,,1,0,0,1,0,0,,,,,,0,,0,0,0,0,0,0,0
3188,5,17130,2025-08-25 17:00:00+00:00,17130,2025-08-25 17:00:00+00:00,1,0,,,0,,,0,0,,,1,0,0,1,0,0,,,,,,0,,0,0,0,0,0,0,0
3189,5,17137,2025-08-26 21:00:00+00:00,17137,2025-08-26 21:00:00+00:00,1,0,,,0,,,0,0,,,1,0,0,1,0,0,,,,,,0,,0,0,0,0,0,0,0
3191,5,17140,2025-08-27 09:00:00+00:00,17140,2025-08-27 09:00:00+00:00,1,0,,,0,,,0,0,,,1,0,0,1,0,0,,,,,,0,,0,0,0,0,0,0,0
3193,5,17180,2025-09-05 01:00:00+00:00,17180,2025-09-05 01:00:00+00:00,1,0,,,0,,,0,0,,,1,0,0,1,0,0,,,,,,0,,0,0,0,0,0,0,0
3194,5,17201,2025-09-10 13:00:00+00:00,17201,2025-09-10 13:00:00+00:00,1,0,,,0,,,0,0,,,1,0,1,1,0,0,,,,,,0,,0,0,0,0,0,0,0
3195,5,17203,2025-09-10 21:00:00+00:00,17203,2025-09-10 21:00:00+00:00,1,0,,,0,,,0,0,,,1,0,0,1,0,0,,,,,,0,,0,0,0,0,0,0,0
3197,5,17212,2025-09-12 09:00:00+00:00,17214,2025-09-12 17:00:00+00:00,1,0,,,0,,,0,0,,,1,0,0,1,0,0,,,,,,0,,0,0,0,0,0,0,0
3199,5,17224,2025-09-16 09:00:00+00:00,17225,2025-09-16 13:00:00+00:00,1,0,,,0,,,0,0,,,1,0,0,1,0,0,,,,,,0,,0,0,0,0,0,0,0
3200,5,17230,2025-09-17 09:00:00+00:00,17230,2025-09-17 09:00:00+00:00,1,0,,,0,,,0,0,,,1,0,0,1,0,0,,,,,,0,,0,0,0,0,0,0,0
3201,5,17242,2025-09-19 09:00:00+00:00,17242,2025-09-19 09:00:00+00:00,1,0,,,0,,,0,0,,,1,0,0,1,0,0,,,,,,0,,0,0,0,0,0,0,0
3202,5,17255,2025-09-23 13:00:00+00:00,17255,2025-09-23 13:00:00+00:00,1,0,,,0,,,0,0,,,1,0,0,1,0,0,,,,,,0,,0,0,0,0,0,0,0
3204,5,17258,2025-09-24 01:00:00+00:00,17259,2025-09-24 05:00:00+00:00,1,0,,,0,,,0,0,,,1,0,0,1,0,0,,,,,,0,,0,0,0,0,0,0,0
3205,5,17272,2025-09-26 09:00:00+00:00,17272,2025-09-26 09:00:00+00:00,1,0,,,0,,,0,0,,,1,0,0,1,0,0,,,,,,0,,0,0,0,0,0,0,0
3207,5,17283,2025-09-30 05:00:00+00:00,17283,2025-09-30 05:00:00+00:00,1,0,,,0,,,0,0,,,1,0,0,1,0,0,,,,,,0,,0,0,0,0,0,0,0
3208,5,17295,2025-10-02 05:00:00+00:00,17295,2025-10-02 05:00:00+00:00,1,0,,,0,,,0,0,,,1,0,0,1,0,0,,,,,,0,,0,0,0,0,0,0,0
3210,5,17324,2025-10-09 01:00:00+00:00,17326,2025-10-09 09:00:00+00:00,1,0,,,0,,,0,0,,,1,0,0,1,0,0,,,,,,0,,0,0,0,0,0,0,0
3213,5,17334,2025-10-10 17:00:00+00:00,17334,2025-10-10 17:00:00+00:00,1,0,,,0,,,0,0,,,1,0,0,1,0,0,,,,,,0,,0,0,0,0,0,0,0
3214,5,17362,2025-10-17 09:00:00+00:00,17362,2025-10-17 09:00:00+00:00,1,0,,,0,,,0,0,,,1,0,0,1,0,0,,,,,,0,,0,0,0,0,0,0,0
3216,5,17384,2025-10-23 01:00:00+00:00,17384,2025-10-23 01:00:00+00:00,1,0,,,0,,,0,0,,,1,0,0,1,0,0,,,,,,0,,0,0,0,0,0,0,0
3218,5,17390,2025-10-24 01:00:00+00:00,17390,2025-10-24 01:00:00+00:00,1,0,,,0,,,0,0,,,1,0,1,1,0,0,,,,,,0,,0,0,0,0,0,0,0
3221,5,17392,2025-10-24 09:00:00+00:00,17396,2025-10-27 01:00:00+00:00,1,1,17396.0,2025-10-27 01:00:00+00:00,1,17396.0,2025-10-27 01:00:00+00:00,1,0,17396.0,2025-10-27 01:00:00+00:00,0,0,0,0,0,1,0.3942719867505246,0.9268061836155219,0.6,1.0,1.0,0,0.6384061862188996,0,0,0,0,0,0,1
3227,5,17404,2025-10-28 09:00:00+00:00,17405,2025-10-28 13:00:00+00:00,1,0,,,0,,,0,0,,,1,0,0,1,0,0,,,,,,0,,0,0,0,0,0,0,0
3230,5,17414,2025-10-30 01:00:00+00:00,17414,2025-10-30 01:00:00+00:00,1,0,,,0,,,0,0,,,1,0,1,1,0,0,,,,,,0,,0,0,0,0,0,0,0
3232,5,17416,2025-10-30 09:00:00+00:00,17417,2025-10-30 13:00:00+00:00,1,0,,,0,,,0,0,,,1,0,0,1,0,0,,,,,,0,,0,0,0,0,0,0,0
3234,5,17420,2025-10-31 01:00:00+00:00,17420,2025-10-31 01:00:00+00:00,1,0,,,0,,,0,0,,,1,0,1,1,0,0,,,,,,0,,0,0,0,0,0,0,0
3237,5,17422,2025-10-31 09:00:00+00:00,17424,2025-10-31 17:00:00+00:00,1,0,,,0,,,0,0,,,1,0,0,1,0,0,,,,,,0,,0,0,0,0,0,0,0
3240,5,17430,2025-11-03 18:00:00+00:00,17430,2025-11-03 18:00:00+00:00,1,0,,,0,,,0,0,,,1,0,0,1,0,0,,,,,,0,,0,0,0,0,0,0,0
3244,5,17436,2025-11-04 18:00:00+00:00,17436,2025-11-04 18:00:00+00:00,1,0,,,0,,,0,0,,,1,0,0,1,0,0,,,,,,0,,0,0,0,0,0,0,0
3249,5,17443,2025-11-05 22:00:00+00:00,17443,2025-11-05 22:00:00+00:00,1,0,,,0,,,0,0,,,1,0,0,1,0,0,,,,,,0,,0,0,0,0,0,0,0
3252,5,17447,2025-11-06 14:00:00+00:00,17447,2025-11-06 14:00:00+00:00,1,0,,,0,,,0,0,,,1,0,0,1,0,0,,,,,,0,,0,0,0,0,0,0,0
3254,5,17452,2025-11-07 10:00:00+00:00,17452,2025-11-07 10:00:00+00:00,1,0,,,0,,,0,0,,,1,0,0,1,0,0,,,,,,0,,0,0,0,0,0,0,0
3258,5,17469,2025-11-12 06:00:00+00:00,17469,2025-11-12 06:00:00+00:00,1,0,,,0,,,0,0,,,1,0,0,1,0,0,,,,,,0,,0,0,0,0,0,0,0
3260,5,17488,2025-11-17 10:00:00+00:00,17488,2025-11-17 10:00:00+00:00,1,0,,,0,,,0,0,,,1,0,0,1,0,0,,,,,,0,,0,0,0,0,0,0,0
3261,5,17493,2025-11-18 06:00:00+00:00,17496,2025-11-18 18:00:00+00:00,1,0,,,0,,,0,0,,,0,0,0,1,0,0,,,,,,0,,0,0,0,0,0,0,0
3265,5,17500,2025-11-19 10:00:00+00:00,17500,2025-11-19 10:00:00+00:00,1,0,,,0,,,0,0,,,1,0,0,1,0,0,,,,,,0,,0,0,0,0,0,0,0
3266,5,17507,2025-11-20 14:00:00+00:00,17507,2025-11-20 14:00:00+00:00,1,0,,,0,,,0,0,,,1,0,0,1,0,0,,,,,,0,,0,0,0,0,0,0,0
3268,5,17518,2025-11-24 10:00:00+00:00,17518,2025-11-24 10:00:00+00:00,1,0,,,0,,,0,0,,,1,0,0,1,0,0,,,,,,0,,0,0,0,0,0,0,0
3270,5,17525,2025-11-25 14:00:00+00:00,17527,2025-11-25 22:00:00+00:00,1,0,,,0,,,0,0,,,1,0,0,1,0,0,,,,,,0,,0,0,0,0,0,0,0
3272,5,17530,2025-11-26 10:00:00+00:00,17530,2025-11-26 10:00:00+00:00,1,0,,,0,,,0,0,,,1,0,0,1,0,0,,,,,,0,,0,0,0,0,0,0,0
3275,5,17536,2025-11-27 10:00:00+00:00,17538,2025-11-27 18:00:00+00:00,1,0,,,0,,,0,0,,,1,0,0,1,0,0,,,,,,0,,0,0,0,0,0,0,0
3278,5,17561,2025-12-03 14:00:00+00:00,17563,2025-12-03 22:00:00+00:00,1,0,,,0,,,0,0,,,1,0,0,1,0,0,,,,,,0,,0,0,0,0,0,0,0
3280,5,17566,2025-12-04 10:00:00+00:00,17568,2025-12-04 18:00:00+00:00,1,0,,,0,,,0,0,,,1,0,0,1,0,0,,,,,,0,,0,0,0,0,0,0,0
3284,5,17578,2025-12-08 10:00:00+00:00,17578,2025-12-08 10:00:00+00:00,1,0,,,0,,,0,0,,,1,0,0,1,0,0,,,,,,0,,0,0,0,0,0,0,0
3285,5,17582,2025-12-09 02:00:00+00:00,17582,2025-12-09 02:00:00+00:00,1,0,,,0,,,0,0,,,1,0,0,1,0,0,,,,,,0,,0,0,0,0,0,0,0
3287,5,17589,2025-12-10 06:00:00+00:00,17591,2025-12-10 14:00:00+00:00,1,0,,,0,,,0,0,,,1,0,0,1,0,0,,,,,,0,,0,0,0,0,0,0,0
3290,5,17614,2025-12-16 10:00:00+00:00,17614,2025-12-16 10:00:00+00:00,1,0,,,0,,,0,0,,,1,0,0,1,0,0,,,,,,0,,0,0,0,0,0,0,0
3294,5,17619,2025-12-17 06:00:00+00:00,17623,2025-12-17 22:00:00+00:00,1,1,17623.0,2025-12-17 22:00:00+00:00,0,,,0,0,,,0,0,1,0,0,0,0.5445031487643063,0.5387427762707819,0.4,2.0,0.0,1,0.4167432806561506,0,0,0,1,0,0,1
3299,5,17625,2025-12-18 06:00:00+00:00,17625,2025-12-18 06:00:00+00:00,1,0,,,0,,,0,0,,,1,0,0,1,0,0,,,,,,0,,0,0,0,0,0,0,0
3300,5,17632,2025-12-19 10:00:00+00:00,17632,2025-12-19 10:00:00+00:00,1,0,,,0,,,0,0,,,1,0,0,1,0,0,,,,,,0,,0,0,0,0,0,0,0
3302,5,17682,2026-01-02 18:00:00+00:00,17682,2026-01-02 18:00:00+00:00,1,0,,,0,,,0,0,,,1,0,1,1,0,0,,,,,,0,,0,0,0,0,0,0,0
3303,5,17684,2026-01-05 02:00:00+00:00,17684,2026-01-05 02:00:00+00:00,1,0,,,0,,,0,0,,,1,0,0,1,0,0,,,,,,0,,0,0,0,0,0,0,0
3304,5,17688,2026-01-05 18:00:00+00:00,17688,2026-01-05 18:00:00+00:00,1,0,,,0,,,0,0,,,1,0,0,1,0,0,,,,,,0,,0,0,0,0,0,0,0
3305,5,17692,2026-01-06 10:00:00+00:00,17692,2026-01-06 10:00:00+00:00,1,0,,,0,,,0,0,,,1,0,0,1,0,0,,,,,,0,,0,0,0,0,0,0,0
3306,5,17695,2026-01-06 22:00:00+00:00,17697,2026-01-07 06:00:00+00:00,1,0,,,0,,,0,0,,,1,0,0,1,0,0,,,,,,0,,0,0,0,0,0,0,0
3311,5,17700,2026-01-07 18:00:00+00:00,17703,2026-01-08 06:00:00+00:00,1,0,,,0,,,0,0,,,0,0,0,1,0,0,,,,,,0,,0,0,0,0,0,0,0
3314,5,17722,2026-01-13 10:00:00+00:00,17722,2026-01-13 10:00:00+00:00,1,0,,,0,,,0,0,,,1,0,0,1,0,0,,,,,,0,,0,0,0,0,0,0,0
3318,5,17732,2026-01-15 02:00:00+00:00,17733,2026-01-15 06:00:00+00:00,1,0,,,0,,,0,0,,,1,0,1,1,0,0,,,,,,0,,0,0,0,0,0,0,0
3320,5,17735,2026-01-15 14:00:00+00:00,17738,2026-01-16 02:00:00+00:00,1,1,17738.0,2026-01-16 02:00:00+00:00,0,,,0,0,,,0,0,0,0,0,0,0.4440974692675544,0.7206379134260279,0.4,2.0,0.0,1,0.504282739551513,0,0,0,1,0,0,1
3324,5,17749,2026-01-19 22:00:00+00:00,17749,2026-01-19 22:00:00+00:00,1,0,,,0,,,0,0,,,1,0,0,1,0,0,,,,,,0,,0,0,0,0,0,0,0
3326,5,17770,2026-01-23 10:00:00+00:00,17770,2026-01-23 10:00:00+00:00,1,0,,,0,,,0,0,,,1,0,0,1,0,0,,,,,,0,,0,0,0,0,0,0,0
3327,5,17810,2026-02-03 02:00:00+00:00,17810,2026-02-03 02:00:00+00:00,1,0,,,0,,,0,0,,,1,0,0,1,0,0,,,,,,0,,0,0,0,0,0,0,0
3329,5,17817,2026-02-04 06:00:00+00:00,17817,2026-02-04 06:00:00+00:00,1,0,,,0,,,0,0,,,1,0,0,1,0,0,,,,,,0,,0,0,0,0,0,0,0
3330,5,17820,2026-02-04 18:00:00+00:00,17820,2026-02-04 18:00:00+00:00,1,0,,,0,,,0,0,,,1,0,0,1,0,0,,,,,,0,,0,0,0,0,0,0,0
3334,5,17838,2026-02-09 18:00:00+00:00,17844,2026-02-10 18:00:00+00:00,1,1,17841.0,2026-02-10 06:00:00+00:00,0,,,0,0,,,0,0,0,0,0,0,0.5146322039390805,0.9481414110791024,0.4,0.0,1.0,-1,0.41763144367507843,0,0,0,1,0,0,1
3337,5,17847,2026-02-11 06:00:00+00:00,17847,2026-02-11 06:00:00+00:00,1,0,,,0,,,0,0,,,1,0,0,1,0,0,,,,,,0,,0,0,0,0,0,0,0
3338,5,17853,2026-02-12 06:00:00+00:00,17854,2026-02-12 10:00:00+00:00,1,0,,,0,,,0,0,,,1,0,0,1,0,0,,,,,,0,,0,0,0,0,0,0,0
3339,5,17857,2026-02-12 22:00:00+00:00,17858,2026-02-13 02:00:00+00:00,1,0,,,0,,,0,0,,,1,0,0,1,0,0,,,,,,0,,0,0,0,0,0,0,0
3340,5,17867,2026-02-16 14:00:00+00:00,17867,2026-02-16 14:00:00+00:00,1,0,,,0,,,0,0,,,1,0,0,1,0,0,,,,,,0,,0,0,0,0,0,0,0
3342,5,17881,2026-02-18 22:00:00+00:00,17881,2026-02-18 22:00:00+00:00,1,0,,,0,,,0,0,,,1,0,0,1,0,0,,,,,,0,,0,0,0,0,0,0,0
3344,5,17885,2026-02-19 14:00:00+00:00,17890,2026-02-20 10:00:00+00:00,1,1,17888.0,2026-02-20 02:00:00+00:00,0,,,0,0,,,0,0,0,0,0,0,0.6001402930571879,0.7000737337643888,0.4,2.0,0.0,1,0.5388139712498226,1,0,0,1,0,0,1
3348,5,17910,2026-02-25 18:00:00+00:00,17911,2026-02-25 22:00:00+00:00,1,0,,,0,,,0,0,,,1,0,0,1,0,0,,,,,,0,,0,0,0,0,0,0,0
3351,5,17942,2026-03-05 02:00:00+00:00,17943,2026-03-05 06:00:00+00:00,1,0,,,0,,,0,0,,,1,0,0,1,0,0,,,,,,0,,0,0,0,0,0,0,0
3355,5,17947,2026-03-05 22:00:00+00:00,17947,2026-03-05 22:00:00+00:00,1,0,,,0,,,0,0,,,1,0,1,1,0,0,,,,,,0,,0,0,0,0,0,0,0
3356,5,17949,2026-03-06 06:00:00+00:00,17950,2026-03-06 10:00:00+00:00,1,0,,,0,,,0,0,,,1,0,0,1,0,0,,,,,,0,,0,0,0,0,0,0,0
3358,5,17954,2026-03-09 01:00:00+00:00,17956,2026-03-09 09:00:00+00:00,1,0,,,0,,,0,0,,,1,0,0,1,0,0,,,,,,0,,0,0,0,0,0,0,0
3362,5,17965,2026-03-10 21:00:00+00:00,17966,2026-03-11 01:00:00+00:00,1,0,,,0,,,0,0,,,1,0,0,1,0,0,,,,,,0,,0,0,0,0,0,0,0
3369,5,17980,2026-03-13 09:00:00+00:00,17980,2026-03-13 09:00:00+00:00,1,0,,,0,,,0,0,,,1,0,0,1,0,0,,,,,,0,,0,0,0,0,0,0,0
2,8,14,2014-06-26 21:00:00+00:00,17,2014-06-27 09:00:00+00:00,1,0,,,0,,,0,0,,,0,0,0,1,0,0,,,,,,0,,0,0,0,0,0,0,0
5,8,20,2014-06-29 21:00:00+00:00,22,2014-06-30 05:00:00+00:00,1,0,,,0,,,0,0,,,1,0,0,1,0,0,,,,,,0,,0,0,0,0,0,0,0
9,8,59,2014-07-08 13:00:00+00:00,59,2014-07-08 13:00:00+00:00,1,0,,,0,,,0,0,,,1,0,0,1,0,0,,,,,,0,,0,0,0,0,0,0,0
13,8,79,2014-07-13 21:00:00+00:00,79,2014-07-13 21:00:00+00:00,1,0,,,0,,,0,0,,,1,0,0,1,0,0,,,,,,0,,0,0,0,0,0,0,0
17,8,99,2014-07-17 05:00:00+00:00,100,2014-07-17 09:00:00+00:00,1,0,,,0,,,0,0,,,1,0,0,1,0,0,,,,,,0,,0,0,0,0,0,0,0
18,8,126,2014-07-23 17:00:00+00:00,126,2014-07-23 17:00:00+00:00,1,0,,,0,,,0,0,,,1,0,0,1,0,0,,,,,,0,,0,0,0,0,0,0,0
21,8,143,2014-07-28 13:00:00+00:00,143,2014-07-28 13:00:00+00:00,1,0,,,0,,,0,0,,,1,0,1,1,0,0,,,,,,0,,0,0,0,0,0,0,0
23,8,145,2014-07-28 21:00:00+00:00,145,2014-07-28 21:00:00+00:00,1,0,,,0,,,0,0,,,1,0,0,1,0,0,,,,,,0,,0,0,0,0,0,0,0
24,8,167,2014-08-01 13:00:00+00:00,167,2014-08-01 13:00:00+00:00,1,0,,,0,,,0,0,,,1,0,0,1,0,0,,,,,,0,,0,0,0,0,0,0,0
26,8,174,2014-08-04 17:00:00+00:00,177,2014-08-05 05:00:00+00:00,1,1,177.0,2014-08-05 05:00:00+00:00,1,177.0,2014-08-05 05:00:00+00:00,1,0,177.0,2014-08-05 05:00:00+00:00,0,0,0,0,0,1,0.37516309004870096,0.9806789260493882,0.375,0.0,1.0,-1,0.7203323517332578,0,0,0,0,0,0,0
30,8,192,2014-08-07 17:00:00+00:00,193,2014-08-07 21:00:00+00:00,1,0,,,0,,,0,0,,,1,0,0,1,0,0,,,,,,0,,0,0,0,0,0,0,0
32,8,205,2014-08-11 21:00:00+00:00,206,2014-08-12 01:00:00+00:00,1,0,,,0,,,0,0,,,1,0,0,1,0,0,,,,,,0,,0,0,0,0,0,0,0
35,8,236,2014-08-19 01:00:00+00:00,237,2014-08-19 05:00:00+00:00,1,0,,,0,,,0,0,,,1,0,0,1,0,0,,,,,,0,,0,0,0,0,0,0,0
38,8,257,2014-08-22 13:00:00+00:00,257,2014-08-22 13:00:00+00:00,1,0,,,0,,,0,0,,,1,0,0,1,0,0,,,,,,0,,0,0,0,0,0,0,0
41,8,274,2014-08-27 09:00:00+00:00,274,2014-08-27 09:00:00+00:00,1,0,,,0,,,0,0,,,1,0,1,1,0,0,,,,,,0,,0,0,0,0,0,0,0
43,8,276,2014-08-27 17:00:00+00:00,277,2014-08-27 21:00:00+00:00,1,0,,,0,,,0,0,,,1,0,0,1,0,0,,,,,,0,,0,0,0,0,0,0,0
50,8,357,2014-09-16 09:00:00+00:00,364,2014-09-17 13:00:00+00:00,1,1,361.0,2014-09-17 01:00:00+00:00,1,361.0,2014-09-17 01:00:00+00:00,1,0,361.0,2014-09-17 01:00:00+00:00,0,0,0,0,0,1,0.41286633421479463,0.9989929506545924,0.625,0.0,1.0,-1,0.6184923543090154,0,0,0,0,0,0,1
53,8,373,2014-09-19 01:00:00+00:00,373,2014-09-19 01:00:00+00:00,1,0,,,0,,,0,0,,,1,0,0,1,0,0,,,,,,0,,0,0,0,0,0,0,0
58,8,395,2014-09-24 17:00:00+00:00,395,2014-09-24 17:00:00+00:00,1,0,,,0,,,0,0,,,1,0,0,1,0,0,,,,,,0,,0,0,0,0,0,0,0
60,8,419,2014-09-30 17:00:00+00:00,422,2014-10-01 05:00:00+00:00,1,1,422.0,2014-10-01 05:00:00+00:00,1,422.0,2014-10-01 05:00:00+00:00,1,0,422.0,2014-10-01 05:00:00+00:00,0,0,0,0,0,1,0.6613671074539671,0.44022299358368255,0.375,0.0,2.0,-1,0.6550525740993757,1,1,0,0,1,0,0
62,8,424,2014-10-01 13:00:00+00:00,425,2014-10-01 17:00:00+00:00,1,0,,,0,,,0,0,,,1,0,0,1,0,0,,,,,,0,,0,0,0,0,0,0,0
63,8,428,2014-10-02 05:00:00+00:00,428,2014-10-02 05:00:00+00:00,1,0,,,0,,,0,0,,,1,0,1,1,0,0,,,,,,0,,0,0,0,0,0,0,0
67,8,430,2014-10-02 13:00:00+00:00,432,2014-10-02 21:00:00+00:00,1,0,,,0,,,0,0,,,1,0,0,1,0,0,,,,,,0,,0,0,0,0,0,0,0
69,8,450,2014-10-07 21:00:00+00:00,450,2014-10-07 21:00:00+00:00,1,0,,,0,,,0,0,,,1,0,0,1,0,0,,,,,,0,,0,0,0,0,0,0,0
74,8,504,2014-10-20 21:00:00+00:00,504,2014-10-20 21:00:00+00:00,1,0,,,0,,,0,0,,,1,0,0,1,0,0,,,,,,0,,0,0,0,0,0,0,0
76,8,517,2014-10-23 01:00:00+00:00,517,2014-10-23 01:00:00+00:00,1,0,,,0,,,0,0,,,1,0,0,1,0,0,,,,,,0,,0,0,0,0,0,0,0
79,8,532,2014-10-27 13:00:00+00:00,532,2014-10-27 13:00:00+00:00,1,0,,,0,,,0,0,,,1,0,0,1,0,0,,,,,,0,,0,0,0,0,0,0,0
84,8,563,2014-11-03 18:00:00+00:00,563,2014-11-03 18:00:00+00:00,1,0,,,0,,,0,0,,,1,0,0,1,0,0,,,,,,0,,0,0,0,0,0,0,0
85,8,566,2014-11-04 06:00:00+00:00,568,2014-11-04 14:00:00+00:00,1,0,,,0,,,0,0,,,1,0,0,1,0,0,,,,,,0,,0,0,0,0,0,0,0
89,8,580,2014-11-06 14:00:00+00:00,582,2014-11-06 22:00:00+00:00,1,0,,,0,,,0,0,,,1,0,0,1,0,0,,,,,,0,,0,0,0,0,0,0,0
92,8,607,2014-11-13 02:00:00+00:00,607,2014-11-13 02:00:00+00:00,1,0,,,0,,,0,0,,,1,0,0,1,0,0,,,,,,0,,0,0,0,0,0,0,0
93,8,613,2014-11-14 02:00:00+00:00,613,2014-11-14 02:00:00+00:00,1,0,,,0,,,0,0,,,1,0,0,1,0,0,,,,,,0,,0,0,0,0,0,0,0
96,8,624,2014-11-17 22:00:00+00:00,625,2014-11-18 02:00:00+00:00,1,0,,,0,,,0,0,,,1,0,0,1,0,0,,,,,,0,,0,0,0,0,0,0,0
99,8,636,2014-11-19 22:00:00+00:00,639,2014-11-20 10:00:00+00:00,1,1,639.0,2014-11-20 10:00:00+00:00,1,639.0,2014-11-20 10:00:00+00:00,1,0,639.0,2014-11-20 10:00:00+00:00,0,0,0,0,0,1,0.3765128817088257,0.9303905753531727,0.25,0.0,1.0,-1,0.7417032757066339,0,0,0,0,0,0,0
101,8,641,2014-11-20 18:00:00+00:00,641,2014-11-20 18:00:00+00:00,1,0,,,0,,,0,0,,,1,0,1,1,0,0,,,,,,0,,0,0,0,0,0,0,0
103,8,643,2014-11-21 02:00:00+00:00,643,2014-11-21 02:00:00+00:00,1,0,,,0,,,0,0,,,1,0,0,1,0,0,,,,,,0,,0,0,0,0,0,0,0
105,8,646,2014-11-21 14:00:00+00:00,647,2014-11-21 18:00:00+00:00,1,0,,,0,,,0,0,,,1,0,0,1,0,0,,,,,,0,,0,0,0,0,0,0,0
108,8,654,2014-11-24 22:00:00+00:00,664,2014-11-26 14:00:00+00:00,1,1,662.0,2014-11-26 06:00:00+00:00,1,662.0,2014-11-26 06:00:00+00:00,1,0,662.0,2014-11-26 06:00:00+00:00,0,0,0,0,0,1,0.46754255243927284,0.7026701255142482,0.5,2.0,0.0,1,0.6563449650166261,0,0,0,0,0,0,1
115,8,666,2014-11-26 22:00:00+00:00,666,2014-11-26 22:00:00+00:00,1,0,,,0,,,0,0,,,1,0,0,1,0,0,,,,,,0,,0,0,0,0,0,0,0
119,8,698,2014-12-04 10:00:00+00:00,703,2014-12-05 06:00:00+00:00,1,1,702.0,2014-12-05 02:00:00+00:00,1,702.0,2014-12-05 02:00:00+00:00,0,1,,,0,0,0,0,0,1,0.6667968684419565,0.5570922269299297,0.625,0.0,2.0,-1,0.6505328921989727,1,0,0,0,0,0,1
123,8,715,2014-12-09 06:00:00+00:00,715,2014-12-09 06:00:00+00:00,1,0,,,0,,,0,0,,,1,0,0,1,0,0,,,,,,0,,0,0,0,0,0,0,0
126,8,730,2014-12-11 18:00:00+00:00,732,2014-12-12 02:00:00+00:00,1,0,,,0,,,0,0,,,1,0,0,1,0,0,,,,,,0,,0,0,0,0,0,0,0
130,8,738,2014-12-15 02:00:00+00:00,738,2014-12-15 02:00:00+00:00,1,0,,,0,,,0,0,,,1,0,0,1,0,0,,,,,,0,,0,0,0,0,0,0,0
132,8,741,2014-12-15 14:00:00+00:00,741,2014-12-15 14:00:00+00:00,1,0,,,0,,,0,0,,,1,0,0,1,0,0,,,,,,0,,0,0,0,0,0,0,0
135,8,767,2014-12-21 22:00:00+00:00,768,2014-12-22 02:00:00+00:00,1,0,,,0,,,0,0,,,1,0,0,1,0,0,,,,,,0,,0,0,0,0,0,0,0
136,8,783,2014-12-24 14:00:00+00:00,784,2014-12-24 18:00:00+00:00,1,0,,,0,,,0,0,,,1,0,1,1,0,0,,,,,,0,,0,0,0,0,0,0,0
139,8,786,2014-12-26 02:00:00+00:00,786,2014-12-26 02:00:00+00:00,1,0,,,0,,,0,0,,,1,0,0,1,0,0,,,,,,0,,0,0,0,0,0,0,0
144,8,835,2015-01-08 06:00:00+00:00,839,2015-01-08 22:00:00+00:00,1,0,,,0,,,0,0,,,0,0,0,1,0,0,,,,,,0,,0,0,0,0,0,0,0
146,8,842,2015-01-09 10:00:00+00:00,842,2015-01-09 10:00:00+00:00,1,0,,,0,,,0,0,,,1,0,0,1,0,0,,,,,,0,,0,0,0,0,0,0,0
150,8,857,2015-01-13 22:00:00+00:00,861,2015-01-14 14:00:00+00:00,1,1,861.0,2015-01-14 14:00:00+00:00,0,,,0,0,,,0,0,0,0,0,0,0.28292709301413693,0.9194414607948425,0.75,2.0,1.0,1,0.5115035962294435,0,0,0,1,0,0,1
154,8,881,2015-01-20 02:00:00+00:00,881,2015-01-20 02:00:00+00:00,1,0,,,0,,,0,0,,,1,0,0,1,0,0,,,,,,0,,0,0,0,0,0,0,0
156,8,909,2015-01-26 18:00:00+00:00,909,2015-01-26 18:00:00+00:00,1,0,,,0,,,0,0,,,1,0,0,1,0,0,,,,,,0,,0,0,0,0,0,0,0
161,8,923,2015-01-29 02:00:00+00:00,923,2015-01-29 02:00:00+00:00,1,0,,,0,,,0,0,,,1,0,0,1,0,0,,,,,,0,,0,0,0,0,0,0,0
162,8,932,2015-01-30 14:00:00+00:00,932,2015-01-30 14:00:00+00:00,1,0,,,0,,,0,0,,,1,0,0,1,0,0,,,,,,0,,0,0,0,0,0,0,0
164,8,951,2015-02-04 18:00:00+00:00,951,2015-02-04 18:00:00+00:00,1,0,,,0,,,0,0,,,1,0,0,1,0,0,,,,,,0,,0,0,0,0,0,0,0
165,8,954,2015-02-05 06:00:00+00:00,955,2015-02-05 10:00:00+00:00,1,0,,,0,,,0,0,,,1,0,0,1,0,0,,,,,,0,,0,0,0,0,0,0,0
169,8,972,2015-02-10 06:00:00+00:00,972,2015-02-10 06:00:00+00:00,1,0,,,0,,,0,0,,,1,0,1,1,0,0,,,,,,0,,0,0,0,0,0,0,0
171,8,974,2015-02-10 14:00:00+00:00,974,2015-02-10 14:00:00+00:00,1,0,,,0,,,0,0,,,1,0,0,1,0,0,,,,,,0,,0,0,0,0,0,0,0
182,8,1050,2015-02-27 10:00:00+00:00,1051,2015-02-27 14:00:00+00:00,1,0,,,0,,,0,0,,,1,0,0,1,0,0,,,,,,0,,0,0,0,0,0,0,0
184,8,1055,2015-03-02 06:00:00+00:00,1056,2015-03-02 10:00:00+00:00,1,0,,,0,,,0,0,,,1,0,0,1,0,0,,,,,,0,,0,0,0,0,0,0,0
188,8,1071,2015-03-04 22:00:00+00:00,1072,2015-03-05 02:00:00+00:00,1,0,,,0,,,0,0,,,1,0,0,1,0,0,,,,,,0,,0,0,0,0,0,0,0
194,8,1113,2015-03-15 21:00:00+00:00,1113,2015-03-15 21:00:00+00:00,1,0,,,0,,,0,0,,,1,0,0,1,0,0,,,,,,0,,0,0,0,0,0,0,0
196,8,1117,2015-03-16 13:00:00+00:00,1118,2015-03-16 17:00:00+00:00,1,0,,,0,,,0,0,,,1,0,0,1,0,0,,,,,,0,,0,0,0,0,0,0,0
199,8,1143,2015-03-22 21:00:00+00:00,1146,2015-03-23 09:00:00+00:00,1,1,1146.0,2015-03-23 09:00:00+00:00,1,1146.0,2015-03-23 09:00:00+00:00,1,0,1146.0,2015-03-23 09:00:00+00:00,0,0,0,0,0,1,0.7149799826119533,0.5592801448064595,0.25,1.0,0.0,1,0.6004811725494288,1,0,0,0,0,0,0
201,8,1174,2015-03-30 01:00:00+00:00,1174,2015-03-30 01:00:00+00:00,1,0,,,0,,,0,0,,,1,0,0,1,0,0,,,,,,0,,0,0,0,0,0,0,0
204,8,1196,2015-04-02 17:00:00+00:00,1196,2015-04-02 17:00:00+00:00,1,0,,,0,,,0,0,,,1,0,0,1,0,0,,,,,,0,,0,0,0,0,0,0,0
205,8,1206,2015-04-07 09:00:00+00:00,1206,2015-04-07 09:00:00+00:00,1,0,,,0,,,0,0,,,1,0,0,1,0,0,,,,,,0,,0,0,0,0,0,0,0
208,8,1210,2015-04-08 01:00:00+00:00,1211,2015-04-08 05:00:00+00:00,1,0,,,0,,,0,0,,,1,0,0,1,0,0,,,,,,0,,0,0,0,0,0,0,0
209,8,1215,2015-04-08 21:00:00+00:00,1215,2015-04-08 21:00:00+00:00,1,0,,,0,,,0,0,,,1,0,0,1,0,0,,,,,,0,,0,0,0,0,0,0,0
211,8,1222,2015-04-10 01:00:00+00:00,1222,2015-04-10 01:00:00+00:00,1,0,,,0,,,0,0,,,1,0,0,1,0,0,,,,,,0,,0,0,0,0,0,0,0
215,8,1257,2015-04-19 21:00:00+00:00,1258,2015-04-20 01:00:00+00:00,1,0,,,0,,,0,0,,,1,0,0,1,0,0,,,,,,0,,0,0,0,0,0,0,0
218,8,1269,2015-04-21 21:00:00+00:00,1270,2015-04-22 01:00:00+00:00,1,0,,,0,,,0,0,,,1,0,0,1,0,0,,,,,,0,,0,0,0,0,0,0,0
219,8,1280,2015-04-23 17:00:00+00:00,1280,2015-04-23 17:00:00+00:00,1,0,,,0,,,0,0,,,1,0,0,1,0,0,,,,,,0,,0,0,0,0,0,0,0
221,8,1299,2015-04-28 21:00:00+00:00,1302,2015-04-29 09:00:00+00:00,1,1,1302.0,2015-04-29 09:00:00+00:00,0,,,0,0,,,0,0,0,0,0,0,0.45028770571251603,0.8942814390735907,0.25,0.0,0.0,0,0.5750870876135032,0,0,0,1,0,0,1
226,8,1328,2015-05-05 17:00:00+00:00,1332,2015-05-06 09:00:00+00:00,1,1,1331.0,2015-05-06 05:00:00+00:00,1,1331.0,2015-05-06 05:00:00+00:00,1,0,1331.0,2015-05-06 05:00:00+00:00,0,0,0,0,0,1,0.3958708769448187,0.7971538661560758,0.375,1.0,0.0,1,0.5841207290947036,0,0,0,0,0,0,0
229,8,1336,2015-05-07 01:00:00+00:00,1336,2015-05-07 01:00:00+00:00,1,0,,,0,,,0,0,,,1,0,0,1,0,0,,,,,,0,,0,0,0,0,0,0,0
233,8,1371,2015-05-14 21:00:00+00:00,1373,2015-05-15 05:00:00+00:00,1,0,,,0,,,0,0,,,1,0,0,1,0,0,,,,,,0,,0,0,0,0,0,0,0
236,8,1404,2015-05-22 09:00:00+00:00,1405,2015-05-22 13:00:00+00:00,1,0,,,0,,,0,0,,,1,0,0,1,0,0,,,,,,0,,0,0,0,0,0,0,0
240,8,1412,2015-05-25 21:00:00+00:00,1412,2015-05-25 21:00:00+00:00,1,0,,,0,,,0,0,,,1,0,0,1,0,0,,,,,,0,,0,0,0,0,0,0,0
242,8,1434,2015-05-29 13:00:00+00:00,1434,2015-05-29 13:00:00+00:00,1,0,,,0,,,0,0,,,1,0,0,1,0,0,,,,,,0,,0,0,0,0,0,0,0
245,8,1448,2015-06-02 21:00:00+00:00,1451,2015-06-03 09:00:00+00:00,1,1,1451.0,2015-06-03 09:00:00+00:00,0,,,0,0,,,0,0,0,0,0,0,0.3835082104100932,0.8539088729016865,0.625,0.0,2.0,-1,0.5358896211721274,0,0,0,1,0,0,1
247,8,1473,2015-06-09 01:00:00+00:00,1473,2015-06-09 01:00:00+00:00,1,0,,,0,,,0,0,,,1,0,0,1,0,0,,,,,,0,,0,0,0,0,0,0,0
251,8,1478,2015-06-09 21:00:00+00:00,1478,2015-06-09 21:00:00+00:00,1,0,,,0,,,0,0,,,1,0,0,1,0,0,,,,,,0,,0,0,0,0,0,0,0
252,8,1494,2015-06-12 13:00:00+00:00,1494,2015-06-12 13:00:00+00:00,1,0,,,0,,,0,0,,,1,0,0,1,0,0,,,,,,0,,0,0,0,0,0,0,0
258,8,1515,2015-06-18 01:00:00+00:00,1515,2015-06-18 01:00:00+00:00,1,0,,,0,,,0,0,,,1,0,0,1,0,0,,,,,,0,,0,0,0,0,0,0,0
262,8,1537,2015-06-23 17:00:00+00:00,1538,2015-06-23 21:00:00+00:00,1,0,,,0,,,0,0,,,1,0,0,1,0,0,,,,,,0,,0,0,0,0,0,0,0
263,8,1549,2015-06-25 17:00:00+00:00,1549,2015-06-25 17:00:00+00:00,1,0,,,0,,,0,0,,,1,0,0,1,0,0,,,,,,0,,0,0,0,0,0,0,0
266,8,1574,2015-07-01 21:00:00+00:00,1574,2015-07-01 21:00:00+00:00,1,0,,,0,,,0,0,,,1,0,0,1,0,0,,,,,,0,,0,0,0,0,0,0,0
269,8,1589,2015-07-06 13:00:00+00:00,1592,2015-07-07 01:00:00+00:00,1,1,1592.0,2015-07-07 01:00:00+00:00,1,1592.0,2015-07-07 01:00:00+00:00,1,0,1592.0,2015-07-07 01:00:00+00:00,0,0,0,0,0,1,0.49628351632194295,0.984535651592408,0.5,0.0,0.0,0,0.6681236582446789,0,0,0,0,0,0,0
273,8,1602,2015-07-08 17:00:00+00:00,1602,2015-07-08 17:00:00+00:00,1,0,,,0,,,0,0,,,1,0,0,1,0,0,,,,,,0,,0,0,0,0,0,0,0
275,8,1607,2015-07-09 13:00:00+00:00,1607,2015-07-09 13:00:00+00:00,1,0,,,0,,,0,0,,,1,0,0,1,0,0,,,,,,0,,0,0,0,0,0,0,0
278,8,1614,2015-07-10 17:00:00+00:00,1616,2015-07-13 01:00:00+00:00,1,0,,,0,,,0,0,,,1,0,0,1,0,0,,,,,,0,,0,0,0,0,0,0,0
280,8,1626,2015-07-14 17:00:00+00:00,1626,2015-07-14 17:00:00+00:00,1,0,,,0,,,0,0,,,1,0,0,1,0,0,,,,,,0,,0,0,0,0,0,0,0
281,8,1657,2015-07-21 21:00:00+00:00,1657,2015-07-21 21:00:00+00:00,1,0,,,0,,,0,0,,,1,0,1,1,0,0,,,,,,0,,0,0,0,0,0,0,0
282,8,1659,2015-07-22 05:00:00+00:00,1659,2015-07-22 05:00:00+00:00,1,0,,,0,,,0,0,,,1,0,1,1,0,0,,,,,,0,,0,0,0,0,0,0,0
283,8,1661,2015-07-22 13:00:00+00:00,1661,2015-07-22 13:00:00+00:00,1,0,,,0,,,0,0,,,1,0,1,1,0,0,,,,,,0,,0,0,0,0,0,0,0
286,8,1663,2015-07-22 21:00:00+00:00,1663,2015-07-22 21:00:00+00:00,1,0,,,0,,,0,0,,,1,0,0,1,0,0,,,,,,0,,0,0,0,0,0,0,0
288,8,1687,2015-07-28 21:00:00+00:00,1691,2015-07-29 13:00:00+00:00,1,1,1691.0,2015-07-29 13:00:00+00:00,0,,,0,0,,,0,0,0,0,0,0,0.2362596995420934,0.9533156888692762,1.0,2.0,2.0,0,0.5351688088566339,0,0,0,1,0,0,1
295,8,1720,2015-08-05 09:00:00+00:00,1722,2015-08-05 17:00:00+00:00,1,0,,,0,,,0,0,,,1,0,0,1,0,0,,,,,,0,,0,0,0,0,0,0,0
301,8,1761,2015-08-14 05:00:00+00:00,1767,2015-08-17 05:00:00+00:00,1,1,1766.0,2015-08-17 01:00:00+00:00,1,1766.0,2015-08-17 01:00:00+00:00,0,1,,,0,0,0,0,0,1,0.4243271421227914,0.9518479408658775,0.625,0.0,1.0,-1,0.7199536668342843,0,0,0,0,0,0,1
311,8,1818,2015-08-27 17:00:00+00:00,1818,2015-08-27 17:00:00+00:00,1,0,,,0,,,0,0,,,1,0,0,1,0,0,,,,,,0,,0,0,0,0,0,0,0
316,8,1843,2015-09-02 21:00:00+00:00,1843,2015-09-02 21:00:00+00:00,1,0,,,0,,,0,0,,,1,0,0,1,0,0,,,,,,0,,0,0,0,0,0,0,0
319,8,1890,2015-09-14 21:00:00+00:00,1892,2015-09-15 05:00:00+00:00,1,0,,,0,,,0,0,,,1,0,0,1,0,0,,,,,,0,,0,0,0,0,0,0,0
324,8,1930,2015-09-23 13:00:00+00:00,1931,2015-09-23 17:00:00+00:00,1,0,,,0,,,0,0,,,1,0,0,1,0,0,,,,,,0,,0,0,0,0,0,0,0
327,8,1945,2015-09-28 01:00:00+00:00,1945,2015-09-28 01:00:00+00:00,1,0,,,0,,,0,0,,,1,0,0,1,0,0,,,,,,0,,0,0,0,0,0,0,0
332,8,1992,2015-10-07 21:00:00+00:00,1993,2015-10-08 01:00:00+00:00,1,0,,,0,,,0,0,,,1,0,0,1,0,0,,,,,,0,,0,0,0,0,0,0,0
337,8,2035,2015-10-19 01:00:00+00:00,2037,2015-10-19 09:00:00+00:00,1,0,,,0,,,0,0,,,1,0,0,1,0,0,,,,,,0,,0,0,0,0,0,0,0
339,8,2041,2015-10-20 01:00:00+00:00,2041,2015-10-20 01:00:00+00:00,1,0,,,0,,,0,0,,,1,0,0,1,0,0,,,,,,0,,0,0,0,0,0,0,0
342,8,2044,2015-10-20 13:00:00+00:00,2047,2015-10-21 01:00:00+00:00,1,1,2047.0,2015-10-21 01:00:00+00:00,1,2047.0,2015-10-21 01:00:00+00:00,0,1,,,0,0,0,0,0,1,0.5997696902547623,0.6154814982745231,0.25,1.0,0.0,1,0.6833283480178832,1,0,0,0,0,0,0
348,8,2130,2015-11-09 22:00:00+00:00,2132,2015-11-10 06:00:00+00:00,1,0,,,0,,,0,0,,,1,0,0,1,0,0,,,,,,0,,0,0,0,0,0,0,0
352,8,2141,2015-11-11 18:00:00+00:00,2144,2015-11-12 06:00:00+00:00,1,1,2144.0,2015-11-12 06:00:00+00:00,1,2144.0,2015-11-12 06:00:00+00:00,1,0,2144.0,2015-11-12 06:00:00+00:00,0,0,0,0,0,1,0.5383108359765533,0.9108115468409559,0.25,0.0,1.0,-1,0.6089257887591323,0,0,0,0,0,0,0
356,8,2179,2015-11-20 02:00:00+00:00,2179,2015-11-20 02:00:00+00:00,1,0,,,0,,,0,0,,,1,0,0,1,0,0,,,,,,0,,0,0,0,0,0,0,0
359,8,2192,2015-11-24 06:00:00+00:00,2192,2015-11-24 06:00:00+00:00,1,0,,,0,,,0,0,,,1,0,0,1,0,0,,,,,,0,,0,0,0,0,0,0,0
366,8,2209,2015-11-27 06:00:00+00:00,2209,2015-11-27 06:00:00+00:00,1,0,,,0,,,0,0,,,1,0,0,1,0,0,,,,,,0,,0,0,0,0,0,0,0
370,8,2239,2015-12-04 06:00:00+00:00,2239,2015-12-04 06:00:00+00:00,1,0,,,0,,,0,0,,,1,0,0,1,0,0,,,,,,0,,0,0,0,0,0,0,0
371,8,2257,2015-12-09 06:00:00+00:00,2257,2015-12-09 06:00:00+00:00,1,0,,,0,,,0,0,,,1,0,0,1,0,0,,,,,,0,,0,0,0,0,0,0,0
372,8,2260,2015-12-09 18:00:00+00:00,2260,2015-12-09 18:00:00+00:00,1,0,,,0,,,0,0,,,1,0,0,1,0,0,,,,,,0,,0,0,0,0,0,0,0
376,8,2265,2015-12-10 14:00:00+00:00,2265,2015-12-10 14:00:00+00:00,1,0,,,0,,,0,0,,,1,0,0,1,0,0,,,,,,0,,0,0,0,0,0,0,0
378,8,2268,2015-12-11 02:00:00+00:00,2269,2015-12-11 06:00:00+00:00,1,0,,,0,,,0,0,,,1,0,0,1,0,0,,,,,,0,,0,0,0,0,0,0,0
381,8,2282,2015-12-15 10:00:00+00:00,2282,2015-12-15 10:00:00+00:00,1,0,,,0,,,0,0,,,1,0,0,1,0,0,,,,,,0,,0,0,0,0,0,0,0
384,8,2290,2015-12-16 18:00:00+00:00,2292,2015-12-17 02:00:00+00:00,1,0,,,0,,,0,0,,,1,0,0,1,0,0,,,,,,0,,0,0,0,0,0,0,0
389,8,2309,2015-12-21 22:00:00+00:00,2309,2015-12-21 22:00:00+00:00,1,0,,,0,,,0,0,,,1,0,1,1,0,0,,,,,,0,,0,0,0,0,0,0,0
390,8,2311,2015-12-22 06:00:00+00:00,2311,2015-12-22 06:00:00+00:00,1,0,,,0,,,0,0,,,1,0,0,1,0,0,,,,,,0,,0,0,0,0,0,0,0
392,8,2315,2015-12-22 22:00:00+00:00,2316,2015-12-23 02:00:00+00:00,1,0,,,0,,,0,0,,,1,0,1,1,0,0,,,,,,0,,0,0,0,0,0,0,0
395,8,2318,2015-12-23 10:00:00+00:00,2318,2015-12-23 10:00:00+00:00,1,0,,,0,,,0,0,,,1,0,0,1,0,0,,,,,,0,,0,0,0,0,0,0,0
398,8,2321,2015-12-23 22:00:00+00:00,2323,2015-12-24 06:00:00+00:00,1,0,,,0,,,0,0,,,1,0,0,1,0,0,,,,,,0,,0,0,0,0,0,0,0
400,8,2326,2015-12-24 18:00:00+00:00,2327,2015-12-27 22:00:00+00:00,1,0,,,0,,,0,0,,,1,0,1,1,0,0,,,,,,0,,0,0,0,0,0,0,0
403,8,2329,2015-12-28 06:00:00+00:00,2329,2015-12-28 06:00:00+00:00,1,0,,,0,,,0,0,,,1,0,0,1,0,0,,,,,,0,,0,0,0,0,0,0,0
409,8,2366,2016-01-05 22:00:00+00:00,2366,2016-01-05 22:00:00+00:00,1,0,,,0,,,0,0,,,1,0,0,1,0,0,,,,,,0,,0,0,0,0,0,0,0
411,8,2390,2016-01-11 22:00:00+00:00,2391,2016-01-12 02:00:00+00:00,1,0,,,0,,,0,0,,,1,0,0,1,0,0,,,,,,0,,0,0,0,0,0,0,0
412,8,2396,2016-01-12 22:00:00+00:00,2396,2016-01-12 22:00:00+00:00,1,0,,,0,,,0,0,,,1,0,0,1,0,0,,,,,,0,,0,0,0,0,0,0,0
413,8,2402,2016-01-13 22:00:00+00:00,2405,2016-01-14 10:00:00+00:00,1,1,2405.0,2016-01-14 10:00:00+00:00,0,,,0,0,,,0,0,0,0,0,0,0.37918217643053886,0.8086223690340011,0.25,2.0,0.0,1,0.5263590366551173,0,0,0,1,0,0,1
418,8,2417,2016-01-18 10:00:00+00:00,2417,2016-01-18 10:00:00+00:00,1,0,,,0,,,0,0,,,1,0,0,1,0,0,,,,,,0,,0,0,0,0,0,0,0
419,8,2421,2016-01-19 02:00:00+00:00,2421,2016-01-19 02:00:00+00:00,1,0,,,0,,,0,0,,,1,0,0,1,0,0,,,,,,0,,0,0,0,0,0,0,0
422,8,2439,2016-01-22 02:00:00+00:00,2445,2016-01-25 02:00:00+00:00,1,1,2445.0,2016-01-25 02:00:00+00:00,1,2445.0,2016-01-25 02:00:00+00:00,1,0,2445.0,2016-01-25 02:00:00+00:00,0,0,0,0,0,1,0.45866376703561473,0.790010310459371,0.625,1.0,0.0,1,0.6718817814834772,0,0,0,0,0,0,1
427,8,2458,2016-01-27 06:00:00+00:00,2458,2016-01-27 06:00:00+00:00,1,0,,,0,,,0,0,,,1,0,0,1,0,0,,,,,,0,,0,0,0,0,0,0,0
430,8,2482,2016-02-02 06:00:00+00:00,2482,2016-02-02 06:00:00+00:00,1,0,,,0,,,0,0,,,1,0,0,1,0,0,,,,,,0,,0,0,0,0,0,0,0
431,8,2485,2016-02-02 18:00:00+00:00,2485,2016-02-02 18:00:00+00:00,1,0,,,0,,,0,0,,,1,0,0,1,0,0,,,,,,0,,0,0,0,0,0,0,0
434,8,2519,2016-02-10 10:00:00+00:00,2521,2016-02-10 18:00:00+00:00,1,0,,,0,,,0,0,,,1,0,0,1,0,0,,,,,,0,,0,0,0,0,0,0,0
439,8,2548,2016-02-17 10:00:00+00:00,2548,2016-02-17 10:00:00+00:00,1,0,,,0,,,0,0,,,1,0,0,1,0,0,,,,,,0,,0,0,0,0,0,0,0
442,8,2553,2016-02-18 06:00:00+00:00,2554,2016-02-18 10:00:00+00:00,1,0,,,0,,,0,0,,,1,0,0,1,0,0,,,,,,0,,0,0,0,0,0,0,0
445,8,2590,2016-02-26 10:00:00+00:00,2590,2016-02-26 10:00:00+00:00,1,0,,,0,,,0,0,,,1,0,0,1,0,0,,,,,,0,,0,0,0,0,0,0,0
447,8,2602,2016-03-01 10:00:00+00:00,2607,2016-03-02 06:00:00+00:00,1,1,2605.0,2016-03-01 22:00:00+00:00,0,,,0,0,,,0,0,0,0,0,0,0.7436772884377398,0.3878069188378275,0.625,0.0,3.0,-1,0.2541923691166886,1,1,0,1,1,0,1
451,8,2610,2016-03-02 18:00:00+00:00,2612,2016-03-03 02:00:00+00:00,1,0,,,0,,,0,0,,,1,0,0,1,0,0,,,,,,0,,0,0,0,0,0,0,0
454,8,2630,2016-03-08 02:00:00+00:00,2634,2016-03-08 18:00:00+00:00,1,1,2634.0,2016-03-08 18:00:00+00:00,0,,,0,0,,,0,0,1,0,0,0,0.27984673557000295,0.7944732297063882,0.75,1.0,1.0,0,0.5656073655587579,0,0,0,1,0,0,1
457,8,2636,2016-03-09 02:00:00+00:00,2636,2016-03-09 02:00:00+00:00,1,0,,,0,,,0,0,,,1,0,0,1,0,0,,,,,,0,,0,0,0,0,0,0,0
461,8,2665,2016-03-15 21:00:00+00:00,2666,2016-03-16 01:00:00+00:00,1,0,,,0,,,0,0,,,1,0,0,1,0,0,,,,,,0,,0,0,0,0,0,0,0
465,8,2687,2016-03-21 13:00:00+00:00,2690,2016-03-22 01:00:00+00:00,1,1,2690.0,2016-03-22 01:00:00+00:00,1,2690.0,2016-03-22 01:00:00+00:00,1,0,2690.0,2016-03-22 01:00:00+00:00,0,0,0,0,0,1,0.5046963966736652,0.5844386649328067,0.25,0.0,2.0,-1,0.7187583326428431,0,0,0,0,0,0,0
470,8,2724,2016-03-30 17:00:00+00:00,2726,2016-03-31 01:00:00+00:00,1,0,,,0,,,0,0,,,1,0,0,1,0,0,,,,,,0,,0,0,0,0,0,0,0
477,8,2763,2016-04-08 05:00:00+00:00,2763,2016-04-08 05:00:00+00:00,1,0,,,0,,,0,0,,,1,0,0,1,0,0,,,,,,0,,0,0,0,0,0,0,0
479,8,2776,2016-04-12 09:00:00+00:00,2776,2016-04-12 09:00:00+00:00,1,0,,,0,,,0,0,,,1,0,0,1,0,0,,,,,,0,,0,0,0,0,0,0,0
481,8,2792,2016-04-15 01:00:00+00:00,2792,2016-04-15 01:00:00+00:00,1,0,,,0,,,0,0,,,1,0,0,1,0,0,,,,,,0,,0,0,0,0,0,0,0
484,8,2796,2016-04-15 17:00:00+00:00,2796,2016-04-15 17:00:00+00:00,1,0,,,0,,,0,0,,,1,0,0,1,0,0,,,,,,0,,0,0,0,0,0,0,0
486,8,2799,2016-04-18 05:00:00+00:00,2799,2016-04-18 05:00:00+00:00,1,0,,,0,,,0,0,,,1,0,0,1,0,0,,,,,,0,,0,0,0,0,0,0,0
491,8,2829,2016-04-25 05:00:00+00:00,2829,2016-04-25 05:00:00+00:00,1,0,,,0,,,0,0,,,1,0,0,1,0,0,,,,,,0,,0,0,0,0,0,0,0
494,8,2837,2016-04-26 13:00:00+00:00,2838,2016-04-26 17:00:00+00:00,1,0,,,0,,,0,0,,,1,0,0,1,0,0,,,,,,0,,0,0,0,0,0,0,0
497,8,2841,2016-04-27 05:00:00+00:00,2841,2016-04-27 05:00:00+00:00,1,0,,,0,,,0,0,,,1,0,0,1,0,0,,,,,,0,,0,0,0,0,0,0,0
500,8,2888,2016-05-09 01:00:00+00:00,2889,2016-05-09 05:00:00+00:00,1,0,,,0,,,0,0,,,1,0,0,1,0,0,,,,,,0,,0,0,0,0,0,0,0
502,8,2905,2016-05-11 21:00:00+00:00,2905,2016-05-11 21:00:00+00:00,1,0,,,0,,,0,0,,,1,0,0,1,0,0,,,,,,0,,0,0,0,0,0,0,0
504,8,2909,2016-05-12 13:00:00+00:00,2909,2016-05-12 13:00:00+00:00,1,0,,,0,,,0,0,,,1,0,0,1,0,0,,,,,,0,,0,0,0,0,0,0,0
508,8,2929,2016-05-17 21:00:00+00:00,2931,2016-05-18 05:00:00+00:00,1,0,,,0,,,0,0,,,1,0,0,1,0,0,,,,,,0,,0,0,0,0,0,0,0
511,8,2947,2016-05-22 21:00:00+00:00,2948,2016-05-23 01:00:00+00:00,1,0,,,0,,,0,0,,,1,0,0,1,0,0,,,,,,0,,0,0,0,0,0,0,0
520,8,3014,2016-06-07 05:00:00+00:00,3014,2016-06-07 05:00:00+00:00,1,0,,,0,,,0,0,,,1,0,0,1,0,0,,,,,,0,,0,0,0,0,0,0,0
523,8,3099,2016-06-27 09:00:00+00:00,3099,2016-06-27 09:00:00+00:00,1,0,,,0,,,0,0,,,1,0,0,1,0,0,,,,,,0,,0,0,0,0,0,0,0
529,8,3113,2016-06-29 17:00:00+00:00,3119,2016-06-30 17:00:00+00:00,1,1,3119.0,2016-06-30 17:00:00+00:00,0,,,0,0,,,0,0,0,0,0,0,0.4770526497320081,0.9945326161542463,0.25,0.0,1.0,-1,0.5158660563136998,0,0,0,1,0,0,1
535,8,3192,2016-07-19 01:00:00+00:00,3192,2016-07-19 01:00:00+00:00,1,0,,,0,,,0,0,,,1,0,0,1,0,0,,,,,,0,,0,0,0,0,0,0,0
537,8,3196,2016-07-19 17:00:00+00:00,3198,2016-07-20 01:00:00+00:00,1,0,,,0,,,0,0,,,1,0,0,1,0,0,,,,,,0,,0,0,0,0,0,0,0
544,8,3231,2016-07-27 13:00:00+00:00,3231,2016-07-27 13:00:00+00:00,1,0,,,0,,,0,0,,,1,0,0,1,0,0,,,,,,0,,0,0,0,0,0,0,0
546,8,3251,2016-08-01 21:00:00+00:00,3252,2016-08-02 01:00:00+00:00,1,0,,,0,,,0,0,,,1,0,0,1,0,0,,,,,,0,,0,0,0,0,0,0,0
549,8,3263,2016-08-03 21:00:00+00:00,3263,2016-08-03 21:00:00+00:00,1,0,,,0,,,0,0,,,1,0,1,1,0,0,,,,,,0,,0,0,0,0,0,0,0
551,8,3265,2016-08-04 05:00:00+00:00,3271,2016-08-05 05:00:00+00:00,1,1,3270.0,2016-08-05 01:00:00+00:00,1,3270.0,2016-08-05 01:00:00+00:00,1,0,3270.0,2016-08-05 01:00:00+00:00,0,0,0,0,0,1,0.7417532396613823,0.37948200894827555,0.375,3.0,0.0,1,0.6140014804160124,1,1,0,0,1,0,0
556,8,3281,2016-08-08 21:00:00+00:00,3283,2016-08-09 05:00:00+00:00,1,0,,,0,,,0,0,,,1,0,0,1,0,0,,,,,,0,,0,0,0,0,0,0,0
559,8,3286,2016-08-09 17:00:00+00:00,3286,2016-08-09 17:00:00+00:00,1,0,,,0,,,0,0,,,1,0,0,1,0,0,,,,,,0,,0,0,0,0,0,0,0
563,8,3339,2016-08-22 13:00:00+00:00,3339,2016-08-22 13:00:00+00:00,1,0,,,0,,,0,0,,,1,0,0,1,0,0,,,,,,0,,0,0,0,0,0,0,0
568,8,3374,2016-08-30 09:00:00+00:00,3374,2016-08-30 09:00:00+00:00,1,0,,,0,,,0,0,,,1,0,0,1,0,0,,,,,,0,,0,0,0,0,0,0,0
571,8,3401,2016-09-06 01:00:00+00:00,3401,2016-09-06 01:00:00+00:00,1,0,,,0,,,0,0,,,1,0,0,1,0,0,,,,,,0,,0,0,0,0,0,0,0
574,8,3415,2016-09-08 09:00:00+00:00,3415,2016-09-08 09:00:00+00:00,1,0,,,0,,,0,0,,,1,0,0,1,0,0,,,,,,0,,0,0,0,0,0,0,0
577,8,3425,2016-09-12 01:00:00+00:00,3425,2016-09-12 01:00:00+00:00,1,0,,,0,,,0,0,,,1,0,0,1,0,0,,,,,,0,,0,0,0,0,0,0,0
579,8,3444,2016-09-15 05:00:00+00:00,3444,2016-09-15 05:00:00+00:00,1,0,,,0,,,0,0,,,1,0,0,1,0,0,,,,,,0,,0,0,0,0,0,0,0
581,8,3454,2016-09-18 21:00:00+00:00,3455,2016-09-19 01:00:00+00:00,1,0,,,0,,,0,0,,,1,0,0,1,0,0,,,,,,0,,0,0,0,0,0,0,0
584,8,3462,2016-09-20 05:00:00+00:00,3463,2016-09-20 09:00:00+00:00,1,0,,,0,,,0,0,,,1,0,0,1,0,0,,,,,,0,,0,0,0,0,0,0,0
588,8,3484,2016-09-25 21:00:00+00:00,3484,2016-09-25 21:00:00+00:00,1,0,,,0,,,0,0,,,1,0,0,1,0,0,,,,,,0,,0,0,0,0,0,0,0
591,8,3513,2016-09-30 17:00:00+00:00,3516,2016-10-03 05:00:00+00:00,1,1,3516.0,2016-10-03 05:00:00+00:00,1,3516.0,2016-10-03 05:00:00+00:00,1,0,3516.0,2016-10-03 05:00:00+00:00,0,0,0,0,0,1,0.5453546667846859,0.5179659498207992,0.375,0.0,1.0,-1,0.6773542657568754,0,0,0,0,0,0,0
595,8,3551,2016-10-11 01:00:00+00:00,3555,2016-10-11 17:00:00+00:00,1,0,,,0,,,0,0,,,0,0,0,1,0,0,,,,,,0,,0,0,0,0,0,0,0
600,8,3560,2016-10-12 13:00:00+00:00,3562,2016-10-12 21:00:00+00:00,1,0,,,0,,,0,0,,,1,0,1,1,0,0,,,,,,0,,0,0,0,0,0,0,0
603,8,3564,2016-10-13 05:00:00+00:00,3567,2016-10-13 17:00:00+00:00,1,1,3567.0,2016-10-13 17:00:00+00:00,0,,,0,0,,,0,0,1,0,0,0,0.5113406954150267,0.5666551046363744,0.25,2.0,0.0,1,0.3986951111861784,0,0,0,1,0,0,1
604,8,3569,2016-10-14 01:00:00+00:00,3569,2016-10-14 01:00:00+00:00,1,0,,,0,,,0,0,,,1,0,0,1,0,0,,,,,,0,,0,0,0,0,0,0,0
609,8,3584,2016-10-18 13:00:00+00:00,3585,2016-10-18 17:00:00+00:00,1,0,,,0,,,0,0,,,1,0,0,1,0,0,,,,,,0,,0,0,0,0,0,0,0
612,8,3592,2016-10-19 21:00:00+00:00,3594,2016-10-20 05:00:00+00:00,1,0,,,0,,,0,0,,,1,0,0,1,0,0,,,,,,0,,0,0,0,0,0,0,0
615,8,3597,2016-10-20 17:00:00+00:00,3597,2016-10-20 17:00:00+00:00,1,0,,,0,,,0,0,,,1,0,0,1,0,0,,,,,,0,,0,0,0,0,0,0,0
617,8,3604,2016-10-23 21:00:00+00:00,3606,2016-10-24 05:00:00+00:00,1,0,,,0,,,0,0,,,1,0,0,1,0,0,,,,,,0,,0,0,0,0,0,0,0
621,8,3619,2016-10-26 09:00:00+00:00,3619,2016-10-26 09:00:00+00:00,1,0,,,0,,,0,0,,,1,0,0,1,0,0,,,,,,0,,0,0,0,0,0,0,0
622,8,3622,2016-10-26 21:00:00+00:00,3624,2016-10-27 05:00:00+00:00,1,0,,,0,,,0,0,,,1,0,0,1,0,0,,,,,,0,,0,0,0,0,0,0,0
624,8,3627,2016-10-27 17:00:00+00:00,3627,2016-10-27 17:00:00+00:00,1,0,,,0,,,0,0,,,1,0,0,1,0,0,,,,,,0,,0,0,0,0,0,0,0
627,8,3641,2016-11-01 01:00:00+00:00,3641,2016-11-01 01:00:00+00:00,1,0,,,0,,,0,0,,,1,0,0,1,0,0,,,,,,0,,0,0,0,0,0,0,0
629,8,3665,2016-11-07 02:00:00+00:00,3665,2016-11-07 02:00:00+00:00,1,0,,,0,,,0,0,,,1,0,0,1,0,0,,,,,,0,,0,0,0,0,0,0,0
632,8,3700,2016-11-14 22:00:00+00:00,3702,2016-11-15 06:00:00+00:00,1,0,,,0,,,0,0,,,1,0,0,1,0,0,,,,,,0,,0,0,0,0,0,0,0
635,8,3706,2016-11-15 22:00:00+00:00,3710,2016-11-16 14:00:00+00:00,1,1,3710.0,2016-11-16 14:00:00+00:00,1,3710.0,2016-11-16 14:00:00+00:00,1,0,3710.0,2016-11-16 14:00:00+00:00,0,0,0,0,0,1,0.529040956888577,0.8414003044140042,0.25,1.0,0.0,1,0.5837374661784497,0,0,0,0,0,0,1
638,8,3712,2016-11-16 22:00:00+00:00,3715,2016-11-17 10:00:00+00:00,1,1,3715.0,2016-11-17 10:00:00+00:00,0,,,0,0,,,0,0,0,0,0,0,0.49670468462453504,0.9359048537447654,1.0,1.0,1.0,0,0.4236926149070671,0,0,0,1,0,0,1
641,8,3728,2016-11-21 14:00:00+00:00,3729,2016-11-21 18:00:00+00:00,1,0,,,0,,,0,0,,,1,0,0,1,0,0,,,,,,0,,0,0,0,0,0,0,0
643,8,3732,2016-11-22 06:00:00+00:00,3732,2016-11-22 06:00:00+00:00,1,0,,,0,,,0,0,,,1,0,0,1,0,0,,,,,,0,,0,0,0,0,0,0,0
647,8,3756,2016-11-28 10:00:00+00:00,3756,2016-11-28 10:00:00+00:00,1,0,,,0,,,0,0,,,1,0,0,1,0,0,,,,,,0,,0,0,0,0,0,0,0
648,8,3759,2016-11-28 22:00:00+00:00,3759,2016-11-28 22:00:00+00:00,1,0,,,0,,,0,0,,,1,0,0,1,0,0,,,,,,0,,0,0,0,0,0,0,0
651,8,3763,2016-11-29 14:00:00+00:00,3767,2016-11-30 06:00:00+00:00,1,1,3766.0,2016-11-30 02:00:00+00:00,1,3766.0,2016-11-30 02:00:00+00:00,1,0,3766.0,2016-11-30 02:00:00+00:00,0,0,0,0,0,1,0.4167779406061493,0.650635079206519,0.625,2.0,0.0,1,0.6108131193766984,0,0,0,0,0,0,0
656,8,3777,2016-12-01 22:00:00+00:00,3778,2016-12-02 02:00:00+00:00,1,0,,,0,,,0,0,,,1,0,0,1,0,0,,,,,,0,,0,0,0,0,0,0,0
660,8,3795,2016-12-06 22:00:00+00:00,3797,2016-12-07 06:00:00+00:00,1,0,,,0,,,0,0,,,1,0,0,1,0,0,,,,,,0,,0,0,0,0,0,0,0
662,8,3808,2016-12-09 02:00:00+00:00,3809,2016-12-09 06:00:00+00:00,1,0,,,0,,,0,0,,,1,0,0,1,0,0,,,,,,0,,0,0,0,0,0,0,0
664,8,3824,2016-12-13 18:00:00+00:00,3829,2016-12-14 14:00:00+00:00,1,1,3827.0,2016-12-14 06:00:00+00:00,1,3827.0,2016-12-14 06:00:00+00:00,0,1,,,0,0,0,0,0,1,0.6294331278946497,0.7340777070506845,0.625,1.0,0.0,1,0.604376477184791,1,0,0,0,0,0,0
669,8,3849,2016-12-19 22:00:00+00:00,3850,2016-12-20 02:00:00+00:00,1,0,,,0,,,0,0,,,1,0,0,1,0,0,,,,,,0,,0,0,0,0,0,0,0
673,8,3861,2016-12-21 22:00:00+00:00,3865,2016-12-22 14:00:00+00:00,1,0,,,0,,,0,0,,,0,0,0,1,0,0,,,,,,0,,0,0,0,0,0,0,0
677,8,3883,2016-12-28 14:00:00+00:00,3883,2016-12-28 14:00:00+00:00,1,0,,,0,,,0,0,,,1,0,0,1,0,0,,,,,,0,,0,0,0,0,0,0,0
680,8,3898,2017-01-03 02:00:00+00:00,3898,2017-01-03 02:00:00+00:00,1,0,,,0,,,0,0,,,1,0,0,1,0,0,,,,,,0,,0,0,0,0,0,0,0
682,8,3902,2017-01-03 18:00:00+00:00,3904,2017-01-04 02:00:00+00:00,1,0,,,0,,,0,0,,,1,0,0,1,0,0,,,,,,0,,0,0,0,0,0,0,0
687,8,3921,2017-01-08 22:00:00+00:00,3921,2017-01-08 22:00:00+00:00,1,0,,,0,,,0,0,,,1,0,0,1,0,0,,,,,,0,,0,0,0,0,0,0,0
689,8,3924,2017-01-09 10:00:00+00:00,3924,2017-01-09 10:00:00+00:00,1,0,,,0,,,0,0,,,1,0,0,1,0,0,,,,,,0,,0,0,0,0,0,0,0
694,8,3935,2017-01-11 06:00:00+00:00,3935,2017-01-11 06:00:00+00:00,1,0,,,0,,,0,0,,,1,0,0,1,0,0,,,,,,0,,0,0,0,0,0,0,0
696,8,3960,2017-01-17 14:00:00+00:00,3962,2017-01-17 22:00:00+00:00,1,0,,,0,,,0,0,,,1,0,0,1,0,0,,,,,,0,,0,0,0,0,0,0,0
698,8,3965,2017-01-18 10:00:00+00:00,3965,2017-01-18 10:00:00+00:00,1,0,,,0,,,0,0,,,1,0,0,1,0,0,,,,,,0,,0,0,0,0,0,0,0
702,8,3987,2017-01-24 02:00:00+00:00,3987,2017-01-24 02:00:00+00:00,1,0,,,0,,,0,0,,,1,0,0,1,0,0,,,,,,0,,0,0,0,0,0,0,0
706,8,4009,2017-01-27 18:00:00+00:00,4009,2017-01-27 18:00:00+00:00,1,0,,,0,,,0,0,,,1,0,1,1,0,0,,,,,,0,,0,0,0,0,0,0,0
707,8,4011,2017-01-30 02:00:00+00:00,4013,2017-01-30 10:00:00+00:00,1,0,,,0,,,0,0,,,1,0,0,1,0,0,,,,,,0,,0,0,0,0,0,0,0
712,8,4048,2017-02-07 06:00:00+00:00,4049,2017-02-07 10:00:00+00:00,1,0,,,0,,,0,0,,,1,0,0,1,0,0,,,,,,0,,0,0,0,0,0,0,0
714,8,4052,2017-02-07 22:00:00+00:00,4053,2017-02-08 02:00:00+00:00,1,0,,,0,,,0,0,,,1,0,0,1,0,0,,,,,,0,,0,0,0,0,0,0,0
718,8,4098,2017-02-17 14:00:00+00:00,4098,2017-02-17 14:00:00+00:00,1,0,,,0,,,0,0,,,1,0,0,1,0,0,,,,,,0,,0,0,0,0,0,0,0
723,8,4129,2017-02-26 22:00:00+00:00,4129,2017-02-26 22:00:00+00:00,1,0,,,0,,,0,0,,,1,0,0,1,0,0,,,,,,0,,0,0,0,0,0,0,0
726,8,4148,2017-03-02 02:00:00+00:00,4149,2017-03-02 06:00:00+00:00,1,0,,,0,,,0,0,,,1,0,0,1,0,0,,,,,,0,,0,0,0,0,0,0,0
728,8,4162,2017-03-06 10:00:00+00:00,4164,2017-03-06 18:00:00+00:00,1,0,,,0,,,0,0,,,1,0,0,1,0,0,,,,,,0,,0,0,0,0,0,0,0
732,8,4190,2017-03-13 01:00:00+00:00,4190,2017-03-13 01:00:00+00:00,1,0,,,0,,,0,0,,,1,0,0,1,0,0,,,,,,0,,0,0,0,0,0,0,0
735,8,4201,2017-03-14 21:00:00+00:00,4205,2017-03-15 13:00:00+00:00,1,1,4204.0,2017-03-15 09:00:00+00:00,1,4204.0,2017-03-15 09:00:00+00:00,1,0,4204.0,2017-03-15 09:00:00+00:00,0,0,0,0,0,1,0.5148569225165739,0.9179868931729896,0.375,0.0,1.0,-1,0.6894291133485302,0,0,0,0,0,0,0
740,8,4221,2017-03-20 05:00:00+00:00,4221,2017-03-20 05:00:00+00:00,1,0,,,0,,,0,0,,,1,0,1,1,0,0,,,,,,0,,0,0,0,0,0,0,0
741,8,4223,2017-03-20 13:00:00+00:00,4227,2017-03-21 05:00:00+00:00,1,0,,,0,,,0,0,,,0,0,0,1,0,0,,,,,,0,,0,0,0,0,0,0,0
749,8,4261,2017-03-28 21:00:00+00:00,4265,2017-03-29 13:00:00+00:00,1,1,4264.0,2017-03-29 09:00:00+00:00,1,4264.0,2017-03-29 09:00:00+00:00,1,0,4264.0,2017-03-29 09:00:00+00:00,0,0,0,0,0,1,0.4019404651435187,0.7413643827437054,0.375,0.0,1.0,-1,0.7149897516168825,0,0,0,0,0,0,0
752,8,4267,2017-03-29 21:00:00+00:00,4268,2017-03-30 01:00:00+00:00,1,0,,,0,,,0,0,,,1,0,0,1,0,0,,,,,,0,,0,0,0,0,0,0,0
756,8,4276,2017-03-31 09:00:00+00:00,4281,2017-04-03 05:00:00+00:00,1,1,4280.0,2017-04-03 01:00:00+00:00,1,4280.0,2017-04-03 01:00:00+00:00,1,0,4280.0,2017-04-03 01:00:00+00:00,0,0,0,0,0,1,0.7219192734379798,0.48234419158115416,0.5,3.0,0.0,1,0.6346752081457869,1,0,0,0,0,0,1
761,8,4284,2017-04-03 17:00:00+00:00,4284,2017-04-03 17:00:00+00:00,1,0,,,0,,,0,0,,,1,0,0,1,0,0,,,,,,0,,0,0,0,0,0,0,0
763,8,4296,2017-04-05 17:00:00+00:00,4296,2017-04-05 17:00:00+00:00,1,0,,,0,,,0,0,,,1,0,0,1,0,0,,,,,,0,,0,0,0,0,0,0,0
765,8,4328,2017-04-13 01:00:00+00:00,4328,2017-04-13 01:00:00+00:00,1,0,,,0,,,0,0,,,1,0,0,1,0,0,,,,,,0,,0,0,0,0,0,0,0
767,8,4341,2017-04-18 05:00:00+00:00,4341,2017-04-18 05:00:00+00:00,1,0,,,0,,,0,0,,,1,0,1,1,0,0,,,,,,0,,0,0,0,0,0,0,0
768,8,4343,2017-04-18 13:00:00+00:00,4347,2017-04-19 05:00:00+00:00,1,1,4346.0,2017-04-19 01:00:00+00:00,1,4346.0,2017-04-19 01:00:00+00:00,1,0,4346.0,2017-04-19 01:00:00+00:00,0,0,0,0,0,1,0.40170303166111054,0.8036110700014731,0.625,1.0,0.0,1,0.795949518769807,0,0,0,0,0,0,0
772,8,4356,2017-04-20 17:00:00+00:00,4359,2017-04-21 05:00:00+00:00,1,1,4359.0,2017-04-21 05:00:00+00:00,0,,,0,0,,,0,0,0,0,0,0,0.5887847841680841,0.7736037708898993,0.5,0.0,0.0,0,0.579312304661678,1,0,0,1,0,0,1
773,8,4377,2017-04-26 05:00:00+00:00,4377,2017-04-26 05:00:00+00:00,1,0,,,0,,,0,0,,,1,0,0,1,0,0,,,,,,0,,0,0,0,0,0,0,0
777,8,4407,2017-05-03 05:00:00+00:00,4407,2017-05-03 05:00:00+00:00,1,0,,,0,,,0,0,,,1,0,0,1,0,0,,,,,,0,,0,0,0,0,0,0,0
779,8,4422,2017-05-05 17:00:00+00:00,4422,2017-05-05 17:00:00+00:00,1,0,,,0,,,0,0,,,1,0,0,1,0,0,,,,,,0,,0,0,0,0,0,0,0
781,8,4435,2017-05-09 21:00:00+00:00,4437,2017-05-10 05:00:00+00:00,1,0,,,0,,,0,0,,,1,0,1,1,0,0,,,,,,0,,0,0,0,0,0,0,0
783,8,4439,2017-05-10 13:00:00+00:00,4440,2017-05-10 17:00:00+00:00,1,0,,,0,,,0,0,,,1,0,1,1,0,0,,,,,,0,,0,0,0,0,0,0,0
786,8,4442,2017-05-11 01:00:00+00:00,4444,2017-05-11 09:00:00+00:00,1,0,,,0,,,0,0,,,1,0,0,1,0,0,,,,,,0,,0,0,0,0,0,0,0
790,8,4452,2017-05-12 17:00:00+00:00,4452,2017-05-12 17:00:00+00:00,1,0,,,0,,,0,0,,,1,0,0,1,0,0,,,,,,0,,0,0,0,0,0,0,0
793,8,4482,2017-05-19 17:00:00+00:00,4482,2017-05-19 17:00:00+00:00,1,0,,,0,,,0,0,,,1,0,0,1,0,0,,,,,,0,,0,0,0,0,0,0,0
794,8,4485,2017-05-22 05:00:00+00:00,4485,2017-05-22 05:00:00+00:00,1,0,,,0,,,0,0,,,1,0,0,1,0,0,,,,,,0,,0,0,0,0,0,0,0
799,8,4501,2017-05-24 21:00:00+00:00,4502,2017-05-25 01:00:00+00:00,1,0,,,0,,,0,0,,,1,0,0,1,0,0,,,,,,0,,0,0,0,0,0,0,0
802,8,4508,2017-05-26 01:00:00+00:00,4508,2017-05-26 01:00:00+00:00,1,0,,,0,,,0,0,,,1,0,0,1,0,0,,,,,,0,,0,0,0,0,0,0,0
804,8,4517,2017-05-29 13:00:00+00:00,4519,2017-05-30 01:00:00+00:00,1,0,,,0,,,0,0,,,1,0,0,1,0,0,,,,,,0,,0,0,0,0,0,0,0
808,8,4548,2017-06-05 21:00:00+00:00,4548,2017-06-05 21:00:00+00:00,1,0,,,0,,,0,0,,,1,0,0,1,0,0,,,,,,0,,0,0,0,0,0,0,0
811,8,4577,2017-06-12 17:00:00+00:00,4580,2017-06-13 05:00:00+00:00,1,1,4580.0,2017-06-13 05:00:00+00:00,0,,,0,0,,,0,0,0,0,0,0,0.5311295680004612,0.7081949692736439,0.375,0.0,2.0,-1,0.515631638922901,0,0,0,1,0,0,1
813,8,4601,2017-06-16 17:00:00+00:00,4601,2017-06-16 17:00:00+00:00,1,0,,,0,,,0,0,,,1,0,0,1,0,0,,,,,,0,,0,0,0,0,0,0,0
814,8,4619,2017-06-21 17:00:00+00:00,4619,2017-06-21 17:00:00+00:00,1,0,,,0,,,0,0,,,1,0,0,1,0,0,,,,,,0,,0,0,0,0,0,0,0
816,8,4626,2017-06-22 21:00:00+00:00,4626,2017-06-22 21:00:00+00:00,1,0,,,0,,,0,0,,,1,0,0,1,0,0,,,,,,0,,0,0,0,0,0,0,0
818,8,4647,2017-06-28 09:00:00+00:00,4650,2017-06-28 21:00:00+00:00,1,1,4650.0,2017-06-28 21:00:00+00:00,1,4650.0,2017-06-28 21:00:00+00:00,1,0,4650.0,2017-06-28 21:00:00+00:00,0,0,0,0,0,1,0.45085622669896247,0.9720066940514448,0.25,0.0,0.0,0,0.6648987143163317,0,0,0,0,0,0,0
823,8,4660,2017-06-30 13:00:00+00:00,4661,2017-06-30 17:00:00+00:00,1,0,,,0,,,0,0,,,1,0,0,1,0,0,,,,,,0,,0,0,0,0,0,0,0
825,8,4675,2017-07-05 05:00:00+00:00,4675,2017-07-05 05:00:00+00:00,1,0,,,0,,,0,0,,,1,0,0,1,0,0,,,,,,0,,0,0,0,0,0,0,0
828,8,4687,2017-07-07 05:00:00+00:00,4687,2017-07-07 05:00:00+00:00,1,0,,,0,,,0,0,,,1,0,0,1,0,0,,,,,,0,,0,0,0,0,0,0,0
831,8,4702,2017-07-11 17:00:00+00:00,4702,2017-07-11 17:00:00+00:00,1,0,,,0,,,0,0,,,1,0,1,1,0,0,,,,,,0,,0,0,0,0,0,0,0
832,8,4704,2017-07-12 01:00:00+00:00,4705,2017-07-12 05:00:00+00:00,1,0,,,0,,,0,0,,,1,0,0,1,0,0,,,,,,0,,0,0,0,0,0,0,0
833,8,4714,2017-07-13 17:00:00+00:00,4714,2017-07-13 17:00:00+00:00,1,0,,,0,,,0,0,,,1,0,0,1,0,0,,,,,,0,,0,0,0,0,0,0,0
836,8,4762,2017-07-25 17:00:00+00:00,4762,2017-07-25 17:00:00+00:00,1,0,,,0,,,0,0,,,1,0,0,1,0,0,,,,,,0,,0,0,0,0,0,0,0
838,8,4787,2017-07-31 21:00:00+00:00,4789,2017-08-01 05:00:00+00:00,1,0,,,0,,,0,0,,,1,0,0,1,0,0,,,,,,0,,0,0,0,0,0,0,0
842,8,4817,2017-08-07 21:00:00+00:00,4819,2017-08-08 05:00:00+00:00,1,0,,,0,,,0,0,,,1,0,0,1,0,0,,,,,,0,,0,0,0,0,0,0,0
844,8,4843,2017-08-14 05:00:00+00:00,4843,2017-08-14 05:00:00+00:00,1,0,,,0,,,0,0,,,1,0,0,1,0,0,,,,,,0,,0,0,0,0,0,0,0
847,8,4880,2017-08-22 09:00:00+00:00,4881,2017-08-22 13:00:00+00:00,1,0,,,0,,,0,0,,,1,0,0,1,0,0,,,,,,0,,0,0,0,0,0,0,0
850,8,4886,2017-08-23 09:00:00+00:00,4888,2017-08-23 17:00:00+00:00,1,0,,,0,,,0,0,,,1,0,0,1,0,0,,,,,,0,,0,0,0,0,0,0,0
854,8,4891,2017-08-24 05:00:00+00:00,4897,2017-08-25 05:00:00+00:00,1,1,4895.0,2017-08-24 21:00:00+00:00,0,,,0,0,,,0,0,0,0,0,0,0.6572131712918834,0.4621168305378527,0.25,0.0,3.0,-1,0.3018536375195239,1,0,0,1,0,0,1
860,8,4949,2017-09-07 01:00:00+00:00,4950,2017-09-07 05:00:00+00:00,1,0,,,0,,,0,0,,,1,0,0,1,0,0,,,,,,0,,0,0,0,0,0,0,0
862,8,4969,2017-09-12 09:00:00+00:00,4969,2017-09-12 09:00:00+00:00,1,0,,,0,,,0,0,,,1,0,0,1,0,0,,,,,,0,,0,0,0,0,0,0,0
864,8,4974,2017-09-13 05:00:00+00:00,4974,2017-09-13 05:00:00+00:00,1,0,,,0,,,0,0,,,1,0,0,1,0,0,,,,,,0,,0,0,0,0,0,0,0
866,8,5002,2017-09-19 21:00:00+00:00,5002,2017-09-19 21:00:00+00:00,1,0,,,0,,,0,0,,,1,0,0,1,0,0,,,,,,0,,0,0,0,0,0,0,0
870,8,5017,2017-09-22 09:00:00+00:00,5018,2017-09-22 13:00:00+00:00,1,0,,,0,,,0,0,,,1,0,0,1,0,0,,,,,,0,,0,0,0,0,0,0,0
873,8,5040,2017-09-28 05:00:00+00:00,5040,2017-09-28 05:00:00+00:00,1,0,,,0,,,0,0,,,1,0,0,1,0,0,,,,,,0,,0,0,0,0,0,0,0
875,8,5043,2017-09-28 17:00:00+00:00,5045,2017-09-29 01:00:00+00:00,1,0,,,0,,,0,0,,,1,0,0,1,0,0,,,,,,0,,0,0,0,0,0,0,0
879,8,5048,2017-09-29 13:00:00+00:00,5048,2017-09-29 13:00:00+00:00,1,0,,,0,,,0,0,,,1,0,0,1,0,0,,,,,,0,,0,0,0,0,0,0,0
881,8,5051,2017-10-02 01:00:00+00:00,5051,2017-10-02 01:00:00+00:00,1,0,,,0,,,0,0,,,1,0,0,1,0,0,,,,,,0,,0,0,0,0,0,0,0
887,8,5097,2017-10-11 17:00:00+00:00,5098,2017-10-11 21:00:00+00:00,1,0,,,0,,,0,0,,,1,0,0,1,0,0,,,,,,0,,0,0,0,0,0,0,0
892,8,5132,2017-10-19 13:00:00+00:00,5132,2017-10-19 13:00:00+00:00,1,0,,,0,,,0,0,,,1,0,0,1,0,0,,,,,,0,,0,0,0,0,0,0,0
894,8,5138,2017-10-20 13:00:00+00:00,5139,2017-10-20 17:00:00+00:00,1,0,,,0,,,0,0,,,1,0,0,1,0,0,,,,,,0,,0,0,0,0,0,0,0
896,8,5143,2017-10-23 09:00:00+00:00,5151,2017-10-24 17:00:00+00:00,1,1,5148.0,2017-10-24 05:00:00+00:00,1,5148.0,2017-10-24 05:00:00+00:00,1,0,5148.0,2017-10-24 05:00:00+00:00,0,0,0,0,0,1,0.6023382103601305,0.5523179597187393,0.5,2.0,0.0,1,0.5941470185060759,1,0,0,0,0,0,1
901,8,5155,2017-10-25 09:00:00+00:00,5155,2017-10-25 09:00:00+00:00,1,0,,,0,,,0,0,,,1,0,0,1,0,0,,,,,,0,,0,0,0,0,0,0,0
903,8,5158,2017-10-25 21:00:00+00:00,5158,2017-10-25 21:00:00+00:00,1,0,,,0,,,0,0,,,1,0,0,1,0,0,,,,,,0,,0,0,0,0,0,0,0
905,8,5178,2017-10-31 05:00:00+00:00,5179,2017-10-31 09:00:00+00:00,1,0,,,0,,,0,0,,,1,0,0,1,0,0,,,,,,0,,0,0,0,0,0,0,0
906,8,5182,2017-10-31 21:00:00+00:00,5183,2017-11-01 01:00:00+00:00,1,0,,,0,,,0,0,,,1,0,1,1,0,0,,,,,,0,,0,0,0,0,0,0,0
909,8,5185,2017-11-01 09:00:00+00:00,5189,2017-11-02 01:00:00+00:00,1,1,5189.0,2017-11-02 01:00:00+00:00,0,,,0,0,,,0,0,1,0,0,0,0.44176566332747624,0.5407418368353618,0.25,2.0,0.0,1,0.5696345090023454,0,0,0,1,0,1,1
913,8,5191,2017-11-02 09:00:00+00:00,5191,2017-11-02 09:00:00+00:00,1,0,,,0,,,0,0,,,1,0,0,1,0,0,,,,,,0,,0,0,0,0,0,0,0
916,8,5210,2017-11-07 14:00:00+00:00,5210,2017-11-07 14:00:00+00:00,1,0,,,0,,,0,0,,,1,0,0,1,0,0,,,,,,0,,0,0,0,0,0,0,0
918,8,5223,2017-11-09 18:00:00+00:00,5225,2017-11-10 02:00:00+00:00,1,0,,,0,,,0,0,,,1,0,1,1,0,0,,,,,,0,,0,0,0,0,0,0,0
921,8,5227,2017-11-10 10:00:00+00:00,5227,2017-11-10 10:00:00+00:00,1,0,,,0,,,0,0,,,1,0,0,1,0,0,,,,,,0,,0,0,0,0,0,0,0
926,8,5255,2017-11-17 02:00:00+00:00,5255,2017-11-17 02:00:00+00:00,1,0,,,0,,,0,0,,,1,0,0,1,0,0,,,,,,0,,0,0,0,0,0,0,0
932,8,5337,2017-12-06 22:00:00+00:00,5337,2017-12-06 22:00:00+00:00,1,0,,,0,,,0,0,,,1,0,0,1,0,0,,,,,,0,,0,0,0,0,0,0,0
933,8,5349,2017-12-10 22:00:00+00:00,5349,2017-12-10 22:00:00+00:00,1,0,,,0,,,0,0,,,1,0,0,1,0,0,,,,,,0,,0,0,0,0,0,0,0
937,8,5391,2017-12-19 22:00:00+00:00,5393,2017-12-20 06:00:00+00:00,1,0,,,0,,,0,0,,,1,0,0,1,0,0,,,,,,0,,0,0,0,0,0,0,0
939,8,5447,2018-01-04 06:00:00+00:00,5448,2018-01-04 10:00:00+00:00,1,0,,,0,,,0,0,,,1,0,0,1,0,0,,,,,,0,,0,0,0,0,0,0,0
943,8,5470,2018-01-10 02:00:00+00:00,5471,2018-01-10 06:00:00+00:00,1,0,,,0,,,0,0,,,1,0,0,1,0,0,,,,,,0,,0,0,0,0,0,0,0
948,8,5496,2018-01-16 14:00:00+00:00,5496,2018-01-16 14:00:00+00:00,1,0,,,0,,,0,0,,,1,0,0,1,0,0,,,,,,0,,0,0,0,0,0,0,0
951,8,5499,2018-01-17 02:00:00+00:00,5501,2018-01-17 10:00:00+00:00,1,0,,,0,,,0,0,,,1,0,0,1,0,0,,,,,,0,,0,0,0,0,0,0,0
954,8,5511,2018-01-19 02:00:00+00:00,5511,2018-01-19 02:00:00+00:00,1,0,,,0,,,0,0,,,1,0,0,1,0,0,,,,,,0,,0,0,0,0,0,0,0
958,8,5526,2018-01-23 14:00:00+00:00,5526,2018-01-23 14:00:00+00:00,1,0,,,0,,,0,0,,,1,0,1,1,0,0,,,,,,0,,0,0,0,0,0,0,0
960,8,5528,2018-01-23 22:00:00+00:00,5528,2018-01-23 22:00:00+00:00,1,0,,,0,,,0,0,,,1,0,0,1,0,0,,,,,,0,,0,0,0,0,0,0,0
963,8,5554,2018-01-30 06:00:00+00:00,5556,2018-01-30 14:00:00+00:00,1,0,,,0,,,0,0,,,1,0,0,1,0,0,,,,,,0,,0,0,0,0,0,0,0
968,8,5571,2018-02-02 02:00:00+00:00,5572,2018-02-02 06:00:00+00:00,1,0,,,0,,,0,0,,,1,0,0,1,0,0,,,,,,0,,0,0,0,0,0,0,0
970,8,5582,2018-02-05 22:00:00+00:00,5582,2018-02-05 22:00:00+00:00,1,0,,,0,,,0,0,,,1,0,0,1,0,0,,,,,,0,,0,0,0,0,0,0,0
973,8,5605,2018-02-09 18:00:00+00:00,5605,2018-02-09 18:00:00+00:00,1,0,,,0,,,0,0,,,1,0,1,1,0,0,,,,,,0,,0,0,0,0,0,0,0
975,8,5607,2018-02-12 02:00:00+00:00,5611,2018-02-12 18:00:00+00:00,1,1,5611.0,2018-02-12 18:00:00+00:00,0,,,0,0,,,0,0,0,0,0,0,0.4909183762259011,0.536319532132661,0.25,2.0,0.0,1,0.576125706189277,0,0,0,1,0,0,1
981,8,5664,2018-02-23 18:00:00+00:00,5664,2018-02-23 18:00:00+00:00,1,0,,,0,,,0,0,,,1,0,0,1,0,0,,,,,,0,,0,0,0,0,0,0,0
983,8,5668,2018-02-26 10:00:00+00:00,5671,2018-02-26 22:00:00+00:00,1,1,5671.0,2018-02-26 22:00:00+00:00,1,5671.0,2018-02-26 22:00:00+00:00,1,0,5671.0,2018-02-26 22:00:00+00:00,0,0,0,0,0,1,0.4809438077470403,0.9547904469844829,0.25,0.0,0.0,0,0.6822578522098536,0,0,0,0,0,0,0
987,8,5673,2018-02-27 06:00:00+00:00,5673,2018-02-27 06:00:00+00:00,1,0,,,0,,,0,0,,,1,0,0,1,0,0,,,,,,0,,0,0,0,0,0,0,0
991,8,5697,2018-03-05 06:00:00+00:00,5700,2018-03-05 18:00:00+00:00,1,0,,,0,,,0,0,,,0,0,0,1,0,0,,,,,,0,,0,0,0,0,0,0,0
995,8,5720,2018-03-09 02:00:00+00:00,5721,2018-03-09 06:00:00+00:00,1,0,,,0,,,0,0,,,1,0,0,1,0,0,,,,,,0,,0,0,0,0,0,0,0
996,8,5730,2018-03-12 17:00:00+00:00,5730,2018-03-12 17:00:00+00:00,1,0,,,0,,,0,0,,,1,0,0,1,0,0,,,,,,0,,0,0,0,0,0,0,0
999,8,5748,2018-03-15 17:00:00+00:00,5748,2018-03-15 17:00:00+00:00,1,0,,,0,,,0,0,,,1,0,0,1,0,0,,,,,,0,,0,0,0,0,0,0,0
1001,8,5810,2018-04-02 01:00:00+00:00,5810,2018-04-02 01:00:00+00:00,1,0,,,0,,,0,0,,,1,0,0,1,0,0,,,,,,0,,0,0,0,0,0,0,0
1005,8,5837,2018-04-06 13:00:00+00:00,5839,2018-04-08 21:00:00+00:00,1,0,,,0,,,0,0,,,1,0,0,1,0,0,,,,,,0,,0,0,0,0,0,0,0
1008,8,5842,2018-04-09 09:00:00+00:00,5842,2018-04-09 09:00:00+00:00,1,0,,,0,,,0,0,,,1,0,1,1,0,0,,,,,,0,,0,0,0,0,0,0,0
1011,8,5844,2018-04-09 17:00:00+00:00,5847,2018-04-10 05:00:00+00:00,1,1,5847.0,2018-04-10 05:00:00+00:00,0,,,0,0,,,0,0,0,0,0,0,0.5558329403727947,0.7255109231853529,0.375,2.0,0.0,1,0.5268179592646944,1,0,0,1,0,0,1
1014,8,5850,2018-04-10 17:00:00+00:00,5852,2018-04-11 01:00:00+00:00,1,0,,,0,,,0,0,,,1,0,0,1,0,0,,,,,,0,,0,0,0,0,0,0,0
1019,8,5877,2018-04-17 05:00:00+00:00,5877,2018-04-17 05:00:00+00:00,1,0,,,0,,,0,0,,,1,0,0,1,0,0,,,,,,0,,0,0,0,0,0,0,0
1020,8,5889,2018-04-19 05:00:00+00:00,5890,2018-04-19 09:00:00+00:00,1,0,,,0,,,0,0,,,1,0,0,1,0,0,,,,,,0,,0,0,0,0,0,0,0
1023,8,5906,2018-04-24 01:00:00+00:00,5906,2018-04-24 01:00:00+00:00,1,0,,,0,,,0,0,,,1,0,0,1,0,0,,,,,,0,,0,0,0,0,0,0,0
1025,8,5910,2018-04-24 17:00:00+00:00,5910,2018-04-24 17:00:00+00:00,1,0,,,0,,,0,0,,,1,0,0,1,0,0,,,,,,0,,0,0,0,0,0,0,0
1026,8,5913,2018-04-25 05:00:00+00:00,5913,2018-04-25 05:00:00+00:00,1,0,,,0,,,0,0,,,1,0,0,1,0,0,,,,,,0,,0,0,0,0,0,0,0
1028,8,5920,2018-04-26 09:00:00+00:00,5920,2018-04-26 09:00:00+00:00,1,0,,,0,,,0,0,,,1,0,0,1,0,0,,,,,,0,,0,0,0,0,0,0,0
1030,8,5930,2018-04-30 01:00:00+00:00,5931,2018-04-30 05:00:00+00:00,1,0,,,0,,,0,0,,,1,0,0,1,0,0,,,,,,0,,0,0,0,0,0,0,0
1033,8,5949,2018-05-03 05:00:00+00:00,5949,2018-05-03 05:00:00+00:00,1,0,,,0,,,0,0,,,1,0,0,1,0,0,,,,,,0,,0,0,0,0,0,0,0
1035,8,5960,2018-05-07 01:00:00+00:00,5962,2018-05-07 09:00:00+00:00,1,0,,,0,,,0,0,,,1,0,1,1,0,0,,,,,,0,,0,0,0,0,0,0,0
1038,8,5964,2018-05-07 17:00:00+00:00,5966,2018-05-08 01:00:00+00:00,1,0,,,0,,,0,0,,,1,0,0,1,0,0,,,,,,0,,0,0,0,0,0,0,0
1041,8,5970,2018-05-08 17:00:00+00:00,5972,2018-05-09 01:00:00+00:00,1,0,,,0,,,0,0,,,1,0,0,1,0,0,,,,,,0,,0,0,0,0,0,0,0
1043,8,5982,2018-05-10 17:00:00+00:00,5984,2018-05-11 01:00:00+00:00,1,0,,,0,,,0,0,,,1,0,0,1,0,0,,,,,,0,,0,0,0,0,0,0,0
1044,8,5995,2018-05-14 21:00:00+00:00,5995,2018-05-14 21:00:00+00:00,1,0,,,0,,,0,0,,,1,0,0,1,0,0,,,,,,0,,0,0,0,0,0,0,0
1047,8,6031,2018-05-22 21:00:00+00:00,6032,2018-05-23 01:00:00+00:00,1,0,,,0,,,0,0,,,1,0,0,1,0,0,,,,,,0,,0,0,0,0,0,0,0
1054,8,6066,2018-05-30 21:00:00+00:00,6067,2018-05-31 01:00:00+00:00,1,0,,,0,,,0,0,,,1,0,1,1,0,0,,,,,,0,,0,0,0,0,0,0,0
1055,8,6069,2018-05-31 09:00:00+00:00,6069,2018-05-31 09:00:00+00:00,1,0,,,0,,,0,0,,,1,0,0,1,0,0,,,,,,0,,0,0,0,0,0,0,0
1062,8,6094,2018-06-06 13:00:00+00:00,6094,2018-06-06 13:00:00+00:00,1,0,,,0,,,0,0,,,1,0,1,1,0,0,,,,,,0,,0,0,0,0,0,0,0
1063,8,6096,2018-06-06 21:00:00+00:00,6098,2018-06-07 05:00:00+00:00,1,0,,,0,,,0,0,,,1,0,0,1,0,0,,,,,,0,,0,0,0,0,0,0,0
1066,8,6111,2018-06-11 09:00:00+00:00,6111,2018-06-11 09:00:00+00:00,1,0,,,0,,,0,0,,,1,0,0,1,0,0,,,,,,0,,0,0,0,0,0,0,0
1068,8,6145,2018-06-19 01:00:00+00:00,6145,2018-06-19 01:00:00+00:00,1,0,,,0,,,0,0,,,1,0,0,1,0,0,,,,,,0,,0,0,0,0,0,0,0
1073,8,6193,2018-06-29 01:00:00+00:00,6194,2018-06-29 05:00:00+00:00,1,0,,,0,,,0,0,,,1,0,0,1,0,0,,,,,,0,,0,0,0,0,0,0,0
1076,8,6215,2018-07-04 21:00:00+00:00,6216,2018-07-05 01:00:00+00:00,1,0,,,0,,,0,0,,,1,0,0,1,0,0,,,,,,0,,0,0,0,0,0,0,0
1081,8,6227,2018-07-08 21:00:00+00:00,6227,2018-07-08 21:00:00+00:00,1,0,,,0,,,0,0,,,1,0,0,1,0,0,,,,,,0,,0,0,0,0,0,0,0
1089,8,6295,2018-07-24 05:00:00+00:00,6295,2018-07-24 05:00:00+00:00,1,0,,,0,,,0,0,,,1,0,0,1,0,0,,,,,,0,,0,0,0,0,0,0,0
1091,8,6298,2018-07-24 17:00:00+00:00,6300,2018-07-25 01:00:00+00:00,1,0,,,0,,,0,0,,,1,0,0,1,0,0,,,,,,0,,0,0,0,0,0,0,0
1094,8,6304,2018-07-25 17:00:00+00:00,6304,2018-07-25 17:00:00+00:00,1,0,,,0,,,0,0,,,1,0,0,1,0,0,,,,,,0,,0,0,0,0,0,0,0
1097,8,6314,2018-07-27 09:00:00+00:00,6314,2018-07-27 09:00:00+00:00,1,0,,,0,,,0,0,,,1,0,0,1,0,0,,,,,,0,,0,0,0,0,0,0,0
1099,8,6323,2018-07-30 21:00:00+00:00,6324,2018-07-31 01:00:00+00:00,1,0,,,0,,,0,0,,,1,0,0,1,0,0,,,,,,0,,0,0,0,0,0,0,0
1101,8,6335,2018-08-01 21:00:00+00:00,6337,2018-08-02 05:00:00+00:00,1,0,,,0,,,0,0,,,1,0,0,1,0,0,,,,,,0,,0,0,0,0,0,0,0
1104,8,6361,2018-08-08 05:00:00+00:00,6361,2018-08-08 05:00:00+00:00,1,0,,,0,,,0,0,,,1,0,0,1,0,0,,,,,,0,,0,0,0,0,0,0,0
1110,8,6415,2018-08-21 05:00:00+00:00,6416,2018-08-21 09:00:00+00:00,1,0,,,0,,,0,0,,,1,0,0,1,0,0,,,,,,0,,0,0,0,0,0,0,0
1113,8,6433,2018-08-24 05:00:00+00:00,6433,2018-08-24 05:00:00+00:00,1,0,,,0,,,0,0,,,1,0,0,1,0,0,,,,,,0,,0,0,0,0,0,0,0
1116,8,6443,2018-08-27 21:00:00+00:00,6444,2018-08-28 01:00:00+00:00,1,0,,,0,,,0,0,,,1,0,0,1,0,0,,,,,,0,,0,0,0,0,0,0,0
1118,8,6456,2018-08-30 01:00:00+00:00,6457,2018-08-30 05:00:00+00:00,1,0,,,0,,,0,0,,,1,0,0,1,0,0,,,,,,0,,0,0,0,0,0,0,0
1120,8,6478,2018-09-04 21:00:00+00:00,6479,2018-09-05 01:00:00+00:00,1,0,,,0,,,0,0,,,1,0,0,1,0,0,,,,,,0,,0,0,0,0,0,0,0
1122,8,6482,2018-09-05 13:00:00+00:00,6482,2018-09-05 13:00:00+00:00,1,0,,,0,,,0,0,,,1,0,0,1,0,0,,,,,,0,,0,0,0,0,0,0,0
1126,8,6496,2018-09-09 21:00:00+00:00,6499,2018-09-10 09:00:00+00:00,1,0,,,0,,,0,0,,,0,0,0,1,0,0,,,,,,0,,0,0,0,0,0,0,0
1129,8,6502,2018-09-10 21:00:00+00:00,6504,2018-09-11 05:00:00+00:00,1,0,,,0,,,0,0,,,1,0,1,1,0,0,,,,,,0,,0,0,0,0,0,0,0
1132,8,6506,2018-09-11 13:00:00+00:00,6511,2018-09-12 09:00:00+00:00,1,1,6509.0,2018-09-12 01:00:00+00:00,1,6509.0,2018-09-12 01:00:00+00:00,1,0,6509.0,2018-09-12 01:00:00+00:00,0,0,0,0,0,1,0.5041065068969761,0.6671865072488892,0.625,2.0,0.0,1,0.7093565355143037,0,0,0,0,0,0,0
1138,8,6542,2018-09-19 13:00:00+00:00,6543,2018-09-19 17:00:00+00:00,1,0,,,0,,,0,0,,,1,0,0,1,0,0,,,,,,0,,0,0,0,0,0,0,0
1142,8,6548,2018-09-20 13:00:00+00:00,6549,2018-09-20 17:00:00+00:00,1,0,,,0,,,0,0,,,1,0,0,1,0,0,,,,,,0,,0,0,0,0,0,0,0
1146,8,6561,2018-09-24 17:00:00+00:00,6564,2018-09-25 05:00:00+00:00,1,1,6564.0,2018-09-25 05:00:00+00:00,1,6564.0,2018-09-25 05:00:00+00:00,1,0,6564.0,2018-09-25 05:00:00+00:00,0,0,0,0,0,1,0.46964681738975544,0.955235075517352,0.25,0.0,0.0,0,0.7973765457583849,0,0,0,0,0,0,0
1149,8,6566,2018-09-25 13:00:00+00:00,6566,2018-09-25 13:00:00+00:00,1,0,,,0,,,0,0,,,1,0,0,1,0,0,,,,,,0,,0,0,0,0,0,0,0
1151,8,6570,2018-09-26 05:00:00+00:00,6570,2018-09-26 05:00:00+00:00,1,0,,,0,,,0,0,,,1,0,1,1,0,0,,,,,,0,,0,0,0,0,0,0,0
1155,8,6572,2018-09-26 13:00:00+00:00,6572,2018-09-26 13:00:00+00:00,1,0,,,0,,,0,0,,,1,0,0,1,0,0,,,,,,0,,0,0,0,0,0,0,0
1158,8,6591,2018-10-01 17:00:00+00:00,6593,2018-10-02 01:00:00+00:00,1,0,,,0,,,0,0,,,1,0,0,1,0,0,,,,,,0,,0,0,0,0,0,0,0
1160,8,6605,2018-10-04 01:00:00+00:00,6605,2018-10-04 01:00:00+00:00,1,0,,,0,,,0,0,,,1,0,1,1,0,0,,,,,,0,,0,0,0,0,0,0,0
1161,8,6607,2018-10-04 09:00:00+00:00,6607,2018-10-04 09:00:00+00:00,1,0,,,0,,,0,0,,,1,0,0,1,0,0,,,,,,0,,0,0,0,0,0,0,0
1166,8,6614,2018-10-05 13:00:00+00:00,6617,2018-10-08 01:00:00+00:00,1,0,,,0,,,0,0,,,0,1,0,1,0,0,,,,,,0,,0,0,0,0,0,0,0
1172,8,6647,2018-10-15 01:00:00+00:00,6647,2018-10-15 01:00:00+00:00,1,0,,,0,,,0,0,,,1,0,0,1,0,0,,,,,,0,,0,0,0,0,0,0,0
1174,8,6656,2018-10-16 13:00:00+00:00,6656,2018-10-16 13:00:00+00:00,1,0,,,0,,,0,0,,,1,0,0,1,0,0,,,,,,0,,0,0,0,0,0,0,0
1177,8,6675,2018-10-19 17:00:00+00:00,6675,2018-10-19 17:00:00+00:00,1,0,,,0,,,0,0,,,1,0,0,1,0,0,,,,,,0,,0,0,0,0,0,0,0
1181,8,6702,2018-10-26 05:00:00+00:00,6703,2018-10-26 09:00:00+00:00,1,0,,,0,,,0,0,,,1,0,0,1,0,0,,,,,,0,,0,0,0,0,0,0,0
1184,8,6724,2018-10-31 21:00:00+00:00,6724,2018-10-31 21:00:00+00:00,1,0,,,0,,,0,0,,,1,0,0,1,0,0,,,,,,0,,0,0,0,0,0,0,0
1186,8,6736,2018-11-04 22:00:00+00:00,6738,2018-11-05 06:00:00+00:00,1,0,,,0,,,0,0,,,1,0,0,1,0,0,,,,,,0,,0,0,0,0,0,0,0
1189,8,6748,2018-11-06 22:00:00+00:00,6752,2018-11-07 14:00:00+00:00,1,1,6751.0,2018-11-07 10:00:00+00:00,1,6751.0,2018-11-07 10:00:00+00:00,1,0,6751.0,2018-11-07 10:00:00+00:00,0,0,0,0,0,1,0.3559654647452762,0.8497807860933733,0.625,2.0,0.0,1,0.612072844934667,0,0,0,0,0,0,0
1192,8,6762,2018-11-09 06:00:00+00:00,6762,2018-11-09 06:00:00+00:00,1,0,,,0,,,0,0,,,1,0,0,1,0,0,,,,,,0,,0,0,0,0,0,0,0
1195,8,6790,2018-11-15 22:00:00+00:00,6790,2018-11-15 22:00:00+00:00,1,0,,,0,,,0,0,,,1,0,0,1,0,0,,,,,,0,,0,0,0,0,0,0,0
1197,8,6801,2018-11-19 18:00:00+00:00,6803,2018-11-20 02:00:00+00:00,1,0,,,0,,,0,0,,,1,0,0,1,0,0,,,,,,0,,0,0,0,0,0,0,0
1199,8,6820,2018-11-23 02:00:00+00:00,6820,2018-11-23 02:00:00+00:00,1,0,,,0,,,0,0,,,1,0,0,1,0,0,,,,,,0,,0,0,0,0,0,0,0
1203,8,6849,2018-11-29 22:00:00+00:00,6849,2018-11-29 22:00:00+00:00,1,0,,,0,,,0,0,,,1,0,0,1,0,0,,,,,,0,,0,0,0,0,0,0,0
1204,8,6866,2018-12-04 18:00:00+00:00,6867,2018-12-04 22:00:00+00:00,1,0,,,0,,,0,0,,,1,0,0,1,0,0,,,,,,0,,0,0,0,0,0,0,0
1206,8,6895,2018-12-11 14:00:00+00:00,6897,2018-12-11 22:00:00+00:00,1,0,,,0,,,0,0,,,1,0,0,1,0,0,,,,,,0,,0,0,0,0,0,0,0
1212,8,6907,2018-12-13 14:00:00+00:00,6910,2018-12-14 02:00:00+00:00,1,1,6910.0,2018-12-14 02:00:00+00:00,0,,,0,0,,,0,0,0,0,0,0,0.6552172032150906,0.5291385767790072,0.375,0.0,2.0,-1,0.5756012840129724,1,0,0,1,0,0,1
1215,8,6927,2018-12-18 22:00:00+00:00,6928,2018-12-19 02:00:00+00:00,1,0,,,0,,,0,0,,,1,0,0,1,0,0,,,,,,0,,0,0,0,0,0,0,0
1219,8,6965,2018-12-28 02:00:00+00:00,6965,2018-12-28 02:00:00+00:00,1,0,,,0,,,0,0,,,1,0,0,1,0,0,,,,,,0,,0,0,0,0,0,0,0
1221,8,6972,2018-12-31 06:00:00+00:00,6972,2018-12-31 06:00:00+00:00,1,0,,,0,,,0,0,,,1,0,0,1,0,0,,,,,,0,,0,0,0,0,0,0,0
1224,8,7009,2019-01-09 10:00:00+00:00,7009,2019-01-09 10:00:00+00:00,1,0,,,0,,,0,0,,,1,0,0,1,0,0,,,,,,0,,0,0,0,0,0,0,0
1225,8,7012,2019-01-09 22:00:00+00:00,7012,2019-01-09 22:00:00+00:00,1,0,,,0,,,0,0,,,1,0,0,1,0,0,,,,,,0,,0,0,0,0,0,0,0
1227,8,7018,2019-01-10 22:00:00+00:00,7020,2019-01-11 06:00:00+00:00,1,0,,,0,,,0,0,,,1,0,1,1,0,0,,,,,,0,,0,0,0,0,0,0,0
1229,8,7022,2019-01-11 14:00:00+00:00,7027,2019-01-14 10:00:00+00:00,1,1,7027.0,2019-01-14 10:00:00+00:00,0,,,0,0,,,0,0,0,0,0,0,0.36759880494791375,0.8431024274718875,0.625,2.0,0.0,1,0.46678079321850274,0,0,0,1,0,0,1
1235,8,7040,2019-01-16 14:00:00+00:00,7044,2019-01-17 06:00:00+00:00,1,0,,,0,,,0,0,,,0,0,0,1,0,0,,,,,,0,,0,0,0,0,0,0,0
1238,8,7060,2019-01-22 02:00:00+00:00,7064,2019-01-22 18:00:00+00:00,1,1,7064.0,2019-01-22 18:00:00+00:00,0,,,0,0,,,0,0,0,0,0,0,0.7136165185867192,0.4116835326587067,0.5,2.0,0.0,1,0.4025257724051686,1,1,0,1,1,0,1
1240,8,7069,2019-01-23 14:00:00+00:00,7070,2019-01-23 18:00:00+00:00,1,0,,,0,,,0,0,,,1,0,0,1,0,0,,,,,,0,,0,0,0,0,0,0,0
1243,8,7089,2019-01-28 22:00:00+00:00,7089,2019-01-28 22:00:00+00:00,1,0,,,0,,,0,0,,,1,0,0,1,0,0,,,,,,0,,0,0,0,0,0,0,0
1244,8,7099,2019-01-30 14:00:00+00:00,7099,2019-01-30 14:00:00+00:00,1,0,,,0,,,0,0,,,1,0,0,1,0,0,,,,,,0,,0,0,0,0,0,0,0
1248,8,7125,2019-02-05 22:00:00+00:00,7129,2019-02-06 14:00:00+00:00,1,1,7128.0,2019-02-06 10:00:00+00:00,1,7128.0,2019-02-06 10:00:00+00:00,1,0,7128.0,2019-02-06 10:00:00+00:00,0,0,0,0,0,1,0.49278070557408926,0.9846304774362491,0.25,0.0,0.0,0,0.6094742226909393,0,0,0,0,0,0,0
1252,8,7137,2019-02-07 22:00:00+00:00,7139,2019-02-08 06:00:00+00:00,1,0,,,0,,,0,0,,,1,0,0,1,0,0,,,,,,0,,0,0,0,0,0,0,0
1254,8,7143,2019-02-10 22:00:00+00:00,7144,2019-02-11 02:00:00+00:00,1,0,,,0,,,0,0,,,1,0,0,1,0,0,,,,,,0,,0,0,0,0,0,0,0
1255,8,7158,2019-02-13 10:00:00+00:00,7158,2019-02-13 10:00:00+00:00,1,0,,,0,,,0,0,,,1,0,0,1,0,0,,,,,,0,,0,0,0,0,0,0,0
1258,8,7190,2019-02-20 22:00:00+00:00,7191,2019-02-21 02:00:00+00:00,1,0,,,0,,,0,0,,,1,0,0,1,0,0,,,,,,0,,0,0,0,0,0,0,0
1259,8,7202,2019-02-24 22:00:00+00:00,7202,2019-02-24 22:00:00+00:00,1,0,,,0,,,0,0,,,1,0,0,1,0,0,,,,,,0,,0,0,0,0,0,0,0
1262,8,7207,2019-02-25 18:00:00+00:00,7210,2019-02-26 06:00:00+00:00,1,1,7210.0,2019-02-26 06:00:00+00:00,0,,,0,0,,,0,0,0,0,0,0,0.5592622919769963,0.7662586393538285,0.5,0.0,1.0,-1,0.5275979712692382,1,0,0,1,0,0,1
1265,8,7214,2019-02-26 22:00:00+00:00,7217,2019-02-27 10:00:00+00:00,1,1,7217.0,2019-02-27 10:00:00+00:00,1,7217.0,2019-02-27 10:00:00+00:00,1,0,7217.0,2019-02-27 10:00:00+00:00,0,0,0,0,0,1,0.4405302226252825,0.92660502533562,0.375,1.0,0.0,1,0.6183999675222838,0,0,0,0,0,0,0
1269,8,7222,2019-02-28 06:00:00+00:00,7222,2019-02-28 06:00:00+00:00,1,0,,,0,,,0,0,,,1,0,0,1,0,0,,,,,,0,,0,0,0,0,0,0,0
1275,8,7267,2019-03-11 17:00:00+00:00,7267,2019-03-11 17:00:00+00:00,1,0,,,0,,,0,0,,,1,0,1,1,0,0,,,,,,0,,0,0,0,0,0,0,0
1277,8,7269,2019-03-12 01:00:00+00:00,7271,2019-03-12 09:00:00+00:00,1,0,,,0,,,0,0,,,1,0,0,1,0,0,,,,,,0,,0,0,0,0,0,0,0
1280,8,7289,2019-03-15 09:00:00+00:00,7289,2019-03-15 09:00:00+00:00,1,0,,,0,,,0,0,,,1,0,0,1,0,0,,,,,,0,,0,0,0,0,0,0,0
1281,8,7295,2019-03-18 09:00:00+00:00,7298,2019-03-18 21:00:00+00:00,1,1,7298.0,2019-03-18 21:00:00+00:00,0,,,0,0,,,0,0,0,0,1,0,0.620994369570767,0.5933207010895416,0.5,2.0,0.0,1,0.35070297112796966,1,0,0,1,0,1,1
1285,8,7304,2019-03-19 21:00:00+00:00,7304,2019-03-19 21:00:00+00:00,1,0,,,0,,,0,0,,,1,0,0,1,0,0,,,,,,0,,0,0,0,0,0,0,0
1290,8,7322,2019-03-24 21:00:00+00:00,7322,2019-03-24 21:00:00+00:00,1,0,,,0,,,0,0,,,1,0,0,1,0,0,,,,,,0,,0,0,0,0,0,0,0
1292,8,7338,2019-03-27 13:00:00+00:00,7341,2019-03-28 01:00:00+00:00,1,1,7341.0,2019-03-28 01:00:00+00:00,1,7341.0,2019-03-28 01:00:00+00:00,1,0,7341.0,2019-03-28 01:00:00+00:00,0,0,0,0,0,1,0.569110706256082,0.38054626532886004,0.5,0.0,3.0,-1,0.6341975836400138,1,1,0,0,1,0,0
1298,8,7365,2019-04-03 01:00:00+00:00,7366,2019-04-03 05:00:00+00:00,1,0,,,0,,,0,0,,,1,0,0,1,0,0,,,,,,0,,0,0,0,0,0,0,0
1301,8,7369,2019-04-03 17:00:00+00:00,7372,2019-04-04 05:00:00+00:00,1,1,7372.0,2019-04-04 05:00:00+00:00,1,7372.0,2019-04-04 05:00:00+00:00,1,0,7372.0,2019-04-04 05:00:00+00:00,0,0,0,0,0,1,0.3918304941729724,0.8728580257317613,0.375,1.0,0.0,1,0.6676577220276542,0,0,0,0,0,0,0
1303,8,7392,2019-04-09 13:00:00+00:00,7393,2019-04-09 17:00:00+00:00,1,0,,,0,,,0,0,,,1,0,0,1,0,0,,,,,,0,,0,0,0,0,0,0,0
1306,8,7420,2019-04-16 05:00:00+00:00,7420,2019-04-16 05:00:00+00:00,1,0,,,0,,,0,0,,,1,0,0,1,0,0,,,,,,0,,0,0,0,0,0,0,0
1308,8,7440,2019-04-22 13:00:00+00:00,7442,2019-04-22 21:00:00+00:00,1,0,,,0,,,0,0,,,1,0,0,1,0,0,,,,,,0,,0,0,0,0,0,0,0
1313,8,7447,2019-04-23 17:00:00+00:00,7449,2019-04-24 01:00:00+00:00,1,0,,,0,,,0,0,,,1,0,1,1,0,0,,,,,,0,,0,0,0,0,0,0,0
1315,8,7451,2019-04-24 09:00:00+00:00,7451,2019-04-24 09:00:00+00:00,1,0,,,0,,,0,0,,,1,0,0,1,0,0,,,,,,0,,0,0,0,0,0,0,0
1318,8,7462,2019-04-26 05:00:00+00:00,7462,2019-04-26 05:00:00+00:00,1,0,,,0,,,0,0,,,1,0,0,1,0,0,,,,,,0,,0,0,0,0,0,0,0
1319,8,7472,2019-04-29 21:00:00+00:00,7477,2019-04-30 17:00:00+00:00,1,1,7477.0,2019-04-30 17:00:00+00:00,0,,,0,0,,,0,0,1,0,0,0,0.4829375510151973,0.7320707070707122,0.25,2.0,0.0,1,0.4050147134221026,0,0,0,1,0,0,1
1322,8,7479,2019-05-01 01:00:00+00:00,7479,2019-05-01 01:00:00+00:00,1,0,,,0,,,0,0,,,1,0,0,1,0,0,,,,,,0,,0,0,0,0,0,0,0
1325,8,7507,2019-05-07 17:00:00+00:00,7507,2019-05-07 17:00:00+00:00,1,0,,,0,,,0,0,,,1,0,0,1,0,0,,,,,,0,,0,0,0,0,0,0,0
1329,8,7525,2019-05-10 17:00:00+00:00,7527,2019-05-13 01:00:00+00:00,1,0,,,0,,,0,0,,,1,0,0,1,0,0,,,,,,0,,0,0,0,0,0,0,0
1331,8,7540,2019-05-15 05:00:00+00:00,7543,2019-05-15 17:00:00+00:00,1,0,,,0,,,0,0,,,0,0,0,1,0,0,,,,,,0,,0,0,0,0,0,0,0
1335,8,7564,2019-05-21 05:00:00+00:00,7564,2019-05-21 05:00:00+00:00,1,0,,,0,,,0,0,,,1,0,0,1,0,0,,,,,,0,,0,0,0,0,0,0,0
1337,8,7587,2019-05-27 01:00:00+00:00,7589,2019-05-27 09:00:00+00:00,1,0,,,0,,,0,0,,,1,0,0,1,0,0,,,,,,0,,0,0,0,0,0,0,0
1341,8,7592,2019-05-28 01:00:00+00:00,7592,2019-05-28 01:00:00+00:00,1,0,,,0,,,0,0,,,1,0,0,1,0,0,,,,,,0,,0,0,0,0,0,0,0
1344,8,7603,2019-05-29 21:00:00+00:00,7603,2019-05-29 21:00:00+00:00,1,0,,,0,,,0,0,,,1,0,0,1,0,0,,,,,,0,,0,0,0,0,0,0,0
1346,8,7627,2019-06-04 21:00:00+00:00,7628,2019-06-05 01:00:00+00:00,1,0,,,0,,,0,0,,,1,0,0,1,0,0,,,,,,0,,0,0,0,0,0,0,0
1350,8,7681,2019-06-17 21:00:00+00:00,7681,2019-06-17 21:00:00+00:00,1,0,,,0,,,0,0,,,1,0,0,1,0,0,,,,,,0,,0,0,0,0,0,0,0
1355,8,7723,2019-06-26 21:00:00+00:00,7723,2019-06-26 21:00:00+00:00,1,0,,,0,,,0,0,,,1,0,1,1,0,0,,,,,,0,,0,0,0,0,0,0,0
1356,8,7725,2019-06-27 05:00:00+00:00,7725,2019-06-27 05:00:00+00:00,1,0,,,0,,,0,0,,,1,0,0,1,0,0,,,,,,0,,0,0,0,0,0,0,0
1359,8,7742,2019-07-02 01:00:00+00:00,7744,2019-07-02 09:00:00+00:00,1,0,,,0,,,0,0,,,1,0,0,1,0,0,,,,,,0,,0,0,0,0,0,0,0
1361,8,7755,2019-07-04 05:00:00+00:00,7755,2019-07-04 05:00:00+00:00,1,0,,,0,,,0,0,,,1,0,0,1,0,0,,,,,,0,,0,0,0,0,0,0,0
1363,8,7770,2019-07-08 21:00:00+00:00,7771,2019-07-09 01:00:00+00:00,1,0,,,0,,,0,0,,,1,0,1,1,0,0,,,,,,0,,0,0,0,0,0,0,0
1365,8,7773,2019-07-09 09:00:00+00:00,7773,2019-07-09 09:00:00+00:00,1,0,,,0,,,0,0,,,1,0,0,1,0,0,,,,,,0,,0,0,0,0,0,0,0
1367,8,7776,2019-07-09 21:00:00+00:00,7778,2019-07-10 05:00:00+00:00,1,0,,,0,,,0,0,,,1,0,0,1,0,0,,,,,,0,,0,0,0,0,0,0,0
1372,8,7803,2019-07-16 09:00:00+00:00,7803,2019-07-16 09:00:00+00:00,1,0,,,0,,,0,0,,,1,0,0,1,0,0,,,,,,0,,0,0,0,0,0,0,0
1375,8,7809,2019-07-17 09:00:00+00:00,7809,2019-07-17 09:00:00+00:00,1,0,,,0,,,0,0,,,1,0,0,1,0,0,,,,,,0,,0,0,0,0,0,0,0
1378,8,7832,2019-07-23 05:00:00+00:00,7834,2019-07-23 13:00:00+00:00,1,0,,,0,,,0,0,,,1,0,0,1,0,0,,,,,,0,,0,0,0,0,0,0,0
1380,8,7839,2019-07-24 09:00:00+00:00,7842,2019-07-24 21:00:00+00:00,1,1,7842.0,2019-07-24 21:00:00+00:00,0,,,0,0,,,0,0,0,0,0,0,0.49892844637910005,0.8261954677049088,0.25,1.0,0.0,1,0.4724865904063672,0,0,0,1,0,0,1
1384,8,7855,2019-07-29 01:00:00+00:00,7857,2019-07-29 09:00:00+00:00,1,0,,,0,,,0,0,,,1,0,0,1,0,0,,,,,,0,,0,0,0,0,0,0,0
1390,8,7907,2019-08-08 17:00:00+00:00,7909,2019-08-09 01:00:00+00:00,1,0,,,0,,,0,0,,,1,0,0,1,0,0,,,,,,0,,0,0,0,0,0,0,0
1393,8,7914,2019-08-11 21:00:00+00:00,7915,2019-08-12 01:00:00+00:00,1,0,,,0,,,0,0,,,1,0,0,1,0,0,,,,,,0,,0,0,0,0,0,0,0
1396,8,7932,2019-08-14 21:00:00+00:00,7934,2019-08-15 05:00:00+00:00,1,0,,,0,,,0,0,,,1,0,0,1,0,0,,,,,,0,,0,0,0,0,0,0,0
1398,8,7937,2019-08-15 17:00:00+00:00,7944,2019-08-18 21:00:00+00:00,1,1,7944.0,2019-08-18 21:00:00+00:00,0,,,0,0,,,0,0,0,0,0,0,0.6014908623948964,0.6962329095870808,0.25,0.0,2.0,-1,0.5391556290476885,1,0,0,1,0,0,1
1404,8,7951,2019-08-20 01:00:00+00:00,7951,2019-08-20 01:00:00+00:00,1,0,,,0,,,0,0,,,1,0,1,1,0,0,,,,,,0,,0,0,0,0,0,0,0
1407,8,7953,2019-08-20 09:00:00+00:00,7959,2019-08-21 09:00:00+00:00,1,1,7957.0,2019-08-21 01:00:00+00:00,1,7957.0,2019-08-21 01:00:00+00:00,1,0,7957.0,2019-08-21 01:00:00+00:00,0,0,0,0,0,1,0.5595410390212432,0.4702087205452068,0.25,2.0,0.0,1,0.7014178100765026,1,0,0,0,0,0,1
1415,8,7964,2019-08-22 05:00:00+00:00,7964,2019-08-22 05:00:00+00:00,1,0,,,0,,,0,0,,,1,0,0,1,0,0,,,,,,0,,0,0,0,0,0,0,0
1416,8,7970,2019-08-23 05:00:00+00:00,7970,2019-08-23 05:00:00+00:00,1,0,,,0,,,0,0,,,1,0,0,1,0,0,,,,,,0,,0,0,0,0,0,0,0
1422,8,7987,2019-08-28 01:00:00+00:00,7987,2019-08-28 01:00:00+00:00,1,0,,,0,,,0,0,,,1,0,0,1,0,0,,,,,,0,,0,0,0,0,0,0,0
1424,8,8004,2019-09-01 21:00:00+00:00,8009,2019-09-02 21:00:00+00:00,1,1,8007.0,2019-09-02 09:00:00+00:00,1,8007.0,2019-09-02 09:00:00+00:00,1,0,8007.0,2019-09-02 09:00:00+00:00,0,0,0,0,0,1,0.523891606259382,0.9286910464618174,0.5,0.0,0.0,0,0.6932871750964932,0,0,0,0,0,0,0
1428,8,8020,2019-09-04 17:00:00+00:00,8023,2019-09-05 05:00:00+00:00,1,1,8023.0,2019-09-05 05:00:00+00:00,1,8023.0,2019-09-05 05:00:00+00:00,1,0,8023.0,2019-09-05 05:00:00+00:00,0,0,0,0,0,1,0.5749356673992304,0.778235779060187,0.375,0.0,0.0,0,0.5972374809237176,1,0,0,0,0,0,0
1429,8,8032,2019-09-06 17:00:00+00:00,8032,2019-09-06 17:00:00+00:00,1,0,,,0,,,0,0,,,1,0,0,1,0,0,,,,,,0,,0,0,0,0,0,0,0
1436,8,8099,2019-09-23 21:00:00+00:00,8100,2019-09-24 01:00:00+00:00,1,0,,,0,,,0,0,,,1,0,0,1,0,0,,,,,,0,,0,0,0,0,0,0,0
1441,8,8117,2019-09-26 21:00:00+00:00,8117,2019-09-26 21:00:00+00:00,1,0,,,0,,,0,0,,,1,0,0,1,0,0,,,,,,0,,0,0,0,0,0,0,0
1443,8,8161,2019-10-08 05:00:00+00:00,8164,2019-10-08 17:00:00+00:00,1,0,,,0,,,0,0,,,0,0,0,1,0,0,,,,,,0,,0,0,0,0,0,0,0
1448,8,8179,2019-10-11 05:00:00+00:00,8179,2019-10-11 05:00:00+00:00,1,0,,,0,,,0,0,,,1,0,0,1,0,0,,,,,,0,,0,0,0,0,0,0,0
1450,8,8192,2019-10-15 09:00:00+00:00,8192,2019-10-15 09:00:00+00:00,1,0,,,0,,,0,0,,,1,0,0,1,0,0,,,,,,0,,0,0,0,0,0,0,0
1452,8,8200,2019-10-16 17:00:00+00:00,8200,2019-10-16 17:00:00+00:00,1,0,,,0,,,0,0,,,1,0,0,1,0,0,,,,,,0,,0,0,0,0,0,0,0
1461,8,8229,2019-10-23 13:00:00+00:00,8230,2019-10-23 17:00:00+00:00,1,0,,,0,,,0,0,,,1,0,1,1,0,0,,,,,,0,,0,0,0,0,0,0,0
1464,8,8232,2019-10-24 01:00:00+00:00,8233,2019-10-24 05:00:00+00:00,1,0,,,0,,,0,0,,,1,0,0,1,0,0,,,,,,0,,0,0,0,0,0,0,0
1467,8,8280,2019-11-05 02:00:00+00:00,8280,2019-11-05 02:00:00+00:00,1,0,,,0,,,0,0,,,1,0,0,1,0,0,,,,,,0,,0,0,0,0,0,0,0
1468,8,8290,2019-11-06 18:00:00+00:00,8290,2019-11-06 18:00:00+00:00,1,0,,,0,,,0,0,,,1,0,0,1,0,0,,,,,,0,,0,0,0,0,0,0,0
1474,8,8327,2019-11-14 22:00:00+00:00,8332,2019-11-15 18:00:00+00:00,1,1,8330.0,2019-11-15 10:00:00+00:00,1,8330.0,2019-11-15 10:00:00+00:00,1,0,8330.0,2019-11-15 10:00:00+00:00,0,0,0,0,0,1,0.4982987823975719,0.44275954007665574,0.5,0.0,3.0,-1,0.6325675358889341,0,1,0,0,0,0,0
1480,8,8344,2019-11-19 18:00:00+00:00,8346,2019-11-20 02:00:00+00:00,1,0,,,0,,,0,0,,,1,0,0,1,0,0,,,,,,0,,0,0,0,0,0,0,0
1481,8,8356,2019-11-21 18:00:00+00:00,8358,2019-11-22 02:00:00+00:00,1,0,,,0,,,0,0,,,1,0,0,1,0,0,,,,,,0,,0,0,0,0,0,0,0
1486,8,8388,2019-11-29 06:00:00+00:00,8388,2019-11-29 06:00:00+00:00,1,0,,,0,,,0,0,,,1,0,0,1,0,0,,,,,,0,,0,0,0,0,0,0,0
1489,8,8428,2019-12-09 22:00:00+00:00,8430,2019-12-10 06:00:00+00:00,1,0,,,0,,,0,0,,,1,0,0,1,0,0,,,,,,0,,0,0,0,0,0,0,0
1493,8,8455,2019-12-16 10:00:00+00:00,8455,2019-12-16 10:00:00+00:00,1,0,,,0,,,0,0,,,1,0,0,1,0,0,,,,,,0,,0,0,0,0,0,0,0
1494,8,8458,2019-12-16 22:00:00+00:00,8463,2019-12-17 18:00:00+00:00,1,1,8463.0,2019-12-17 18:00:00+00:00,0,,,0,0,,,0,0,0,0,0,0,0.5544182159645548,0.8054231227652355,0.75,1.0,1.0,0,0.38379512402671523,1,0,0,1,0,0,1
1503,8,8510,2019-12-30 14:00:00+00:00,8511,2019-12-30 18:00:00+00:00,1,0,,,0,,,0,0,,,1,0,0,1,0,0,,,,,,0,,0,0,0,0,0,0,0
1505,8,8520,2020-01-02 06:00:00+00:00,8520,2020-01-02 06:00:00+00:00,1,0,,,0,,,0,0,,,1,0,0,1,0,0,,,,,,0,,0,0,0,0,0,0,0
1506,8,8538,2020-01-07 06:00:00+00:00,8541,2020-01-07 18:00:00+00:00,1,0,,,0,,,0,0,,,0,0,0,1,0,0,,,,,,0,,0,0,0,0,0,0,0
1510,8,8568,2020-01-14 06:00:00+00:00,8570,2020-01-14 14:00:00+00:00,1,0,,,0,,,0,0,,,1,0,1,1,0,0,,,,,,0,,0,0,0,0,0,0,0
1512,8,8572,2020-01-14 22:00:00+00:00,8572,2020-01-14 22:00:00+00:00,1,0,,,0,,,0,0,,,1,0,0,1,0,0,,,,,,0,,0,0,0,0,0,0,0
1516,8,8579,2020-01-16 02:00:00+00:00,8583,2020-01-16 18:00:00+00:00,1,0,,,0,,,0,0,,,0,0,0,1,0,0,,,,,,0,,0,0,0,0,0,0,0
1523,8,8590,2020-01-19 22:00:00+00:00,8590,2020-01-19 22:00:00+00:00,1,0,,,0,,,0,0,,,1,0,0,1,0,0,,,,,,0,,0,0,0,0,0,0,0
1525,8,8593,2020-01-20 10:00:00+00:00,8594,2020-01-20 14:00:00+00:00,1,0,,,0,,,0,0,,,1,0,0,1,0,0,,,,,,0,,0,0,0,0,0,0,0
1529,8,8612,2020-01-23 18:00:00+00:00,8616,2020-01-24 10:00:00+00:00,1,1,8615.0,2020-01-24 06:00:00+00:00,1,8615.0,2020-01-24 06:00:00+00:00,1,0,8615.0,2020-01-24 06:00:00+00:00,0,0,0,0,0,1,0.535510949428172,0.8366798023394022,0.375,0.0,0.0,0,0.755486977520896,0,0,0,0,0,0,0
1533,8,8627,2020-01-28 06:00:00+00:00,8627,2020-01-28 06:00:00+00:00,1,0,,,0,,,0,0,,,1,0,0,1,0,0,,,,,,0,,0,0,0,0,0,0,0
1534,8,8632,2020-01-29 02:00:00+00:00,8633,2020-01-29 06:00:00+00:00,1,0,,,0,,,0,0,,,1,0,0,1,0,0,,,,,,0,,0,0,0,0,0,0,0
1536,8,8636,2020-01-29 18:00:00+00:00,8636,2020-01-29 18:00:00+00:00,1,0,,,0,,,0,0,,,1,0,1,1,0,0,,,,,,0,,0,0,0,0,0,0,0
1539,8,8638,2020-01-30 02:00:00+00:00,8638,2020-01-30 02:00:00+00:00,1,0,,,0,,,0,0,,,1,0,0,1,0,0,,,,,,0,,0,0,0,0,0,0,0
1541,8,8642,2020-01-30 18:00:00+00:00,8642,2020-01-30 18:00:00+00:00,1,0,,,0,,,0,0,,,1,0,1,1,0,0,,,,,,0,,0,0,0,0,0,0,0
1542,8,8644,2020-01-31 02:00:00+00:00,8646,2020-01-31 10:00:00+00:00,1,0,,,0,,,0,0,,,1,0,1,1,0,0,,,,,,0,,0,0,0,0,0,0,0
1544,8,8648,2020-01-31 18:00:00+00:00,8648,2020-01-31 18:00:00+00:00,1,0,,,0,,,0,0,,,1,0,0,1,0,0,,,,,,0,,0,0,0,0,0,0,0
1545,8,8666,2020-02-05 18:00:00+00:00,8666,2020-02-05 18:00:00+00:00,1,0,,,0,,,0,0,,,1,0,0,1,0,0,,,,,,0,,0,0,0,0,0,0,0
1548,8,8672,2020-02-06 18:00:00+00:00,8674,2020-02-07 02:00:00+00:00,1,0,,,0,,,0,0,,,1,0,0,1,0,0,,,,,,0,,0,0,0,0,0,0,0
1552,8,8685,2020-02-10 22:00:00+00:00,8685,2020-02-10 22:00:00+00:00,1,0,,,0,,,0,0,,,1,0,1,1,0,0,,,,,,0,,0,0,0,0,0,0,0
1553,8,8687,2020-02-11 06:00:00+00:00,8688,2020-02-11 10:00:00+00:00,1,0,,,0,,,0,0,,,1,0,0,1,0,0,,,,,,0,,0,0,0,0,0,0,0
1555,8,8693,2020-02-12 06:00:00+00:00,8695,2020-02-12 14:00:00+00:00,1,0,,,0,,,0,0,,,1,0,0,1,0,0,,,,,,0,,0,0,0,0,0,0,0
1559,8,8701,2020-02-13 14:00:00+00:00,8701,2020-02-13 14:00:00+00:00,1,0,,,0,,,0,0,,,1,0,0,1,0,0,,,,,,0,,0,0,0,0,0,0,0
1562,8,8754,2020-02-26 14:00:00+00:00,8756,2020-02-26 22:00:00+00:00,1,0,,,0,,,0,0,,,1,0,0,1,0,0,,,,,,0,,0,0,0,0,0,0,0
1568,8,8776,2020-03-03 06:00:00+00:00,8777,2020-03-03 10:00:00+00:00,1,0,,,0,,,0,0,,,1,0,0,1,0,0,,,,,,0,,0,0,0,0,0,0,0
1572,8,8807,2020-03-10 09:00:00+00:00,8807,2020-03-10 09:00:00+00:00,1,0,,,0,,,0,0,,,1,0,0,1,0,0,,,,,,0,,0,0,0,0,0,0,0
1577,8,8849,2020-03-19 09:00:00+00:00,8850,2020-03-19 13:00:00+00:00,1,0,,,0,,,0,0,,,1,0,0,1,0,0,,,,,,0,,0,0,0,0,0,0,0
1579,8,8860,2020-03-23 05:00:00+00:00,8860,2020-03-23 05:00:00+00:00,1,0,,,0,,,0,0,,,1,0,0,1,0,0,,,,,,0,,0,0,0,0,0,0,0
1582,8,8878,2020-03-26 05:00:00+00:00,8878,2020-03-26 05:00:00+00:00,1,0,,,0,,,0,0,,,1,0,0,1,0,0,,,,,,0,,0,0,0,0,0,0,0
1584,8,8889,2020-03-30 01:00:00+00:00,8894,2020-03-30 21:00:00+00:00,1,1,8894.0,2020-03-30 21:00:00+00:00,0,,,0,0,,,0,0,0,0,0,0,0.5039219535872765,0.676698717948714,0.25,0.0,3.0,-1,0.4797104718010313,0,0,0,1,0,0,1
1587,8,8902,2020-04-01 05:00:00+00:00,8904,2020-04-01 13:00:00+00:00,1,0,,,0,,,0,0,,,1,0,0,1,0,0,,,,,,0,,0,0,0,0,0,0,0
1591,8,8912,2020-04-02 21:00:00+00:00,8913,2020-04-03 01:00:00+00:00,1,0,,,0,,,0,0,,,1,0,0,1,0,0,,,,,,0,,0,0,0,0,0,0,0
1596,8,8932,2020-04-08 05:00:00+00:00,8932,2020-04-08 05:00:00+00:00,1,0,,,0,,,0,0,,,1,0,0,1,0,0,,,,,,0,,0,0,0,0,0,0,0
1597,8,8935,2020-04-08 17:00:00+00:00,8937,2020-04-09 01:00:00+00:00,1,0,,,0,,,0,0,,,1,0,0,1,0,0,,,,,,0,,0,0,0,0,0,0,0
1602,8,8962,2020-04-16 05:00:00+00:00,8962,2020-04-16 05:00:00+00:00,1,0,,,0,,,0,0,,,1,0,0,1,0,0,,,,,,0,,0,0,0,0,0,0,0
1605,8,8976,2020-04-20 13:00:00+00:00,8977,2020-04-20 17:00:00+00:00,1,0,,,0,,,0,0,,,1,0,0,1,0,0,,,,,,0,,0,0,0,0,0,0,0
1611,8,9007,2020-04-27 17:00:00+00:00,9007,2020-04-27 17:00:00+00:00,1,0,,,0,,,0,0,,,1,0,0,1,0,0,,,,,,0,,0,0,0,0,0,0,0
1612,8,9011,2020-04-28 09:00:00+00:00,9011,2020-04-28 09:00:00+00:00,1,0,,,0,,,0,0,,,1,0,1,1,0,0,,,,,,0,,0,0,0,0,0,0,0
1615,8,9013,2020-04-28 17:00:00+00:00,9016,2020-04-29 05:00:00+00:00,1,0,,,0,,,0,0,,,0,0,0,1,0,0,,,,,,0,,0,0,0,0,0,0,0
1619,8,9020,2020-04-29 21:00:00+00:00,9021,2020-04-30 01:00:00+00:00,1,0,,,0,,,0,0,,,1,0,0,1,0,0,,,,,,0,,0,0,0,0,0,0,0
1625,8,9051,2020-05-07 01:00:00+00:00,9051,2020-05-07 01:00:00+00:00,1,0,,,0,,,0,0,,,1,0,0,1,0,0,,,,,,0,,0,0,0,0,0,0,0
1629,8,9062,2020-05-10 21:00:00+00:00,9064,2020-05-11 05:00:00+00:00,1,0,,,0,,,0,0,,,1,0,1,1,0,0,,,,,,0,,0,0,0,0,0,0,0
1632,8,9066,2020-05-11 13:00:00+00:00,9066,2020-05-11 13:00:00+00:00,1,0,,,0,,,0,0,,,1,0,1,1,0,0,,,,,,0,,0,0,0,0,0,0,0
1633,8,9068,2020-05-11 21:00:00+00:00,9076,2020-05-13 05:00:00+00:00,1,1,9076.0,2020-05-13 05:00:00+00:00,1,9076.0,2020-05-13 05:00:00+00:00,1,0,9076.0,2020-05-13 05:00:00+00:00,0,0,0,0,0,1,0.4818616484551644,0.9708302476754638,0.5,0.0,0.0,0,0.6640362760023284,0,0,0,0,0,1,1
1640,8,9081,2020-05-14 01:00:00+00:00,9082,2020-05-14 05:00:00+00:00,1,0,,,0,,,0,0,,,1,0,0,1,0,0,,,,,,0,,0,0,0,0,0,0,0
1642,8,9086,2020-05-14 21:00:00+00:00,9086,2020-05-14 21:00:00+00:00,1,0,,,0,,,0,0,,,1,0,0,1,0,0,,,,,,0,,0,0,0,0,0,0,0
1643,8,9103,2020-05-19 17:00:00+00:00,9103,2020-05-19 17:00:00+00:00,1,0,,,0,,,0,0,,,1,0,0,1,0,0,,,,,,0,,0,0,0,0,0,0,0
1646,8,9110,2020-05-20 21:00:00+00:00,9110,2020-05-20 21:00:00+00:00,1,0,,,0,,,0,0,,,1,0,0,1,0,0,,,,,,0,,0,0,0,0,0,0,0
1649,8,9113,2020-05-21 09:00:00+00:00,9113,2020-05-21 09:00:00+00:00,1,0,,,0,,,0,0,,,1,0,0,1,0,0,,,,,,0,,0,0,0,0,0,0,0
1651,8,9123,2020-05-25 01:00:00+00:00,9124,2020-05-25 05:00:00+00:00,1,0,,,0,,,0,0,,,1,0,0,1,0,0,,,,,,0,,0,0,0,0,0,0,0
1653,8,9130,2020-05-26 09:00:00+00:00,9130,2020-05-26 09:00:00+00:00,1,0,,,0,,,0,0,,,1,0,1,1,0,0,,,,,,0,,0,0,0,0,0,0,0
1655,8,9132,2020-05-26 17:00:00+00:00,9132,2020-05-26 17:00:00+00:00,1,0,,,0,,,0,0,,,1,0,0,1,0,0,,,,,,0,,0,0,0,0,0,0,0
1656,8,9147,2020-05-29 05:00:00+00:00,9147,2020-05-29 05:00:00+00:00,1,0,,,0,,,0,0,,,1,0,0,1,0,0,,,,,,0,,0,0,0,0,0,0,0
1657,8,9150,2020-05-29 17:00:00+00:00,9150,2020-05-29 17:00:00+00:00,1,0,,,0,,,0,0,,,1,0,0,1,0,0,,,,,,0,,0,0,0,0,0,0,0
1659,8,9155,2020-06-01 13:00:00+00:00,9160,2020-06-02 09:00:00+00:00,1,1,9158.0,2020-06-02 01:00:00+00:00,1,9158.0,2020-06-02 01:00:00+00:00,1,0,9158.0,2020-06-02 01:00:00+00:00,0,0,0,0,0,1,0.6095894434342692,0.5344601962922504,0.625,1.0,0.0,1,0.5838546584031955,1,0,0,0,0,0,0
1663,8,9163,2020-06-02 21:00:00+00:00,9163,2020-06-02 21:00:00+00:00,1,0,,,0,,,0,0,,,1,0,0,1,0,0,,,,,,0,,0,0,0,0,0,0,0
1667,8,9176,2020-06-05 01:00:00+00:00,9177,2020-06-05 05:00:00+00:00,1,0,,,0,,,0,0,,,1,0,0,1,0,0,,,,,,0,,0,0,0,0,0,0,0
1671,8,9210,2020-06-12 17:00:00+00:00,9212,2020-06-15 01:00:00+00:00,1,0,,,0,,,0,0,,,1,0,0,1,0,0,,,,,,0,,0,0,0,0,0,0,0
1674,8,9223,2020-06-16 21:00:00+00:00,9224,2020-06-17 01:00:00+00:00,1,0,,,0,,,0,0,,,1,0,1,1,0,0,,,,,,0,,0,0,0,0,0,0,0
1676,8,9226,2020-06-17 09:00:00+00:00,9230,2020-06-18 01:00:00+00:00,1,1,9229.0,2020-06-17 21:00:00+00:00,1,9229.0,2020-06-17 21:00:00+00:00,1,0,9229.0,2020-06-17 21:00:00+00:00,0,0,0,0,0,1,0.7146892271121803,0.46496759038486846,0.625,3.0,0.0,1,0.5845017480537839,1,0,0,0,0,0,0
1679,8,9238,2020-06-19 09:00:00+00:00,9238,2020-06-19 09:00:00+00:00,1,0,,,0,,,0,0,,,1,0,0,1,0,0,,,,,,0,,0,0,0,0,0,0,0
1683,8,9247,2020-06-22 21:00:00+00:00,9248,2020-06-23 01:00:00+00:00,1,0,,,0,,,0,0,,,1,0,0,1,0,0,,,,,,0,,0,0,0,0,0,0,0
1685,8,9258,2020-06-24 17:00:00+00:00,9258,2020-06-24 17:00:00+00:00,1,0,,,0,,,0,0,,,1,0,0,1,0,0,,,,,,0,,0,0,0,0,0,0,0
1688,8,9280,2020-06-30 09:00:00+00:00,9280,2020-06-30 09:00:00+00:00,1,0,,,0,,,0,0,,,1,0,0,1,0,0,,,,,,0,,0,0,0,0,0,0,0
1690,8,9286,2020-07-01 09:00:00+00:00,9286,2020-07-01 09:00:00+00:00,1,0,,,0,,,0,0,,,1,0,0,1,0,0,,,,,,0,,0,0,0,0,0,0,0
1694,8,9301,2020-07-06 01:00:00+00:00,9301,2020-07-06 01:00:00+00:00,1,0,,,0,,,0,0,,,1,0,0,1,0,0,,,,,,0,,0,0,0,0,0,0,0
1696,8,9304,2020-07-06 13:00:00+00:00,9307,2020-07-07 01:00:00+00:00,1,1,9307.0,2020-07-07 01:00:00+00:00,1,9307.0,2020-07-07 01:00:00+00:00,1,0,9307.0,2020-07-07 01:00:00+00:00,0,0,0,0,0,1,0.7883473489653722,0.35074241816202734,0.25,3.0,0.0,1,0.5866215685741334,1,1,0,0,1,0,0
1700,8,9309,2020-07-07 09:00:00+00:00,9309,2020-07-07 09:00:00+00:00,1,0,,,0,,,0,0,,,1,0,0,1,0,0,,,,,,0,,0,0,0,0,0,0,0
1702,8,9325,2020-07-10 01:00:00+00:00,9327,2020-07-10 09:00:00+00:00,1,0,,,0,,,0,0,,,1,0,0,1,0,0,,,,,,0,,0,0,0,0,0,0,0
1707,8,9357,2020-07-17 09:00:00+00:00,9360,2020-07-19 21:00:00+00:00,1,0,,,0,,,0,0,,,0,0,0,1,0,0,,,,,,0,,0,0,0,0,0,0,0
1717,8,9428,2020-08-04 05:00:00+00:00,9429,2020-08-04 09:00:00+00:00,1,0,,,0,,,0,0,,,1,0,0,1,0,0,,,,,,0,,0,0,0,0,0,0,0
1718,8,9455,2020-08-10 17:00:00+00:00,9456,2020-08-10 21:00:00+00:00,1,0,,,0,,,0,0,,,1,0,0,1,0,0,,,,,,0,,0,0,0,0,0,0,0
1722,8,9476,2020-08-14 05:00:00+00:00,9477,2020-08-14 09:00:00+00:00,1,0,,,0,,,0,0,,,1,0,1,1,0,0,,,,,,0,,0,0,0,0,0,0,0
1723,8,9479,2020-08-14 17:00:00+00:00,9482,2020-08-17 05:00:00+00:00,1,0,,,0,,,0,0,,,0,0,0,1,0,0,,,,,,0,,0,0,0,0,0,0,0
1728,8,9505,2020-08-21 01:00:00+00:00,9506,2020-08-21 05:00:00+00:00,1,0,,,0,,,0,0,,,1,0,0,1,0,0,,,,,,0,,0,0,0,0,0,0,0
1731,8,9524,2020-08-26 05:00:00+00:00,9524,2020-08-26 05:00:00+00:00,1,0,,,0,,,0,0,,,1,0,0,1,0,0,,,,,,0,,0,0,0,0,0,0,0
1733,8,9545,2020-08-31 17:00:00+00:00,9545,2020-08-31 17:00:00+00:00,1,0,,,0,,,0,0,,,1,0,0,1,0,0,,,,,,0,,0,0,0,0,0,0,0
1736,8,9550,2020-09-01 13:00:00+00:00,9554,2020-09-02 05:00:00+00:00,1,0,,,0,,,0,0,,,0,0,0,1,0,0,,,,,,0,,0,0,0,0,0,0,0
1739,8,9568,2020-09-04 13:00:00+00:00,9569,2020-09-04 17:00:00+00:00,1,0,,,0,,,0,0,,,1,0,0,1,0,0,,,,,,0,,0,0,0,0,0,0,0
1746,8,9576,2020-09-08 01:00:00+00:00,9576,2020-09-08 01:00:00+00:00,1,0,,,0,,,0,0,,,1,0,0,1,0,0,,,,,,0,,0,0,0,0,0,0,0
1750,8,9592,2020-09-10 17:00:00+00:00,9593,2020-09-10 21:00:00+00:00,1,0,,,0,,,0,0,,,1,0,0,1,0,0,,,,,,0,,0,0,0,0,0,0,0
1753,8,9599,2020-09-13 21:00:00+00:00,9601,2020-09-14 05:00:00+00:00,1,0,,,0,,,0,0,,,1,0,0,1,0,0,,,,,,0,,0,0,0,0,0,0,0
1756,8,9607,2020-09-15 05:00:00+00:00,9607,2020-09-15 05:00:00+00:00,1,0,,,0,,,0,0,,,1,0,0,1,0,0,,,,,,0,,0,0,0,0,0,0,0
1757,8,9614,2020-09-16 09:00:00+00:00,9615,2020-09-16 13:00:00+00:00,1,0,,,0,,,0,0,,,1,0,0,1,0,0,,,,,,0,,0,0,0,0,0,0,0
1761,8,9641,2020-09-22 21:00:00+00:00,9641,2020-09-22 21:00:00+00:00,1,0,,,0,,,0,0,,,1,0,0,1,0,0,,,,,,0,,0,0,0,0,0,0,0
1763,8,9652,2020-09-24 17:00:00+00:00,9652,2020-09-24 17:00:00+00:00,1,0,,,0,,,0,0,,,1,0,0,1,0,0,,,,,,0,,0,0,0,0,0,0,0
1764,8,9655,2020-09-25 05:00:00+00:00,9660,2020-09-28 01:00:00+00:00,1,1,9660.0,2020-09-28 01:00:00+00:00,1,9660.0,2020-09-28 01:00:00+00:00,0,1,,,0,0,0,0,0,1,0.6060537846730787,0.6734314371476681,0.375,0.0,1.0,-1,0.655858464687246,1,0,0,0,0,0,1
1769,8,9662,2020-09-28 09:00:00+00:00,9662,2020-09-28 09:00:00+00:00,1,0,,,0,,,0,0,,,1,0,0,1,0,0,,,,,,0,,0,0,0,0,0,0,0
1771,8,9671,2020-09-29 21:00:00+00:00,9676,2020-09-30 17:00:00+00:00,1,1,9674.0,2020-09-30 09:00:00+00:00,0,,,0,0,,,0,0,0,0,0,0,0.5498116230414801,0.7750569307662781,0.25,1.0,0.0,1,0.3820859500145317,0,0,0,1,0,0,1
1775,8,9679,2020-10-01 05:00:00+00:00,9679,2020-10-01 05:00:00+00:00,1,0,,,0,,,0,0,,,1,0,0,1,0,0,,,,,,0,,0,0,0,0,0,0,0
1777,8,9682,2020-10-01 17:00:00+00:00,9683,2020-10-01 21:00:00+00:00,1,0,,,0,,,0,0,,,1,0,0,1,0,0,,,,,,0,,0,0,0,0,0,0,0
1781,8,9721,2020-10-12 05:00:00+00:00,9721,2020-10-12 05:00:00+00:00,1,0,,,0,,,0,0,,,1,0,0,1,0,0,,,,,,0,,0,0,0,0,0,0,0
1783,8,9739,2020-10-15 05:00:00+00:00,9744,2020-10-16 01:00:00+00:00,1,0,,,0,,,0,0,,,0,0,1,1,0,0,,,,,,0,,0,0,0,0,0,0,0
1788,8,9746,2020-10-16 09:00:00+00:00,9746,2020-10-16 09:00:00+00:00,1,0,,,0,,,0,0,,,1,0,0,1,0,0,,,,,,0,,0,0,0,0,0,0,0
1791,8,9749,2020-10-18 21:00:00+00:00,9751,2020-10-19 05:00:00+00:00,1,0,,,0,,,0,0,,,1,0,0,1,0,0,,,,,,0,,0,0,0,0,0,0,0
1793,8,9787,2020-10-27 05:00:00+00:00,9793,2020-10-28 05:00:00+00:00,1,1,9793.0,2020-10-28 05:00:00+00:00,0,,,0,0,,,0,0,0,0,0,0,0.3167993434776725,0.9311556545409505,1.0,2.0,1.0,1,0.49868295428429155,0,0,0,1,0,0,1
1797,8,9820,2020-11-03 18:00:00+00:00,9820,2020-11-03 18:00:00+00:00,1,0,,,0,,,0,0,,,1,0,0,1,0,0,,,,,,0,,0,0,0,0,0,0,0
1800,8,9839,2020-11-08 22:00:00+00:00,9839,2020-11-08 22:00:00+00:00,1,0,,,0,,,0,0,,,1,0,1,1,0,0,,,,,,0,,0,0,0,0,0,0,0
1801,8,9841,2020-11-09 06:00:00+00:00,9841,2020-11-09 06:00:00+00:00,1,0,,,0,,,0,0,,,1,0,0,1,0,0,,,,,,0,,0,0,0,0,0,0,0
1804,8,9855,2020-11-11 14:00:00+00:00,9861,2020-11-12 14:00:00+00:00,1,1,9858.0,2020-11-12 02:00:00+00:00,1,9858.0,2020-11-12 02:00:00+00:00,1,0,9858.0,2020-11-12 02:00:00+00:00,0,0,0,0,0,1,0.4410948254231319,0.8890623890978754,0.5,0.0,0.0,0,0.7911614949206982,0,0,0,0,0,0,0
1806,8,9863,2020-11-12 22:00:00+00:00,9864,2020-11-13 02:00:00+00:00,1,0,,,0,,,0,0,,,1,0,0,1,0,0,,,,,,0,,0,0,0,0,0,0,0
1810,8,9868,2020-11-13 18:00:00+00:00,9871,2020-11-16 06:00:00+00:00,1,0,,,0,,,0,0,,,0,0,0,1,0,0,,,,,,0,,0,0,0,0,0,0,0
1814,8,9881,2020-11-17 22:00:00+00:00,9883,2020-11-18 06:00:00+00:00,1,0,,,0,,,0,0,,,1,0,0,1,0,0,,,,,,0,,0,0,0,0,0,0,0
1817,8,9916,2020-11-25 18:00:00+00:00,9922,2020-11-26 22:00:00+00:00,1,1,9922.0,2020-11-26 22:00:00+00:00,0,,,0,0,,,0,0,0,0,0,0,0.4145773916547838,0.9652699662542241,0.625,0.0,1.0,-1,0.5738021299256891,0,0,0,1,0,0,1
1822,8,9933,2020-11-30 18:00:00+00:00,9935,2020-12-01 02:00:00+00:00,1,0,,,0,,,0,0,,,1,0,0,1,0,0,,,,,,0,,0,0,0,0,0,0,0
1824,8,9952,2020-12-03 22:00:00+00:00,9952,2020-12-03 22:00:00+00:00,1,0,,,0,,,0,0,,,1,0,0,1,0,0,,,,,,0,,0,0,0,0,0,0,0
1827,8,9971,2020-12-09 02:00:00+00:00,9971,2020-12-09 02:00:00+00:00,1,0,,,0,,,0,0,,,1,0,0,1,0,0,,,,,,0,,0,0,0,0,0,0,0
1829,8,10005,2020-12-16 18:00:00+00:00,10005,2020-12-16 18:00:00+00:00,1,0,,,0,,,0,0,,,1,0,0,1,0,0,,,,,,0,,0,0,0,0,0,0,0
1831,8,10029,2020-12-22 18:00:00+00:00,10031,2020-12-23 02:00:00+00:00,1,0,,,0,,,0,0,,,1,0,0,1,0,0,,,,,,0,,0,0,0,0,0,0,0
1834,8,10037,2020-12-24 02:00:00+00:00,10037,2020-12-24 02:00:00+00:00,1,0,,,0,,,0,0,,,1,0,0,1,0,0,,,,,,0,,0,0,0,0,0,0,0
1838,8,10043,2020-12-28 02:00:00+00:00,10049,2020-12-29 02:00:00+00:00,1,1,10049.0,2020-12-29 02:00:00+00:00,1,10049.0,2020-12-29 02:00:00+00:00,1,0,10049.0,2020-12-29 02:00:00+00:00,0,0,0,0,0,1,0.6408531399933054,0.46807055781702256,0.25,0.0,2.0,-1,0.6248985419996338,1,0,0,0,0,0,1
1842,8,10055,2020-12-30 02:00:00+00:00,10055,2020-12-30 02:00:00+00:00,1,0,,,0,,,0,0,,,1,0,0,1,0,0,,,,,,0,,0,0,0,0,0,0,0
1844,8,10061,2020-12-31 02:00:00+00:00,10062,2020-12-31 06:00:00+00:00,1,0,,,0,,,0,0,,,1,0,0,1,0,0,,,,,,0,,0,0,0,0,0,0,0
1849,8,10105,2021-01-12 10:00:00+00:00,10106,2021-01-12 14:00:00+00:00,1,0,,,0,,,0,0,,,1,0,0,1,0,0,,,,,,0,,0,0,0,0,0,0,0
1853,8,10114,2021-01-13 22:00:00+00:00,10114,2021-01-13 22:00:00+00:00,1,0,,,0,,,0,0,,,1,0,0,1,0,0,,,,,,0,,0,0,0,0,0,0,0
1856,8,10123,2021-01-15 10:00:00+00:00,10123,2021-01-15 10:00:00+00:00,1,0,,,0,,,0,0,,,1,0,0,1,0,0,,,,,,0,,0,0,0,0,0,0,0
1860,8,10135,2021-01-19 14:00:00+00:00,10137,2021-01-19 22:00:00+00:00,1,0,,,0,,,0,0,,,1,0,0,1,0,0,,,,,,0,,0,0,0,0,0,0,0
1861,8,10140,2021-01-20 10:00:00+00:00,10140,2021-01-20 10:00:00+00:00,1,0,,,0,,,0,0,,,1,0,0,1,0,0,,,,,,0,,0,0,0,0,0,0,0
1863,8,10149,2021-01-21 22:00:00+00:00,10150,2021-01-22 02:00:00+00:00,1,0,,,0,,,0,0,,,1,0,0,1,0,0,,,,,,0,,0,0,0,0,0,0,0
1866,8,10157,2021-01-25 06:00:00+00:00,10159,2021-01-25 14:00:00+00:00,1,0,,,0,,,0,0,,,1,0,1,1,0,0,,,,,,0,,0,0,0,0,0,0,0
1868,8,10161,2021-01-25 22:00:00+00:00,10161,2021-01-25 22:00:00+00:00,1,0,,,0,,,0,0,,,1,0,0,1,0,0,,,,,,0,,0,0,0,0,0,0,0
1871,8,10164,2021-01-26 10:00:00+00:00,10165,2021-01-26 14:00:00+00:00,1,0,,,0,,,0,0,,,1,0,0,1,0,0,,,,,,0,,0,0,0,0,0,0,0
1873,8,10168,2021-01-27 02:00:00+00:00,10169,2021-01-27 06:00:00+00:00,1,0,,,0,,,0,0,,,1,0,0,1,0,0,,,,,,0,,0,0,0,0,0,0,0
1877,8,10186,2021-02-01 02:00:00+00:00,10188,2021-02-01 10:00:00+00:00,1,0,,,0,,,0,0,,,1,0,0,1,0,0,,,,,,0,,0,0,0,0,0,0,0
1880,8,10198,2021-02-03 02:00:00+00:00,10198,2021-02-03 02:00:00+00:00,1,0,,,0,,,0,0,,,1,0,0,1,0,0,,,,,,0,,0,0,0,0,0,0,0
1881,8,10217,2021-02-08 06:00:00+00:00,10217,2021-02-08 06:00:00+00:00,1,0,,,0,,,0,0,,,1,0,0,1,0,0,,,,,,0,,0,0,0,0,0,0,0
1884,8,10240,2021-02-12 02:00:00+00:00,10240,2021-02-12 02:00:00+00:00,1,0,,,0,,,0,0,,,1,0,0,1,0,0,,,,,,0,,0,0,0,0,0,0,0
1887,8,10264,2021-02-18 02:00:00+00:00,10268,2021-02-18 18:00:00+00:00,1,0,,,0,,,0,0,,,0,0,0,1,0,0,,,,,,0,,0,0,0,0,0,0,0
1892,8,10285,2021-02-23 14:00:00+00:00,10286,2021-02-23 18:00:00+00:00,1,0,,,0,,,0,0,,,1,0,0,1,0,0,,,,,,0,,0,0,0,0,0,0,0
1896,8,10330,2021-03-05 02:00:00+00:00,10333,2021-03-05 14:00:00+00:00,1,1,10333.0,2021-03-05 14:00:00+00:00,1,10333.0,2021-03-05 14:00:00+00:00,1,0,10333.0,2021-03-05 14:00:00+00:00,0,0,0,0,0,1,0.5376551168578917,0.5449110690282573,0.25,0.0,2.0,-1,0.606182177420746,0,0,0,0,0,0,0
1899,8,10336,2021-03-08 02:00:00+00:00,10338,2021-03-08 10:00:00+00:00,1,0,,,0,,,0,0,,,1,0,0,1,0,0,,,,,,0,,0,0,0,0,0,0,0
1906,8,10373,2021-03-16 05:00:00+00:00,10374,2021-03-16 09:00:00+00:00,1,0,,,0,,,0,0,,,1,0,0,1,0,0,,,,,,0,,0,0,0,0,0,0,0
1909,8,10395,2021-03-21 21:00:00+00:00,10397,2021-03-22 05:00:00+00:00,1,0,,,0,,,0,0,,,1,0,0,1,0,0,,,,,,0,,0,0,0,0,0,0,0
1913,8,10404,2021-03-23 09:00:00+00:00,10404,2021-03-23 09:00:00+00:00,1,0,,,0,,,0,0,,,1,0,0,1,0,0,,,,,,0,,0,0,0,0,0,0,0
1915,8,10407,2021-03-23 21:00:00+00:00,10407,2021-03-23 21:00:00+00:00,1,0,,,0,,,0,0,,,1,0,0,1,0,0,,,,,,0,,0,0,0,0,0,0,0
1920,8,10415,2021-03-25 05:00:00+00:00,10415,2021-03-25 05:00:00+00:00,1,0,,,0,,,0,0,,,1,0,0,1,0,0,,,,,,0,,0,0,0,0,0,0,0
1926,8,10455,2021-04-04 21:00:00+00:00,10455,2021-04-04 21:00:00+00:00,1,0,,,0,,,0,0,,,1,0,1,1,0,0,,,,,,0,,0,0,0,0,0,0,0
1927,8,10457,2021-04-05 05:00:00+00:00,10458,2021-04-05 09:00:00+00:00,1,0,,,0,,,0,0,,,1,0,1,1,0,0,,,,,,0,,0,0,0,0,0,0,0
1930,8,10460,2021-04-05 17:00:00+00:00,10460,2021-04-05 17:00:00+00:00,1,0,,,0,,,0,0,,,1,0,0,1,0,0,,,,,,0,,0,0,0,0,0,0,0
1933,8,10463,2021-04-06 05:00:00+00:00,10463,2021-04-06 05:00:00+00:00,1,0,,,0,,,0,0,,,1,0,0,1,0,0,,,,,,0,,0,0,0,0,0,0,0
1934,8,10468,2021-04-07 01:00:00+00:00,10468,2021-04-07 01:00:00+00:00,1,0,,,0,,,0,0,,,1,0,0,1,0,0,,,,,,0,,0,0,0,0,0,0,0
1937,8,10471,2021-04-07 13:00:00+00:00,10471,2021-04-07 13:00:00+00:00,1,0,,,0,,,0,0,,,1,0,0,1,0,0,,,,,,0,,0,0,0,0,0,0,0
1938,8,10492,2021-04-13 01:00:00+00:00,10492,2021-04-13 01:00:00+00:00,1,0,,,0,,,0,0,,,1,0,0,1,0,0,,,,,,0,,0,0,0,0,0,0,0
1940,8,10497,2021-04-13 21:00:00+00:00,10497,2021-04-13 21:00:00+00:00,1,0,,,0,,,0,0,,,1,0,0,1,0,0,,,,,,0,,0,0,0,0,0,0,0
1944,8,10502,2021-04-14 17:00:00+00:00,10505,2021-04-15 05:00:00+00:00,1,1,10505.0,2021-04-15 05:00:00+00:00,1,10505.0,2021-04-15 05:00:00+00:00,1,0,10505.0,2021-04-15 05:00:00+00:00,0,0,0,0,0,1,0.43927547871000466,0.8202947845805086,0.75,1.0,1.0,0,0.6631913737717354,0,0,0,0,0,0,0
1946,8,10516,2021-04-19 01:00:00+00:00,10516,2021-04-19 01:00:00+00:00,1,0,,,0,,,0,0,,,1,0,0,1,0,0,,,,,,0,,0,0,0,0,0,0,0
1948,8,10519,2021-04-19 13:00:00+00:00,10524,2021-04-20 09:00:00+00:00,1,1,10524.0,2021-04-20 09:00:00+00:00,1,10524.0,2021-04-20 09:00:00+00:00,1,0,10524.0,2021-04-20 09:00:00+00:00,0,0,0,0,0,1,0.6632790229693988,0.4777756761868672,0.25,0.0,2.0,-1,0.5935544540070963,1,0,0,0,0,0,1
1953,8,10533,2021-05-21 17:00:00+00:00,10536,2021-05-24 05:00:00+00:00,1,1,10536.0,2021-05-24 05:00:00+00:00,1,10536.0,2021-05-24 05:00:00+00:00,1,0,10536.0,2021-05-24 05:00:00+00:00,0,0,0,0,0,1,0.3918619859445613,0.8639420589756848,0.5,1.0,0.0,1,0.5972182763016289,0,0,0,0,0,0,0
1956,8,10540,2021-05-24 21:00:00+00:00,10543,2021-05-25 09:00:00+00:00,1,1,10543.0,2021-05-25 09:00:00+00:00,0,,,0,0,,,0,0,0,0,0,0,0.5443319601915416,0.7428701802418372,0.875,2.0,2.0,0,0.380524998348573,0,0,0,1,0,0,1
1959,8,10558,2021-05-27 21:00:00+00:00,10558,2021-05-27 21:00:00+00:00,1,0,,,0,,,0,0,,,1,0,0,1,0,0,,,,,,0,,0,0,0,0,0,0,0
1963,8,10582,2021-06-02 21:00:00+00:00,10583,2021-06-03 01:00:00+00:00,1,0,,,0,,,0,0,,,1,0,0,1,0,0,,,,,,0,,0,0,0,0,0,0,0
1965,8,10600,2021-06-07 21:00:00+00:00,10600,2021-06-07 21:00:00+00:00,1,0,,,0,,,0,0,,,1,0,0,1,0,0,,,,,,0,,0,0,0,0,0,0,0
1967,8,10603,2021-06-08 09:00:00+00:00,10604,2021-06-08 13:00:00+00:00,1,0,,,0,,,0,0,,,1,0,0,1,0,0,,,,,,0,,0,0,0,0,0,0,0
1973,8,10636,2021-06-15 21:00:00+00:00,10640,2021-06-16 13:00:00+00:00,1,1,10639.0,2021-06-16 09:00:00+00:00,1,10639.0,2021-06-16 09:00:00+00:00,1,0,10639.0,2021-06-16 09:00:00+00:00,0,0,0,0,0,1,0.5641564993789447,0.8760220574253678,0.375,0.0,2.0,-1,0.6271957420235362,1,0,0,0,0,0,0
1977,8,10664,2021-06-22 13:00:00+00:00,10669,2021-06-23 09:00:00+00:00,1,1,10667.0,2021-06-23 01:00:00+00:00,1,10667.0,2021-06-23 01:00:00+00:00,1,0,10667.0,2021-06-23 01:00:00+00:00,0,0,0,0,0,1,0.46485718058769343,0.8373663477771595,0.375,0.0,0.0,0,0.6653114754305978,0,0,0,0,0,0,0
1980,8,10678,2021-06-24 21:00:00+00:00,10684,2021-06-27 21:00:00+00:00,1,1,10684.0,2021-06-27 21:00:00+00:00,0,,,0,0,,,0,0,0,0,0,0,0.49667754393192004,0.7196924896510858,0.375,1.0,1.0,0,0.3977585303067239,0,0,0,1,0,0,1
1983,8,10700,2021-06-30 13:00:00+00:00,10700,2021-06-30 13:00:00+00:00,1,0,,,0,,,0,0,,,1,0,1,1,0,0,,,,,,0,,0,0,0,0,0,0,0
1985,8,10702,2021-06-30 21:00:00+00:00,10702,2021-06-30 21:00:00+00:00,1,0,,,0,,,0,0,,,1,0,0,1,0,0,,,,,,0,,0,0,0,0,0,0,0
1988,8,10715,2021-07-05 01:00:00+00:00,10717,2021-07-05 09:00:00+00:00,1,0,,,0,,,0,0,,,1,0,0,1,0,0,,,,,,0,,0,0,0,0,0,0,0
1991,8,10720,2021-07-05 21:00:00+00:00,10720,2021-07-05 21:00:00+00:00,1,0,,,0,,,0,0,,,1,0,0,1,0,0,,,,,,0,,0,0,0,0,0,0,0
1993,8,10732,2021-07-07 21:00:00+00:00,10733,2021-07-08 01:00:00+00:00,1,0,,,0,,,0,0,,,1,0,0,1,0,0,,,,,,0,,0,0,0,0,0,0,0
1999,8,10744,2021-07-11 21:00:00+00:00,10747,2021-07-12 09:00:00+00:00,1,1,10747.0,2021-07-12 09:00:00+00:00,0,,,0,0,,,0,0,0,0,0,0,0.5911843343790243,0.8104616687844027,0.75,1.0,1.0,0,0.5105081704121438,1,0,0,1,0,0,1
2001,8,10767,2021-07-15 17:00:00+00:00,10767,2021-07-15 17:00:00+00:00,1,0,,,0,,,0,0,,,1,0,0,1,0,0,,,,,,0,,0,0,0,0,0,0,0
2003,8,10773,2021-07-16 17:00:00+00:00,10774,2021-07-18 21:00:00+00:00,1,0,,,0,,,0,0,,,1,0,0,1,0,0,,,,,,0,,0,0,0,0,0,0,0
2005,8,10785,2021-07-20 17:00:00+00:00,10787,2021-07-21 01:00:00+00:00,1,0,,,0,,,0,0,,,1,0,0,1,0,0,,,,,,0,,0,0,0,0,0,0,0
2007,8,10796,2021-07-22 13:00:00+00:00,10799,2021-07-23 01:00:00+00:00,1,1,10799.0,2021-07-23 01:00:00+00:00,1,10799.0,2021-07-23 01:00:00+00:00,1,0,10799.0,2021-07-23 01:00:00+00:00,0,0,0,0,0,1,0.6299772498639894,0.3634061411839322,0.5,3.0,0.0,1,0.5847416221669645,1,1,0,0,1,0,0
2011,8,10815,2021-07-27 17:00:00+00:00,10820,2021-07-28 13:00:00+00:00,1,1,10820.0,2021-07-28 13:00:00+00:00,0,,,0,0,,,0,0,0,0,0,0,0.4473189178998935,0.972168284789637,0.75,1.0,2.0,-1,0.5482813942878793,0,0,0,1,0,0,1
2017,8,10840,2021-08-02 21:00:00+00:00,10845,2021-08-03 17:00:00+00:00,1,1,10843.0,2021-08-03 09:00:00+00:00,1,10843.0,2021-08-03 09:00:00+00:00,1,0,10843.0,2021-08-03 09:00:00+00:00,0,0,0,0,0,1,0.481651659651553,0.8729927007299269,0.5,0.0,1.0,-1,0.6510785657200774,0,0,0,0,0,0,0
2020,8,10847,2021-08-04 01:00:00+00:00,10848,2021-08-04 05:00:00+00:00,1,0,,,0,,,0,0,,,1,0,0,1,0,0,,,,,,0,,0,0,0,0,0,0,0
2024,8,10859,2021-08-06 01:00:00+00:00,10860,2021-08-06 05:00:00+00:00,1,0,,,0,,,0,0,,,1,0,0,1,0,0,,,,,,0,,0,0,0,0,0,0,0
2027,8,10900,2021-08-16 21:00:00+00:00,10901,2021-08-17 01:00:00+00:00,1,0,,,0,,,0,0,,,1,0,0,1,0,0,,,,,,0,,0,0,0,0,0,0,0
2030,8,10914,2021-08-19 05:00:00+00:00,10916,2021-08-19 13:00:00+00:00,1,0,,,0,,,0,0,,,1,0,0,1,0,0,,,,,,0,,0,0,0,0,0,0,0
2034,8,10925,2021-08-23 01:00:00+00:00,10926,2021-08-23 05:00:00+00:00,1,0,,,0,,,0,0,,,1,0,0,1,0,0,,,,,,0,,0,0,0,0,0,0,0
2037,8,10938,2021-08-25 05:00:00+00:00,10938,2021-08-25 05:00:00+00:00,1,0,,,0,,,0,0,,,1,0,0,1,0,0,,,,,,0,,0,0,0,0,0,0,0
2038,8,10944,2021-08-26 05:00:00+00:00,10944,2021-08-26 05:00:00+00:00,1,0,,,0,,,0,0,,,1,0,1,1,0,0,,,,,,0,,0,0,0,0,0,0,0
2039,8,10946,2021-08-26 13:00:00+00:00,10947,2021-08-26 17:00:00+00:00,1,0,,,0,,,0,0,,,1,0,0,1,0,0,,,,,,0,,0,0,0,0,0,0,0
2042,8,10963,2021-08-31 09:00:00+00:00,10963,2021-08-31 09:00:00+00:00,1,0,,,0,,,0,0,,,1,0,0,1,0,0,,,,,,0,,0,0,0,0,0,0,0
2044,8,10972,2021-09-01 21:00:00+00:00,10975,2021-09-02 09:00:00+00:00,1,1,10975.0,2021-09-02 09:00:00+00:00,0,,,0,0,,,0,0,0,0,0,0,0.33839855895883864,0.8349457637056533,0.375,0.0,2.0,-1,0.5401593246743984,0,0,0,1,0,0,1
2048,8,11032,2021-09-15 21:00:00+00:00,11032,2021-09-15 21:00:00+00:00,1,0,,,0,,,0,0,,,1,0,0,1,0,0,,,,,,0,,0,0,0,0,0,0,0
2053,8,11080,2021-09-27 21:00:00+00:00,11080,2021-09-27 21:00:00+00:00,1,0,,,0,,,0,0,,,1,0,0,1,0,0,,,,,,0,,0,0,0,0,0,0,0
2056,8,11104,2021-10-03 21:00:00+00:00,11107,2021-10-04 09:00:00+00:00,1,1,11107.0,2021-10-04 09:00:00+00:00,0,,,0,0,,,0,0,1,0,0,0,0.2894049003388714,0.8945615982242154,0.75,1.0,2.0,-1,0.5057973336445798,0,0,0,1,0,0,1
2059,8,11109,2021-10-04 17:00:00+00:00,11115,2021-10-05 17:00:00+00:00,1,1,11112.0,2021-10-05 05:00:00+00:00,1,11112.0,2021-10-05 05:00:00+00:00,1,0,11112.0,2021-10-05 05:00:00+00:00,0,0,0,0,0,1,0.35995227089491705,0.9001092896174796,0.5,1.0,0.0,1,0.7601555653498148,0,0,0,0,0,0,0
2062,8,11119,2021-10-06 09:00:00+00:00,11123,2021-10-07 01:00:00+00:00,1,1,11123.0,2021-10-07 01:00:00+00:00,1,11123.0,2021-10-07 01:00:00+00:00,1,0,11123.0,2021-10-07 01:00:00+00:00,0,0,0,0,0,1,0.6573886530139268,0.37414078134515916,0.5,2.0,0.0,1,0.6487936594955698,1,1,0,0,1,0,1
2070,8,11140,2021-10-11 21:00:00+00:00,11141,2021-10-12 01:00:00+00:00,1,0,,,0,,,0,0,,,1,0,0,1,0,0,,,,,,0,,0,0,0,0,0,0,0
2074,8,11170,2021-10-18 21:00:00+00:00,11170,2021-10-18 21:00:00+00:00,1,0,,,0,,,0,0,,,1,0,0,1,0,0,,,,,,0,,0,0,0,0,0,0,0
2077,8,11175,2021-10-19 17:00:00+00:00,11176,2021-10-19 21:00:00+00:00,1,0,,,0,,,0,0,,,1,0,1,1,0,0,,,,,,0,,0,0,0,0,0,0,0
2078,8,11178,2021-10-20 05:00:00+00:00,11178,2021-10-20 05:00:00+00:00,1,0,,,0,,,0,0,,,1,0,1,1,0,0,,,,,,0,,0,0,0,0,0,0,0
2079,8,11180,2021-10-20 13:00:00+00:00,11183,2021-10-21 01:00:00+00:00,1,1,11183.0,2021-10-21 01:00:00+00:00,1,11183.0,2021-10-21 01:00:00+00:00,1,0,11183.0,2021-10-21 01:00:00+00:00,0,0,0,0,0,1,0.6920637863943154,0.5272794389073441,0.25,2.0,0.0,1,0.6372800535682084,1,0,0,0,0,0,0
2082,8,11185,2021-10-21 09:00:00+00:00,11185,2021-10-21 09:00:00+00:00,1,0,,,0,,,0,0,,,1,0,0,1,0,0,,,,,,0,,0,0,0,0,0,0,0
2087,8,11212,2021-10-27 21:00:00+00:00,11212,2021-10-27 21:00:00+00:00,1,0,,,0,,,0,0,,,1,0,1,1,0,0,,,,,,0,,0,0,0,0,0,0,0
2088,8,11214,2021-10-28 05:00:00+00:00,11214,2021-10-28 05:00:00+00:00,1,0,,,0,,,0,0,,,1,0,0,1,0,0,,,,,,0,,0,0,0,0,0,0,0
2091,8,11230,2021-11-01 21:00:00+00:00,11232,2021-11-02 05:00:00+00:00,1,0,,,0,,,0,0,,,1,0,0,1,0,0,,,,,,0,,0,0,0,0,0,0,0
2094,8,11235,2021-11-02 17:00:00+00:00,11235,2021-11-02 17:00:00+00:00,1,0,,,0,,,0,0,,,1,0,0,1,0,0,,,,,,0,,0,0,0,0,0,0,0
2095,8,11238,2021-11-03 05:00:00+00:00,11238,2021-11-03 05:00:00+00:00,1,0,,,0,,,0,0,,,1,0,0,1,0,0,,,,,,0,,0,0,0,0,0,0,0
2098,8,11261,2021-11-09 02:00:00+00:00,11261,2021-11-09 02:00:00+00:00,1,0,,,0,,,0,0,,,1,0,0,1,0,0,,,,,,0,,0,0,0,0,0,0,0
2101,8,11278,2021-11-11 22:00:00+00:00,11278,2021-11-11 22:00:00+00:00,1,0,,,0,,,0,0,,,1,0,0,1,0,0,,,,,,0,,0,0,0,0,0,0,0
2104,8,11304,2021-11-18 06:00:00+00:00,11304,2021-11-18 06:00:00+00:00,1,0,,,0,,,0,0,,,1,0,0,1,0,0,,,,,,0,,0,0,0,0,0,0,0
2108,8,11313,2021-11-19 18:00:00+00:00,11313,2021-11-19 18:00:00+00:00,1,0,,,0,,,0,0,,,1,0,0,1,0,0,,,,,,0,,0,0,0,0,0,0,0
2112,8,11352,2021-11-30 06:00:00+00:00,11353,2021-11-30 10:00:00+00:00,1,0,,,0,,,0,0,,,1,0,0,1,0,0,,,,,,0,,0,0,0,0,0,0,0
2116,8,11368,2021-12-02 22:00:00+00:00,11372,2021-12-03 14:00:00+00:00,1,0,,,0,,,0,0,,,0,0,0,1,0,0,,,,,,0,,0,0,0,0,0,0,0
2120,8,11375,2021-12-06 02:00:00+00:00,11378,2021-12-06 14:00:00+00:00,1,1,11378.0,2021-12-06 14:00:00+00:00,1,11378.0,2021-12-06 14:00:00+00:00,0,1,,,0,0,0,0,0,1,0.6265278856730906,0.7224028487381933,0.25,1.0,0.0,1,0.5992828119374091,1,0,0,0,0,0,0
2124,8,11380,2021-12-06 22:00:00+00:00,11382,2021-12-07 06:00:00+00:00,1,0,,,0,,,0,0,,,1,0,0,1,0,0,,,,,,0,,0,0,0,0,0,0,0
2128,8,11385,2021-12-07 18:00:00+00:00,11386,2021-12-07 22:00:00+00:00,1,0,,,0,,,0,0,,,1,0,1,1,0,0,,,,,,0,,0,0,0,0,0,0,0
2129,8,11388,2021-12-08 06:00:00+00:00,11390,2021-12-08 14:00:00+00:00,1,0,,,0,,,0,0,,,1,0,0,1,0,0,,,,,,0,,0,0,0,0,0,0,0
2134,8,11397,2021-12-09 18:00:00+00:00,11399,2021-12-10 02:00:00+00:00,1,0,,,0,,,0,0,,,1,0,0,1,0,0,,,,,,0,,0,0,0,0,0,0,0
2137,8,11405,2021-12-13 02:00:00+00:00,11406,2021-12-13 06:00:00+00:00,1,0,,,0,,,0,0,,,1,0,0,1,0,0,,,,,,0,,0,0,0,0,0,0,0
2143,8,11440,2021-12-20 22:00:00+00:00,11442,2021-12-21 06:00:00+00:00,1,0,,,0,,,0,0,,,1,0,0,1,0,0,,,,,,0,,0,0,0,0,0,0,0
2146,8,11450,2021-12-22 14:00:00+00:00,11450,2021-12-22 14:00:00+00:00,1,0,,,0,,,0,0,,,1,0,0,1,0,0,,,,,,0,,0,0,0,0,0,0,0
2147,8,11458,2021-12-26 22:00:00+00:00,11458,2021-12-26 22:00:00+00:00,1,0,,,0,,,0,0,,,1,0,0,1,0,0,,,,,,0,,0,0,0,0,0,0,0
2149,8,11477,2021-12-30 02:00:00+00:00,11478,2021-12-30 06:00:00+00:00,1,0,,,0,,,0,0,,,1,0,0,1,0,0,,,,,,0,,0,0,0,0,0,0,0
2151,8,11527,2022-01-11 10:00:00+00:00,11527,2022-01-11 10:00:00+00:00,1,0,,,0,,,0,0,,,1,0,0,1,0,0,,,,,,0,,0,0,0,0,0,0,0
2161,8,11572,2022-01-20 22:00:00+00:00,11573,2022-01-21 02:00:00+00:00,1,0,,,0,,,0,0,,,1,0,0,1,0,0,,,,,,0,,0,0,0,0,0,0,0
2164,8,11578,2022-01-23 22:00:00+00:00,11584,2022-01-24 22:00:00+00:00,1,1,11581.0,2022-01-24 10:00:00+00:00,1,11581.0,2022-01-24 10:00:00+00:00,0,1,,,0,0,0,0,0,1,0.39676471695419885,0.7454564555100229,0.5,2.0,0.0,1,0.6192396887184998,0,0,0,0,0,0,0
2170,8,11608,2022-01-30 22:00:00+00:00,11612,2022-01-31 14:00:00+00:00,1,1,11612.0,2022-01-31 14:00:00+00:00,0,,,0,0,,,0,0,1,0,0,0,0.49925034331004536,0.5112600997077543,0.25,2.0,0.0,1,0.5677465216169018,0,0,0,1,0,1,1
2174,8,11614,2022-01-31 22:00:00+00:00,11614,2022-01-31 22:00:00+00:00,1,0,,,0,,,0,0,,,1,0,0,1,0,0,,,,,,0,,0,0,0,0,0,0,0
2176,8,11620,2022-02-01 22:00:00+00:00,11622,2022-02-02 06:00:00+00:00,1,0,,,0,,,0,0,,,1,0,0,1,0,0,,,,,,0,,0,0,0,0,0,0,0
2180,8,11645,2022-02-08 02:00:00+00:00,11645,2022-02-08 02:00:00+00:00,1,0,,,0,,,0,0,,,1,0,0,1,0,0,,,,,,0,,0,0,0,0,0,0,0
2182,8,11656,2022-02-09 22:00:00+00:00,11658,2022-02-10 06:00:00+00:00,1,0,,,0,,,0,0,,,1,0,0,1,0,0,,,,,,0,,0,0,0,0,0,0,0
2183,8,11666,2022-02-11 14:00:00+00:00,11666,2022-02-11 14:00:00+00:00,1,0,,,0,,,0,0,,,1,0,0,1,0,0,,,,,,0,,0,0,0,0,0,0,0
2186,8,11676,2022-02-15 06:00:00+00:00,11676,2022-02-15 06:00:00+00:00,1,0,,,0,,,0,0,,,1,0,0,1,0,0,,,,,,0,,0,0,0,0,0,0,0
2189,8,11697,2022-02-18 18:00:00+00:00,11697,2022-02-18 18:00:00+00:00,1,0,,,0,,,0,0,,,1,0,0,1,0,0,,,,,,0,,0,0,0,0,0,0,0
2192,8,11736,2022-03-01 06:00:00+00:00,11736,2022-03-01 06:00:00+00:00,1,0,,,0,,,0,0,,,1,0,0,1,0,0,,,,,,0,,0,0,0,0,0,0,0
2195,8,11744,2022-03-02 14:00:00+00:00,11746,2022-03-02 22:00:00+00:00,1,0,,,0,,,0,0,,,1,0,0,1,0,0,,,,,,0,,0,0,0,0,0,0,0
2200,8,11751,2022-03-03 18:00:00+00:00,11751,2022-03-03 18:00:00+00:00,1,0,,,0,,,0,0,,,1,0,0,1,0,0,,,,,,0,,0,0,0,0,0,0,0
2203,8,11755,2022-03-04 10:00:00+00:00,11755,2022-03-04 10:00:00+00:00,1,0,,,0,,,0,0,,,1,0,0,1,0,0,,,,,,0,,0,0,0,0,0,0,0
2205,8,11764,2022-03-07 22:00:00+00:00,11764,2022-03-07 22:00:00+00:00,1,0,,,0,,,0,0,,,1,0,0,1,0,0,,,,,,0,,0,0,0,0,0,0,0
2207,8,11781,2022-03-10 18:00:00+00:00,11784,2022-03-11 06:00:00+00:00,1,1,11784.0,2022-03-11 06:00:00+00:00,1,11784.0,2022-03-11 06:00:00+00:00,1,0,11784.0,2022-03-11 06:00:00+00:00,0,0,0,0,0,1,0.41367370280635557,0.9226485686939808,0.25,0.0,0.0,0,0.7330907696973411,0,0,0,0,0,0,0
2210,8,11786,2022-03-11 14:00:00+00:00,11787,2022-03-11 18:00:00+00:00,1,0,,,0,,,0,0,,,1,0,1,1,0,0,,,,,,0,,0,0,0,0,0,0,0
2212,8,11789,2022-03-14 01:00:00+00:00,11790,2022-03-14 05:00:00+00:00,1,0,,,0,,,0,0,,,1,0,0,1,0,0,,,,,,0,,0,0,0,0,0,0,0
2217,8,11820,2022-03-21 05:00:00+00:00,11820,2022-03-21 05:00:00+00:00,1,0,,,0,,,0,0,,,1,0,0,1,0,0,,,,,,0,,0,0,0,0,0,0,0
2222,8,11838,2022-03-24 05:00:00+00:00,11838,2022-03-24 05:00:00+00:00,1,0,,,0,,,0,0,,,1,0,0,1,0,0,,,,,,0,,0,0,0,0,0,0,0
2224,8,11843,2022-03-25 01:00:00+00:00,11845,2022-03-25 09:00:00+00:00,1,0,,,0,,,0,0,,,1,0,0,1,0,0,,,,,,0,,0,0,0,0,0,0,0
2230,8,11880,2022-04-04 05:00:00+00:00,11886,2022-04-05 05:00:00+00:00,1,1,11885.0,2022-04-05 01:00:00+00:00,1,11885.0,2022-04-05 01:00:00+00:00,1,0,11885.0,2022-04-05 01:00:00+00:00,0,0,0,0,0,1,0.5955650420706348,0.549221183800624,0.375,2.0,0.0,1,0.6957692243864082,1,0,0,0,0,0,1
2235,8,11896,2022-04-06 21:00:00+00:00,11899,2022-04-07 09:00:00+00:00,1,1,11899.0,2022-04-07 09:00:00+00:00,1,11899.0,2022-04-07 09:00:00+00:00,1,0,11899.0,2022-04-07 09:00:00+00:00,0,0,0,0,0,1,0.4585962592310806,0.9324938789786534,0.5,1.0,0.0,1,0.5989950275762486,0,0,0,0,0,0,0
2238,8,11903,2022-04-08 01:00:00+00:00,11904,2022-04-08 05:00:00+00:00,1,0,,,0,,,0,0,,,1,0,0,1,0,0,,,,,,0,,0,0,0,0,0,0,0
2241,8,11907,2022-04-08 17:00:00+00:00,11909,2022-04-11 01:00:00+00:00,1,0,,,0,,,0,0,,,1,0,0,1,0,0,,,,,,0,,0,0,0,0,0,0,0
2244,8,11926,2022-04-13 21:00:00+00:00,11929,2022-04-14 09:00:00+00:00,1,0,,,0,,,0,0,,,0,0,0,1,0,0,,,,,,0,,0,0,0,0,0,0,0
2247,8,11950,2022-04-20 21:00:00+00:00,11958,2022-04-22 05:00:00+00:00,1,1,11956.0,2022-04-21 21:00:00+00:00,1,11956.0,2022-04-21 21:00:00+00:00,1,0,11956.0,2022-04-21 21:00:00+00:00,0,0,0,0,0,1,0.30658765353284617,0.9967622571692871,0.375,0.0,1.0,-1,0.5924357757104668,0,0,0,0,0,0,0
2253,8,11971,2022-04-26 09:00:00+00:00,11971,2022-04-26 09:00:00+00:00,1,0,,,0,,,0,0,,,1,0,0,1,0,0,,,,,,0,,0,0,0,0,0,0,0
2255,8,11974,2022-04-26 21:00:00+00:00,11975,2022-04-27 01:00:00+00:00,1,0,,,0,,,0,0,,,1,0,0,1,0,0,,,,,,0,,0,0,0,0,0,0,0
2258,8,11992,2022-05-01 21:00:00+00:00,11992,2022-05-01 21:00:00+00:00,1,0,,,0,,,0,0,,,1,0,0,1,0,0,,,,,,0,,0,0,0,0,0,0,0
2262,8,12035,2022-05-11 01:00:00+00:00,12038,2022-05-11 13:00:00+00:00,1,1,12038.0,2022-05-11 13:00:00+00:00,0,,,0,0,,,0,0,0,0,0,0,0.37734437951456207,0.9694734685515307,0.25,0.0,1.0,-1,0.5741029451152543,0,0,0,1,0,0,1
2267,8,12043,2022-05-12 09:00:00+00:00,12043,2022-05-12 09:00:00+00:00,1,0,,,0,,,0,0,,,1,0,0,1,0,0,,,,,,0,,0,0,0,0,0,0,0
2271,8,12081,2022-05-20 17:00:00+00:00,12081,2022-05-20 17:00:00+00:00,1,0,,,0,,,0,0,,,1,0,0,1,0,0,,,,,,0,,0,0,0,0,0,0,0
2276,8,12109,2022-05-27 09:00:00+00:00,12110,2022-05-27 13:00:00+00:00,1,0,,,0,,,0,0,,,1,0,1,1,0,0,,,,,,0,,0,0,0,0,0,0,0
2278,8,12112,2022-05-29 21:00:00+00:00,12112,2022-05-29 21:00:00+00:00,1,0,,,0,,,0,0,,,1,0,0,1,0,0,,,,,,0,,0,0,0,0,0,0,0
2282,8,12130,2022-06-01 21:00:00+00:00,12131,2022-06-02 01:00:00+00:00,1,0,,,0,,,0,0,,,1,0,0,1,0,0,,,,,,0,,0,0,0,0,0,0,0
2284,8,12145,2022-06-06 09:00:00+00:00,12145,2022-06-06 09:00:00+00:00,1,0,,,0,,,0,0,,,1,0,0,1,0,0,,,,,,0,,0,0,0,0,0,0,0
2285,8,12149,2022-06-07 01:00:00+00:00,12153,2022-06-07 17:00:00+00:00,1,0,,,0,,,0,0,,,0,0,0,1,0,0,,,,,,0,,0,0,0,0,0,0,0
2290,8,12203,2022-06-20 01:00:00+00:00,12205,2022-06-20 09:00:00+00:00,1,0,,,0,,,0,0,,,1,0,0,1,0,0,,,,,,0,,0,0,0,0,0,0,0
2293,8,12208,2022-06-20 21:00:00+00:00,12212,2022-06-21 13:00:00+00:00,1,0,,,0,,,0,0,,,0,0,0,1,0,0,,,,,,0,,0,0,0,0,0,0,0
2299,8,12218,2022-06-22 13:00:00+00:00,12225,2022-06-23 17:00:00+00:00,1,1,12221.0,2022-06-23 01:00:00+00:00,1,12221.0,2022-06-23 01:00:00+00:00,1,0,12221.0,2022-06-23 01:00:00+00:00,0,0,0,0,0,1,0.49366879037066264,0.9866504031984834,0.5,0.0,0.0,0,0.7910571564281397,0,0,0,0,0,0,0
2303,8,12238,2022-06-27 21:00:00+00:00,12240,2022-06-28 05:00:00+00:00,1,0,,,0,,,0,0,,,1,0,0,1,0,0,,,,,,0,,0,0,0,0,0,0,0
2305,8,12252,2022-06-30 05:00:00+00:00,12252,2022-06-30 05:00:00+00:00,1,0,,,0,,,0,0,,,1,0,0,1,0,0,,,,,,0,,0,0,0,0,0,0,0
2309,8,12256,2022-06-30 21:00:00+00:00,12256,2022-06-30 21:00:00+00:00,1,0,,,0,,,0,0,,,1,0,0,1,0,0,,,,,,0,,0,0,0,0,0,0,0
2311,8,12269,2022-07-05 01:00:00+00:00,12269,2022-07-05 01:00:00+00:00,1,0,,,0,,,0,0,,,1,0,0,1,0,0,,,,,,0,,0,0,0,0,0,0,0
2313,8,12287,2022-07-08 01:00:00+00:00,12287,2022-07-08 01:00:00+00:00,1,0,,,0,,,0,0,,,1,0,0,1,0,0,,,,,,0,,0,0,0,0,0,0,0
2315,8,12303,2022-07-12 17:00:00+00:00,12303,2022-07-12 17:00:00+00:00,1,0,,,0,,,0,0,,,1,0,0,1,0,0,,,,,,0,,0,0,0,0,0,0,0
2319,8,12320,2022-07-15 13:00:00+00:00,12320,2022-07-15 13:00:00+00:00,1,0,,,0,,,0,0,,,1,0,0,1,0,0,,,,,,0,,0,0,0,0,0,0,0
2320,8,12323,2022-07-18 01:00:00+00:00,12323,2022-07-18 01:00:00+00:00,1,0,,,0,,,0,0,,,1,0,0,1,0,0,,,,,,0,,0,0,0,0,0,0,0
2324,8,12363,2022-07-26 17:00:00+00:00,12366,2022-07-27 05:00:00+00:00,1,1,12366.0,2022-07-27 05:00:00+00:00,0,,,0,0,,,0,0,0,0,0,0,0.2792452097352751,0.7604955264969169,0.25,0.0,2.0,-1,0.5081540387522107,0,0,0,1,0,0,1
2329,8,12383,2022-08-01 01:00:00+00:00,12384,2022-08-01 05:00:00+00:00,1,0,,,0,,,0,0,,,1,0,0,1,0,0,,,,,,0,,0,0,0,0,0,0,0
2332,8,12409,2022-08-05 09:00:00+00:00,12409,2022-08-05 09:00:00+00:00,1,0,,,0,,,0,0,,,1,0,0,1,0,0,,,,,,0,,0,0,0,0,0,0,0
2333,8,12418,2022-08-08 21:00:00+00:00,12419,2022-08-09 01:00:00+00:00,1,0,,,0,,,0,0,,,1,0,0,1,0,0,,,,,,0,,0,0,0,0,0,0,0
2336,8,12436,2022-08-11 21:00:00+00:00,12440,2022-08-12 13:00:00+00:00,1,1,12440.0,2022-08-12 13:00:00+00:00,1,12440.0,2022-08-12 13:00:00+00:00,1,0,12440.0,2022-08-12 13:00:00+00:00,0,0,0,0,0,1,0.2700027992798024,0.9208666434943762,0.875,1.0,2.0,-1,0.5876624322274049,0,0,0,0,0,0,1
2339,8,12442,2022-08-14 21:00:00+00:00,12443,2022-08-15 01:00:00+00:00,1,0,,,0,,,0,0,,,1,0,0,1,0,0,,,,,,0,,0,0,0,0,0,0,0
2343,8,12453,2022-08-16 17:00:00+00:00,12456,2022-08-17 05:00:00+00:00,1,1,12456.0,2022-08-17 05:00:00+00:00,0,,,0,0,,,0,0,0,0,0,0,0.45431122357508624,0.8109495295124015,1.0,1.0,1.0,0,0.4265032296399519,0,0,0,1,0,0,1
2345,8,12465,2022-08-18 17:00:00+00:00,12465,2022-08-18 17:00:00+00:00,1,0,,,0,,,0,0,,,1,0,0,1,0,0,,,,,,0,,0,0,0,0,0,0,0
2347,8,12473,2022-08-22 01:00:00+00:00,12473,2022-08-22 01:00:00+00:00,1,0,,,0,,,0,0,,,1,0,0,1,0,0,,,,,,0,,0,0,0,0,0,0,0
2353,8,12548,2022-09-07 13:00:00+00:00,12548,2022-09-07 13:00:00+00:00,1,0,,,0,,,0,0,,,1,0,0,1,0,0,,,,,,0,,0,0,0,0,0,0,0
2354,8,12564,2022-09-12 05:00:00+00:00,12564,2022-09-12 05:00:00+00:00,1,0,,,0,,,0,0,,,1,0,0,1,0,0,,,,,,0,,0,0,0,0,0,0,0
2357,8,12596,2022-09-19 13:00:00+00:00,12604,2022-09-20 21:00:00+00:00,1,1,12600.0,2022-09-20 05:00:00+00:00,1,12600.0,2022-09-20 05:00:00+00:00,1,0,12600.0,2022-09-20 05:00:00+00:00,0,0,0,0,0,1,0.42437670711070524,0.6703759905580735,0.375,2.0,0.0,1,0.7011143373888205,0,0,0,0,0,0,0
2361,8,12606,2022-09-21 05:00:00+00:00,12606,2022-09-21 05:00:00+00:00,1,0,,,0,,,0,0,,,1,0,0,1,0,0,,,,,,0,,0,0,0,0,0,0,0
2364,8,12628,2022-09-26 21:00:00+00:00,12629,2022-09-27 01:00:00+00:00,1,0,,,0,,,0,0,,,1,0,0,1,0,0,,,,,,0,,0,0,0,0,0,0,0
2367,8,12635,2022-09-28 01:00:00+00:00,12635,2022-09-28 01:00:00+00:00,1,0,,,0,,,0,0,,,1,0,0,1,0,0,,,,,,0,,0,0,0,0,0,0,0
2370,8,12650,2022-09-30 13:00:00+00:00,12650,2022-09-30 13:00:00+00:00,1,0,,,0,,,0,0,,,1,0,0,1,0,0,,,,,,0,,0,0,0,0,0,0,0
2371,8,12653,2022-10-03 01:00:00+00:00,12655,2022-10-03 09:00:00+00:00,1,0,,,0,,,0,0,,,1,0,0,1,0,0,,,,,,0,,0,0,0,0,0,0,0
2373,8,12668,2022-10-05 13:00:00+00:00,12668,2022-10-05 13:00:00+00:00,1,0,,,0,,,0,0,,,1,0,0,1,0,0,,,,,,0,,0,0,0,0,0,0,0
2375,8,12676,2022-10-06 21:00:00+00:00,12678,2022-10-07 05:00:00+00:00,1,0,,,0,,,0,0,,,1,0,0,1,0,0,,,,,,0,,0,0,0,0,0,0,0
2377,8,12711,2022-10-14 17:00:00+00:00,12714,2022-10-17 05:00:00+00:00,1,1,12714.0,2022-10-17 05:00:00+00:00,1,12714.0,2022-10-17 05:00:00+00:00,1,0,12714.0,2022-10-17 05:00:00+00:00,0,0,0,0,0,1,0.5084752775411246,0.6883082607548184,0.25,0.0,1.0,-1,0.7490373747233058,0,0,0,0,0,0,0
2380,8,12716,2022-10-17 13:00:00+00:00,12717,2022-10-17 17:00:00+00:00,1,0,,,0,,,0,0,,,1,0,0,1,0,0,,,,,,0,,0,0,0,0,0,0,0
2382,8,12720,2022-10-18 05:00:00+00:00,12721,2022-10-18 09:00:00+00:00,1,0,,,0,,,0,0,,,1,0,0,1,0,0,,,,,,0,,0,0,0,0,0,0,0
2387,8,12724,2022-10-18 21:00:00+00:00,12725,2022-10-19 01:00:00+00:00,1,0,,,0,,,0,0,,,1,0,0,1,0,0,,,,,,0,,0,0,0,0,0,0,0
2391,8,12760,2022-10-26 21:00:00+00:00,12761,2022-10-27 01:00:00+00:00,1,0,,,0,,,0,0,,,1,0,1,1,0,0,,,,,,0,,0,0,0,0,0,0,0
2392,8,12763,2022-10-27 09:00:00+00:00,12763,2022-10-27 09:00:00+00:00,1,0,,,0,,,0,0,,,1,0,0,1,0,0,,,,,,0,,0,0,0,0,0,0,0
2395,8,12766,2022-10-27 21:00:00+00:00,12767,2022-10-28 01:00:00+00:00,1,0,,,0,,,0,0,,,1,0,0,1,0,0,,,,,,0,,0,0,0,0,0,0,0
2400,8,12779,2022-11-01 01:00:00+00:00,12779,2022-11-01 01:00:00+00:00,1,0,,,0,,,0,0,,,1,0,0,1,0,0,,,,,,0,,0,0,0,0,0,0,0
2401,8,12782,2022-11-01 13:00:00+00:00,12782,2022-11-01 13:00:00+00:00,1,0,,,0,,,0,0,,,1,0,0,1,0,0,,,,,,0,,0,0,0,0,0,0,0
2404,8,12809,2022-11-08 02:00:00+00:00,12809,2022-11-08 02:00:00+00:00,1,0,,,0,,,0,0,,,1,0,0,1,0,0,,,,,,0,,0,0,0,0,0,0,0
2406,8,12836,2022-11-14 14:00:00+00:00,12836,2022-11-14 14:00:00+00:00,1,0,,,0,,,0,0,,,1,0,0,1,0,0,,,,,,0,,0,0,0,0,0,0,0
2410,8,12848,2022-11-16 14:00:00+00:00,12850,2022-11-16 22:00:00+00:00,1,0,,,0,,,0,0,,,1,0,1,1,0,0,,,,,,0,,0,0,0,0,0,0,0
2412,8,12852,2022-11-17 06:00:00+00:00,12852,2022-11-17 06:00:00+00:00,1,0,,,0,,,0,0,,,1,0,0,1,0,0,,,,,,0,,0,0,0,0,0,0,0
2421,8,12895,2022-11-28 10:00:00+00:00,12895,2022-11-28 10:00:00+00:00,1,0,,,0,,,0,0,,,1,0,0,1,0,0,,,,,,0,,0,0,0,0,0,0,0
2427,8,12903,2022-11-29 18:00:00+00:00,12904,2022-11-29 22:00:00+00:00,1,0,,,0,,,0,0,,,1,0,0,1,0,0,,,,,,0,,0,0,0,0,0,0,0
2430,8,12908,2022-11-30 14:00:00+00:00,12908,2022-11-30 14:00:00+00:00,1,0,,,0,,,0,0,,,1,0,0,1,0,0,,,,,,0,,0,0,0,0,0,0,0
2431,8,12919,2022-12-02 10:00:00+00:00,12920,2022-12-02 14:00:00+00:00,1,0,,,0,,,0,0,,,1,0,0,1,0,0,,,,,,0,,0,0,0,0,0,0,0
2432,8,12935,2022-12-07 10:00:00+00:00,12935,2022-12-07 10:00:00+00:00,1,0,,,0,,,0,0,,,1,0,0,1,0,0,,,,,,0,,0,0,0,0,0,0,0
2434,8,12944,2022-12-08 22:00:00+00:00,12946,2022-12-09 06:00:00+00:00,1,0,,,0,,,0,0,,,1,0,0,1,0,0,,,,,,0,,0,0,0,0,0,0,0
2437,8,12952,2022-12-12 06:00:00+00:00,12953,2022-12-12 10:00:00+00:00,1,0,,,0,,,0,0,,,1,0,0,1,0,0,,,,,,0,,0,0,0,0,0,0,0
2443,8,12985,2022-12-19 18:00:00+00:00,12985,2022-12-19 18:00:00+00:00,1,0,,,0,,,0,0,,,1,0,0,1,0,0,,,,,,0,,0,0,0,0,0,0,0
2445,8,12989,2022-12-20 10:00:00+00:00,12989,2022-12-20 10:00:00+00:00,1,0,,,0,,,0,0,,,1,0,0,1,0,0,,,,,,0,,0,0,0,0,0,0,0
2453,8,13065,2023-01-10 02:00:00+00:00,13069,2023-01-10 18:00:00+00:00,1,1,13069.0,2023-01-10 18:00:00+00:00,0,,,0,0,,,0,0,0,0,0,0,0.49158715425229943,0.9734016593460186,0.375,1.0,0.0,1,0.4713372019490296,0,0,0,1,0,0,1
2457,8,13073,2023-01-11 10:00:00+00:00,13073,2023-01-11 10:00:00+00:00,1,0,,,0,,,0,0,,,1,0,0,1,0,0,,,,,,0,,0,0,0,0,0,0,0
2461,8,13097,2023-01-17 10:00:00+00:00,13098,2023-01-17 14:00:00+00:00,1,0,,,0,,,0,0,,,1,0,0,1,0,0,,,,,,0,,0,0,0,0,0,0,0
2464,8,13102,2023-01-18 06:00:00+00:00,13102,2023-01-18 06:00:00+00:00,1,0,,,0,,,0,0,,,1,0,1,1,0,0,,,,,,0,,0,0,0,0,0,0,0
2467,8,13104,2023-01-18 14:00:00+00:00,13108,2023-01-19 06:00:00+00:00,1,1,13107.0,2023-01-19 02:00:00+00:00,1,13107.0,2023-01-19 02:00:00+00:00,1,0,13107.0,2023-01-19 02:00:00+00:00,0,0,0,0,0,1,0.5059895174641603,0.6001594351440541,0.375,0.0,2.0,-1,0.7065961211481427,0,0,0,0,0,0,0
2471,8,13110,2023-01-19 14:00:00+00:00,13110,2023-01-19 14:00:00+00:00,1,0,,,0,,,0,0,,,1,0,0,1,0,0,,,,,,0,,0,0,0,0,0,0,0
2473,8,13120,2023-01-23 06:00:00+00:00,13121,2023-01-23 10:00:00+00:00,1,0,,,0,,,0,0,,,1,0,0,1,0,0,,,,,,0,,0,0,0,0,0,0,0
2477,8,13136,2023-01-25 22:00:00+00:00,13140,2023-01-26 14:00:00+00:00,1,0,,,0,,,0,0,,,0,0,0,1,0,0,,,,,,0,,0,0,0,0,0,0,0
2480,8,13143,2023-01-27 02:00:00+00:00,13143,2023-01-27 02:00:00+00:00,1,0,,,0,,,0,0,,,1,0,0,1,0,0,,,,,,0,,0,0,0,0,0,0,0
2484,8,13158,2023-01-31 14:00:00+00:00,13158,2023-01-31 14:00:00+00:00,1,0,,,0,,,0,0,,,1,0,0,1,0,0,,,,,,0,,0,0,0,0,0,0,0
2487,8,13189,2023-02-07 18:00:00+00:00,13195,2023-02-08 18:00:00+00:00,1,1,13195.0,2023-02-08 18:00:00+00:00,0,,,0,0,,,0,0,0,0,0,0,0.47855336582609587,0.9373737373737379,0.25,1.0,0.0,1,0.5076695910150428,0,0,0,1,0,1,1
2493,8,13202,2023-02-09 22:00:00+00:00,13202,2023-02-09 22:00:00+00:00,1,0,,,0,,,0,0,,,1,0,0,1,0,0,,,,,,0,,0,0,0,0,0,0,0
2497,8,13214,2023-02-13 22:00:00+00:00,13216,2023-02-14 06:00:00+00:00,1,0,,,0,,,0,0,,,1,0,0,1,0,0,,,,,,0,,0,0,0,0,0,0,0
2503,8,13230,2023-02-16 14:00:00+00:00,13232,2023-02-16 22:00:00+00:00,1,0,,,0,,,0,0,,,1,0,0,1,0,0,,,,,,0,,0,0,0,0,0,0,0
2504,8,13242,2023-02-20 14:00:00+00:00,13242,2023-02-20 14:00:00+00:00,1,0,,,0,,,0,0,,,1,0,0,1,0,0,,,,,,0,,0,0,0,0,0,0,0
2506,8,13245,2023-02-21 02:00:00+00:00,13245,2023-02-21 02:00:00+00:00,1,0,,,0,,,0,0,,,1,0,1,1,0,0,,,,,,0,,0,0,0,0,0,0,0
2508,8,13247,2023-02-21 10:00:00+00:00,13248,2023-02-21 14:00:00+00:00,1,0,,,0,,,0,0,,,1,0,1,1,0,0,,,,,,0,,0,0,0,0,0,0,0
2510,8,13250,2023-02-21 22:00:00+00:00,13252,2023-02-22 06:00:00+00:00,1,0,,,0,,,0,0,,,1,0,0,1,0,0,,,,,,0,,0,0,0,0,0,0,0
2513,8,13262,2023-02-23 22:00:00+00:00,13262,2023-02-23 22:00:00+00:00,1,0,,,0,,,0,0,,,1,0,0,1,0,0,,,,,,0,,0,0,0,0,0,0,0
2514,8,13268,2023-02-26 22:00:00+00:00,13268,2023-02-26 22:00:00+00:00,1,0,,,0,,,0,0,,,1,0,0,1,0,0,,,,,,0,,0,0,0,0,0,0,0
2516,8,13273,2023-02-27 18:00:00+00:00,13275,2023-02-28 02:00:00+00:00,1,0,,,0,,,0,0,,,1,0,0,1,0,0,,,,,,0,,0,0,0,0,0,0,0
2518,8,13293,2023-03-03 02:00:00+00:00,13293,2023-03-03 02:00:00+00:00,1,0,,,0,,,0,0,,,1,0,0,1,0,0,,,,,,0,,0,0,0,0,0,0,0
2521,8,13339,2023-03-14 17:00:00+00:00,13339,2023-03-14 17:00:00+00:00,1,0,,,0,,,0,0,,,1,0,0,1,0,0,,,,,,0,,0,0,0,0,0,0,0
2523,8,13351,2023-03-16 17:00:00+00:00,13351,2023-03-16 17:00:00+00:00,1,0,,,0,,,0,0,,,1,0,0,1,0,0,,,,,,0,,0,0,0,0,0,0,0
2530,8,13395,2023-03-28 01:00:00+00:00,13395,2023-03-28 01:00:00+00:00,1,0,,,0,,,0,0,,,1,0,0,1,0,0,,,,,,0,,0,0,0,0,0,0,0
2532,8,13400,2023-03-28 21:00:00+00:00,13403,2023-03-29 09:00:00+00:00,1,1,13403.0,2023-03-29 09:00:00+00:00,1,13403.0,2023-03-29 09:00:00+00:00,1,0,13403.0,2023-03-29 09:00:00+00:00,0,0,0,0,0,1,0.567590848875072,0.7773527161438443,0.25,0.0,0.0,0,0.7003723637479103,1,0,0,0,0,0,0
2536,8,13405,2023-03-29 17:00:00+00:00,13405,2023-03-29 17:00:00+00:00,1,0,,,0,,,0,0,,,1,0,0,1,0,0,,,,,,0,,0,0,0,0,0,0,0
2540,8,13437,2023-04-06 01:00:00+00:00,13437,2023-04-06 01:00:00+00:00,1,0,,,0,,,0,0,,,1,0,0,1,0,0,,,,,,0,,0,0,0,0,0,0,0
2543,8,13469,2023-04-14 09:00:00+00:00,13469,2023-04-14 09:00:00+00:00,1,0,,,0,,,0,0,,,1,0,0,1,0,0,,,,,,0,,0,0,0,0,0,0,0
2546,8,13496,2023-04-20 21:00:00+00:00,13497,2023-04-21 01:00:00+00:00,1,0,,,0,,,0,0,,,1,0,1,1,0,0,,,,,,0,,0,0,0,0,0,0,0
2547,8,13499,2023-04-21 09:00:00+00:00,13499,2023-04-21 09:00:00+00:00,1,0,,,0,,,0,0,,,1,0,0,1,0,0,,,,,,0,,0,0,0,0,0,0,0
2549,8,13511,2023-04-25 09:00:00+00:00,13512,2023-04-25 13:00:00+00:00,1,0,,,0,,,0,0,,,1,0,0,1,0,0,,,,,,0,,0,0,0,0,0,0,0
2554,8,13536,2023-05-01 13:00:00+00:00,13541,2023-05-02 09:00:00+00:00,1,1,13539.0,2023-05-02 01:00:00+00:00,1,13539.0,2023-05-02 01:00:00+00:00,1,0,13539.0,2023-05-02 01:00:00+00:00,0,0,0,0,0,1,0.8118334776868839,0.36210865561694816,0.5,0.0,3.0,-1,0.5824829780455425,1,1,0,0,1,0,0
2558,8,13568,2023-05-08 21:00:00+00:00,13569,2023-05-09 01:00:00+00:00,1,0,,,0,,,0,0,,,1,0,0,1,0,0,,,,,,0,,0,0,0,0,0,0,0
2559,8,13572,2023-05-09 13:00:00+00:00,13572,2023-05-09 13:00:00+00:00,1,0,,,0,,,0,0,,,1,0,0,1,0,0,,,,,,0,,0,0,0,0,0,0,0
2561,8,13575,2023-05-10 01:00:00+00:00,13576,2023-05-10 05:00:00+00:00,1,0,,,0,,,0,0,,,1,0,1,1,0,0,,,,,,0,,0,0,0,0,0,0,0
2564,8,13578,2023-05-10 13:00:00+00:00,13579,2023-05-10 17:00:00+00:00,1,0,,,0,,,0,0,,,1,0,0,1,0,0,,,,,,0,,0,0,0,0,0,0,0
2567,8,13582,2023-05-11 05:00:00+00:00,13583,2023-05-11 09:00:00+00:00,1,0,,,0,,,0,0,,,1,0,0,1,0,0,,,,,,0,,0,0,0,0,0,0,0
2570,8,13597,2023-05-15 17:00:00+00:00,13597,2023-05-15 17:00:00+00:00,1,0,,,0,,,0,0,,,1,0,0,1,0,0,,,,,,0,,0,0,0,0,0,0,0
2573,8,13601,2023-05-16 09:00:00+00:00,13601,2023-05-16 09:00:00+00:00,1,0,,,0,,,0,0,,,1,0,0,1,0,0,,,,,,0,,0,0,0,0,0,0,0
2576,8,13633,2023-05-23 17:00:00+00:00,13635,2023-05-24 01:00:00+00:00,1,0,,,0,,,0,0,,,1,0,0,1,0,0,,,,,,0,,0,0,0,0,0,0,0
2580,8,13658,2023-05-29 21:00:00+00:00,13658,2023-05-29 21:00:00+00:00,1,0,,,0,,,0,0,,,1,0,0,1,0,0,,,,,,0,,0,0,0,0,0,0,0
2581,8,13688,2023-06-05 21:00:00+00:00,13688,2023-06-05 21:00:00+00:00,1,0,,,0,,,0,0,,,1,0,0,1,0,0,,,,,,0,,0,0,0,0,0,0,0
2583,8,13696,2023-06-07 05:00:00+00:00,13697,2023-06-07 09:00:00+00:00,1,0,,,0,,,0,0,,,1,0,0,1,0,0,,,,,,0,,0,0,0,0,0,0,0
2586,8,13779,2023-06-27 01:00:00+00:00,13781,2023-06-27 09:00:00+00:00,1,0,,,0,,,0,0,,,1,0,1,1,0,0,,,,,,0,,0,0,0,0,0,0,0
2587,8,13783,2023-06-27 17:00:00+00:00,13785,2023-06-28 01:00:00+00:00,1,0,,,0,,,0,0,,,1,0,0,1,0,0,,,,,,0,,0,0,0,0,0,0,0
2591,8,13792,2023-06-29 05:00:00+00:00,13792,2023-06-29 05:00:00+00:00,1,0,,,0,,,0,0,,,1,0,0,1,0,0,,,,,,0,,0,0,0,0,0,0,0
2593,8,13813,2023-07-04 17:00:00+00:00,13816,2023-07-05 05:00:00+00:00,1,0,,,0,,,0,0,,,0,0,0,1,0,0,,,,,,0,,0,0,0,0,0,0,0
2597,8,13838,2023-07-10 21:00:00+00:00,13839,2023-07-11 01:00:00+00:00,1,0,,,0,,,0,0,,,1,0,0,1,0,0,,,,,,0,,0,0,0,0,0,0,0
2602,8,13862,2023-07-16 21:00:00+00:00,13864,2023-07-17 05:00:00+00:00,1,0,,,0,,,0,0,,,1,0,0,1,0,0,,,,,,0,,0,0,0,0,0,0,0
2608,8,13896,2023-07-24 13:00:00+00:00,13896,2023-07-24 13:00:00+00:00,1,0,,,0,,,0,0,,,1,0,1,1,0,0,,,,,,0,,0,0,0,0,0,0,0
2611,8,13898,2023-07-24 21:00:00+00:00,13902,2023-07-25 13:00:00+00:00,1,1,13902.0,2023-07-25 13:00:00+00:00,0,,,0,0,,,0,0,0,0,0,0,0.5179432010099076,0.7816521378165211,0.25,0.0,2.0,-1,0.39626211211382134,0,0,0,1,0,0,1
2619,8,13912,2023-07-27 05:00:00+00:00,13912,2023-07-27 05:00:00+00:00,1,0,,,0,,,0,0,,,1,0,0,1,0,0,,,,,,0,,0,0,0,0,0,0,0
2621,8,13923,2023-07-31 01:00:00+00:00,13924,2023-07-31 05:00:00+00:00,1,0,,,0,,,0,0,,,1,0,0,1,0,0,,,,,,0,,0,0,0,0,0,0,0
2623,8,13939,2023-08-02 17:00:00+00:00,13939,2023-08-02 17:00:00+00:00,1,0,,,0,,,0,0,,,1,0,0,1,0,0,,,,,,0,,0,0,0,0,0,0,0
2625,8,13946,2023-08-03 21:00:00+00:00,13948,2023-08-04 05:00:00+00:00,1,0,,,0,,,0,0,,,1,0,0,1,0,0,,,,,,0,,0,0,0,0,0,0,0
2627,8,13966,2023-08-09 05:00:00+00:00,13966,2023-08-09 05:00:00+00:00,1,0,,,0,,,0,0,,,1,0,0,1,0,0,,,,,,0,,0,0,0,0,0,0,0
2631,8,13983,2023-08-14 01:00:00+00:00,13984,2023-08-14 05:00:00+00:00,1,0,,,0,,,0,0,,,1,0,0,1,0,0,,,,,,0,,0,0,0,0,0,0,0
2634,8,14016,2023-08-21 13:00:00+00:00,14019,2023-08-22 01:00:00+00:00,1,1,14019.0,2023-08-22 01:00:00+00:00,1,14019.0,2023-08-22 01:00:00+00:00,1,0,14019.0,2023-08-22 01:00:00+00:00,0,0,0,0,0,1,0.6348005798752545,0.573166368515216,0.625,1.0,0.0,1,0.6821637206742189,1,0,0,0,0,0,0
2637,8,14036,2023-08-24 21:00:00+00:00,14039,2023-08-25 09:00:00+00:00,1,1,14039.0,2023-08-25 09:00:00+00:00,1,14039.0,2023-08-25 09:00:00+00:00,1,0,14039.0,2023-08-25 09:00:00+00:00,0,0,0,0,0,1,0.4755746687898292,0.6381938452689161,0.375,0.0,2.0,-1,0.6430886649926529,0,0,0,0,0,0,0
2640,8,14049,2023-08-29 01:00:00+00:00,14051,2023-08-29 09:00:00+00:00,1,0,,,0,,,0,0,,,1,0,0,1,0,0,,,,,,0,,0,0,0,0,0,0,0
2643,8,14066,2023-08-31 21:00:00+00:00,14068,2023-09-01 05:00:00+00:00,1,0,,,0,,,0,0,,,1,0,0,1,0,0,,,,,,0,,0,0,0,0,0,0,0
2644,8,14078,2023-09-04 21:00:00+00:00,14078,2023-09-04 21:00:00+00:00,1,0,,,0,,,0,0,,,1,0,0,1,0,0,,,,,,0,,0,0,0,0,0,0,0
2648,8,14090,2023-09-06 21:00:00+00:00,14093,2023-09-07 09:00:00+00:00,1,1,14093.0,2023-09-07 09:00:00+00:00,1,14093.0,2023-09-07 09:00:00+00:00,1,0,14093.0,2023-09-07 09:00:00+00:00,0,0,0,0,0,1,0.4350789296620231,0.7294964028776949,0.375,0.0,3.0,-1,0.6000582164484343,0,0,0,0,0,0,0
2652,8,14098,2023-09-08 05:00:00+00:00,14099,2023-09-08 09:00:00+00:00,1,0,,,0,,,0,0,,,1,0,0,1,0,0,,,,,,0,,0,0,0,0,0,0,0
2655,8,14104,2023-09-11 05:00:00+00:00,14107,2023-09-11 17:00:00+00:00,1,1,14107.0,2023-09-11 17:00:00+00:00,0,,,0,0,,,0,0,0,0,0,0,0.3847077265019528,0.8962859145059552,0.375,2.0,0.0,1,0.5759980877353441,0,0,0,1,0,0,1
2659,8,14110,2023-09-12 05:00:00+00:00,14110,2023-09-12 05:00:00+00:00,1,0,,,0,,,0,0,,,1,0,0,1,0,0,,,,,,0,,0,0,0,0,0,0,0
2661,8,14126,2023-09-14 21:00:00+00:00,14126,2023-09-14 21:00:00+00:00,1,0,,,0,,,0,0,,,1,0,0,1,0,0,,,,,,0,,0,0,0,0,0,0,0
2666,8,14157,2023-09-22 01:00:00+00:00,14157,2023-09-22 01:00:00+00:00,1,0,,,0,,,0,0,,,1,0,0,1,0,0,,,,,,0,,0,0,0,0,0,0,0
2668,8,14160,2023-09-22 13:00:00+00:00,14160,2023-09-22 13:00:00+00:00,1,0,,,0,,,0,0,,,1,0,1,1,0,0,,,,,,0,,0,0,0,0,0,0,0
2670,8,14162,2023-09-24 21:00:00+00:00,14162,2023-09-24 21:00:00+00:00,1,0,,,0,,,0,0,,,1,0,0,1,0,0,,,,,,0,,0,0,0,0,0,0,0
2673,8,14165,2023-09-25 09:00:00+00:00,14165,2023-09-25 09:00:00+00:00,1,0,,,0,,,0,0,,,1,0,0,1,0,0,,,,,,0,,0,0,0,0,0,0,0
2679,8,14211,2023-10-05 01:00:00+00:00,14212,2023-10-05 05:00:00+00:00,1,0,,,0,,,0,0,,,1,0,1,1,0,0,,,,,,0,,0,0,0,0,0,0,0
2682,8,14214,2023-10-05 13:00:00+00:00,14216,2023-10-05 21:00:00+00:00,1,0,,,0,,,0,0,,,1,0,0,1,0,0,,,,,,0,,0,0,0,0,0,0,0
2686,8,14248,2023-10-13 05:00:00+00:00,14248,2023-10-13 05:00:00+00:00,1,0,,,0,,,0,0,,,1,0,0,1,0,0,,,,,,0,,0,0,0,0,0,0,0
2690,8,14274,2023-10-19 13:00:00+00:00,14274,2023-10-19 13:00:00+00:00,1,0,,,0,,,0,0,,,1,0,0,1,0,0,,,,,,0,,0,0,0,0,0,0,0
2693,8,14289,2023-10-24 01:00:00+00:00,14289,2023-10-24 01:00:00+00:00,1,0,,,0,,,0,0,,,1,0,0,1,0,0,,,,,,0,,0,0,0,0,0,0,0
2699,8,14321,2023-10-31 09:00:00+00:00,14321,2023-10-31 09:00:00+00:00,1,0,,,0,,,0,0,,,1,0,0,1,0,0,,,,,,0,,0,0,0,0,0,0,0
2700,8,14378,2023-11-13 22:00:00+00:00,14378,2023-11-13 22:00:00+00:00,1,0,,,0,,,0,0,,,1,0,0,1,0,0,,,,,,0,,0,0,0,0,0,0,0
2701,8,14407,2023-11-20 18:00:00+00:00,14407,2023-11-20 18:00:00+00:00,1,0,,,0,,,0,0,,,1,0,0,1,0,0,,,,,,0,,0,0,0,0,0,0,0
2703,8,14416,2023-11-22 06:00:00+00:00,14417,2023-11-22 10:00:00+00:00,1,0,,,0,,,0,0,,,1,0,0,1,0,0,,,,,,0,,0,0,0,0,0,0,0
2706,8,14427,2023-11-24 02:00:00+00:00,14427,2023-11-24 02:00:00+00:00,1,0,,,0,,,0,0,,,1,0,0,1,0,0,,,,,,0,,0,0,0,0,0,0,0
2710,8,14452,2023-11-30 06:00:00+00:00,14452,2023-11-30 06:00:00+00:00,1,0,,,0,,,0,0,,,1,0,0,1,0,0,,,,,,0,,0,0,0,0,0,0,0
2713,8,14482,2023-12-07 06:00:00+00:00,14482,2023-12-07 06:00:00+00:00,1,0,,,0,,,0,0,,,1,0,0,1,0,0,,,,,,0,,0,0,0,0,0,0,0
2715,8,14522,2023-12-17 22:00:00+00:00,14525,2023-12-18 10:00:00+00:00,1,1,14525.0,2023-12-18 10:00:00+00:00,1,14525.0,2023-12-18 10:00:00+00:00,1,0,14525.0,2023-12-18 10:00:00+00:00,0,0,0,0,0,1,0.6427673589674867,0.5740614334471054,0.25,0.0,2.0,-1,0.6789250812473082,1,0,0,0,0,0,0
2718,8,14528,2023-12-18 22:00:00+00:00,14528,2023-12-18 22:00:00+00:00,1,0,,,0,,,0,0,,,1,0,1,1,0,0,,,,,,0,,0,0,0,0,0,0,0
2719,8,14530,2023-12-19 06:00:00+00:00,14531,2023-12-19 10:00:00+00:00,1,0,,,0,,,0,0,,,1,0,0,1,0,0,,,,,,0,,0,0,0,0,0,0,0
2725,8,14553,2023-12-26 02:00:00+00:00,14554,2023-12-26 06:00:00+00:00,1,0,,,0,,,0,0,,,1,0,1,1,0,0,,,,,,0,,0,0,0,0,0,0,0
2727,8,14556,2023-12-26 14:00:00+00:00,14557,2023-12-26 18:00:00+00:00,1,0,,,0,,,0,0,,,1,0,1,1,0,0,,,,,,0,,0,0,0,0,0,0,0
2728,8,14559,2023-12-27 02:00:00+00:00,14559,2023-12-27 02:00:00+00:00,1,0,,,0,,,0,0,,,1,0,0,1,0,0,,,,,,0,,0,0,0,0,0,0,0
2731,8,14570,2023-12-28 22:00:00+00:00,14571,2023-12-29 02:00:00+00:00,1,0,,,0,,,0,0,,,1,0,0,1,0,0,,,,,,0,,0,0,0,0,0,0,0
2732,8,14576,2024-01-01 22:00:00+00:00,14577,2024-01-02 02:00:00+00:00,1,0,,,0,,,0,0,,,1,0,1,1,0,0,,,,,,0,,0,0,0,0,0,0,0
2734,8,14579,2024-01-02 10:00:00+00:00,14579,2024-01-02 10:00:00+00:00,1,0,,,0,,,0,0,,,1,0,0,1,0,0,,,,,,0,,0,0,0,0,0,0,0
2737,8,14593,2024-01-04 18:00:00+00:00,14593,2024-01-04 18:00:00+00:00,1,0,,,0,,,0,0,,,1,0,0,1,0,0,,,,,,0,,0,0,0,0,0,0,0
2740,8,14610,2024-01-09 14:00:00+00:00,14610,2024-01-09 14:00:00+00:00,1,0,,,0,,,0,0,,,1,0,1,1,0,0,,,,,,0,,0,0,0,0,0,0,0
2741,8,14612,2024-01-09 22:00:00+00:00,14617,2024-01-10 18:00:00+00:00,1,0,,,0,,,0,0,,,0,0,0,1,0,0,,,,,,0,,0,0,0,0,0,0,0
2748,8,14655,2024-01-19 02:00:00+00:00,14655,2024-01-19 02:00:00+00:00,1,0,,,0,,,0,0,,,1,0,0,1,0,0,,,,,,0,,0,0,0,0,0,0,0
2751,8,14675,2024-01-24 10:00:00+00:00,14675,2024-01-24 10:00:00+00:00,1,0,,,0,,,0,0,,,1,0,0,1,0,0,,,,,,0,,0,0,0,0,0,0,0
2754,8,14689,2024-01-26 18:00:00+00:00,14691,2024-01-29 02:00:00+00:00,1,0,,,0,,,0,0,,,1,0,0,1,0,0,,,,,,0,,0,0,0,0,0,0,0
2756,8,14694,2024-01-29 14:00:00+00:00,14694,2024-01-29 14:00:00+00:00,1,0,,,0,,,0,0,,,1,0,0,1,0,0,,,,,,0,,0,0,0,0,0,0,0
2758,8,14697,2024-01-30 02:00:00+00:00,14697,2024-01-30 02:00:00+00:00,1,0,,,0,,,0,0,,,1,0,0,1,0,0,,,,,,0,,0,0,0,0,0,0,0
2763,8,14732,2024-02-06 22:00:00+00:00,14734,2024-02-07 06:00:00+00:00,1,0,,,0,,,0,0,,,1,0,0,1,0,0,,,,,,0,,0,0,0,0,0,0,0
2766,8,14744,2024-02-08 22:00:00+00:00,14748,2024-02-09 14:00:00+00:00,1,1,14748.0,2024-02-09 14:00:00+00:00,0,,,0,0,,,0,0,0,0,0,0,0.46949999808908466,0.8301852358791857,0.875,1.0,1.0,0,0.51238569201528,0,0,0,1,0,0,1
2769,8,14779,2024-02-16 18:00:00+00:00,14779,2024-02-16 18:00:00+00:00,1,0,,,0,,,0,0,,,1,0,0,1,0,0,,,,,,0,,0,0,0,0,0,0,0
2772,8,14822,2024-02-27 22:00:00+00:00,14823,2024-02-28 02:00:00+00:00,1,0,,,0,,,0,0,,,1,0,1,1,0,0,,,,,,0,,0,0,0,0,0,0,0
2775,8,14825,2024-02-28 10:00:00+00:00,14830,2024-02-29 06:00:00+00:00,1,0,,,0,,,0,0,,,0,0,0,1,0,0,,,,,,0,,0,0,0,0,0,0,0
2778,8,14865,2024-03-08 02:00:00+00:00,14865,2024-03-08 02:00:00+00:00,1,0,,,0,,,0,0,,,1,0,0,1,0,0,,,,,,0,,0,0,0,0,0,0,0
2780,8,14878,2024-03-12 05:00:00+00:00,14878,2024-03-12 05:00:00+00:00,1,0,,,0,,,0,0,,,1,0,0,1,0,0,,,,,,0,,0,0,0,0,0,0,0
2782,8,14881,2024-03-12 17:00:00+00:00,14881,2024-03-12 17:00:00+00:00,1,0,,,0,,,0,0,,,1,0,0,1,0,0,,,,,,0,,0,0,0,0,0,0,0
2783,8,14906,2024-03-18 21:00:00+00:00,14913,2024-03-20 01:00:00+00:00,1,1,14913.0,2024-03-20 01:00:00+00:00,1,14913.0,2024-03-20 01:00:00+00:00,1,0,14913.0,2024-03-20 01:00:00+00:00,0,0,0,0,0,1,0.6130260439995013,0.7176058580070339,0.25,0.0,0.0,0,0.7086417644810535,1,0,0,0,0,0,1
2788,8,14915,2024-03-20 09:00:00+00:00,14915,2024-03-20 09:00:00+00:00,1,0,,,0,,,0,0,,,1,0,0,1,0,0,,,,,,0,,0,0,0,0,0,0,0
2790,8,14938,2024-03-26 05:00:00+00:00,14938,2024-03-26 05:00:00+00:00,1,0,,,0,,,0,0,,,1,0,0,1,0,0,,,,,,0,,0,0,0,0,0,0,0
2794,8,14997,2024-04-10 01:00:00+00:00,14998,2024-04-10 05:00:00+00:00,1,0,,,0,,,0,0,,,1,0,0,1,0,0,,,,,,0,,0,0,0,0,0,0,0
2798,8,15027,2024-04-17 01:00:00+00:00,15030,2024-04-17 13:00:00+00:00,1,1,15030.0,2024-04-17 13:00:00+00:00,0,,,0,0,,,0,0,0,0,0,0,0.3114399296110153,0.8249798981506242,1.0,3.0,1.0,1,0.4881928173414485,0,0,0,1,0,0,1
2802,8,15071,2024-04-26 09:00:00+00:00,15071,2024-04-26 09:00:00+00:00,1,0,,,0,,,0,0,,,1,0,0,1,0,0,,,,,,0,,0,0,0,0,0,0,0
2803,8,15074,2024-04-28 21:00:00+00:00,15074,2024-04-28 21:00:00+00:00,1,0,,,0,,,0,0,,,1,0,0,1,0,0,,,,,,0,,0,0,0,0,0,0,0
2809,8,15096,2024-05-02 13:00:00+00:00,15096,2024-05-02 13:00:00+00:00,1,0,,,0,,,0,0,,,1,0,0,1,0,0,,,,,,0,,0,0,0,0,0,0,0
2811,8,15113,2024-05-07 09:00:00+00:00,15116,2024-05-07 21:00:00+00:00,1,1,15116.0,2024-05-07 21:00:00+00:00,0,,,0,0,,,0,0,0,0,0,0,0.7521590406877047,0.3573159522019027,0.375,0.0,3.0,-1,0.3939252410159547,1,1,0,1,1,0,1
2817,8,15171,2024-05-21 01:00:00+00:00,15173,2024-05-21 09:00:00+00:00,1,0,,,0,,,0,0,,,1,0,0,1,0,0,,,,,,0,,0,0,0,0,0,0,0
2820,8,15177,2024-05-22 01:00:00+00:00,15178,2024-05-22 05:00:00+00:00,1,0,,,0,,,0,0,,,1,0,0,1,0,0,,,,,,0,,0,0,0,0,0,0,0
2822,8,15195,2024-05-27 01:00:00+00:00,15197,2024-05-27 09:00:00+00:00,1,0,,,0,,,0,0,,,1,0,0,1,0,0,,,,,,0,,0,0,0,0,0,0,0
2825,8,15203,2024-05-28 09:00:00+00:00,15203,2024-05-28 09:00:00+00:00,1,0,,,0,,,0,0,,,1,0,0,1,0,0,,,,,,0,,0,0,0,0,0,0,0
2830,8,15260,2024-06-10 21:00:00+00:00,15261,2024-06-11 01:00:00+00:00,1,0,,,0,,,0,0,,,1,0,0,1,0,0,,,,,,0,,0,0,0,0,0,0,0
2834,8,15265,2024-06-11 17:00:00+00:00,15268,2024-06-12 05:00:00+00:00,1,1,15268.0,2024-06-12 05:00:00+00:00,1,15268.0,2024-06-12 05:00:00+00:00,1,0,15268.0,2024-06-12 05:00:00+00:00,0,0,0,0,0,1,0.6623641252241411,0.6107730448501336,0.25,2.0,0.0,1,0.6671845747306302,1,0,0,0,0,0,0
2838,8,15271,2024-06-12 17:00:00+00:00,15274,2024-06-13 05:00:00+00:00,1,0,,,0,,,0,0,,,0,0,0,1,0,0,,,,,,0,,0,0,0,0,0,0,0
2841,8,15284,2024-06-16 21:00:00+00:00,15285,2024-06-17 01:00:00+00:00,1,0,,,0,,,0,0,,,1,0,0,1,0,0,,,,,,0,,0,0,0,0,0,0,0
2844,8,15292,2024-06-18 05:00:00+00:00,15292,2024-06-18 05:00:00+00:00,1,0,,,0,,,0,0,,,1,0,0,1,0,0,,,,,,0,,0,0,0,0,0,0,0
2848,8,15305,2024-06-20 09:00:00+00:00,15305,2024-06-20 09:00:00+00:00,1,0,,,0,,,0,0,,,1,0,0,1,0,0,,,,,,0,,0,0,0,0,0,0,0
2851,8,15320,2024-06-24 21:00:00+00:00,15322,2024-06-25 05:00:00+00:00,1,0,,,0,,,0,0,,,1,0,0,1,0,0,,,,,,0,,0,0,0,0,0,0,0
2854,8,15343,2024-06-28 17:00:00+00:00,15343,2024-06-28 17:00:00+00:00,1,0,,,0,,,0,0,,,1,0,0,1,0,0,,,,,,0,,0,0,0,0,0,0,0
2855,8,15346,2024-07-01 05:00:00+00:00,15349,2024-07-01 17:00:00+00:00,1,0,,,0,,,0,0,,,0,0,0,1,0,0,,,,,,0,,0,0,0,0,0,0,0
2858,8,15354,2024-07-02 13:00:00+00:00,15354,2024-07-02 13:00:00+00:00,1,0,,,0,,,0,0,,,1,0,0,1,0,0,,,,,,0,,0,0,0,0,0,0,0
2861,8,15384,2024-07-09 13:00:00+00:00,15384,2024-07-09 13:00:00+00:00,1,0,,,0,,,0,0,,,1,0,0,1,0,0,,,,,,0,,0,0,0,0,0,0,0
2863,8,15422,2024-07-17 21:00:00+00:00,15424,2024-07-18 05:00:00+00:00,1,0,,,0,,,0,0,,,1,0,0,1,0,0,,,,,,0,,0,0,0,0,0,0,0
2867,8,15468,2024-07-29 13:00:00+00:00,15468,2024-07-29 13:00:00+00:00,1,0,,,0,,,0,0,,,1,0,0,1,0,0,,,,,,0,,0,0,0,0,0,0,0
2873,8,15506,2024-08-06 21:00:00+00:00,15509,2024-08-07 09:00:00+00:00,1,1,15509.0,2024-08-07 09:00:00+00:00,1,15509.0,2024-08-07 09:00:00+00:00,1,0,15509.0,2024-08-07 09:00:00+00:00,0,0,0,0,0,1,0.46972025366296244,0.9473778254266069,0.25,0.0,1.0,-1,0.6991206025475909,0,0,0,0,0,0,0
2876,8,15511,2024-08-07 17:00:00+00:00,15514,2024-08-08 05:00:00+00:00,1,1,15514.0,2024-08-08 05:00:00+00:00,1,15514.0,2024-08-08 05:00:00+00:00,1,0,15514.0,2024-08-08 05:00:00+00:00,0,0,0,0,0,1,0.37632872338975626,0.8903938691855289,0.5,0.0,1.0,-1,0.7435708793236838,0,0,0,0,0,0,0
2878,8,15517,2024-08-08 17:00:00+00:00,15517,2024-08-08 17:00:00+00:00,1,0,,,0,,,0,0,,,1,0,0,1,0,0,,,,,,0,,0,0,0,0,0,0,0
2882,8,15524,2024-08-11 21:00:00+00:00,15525,2024-08-12 01:00:00+00:00,1,0,,,0,,,0,0,,,1,0,0,1,0,0,,,,,,0,,0,0,0,0,0,0,0
2884,8,15534,2024-08-13 13:00:00+00:00,15534,2024-08-13 13:00:00+00:00,1,0,,,0,,,0,0,,,1,0,1,1,0,0,,,,,,0,,0,0,0,0,0,0,0
2885,8,15536,2024-08-13 21:00:00+00:00,15536,2024-08-13 21:00:00+00:00,1,0,,,0,,,0,0,,,1,0,0,1,0,0,,,,,,0,,0,0,0,0,0,0,0
2887,8,15541,2024-08-14 17:00:00+00:00,15541,2024-08-14 17:00:00+00:00,1,0,,,0,,,0,0,,,1,0,0,1,0,0,,,,,,0,,0,0,0,0,0,0,0
2891,8,15560,2024-08-19 21:00:00+00:00,15561,2024-08-20 01:00:00+00:00,1,0,,,0,,,0,0,,,1,0,0,1,0,0,,,,,,0,,0,0,0,0,0,0,0
2893,8,15575,2024-08-22 09:00:00+00:00,15575,2024-08-22 09:00:00+00:00,1,0,,,0,,,0,0,,,1,0,0,1,0,0,,,,,,0,,0,0,0,0,0,0,0
2897,8,15588,2024-08-26 13:00:00+00:00,15588,2024-08-26 13:00:00+00:00,1,0,,,0,,,0,0,,,1,0,1,1,0,0,,,,,,0,,0,0,0,0,0,0,0
2898,8,15590,2024-08-26 21:00:00+00:00,15590,2024-08-26 21:00:00+00:00,1,0,,,0,,,0,0,,,1,0,0,1,0,0,,,,,,0,,0,0,0,0,0,0,0
2900,8,15594,2024-08-27 13:00:00+00:00,15595,2024-08-27 17:00:00+00:00,1,0,,,0,,,0,0,,,1,0,0,1,0,0,,,,,,0,,0,0,0,0,0,0,0
2904,8,15609,2024-08-30 01:00:00+00:00,15609,2024-08-30 01:00:00+00:00,1,0,,,0,,,0,0,,,1,0,0,1,0,0,,,,,,0,,0,0,0,0,0,0,0
2907,8,15621,2024-09-03 01:00:00+00:00,15622,2024-09-03 05:00:00+00:00,1,0,,,0,,,0,0,,,1,0,0,1,0,0,,,,,,0,,0,0,0,0,0,0,0
2910,8,15633,2024-09-05 01:00:00+00:00,15633,2024-09-05 01:00:00+00:00,1,0,,,0,,,0,0,,,1,0,0,1,0,0,,,,,,0,,0,0,0,0,0,0,0
2911,8,15650,2024-09-09 21:00:00+00:00,15650,2024-09-09 21:00:00+00:00,1,0,,,0,,,0,0,,,1,0,0,1,0,0,,,,,,0,,0,0,0,0,0,0,0
2913,8,15656,2024-09-10 21:00:00+00:00,15656,2024-09-10 21:00:00+00:00,1,0,,,0,,,0,0,,,1,0,0,1,0,0,,,,,,0,,0,0,0,0,0,0,0
2915,8,15677,2024-09-16 09:00:00+00:00,15677,2024-09-16 09:00:00+00:00,1,0,,,0,,,0,0,,,1,0,0,1,0,0,,,,,,0,,0,0,0,0,0,0,0
2917,8,15680,2024-09-16 21:00:00+00:00,15682,2024-09-17 05:00:00+00:00,1,0,,,0,,,0,0,,,1,0,0,1,0,0,,,,,,0,,0,0,0,0,0,0,0
2922,8,15686,2024-09-17 21:00:00+00:00,15688,2024-09-18 05:00:00+00:00,1,0,,,0,,,0,0,,,1,0,1,1,0,0,,,,,,0,,0,0,0,0,0,0,0
2924,8,15690,2024-09-18 13:00:00+00:00,15690,2024-09-18 13:00:00+00:00,1,0,,,0,,,0,0,,,1,0,0,1,0,0,,,,,,0,,0,0,0,0,0,0,0
2927,8,15724,2024-09-26 05:00:00+00:00,15724,2024-09-26 05:00:00+00:00,1,0,,,0,,,0,0,,,1,0,0,1,0,0,,,,,,0,,0,0,0,0,0,0,0
2929,8,15733,2024-09-27 17:00:00+00:00,15733,2024-09-27 17:00:00+00:00,1,0,,,0,,,0,0,,,1,0,1,1,0,0,,,,,,0,,0,0,0,0,0,0,0
2930,8,15735,2024-09-30 01:00:00+00:00,15736,2024-09-30 05:00:00+00:00,1,0,,,0,,,0,0,,,1,0,0,1,0,0,,,,,,0,,0,0,0,0,0,0,0
2932,8,15750,2024-10-02 13:00:00+00:00,15751,2024-10-02 17:00:00+00:00,1,0,,,0,,,0,0,,,1,0,0,1,0,0,,,,,,0,,0,0,0,0,0,0,0
2935,8,15754,2024-10-03 05:00:00+00:00,15755,2024-10-03 09:00:00+00:00,1,0,,,0,,,0,0,,,1,0,0,1,0,0,,,,,,0,,0,0,0,0,0,0,0
2940,8,15782,2024-10-09 21:00:00+00:00,15784,2024-10-10 05:00:00+00:00,1,0,,,0,,,0,0,,,1,0,1,1,0,0,,,,,,0,,0,0,0,0,0,0,0
2942,8,15786,2024-10-10 13:00:00+00:00,15786,2024-10-10 13:00:00+00:00,1,0,,,0,,,0,0,,,1,0,0,1,0,0,,,,,,0,,0,0,0,0,0,0,0
2948,8,15828,2024-10-21 13:00:00+00:00,15828,2024-10-21 13:00:00+00:00,1,0,,,0,,,0,0,,,1,0,1,1,0,0,,,,,,0,,0,0,0,0,0,0,0
2949,8,15830,2024-10-21 21:00:00+00:00,15830,2024-10-21 21:00:00+00:00,1,0,,,0,,,0,0,,,1,0,0,1,0,0,,,,,,0,,0,0,0,0,0,0,0
2951,8,15850,2024-10-25 05:00:00+00:00,15852,2024-10-25 13:00:00+00:00,1,0,,,0,,,0,0,,,1,0,0,1,0,0,,,,,,0,,0,0,0,0,0,0,0
2955,8,15859,2024-10-28 17:00:00+00:00,15859,2024-10-28 17:00:00+00:00,1,0,,,0,,,0,0,,,1,0,0,1,0,0,,,,,,0,,0,0,0,0,0,0,0
2958,8,15873,2024-10-31 01:00:00+00:00,15875,2024-10-31 09:00:00+00:00,1,0,,,0,,,0,0,,,1,0,0,1,0,0,,,,,,0,,0,0,0,0,0,0,0
2960,8,15884,2024-11-03 22:00:00+00:00,15884,2024-11-03 22:00:00+00:00,1,0,,,0,,,0,0,,,1,0,0,1,0,0,,,,,,0,,0,0,0,0,0,0,0
2962,8,15888,2024-11-04 14:00:00+00:00,15888,2024-11-04 14:00:00+00:00,1,0,,,0,,,0,0,,,1,0,1,1,0,0,,,,,,0,,0,0,0,0,0,0,0
2964,8,15890,2024-11-04 22:00:00+00:00,15890,2024-11-04 22:00:00+00:00,1,0,,,0,,,0,0,,,1,0,0,1,0,0,,,,,,0,,0,0,0,0,0,0,0
2968,8,15913,2024-11-08 18:00:00+00:00,15913,2024-11-08 18:00:00+00:00,1,0,,,0,,,0,0,,,1,0,0,1,0,0,,,,,,0,,0,0,0,0,0,0,0
2970,8,15926,2024-11-12 22:00:00+00:00,15926,2024-11-12 22:00:00+00:00,1,0,,,0,,,0,0,,,1,0,0,1,0,0,,,,,,0,,0,0,0,0,0,0,0
2974,8,15940,2024-11-15 06:00:00+00:00,15941,2024-11-15 10:00:00+00:00,1,0,,,0,,,0,0,,,1,0,1,1,0,0,,,,,,0,,0,0,0,0,0,0,0
2975,8,15943,2024-11-15 18:00:00+00:00,15943,2024-11-15 18:00:00+00:00,1,0,,,0,,,0,0,,,1,0,0,1,0,0,,,,,,0,,0,0,0,0,0,0,0
2979,8,15958,2024-11-20 06:00:00+00:00,15959,2024-11-20 10:00:00+00:00,1,0,,,0,,,0,0,,,1,0,0,1,0,0,,,,,,0,,0,0,0,0,0,0,0
2980,8,15990,2024-11-27 14:00:00+00:00,15992,2024-11-27 22:00:00+00:00,1,0,,,0,,,0,0,,,1,0,0,1,0,0,,,,,,0,,0,0,0,0,0,0,0
2985,8,16001,2024-11-29 10:00:00+00:00,16003,2024-11-29 18:00:00+00:00,1,0,,,0,,,0,0,,,1,0,1,1,0,0,,,,,,0,,0,0,0,0,0,0,0
2987,8,16005,2024-12-02 02:00:00+00:00,16009,2024-12-02 18:00:00+00:00,1,0,,,0,,,0,0,,,0,0,1,1,0,0,,,,,,0,,0,0,0,0,0,0,0
2991,8,16011,2024-12-03 02:00:00+00:00,16012,2024-12-03 06:00:00+00:00,1,0,,,0,,,0,0,,,1,0,1,1,0,0,,,,,,0,,0,0,0,0,0,0,0
2994,8,16014,2024-12-03 14:00:00+00:00,16018,2024-12-04 06:00:00+00:00,1,1,16017.0,2024-12-04 02:00:00+00:00,1,16017.0,2024-12-04 02:00:00+00:00,1,0,16017.0,2024-12-04 02:00:00+00:00,0,0,0,0,0,1,0.47259447318774406,0.9633588968936504,0.625,1.0,0.0,1,0.692237720749872,0,0,0,0,0,0,0
3001,8,16027,2024-12-05 18:00:00+00:00,16027,2024-12-05 18:00:00+00:00,1,0,,,0,,,0,0,,,1,0,0,1,0,0,,,,,,0,,0,0,0,0,0,0,0
3007,8,16074,2024-12-17 14:00:00+00:00,16074,2024-12-17 14:00:00+00:00,1,0,,,0,,,0,0,,,1,0,1,1,0,0,,,,,,0,,0,0,0,0,0,0,0
3009,8,16076,2024-12-17 22:00:00+00:00,16078,2024-12-18 06:00:00+00:00,1,0,,,0,,,0,0,,,1,0,1,1,0,0,,,,,,0,,0,0,0,0,0,0,0
3013,8,16080,2024-12-18 14:00:00+00:00,16080,2024-12-18 14:00:00+00:00,1,0,,,0,,,0,0,,,1,0,0,1,0,0,,,,,,0,,0,0,0,0,0,0,0
3016,8,16094,2024-12-22 22:00:00+00:00,16094,2024-12-22 22:00:00+00:00,1,0,,,0,,,0,0,,,1,0,0,1,0,0,,,,,,0,,0,0,0,0,0,0,0
3017,8,16097,2024-12-23 10:00:00+00:00,16097,2024-12-23 10:00:00+00:00,1,0,,,0,,,0,0,,,1,0,1,1,0,0,,,,,,0,,0,0,0,0,0,0,0
3018,8,16099,2024-12-23 18:00:00+00:00,16099,2024-12-23 18:00:00+00:00,1,0,,,0,,,0,0,,,1,0,0,1,0,0,,,,,,0,,0,0,0,0,0,0,0
3022,8,16105,2024-12-24 18:00:00+00:00,16105,2024-12-24 18:00:00+00:00,1,0,,,0,,,0,0,,,1,0,1,1,0,0,,,,,,0,,0,0,0,0,0,0,0
3024,8,16107,2024-12-26 02:00:00+00:00,16109,2024-12-26 10:00:00+00:00,1,0,,,0,,,0,0,,,1,0,0,1,0,0,,,,,,0,,0,0,0,0,0,0,0
3028,8,16114,2024-12-27 06:00:00+00:00,16114,2024-12-27 06:00:00+00:00,1,0,,,0,,,0,0,,,1,0,0,1,0,0,,,,,,0,,0,0,0,0,0,0,0
3031,8,16117,2024-12-27 18:00:00+00:00,16117,2024-12-27 18:00:00+00:00,1,0,,,0,,,0,0,,,1,0,0,1,0,0,,,,,,0,,0,0,0,0,0,0,0
3036,8,16154,2025-01-07 22:00:00+00:00,16154,2025-01-07 22:00:00+00:00,1,0,,,0,,,0,0,,,1,0,1,1,0,0,,,,,,0,,0,0,0,0,0,0,0
3038,8,16156,2025-01-08 06:00:00+00:00,16156,2025-01-08 06:00:00+00:00,1,0,,,0,,,0,0,,,1,0,0,1,0,0,,,,,,0,,0,0,0,0,0,0,0
3044,8,16220,2025-01-22 22:00:00+00:00,16220,2025-01-22 22:00:00+00:00,1,0,,,0,,,0,0,,,1,0,0,1,0,0,,,,,,0,,0,0,0,0,0,0,0
3048,8,16319,2025-02-14 10:00:00+00:00,16319,2025-02-14 10:00:00+00:00,1,0,,,0,,,0,0,,,1,0,0,1,0,0,,,,,,0,,0,0,0,0,0,0,0
3050,8,16328,2025-02-17 22:00:00+00:00,16328,2025-02-17 22:00:00+00:00,1,0,,,0,,,0,0,,,1,0,0,1,0,0,,,,,,0,,0,0,0,0,0,0,0
3051,8,16337,2025-02-19 10:00:00+00:00,16337,2025-02-19 10:00:00+00:00,1,0,,,0,,,0,0,,,1,0,1,1,0,0,,,,,,0,,0,0,0,0,0,0,0
3053,8,16339,2025-02-19 18:00:00+00:00,16339,2025-02-19 18:00:00+00:00,1,0,,,0,,,0,0,,,1,0,0,1,0,0,,,,,,0,,0,0,0,0,0,0,0
3055,8,16344,2025-02-20 14:00:00+00:00,16344,2025-02-20 14:00:00+00:00,1,0,,,0,,,0,0,,,1,0,0,1,0,0,,,,,,0,,0,0,0,0,0,0,0
3056,8,16347,2025-02-21 02:00:00+00:00,16347,2025-02-21 02:00:00+00:00,1,0,,,0,,,0,0,,,1,0,0,1,0,0,,,,,,0,,0,0,0,0,0,0,0
3059,8,16356,2025-02-24 14:00:00+00:00,16357,2025-02-24 18:00:00+00:00,1,0,,,0,,,0,0,,,1,0,0,1,0,0,,,,,,0,,0,0,0,0,0,0,0
3063,8,16389,2025-03-04 02:00:00+00:00,16389,2025-03-04 02:00:00+00:00,1,0,,,0,,,0,0,,,1,0,0,1,0,0,,,,,,0,,0,0,0,0,0,0,0
3065,8,16398,2025-03-05 14:00:00+00:00,16398,2025-03-05 14:00:00+00:00,1,0,,,0,,,0,0,,,1,0,0,1,0,0,,,,,,0,,0,0,0,0,0,0,0
3067,8,16402,2025-03-06 06:00:00+00:00,16407,2025-03-07 02:00:00+00:00,1,1,16405.0,2025-03-06 18:00:00+00:00,1,16405.0,2025-03-06 18:00:00+00:00,1,0,16405.0,2025-03-06 18:00:00+00:00,0,0,0,0,0,1,0.367253047782703,0.990522960282581,0.5,0.0,1.0,-1,0.6840995457260456,0,0,0,0,0,0,0
3072,8,16409,2025-03-07 10:00:00+00:00,16409,2025-03-07 10:00:00+00:00,1,0,,,0,,,0,0,,,1,0,0,1,0,0,,,,,,0,,0,0,0,0,0,0,0
3075,8,16418,2025-03-10 21:00:00+00:00,16421,2025-03-11 09:00:00+00:00,1,1,16421.0,2025-03-11 09:00:00+00:00,0,,,0,0,,,0,0,1,0,0,0,0.5238149460622745,0.5116322352503258,0.75,2.0,1.0,1,0.5096906316432345,0,0,0,1,0,0,1
3076,8,16423,2025-03-11 17:00:00+00:00,16424,2025-03-11 21:00:00+00:00,1,0,,,0,,,0,0,,,1,0,0,1,0,0,,,,,,0,,0,0,0,0,0,0,0
3079,8,16429,2025-03-12 17:00:00+00:00,16429,2025-03-12 17:00:00+00:00,1,0,,,0,,,0,0,,,1,0,0,1,0,0,,,,,,0,,0,0,0,0,0,0,0
3086,8,16490,2025-03-26 21:00:00+00:00,16490,2025-03-26 21:00:00+00:00,1,0,,,0,,,0,0,,,1,0,0,1,0,0,,,,,,0,,0,0,0,0,0,0,0
3088,8,16512,2025-04-01 13:00:00+00:00,16513,2025-04-01 17:00:00+00:00,1,0,,,0,,,0,0,,,1,0,0,1,0,0,,,,,,0,,0,0,0,0,0,0,0
3093,8,16545,2025-04-09 01:00:00+00:00,16545,2025-04-09 01:00:00+00:00,1,0,,,0,,,0,0,,,1,0,0,1,0,0,,,,,,0,,0,0,0,0,0,0,0
3098,8,16611,2025-04-25 01:00:00+00:00,16611,2025-04-25 01:00:00+00:00,1,0,,,0,,,0,0,,,1,0,0,1,0,0,,,,,,0,,0,0,0,0,0,0,0
3100,8,16619,2025-04-28 09:00:00+00:00,16619,2025-04-28 09:00:00+00:00,1,0,,,0,,,0,0,,,1,0,0,1,0,0,,,,,,0,,0,0,0,0,0,0,0
3103,8,16629,2025-04-30 01:00:00+00:00,16629,2025-04-30 01:00:00+00:00,1,0,,,0,,,0,0,,,1,0,0,1,0,0,,,,,,0,,0,0,0,0,0,0,0
3106,8,16642,2025-05-02 05:00:00+00:00,16645,2025-05-02 17:00:00+00:00,1,0,,,0,,,0,0,,,0,0,1,1,0,0,,,,,,0,,0,0,0,0,0,0,0
3109,8,16647,2025-05-05 01:00:00+00:00,16647,2025-05-05 01:00:00+00:00,1,0,,,0,,,0,0,,,1,0,0,1,0,0,,,,,,0,,0,0,0,0,0,0,0
3114,8,16713,2025-05-20 01:00:00+00:00,16715,2025-05-20 09:00:00+00:00,1,0,,,0,,,0,0,,,1,0,0,1,0,0,,,,,,0,,0,0,0,0,0,0,0
3118,8,16740,2025-05-26 13:00:00+00:00,16740,2025-05-26 13:00:00+00:00,1,0,,,0,,,0,0,,,1,0,0,1,0,0,,,,,,0,,0,0,0,0,0,0,0
3119,8,16746,2025-05-27 13:00:00+00:00,16746,2025-05-27 13:00:00+00:00,1,0,,,0,,,0,0,,,1,0,0,1,0,0,,,,,,0,,0,0,0,0,0,0,0
3122,8,16752,2025-05-28 13:00:00+00:00,16752,2025-05-28 13:00:00+00:00,1,0,,,0,,,0,0,,,1,0,0,1,0,0,,,,,,0,,0,0,0,0,0,0,0
3125,8,16784,2025-06-04 21:00:00+00:00,16786,2025-06-05 05:00:00+00:00,1,0,,,0,,,0,0,,,1,0,0,1,0,0,,,,,,0,,0,0,0,0,0,0,0
3132,8,16843,2025-06-18 17:00:00+00:00,16843,2025-06-18 17:00:00+00:00,1,0,,,0,,,0,0,,,1,0,0,1,0,0,,,,,,0,,0,0,0,0,0,0,0
3136,8,16853,2025-06-20 09:00:00+00:00,16855,2025-06-20 17:00:00+00:00,1,0,,,0,,,0,0,,,1,0,0,1,0,0,,,,,,0,,0,0,0,0,0,0,0
3141,8,16861,2025-06-23 17:00:00+00:00,16861,2025-06-23 17:00:00+00:00,1,0,,,0,,,0,0,,,1,0,0,1,0,0,,,,,,0,,0,0,0,0,0,0,0
3145,8,16878,2025-06-26 13:00:00+00:00,16880,2025-06-26 21:00:00+00:00,1,0,,,0,,,0,0,,,1,0,0,1,0,0,,,,,,0,,0,0,0,0,0,0,0
3148,8,16902,2025-07-02 13:00:00+00:00,16902,2025-07-02 13:00:00+00:00,1,0,,,0,,,0,0,,,1,0,0,1,0,0,,,,,,0,,0,0,0,0,0,0,0
3149,8,16906,2025-07-03 05:00:00+00:00,16906,2025-07-03 05:00:00+00:00,1,0,,,0,,,0,0,,,1,0,0,1,0,0,,,,,,0,,0,0,0,0,0,0,0
3152,8,16915,2025-07-06 21:00:00+00:00,16915,2025-07-06 21:00:00+00:00,1,0,,,0,,,0,0,,,1,0,0,1,0,0,,,,,,0,,0,0,0,0,0,0,0
3154,8,16931,2025-07-09 13:00:00+00:00,16931,2025-07-09 13:00:00+00:00,1,0,,,0,,,0,0,,,1,0,0,1,0,0,,,,,,0,,0,0,0,0,0,0,0
3156,8,16948,2025-07-14 09:00:00+00:00,16948,2025-07-14 09:00:00+00:00,1,0,,,0,,,0,0,,,1,0,1,1,0,0,,,,,,0,,0,0,0,0,0,0,0
3158,8,16950,2025-07-14 17:00:00+00:00,16954,2025-07-15 09:00:00+00:00,1,1,16953.0,2025-07-15 05:00:00+00:00,1,16953.0,2025-07-15 05:00:00+00:00,1,0,16953.0,2025-07-15 05:00:00+00:00,0,0,0,0,0,1,0.35538525052238923,0.8972542072630683,0.375,0.0,1.0,-1,0.7082876485745119,0,0,0,0,0,0,0
3165,8,16975,2025-07-20 21:00:00+00:00,16976,2025-07-21 01:00:00+00:00,1,0,,,0,,,0,0,,,1,0,0,1,0,0,,,,,,0,,0,0,0,0,0,0,0
3169,8,16999,2025-07-24 21:00:00+00:00,16999,2025-07-24 21:00:00+00:00,1,0,,,0,,,0,0,,,1,0,0,1,0,0,,,,,,0,,0,0,0,0,0,0,0
3173,8,17017,2025-07-29 21:00:00+00:00,17020,2025-07-30 09:00:00+00:00,1,0,,,0,,,0,0,,,0,0,0,1,0,0,,,,,,0,,0,0,0,0,0,0,0
3179,8,17101,2025-08-18 21:00:00+00:00,17102,2025-08-19 01:00:00+00:00,1,0,,,0,,,0,0,,,1,0,0,1,0,0,,,,,,0,,0,0,0,0,0,0,0
3182,8,17106,2025-08-19 17:00:00+00:00,17106,2025-08-19 17:00:00+00:00,1,0,,,0,,,0,0,,,1,0,0,1,0,0,,,,,,0,,0,0,0,0,0,0,0
3183,8,17110,2025-08-20 09:00:00+00:00,17110,2025-08-20 09:00:00+00:00,1,0,,,0,,,0,0,,,1,0,0,1,0,0,,,,,,0,,0,0,0,0,0,0,0
3185,8,17117,2025-08-21 13:00:00+00:00,17117,2025-08-21 13:00:00+00:00,1,0,,,0,,,0,0,,,1,0,0,1,0,0,,,,,,0,,0,0,0,0,0,0,0
3186,8,17121,2025-08-22 05:00:00+00:00,17121,2025-08-22 05:00:00+00:00,1,0,,,0,,,0,0,,,1,0,0,1,0,0,,,,,,0,,0,0,0,0,0,0,0
3190,8,17139,2025-08-27 05:00:00+00:00,17140,2025-08-27 09:00:00+00:00,1,0,,,0,,,0,0,,,1,0,0,1,0,0,,,,,,0,,0,0,0,0,0,0,0
3192,8,17144,2025-08-28 01:00:00+00:00,17144,2025-08-28 01:00:00+00:00,1,0,,,0,,,0,0,,,1,0,0,1,0,0,,,,,,0,,0,0,0,0,0,0,0
3196,8,17203,2025-09-10 21:00:00+00:00,17205,2025-09-11 05:00:00+00:00,1,0,,,0,,,0,0,,,1,0,0,1,0,0,,,,,,0,,0,0,0,0,0,0,0
3198,8,17215,2025-09-14 21:00:00+00:00,17215,2025-09-14 21:00:00+00:00,1,0,,,0,,,0,0,,,1,0,0,1,0,0,,,,,,0,,0,0,0,0,0,0,0
3203,8,17257,2025-09-23 21:00:00+00:00,17258,2025-09-24 01:00:00+00:00,1,0,,,0,,,0,0,,,1,0,0,1,0,0,,,,,,0,,0,0,0,0,0,0,0
3206,8,17275,2025-09-28 21:00:00+00:00,17275,2025-09-28 21:00:00+00:00,1,0,,,0,,,0,0,,,1,0,0,1,0,0,,,,,,0,,0,0,0,0,0,0,0
3209,8,17314,2025-10-07 09:00:00+00:00,17314,2025-10-07 09:00:00+00:00,1,0,,,0,,,0,0,,,1,0,0,1,0,0,,,,,,0,,0,0,0,0,0,0,0
3211,8,17324,2025-10-09 01:00:00+00:00,17324,2025-10-09 01:00:00+00:00,1,0,,,0,,,0,0,,,1,0,1,1,0,0,,,,,,0,,0,0,0,0,0,0,0
3212,8,17326,2025-10-09 09:00:00+00:00,17326,2025-10-09 09:00:00+00:00,1,0,,,0,,,0,0,,,1,0,0,1,0,0,,,,,,0,,0,0,0,0,0,0,0
3215,8,17373,2025-10-21 05:00:00+00:00,17373,2025-10-21 05:00:00+00:00,1,0,,,0,,,0,0,,,1,0,0,1,0,0,,,,,,0,,0,0,0,0,0,0,0
3219,8,17390,2025-10-24 01:00:00+00:00,17390,2025-10-24 01:00:00+00:00,1,0,,,0,,,0,0,,,1,0,1,1,0,0,,,,,,0,,0,0,0,0,0,0,0
3222,8,17392,2025-10-24 09:00:00+00:00,17396,2025-10-27 01:00:00+00:00,1,1,17395.0,2025-10-26 21:00:00+00:00,1,17395.0,2025-10-26 21:00:00+00:00,1,0,17395.0,2025-10-26 21:00:00+00:00,0,0,0,0,0,1,0.3330683849280584,0.7273447558680828,0.625,2.0,0.0,1,0.5945393262652449,0,0,0,0,0,0,0
3224,8,17398,2025-10-27 09:00:00+00:00,17398,2025-10-27 09:00:00+00:00,1,0,,,0,,,0,0,,,1,0,0,1,0,0,,,,,,0,,0,0,0,0,0,0,0
3228,8,17407,2025-10-28 21:00:00+00:00,17408,2025-10-29 01:00:00+00:00,1,0,,,0,,,0,0,,,1,0,0,1,0,0,,,,,,0,,0,0,0,0,0,0,0
3229,8,17412,2025-10-29 17:00:00+00:00,17418,2025-10-30 17:00:00+00:00,1,1,17417.0,2025-10-30 13:00:00+00:00,1,17417.0,2025-10-30 13:00:00+00:00,1,0,17417.0,2025-10-30 13:00:00+00:00,0,0,0,0,0,1,0.48799961717481327,0.8786703279141042,0.25,1.0,0.0,1,0.6387694028211838,0,0,0,0,0,0,1
3235,8,17420,2025-10-31 01:00:00+00:00,17420,2025-10-31 01:00:00+00:00,1,0,,,0,,,0,0,,,1,0,0,1,0,0,,,,,,0,,0,0,0,0,0,0,0
3238,8,17423,2025-10-31 13:00:00+00:00,17423,2025-10-31 13:00:00+00:00,1,0,,,0,,,0,0,,,1,0,0,1,0,0,,,,,,0,,0,0,0,0,0,0,0
3242,8,17433,2025-11-04 06:00:00+00:00,17434,2025-11-04 10:00:00+00:00,1,0,,,0,,,0,0,,,1,0,0,1,0,0,,,,,,0,,0,0,0,0,0,0,0
3246,8,17438,2025-11-05 02:00:00+00:00,17442,2025-11-05 18:00:00+00:00,1,0,,,0,,,0,0,,,0,0,0,1,0,0,,,,,,0,,0,0,0,0,0,0,0
3251,8,17446,2025-11-06 10:00:00+00:00,17450,2025-11-07 02:00:00+00:00,1,1,17450.0,2025-11-07 02:00:00+00:00,1,17450.0,2025-11-07 02:00:00+00:00,1,0,17450.0,2025-11-07 02:00:00+00:00,0,0,0,0,0,1,0.30566063170587865,0.9743543161655607,0.625,0.0,1.0,-1,0.753853436672807,0,0,0,0,0,0,0
3256,8,17465,2025-11-11 14:00:00+00:00,17465,2025-11-11 14:00:00+00:00,1,0,,,0,,,0,0,,,1,0,1,1,0,0,,,,,,0,,0,0,0,0,0,0,0
3257,8,17467,2025-11-11 22:00:00+00:00,17470,2025-11-12 10:00:00+00:00,1,1,17470.0,2025-11-12 10:00:00+00:00,0,,,0,0,,,0,0,0,0,0,0,0.3302473432307947,0.8728017183514597,0.625,0.0,1.0,-1,0.49577859671298585,0,0,0,1,0,0,1
3262,8,17493,2025-11-18 06:00:00+00:00,17497,2025-11-18 22:00:00+00:00,1,0,,,0,,,0,0,,,0,0,0,1,0,0,,,,,,0,,0,0,0,0,0,0,0
3267,8,17509,2025-11-20 22:00:00+00:00,17510,2025-11-21 02:00:00+00:00,1,0,,,0,,,0,0,,,1,0,0,1,0,0,,,,,,0,,0,0,0,0,0,0,0
3269,8,17521,2025-11-24 22:00:00+00:00,17521,2025-11-24 22:00:00+00:00,1,0,,,0,,,0,0,,,1,0,0,1,0,0,,,,,,0,,0,0,0,0,0,0,0
3271,8,17529,2025-11-26 06:00:00+00:00,17531,2025-11-26 14:00:00+00:00,1,0,,,0,,,0,0,,,1,0,1,1,0,0,,,,,,0,,0,0,0,0,0,0,0
3274,8,17533,2025-11-26 22:00:00+00:00,17533,2025-11-26 22:00:00+00:00,1,0,,,0,,,0,0,,,1,0,0,1,0,0,,,,,,0,,0,0,0,0,0,0,0
3279,8,17565,2025-12-04 06:00:00+00:00,17567,2025-12-04 14:00:00+00:00,1,0,,,0,,,0,0,,,1,0,1,1,0,0,,,,,,0,,0,0,0,0,0,0,0
3282,8,17569,2025-12-04 22:00:00+00:00,17570,2025-12-05 02:00:00+00:00,1,0,,,0,,,0,0,,,1,0,0,1,0,0,,,,,,0,,0,0,0,0,0,0,0
3286,8,17582,2025-12-09 02:00:00+00:00,17582,2025-12-09 02:00:00+00:00,1,0,,,0,,,0,0,,,1,0,0,1,0,0,,,,,,0,,0,0,0,0,0,0,0
3288,8,17591,2025-12-10 14:00:00+00:00,17591,2025-12-10 14:00:00+00:00,1,0,,,0,,,0,0,,,1,0,0,1,0,0,,,,,,0,,0,0,0,0,0,0,0
3289,8,17611,2025-12-15 22:00:00+00:00,17611,2025-12-15 22:00:00+00:00,1,0,,,0,,,0,0,,,1,0,0,1,0,0,,,,,,0,,0,0,0,0,0,0,0
3291,8,17614,2025-12-16 10:00:00+00:00,17614,2025-12-16 10:00:00+00:00,1,0,,,0,,,0,0,,,1,0,1,1,0,0,,,,,,0,,0,0,0,0,0,0,0
3293,8,17616,2025-12-16 18:00:00+00:00,17616,2025-12-16 18:00:00+00:00,1,0,,,0,,,0,0,,,1,0,0,1,0,0,,,,,,0,,0,0,0,0,0,0,0
3295,8,17619,2025-12-17 06:00:00+00:00,17619,2025-12-17 06:00:00+00:00,1,0,,,0,,,0,0,,,1,0,0,1,0,0,,,,,,0,,0,0,0,0,0,0,0
3298,8,17622,2025-12-17 18:00:00+00:00,17626,2025-12-18 10:00:00+00:00,1,1,17626.0,2025-12-18 10:00:00+00:00,0,,,0,0,,,0,1,0,0,0,0,0.4899191012431893,0.838542280929347,0.25,0.0,0.0,0,0.47856939439022395,0,0,0,1,0,0,1
3301,8,17681,2026-01-02 14:00:00+00:00,17684,2026-01-05 02:00:00+00:00,1,0,,,0,,,0,0,,,0,0,0,1,0,0,,,,,,0,,0,0,0,0,0,0,0
3307,8,17695,2026-01-06 22:00:00+00:00,17695,2026-01-06 22:00:00+00:00,1,0,,,0,,,0,0,,,1,0,1,1,0,0,,,,,,0,,0,0,0,0,0,0,0
3308,8,17697,2026-01-07 06:00:00+00:00,17697,2026-01-07 06:00:00+00:00,1,0,,,0,,,0,0,,,1,0,1,1,0,0,,,,,,0,,0,0,0,0,0,0,0
3309,8,17699,2026-01-07 14:00:00+00:00,17701,2026-01-07 22:00:00+00:00,1,0,,,0,,,0,0,,,1,0,1,1,0,0,,,,,,0,,0,0,0,0,0,0,0
3313,8,17703,2026-01-08 06:00:00+00:00,17703,2026-01-08 06:00:00+00:00,1,0,,,0,,,0,0,,,1,0,0,1,0,0,,,,,,0,,0,0,0,0,0,0,0
3315,8,17723,2026-01-13 14:00:00+00:00,17728,2026-01-14 10:00:00+00:00,1,1,17728.0,2026-01-14 10:00:00+00:00,0,,,0,0,,,0,0,0,0,0,0,0.7133492833319177,0.3672632621564915,0.5,3.0,0.0,1,0.5742292487581798,1,1,0,1,1,0,1
3319,8,17732,2026-01-15 02:00:00+00:00,17736,2026-01-15 18:00:00+00:00,1,1,17736.0,2026-01-15 18:00:00+00:00,0,,,0,0,,,0,0,1,0,0,0,0.31514604396083107,0.8319617018987749,0.25,0.0,2.0,-1,0.5552165217914216,0,0,0,1,0,0,1
3322,8,17738,2026-01-16 02:00:00+00:00,17740,2026-01-16 10:00:00+00:00,1,0,,,0,,,0,0,,,1,0,0,1,0,0,,,,,,0,,0,0,0,0,0,0,0
3325,8,17762,2026-01-22 02:00:00+00:00,17762,2026-01-22 02:00:00+00:00,1,0,,,0,,,0,0,,,1,0,0,1,0,0,,,,,,0,,0,0,0,0,0,0,0
3328,8,17814,2026-02-03 18:00:00+00:00,17814,2026-02-03 18:00:00+00:00,1,0,,,0,,,0,0,,,1,0,0,1,0,0,,,,,,0,,0,0,0,0,0,0,0
3331,8,17820,2026-02-04 18:00:00+00:00,17821,2026-02-04 22:00:00+00:00,1,0,,,0,,,0,0,,,1,0,0,1,0,0,,,,,,0,,0,0,0,0,0,0,0
3333,8,17825,2026-02-05 14:00:00+00:00,17825,2026-02-05 14:00:00+00:00,1,0,,,0,,,0,0,,,1,0,0,1,0,0,,,,,,0,,0,0,0,0,0,0,0
3335,8,17840,2026-02-10 02:00:00+00:00,17847,2026-02-11 06:00:00+00:00,1,1,17845.0,2026-02-10 22:00:00+00:00,0,,,0,0,,,0,0,0,0,0,0,0.47631019889235904,0.9539352904518973,0.75,1.0,1.0,0,0.43442195131943684,0,0,0,1,0,0,1
3341,8,17875,2026-02-17 22:00:00+00:00,17875,2026-02-17 22:00:00+00:00,1,0,,,0,,,0,0,,,1,0,0,1,0,0,,,,,,0,,0,0,0,0,0,0,0
3343,8,17881,2026-02-18 22:00:00+00:00,17881,2026-02-18 22:00:00+00:00,1,0,,,0,,,0,0,,,1,0,0,1,0,0,,,,,,0,,0,0,0,0,0,0,0
3345,8,17886,2026-02-19 18:00:00+00:00,17888,2026-02-20 02:00:00+00:00,1,0,,,0,,,0,0,,,1,0,1,1,0,0,,,,,,0,,0,0,0,0,0,0,0
3346,8,17890,2026-02-20 10:00:00+00:00,17890,2026-02-20 10:00:00+00:00,1,0,,,0,,,0,0,,,1,0,0,1,0,0,,,,,,0,,0,0,0,0,0,0,0
3352,8,17942,2026-03-05 02:00:00+00:00,17943,2026-03-05 06:00:00+00:00,1,0,,,0,,,0,0,,,1,0,0,1,0,0,,,,,,0,,0,0,0,0,0,0,0
3353,8,17946,2026-03-05 18:00:00+00:00,17951,2026-03-06 14:00:00+00:00,1,0,,,0,,,0,0,,,0,0,0,1,0,0,,,,,,0,,0,0,0,0,0,0,0
3359,8,17954,2026-03-09 01:00:00+00:00,17957,2026-03-09 13:00:00+00:00,1,1,17957.0,2026-03-09 13:00:00+00:00,1,17957.0,2026-03-09 13:00:00+00:00,1,0,17957.0,2026-03-09 13:00:00+00:00,0,0,0,0,0,1,0.5217356272793718,0.9630730182313461,0.5,0.0,0.0,0,0.7212468064996412,0,0,0,0,0,0,0
3363,8,17966,2026-03-11 01:00:00+00:00,17966,2026-03-11 01:00:00+00:00,1,0,,,0,,,0,0,,,1,0,1,1,0,0,,,,,,0,,0,0,0,0,0,0,0
3364,8,17968,2026-03-11 09:00:00+00:00,17970,2026-03-11 17:00:00+00:00,1,0,,,0,,,0,0,,,1,0,0,1,0,0,,,,,,0,,0,0,0,0,0,0,0
3367,8,17979,2026-03-13 05:00:00+00:00,17980,2026-03-13 09:00:00+00:00,1,0,,,0,,,0,0,,,1,0,0,1,0,0,,,,,,0,,0,0,0,0,0,0,0
4,12,18,2014-06-27 13:00:00+00:00,21,2014-06-30 01:00:00+00:00,1,1,21.0,2014-06-30 01:00:00+00:00,1,21.0,2014-06-30 01:00:00+00:00,1,0,21.0,2014-06-30 01:00:00+00:00,0,0,0,0,0,1,0.5514273403631009,0.8680108857001485,0.16666666666666663,0.0,0.0,0,0.7350160539104422,1,0,1,0,1,0,0
7,12,23,2014-06-30 09:00:00+00:00,23,2014-06-30 09:00:00+00:00,1,0,,,0,,,0,0,,,1,0,0,1,0,0,,,,,,0,,0,0,0,0,0,0,0
10,12,59,2014-07-08 13:00:00+00:00,60,2014-07-08 17:00:00+00:00,1,0,,,0,,,0,0,,,1,0,0,1,0,0,,,,,,0,,0,0,0,0,0,0,0
37,12,240,2014-08-19 17:00:00+00:00,241,2014-08-19 21:00:00+00:00,1,0,,,0,,,0,0,,,1,0,0,1,0,0,,,,,,0,,0,0,0,0,0,0,0
44,12,278,2014-08-28 01:00:00+00:00,278,2014-08-28 01:00:00+00:00,1,0,,,0,,,0,0,,,1,0,0,1,0,0,,,,,,0,,0,0,0,0,0,0,0
45,12,294,2014-09-01 21:00:00+00:00,294,2014-09-01 21:00:00+00:00,1,0,,,0,,,0,0,,,1,0,0,1,0,0,,,,,,0,,0,0,0,0,0,0,0
51,12,360,2014-09-16 21:00:00+00:00,364,2014-09-17 13:00:00+00:00,1,1,363.0,2014-09-17 09:00:00+00:00,1,363.0,2014-09-17 09:00:00+00:00,1,0,363.0,2014-09-17 09:00:00+00:00,0,0,0,0,0,1,0.4626161946913152,0.899887447426083,0.5833333333333333,0.0,0.0,0,0.7206256695287366,0,0,0,0,0,0,0
55,12,377,2014-09-19 17:00:00+00:00,377,2014-09-19 17:00:00+00:00,1,0,,,0,,,0,0,,,1,0,0,1,0,0,,,,,,0,,0,0,0,0,0,0,0
61,12,423,2014-10-01 09:00:00+00:00,426,2014-10-01 21:00:00+00:00,1,1,426.0,2014-10-01 21:00:00+00:00,1,426.0,2014-10-01 21:00:00+00:00,0,1,,,0,0,0,0,0,1,0.5577111894067707,0.7378983906595036,0.5833333333333333,2.0,0.0,1,0.6500680218123718,1,0,0,0,0,0,0
64,12,428,2014-10-02 05:00:00+00:00,432,2014-10-02 21:00:00+00:00,1,1,431.0,2014-10-02 17:00:00+00:00,1,431.0,2014-10-02 17:00:00+00:00,1,0,431.0,2014-10-02 17:00:00+00:00,0,0,0,0,0,1,0.44395270563801853,0.9764594029283208,0.25,0.0,0.0,0,0.629676771789482,0,0,0,0,0,0,0
70,12,454,2014-10-08 13:00:00+00:00,454,2014-10-08 13:00:00+00:00,1,0,,,0,,,0,0,,,1,0,0,1,0,0,,,,,,0,,0,0,0,0,0,0,0
73,12,478,2014-10-14 13:00:00+00:00,478,2014-10-14 13:00:00+00:00,1,0,,,0,,,0,0,,,1,0,0,1,0,0,,,,,,0,,0,0,0,0,0,0,0
80,12,532,2014-10-27 13:00:00+00:00,532,2014-10-27 13:00:00+00:00,1,0,,,0,,,0,0,,,1,0,0,1,0,0,,,,,,0,,0,0,0,0,0,0,0
86,12,567,2014-11-04 10:00:00+00:00,567,2014-11-04 10:00:00+00:00,1,0,,,0,,,0,0,,,1,0,0,1,0,0,,,,,,0,,0,0,0,0,0,0,0
87,12,570,2014-11-04 22:00:00+00:00,570,2014-11-04 22:00:00+00:00,1,0,,,0,,,0,0,,,1,0,0,1,0,0,,,,,,0,,0,0,0,0,0,0,0
94,12,613,2014-11-14 02:00:00+00:00,613,2014-11-14 02:00:00+00:00,1,0,,,0,,,0,0,,,1,0,0,1,0,0,,,,,,0,,0,0,0,0,0,0,0
100,12,639,2014-11-20 10:00:00+00:00,641,2014-11-20 18:00:00+00:00,1,0,,,0,,,0,0,,,1,0,0,1,0,0,,,,,,0,,0,0,0,0,0,0,0
106,12,650,2014-11-24 06:00:00+00:00,651,2014-11-24 10:00:00+00:00,1,0,,,0,,,0,0,,,1,0,0,1,0,0,,,,,,0,,0,0,0,0,0,0,0
111,12,658,2014-11-25 14:00:00+00:00,666,2014-11-26 22:00:00+00:00,1,1,662.0,2014-11-26 06:00:00+00:00,1,662.0,2014-11-26 06:00:00+00:00,0,1,,,0,0,0,0,0,1,0.46754255243927284,0.7026701255142482,0.6666666666666667,2.0,0.0,1,0.6563449650166261,0,0,0,0,0,0,1
116,12,673,2014-11-28 06:00:00+00:00,673,2014-11-28 06:00:00+00:00,1,0,,,0,,,0,0,,,1,0,0,1,0,0,,,,,,0,,0,0,0,0,0,0,0
120,12,698,2014-12-04 10:00:00+00:00,698,2014-12-04 10:00:00+00:00,1,0,,,0,,,0,0,,,1,0,0,1,0,0,,,,,,0,,0,0,0,0,0,0,0
125,12,728,2014-12-11 10:00:00+00:00,728,2014-12-11 10:00:00+00:00,1,0,,,0,,,0,0,,,1,0,0,1,0,0,,,,,,0,,0,0,0,0,0,0,0
128,12,734,2014-12-12 10:00:00+00:00,734,2014-12-12 10:00:00+00:00,1,0,,,0,,,0,0,,,1,0,0,1,0,0,,,,,,0,,0,0,0,0,0,0,0
138,12,785,2014-12-25 22:00:00+00:00,786,2014-12-26 02:00:00+00:00,1,0,,,0,,,0,0,,,1,0,0,1,0,0,,,,,,0,,0,0,0,0,0,0,0
145,12,838,2015-01-08 18:00:00+00:00,842,2015-01-09 10:00:00+00:00,1,0,,,0,,,0,0,,,0,0,0,1,0,0,,,,,,0,,0,0,0,0,0,0,0
151,12,861,2015-01-14 14:00:00+00:00,865,2015-01-15 06:00:00+00:00,1,1,865.0,2015-01-15 06:00:00+00:00,0,,,0,0,,,0,0,0,0,0,0,0.3578300834921444,0.7198949755340701,0.6666666666666667,0.0,3.0,-1,0.49989191835767766,0,0,0,1,0,0,1
160,12,922,2015-01-28 22:00:00+00:00,923,2015-01-29 02:00:00+00:00,1,0,,,0,,,0,0,,,1,0,0,1,0,0,,,,,,0,,0,0,0,0,0,0,0
166,12,955,2015-02-05 10:00:00+00:00,957,2015-02-05 18:00:00+00:00,1,0,,,0,,,0,0,,,1,0,0,1,0,0,,,,,,0,,0,0,0,0,0,0,0
172,12,974,2015-02-10 14:00:00+00:00,974,2015-02-10 14:00:00+00:00,1,0,,,0,,,0,0,,,1,0,0,1,0,0,,,,,,0,,0,0,0,0,0,0,0
175,12,979,2015-02-11 10:00:00+00:00,979,2015-02-11 10:00:00+00:00,1,0,,,0,,,0,0,,,1,0,0,1,0,0,,,,,,0,,0,0,0,0,0,0,0
177,12,995,2015-02-16 02:00:00+00:00,995,2015-02-16 02:00:00+00:00,1,0,,,0,,,0,0,,,1,0,0,1,0,0,,,,,,0,,0,0,0,0,0,0,0
179,12,1035,2015-02-24 22:00:00+00:00,1035,2015-02-24 22:00:00+00:00,1,0,,,0,,,0,0,,,1,0,0,1,0,0,,,,,,0,,0,0,0,0,0,0,0
183,12,1053,2015-03-01 22:00:00+00:00,1053,2015-03-01 22:00:00+00:00,1,0,,,0,,,0,0,,,1,0,1,1,0,0,,,,,,0,,0,0,0,0,0,0,0
185,12,1055,2015-03-02 06:00:00+00:00,1058,2015-03-02 18:00:00+00:00,1,1,1058.0,2015-03-02 18:00:00+00:00,1,1058.0,2015-03-02 18:00:00+00:00,1,0,1058.0,2015-03-02 18:00:00+00:00,0,0,0,0,0,1,0.48639108248101814,0.5900167859351579,0.75,0.0,2.0,-1,0.5909492465506591,0,0,0,0,0,0,0
190,12,1075,2015-03-05 14:00:00+00:00,1075,2015-03-05 14:00:00+00:00,1,0,,,0,,,0,0,,,1,0,0,1,0,0,,,,,,0,,0,0,0,0,0,0,0
191,12,1078,2015-03-06 02:00:00+00:00,1078,2015-03-06 02:00:00+00:00,1,0,,,0,,,0,0,,,1,0,0,1,0,0,,,,,,0,,0,0,0,0,0,0,0
197,12,1117,2015-03-16 13:00:00+00:00,1119,2015-03-16 21:00:00+00:00,1,0,,,0,,,0,0,,,1,0,0,1,0,0,,,,,,0,,0,0,0,0,0,0,0
203,12,1185,2015-03-31 21:00:00+00:00,1185,2015-03-31 21:00:00+00:00,1,0,,,0,,,0,0,,,1,0,0,1,0,0,,,,,,0,,0,0,0,0,0,0,0
207,12,1208,2015-04-07 17:00:00+00:00,1208,2015-04-07 17:00:00+00:00,1,0,,,0,,,0,0,,,1,0,0,1,0,0,,,,,,0,,0,0,0,0,0,0,0
223,12,1303,2015-04-29 13:00:00+00:00,1307,2015-04-30 05:00:00+00:00,1,1,1307.0,2015-04-30 05:00:00+00:00,0,,,0,0,,,0,0,0,0,0,0,0.6709652059338753,0.5904712087528962,0.25,0.0,2.0,-1,0.5181004589373596,1,0,0,1,0,0,1
228,12,1332,2015-05-06 09:00:00+00:00,1336,2015-05-07 01:00:00+00:00,1,1,1336.0,2015-05-07 01:00:00+00:00,0,,,0,0,,,0,0,0,0,0,0,0.6090379553390586,0.41658509650377784,0.25,0.0,2.0,-1,0.5422343275626565,1,1,0,1,1,0,1
234,12,1374,2015-05-15 09:00:00+00:00,1374,2015-05-15 09:00:00+00:00,1,0,,,0,,,0,0,,,1,0,0,1,0,0,,,,,,0,,0,0,0,0,0,0,0
237,12,1404,2015-05-22 09:00:00+00:00,1409,2015-05-25 05:00:00+00:00,1,1,1408.0,2015-05-25 01:00:00+00:00,1,1408.0,2015-05-25 01:00:00+00:00,1,0,1408.0,2015-05-25 01:00:00+00:00,0,0,0,0,0,1,0.681033706631724,0.5365556853582435,0.6666666666666667,0.0,2.0,-1,0.6583525254576651,1,0,0,0,0,0,1
249,12,1476,2015-06-09 13:00:00+00:00,1477,2015-06-09 17:00:00+00:00,1,0,,,0,,,0,0,,,1,0,0,1,0,0,,,,,,0,,0,0,0,0,0,0,0
253,12,1494,2015-06-12 13:00:00+00:00,1494,2015-06-12 13:00:00+00:00,1,0,,,0,,,0,0,,,1,0,0,1,0,0,,,,,,0,,0,0,0,0,0,0,0
259,12,1515,2015-06-18 01:00:00+00:00,1515,2015-06-18 01:00:00+00:00,1,0,,,0,,,0,0,,,1,0,0,1,0,0,,,,,,0,,0,0,0,0,0,0,0
270,12,1589,2015-07-06 13:00:00+00:00,1593,2015-07-07 05:00:00+00:00,1,1,1592.0,2015-07-07 01:00:00+00:00,1,1592.0,2015-07-07 01:00:00+00:00,1,0,1592.0,2015-07-07 01:00:00+00:00,0,0,0,0,0,1,0.49628351632194295,0.984535651592408,0.6666666666666667,0.0,0.0,0,0.6681236582446789,0,0,0,0,0,0,0
284,12,1661,2015-07-22 13:00:00+00:00,1662,2015-07-22 17:00:00+00:00,1,0,,,0,,,0,0,,,1,0,0,1,0,0,,,,,,0,,0,0,0,0,0,0,0
291,12,1691,2015-07-29 13:00:00+00:00,1691,2015-07-29 13:00:00+00:00,1,0,,,0,,,0,0,,,1,0,0,1,0,0,,,,,,0,,0,0,0,0,0,0,0
296,12,1723,2015-08-05 21:00:00+00:00,1724,2015-08-06 01:00:00+00:00,1,0,,,0,,,0,0,,,1,0,0,1,0,0,,,,,,0,,0,0,0,0,0,0,0
303,12,1765,2015-08-16 21:00:00+00:00,1765,2015-08-16 21:00:00+00:00,1,0,,,0,,,0,0,,,1,0,1,1,0,0,,,,,,0,,0,0,0,0,0,0,0
305,12,1767,2015-08-17 05:00:00+00:00,1767,2015-08-17 05:00:00+00:00,1,0,,,0,,,0,0,,,1,0,0,1,0,0,,,,,,0,,0,0,0,0,0,0,0
309,12,1799,2015-08-24 13:00:00+00:00,1799,2015-08-24 13:00:00+00:00,1,0,,,0,,,0,0,,,1,0,0,1,0,0,,,,,,0,,0,0,0,0,0,0,0
312,12,1819,2015-08-27 21:00:00+00:00,1819,2015-08-27 21:00:00+00:00,1,0,,,0,,,0,0,,,1,0,0,1,0,0,,,,,,0,,0,0,0,0,0,0,0
320,12,1892,2015-09-15 05:00:00+00:00,1892,2015-09-15 05:00:00+00:00,1,0,,,0,,,0,0,,,1,0,1,1,0,0,,,,,,0,,0,0,0,0,0,0,0
322,12,1894,2015-09-15 13:00:00+00:00,1895,2015-09-15 17:00:00+00:00,1,0,,,0,,,0,0,,,1,0,0,1,0,0,,,,,,0,,0,0,0,0,0,0,0
333,12,2015,2015-10-13 17:00:00+00:00,2015,2015-10-13 17:00:00+00:00,1,0,,,0,,,0,0,,,1,0,0,1,0,0,,,,,,0,,0,0,0,0,0,0,0
335,12,2033,2015-10-16 17:00:00+00:00,2033,2015-10-16 17:00:00+00:00,1,0,,,0,,,0,0,,,1,0,0,1,0,0,,,,,,0,,0,0,0,0,0,0,0
338,12,2039,2015-10-19 17:00:00+00:00,2043,2015-10-20 09:00:00+00:00,1,1,2042.0,2015-10-20 05:00:00+00:00,1,2042.0,2015-10-20 05:00:00+00:00,1,0,2042.0,2015-10-20 05:00:00+00:00,0,0,0,0,0,1,0.49148086318241563,0.4085515347651283,0.16666666666666663,0.0,2.0,-1,0.6808272284018901,0,1,1,0,1,0,0
343,12,2045,2015-10-20 17:00:00+00:00,2048,2015-10-21 05:00:00+00:00,1,1,2048.0,2015-10-21 05:00:00+00:00,1,2048.0,2015-10-21 05:00:00+00:00,0,1,,,0,0,0,0,0,1,0.542104820524622,0.6554825058565716,0.41666666666666663,1.0,0.0,1,0.6645278698858189,0,0,0,0,0,0,0
344,12,2073,2015-10-27 09:00:00+00:00,2073,2015-10-27 09:00:00+00:00,1,0,,,0,,,0,0,,,1,0,0,1,0,0,,,,,,0,,0,0,0,0,0,0,0
353,12,2141,2015-11-11 18:00:00+00:00,2143,2015-11-12 02:00:00+00:00,1,0,,,0,,,0,0,,,1,0,0,1,0,0,,,,,,0,,0,0,0,0,0,0,0
362,12,2199,2015-11-25 10:00:00+00:00,2201,2015-11-25 18:00:00+00:00,1,0,,,0,,,0,0,,,1,0,0,1,0,0,,,,,,0,,0,0,0,0,0,0,0
373,12,2260,2015-12-09 18:00:00+00:00,2261,2015-12-09 22:00:00+00:00,1,0,,,0,,,0,0,,,1,0,0,1,0,0,,,,,,0,,0,0,0,0,0,0,0
374,12,2264,2015-12-10 10:00:00+00:00,2266,2015-12-10 18:00:00+00:00,1,0,,,0,,,0,0,,,1,0,0,1,0,0,,,,,,0,,0,0,0,0,0,0,0
382,12,2286,2015-12-16 02:00:00+00:00,2286,2015-12-16 02:00:00+00:00,1,0,,,0,,,0,0,,,1,0,0,1,0,0,,,,,,0,,0,0,0,0,0,0,0
385,12,2290,2015-12-16 18:00:00+00:00,2290,2015-12-16 18:00:00+00:00,1,0,,,0,,,0,0,,,1,0,0,1,0,0,,,,,,0,,0,0,0,0,0,0,0
387,12,2293,2015-12-17 06:00:00+00:00,2293,2015-12-17 06:00:00+00:00,1,0,,,0,,,0,0,,,1,0,0,1,0,0,,,,,,0,,0,0,0,0,0,0,0
393,12,2315,2015-12-22 22:00:00+00:00,2315,2015-12-22 22:00:00+00:00,1,0,,,0,,,0,0,,,1,0,0,1,0,0,,,,,,0,,0,0,0,0,0,0,0
397,12,2320,2015-12-23 18:00:00+00:00,2322,2015-12-24 02:00:00+00:00,1,0,,,0,,,0,0,,,1,0,0,1,0,0,,,,,,0,,0,0,0,0,0,0,0
401,12,2326,2015-12-24 18:00:00+00:00,2331,2015-12-28 14:00:00+00:00,1,1,2330.0,2015-12-28 10:00:00+00:00,1,2330.0,2015-12-28 10:00:00+00:00,1,0,2330.0,2015-12-28 10:00:00+00:00,0,0,0,0,0,1,0.49987842186626535,0.9524562989752895,0.16666666666666663,0.0,0.0,0,0.7843458186932032,0,0,1,0,0,0,1
405,12,2337,2015-12-29 14:00:00+00:00,2337,2015-12-29 14:00:00+00:00,1,0,,,0,,,0,0,,,1,0,0,1,0,0,,,,,,0,,0,0,0,0,0,0,0
415,12,2404,2016-01-14 06:00:00+00:00,2405,2016-01-14 10:00:00+00:00,1,0,,,0,,,0,0,,,1,0,0,1,0,0,,,,,,0,,0,0,0,0,0,0,0
423,12,2443,2016-01-22 18:00:00+00:00,2444,2016-01-24 22:00:00+00:00,1,0,,,0,,,0,0,,,1,0,0,1,0,0,,,,,,0,,0,0,0,0,0,0,0
426,12,2449,2016-01-25 18:00:00+00:00,2449,2016-01-25 18:00:00+00:00,1,0,,,0,,,0,0,,,1,0,0,1,0,0,,,,,,0,,0,0,0,0,0,0,0
432,12,2486,2016-02-02 22:00:00+00:00,2486,2016-02-02 22:00:00+00:00,1,0,,,0,,,0,0,,,1,0,0,1,0,0,,,,,,0,,0,0,0,0,0,0,0
436,12,2521,2016-02-10 18:00:00+00:00,2521,2016-02-10 18:00:00+00:00,1,0,,,0,,,0,0,,,1,0,0,1,0,0,,,,,,0,,0,0,0,0,0,0,0
441,12,2552,2016-02-18 02:00:00+00:00,2552,2016-02-18 02:00:00+00:00,1,0,,,0,,,0,0,,,1,0,0,1,0,0,,,,,,0,,0,0,0,0,0,0,0
448,12,2606,2016-03-02 02:00:00+00:00,2611,2016-03-02 22:00:00+00:00,1,1,2609.0,2016-03-02 14:00:00+00:00,1,2609.0,2016-03-02 14:00:00+00:00,1,0,2609.0,2016-03-02 14:00:00+00:00,0,0,0,0,0,1,0.3993834525092652,0.8225635888016951,0.41666666666666663,0.0,1.0,-1,0.6853629739901927,0,0,0,0,0,0,0
452,12,2614,2016-03-03 10:00:00+00:00,2614,2016-03-03 10:00:00+00:00,1,0,,,0,,,0,0,,,1,0,0,1,0,0,,,,,,0,,0,0,0,0,0,0,0
455,12,2632,2016-03-08 10:00:00+00:00,2634,2016-03-08 18:00:00+00:00,1,0,,,0,,,0,0,,,1,0,1,1,0,0,,,,,,0,,0,0,0,0,0,0,0
458,12,2636,2016-03-09 02:00:00+00:00,2636,2016-03-09 02:00:00+00:00,1,0,,,0,,,0,0,,,1,0,0,1,0,0,,,,,,0,,0,0,0,0,0,0,0
463,12,2669,2016-03-16 13:00:00+00:00,2669,2016-03-16 13:00:00+00:00,1,0,,,0,,,0,0,,,1,0,0,1,0,0,,,,,,0,,0,0,0,0,0,0,0
467,12,2691,2016-03-22 05:00:00+00:00,2692,2016-03-22 09:00:00+00:00,1,0,,,0,,,0,0,,,1,0,0,1,0,0,,,,,,0,,0,0,0,0,0,0,0
472,12,2728,2016-03-31 09:00:00+00:00,2730,2016-03-31 17:00:00+00:00,1,0,,,0,,,0,0,,,1,0,0,1,0,0,,,,,,0,,0,0,0,0,0,0,0
480,12,2779,2016-04-12 21:00:00+00:00,2780,2016-04-13 01:00:00+00:00,1,0,,,0,,,0,0,,,1,0,0,1,0,0,,,,,,0,,0,0,0,0,0,0,0
485,12,2796,2016-04-15 17:00:00+00:00,2796,2016-04-15 17:00:00+00:00,1,0,,,0,,,0,0,,,1,0,0,1,0,0,,,,,,0,,0,0,0,0,0,0,0
492,12,2836,2016-04-26 09:00:00+00:00,2836,2016-04-26 09:00:00+00:00,1,0,,,0,,,0,0,,,1,0,1,1,0,0,,,,,,0,,0,0,0,0,0,0,0
495,12,2838,2016-04-26 17:00:00+00:00,2838,2016-04-26 17:00:00+00:00,1,0,,,0,,,0,0,,,1,0,0,1,0,0,,,,,,0,,0,0,0,0,0,0,0
498,12,2841,2016-04-27 05:00:00+00:00,2841,2016-04-27 05:00:00+00:00,1,0,,,0,,,0,0,,,1,0,0,1,0,0,,,,,,0,,0,0,0,0,0,0,0
505,12,2909,2016-05-12 13:00:00+00:00,2909,2016-05-12 13:00:00+00:00,1,0,,,0,,,0,0,,,1,0,0,1,0,0,,,,,,0,,0,0,0,0,0,0,0
522,12,3088,2016-06-23 13:00:00+00:00,3088,2016-06-23 13:00:00+00:00,1,0,,,0,,,0,0,,,1,0,0,1,0,0,,,,,,0,,0,0,0,0,0,0,0
525,12,3103,2016-06-28 01:00:00+00:00,3104,2016-06-28 05:00:00+00:00,1,0,,,0,,,0,0,,,1,0,0,1,0,0,,,,,,0,,0,0,0,0,0,0,0
530,12,3117,2016-06-30 09:00:00+00:00,3118,2016-06-30 13:00:00+00:00,1,0,,,0,,,0,0,,,1,0,0,1,0,0,,,,,,0,,0,0,0,0,0,0,0
538,12,3196,2016-07-19 17:00:00+00:00,3196,2016-07-19 17:00:00+00:00,1,0,,,0,,,0,0,,,1,0,0,1,0,0,,,,,,0,,0,0,0,0,0,0,0
539,12,3199,2016-07-20 05:00:00+00:00,3199,2016-07-20 05:00:00+00:00,1,0,,,0,,,0,0,,,1,0,0,1,0,0,,,,,,0,,0,0,0,0,0,0,0
540,12,3215,2016-07-24 21:00:00+00:00,3215,2016-07-24 21:00:00+00:00,1,0,,,0,,,0,0,,,1,0,0,1,0,0,,,,,,0,,0,0,0,0,0,0,0
552,12,3266,2016-08-04 09:00:00+00:00,3268,2016-08-04 17:00:00+00:00,1,0,,,0,,,0,0,,,1,0,0,1,0,0,,,,,,0,,0,0,0,0,0,0,0
557,12,3284,2016-08-09 09:00:00+00:00,3286,2016-08-09 17:00:00+00:00,1,0,,,0,,,0,0,,,1,0,0,1,0,0,,,,,,0,,0,0,0,0,0,0,0
565,12,3345,2016-08-23 13:00:00+00:00,3345,2016-08-23 13:00:00+00:00,1,0,,,0,,,0,0,,,1,0,0,1,0,0,,,,,,0,,0,0,0,0,0,0,0
582,12,3458,2016-09-19 13:00:00+00:00,3459,2016-09-19 17:00:00+00:00,1,0,,,0,,,0,0,,,1,0,0,1,0,0,,,,,,0,,0,0,0,0,0,0,0
585,12,3462,2016-09-20 05:00:00+00:00,3463,2016-09-20 09:00:00+00:00,1,0,,,0,,,0,0,,,1,0,0,1,0,0,,,,,,0,,0,0,0,0,0,0,0
592,12,3513,2016-09-30 17:00:00+00:00,3516,2016-10-03 05:00:00+00:00,1,1,3516.0,2016-10-03 05:00:00+00:00,1,3516.0,2016-10-03 05:00:00+00:00,1,0,3516.0,2016-10-03 05:00:00+00:00,0,0,0,0,0,1,0.5453546667846859,0.5179659498207992,0.5833333333333333,0.0,1.0,-1,0.6773542657568754,0,0,0,0,0,0,0
597,12,3555,2016-10-11 17:00:00+00:00,3556,2016-10-11 21:00:00+00:00,1,0,,,0,,,0,0,,,1,0,1,1,0,0,,,,,,0,,0,0,0,0,0,0,0
598,12,3558,2016-10-12 05:00:00+00:00,3558,2016-10-12 05:00:00+00:00,1,0,,,0,,,0,0,,,1,0,0,1,0,0,,,,,,0,,0,0,0,0,0,0,0
602,12,3563,2016-10-13 01:00:00+00:00,3570,2016-10-14 05:00:00+00:00,1,1,3569.0,2016-10-14 01:00:00+00:00,1,3569.0,2016-10-14 01:00:00+00:00,1,0,3569.0,2016-10-14 01:00:00+00:00,0,0,0,0,0,1,0.49552059330659076,0.82129217059199,0.33333333333333337,0.0,0.0,0,0.7704364112822707,0,0,0,0,0,0,1
608,12,3583,2016-10-18 09:00:00+00:00,3583,2016-10-18 09:00:00+00:00,1,0,,,0,,,0,0,,,1,0,0,1,0,0,,,,,,0,,0,0,0,0,0,0,0
614,12,3596,2016-10-20 13:00:00+00:00,3601,2016-10-21 09:00:00+00:00,1,1,3599.0,2016-10-21 01:00:00+00:00,1,3599.0,2016-10-21 01:00:00+00:00,1,0,3599.0,2016-10-21 01:00:00+00:00,0,0,0,0,0,1,0.6708987899745186,0.5789366365907118,0.6666666666666667,0.0,2.0,-1,0.6676949046015875,1,0,0,0,0,0,0
618,12,3607,2016-10-24 09:00:00+00:00,3607,2016-10-24 09:00:00+00:00,1,0,,,0,,,0,0,,,1,0,0,1,0,0,,,,,,0,,0,0,0,0,0,0,0
623,12,3623,2016-10-27 01:00:00+00:00,3628,2016-10-27 21:00:00+00:00,1,1,3628.0,2016-10-27 21:00:00+00:00,1,3628.0,2016-10-27 21:00:00+00:00,1,0,3628.0,2016-10-27 21:00:00+00:00,0,0,0,0,0,1,0.4850843390460772,0.7709623942064594,0.16666666666666663,0.0,1.0,-1,0.7199396495839033,0,0,1,0,0,0,1
634,12,3704,2016-11-15 14:00:00+00:00,3706,2016-11-15 22:00:00+00:00,1,0,,,0,,,0,0,,,1,0,0,1,0,0,,,,,,0,,0,0,0,0,0,0,0
637,12,3711,2016-11-16 18:00:00+00:00,3714,2016-11-17 06:00:00+00:00,1,1,3714.0,2016-11-17 06:00:00+00:00,1,3714.0,2016-11-17 06:00:00+00:00,1,0,3714.0,2016-11-17 06:00:00+00:00,0,0,0,0,0,1,0.5591736185058654,0.7895094251258559,0.16666666666666663,0.0,0.0,0,0.7116479583448424,1,0,1,0,1,0,0
644,12,3732,2016-11-22 06:00:00+00:00,3735,2016-11-22 18:00:00+00:00,1,1,3735.0,2016-11-22 18:00:00+00:00,0,,,0,0,,,0,0,0,0,0,0,0.49563054192624006,0.9434728159951553,0.6666666666666667,0.0,1.0,-1,0.5305837149483001,0,0,0,1,0,0,1
649,12,3760,2016-11-29 02:00:00+00:00,3760,2016-11-29 02:00:00+00:00,1,0,,,0,,,0,0,,,1,0,0,1,0,0,,,,,,0,,0,0,0,0,0,0,0
652,12,3763,2016-11-29 14:00:00+00:00,3767,2016-11-30 06:00:00+00:00,1,0,,,0,,,0,0,,,0,0,0,1,0,0,,,,,,0,,0,0,0,0,0,0,0
658,12,3781,2016-12-02 14:00:00+00:00,3782,2016-12-02 18:00:00+00:00,1,0,,,0,,,0,0,,,1,0,0,1,0,0,,,,,,0,,0,0,0,0,0,0,0
665,12,3828,2016-12-14 10:00:00+00:00,3829,2016-12-14 14:00:00+00:00,1,0,,,0,,,0,0,,,1,0,0,1,0,0,,,,,,0,,0,0,0,0,0,0,0
668,12,3848,2016-12-19 18:00:00+00:00,3848,2016-12-19 18:00:00+00:00,1,0,,,0,,,0,0,,,1,0,0,1,0,0,,,,,,0,,0,0,0,0,0,0,0
671,12,3852,2016-12-20 10:00:00+00:00,3852,2016-12-20 10:00:00+00:00,1,0,,,0,,,0,0,,,1,0,0,1,0,0,,,,,,0,,0,0,0,0,0,0,0
674,12,3865,2016-12-22 14:00:00+00:00,3869,2016-12-23 06:00:00+00:00,1,1,3868.0,2016-12-23 02:00:00+00:00,1,3868.0,2016-12-23 02:00:00+00:00,1,0,3868.0,2016-12-23 02:00:00+00:00,0,0,0,0,0,1,0.4696828089978813,0.5940934975499931,0.25,0.0,2.0,-1,0.754024439926889,0,0,0,0,0,0,0
683,12,3902,2017-01-03 18:00:00+00:00,3904,2017-01-04 02:00:00+00:00,1,0,,,0,,,0,0,,,1,0,0,1,0,0,,,,,,0,,0,0,0,0,0,0,0
691,12,3928,2017-01-10 02:00:00+00:00,3930,2017-01-10 10:00:00+00:00,1,0,,,0,,,0,0,,,1,0,0,1,0,0,,,,,,0,,0,0,0,0,0,0,0
699,12,3967,2017-01-18 18:00:00+00:00,3967,2017-01-18 18:00:00+00:00,1,0,,,0,,,0,0,,,1,0,0,1,0,0,,,,,,0,,0,0,0,0,0,0,0
703,12,3992,2017-01-24 22:00:00+00:00,3992,2017-01-24 22:00:00+00:00,1,0,,,0,,,0,0,,,1,0,0,1,0,0,,,,,,0,,0,0,0,0,0,0,0
708,12,4012,2017-01-30 06:00:00+00:00,4013,2017-01-30 10:00:00+00:00,1,0,,,0,,,0,0,,,1,0,0,1,0,0,,,,,,0,,0,0,0,0,0,0,0
715,12,4053,2017-02-08 02:00:00+00:00,4053,2017-02-08 02:00:00+00:00,1,0,,,0,,,0,0,,,1,0,0,1,0,0,,,,,,0,,0,0,0,0,0,0,0
719,12,4099,2017-02-17 18:00:00+00:00,4101,2017-02-20 02:00:00+00:00,1,0,,,0,,,0,0,,,1,0,0,1,0,0,,,,,,0,,0,0,0,0,0,0,0
730,12,4166,2017-03-07 02:00:00+00:00,4167,2017-03-07 06:00:00+00:00,1,0,,,0,,,0,0,,,1,0,0,1,0,0,,,,,,0,,0,0,0,0,0,0,0
736,12,4204,2017-03-15 09:00:00+00:00,4205,2017-03-15 13:00:00+00:00,1,0,,,0,,,0,0,,,1,0,0,1,0,0,,,,,,0,,0,0,0,0,0,0,0
738,12,4219,2017-03-19 21:00:00+00:00,4219,2017-03-19 21:00:00+00:00,1,0,,,0,,,0,0,,,1,0,0,1,0,0,,,,,,0,,0,0,0,0,0,0,0
743,12,4225,2017-03-20 21:00:00+00:00,4227,2017-03-21 05:00:00+00:00,1,0,,,0,,,0,0,,,1,0,0,1,0,0,,,,,,0,,0,0,0,0,0,0,0
751,12,4264,2017-03-29 09:00:00+00:00,4269,2017-03-30 05:00:00+00:00,1,1,4267.0,2017-03-29 21:00:00+00:00,1,4267.0,2017-03-29 21:00:00+00:00,0,1,,,0,0,0,0,0,1,0.526588410739929,0.8796536796536808,0.33333333333333337,0.0,0.0,0,0.7008713807001649,0,0,0,0,0,0,0
754,12,4271,2017-03-30 13:00:00+00:00,4271,2017-03-30 13:00:00+00:00,1,0,,,0,,,0,0,,,1,0,0,1,0,0,,,,,,0,,0,0,0,0,0,0,0
758,12,4279,2017-04-02 21:00:00+00:00,4282,2017-04-03 09:00:00+00:00,1,0,,,0,,,0,0,,,0,0,0,1,0,0,,,,,,0,,0,0,0,0,0,0,0
770,12,4345,2017-04-18 21:00:00+00:00,4347,2017-04-19 05:00:00+00:00,1,0,,,0,,,0,0,,,1,0,0,1,0,0,,,,,,0,,0,0,0,0,0,0,0
784,12,4439,2017-05-10 13:00:00+00:00,4441,2017-05-10 21:00:00+00:00,1,0,,,0,,,0,0,,,1,0,1,1,0,0,,,,,,0,,0,0,0,0,0,0,0
787,12,4443,2017-05-11 05:00:00+00:00,4444,2017-05-11 09:00:00+00:00,1,0,,,0,,,0,0,,,1,0,0,1,0,0,,,,,,0,,0,0,0,0,0,0,0
788,12,4448,2017-05-12 01:00:00+00:00,4448,2017-05-12 01:00:00+00:00,1,0,,,0,,,0,0,,,1,0,0,1,0,0,,,,,,0,,0,0,0,0,0,0,0
796,12,4493,2017-05-23 13:00:00+00:00,4493,2017-05-23 13:00:00+00:00,1,0,,,0,,,0,0,,,1,0,0,1,0,0,,,,,,0,,0,0,0,0,0,0,0
801,12,4505,2017-05-25 13:00:00+00:00,4507,2017-05-25 21:00:00+00:00,1,0,,,0,,,0,0,,,1,0,0,1,0,0,,,,,,0,,0,0,0,0,0,0,0
819,12,4647,2017-06-28 09:00:00+00:00,4648,2017-06-28 13:00:00+00:00,1,0,,,0,,,0,0,,,1,0,0,1,0,0,,,,,,0,,0,0,0,0,0,0,0
820,12,4651,2017-06-29 01:00:00+00:00,4651,2017-06-29 01:00:00+00:00,1,0,,,0,,,0,0,,,1,0,0,1,0,0,,,,,,0,,0,0,0,0,0,0,0
848,12,4883,2017-08-22 21:00:00+00:00,4887,2017-08-23 13:00:00+00:00,1,1,4886.0,2017-08-23 09:00:00+00:00,1,4886.0,2017-08-23 09:00:00+00:00,1,0,4886.0,2017-08-23 09:00:00+00:00,0,0,0,0,0,1,0.4954391544183817,0.827914119488501,0.25,0.0,0.0,0,0.6588598273158003,0,0,0,0,0,0,0
852,12,4889,2017-08-23 21:00:00+00:00,4897,2017-08-25 05:00:00+00:00,1,1,4897.0,2017-08-25 05:00:00+00:00,1,4897.0,2017-08-25 05:00:00+00:00,1,0,4897.0,2017-08-25 05:00:00+00:00,0,0,0,0,0,1,0.4521554787141362,0.7473787222144566,0.33333333333333337,0.0,1.0,-1,0.7226181156882802,0,0,0,0,0,0,1
865,12,4975,2017-09-13 09:00:00+00:00,4975,2017-09-13 09:00:00+00:00,1,0,,,0,,,0,0,,,1,0,0,1,0,0,,,,,,0,,0,0,0,0,0,0,0
867,12,5004,2017-09-20 05:00:00+00:00,5006,2017-09-20 13:00:00+00:00,1,0,,,0,,,0,0,,,1,0,0,1,0,0,,,,,,0,,0,0,0,0,0,0,0
872,12,5021,2017-09-25 01:00:00+00:00,5022,2017-09-25 05:00:00+00:00,1,0,,,0,,,0,0,,,1,0,0,1,0,0,,,,,,0,,0,0,0,0,0,0,0
877,12,5047,2017-09-29 09:00:00+00:00,5048,2017-09-29 13:00:00+00:00,1,0,,,0,,,0,0,,,1,0,1,1,0,0,,,,,,0,,0,0,0,0,0,0,0
880,12,5050,2017-10-01 21:00:00+00:00,5051,2017-10-02 01:00:00+00:00,1,0,,,0,,,0,0,,,1,0,0,1,0,0,,,,,,0,,0,0,0,0,0,0,0
889,12,5098,2017-10-11 21:00:00+00:00,5098,2017-10-11 21:00:00+00:00,1,0,,,0,,,0,0,,,1,0,0,1,0,0,,,,,,0,,0,0,0,0,0,0,0
891,12,5131,2017-10-19 09:00:00+00:00,5132,2017-10-19 13:00:00+00:00,1,0,,,0,,,0,0,,,1,0,0,1,0,0,,,,,,0,,0,0,0,0,0,0,0
898,12,5146,2017-10-23 21:00:00+00:00,5151,2017-10-24 17:00:00+00:00,1,1,5149.0,2017-10-24 09:00:00+00:00,1,5149.0,2017-10-24 09:00:00+00:00,1,0,5149.0,2017-10-24 09:00:00+00:00,0,0,0,0,0,1,0.39568773047112055,0.8756046993780453,0.5833333333333333,1.0,0.0,1,0.7311020999885759,0,0,0,0,0,0,0
900,12,5154,2017-10-25 05:00:00+00:00,5159,2017-10-26 01:00:00+00:00,1,1,5157.0,2017-10-25 17:00:00+00:00,0,,,0,0,,,0,0,0,0,0,0,0.4962158113474248,0.898564150069482,0.16666666666666663,0.0,1.0,-1,0.5092425937562376,0,0,1,1,0,0,1
907,12,5182,2017-10-31 21:00:00+00:00,5183,2017-11-01 01:00:00+00:00,1,0,,,0,,,0,0,,,1,0,1,1,0,0,,,,,,0,,0,0,0,0,0,0,0
910,12,5185,2017-11-01 09:00:00+00:00,5191,2017-11-02 09:00:00+00:00,1,1,5191.0,2017-11-02 09:00:00+00:00,1,5191.0,2017-11-02 09:00:00+00:00,1,0,5191.0,2017-11-02 09:00:00+00:00,0,0,0,0,0,1,0.5891737223208509,0.5988105683923255,0.25,1.0,0.0,1,0.6487038076109066,1,0,0,0,0,1,1
919,12,5223,2017-11-09 18:00:00+00:00,5224,2017-11-09 22:00:00+00:00,1,0,,,0,,,0,0,,,1,0,0,1,0,0,,,,,,0,,0,0,0,0,0,0,0
922,12,5227,2017-11-10 10:00:00+00:00,5227,2017-11-10 10:00:00+00:00,1,0,,,0,,,0,0,,,1,0,0,1,0,0,,,,,,0,,0,0,0,0,0,0,0
935,12,5353,2017-12-11 14:00:00+00:00,5353,2017-12-11 14:00:00+00:00,1,0,,,0,,,0,0,,,1,0,0,1,0,0,,,,,,0,,0,0,0,0,0,0,0
941,12,5469,2018-01-09 22:00:00+00:00,5471,2018-01-10 06:00:00+00:00,1,0,,,0,,,0,0,,,1,0,0,1,0,0,,,,,,0,,0,0,0,0,0,0,0
949,12,5497,2018-01-16 18:00:00+00:00,5501,2018-01-17 10:00:00+00:00,1,0,,,0,,,0,0,,,0,0,0,1,0,0,,,,,,0,,0,0,0,0,0,0,0
955,12,5522,2018-01-22 22:00:00+00:00,5522,2018-01-22 22:00:00+00:00,1,0,,,0,,,0,0,,,1,0,0,1,0,0,,,,,,0,,0,0,0,0,0,0,0
964,12,5558,2018-01-30 22:00:00+00:00,5560,2018-01-31 06:00:00+00:00,1,0,,,0,,,0,0,,,1,0,0,1,0,0,,,,,,0,,0,0,0,0,0,0,0
976,12,5609,2018-02-12 10:00:00+00:00,5612,2018-02-12 22:00:00+00:00,1,1,5612.0,2018-02-12 22:00:00+00:00,0,,,0,0,,,0,0,0,0,0,0,0.7086715054310491,0.36162247181056006,0.41666666666666663,3.0,0.0,1,0.4637057446844628,1,1,0,1,1,0,1
984,12,5669,2018-02-26 14:00:00+00:00,5669,2018-02-26 14:00:00+00:00,1,0,,,0,,,0,0,,,1,0,0,1,0,0,,,,,,0,,0,0,0,0,0,0,0
988,12,5673,2018-02-27 06:00:00+00:00,5673,2018-02-27 06:00:00+00:00,1,0,,,0,,,0,0,,,1,0,0,1,0,0,,,,,,0,,0,0,0,0,0,0,0
993,12,5700,2018-03-05 18:00:00+00:00,5702,2018-03-06 02:00:00+00:00,1,0,,,0,,,0,0,,,1,0,0,1,0,0,,,,,,0,,0,0,0,0,0,0,0
1006,12,5837,2018-04-06 13:00:00+00:00,5842,2018-04-09 09:00:00+00:00,1,1,5840.0,2018-04-09 01:00:00+00:00,1,5840.0,2018-04-09 01:00:00+00:00,1,0,5840.0,2018-04-09 01:00:00+00:00,0,0,0,0,0,1,0.7752080768997088,0.34388555979258517,0.6666666666666667,3.0,0.0,1,0.5921585068607682,1,1,0,0,1,0,0
1015,12,5850,2018-04-10 17:00:00+00:00,5850,2018-04-10 17:00:00+00:00,1,0,,,0,,,0,0,,,1,0,0,1,0,0,,,,,,0,,0,0,0,0,0,0,0
1021,12,5894,2018-04-20 01:00:00+00:00,5894,2018-04-20 01:00:00+00:00,1,0,,,0,,,0,0,,,1,0,0,1,0,0,,,,,,0,,0,0,0,0,0,0,0
1037,12,5961,2018-05-07 05:00:00+00:00,5967,2018-05-08 05:00:00+00:00,1,1,5964.0,2018-05-07 17:00:00+00:00,1,5964.0,2018-05-07 17:00:00+00:00,1,0,5964.0,2018-05-07 17:00:00+00:00,0,0,0,0,0,1,0.4314243603025171,0.9698928592805389,0.33333333333333337,0.0,0.0,0,0.7133681181073148,0,0,0,0,0,0,0
1040,12,5969,2018-05-08 13:00:00+00:00,5972,2018-05-09 01:00:00+00:00,1,1,5972.0,2018-05-09 01:00:00+00:00,1,5972.0,2018-05-09 01:00:00+00:00,1,0,5972.0,2018-05-09 01:00:00+00:00,0,0,0,0,0,1,0.42059623477746705,0.962500356460495,0.75,1.0,0.0,1,0.6029680260850538,0,0,0,0,0,0,0
1049,12,6034,2018-05-23 09:00:00+00:00,6034,2018-05-23 09:00:00+00:00,1,0,,,0,,,0,0,,,1,0,0,1,0,0,,,,,,0,,0,0,0,0,0,0,0
1056,12,6070,2018-05-31 13:00:00+00:00,6074,2018-06-01 05:00:00+00:00,1,1,6074.0,2018-06-01 05:00:00+00:00,1,6074.0,2018-06-01 05:00:00+00:00,1,0,6074.0,2018-06-01 05:00:00+00:00,0,0,0,0,0,1,0.685956884294879,0.5770977295162973,0.6666666666666667,0.0,2.0,-1,0.6611498361381064,1,0,0,0,0,0,1
1059,12,6093,2018-06-06 09:00:00+00:00,6098,2018-06-07 05:00:00+00:00,1,1,6097.0,2018-06-07 01:00:00+00:00,1,6097.0,2018-06-07 01:00:00+00:00,1,0,6097.0,2018-06-07 01:00:00+00:00,0,0,0,0,0,1,0.5667086563362721,0.8359228076266507,0.25,0.0,0.0,0,0.7422931012539637,1,0,0,0,0,0,1
1078,12,6219,2018-07-05 13:00:00+00:00,6221,2018-07-05 21:00:00+00:00,1,0,,,0,,,0,0,,,1,0,0,1,0,0,,,,,,0,,0,0,0,0,0,0,0
1082,12,6227,2018-07-08 21:00:00+00:00,6227,2018-07-08 21:00:00+00:00,1,0,,,0,,,0,0,,,1,0,0,1,0,0,,,,,,0,,0,0,0,0,0,0,0
1093,12,6301,2018-07-25 05:00:00+00:00,6301,2018-07-25 05:00:00+00:00,1,0,,,0,,,0,0,,,1,0,0,1,0,0,,,,,,0,,0,0,0,0,0,0,0
1105,12,6362,2018-08-08 09:00:00+00:00,6363,2018-08-08 13:00:00+00:00,1,0,,,0,,,0,0,,,1,0,0,1,0,0,,,,,,0,,0,0,0,0,0,0,0
1111,12,6419,2018-08-21 21:00:00+00:00,6419,2018-08-21 21:00:00+00:00,1,0,,,0,,,0,0,,,1,0,0,1,0,0,,,,,,0,,0,0,0,0,0,0,0
1121,12,6481,2018-09-05 09:00:00+00:00,6481,2018-09-05 09:00:00+00:00,1,0,,,0,,,0,0,,,1,0,0,1,0,0,,,,,,0,,0,0,0,0,0,0,0
1124,12,6485,2018-09-06 01:00:00+00:00,6485,2018-09-06 01:00:00+00:00,1,0,,,0,,,0,0,,,1,0,0,1,0,0,,,,,,0,,0,0,0,0,0,0,0
1128,12,6500,2018-09-10 13:00:00+00:00,6503,2018-09-11 01:00:00+00:00,1,1,6503.0,2018-09-11 01:00:00+00:00,1,6503.0,2018-09-11 01:00:00+00:00,1,0,6503.0,2018-09-11 01:00:00+00:00,0,0,0,0,0,1,0.5689384957778162,0.6774251712946319,0.16666666666666663,0.0,1.0,-1,0.722336852328673,1,0,1,0,1,0,0
1133,12,6506,2018-09-11 13:00:00+00:00,6511,2018-09-12 09:00:00+00:00,1,1,6509.0,2018-09-12 01:00:00+00:00,1,6509.0,2018-09-12 01:00:00+00:00,0,1,,,0,0,0,0,0,1,0.5041065068969761,0.6671865072488892,0.75,2.0,0.0,1,0.7093565355143037,0,0,0,0,0,0,0
1137,12,6540,2018-09-19 05:00:00+00:00,6540,2018-09-19 05:00:00+00:00,1,0,,,0,,,0,0,,,1,0,0,1,0,0,,,,,,0,,0,0,0,0,0,0,0
1141,12,6546,2018-09-20 05:00:00+00:00,6546,2018-09-20 05:00:00+00:00,1,0,,,0,,,0,0,,,1,0,1,1,0,0,,,,,,0,,0,0,0,0,0,0,0
1143,12,6548,2018-09-20 13:00:00+00:00,6548,2018-09-20 13:00:00+00:00,1,0,,,0,,,0,0,,,1,0,0,1,0,0,,,,,,0,,0,0,0,0,0,0,0
1144,12,6551,2018-09-21 01:00:00+00:00,6551,2018-09-21 01:00:00+00:00,1,0,,,0,,,0,0,,,1,0,0,1,0,0,,,,,,0,,0,0,0,0,0,0,0
1148,12,6565,2018-09-25 09:00:00+00:00,6568,2018-09-25 21:00:00+00:00,1,1,6568.0,2018-09-25 21:00:00+00:00,1,6568.0,2018-09-25 21:00:00+00:00,0,1,,,0,0,0,0,0,1,0.6568568679590946,0.6653029218233435,0.16666666666666663,1.0,0.0,1,0.6459161674158692,1,0,1,0,1,0,0
1152,12,6570,2018-09-26 05:00:00+00:00,6570,2018-09-26 05:00:00+00:00,1,0,,,0,,,0,0,,,1,0,1,1,0,0,,,,,,0,,0,0,0,0,0,0,0
1156,12,6572,2018-09-26 13:00:00+00:00,6572,2018-09-26 13:00:00+00:00,1,0,,,0,,,0,0,,,1,0,0,1,0,0,,,,,,0,,0,0,0,0,0,0,0
1162,12,6607,2018-10-04 09:00:00+00:00,6609,2018-10-04 17:00:00+00:00,1,0,,,0,,,0,0,,,1,0,1,1,0,0,,,,,,0,,0,0,0,0,0,0,0
1163,12,6611,2018-10-05 01:00:00+00:00,6611,2018-10-05 01:00:00+00:00,1,0,,,0,,,0,0,,,1,0,0,1,0,0,,,,,,0,,0,0,0,0,0,0,0
1167,12,6614,2018-10-05 13:00:00+00:00,6617,2018-10-08 01:00:00+00:00,1,1,6617.0,2018-10-08 01:00:00+00:00,0,,,0,0,,,0,0,0,0,0,0,0.42407090829400307,0.6545893719806611,0.75,0.0,2.0,-1,0.4614347319740738,0,0,0,1,0,0,1
1182,12,6703,2018-10-26 09:00:00+00:00,6703,2018-10-26 09:00:00+00:00,1,0,,,0,,,0,0,,,1,0,0,1,0,0,,,,,,0,,0,0,0,0,0,0,0
1190,12,6748,2018-11-06 22:00:00+00:00,6754,2018-11-07 22:00:00+00:00,1,1,6751.0,2018-11-07 10:00:00+00:00,1,6751.0,2018-11-07 10:00:00+00:00,1,0,6751.0,2018-11-07 10:00:00+00:00,0,0,0,0,0,1,0.3559654647452762,0.8497807860933733,0.75,2.0,0.0,1,0.612072844934667,0,0,0,0,0,0,0
1207,12,6895,2018-12-11 14:00:00+00:00,6901,2018-12-12 14:00:00+00:00,1,1,6899.0,2018-12-12 06:00:00+00:00,1,6899.0,2018-12-12 06:00:00+00:00,1,0,6899.0,2018-12-12 06:00:00+00:00,0,0,0,0,0,1,0.5339617611278981,0.8262593283581996,0.5833333333333333,0.0,0.0,0,0.6816409110725348,0,0,0,0,0,0,0
1210,12,6906,2018-12-13 10:00:00+00:00,6910,2018-12-14 02:00:00+00:00,1,1,6910.0,2018-12-14 02:00:00+00:00,1,6910.0,2018-12-14 02:00:00+00:00,1,0,6910.0,2018-12-14 02:00:00+00:00,0,0,0,0,0,1,0.6705197448126128,0.5030622418458724,0.5833333333333333,0.0,2.0,-1,0.5824409579976885,1,0,0,0,0,0,1
1222,12,6972,2018-12-31 06:00:00+00:00,6972,2018-12-31 06:00:00+00:00,1,0,,,0,,,0,0,,,1,0,0,1,0,0,,,,,,0,,0,0,0,0,0,0,0
1230,12,7022,2019-01-11 14:00:00+00:00,7024,2019-01-13 22:00:00+00:00,1,0,,,0,,,0,0,,,1,0,1,1,0,0,,,,,,0,,0,0,0,0,0,0,0
1232,12,7026,2019-01-14 06:00:00+00:00,7031,2019-01-15 02:00:00+00:00,1,1,7030.0,2019-01-14 22:00:00+00:00,1,7030.0,2019-01-14 22:00:00+00:00,1,0,7030.0,2019-01-14 22:00:00+00:00,0,0,0,0,0,1,0.5555492906693935,0.8256887124299201,0.5,0.0,0.0,0,0.6653674485823086,1,0,0,0,0,0,1
1236,12,7040,2019-01-16 14:00:00+00:00,7048,2019-01-17 22:00:00+00:00,1,1,7048.0,2019-01-17 22:00:00+00:00,1,7048.0,2019-01-17 22:00:00+00:00,1,0,7048.0,2019-01-17 22:00:00+00:00,0,0,0,0,0,1,0.5136999294974622,0.9853406407343068,0.25,0.0,0.0,0,0.6229681255875528,0,0,0,0,0,0,1
1239,12,7063,2019-01-22 14:00:00+00:00,7066,2019-01-23 02:00:00+00:00,1,1,7066.0,2019-01-23 02:00:00+00:00,1,7066.0,2019-01-23 02:00:00+00:00,1,0,7066.0,2019-01-23 02:00:00+00:00,0,0,0,0,0,1,0.7731603205335305,0.24971081010487217,0.5,3.0,0.0,1,0.5852379625885018,1,1,0,0,1,0,0
1242,12,7072,2019-01-24 02:00:00+00:00,7072,2019-01-24 02:00:00+00:00,1,0,,,0,,,0,0,,,1,0,0,1,0,0,,,,,,0,,0,0,0,0,0,0,0
1250,12,7129,2019-02-06 14:00:00+00:00,7129,2019-02-06 14:00:00+00:00,1,0,,,0,,,0,0,,,1,0,0,1,0,0,,,,,,0,,0,0,0,0,0,0,0
1261,12,7206,2019-02-25 14:00:00+00:00,7206,2019-02-25 14:00:00+00:00,1,0,,,0,,,0,0,,,1,0,0,1,0,0,,,,,,0,,0,0,0,0,0,0,0
1263,12,7212,2019-02-26 14:00:00+00:00,7215,2019-02-27 02:00:00+00:00,1,1,7215.0,2019-02-27 02:00:00+00:00,1,7215.0,2019-02-27 02:00:00+00:00,1,0,7215.0,2019-02-27 02:00:00+00:00,0,0,0,0,0,1,0.4877012016880325,0.9534875142931012,0.25,0.0,0.0,0,0.6861071794782494,0,0,0,0,0,0,0
1270,12,7223,2019-02-28 10:00:00+00:00,7223,2019-02-28 10:00:00+00:00,1,0,,,0,,,0,0,,,1,0,0,1,0,0,,,,,,0,,0,0,0,0,0,0,0
1278,12,7269,2019-03-12 01:00:00+00:00,7271,2019-03-12 09:00:00+00:00,1,0,,,0,,,0,0,,,1,0,0,1,0,0,,,,,,0,,0,0,0,0,0,0,0
1283,12,7300,2019-03-19 05:00:00+00:00,7300,2019-03-19 05:00:00+00:00,1,0,,,0,,,0,0,,,1,0,0,1,0,0,,,,,,0,,0,0,0,0,0,0,0
1286,12,7306,2019-03-20 05:00:00+00:00,7307,2019-03-20 09:00:00+00:00,1,0,,,0,,,0,0,,,1,0,0,1,0,0,,,,,,0,,0,0,0,0,0,0,0
1293,12,7341,2019-03-28 01:00:00+00:00,7342,2019-03-28 05:00:00+00:00,1,0,,,0,,,0,0,,,1,0,0,1,0,0,,,,,,0,,0,0,0,0,0,0,0
1295,12,7357,2019-04-01 17:00:00+00:00,7358,2019-04-01 21:00:00+00:00,1,0,,,0,,,0,0,,,1,0,0,1,0,0,,,,,,0,,0,0,0,0,0,0,0
1299,12,7367,2019-04-03 09:00:00+00:00,7370,2019-04-03 21:00:00+00:00,1,1,7370.0,2019-04-03 21:00:00+00:00,1,7370.0,2019-04-03 21:00:00+00:00,1,0,7370.0,2019-04-03 21:00:00+00:00,0,0,0,0,0,1,0.5446868725176895,0.8394762009857988,0.16666666666666663,0.0,0.0,0,0.6941094654295652,0,0,1,0,0,0,0
1304,12,7394,2019-04-09 21:00:00+00:00,7396,2019-04-10 05:00:00+00:00,1,0,,,0,,,0,0,,,1,0,0,1,0,0,,,,,,0,,0,0,0,0,0,0,0
1310,12,7442,2019-04-22 21:00:00+00:00,7444,2019-04-23 05:00:00+00:00,1,0,,,0,,,0,0,,,1,0,0,1,0,0,,,,,,0,,0,0,0,0,0,0,0
1316,12,7451,2019-04-24 09:00:00+00:00,7451,2019-04-24 09:00:00+00:00,1,0,,,0,,,0,0,,,1,0,0,1,0,0,,,,,,0,,0,0,0,0,0,0,0
1321,12,7476,2019-04-30 13:00:00+00:00,7481,2019-05-01 09:00:00+00:00,1,1,7479.0,2019-05-01 01:00:00+00:00,1,7479.0,2019-05-01 01:00:00+00:00,1,0,7479.0,2019-05-01 01:00:00+00:00,0,0,0,0,0,1,0.4369279442148753,0.8473905723905704,0.25,0.0,1.0,-1,0.7981771321166208,0,0,0,0,0,0,0
1327,12,7523,2019-05-10 09:00:00+00:00,7526,2019-05-12 21:00:00+00:00,1,1,7526.0,2019-05-12 21:00:00+00:00,1,7526.0,2019-05-12 21:00:00+00:00,1,0,7526.0,2019-05-12 21:00:00+00:00,0,0,0,0,0,1,0.4873466521086887,0.7847849904135935,0.25,1.0,0.0,1,0.6977383995408056,0,0,0,0,0,0,0
1332,12,7544,2019-05-15 21:00:00+00:00,7546,2019-05-16 05:00:00+00:00,1,0,,,0,,,0,0,,,1,0,0,1,0,0,,,,,,0,,0,0,0,0,0,0,0
1339,12,7589,2019-05-27 09:00:00+00:00,7593,2019-05-28 05:00:00+00:00,1,1,7593.0,2019-05-28 05:00:00+00:00,0,,,0,0,,,0,0,0,0,0,0,0.5888952751948775,0.7136519459568808,0.16666666666666663,0.0,0.0,0,0.4867958658458764,1,0,1,1,1,0,1
1366,12,7773,2019-07-09 09:00:00+00:00,7777,2019-07-10 01:00:00+00:00,1,1,7776.0,2019-07-09 21:00:00+00:00,1,7776.0,2019-07-09 21:00:00+00:00,1,0,7776.0,2019-07-09 21:00:00+00:00,0,0,0,0,0,1,0.5067920248875782,0.9674048421883988,0.25,0.0,0.0,0,0.672192460273548,0,0,0,0,0,0,0
1371,12,7800,2019-07-15 21:00:00+00:00,7800,2019-07-15 21:00:00+00:00,1,0,,,0,,,0,0,,,1,0,0,1,0,0,,,,,,0,,0,0,0,0,0,0,0
1374,12,7808,2019-07-17 05:00:00+00:00,7809,2019-07-17 09:00:00+00:00,1,0,,,0,,,0,0,,,1,0,0,1,0,0,,,,,,0,,0,0,0,0,0,0,0
1379,12,7834,2019-07-23 13:00:00+00:00,7836,2019-07-23 21:00:00+00:00,1,0,,,0,,,0,0,,,1,0,0,1,0,0,,,,,,0,,0,0,0,0,0,0,0
1382,12,7843,2019-07-25 01:00:00+00:00,7844,2019-07-25 05:00:00+00:00,1,0,,,0,,,0,0,,,1,0,0,1,0,0,,,,,,0,,0,0,0,0,0,0,0
1386,12,7858,2019-07-29 13:00:00+00:00,7858,2019-07-29 13:00:00+00:00,1,0,,,0,,,0,0,,,1,0,0,1,0,0,,,,,,0,,0,0,0,0,0,0,0
1388,12,7870,2019-07-31 13:00:00+00:00,7870,2019-07-31 13:00:00+00:00,1,0,,,0,,,0,0,,,1,0,0,1,0,0,,,,,,0,,0,0,0,0,0,0,0
1391,12,7911,2019-08-09 09:00:00+00:00,7913,2019-08-09 17:00:00+00:00,1,0,,,0,,,0,0,,,1,0,0,1,0,0,,,,,,0,,0,0,0,0,0,0,0
1399,12,7938,2019-08-15 21:00:00+00:00,7938,2019-08-15 21:00:00+00:00,1,0,,,0,,,0,0,,,1,0,0,1,0,0,,,,,,0,,0,0,0,0,0,0,0
1401,12,7941,2019-08-16 09:00:00+00:00,7945,2019-08-19 01:00:00+00:00,1,1,7945.0,2019-08-19 01:00:00+00:00,1,7945.0,2019-08-19 01:00:00+00:00,1,0,7945.0,2019-08-19 01:00:00+00:00,0,0,0,0,0,1,0.6615198742134841,0.4939317891965198,0.41666666666666663,0.0,2.0,-1,0.6442236102911454,1,0,0,0,0,0,1
1406,12,7952,2019-08-20 05:00:00+00:00,7953,2019-08-20 09:00:00+00:00,1,0,,,0,,,0,0,,,1,0,1,1,0,0,,,,,,0,,0,0,0,0,0,0,0
1409,12,7955,2019-08-20 17:00:00+00:00,7955,2019-08-20 17:00:00+00:00,1,0,,,0,,,0,0,,,1,0,1,1,0,0,,,,,,0,,0,0,0,0,0,0,0
1411,12,7957,2019-08-21 01:00:00+00:00,7964,2019-08-22 05:00:00+00:00,1,1,7964.0,2019-08-22 05:00:00+00:00,1,7964.0,2019-08-22 05:00:00+00:00,1,0,7964.0,2019-08-22 05:00:00+00:00,0,0,0,0,0,1,0.4839712736344699,0.7192440978990806,0.75,0.0,1.0,-1,0.6886813828123209,0,0,0,0,0,0,1
1417,12,7970,2019-08-23 05:00:00+00:00,7971,2019-08-23 09:00:00+00:00,1,0,,,0,,,0,0,,,1,0,0,1,0,0,,,,,,0,,0,0,0,0,0,0,0
1421,12,7986,2019-08-27 21:00:00+00:00,7988,2019-08-28 05:00:00+00:00,1,0,,,0,,,0,0,,,1,0,0,1,0,0,,,,,,0,,0,0,0,0,0,0,0
1425,12,8008,2019-09-02 13:00:00+00:00,8011,2019-09-03 05:00:00+00:00,1,1,8011.0,2019-09-03 05:00:00+00:00,0,,,0,0,,,0,0,0,0,1,0,0.5056961786084139,0.6752735911516146,0.33333333333333337,1.0,0.0,1,0.43153096051664463,0,0,0,1,0,1,1
1430,12,8036,2019-09-09 09:00:00+00:00,8036,2019-09-09 09:00:00+00:00,1,0,,,0,,,0,0,,,1,0,0,1,0,0,,,,,,0,,0,0,0,0,0,0,0
1438,12,8107,2019-09-25 05:00:00+00:00,8107,2019-09-25 05:00:00+00:00,1,0,,,0,,,0,0,,,1,0,0,1,0,0,,,,,,0,,0,0,0,0,0,0,0
1445,12,8165,2019-10-08 21:00:00+00:00,8166,2019-10-09 01:00:00+00:00,1,0,,,0,,,0,0,,,1,0,0,1,0,0,,,,,,0,,0,0,0,0,0,0,0
1458,12,8227,2019-10-23 05:00:00+00:00,8229,2019-10-23 13:00:00+00:00,1,0,,,0,,,0,0,,,1,0,1,1,0,0,,,,,,0,,0,0,0,0,0,0,0
1462,12,8231,2019-10-23 21:00:00+00:00,8233,2019-10-24 05:00:00+00:00,1,0,,,0,,,0,0,,,1,0,0,1,0,0,,,,,,0,,0,0,0,0,0,0,0
1475,12,8327,2019-11-14 22:00:00+00:00,8327,2019-11-14 22:00:00+00:00,1,0,,,0,,,0,0,,,1,0,1,1,0,0,,,,,,0,,0,0,0,0,0,0,0
1476,12,8329,2019-11-15 06:00:00+00:00,8334,2019-11-18 02:00:00+00:00,1,1,8332.0,2019-11-15 18:00:00+00:00,1,8332.0,2019-11-15 18:00:00+00:00,1,0,8332.0,2019-11-15 18:00:00+00:00,0,0,0,0,0,1,0.5153569966128609,0.9720636827876414,0.16666666666666663,0.0,0.0,0,0.7261754744595489,0,0,1,0,0,0,0
1483,12,8360,2019-11-22 10:00:00+00:00,8361,2019-11-22 14:00:00+00:00,1,0,,,0,,,0,0,,,1,0,0,1,0,0,,,,,,0,,0,0,0,0,0,0,0
1490,12,8431,2019-12-10 10:00:00+00:00,8431,2019-12-10 10:00:00+00:00,1,0,,,0,,,0,0,,,1,0,0,1,0,0,,,,,,0,,0,0,0,0,0,0,0
1495,12,8458,2019-12-16 22:00:00+00:00,8459,2019-12-17 02:00:00+00:00,1,0,,,0,,,0,0,,,1,0,0,1,0,0,,,,,,0,,0,0,0,0,0,0,0
1496,12,8462,2019-12-17 14:00:00+00:00,8466,2019-12-18 06:00:00+00:00,1,1,8465.0,2019-12-18 02:00:00+00:00,1,8465.0,2019-12-18 02:00:00+00:00,1,0,8465.0,2019-12-18 02:00:00+00:00,0,0,0,0,0,1,0.5160572661917824,0.7710568136671024,0.6666666666666667,0.0,0.0,0,0.7247458170910065,0,0,0,0,0,0,0
1499,12,8480,2019-12-20 14:00:00+00:00,8482,2019-12-22 22:00:00+00:00,1,0,,,0,,,0,0,,,1,0,0,1,0,0,,,,,,0,,0,0,0,0,0,0,0
1502,12,8509,2019-12-30 10:00:00+00:00,8509,2019-12-30 10:00:00+00:00,1,0,,,0,,,0,0,,,1,0,0,1,0,0,,,,,,0,,0,0,0,0,0,0,0
1513,12,8572,2020-01-14 22:00:00+00:00,8575,2020-01-15 10:00:00+00:00,1,1,8575.0,2020-01-15 10:00:00+00:00,0,,,0,0,,,0,0,0,0,0,0,0.8973824903401579,0.17234027921052064,0.41666666666666663,3.0,0.0,1,0.45472303881059284,1,1,0,1,1,0,1
1517,12,8580,2020-01-16 06:00:00+00:00,8580,2020-01-16 06:00:00+00:00,1,0,,,0,,,0,0,,,1,0,0,1,0,0,,,,,,0,,0,0,0,0,0,0,0
1519,12,8583,2020-01-16 18:00:00+00:00,8586,2020-01-17 06:00:00+00:00,1,1,8586.0,2020-01-17 06:00:00+00:00,1,8586.0,2020-01-17 06:00:00+00:00,1,0,8586.0,2020-01-17 06:00:00+00:00,0,0,0,0,0,1,0.5952539411891755,0.5976062238180591,0.6666666666666667,2.0,0.0,1,0.5845786229770085,1,0,0,0,0,0,0
1526,12,8594,2020-01-20 14:00:00+00:00,8594,2020-01-20 14:00:00+00:00,1,0,,,0,,,0,0,,,1,0,0,1,0,0,,,,,,0,,0,0,0,0,0,0,0
1530,12,8612,2020-01-23 18:00:00+00:00,8616,2020-01-24 10:00:00+00:00,1,0,,,0,,,0,0,,,0,0,0,1,0,0,,,,,,0,,0,0,0,0,0,0,0
1537,12,8637,2020-01-29 22:00:00+00:00,8637,2020-01-29 22:00:00+00:00,1,0,,,0,,,0,0,,,1,0,0,1,0,0,,,,,,0,,0,0,0,0,0,0,0
1543,12,8645,2020-01-31 06:00:00+00:00,8648,2020-01-31 18:00:00+00:00,1,0,,,0,,,0,0,,,0,0,0,1,0,0,,,,,,0,,0,0,0,0,0,0,0
1547,12,8671,2020-02-06 14:00:00+00:00,8671,2020-02-06 14:00:00+00:00,1,0,,,0,,,0,0,,,1,0,0,1,0,0,,,,,,0,,0,0,0,0,0,0,0
1550,12,8676,2020-02-07 10:00:00+00:00,8676,2020-02-07 10:00:00+00:00,1,0,,,0,,,0,0,,,1,0,0,1,0,0,,,,,,0,,0,0,0,0,0,0,0
1554,12,8688,2020-02-11 10:00:00+00:00,8688,2020-02-11 10:00:00+00:00,1,0,,,0,,,0,0,,,1,0,0,1,0,0,,,,,,0,,0,0,0,0,0,0,0
1556,12,8693,2020-02-12 06:00:00+00:00,8694,2020-02-12 10:00:00+00:00,1,0,,,0,,,0,0,,,1,0,1,1,0,0,,,,,,0,,0,0,0,0,0,0,0
1558,12,8696,2020-02-12 18:00:00+00:00,8699,2020-02-13 06:00:00+00:00,1,1,8699.0,2020-02-13 06:00:00+00:00,0,,,0,0,,,0,0,0,0,0,0,0.6152058217462989,0.3686926221269149,0.5,2.0,0.0,1,0.5144072290607438,1,1,0,1,1,0,1
1563,12,8756,2020-02-26 22:00:00+00:00,8758,2020-02-27 06:00:00+00:00,1,0,,,0,,,0,0,,,1,0,0,1,0,0,,,,,,0,,0,0,0,0,0,0,0
1573,12,8816,2020-03-11 21:00:00+00:00,8816,2020-03-11 21:00:00+00:00,1,0,,,0,,,0,0,,,1,0,0,1,0,0,,,,,,0,,0,0,0,0,0,0,0
1585,12,8893,2020-03-30 17:00:00+00:00,8895,2020-03-31 01:00:00+00:00,1,0,,,0,,,0,0,,,1,0,0,1,0,0,,,,,,0,,0,0,0,0,0,0,0
1588,12,8906,2020-04-01 21:00:00+00:00,8906,2020-04-01 21:00:00+00:00,1,0,,,0,,,0,0,,,1,0,1,1,0,0,,,,,,0,,0,0,0,0,0,0,0
1589,12,8908,2020-04-02 05:00:00+00:00,8909,2020-04-02 09:00:00+00:00,1,0,,,0,,,0,0,,,1,0,0,1,0,0,,,,,,0,,0,0,0,0,0,0,0
1593,12,8916,2020-04-03 13:00:00+00:00,8916,2020-04-03 13:00:00+00:00,1,0,,,0,,,0,0,,,1,0,0,1,0,0,,,,,,0,,0,0,0,0,0,0,0
1598,12,8936,2020-04-08 21:00:00+00:00,8936,2020-04-08 21:00:00+00:00,1,0,,,0,,,0,0,,,1,0,1,1,0,0,,,,,,0,,0,0,0,0,0,0,0
1599,12,8938,2020-04-09 05:00:00+00:00,8938,2020-04-09 05:00:00+00:00,1,0,,,0,,,0,0,,,1,0,0,1,0,0,,,,,,0,,0,0,0,0,0,0,0
1603,12,8964,2020-04-16 13:00:00+00:00,8964,2020-04-16 13:00:00+00:00,1,0,,,0,,,0,0,,,1,0,0,1,0,0,,,,,,0,,0,0,0,0,0,0,0
1606,12,8980,2020-04-21 05:00:00+00:00,8980,2020-04-21 05:00:00+00:00,1,0,,,0,,,0,0,,,1,0,0,1,0,0,,,,,,0,,0,0,0,0,0,0,0
1608,12,9000,2020-04-24 13:00:00+00:00,9001,2020-04-24 17:00:00+00:00,1,0,,,0,,,0,0,,,1,0,0,1,0,0,,,,,,0,,0,0,0,0,0,0,0
1613,12,9011,2020-04-28 09:00:00+00:00,9015,2020-04-29 01:00:00+00:00,1,0,,,0,,,0,0,,,0,0,1,1,0,0,,,,,,0,,0,0,0,0,0,0,0
1616,12,9017,2020-04-29 09:00:00+00:00,9020,2020-04-29 21:00:00+00:00,1,0,,,0,,,0,0,,,0,0,0,1,0,0,,,,,,0,,0,0,0,0,0,0,0
1622,12,9047,2020-05-06 09:00:00+00:00,9047,2020-05-06 09:00:00+00:00,1,0,,,0,,,0,0,,,1,0,0,1,0,0,,,,,,0,,0,0,0,0,0,0,0
1630,12,9065,2020-05-11 09:00:00+00:00,9070,2020-05-12 05:00:00+00:00,1,1,9068.0,2020-05-11 21:00:00+00:00,0,,,0,0,,,0,0,1,0,0,0,0.8293123361040058,0.32629218171386176,0.33333333333333337,0.0,3.0,-1,0.48934176829649756,1,1,0,1,1,0,1
1635,12,9072,2020-05-12 13:00:00+00:00,9074,2020-05-12 21:00:00+00:00,1,0,,,0,,,0,0,,,1,0,0,1,0,0,,,,,,0,,0,0,0,0,0,0,0
1638,12,9078,2020-05-13 13:00:00+00:00,9080,2020-05-13 21:00:00+00:00,1,0,,,0,,,0,0,,,1,0,0,1,0,0,,,,,,0,,0,0,0,0,0,0,0
1645,12,9107,2020-05-20 09:00:00+00:00,9107,2020-05-20 09:00:00+00:00,1,0,,,0,,,0,0,,,1,0,0,1,0,0,,,,,,0,,0,0,0,0,0,0,0
1648,12,9112,2020-05-21 05:00:00+00:00,9113,2020-05-21 09:00:00+00:00,1,0,,,0,,,0,0,,,1,0,0,1,0,0,,,,,,0,,0,0,0,0,0,0,0
1652,12,9126,2020-05-25 13:00:00+00:00,9126,2020-05-25 13:00:00+00:00,1,0,,,0,,,0,0,,,1,0,0,1,0,0,,,,,,0,,0,0,0,0,0,0,0
1660,12,9159,2020-06-02 05:00:00+00:00,9160,2020-06-02 09:00:00+00:00,1,0,,,0,,,0,0,,,1,0,0,1,0,0,,,,,,0,,0,0,0,0,0,0,0
1664,12,9163,2020-06-02 21:00:00+00:00,9163,2020-06-02 21:00:00+00:00,1,0,,,0,,,0,0,,,1,0,0,1,0,0,,,,,,0,,0,0,0,0,0,0,0
1672,12,9212,2020-06-15 01:00:00+00:00,9212,2020-06-15 01:00:00+00:00,1,0,,,0,,,0,0,,,1,0,0,1,0,0,,,,,,0,,0,0,0,0,0,0,0
1677,12,9227,2020-06-17 13:00:00+00:00,9230,2020-06-18 01:00:00+00:00,1,1,9230.0,2020-06-18 01:00:00+00:00,1,9230.0,2020-06-18 01:00:00+00:00,1,0,9230.0,2020-06-18 01:00:00+00:00,0,0,0,0,0,1,0.6702964142582285,0.6352473649078705,0.16666666666666663,1.0,0.0,1,0.6610657356021926,1,0,1,0,1,0,0
1680,12,9238,2020-06-19 09:00:00+00:00,9238,2020-06-19 09:00:00+00:00,1,0,,,0,,,0,0,,,1,0,0,1,0,0,,,,,,0,,0,0,0,0,0,0,0
1689,12,9283,2020-06-30 21:00:00+00:00,9286,2020-07-01 09:00:00+00:00,1,0,,,0,,,0,0,,,0,0,0,1,0,0,,,,,,0,,0,0,0,0,0,0,0
1697,12,9304,2020-07-06 13:00:00+00:00,9309,2020-07-07 09:00:00+00:00,1,1,9307.0,2020-07-07 01:00:00+00:00,1,9307.0,2020-07-07 01:00:00+00:00,1,0,9307.0,2020-07-07 01:00:00+00:00,0,0,0,0,0,1,0.7883473489653722,0.35074241816202734,0.5,3.0,0.0,1,0.5866215685741334,1,1,0,0,1,0,0
1706,12,9356,2020-07-17 05:00:00+00:00,9362,2020-07-20 05:00:00+00:00,1,1,9362.0,2020-07-20 05:00:00+00:00,1,9362.0,2020-07-20 05:00:00+00:00,1,0,9362.0,2020-07-20 05:00:00+00:00,0,0,0,0,0,1,0.7253111940365299,0.3948954135482563,0.41666666666666663,2.0,0.0,1,0.6227567481304482,1,1,0,0,1,0,0
1713,12,9416,2020-07-31 05:00:00+00:00,9417,2020-07-31 09:00:00+00:00,1,0,,,0,,,0,0,,,1,0,0,1,0,0,,,,,,0,,0,0,0,0,0,0,0
1725,12,9480,2020-08-16 21:00:00+00:00,9481,2020-08-17 01:00:00+00:00,1,0,,,0,,,0,0,,,1,0,0,1,0,0,,,,,,0,,0,0,0,0,0,0,0
1735,12,9549,2020-09-01 09:00:00+00:00,9549,2020-09-01 09:00:00+00:00,1,0,,,0,,,0,0,,,1,0,0,1,0,0,,,,,,0,,0,0,0,0,0,0,0
1738,12,9554,2020-09-02 05:00:00+00:00,9554,2020-09-02 05:00:00+00:00,1,0,,,0,,,0,0,,,1,0,0,1,0,0,,,,,,0,,0,0,0,0,0,0,0
1740,12,9568,2020-09-04 13:00:00+00:00,9568,2020-09-04 13:00:00+00:00,1,0,,,0,,,0,0,,,1,0,0,1,0,0,,,,,,0,,0,0,0,0,0,0,0
1741,12,9571,2020-09-07 01:00:00+00:00,9573,2020-09-07 09:00:00+00:00,1,0,,,0,,,0,0,,,1,0,0,1,0,0,,,,,,0,,0,0,0,0,0,0,0
1752,12,9597,2020-09-11 13:00:00+00:00,9601,2020-09-14 05:00:00+00:00,1,1,9600.0,2020-09-14 01:00:00+00:00,1,9600.0,2020-09-14 01:00:00+00:00,1,0,9600.0,2020-09-14 01:00:00+00:00,0,0,0,0,0,1,0.4851397464232015,0.6097801115851678,0.25,0.0,2.0,-1,0.656471040667007,0,0,0,0,0,0,0
1758,12,9614,2020-09-16 09:00:00+00:00,9616,2020-09-16 17:00:00+00:00,1,0,,,0,,,0,0,,,1,0,0,1,0,0,,,,,,0,,0,0,0,0,0,0,0
1765,12,9656,2020-09-25 09:00:00+00:00,9662,2020-09-28 09:00:00+00:00,1,1,9659.0,2020-09-27 21:00:00+00:00,1,9659.0,2020-09-27 21:00:00+00:00,1,0,9659.0,2020-09-27 21:00:00+00:00,0,0,0,0,0,1,0.4324232745165695,0.988435445885619,0.25,0.0,0.0,0,0.6798986224674598,0,0,0,0,0,0,0
1773,12,9675,2020-09-30 13:00:00+00:00,9676,2020-09-30 17:00:00+00:00,1,0,,,0,,,0,0,,,1,0,0,1,0,0,,,,,,0,,0,0,0,0,0,0,0
1778,12,9682,2020-10-01 17:00:00+00:00,9684,2020-10-02 01:00:00+00:00,1,0,,,0,,,0,0,,,1,0,0,1,0,0,,,,,,0,,0,0,0,0,0,0,0
1782,12,9725,2020-10-12 21:00:00+00:00,9725,2020-10-12 21:00:00+00:00,1,0,,,0,,,0,0,,,1,0,0,1,0,0,,,,,,0,,0,0,0,0,0,0,0
1786,12,9743,2020-10-15 21:00:00+00:00,9750,2020-10-19 01:00:00+00:00,1,1,9746.0,2020-10-16 09:00:00+00:00,1,9746.0,2020-10-16 09:00:00+00:00,1,0,9746.0,2020-10-16 09:00:00+00:00,0,0,0,0,0,1,0.6442720779722975,0.6148052158418975,0.5,2.0,0.0,1,0.5981803283693164,1,0,0,0,0,0,0
1794,12,9791,2020-10-27 21:00:00+00:00,9791,2020-10-27 21:00:00+00:00,1,0,,,0,,,0,0,,,1,0,1,1,0,0,,,,,,0,,0,0,0,0,0,0,0
1795,12,9793,2020-10-28 05:00:00+00:00,9793,2020-10-28 05:00:00+00:00,1,0,,,0,,,0,0,,,1,0,0,1,0,0,,,,,,0,,0,0,0,0,0,0,0
1805,12,9859,2020-11-12 06:00:00+00:00,9864,2020-11-13 02:00:00+00:00,1,1,9863.0,2020-11-12 22:00:00+00:00,1,9863.0,2020-11-12 22:00:00+00:00,1,0,9863.0,2020-11-12 22:00:00+00:00,0,0,0,0,0,1,0.7443247017715444,0.47334800198736393,0.33333333333333337,3.0,0.0,1,0.6038972174200462,1,0,0,0,0,0,1
1818,12,9920,2020-11-26 10:00:00+00:00,9923,2020-11-27 02:00:00+00:00,1,0,,,0,,,0,0,,,0,0,0,1,0,0,,,,,,0,,0,0,0,0,0,0,0
1825,12,9956,2020-12-04 14:00:00+00:00,9956,2020-12-04 14:00:00+00:00,1,0,,,0,,,0,0,,,1,0,0,1,0,0,,,,,,0,,0,0,0,0,0,0,0
1833,12,10033,2020-12-23 10:00:00+00:00,10039,2020-12-24 10:00:00+00:00,1,1,10039.0,2020-12-24 10:00:00+00:00,1,10039.0,2020-12-24 10:00:00+00:00,1,0,10039.0,2020-12-24 10:00:00+00:00,0,0,0,0,0,1,0.6462451579353424,0.44640116326035084,0.5,2.0,0.0,1,0.6621451732583982,1,1,0,0,1,0,0
1839,12,10046,2020-12-28 14:00:00+00:00,10053,2020-12-29 18:00:00+00:00,1,1,10049.0,2020-12-29 02:00:00+00:00,1,10049.0,2020-12-29 02:00:00+00:00,1,0,10049.0,2020-12-29 02:00:00+00:00,0,0,0,0,0,1,0.6408531399933054,0.46807055781702256,0.5,0.0,2.0,-1,0.6248985419996338,1,0,0,0,0,0,0
1846,12,10064,2020-12-31 14:00:00+00:00,10065,2020-12-31 18:00:00+00:00,1,0,,,0,,,0,0,,,1,0,0,1,0,0,,,,,,0,,0,0,0,0,0,0,0
1850,12,10108,2021-01-12 22:00:00+00:00,10110,2021-01-13 06:00:00+00:00,1,0,,,0,,,0,0,,,1,0,0,1,0,0,,,,,,0,,0,0,0,0,0,0,0
1858,12,10125,2021-01-15 18:00:00+00:00,10125,2021-01-15 18:00:00+00:00,1,0,,,0,,,0,0,,,1,0,0,1,0,0,,,,,,0,,0,0,0,0,0,0,0
1869,12,10161,2021-01-25 22:00:00+00:00,10161,2021-01-25 22:00:00+00:00,1,0,,,0,,,0,0,,,1,0,0,1,0,0,,,,,,0,,0,0,0,0,0,0,0
1872,12,10165,2021-01-26 14:00:00+00:00,10166,2021-01-26 18:00:00+00:00,1,0,,,0,,,0,0,,,1,0,1,1,0,0,,,,,,0,,0,0,0,0,0,0,0
1874,12,10168,2021-01-27 02:00:00+00:00,10168,2021-01-27 02:00:00+00:00,1,0,,,0,,,0,0,,,1,0,0,1,0,0,,,,,,0,,0,0,0,0,0,0,0
1878,12,10190,2021-02-01 18:00:00+00:00,10192,2021-02-02 02:00:00+00:00,1,0,,,0,,,0,0,,,1,0,0,1,0,0,,,,,,0,,0,0,0,0,0,0,0
1888,12,10268,2021-02-18 18:00:00+00:00,10268,2021-02-18 18:00:00+00:00,1,0,,,0,,,0,0,,,1,0,0,1,0,0,,,,,,0,,0,0,0,0,0,0,0
1893,12,10289,2021-02-24 06:00:00+00:00,10289,2021-02-24 06:00:00+00:00,1,0,,,0,,,0,0,,,1,0,0,1,0,0,,,,,,0,,0,0,0,0,0,0,0
1897,12,10332,2021-03-05 10:00:00+00:00,10336,2021-03-08 02:00:00+00:00,1,1,10335.0,2021-03-07 22:00:00+00:00,1,10335.0,2021-03-07 22:00:00+00:00,1,0,10335.0,2021-03-07 22:00:00+00:00,0,0,0,0,0,1,0.4742847095449398,0.9814897330214281,0.33333333333333337,0.0,0.0,0,0.6851871881713664,0,0,0,0,0,0,0
1910,12,10399,2021-03-22 13:00:00+00:00,10401,2021-03-22 21:00:00+00:00,1,0,,,0,,,0,0,,,1,0,0,1,0,0,,,,,,0,,0,0,0,0,0,0,0
1914,12,10404,2021-03-23 09:00:00+00:00,10404,2021-03-23 09:00:00+00:00,1,0,,,0,,,0,0,,,1,0,0,1,0,0,,,,,,0,,0,0,0,0,0,0,0
1916,12,10407,2021-03-23 21:00:00+00:00,10411,2021-03-24 13:00:00+00:00,1,1,10410.0,2021-03-24 09:00:00+00:00,1,10410.0,2021-03-24 09:00:00+00:00,1,0,10410.0,2021-03-24 09:00:00+00:00,0,0,0,0,0,1,0.4985469696439169,0.887431810508741,0.5,0.0,0.0,0,0.6827559095105808,0,0,0,0,0,0,0
1929,12,10458,2021-04-05 09:00:00+00:00,10463,2021-04-06 05:00:00+00:00,1,1,10461.0,2021-04-05 21:00:00+00:00,1,10461.0,2021-04-05 21:00:00+00:00,1,0,10461.0,2021-04-05 21:00:00+00:00,0,0,0,0,0,1,0.3617111558008068,0.9901495054187901,0.25,1.0,1.0,0,0.6792738619138982,0,0,0,0,0,0,0
1936,12,10470,2021-04-07 09:00:00+00:00,10472,2021-04-07 17:00:00+00:00,1,0,,,0,,,0,0,,,1,0,0,1,0,0,,,,,,0,,0,0,0,0,0,0,0
1939,12,10494,2021-04-13 09:00:00+00:00,10494,2021-04-13 09:00:00+00:00,1,0,,,0,,,0,0,,,1,0,0,1,0,0,,,,,,0,,0,0,0,0,0,0,0
1941,12,10497,2021-04-13 21:00:00+00:00,10497,2021-04-13 21:00:00+00:00,1,0,,,0,,,0,0,,,1,0,0,1,0,0,,,,,,0,,0,0,0,0,0,0,0
1950,12,10523,2021-04-20 05:00:00+00:00,10524,2021-04-20 09:00:00+00:00,1,0,,,0,,,0,0,,,1,0,0,1,0,0,,,,,,0,,0,0,0,0,0,0,0
1955,12,10537,2021-05-24 09:00:00+00:00,10540,2021-05-24 21:00:00+00:00,1,1,10540.0,2021-05-24 21:00:00+00:00,1,10540.0,2021-05-24 21:00:00+00:00,1,0,10540.0,2021-05-24 21:00:00+00:00,0,0,0,0,0,1,0.41132517719174705,0.8673909294705946,0.33333333333333337,0.0,0.0,0,0.7314131100078173,0,0,0,0,0,0,0
1968,12,10603,2021-06-08 09:00:00+00:00,10608,2021-06-09 05:00:00+00:00,1,1,10607.0,2021-06-09 01:00:00+00:00,1,10607.0,2021-06-09 01:00:00+00:00,1,0,10607.0,2021-06-09 01:00:00+00:00,0,0,0,0,0,1,0.49307026043417046,0.8971304412976704,0.16666666666666663,0.0,0.0,0,0.7805661435733688,0,0,1,0,0,0,1
1971,12,10612,2021-06-09 21:00:00+00:00,10612,2021-06-09 21:00:00+00:00,1,0,,,0,,,0,0,,,1,0,0,1,0,0,,,,,,0,,0,0,0,0,0,0,0
1975,12,10640,2021-06-16 13:00:00+00:00,10640,2021-06-16 13:00:00+00:00,1,0,,,0,,,0,0,,,1,0,0,1,0,0,,,,,,0,,0,0,0,0,0,0,0
1978,12,10668,2021-06-23 05:00:00+00:00,10669,2021-06-23 09:00:00+00:00,1,0,,,0,,,0,0,,,1,0,0,1,0,0,,,,,,0,,0,0,0,0,0,0,0
1982,12,10682,2021-06-25 13:00:00+00:00,10684,2021-06-27 21:00:00+00:00,1,0,,,0,,,0,0,,,1,0,0,1,0,0,,,,,,0,,0,0,0,0,0,0,0
1990,12,10719,2021-07-05 17:00:00+00:00,10720,2021-07-05 21:00:00+00:00,1,0,,,0,,,0,0,,,1,0,0,1,0,0,,,,,,0,,0,0,0,0,0,0,0
1994,12,10736,2021-07-08 13:00:00+00:00,10738,2021-07-08 21:00:00+00:00,1,0,,,0,,,0,0,,,1,0,0,1,0,0,,,,,,0,,0,0,0,0,0,0,0
2008,12,10796,2021-07-22 13:00:00+00:00,10796,2021-07-22 13:00:00+00:00,1,0,,,0,,,0,0,,,1,0,0,1,0,0,,,,,,0,,0,0,0,0,0,0,0
2009,12,10800,2021-07-23 05:00:00+00:00,10800,2021-07-23 05:00:00+00:00,1,0,,,0,,,0,0,,,1,0,0,1,0,0,,,,,,0,,0,0,0,0,0,0,0
2012,12,10819,2021-07-28 09:00:00+00:00,10820,2021-07-28 13:00:00+00:00,1,0,,,0,,,0,0,,,1,0,1,1,0,0,,,,,,0,,0,0,0,0,0,0,0
2014,12,10822,2021-07-28 21:00:00+00:00,10822,2021-07-28 21:00:00+00:00,1,0,,,0,,,0,0,,,1,0,0,1,0,0,,,,,,0,,0,0,0,0,0,0,0
2019,12,10844,2021-08-03 13:00:00+00:00,10848,2021-08-04 05:00:00+00:00,1,1,10847.0,2021-08-04 01:00:00+00:00,1,10847.0,2021-08-04 01:00:00+00:00,0,1,,,0,0,0,0,0,1,0.523737545953438,0.7703163017031569,0.25,0.0,0.0,0,0.6508623474878829,0,0,0,0,0,0,0
2032,12,10915,2021-08-19 09:00:00+00:00,10920,2021-08-20 05:00:00+00:00,1,1,10919.0,2021-08-20 01:00:00+00:00,1,10919.0,2021-08-20 01:00:00+00:00,1,0,10919.0,2021-08-20 01:00:00+00:00,0,0,0,0,0,1,0.4076497806622223,0.8062015503875943,0.5833333333333333,0.0,1.0,-1,0.771216032690344,0,0,0,0,0,0,1
2040,12,10948,2021-08-26 21:00:00+00:00,10948,2021-08-26 21:00:00+00:00,1,0,,,0,,,0,0,,,1,0,0,1,0,0,,,,,,0,,0,0,0,0,0,0,0
2060,12,11110,2021-10-04 21:00:00+00:00,11117,2021-10-06 01:00:00+00:00,1,1,11113.0,2021-10-05 09:00:00+00:00,1,11113.0,2021-10-05 09:00:00+00:00,0,1,,,0,0,0,0,0,1,0.525698683149683,0.8249180327868938,0.5833333333333333,0.0,0.0,0,0.6815191213831427,0,0,0,0,0,0,0
2063,12,11119,2021-10-06 09:00:00+00:00,11120,2021-10-06 13:00:00+00:00,1,0,,,0,,,0,0,,,1,0,0,1,0,0,,,,,,0,,0,0,0,0,0,0,0
2066,12,11123,2021-10-07 01:00:00+00:00,11123,2021-10-07 01:00:00+00:00,1,0,,,0,,,0,0,,,1,0,0,1,0,0,,,,,,0,,0,0,0,0,0,0,0
2075,12,11174,2021-10-19 13:00:00+00:00,11174,2021-10-19 13:00:00+00:00,1,0,,,0,,,0,0,,,1,0,0,1,0,0,,,,,,0,,0,0,0,0,0,0,0
2081,12,11182,2021-10-20 21:00:00+00:00,11187,2021-10-21 17:00:00+00:00,1,1,11187.0,2021-10-21 17:00:00+00:00,0,,,0,0,,,0,0,1,0,0,0,0.6341995244104501,0.6530823181985959,0.16666666666666663,1.0,0.0,1,0.5276649926601265,1,0,1,1,1,0,1
2084,12,11189,2021-10-22 01:00:00+00:00,11189,2021-10-22 01:00:00+00:00,1,0,,,0,,,0,0,,,1,0,0,1,0,0,,,,,,0,,0,0,0,0,0,0,0
2089,12,11214,2021-10-28 05:00:00+00:00,11214,2021-10-28 05:00:00+00:00,1,0,,,0,,,0,0,,,1,0,0,1,0,0,,,,,,0,,0,0,0,0,0,0,0
2093,12,11234,2021-11-02 13:00:00+00:00,11238,2021-11-03 05:00:00+00:00,1,0,,,0,,,0,0,,,0,0,0,1,0,0,,,,,,0,,0,0,0,0,0,0,0
2103,12,11282,2021-11-12 14:00:00+00:00,11282,2021-11-12 14:00:00+00:00,1,0,,,0,,,0,0,,,1,0,0,1,0,0,,,,,,0,,0,0,0,0,0,0,0
2105,12,11305,2021-11-18 10:00:00+00:00,11308,2021-11-18 22:00:00+00:00,1,0,,,0,,,0,0,,,0,0,0,1,0,0,,,,,,0,,0,0,0,0,0,0,0
2117,12,11372,2021-12-03 14:00:00+00:00,11377,2021-12-06 10:00:00+00:00,1,1,11376.0,2021-12-06 06:00:00+00:00,1,11376.0,2021-12-06 06:00:00+00:00,1,0,11376.0,2021-12-06 06:00:00+00:00,0,0,0,0,0,1,0.6196785933507155,0.355805243445696,0.25,3.0,0.0,1,0.6436172069879682,1,1,0,0,1,0,0
2123,12,11379,2021-12-06 18:00:00+00:00,11382,2021-12-07 06:00:00+00:00,1,1,11382.0,2021-12-07 06:00:00+00:00,1,11382.0,2021-12-07 06:00:00+00:00,1,0,11382.0,2021-12-07 06:00:00+00:00,0,0,0,0,0,1,0.6301377073738285,0.6759560303452532,0.16666666666666663,0.0,0.0,0,0.668180063506799,1,0,1,0,1,0,0
2126,12,11384,2021-12-07 14:00:00+00:00,11386,2021-12-07 22:00:00+00:00,1,0,,,0,,,0,0,,,1,0,1,1,0,0,,,,,,0,,0,0,0,0,0,0,0
2130,12,11388,2021-12-08 06:00:00+00:00,11390,2021-12-08 14:00:00+00:00,1,0,,,0,,,0,0,,,1,0,0,1,0,0,,,,,,0,,0,0,0,0,0,0,0
2136,12,11401,2021-12-10 10:00:00+00:00,11401,2021-12-10 10:00:00+00:00,1,0,,,0,,,0,0,,,1,0,0,1,0,0,,,,,,0,,0,0,0,0,0,0,0
2138,12,11405,2021-12-13 02:00:00+00:00,11406,2021-12-13 06:00:00+00:00,1,0,,,0,,,0,0,,,1,0,0,1,0,0,,,,,,0,,0,0,0,0,0,0,0
2145,12,11448,2021-12-22 06:00:00+00:00,11450,2021-12-22 14:00:00+00:00,1,0,,,0,,,0,0,,,1,0,0,1,0,0,,,,,,0,,0,0,0,0,0,0,0
2156,12,11548,2022-01-16 22:00:00+00:00,11551,2022-01-17 10:00:00+00:00,1,1,11551.0,2022-01-17 10:00:00+00:00,1,11551.0,2022-01-17 10:00:00+00:00,1,0,11551.0,2022-01-17 10:00:00+00:00,0,0,0,0,0,1,0.45464377796347627,0.998019409784113,0.41666666666666663,0.0,0.0,0,0.8088119424294334,0,0,0,0,0,0,0
2163,12,11577,2022-01-21 18:00:00+00:00,11580,2022-01-24 06:00:00+00:00,1,1,11580.0,2022-01-24 06:00:00+00:00,1,11580.0,2022-01-24 06:00:00+00:00,1,0,11580.0,2022-01-24 06:00:00+00:00,0,0,0,0,0,1,0.4863185845489931,0.9452736318407913,0.16666666666666663,0.0,0.0,0,0.7028794935115559,0,0,1,0,0,0,0
2166,12,11582,2022-01-24 14:00:00+00:00,11587,2022-01-25 10:00:00+00:00,1,1,11586.0,2022-01-25 06:00:00+00:00,1,11586.0,2022-01-25 06:00:00+00:00,1,0,11586.0,2022-01-25 06:00:00+00:00,0,0,0,0,0,1,0.5569470051666716,0.5531286272026978,0.6666666666666667,3.0,0.0,1,0.6308369270291126,1,0,0,0,0,0,1
2173,12,11612,2022-01-31 14:00:00+00:00,11614,2022-01-31 22:00:00+00:00,1,0,,,0,,,0,0,,,1,0,0,1,0,0,,,,,,0,,0,0,0,0,0,0,0
2177,12,11623,2022-02-02 10:00:00+00:00,11626,2022-02-02 22:00:00+00:00,1,0,,,0,,,0,0,,,0,0,0,1,0,0,,,,,,0,,0,0,0,0,0,0,0
2184,12,11666,2022-02-11 14:00:00+00:00,11666,2022-02-11 14:00:00+00:00,1,0,,,0,,,0,0,,,1,0,0,1,0,0,,,,,,0,,0,0,0,0,0,0,0
2193,12,11737,2022-03-01 10:00:00+00:00,11737,2022-03-01 10:00:00+00:00,1,0,,,0,,,0,0,,,1,0,0,1,0,0,,,,,,0,,0,0,0,0,0,0,0
2196,12,11745,2022-03-02 18:00:00+00:00,11745,2022-03-02 18:00:00+00:00,1,0,,,0,,,0,0,,,1,0,0,1,0,0,,,,,,0,,0,0,0,0,0,0,0
2198,12,11748,2022-03-03 06:00:00+00:00,11750,2022-03-03 14:00:00+00:00,1,0,,,0,,,0,0,,,1,0,0,1,0,0,,,,,,0,,0,0,0,0,0,0,0
2211,12,11786,2022-03-11 14:00:00+00:00,11790,2022-03-14 05:00:00+00:00,1,1,11789.0,2022-03-14 01:00:00+00:00,1,11789.0,2022-03-14 01:00:00+00:00,1,0,11789.0,2022-03-14 01:00:00+00:00,0,0,0,0,0,1,0.4891217893372687,0.882047233734621,0.33333333333333337,0.0,0.0,0,0.7804145165265016,0,0,0,0,0,0,0
2219,12,11822,2022-03-21 13:00:00+00:00,11826,2022-03-22 05:00:00+00:00,1,1,11826.0,2022-03-22 05:00:00+00:00,0,,,0,0,,,0,0,0,0,0,0,0.4040505691949816,0.9354238258877474,0.6666666666666667,1.0,0.0,1,0.5384946372267725,0,0,0,1,0,0,1
2225,12,11847,2022-03-25 17:00:00+00:00,11849,2022-03-28 01:00:00+00:00,1,0,,,0,,,0,0,,,1,0,0,1,0,0,,,,,,0,,0,0,0,0,0,0,0
2231,12,11883,2022-04-04 17:00:00+00:00,11887,2022-04-05 09:00:00+00:00,1,0,,,0,,,0,0,,,0,0,0,1,0,0,,,,,,0,,0,0,0,0,0,0,0
2237,12,11901,2022-04-07 17:00:00+00:00,11903,2022-04-08 01:00:00+00:00,1,0,,,0,,,0,0,,,1,0,0,1,0,0,,,,,,0,,0,0,0,0,0,0,0
2249,12,11954,2022-04-21 13:00:00+00:00,11958,2022-04-22 05:00:00+00:00,1,1,11958.0,2022-04-22 05:00:00+00:00,1,11958.0,2022-04-22 05:00:00+00:00,1,0,11958.0,2022-04-22 05:00:00+00:00,0,0,0,0,0,1,0.40868427065424834,0.8797409805735465,0.41666666666666663,1.0,0.0,1,0.6011925693224422,0,0,0,0,0,0,1
2256,12,11975,2022-04-27 01:00:00+00:00,11975,2022-04-27 01:00:00+00:00,1,0,,,0,,,0,0,,,1,0,0,1,0,0,,,,,,0,,0,0,0,0,0,0,0
2264,12,12038,2022-05-11 13:00:00+00:00,12042,2022-05-12 05:00:00+00:00,1,1,12041.0,2022-05-12 01:00:00+00:00,1,12041.0,2022-05-12 01:00:00+00:00,1,0,12041.0,2022-05-12 01:00:00+00:00,0,0,0,0,0,1,0.5277104206644748,0.7120940426379796,0.25,1.0,0.0,1,0.743812908437478,0,0,0,0,0,0,0
2274,12,12108,2022-05-27 05:00:00+00:00,12112,2022-05-29 21:00:00+00:00,1,1,12112.0,2022-05-29 21:00:00+00:00,1,12112.0,2022-05-29 21:00:00+00:00,1,0,12112.0,2022-05-29 21:00:00+00:00,0,0,0,0,0,1,0.47203408891543835,0.9091050462638919,0.33333333333333337,1.0,0.0,1,0.6482863871108481,0,0,0,0,0,0,1
2286,12,12152,2022-06-07 13:00:00+00:00,12155,2022-06-08 01:00:00+00:00,1,1,12155.0,2022-06-08 01:00:00+00:00,1,12155.0,2022-06-08 01:00:00+00:00,1,0,12155.0,2022-06-08 01:00:00+00:00,0,0,0,0,0,1,0.4845147441494373,0.7549584133077414,0.16666666666666663,1.0,0.0,1,0.7472139802019576,0,0,1,0,0,0,0
2288,12,12157,2022-06-08 09:00:00+00:00,12157,2022-06-08 09:00:00+00:00,1,0,,,0,,,0,0,,,1,0,0,1,0,0,,,,,,0,,0,0,0,0,0,0,0
2292,12,12207,2022-06-20 17:00:00+00:00,12209,2022-06-21 01:00:00+00:00,1,0,,,0,,,0,0,,,1,0,0,1,0,0,,,,,,0,,0,0,0,0,0,0,0
2296,12,12212,2022-06-21 13:00:00+00:00,12212,2022-06-21 13:00:00+00:00,1,0,,,0,,,0,0,,,1,0,0,1,0,0,,,,,,0,,0,0,0,0,0,0,0
2300,12,12218,2022-06-22 13:00:00+00:00,12226,2022-06-23 21:00:00+00:00,1,1,12221.0,2022-06-23 01:00:00+00:00,1,12221.0,2022-06-23 01:00:00+00:00,1,0,12221.0,2022-06-23 01:00:00+00:00,0,0,0,0,0,1,0.49366879037066264,0.9866504031984834,0.6666666666666667,0.0,0.0,0,0.7910571564281397,0,0,0,0,0,0,0
2304,12,12243,2022-06-28 17:00:00+00:00,12243,2022-06-28 17:00:00+00:00,1,0,,,0,,,0,0,,,1,0,0,1,0,0,,,,,,0,,0,0,0,0,0,0,0
2306,12,12252,2022-06-30 05:00:00+00:00,12252,2022-06-30 05:00:00+00:00,1,0,,,0,,,0,0,,,1,0,0,1,0,0,,,,,,0,,0,0,0,0,0,0,0
2317,12,12305,2022-07-13 01:00:00+00:00,12306,2022-07-13 05:00:00+00:00,1,0,,,0,,,0,0,,,1,0,0,1,0,0,,,,,,0,,0,0,0,0,0,0,0
2326,12,12367,2022-07-27 09:00:00+00:00,12367,2022-07-27 09:00:00+00:00,1,0,,,0,,,0,0,,,1,0,0,1,0,0,,,,,,0,,0,0,0,0,0,0,0
2338,12,12440,2022-08-12 13:00:00+00:00,12440,2022-08-12 13:00:00+00:00,1,0,,,0,,,0,0,,,1,0,0,1,0,0,,,,,,0,,0,0,0,0,0,0,0
2340,12,12443,2022-08-15 01:00:00+00:00,12443,2022-08-15 01:00:00+00:00,1,0,,,0,,,0,0,,,1,0,0,1,0,0,,,,,,0,,0,0,0,0,0,0,0
2344,12,12459,2022-08-17 17:00:00+00:00,12459,2022-08-17 17:00:00+00:00,1,0,,,0,,,0,0,,,1,0,0,1,0,0,,,,,,0,,0,0,0,0,0,0,0
2359,12,12600,2022-09-20 05:00:00+00:00,12608,2022-09-21 13:00:00+00:00,1,1,12608.0,2022-09-21 13:00:00+00:00,0,,,0,0,,,0,0,0,0,0,0,0.39301039369233204,0.9494742241600342,0.5833333333333333,1.0,1.0,0,0.47877251590081493,0,0,0,1,0,0,1
2365,12,12632,2022-09-27 13:00:00+00:00,12632,2022-09-27 13:00:00+00:00,1,0,,,0,,,0,0,,,1,0,0,1,0,0,,,,,,0,,0,0,0,0,0,0,0
2374,12,12672,2022-10-06 05:00:00+00:00,12672,2022-10-06 05:00:00+00:00,1,0,,,0,,,0,0,,,1,0,0,1,0,0,,,,,,0,,0,0,0,0,0,0,0
2379,12,12715,2022-10-17 09:00:00+00:00,12718,2022-10-17 21:00:00+00:00,1,1,12718.0,2022-10-17 21:00:00+00:00,1,12718.0,2022-10-17 21:00:00+00:00,0,1,,,0,0,0,0,0,1,0.49080472351205123,0.8386381631037255,0.16666666666666663,0.0,0.0,0,0.6796767429657908,0,0,1,0,0,0,0
2383,12,12720,2022-10-18 05:00:00+00:00,12721,2022-10-18 09:00:00+00:00,1,0,,,0,,,0,0,,,1,0,1,1,0,0,,,,,,0,,0,0,0,0,0,0,0
2386,12,12723,2022-10-18 17:00:00+00:00,12725,2022-10-19 01:00:00+00:00,1,0,,,0,,,0,0,,,1,0,0,1,0,0,,,,,,0,,0,0,0,0,0,0,0
2394,12,12764,2022-10-27 13:00:00+00:00,12765,2022-10-27 17:00:00+00:00,1,0,,,0,,,0,0,,,1,0,1,1,0,0,,,,,,0,,0,0,0,0,0,0,0
2397,12,12767,2022-10-28 01:00:00+00:00,12767,2022-10-28 01:00:00+00:00,1,0,,,0,,,0,0,,,1,0,0,1,0,0,,,,,,0,,0,0,0,0,0,0,0
2402,12,12782,2022-11-01 13:00:00+00:00,12782,2022-11-01 13:00:00+00:00,1,0,,,0,,,0,0,,,1,0,0,1,0,0,,,,,,0,,0,0,0,0,0,0,0
2407,12,12836,2022-11-14 14:00:00+00:00,12836,2022-11-14 14:00:00+00:00,1,0,,,0,,,0,0,,,1,0,0,1,0,0,,,,,,0,,0,0,0,0,0,0,0
2408,12,12839,2022-11-15 02:00:00+00:00,12839,2022-11-15 02:00:00+00:00,1,0,,,0,,,0,0,,,1,0,0,1,0,0,,,,,,0,,0,0,0,0,0,0,0
2413,12,12852,2022-11-17 06:00:00+00:00,12852,2022-11-17 06:00:00+00:00,1,0,,,0,,,0,0,,,1,0,0,1,0,0,,,,,,0,,0,0,0,0,0,0,0
2416,12,12875,2022-11-23 02:00:00+00:00,12876,2022-11-23 06:00:00+00:00,1,0,,,0,,,0,0,,,1,0,0,1,0,0,,,,,,0,,0,0,0,0,0,0,0
2422,12,12895,2022-11-28 10:00:00+00:00,12895,2022-11-28 10:00:00+00:00,1,0,,,0,,,0,0,,,1,0,0,1,0,0,,,,,,0,,0,0,0,0,0,0,0
2425,12,12902,2022-11-29 14:00:00+00:00,12902,2022-11-29 14:00:00+00:00,1,0,,,0,,,0,0,,,1,0,0,1,0,0,,,,,,0,,0,0,0,0,0,0,0
2436,12,12948,2022-12-09 14:00:00+00:00,12951,2022-12-12 02:00:00+00:00,1,1,12951.0,2022-12-12 02:00:00+00:00,1,12951.0,2022-12-12 02:00:00+00:00,1,0,12951.0,2022-12-12 02:00:00+00:00,0,0,0,0,0,1,0.4599552222168843,0.8089596949891104,0.16666666666666663,0.0,1.0,-1,0.7838939700676018,0,0,1,0,0,0,0
2439,12,12953,2022-12-12 10:00:00+00:00,12953,2022-12-12 10:00:00+00:00,1,0,,,0,,,0,0,,,1,0,0,1,0,0,,,,,,0,,0,0,0,0,0,0,0
2441,12,12981,2022-12-19 02:00:00+00:00,12985,2022-12-19 18:00:00+00:00,1,1,12985.0,2022-12-19 18:00:00+00:00,1,12985.0,2022-12-19 18:00:00+00:00,1,0,12985.0,2022-12-19 18:00:00+00:00,0,0,0,0,0,1,0.5334337615162994,0.7379832276539167,0.25,1.0,0.0,1,0.587706644053523,0,0,0,0,0,0,0
2446,12,12989,2022-12-20 10:00:00+00:00,12989,2022-12-20 10:00:00+00:00,1,0,,,0,,,0,0,,,1,0,0,1,0,0,,,,,,0,,0,0,0,0,0,0,0
2455,12,13069,2023-01-10 18:00:00+00:00,13070,2023-01-10 22:00:00+00:00,1,0,,,0,,,0,0,,,1,0,0,1,0,0,,,,,,0,,0,0,0,0,0,0,0
2458,12,13073,2023-01-11 10:00:00+00:00,13075,2023-01-11 18:00:00+00:00,1,0,,,0,,,0,0,,,1,0,0,1,0,0,,,,,,0,,0,0,0,0,0,0,0
2465,12,13102,2023-01-18 06:00:00+00:00,13102,2023-01-18 06:00:00+00:00,1,0,,,0,,,0,0,,,1,0,1,1,0,0,,,,,,0,,0,0,0,0,0,0,0
2468,12,13104,2023-01-18 14:00:00+00:00,13110,2023-01-19 14:00:00+00:00,1,1,13107.0,2023-01-19 02:00:00+00:00,1,13107.0,2023-01-19 02:00:00+00:00,0,1,,,0,0,0,0,0,1,0.5059895174641603,0.6001594351440541,0.5833333333333333,0.0,2.0,-1,0.7065961211481427,0,0,0,0,0,0,0
2478,12,13140,2023-01-26 14:00:00+00:00,13143,2023-01-27 02:00:00+00:00,1,0,,,0,,,0,0,,,0,0,0,1,0,0,,,,,,0,,0,0,0,0,0,0,0
2482,12,13155,2023-01-31 02:00:00+00:00,13155,2023-01-31 02:00:00+00:00,1,0,,,0,,,0,0,,,1,0,0,1,0,0,,,,,,0,,0,0,0,0,0,0,0
2488,12,13189,2023-02-07 18:00:00+00:00,13198,2023-02-09 06:00:00+00:00,1,1,13197.0,2023-02-09 02:00:00+00:00,1,13197.0,2023-02-09 02:00:00+00:00,1,0,13197.0,2023-02-09 02:00:00+00:00,0,0,0,0,0,1,0.5516585434767273,0.8585858585858568,0.33333333333333337,0.0,0.0,0,0.7513337147700773,1,0,0,0,0,1,1
2490,12,13200,2023-02-09 14:00:00+00:00,13200,2023-02-09 14:00:00+00:00,1,0,,,0,,,0,0,,,1,0,1,1,0,0,,,,,,0,,0,0,0,0,0,0,0
2494,12,13202,2023-02-09 22:00:00+00:00,13202,2023-02-09 22:00:00+00:00,1,0,,,0,,,0,0,,,1,0,0,1,0,0,,,,,,0,,0,0,0,0,0,0,0
2498,12,13216,2023-02-14 06:00:00+00:00,13216,2023-02-14 06:00:00+00:00,1,0,,,0,,,0,0,,,1,0,0,1,0,0,,,,,,0,,0,0,0,0,0,0,0
2509,12,13248,2023-02-21 14:00:00+00:00,13251,2023-02-22 02:00:00+00:00,1,1,13251.0,2023-02-22 02:00:00+00:00,1,13251.0,2023-02-22 02:00:00+00:00,1,0,13251.0,2023-02-22 02:00:00+00:00,0,0,0,0,0,1,0.5804201075273487,0.6716791979949829,0.25,0.0,1.0,-1,0.6935514900611924,1,0,0,0,0,0,0
2512,12,13253,2023-02-22 10:00:00+00:00,13253,2023-02-22 10:00:00+00:00,1,0,,,0,,,0,0,,,1,0,0,1,0,0,,,,,,0,,0,0,0,0,0,0,0
2519,12,13296,2023-03-03 14:00:00+00:00,13296,2023-03-03 14:00:00+00:00,1,0,,,0,,,0,0,,,1,0,0,1,0,0,,,,,,0,,0,0,0,0,0,0,0
2528,12,13387,2023-03-24 17:00:00+00:00,13390,2023-03-27 05:00:00+00:00,1,0,,,0,,,0,0,,,0,0,0,1,0,0,,,,,,0,,0,0,0,0,0,0,0
2531,12,13399,2023-03-28 17:00:00+00:00,13402,2023-03-29 05:00:00+00:00,1,0,,,0,,,0,0,,,0,0,1,1,0,0,,,,,,0,,0,0,0,0,0,0,0
2534,12,13404,2023-03-29 13:00:00+00:00,13407,2023-03-30 01:00:00+00:00,1,1,13407.0,2023-03-30 01:00:00+00:00,1,13407.0,2023-03-30 01:00:00+00:00,1,0,13407.0,2023-03-30 01:00:00+00:00,0,0,0,0,0,1,0.47438312564503476,0.9963019637847521,0.16666666666666663,0.0,0.0,0,0.7907361339008548,0,0,1,0,0,0,0
2550,12,13512,2023-04-25 13:00:00+00:00,13515,2023-04-26 01:00:00+00:00,1,0,,,0,,,0,0,,,0,0,0,1,0,0,,,,,,0,,0,0,0,0,0,0,0
2555,12,13536,2023-05-01 13:00:00+00:00,13541,2023-05-02 09:00:00+00:00,1,1,13539.0,2023-05-02 01:00:00+00:00,1,13539.0,2023-05-02 01:00:00+00:00,1,0,13539.0,2023-05-02 01:00:00+00:00,0,0,0,0,0,1,0.7863446575098069,0.41413128273710753,0.6666666666666667,0.0,3.0,-1,0.599430997774334,1,1,0,0,1,0,0
2562,12,13575,2023-05-10 01:00:00+00:00,13576,2023-05-10 05:00:00+00:00,1,0,,,0,,,0,0,,,1,0,1,1,0,0,,,,,,0,,0,0,0,0,0,0,0
2565,12,13578,2023-05-10 13:00:00+00:00,13583,2023-05-11 09:00:00+00:00,1,1,13581.0,2023-05-11 01:00:00+00:00,1,13581.0,2023-05-11 01:00:00+00:00,1,0,13581.0,2023-05-11 01:00:00+00:00,0,0,0,0,0,1,0.5056606808904253,0.788116591928258,0.75,0.0,0.0,0,0.7621965050574123,0,0,0,0,0,0,0
2571,12,13600,2023-05-16 05:00:00+00:00,13601,2023-05-16 09:00:00+00:00,1,0,,,0,,,0,0,,,1,0,0,1,0,0,,,,,,0,,0,0,0,0,0,0,0
2588,12,13783,2023-06-27 17:00:00+00:00,13784,2023-06-27 21:00:00+00:00,1,0,,,0,,,0,0,,,1,0,0,1,0,0,,,,,,0,,0,0,0,0,0,0,0
2595,12,13817,2023-07-05 09:00:00+00:00,13817,2023-07-05 09:00:00+00:00,1,0,,,0,,,0,0,,,1,0,0,1,0,0,,,,,,0,,0,0,0,0,0,0,0
2603,12,13862,2023-07-16 21:00:00+00:00,13864,2023-07-17 05:00:00+00:00,1,0,,,0,,,0,0,,,1,0,0,1,0,0,,,,,,0,,0,0,0,0,0,0,0
2609,12,13896,2023-07-24 13:00:00+00:00,13896,2023-07-24 13:00:00+00:00,1,0,,,0,,,0,0,,,1,0,0,1,0,0,,,,,,0,,0,0,0,0,0,0,0
2612,12,13900,2023-07-25 05:00:00+00:00,13904,2023-07-25 21:00:00+00:00,1,1,13904.0,2023-07-25 21:00:00+00:00,0,,,0,0,,,0,0,0,0,0,0,0.6893174955684572,0.48318804483188615,0.33333333333333337,2.0,1.0,1,0.2884692172410743,1,0,0,1,0,0,1
2629,12,13973,2023-08-10 09:00:00+00:00,13974,2023-08-10 13:00:00+00:00,1,0,,,0,,,0,0,,,1,0,0,1,0,0,,,,,,0,,0,0,0,0,0,0,0
2635,12,14016,2023-08-21 13:00:00+00:00,14019,2023-08-22 01:00:00+00:00,1,1,14019.0,2023-08-22 01:00:00+00:00,1,14019.0,2023-08-22 01:00:00+00:00,1,0,14019.0,2023-08-22 01:00:00+00:00,0,0,0,0,0,1,0.6348005798752545,0.573166368515216,0.75,1.0,0.0,1,0.6821637206742189,1,0,0,0,0,0,0
2650,12,14094,2023-09-07 13:00:00+00:00,14097,2023-09-08 01:00:00+00:00,1,1,14097.0,2023-09-08 01:00:00+00:00,1,14097.0,2023-09-08 01:00:00+00:00,1,0,14097.0,2023-09-08 01:00:00+00:00,0,0,0,0,0,1,0.42894777703017056,0.945083932853729,0.25,0.0,0.0,0,0.7551225091868964,0,0,0,0,0,0,0
2656,12,14104,2023-09-11 05:00:00+00:00,14110,2023-09-12 05:00:00+00:00,1,1,14109.0,2023-09-12 01:00:00+00:00,1,14109.0,2023-09-12 01:00:00+00:00,1,0,14109.0,2023-09-12 01:00:00+00:00,0,0,0,0,0,1,0.5756980658168095,0.7811259051623369,0.41666666666666663,0.0,0.0,0,0.7319419209764204,1,0,0,0,0,0,1
2662,12,14127,2023-09-15 01:00:00+00:00,14127,2023-09-15 01:00:00+00:00,1,0,,,0,,,0,0,,,1,0,0,1,0,0,,,,,,0,,0,0,0,0,0,0,0
2671,12,14164,2023-09-25 05:00:00+00:00,14164,2023-09-25 05:00:00+00:00,1,0,,,0,,,0,0,,,1,0,0,1,0,0,,,,,,0,,0,0,0,0,0,0,0
2675,12,14167,2023-09-25 17:00:00+00:00,14168,2023-09-25 21:00:00+00:00,1,0,,,0,,,0,0,,,1,0,0,1,0,0,,,,,,0,,0,0,0,0,0,0,0
2677,12,14208,2023-10-04 13:00:00+00:00,14208,2023-10-04 13:00:00+00:00,1,0,,,0,,,0,0,,,1,0,0,1,0,0,,,,,,0,,0,0,0,0,0,0,0
2683,12,14214,2023-10-05 13:00:00+00:00,14215,2023-10-05 17:00:00+00:00,1,0,,,0,,,0,0,,,1,0,0,1,0,0,,,,,,0,,0,0,0,0,0,0,0
2687,12,14248,2023-10-13 05:00:00+00:00,14248,2023-10-13 05:00:00+00:00,1,0,,,0,,,0,0,,,1,0,0,1,0,0,,,,,,0,,0,0,0,0,0,0,0
2704,12,14420,2023-11-22 22:00:00+00:00,14420,2023-11-22 22:00:00+00:00,1,0,,,0,,,0,0,,,1,0,0,1,0,0,,,,,,0,,0,0,0,0,0,0,0
2708,12,14431,2023-11-24 18:00:00+00:00,14431,2023-11-24 18:00:00+00:00,1,0,,,0,,,0,0,,,1,0,0,1,0,0,,,,,,0,,0,0,0,0,0,0,0
2716,12,14526,2023-12-18 14:00:00+00:00,14527,2023-12-18 18:00:00+00:00,1,0,,,0,,,0,0,,,1,0,0,1,0,0,,,,,,0,,0,0,0,0,0,0,0
2720,12,14543,2023-12-21 10:00:00+00:00,14543,2023-12-21 10:00:00+00:00,1,0,,,0,,,0,0,,,1,0,0,1,0,0,,,,,,0,,0,0,0,0,0,0,0
2729,12,14560,2023-12-27 06:00:00+00:00,14561,2023-12-27 10:00:00+00:00,1,0,,,0,,,0,0,,,1,0,0,1,0,0,,,,,,0,,0,0,0,0,0,0,0
2735,12,14584,2024-01-03 06:00:00+00:00,14584,2024-01-03 06:00:00+00:00,1,0,,,0,,,0,0,,,1,0,0,1,0,0,,,,,,0,,0,0,0,0,0,0,0
2742,12,14614,2024-01-10 06:00:00+00:00,14614,2024-01-10 06:00:00+00:00,1,0,,,0,,,0,0,,,1,0,1,1,0,0,,,,,,0,,0,0,0,0,0,0,0
2743,12,14616,2024-01-10 14:00:00+00:00,14618,2024-01-10 22:00:00+00:00,1,0,,,0,,,0,0,,,1,0,0,1,0,0,,,,,,0,,0,0,0,0,0,0,0
2757,12,14695,2024-01-29 18:00:00+00:00,14697,2024-01-30 02:00:00+00:00,1,0,,,0,,,0,0,,,1,0,0,1,0,0,,,,,,0,,0,0,0,0,0,0,0
2764,12,14732,2024-02-06 22:00:00+00:00,14732,2024-02-06 22:00:00+00:00,1,0,,,0,,,0,0,,,1,0,0,1,0,0,,,,,,0,,0,0,0,0,0,0,0
2767,12,14748,2024-02-09 14:00:00+00:00,14752,2024-02-12 06:00:00+00:00,1,1,14751.0,2024-02-12 02:00:00+00:00,1,14751.0,2024-02-12 02:00:00+00:00,1,0,14751.0,2024-02-12 02:00:00+00:00,0,0,0,0,0,1,0.7659504441148336,0.4062414453873464,0.6666666666666667,0.0,3.0,-1,0.6070497869182514,1,1,0,0,1,0,0
2773,12,14824,2024-02-28 06:00:00+00:00,14829,2024-02-29 02:00:00+00:00,1,1,14829.0,2024-02-29 02:00:00+00:00,1,14829.0,2024-02-29 02:00:00+00:00,1,0,14829.0,2024-02-29 02:00:00+00:00,0,0,0,0,0,1,0.643235959969503,0.5246851666109456,0.16666666666666663,2.0,0.0,1,0.6704761358632939,1,0,1,0,1,0,1
2786,12,14910,2024-03-19 13:00:00+00:00,14915,2024-03-20 09:00:00+00:00,1,1,14913.0,2024-03-20 01:00:00+00:00,1,14913.0,2024-03-20 01:00:00+00:00,1,0,14913.0,2024-03-20 01:00:00+00:00,0,0,0,0,0,1,0.6093820320020121,0.730879815986224,0.5,0.0,0.0,0,0.7117651244775017,1,0,0,0,0,0,0
2791,12,14950,2024-03-28 05:00:00+00:00,14950,2024-03-28 05:00:00+00:00,1,0,,,0,,,0,0,,,1,0,0,1,0,0,,,,,,0,,0,0,0,0,0,0,0
2804,12,15075,2024-04-29 01:00:00+00:00,15075,2024-04-29 01:00:00+00:00,1,0,,,0,,,0,0,,,1,0,0,1,0,0,,,,,,0,,0,0,0,0,0,0,0
2813,12,15117,2024-05-08 01:00:00+00:00,15117,2024-05-08 01:00:00+00:00,1,0,,,0,,,0,0,,,1,0,0,1,0,0,,,,,,0,,0,0,0,0,0,0,0
2819,12,15174,2024-05-21 13:00:00+00:00,15175,2024-05-21 17:00:00+00:00,1,0,,,0,,,0,0,,,1,0,0,1,0,0,,,,,,0,,0,0,0,0,0,0,0
2823,12,15201,2024-05-28 01:00:00+00:00,15202,2024-05-28 05:00:00+00:00,1,0,,,0,,,0,0,,,1,0,0,1,0,0,,,,,,0,,0,0,0,0,0,0,0
2833,12,15264,2024-06-11 13:00:00+00:00,15265,2024-06-11 17:00:00+00:00,1,0,,,0,,,0,0,,,1,0,0,1,0,0,,,,,,0,,0,0,0,0,0,0,0
2839,12,15275,2024-06-13 09:00:00+00:00,15275,2024-06-13 09:00:00+00:00,1,0,,,0,,,0,0,,,1,0,0,1,0,0,,,,,,0,,0,0,0,0,0,0,0
2842,12,15289,2024-06-17 17:00:00+00:00,15289,2024-06-17 17:00:00+00:00,1,0,,,0,,,0,0,,,1,0,0,1,0,0,,,,,,0,,0,0,0,0,0,0,0
2856,12,15347,2024-07-01 09:00:00+00:00,15357,2024-07-03 01:00:00+00:00,1,1,15351.0,2024-07-02 01:00:00+00:00,1,15351.0,2024-07-02 01:00:00+00:00,1,0,15351.0,2024-07-02 01:00:00+00:00,0,0,0,0,0,1,0.42479178363537445,0.8475696083057898,0.6666666666666667,0.0,0.0,0,0.688977729306374,0,0,0,0,0,0,1
2864,12,15426,2024-07-18 13:00:00+00:00,15426,2024-07-18 13:00:00+00:00,1,0,,,0,,,0,0,,,1,0,0,1,0,0,,,,,,0,,0,0,0,0,0,0,0
2868,12,15472,2024-07-30 05:00:00+00:00,15472,2024-07-30 05:00:00+00:00,1,0,,,0,,,0,0,,,1,0,0,1,0,0,,,,,,0,,0,0,0,0,0,0,0
2875,12,15510,2024-08-07 13:00:00+00:00,15513,2024-08-08 01:00:00+00:00,1,0,,,0,,,0,0,,,0,0,0,1,0,0,,,,,,0,,0,0,0,0,0,0,0
2880,12,15518,2024-08-08 21:00:00+00:00,15518,2024-08-08 21:00:00+00:00,1,0,,,0,,,0,0,,,1,0,0,1,0,0,,,,,,0,,0,0,0,0,0,0,0
2888,12,15541,2024-08-14 17:00:00+00:00,15541,2024-08-14 17:00:00+00:00,1,0,,,0,,,0,0,,,1,0,0,1,0,0,,,,,,0,,0,0,0,0,0,0,0
2889,12,15545,2024-08-15 09:00:00+00:00,15545,2024-08-15 09:00:00+00:00,1,0,,,0,,,0,0,,,1,0,0,1,0,0,,,,,,0,,0,0,0,0,0,0,0
2899,12,15592,2024-08-27 05:00:00+00:00,15592,2024-08-27 05:00:00+00:00,1,0,,,0,,,0,0,,,1,0,1,1,0,0,,,,,,0,,0,0,0,0,0,0,0
2901,12,15594,2024-08-27 13:00:00+00:00,15598,2024-08-28 05:00:00+00:00,1,1,15597.0,2024-08-28 01:00:00+00:00,1,15597.0,2024-08-28 01:00:00+00:00,1,0,15597.0,2024-08-28 01:00:00+00:00,0,0,0,0,0,1,0.3348858625540998,0.6932759407813325,0.75,2.0,0.0,1,0.6187922734737222,0,0,0,0,0,0,0
2918,12,15681,2024-09-17 01:00:00+00:00,15681,2024-09-17 01:00:00+00:00,1,0,,,0,,,0,0,,,1,0,0,1,0,0,,,,,,0,,0,0,0,0,0,0,0
2921,12,15685,2024-09-17 17:00:00+00:00,15688,2024-09-18 05:00:00+00:00,1,1,15688.0,2024-09-18 05:00:00+00:00,1,15688.0,2024-09-18 05:00:00+00:00,1,0,15688.0,2024-09-18 05:00:00+00:00,0,0,0,0,0,1,0.5787486383916772,0.6836621849717716,0.16666666666666663,0.0,1.0,-1,0.7189650340721081,1,0,1,0,1,0,0
2925,12,15690,2024-09-18 13:00:00+00:00,15690,2024-09-18 13:00:00+00:00,1,0,,,0,,,0,0,,,1,0,0,1,0,0,,,,,,0,,0,0,0,0,0,0,0
2933,12,15753,2024-10-03 01:00:00+00:00,15754,2024-10-03 05:00:00+00:00,1,0,,,0,,,0,0,,,1,0,0,1,0,0,,,,,,0,,0,0,0,0,0,0,0
2937,12,15771,2024-10-08 01:00:00+00:00,15771,2024-10-08 01:00:00+00:00,1,0,,,0,,,0,0,,,1,0,0,1,0,0,,,,,,0,,0,0,0,0,0,0,0
2943,12,15786,2024-10-10 13:00:00+00:00,15787,2024-10-10 17:00:00+00:00,1,0,,,0,,,0,0,,,1,0,0,1,0,0,,,,,,0,,0,0,0,0,0,0,0
2953,12,15858,2024-10-28 13:00:00+00:00,15860,2024-10-28 21:00:00+00:00,1,0,,,0,,,0,0,,,1,0,0,1,0,0,,,,,,0,,0,0,0,0,0,0,0
2957,12,15863,2024-10-29 09:00:00+00:00,15863,2024-10-29 09:00:00+00:00,1,0,,,0,,,0,0,,,1,0,0,1,0,0,,,,,,0,,0,0,0,0,0,0,0
2963,12,15888,2024-11-04 14:00:00+00:00,15888,2024-11-04 14:00:00+00:00,1,0,,,0,,,0,0,,,1,0,0,1,0,0,,,,,,0,,0,0,0,0,0,0,0
2982,12,15994,2024-11-28 06:00:00+00:00,15996,2024-11-28 14:00:00+00:00,1,0,,,0,,,0,0,,,1,0,0,1,0,0,,,,,,0,,0,0,0,0,0,0,0
2986,12,16004,2024-12-01 22:00:00+00:00,16008,2024-12-02 14:00:00+00:00,1,1,16007.0,2024-12-02 10:00:00+00:00,1,16007.0,2024-12-02 10:00:00+00:00,1,0,16007.0,2024-12-02 10:00:00+00:00,0,0,0,0,0,1,0.33095312945329447,0.571557358575615,0.5,0.0,2.0,-1,0.7585791312009499,0,0,0,0,0,0,0
2993,12,16013,2024-12-03 10:00:00+00:00,16013,2024-12-03 10:00:00+00:00,1,0,,,0,,,0,0,,,1,0,1,1,0,0,,,,,,0,,0,0,0,0,0,0,0
2995,12,16015,2024-12-03 18:00:00+00:00,16016,2024-12-03 22:00:00+00:00,1,0,,,0,,,0,0,,,1,0,1,1,0,0,,,,,,0,,0,0,0,0,0,0,0
2996,12,16018,2024-12-04 06:00:00+00:00,16022,2024-12-04 22:00:00+00:00,1,1,16022.0,2024-12-04 22:00:00+00:00,0,,,0,0,,,0,0,0,0,0,0,0.5636231540999046,0.6280134680134817,0.75,2.0,0.0,1,0.5672055480053102,1,0,0,1,0,0,1
3002,12,16027,2024-12-05 18:00:00+00:00,16027,2024-12-05 18:00:00+00:00,1,0,,,0,,,0,0,,,1,0,0,1,0,0,,,,,,0,,0,0,0,0,0,0,0
3008,12,16074,2024-12-17 14:00:00+00:00,16078,2024-12-18 06:00:00+00:00,1,1,16077.0,2024-12-18 02:00:00+00:00,1,16077.0,2024-12-18 02:00:00+00:00,1,0,16077.0,2024-12-18 02:00:00+00:00,0,0,0,0,0,1,0.46074303237887143,0.9686537031133701,0.25,0.0,0.0,0,0.8027263707744784,0,0,0,0,0,0,0
3014,12,16080,2024-12-18 14:00:00+00:00,16080,2024-12-18 14:00:00+00:00,1,0,,,0,,,0,0,,,1,0,0,1,0,0,,,,,,0,,0,0,0,0,0,0,0
3019,12,16101,2024-12-24 02:00:00+00:00,16101,2024-12-24 02:00:00+00:00,1,0,,,0,,,0,0,,,1,0,1,1,0,0,,,,,,0,,0,0,0,0,0,0,0
3021,12,16103,2024-12-24 10:00:00+00:00,16103,2024-12-24 10:00:00+00:00,1,0,,,0,,,0,0,,,1,0,0,1,0,0,,,,,,0,,0,0,0,0,0,0,0
3026,12,16108,2024-12-26 06:00:00+00:00,16109,2024-12-26 10:00:00+00:00,1,0,,,0,,,0,0,,,1,0,0,1,0,0,,,,,,0,,0,0,0,0,0,0,0
3029,12,16114,2024-12-27 06:00:00+00:00,16114,2024-12-27 06:00:00+00:00,1,0,,,0,,,0,0,,,1,0,0,1,0,0,,,,,,0,,0,0,0,0,0,0,0
3032,12,16117,2024-12-27 18:00:00+00:00,16119,2024-12-30 02:00:00+00:00,1,0,,,0,,,0,0,,,1,0,0,1,0,0,,,,,,0,,0,0,0,0,0,0,0
3054,12,16343,2025-02-20 10:00:00+00:00,16350,2025-02-21 14:00:00+00:00,1,1,16349.0,2025-02-21 10:00:00+00:00,1,16349.0,2025-02-21 10:00:00+00:00,1,0,16349.0,2025-02-21 10:00:00+00:00,0,0,0,0,0,1,0.6203485096039016,0.7003843466107664,0.5,0.0,1.0,-1,0.5852188251277873,1,0,0,0,0,0,1
3061,12,16360,2025-02-25 06:00:00+00:00,16361,2025-02-25 10:00:00+00:00,1,0,,,0,,,0,0,,,1,0,0,1,0,0,,,,,,0,,0,0,0,0,0,0,0
3066,12,16398,2025-03-05 14:00:00+00:00,16399,2025-03-05 18:00:00+00:00,1,0,,,0,,,0,0,,,1,0,0,1,0,0,,,,,,0,,0,0,0,0,0,0,0
3070,12,16403,2025-03-06 10:00:00+00:00,16409,2025-03-07 10:00:00+00:00,1,1,16406.0,2025-03-06 22:00:00+00:00,1,16406.0,2025-03-06 22:00:00+00:00,0,1,,,0,0,0,0,0,1,0.46183807495958223,0.9687257689325515,0.5833333333333333,0.0,0.0,0,0.6417581713497528,0,0,0,0,0,0,0
3077,12,16423,2025-03-11 17:00:00+00:00,16424,2025-03-11 21:00:00+00:00,1,0,,,0,,,0,0,,,1,0,0,1,0,0,,,,,,0,,0,0,0,0,0,0,0
3080,12,16432,2025-03-13 05:00:00+00:00,16432,2025-03-13 05:00:00+00:00,1,0,,,0,,,0,0,,,1,0,0,1,0,0,,,,,,0,,0,0,0,0,0,0,0
3083,12,16448,2025-03-17 21:00:00+00:00,16448,2025-03-17 21:00:00+00:00,1,0,,,0,,,0,0,,,1,0,0,1,0,0,,,,,,0,,0,0,0,0,0,0,0
3087,12,16492,2025-03-27 05:00:00+00:00,16492,2025-03-27 05:00:00+00:00,1,0,,,0,,,0,0,,,1,0,0,1,0,0,,,,,,0,,0,0,0,0,0,0,0
3089,12,16515,2025-04-02 01:00:00+00:00,16519,2025-04-02 17:00:00+00:00,1,0,,,0,,,0,0,,,0,0,0,1,0,0,,,,,,0,,0,0,0,0,0,0,0
3108,12,16646,2025-05-04 21:00:00+00:00,16647,2025-05-05 01:00:00+00:00,1,0,,,0,,,0,0,,,1,0,0,1,0,0,,,,,,0,,0,0,0,0,0,0,0
3112,12,16708,2025-05-19 05:00:00+00:00,16708,2025-05-19 05:00:00+00:00,1,0,,,0,,,0,0,,,1,0,0,1,0,0,,,,,,0,,0,0,0,0,0,0,0
3128,12,16816,2025-06-12 05:00:00+00:00,16816,2025-06-12 05:00:00+00:00,1,0,,,0,,,0,0,,,1,0,0,1,0,0,,,,,,0,,0,0,0,0,0,0,0
3133,12,16843,2025-06-18 17:00:00+00:00,16845,2025-06-19 01:00:00+00:00,1,0,,,0,,,0,0,,,1,0,0,1,0,0,,,,,,0,,0,0,0,0,0,0,0
3134,12,16851,2025-06-20 01:00:00+00:00,16851,2025-06-20 01:00:00+00:00,1,0,,,0,,,0,0,,,1,0,0,1,0,0,,,,,,0,,0,0,0,0,0,0,0
3139,12,16856,2025-06-22 21:00:00+00:00,16856,2025-06-22 21:00:00+00:00,1,0,,,0,,,0,0,,,1,0,0,1,0,0,,,,,,0,,0,0,0,0,0,0,0
3142,12,16861,2025-06-23 17:00:00+00:00,16861,2025-06-23 17:00:00+00:00,1,0,,,0,,,0,0,,,1,0,0,1,0,0,,,,,,0,,0,0,0,0,0,0,0
3146,12,16878,2025-06-26 13:00:00+00:00,16880,2025-06-26 21:00:00+00:00,1,0,,,0,,,0,0,,,1,0,0,1,0,0,,,,,,0,,0,0,0,0,0,0,0
3150,12,16906,2025-07-03 05:00:00+00:00,16906,2025-07-03 05:00:00+00:00,1,0,,,0,,,0,0,,,1,0,0,1,0,0,,,,,,0,,0,0,0,0,0,0,0
3159,12,16952,2025-07-15 01:00:00+00:00,16952,2025-07-15 01:00:00+00:00,1,0,,,0,,,0,0,,,1,0,1,1,0,0,,,,,,0,,0,0,0,0,0,0,0
3161,12,16954,2025-07-15 09:00:00+00:00,16954,2025-07-15 09:00:00+00:00,1,0,,,0,,,0,0,,,1,0,0,1,0,0,,,,,,0,,0,0,0,0,0,0,0
3180,12,17101,2025-08-18 21:00:00+00:00,17103,2025-08-19 05:00:00+00:00,1,0,,,0,,,0,0,,,1,0,0,1,0,0,,,,,,0,,0,0,0,0,0,0,0
3184,12,17110,2025-08-20 09:00:00+00:00,17110,2025-08-20 09:00:00+00:00,1,0,,,0,,,0,0,,,1,0,0,1,0,0,,,,,,0,,0,0,0,0,0,0,0
3187,12,17121,2025-08-22 05:00:00+00:00,17121,2025-08-22 05:00:00+00:00,1,0,,,0,,,0,0,,,1,0,0,1,0,0,,,,,,0,,0,0,0,0,0,0,0
3217,12,17387,2025-10-23 13:00:00+00:00,17391,2025-10-24 05:00:00+00:00,1,1,17390.0,2025-10-24 01:00:00+00:00,1,17390.0,2025-10-24 01:00:00+00:00,1,0,17390.0,2025-10-24 01:00:00+00:00,0,0,0,0,0,1,0.6421615716297508,0.5067003904863345,0.25,2.0,0.0,1,0.6710961867738647,1,0,0,0,0,0,0
3223,12,17393,2025-10-24 13:00:00+00:00,17396,2025-10-27 01:00:00+00:00,1,1,17396.0,2025-10-27 01:00:00+00:00,1,17396.0,2025-10-27 01:00:00+00:00,1,0,17396.0,2025-10-27 01:00:00+00:00,0,0,0,0,0,1,0.4670734593128505,0.7920373865372495,0.5,0.0,1.0,-1,0.6537797177725277,0,0,0,0,0,0,0
3225,12,17398,2025-10-27 09:00:00+00:00,17398,2025-10-27 09:00:00+00:00,1,0,,,0,,,0,0,,,1,0,0,1,0,0,,,,,,0,,0,0,0,0,0,0,0
3233,12,17416,2025-10-30 09:00:00+00:00,17424,2025-10-31 17:00:00+00:00,1,1,17423.0,2025-10-31 13:00:00+00:00,1,17423.0,2025-10-31 13:00:00+00:00,1,0,17423.0,2025-10-31 13:00:00+00:00,0,0,0,0,0,1,0.46126528205183187,0.6378746836569871,0.25,2.0,0.0,1,0.6167771466444842,0,0,0,0,0,0,1
3239,12,17427,2025-11-03 06:00:00+00:00,17428,2025-11-03 10:00:00+00:00,1,0,,,0,,,0,0,,,1,0,0,1,0,0,,,,,,0,,0,0,0,0,0,0,0
3243,12,17433,2025-11-04 06:00:00+00:00,17434,2025-11-04 10:00:00+00:00,1,0,,,0,,,0,0,,,1,0,1,1,0,0,,,,,,0,,0,0,0,0,0,0,0
3245,12,17436,2025-11-04 18:00:00+00:00,17438,2025-11-05 02:00:00+00:00,1,0,,,0,,,0,0,,,1,0,0,1,0,0,,,,,,0,,0,0,0,0,0,0,0
3248,12,17442,2025-11-05 18:00:00+00:00,17444,2025-11-06 02:00:00+00:00,1,0,,,0,,,0,0,,,1,0,0,1,0,0,,,,,,0,,0,0,0,0,0,0,0
3253,12,17447,2025-11-06 14:00:00+00:00,17447,2025-11-06 14:00:00+00:00,1,0,,,0,,,0,0,,,1,0,0,1,0,0,,,,,,0,,0,0,0,0,0,0,0
3255,12,17452,2025-11-07 10:00:00+00:00,17452,2025-11-07 10:00:00+00:00,1,0,,,0,,,0,0,,,1,0,0,1,0,0,,,,,,0,,0,0,0,0,0,0,0
3259,12,17469,2025-11-12 06:00:00+00:00,17469,2025-11-12 06:00:00+00:00,1,0,,,0,,,0,0,,,1,0,0,1,0,0,,,,,,0,,0,0,0,0,0,0,0
3263,12,17494,2025-11-18 10:00:00+00:00,17498,2025-11-19 02:00:00+00:00,1,0,,,0,,,0,0,,,0,0,0,1,0,0,,,,,,0,,0,0,0,0,0,0,0
3273,12,17532,2025-11-26 18:00:00+00:00,17535,2025-11-27 06:00:00+00:00,1,1,17535.0,2025-11-27 06:00:00+00:00,1,17535.0,2025-11-27 06:00:00+00:00,1,0,17535.0,2025-11-27 06:00:00+00:00,0,0,0,0,0,1,0.6209911123891328,0.6425394796410375,0.16666666666666663,2.0,0.0,1,0.6773126774318594,1,0,1,0,1,0,0
3277,12,17537,2025-11-27 14:00:00+00:00,17537,2025-11-27 14:00:00+00:00,1,0,,,0,,,0,0,,,1,0,0,1,0,0,,,,,,0,,0,0,0,0,0,0,0
3281,12,17567,2025-12-04 14:00:00+00:00,17572,2025-12-05 10:00:00+00:00,1,1,17570.0,2025-12-05 02:00:00+00:00,1,17570.0,2025-12-05 02:00:00+00:00,1,0,17570.0,2025-12-05 02:00:00+00:00,0,0,0,0,0,1,0.5039970845851899,0.9250860142143207,0.25,0.0,0.0,0,0.7222472396930945,0,0,0,0,0,0,0
3292,12,17615,2025-12-16 14:00:00+00:00,17618,2025-12-17 02:00:00+00:00,1,1,17618.0,2025-12-17 02:00:00+00:00,1,17618.0,2025-12-17 02:00:00+00:00,1,0,17618.0,2025-12-17 02:00:00+00:00,0,0,0,0,0,1,0.4729679635151387,0.747495287115298,0.16666666666666663,1.0,0.0,1,0.691652749979551,0,0,1,0,0,0,0
3297,12,17620,2025-12-17 10:00:00+00:00,17623,2025-12-17 22:00:00+00:00,1,1,17623.0,2025-12-17 22:00:00+00:00,0,,,0,0,,,0,0,0,0,0,0,0.7332691102182275,0.29537665696734017,0.25,3.0,0.0,1,0.5518368670158135,1,1,0,1,1,0,1
3310,12,17699,2026-01-07 14:00:00+00:00,17703,2026-01-08 06:00:00+00:00,1,0,,,0,,,0,0,,,0,0,0,1,0,0,,,,,,0,,0,0,0,0,0,0,0
3316,12,17726,2026-01-14 02:00:00+00:00,17732,2026-01-15 02:00:00+00:00,1,1,17731.0,2026-01-14 22:00:00+00:00,1,17731.0,2026-01-14 22:00:00+00:00,1,0,17731.0,2026-01-14 22:00:00+00:00,0,0,0,0,0,1,0.38552464519076957,0.8004266521423427,0.41666666666666663,2.0,0.0,1,0.622867230719225,0,0,0,0,0,0,1
3321,12,17736,2026-01-15 18:00:00+00:00,17740,2026-01-16 10:00:00+00:00,1,1,17739.0,2026-01-16 06:00:00+00:00,1,17739.0,2026-01-16 06:00:00+00:00,1,0,17739.0,2026-01-16 06:00:00+00:00,0,0,0,0,0,1,0.5606856584371176,0.7507933946533235,0.25,0.0,0.0,0,0.6215331627173514,1,0,0,0,0,0,0
3332,12,17824,2026-02-05 10:00:00+00:00,17825,2026-02-05 14:00:00+00:00,1,0,,,0,,,0,0,,,1,0,0,1,0,0,,,,,,0,,0,0,0,0,0,0,0
3336,12,17844,2026-02-10 18:00:00+00:00,17847,2026-02-11 06:00:00+00:00,1,1,17847.0,2026-02-11 06:00:00+00:00,1,17847.0,2026-02-11 06:00:00+00:00,1,0,17847.0,2026-02-11 06:00:00+00:00,0,0,0,0,0,1,0.694877505196324,0.5859850125964694,0.33333333333333337,1.0,0.0,1,0.6577340791177869,1,0,0,0,0,0,0
3347,12,17890,2026-02-20 10:00:00+00:00,17890,2026-02-20 10:00:00+00:00,1,0,,,0,,,0,0,,,1,0,0,1,0,0,,,,,,0,,0,0,0,0,0,0,0
3349,12,17915,2026-02-26 14:00:00+00:00,17916,2026-02-26 18:00:00+00:00,1,0,,,0,,,0,0,,,1,0,0,1,0,0,,,,,,0,,0,0,0,0,0,0,0
3354,12,17946,2026-03-05 18:00:00+00:00,17952,2026-03-06 18:00:00+00:00,1,1,17949.0,2026-03-06 06:00:00+00:00,1,17949.0,2026-03-06 06:00:00+00:00,1,0,17949.0,2026-03-06 06:00:00+00:00,0,0,0,0,0,1,0.5318825021083498,0.7941432019308089,0.41666666666666663,0.0,1.0,-1,0.593206613796711,0,0,0,0,0,0,0
3360,12,17954,2026-03-09 01:00:00+00:00,17957,2026-03-09 13:00:00+00:00,1,1,17957.0,2026-03-09 13:00:00+00:00,1,17957.0,2026-03-09 13:00:00+00:00,1,0,17957.0,2026-03-09 13:00:00+00:00,0,0,0,0,0,1,0.5217356272793718,0.9630730182313461,0.6666666666666667,0.0,0.0,0,0.7212468064996412,0,0,0,0,0,0,0
3365,12,17970,2026-03-11 17:00:00+00:00,17971,2026-03-11 21:00:00+00:00,1,0,,,0,,,0,0,,,1,0,0,1,0,0,,,,,,0,,0,0,0,0,0,0,0
3368,12,17979,2026-03-13 05:00:00+00:00,17980,2026-03-13 09:00:00+00:00,1,0,,,0,,,0,0,,,1,0,0,1,0,0,,,,,,0,,0,0,0,0,0,0,0
6,16,22,2014-06-30 05:00:00+00:00,23,2014-06-30 09:00:00+00:00,1,0,,,0,,,0,0,,,1,0,0,1,0,0,,,,,,0,,0,0,0,0,0,0,0
11,16,59,2014-07-08 13:00:00+00:00,60,2014-07-08 17:00:00+00:00,1,0,,,0,,,0,0,,,1,0,0,1,0,0,,,,,,0,,0,0,0,0,0,0,0
52,16,364,2014-09-17 13:00:00+00:00,364,2014-09-17 13:00:00+00:00,1,0,,,0,,,0,0,,,1,0,0,1,0,0,,,,,,0,,0,0,0,0,0,0,0
65,16,428,2014-10-02 05:00:00+00:00,432,2014-10-02 21:00:00+00:00,1,1,431.0,2014-10-02 17:00:00+00:00,1,431.0,2014-10-02 17:00:00+00:00,1,0,431.0,2014-10-02 17:00:00+00:00,0,0,0,0,0,1,0.4503202063246764,0.9909243202444653,0.4375,0.0,0.0,0,0.6421550698687402,0,0,0,0,0,0,0
109,16,654,2014-11-24 22:00:00+00:00,655,2014-11-25 02:00:00+00:00,1,0,,,0,,,0,0,,,1,0,0,1,0,0,,,,,,0,,0,0,0,0,0,0,0
112,16,660,2014-11-25 22:00:00+00:00,660,2014-11-25 22:00:00+00:00,1,0,,,0,,,0,0,,,1,0,1,1,0,0,,,,,,0,,0,0,0,0,0,0,0
113,16,662,2014-11-26 06:00:00+00:00,666,2014-11-26 22:00:00+00:00,1,1,665.0,2014-11-26 18:00:00+00:00,1,665.0,2014-11-26 18:00:00+00:00,1,0,665.0,2014-11-26 18:00:00+00:00,0,0,0,0,0,1,0.5094110151944299,0.8829403331850336,0.5,0.0,0.0,0,0.7270232004016627,0,0,0,0,0,0,0
121,16,698,2014-12-04 10:00:00+00:00,700,2014-12-04 18:00:00+00:00,1,0,,,0,,,0,0,,,1,0,0,1,0,0,,,,,,0,,0,0,0,0,0,0,0
127,16,732,2014-12-12 02:00:00+00:00,732,2014-12-12 02:00:00+00:00,1,0,,,0,,,0,0,,,1,0,0,1,0,0,,,,,,0,,0,0,0,0,0,0,0
131,16,738,2014-12-15 02:00:00+00:00,738,2014-12-15 02:00:00+00:00,1,0,,,0,,,0,0,,,1,0,0,1,0,0,,,,,,0,,0,0,0,0,0,0,0
147,16,842,2015-01-09 10:00:00+00:00,842,2015-01-09 10:00:00+00:00,1,0,,,0,,,0,0,,,1,0,0,1,0,0,,,,,,0,,0,0,0,0,0,0,0
152,16,865,2015-01-15 06:00:00+00:00,865,2015-01-15 06:00:00+00:00,1,0,,,0,,,0,0,,,1,0,0,1,0,0,,,,,,0,,0,0,0,0,0,0,0
167,16,959,2015-02-06 02:00:00+00:00,960,2015-02-06 06:00:00+00:00,1,0,,,0,,,0,0,,,1,0,0,1,0,0,,,,,,0,,0,0,0,0,0,0,0
173,16,978,2015-02-11 06:00:00+00:00,979,2015-02-11 10:00:00+00:00,1,0,,,0,,,0,0,,,1,0,0,1,0,0,,,,,,0,,0,0,0,0,0,0,0
186,16,1057,2015-03-02 14:00:00+00:00,1058,2015-03-02 18:00:00+00:00,1,0,,,0,,,0,0,,,1,0,0,1,0,0,,,,,,0,,0,0,0,0,0,0,0
217,16,1260,2015-04-20 09:00:00+00:00,1260,2015-04-20 09:00:00+00:00,1,0,,,0,,,0,0,,,1,0,0,1,0,0,,,,,,0,,0,0,0,0,0,0,0
224,16,1307,2015-04-30 05:00:00+00:00,1307,2015-04-30 05:00:00+00:00,1,0,,,0,,,0,0,,,1,0,0,1,0,0,,,,,,0,,0,0,0,0,0,0,0
230,16,1336,2015-05-07 01:00:00+00:00,1336,2015-05-07 01:00:00+00:00,1,0,,,0,,,0,0,,,1,0,0,1,0,0,,,,,,0,,0,0,0,0,0,0,0
238,16,1404,2015-05-22 09:00:00+00:00,1411,2015-05-25 13:00:00+00:00,1,1,1408.0,2015-05-25 01:00:00+00:00,1,1408.0,2015-05-25 01:00:00+00:00,0,1,,,0,0,0,0,0,1,0.681033706631724,0.5365556853582435,0.75,0.0,2.0,-1,0.6583525254576651,1,0,0,0,0,0,1
243,16,1434,2015-05-29 13:00:00+00:00,1434,2015-05-29 13:00:00+00:00,1,0,,,0,,,0,0,,,1,0,0,1,0,0,,,,,,0,,0,0,0,0,0,0,0
254,16,1499,2015-06-15 09:00:00+00:00,1499,2015-06-15 09:00:00+00:00,1,0,,,0,,,0,0,,,1,0,0,1,0,0,,,,,,0,,0,0,0,0,0,0,0
264,16,1553,2015-06-26 09:00:00+00:00,1555,2015-06-26 17:00:00+00:00,1,0,,,0,,,0,0,,,1,0,0,1,0,0,,,,,,0,,0,0,0,0,0,0,0
271,16,1593,2015-07-07 05:00:00+00:00,1593,2015-07-07 05:00:00+00:00,1,0,,,0,,,0,0,,,1,0,0,1,0,0,,,,,,0,,0,0,0,0,0,0,0
292,16,1694,2015-07-30 01:00:00+00:00,1694,2015-07-30 01:00:00+00:00,1,0,,,0,,,0,0,,,1,0,0,1,0,0,,,,,,0,,0,0,0,0,0,0,0
298,16,1727,2015-08-06 13:00:00+00:00,1730,2015-08-07 01:00:00+00:00,1,1,1730.0,2015-08-07 01:00:00+00:00,1,1730.0,2015-08-07 01:00:00+00:00,1,0,1730.0,2015-08-07 01:00:00+00:00,0,0,0,0,0,1,0.4900880944784264,0.9749303621169854,0.5625,0.0,0.0,0,0.7911546437730991,0,0,0,0,0,0,0
304,16,1766,2015-08-17 01:00:00+00:00,1766,2015-08-17 01:00:00+00:00,1,0,,,0,,,0,0,,,1,0,0,1,0,0,,,,,,0,,0,0,0,0,0,0,0
306,16,1769,2015-08-17 13:00:00+00:00,1770,2015-08-17 17:00:00+00:00,1,0,,,0,,,0,0,,,1,0,0,1,0,0,,,,,,0,,0,0,0,0,0,0,0
313,16,1823,2015-08-28 13:00:00+00:00,1823,2015-08-28 13:00:00+00:00,1,0,,,0,,,0,0,,,1,0,0,1,0,0,,,,,,0,,0,0,0,0,0,0,0
323,16,1896,2015-09-15 21:00:00+00:00,1896,2015-09-15 21:00:00+00:00,1,0,,,0,,,0,0,,,1,0,0,1,0,0,,,,,,0,,0,0,0,0,0,0,0
340,16,2043,2015-10-20 09:00:00+00:00,2046,2015-10-20 21:00:00+00:00,1,1,2046.0,2015-10-20 21:00:00+00:00,1,2046.0,2015-10-20 21:00:00+00:00,1,0,2046.0,2015-10-20 21:00:00+00:00,0,0,0,0,0,1,0.5079678679527878,0.9681671079729322,0.125,0.0,0.0,0,0.7124363727766824,0,0,1,0,0,0,0
349,16,2137,2015-11-11 02:00:00+00:00,2137,2015-11-11 02:00:00+00:00,1,0,,,0,,,0,0,,,1,0,0,1,0,0,,,,,,0,,0,0,0,0,0,0,0
355,16,2143,2015-11-12 02:00:00+00:00,2144,2015-11-12 06:00:00+00:00,1,0,,,0,,,0,0,,,1,0,0,1,0,0,,,,,,0,,0,0,0,0,0,0,0
361,16,2198,2015-11-25 06:00:00+00:00,2200,2015-11-25 14:00:00+00:00,1,0,,,0,,,0,0,,,1,0,0,1,0,0,,,,,,0,,0,0,0,0,0,0,0
363,16,2203,2015-11-26 02:00:00+00:00,2205,2015-11-26 10:00:00+00:00,1,0,,,0,,,0,0,,,1,0,0,1,0,0,,,,,,0,,0,0,0,0,0,0,0
375,16,2264,2015-12-10 10:00:00+00:00,2264,2015-12-10 10:00:00+00:00,1,0,,,0,,,0,0,,,1,0,0,1,0,0,,,,,,0,,0,0,0,0,0,0,0
386,16,2290,2015-12-16 18:00:00+00:00,2291,2015-12-16 22:00:00+00:00,1,0,,,0,,,0,0,,,1,0,0,1,0,0,,,,,,0,,0,0,0,0,0,0,0
396,16,2319,2015-12-23 14:00:00+00:00,2319,2015-12-23 14:00:00+00:00,1,0,,,0,,,0,0,,,1,0,0,1,0,0,,,,,,0,,0,0,0,0,0,0,0
399,16,2322,2015-12-24 02:00:00+00:00,2325,2015-12-24 14:00:00+00:00,1,1,2325.0,2015-12-24 14:00:00+00:00,1,2325.0,2015-12-24 14:00:00+00:00,1,0,2325.0,2015-12-24 14:00:00+00:00,0,0,0,0,0,1,0.4572463099793199,0.964734986051894,0.1875,0.0,0.0,0,0.7715630554142489,0,0,1,0,0,0,0
404,16,2329,2015-12-28 06:00:00+00:00,2331,2015-12-28 14:00:00+00:00,1,0,,,0,,,0,0,,,1,0,0,1,0,0,,,,,,0,,0,0,0,0,0,0,0
406,16,2337,2015-12-29 14:00:00+00:00,2341,2015-12-30 06:00:00+00:00,1,0,,,0,,,0,0,,,0,0,0,1,0,0,,,,,,0,,0,0,0,0,0,0,0
420,16,2425,2016-01-19 18:00:00+00:00,2425,2016-01-19 18:00:00+00:00,1,0,,,0,,,0,0,,,1,0,0,1,0,0,,,,,,0,,0,0,0,0,0,0,0
425,16,2448,2016-01-25 14:00:00+00:00,2448,2016-01-25 14:00:00+00:00,1,0,,,0,,,0,0,,,1,0,0,1,0,0,,,,,,0,,0,0,0,0,0,0,0
450,16,2609,2016-03-02 14:00:00+00:00,2613,2016-03-03 06:00:00+00:00,1,1,2612.0,2016-03-03 02:00:00+00:00,1,2612.0,2016-03-03 02:00:00+00:00,1,0,2612.0,2016-03-03 02:00:00+00:00,0,0,0,0,0,1,0.5932057873433992,0.7836311014637882,0.375,0.0,0.0,0,0.7248893014914268,1,0,0,0,0,0,0
468,16,2695,2016-03-22 21:00:00+00:00,2695,2016-03-22 21:00:00+00:00,1,0,,,0,,,0,0,,,1,0,0,1,0,0,,,,,,0,,0,0,0,0,0,0,0
487,16,2800,2016-04-18 09:00:00+00:00,2800,2016-04-18 09:00:00+00:00,1,0,,,0,,,0,0,,,1,0,0,1,0,0,,,,,,0,,0,0,0,0,0,0,0
488,16,2803,2016-04-18 21:00:00+00:00,2803,2016-04-18 21:00:00+00:00,1,0,,,0,,,0,0,,,1,0,0,1,0,0,,,,,,0,,0,0,0,0,0,0,0
513,16,2950,2016-05-23 09:00:00+00:00,2954,2016-05-24 01:00:00+00:00,1,1,2953.0,2016-05-23 21:00:00+00:00,1,2953.0,2016-05-23 21:00:00+00:00,1,0,2953.0,2016-05-23 21:00:00+00:00,0,0,0,0,0,1,0.6195692412069974,0.702568476921606,0.4375,0.0,0.0,0,0.629002414285898,1,0,0,0,0,0,0
518,16,3000,2016-06-02 21:00:00+00:00,3002,2016-06-03 05:00:00+00:00,1,0,,,0,,,0,0,,,1,0,0,1,0,0,,,,,,0,,0,0,0,0,0,0,0
526,16,3107,2016-06-28 17:00:00+00:00,3107,2016-06-28 17:00:00+00:00,1,0,,,0,,,0,0,,,1,0,0,1,0,0,,,,,,0,,0,0,0,0,0,0,0
566,16,3349,2016-08-24 05:00:00+00:00,3349,2016-08-24 05:00:00+00:00,1,0,,,0,,,0,0,,,1,0,0,1,0,0,,,,,,0,,0,0,0,0,0,0,0
586,16,3462,2016-09-20 05:00:00+00:00,3466,2016-09-20 21:00:00+00:00,1,1,3465.0,2016-09-20 17:00:00+00:00,1,3465.0,2016-09-20 17:00:00+00:00,1,0,3465.0,2016-09-20 17:00:00+00:00,0,0,0,0,0,1,0.628241587318139,0.7147576496073489,0.25,0.0,0.0,0,0.6686356901094864,1,0,0,0,0,0,0
593,16,3513,2016-09-30 17:00:00+00:00,3516,2016-10-03 05:00:00+00:00,1,1,3516.0,2016-10-03 05:00:00+00:00,1,3516.0,2016-10-03 05:00:00+00:00,0,1,,,0,0,0,0,0,1,0.5453546667846859,0.5179659498207992,0.6875,0.0,1.0,-1,0.6773542657568754,0,0,0,0,0,0,0
601,16,3562,2016-10-12 21:00:00+00:00,3570,2016-10-14 05:00:00+00:00,1,1,3569.0,2016-10-14 01:00:00+00:00,1,3569.0,2016-10-14 01:00:00+00:00,1,0,3569.0,2016-10-14 01:00:00+00:00,0,0,0,0,0,1,0.49552059330659076,0.82129217059199,0.5,0.0,0.0,0,0.7704364112822707,0,0,0,0,0,0,1
611,16,3587,2016-10-19 01:00:00+00:00,3587,2016-10-19 01:00:00+00:00,1,0,,,0,,,0,0,,,1,0,0,1,0,0,,,,,,0,,0,0,0,0,0,0,0
625,16,3627,2016-10-27 17:00:00+00:00,3627,2016-10-27 17:00:00+00:00,1,0,,,0,,,0,0,,,1,0,0,1,0,0,,,,,,0,,0,0,0,0,0,0,0
636,16,3708,2016-11-16 06:00:00+00:00,3710,2016-11-16 14:00:00+00:00,1,0,,,0,,,0,0,,,1,0,0,1,0,0,,,,,,0,,0,0,0,0,0,0,0
639,16,3715,2016-11-17 10:00:00+00:00,3716,2016-11-17 14:00:00+00:00,1,0,,,0,,,0,0,,,1,0,0,1,0,0,,,,,,0,,0,0,0,0,0,0,0
645,16,3736,2016-11-22 22:00:00+00:00,3738,2016-11-23 06:00:00+00:00,1,0,,,0,,,0,0,,,1,0,0,1,0,0,,,,,,0,,0,0,0,0,0,0,0
653,16,3764,2016-11-29 18:00:00+00:00,3764,2016-11-29 18:00:00+00:00,1,0,,,0,,,0,0,,,1,0,0,1,0,0,,,,,,0,,0,0,0,0,0,0,0
654,16,3767,2016-11-30 06:00:00+00:00,3767,2016-11-30 06:00:00+00:00,1,0,,,0,,,0,0,,,1,0,0,1,0,0,,,,,,0,,0,0,0,0,0,0,0
670,16,3851,2016-12-20 06:00:00+00:00,3851,2016-12-20 06:00:00+00:00,1,0,,,0,,,0,0,,,1,0,0,1,0,0,,,,,,0,,0,0,0,0,0,0,0
675,16,3869,2016-12-23 06:00:00+00:00,3873,2016-12-26 22:00:00+00:00,1,1,3873.0,2016-12-26 22:00:00+00:00,0,,,0,0,,,0,0,0,0,0,0,0.4754176214444993,0.9026396073749698,0.125,1.0,0.0,1,0.5320237633387072,0,0,1,1,0,0,1
684,16,3902,2017-01-03 18:00:00+00:00,3904,2017-01-04 02:00:00+00:00,1,0,,,0,,,0,0,,,1,0,0,1,0,0,,,,,,0,,0,0,0,0,0,0,0
690,16,3925,2017-01-09 14:00:00+00:00,3930,2017-01-10 10:00:00+00:00,1,1,3929.0,2017-01-10 06:00:00+00:00,1,3929.0,2017-01-10 06:00:00+00:00,1,0,3929.0,2017-01-10 06:00:00+00:00,0,0,0,0,0,1,0.5449912334576388,0.45214501869104406,0.5,2.0,0.0,1,0.6076645316481427,0,0,0,0,0,1,1
716,16,4062,2017-02-09 14:00:00+00:00,4062,2017-02-09 14:00:00+00:00,1,0,,,0,,,0,0,,,1,0,0,1,0,0,,,,,,0,,0,0,0,0,0,0,0
720,16,4103,2017-02-20 10:00:00+00:00,4105,2017-02-20 22:00:00+00:00,1,0,,,0,,,0,0,,,1,0,0,1,0,0,,,,,,0,,0,0,0,0,0,0,0
742,16,4223,2017-03-20 13:00:00+00:00,4223,2017-03-20 13:00:00+00:00,1,0,,,0,,,0,0,,,1,0,0,1,0,0,,,,,,0,,0,0,0,0,0,0,0
753,16,4268,2017-03-30 01:00:00+00:00,4269,2017-03-30 05:00:00+00:00,1,0,,,0,,,0,0,,,1,0,0,1,0,0,,,,,,0,,0,0,0,0,0,0,0
776,16,4395,2017-05-01 05:00:00+00:00,4395,2017-05-01 05:00:00+00:00,1,0,,,0,,,0,0,,,1,0,0,1,0,0,,,,,,0,,0,0,0,0,0,0,0
797,16,4495,2017-05-23 21:00:00+00:00,4495,2017-05-23 21:00:00+00:00,1,0,,,0,,,0,0,,,1,0,0,1,0,0,,,,,,0,,0,0,0,0,0,0,0
821,16,4652,2017-06-29 05:00:00+00:00,4652,2017-06-29 05:00:00+00:00,1,0,,,0,,,0,0,,,1,0,0,1,0,0,,,,,,0,,0,0,0,0,0,0,0
845,16,4846,2017-08-14 17:00:00+00:00,4846,2017-08-14 17:00:00+00:00,1,0,,,0,,,0,0,,,1,0,0,1,0,0,,,,,,0,,0,0,0,0,0,0,0
851,16,4887,2017-08-23 13:00:00+00:00,4891,2017-08-24 05:00:00+00:00,1,1,4890.0,2017-08-24 01:00:00+00:00,1,4890.0,2017-08-24 01:00:00+00:00,1,0,4890.0,2017-08-24 01:00:00+00:00,0,0,0,0,0,1,0.5617933741894958,0.6451670062904071,0.1875,1.0,0.0,1,0.7121888932328888,1,0,1,0,1,0,0
856,16,4893,2017-08-24 13:00:00+00:00,4895,2017-08-24 21:00:00+00:00,1,0,,,0,,,0,0,,,1,0,0,1,0,0,,,,,,0,,0,0,0,0,0,0,0
882,16,5051,2017-10-02 01:00:00+00:00,5051,2017-10-02 01:00:00+00:00,1,0,,,0,,,0,0,,,1,0,0,1,0,0,,,,,,0,,0,0,0,0,0,0,0
899,16,5150,2017-10-24 13:00:00+00:00,5161,2017-10-26 09:00:00+00:00,1,1,5159.0,2017-10-26 01:00:00+00:00,1,5159.0,2017-10-26 01:00:00+00:00,1,0,5159.0,2017-10-26 01:00:00+00:00,0,0,0,0,0,1,0.5567347378447179,0.6231794555092363,0.25,2.0,0.0,1,0.7001531917942735,1,0,0,0,0,0,1
911,16,5185,2017-11-01 09:00:00+00:00,5191,2017-11-02 09:00:00+00:00,1,1,5191.0,2017-11-02 09:00:00+00:00,1,5191.0,2017-11-02 09:00:00+00:00,1,0,5191.0,2017-11-02 09:00:00+00:00,0,0,0,0,0,1,0.5891737223208509,0.5988105683923255,0.4375,1.0,0.0,1,0.6487038076109066,1,0,0,0,0,1,1
944,16,5471,2018-01-10 06:00:00+00:00,5471,2018-01-10 06:00:00+00:00,1,0,,,0,,,0,0,,,1,0,0,1,0,0,,,,,,0,,0,0,0,0,0,0,0
952,16,5501,2018-01-17 10:00:00+00:00,5501,2018-01-17 10:00:00+00:00,1,0,,,0,,,0,0,,,1,0,0,1,0,0,,,,,,0,,0,0,0,0,0,0,0
956,16,5522,2018-01-22 22:00:00+00:00,5523,2018-01-23 02:00:00+00:00,1,0,,,0,,,0,0,,,1,0,0,1,0,0,,,,,,0,,0,0,0,0,0,0,0
959,16,5526,2018-01-23 14:00:00+00:00,5526,2018-01-23 14:00:00+00:00,1,0,,,0,,,0,0,,,1,0,0,1,0,0,,,,,,0,,0,0,0,0,0,0,0
966,16,5562,2018-01-31 14:00:00+00:00,5562,2018-01-31 14:00:00+00:00,1,0,,,0,,,0,0,,,1,0,0,1,0,0,,,,,,0,,0,0,0,0,0,0,0
997,16,5735,2018-03-13 13:00:00+00:00,5737,2018-03-13 21:00:00+00:00,1,0,,,0,,,0,0,,,1,0,0,1,0,0,,,,,,0,,0,0,0,0,0,0,0
1009,16,5842,2018-04-09 09:00:00+00:00,5842,2018-04-09 09:00:00+00:00,1,0,,,0,,,0,0,,,1,0,0,1,0,0,,,,,,0,,0,0,0,0,0,0,0
1022,16,5894,2018-04-20 01:00:00+00:00,5894,2018-04-20 01:00:00+00:00,1,0,,,0,,,0,0,,,1,0,0,1,0,0,,,,,,0,,0,0,0,0,0,0,0
1039,16,5965,2018-05-07 21:00:00+00:00,5972,2018-05-09 01:00:00+00:00,1,1,5972.0,2018-05-09 01:00:00+00:00,1,5972.0,2018-05-09 01:00:00+00:00,1,0,5972.0,2018-05-09 01:00:00+00:00,0,0,0,0,0,1,0.4641635527227906,0.9422215316085203,0.25,0.0,0.0,0,0.6241018866770313,0,0,0,0,0,0,1
1050,16,6038,2018-05-24 01:00:00+00:00,6038,2018-05-24 01:00:00+00:00,1,0,,,0,,,0,0,,,1,0,0,1,0,0,,,,,,0,,0,0,0,0,0,0,0
1057,16,6074,2018-06-01 05:00:00+00:00,6074,2018-06-01 05:00:00+00:00,1,0,,,0,,,0,0,,,1,0,0,1,0,0,,,,,,0,,0,0,0,0,0,0,0
1060,16,6093,2018-06-06 09:00:00+00:00,6098,2018-06-07 05:00:00+00:00,1,1,6097.0,2018-06-07 01:00:00+00:00,1,6097.0,2018-06-07 01:00:00+00:00,0,1,,,0,0,0,0,0,1,0.590091406339202,0.7875913204666796,0.375,0.0,0.0,0,0.7266725677935367,1,0,0,0,0,0,1
1079,16,6223,2018-07-06 05:00:00+00:00,6225,2018-07-06 13:00:00+00:00,1,0,,,0,,,0,0,,,1,0,0,1,0,0,,,,,,0,,0,0,0,0,0,0,0
1083,16,6228,2018-07-09 01:00:00+00:00,6228,2018-07-09 01:00:00+00:00,1,0,,,0,,,0,0,,,1,0,0,1,0,0,,,,,,0,,0,0,0,0,0,0,0
1106,16,6362,2018-08-08 09:00:00+00:00,6362,2018-08-08 09:00:00+00:00,1,0,,,0,,,0,0,,,1,0,1,1,0,0,,,,,,0,,0,0,0,0,0,0,0
1107,16,6364,2018-08-08 17:00:00+00:00,6367,2018-08-09 05:00:00+00:00,1,1,6367.0,2018-08-09 05:00:00+00:00,0,,,0,0,,,0,0,0,0,0,0,0.668627660270776,0.40829960814542354,0.6875,2.0,0.0,1,0.44199773554809174,1,1,0,1,1,0,1
1108,16,6375,2018-08-10 13:00:00+00:00,6377,2018-08-12 21:00:00+00:00,1,0,,,0,,,0,0,,,1,0,0,1,0,0,,,,,,0,,0,0,0,0,0,0,0
1119,16,6467,2018-09-02 21:00:00+00:00,6467,2018-09-02 21:00:00+00:00,1,0,,,0,,,0,0,,,1,0,0,1,0,0,,,,,,0,,0,0,0,0,0,0,0
1130,16,6504,2018-09-11 05:00:00+00:00,6504,2018-09-11 05:00:00+00:00,1,0,,,0,,,0,0,,,1,0,0,1,0,0,,,,,,0,,0,0,0,0,0,0,0
1134,16,6509,2018-09-12 01:00:00+00:00,6511,2018-09-12 09:00:00+00:00,1,0,,,0,,,0,0,,,1,0,0,1,0,0,,,,,,0,,0,0,0,0,0,0,0
1140,16,6544,2018-09-19 21:00:00+00:00,6544,2018-09-19 21:00:00+00:00,1,0,,,0,,,0,0,,,1,0,0,1,0,0,,,,,,0,,0,0,0,0,0,0,0
1153,16,6571,2018-09-26 09:00:00+00:00,6572,2018-09-26 13:00:00+00:00,1,0,,,0,,,0,0,,,1,0,0,1,0,0,,,,,,0,,0,0,0,0,0,0,0
1164,16,6611,2018-10-05 01:00:00+00:00,6613,2018-10-05 09:00:00+00:00,1,0,,,0,,,0,0,,,1,0,1,1,0,0,,,,,,0,,0,0,0,0,0,0,0
1168,16,6615,2018-10-05 17:00:00+00:00,6617,2018-10-08 01:00:00+00:00,1,0,,,0,,,0,0,,,1,0,0,1,0,0,,,,,,0,,0,0,0,0,0,0,0
1175,16,6662,2018-10-17 13:00:00+00:00,6662,2018-10-17 13:00:00+00:00,1,0,,,0,,,0,0,,,1,0,0,1,0,0,,,,,,0,,0,0,0,0,0,0,0
1179,16,6682,2018-10-22 21:00:00+00:00,6683,2018-10-23 01:00:00+00:00,1,0,,,0,,,0,0,,,1,0,0,1,0,0,,,,,,0,,0,0,0,0,0,0,0
1191,16,6748,2018-11-06 22:00:00+00:00,6755,2018-11-08 02:00:00+00:00,1,1,6751.0,2018-11-07 10:00:00+00:00,1,6751.0,2018-11-07 10:00:00+00:00,0,1,,,0,0,0,0,0,1,0.3559654647452762,0.8497807860933733,0.8125,2.0,0.0,1,0.612072844934667,0,0,0,0,0,0,0
1200,16,6834,2018-11-27 10:00:00+00:00,6834,2018-11-27 10:00:00+00:00,1,0,,,0,,,0,0,,,1,0,0,1,0,0,,,,,,0,,0,0,0,0,0,0,0
1208,16,6898,2018-12-12 02:00:00+00:00,6907,2018-12-13 14:00:00+00:00,1,1,6901.0,2018-12-12 14:00:00+00:00,1,6901.0,2018-12-12 14:00:00+00:00,1,0,6901.0,2018-12-12 14:00:00+00:00,0,0,0,0,0,1,0.4381113652901935,0.877583806361767,0.125,0.0,0.0,0,0.7463905704787258,0,0,1,0,0,0,0
1213,16,6910,2018-12-14 02:00:00+00:00,6910,2018-12-14 02:00:00+00:00,1,0,,,0,,,0,0,,,1,0,0,1,0,0,,,,,,0,,0,0,0,0,0,0,0
1233,16,7026,2019-01-14 06:00:00+00:00,7035,2019-01-15 18:00:00+00:00,1,1,7032.0,2019-01-15 06:00:00+00:00,1,7032.0,2019-01-15 06:00:00+00:00,1,0,7032.0,2019-01-15 06:00:00+00:00,0,0,0,0,0,1,0.4056767899547575,0.9483641582672921,0.6875,1.0,1.0,0,0.6787242715578847,0,0,0,0,0,0,0
1237,16,7043,2019-01-17 02:00:00+00:00,7049,2019-01-18 02:00:00+00:00,1,1,7048.0,2019-01-17 22:00:00+00:00,1,7048.0,2019-01-17 22:00:00+00:00,1,0,7048.0,2019-01-17 22:00:00+00:00,0,0,0,0,0,1,0.48523981642944997,0.8779397023671851,0.1875,0.0,0.0,0,0.6758661750871496,0,0,1,0,0,0,1
1241,16,7069,2019-01-23 14:00:00+00:00,7075,2019-01-24 14:00:00+00:00,1,1,7072.0,2019-01-24 02:00:00+00:00,1,7072.0,2019-01-24 02:00:00+00:00,1,0,7072.0,2019-01-24 02:00:00+00:00,0,0,0,0,0,1,0.45112122065655474,0.7466639293779582,0.25,1.0,0.0,1,0.7254048828487843,0,0,0,0,0,0,0
1266,16,7215,2019-02-27 02:00:00+00:00,7217,2019-02-27 10:00:00+00:00,1,0,,,0,,,0,0,,,1,0,0,1,0,0,,,,,,0,,0,0,0,0,0,0,0
1287,16,7308,2019-03-20 13:00:00+00:00,7308,2019-03-20 13:00:00+00:00,1,0,,,0,,,0,0,,,1,0,0,1,0,0,,,,,,0,,0,0,0,0,0,0,0
1302,16,7372,2019-04-04 05:00:00+00:00,7372,2019-04-04 05:00:00+00:00,1,0,,,0,,,0,0,,,1,0,0,1,0,0,,,,,,0,,0,0,0,0,0,0,0
1311,16,7443,2019-04-23 01:00:00+00:00,7444,2019-04-23 05:00:00+00:00,1,0,,,0,,,0,0,,,1,0,0,1,0,0,,,,,,0,,0,0,0,0,0,0,0
1323,16,7480,2019-05-01 05:00:00+00:00,7482,2019-05-01 13:00:00+00:00,1,0,,,0,,,0,0,,,1,0,0,1,0,0,,,,,,0,,0,0,0,0,0,0,0
1330,16,7527,2019-05-13 01:00:00+00:00,7528,2019-05-13 05:00:00+00:00,1,0,,,0,,,0,0,,,1,0,0,1,0,0,,,,,,0,,0,0,0,0,0,0,0
1342,16,7593,2019-05-28 05:00:00+00:00,7593,2019-05-28 05:00:00+00:00,1,0,,,0,,,0,0,,,1,0,0,1,0,0,,,,,,0,,0,0,0,0,0,0,0
1368,16,7777,2019-07-10 01:00:00+00:00,7778,2019-07-10 05:00:00+00:00,1,0,,,0,,,0,0,,,1,0,0,1,0,0,,,,,,0,,0,0,0,0,0,0,0
1373,16,7804,2019-07-16 13:00:00+00:00,7804,2019-07-16 13:00:00+00:00,1,0,,,0,,,0,0,,,1,0,0,1,0,0,,,,,,0,,0,0,0,0,0,0,0
1395,16,7915,2019-08-12 01:00:00+00:00,7915,2019-08-12 01:00:00+00:00,1,0,,,0,,,0,0,,,1,0,0,1,0,0,,,,,,0,,0,0,0,0,0,0,0
1400,16,7940,2019-08-16 05:00:00+00:00,7942,2019-08-16 13:00:00+00:00,1,0,,,0,,,0,0,,,1,0,0,1,0,0,,,,,,0,,0,0,0,0,0,0,0
1403,16,7945,2019-08-19 01:00:00+00:00,7945,2019-08-19 01:00:00+00:00,1,0,,,0,,,0,0,,,1,0,0,1,0,0,,,,,,0,,0,0,0,0,0,0,0
1412,16,7959,2019-08-21 09:00:00+00:00,7959,2019-08-21 09:00:00+00:00,1,0,,,0,,,0,0,,,1,0,1,1,0,0,,,,,,0,,0,0,0,0,0,0,0
1413,16,7961,2019-08-21 17:00:00+00:00,7965,2019-08-22 09:00:00+00:00,1,1,7964.0,2019-08-22 05:00:00+00:00,1,7964.0,2019-08-22 05:00:00+00:00,1,0,7964.0,2019-08-22 05:00:00+00:00,0,0,0,0,0,1,0.44209179909918417,0.989382383729628,0.125,0.0,0.0,0,0.8049924691812683,0,0,1,0,0,0,0
1418,16,7970,2019-08-23 05:00:00+00:00,7971,2019-08-23 09:00:00+00:00,1,0,,,0,,,0,0,,,1,0,0,1,0,0,,,,,,0,,0,0,0,0,0,0,0
1451,16,8198,2019-10-16 09:00:00+00:00,8201,2019-10-16 21:00:00+00:00,1,1,8201.0,2019-10-16 21:00:00+00:00,1,8201.0,2019-10-16 21:00:00+00:00,1,0,8201.0,2019-10-16 21:00:00+00:00,0,0,0,0,0,1,0.5310549329893688,0.858770974412395,0.4375,0.0,0.0,0,0.680835319961485,0,0,0,0,0,0,0
1454,16,8205,2019-10-17 13:00:00+00:00,8205,2019-10-17 13:00:00+00:00,1,0,,,0,,,0,0,,,1,0,0,1,0,0,,,,,,0,,0,0,0,0,0,0,0
1455,16,8221,2019-10-22 05:00:00+00:00,8221,2019-10-22 05:00:00+00:00,1,0,,,0,,,0,0,,,1,0,0,1,0,0,,,,,,0,,0,0,0,0,0,0,0
1459,16,8227,2019-10-23 05:00:00+00:00,8229,2019-10-23 13:00:00+00:00,1,0,,,0,,,0,0,,,1,0,0,1,0,0,,,,,,0,,0,0,0,0,0,0,0
1478,16,8333,2019-11-17 22:00:00+00:00,8334,2019-11-18 02:00:00+00:00,1,0,,,0,,,0,0,,,1,0,0,1,0,0,,,,,,0,,0,0,0,0,0,0,0
1497,16,8466,2019-12-18 06:00:00+00:00,8466,2019-12-18 06:00:00+00:00,1,0,,,0,,,0,0,,,1,0,0,1,0,0,,,,,,0,,0,0,0,0,0,0,0
1514,16,8576,2020-01-15 14:00:00+00:00,8576,2020-01-15 14:00:00+00:00,1,0,,,0,,,0,0,,,1,0,0,1,0,0,,,,,,0,,0,0,0,0,0,0,0
1520,16,8584,2020-01-16 22:00:00+00:00,8584,2020-01-16 22:00:00+00:00,1,0,,,0,,,0,0,,,1,0,0,1,0,0,,,,,,0,,0,0,0,0,0,0,0
1521,16,8588,2020-01-17 14:00:00+00:00,8591,2020-01-20 02:00:00+00:00,1,1,8591.0,2020-01-20 02:00:00+00:00,0,,,0,0,,,0,0,0,0,1,0,0.5939595613692606,0.5071473839870475,0.4375,2.0,0.0,1,0.5345141689302149,1,0,0,1,0,1,1
1557,16,8693,2020-02-12 06:00:00+00:00,8699,2020-02-13 06:00:00+00:00,1,1,8696.0,2020-02-12 18:00:00+00:00,1,8696.0,2020-02-12 18:00:00+00:00,1,0,8696.0,2020-02-12 18:00:00+00:00,0,0,0,0,0,1,0.5912725297691984,0.7485503644797822,0.25,0.0,0.0,0,0.6194935693060882,1,0,0,0,0,0,0
1565,16,8760,2020-02-27 14:00:00+00:00,8763,2020-02-28 02:00:00+00:00,1,1,8763.0,2020-02-28 02:00:00+00:00,1,8763.0,2020-02-28 02:00:00+00:00,1,0,8763.0,2020-02-28 02:00:00+00:00,0,0,0,0,0,1,0.5104011484451807,0.8342901302715898,0.4375,0.0,1.0,-1,0.6202970067234571,0,0,0,0,0,0,0
1618,16,9018,2020-04-29 13:00:00+00:00,9019,2020-04-29 17:00:00+00:00,1,0,,,0,,,0,0,,,1,0,1,1,0,0,,,,,,0,,0,0,0,0,0,0,0
1620,16,9021,2020-04-30 01:00:00+00:00,9021,2020-04-30 01:00:00+00:00,1,0,,,0,,,0,0,,,1,0,0,1,0,0,,,,,,0,,0,0,0,0,0,0,0
1623,16,9047,2020-05-06 09:00:00+00:00,9047,2020-05-06 09:00:00+00:00,1,0,,,0,,,0,0,,,1,0,0,1,0,0,,,,,,0,,0,0,0,0,0,0,0
1624,16,9050,2020-05-06 21:00:00+00:00,9051,2020-05-07 01:00:00+00:00,1,0,,,0,,,0,0,,,1,0,0,1,0,0,,,,,,0,,0,0,0,0,0,0,0
1634,16,9068,2020-05-11 21:00:00+00:00,9068,2020-05-11 21:00:00+00:00,1,0,,,0,,,0,0,,,1,0,0,1,0,0,,,,,,0,,0,0,0,0,0,0,0
1639,16,9078,2020-05-13 13:00:00+00:00,9079,2020-05-13 17:00:00+00:00,1,0,,,0,,,0,0,,,1,0,0,1,0,0,,,,,,0,,0,0,0,0,0,0,0
1647,16,9111,2020-05-21 01:00:00+00:00,9111,2020-05-21 01:00:00+00:00,1,0,,,0,,,0,0,,,1,0,0,1,0,0,,,,,,0,,0,0,0,0,0,0,0
1654,16,9130,2020-05-26 09:00:00+00:00,9130,2020-05-26 09:00:00+00:00,1,0,,,0,,,0,0,,,1,0,0,1,0,0,,,,,,0,,0,0,0,0,0,0,0
1665,16,9163,2020-06-02 21:00:00+00:00,9163,2020-06-02 21:00:00+00:00,1,0,,,0,,,0,0,,,1,0,0,1,0,0,,,,,,0,,0,0,0,0,0,0,0
1681,16,9238,2020-06-19 09:00:00+00:00,9238,2020-06-19 09:00:00+00:00,1,0,,,0,,,0,0,,,1,0,0,1,0,0,,,,,,0,,0,0,0,0,0,0,0
1691,16,9286,2020-07-01 09:00:00+00:00,9286,2020-07-01 09:00:00+00:00,1,0,,,0,,,0,0,,,1,0,0,1,0,0,,,,,,0,,0,0,0,0,0,0,0
1698,16,9308,2020-07-07 05:00:00+00:00,9309,2020-07-07 09:00:00+00:00,1,0,,,0,,,0,0,,,1,0,0,1,0,0,,,,,,0,,0,0,0,0,0,0,0
1708,16,9360,2020-07-19 21:00:00+00:00,9360,2020-07-19 21:00:00+00:00,1,0,,,0,,,0,0,,,1,0,0,1,0,0,,,,,,0,,0,0,0,0,0,0,0
1714,16,9416,2020-07-31 05:00:00+00:00,9419,2020-07-31 17:00:00+00:00,1,1,9419.0,2020-07-31 17:00:00+00:00,0,,,0,0,,,0,0,0,0,0,0,0.7020370179202252,0.467605407790745,0.5625,3.0,0.0,1,0.5177572819355336,1,0,0,1,0,0,1
1737,16,9553,2020-09-02 01:00:00+00:00,9554,2020-09-02 05:00:00+00:00,1,0,,,0,,,0,0,,,1,0,0,1,0,0,,,,,,0,,0,0,0,0,0,0,0
1742,16,9571,2020-09-07 01:00:00+00:00,9571,2020-09-07 01:00:00+00:00,1,0,,,0,,,0,0,,,1,0,0,1,0,0,,,,,,0,,0,0,0,0,0,0,0
1744,16,9575,2020-09-07 21:00:00+00:00,9577,2020-09-08 05:00:00+00:00,1,0,,,0,,,0,0,,,1,0,0,1,0,0,,,,,,0,,0,0,0,0,0,0,0
1754,16,9600,2020-09-14 01:00:00+00:00,9605,2020-09-14 21:00:00+00:00,1,1,9603.0,2020-09-14 13:00:00+00:00,1,9603.0,2020-09-14 13:00:00+00:00,0,1,,,0,0,0,0,0,1,0.2866512376013944,0.960792035882293,0.25,1.0,1.0,0,0.5997981441391538,0,0,0,0,0,0,0
1768,16,9660,2020-09-28 01:00:00+00:00,9662,2020-09-28 09:00:00+00:00,1,0,,,0,,,0,0,,,1,0,0,1,0,0,,,,,,0,,0,0,0,0,0,0,0
1776,16,9679,2020-10-01 05:00:00+00:00,9679,2020-10-01 05:00:00+00:00,1,0,,,0,,,0,0,,,1,0,0,1,0,0,,,,,,0,,0,0,0,0,0,0,0
1779,16,9684,2020-10-02 01:00:00+00:00,9684,2020-10-02 01:00:00+00:00,1,0,,,0,,,0,0,,,1,0,0,1,0,0,,,,,,0,,0,0,0,0,0,0,0
1789,16,9747,2020-10-16 13:00:00+00:00,9751,2020-10-19 05:00:00+00:00,1,1,9750.0,2020-10-19 01:00:00+00:00,1,9750.0,2020-10-19 01:00:00+00:00,1,0,9750.0,2020-10-19 01:00:00+00:00,0,0,0,0,0,1,0.4825797329245983,0.8966010636861812,0.375,1.0,0.0,1,0.71597529568183,0,0,0,0,0,0,0
1807,16,9863,2020-11-12 22:00:00+00:00,9865,2020-11-13 06:00:00+00:00,1,0,,,0,,,0,0,,,1,0,0,1,0,0,,,,,,0,,0,0,0,0,0,0,0
1819,16,9924,2020-11-27 06:00:00+00:00,9924,2020-11-27 06:00:00+00:00,1,0,,,0,,,0,0,,,1,0,0,1,0,0,,,,,,0,,0,0,0,0,0,0,0
1835,16,10037,2020-12-24 02:00:00+00:00,10041,2020-12-24 18:00:00+00:00,1,0,,,0,,,0,0,,,0,0,0,1,0,0,,,,,,0,,0,0,0,0,0,0,0
1840,16,10050,2020-12-29 06:00:00+00:00,10054,2020-12-29 22:00:00+00:00,1,1,10054.0,2020-12-29 22:00:00+00:00,1,10054.0,2020-12-29 22:00:00+00:00,1,0,10054.0,2020-12-29 22:00:00+00:00,0,0,0,0,0,1,0.5412777567431727,0.7185700396380242,0.3125,0.0,0.0,0,0.6029822626460927,0,0,0,0,0,0,1
1852,16,10112,2021-01-13 14:00:00+00:00,10115,2021-01-14 02:00:00+00:00,1,1,10115.0,2021-01-14 02:00:00+00:00,0,,,0,0,,,0,0,0,0,0,0,0.45899066088478413,0.9558099088516803,0.8125,0.0,1.0,-1,0.5570520973676122,0,0,0,1,0,0,1
1875,16,10169,2021-01-27 06:00:00+00:00,10169,2021-01-27 06:00:00+00:00,1,0,,,0,,,0,0,,,1,0,0,1,0,0,,,,,,0,,0,0,0,0,0,0,0
1900,16,10336,2021-03-08 02:00:00+00:00,10338,2021-03-08 10:00:00+00:00,1,0,,,0,,,0,0,,,1,0,0,1,0,0,,,,,,0,,0,0,0,0,0,0,0
1912,16,10403,2021-03-23 05:00:00+00:00,10409,2021-03-24 05:00:00+00:00,1,1,10408.0,2021-03-24 01:00:00+00:00,1,10408.0,2021-03-24 01:00:00+00:00,1,0,10408.0,2021-03-24 01:00:00+00:00,0,0,0,0,0,1,0.5850393488238876,0.4813942671085516,0.1875,0.0,2.0,-1,0.665349233131156,1,0,1,0,1,0,0
1918,16,10411,2021-03-24 13:00:00+00:00,10413,2021-03-24 21:00:00+00:00,1,0,,,0,,,0,0,,,1,0,0,1,0,0,,,,,,0,,0,0,0,0,0,0,0
1931,16,10462,2021-04-06 01:00:00+00:00,10463,2021-04-06 05:00:00+00:00,1,0,,,0,,,0,0,,,1,0,0,1,0,0,,,,,,0,,0,0,0,0,0,0,0
1942,16,10497,2021-04-13 21:00:00+00:00,10497,2021-04-13 21:00:00+00:00,1,0,,,0,,,0,0,,,1,0,0,1,0,0,,,,,,0,,0,0,0,0,0,0,0
1957,16,10541,2021-05-25 01:00:00+00:00,10543,2021-05-25 09:00:00+00:00,1,0,,,0,,,0,0,,,1,0,0,1,0,0,,,,,,0,,0,0,0,0,0,0,0
1969,16,10607,2021-06-09 01:00:00+00:00,10613,2021-06-10 01:00:00+00:00,1,1,10610.0,2021-06-09 13:00:00+00:00,1,10610.0,2021-06-09 13:00:00+00:00,0,1,,,0,0,0,0,0,1,0.4548182516157642,0.8909867385929449,0.1875,0.0,0.0,0,0.6422781999091562,0,0,1,0,0,0,0
1995,16,10736,2021-07-08 13:00:00+00:00,10736,2021-07-08 13:00:00+00:00,1,0,,,0,,,0,0,,,1,0,0,1,0,0,,,,,,0,,0,0,0,0,0,0,0
1996,16,10740,2021-07-09 05:00:00+00:00,10742,2021-07-09 13:00:00+00:00,1,0,,,0,,,0,0,,,1,0,0,1,0,0,,,,,,0,,0,0,0,0,0,0,0
2015,16,10822,2021-07-28 21:00:00+00:00,10822,2021-07-28 21:00:00+00:00,1,0,,,0,,,0,0,,,1,0,0,1,0,0,,,,,,0,,0,0,0,0,0,0,0
2022,16,10848,2021-08-04 05:00:00+00:00,10848,2021-08-04 05:00:00+00:00,1,0,,,0,,,0,0,,,1,0,0,1,0,0,,,,,,0,,0,0,0,0,0,0,0
2031,16,10914,2021-08-19 05:00:00+00:00,10916,2021-08-19 13:00:00+00:00,1,0,,,0,,,0,0,,,1,0,0,1,0,0,,,,,,0,,0,0,0,0,0,0,0
2033,16,10919,2021-08-20 01:00:00+00:00,10924,2021-08-22 21:00:00+00:00,1,1,10922.0,2021-08-20 13:00:00+00:00,1,10922.0,2021-08-20 13:00:00+00:00,0,1,,,0,0,0,0,0,1,0.5166917052260415,0.8702842377261074,0.5,0.0,0.0,0,0.6609636440117893,0,0,0,0,0,0,0
2061,16,11112,2021-10-05 05:00:00+00:00,11117,2021-10-06 01:00:00+00:00,1,1,11115.0,2021-10-05 17:00:00+00:00,1,11115.0,2021-10-05 17:00:00+00:00,0,1,,,0,0,0,0,0,1,0.4520149302756154,0.9653916211293326,0.6875,0.0,1.0,-1,0.6028968986831548,0,0,0,0,0,0,0
2064,16,11119,2021-10-06 09:00:00+00:00,11121,2021-10-06 17:00:00+00:00,1,0,,,0,,,0,0,,,1,0,0,1,0,0,,,,,,0,,0,0,0,0,0,0,0
2067,16,11124,2021-10-07 05:00:00+00:00,11126,2021-10-07 13:00:00+00:00,1,0,,,0,,,0,0,,,1,0,0,1,0,0,,,,,,0,,0,0,0,0,0,0,0
2072,16,11148,2021-10-13 05:00:00+00:00,11148,2021-10-13 05:00:00+00:00,1,0,,,0,,,0,0,,,1,0,0,1,0,0,,,,,,0,,0,0,0,0,0,0,0
2083,16,11186,2021-10-21 13:00:00+00:00,11187,2021-10-21 17:00:00+00:00,1,0,,,0,,,0,0,,,1,0,0,1,0,0,,,,,,0,,0,0,0,0,0,0,0
2096,16,11238,2021-11-03 05:00:00+00:00,11238,2021-11-03 05:00:00+00:00,1,0,,,0,,,0,0,,,1,0,0,1,0,0,,,,,,0,,0,0,0,0,0,0,0
2106,16,11309,2021-11-19 02:00:00+00:00,11310,2021-11-19 06:00:00+00:00,1,0,,,0,,,0,0,,,1,0,0,1,0,0,,,,,,0,,0,0,0,0,0,0,0
2118,16,11373,2021-12-03 18:00:00+00:00,11373,2021-12-03 18:00:00+00:00,1,0,,,0,,,0,0,,,1,0,0,1,0,0,,,,,,0,,0,0,0,0,0,0,0
2121,16,11376,2021-12-06 06:00:00+00:00,11379,2021-12-06 18:00:00+00:00,1,1,11379.0,2021-12-06 18:00:00+00:00,1,11379.0,2021-12-06 18:00:00+00:00,1,0,11379.0,2021-12-06 18:00:00+00:00,0,0,0,0,0,1,0.614486204259534,0.6398036936587836,0.25,1.0,0.0,1,0.651516724083134,1,0,0,0,0,0,0
2125,16,11383,2021-12-07 10:00:00+00:00,11385,2021-12-07 18:00:00+00:00,1,0,,,0,,,0,0,,,1,0,0,1,0,0,,,,,,0,,0,0,0,0,0,0,0
2131,16,11388,2021-12-08 06:00:00+00:00,11390,2021-12-08 14:00:00+00:00,1,0,,,0,,,0,0,,,1,0,0,1,0,0,,,,,,0,,0,0,0,0,0,0,0
2139,16,11405,2021-12-13 02:00:00+00:00,11406,2021-12-13 06:00:00+00:00,1,0,,,0,,,0,0,,,1,0,0,1,0,0,,,,,,0,,0,0,0,0,0,0,0
2157,16,11548,2022-01-16 22:00:00+00:00,11553,2022-01-17 18:00:00+00:00,1,1,11551.0,2022-01-17 10:00:00+00:00,1,11551.0,2022-01-17 10:00:00+00:00,0,1,,,0,0,0,0,0,1,0.45464377796347627,0.998019409784113,0.5625,0.0,0.0,0,0.8088119424294334,0,0,0,0,0,0,0
2159,16,11555,2022-01-18 02:00:00+00:00,11555,2022-01-18 02:00:00+00:00,1,0,,,0,,,0,0,,,1,0,0,1,0,0,,,,,,0,,0,0,0,0,0,0,0
2165,16,11580,2022-01-24 06:00:00+00:00,11584,2022-01-24 22:00:00+00:00,1,1,11584.0,2022-01-24 22:00:00+00:00,0,,,0,0,,,0,0,1,0,0,0,0.47645444490328565,0.7615371418768102,0.125,1.0,1.0,0,0.5365437908863752,0,0,1,1,0,0,1
2167,16,11586,2022-01-25 06:00:00+00:00,11587,2022-01-25 10:00:00+00:00,1,0,,,0,,,0,0,,,1,0,0,1,0,0,,,,,,0,,0,0,0,0,0,0,0
2179,16,11628,2022-02-03 06:00:00+00:00,11628,2022-02-03 06:00:00+00:00,1,0,,,0,,,0,0,,,1,0,0,1,0,0,,,,,,0,,0,0,0,0,0,0,0
2185,16,11666,2022-02-11 14:00:00+00:00,11666,2022-02-11 14:00:00+00:00,1,0,,,0,,,0,0,,,1,0,0,1,0,0,,,,,,0,,0,0,0,0,0,0,0
2194,16,11737,2022-03-01 10:00:00+00:00,11737,2022-03-01 10:00:00+00:00,1,0,,,0,,,0,0,,,1,0,0,1,0,0,,,,,,0,,0,0,0,0,0,0,0
2201,16,11752,2022-03-03 22:00:00+00:00,11755,2022-03-04 10:00:00+00:00,1,1,11755.0,2022-03-04 10:00:00+00:00,1,11755.0,2022-03-04 10:00:00+00:00,1,0,11755.0,2022-03-04 10:00:00+00:00,0,0,0,0,0,1,0.6297871925902497,0.4262266457132926,0.3125,2.0,0.0,1,0.6482814168281793,1,1,0,0,1,0,0
2213,16,11789,2022-03-14 01:00:00+00:00,11790,2022-03-14 05:00:00+00:00,1,0,,,0,,,0,0,,,1,0,0,1,0,0,,,,,,0,,0,0,0,0,0,0,0
2220,16,11826,2022-03-22 05:00:00+00:00,11826,2022-03-22 05:00:00+00:00,1,0,,,0,,,0,0,,,1,0,0,1,0,0,,,,,,0,,0,0,0,0,0,0,0
2233,16,11887,2022-04-05 09:00:00+00:00,11887,2022-04-05 09:00:00+00:00,1,0,,,0,,,0,0,,,1,0,0,1,0,0,,,,,,0,,0,0,0,0,0,0,0
2240,16,11904,2022-04-08 05:00:00+00:00,11905,2022-04-08 09:00:00+00:00,1,0,,,0,,,0,0,,,1,0,0,1,0,0,,,,,,0,,0,0,0,0,0,0,0
2251,16,11958,2022-04-22 05:00:00+00:00,11958,2022-04-22 05:00:00+00:00,1,0,,,0,,,0,0,,,1,0,0,1,0,0,,,,,,0,,0,0,0,0,0,0,0
2266,16,12042,2022-05-12 05:00:00+00:00,12043,2022-05-12 09:00:00+00:00,1,0,,,0,,,0,0,,,1,0,0,1,0,0,,,,,,0,,0,0,0,0,0,0,0
2277,16,12111,2022-05-27 17:00:00+00:00,12112,2022-05-29 21:00:00+00:00,1,0,,,0,,,0,0,,,1,0,0,1,0,0,,,,,,0,,0,0,0,0,0,0,0
2287,16,12156,2022-06-08 05:00:00+00:00,12157,2022-06-08 09:00:00+00:00,1,0,,,0,,,0,0,,,1,0,0,1,0,0,,,,,,0,,0,0,0,0,0,0,0
2295,16,12211,2022-06-21 09:00:00+00:00,12212,2022-06-21 13:00:00+00:00,1,0,,,0,,,0,0,,,1,0,0,1,0,0,,,,,,0,,0,0,0,0,0,0,0
2297,16,12217,2022-06-22 09:00:00+00:00,12226,2022-06-23 21:00:00+00:00,1,1,12220.0,2022-06-22 21:00:00+00:00,1,12220.0,2022-06-22 21:00:00+00:00,1,0,12220.0,2022-06-22 21:00:00+00:00,0,0,0,0,0,1,0.49996366563551375,0.8772785796571112,0.8125,1.0,0.0,1,0.61569527669655,0,0,0,0,0,0,0
2307,16,12252,2022-06-30 05:00:00+00:00,12252,2022-06-30 05:00:00+00:00,1,0,,,0,,,0,0,,,1,0,0,1,0,0,,,,,,0,,0,0,0,0,0,0,0
2318,16,12306,2022-07-13 05:00:00+00:00,12306,2022-07-13 05:00:00+00:00,1,0,,,0,,,0,0,,,1,0,0,1,0,0,,,,,,0,,0,0,0,0,0,0,0
2341,16,12443,2022-08-15 01:00:00+00:00,12443,2022-08-15 01:00:00+00:00,1,0,,,0,,,0,0,,,1,0,0,1,0,0,,,,,,0,,0,0,0,0,0,0,0
2360,16,12604,2022-09-20 21:00:00+00:00,12604,2022-09-20 21:00:00+00:00,1,0,,,0,,,0,0,,,1,0,1,1,0,0,,,,,,0,,0,0,0,0,0,0,0
2362,16,12606,2022-09-21 05:00:00+00:00,12608,2022-09-21 13:00:00+00:00,1,0,,,0,,,0,0,,,1,0,0,1,0,0,,,,,,0,,0,0,0,0,0,0,0
2376,16,12700,2022-10-12 21:00:00+00:00,12700,2022-10-12 21:00:00+00:00,1,0,,,0,,,0,0,,,1,0,0,1,0,0,,,,,,0,,0,0,0,0,0,0,0
2385,16,12721,2022-10-18 09:00:00+00:00,12725,2022-10-19 01:00:00+00:00,1,0,,,0,,,0,0,,,0,0,0,1,0,0,,,,,,0,,0,0,0,0,0,0,0
2398,16,12768,2022-10-28 05:00:00+00:00,12768,2022-10-28 05:00:00+00:00,1,0,,,0,,,0,0,,,1,0,0,1,0,0,,,,,,0,,0,0,0,0,0,0,0
2411,16,12851,2022-11-17 02:00:00+00:00,12852,2022-11-17 06:00:00+00:00,1,0,,,0,,,0,0,,,1,0,0,1,0,0,,,,,,0,,0,0,0,0,0,0,0
2417,16,12876,2022-11-23 06:00:00+00:00,12876,2022-11-23 06:00:00+00:00,1,0,,,0,,,0,0,,,1,0,0,1,0,0,,,,,,0,,0,0,0,0,0,0,0
2423,16,12895,2022-11-28 10:00:00+00:00,12895,2022-11-28 10:00:00+00:00,1,0,,,0,,,0,0,,,1,0,0,1,0,0,,,,,,0,,0,0,0,0,0,0,0
2426,16,12902,2022-11-29 14:00:00+00:00,12902,2022-11-29 14:00:00+00:00,1,0,,,0,,,0,0,,,1,0,0,1,0,0,,,,,,0,,0,0,0,0,0,0,0
2438,16,12952,2022-12-12 06:00:00+00:00,12953,2022-12-12 10:00:00+00:00,1,0,,,0,,,0,0,,,1,0,0,1,0,0,,,,,,0,,0,0,0,0,0,0,0
2442,16,12984,2022-12-19 14:00:00+00:00,12985,2022-12-19 18:00:00+00:00,1,0,,,0,,,0,0,,,1,0,0,1,0,0,,,,,,0,,0,0,0,0,0,0,0
2459,16,13073,2023-01-11 10:00:00+00:00,13078,2023-01-12 06:00:00+00:00,1,1,13078.0,2023-01-12 06:00:00+00:00,1,13078.0,2023-01-12 06:00:00+00:00,1,0,13078.0,2023-01-12 06:00:00+00:00,0,0,0,0,0,1,0.7087001449764035,0.3914121974168234,0.75,2.0,0.0,1,0.6139394725972097,1,1,0,0,1,1,1
2469,16,13105,2023-01-18 18:00:00+00:00,13110,2023-01-19 14:00:00+00:00,1,1,13108.0,2023-01-19 06:00:00+00:00,1,13108.0,2023-01-19 06:00:00+00:00,1,0,13108.0,2023-01-19 06:00:00+00:00,0,0,0,0,0,1,0.4486297110024996,0.7416011843753498,0.625,0.0,1.0,-1,0.7380941411261296,0,0,0,0,0,0,0
2474,16,13125,2023-01-24 02:00:00+00:00,13125,2023-01-24 02:00:00+00:00,1,0,,,0,,,0,0,,,1,0,0,1,0,0,,,,,,0,,0,0,0,0,0,0,0
2479,16,13140,2023-01-26 14:00:00+00:00,13140,2023-01-26 14:00:00+00:00,1,0,,,0,,,0,0,,,1,0,0,1,0,0,,,,,,0,,0,0,0,0,0,0,0
2489,16,13193,2023-02-08 10:00:00+00:00,13198,2023-02-09 06:00:00+00:00,1,1,13197.0,2023-02-09 02:00:00+00:00,1,13197.0,2023-02-09 02:00:00+00:00,0,1,,,0,0,0,0,0,1,0.5844916088634199,0.787710293698314,0.5,0.0,0.0,0,0.7290387595211613,1,0,0,0,0,0,1
2491,16,13200,2023-02-09 14:00:00+00:00,13200,2023-02-09 14:00:00+00:00,1,0,,,0,,,0,0,,,1,0,1,1,0,0,,,,,,0,,0,0,0,0,0,0,0
2495,16,13202,2023-02-09 22:00:00+00:00,13202,2023-02-09 22:00:00+00:00,1,0,,,0,,,0,0,,,1,0,0,1,0,0,,,,,,0,,0,0,0,0,0,0,0
2499,16,13217,2023-02-14 10:00:00+00:00,13217,2023-02-14 10:00:00+00:00,1,0,,,0,,,0,0,,,1,0,0,1,0,0,,,,,,0,,0,0,0,0,0,0,0
2511,16,13252,2023-02-22 06:00:00+00:00,13254,2023-02-22 14:00:00+00:00,1,0,,,0,,,0,0,,,1,0,0,1,0,0,,,,,,0,,0,0,0,0,0,0,0
2537,16,13405,2023-03-29 17:00:00+00:00,13405,2023-03-29 17:00:00+00:00,1,0,,,0,,,0,0,,,1,0,0,1,0,0,,,,,,0,,0,0,0,0,0,0,0
2538,16,13408,2023-03-30 05:00:00+00:00,13409,2023-03-30 09:00:00+00:00,1,0,,,0,,,0,0,,,1,0,0,1,0,0,,,,,,0,,0,0,0,0,0,0,0
2556,16,13536,2023-05-01 13:00:00+00:00,13541,2023-05-02 09:00:00+00:00,1,0,,,0,,,0,0,,,0,0,0,1,0,0,,,,,,0,,0,0,0,0,0,0,0
2563,16,13576,2023-05-10 05:00:00+00:00,13576,2023-05-10 05:00:00+00:00,1,0,,,0,,,0,0,,,1,0,0,1,0,0,,,,,,0,,0,0,0,0,0,0,0
2566,16,13579,2023-05-10 17:00:00+00:00,13583,2023-05-11 09:00:00+00:00,1,1,13583.0,2023-05-11 09:00:00+00:00,0,,,0,0,,,0,0,0,0,0,0,0.3005964617386526,0.7574808629088429,0.6875,0.0,1.0,-1,0.5415713371483987,0,0,0,1,0,1,1
2572,16,13600,2023-05-16 05:00:00+00:00,13601,2023-05-16 09:00:00+00:00,1,0,,,0,,,0,0,,,1,0,0,1,0,0,,,,,,0,,0,0,0,0,0,0,0
2604,16,13864,2023-07-17 05:00:00+00:00,13864,2023-07-17 05:00:00+00:00,1,0,,,0,,,0,0,,,1,0,0,1,0,0,,,,,,0,,0,0,0,0,0,0,0
2614,16,13901,2023-07-25 09:00:00+00:00,13901,2023-07-25 09:00:00+00:00,1,0,,,0,,,0,0,,,1,0,0,1,0,0,,,,,,0,,0,0,0,0,0,0,0
2616,16,13904,2023-07-25 21:00:00+00:00,13904,2023-07-25 21:00:00+00:00,1,0,,,0,,,0,0,,,1,0,0,1,0,0,,,,,,0,,0,0,0,0,0,0,0
2653,16,14098,2023-09-08 05:00:00+00:00,14103,2023-09-11 01:00:00+00:00,1,1,14103.0,2023-09-11 01:00:00+00:00,1,14103.0,2023-09-11 01:00:00+00:00,1,0,14103.0,2023-09-11 01:00:00+00:00,0,0,0,0,0,1,0.3706061084062278,0.9116967175219569,0.375,1.0,1.0,0,0.6490611071462252,0,0,0,0,0,0,1
2657,16,14106,2023-09-11 13:00:00+00:00,14110,2023-09-12 05:00:00+00:00,1,1,14109.0,2023-09-12 01:00:00+00:00,1,14109.0,2023-09-12 01:00:00+00:00,0,1,,,0,0,0,0,0,1,0.5756980658168095,0.7811259051623369,0.5625,0.0,0.0,0,0.7319419209764204,1,0,0,0,0,0,0
2663,16,14127,2023-09-15 01:00:00+00:00,14127,2023-09-15 01:00:00+00:00,1,0,,,0,,,0,0,,,1,0,0,1,0,0,,,,,,0,,0,0,0,0,0,0,0
2676,16,14168,2023-09-25 21:00:00+00:00,14168,2023-09-25 21:00:00+00:00,1,0,,,0,,,0,0,,,1,0,0,1,0,0,,,,,,0,,0,0,0,0,0,0,0
2680,16,14212,2023-10-05 05:00:00+00:00,14212,2023-10-05 05:00:00+00:00,1,0,,,0,,,0,0,,,1,0,0,1,0,0,,,,,,0,,0,0,0,0,0,0,0
2736,16,14584,2024-01-03 06:00:00+00:00,14584,2024-01-03 06:00:00+00:00,1,0,,,0,,,0,0,,,1,0,0,1,0,0,,,,,,0,,0,0,0,0,0,0,0
2744,16,14616,2024-01-10 14:00:00+00:00,14618,2024-01-10 22:00:00+00:00,1,0,,,0,,,0,0,,,1,0,0,1,0,0,,,,,,0,,0,0,0,0,0,0,0
2749,16,14668,2024-01-23 06:00:00+00:00,14668,2024-01-23 06:00:00+00:00,1,0,,,0,,,0,0,,,1,0,0,1,0,0,,,,,,0,,0,0,0,0,0,0,0
2776,16,14825,2024-02-28 10:00:00+00:00,14830,2024-02-29 06:00:00+00:00,1,1,14829.0,2024-02-29 02:00:00+00:00,1,14829.0,2024-02-29 02:00:00+00:00,0,1,,,0,0,0,0,0,1,0.643235959969503,0.5246851666109456,0.375,2.0,0.0,1,0.6704761358632939,1,0,0,0,0,0,1
2787,16,14914,2024-03-20 05:00:00+00:00,14916,2024-03-20 13:00:00+00:00,1,0,,,0,,,0,0,,,1,0,0,1,0,0,,,,,,0,,0,0,0,0,0,0,0
2795,16,15001,2024-04-10 17:00:00+00:00,15003,2024-04-11 01:00:00+00:00,1,0,,,0,,,0,0,,,1,0,0,1,0,0,,,,,,0,,0,0,0,0,0,0,0
2799,16,15034,2024-04-18 05:00:00+00:00,15034,2024-04-18 05:00:00+00:00,1,0,,,0,,,0,0,,,1,0,0,1,0,0,,,,,,0,,0,0,0,0,0,0,0
2805,16,15079,2024-04-29 17:00:00+00:00,15079,2024-04-29 17:00:00+00:00,1,0,,,0,,,0,0,,,1,0,0,1,0,0,,,,,,0,,0,0,0,0,0,0,0
2836,16,15268,2024-06-12 05:00:00+00:00,15268,2024-06-12 05:00:00+00:00,1,0,,,0,,,0,0,,,1,0,0,1,0,0,,,,,,0,,0,0,0,0,0,0,0
2845,16,15293,2024-06-18 09:00:00+00:00,15295,2024-06-18 17:00:00+00:00,1,0,,,0,,,0,0,,,1,0,0,1,0,0,,,,,,0,,0,0,0,0,0,0,0
2857,16,15351,2024-07-02 01:00:00+00:00,15357,2024-07-03 01:00:00+00:00,1,1,15357.0,2024-07-03 01:00:00+00:00,1,15357.0,2024-07-03 01:00:00+00:00,1,0,15357.0,2024-07-03 01:00:00+00:00,0,0,0,0,0,1,0.5729627512242986,0.7882649048293005,0.375,1.0,0.0,1,0.6220833462319105,1,0,0,0,0,0,1
2877,16,15514,2024-08-08 05:00:00+00:00,15515,2024-08-08 09:00:00+00:00,1,0,,,0,,,0,0,,,1,0,1,1,0,0,,,,,,0,,0,0,0,0,0,0,0
2879,16,15517,2024-08-08 17:00:00+00:00,15518,2024-08-08 21:00:00+00:00,1,0,,,0,,,0,0,,,1,0,0,1,0,0,,,,,,0,,0,0,0,0,0,0,0
2894,16,15575,2024-08-22 09:00:00+00:00,15575,2024-08-22 09:00:00+00:00,1,0,,,0,,,0,0,,,1,0,0,1,0,0,,,,,,0,,0,0,0,0,0,0,0
2902,16,15598,2024-08-28 05:00:00+00:00,15598,2024-08-28 05:00:00+00:00,1,0,,,0,,,0,0,,,1,0,0,1,0,0,,,,,,0,,0,0,0,0,0,0,0
2906,16,15613,2024-08-30 17:00:00+00:00,15613,2024-08-30 17:00:00+00:00,1,0,,,0,,,0,0,,,1,0,0,1,0,0,,,,,,0,,0,0,0,0,0,0,0
2909,16,15629,2024-09-04 09:00:00+00:00,15631,2024-09-04 17:00:00+00:00,1,0,,,0,,,0,0,,,1,0,0,1,0,0,,,,,,0,,0,0,0,0,0,0,0
2919,16,15684,2024-09-17 13:00:00+00:00,15690,2024-09-18 13:00:00+00:00,1,1,15687.0,2024-09-18 01:00:00+00:00,1,15687.0,2024-09-18 01:00:00+00:00,1,0,15687.0,2024-09-18 01:00:00+00:00,0,0,0,0,0,1,0.6159144517954951,0.6713882651004761,0.4375,0.0,2.0,-1,0.6393777716692782,1,0,0,0,0,0,0
2936,16,15757,2024-10-03 17:00:00+00:00,15757,2024-10-03 17:00:00+00:00,1,0,,,0,,,0,0,,,1,0,0,1,0,0,,,,,,0,,0,0,0,0,0,0,0
2938,16,15771,2024-10-08 01:00:00+00:00,15771,2024-10-08 01:00:00+00:00,1,0,,,0,,,0,0,,,1,0,0,1,0,0,,,,,,0,,0,0,0,0,0,0,0
2947,16,15806,2024-10-15 21:00:00+00:00,15806,2024-10-15 21:00:00+00:00,1,0,,,0,,,0,0,,,1,0,0,1,0,0,,,,,,0,,0,0,0,0,0,0,0
2954,16,15858,2024-10-28 13:00:00+00:00,15860,2024-10-28 21:00:00+00:00,1,0,,,0,,,0,0,,,1,0,0,1,0,0,,,,,,0,,0,0,0,0,0,0,0
2984,16,15998,2024-11-28 22:00:00+00:00,15998,2024-11-28 22:00:00+00:00,1,0,,,0,,,0,0,,,1,0,0,1,0,0,,,,,,0,,0,0,0,0,0,0,0
2990,16,16008,2024-12-02 14:00:00+00:00,16008,2024-12-02 14:00:00+00:00,1,0,,,0,,,0,0,,,1,0,0,1,0,0,,,,,,0,,0,0,0,0,0,0,0
2997,16,16019,2024-12-04 10:00:00+00:00,16019,2024-12-04 10:00:00+00:00,1,0,,,0,,,0,0,,,1,0,0,1,0,0,,,,,,0,,0,0,0,0,0,0,0
2998,16,16022,2024-12-04 22:00:00+00:00,16025,2024-12-05 10:00:00+00:00,1,1,16025.0,2024-12-05 10:00:00+00:00,1,16025.0,2024-12-05 10:00:00+00:00,1,0,16025.0,2024-12-05 10:00:00+00:00,0,0,0,0,0,1,0.4452079039553709,0.6659932659932879,0.625,1.0,0.0,1,0.6205278318538877,0,0,0,0,0,0,0
3003,16,16027,2024-12-05 18:00:00+00:00,16027,2024-12-05 18:00:00+00:00,1,0,,,0,,,0,0,,,1,0,0,1,0,0,,,,,,0,,0,0,0,0,0,0,0
3011,16,16077,2024-12-18 02:00:00+00:00,16080,2024-12-18 14:00:00+00:00,1,1,16080.0,2024-12-18 14:00:00+00:00,0,,,0,0,,,0,0,0,0,1,0,0.5910535040503486,0.5867601742641443,0.25,0.0,1.0,-1,0.5436669959430986,1,0,0,1,0,1,1
3025,16,16107,2024-12-26 02:00:00+00:00,16107,2024-12-26 02:00:00+00:00,1,0,,,0,,,0,0,,,1,0,0,1,0,0,,,,,,0,,0,0,0,0,0,0,0
3030,16,16115,2024-12-27 10:00:00+00:00,16117,2024-12-27 18:00:00+00:00,1,0,,,0,,,0,0,,,1,0,0,1,0,0,,,,,,0,,0,0,0,0,0,0,0
3057,16,16347,2025-02-21 02:00:00+00:00,16354,2025-02-24 06:00:00+00:00,1,1,16350.0,2025-02-21 14:00:00+00:00,1,16350.0,2025-02-21 14:00:00+00:00,1,0,16350.0,2025-02-21 14:00:00+00:00,0,0,0,0,0,1,0.43700500815280885,0.8700209643605911,0.5625,0.0,1.0,-1,0.6187430118798123,0,0,0,0,0,0,0
3068,16,16402,2025-03-06 06:00:00+00:00,16404,2025-03-06 14:00:00+00:00,1,0,,,0,,,0,0,,,1,0,1,1,0,0,,,,,,0,,0,0,0,0,0,0,0
3071,16,16406,2025-03-06 22:00:00+00:00,16413,2025-03-10 01:00:00+00:00,1,1,16409.0,2025-03-07 10:00:00+00:00,1,16409.0,2025-03-07 10:00:00+00:00,1,0,16409.0,2025-03-07 10:00:00+00:00,0,0,0,0,0,1,0.4243050929841621,0.7710002584647244,0.5,1.0,0.0,1,0.6989280718538587,0,0,0,0,0,0,0
3091,16,16519,2025-04-02 17:00:00+00:00,16519,2025-04-02 17:00:00+00:00,1,0,,,0,,,0,0,,,1,0,0,1,0,0,,,,,,0,,0,0,0,0,0,0,0
3099,16,16618,2025-04-28 05:00:00+00:00,16620,2025-04-28 13:00:00+00:00,1,0,,,0,,,0,0,,,1,0,0,1,0,0,,,,,,0,,0,0,0,0,0,0,0
3135,16,16851,2025-06-20 01:00:00+00:00,16851,2025-06-20 01:00:00+00:00,1,0,,,0,,,0,0,,,1,0,0,1,0,0,,,,,,0,,0,0,0,0,0,0,0
3137,16,16854,2025-06-20 13:00:00+00:00,16857,2025-06-23 01:00:00+00:00,1,1,16857.0,2025-06-23 01:00:00+00:00,0,,,0,0,,,0,0,1,0,0,0,0.5563956513779291,0.849214783327426,0.125,0.0,0.0,0,0.5523712121810994,1,0,1,1,1,0,1
3140,16,16859,2025-06-23 09:00:00+00:00,16861,2025-06-23 17:00:00+00:00,1,0,,,0,,,0,0,,,1,0,0,1,0,0,,,,,,0,,0,0,0,0,0,0,0
3181,16,17101,2025-08-18 21:00:00+00:00,17103,2025-08-19 05:00:00+00:00,1,0,,,0,,,0,0,,,1,0,0,1,0,0,,,,,,0,,0,0,0,0,0,0,0
3220,16,17391,2025-10-24 05:00:00+00:00,17395,2025-10-26 21:00:00+00:00,1,1,17394.0,2025-10-24 17:00:00+00:00,1,17394.0,2025-10-24 17:00:00+00:00,1,0,17394.0,2025-10-24 17:00:00+00:00,0,0,0,0,0,1,0.46416085257553086,0.7097089101881446,0.1875,1.0,0.0,1,0.6924326336115668,0,0,1,0,0,0,0
3226,16,17398,2025-10-27 09:00:00+00:00,17398,2025-10-27 09:00:00+00:00,1,0,,,0,,,0,0,,,1,0,0,1,0,0,,,,,,0,,0,0,0,0,0,0,0
3231,16,17415,2025-10-30 05:00:00+00:00,17417,2025-10-30 13:00:00+00:00,1,0,,,0,,,0,0,,,1,0,0,1,0,0,,,,,,0,,0,0,0,0,0,0,0
3236,16,17420,2025-10-31 01:00:00+00:00,17427,2025-11-03 06:00:00+00:00,1,1,17423.0,2025-10-31 13:00:00+00:00,1,17423.0,2025-10-31 13:00:00+00:00,1,0,17423.0,2025-10-31 13:00:00+00:00,0,0,0,0,0,1,0.46126528205183187,0.6378746836569871,0.4375,2.0,0.0,1,0.6167771466444842,0,0,0,0,0,0,0
3241,16,17431,2025-11-03 22:00:00+00:00,17434,2025-11-04 10:00:00+00:00,1,1,17434.0,2025-11-04 10:00:00+00:00,0,,,0,0,,,0,0,0,0,0,0,0.6618896876266592,0.41859081171149826,0.125,0.0,3.0,-1,0.5676954528345124,1,1,1,1,1,0,1
3247,16,17438,2025-11-05 02:00:00+00:00,17441,2025-11-05 14:00:00+00:00,1,1,17441.0,2025-11-05 14:00:00+00:00,1,17441.0,2025-11-05 14:00:00+00:00,1,0,17441.0,2025-11-05 14:00:00+00:00,0,0,0,0,0,1,0.47729232568188185,0.9394889890871042,0.25,0.0,0.0,0,0.792275901904062,0,0,0,0,0,0,0
3250,16,17445,2025-11-06 06:00:00+00:00,17447,2025-11-06 14:00:00+00:00,1,0,,,0,,,0,0,,,1,0,0,1,0,0,,,,,,0,,0,0,0,0,0,0,0
3264,16,17498,2025-11-19 02:00:00+00:00,17498,2025-11-19 02:00:00+00:00,1,0,,,0,,,0,0,,,1,0,0,1,0,0,,,,,,0,,0,0,0,0,0,0,0
3276,16,17536,2025-11-27 10:00:00+00:00,17538,2025-11-27 18:00:00+00:00,1,0,,,0,,,0,0,,,1,0,0,1,0,0,,,,,,0,,0,0,0,0,0,0,0
3283,16,17571,2025-12-05 06:00:00+00:00,17572,2025-12-05 10:00:00+00:00,1,0,,,0,,,0,0,,,1,0,0,1,0,0,,,,,,0,,0,0,0,0,0,0,0
3296,16,17619,2025-12-17 06:00:00+00:00,17626,2025-12-18 10:00:00+00:00,1,1,17624.0,2025-12-18 02:00:00+00:00,1,17624.0,2025-12-18 02:00:00+00:00,1,0,17624.0,2025-12-18 02:00:00+00:00,0,0,0,0,0,1,0.7443725049387793,0.37508352193123673,0.375,3.0,0.0,1,0.6123735705574611,1,1,0,0,1,0,1
3312,16,17702,2026-01-08 02:00:00+00:00,17703,2026-01-08 06:00:00+00:00,1,0,,,0,,,0,0,,,1,0,0,1,0,0,,,,,,0,,0,0,0,0,0,0,0
3317,16,17730,2026-01-14 18:00:00+00:00,17736,2026-01-15 18:00:00+00:00,1,1,17733.0,2026-01-15 06:00:00+00:00,1,17733.0,2026-01-15 06:00:00+00:00,0,1,,,0,0,0,0,0,1,0.4465920327636912,0.9000090777051538,0.4375,0.0,0.0,0,0.6136895161738908,0,0,0,0,0,0,0
3323,16,17740,2026-01-16 10:00:00+00:00,17740,2026-01-16 10:00:00+00:00,1,0,,,0,,,0,0,,,1,0,0,1,0,0,,,,,,0,,0,0,0,0,0,0,0
3350,16,17919,2026-02-27 06:00:00+00:00,17919,2026-02-27 06:00:00+00:00,1,0,,,0,,,0,0,,,1,0,0,1,0,0,,,,,,0,,0,0,0,0,0,0,0
3357,16,17949,2026-03-06 06:00:00+00:00,17952,2026-03-06 18:00:00+00:00,1,1,17952.0,2026-03-06 18:00:00+00:00,1,17952.0,2026-03-06 18:00:00+00:00,1,0,17952.0,2026-03-06 18:00:00+00:00,0,0,0,0,0,1,0.34450502890199614,0.9483507642799702,0.375,1.0,1.0,0,0.6207463432111209,0,0,0,0,0,0,0
3361,16,17954,2026-03-09 01:00:00+00:00,17956,2026-03-09 09:00:00+00:00,1,0,,,0,,,0,0,,,1,0,0,1,0,0,,,,,,0,,0,0,0,0,0,0,0
3366,16,17974,2026-03-12 09:00:00+00:00,17974,2026-03-12 09:00:00+00:00,1,0,,,0,,,0,0,,,1,0,0,1,0,0,,,,,,0,,0,0,0,0,0,0,0
