report_group,range_id,candidate_lookback_bars,birth_idx,confirm_idx,end_idx,state,confirm_latency_bars,low,high,mid,width_abs,width_atr,strength_raw,strength,strength_raw_legacy,strength_legacy,upper_touches,lower_touches,close_inside_frac,boundary_stability_score,candidate_boundary_drift_abs,candidate_boundary_drift_atr,confirm_close_position_in_range,confirm_dist_to_upper_atr,confirm_dist_to_lower_atr,confirm_regime,range_recent_pressure_imbalance,range_recent_upper_pressure_count,range_recent_lower_pressure_count,range_recent_pressure_dominant_side,range_recent_equilibrium_score,range_recent_expansion_veto_flag,range_viability_gate_pass,range_recent_upper_touch_freshness,range_recent_lower_touch_freshness,range_recent_two_sided_freshness_score,range_strength_structure,range_strength_monitorability,range_strength_semantic,range_strength_formation,range_strength_viability,range_strength_formation_legacy,range_strength_viability_legacy,range_touch_quality_score,range_containment_quality_score,range_stability_quality_score,break_pending_count,reclaimed_count,total_pending_bars,mean_pending_duration_bars,first_breach_idx,first_breach_side,first_upper_breach_idx,first_lower_breach_idx,bars_to_first_breach,breakout_side_first,accepted_breakout_side,bars_to_breakout_accept,audit_range_recent_pressure_imbalance_legacy,audit_range_recent_pressure_imbalance_v2,duration_bars,rb_micro_box_risk_score,rb_late_confirm_fragility_score,rb_boundary_relevance_score,rb_monitor_worthiness_score,rb_plausibility_score,strength_repair_v1,strength_repair_v2,strength_repair_v3,strength_repair_v4,contract_bucket
shortest_lived,61,5,5188,5191,5191,7,3,1273.051,1281.345,1277.1979999999999,8.294000000000096,1.7382458797138889,0.6178839909336514,0.6178839909336514,0.5237399418784399,0.5237399418784399,2,2,1.0,0.7535953083116401,0.8229999999998654,0.17248328418185194,0.49686520376176113,0.8745719865018058,0.8636738932120831,0.0,0.37353623789602153,1,1,0,0.9873804356562947,0,1,0.6,1.0,0.6,0.6924008837545635,0.6348676136232713,0.591695045023025,0.6924008837545635,0.609428873104382,0.6924008837545635,0.5940190482293176,0.25,1.0,0.7535953083116401,0,0,0,,,0,,,,0,0,,0.0,0.14965143991819232,0,0.6666666666666667,0.9166666666666666,0.4112011307142094,0.0,0.18613361601188566,0.1952416257255947,0.26036174786837385,0.31213691686360706,0.10400877144290059,strong_false_positive
shortest_lived,2,8,174,177,178,4,3,1286.076,1295.375,1290.7255,9.298999999999978,2.059374891275531,0.6848020226197199,0.6848020226197199,0.6168499283546941,0.6168499283546941,2,3,1.0,1.0,0.0,0.0,0.678460049467683,0.66217130066823,1.397203590607301,0.0,0.37516309004870096,0,1,-1,0.9806789260493882,0,1,0.375,0.75,0.375,0.7412285086621848,0.7089625529860445,0.655478939345213,0.7412285086621848,0.6898430672791547,0.7412285086621848,0.7203323517332578,0.25,1.0,1.0,0,0,0,,178.0,-1,,178.0,1.0,-1,-1,1.0,0.6,0.2887778122156309,1,0.7166666666666667,0.8333333333333334,0.4646233765273457,0.0625,0.2280308441318364,0.2180023237928204,0.3027596266541679,0.3387898475482086,0.13186327374959494,strong_false_positive
shortest_lived,24,8,2141,2144,2145,4,3,1083.742,1093.534,1088.638,9.792000000000144,2.262537905065502,0.6633572329381646,0.6633572329381646,0.5395844980374787,0.5395844980374787,2,3,1.0,1.0,0.0,0.0,0.36683006535948176,1.432570977472019,0.8299669275934831,2.0,0.5383108359765533,0,1,-1,0.9108115468409559,0,1,0.25,0.75,0.25,0.7050116147237151,0.6876641992326872,0.6362746801650777,0.7050116147237151,0.6513607095109324,0.7050116147237151,0.6089257887591323,0.25,1.0,1.0,0,0,0,,2145.0,-1,,2145.0,1.0,-1,-1,1.0,0.6,0.40411376900979484,1,0.7166666666666667,0.8333333333333334,0.4796401464617625,0.0625,0.23178503661544061,0.21743969022387458,0.3010718995657926,0.33429266056227114,0.13488824562819637,strong_false_positive
shortest_lived,27,8,2439,2445,2446,4,6,1094.014,1102.743,1098.3784999999998,8.729000000000042,1.54884014383046,0.6933637076406538,0.6933637076406538,0.5556203586360905,0.5556203586360905,3,3,0.875,0.5858133324028886,1.6339999999997872,0.28993066731797795,0.7594226142742698,0.372615912709796,1.1762242311206639,0.0,0.45866376703561473,1,0,1,0.790010310459371,0,1,1.0,0.625,0.625,0.6918195096635594,0.6957552137265818,0.6916019142048095,0.6918195096635594,0.689319207469252,0.6918195096635594,0.6718817814834772,0.5,0.875,0.5858133324028886,0,0,0,,2446.0,1,2446.0,,1.0,1,1,1.0,0.0,0.2687428635001906,1,0.55,0.8690476190476191,0.4997769507366269,0.0625,0.2630097138746329,0.26354320999938247,0.3272635088966231,0.381756995727244,0.16599624167579297,strong_false_positive
shortest_lived,41,5,3704,3713,3714,7,9,1221.395,1230.019,1225.7069999999999,8.624000000000024,0.9804240151445804,0.5921809241612052,0.5921809241612052,0.5357966013611697,0.5357966013611697,2,2,1.0,0.5827741030170983,2.56899999999996,0.2920581278880312,0.6219851576994455,0.37061482947255503,0.6098091856720255,1.0,0.3539055158663178,1,1,0,0.853354978354975,0,1,0.4,0.6,0.4,0.6660160593120518,0.5993780412548889,0.5743217241783753,0.6660160593120518,0.6043065738238377,0.6660160593120518,0.6741333382526599,0.25,1.0,0.5827741030170983,0,0,0,,,0,,,,0,0,,0.2,0.3539055158663178,1,0.55,0.9666666666666667,0.2654661567585731,0.020833333333333332,0.1703248725229766,0.19902858272419974,0.2433952192384769,0.3179312727796344,0.09159831361775232,strong_false_positive
shortest_lived,57,12,4889,4897,4898,4,8,1284.217,1291.37,1287.7935,7.152999999999793,1.8339432158937687,0.7020089371951393,0.7020089371951393,0.6048681011353177,0.6048681011353177,2,2,1.0,0.7633905219652595,0.6460000000001855,0.16562663462431837,0.5000699007409621,0.916843413957211,0.9170998019365577,0.0,0.4521554787141362,0,1,-1,0.7473787222144566,0,1,0.33333333333333337,0.6666666666666667,0.33333333333333337,0.7256348840036704,0.7112105139022465,0.6904994612718044,0.7256348840036704,0.7052076132072764,0.7256348840036704,0.7226181156882802,0.25,1.0,0.7633905219652595,0,0,0,,4898.0,-1,,4898.0,1.0,-1,-1,1.0,0.6,0.44806185366365153,1,0.65,0.8796296296296297,0.4712711312616222,0.0625,0.23376685688947962,0.2335638260637052,0.3097533667922509,0.35429294187464766,0.14212796829088997,strong_false_positive
shortest_lived,70,12,6070,6074,6075,4,4,1296.292,1306.422,1301.357,10.13000000000011,2.247220185147266,0.7143109037275854,0.7143109037275854,0.5934625688742801,0.5934625688742801,2,2,1.0,0.8276000873332667,0.543999999999869,0.12067993886671324,0.3117472852912236,1.5466553929759648,0.700564792171301,0.0,0.685956884294879,0,2,-1,0.5770977295162973,0,1,0.6666666666666667,0.75,0.6666666666666667,0.744910369292616,0.7225024724104699,0.7025340715435577,0.744910369292616,0.7022445848092325,0.744910369292616,0.6611498361381064,0.25,1.0,0.8276000873332667,0,0,0,,6075.0,-1,,6075.0,1.0,-1,-1,1.0,0.4,0.44432844102675717,1,0.65,0.85,0.532585861830654,0.0625,0.2550214654576635,0.24777767521987024,0.3294017171879117,0.3704365258408041,0.1564831552702099,strong_false_positive
shortest_lived,81,12,6906,6910,6911,4,4,1240.037,1247.058,1243.5475000000001,7.020999999999958,2.2225144318177534,0.6886043112755911,0.6886043112755911,0.5251327953840199,0.5251327953840199,4,2,1.0,1.0,0.0,0.0,0.1670702179176768,1.8511984613687795,0.3713159704489737,0.0,0.6705197448126128,0,2,-1,0.5030622418458724,0,1,0.5833333333333333,0.75,0.5833333333333333,0.7006772742062254,0.7061757702438971,0.6719126116733126,0.7006772742062254,0.6677235443664216,0.7006772742062254,0.5824409579976885,0.25,1.0,1.0,0,0,0,,6911.0,-1,,6911.0,1.0,-1,-1,1.0,0.8,0.6695706722792572,1,0.65,0.85,0.45400363490684237,0.0625,0.23537590872671058,0.2291445452958663,0.30317031008582757,0.34721918207483393,0.13969553590469236,strong_false_positive
shortest_lived,90,8,7214,7217,7218,4,3,1323.441,1329.822,1326.6315,6.380999999999858,1.5834872913131013,0.6034494258035421,0.6034494258035421,0.5535734859529274,0.5535734859529274,3,2,1.0,0.8936471696343544,0.3000000000001819,0.0744469812559519,0.43096693308259854,0.9010566298006228,0.6824306615124786,0.0,0.4405302226252825,1,0,1,0.92660502533562,0,1,0.75,0.375,0.375,0.7179569152618386,0.6238472287542937,0.5679940730115834,0.7179569152618386,0.6004165142108076,0.7179569152618386,0.6183999675222838,0.25,1.0,0.8936471696343544,0,0,0,,7218.0,-1,,7218.0,1.0,-1,-1,1.0,0.4,0.41038626440580983,1,0.7166666666666667,0.8333333333333334,0.3731065303807246,0.0625,0.20515163259518115,0.19949661543130967,0.2764468741363023,0.3173993856290761,0.11342815839383882,strong_false_positive
shortest_lived,93,8,7369,7372,7373,4,3,1288.34,1294.273,1291.3065,5.932999999999993,1.6282910393149623,0.6451078158373506,0.6451078158373506,0.5849541663908868,0.5849541663908868,2,2,1.0,1.0,0.0,0.0,0.475139052755805,0.854626377284086,0.7736646620308764,0.0,0.3918304941729724,1,0,1,0.8728580257317613,0,1,0.375,0.5,0.375,0.730649622319706,0.6710623811406867,0.6096192919453713,0.730649622319706,0.645804213639954,0.730649622319706,0.6676577220276542,0.25,1.0,1.0,0,0,0,,7373.0,-1,,7373.0,1.0,-1,-1,1.0,0.2,0.2477342402828638,1,0.7166666666666667,0.8333333333333334,0.43172263576569786,0.0625,0.21980565894142445,0.2111505176046596,0.29296817147536014,0.3306573473129265,0.1252357622392106,strong_false_positive
shortest_lived,96,5,7625,7628,7629,4,3,1319.878,1328.71,1324.2939999999999,8.832000000000107,1.8868324239156002,0.6489817541176035,0.6489817541176035,0.5646964964331974,0.5646964964331974,2,2,1.0,0.9154612154786657,0.27700000000004366,0.05917714916493402,0.8203125000000034,0.33904020117232797,1.5477922227432723,2.0,0.622293223505434,3,0,1,0.555857487922701,0,1,0.6,0.4,0.4,0.7248410309275529,0.6685191645190833,0.6204328450907686,0.7248410309275529,0.6419349846636881,0.7248410309275529,0.6317709040987365,0.25,1.0,0.9154612154786657,0,0,0,,7629.0,1,7629.0,,1.0,1,1,1.0,0.4,0.5488254712975597,1,0.7166666666666667,0.8333333333333334,0.4814421328042821,0.0625,0.23223553320107052,0.21954554189212364,0.3044956823405341,0.338588082055427,0.1352512370062059,strong_false_positive
shortest_lived,98,12,7941,7945,7946,4,4,1503.515,1527.822,1515.6685,24.30699999999979,2.332291090953595,0.7529660787358265,0.7529660787358265,0.5933953636706972,0.5933953636706972,3,4,1.0,1.0,0.0,0.0,0.14543135722219463,1.9931028321589808,0.33918825879461434,0.0,0.6615198742134841,0,2,-1,0.4939317891965198,0,1,0.41666666666666663,1.0,0.41666666666666663,0.7544432132639305,0.7671037384587902,0.7408541030440404,0.7544432132639305,0.7320278586593614,0.7544432132639305,0.6442236102911454,0.5,1.0,1.0,0,0,0,,7946.0,-1,,7946.0,1.0,-1,-1,1.0,0.6,0.595248351950919,1,0.55,0.85,0.5638451198715614,0.0625,0.2828362799678904,0.2827277198858057,0.3535769212575602,0.4066896314492979,0.18173170851921266,strong_false_positive
shortest_lived,103,8,8020,8023,8024,4,3,1533.819,1556.866,1545.3425,23.047000000000025,2.6942051093826493,0.6302080213993021,0.6302080213993021,0.5584084557392444,0.5584084557392444,2,2,0.875,1.0,0.0,0.0,0.30563630841324635,1.8707582056428298,0.8234469037398195,2.0,0.5749356673992304,0,0,0,0.778235779060187,0,1,0.625,0.375,0.375,0.7363539089097358,0.6536127010349199,0.5935647485037139,0.7363539089097358,0.6183184760001971,0.7363539089097358,0.5972374809237176,0.25,0.875,1.0,0,0,0,,8024.0,-1,,8024.0,1.0,-1,-1,1.0,0.4,0.26280793516342144,1,0.7166666666666667,0.8333333333333334,0.4466272225546188,0.0625,0.22353180563865468,0.21433647806198963,0.29754064579435174,0.33452388093995644,0.12823813599172632,strong_false_positive
shortest_lived,122,12,9356,9362,9363,4,6,1794.854,1812.224,1803.539,17.36999999999989,2.9688323204109395,0.6743437866235995,0.6743437866235995,0.5531801668850982,0.5531801668850982,3,3,1.0,0.8649753866940608,0.5529999999998836,0.0945172293141574,0.894473229706398,0.31329128631622677,2.6555410340947123,0.0,0.7253111940365299,2,0,1,0.3948954135482563,0,1,1.0,0.41666666666666663,0.41666666666666663,0.715022648284671,0.6867700099726499,0.6573971411446258,0.715022648284671,0.662218210073,0.715022648284671,0.6227567481304482,0.5,1.0,0.8649753866940608,0,0,0,,9363.0,1,9363.0,,1.0,1,1,1.0,1.0,0.7083177475308853,1,0.55,0.8690476190476191,0.477147630690204,0.0625,0.25735238386302717,0.26141699581233385,0.3251007930032131,0.38225928654797664,0.1607480780572766,strong_false_positive
shortest_lived,139,8,10519,10524,10525,4,5,1763.555,1789.99,1776.7725,26.434999999999945,2.9302561485032967,0.6013859423205248,0.6013859423205248,0.45141862538404154,0.45141862538404154,2,3,1.0,0.7822636545601318,1.375,0.15241544180790775,0.21373179496878666,2.303967242165364,0.6262889063379331,2.0,0.6632790229693988,0,2,-1,0.4777756761868672,0,1,0.25,1.0,0.25,0.5970098130380691,0.6192530905875194,0.5870777184614423,0.5970098130380691,0.601243214421004,0.5970098130380691,0.5935544540070963,0.25,1.0,0.7822636545601318,0,0,0,,10525.0,1,10525.0,,1.0,1,1,1.0,1.0,0.6632790229693988,1,0.65,0.8611111111111112,0.35123279195449425,0.0625,0.2074609757664013,0.20012061164792133,0.2614417119493624,0.30728813860295867,0.11726930559456188,strong_false_positive
shortest_lived,156,5,11570,11573,11574,4,3,1835.825,1847.8,1841.8125,11.974999999999909,1.810157291713615,0.6521012309325402,0.6521012309325402,0.5625691973677192,0.5625691973677192,2,2,1.0,1.0,0.0,0.0,0.45260960334028283,0.9908627179275952,0.8192945737860199,2.0,0.5195762454545426,0,2,-1,0.6257480862908764,0,1,0.4,0.8,0.4,0.7258198951478982,0.6763606859356123,0.6199283024555026,0.7258198951478982,0.6435425894856557,0.7258198951478982,0.625134970646049,0.25,1.0,1.0,0,0,0,,11574.0,-1,,11574.0,1.0,-1,-1,1.0,0.2,0.18033028098727058,1,0.7166666666666667,0.8333333333333334,0.4666969150731311,0.0625,0.22854922876828276,0.21698897961284186,0.30096542330188014,0.3360873232069118,0.13228096649028356,strong_false_positive
shortest_lived,159,16,11752,11755,11756,4,3,1912.595,1950.775,1931.685,38.180000000000064,2.787318871997567,0.6319877773929692,0.6319877773929692,0.5663766403961725,0.5663766403961725,2,2,1.0,1.0,0.0,0.0,0.8965426925091661,0.2883685056152566,2.4989503663823105,1.0,0.6297871925902497,2,0,1,0.4262266457132926,0,1,1.0,0.3125,0.3125,0.7178694574907558,0.6564088592159715,0.5977329998460015,0.7178694574907558,0.6313130269904251,0.7178694574907558,0.6482814168281793,0.25,1.0,1.0,0,0,0,,11756.0,1,11756.0,,1.0,1,1,1.0,0.6,0.5917463554539285,1,0.7166666666666667,0.8333333333333334,0.42872072974405767,0.0625,0.2190551824360144,0.2094631874406028,0.2903025464368711,0.327552340783429,0.12463105954100555,strong_false_positive
shortest_lived,160,8,11781,11784,11785,4,3,1970.765,2009.075,1989.92,38.309999999999945,1.8964134217066064,0.6663041202808955,0.6663041202808955,0.6040618036980845,0.6040618036980845,3,2,1.0,0.9664095023563076,0.4750000000001364,0.023513348350584655,0.48890629078569087,0.9692449699038294,0.9271684518027772,1.0,0.41367370280635557,0,0,0,0.9226485686939808,0,1,0.625,0.25,0.25,0.7192458112209161,0.6905156493359169,0.637495765324274,0.7192458112209161,0.6778227198035447,0.7192458112209161,0.7330907696973411,0.25,1.0,0.9664095023563076,0,0,0,,11785.0,-1,,11785.0,1.0,-1,-1,1.0,0.4,0.27209509094125933,1,0.7166666666666667,0.8333333333333334,0.4332846323794756,0.0625,0.2201961580948689,0.21040545986055775,0.2916471227161025,0.32866223522391314,0.12555041018625807,strong_false_positive
shortest_lived,173,8,12436,12440,12441,4,4,1784.78,1799.165,1791.9724999999999,14.384999999999991,1.7731118804881645,0.7142698670720591,0.7142698670720591,0.549323113171624,0.549323113171624,3,5,1.0,0.7614015990802426,1.3550000000000182,0.16701888064383014,0.856447688564473,0.25453430887786993,1.5185775716102945,0.0,0.2700027992798024,1,2,-1,0.9208666434943762,0,1,1.0,0.875,0.875,0.729902959885031,0.7202214742710421,0.7067692221748377,0.729902959885031,0.6883287650238329,0.729902959885031,0.5876624322274049,0.5,1.0,0.7614015990802426,0,0,0,,12441.0,1,12441.0,,1.0,1,1,1.0,0.6,0.2700027992798024,1,0.55,0.85,0.4804061308631085,0.0625,0.26197653271577714,0.26421971945372674,0.32908828536674234,0.38652267565859716,0.16238064248710854,strong_false_positive
shortest_lived,178,16,13073,13078,13079,4,5,1867.07,1886.555,1876.8125,19.485000000000127,2.3709550367918317,0.6730820728150646,0.6730820728150646,0.5187027099783648,0.5187027099783648,4,2,1.0,1.0,0.0,0.0,0.8806774441878352,0.28290841470572653,2.0880466220861056,0.0,0.7087001449764035,2,0,1,0.3914121974168234,0,1,1.0,0.75,0.75,0.6750744745980573,0.6932618998768041,0.6558122337979247,0.6750744745980573,0.6624175479893335,0.6750744745980573,0.6139394725972097,0.25,1.0,1.0,0,0,0,,13079.0,1,13079.0,,1.0,1,1,1.0,0.2,0.4047455228484552,1,0.65,0.8611111111111112,0.4254573647195196,0.0625,0.22601711895765766,0.22108403847569133,0.2916611640166387,0.33647488965936023,0.13312599385507018,strong_false_positive
longest_lived,104,16,8198,8201,8234,4,3,1476.973,1498.09,1487.5315,21.116999999999962,2.9511460409354644,0.6155927733712896,0.6155927733712896,0.5807126320308661,0.5807126320308661,2,2,1.0,1.0,0.0,0.0,0.5332670360373153,1.3773971387725517,1.5737489021629127,0.0,0.5310549329893688,0,0,0,0.858770974412395,0,1,0.4375,0.8125,0.4375,0.7182582262011857,0.6426208061234328,0.5764627534067058,0.7182582262011857,0.6238004878043524,0.7182582262011857,0.680835319961485,0.25,1.0,1.0,0,0,0,,8234.0,1,8234.0,,33.0,1,1,33.0,0.4,0.3410161507149628,33,0.2666666666666667,0.3611111111111111,0.6055488382816415,0.5,0.6008316540148548,0.5498758458749712,0.8208183088099956,0.6347988890409924,0.4775779459373333,fragile_but_plausible
longest_lived,227,8,17412,17417,17450,7,5,3915.525,4030.24,3972.8824999999997,114.71499999999969,2.2450680617072334,0.7380335832353031,0.7380335832353031,0.5824194270488636,0.5824194270488636,2,2,0.875,1.0,0.0,0.0,0.7495096543608094,0.5623678747605526,1.6827001869466809,0.0,0.48799961717481327,1,0,1,0.8786703279141042,0,1,0.25,0.625,0.25,0.7435822157589568,0.7552237105244559,0.72270609510863,0.7435822157589568,0.7189258028174712,0.7435822157589568,0.6387694028211838,0.25,0.875,1.0,3,3,6,2.0,17419.0,1,17419.0,,2.0,1,0,,0.2,0.41603127090114167,33,0.3,0.21052631578947367,0.7413330650563013,0.8333333333333333,0.7748946697728473,0.6898523880696177,0.9948237128306797,0.746,0.6605255035864109,durable_plausible
longest_lived,71,5,6094,6097,6128,4,3,1293.565,1301.752,1297.6585,8.186999999999898,1.901944781082094,0.6772683645717827,0.6772683645717827,0.6186418832905621,0.6186418832905621,2,2,1.0,1.0,0.0,0.0,0.45938683278368314,1.0282163919713352,0.8737283891107588,0.0,0.5221456853683234,0,0,0,0.8236635316151547,0,1,0.4,0.4,0.4,0.7335459144078964,0.7025462256964569,0.6470305532532783,0.7335459144078964,0.683245613522083,0.7335459144078964,0.7389301545173613,0.25,1.0,1.0,6,6,12,2.0,6099.0,1,6099.0,6103.0,2.0,1,1,31.0,0.0,0.18984557693485768,31,0.3666666666666667,0.19607843137254902,0.6926816886696334,0.8333333333333333,0.7522880692262318,0.6492044259295267,0.9719343342535663,0.7206666666666667,0.6158546788679651,unclassified
longest_lived,72,12,6093,6097,6128,4,4,1290.231,1301.752,1295.9915,11.520999999999958,2.676475610461341,0.6638590132355715,0.6638590132355715,0.549673443727634,0.549673443727634,2,3,1.0,0.7653640858808806,0.7070000000001073,0.16424513988338357,0.6158319590313387,1.0282163919713352,1.6482592184900058,0.0,0.5667086563362721,0,0,0,0.8359228076266507,0,1,0.75,0.25,0.25,0.6502118989279263,0.678273076776254,0.6539347381506213,0.6502118989279263,0.681341746221543,0.6502118989279263,0.7422931012539637,0.25,1.0,0.7653640858808806,2,2,4,2.0,6099.0,1,6099.0,,2.0,1,1,31.0,0.4,0.3304998700365226,31,0.3,0.20476190476190478,0.6083700749112806,0.8333333333333333,0.7428068044421059,0.6515805295912892,0.9479458579844752,0.7160127000921286,0.6239276681017522,durable_plausible
longest_lived,123,12,9597,9600,9631,4,3,1935.76,1966.23,1950.995,30.470000000000027,2.6388771415240067,0.6324634345308227,0.6324634345308227,0.5661160771533591,0.5661160771533591,2,3,1.0,0.8658848130989648,1.08400000000006,0.09388063083072462,0.38437807679684866,1.6245506209618434,1.014326520562163,0.0,0.4851397464232015,0,2,-1,0.6097801115851678,0,1,0.25,0.9166666666666666,0.25,0.7130979564908254,0.6506305888023899,0.6043015014291058,0.7130979564908254,0.6332670442259997,0.7130979564908254,0.656471040667007,0.25,1.0,0.8658848130989648,5,5,10,2.0,9606.0,1,9606.0,9620.0,6.0,1,-1,31.0,0.6,0.41660330158444275,31,0.2666666666666667,0.029411764705882356,0.6156005497069219,1.0,0.8446844511522207,0.7405745928056096,1.0,0.7586666666666666,0.7275912587152753,durable_plausible
longest_lived,229,16,17420,17423,17450,7,3,3915.525,4046.58,3981.0525,131.05499999999984,2.7376989422538065,0.635404073913733,0.635404073913733,0.5587482209417926,0.5587482209417926,2,2,1.0,0.9610556405474036,1.305000000000291,0.02726105161681751,0.49769180878257213,1.375168603781375,1.3625303384724317,0.0,0.46126528205183187,2,0,1,0.6378746836569871,0,1,0.8125,0.4375,0.4375,0.7255845758455661,0.6584534316181179,0.6016137331329564,0.7255845758455661,0.6273822952293266,0.7255845758455661,0.6167771466444842,0.25,1.0,0.9610556405474036,0,0,0,,,0,,,,0,0,,1.0,0.47310287957398334,27,0.4666666666666667,0.7000000000000001,0.3965963572588834,0.25,0.35331575598138754,0.3374600041366902,0.4027284863016023,0.45485905733616483,0.23841917799951018,unclassified
longest_lived,233,12,17567,17570,17597,4,3,4175.19,4241.555,4208.3724999999995,66.36500000000069,2.4952148412150534,0.6774979822393776,0.6774979822393776,0.6147197950777151,0.6147197950777151,2,2,0.9166666666666666,1.0,0.0,0.0,0.6847736005424568,0.7865575902692467,1.7086572509458067,0.0,0.5039970845851899,0,0,0,0.9250860142143207,0,1,0.25,0.5833333333333333,0.25,0.7376504671059244,0.702199116621392,0.6471246317798383,0.7376504671059244,0.6841789472991111,0.7376504671059244,0.7222472396930945,0.25,0.9166666666666666,1.0,3,3,6,2.0,17573.0,1,17573.0,17583.0,3.0,1,1,27.0,0.0,0.4553979184802406,27,0.3166666666666667,0.11666666666666665,0.6932279151509513,0.875,0.7928903121210711,0.6896582528962377,1.0,0.7396666666666667,0.6626988622930017,durable_plausible
longest_lived,144,8,10664,10667,10692,4,3,1772.225,1789.995,1781.11,17.769999999999982,1.6755812770290024,0.6444705771436439,0.6444705771436439,0.5785107705779362,0.5785107705779362,2,2,0.875,1.0,0.0,0.0,0.5464265616207117,0.7599991611060035,0.915582115922999,1.0,0.46485718058769343,0,0,0,0.8373663477771595,0,1,0.375,0.625,0.375,0.7238742042055871,0.6704077195688654,0.609978797176547,0.7238742042055871,0.6452169017842846,0.7238742042055871,0.6653114754305978,0.25,0.875,1.0,3,3,6,2.0,10670.0,1,10670.0,10685.0,3.0,1,-1,25.0,0.4,0.385348251860748,25,0.3166666666666667,0.11904761904761905,0.6491502455825005,0.875,0.781394704252768,0.6787050635384363,0.9876503243134503,0.7396666666666667,0.6504658195623727,durable_plausible
longest_lived,9,8,636,639,662,7,3,1174.932,1202.208,1188.5700000000002,27.276000000000067,2.817695549263534,0.6544029860277789,0.6544029860277789,0.6088516589160171,0.6088516589160171,2,2,1.0,1.0,0.0,0.0,0.5905557999706668,1.1536891000944203,1.6640064491691136,1.0,0.3765128817088257,0,1,-1,0.9303905753531727,0,1,0.25,0.625,0.25,0.7205157780845763,0.682064477555813,0.6205892864151427,0.7205157780845763,0.6577857990942385,0.7205157780845763,0.7417032757066339,0.25,1.0,1.0,4,4,8,2.0,645.0,1,645.0,,6.0,1,0,,0.6,0.3802157986532189,23,0.2666666666666667,0.038461538461538464,0.6312123943723974,1.0,0.8467774575674583,0.7443803886584115,1.0,0.7586666666666666,0.7315111761837744,durable_plausible
longest_lived,145,8,10796,10799,10821,5,3,1792.625,1808.42,1800.5225,15.795000000000073,2.072477250430956,0.6342783532055889,0.6342783532055889,0.5215219673012602,0.5215219673012602,4,2,0.875,0.9090895431231155,0.48500000000012733,0.06363731981381912,0.6745805634694475,0.6744243790576304,1.3980528713733256,1.0,0.6299772498639894,3,0,1,0.3634061411839322,0,1,1.0,0.5,0.5,0.6945800875632446,0.6531549677135647,0.6087737195216645,0.6945800875632446,0.6217197993274846,0.6945800875632446,0.5847416221669645,0.25,0.875,0.9090895431231155,2,2,4,2.0,10800.0,1,10800.0,,1.0,1,0,,0.6,0.5746198548773239,22,0.4166666666666667,0.29,0.642143060980312,0.7916666666666667,0.696285765245078,0.5954448728796663,0.9246278972997852,0.6822948881227568,0.5571660939106309,unclassified
longest_lived,162,8,11880,11885,11906,4,5,1915.375,1936.775,1926.075,21.40000000000009,2.1532910172643405,0.7413890567411956,0.7413890567411956,0.629065761453734,0.629065761453734,2,2,1.0,1.0,0.0,0.0,0.6135514018691614,0.8321362949895319,1.3211547222748088,0.0,0.5955650420706348,2,0,1,0.549221183800624,0,1,0.625,0.375,0.375,0.769535610916595,0.7567067788300182,0.7240187215185208,0.769535610916595,0.7314440450166972,0.769535610916595,0.6957692243864082,0.25,1.0,1.0,4,3,8,2.0,11888.0,1,11888.0,11892.0,3.0,1,1,21.0,0.8,0.6045298497685399,21,0.25,0.14743589743589744,0.7410175033200654,0.875,0.8120171963428369,0.7329772226547784,1.0,0.7636051589028511,0.7078710436624691,durable_plausible
longest_lived,38,12,3596,3599,3618,4,3,1260.958,1274.036,1267.497,13.077999999999975,2.876085103588764,0.5743766328185729,0.5743766328185729,0.49484649115508955,0.49484649115508955,2,2,1.0,0.5896962024242405,1.30600000000004,0.28721265830303166,0.23902737421623968,2.1886220332555,0.687463070333264,1.0,0.6708987899745186,0,2,-1,0.5789366365907118,0,1,0.6666666666666667,1.0,0.6666666666666667,0.6180814628386404,0.5886298924490915,0.5554111219257266,0.6180814628386404,0.5911553866702448,0.6180814628386404,0.6676949046015875,0.25,1.0,0.5896962024242405,3,3,6,2.0,3608.0,-1,3614.0,3608.0,9.0,-1,1,19.0,0.2,0.3560476752692267,19,0.2666666666666667,0.04545454545454545,0.6199836339252377,1.0,0.842571666057067,0.7304969730243426,1.0,0.7586666666666666,0.727931356399054,durable_plausible
longest_lived,136,12,10407,10410,10428,4,3,1723.683,1742.442,1733.0625,18.759000000000015,2.296792705896561,0.6699703873948322,0.6699703873948322,0.5675475491999689,0.5675475491999689,3,2,1.0,1.0,0.0,0.0,0.3431952662721945,1.5085443216243568,0.7882483842722046,0.0,0.4985469696439169,0,0,0,0.887431810508741,0,1,0.5,0.75,0.5,0.7009758089860962,0.6963209061888954,0.6428750841532167,0.7009758089860962,0.6722295780389611,0.7009758089860962,0.6827559095105808,0.25,1.0,1.0,3,3,6,2.0,10416.0,1,10416.0,10420.0,6.0,1,-1,18.0,0.4,0.354084240747864,18,0.2666666666666667,0.047619047619047616,0.6813860180968152,1.0,0.8574893616670609,0.7527503766410746,1.0,0.7586666666666666,0.7452313547727648,durable_plausible
longest_lived,37,16,3562,3569,3585,4,7,1249.574,1262.142,1255.8580000000002,12.567999999999984,2.309205846660906,0.8044799539399283,0.8044799539399283,0.7006857375173934,0.7006857375173934,3,3,0.9375,0.9981626306121847,0.006999999999834472,0.0012861585714707292,0.4904519414385738,1.1766513559847591,1.1325544906761469,0.0,0.49552059330659076,0,0,0,0.82129217059199,0,1,0.8125,0.5,0.5,0.8126136395140915,0.8167251439223976,0.7928926046627879,0.8126136395140915,0.7979343816905284,0.8126136395140915,0.7704364112822707,0.5,0.9375,0.9981626306121847,4,3,6,1.5,3571.0,-1,3582.0,3571.0,2.0,-1,0,16.0,0.4,0.38585885779450735,16,0.2,0.26811594202898553,0.8123322089754669,0.8333333333333333,0.8011265305047363,0.7570954211448364,1.0,0.7603379591514209,0.7275347785062823,durable_plausible
longest_lived,83,16,7026,7032,7048,7,6,1285.598,1295.817,1290.7075,10.219000000000051,2.4254540515030603,0.7036307031522002,0.7036307031522002,0.5713593456874848,0.5713593456874848,2,4,0.9375,1.0,0.0,0.0,0.3032586358743436,1.6899141644683424,0.7355398870347181,0.0,0.4056767899547575,1,1,0,0.9483641582672921,0,1,0.6875,1.0,0.6875,0.7077984168694251,0.7234635967062826,0.6863042383720153,0.7077984168694251,0.6996519883428961,0.7077984168694251,0.6787242715578847,0.25,0.9375,1.0,0,0,0,,,0,,,,0,0,,0.0,0.4056767899547575,16,0.4,0.7575757575757575,0.3733101183006936,0.25,0.3493123780600219,0.34978629701714464,0.40137022328164923,0.4640400212581244,0.24460847918128492,unclassified
longest_lived,172,12,12218,12221,12237,4,3,1823.165,1847.76,1835.4625,24.595000000000027,2.7711706097170357,0.6498066349814828,0.6498066349814828,0.6411791329413475,0.6411791329413475,2,2,0.9166666666666666,1.0,0.0,0.0,0.4049603577963011,1.6489563680914312,1.1222142416256047,0.0,0.49366879037066264,0,0,0,0.9866504031984834,0,1,0.75,0.6666666666666667,0.6666666666666667,0.7330825436925567,0.6776149666067112,0.6131234910225194,0.7330825436925567,0.6443818866160671,0.7330825436925567,0.7910571564281397,0.25,0.9166666666666666,1.0,4,3,6,1.5,12225.0,-1,,12225.0,4.0,-1,0,16.0,0.2,0.31971737636600217,16,0.2666666666666667,0.05263157894736842,0.6401594981313393,0.9166666666666666,0.8170135587433612,0.7179479619497368,1.0,0.7586666666666666,0.6951717110768162,durable_plausible
longest_lived,99,8,7953,7957,7972,4,4,1492.828,1508.431,1500.6295,15.603000000000065,2.0396053712493116,0.7132648021032464,0.7132648021032464,0.585206860564431,0.585206860564431,3,2,1.0,1.0,0.0,0.0,0.6262898160610071,0.7622212984525382,1.2773840727967734,0.0,0.5595410390212432,2,0,1,0.4702087205452068,0,1,0.875,0.25,0.25,0.7129272966602682,0.732712176915076,0.696983008132186,0.7129272966602682,0.7121616360342053,0.7129272966602682,0.7014178100765026,0.25,1.0,1.0,1,1,2,2.0,7965.0,-1,7972.0,7965.0,8.0,-1,1,15.0,0.8,0.5649670430640384,15,0.2,0.23684210526315788,0.669154879086406,0.75,0.74242029871897,0.6855943416336837,0.9524046582606864,0.7425935394239276,0.6472858023304869,durable_plausible
longest_lived,142,12,10603,10607,10622,4,4,1881.415,1903.66,1892.5375,22.24500000000012,2.8011711901629424,0.6987260112192815,0.6987260112192815,0.6104755912216048,0.6104755912216048,2,2,1.0,1.0,0.0,0.0,0.5583277140930549,1.2371996827759446,1.5639715073869975,0.0,0.49307026043417046,0,0,0,0.8971304412976704,0,1,0.6666666666666667,0.16666666666666663,0.16666666666666663,0.703037763864627,0.722164529729888,0.6783477752471166,0.703037763864627,0.7163181507054757,0.703037763864627,0.7805661435733688,0.25,1.0,1.0,1,1,2,2.0,10614.0,-1,,10614.0,7.0,-1,-1,15.0,0.2,0.4925682800214103,15,0.2,0.23684210526315788,0.6343901557378957,0.75,0.7337291178818424,0.676750582237931,0.9422517754563053,0.7342580340824405,0.6369980515735789,durable_plausible
longest_lived,168,12,12152,12155,12170,4,3,1836.805,1857.645,1847.225,20.839999999999918,2.807462573773057,0.654236215499183,0.654236215499183,0.6163325997319492,0.6163325997319492,2,2,1.0,1.0,0.0,0.0,0.5052783109404997,1.3889126264683387,1.4185499473047183,1.0,0.4845147441494373,1,0,1,0.7549584133077414,0,1,0.16666666666666663,0.5,0.16666666666666663,0.7265259637213894,0.6803170712834886,0.6207619369248133,0.7265259637213894,0.6681397344150131,0.7265259637213894,0.7472139802019576,0.25,1.0,1.0,2,1,4,2.0,12158.0,1,12158.0,12169.0,3.0,1,1,15.0,0.2,0.38751515062205233,15,0.3166666666666667,0.3055555555555555,0.5081802742744121,0.75,0.6651006241241586,0.598246277238462,0.8934584337887232,0.6799790770688778,0.5463121000490077,durable_plausible
longest_lived,63,16,5185,5191,5205,4,6,1267.669,1281.345,1274.507,13.67599999999993,2.8661985352021637,0.6471001341106248,0.6471001341106248,0.5532818531111902,0.5532818531111902,3,2,1.0,1.0,0.0,0.0,0.6948669201520896,0.8745719865018058,1.9916265487003582,0.0,0.5891737223208509,1,0,1,0.5988105683923255,0,1,0.875,0.4375,0.4375,0.701046921673104,0.6679381715939149,0.6209646966146645,0.701046921673104,0.6453019088056131,0.701046921673104,0.6487038076109066,0.25,1.0,1.0,5,4,8,1.6,5192.0,1,5192.0,5198.0,1.0,1,0,14.0,0.4,0.4017654202326285,14,0.35,0.35000000000000003,0.571884897076507,0.7916666666666667,0.6800545576024601,0.6072702552781796,0.9150739594594195,0.687648459887487,0.5651605518344355,durable_plausible
strongest,37,16,3562,3569,3585,4,7,1249.574,1262.142,1255.8580000000002,12.567999999999984,2.309205846660906,0.8044799539399283,0.8044799539399283,0.7006857375173934,0.7006857375173934,3,3,0.9375,0.9981626306121847,0.006999999999834472,0.0012861585714707292,0.4904519414385738,1.1766513559847591,1.1325544906761469,0.0,0.49552059330659076,0,0,0,0.82129217059199,0,1,0.8125,0.5,0.5,0.8126136395140915,0.8167251439223976,0.7928926046627879,0.8126136395140915,0.7979343816905284,0.8126136395140915,0.7704364112822707,0.5,0.9375,0.9981626306121847,4,3,6,1.5,3571.0,-1,3582.0,3571.0,2.0,-1,0,16.0,0.4,0.38585885779450735,16,0.2,0.26811594202898553,0.8123322089754669,0.8333333333333333,0.8011265305047363,0.7570954211448364,1.0,0.7603379591514209,0.7275347785062823,durable_plausible
strongest,46,12,3865,3868,3875,4,3,1126.99,1137.058,1132.024,10.067999999999984,2.2598029644415476,0.7562820732058377,0.7562820732058377,0.6614712895378425,0.6614712895378425,3,4,1.0,1.0,0.0,0.0,0.46136273341279194,1.217214091792465,1.0425888726490828,0.0,0.4696828089978813,0,2,-1,0.5940934975499931,0,1,0.25,0.9166666666666666,0.25,0.7759970792476687,0.7753751476246455,0.7370894897273462,0.7759970792476687,0.753989654252472,0.7759970792476687,0.754024439926889,0.5,1.0,1.0,1,0,2,2.0,3874.0,1,3874.0,,6.0,1,1,7.0,0.8,0.5006130324125769,7,0.16666666666666669,0.43333333333333335,0.7861184775341347,0.5208333333333334,0.6588212860502003,0.6422074819934497,0.8942508780555585,0.6822916666666666,0.5746940014335906,unclassified
strongest,98,12,7941,7945,7946,4,4,1503.515,1527.822,1515.6685,24.30699999999979,2.332291090953595,0.7529660787358265,0.7529660787358265,0.5933953636706972,0.5933953636706972,3,4,1.0,1.0,0.0,0.0,0.14543135722219463,1.9931028321589808,0.33918825879461434,0.0,0.6615198742134841,0,2,-1,0.4939317891965198,0,1,0.41666666666666663,1.0,0.41666666666666663,0.7544432132639305,0.7671037384587902,0.7408541030440404,0.7544432132639305,0.7320278586593614,0.7544432132639305,0.6442236102911454,0.5,1.0,1.0,0,0,0,,7946.0,-1,,7946.0,1.0,-1,-1,1.0,0.6,0.595248351950919,1,0.55,0.85,0.5638451198715614,0.0625,0.2828362799678904,0.2827277198858057,0.3535769212575602,0.4066896314492979,0.18173170851921266,strong_false_positive
strongest,174,8,12596,12600,12609,5,4,1659.6,1679.37,1669.485,19.769999999999982,2.2347785380736727,0.7509235567377552,0.7509235567377552,0.6334883178669444,0.6334883178669444,2,2,1.0,0.9200653677038273,0.49500000000011823,0.055954242607320855,0.4676277187658132,1.1897341483674821,1.0450443897061905,0.0,0.42437670711070524,2,0,1,0.6703759905580735,0,1,0.875,0.375,0.375,0.7719173317812377,0.7630199181486526,0.7374036091456443,0.7719173317812377,0.7403922783954828,0.7719173317812377,0.7011143373888205,0.25,1.0,0.9200653677038273,0,0,0,,12609.0,0,,,9.0,0,0,,0.6,0.42882173830615955,9,0.2,0.4358974358974359,0.7433118196012168,0.4375,0.6117734677208171,0.5878377324433635,0.7043849992033161,0.653125,0.5086022473308748,fragile_but_plausible
strongest,148,12,10915,10919,10927,4,4,1774.36,1793.71,1784.0349999999999,19.350000000000136,2.4678283133216015,0.7450252487535836,0.7450252487535836,0.6685738632973804,0.6685738632973804,2,2,1.0,1.0,0.0,0.0,0.5932816537467668,1.0037110504310678,1.464117262890534,0.0,0.4076497806622223,0,1,-1,0.8062015503875943,0,1,0.75,0.5833333333333333,0.5833333333333333,0.7749517903376864,0.7621879414222551,0.7258203402584431,0.7749517903376864,0.7494465192103481,0.7749517903376864,0.771216032690344,0.25,1.0,1.0,0,0,0,,10927.0,1,10927.0,,8.0,1,1,8.0,0.2,0.31488385446921147,8,0.2,0.4444444444444444,0.6984945551304613,0.41666666666666663,0.5915680832270598,0.570350224545042,0.6848735982363118,0.6458333333333333,0.48490858456031516,fragile_but_plausible
strongest,162,8,11880,11885,11906,4,5,1915.375,1936.775,1926.075,21.40000000000009,2.1532910172643405,0.7413890567411956,0.7413890567411956,0.629065761453734,0.629065761453734,2,2,1.0,1.0,0.0,0.0,0.6135514018691614,0.8321362949895319,1.3211547222748088,0.0,0.5955650420706348,2,0,1,0.549221183800624,0,1,0.625,0.375,0.375,0.769535610916595,0.7567067788300182,0.7240187215185208,0.769535610916595,0.7314440450166972,0.769535610916595,0.6957692243864082,0.25,1.0,1.0,4,3,8,2.0,11888.0,1,11888.0,11892.0,3.0,1,1,21.0,0.8,0.6045298497685399,21,0.25,0.14743589743589744,0.7410175033200654,0.875,0.8120171963428369,0.7329772226547784,1.0,0.7636051589028511,0.7078710436624691,durable_plausible
strongest,227,8,17412,17417,17450,7,5,3915.525,4030.24,3972.8824999999997,114.71499999999969,2.2450680617072334,0.7380335832353031,0.7380335832353031,0.5824194270488636,0.5824194270488636,2,2,0.875,1.0,0.0,0.0,0.7495096543608094,0.5623678747605526,1.6827001869466809,0.0,0.48799961717481327,1,0,1,0.8786703279141042,0,1,0.25,0.625,0.25,0.7435822157589568,0.7552237105244559,0.72270609510863,0.7435822157589568,0.7189258028174712,0.7435822157589568,0.6387694028211838,0.25,0.875,1.0,3,3,6,2.0,17419.0,1,17419.0,,2.0,1,0,,0.2,0.41603127090114167,33,0.3,0.21052631578947367,0.7413330650563013,0.8333333333333333,0.7748946697728473,0.6898523880696177,0.9948237128306797,0.746,0.6605255035864109,durable_plausible
strongest,204,12,15347,15351,15357,7,4,2318.595,2339.785,2329.1899999999996,21.190000000000055,2.249938499847624,0.7364923159118113,0.7364923159118113,0.6136926590161113,0.6136926590161113,3,2,1.0,1.0,0.0,0.0,0.4134025483718828,1.3198081903306054,0.9301303095170188,1.0,0.42479178363537445,0,0,0,0.8475696083057898,0,1,0.6666666666666667,0.75,0.6666666666666667,0.7544907067063376,0.7528083132156429,0.7199071356494686,0.7544907067063376,0.7268817254073194,0.7544907067063376,0.688977729306374,0.25,1.0,1.0,0,0,0,,,0,,,,0,0,,0.0,0.42479178363537445,6,0.4,0.7999999999999999,0.44039644233699543,0.125,0.3138491105842489,0.325235482066204,0.37280059381373887,0.44729126573364564,0.2076120673200998,unclassified
strongest,26,12,2326,2330,2342,4,4,1068.129,1076.977,1072.5529999999999,8.848000000000184,2.328703927117604,0.7363451724935843,0.7363451724935843,0.6343160862075894,0.6343160862075894,3,2,0.9166666666666666,1.0,0.0,0.0,0.34290235081374804,1.5301858761597706,0.7985180509578333,0.0,0.49987842186626535,0,0,0,0.9524562989752895,0,1,0.75,0.16666666666666663,0.16666666666666663,0.728590200070161,0.7557275627785568,0.7213047602419553,0.728590200070161,0.7476820929468455,0.728590200070161,0.7843458186932032,0.25,0.9166666666666666,1.0,4,3,8,2.0,2332.0,-1,,2332.0,2.0,-1,-1,12.0,0.4,0.33352458662924234,12,0.3,0.25,0.6752492447850762,0.8333333333333333,0.7504789778629357,0.67240409642292,0.9741413104288025,0.7422767456541031,0.6400027621990165,durable_plausible
strongest,181,12,13189,13197,13199,4,8,1864.98,1886.43,1875.705,21.450000000000045,2.1625566387005017,0.7355712534628935,0.7355712534628935,0.6083630985393645,0.6083630985393645,2,3,0.9166666666666666,1.0,0.0,0.0,0.657575757575757,0.7405118187065366,1.422044819993965,0.0,0.5516585434767273,0,0,0,0.8585858585858568,0,1,0.6666666666666667,0.33333333333333337,0.33333333333333337,0.7150481134132464,0.7551902335368359,0.7223750126087254,0.7150481134132464,0.74129284141224,0.7150481134132464,0.7513337147700773,0.25,0.9166666666666666,1.0,0,0,0,,13199.0,1,13199.0,,2.0,1,1,2.0,0.2,0.5516585434767273,2,0.5,0.7666666666666666,0.5261326869295837,0.125,0.3219498383990626,0.3092140745599388,0.3749646808150519,0.42766176280489687,0.21045054834296276,unclassified
strongest,149,8,11109,11112,11123,7,3,1747.6,1770.475,1759.0375,22.875,2.5404000925434356,0.7271450678427429,0.7271450678427429,0.6389583383244836,0.6389583383244836,3,3,0.75,1.0,0.0,0.0,0.35344262295082124,1.6425144204903748,0.897885672053061,0.0,0.35995227089491705,1,0,1,0.9001092896174796,0,1,0.75,0.5,0.5,0.746365272406155,0.756952026747303,0.7091428542339278,0.746365272406155,0.7098595746270171,0.746365272406155,0.7601555653498148,0.5,0.75,1.0,1,1,2,2.0,11118.0,-1,,11118.0,6.0,-1,0,,0.4,0.2872120827734507,11,0.16666666666666669,0.2380952380952381,0.7678717770749803,0.7291666666666666,0.7662238966496975,0.7191215321880635,0.9785919968166156,0.7498671689949092,0.682223579064857,durable_plausible
strongest,5,12,360,363,365,4,3,1230.606,1241.86,1236.233,11.253999999999905,2.132493646883549,0.7269413198779302,0.7269413198779302,0.6271899101171763,0.6271899101171763,3,5,0.9166666666666666,1.0,0.0,0.0,0.4892482672827556,1.0891748251542883,1.043318821729261,0.0,0.4626161946913152,0,0,0,0.899887447426083,0,1,0.5833333333333333,0.75,0.5833333333333333,0.7534940470648757,0.7486210006037655,0.7044819517183175,0.7534940470648757,0.7253663148345806,0.7534940470648757,0.7206256695287366,0.5,0.9166666666666666,1.0,0,0,0,,365.0,-1,,365.0,2.0,-1,-1,2.0,0.2,0.32531263729493376,2,0.4666666666666667,0.7000000000000001,0.5911846756827338,0.125,0.3582128355873501,0.3389146160507692,0.40523724389144644,0.45921066531178845,0.23675642746728498,unclassified
strongest,231,8,17446,17450,17455,4,4,3964.53,4019.575,3992.0525,55.04499999999962,1.8974910049820886,0.72514708238599,0.72514708238599,0.6062907013608072,0.6062907013608072,3,2,1.0,0.989412284336934,0.21500000000014552,0.007411400964146207,0.5528204196566454,0.8485192313131804,1.048971773668908,0.0,0.30566063170587865,0,1,-1,0.9743543161655607,0,1,0.625,0.625,0.625,0.7113482589176199,0.7463231473216548,0.7095669995949708,0.7113482589176199,0.7331267461012116,0.7113482589176199,0.753853436672807,0.25,1.0,0.989412284336934,1,1,2,2.0,17453.0,1,17453.0,,3.0,1,1,5.0,0.2,0.2008612661119581,5,0.25,0.39814814814814814,0.5168251932657862,0.4791666666666667,0.5672850020201503,0.5274954836333736,0.7899475005749651,0.6144828437242269,0.4464820509979205,fragile_but_plausible
strongest,165,12,11954,11958,11960,4,4,1936.535,1958.155,1947.345,21.61999999999989,2.2014852150537805,0.7249690889826936,0.7249690889826936,0.5437529819549639,0.5437529819549639,3,2,0.9166666666666666,1.0,0.0,0.0,0.33163737280295474,1.4713904420687967,0.7300947729849835,2.0,0.40868427065424834,1,0,1,0.8797409805735465,0,1,0.41666666666666663,0.6666666666666667,0.41666666666666663,0.7147914722709205,0.7433645444816119,0.7111453250374861,0.7147914722709205,0.7020424616721277,0.7147914722709205,0.6011925693224422,0.25,0.9166666666666666,1.0,1,0,0,0.0,11959.0,-1,,11959.0,1.0,-1,0,2.0,0.0,0.30867718929521115,2,0.55,0.8055555555555555,0.49138104838709357,0.20833333333333331,0.324650817652329,0.3119861842225274,0.39032874478216956,0.4300723120113072,0.22144232226562424,weak_false_positive
strongest,60,16,5150,5159,5162,4,9,1270.663,1283.617,1277.1399999999999,12.95399999999995,2.8090574935682007,0.7189031538026699,0.7189031538026699,0.6150596048849369,0.6150596048849369,4,3,1.0,1.0,0.0,0.0,0.8233750192990567,0.49614972558932363,2.312907767978877,0.0,0.5567347378447179,2,0,1,0.6231794555092363,0,1,0.25,0.75,0.25,0.749988621491915,0.7356767734576343,0.6998396384622206,0.749988621491915,0.7142372031267967,0.749988621491915,0.7001531917942735,0.5,1.0,1.0,0,0,0,,5162.0,-1,,5162.0,3.0,-1,-1,3.0,0.2,0.4752489593406781,3,0.25,0.6666666666666666,0.5554926065482398,0.1875,0.42116481830372665,0.42591490893534406,0.4549539494817546,0.5336318722208924,0.30757400469666246,unclassified
strongest,126,16,9747,9750,9761,4,3,1889.212,1913.906,1901.559,24.69399999999996,2.5853406748005754,0.7164509454192514,0.7164509454192514,0.6504424145711687,0.6504424145711687,3,3,1.0,1.0,0.0,0.0,0.7568640155503396,0.6285893501053873,1.956751324695188,0.0,0.4825797329245983,1,0,1,0.8966010636861812,0,1,0.75,0.375,0.375,0.7840574208456623,0.7368867251644055,0.688467854365096,0.7840574208456623,0.7107688782586374,0.7840574208456623,0.71597529568183,0.5,1.0,1.0,2,1,2,1.0,9752.0,1,9752.0,,2.0,1,0,11.0,0.4,0.4825797329245983,11,0.2666666666666667,0.4047619047619048,0.6342293574101457,0.6875,0.6648966250668222,0.6269245912979612,0.9109843656786236,0.7068425915959892,0.5689371525329816,durable_plausible
strongest,70,12,6070,6074,6075,4,4,1296.292,1306.422,1301.357,10.13000000000011,2.247220185147266,0.7143109037275854,0.7143109037275854,0.5934625688742801,0.5934625688742801,2,2,1.0,0.8276000873332667,0.543999999999869,0.12067993886671324,0.3117472852912236,1.5466553929759648,0.700564792171301,0.0,0.685956884294879,0,2,-1,0.5770977295162973,0,1,0.6666666666666667,0.75,0.6666666666666667,0.744910369292616,0.7225024724104699,0.7025340715435577,0.744910369292616,0.7022445848092325,0.744910369292616,0.6611498361381064,0.25,1.0,0.8276000873332667,0,0,0,,6075.0,-1,,6075.0,1.0,-1,-1,1.0,0.4,0.44432844102675717,1,0.65,0.85,0.532585861830654,0.0625,0.2550214654576635,0.24777767521987024,0.3294017171879117,0.3704365258408041,0.1564831552702099,strong_false_positive
strongest,173,8,12436,12440,12441,4,4,1784.78,1799.165,1791.9724999999999,14.384999999999991,1.7731118804881645,0.7142698670720591,0.7142698670720591,0.549323113171624,0.549323113171624,3,5,1.0,0.7614015990802426,1.3550000000000182,0.16701888064383014,0.856447688564473,0.25453430887786993,1.5185775716102945,0.0,0.2700027992798024,1,2,-1,0.9208666434943762,0,1,1.0,0.875,0.875,0.729902959885031,0.7202214742710421,0.7067692221748377,0.729902959885031,0.6883287650238329,0.729902959885031,0.5876624322274049,0.5,1.0,0.7614015990802426,0,0,0,,12441.0,1,12441.0,,1.0,1,1,1.0,0.6,0.2700027992798024,1,0.55,0.85,0.4804061308631085,0.0625,0.26197653271577714,0.26421971945372674,0.32908828536674234,0.38652267565859716,0.16238064248710854,strong_false_positive
strongest,205,16,15351,15357,15358,4,6,2318.595,2339.785,2329.1899999999996,21.190000000000055,2.2444970689245403,0.7133425738550547,0.7133425738550547,0.5707788019593962,0.5707788019593962,2,3,1.0,1.0,0.0,0.0,0.7517697026899599,0.5571521747306523,1.687344894193888,0.0,0.5729627512242986,1,0,1,0.7882649048293005,0,1,0.375,0.75,0.375,0.738155572255677,0.7294829042440019,0.6958146165842396,0.738155572255677,0.6945356775776788,0.738155572255677,0.6220833462319105,0.25,1.0,1.0,0,0,0,,15358.0,1,15358.0,,1.0,1,1,1.0,0.2,0.3405846694584015,1,0.65,0.8690476190476191,0.4831095380273321,0.0625,0.23884286069730917,0.23730230452035006,0.31510748224106033,0.3593461551464552,0.1451057520849872,strong_false_positive
strongest,99,8,7953,7957,7972,4,4,1492.828,1508.431,1500.6295,15.603000000000065,2.0396053712493116,0.7132648021032464,0.7132648021032464,0.585206860564431,0.585206860564431,3,2,1.0,1.0,0.0,0.0,0.6262898160610071,0.7622212984525382,1.2773840727967734,0.0,0.5595410390212432,2,0,1,0.4702087205452068,0,1,0.875,0.25,0.25,0.7129272966602682,0.732712176915076,0.696983008132186,0.7129272966602682,0.7121616360342053,0.7129272966602682,0.7014178100765026,0.25,1.0,1.0,1,1,2,2.0,7965.0,-1,7972.0,7965.0,8.0,-1,1,15.0,0.8,0.5649670430640384,15,0.2,0.23684210526315788,0.669154879086406,0.75,0.74242029871897,0.6855943416336837,0.9524046582606864,0.7425935394239276,0.6472858023304869,durable_plausible
weakest,238,12,17844,17847,17849,4,3,4982.785,5086.65,5034.7175,103.86499999999978,1.5094062361330538,0.5707861839296503,0.5707861839296503,0.49951028927599084,0.49951028927599084,3,2,1.0,0.7117397502429963,13.885000000000218,0.20178217482990254,0.771578491310841,0.34478084968233724,1.1646253864507168,0.0,0.694877505196324,1,0,1,0.5859850125964694,0,1,0.6666666666666667,0.33333333333333337,0.33333333333333337,0.6285991241270491,0.5881366958440389,0.5469616834899801,0.6285991241270491,0.5855861675571651,0.6285991241270491,0.6577340791177869,0.25,1.0,0.7117397502429963,1,0,0,0.0,17848.0,1,17848.0,,1.0,1,0,2.0,0.4,0.4935977745645666,2,0.6166666666666667,0.7833333333333333,0.35886017361533085,0.20833333333333331,0.28263171007049936,0.2599617215986302,0.3354858327477138,0.37031908740864683,0.17874451802299024,strong_false_positive
weakest,186,12,13536,13539,13542,4,3,1976.1,2006.01,1991.0549999999998,29.910000000000082,2.929321788498508,0.5711480915453169,0.5711480915453169,0.514317866115487,0.514317866115487,2,3,0.8333333333333334,1.0,0.0,0.0,0.20461384152457712,2.3299420042921835,0.5993797842063245,0.0,0.7863446575098069,0,3,-1,0.41413128273710753,0,1,0.75,0.6666666666666667,0.6666666666666667,0.6770381682239937,0.5978501658642402,0.5317759368488328,0.6770381682239937,0.571736640640096,0.6770381682239937,0.599430997774334,0.25,0.8333333333333334,1.0,0,0,0,,13542.0,1,13542.0,,3.0,1,1,3.0,0.6,0.20183821273248276,3,0.4166666666666667,0.5833333333333334,0.43474580990413314,0.1875,0.37431145247603326,0.34035856201795295,0.39310848241177554,0.4522685444643504,0.23969774117386658,unclassified
weakest,38,12,3596,3599,3618,4,3,1260.958,1274.036,1267.497,13.077999999999975,2.876085103588764,0.5743766328185729,0.5743766328185729,0.49484649115508955,0.49484649115508955,2,2,1.0,0.5896962024242405,1.30600000000004,0.28721265830303166,0.23902737421623968,2.1886220332555,0.687463070333264,1.0,0.6708987899745186,0,2,-1,0.5789366365907118,0,1,0.6666666666666667,1.0,0.6666666666666667,0.6180814628386404,0.5886298924490915,0.5554111219257266,0.6180814628386404,0.5911553866702448,0.6180814628386404,0.6676949046015875,0.25,1.0,0.5896962024242405,3,3,6,2.0,3608.0,-1,3614.0,3608.0,9.0,-1,1,19.0,0.2,0.3560476752692267,19,0.2666666666666667,0.04545454545454545,0.6199836339252377,1.0,0.842571666057067,0.7304969730243426,1.0,0.7586666666666666,0.727931356399054,durable_plausible
weakest,66,12,5837,5840,5844,4,3,1318.825,1335.346,1327.0855000000001,16.520999999999958,2.9433663949510906,0.5869863548375782,0.5869863548375782,0.5220585310064575,0.5220585310064575,2,2,1.0,1.0,0.0,0.0,0.8578173234065771,0.4184957122292798,2.524870682721811,0.0,0.7752080768997088,3,0,1,0.34388555979258517,0,1,0.9166666666666666,0.6666666666666667,0.6666666666666667,0.6911980868949998,0.613274015537762,0.5482308427202364,0.6911980868949998,0.583033644675353,0.6911980868949998,0.5921585068607682,0.25,1.0,1.0,1,0,0,0.0,5843.0,1,5843.0,,3.0,1,0,4.0,0.8,0.7707946350687306,4,0.3166666666666667,0.5595238095238095,0.48204492404786725,0.3333333333333333,0.4619398024405382,0.4353378558235159,0.48172657073059166,0.5361962019118728,0.3410290029374903,fragile_but_plausible
weakest,14,12,1055,1058,1064,4,3,1204.309,1223.174,1213.7415,18.86500000000001,2.9020988739231224,0.5899940061385185,0.5899940061385185,0.512824280124804,0.512824280124804,2,3,0.9166666666666666,1.0,0.0,0.0,0.1305062284654115,2.523356895253698,0.37874197866942444,0.0,0.48639108248101814,0,2,-1,0.5900167859351579,0,1,0.75,1.0,0.75,0.6796249352115505,0.618328920709685,0.5518517292470534,0.6796249352115505,0.5862621092928273,0.6796249352115505,0.5909492465506591,0.25,0.9166666666666666,1.0,2,1,2,1.0,1059.0,-1,,1059.0,1.0,-1,0,6.0,0.0,0.1709489742179613,6,0.4166666666666667,0.5277777777777778,0.439980985784015,0.5416666666666666,0.5106896908904481,0.46058782741191484,0.7597942069449547,0.560070884817562,0.39005927592238565,fragile_but_plausible
weakest,121,12,9304,9307,9310,4,3,1769.582,1787.025,1778.3035,17.442999999999984,2.6311724522052424,0.5900974584644179,0.5900974584644179,0.48973166175637295,0.48973166175637295,4,2,1.0,0.9528073670950211,0.21900000000005093,0.033034843033485216,0.8360373788912383,0.4314139318527395,2.199758520352503,0.0,0.7883473489653722,3,0,1,0.35074241816202734,0,1,0.9166666666666666,0.5,0.5,0.6512623459708753,0.614539848082149,0.5597794691844904,0.6512623459708753,0.5870520406214824,0.6512623459708753,0.5866215685741334,0.25,1.0,0.9528073670950211,0,0,0,,9310.0,1,9310.0,,3.0,1,1,3.0,1.0,0.7883473489653722,3,0.4166666666666667,0.5833333333333334,0.4587488873964278,0.1875,0.3803122218491069,0.3426248695457139,0.3952278765234488,0.4515029428101301,0.24584977994155316,unclassified
weakest,151,8,11180,11183,11190,4,3,1766.755,1789.33,1778.0425,22.574999999999818,2.918092766513323,0.5903393019809567,0.5903393019809567,0.4919520194638453,0.4919520194638453,2,2,1.0,0.817186404755688,0.9900000000000091,0.12796951667101836,0.7882613510520482,0.6178730198863219,2.300219746627001,1.0,0.6920637863943154,2,0,1,0.5272794389073441,0,1,1.0,0.25,0.25,0.6287987229202533,0.6131082414834942,0.5650598854485378,0.6287987229202533,0.5987232614864545,0.6287987229202533,0.6372800535682084,0.25,1.0,0.817186404755688,0,0,0,,11190.0,1,11190.0,,7.0,1,1,7.0,1.0,0.6236535726242954,7,0.2666666666666667,0.43333333333333335,0.6119052372089764,0.39583333333333337,0.5515179759689108,0.5019966664435773,0.6235735728003599,0.5847680606719756,0.4277139126374269,fragile_but_plausible
weakest,200,5,14874,14878,14879,4,4,2173.7,2185.75,2179.725,12.050000000000182,1.1784520698164238,0.5911571576854114,0.5911571576854114,0.5063630767223536,0.5063630767223536,3,2,1.0,0.8386351937595513,1.1550000000002,0.11295536436831409,0.34813278008299586,0.7681942745566714,0.41025779525975237,2.0,0.510674402988918,1,1,0,0.8611341632088672,0,1,0.6,1.0,0.6,0.6716055752669677,0.6071003453235482,0.5648931332563276,0.6716055752669677,0.5867837291327508,0.6716055752669677,0.5899316885040022,0.25,1.0,0.8386351937595513,0,0,0,,14879.0,-1,,14879.0,1.0,-1,-1,1.0,0.2,0.3905793633029763,1,0.65,0.85,0.2952151416313636,0.0625,0.19567878540784087,0.19708381061755656,0.2592116747343664,0.31236639657922916,0.10577335160063522,strong_false_positive
weakest,198,12,14748,14751,14753,4,3,2020.25,2038.515,2029.3825000000002,18.2650000000001,2.6994337231908117,0.5918484871977521,0.5918484871977521,0.4894017386360167,0.4894017386360167,2,3,0.9166666666666666,0.9451055673982572,0.2599999999999909,0.038426102821219964,0.2001094990418808,2.1592513931463393,0.5401823300444724,0.0,0.7659504441148336,0,3,-1,0.4062414453873464,0,1,0.6666666666666667,0.75,0.6666666666666667,0.6403855128805407,0.6184628584040476,0.5617264912752179,0.6403855128805407,0.5934856972553565,0.6403855128805407,0.6070497869182514,0.25,0.9166666666666666,0.9451055673982572,0,0,0,,14753.0,-1,,14753.0,2.0,-1,-1,2.0,0.6,0.6444231438050148,2,0.5666666666666667,0.7000000000000001,0.4372883865658696,0.125,0.29973876330813404,0.26768406342266543,0.33494307666527817,0.3798151746026749,0.1794732032736527,strong_false_positive
weakest,41,5,3704,3713,3714,7,9,1221.395,1230.019,1225.7069999999999,8.624000000000024,0.9804240151445804,0.5921809241612052,0.5921809241612052,0.5357966013611697,0.5357966013611697,2,2,1.0,0.5827741030170983,2.56899999999996,0.2920581278880312,0.6219851576994455,0.37061482947255503,0.6098091856720255,1.0,0.3539055158663178,1,1,0,0.853354978354975,0,1,0.4,0.6,0.4,0.6660160593120518,0.5993780412548889,0.5743217241783753,0.6660160593120518,0.6043065738238377,0.6660160593120518,0.6741333382526599,0.25,1.0,0.5827741030170983,0,0,0,,,0,,,,0,0,,0.2,0.3539055158663178,1,0.55,0.9666666666666667,0.2654661567585731,0.020833333333333332,0.1703248725229766,0.19902858272419974,0.2433952192384769,0.3179312727796344,0.09159831361775232,strong_false_positive
weakest,91,8,7338,7341,7343,4,3,1307.276,1319.236,1313.256,11.960000000000036,2.746826739709122,0.5924423124927685,0.5924423124927685,0.47394673174061863,0.47394673174061863,2,3,0.875,0.7342415600616062,0.8099999999999454,0.1860309079568756,0.34406354515050136,1.801743793730608,0.945082945978514,0.0,0.569110706256082,0,3,-1,0.38054626532886004,0,1,0.5,1.0,0.5,0.6072203301624094,0.6124256757833233,0.57329180450156,0.6072203301624094,0.6011265088419561,0.6072203301624094,0.6341975836400138,0.25,0.875,0.7342415600616062,1,0,2,2.0,7342.0,-1,,7342.0,1.0,-1,-1,2.0,0.6,0.4656983353094523,2,0.6166666666666667,0.7833333333333333,0.38650767826106636,0.20833333333333331,0.2895435862319332,0.2631402293099492,0.3391736101240482,0.37109936602780774,0.1848194235802425,strong_false_positive
weakest,15,8,1143,1146,1148,4,3,1168.752,1187.904,1178.328,19.152000000000044,2.941552023396675,0.5929120547141378,0.5929120547141378,0.4829259947870852,0.4829259947870852,2,2,0.875,1.0,0.0,0.0,0.7499477861319979,0.7355415956582397,2.2060104277384354,2.0,0.7149799826119533,1,0,1,0.5592801448064595,0,1,0.625,0.25,0.25,0.6351876498297166,0.6235372329402605,0.5604228097857019,0.6351876498297166,0.5936802516002708,0.6351876498297166,0.6004811725494288,0.25,0.875,1.0,1,0,2,2.0,1147.0,1,1147.0,,1.0,1,1,2.0,0.6,0.7149799826119533,2,0.6166666666666667,0.7833333333333333,0.3990605083211523,0.20833333333333331,0.29268179374695474,0.26812849060140764,0.34649907007037817,0.3789884287585074,0.18757762031692418,strong_false_positive
weakest,197,5,14527,14530,14532,4,3,2020.385,2033.755,2027.0700000000002,13.370000000000118,1.4666800086108094,0.5933596485817547,0.5933596485817547,0.49940380696685316,0.49940380696685316,2,2,0.8,0.7523929465108503,1.5799999999999272,0.17332493744240476,0.44427823485415124,0.8150660032893277,0.6516140053214817,0.0,0.5147474027575999,0,1,-1,0.7748691099476467,0,1,0.4,0.8,0.4,0.6250347396107925,0.6154937556768859,0.5696989840571983,0.6250347396107925,0.6070776558720176,0.6250347396107925,0.6650027998919191,0.25,0.8,0.7523929465108503,0,0,0,,14532.0,1,14532.0,,2.0,1,1,2.0,0.2,0.1621028335130023,2,0.5666666666666667,0.7000000000000001,0.44231025806618124,0.125,0.30099423118321195,0.26717111159058393,0.33389278988020615,0.3776633946993448,0.18062256318882194,weak_false_positive
weakest,8,16,428,431,435,4,3,1204.109,1222.216,1213.1625,18.10699999999997,2.7659934941316515,0.5955882080273438,0.5955882080273438,0.5222824429198821,0.5222824429198821,2,5,0.9375,1.0,0.0,0.0,0.5165957916827778,1.3370928952412982,1.4289005988903531,0.0,0.4503202063246764,0,0,0,0.9909243202444653,0,1,0.8125,0.4375,0.4375,0.6650796773165107,0.6247343673950666,0.5599867990721901,0.6650796773165107,0.6023194805606508,0.6650796773165107,0.6421550698687402,0.25,0.9375,1.0,0,0,0,,435.0,-1,,435.0,4.0,-1,-1,4.0,0.4,0.29545855109942315,4,0.2666666666666667,0.4761904761904762,0.4506789068061843,0.25,0.4515982981301174,0.4181228004814102,0.4481181587441736,0.5180327095931021,0.312914914205427,fragile_but_plausible
weakest,109,12,8583,8586,8588,4,3,1546.882,1558.022,1552.452,11.139999999999873,1.8728769088993455,0.5965209169339591,0.5965209169339591,0.518978207714142,0.518978207714142,7,2,1.0,1.0,0.0,0.0,0.7664272890484837,0.43745293689011616,1.4354239720092294,0.0,0.5952539411891755,2,0,1,0.5976062238180591,0,1,1.0,0.6666666666666667,0.6666666666666667,0.6912822663011912,0.6206708571151663,0.5610731512829882,0.6912822663011912,0.5896133279546636,0.6912822663011912,0.5845786229770085,0.25,1.0,1.0,1,0,2,2.0,8587.0,1,8587.0,,1.0,1,1,2.0,0.2,0.48551861569255383,2,0.6166666666666667,0.7833333333333333,0.3398694910276519,0.20833333333333331,0.27788403942357964,0.26229509393037326,0.3401525026035327,0.3793827947652534,0.17457175072749043,strong_false_positive
weakest,116,5,9221,9224,9229,7,3,1716.442,1731.817,1724.1295,15.375,1.4706579416425338,0.5966815118598403,0.5966815118598403,0.5448845359647461,0.5448845359647461,2,2,1.0,0.8818007786740251,0.8650000000000091,0.08273945492818245,0.7300813008130023,0.39695807855718046,1.0736998630853534,0.0,0.5694871571154768,1,0,1,0.7421571815718151,0,1,0.4,0.4,0.4,0.7142680307146116,0.6168269577864645,0.5609454942647126,0.7142680307146116,0.5920613929561036,0.7142680307146116,0.6047620606781635,0.25,1.0,0.8818007786740251,1,1,2,2.0,9225.0,-1,,9225.0,1.0,-1,0,,0.2,0.5012987507436018,5,0.4166666666666667,0.5416666666666666,0.4847419118543334,0.39583333333333337,0.46806047796358335,0.4247003883207829,0.5768951147091995,0.5317294291066168,0.3406277316789153,fragile_but_plausible
weakest,108,12,8462,8465,8467,4,3,1473.724,1480.436,1477.08,6.711999999999989,1.6207610802063965,0.5974902979702048,0.5974902979702048,0.5705985561260429,0.5705985561260429,2,4,1.0,0.8047525175811187,0.5660000000000309,0.13667323769321693,0.48897497020264574,0.828249479306866,0.7925116008995307,0.0,0.5160572661917824,0,0,0,0.7710568136671024,0,1,0.6666666666666667,0.75,0.6666666666666667,0.6834763987276612,0.6169718272128014,0.5673680372852307,0.6834763987276612,0.6186851092174142,0.6834763987276612,0.7247458170910065,0.25,1.0,0.8047525175811187,0,0,0,,8467.0,-1,,8467.0,2.0,-1,-1,2.0,0.0,0.4928140107341367,2,0.5666666666666667,0.7000000000000001,0.38860790003969164,0.125,0.2875686416765896,0.26248669634754085,0.3292670132148806,0.3795309077986242,0.16833165975533423,strong_false_positive
weakest,131,12,10046,10049,10054,7,3,1868.811,1900.01,1884.4105,31.19900000000007,2.733276538074769,0.601168905400302,0.601168905400302,0.5387833477788558,0.5387833477788558,2,4,0.9166666666666666,1.0,0.0,0.0,0.2552325395044696,2.0356554260939603,0.6976211119808083,0.0,0.6408531399933054,0,2,-1,0.46807055781702256,0,1,0.5,0.8333333333333334,0.5,0.695258931003073,0.6260205724774991,0.565239100959013,0.695258931003073,0.6014835777745315,0.695258931003073,0.6248985419996338,0.25,0.9166666666666666,1.0,0,0,0,,,0,,,,0,0,,1.0,0.40233054838910454,5,0.4666666666666667,0.7916666666666666,0.3141134862676727,0.10416666666666667,0.26332003823358485,0.2672059603007064,0.31450266112179515,0.38743081083514863,0.15548599491010753,strong_false_positive
weakest,139,8,10519,10524,10525,4,5,1763.555,1789.99,1776.7725,26.434999999999945,2.9302561485032967,0.6013859423205248,0.6013859423205248,0.45141862538404154,0.45141862538404154,2,3,1.0,0.7822636545601318,1.375,0.15241544180790775,0.21373179496878666,2.303967242165364,0.6262889063379331,2.0,0.6632790229693988,0,2,-1,0.4777756761868672,0,1,0.25,1.0,0.25,0.5970098130380691,0.6192530905875194,0.5870777184614423,0.5970098130380691,0.601243214421004,0.5970098130380691,0.5935544540070963,0.25,1.0,0.7822636545601318,0,0,0,,10525.0,1,10525.0,,1.0,1,1,1.0,1.0,0.6632790229693988,1,0.65,0.8611111111111112,0.35123279195449425,0.0625,0.2074609757664013,0.20012061164792133,0.2614417119493624,0.30728813860295867,0.11726930559456188,strong_false_positive
weakest,90,8,7214,7217,7218,4,3,1323.441,1329.822,1326.6315,6.380999999999858,1.5834872913131013,0.6034494258035421,0.6034494258035421,0.5535734859529274,0.5535734859529274,3,2,1.0,0.8936471696343544,0.3000000000001819,0.0744469812559519,0.43096693308259854,0.9010566298006228,0.6824306615124786,0.0,0.4405302226252825,1,0,1,0.92660502533562,0,1,0.75,0.375,0.375,0.7179569152618386,0.6238472287542937,0.5679940730115834,0.7179569152618386,0.6004165142108076,0.7179569152618386,0.6183999675222838,0.25,1.0,0.8936471696343544,0,0,0,,7218.0,-1,,7218.0,1.0,-1,-1,1.0,0.4,0.41038626440580983,1,0.7166666666666667,0.8333333333333334,0.3731065303807246,0.0625,0.20515163259518115,0.19949661543130967,0.2764468741363023,0.3173993856290761,0.11342815839383882,strong_false_positive
ranging_short_lived,61,5,5188,5191,5191,7,3,1273.051,1281.345,1277.1979999999999,8.294000000000096,1.7382458797138889,0.6178839909336514,0.6178839909336514,0.5237399418784399,0.5237399418784399,2,2,1.0,0.7535953083116401,0.8229999999998654,0.17248328418185194,0.49686520376176113,0.8745719865018058,0.8636738932120831,0.0,0.37353623789602153,1,1,0,0.9873804356562947,0,1,0.6,1.0,0.6,0.6924008837545635,0.6348676136232713,0.591695045023025,0.6924008837545635,0.609428873104382,0.6924008837545635,0.5940190482293176,0.25,1.0,0.7535953083116401,0,0,0,,,0,,,,0,0,,0.0,0.14965143991819232,0,0.6666666666666667,0.9166666666666666,0.4112011307142094,0.0,0.18613361601188566,0.1952416257255947,0.26036174786837385,0.31213691686360706,0.10400877144290059,strong_false_positive
ranging_short_lived,98,12,7941,7945,7946,4,4,1503.515,1527.822,1515.6685,24.30699999999979,2.332291090953595,0.7529660787358265,0.7529660787358265,0.5933953636706972,0.5933953636706972,3,4,1.0,1.0,0.0,0.0,0.14543135722219463,1.9931028321589808,0.33918825879461434,0.0,0.6615198742134841,0,2,-1,0.4939317891965198,0,1,0.41666666666666663,1.0,0.41666666666666663,0.7544432132639305,0.7671037384587902,0.7408541030440404,0.7544432132639305,0.7320278586593614,0.7544432132639305,0.6442236102911454,0.5,1.0,1.0,0,0,0,,7946.0,-1,,7946.0,1.0,-1,-1,1.0,0.6,0.595248351950919,1,0.55,0.85,0.5638451198715614,0.0625,0.2828362799678904,0.2827277198858057,0.3535769212575602,0.4066896314492979,0.18173170851921266,strong_false_positive
ranging_short_lived,70,12,6070,6074,6075,4,4,1296.292,1306.422,1301.357,10.13000000000011,2.247220185147266,0.7143109037275854,0.7143109037275854,0.5934625688742801,0.5934625688742801,2,2,1.0,0.8276000873332667,0.543999999999869,0.12067993886671324,0.3117472852912236,1.5466553929759648,0.700564792171301,0.0,0.685956884294879,0,2,-1,0.5770977295162973,0,1,0.6666666666666667,0.75,0.6666666666666667,0.744910369292616,0.7225024724104699,0.7025340715435577,0.744910369292616,0.7022445848092325,0.744910369292616,0.6611498361381064,0.25,1.0,0.8276000873332667,0,0,0,,6075.0,-1,,6075.0,1.0,-1,-1,1.0,0.4,0.44432844102675717,1,0.65,0.85,0.532585861830654,0.0625,0.2550214654576635,0.24777767521987024,0.3294017171879117,0.3704365258408041,0.1564831552702099,strong_false_positive
ranging_short_lived,173,8,12436,12440,12441,4,4,1784.78,1799.165,1791.9724999999999,14.384999999999991,1.7731118804881645,0.7142698670720591,0.7142698670720591,0.549323113171624,0.549323113171624,3,5,1.0,0.7614015990802426,1.3550000000000182,0.16701888064383014,0.856447688564473,0.25453430887786993,1.5185775716102945,0.0,0.2700027992798024,1,2,-1,0.9208666434943762,0,1,1.0,0.875,0.875,0.729902959885031,0.7202214742710421,0.7067692221748377,0.729902959885031,0.6883287650238329,0.729902959885031,0.5876624322274049,0.5,1.0,0.7614015990802426,0,0,0,,12441.0,1,12441.0,,1.0,1,1,1.0,0.6,0.2700027992798024,1,0.55,0.85,0.4804061308631085,0.0625,0.26197653271577714,0.26421971945372674,0.32908828536674234,0.38652267565859716,0.16238064248710854,strong_false_positive
ranging_short_lived,205,16,15351,15357,15358,4,6,2318.595,2339.785,2329.1899999999996,21.190000000000055,2.2444970689245403,0.7133425738550547,0.7133425738550547,0.5707788019593962,0.5707788019593962,2,3,1.0,1.0,0.0,0.0,0.7517697026899599,0.5571521747306523,1.687344894193888,0.0,0.5729627512242986,1,0,1,0.7882649048293005,0,1,0.375,0.75,0.375,0.738155572255677,0.7294829042440019,0.6958146165842396,0.738155572255677,0.6945356775776788,0.738155572255677,0.6220833462319105,0.25,1.0,1.0,0,0,0,,15358.0,1,15358.0,,1.0,1,1,1.0,0.2,0.3405846694584015,1,0.65,0.8690476190476191,0.4831095380273321,0.0625,0.23884286069730917,0.23730230452035006,0.31510748224106033,0.3593461551464552,0.1451057520849872,strong_false_positive
ranging_short_lived,214,16,16022,16025,16026,4,3,2632.51,2657.26,2644.885,24.75,2.024895371894507,0.7110066504243547,0.7110066504243547,0.5714706392647533,0.5714706392647533,4,3,1.0,1.0,0.0,0.0,0.6664646464646421,0.6753741937369445,1.3495211781575627,0.0,0.4452079039553709,1,0,1,0.6659932659932879,0,1,0.875,0.625,0.625,0.7399433935865647,0.7328992936729672,0.6879869511895667,0.7399433935865647,0.6924600643157911,0.7399433935865647,0.6205278318538877,0.5,1.0,1.0,0,0,0,,16026.0,-1,,16026.0,1.0,-1,-1,1.0,0.4,0.4448483215998334,1,0.6166666666666667,0.8333333333333334,0.5556117473423502,0.0625,0.27077793683558754,0.26142038066475703,0.3402070843648166,0.38380232284587856,0.16818846433427154,strong_false_positive
ranging_short_lived,57,12,4889,4897,4898,4,8,1284.217,1291.37,1287.7935,7.152999999999793,1.8339432158937687,0.7020089371951393,0.7020089371951393,0.6048681011353177,0.6048681011353177,2,2,1.0,0.7633905219652595,0.6460000000001855,0.16562663462431837,0.5000699007409621,0.916843413957211,0.9170998019365577,0.0,0.4521554787141362,0,1,-1,0.7473787222144566,0,1,0.33333333333333337,0.6666666666666667,0.33333333333333337,0.7256348840036704,0.7112105139022465,0.6904994612718044,0.7256348840036704,0.7052076132072764,0.7256348840036704,0.7226181156882802,0.25,1.0,0.7633905219652595,0,0,0,,4898.0,-1,,4898.0,1.0,-1,-1,1.0,0.6,0.44806185366365153,1,0.65,0.8796296296296297,0.4712711312616222,0.0625,0.23376685688947962,0.2335638260637052,0.3097533667922509,0.35429294187464766,0.14212796829088997,strong_false_positive
ranging_short_lived,27,8,2439,2445,2446,4,6,1094.014,1102.743,1098.3784999999998,8.729000000000042,1.54884014383046,0.6933637076406538,0.6933637076406538,0.5556203586360905,0.5556203586360905,3,3,0.875,0.5858133324028886,1.6339999999997872,0.28993066731797795,0.7594226142742698,0.372615912709796,1.1762242311206639,0.0,0.45866376703561473,1,0,1,0.790010310459371,0,1,1.0,0.625,0.625,0.6918195096635594,0.6957552137265818,0.6916019142048095,0.6918195096635594,0.689319207469252,0.6918195096635594,0.6718817814834772,0.5,0.875,0.5858133324028886,0,0,0,,2446.0,1,2446.0,,1.0,1,1,1.0,0.0,0.2687428635001906,1,0.55,0.8690476190476191,0.4997769507366269,0.0625,0.2630097138746329,0.26354320999938247,0.3272635088966231,0.381756995727244,0.16599624167579297,strong_false_positive
ranging_short_lived,81,12,6906,6910,6911,4,4,1240.037,1247.058,1243.5475000000001,7.020999999999958,2.2225144318177534,0.6886043112755911,0.6886043112755911,0.5251327953840199,0.5251327953840199,4,2,1.0,1.0,0.0,0.0,0.1670702179176768,1.8511984613687795,0.3713159704489737,0.0,0.6705197448126128,0,2,-1,0.5030622418458724,0,1,0.5833333333333333,0.75,0.5833333333333333,0.7006772742062254,0.7061757702438971,0.6719126116733126,0.7006772742062254,0.6677235443664216,0.7006772742062254,0.5824409579976885,0.25,1.0,1.0,0,0,0,,6911.0,-1,,6911.0,1.0,-1,-1,1.0,0.8,0.6695706722792572,1,0.65,0.85,0.45400363490684237,0.0625,0.23537590872671058,0.2291445452958663,0.30317031008582757,0.34721918207483393,0.13969553590469236,strong_false_positive
ranging_short_lived,190,12,14016,14019,14020,4,3,1884.81,1898.785,1891.7975000000001,13.975000000000136,2.2658282804548313,0.685124891024796,0.685124891024796,0.6256237775975974,0.6256237775975974,2,2,1.0,1.0,0.0,0.0,0.6561717352415015,0.7790558059095172,1.4867724745453141,0.0,0.6348005798752545,1,0,1,0.573166368515216,0,1,0.75,0.75,0.75,0.7730447844162305,0.7057530002407034,0.6537300963408041,0.7730447844162305,0.6802259827674468,0.7730447844162305,0.6821637206742189,0.25,1.0,1.0,0,0,0,,14020.0,1,14020.0,,1.0,1,1,1.0,0.4,0.4827367551947109,1,0.7166666666666667,0.8333333333333334,0.5290073819638145,0.0625,0.24412684549095362,0.23240991055014248,0.32358782937299413,0.356927327693212,0.14483276097804829,strong_false_positive
ranging_short_lived,2,8,174,177,178,4,3,1286.076,1295.375,1290.7255,9.298999999999978,2.059374891275531,0.6848020226197199,0.6848020226197199,0.6168499283546941,0.6168499283546941,2,3,1.0,1.0,0.0,0.0,0.678460049467683,0.66217130066823,1.397203590607301,0.0,0.37516309004870096,0,1,-1,0.9806789260493882,0,1,0.375,0.75,0.375,0.7412285086621848,0.7089625529860445,0.655478939345213,0.7412285086621848,0.6898430672791547,0.7412285086621848,0.7203323517332578,0.25,1.0,1.0,0,0,0,,178.0,-1,,178.0,1.0,-1,-1,1.0,0.6,0.2887778122156309,1,0.7166666666666667,0.8333333333333334,0.4646233765273457,0.0625,0.2280308441318364,0.2180023237928204,0.3027596266541679,0.3387898475482086,0.13186327374959494,strong_false_positive
ranging_short_lived,122,12,9356,9362,9363,4,6,1794.854,1812.224,1803.539,17.36999999999989,2.9688323204109395,0.6743437866235995,0.6743437866235995,0.5531801668850982,0.5531801668850982,3,3,1.0,0.8649753866940608,0.5529999999998836,0.0945172293141574,0.894473229706398,0.31329128631622677,2.6555410340947123,0.0,0.7253111940365299,2,0,1,0.3948954135482563,0,1,1.0,0.41666666666666663,0.41666666666666663,0.715022648284671,0.6867700099726499,0.6573971411446258,0.715022648284671,0.662218210073,0.715022648284671,0.6227567481304482,0.5,1.0,0.8649753866940608,0,0,0,,9363.0,1,9363.0,,1.0,1,1,1.0,1.0,0.7083177475308853,1,0.55,0.8690476190476191,0.477147630690204,0.0625,0.25735238386302717,0.26141699581233385,0.3251007930032131,0.38225928654797664,0.1607480780572766,strong_false_positive
ranging_short_lived,178,16,13073,13078,13079,4,5,1867.07,1886.555,1876.8125,19.485000000000127,2.3709550367918317,0.6730820728150646,0.6730820728150646,0.5187027099783648,0.5187027099783648,4,2,1.0,1.0,0.0,0.0,0.8806774441878352,0.28290841470572653,2.0880466220861056,0.0,0.7087001449764035,2,0,1,0.3914121974168234,0,1,1.0,0.75,0.75,0.6750744745980573,0.6932618998768041,0.6558122337979247,0.6750744745980573,0.6624175479893335,0.6750744745980573,0.6139394725972097,0.25,1.0,1.0,0,0,0,,13079.0,1,13079.0,,1.0,1,1,1.0,0.2,0.4047455228484552,1,0.65,0.8611111111111112,0.4254573647195196,0.0625,0.22601711895765766,0.22108403847569133,0.2916611640166387,0.33647488965936023,0.13312599385507018,strong_false_positive
ranging_short_lived,93,8,7369,7372,7373,4,3,1288.34,1294.273,1291.3065,5.932999999999993,1.6282910393149623,0.6451078158373506,0.6451078158373506,0.5849541663908868,0.5849541663908868,2,2,1.0,1.0,0.0,0.0,0.475139052755805,0.854626377284086,0.7736646620308764,0.0,0.3918304941729724,1,0,1,0.8728580257317613,0,1,0.375,0.5,0.375,0.730649622319706,0.6710623811406867,0.6096192919453713,0.730649622319706,0.645804213639954,0.730649622319706,0.6676577220276542,0.25,1.0,1.0,0,0,0,,7373.0,-1,,7373.0,1.0,-1,-1,1.0,0.2,0.2477342402828638,1,0.7166666666666667,0.8333333333333334,0.43172263576569786,0.0625,0.21980565894142445,0.2111505176046596,0.29296817147536014,0.3306573473129265,0.1252357622392106,strong_false_positive
ranging_short_lived,223,16,17391,17394,17395,7,3,4011.265,4161.505,4086.385,150.24000000000024,2.7549316359783225,0.6371254588128084,0.6371254588128084,0.5651156289932833,0.5651156289932833,2,2,1.0,0.820822565893705,6.839999999999691,0.1254242038744066,0.6765841320553776,0.8909886061780277,1.8639430298002948,0.0,0.46416085257553086,1,0,1,0.7097089101881446,0,1,0.5625,0.1875,0.1875,0.6930026242105015,0.6565347608946553,0.6118812986004261,0.6930026242105015,0.645852950520346,0.6930026242105015,0.6924326336115668,0.25,1.0,0.820822565893705,0,0,0,,,0,,,,0,0,,0.2,0.38857203031415316,1,0.6166666666666667,0.9166666666666666,0.3932823776964765,0.020833333333333332,0.19894559442411913,0.21082630536753444,0.27182570740296735,0.3294313104966768,0.11414087831931183,strong_false_positive
ranging_short_lived,220,5,16644,16647,16648,4,3,3222.715,3272.55,3247.6325,49.835000000000036,1.8548400814069532,0.6346386929554533,0.6346386929554533,0.5412723995675357,0.5412723995675357,2,2,0.8,0.8261311738393642,3.269999999999982,0.12170817831244506,0.6830540784589132,0.5878839989128712,1.266956082494082,0.0,0.4644383956773371,1,1,0,0.9820407344236075,0,1,1.0,0.6,0.6,0.6978944584148141,0.6543472866084868,0.6079625518134074,0.6978944584148141,0.630116989533888,0.6978944584148141,0.625965270825651,0.25,0.8,0.8261311738393642,0,0,0,,16648.0,1,16648.0,,1.0,1,1,1.0,0.0,0.24767306506977735,1,0.7166666666666667,0.8333333333333334,0.4752897592449269,0.0625,0.23069743981123172,0.21601961374917125,0.29891944830725903,0.33207365223821217,0.13401190543989835,strong_false_positive
ranging_short_lived,90,8,7214,7217,7218,4,3,1323.441,1329.822,1326.6315,6.380999999999858,1.5834872913131013,0.6034494258035421,0.6034494258035421,0.5535734859529274,0.5535734859529274,3,2,1.0,0.8936471696343544,0.3000000000001819,0.0744469812559519,0.43096693308259854,0.9010566298006228,0.6824306615124786,0.0,0.4405302226252825,1,0,1,0.92660502533562,0,1,0.75,0.375,0.375,0.7179569152618386,0.6238472287542937,0.5679940730115834,0.7179569152618386,0.6004165142108076,0.7179569152618386,0.6183999675222838,0.25,1.0,0.8936471696343544,0,0,0,,7218.0,-1,,7218.0,1.0,-1,-1,1.0,0.4,0.41038626440580983,1,0.7166666666666667,0.8333333333333334,0.3731065303807246,0.0625,0.20515163259518115,0.19949661543130967,0.2764468741363023,0.3173993856290761,0.11342815839383882,strong_false_positive
ranging_short_lived,181,12,13189,13197,13199,4,8,1864.98,1886.43,1875.705,21.450000000000045,2.1625566387005017,0.7355712534628935,0.7355712534628935,0.6083630985393645,0.6083630985393645,2,3,0.9166666666666666,1.0,0.0,0.0,0.657575757575757,0.7405118187065366,1.422044819993965,0.0,0.5516585434767273,0,0,0,0.8585858585858568,0,1,0.6666666666666667,0.33333333333333337,0.33333333333333337,0.7150481134132464,0.7551902335368359,0.7223750126087254,0.7150481134132464,0.74129284141224,0.7150481134132464,0.7513337147700773,0.25,0.9166666666666666,1.0,0,0,0,,13199.0,1,13199.0,,2.0,1,1,2.0,0.2,0.5516585434767273,2,0.5,0.7666666666666666,0.5261326869295837,0.125,0.3219498383990626,0.3092140745599388,0.3749646808150519,0.42766176280489687,0.21045054834296276,unclassified
ranging_short_lived,5,12,360,363,365,4,3,1230.606,1241.86,1236.233,11.253999999999905,2.132493646883549,0.7269413198779302,0.7269413198779302,0.6271899101171763,0.6271899101171763,3,5,0.9166666666666666,1.0,0.0,0.0,0.4892482672827556,1.0891748251542883,1.043318821729261,0.0,0.4626161946913152,0,0,0,0.899887447426083,0,1,0.5833333333333333,0.75,0.5833333333333333,0.7534940470648757,0.7486210006037655,0.7044819517183175,0.7534940470648757,0.7253663148345806,0.7534940470648757,0.7206256695287366,0.5,0.9166666666666666,1.0,0,0,0,,365.0,-1,,365.0,2.0,-1,-1,2.0,0.2,0.32531263729493376,2,0.4666666666666667,0.7000000000000001,0.5911846756827338,0.125,0.3582128355873501,0.3389146160507692,0.40523724389144644,0.45921066531178845,0.23675642746728498,unclassified
ranging_short_lived,199,12,14824,14829,14831,4,5,2024.555,2039.51,2032.0325,14.954999999999927,2.597899203326099,0.6944505549596147,0.6944505549596147,0.6022166310530552,0.6022166310530552,2,2,0.9166666666666666,1.0,0.0,0.0,0.746573052490807,0.6583776650354978,1.9395215382906015,0.0,0.643235959969503,2,0,1,0.5246851666109456,0,1,0.16666666666666663,0.6666666666666667,0.16666666666666663,0.7506261733521435,0.7116004494637177,0.6710565446333637,0.7506261733521435,0.6871580248114915,0.7506261733521435,0.6704761358632939,0.25,0.9166666666666666,1.0,0,0,0,,14831.0,1,14831.0,,2.0,1,1,2.0,0.4,0.6125343600175235,2,0.5,0.7380952380952381,0.506814255770622,0.125,0.3228345163236079,0.31004093003355315,0.37689814174990605,0.43228165955162406,0.2071607418888484,unclassified
short_lived_high_strength,190,12,14016,14019,14020,4,3,1884.81,1898.785,1891.7975000000001,13.975000000000136,2.2658282804548313,0.685124891024796,0.685124891024796,0.6256237775975974,0.6256237775975974,2,2,1.0,1.0,0.0,0.0,0.6561717352415015,0.7790558059095172,1.4867724745453141,0.0,0.6348005798752545,1,0,1,0.573166368515216,0,1,0.75,0.75,0.75,0.7730447844162305,0.7057530002407034,0.6537300963408041,0.7730447844162305,0.6802259827674468,0.7730447844162305,0.6821637206742189,0.25,1.0,1.0,0,0,0,,14020.0,1,14020.0,,1.0,1,1,1.0,0.4,0.4827367551947109,1,0.7166666666666667,0.8333333333333334,0.5290073819638145,0.0625,0.24412684549095362,,,,,
short_lived_high_strength,2,8,174,177,178,4,3,1286.076,1295.375,1290.7255,9.298999999999978,2.059374891275531,0.6848020226197199,0.6848020226197199,0.6168499283546941,0.6168499283546941,2,3,1.0,1.0,0.0,0.0,0.678460049467683,0.66217130066823,1.397203590607301,0.0,0.37516309004870096,0,1,-1,0.9806789260493882,0,1,0.375,0.75,0.375,0.7412285086621848,0.7089625529860445,0.655478939345213,0.7412285086621848,0.6898430672791547,0.7412285086621848,0.7203323517332578,0.25,1.0,1.0,0,0,0,,178.0,-1,,178.0,1.0,-1,-1,1.0,0.6,0.2887778122156309,1,0.7166666666666667,0.8333333333333334,0.4646233765273457,0.0625,0.2280308441318364,,,,,
short_lived_high_strength,5,12,360,363,365,4,3,1230.606,1241.86,1236.233,11.253999999999905,2.132493646883549,0.7269413198779302,0.7269413198779302,0.6271899101171763,0.6271899101171763,3,5,0.9166666666666666,1.0,0.0,0.0,0.4892482672827556,1.0891748251542883,1.043318821729261,0.0,0.4626161946913152,0,0,0,0.899887447426083,0,1,0.5833333333333333,0.75,0.5833333333333333,0.7534940470648757,0.7486210006037655,0.7044819517183175,0.7534940470648757,0.7253663148345806,0.7534940470648757,0.7206256695287366,0.5,0.9166666666666666,1.0,0,0,0,,365.0,-1,,365.0,2.0,-1,-1,2.0,0.2,0.32531263729493376,2,0.4666666666666667,0.7000000000000001,0.5911846756827338,0.125,0.3582128355873501,,,,,
short_lived_high_strength,20,16,1727,1730,1732,5,3,1082.926,1094.055,1088.4904999999999,11.129000000000133,2.4966402351654327,0.6488434479362111,0.6488434479362111,0.6270244785447043,0.6270244785447043,2,3,1.0,0.7682925060620929,0.7229999999999563,0.16219524575653493,0.4819840057507385,1.2932995737019317,1.2033406614635012,0.0,0.4900880944784264,0,0,0,0.9749303621169854,0,1,0.8125,0.5625,0.5625,0.7168510914820286,0.664997389994588,0.6243929136398436,0.7168510914820286,0.6718605591314559,0.7168510914820286,0.7911546437730991,0.25,1.0,0.7682925060620929,1,0,0,0.0,1731.0,1,1731.0,,1.0,1,0,,0.2,0.45614545037517,2,0.5166666666666667,0.7833333333333333,0.4346204675963912,0.20833333333333331,0.3215717835657645,,,,,
short_lived_high_strength,48,8,4201,4204,4206,4,3,1197.094,1207.572,1202.333,10.477999999999838,2.4307722146408,0.6769986253195627,0.6769986253195627,0.614821765457774,0.614821765457774,2,2,1.0,1.0,0.0,0.0,0.2728574155373132,1.767517990394,0.6632542242467998,2.0,0.5148569225165739,0,1,-1,0.9179868931729896,0,1,0.375,0.625,0.375,0.7556272628605482,0.6999639406023224,0.6451271784754868,0.7556272628605482,0.6759222703008296,0.7556272628605482,0.6894291133485302,0.25,1.0,1.0,0,0,0,,4206.0,1,4206.0,,2.0,1,1,2.0,0.6,0.4222118232363938,2,0.5666666666666667,0.7000000000000001,0.5389540612870257,0.125,0.3251551819884231,,,,,
short_lived_high_strength,195,12,14104,14109,14111,4,5,1916.47,1930.74,1923.605,14.269999999999982,2.8241375939303293,0.6838793396739349,0.6838793396739349,0.611132758121047,0.611132758121047,2,2,1.0,1.0,0.0,0.0,0.4057463209530463,1.67825415532791,1.1458834386024195,0.0,0.5756980658168095,0,0,0,0.7811259051623369,0,1,0.75,0.41666666666666663,0.41666666666666663,0.7282627933701332,0.7043993060684688,0.6595412153111349,0.7282627933701332,0.6919645927471255,0.7282627933701332,0.7319419209764204,0.25,1.0,1.0,0,0,0,,14111.0,-1,,14111.0,2.0,-1,-1,2.0,0.4,0.3550113955063214,2,0.5,0.7380952380952381,0.4633068729621162,0.125,0.31195767062148144,,,,,
short_lived_high_strength,181,12,13189,13197,13199,4,8,1864.98,1886.43,1875.705,21.450000000000045,2.1625566387005017,0.7355712534628935,0.7355712534628935,0.6083630985393645,0.6083630985393645,2,3,0.9166666666666666,1.0,0.0,0.0,0.657575757575757,0.7405118187065366,1.422044819993965,0.0,0.5516585434767273,0,0,0,0.8585858585858568,0,1,0.6666666666666667,0.33333333333333337,0.33333333333333337,0.7150481134132464,0.7551902335368359,0.7223750126087254,0.7150481134132464,0.74129284141224,0.7150481134132464,0.7513337147700773,0.25,0.9166666666666666,1.0,0,0,0,,13199.0,1,13199.0,,2.0,1,1,2.0,0.2,0.5516585434767273,2,0.5,0.7666666666666666,0.5261326869295837,0.125,0.3219498383990626,,,,,
short_lived_high_strength,221,8,16950,16953,16955,4,3,3341.165,3375.035,3358.1,33.86999999999989,2.24704281537286,0.695656310749436,0.695656310749436,0.6073957894328201,0.6073957894328201,2,3,0.875,1.0,0.0,0.0,0.589754945379391,0.9218382025274859,1.325204612845374,2.0,0.35538525052238923,0,1,-1,0.8972542072630683,0,1,0.375,0.75,0.375,0.7362617830278939,0.7197241426090881,0.6689424564227751,0.7362617830278939,0.6971241693276478,0.7362617830278939,0.7082876485745119,0.25,0.875,1.0,0,0,0,,16955.0,-1,,16955.0,2.0,-1,-1,2.0,0.6,0.3246327571623844,2,0.5666666666666667,0.7000000000000001,0.5242866380693219,0.125,0.32148832618399714,,,,,
short_lived_high_strength,19,12,1589,1592,1594,4,3,1162.814,1174.777,1168.7955000000002,11.962999999999965,2.682040654426814,0.6405553943211244,0.6405553943211244,0.60730154443715,0.60730154443715,2,2,1.0,1.0,0.0,0.0,0.4268160160494867,1.537302747421603,1.1447379070052106,0.0,0.49628351632194295,0,0,0,0.984535651592408,0,1,0.75,0.6666666666666667,0.6666666666666667,0.7582983048635822,0.6646415987743378,0.601484116893632,0.7582983048635822,0.6400750179161238,0.7582983048635822,0.6681236582446789,0.25,1.0,1.0,0,0,0,,1594.0,-1,,1594.0,2.0,-1,-1,2.0,0.0,0.2317554902924546,2,0.5666666666666667,0.7000000000000001,0.490633207482023,0.125,0.3130749685371724,,,,,
short_lived_high_strength,29,16,2609,2612,2615,4,3,1224.548,1248.504,1236.5259999999998,23.955999999999904,2.8803173383092036,0.6770468722755746,0.6770468722755746,0.619340939677361,0.619340939677361,3,3,1.0,1.0,0.0,0.0,0.6067373518116606,1.1327212240862665,1.7475961142229368,0.0,0.5932057873433992,0,0,0,0.7836311014637882,0,1,0.375,0.6875,0.375,0.7417846806611497,0.700890837379262,0.6466598922467851,0.7417846806611497,0.6839981521487042,0.7417846806611497,0.7248893014914268,0.5,1.0,1.0,0,0,0,,2615.0,1,2615.0,,3.0,1,1,3.0,0.0,0.39859878288579004,3,0.3166666666666667,0.5833333333333334,0.5775030759661788,0.1875,0.43000076899154466,,,,,
long_lived_medium_strength,227,8,17412,17417,17450,7,5,3915.525,4030.24,3972.8824999999997,114.71499999999969,2.2450680617072334,0.7380335832353031,0.7380335832353031,0.5824194270488636,0.5824194270488636,2,2,0.875,1.0,0.0,0.0,0.7495096543608094,0.5623678747605526,1.6827001869466809,0.0,0.48799961717481327,1,0,1,0.8786703279141042,0,1,0.25,0.625,0.25,0.7435822157589568,0.7552237105244559,0.72270609510863,0.7435822157589568,0.7189258028174712,0.7435822157589568,0.6387694028211838,0.25,0.875,1.0,3,3,6,2.0,17419.0,1,17419.0,,2.0,1,0,,0.2,0.41603127090114167,33,0.3,0.21052631578947367,0.7413330650563013,0.8333333333333333,0.7748946697728473,,,,,
long_lived_medium_strength,104,16,8198,8201,8234,4,3,1476.973,1498.09,1487.5315,21.116999999999962,2.9511460409354644,0.6155927733712896,0.6155927733712896,0.5807126320308661,0.5807126320308661,2,2,1.0,1.0,0.0,0.0,0.5332670360373153,1.3773971387725517,1.5737489021629127,0.0,0.5310549329893688,0,0,0,0.858770974412395,0,1,0.4375,0.8125,0.4375,0.7182582262011857,0.6426208061234328,0.5764627534067058,0.7182582262011857,0.6238004878043524,0.7182582262011857,0.680835319961485,0.25,1.0,1.0,0,0,0,,8234.0,1,8234.0,,33.0,1,1,33.0,0.4,0.3410161507149628,33,0.2666666666666667,0.3611111111111111,0.6055488382816415,0.5,0.6008316540148548,,,,,
long_lived_medium_strength,123,12,9597,9600,9631,4,3,1935.76,1966.23,1950.995,30.470000000000027,2.6388771415240067,0.6324634345308227,0.6324634345308227,0.5661160771533591,0.5661160771533591,2,3,1.0,0.8658848130989648,1.08400000000006,0.09388063083072462,0.38437807679684866,1.6245506209618434,1.014326520562163,0.0,0.4851397464232015,0,2,-1,0.6097801115851678,0,1,0.25,0.9166666666666666,0.25,0.7130979564908254,0.6506305888023899,0.6043015014291058,0.7130979564908254,0.6332670442259997,0.7130979564908254,0.656471040667007,0.25,1.0,0.8658848130989648,5,5,10,2.0,9606.0,1,9606.0,9620.0,6.0,1,-1,31.0,0.6,0.41660330158444275,31,0.2666666666666667,0.029411764705882356,0.6156005497069219,1.0,0.8446844511522207,,,,,
long_lived_medium_strength,144,8,10664,10667,10692,4,3,1772.225,1789.995,1781.11,17.769999999999982,1.6755812770290024,0.6444705771436439,0.6444705771436439,0.5785107705779362,0.5785107705779362,2,2,0.875,1.0,0.0,0.0,0.5464265616207117,0.7599991611060035,0.915582115922999,1.0,0.46485718058769343,0,0,0,0.8373663477771595,0,1,0.375,0.625,0.375,0.7238742042055871,0.6704077195688654,0.609978797176547,0.7238742042055871,0.6452169017842846,0.7238742042055871,0.6653114754305978,0.25,0.875,1.0,3,3,6,2.0,10670.0,1,10670.0,10685.0,3.0,1,-1,25.0,0.4,0.385348251860748,25,0.3166666666666667,0.11904761904761905,0.6491502455825005,0.875,0.781394704252768,,,,,
long_lived_medium_strength,136,12,10407,10410,10428,4,3,1723.683,1742.442,1733.0625,18.759000000000015,2.296792705896561,0.6699703873948322,0.6699703873948322,0.5675475491999689,0.5675475491999689,3,2,1.0,1.0,0.0,0.0,0.3431952662721945,1.5085443216243568,0.7882483842722046,0.0,0.4985469696439169,0,0,0,0.887431810508741,0,1,0.5,0.75,0.5,0.7009758089860962,0.6963209061888954,0.6428750841532167,0.7009758089860962,0.6722295780389611,0.7009758089860962,0.6827559095105808,0.25,1.0,1.0,3,3,6,2.0,10416.0,1,10416.0,10420.0,6.0,1,-1,18.0,0.4,0.354084240747864,18,0.2666666666666667,0.047619047619047616,0.6813860180968152,1.0,0.8574893616670609,,,,,
long_lived_medium_strength,83,16,7026,7032,7048,7,6,1285.598,1295.817,1290.7075,10.219000000000051,2.4254540515030603,0.7036307031522002,0.7036307031522002,0.5713593456874848,0.5713593456874848,2,4,0.9375,1.0,0.0,0.0,0.3032586358743436,1.6899141644683424,0.7355398870347181,0.0,0.4056767899547575,1,1,0,0.9483641582672921,0,1,0.6875,1.0,0.6875,0.7077984168694251,0.7234635967062826,0.6863042383720153,0.7077984168694251,0.6996519883428961,0.7077984168694251,0.6787242715578847,0.25,0.9375,1.0,0,0,0,,,0,,,,0,0,,0.0,0.4056767899547575,16,0.4,0.7575757575757575,0.3733101183006936,0.25,0.3493123780600219,,,,,
long_lived_medium_strength,99,8,7953,7957,7972,4,4,1492.828,1508.431,1500.6295,15.603000000000065,2.0396053712493116,0.7132648021032464,0.7132648021032464,0.585206860564431,0.585206860564431,3,2,1.0,1.0,0.0,0.0,0.6262898160610071,0.7622212984525382,1.2773840727967734,0.0,0.5595410390212432,2,0,1,0.4702087205452068,0,1,0.875,0.25,0.25,0.7129272966602682,0.732712176915076,0.696983008132186,0.7129272966602682,0.7121616360342053,0.7129272966602682,0.7014178100765026,0.25,1.0,1.0,1,1,2,2.0,7965.0,-1,7972.0,7965.0,8.0,-1,1,15.0,0.8,0.5649670430640384,15,0.2,0.23684210526315788,0.669154879086406,0.75,0.74242029871897,,,,,
long_lived_medium_strength,175,8,12711,12714,12727,4,3,1640.1,1671.675,1655.8874999999998,31.575000000000045,2.921833980439714,0.6284219350651639,0.6284219350651639,0.5735334926931127,0.5735334926931127,2,2,1.0,0.8942442174255566,0.7999999999999545,0.07402904780211038,0.48076009501187783,1.5171327983945841,1.40470118204513,0.0,0.5084752775411246,0,1,-1,0.6883082607548184,0,1,0.25,0.625,0.25,0.6752040868301867,0.6537613176450605,0.599651709415647,0.6752040868301867,0.6511726857689442,0.6752040868301867,0.7490373747233058,0.25,1.0,0.8942442174255566,1,0,2,2.0,12726.0,-1,,12726.0,12.0,-1,-1,13.0,0.6,0.47133275032300564,13,0.2666666666666667,0.3958333333333333,0.6111857729923627,0.625,0.6390464432480907,,,,,
long_lived_medium_strength,217,16,16347,16350,16362,4,3,2916.805,2954.965,2935.885,38.16000000000031,2.48682387035283,0.6626910574835521,0.6626910574835521,0.5889976095480802,0.5889976095480802,2,2,1.0,1.0,0.0,0.0,0.6050838574423469,0.9820868901000328,1.5047369802527972,0.0,0.43700500815280885,0,1,-1,0.8700209643605911,0,1,0.5625,0.875,0.5625,0.7636963521934753,0.6850000939709092,0.6277906196805844,0.7636963521934753,0.6488648878365599,0.7636963521934753,0.6187430118798123,0.25,1.0,1.0,1,1,2,2.0,16356.0,1,16356.0,16362.0,6.0,1,-1,12.0,0.2,0.4312035224081327,12,0.2666666666666667,0.2333333333333333,0.6948415633936866,0.75,0.7362103908484217,,,,,
long_lived_medium_strength,219,16,16406,16409,16418,4,3,2891.275,2929.965,2910.62,38.690000000000055,2.2893112790802346,0.684171028174082,0.684171028174082,0.6010766872296867,0.6010766872296867,2,3,0.9375,1.0,0.0,0.0,0.5836133367795269,0.9532386845692121,1.3360725945110223,0.0,0.4243050929841621,1,0,1,0.7710002584647244,0,1,0.5,0.625,0.5,0.7335957370496906,0.7081273068588161,0.6561398006588081,0.7335957370496906,0.6854924573778214,0.7335957370496906,0.6989280718538587,0.25,0.9375,1.0,2,1,4,2.0,16410.0,1,16410.0,16417.0,1.0,1,-1,9.0,0.4,0.3631556237520544,9,0.4166666666666667,0.5,0.5578247540230319,0.6041666666666666,0.5675811885057579,,,,,
highest_plausibility,75,8,6561,6564,6577,4,3,1194.324,1204.101,1199.2125,9.777000000000044,2.4476778595950806,0.6972056090513519,0.6972056090513519,0.6484671812623142,0.6484671812623142,2,2,1.0,1.0,0.0,0.0,0.5468957758003433,1.1090531776625052,1.3386246819325753,0.0,0.46964681738975544,0,0,0,0.955235075517352,0,1,0.5,0.25,0.25,0.7382149831813918,0.7228807302267504,0.6690770074032109,0.7382149831813918,0.6881840232140108,0.7382149831813918,0.7973765457583849,0.25,1.0,1.0,2,2,4,2.0,6571.0,-1,,6571.0,7.0,-1,-1,13.0,0.2,0.46964681738975544,13,0.2666666666666667,0.0625,0.7023696423855614,1.0,0.859759077263057,0.760715477489998,1.0,0.7586666666666666,0.75034701319953,durable_plausible
highest_plausibility,136,12,10407,10410,10428,4,3,1723.683,1742.442,1733.0625,18.759000000000015,2.296792705896561,0.6699703873948322,0.6699703873948322,0.5675475491999689,0.5675475491999689,3,2,1.0,1.0,0.0,0.0,0.3431952662721945,1.5085443216243568,0.7882483842722046,0.0,0.4985469696439169,0,0,0,0.887431810508741,0,1,0.5,0.75,0.5,0.7009758089860962,0.6963209061888954,0.6428750841532167,0.7009758089860962,0.6722295780389611,0.7009758089860962,0.6827559095105808,0.25,1.0,1.0,3,3,6,2.0,10416.0,1,10416.0,10420.0,6.0,1,-1,18.0,0.4,0.354084240747864,18,0.2666666666666667,0.047619047619047616,0.6813860180968152,1.0,0.8574893616670609,0.7527503766410746,1.0,0.7586666666666666,0.7452313547727648,durable_plausible
highest_plausibility,9,8,636,639,662,7,3,1174.932,1202.208,1188.5700000000002,27.276000000000067,2.817695549263534,0.6544029860277789,0.6544029860277789,0.6088516589160171,0.6088516589160171,2,2,1.0,1.0,0.0,0.0,0.5905557999706668,1.1536891000944203,1.6640064491691136,1.0,0.3765128817088257,0,1,-1,0.9303905753531727,0,1,0.25,0.625,0.25,0.7205157780845763,0.682064477555813,0.6205892864151427,0.7205157780845763,0.6577857990942385,0.7205157780845763,0.7417032757066339,0.25,1.0,1.0,4,4,8,2.0,645.0,1,645.0,,6.0,1,0,,0.6,0.3802157986532189,23,0.2666666666666667,0.038461538461538464,0.6312123943723974,1.0,0.8467774575674583,0.7443803886584115,1.0,0.7586666666666666,0.7315111761837744,durable_plausible
highest_plausibility,123,12,9597,9600,9631,4,3,1935.76,1966.23,1950.995,30.470000000000027,2.6388771415240067,0.6324634345308227,0.6324634345308227,0.5661160771533591,0.5661160771533591,2,3,1.0,0.8658848130989648,1.08400000000006,0.09388063083072462,0.38437807679684866,1.6245506209618434,1.014326520562163,0.0,0.4851397464232015,0,2,-1,0.6097801115851678,0,1,0.25,0.9166666666666666,0.25,0.7130979564908254,0.6506305888023899,0.6043015014291058,0.7130979564908254,0.6332670442259997,0.7130979564908254,0.656471040667007,0.25,1.0,0.8658848130989648,5,5,10,2.0,9606.0,1,9606.0,9620.0,6.0,1,-1,31.0,0.6,0.41660330158444275,31,0.2666666666666667,0.029411764705882356,0.6156005497069219,1.0,0.8446844511522207,0.7405745928056096,1.0,0.7586666666666666,0.7275912587152753,durable_plausible
highest_plausibility,38,12,3596,3599,3618,4,3,1260.958,1274.036,1267.497,13.077999999999975,2.876085103588764,0.5743766328185729,0.5743766328185729,0.49484649115508955,0.49484649115508955,2,2,1.0,0.5896962024242405,1.30600000000004,0.28721265830303166,0.23902737421623968,2.1886220332555,0.687463070333264,1.0,0.6708987899745186,0,2,-1,0.5789366365907118,0,1,0.6666666666666667,1.0,0.6666666666666667,0.6180814628386404,0.5886298924490915,0.5554111219257266,0.6180814628386404,0.5911553866702448,0.6180814628386404,0.6676949046015875,0.25,1.0,0.5896962024242405,3,3,6,2.0,3608.0,-1,3614.0,3608.0,9.0,-1,1,19.0,0.2,0.3560476752692267,19,0.2666666666666667,0.04545454545454545,0.6199836339252377,1.0,0.842571666057067,0.7304969730243426,1.0,0.7586666666666666,0.727931356399054,durable_plausible
highest_plausibility,172,12,12218,12221,12237,4,3,1823.165,1847.76,1835.4625,24.595000000000027,2.7711706097170357,0.6498066349814828,0.6498066349814828,0.6411791329413475,0.6411791329413475,2,2,0.9166666666666666,1.0,0.0,0.0,0.4049603577963011,1.6489563680914312,1.1222142416256047,0.0,0.49366879037066264,0,0,0,0.9866504031984834,0,1,0.75,0.6666666666666667,0.6666666666666667,0.7330825436925567,0.6776149666067112,0.6131234910225194,0.7330825436925567,0.6443818866160671,0.7330825436925567,0.7910571564281397,0.25,0.9166666666666666,1.0,4,3,6,1.5,12225.0,-1,,12225.0,4.0,-1,0,16.0,0.2,0.31971737636600217,16,0.2666666666666667,0.05263157894736842,0.6401594981313393,0.9166666666666666,0.8170135587433612,0.7179479619497368,1.0,0.7586666666666666,0.6951717110768162,durable_plausible
highest_plausibility,162,8,11880,11885,11906,4,5,1915.375,1936.775,1926.075,21.40000000000009,2.1532910172643405,0.7413890567411956,0.7413890567411956,0.629065761453734,0.629065761453734,2,2,1.0,1.0,0.0,0.0,0.6135514018691614,0.8321362949895319,1.3211547222748088,0.0,0.5955650420706348,2,0,1,0.549221183800624,0,1,0.625,0.375,0.375,0.769535610916595,0.7567067788300182,0.7240187215185208,0.769535610916595,0.7314440450166972,0.769535610916595,0.6957692243864082,0.25,1.0,1.0,4,3,8,2.0,11888.0,1,11888.0,11892.0,3.0,1,1,21.0,0.8,0.6045298497685399,21,0.25,0.14743589743589744,0.7410175033200654,0.875,0.8120171963428369,0.7329772226547784,1.0,0.7636051589028511,0.7078710436624691,durable_plausible
highest_plausibility,37,16,3562,3569,3585,4,7,1249.574,1262.142,1255.8580000000002,12.567999999999984,2.309205846660906,0.8044799539399283,0.8044799539399283,0.7006857375173934,0.7006857375173934,3,3,0.9375,0.9981626306121847,0.006999999999834472,0.0012861585714707292,0.4904519414385738,1.1766513559847591,1.1325544906761469,0.0,0.49552059330659076,0,0,0,0.82129217059199,0,1,0.8125,0.5,0.5,0.8126136395140915,0.8167251439223976,0.7928926046627879,0.8126136395140915,0.7979343816905284,0.8126136395140915,0.7704364112822707,0.5,0.9375,0.9981626306121847,4,3,6,1.5,3571.0,-1,3582.0,3571.0,2.0,-1,0,16.0,0.4,0.38585885779450735,16,0.2,0.26811594202898553,0.8123322089754669,0.8333333333333333,0.8011265305047363,0.7570954211448364,1.0,0.7603379591514209,0.7275347785062823,durable_plausible
highest_plausibility,233,12,17567,17570,17597,4,3,4175.19,4241.555,4208.3724999999995,66.36500000000069,2.4952148412150534,0.6774979822393776,0.6774979822393776,0.6147197950777151,0.6147197950777151,2,2,0.9166666666666666,1.0,0.0,0.0,0.6847736005424568,0.7865575902692467,1.7086572509458067,0.0,0.5039970845851899,0,0,0,0.9250860142143207,0,1,0.25,0.5833333333333333,0.25,0.7376504671059244,0.702199116621392,0.6471246317798383,0.7376504671059244,0.6841789472991111,0.7376504671059244,0.7222472396930945,0.25,0.9166666666666666,1.0,3,3,6,2.0,17573.0,1,17573.0,17583.0,3.0,1,1,27.0,0.0,0.4553979184802406,27,0.3166666666666667,0.11666666666666665,0.6932279151509513,0.875,0.7928903121210711,0.6896582528962377,1.0,0.7396666666666667,0.6626988622930017,durable_plausible
highest_plausibility,112,16,8693,8696,8706,4,3,1560.834,1576.93,1568.882,16.096000000000004,2.9178447646765977,0.6065084677544723,0.6065084677544723,0.5146565199344295,0.5146565199344295,2,2,0.9375,1.0,0.0,0.0,0.30057157057653855,2.040823581059222,0.8770211836173755,0.0,0.5912725297691984,0,0,0,0.7485503644797822,0,1,0.25,0.8125,0.25,0.666916020699891,0.6358031604724882,0.5722357174000718,0.666916020699891,0.6071142650102417,0.666916020699891,0.6194935693060882,0.25,0.9375,1.0,2,2,4,2.0,8700.0,1,8700.0,,4.0,1,1,10.0,0.2,0.5643313253555162,10,0.2666666666666667,0.07692307692307693,0.6119529298698851,0.875,0.7905202837495225,0.6890144450355926,0.9793906810169273,0.7464644968309592,0.6667604702761077,durable_plausible
highest_plausibility,144,8,10664,10667,10692,4,3,1772.225,1789.995,1781.11,17.769999999999982,1.6755812770290024,0.6444705771436439,0.6444705771436439,0.5785107705779362,0.5785107705779362,2,2,0.875,1.0,0.0,0.0,0.5464265616207117,0.7599991611060035,0.915582115922999,1.0,0.46485718058769343,0,0,0,0.8373663477771595,0,1,0.375,0.625,0.375,0.7238742042055871,0.6704077195688654,0.609978797176547,0.7238742042055871,0.6452169017842846,0.7238742042055871,0.6653114754305978,0.25,0.875,1.0,3,3,6,2.0,10670.0,1,10670.0,10685.0,3.0,1,-1,25.0,0.4,0.385348251860748,25,0.3166666666666667,0.11904761904761905,0.6491502455825005,0.875,0.781394704252768,0.6787050635384363,0.9876503243134503,0.7396666666666667,0.6504658195623727,durable_plausible
highest_plausibility,227,8,17412,17417,17450,7,5,3915.525,4030.24,3972.8824999999997,114.71499999999969,2.2450680617072334,0.7380335832353031,0.7380335832353031,0.5824194270488636,0.5824194270488636,2,2,0.875,1.0,0.0,0.0,0.7495096543608094,0.5623678747605526,1.6827001869466809,0.0,0.48799961717481327,1,0,1,0.8786703279141042,0,1,0.25,0.625,0.25,0.7435822157589568,0.7552237105244559,0.72270609510863,0.7435822157589568,0.7189258028174712,0.7435822157589568,0.6387694028211838,0.25,0.875,1.0,3,3,6,2.0,17419.0,1,17419.0,,2.0,1,0,,0.2,0.41603127090114167,33,0.3,0.21052631578947367,0.7413330650563013,0.8333333333333333,0.7748946697728473,0.6898523880696177,0.9948237128306797,0.746,0.6605255035864109,durable_plausible
highest_plausibility,149,8,11109,11112,11123,7,3,1747.6,1770.475,1759.0375,22.875,2.5404000925434356,0.7271450678427429,0.7271450678427429,0.6389583383244836,0.6389583383244836,3,3,0.75,1.0,0.0,0.0,0.35344262295082124,1.6425144204903748,0.897885672053061,0.0,0.35995227089491705,1,0,1,0.9001092896174796,0,1,0.75,0.5,0.5,0.746365272406155,0.756952026747303,0.7091428542339278,0.746365272406155,0.7098595746270171,0.746365272406155,0.7601555653498148,0.5,0.75,1.0,1,1,2,2.0,11118.0,-1,,11118.0,6.0,-1,0,,0.4,0.2872120827734507,11,0.16666666666666669,0.2380952380952381,0.7678717770749803,0.7291666666666666,0.7662238966496975,0.7191215321880635,0.9785919968166156,0.7498671689949092,0.682223579064857,durable_plausible
highest_plausibility,71,5,6094,6097,6128,4,3,1293.565,1301.752,1297.6585,8.186999999999898,1.901944781082094,0.6772683645717827,0.6772683645717827,0.6186418832905621,0.6186418832905621,2,2,1.0,1.0,0.0,0.0,0.45938683278368314,1.0282163919713352,0.8737283891107588,0.0,0.5221456853683234,0,0,0,0.8236635316151547,0,1,0.4,0.4,0.4,0.7335459144078964,0.7025462256964569,0.6470305532532783,0.7335459144078964,0.683245613522083,0.7335459144078964,0.7389301545173613,0.25,1.0,1.0,6,6,12,2.0,6099.0,1,6099.0,6103.0,2.0,1,1,31.0,0.0,0.18984557693485768,31,0.3666666666666667,0.19607843137254902,0.6926816886696334,0.8333333333333333,0.7522880692262318,0.6492044259295267,0.9719343342535663,0.7206666666666667,0.6158546788679651,unclassified
highest_plausibility,26,12,2326,2330,2342,4,4,1068.129,1076.977,1072.5529999999999,8.848000000000184,2.328703927117604,0.7363451724935843,0.7363451724935843,0.6343160862075894,0.6343160862075894,3,2,0.9166666666666666,1.0,0.0,0.0,0.34290235081374804,1.5301858761597706,0.7985180509578333,0.0,0.49987842186626535,0,0,0,0.9524562989752895,0,1,0.75,0.16666666666666663,0.16666666666666663,0.728590200070161,0.7557275627785568,0.7213047602419553,0.728590200070161,0.7476820929468455,0.728590200070161,0.7843458186932032,0.25,0.9166666666666666,1.0,4,3,8,2.0,2332.0,-1,,2332.0,2.0,-1,-1,12.0,0.4,0.33352458662924234,12,0.3,0.25,0.6752492447850762,0.8333333333333333,0.7504789778629357,0.67240409642292,0.9741413104288025,0.7422767456541031,0.6400027621990165,durable_plausible
highest_plausibility,51,8,4343,4346,4358,7,3,1278.808,1292.322,1285.565,13.513999999999896,2.419547250812737,0.6924184381929661,0.6924184381929661,0.6410097886822357,0.6410097886822357,2,2,0.75,0.8982029423641291,0.39800000000013824,0.0712579403451096,0.4383602190321166,1.35891398798791,1.060633262824827,2.0,0.40170303166111054,1,0,1,0.8036110700014731,0,1,0.75,0.625,0.625,0.7304374575103648,0.714616930537653,0.6676886615326454,0.7304374575103648,0.6823738523645093,0.7304374575103648,0.795949518769807,0.25,0.75,0.8982029423641291,4,4,8,2.0,4348.0,-1,,4348.0,2.0,-1,0,,0.0,0.06529052063788476,12,0.3666666666666667,0.2333333333333333,0.7077793748437045,0.8333333333333333,0.7486115103775928,0.6504866635487326,0.9733889335615368,0.7206666666666667,0.6178993359715328,unclassified
highest_plausibility,72,12,6093,6097,6128,4,4,1290.231,1301.752,1295.9915,11.520999999999958,2.676475610461341,0.6638590132355715,0.6638590132355715,0.549673443727634,0.549673443727634,2,3,1.0,0.7653640858808806,0.7070000000001073,0.16424513988338357,0.6158319590313387,1.0282163919713352,1.6482592184900058,0.0,0.5667086563362721,0,0,0,0.8359228076266507,0,1,0.75,0.25,0.25,0.6502118989279263,0.678273076776254,0.6539347381506213,0.6502118989279263,0.681341746221543,0.6502118989279263,0.7422931012539637,0.25,1.0,0.7653640858808806,2,2,4,2.0,6099.0,1,6099.0,,2.0,1,1,31.0,0.4,0.3304998700365226,31,0.3,0.20476190476190478,0.6083700749112806,0.8333333333333333,0.7428068044421059,0.6515805295912892,0.9479458579844752,0.7160127000921286,0.6239276681017522,durable_plausible
highest_plausibility,99,8,7953,7957,7972,4,4,1492.828,1508.431,1500.6295,15.603000000000065,2.0396053712493116,0.7132648021032464,0.7132648021032464,0.585206860564431,0.585206860564431,3,2,1.0,1.0,0.0,0.0,0.6262898160610071,0.7622212984525382,1.2773840727967734,0.0,0.5595410390212432,2,0,1,0.4702087205452068,0,1,0.875,0.25,0.25,0.7129272966602682,0.732712176915076,0.696983008132186,0.7129272966602682,0.7121616360342053,0.7129272966602682,0.7014178100765026,0.25,1.0,1.0,1,1,2,2.0,7965.0,-1,7972.0,7965.0,8.0,-1,1,15.0,0.8,0.5649670430640384,15,0.2,0.23684210526315788,0.669154879086406,0.75,0.74242029871897,0.6855943416336837,0.9524046582606864,0.7425935394239276,0.6472858023304869,durable_plausible
highest_plausibility,217,16,16347,16350,16362,4,3,2916.805,2954.965,2935.885,38.16000000000031,2.48682387035283,0.6626910574835521,0.6626910574835521,0.5889976095480802,0.5889976095480802,2,2,1.0,1.0,0.0,0.0,0.6050838574423469,0.9820868901000328,1.5047369802527972,0.0,0.43700500815280885,0,1,-1,0.8700209643605911,0,1,0.5625,0.875,0.5625,0.7636963521934753,0.6850000939709092,0.6277906196805844,0.7636963521934753,0.6488648878365599,0.7636963521934753,0.6187430118798123,0.25,1.0,1.0,1,1,2,2.0,16356.0,1,16356.0,16362.0,6.0,1,-1,12.0,0.2,0.4312035224081327,12,0.2666666666666667,0.2333333333333333,0.6948415633936866,0.75,0.7362103908484217,0.6670999157248523,0.9566326510336552,0.7384855046776488,0.6243497129202353,durable_plausible
highest_plausibility,142,12,10603,10607,10622,4,4,1881.415,1903.66,1892.5375,22.24500000000012,2.8011711901629424,0.6987260112192815,0.6987260112192815,0.6104755912216048,0.6104755912216048,2,2,1.0,1.0,0.0,0.0,0.5583277140930549,1.2371996827759446,1.5639715073869975,0.0,0.49307026043417046,0,0,0,0.8971304412976704,0,1,0.6666666666666667,0.16666666666666663,0.16666666666666663,0.703037763864627,0.722164529729888,0.6783477752471166,0.703037763864627,0.7163181507054757,0.703037763864627,0.7805661435733688,0.25,1.0,1.0,1,1,2,2.0,10614.0,-1,,10614.0,7.0,-1,-1,15.0,0.2,0.4925682800214103,15,0.2,0.23684210526315788,0.6343901557378957,0.75,0.7337291178818424,0.676750582237931,0.9422517754563053,0.7342580340824405,0.6369980515735789,durable_plausible
highest_monitor_worthiness,9,8,636,639,662,7,3,1174.932,1202.208,1188.5700000000002,27.276000000000067,2.817695549263534,0.6544029860277789,0.6544029860277789,0.6088516589160171,0.6088516589160171,2,2,1.0,1.0,0.0,0.0,0.5905557999706668,1.1536891000944203,1.6640064491691136,1.0,0.3765128817088257,0,1,-1,0.9303905753531727,0,1,0.25,0.625,0.25,0.7205157780845763,0.682064477555813,0.6205892864151427,0.7205157780845763,0.6577857990942385,0.7205157780845763,0.7417032757066339,0.25,1.0,1.0,4,4,8,2.0,645.0,1,645.0,,6.0,1,0,,0.6,0.3802157986532189,23,0.2666666666666667,0.038461538461538464,0.6312123943723974,1.0,0.8467774575674583,0.7443803886584115,1.0,0.7586666666666666,0.7315111761837744,durable_plausible
highest_monitor_worthiness,38,12,3596,3599,3618,4,3,1260.958,1274.036,1267.497,13.077999999999975,2.876085103588764,0.5743766328185729,0.5743766328185729,0.49484649115508955,0.49484649115508955,2,2,1.0,0.5896962024242405,1.30600000000004,0.28721265830303166,0.23902737421623968,2.1886220332555,0.687463070333264,1.0,0.6708987899745186,0,2,-1,0.5789366365907118,0,1,0.6666666666666667,1.0,0.6666666666666667,0.6180814628386404,0.5886298924490915,0.5554111219257266,0.6180814628386404,0.5911553866702448,0.6180814628386404,0.6676949046015875,0.25,1.0,0.5896962024242405,3,3,6,2.0,3608.0,-1,3614.0,3608.0,9.0,-1,1,19.0,0.2,0.3560476752692267,19,0.2666666666666667,0.04545454545454545,0.6199836339252377,1.0,0.842571666057067,0.7304969730243426,1.0,0.7586666666666666,0.727931356399054,durable_plausible
highest_monitor_worthiness,75,8,6561,6564,6577,4,3,1194.324,1204.101,1199.2125,9.777000000000044,2.4476778595950806,0.6972056090513519,0.6972056090513519,0.6484671812623142,0.6484671812623142,2,2,1.0,1.0,0.0,0.0,0.5468957758003433,1.1090531776625052,1.3386246819325753,0.0,0.46964681738975544,0,0,0,0.955235075517352,0,1,0.5,0.25,0.25,0.7382149831813918,0.7228807302267504,0.6690770074032109,0.7382149831813918,0.6881840232140108,0.7382149831813918,0.7973765457583849,0.25,1.0,1.0,2,2,4,2.0,6571.0,-1,,6571.0,7.0,-1,-1,13.0,0.2,0.46964681738975544,13,0.2666666666666667,0.0625,0.7023696423855614,1.0,0.859759077263057,0.760715477489998,1.0,0.7586666666666666,0.75034701319953,durable_plausible
highest_monitor_worthiness,123,12,9597,9600,9631,4,3,1935.76,1966.23,1950.995,30.470000000000027,2.6388771415240067,0.6324634345308227,0.6324634345308227,0.5661160771533591,0.5661160771533591,2,3,1.0,0.8658848130989648,1.08400000000006,0.09388063083072462,0.38437807679684866,1.6245506209618434,1.014326520562163,0.0,0.4851397464232015,0,2,-1,0.6097801115851678,0,1,0.25,0.9166666666666666,0.25,0.7130979564908254,0.6506305888023899,0.6043015014291058,0.7130979564908254,0.6332670442259997,0.7130979564908254,0.656471040667007,0.25,1.0,0.8658848130989648,5,5,10,2.0,9606.0,1,9606.0,9620.0,6.0,1,-1,31.0,0.6,0.41660330158444275,31,0.2666666666666667,0.029411764705882356,0.6156005497069219,1.0,0.8446844511522207,0.7405745928056096,1.0,0.7586666666666666,0.7275912587152753,durable_plausible
highest_monitor_worthiness,136,12,10407,10410,10428,4,3,1723.683,1742.442,1733.0625,18.759000000000015,2.296792705896561,0.6699703873948322,0.6699703873948322,0.5675475491999689,0.5675475491999689,3,2,1.0,1.0,0.0,0.0,0.3431952662721945,1.5085443216243568,0.7882483842722046,0.0,0.4985469696439169,0,0,0,0.887431810508741,0,1,0.5,0.75,0.5,0.7009758089860962,0.6963209061888954,0.6428750841532167,0.7009758089860962,0.6722295780389611,0.7009758089860962,0.6827559095105808,0.25,1.0,1.0,3,3,6,2.0,10416.0,1,10416.0,10420.0,6.0,1,-1,18.0,0.4,0.354084240747864,18,0.2666666666666667,0.047619047619047616,0.6813860180968152,1.0,0.8574893616670609,0.7527503766410746,1.0,0.7586666666666666,0.7452313547727648,durable_plausible
highest_monitor_worthiness,172,12,12218,12221,12237,4,3,1823.165,1847.76,1835.4625,24.595000000000027,2.7711706097170357,0.6498066349814828,0.6498066349814828,0.6411791329413475,0.6411791329413475,2,2,0.9166666666666666,1.0,0.0,0.0,0.4049603577963011,1.6489563680914312,1.1222142416256047,0.0,0.49366879037066264,0,0,0,0.9866504031984834,0,1,0.75,0.6666666666666667,0.6666666666666667,0.7330825436925567,0.6776149666067112,0.6131234910225194,0.7330825436925567,0.6443818866160671,0.7330825436925567,0.7910571564281397,0.25,0.9166666666666666,1.0,4,3,6,1.5,12225.0,-1,,12225.0,4.0,-1,0,16.0,0.2,0.31971737636600217,16,0.2666666666666667,0.05263157894736842,0.6401594981313393,0.9166666666666666,0.8170135587433612,0.7179479619497368,1.0,0.7586666666666666,0.6951717110768162,durable_plausible
highest_monitor_worthiness,112,16,8693,8696,8706,4,3,1560.834,1576.93,1568.882,16.096000000000004,2.9178447646765977,0.6065084677544723,0.6065084677544723,0.5146565199344295,0.5146565199344295,2,2,0.9375,1.0,0.0,0.0,0.30057157057653855,2.040823581059222,0.8770211836173755,0.0,0.5912725297691984,0,0,0,0.7485503644797822,0,1,0.25,0.8125,0.25,0.666916020699891,0.6358031604724882,0.5722357174000718,0.666916020699891,0.6071142650102417,0.666916020699891,0.6194935693060882,0.25,0.9375,1.0,2,2,4,2.0,8700.0,1,8700.0,,4.0,1,1,10.0,0.2,0.5643313253555162,10,0.2666666666666667,0.07692307692307693,0.6119529298698851,0.875,0.7905202837495225,0.6890144450355926,0.9793906810169273,0.7464644968309592,0.6667604702761077,durable_plausible
highest_monitor_worthiness,144,8,10664,10667,10692,4,3,1772.225,1789.995,1781.11,17.769999999999982,1.6755812770290024,0.6444705771436439,0.6444705771436439,0.5785107705779362,0.5785107705779362,2,2,0.875,1.0,0.0,0.0,0.5464265616207117,0.7599991611060035,0.915582115922999,1.0,0.46485718058769343,0,0,0,0.8373663477771595,0,1,0.375,0.625,0.375,0.7238742042055871,0.6704077195688654,0.609978797176547,0.7238742042055871,0.6452169017842846,0.7238742042055871,0.6653114754305978,0.25,0.875,1.0,3,3,6,2.0,10670.0,1,10670.0,10685.0,3.0,1,-1,25.0,0.4,0.385348251860748,25,0.3166666666666667,0.11904761904761905,0.6491502455825005,0.875,0.781394704252768,0.6787050635384363,0.9876503243134503,0.7396666666666667,0.6504658195623727,durable_plausible
highest_monitor_worthiness,162,8,11880,11885,11906,4,5,1915.375,1936.775,1926.075,21.40000000000009,2.1532910172643405,0.7413890567411956,0.7413890567411956,0.629065761453734,0.629065761453734,2,2,1.0,1.0,0.0,0.0,0.6135514018691614,0.8321362949895319,1.3211547222748088,0.0,0.5955650420706348,2,0,1,0.549221183800624,0,1,0.625,0.375,0.375,0.769535610916595,0.7567067788300182,0.7240187215185208,0.769535610916595,0.7314440450166972,0.769535610916595,0.6957692243864082,0.25,1.0,1.0,4,3,8,2.0,11888.0,1,11888.0,11892.0,3.0,1,1,21.0,0.8,0.6045298497685399,21,0.25,0.14743589743589744,0.7410175033200654,0.875,0.8120171963428369,0.7329772226547784,1.0,0.7636051589028511,0.7078710436624691,durable_plausible
highest_monitor_worthiness,233,12,17567,17570,17597,4,3,4175.19,4241.555,4208.3724999999995,66.36500000000069,2.4952148412150534,0.6774979822393776,0.6774979822393776,0.6147197950777151,0.6147197950777151,2,2,0.9166666666666666,1.0,0.0,0.0,0.6847736005424568,0.7865575902692467,1.7086572509458067,0.0,0.5039970845851899,0,0,0,0.9250860142143207,0,1,0.25,0.5833333333333333,0.25,0.7376504671059244,0.702199116621392,0.6471246317798383,0.7376504671059244,0.6841789472991111,0.7376504671059244,0.7222472396930945,0.25,0.9166666666666666,1.0,3,3,6,2.0,17573.0,1,17573.0,17583.0,3.0,1,1,27.0,0.0,0.4553979184802406,27,0.3166666666666667,0.11666666666666665,0.6932279151509513,0.875,0.7928903121210711,0.6896582528962377,1.0,0.7396666666666667,0.6626988622930017,durable_plausible
highest_monitor_worthiness,26,12,2326,2330,2342,4,4,1068.129,1076.977,1072.5529999999999,8.848000000000184,2.328703927117604,0.7363451724935843,0.7363451724935843,0.6343160862075894,0.6343160862075894,3,2,0.9166666666666666,1.0,0.0,0.0,0.34290235081374804,1.5301858761597706,0.7985180509578333,0.0,0.49987842186626535,0,0,0,0.9524562989752895,0,1,0.75,0.16666666666666663,0.16666666666666663,0.728590200070161,0.7557275627785568,0.7213047602419553,0.728590200070161,0.7476820929468455,0.728590200070161,0.7843458186932032,0.25,0.9166666666666666,1.0,4,3,8,2.0,2332.0,-1,,2332.0,2.0,-1,-1,12.0,0.4,0.33352458662924234,12,0.3,0.25,0.6752492447850762,0.8333333333333333,0.7504789778629357,0.67240409642292,0.9741413104288025,0.7422767456541031,0.6400027621990165,durable_plausible
highest_monitor_worthiness,37,16,3562,3569,3585,4,7,1249.574,1262.142,1255.8580000000002,12.567999999999984,2.309205846660906,0.8044799539399283,0.8044799539399283,0.7006857375173934,0.7006857375173934,3,3,0.9375,0.9981626306121847,0.006999999999834472,0.0012861585714707292,0.4904519414385738,1.1766513559847591,1.1325544906761469,0.0,0.49552059330659076,0,0,0,0.82129217059199,0,1,0.8125,0.5,0.5,0.8126136395140915,0.8167251439223976,0.7928926046627879,0.8126136395140915,0.7979343816905284,0.8126136395140915,0.7704364112822707,0.5,0.9375,0.9981626306121847,4,3,6,1.5,3571.0,-1,3582.0,3571.0,2.0,-1,0,16.0,0.4,0.38585885779450735,16,0.2,0.26811594202898553,0.8123322089754669,0.8333333333333333,0.8011265305047363,0.7570954211448364,1.0,0.7603379591514209,0.7275347785062823,durable_plausible
highest_monitor_worthiness,51,8,4343,4346,4358,7,3,1278.808,1292.322,1285.565,13.513999999999896,2.419547250812737,0.6924184381929661,0.6924184381929661,0.6410097886822357,0.6410097886822357,2,2,0.75,0.8982029423641291,0.39800000000013824,0.0712579403451096,0.4383602190321166,1.35891398798791,1.060633262824827,2.0,0.40170303166111054,1,0,1,0.8036110700014731,0,1,0.75,0.625,0.625,0.7304374575103648,0.714616930537653,0.6676886615326454,0.7304374575103648,0.6823738523645093,0.7304374575103648,0.795949518769807,0.25,0.75,0.8982029423641291,4,4,8,2.0,4348.0,-1,,4348.0,2.0,-1,0,,0.0,0.06529052063788476,12,0.3666666666666667,0.2333333333333333,0.7077793748437045,0.8333333333333333,0.7486115103775928,0.6504866635487326,0.9733889335615368,0.7206666666666667,0.6178993359715328,unclassified
highest_monitor_worthiness,71,5,6094,6097,6128,4,3,1293.565,1301.752,1297.6585,8.186999999999898,1.901944781082094,0.6772683645717827,0.6772683645717827,0.6186418832905621,0.6186418832905621,2,2,1.0,1.0,0.0,0.0,0.45938683278368314,1.0282163919713352,0.8737283891107588,0.0,0.5221456853683234,0,0,0,0.8236635316151547,0,1,0.4,0.4,0.4,0.7335459144078964,0.7025462256964569,0.6470305532532783,0.7335459144078964,0.683245613522083,0.7335459144078964,0.7389301545173613,0.25,1.0,1.0,6,6,12,2.0,6099.0,1,6099.0,6103.0,2.0,1,1,31.0,0.0,0.18984557693485768,31,0.3666666666666667,0.19607843137254902,0.6926816886696334,0.8333333333333333,0.7522880692262318,0.6492044259295267,0.9719343342535663,0.7206666666666667,0.6158546788679651,unclassified
highest_monitor_worthiness,72,12,6093,6097,6128,4,4,1290.231,1301.752,1295.9915,11.520999999999958,2.676475610461341,0.6638590132355715,0.6638590132355715,0.549673443727634,0.549673443727634,2,3,1.0,0.7653640858808806,0.7070000000001073,0.16424513988338357,0.6158319590313387,1.0282163919713352,1.6482592184900058,0.0,0.5667086563362721,0,0,0,0.8359228076266507,0,1,0.75,0.25,0.25,0.6502118989279263,0.678273076776254,0.6539347381506213,0.6502118989279263,0.681341746221543,0.6502118989279263,0.7422931012539637,0.25,1.0,0.7653640858808806,2,2,4,2.0,6099.0,1,6099.0,,2.0,1,1,31.0,0.4,0.3304998700365226,31,0.3,0.20476190476190478,0.6083700749112806,0.8333333333333333,0.7428068044421059,0.6515805295912892,0.9479458579844752,0.7160127000921286,0.6239276681017522,durable_plausible
highest_monitor_worthiness,227,8,17412,17417,17450,7,5,3915.525,4030.24,3972.8824999999997,114.71499999999969,2.2450680617072334,0.7380335832353031,0.7380335832353031,0.5824194270488636,0.5824194270488636,2,2,0.875,1.0,0.0,0.0,0.7495096543608094,0.5623678747605526,1.6827001869466809,0.0,0.48799961717481327,1,0,1,0.8786703279141042,0,1,0.25,0.625,0.25,0.7435822157589568,0.7552237105244559,0.72270609510863,0.7435822157589568,0.7189258028174712,0.7435822157589568,0.6387694028211838,0.25,0.875,1.0,3,3,6,2.0,17419.0,1,17419.0,,2.0,1,0,,0.2,0.41603127090114167,33,0.3,0.21052631578947367,0.7413330650563013,0.8333333333333333,0.7748946697728473,0.6898523880696177,0.9948237128306797,0.746,0.6605255035864109,durable_plausible
highest_monitor_worthiness,63,16,5185,5191,5205,4,6,1267.669,1281.345,1274.507,13.67599999999993,2.8661985352021637,0.6471001341106248,0.6471001341106248,0.5532818531111902,0.5532818531111902,3,2,1.0,1.0,0.0,0.0,0.6948669201520896,0.8745719865018058,1.9916265487003582,0.0,0.5891737223208509,1,0,1,0.5988105683923255,0,1,0.875,0.4375,0.4375,0.701046921673104,0.6679381715939149,0.6209646966146645,0.701046921673104,0.6453019088056131,0.701046921673104,0.6487038076109066,0.25,1.0,1.0,5,4,8,1.6,5192.0,1,5192.0,5198.0,1.0,1,0,14.0,0.4,0.4017654202326285,14,0.35,0.35000000000000003,0.571884897076507,0.7916666666666667,0.6800545576024601,0.6072702552781796,0.9150739594594195,0.687648459887487,0.5651605518344355,durable_plausible
highest_monitor_worthiness,145,8,10796,10799,10821,5,3,1792.625,1808.42,1800.5225,15.795000000000073,2.072477250430956,0.6342783532055889,0.6342783532055889,0.5215219673012602,0.5215219673012602,4,2,0.875,0.9090895431231155,0.48500000000012733,0.06363731981381912,0.6745805634694475,0.6744243790576304,1.3980528713733256,1.0,0.6299772498639894,3,0,1,0.3634061411839322,0,1,1.0,0.5,0.5,0.6945800875632446,0.6531549677135647,0.6087737195216645,0.6945800875632446,0.6217197993274846,0.6945800875632446,0.5847416221669645,0.25,0.875,0.9090895431231155,2,2,4,2.0,10800.0,1,10800.0,,1.0,1,0,,0.6,0.5746198548773239,22,0.4166666666666667,0.29,0.642143060980312,0.7916666666666667,0.696285765245078,0.5954448728796663,0.9246278972997852,0.6822948881227568,0.5571660939106309,unclassified
highest_monitor_worthiness,99,8,7953,7957,7972,4,4,1492.828,1508.431,1500.6295,15.603000000000065,2.0396053712493116,0.7132648021032464,0.7132648021032464,0.585206860564431,0.585206860564431,3,2,1.0,1.0,0.0,0.0,0.6262898160610071,0.7622212984525382,1.2773840727967734,0.0,0.5595410390212432,2,0,1,0.4702087205452068,0,1,0.875,0.25,0.25,0.7129272966602682,0.732712176915076,0.696983008132186,0.7129272966602682,0.7121616360342053,0.7129272966602682,0.7014178100765026,0.25,1.0,1.0,1,1,2,2.0,7965.0,-1,7972.0,7965.0,8.0,-1,1,15.0,0.8,0.5649670430640384,15,0.2,0.23684210526315788,0.669154879086406,0.75,0.74242029871897,0.6855943416336837,0.9524046582606864,0.7425935394239276,0.6472858023304869,durable_plausible
highest_monitor_worthiness,132,16,10050,10054,10066,4,4,1868.811,1900.01,1884.4105,31.19900000000007,2.9834432037166723,0.6272135198609183,0.6272135198609183,0.5028513764682209,0.5028513764682209,2,3,0.9375,1.0,0.0,0.0,0.45350812526042766,1.63042746957816,1.3530157341385123,0.0,0.5412777567431727,0,0,0,0.7185700396380242,0,1,0.3125,0.5625,0.3125,0.6600924146021035,0.651274374655714,0.6017417786747004,0.6600924146021035,0.6218029138613843,0.6600924146021035,0.6029822626460927,0.25,0.9375,1.0,1,1,2,2.0,10064.0,1,10064.0,,10.0,1,1,12.0,0.2,0.5337483014466831,12,0.2,0.25,0.5493378454391016,0.75,0.7098344613597755,0.6524401700538472,0.9139487373966915,0.7096373914050964,0.6110560519115662,durable_plausible
highest_micro_box_risk,2,8,174,177,178,4,3,1286.076,1295.375,1290.7255,9.298999999999978,2.059374891275531,0.6848020226197199,0.6848020226197199,0.6168499283546941,0.6168499283546941,2,3,1.0,1.0,0.0,0.0,0.678460049467683,0.66217130066823,1.397203590607301,0.0,0.37516309004870096,0,1,-1,0.9806789260493882,0,1,0.375,0.75,0.375,0.7412285086621848,0.7089625529860445,0.655478939345213,0.7412285086621848,0.6898430672791547,0.7412285086621848,0.7203323517332578,0.25,1.0,1.0,0,0,0,,178.0,-1,,178.0,1.0,-1,-1,1.0,0.6,0.2887778122156309,1,0.7166666666666667,0.8333333333333334,0.4646233765273457,0.0625,0.2280308441318364,0.2180023237928204,0.3027596266541679,0.3387898475482086,0.13186327374959494,strong_false_positive
highest_micro_box_risk,24,8,2141,2144,2145,4,3,1083.742,1093.534,1088.638,9.792000000000144,2.262537905065502,0.6633572329381646,0.6633572329381646,0.5395844980374787,0.5395844980374787,2,3,1.0,1.0,0.0,0.0,0.36683006535948176,1.432570977472019,0.8299669275934831,2.0,0.5383108359765533,0,1,-1,0.9108115468409559,0,1,0.25,0.75,0.25,0.7050116147237151,0.6876641992326872,0.6362746801650777,0.7050116147237151,0.6513607095109324,0.7050116147237151,0.6089257887591323,0.25,1.0,1.0,0,0,0,,2145.0,-1,,2145.0,1.0,-1,-1,1.0,0.6,0.40411376900979484,1,0.7166666666666667,0.8333333333333334,0.4796401464617625,0.0625,0.23178503661544061,0.21743969022387458,0.3010718995657926,0.33429266056227114,0.13488824562819637,strong_false_positive
highest_micro_box_risk,90,8,7214,7217,7218,4,3,1323.441,1329.822,1326.6315,6.380999999999858,1.5834872913131013,0.6034494258035421,0.6034494258035421,0.5535734859529274,0.5535734859529274,3,2,1.0,0.8936471696343544,0.3000000000001819,0.0744469812559519,0.43096693308259854,0.9010566298006228,0.6824306615124786,0.0,0.4405302226252825,1,0,1,0.92660502533562,0,1,0.75,0.375,0.375,0.7179569152618386,0.6238472287542937,0.5679940730115834,0.7179569152618386,0.6004165142108076,0.7179569152618386,0.6183999675222838,0.25,1.0,0.8936471696343544,0,0,0,,7218.0,-1,,7218.0,1.0,-1,-1,1.0,0.4,0.41038626440580983,1,0.7166666666666667,0.8333333333333334,0.3731065303807246,0.0625,0.20515163259518115,0.19949661543130967,0.2764468741363023,0.3173993856290761,0.11342815839383882,strong_false_positive
highest_micro_box_risk,93,8,7369,7372,7373,4,3,1288.34,1294.273,1291.3065,5.932999999999993,1.6282910393149623,0.6451078158373506,0.6451078158373506,0.5849541663908868,0.5849541663908868,2,2,1.0,1.0,0.0,0.0,0.475139052755805,0.854626377284086,0.7736646620308764,0.0,0.3918304941729724,1,0,1,0.8728580257317613,0,1,0.375,0.5,0.375,0.730649622319706,0.6710623811406867,0.6096192919453713,0.730649622319706,0.645804213639954,0.730649622319706,0.6676577220276542,0.25,1.0,1.0,0,0,0,,7373.0,-1,,7373.0,1.0,-1,-1,1.0,0.2,0.2477342402828638,1,0.7166666666666667,0.8333333333333334,0.43172263576569786,0.0625,0.21980565894142445,0.2111505176046596,0.29296817147536014,0.3306573473129265,0.1252357622392106,strong_false_positive
highest_micro_box_risk,96,5,7625,7628,7629,4,3,1319.878,1328.71,1324.2939999999999,8.832000000000107,1.8868324239156002,0.6489817541176035,0.6489817541176035,0.5646964964331974,0.5646964964331974,2,2,1.0,0.9154612154786657,0.27700000000004366,0.05917714916493402,0.8203125000000034,0.33904020117232797,1.5477922227432723,2.0,0.622293223505434,3,0,1,0.555857487922701,0,1,0.6,0.4,0.4,0.7248410309275529,0.6685191645190833,0.6204328450907686,0.7248410309275529,0.6419349846636881,0.7248410309275529,0.6317709040987365,0.25,1.0,0.9154612154786657,0,0,0,,7629.0,1,7629.0,,1.0,1,1,1.0,0.4,0.5488254712975597,1,0.7166666666666667,0.8333333333333334,0.4814421328042821,0.0625,0.23223553320107052,0.21954554189212364,0.3044956823405341,0.338588082055427,0.1352512370062059,strong_false_positive
highest_micro_box_risk,103,8,8020,8023,8024,4,3,1533.819,1556.866,1545.3425,23.047000000000025,2.6942051093826493,0.6302080213993021,0.6302080213993021,0.5584084557392444,0.5584084557392444,2,2,0.875,1.0,0.0,0.0,0.30563630841324635,1.8707582056428298,0.8234469037398195,2.0,0.5749356673992304,0,0,0,0.778235779060187,0,1,0.625,0.375,0.375,0.7363539089097358,0.6536127010349199,0.5935647485037139,0.7363539089097358,0.6183184760001971,0.7363539089097358,0.5972374809237176,0.25,0.875,1.0,0,0,0,,8024.0,-1,,8024.0,1.0,-1,-1,1.0,0.4,0.26280793516342144,1,0.7166666666666667,0.8333333333333334,0.4466272225546188,0.0625,0.22353180563865468,0.21433647806198963,0.29754064579435174,0.33452388093995644,0.12823813599172632,strong_false_positive
highest_micro_box_risk,156,5,11570,11573,11574,4,3,1835.825,1847.8,1841.8125,11.974999999999909,1.810157291713615,0.6521012309325402,0.6521012309325402,0.5625691973677192,0.5625691973677192,2,2,1.0,1.0,0.0,0.0,0.45260960334028283,0.9908627179275952,0.8192945737860199,2.0,0.5195762454545426,0,2,-1,0.6257480862908764,0,1,0.4,0.8,0.4,0.7258198951478982,0.6763606859356123,0.6199283024555026,0.7258198951478982,0.6435425894856557,0.7258198951478982,0.625134970646049,0.25,1.0,1.0,0,0,0,,11574.0,-1,,11574.0,1.0,-1,-1,1.0,0.2,0.18033028098727058,1,0.7166666666666667,0.8333333333333334,0.4666969150731311,0.0625,0.22854922876828276,0.21698897961284186,0.30096542330188014,0.3360873232069118,0.13228096649028356,strong_false_positive
highest_micro_box_risk,159,16,11752,11755,11756,4,3,1912.595,1950.775,1931.685,38.180000000000064,2.787318871997567,0.6319877773929692,0.6319877773929692,0.5663766403961725,0.5663766403961725,2,2,1.0,1.0,0.0,0.0,0.8965426925091661,0.2883685056152566,2.4989503663823105,1.0,0.6297871925902497,2,0,1,0.4262266457132926,0,1,1.0,0.3125,0.3125,0.7178694574907558,0.6564088592159715,0.5977329998460015,0.7178694574907558,0.6313130269904251,0.7178694574907558,0.6482814168281793,0.25,1.0,1.0,0,0,0,,11756.0,1,11756.0,,1.0,1,1,1.0,0.6,0.5917463554539285,1,0.7166666666666667,0.8333333333333334,0.42872072974405767,0.0625,0.2190551824360144,0.2094631874406028,0.2903025464368711,0.327552340783429,0.12463105954100555,strong_false_positive
highest_micro_box_risk,160,8,11781,11784,11785,4,3,1970.765,2009.075,1989.92,38.309999999999945,1.8964134217066064,0.6663041202808955,0.6663041202808955,0.6040618036980845,0.6040618036980845,3,2,1.0,0.9664095023563076,0.4750000000001364,0.023513348350584655,0.48890629078569087,0.9692449699038294,0.9271684518027772,1.0,0.41367370280635557,0,0,0,0.9226485686939808,0,1,0.625,0.25,0.25,0.7192458112209161,0.6905156493359169,0.637495765324274,0.7192458112209161,0.6778227198035447,0.7192458112209161,0.7330907696973411,0.25,1.0,0.9664095023563076,0,0,0,,11785.0,-1,,11785.0,1.0,-1,-1,1.0,0.4,0.27209509094125933,1,0.7166666666666667,0.8333333333333334,0.4332846323794756,0.0625,0.2201961580948689,0.21040545986055775,0.2916471227161025,0.32866223522391314,0.12555041018625807,strong_false_positive
highest_micro_box_risk,190,12,14016,14019,14020,4,3,1884.81,1898.785,1891.7975000000001,13.975000000000136,2.2658282804548313,0.685124891024796,0.685124891024796,0.6256237775975974,0.6256237775975974,2,2,1.0,1.0,0.0,0.0,0.6561717352415015,0.7790558059095172,1.4867724745453141,0.0,0.6348005798752545,1,0,1,0.573166368515216,0,1,0.75,0.75,0.75,0.7730447844162305,0.7057530002407034,0.6537300963408041,0.7730447844162305,0.6802259827674468,0.7730447844162305,0.6821637206742189,0.25,1.0,1.0,0,0,0,,14020.0,1,14020.0,,1.0,1,1,1.0,0.4,0.4827367551947109,1,0.7166666666666667,0.8333333333333334,0.5290073819638145,0.0625,0.24412684549095362,0.23240991055014248,0.32358782937299413,0.356927327693212,0.14483276097804829,strong_false_positive
highest_micro_box_risk,191,8,14036,14039,14040,4,3,1911.76,1923.35,1917.5549999999998,11.589999999999918,1.9925275577173356,0.6629580640373444,0.6629580640373444,0.5688036559986838,0.5688036559986838,2,3,1.0,1.0,0.0,0.0,0.47238999137186777,1.0512774819190345,0.9412500757983009,2.0,0.4755746687898292,0,2,-1,0.6381938452689161,0,1,0.375,0.875,0.375,0.7238039582019625,0.6864255584039772,0.6335100257030339,0.7238039582019625,0.6565919666413351,0.7238039582019625,0.6430886649926529,0.25,1.0,1.0,0,0,0,,14040.0,-1,,14040.0,1.0,-1,-1,1.0,0.4,0.4598661411871403,1,0.7166666666666667,0.8333333333333334,0.4517681200738466,0.0625,0.22481703001846165,0.21413026003388308,0.2969401645070432,0.33295403243223054,0.12927371624595893,strong_false_positive
highest_micro_box_risk,203,8,15265,15268,15269,4,3,2297.78,2319.965,2308.8725000000004,22.184999999999945,1.8393029872393234,0.6248143218412479,0.6248143218412479,0.5306604481978187,0.5306604481978187,4,2,0.875,1.0,0.0,0.0,0.6824430921793965,0.5840833691729186,1.2552196180664048,1.0,0.6623641252241411,2,0,1,0.6107730448501336,0,1,1.0,0.25,0.25,0.6630680040475839,0.6519685398768011,0.5958841895383695,0.6630680040475839,0.6325780067121943,0.6630680040475839,0.6671845747306302,0.25,0.875,1.0,0,0,0,,15269.0,1,15269.0,,1.0,1,1,1.0,0.8,0.43043680314628374,1,0.7166666666666667,0.8333333333333334,0.3889685231870494,0.0625,0.20911713079676233,0.19740695865395896,0.27216912191024134,0.3093223653206818,0.1166233916155812,strong_false_positive
highest_micro_box_risk,220,5,16644,16647,16648,4,3,3222.715,3272.55,3247.6325,49.835000000000036,1.8548400814069532,0.6346386929554533,0.6346386929554533,0.5412723995675357,0.5412723995675357,2,2,0.8,0.8261311738393642,3.269999999999982,0.12170817831244506,0.6830540784589132,0.5878839989128712,1.266956082494082,0.0,0.4644383956773371,1,1,0,0.9820407344236075,0,1,1.0,0.6,0.6,0.6978944584148141,0.6543472866084868,0.6079625518134074,0.6978944584148141,0.630116989533888,0.6978944584148141,0.625965270825651,0.25,0.8,0.8261311738393642,0,0,0,,16648.0,1,16648.0,,1.0,1,1,1.0,0.0,0.24767306506977735,1,0.7166666666666667,0.8333333333333334,0.4752897592449269,0.0625,0.23069743981123172,0.21601961374917125,0.29891944830725903,0.33207365223821217,0.13401190543989835,strong_false_positive
highest_micro_box_risk,61,5,5188,5191,5191,7,3,1273.051,1281.345,1277.1979999999999,8.294000000000096,1.7382458797138889,0.6178839909336514,0.6178839909336514,0.5237399418784399,0.5237399418784399,2,2,1.0,0.7535953083116401,0.8229999999998654,0.17248328418185194,0.49686520376176113,0.8745719865018058,0.8636738932120831,0.0,0.37353623789602153,1,1,0,0.9873804356562947,0,1,0.6,1.0,0.6,0.6924008837545635,0.6348676136232713,0.591695045023025,0.6924008837545635,0.609428873104382,0.6924008837545635,0.5940190482293176,0.25,1.0,0.7535953083116401,0,0,0,,,0,,,,0,0,,0.0,0.14965143991819232,0,0.6666666666666667,0.9166666666666666,0.4112011307142094,0.0,0.18613361601188566,0.1952416257255947,0.26036174786837385,0.31213691686360706,0.10400877144290059,strong_false_positive
highest_micro_box_risk,57,12,4889,4897,4898,4,8,1284.217,1291.37,1287.7935,7.152999999999793,1.8339432158937687,0.7020089371951393,0.7020089371951393,0.6048681011353177,0.6048681011353177,2,2,1.0,0.7633905219652595,0.6460000000001855,0.16562663462431837,0.5000699007409621,0.916843413957211,0.9170998019365577,0.0,0.4521554787141362,0,1,-1,0.7473787222144566,0,1,0.33333333333333337,0.6666666666666667,0.33333333333333337,0.7256348840036704,0.7112105139022465,0.6904994612718044,0.7256348840036704,0.7052076132072764,0.7256348840036704,0.7226181156882802,0.25,1.0,0.7633905219652595,0,0,0,,4898.0,-1,,4898.0,1.0,-1,-1,1.0,0.6,0.44806185366365153,1,0.65,0.8796296296296297,0.4712711312616222,0.0625,0.23376685688947962,0.2335638260637052,0.3097533667922509,0.35429294187464766,0.14212796829088997,strong_false_positive
highest_micro_box_risk,70,12,6070,6074,6075,4,4,1296.292,1306.422,1301.357,10.13000000000011,2.247220185147266,0.7143109037275854,0.7143109037275854,0.5934625688742801,0.5934625688742801,2,2,1.0,0.8276000873332667,0.543999999999869,0.12067993886671324,0.3117472852912236,1.5466553929759648,0.700564792171301,0.0,0.685956884294879,0,2,-1,0.5770977295162973,0,1,0.6666666666666667,0.75,0.6666666666666667,0.744910369292616,0.7225024724104699,0.7025340715435577,0.744910369292616,0.7022445848092325,0.744910369292616,0.6611498361381064,0.25,1.0,0.8276000873332667,0,0,0,,6075.0,-1,,6075.0,1.0,-1,-1,1.0,0.4,0.44432844102675717,1,0.65,0.85,0.532585861830654,0.0625,0.2550214654576635,0.24777767521987024,0.3294017171879117,0.3704365258408041,0.1564831552702099,strong_false_positive
highest_micro_box_risk,81,12,6906,6910,6911,4,4,1240.037,1247.058,1243.5475000000001,7.020999999999958,2.2225144318177534,0.6886043112755911,0.6886043112755911,0.5251327953840199,0.5251327953840199,4,2,1.0,1.0,0.0,0.0,0.1670702179176768,1.8511984613687795,0.3713159704489737,0.0,0.6705197448126128,0,2,-1,0.5030622418458724,0,1,0.5833333333333333,0.75,0.5833333333333333,0.7006772742062254,0.7061757702438971,0.6719126116733126,0.7006772742062254,0.6677235443664216,0.7006772742062254,0.5824409579976885,0.25,1.0,1.0,0,0,0,,6911.0,-1,,6911.0,1.0,-1,-1,1.0,0.8,0.6695706722792572,1,0.65,0.85,0.45400363490684237,0.0625,0.23537590872671058,0.2291445452958663,0.30317031008582757,0.34721918207483393,0.13969553590469236,strong_false_positive
highest_micro_box_risk,139,8,10519,10524,10525,4,5,1763.555,1789.99,1776.7725,26.434999999999945,2.9302561485032967,0.6013859423205248,0.6013859423205248,0.45141862538404154,0.45141862538404154,2,3,1.0,0.7822636545601318,1.375,0.15241544180790775,0.21373179496878666,2.303967242165364,0.6262889063379331,2.0,0.6632790229693988,0,2,-1,0.4777756761868672,0,1,0.25,1.0,0.25,0.5970098130380691,0.6192530905875194,0.5870777184614423,0.5970098130380691,0.601243214421004,0.5970098130380691,0.5935544540070963,0.25,1.0,0.7822636545601318,0,0,0,,10525.0,1,10525.0,,1.0,1,1,1.0,1.0,0.6632790229693988,1,0.65,0.8611111111111112,0.35123279195449425,0.0625,0.2074609757664013,0.20012061164792133,0.2614417119493624,0.30728813860295867,0.11726930559456188,strong_false_positive
highest_micro_box_risk,178,16,13073,13078,13079,4,5,1867.07,1886.555,1876.8125,19.485000000000127,2.3709550367918317,0.6730820728150646,0.6730820728150646,0.5187027099783648,0.5187027099783648,4,2,1.0,1.0,0.0,0.0,0.8806774441878352,0.28290841470572653,2.0880466220861056,0.0,0.7087001449764035,2,0,1,0.3914121974168234,0,1,1.0,0.75,0.75,0.6750744745980573,0.6932618998768041,0.6558122337979247,0.6750744745980573,0.6624175479893335,0.6750744745980573,0.6139394725972097,0.25,1.0,1.0,0,0,0,,13079.0,1,13079.0,,1.0,1,1,1.0,0.2,0.4047455228484552,1,0.65,0.8611111111111112,0.4254573647195196,0.0625,0.22601711895765766,0.22108403847569133,0.2916611640166387,0.33647488965936023,0.13312599385507018,strong_false_positive
highest_micro_box_risk,200,5,14874,14878,14879,4,4,2173.7,2185.75,2179.725,12.050000000000182,1.1784520698164238,0.5911571576854114,0.5911571576854114,0.5063630767223536,0.5063630767223536,3,2,1.0,0.8386351937595513,1.1550000000002,0.11295536436831409,0.34813278008299586,0.7681942745566714,0.41025779525975237,2.0,0.510674402988918,1,1,0,0.8611341632088672,0,1,0.6,1.0,0.6,0.6716055752669677,0.6071003453235482,0.5648931332563276,0.6716055752669677,0.5867837291327508,0.6716055752669677,0.5899316885040022,0.25,1.0,0.8386351937595513,0,0,0,,14879.0,-1,,14879.0,1.0,-1,-1,1.0,0.2,0.3905793633029763,1,0.65,0.85,0.2952151416313636,0.0625,0.19567878540784087,0.19708381061755656,0.2592116747343664,0.31236639657922916,0.10577335160063522,strong_false_positive
highest_late_confirm_fragility,41,5,3704,3713,3714,7,9,1221.395,1230.019,1225.7069999999999,8.624000000000024,0.9804240151445804,0.5921809241612052,0.5921809241612052,0.5357966013611697,0.5357966013611697,2,2,1.0,0.5827741030170983,2.56899999999996,0.2920581278880312,0.6219851576994455,0.37061482947255503,0.6098091856720255,1.0,0.3539055158663178,1,1,0,0.853354978354975,0,1,0.4,0.6,0.4,0.6660160593120518,0.5993780412548889,0.5743217241783753,0.6660160593120518,0.6043065738238377,0.6660160593120518,0.6741333382526599,0.25,1.0,0.5827741030170983,0,0,0,,,0,,,,0,0,,0.2,0.3539055158663178,1,0.55,0.9666666666666667,0.2654661567585731,0.020833333333333332,0.1703248725229766,0.19902858272419974,0.2433952192384769,0.3179312727796344,0.09159831361775232,strong_false_positive
highest_late_confirm_fragility,61,5,5188,5191,5191,7,3,1273.051,1281.345,1277.1979999999999,8.294000000000096,1.7382458797138889,0.6178839909336514,0.6178839909336514,0.5237399418784399,0.5237399418784399,2,2,1.0,0.7535953083116401,0.8229999999998654,0.17248328418185194,0.49686520376176113,0.8745719865018058,0.8636738932120831,0.0,0.37353623789602153,1,1,0,0.9873804356562947,0,1,0.6,1.0,0.6,0.6924008837545635,0.6348676136232713,0.591695045023025,0.6924008837545635,0.609428873104382,0.6924008837545635,0.5940190482293176,0.25,1.0,0.7535953083116401,0,0,0,,,0,,,,0,0,,0.0,0.14965143991819232,0,0.6666666666666667,0.9166666666666666,0.4112011307142094,0.0,0.18613361601188566,0.1952416257255947,0.26036174786837385,0.31213691686360706,0.10400877144290059,strong_false_positive
highest_late_confirm_fragility,223,16,17391,17394,17395,7,3,4011.265,4161.505,4086.385,150.24000000000024,2.7549316359783225,0.6371254588128084,0.6371254588128084,0.5651156289932833,0.5651156289932833,2,2,1.0,0.820822565893705,6.839999999999691,0.1254242038744066,0.6765841320553776,0.8909886061780277,1.8639430298002948,0.0,0.46416085257553086,1,0,1,0.7097089101881446,0,1,0.5625,0.1875,0.1875,0.6930026242105015,0.6565347608946553,0.6118812986004261,0.6930026242105015,0.645852950520346,0.6930026242105015,0.6924326336115668,0.25,1.0,0.820822565893705,0,0,0,,,0,,,,0,0,,0.2,0.38857203031415316,1,0.6166666666666667,0.9166666666666666,0.3932823776964765,0.020833333333333332,0.19894559442411913,0.21082630536753444,0.27182570740296735,0.3294313104966768,0.11414087831931183,strong_false_positive
highest_late_confirm_fragility,57,12,4889,4897,4898,4,8,1284.217,1291.37,1287.7935,7.152999999999793,1.8339432158937687,0.7020089371951393,0.7020089371951393,0.6048681011353177,0.6048681011353177,2,2,1.0,0.7633905219652595,0.6460000000001855,0.16562663462431837,0.5000699007409621,0.916843413957211,0.9170998019365577,0.0,0.4521554787141362,0,1,-1,0.7473787222144566,0,1,0.33333333333333337,0.6666666666666667,0.33333333333333337,0.7256348840036704,0.7112105139022465,0.6904994612718044,0.7256348840036704,0.7052076132072764,0.7256348840036704,0.7226181156882802,0.25,1.0,0.7633905219652595,0,0,0,,4898.0,-1,,4898.0,1.0,-1,-1,1.0,0.6,0.44806185366365153,1,0.65,0.8796296296296297,0.4712711312616222,0.0625,0.23376685688947962,0.2335638260637052,0.3097533667922509,0.35429294187464766,0.14212796829088997,strong_false_positive
highest_late_confirm_fragility,27,8,2439,2445,2446,4,6,1094.014,1102.743,1098.3784999999998,8.729000000000042,1.54884014383046,0.6933637076406538,0.6933637076406538,0.5556203586360905,0.5556203586360905,3,3,0.875,0.5858133324028886,1.6339999999997872,0.28993066731797795,0.7594226142742698,0.372615912709796,1.1762242311206639,0.0,0.45866376703561473,1,0,1,0.790010310459371,0,1,1.0,0.625,0.625,0.6918195096635594,0.6957552137265818,0.6916019142048095,0.6918195096635594,0.689319207469252,0.6918195096635594,0.6718817814834772,0.5,0.875,0.5858133324028886,0,0,0,,2446.0,1,2446.0,,1.0,1,1,1.0,0.0,0.2687428635001906,1,0.55,0.8690476190476191,0.4997769507366269,0.0625,0.2630097138746329,0.26354320999938247,0.3272635088966231,0.381756995727244,0.16599624167579297,strong_false_positive
highest_late_confirm_fragility,122,12,9356,9362,9363,4,6,1794.854,1812.224,1803.539,17.36999999999989,2.9688323204109395,0.6743437866235995,0.6743437866235995,0.5531801668850982,0.5531801668850982,3,3,1.0,0.8649753866940608,0.5529999999998836,0.0945172293141574,0.894473229706398,0.31329128631622677,2.6555410340947123,0.0,0.7253111940365299,2,0,1,0.3948954135482563,0,1,1.0,0.41666666666666663,0.41666666666666663,0.715022648284671,0.6867700099726499,0.6573971411446258,0.715022648284671,0.662218210073,0.715022648284671,0.6227567481304482,0.5,1.0,0.8649753866940608,0,0,0,,9363.0,1,9363.0,,1.0,1,1,1.0,1.0,0.7083177475308853,1,0.55,0.8690476190476191,0.477147630690204,0.0625,0.25735238386302717,0.26141699581233385,0.3251007930032131,0.38225928654797664,0.1607480780572766,strong_false_positive
highest_late_confirm_fragility,205,16,15351,15357,15358,4,6,2318.595,2339.785,2329.1899999999996,21.190000000000055,2.2444970689245403,0.7133425738550547,0.7133425738550547,0.5707788019593962,0.5707788019593962,2,3,1.0,1.0,0.0,0.0,0.7517697026899599,0.5571521747306523,1.687344894193888,0.0,0.5729627512242986,1,0,1,0.7882649048293005,0,1,0.375,0.75,0.375,0.738155572255677,0.7294829042440019,0.6958146165842396,0.738155572255677,0.6945356775776788,0.738155572255677,0.6220833462319105,0.25,1.0,1.0,0,0,0,,15358.0,1,15358.0,,1.0,1,1,1.0,0.2,0.3405846694584015,1,0.65,0.8690476190476191,0.4831095380273321,0.0625,0.23884286069730917,0.23730230452035006,0.31510748224106033,0.3593461551464552,0.1451057520849872,strong_false_positive
highest_late_confirm_fragility,92,12,7367,7370,7372,7,3,1285.211,1294.273,1289.742,9.061999999999898,2.389388703991679,0.6686782415892981,0.6686782415892981,0.5938413132678493,0.5938413132678493,3,2,1.0,1.0,0.0,0.0,0.6434561906863793,0.8519217504521285,1.5374669535395504,0.0,0.5446868725176895,0,0,0,0.8394762009857988,0,1,0.75,0.16666666666666663,0.16666666666666663,0.7273316299194831,0.6921037816698284,0.639616245788823,0.7273316299194831,0.6715099040693737,0.7273316299194831,0.6941094654295652,0.25,1.0,1.0,0,0,0,,,0,,,,0,0,,0.4,0.4618938998471494,2,0.5666666666666667,0.8666666666666667,0.4135790953862156,0.041666666666666664,0.23131144051322058,0.23939126642790362,0.30035373973319335,0.36227481138598416,0.13575829637695597,strong_false_positive
highest_late_confirm_fragility,139,8,10519,10524,10525,4,5,1763.555,1789.99,1776.7725,26.434999999999945,2.9302561485032967,0.6013859423205248,0.6013859423205248,0.45141862538404154,0.45141862538404154,2,3,1.0,0.7822636545601318,1.375,0.15241544180790775,0.21373179496878666,2.303967242165364,0.6262889063379331,2.0,0.6632790229693988,0,2,-1,0.4777756761868672,0,1,0.25,1.0,0.25,0.5970098130380691,0.6192530905875194,0.5870777184614423,0.5970098130380691,0.601243214421004,0.5970098130380691,0.5935544540070963,0.25,1.0,0.7822636545601318,0,0,0,,10525.0,1,10525.0,,1.0,1,1,1.0,1.0,0.6632790229693988,1,0.65,0.8611111111111112,0.35123279195449425,0.0625,0.2074609757664013,0.20012061164792133,0.2614417119493624,0.30728813860295867,0.11726930559456188,strong_false_positive
highest_late_confirm_fragility,178,16,13073,13078,13079,4,5,1867.07,1886.555,1876.8125,19.485000000000127,2.3709550367918317,0.6730820728150646,0.6730820728150646,0.5187027099783648,0.5187027099783648,4,2,1.0,1.0,0.0,0.0,0.8806774441878352,0.28290841470572653,2.0880466220861056,0.0,0.7087001449764035,2,0,1,0.3914121974168234,0,1,1.0,0.75,0.75,0.6750744745980573,0.6932618998768041,0.6558122337979247,0.6750744745980573,0.6624175479893335,0.6750744745980573,0.6139394725972097,0.25,1.0,1.0,0,0,0,,13079.0,1,13079.0,,1.0,1,1,1.0,0.2,0.4047455228484552,1,0.65,0.8611111111111112,0.4254573647195196,0.0625,0.22601711895765766,0.22108403847569133,0.2916611640166387,0.33647488965936023,0.13312599385507018,strong_false_positive
highest_late_confirm_fragility,70,12,6070,6074,6075,4,4,1296.292,1306.422,1301.357,10.13000000000011,2.247220185147266,0.7143109037275854,0.7143109037275854,0.5934625688742801,0.5934625688742801,2,2,1.0,0.8276000873332667,0.543999999999869,0.12067993886671324,0.3117472852912236,1.5466553929759648,0.700564792171301,0.0,0.685956884294879,0,2,-1,0.5770977295162973,0,1,0.6666666666666667,0.75,0.6666666666666667,0.744910369292616,0.7225024724104699,0.7025340715435577,0.744910369292616,0.7022445848092325,0.744910369292616,0.6611498361381064,0.25,1.0,0.8276000873332667,0,0,0,,6075.0,-1,,6075.0,1.0,-1,-1,1.0,0.4,0.44432844102675717,1,0.65,0.85,0.532585861830654,0.0625,0.2550214654576635,0.24777767521987024,0.3294017171879117,0.3704365258408041,0.1564831552702099,strong_false_positive
highest_late_confirm_fragility,81,12,6906,6910,6911,4,4,1240.037,1247.058,1243.5475000000001,7.020999999999958,2.2225144318177534,0.6886043112755911,0.6886043112755911,0.5251327953840199,0.5251327953840199,4,2,1.0,1.0,0.0,0.0,0.1670702179176768,1.8511984613687795,0.3713159704489737,0.0,0.6705197448126128,0,2,-1,0.5030622418458724,0,1,0.5833333333333333,0.75,0.5833333333333333,0.7006772742062254,0.7061757702438971,0.6719126116733126,0.7006772742062254,0.6677235443664216,0.7006772742062254,0.5824409579976885,0.25,1.0,1.0,0,0,0,,6911.0,-1,,6911.0,1.0,-1,-1,1.0,0.8,0.6695706722792572,1,0.65,0.85,0.45400363490684237,0.0625,0.23537590872671058,0.2291445452958663,0.30317031008582757,0.34721918207483393,0.13969553590469236,strong_false_positive
highest_late_confirm_fragility,98,12,7941,7945,7946,4,4,1503.515,1527.822,1515.6685,24.30699999999979,2.332291090953595,0.7529660787358265,0.7529660787358265,0.5933953636706972,0.5933953636706972,3,4,1.0,1.0,0.0,0.0,0.14543135722219463,1.9931028321589808,0.33918825879461434,0.0,0.6615198742134841,0,2,-1,0.4939317891965198,0,1,0.41666666666666663,1.0,0.41666666666666663,0.7544432132639305,0.7671037384587902,0.7408541030440404,0.7544432132639305,0.7320278586593614,0.7544432132639305,0.6442236102911454,0.5,1.0,1.0,0,0,0,,7946.0,-1,,7946.0,1.0,-1,-1,1.0,0.6,0.595248351950919,1,0.55,0.85,0.5638451198715614,0.0625,0.2828362799678904,0.2827277198858057,0.3535769212575602,0.4066896314492979,0.18173170851921266,strong_false_positive
highest_late_confirm_fragility,114,8,9068,9076,9078,4,8,1694.127,1710.331,1702.2289999999998,16.20399999999995,1.6648898730636403,0.6788632481830471,0.6788632481830471,0.5903289602368983,0.5903289602368983,2,2,1.0,0.8457348047581041,1.0509999999999309,0.10798563666932709,0.3978030116020834,1.002591667573114,0.6622982054905264,0.0,0.4818616484551644,0,0,0,0.9708302476754638,0,1,0.5,0.625,0.5,0.7393698239078483,0.690485022633944,0.6594199055283256,0.7393698239078483,0.6727692264653735,0.7393698239078483,0.6640362760023284,0.25,1.0,0.8457348047581041,1,0,0,0.0,9077.0,1,9077.0,,1.0,1,0,2.0,0.0,0.4818616484551644,2,0.55,0.85,0.438760873025059,0.20833333333333331,0.3026068849229314,0.30249009098594626,0.3786933412968013,0.42375173443602737,0.20719271697088043,weak_false_positive
highest_late_confirm_fragility,173,8,12436,12440,12441,4,4,1784.78,1799.165,1791.9724999999999,14.384999999999991,1.7731118804881645,0.7142698670720591,0.7142698670720591,0.549323113171624,0.549323113171624,3,5,1.0,0.7614015990802426,1.3550000000000182,0.16701888064383014,0.856447688564473,0.25453430887786993,1.5185775716102945,0.0,0.2700027992798024,1,2,-1,0.9208666434943762,0,1,1.0,0.875,0.875,0.729902959885031,0.7202214742710421,0.7067692221748377,0.729902959885031,0.6883287650238329,0.729902959885031,0.5876624322274049,0.5,1.0,0.7614015990802426,0,0,0,,12441.0,1,12441.0,,1.0,1,1,1.0,0.6,0.2700027992798024,1,0.55,0.85,0.4804061308631085,0.0625,0.26197653271577714,0.26421971945372674,0.32908828536674234,0.38652267565859716,0.16238064248710854,strong_false_positive
highest_late_confirm_fragility,200,5,14874,14878,14879,4,4,2173.7,2185.75,2179.725,12.050000000000182,1.1784520698164238,0.5911571576854114,0.5911571576854114,0.5063630767223536,0.5063630767223536,3,2,1.0,0.8386351937595513,1.1550000000002,0.11295536436831409,0.34813278008299586,0.7681942745566714,0.41025779525975237,2.0,0.510674402988918,1,1,0,0.8611341632088672,0,1,0.6,1.0,0.6,0.6716055752669677,0.6071003453235482,0.5648931332563276,0.6716055752669677,0.5867837291327508,0.6716055752669677,0.5899316885040022,0.25,1.0,0.8386351937595513,0,0,0,,14879.0,-1,,14879.0,1.0,-1,-1,1.0,0.2,0.3905793633029763,1,0.65,0.85,0.2952151416313636,0.0625,0.19567878540784087,0.19708381061755656,0.2592116747343664,0.31236639657922916,0.10577335160063522,strong_false_positive
highest_late_confirm_fragility,2,8,174,177,178,4,3,1286.076,1295.375,1290.7255,9.298999999999978,2.059374891275531,0.6848020226197199,0.6848020226197199,0.6168499283546941,0.6168499283546941,2,3,1.0,1.0,0.0,0.0,0.678460049467683,0.66217130066823,1.397203590607301,0.0,0.37516309004870096,0,1,-1,0.9806789260493882,0,1,0.375,0.75,0.375,0.7412285086621848,0.7089625529860445,0.655478939345213,0.7412285086621848,0.6898430672791547,0.7412285086621848,0.7203323517332578,0.25,1.0,1.0,0,0,0,,178.0,-1,,178.0,1.0,-1,-1,1.0,0.6,0.2887778122156309,1,0.7166666666666667,0.8333333333333334,0.4646233765273457,0.0625,0.2280308441318364,0.2180023237928204,0.3027596266541679,0.3387898475482086,0.13186327374959494,strong_false_positive
highest_late_confirm_fragility,24,8,2141,2144,2145,4,3,1083.742,1093.534,1088.638,9.792000000000144,2.262537905065502,0.6633572329381646,0.6633572329381646,0.5395844980374787,0.5395844980374787,2,3,1.0,1.0,0.0,0.0,0.36683006535948176,1.432570977472019,0.8299669275934831,2.0,0.5383108359765533,0,1,-1,0.9108115468409559,0,1,0.25,0.75,0.25,0.7050116147237151,0.6876641992326872,0.6362746801650777,0.7050116147237151,0.6513607095109324,0.7050116147237151,0.6089257887591323,0.25,1.0,1.0,0,0,0,,2145.0,-1,,2145.0,1.0,-1,-1,1.0,0.6,0.40411376900979484,1,0.7166666666666667,0.8333333333333334,0.4796401464617625,0.0625,0.23178503661544061,0.21743969022387458,0.3010718995657926,0.33429266056227114,0.13488824562819637,strong_false_positive
highest_late_confirm_fragility,90,8,7214,7217,7218,4,3,1323.441,1329.822,1326.6315,6.380999999999858,1.5834872913131013,0.6034494258035421,0.6034494258035421,0.5535734859529274,0.5535734859529274,3,2,1.0,0.8936471696343544,0.3000000000001819,0.0744469812559519,0.43096693308259854,0.9010566298006228,0.6824306615124786,0.0,0.4405302226252825,1,0,1,0.92660502533562,0,1,0.75,0.375,0.375,0.7179569152618386,0.6238472287542937,0.5679940730115834,0.7179569152618386,0.6004165142108076,0.7179569152618386,0.6183999675222838,0.25,1.0,0.8936471696343544,0,0,0,,7218.0,-1,,7218.0,1.0,-1,-1,1.0,0.4,0.41038626440580983,1,0.7166666666666667,0.8333333333333334,0.3731065303807246,0.0625,0.20515163259518115,0.19949661543130967,0.2764468741363023,0.3173993856290761,0.11342815839383882,strong_false_positive
highest_late_confirm_fragility,93,8,7369,7372,7373,4,3,1288.34,1294.273,1291.3065,5.932999999999993,1.6282910393149623,0.6451078158373506,0.6451078158373506,0.5849541663908868,0.5849541663908868,2,2,1.0,1.0,0.0,0.0,0.475139052755805,0.854626377284086,0.7736646620308764,0.0,0.3918304941729724,1,0,1,0.8728580257317613,0,1,0.375,0.5,0.375,0.730649622319706,0.6710623811406867,0.6096192919453713,0.730649622319706,0.645804213639954,0.730649622319706,0.6676577220276542,0.25,1.0,1.0,0,0,0,,7373.0,-1,,7373.0,1.0,-1,-1,1.0,0.2,0.2477342402828638,1,0.7166666666666667,0.8333333333333334,0.43172263576569786,0.0625,0.21980565894142445,0.2111505176046596,0.29296817147536014,0.3306573473129265,0.1252357622392106,strong_false_positive
