row_idx,timestamp,side,active_id,detect_idx,age_anchor_idx,active_since_idx,low,high,width,width_atr,base_quality,age_bars,age_decay,effective_significance,source_count,source_event_id,touch_count,fill_pct,state,historical_touch_count,historical_fill_pct,historical_state,first_touch_idx,last_touch_idx,first_partial_fill_idx,historical_first_touch_idx,historical_last_touch_idx,historical_first_partial_fill_idx,max_single_bar_fill_jump,historical_max_single_bar_fill_jump,all_touch_bars_closed_outside,historical_all_touch_bars_closed_outside,last_touch_rejection_flag,historical_last_touch_rejection_flag,bounce_raw_max,historical_bounce_raw_max,component_id,component_low,component_high,component_member_count,component_entered_this_row,component_owned_this_row,touch_delta,fill_delta,entered_this_row,ownership_blocked_by_higher_component,ownership_blocked_by_lower_component,selected,in_window
17713,2026-01-11 22:00:00+00:00,bull,2873,17684,17684,17684,4333.745,4388.8,55.05500000000029,1.2774828172175856,0.5822499374649973,29,0.18728838460958522,0.01801221575763372,1,2873,0,0.0,1,0,0.0,1,,,,,,,0.0,0.0,1,1,,,0.0,0.0,1,4333.745,4388.8,1,0,0,0,0.0,0,0,0,0,1
17713,2026-01-11 22:00:00+00:00,bull,2875,17706,17706,17706,4436.175,4444.785,8.609999999999673,0.25191297646775385,0.48663379449540306,7,0.6674199270850172,0.07226826019859682,1,2875,0,0.0,1,0,0.0,1,,,,,,,0.0,0.0,1,1,,,0.0,0.0,2,4436.175,4444.785,1,0,0,0,0.0,0,0,0,0,1
17713,2026-01-11 22:00:00+00:00,bull,2876,17713,17713,17713,4517.215,4521.23,4.014999999999418,0.11187171815786934,0.41474900299072165,0,1.0,0.17542933660785004,1,2876,0,0.0,1,0,0.0,1,,,,,,,0.0,0.0,1,1,,,0.0,0.0,3,4517.215,4521.23,1,0,0,0,0.0,0,0,0,1,1
17714,2026-01-12 02:00:00+00:00,bull,2873,17684,17684,17684,4333.745,4388.8,55.05500000000029,1.2774828172175856,0.5822499374649973,30,0.1767766952966369,0.01585580516574935,1,2873,0,0.0,1,0,0.0,1,,,,,,,0.0,0.0,1,1,,,0.0,0.0,1,4333.745,4388.8,1,0,0,0,0.0,0,0,0,0,1
17714,2026-01-12 02:00:00+00:00,bull,2875,17706,17706,17706,4436.175,4444.785,8.609999999999673,0.25191297646775385,0.48663379449540306,8,0.6299605249474366,0.06266875785345584,1,2875,0,0.0,1,0,0.0,1,,,,,,,0.0,0.0,1,1,,,0.0,0.0,2,4436.175,4444.785,1,0,0,0,0.0,0,0,0,0,1
17714,2026-01-12 02:00:00+00:00,bull,2877,17714,17713,17714,4511.235,4561.935,50.70000000000073,1.4487453591454766,0.5963609441068125,1,0.9438743126816935,0.36451676589057086,2,0,0,0.0,1,0,0.0,1,,,,,,,0.0,0.0,1,1,,,0.0,0.0,3,4511.235,4561.935,1,0,0,0,0.0,0,0,0,1,1
17715,2026-01-12 06:00:00+00:00,bull,2873,17684,17684,17684,4333.745,4388.8,55.05500000000029,1.2774828172175856,0.5822499374649973,31,0.16685498177125427,0.014308461094970162,1,2873,0,0.0,1,0,0.0,1,,,,,,,0.0,0.0,1,1,,,0.0,0.0,1,4333.745,4388.8,1,0,0,0,0.0,0,0,0,0,1
17715,2026-01-12 06:00:00+00:00,bull,2875,17706,17706,17706,4436.175,4444.785,8.609999999999673,0.25191297646775385,0.48663379449540306,9,0.5946035575013605,0.05595078492163782,1,2875,0,0.0,1,0,0.0,1,,,,,,,0.0,0.0,1,1,,,0.0,0.0,2,4436.175,4444.785,1,0,0,0,0.0,0,0,0,0,1
17715,2026-01-12 06:00:00+00:00,bull,2877,17714,17713,17714,4511.235,4561.935,50.70000000000073,1.4487453591454766,0.5963609441068125,2,0.8908987181403393,0.2975673265168821,2,0,0,0.0,1,0,0.0,1,,,,,,,0.0,0.0,1,1,,,0.0,0.0,3,4511.235,4561.935,1,0,0,0,0.0,0,0,0,1,1
17716,2026-01-12 10:00:00+00:00,bull,2873,17684,17684,17684,4333.745,4388.8,55.05500000000029,1.2774828172175856,0.5822499374649973,32,0.15749013123685915,0.012283407869283532,1,2873,0,0.0,1,0,0.0,1,,,,,,,0.0,0.0,1,1,,,0.0,0.0,1,4333.745,4388.8,1,0,0,0,0.0,0,0,0,0,1
17716,2026-01-12 10:00:00+00:00,bull,2875,17706,17706,17706,4436.175,4444.785,8.609999999999673,0.25191297646775385,0.48663379449540306,10,0.5612310241546865,0.046520820664393184,1,2875,0,0.0,1,0,0.0,1,,,,,,,0.0,0.0,1,1,,,0.0,0.0,2,4436.175,4444.785,1,0,0,0,0.0,0,0,0,0,1
17716,2026-01-12 10:00:00+00:00,bull,2877,17714,17713,17714,4511.235,4561.935,50.70000000000073,1.4487453591454766,0.5963609441068125,3,0.8408964152537145,0.1978716069680556,2,0,0,0.0,1,0,0.0,1,,,,,,,0.0,0.0,1,1,,,0.0,0.0,3,4511.235,4561.935,1,0,0,0,0.0,0,0,0,1,1
17717,2026-01-12 14:00:00+00:00,bull,2873,17684,17684,17684,4333.745,4388.8,55.05500000000029,1.2774828172175856,0.5822499374649973,33,0.14865088937534013,0.011768485376890155,1,2873,0,0.0,1,0,0.0,1,,,,,,,0.0,0.0,1,1,,,0.0,0.0,1,4333.745,4388.8,1,0,0,0,0.0,0,0,0,0,1
17717,2026-01-12 14:00:00+00:00,bull,2875,17706,17706,17706,4436.175,4444.785,8.609999999999673,0.25191297646775385,0.48663379449540306,11,0.5297315471796477,0.04450729730186322,1,2875,0,0.0,1,0,0.0,1,,,,,,,0.0,0.0,1,1,,,0.0,0.0,2,4436.175,4444.785,1,0,0,0,0.0,0,0,0,0,1
17717,2026-01-12 14:00:00+00:00,bull,2877,17714,17713,17714,4511.235,4561.935,50.70000000000073,1.4487453591454766,0.5963609441068125,4,0.7937005259840998,0.18766287797511833,2,0,0,0.0,1,0,0.0,1,,,,,,,0.0,0.0,1,1,,,0.0,0.0,3,4511.235,4561.935,1,0,0,0,0.0,0,0,0,1,1
17718,2026-01-12 18:00:00+00:00,bull,2873,17684,17684,17684,4333.745,4388.8,55.05500000000029,1.2774828172175856,0.5822499374649973,34,0.1403077560386716,0.011841487749798374,1,2873,0,0.0,1,0,0.0,1,,,,,,,0.0,0.0,1,1,,,0.0,0.0,1,4333.745,4388.8,1,0,0,0,0.0,0,0,0,0,1
17718,2026-01-12 18:00:00+00:00,bull,2875,17706,17706,17706,4436.175,4444.785,8.609999999999673,0.25191297646775385,0.48663379449540306,12,0.5,0.04576403455220022,1,2875,0,0.0,1,0,0.0,1,,,,,,,0.0,0.0,1,1,,,0.0,0.0,2,4436.175,4444.785,1,0,0,0,0.0,0,0,0,0,1
17718,2026-01-12 18:00:00+00:00,bull,2877,17714,17713,17714,4511.235,4561.935,50.70000000000073,1.4487453591454766,0.5963609441068125,5,0.7491535384383408,0.22271917398606988,2,0,0,0.0,1,0,0.0,1,,,,,,,0.0,0.0,1,1,,,0.0,0.0,3,4511.235,4561.935,1,0,0,0,0.0,0,0,0,1,1
17719,2026-01-12 22:00:00+00:00,bull,2873,17684,17684,17684,4333.745,4388.8,55.05500000000029,1.2774828172175856,0.5822499374649973,35,0.1324328867949119,0.011923404549603115,1,2873,0,0.0,1,0,0.0,1,,,,,,,0.0,0.0,1,1,,,0.0,0.0,1,4333.745,4388.8,1,0,0,0,0.0,0,0,0,0,1
17719,2026-01-12 22:00:00+00:00,bull,2875,17706,17706,17706,4436.175,4444.785,8.609999999999673,0.25191297646775385,0.48663379449540306,13,0.47193715634084676,0.0473677251759939,1,2875,0,0.0,1,0,0.0,1,,,,,,,0.0,0.0,1,1,,,0.0,0.0,2,4436.175,4444.785,1,0,0,0,0.0,0,0,0,0,1
17719,2026-01-12 22:00:00+00:00,bull,2877,17714,17713,17714,4511.235,4561.935,50.70000000000073,1.4487453591454766,0.5963609441068125,6,0.7071067811865476,0.2885208994464699,2,0,0,0.0,1,0,0.0,1,,,,,,,0.0,0.0,1,1,,,0.0,0.0,3,4511.235,4561.935,1,0,0,0,0.0,0,0,0,1,1
17720,2026-01-13 02:00:00+00:00,bull,2873,17684,17684,17684,4333.745,4388.8,55.05500000000029,1.2774828172175856,0.5822499374649973,36,0.125,0.010401587787409272,1,2873,0,0.0,1,0,0.0,1,,,,,,,0.0,0.0,1,1,,,0.0,0.0,1,4333.745,4388.8,1,0,0,0,0.0,0,0,0,0,1
17720,2026-01-13 02:00:00+00:00,bull,2875,17706,17706,17706,4436.175,4444.785,8.609999999999673,0.25191297646775385,0.48663379449540306,14,0.44544935907016964,0.04054361104900742,1,2875,0,0.0,1,0,0.0,1,,,,,,,0.0,0.0,1,1,,,0.0,0.0,2,4436.175,4444.785,1,0,0,0,0.0,0,0,0,0,1
17720,2026-01-13 02:00:00+00:00,bull,2877,17714,17713,17714,4511.235,4561.935,50.70000000000073,1.4487453591454766,0.5963609441068125,7,0.6674199270850172,0.21027747468827182,2,0,0,0.0,1,0,0.0,1,,,,,,,0.0,0.0,1,1,,,0.0,0.0,3,4511.235,4561.935,1,0,0,0,0.0,0,0,0,1,1
17721,2026-01-13 06:00:00+00:00,bull,2873,17684,17684,17684,4333.745,4388.8,55.05500000000029,1.2774828172175856,0.5822499374649973,37,0.11798428908521168,0.009888821073251666,1,2873,0,0.0,1,0,0.0,1,,,,,,,0.0,0.0,1,1,,,0.0,0.0,1,4333.745,4388.8,1,0,0,0,0.0,0,0,0,0,1
17721,2026-01-13 06:00:00+00:00,bull,2875,17706,17706,17706,4436.175,4444.785,8.609999999999673,0.25191297646775385,0.48663379449540306,15,0.42044820762685725,0.03890346209222577,1,2875,0,0.0,1,0,0.0,1,,,,,,,0.0,0.0,1,1,,,0.0,0.0,2,4436.175,4444.785,1,0,0,0,0.0,0,0,0,0,1
17721,2026-01-13 06:00:00+00:00,bull,2877,17714,17713,17714,4511.235,4561.935,50.70000000000073,1.4487453591454766,0.5963609441068125,8,0.6299605249474366,0.2174138418845032,2,0,0,0.0,1,0,0.0,1,,,,,,,0.0,0.0,1,1,,,0.0,0.0,3,4511.235,4561.935,1,0,0,0,0.0,0,0,0,1,1
17722,2026-01-13 10:00:00+00:00,bull,2873,17684,17684,17684,4333.745,4388.8,55.05500000000029,1.2774828172175856,0.5822499374649973,38,0.11136233976754242,0.008560310227573309,1,2873,0,0.0,1,0,0.0,1,,,,,,,0.0,0.0,1,1,,,0.0,0.0,1,4333.745,4388.8,1,0,0,0,0.0,0,0,0,0,1
17722,2026-01-13 10:00:00+00:00,bull,2875,17706,17706,17706,4436.175,4444.785,8.609999999999673,0.25191297646775385,0.48663379449540306,16,0.3968502629920499,0.03260908434368016,1,2875,0,0.0,1,0,0.0,1,,,,,,,0.0,0.0,1,1,,,0.0,0.0,2,4436.175,4444.785,1,0,0,0,0.0,0,0,0,0,1
17722,2026-01-13 10:00:00+00:00,bull,2877,17714,17713,17714,4511.235,4561.935,50.70000000000073,1.4487453591454766,0.5963609441068125,9,0.5946035575013605,0.14386087880035148,2,0,0,0.0,1,0,0.0,1,,,,,,,0.0,0.0,1,1,,,0.0,0.0,3,4511.235,4561.935,1,0,0,0,0.0,0,0,0,1,1
17723,2026-01-13 14:00:00+00:00,bull,2873,17684,17684,17684,4333.745,4388.8,55.05500000000029,1.2774828172175856,0.5822499374649973,39,0.10511205190671431,0.009024592141848807,1,2873,0,0.0,1,0,0.0,1,,,,,,,0.0,0.0,1,1,,,0.0,0.0,1,4333.745,4388.8,1,0,0,0,0.0,0,0,0,0,1
17723,2026-01-13 14:00:00+00:00,bull,2875,17706,17706,17706,4436.175,4444.785,8.609999999999673,0.25191297646775385,0.48663379449540306,17,0.3745767692191704,0.03520930132994513,1,2875,0,0.0,1,0,0.0,1,,,,,,,0.0,0.0,1,1,,,0.0,0.0,2,4436.175,4444.785,1,0,0,0,0.0,0,0,0,0,1
17723,2026-01-13 14:00:00+00:00,bull,2877,17714,17713,17714,4511.235,4561.935,50.70000000000073,1.4487453591454766,0.5963609441068125,10,0.5612310241546865,0.18394551999719047,2,0,0,0.0,1,0,0.0,1,,,,,,,0.0,0.0,1,1,,,0.0,0.0,3,4511.235,4561.935,1,0,0,0,0.0,0,0,0,1,1
17724,2026-01-13 18:00:00+00:00,bull,2873,17684,17684,17684,4333.745,4388.8,55.05500000000029,1.2774828172175856,0.5822499374649973,40,0.09921256574801246,0.008621091400185875,1,2873,0,0.0,1,0,0.0,1,,,,,,,0.0,0.0,1,1,,,0.0,0.0,1,4333.745,4388.8,1,0,0,0,0.0,0,0,0,0,1
17724,2026-01-13 18:00:00+00:00,bull,2875,17706,17706,17706,4436.175,4444.785,8.609999999999673,0.25191297646775385,0.48663379449540306,18,0.3535533905932738,0.03381364014900833,1,2875,0,0.0,1,0,0.0,1,,,,,,,0.0,0.0,1,1,,,0.0,0.0,2,4436.175,4444.785,1,0,0,0,0.0,0,0,0,0,1
17724,2026-01-13 18:00:00+00:00,bull,2877,17714,17713,17714,4511.235,4561.935,50.70000000000073,1.4487453591454766,0.5963609441068125,11,0.5297315471796477,0.18428544178807202,2,0,0,0.0,1,0,0.0,1,,,,,,,0.0,0.0,1,1,,,0.0,0.0,3,4511.235,4561.935,1,0,0,0,0.0,0,0,0,1,1
17725,2026-01-13 22:00:00+00:00,bull,2873,17684,17684,17684,4333.745,4388.8,55.05500000000029,1.2774828172175856,0.5822499374649973,41,0.09364419230479261,0.007118637382517007,1,2873,0,0.0,1,0,0.0,1,,,,,,,0.0,0.0,1,1,,,0.0,0.0,1,4333.745,4388.8,1,0,0,0,0.0,0,0,0,0,1
17725,2026-01-13 22:00:00+00:00,bull,2875,17706,17706,17706,4436.175,4444.785,8.609999999999673,0.25191297646775385,0.48663379449540306,19,0.3337099635425086,0.026877061662905533,1,2875,0,0.0,1,0,0.0,1,,,,,,,0.0,0.0,1,1,,,0.0,0.0,2,4436.175,4444.785,1,0,0,0,0.0,0,0,0,0,1
17725,2026-01-13 22:00:00+00:00,bull,2877,17714,17713,17714,4511.235,4561.935,50.70000000000073,1.4487453591454766,0.5963609441068125,12,0.5,0.11218296800445372,2,0,0,0.0,1,0,0.0,1,,,,,,,0.0,0.0,1,1,,,0.0,0.0,3,4511.235,4561.935,1,0,0,0,0.0,0,0,0,1,1
17726,2026-01-14 02:00:00+00:00,bull,2873,17684,17684,17684,4333.745,4388.8,55.05500000000029,1.2774828172175856,0.5822499374649973,42,0.08838834764831845,0.006604032016028638,1,2873,0,0.0,1,0,0.0,1,,,,,,,0.0,0.0,1,1,,,0.0,0.0,1,4333.745,4388.8,1,0,0,0,0.0,0,0,0,0,1
17726,2026-01-14 02:00:00+00:00,bull,2875,17706,17706,17706,4436.175,4444.785,8.609999999999673,0.25191297646775385,0.48663379449540306,20,0.3149802624737183,0.024935070689823948,1,2875,0,0.0,1,0,0.0,1,,,,,,,0.0,0.0,1,1,,,0.0,0.0,2,4436.175,4444.785,1,0,0,0,0.0,0,0,0,0,1
17726,2026-01-14 02:00:00+00:00,bull,2877,17714,17713,17714,4511.235,4561.935,50.70000000000073,1.4487453591454766,0.5963609441068125,13,0.47193715634084676,0.1041011077935535,2,0,0,0.0,1,0,0.0,1,,,,,,,0.0,0.0,1,1,,,0.0,0.0,3,4511.235,4561.935,1,0,0,0,0.0,0,0,0,0,1
17726,2026-01-14 02:00:00+00:00,bull,2878,17726,17726,17726,4602.165,4613.51,11.345000000000255,0.33348338472594496,0.5019602428994754,0,1.0,0.42268966743208786,1,2878,0,0.0,1,0,0.0,1,,,,,,,0.0,0.0,1,1,,,0.0,0.0,4,4602.165,4613.51,1,0,0,0,0.0,0,0,0,1,1
17727,2026-01-14 06:00:00+00:00,bull,2873,17684,17684,17684,4333.745,4388.8,55.05500000000029,1.2774828172175856,0.5822499374649973,43,0.08342749088562713,0.005849711770815579,1,2873,0,0.0,1,0,0.0,1,,,,,,,0.0,0.0,1,1,,,0.0,0.0,1,4333.745,4388.8,1,0,0,0,0.0,0,0,0,0,1
17727,2026-01-14 06:00:00+00:00,bull,2875,17706,17706,17706,4436.175,4444.785,8.609999999999673,0.25191297646775385,0.48663379449540306,21,0.29730177875068026,0.02187964158373004,1,2875,0,0.0,1,0,0.0,1,,,,,,,0.0,0.0,1,1,,,0.0,0.0,2,4436.175,4444.785,1,0,0,0,0.0,0,0,0,0,1
17727,2026-01-14 06:00:00+00:00,bull,2877,17714,17713,17714,4511.235,4561.935,50.70000000000073,1.4487453591454766,0.5963609441068125,14,0.44544935907016964,0.08645069966883097,2,0,0,0.0,1,0,0.0,1,,,,,,,0.0,0.0,1,1,,,0.0,0.0,3,4511.235,4561.935,1,0,0,0,0.0,0,0,0,0,1
17727,2026-01-14 06:00:00+00:00,bull,2878,17726,17726,17726,4602.165,4613.51,11.345000000000255,0.33348338472594496,0.5019602428994754,1,0.9438743126816935,0.3128249132214123,1,2878,0,0.0,1,0,0.0,1,,,,,,,0.0,0.0,1,1,,,0.0,0.0,4,4602.165,4613.51,1,0,0,0,0.0,0,0,0,1,1
17728,2026-01-14 10:00:00+00:00,bull,2873,17684,17684,17684,4333.745,4388.8,55.05500000000029,1.2774828172175856,0.5822499374649973,44,0.07874506561842957,0.0052581797156278105,1,2873,0,0.0,1,0,0.0,1,,,,,,,0.0,0.0,1,1,,,0.0,0.0,1,4333.745,4388.8,1,0,0,0,0.0,0,0,0,0,1
17728,2026-01-14 10:00:00+00:00,bull,2875,17706,17706,17706,4436.175,4444.785,8.609999999999673,0.25191297646775385,0.48663379449540306,22,0.28061551207734325,0.01959391473535117,1,2875,0,0.0,1,0,0.0,1,,,,,,,0.0,0.0,1,1,,,0.0,0.0,2,4436.175,4444.785,1,0,0,0,0.0,0,0,0,0,1
17728,2026-01-14 10:00:00+00:00,bull,2877,17714,17713,17714,4511.235,4561.935,50.70000000000073,1.4487453591454766,0.5963609441068125,15,0.42044820762685725,0.07582301687282021,2,0,0,0.0,1,0,0.0,1,,,,,,,0.0,0.0,1,1,,,0.0,0.0,3,4511.235,4561.935,1,0,0,0,0.0,0,0,0,0,1
17728,2026-01-14 10:00:00+00:00,bull,2878,17726,17726,17726,4602.165,4613.51,11.345000000000255,0.33348338472594496,0.5019602428994754,2,0.8908987181403393,0.26390896741304043,1,2878,0,0.0,1,0,0.0,1,,,,,,,0.0,0.0,1,1,,,0.0,0.0,4,4602.165,4613.51,1,0,0,0,0.0,0,0,0,1,1
17729,2026-01-14 14:00:00+00:00,bull,2873,17684,17684,17684,4333.745,4388.8,55.05500000000029,1.2774828172175856,0.5822499374649973,45,0.07432544468767006,0.005453685136950744,1,2873,0,0.0,1,0,0.0,1,,,,,,,0.0,0.0,1,1,,,0.0,0.0,1,4333.745,4388.8,1,0,0,0,0.0,0,0,0,0,1
17729,2026-01-14 14:00:00+00:00,bull,2875,17706,17706,17706,4436.175,4444.785,8.609999999999673,0.25191297646775385,0.48663379449540306,23,0.2648657735898238,0.02074181603738098,1,2875,0,0.0,1,0,0.0,1,,,,,,,0.0,0.0,1,1,,,0.0,0.0,2,4436.175,4444.785,1,0,0,0,0.0,0,0,0,0,1
17729,2026-01-14 14:00:00+00:00,bull,2877,17714,17713,17714,4511.235,4561.935,50.70000000000073,1.4487453591454766,0.5963609441068125,16,0.3968502629920499,0.09057843107908442,2,0,0,0.0,1,0,0.0,1,,,,,,,0.0,0.0,1,1,,,0.0,0.0,3,4511.235,4561.935,1,0,0,0,0.0,0,0,0,1,1
17730,2026-01-14 18:00:00+00:00,bull,2873,17684,17684,17684,4333.745,4388.8,55.05500000000029,1.2774828172175856,0.5822499374649973,46,0.0701538780193358,0.004895452749074394,1,2873,0,0.0,1,0,0.0,1,,,,,,,0.0,0.0,1,1,,,0.0,0.0,1,4333.745,4388.8,1,0,0,0,0.0,0,0,0,0,1
17730,2026-01-14 18:00:00+00:00,bull,2875,17706,17706,17706,4436.175,4444.785,8.609999999999673,0.25191297646775385,0.48663379449540306,24,0.25,0.018394249263362538,1,2875,0,0.0,1,0,0.0,1,,,,,,,0.0,0.0,1,1,,,0.0,0.0,2,4436.175,4444.785,1,0,0,0,0.0,0,0,0,0,1
17730,2026-01-14 18:00:00+00:00,bull,2877,17714,17713,17714,4511.235,4561.935,50.70000000000073,1.4487453591454766,0.5963609441068125,17,0.3745767692191704,0.07461053692403177,2,0,0,0.0,1,0,0.0,1,,,,,,,0.0,0.0,1,1,,,0.0,0.0,3,4511.235,4561.935,1,0,0,0,0.0,0,0,0,1,1
17731,2026-01-14 22:00:00+00:00,bull,2873,17684,17684,17684,4333.745,4388.8,55.05500000000029,1.2774828172175856,0.5822499374649973,47,0.06621644339745596,0.005219486819913424,1,2873,0,0.0,1,0,0.0,1,,,,,,,0.0,0.0,1,1,,,0.0,0.0,1,4333.745,4388.8,1,0,0,0,0.0,0,0,0,0,1
17731,2026-01-14 22:00:00+00:00,bull,2875,17706,17706,17706,4436.175,4444.785,8.609999999999673,0.25191297646775385,0.48663379449540306,25,0.23596857817042335,0.02016152782337062,1,2875,0,0.0,1,0,0.0,1,,,,,,,0.0,0.0,1,1,,,0.0,0.0,2,4436.175,4444.785,1,0,0,0,0.0,0,0,0,0,1
17731,2026-01-14 22:00:00+00:00,bull,2877,17714,17713,17714,4511.235,4561.935,50.70000000000073,1.4487453591454766,0.5963609441068125,18,0.3535533905932738,0.09775962869898429,2,0,0,0.0,1,0,0.0,1,,,,,,,0.0,0.0,1,1,,,0.0,0.0,3,4511.235,4561.935,1,0,0,0,0.0,0,0,0,1,1
17732,2026-01-15 02:00:00+00:00,bull,2875,17706,17706,17706,4436.175,4444.785,8.609999999999673,0.25191297646775385,0.48663379449540306,26,0.22272467953508485,0.01956838100257631,1,2875,0,0.0,1,0,0.0,1,,,,,,,0.0,0.0,1,1,,,0.0,0.0,1,4436.175,4444.785,1,0,0,0,0.0,0,0,0,0,1
17732,2026-01-15 02:00:00+00:00,bull,2877,17714,17713,17714,4511.235,4561.935,50.70000000000073,1.4487453591454766,0.5963609441068125,19,0.3337099635425086,0.09928327957127998,2,0,0,0.0,1,0,0.0,1,,,,,,,0.0,0.0,1,1,,,0.0,0.0,2,4511.235,4561.935,1,0,0,0,0.0,0,0,0,1,1
17733,2026-01-15 06:00:00+00:00,bull,2875,17706,17706,17706,4436.175,4444.785,8.609999999999673,0.25191297646775385,0.48663379449540306,27,0.21022410381342863,0.016463419413601584,1,2875,0,0.0,1,0,0.0,1,,,,,,,0.0,0.0,1,1,,,0.0,0.0,1,4436.175,4444.785,1,0,0,0,0.0,0,0,0,0,1
17733,2026-01-15 06:00:00+00:00,bull,2877,17714,17713,17714,4511.235,4561.935,50.70000000000073,1.4487453591454766,0.5963609441068125,20,0.3149802624737183,0.07295147342861673,2,0,0,0.0,1,0,0.0,1,,,,,,,0.0,0.0,1,1,,,0.0,0.0,2,4511.235,4561.935,1,0,0,0,0.0,0,0,0,1,1
17734,2026-01-15 10:00:00+00:00,bull,2875,17706,17706,17706,4436.175,4444.785,8.609999999999673,0.25191297646775385,0.48663379449540306,28,0.19842513149602492,0.0179830697797267,1,2875,0,0.0,1,0,0.0,1,,,,,,,0.0,0.0,1,1,,,0.0,0.0,1,4436.175,4444.785,1,0,0,0,0.0,0,0,0,0,1
17734,2026-01-15 10:00:00+00:00,bull,2877,17714,17713,17714,4511.235,4561.935,50.70000000000073,1.4487453591454766,0.5963609441068125,21,0.29730177875068026,0.09857544428022072,2,0,0,0.0,1,0,0.0,1,,,,,,,0.0,0.0,1,1,,,0.0,0.0,2,4511.235,4561.935,1,0,0,0,0.0,0,0,0,1,1
17735,2026-01-15 14:00:00+00:00,bull,2875,17706,17706,17706,4436.175,4444.785,8.609999999999673,0.25191297646775385,0.48663379449540306,29,0.18728838460958522,0.014832194105010275,1,2875,0,0.0,1,0,0.0,1,,,,,,,0.0,0.0,1,1,,,0.0,0.0,1,4436.175,4444.785,1,0,0,0,0.0,0,0,0,0,1
17735,2026-01-15 14:00:00+00:00,bull,2877,17714,17713,17714,4511.235,4561.935,50.70000000000073,1.4487453591454766,0.5963609441068125,22,0.28061551207734325,0.0634325458780838,2,0,0,0.0,1,0,0.0,1,,,,,,,0.0,0.0,1,1,,,0.0,0.0,2,4511.235,4561.935,1,0,0,0,0.0,0,0,0,1,1
17736,2026-01-15 18:00:00+00:00,bull,2875,17706,17706,17706,4436.175,4444.785,8.609999999999673,0.25191297646775385,0.48663379449540306,30,0.1767766952966369,0.013732828528652588,1,2875,0,0.0,1,0,0.0,1,,,,,,,0.0,0.0,1,1,,,0.0,0.0,1,4436.175,4444.785,1,0,0,0,0.0,0,0,0,0,1
17736,2026-01-15 18:00:00+00:00,bull,2877,17714,17713,17714,4511.235,4561.935,50.70000000000073,1.4487453591454766,0.5963609441068125,23,0.2648657735898238,0.059379858184649456,2,0,0,0.0,1,0,0.0,1,,,,,,,0.0,0.0,1,1,,,0.0,0.0,2,4511.235,4561.935,1,0,0,0,0.0,0,0,0,1,1
17737,2026-01-15 22:00:00+00:00,bull,2875,17706,17706,17706,4436.175,4444.785,8.609999999999673,0.25191297646775385,0.48663379449540306,31,0.16685498177125427,0.013879530933479153,1,2875,0,0.0,1,0,0.0,1,,,,,,,0.0,0.0,1,1,,,0.0,0.0,1,4436.175,4444.785,1,0,0,0,0.0,0,0,0,0,1
17737,2026-01-15 22:00:00+00:00,bull,2877,17714,17713,17714,4511.235,4561.935,50.70000000000073,1.4487453591454766,0.5963609441068125,24,0.25,0.0676232669619117,2,0,0,0.0,1,0,0.0,1,,,,,,,0.0,0.0,1,1,,,0.0,0.0,2,4511.235,4561.935,1,0,0,0,0.0,0,0,0,1,1
17738,2026-01-16 02:00:00+00:00,bull,2875,17706,17706,17706,4436.175,4444.785,8.609999999999673,0.25191297646775385,0.48663379449540306,32,0.15749013123685915,0.012199618298718651,1,2875,0,0.0,1,0,0.0,1,,,,,,,0.0,0.0,1,1,,,0.0,0.0,1,4436.175,4444.785,1,0,0,0,0.0,0,0,0,0,1
17738,2026-01-16 02:00:00+00:00,bull,2877,17714,17713,17714,4511.235,4561.935,50.70000000000073,1.4487453591454766,0.5963609441068125,25,0.23596857817042335,0.05466435549696335,2,0,0,0.0,1,0,0.0,1,,,,,,,0.0,0.0,1,1,,,0.0,0.0,2,4511.235,4561.935,1,0,0,0,0.0,0,0,0,1,1
17739,2026-01-16 06:00:00+00:00,bull,2875,17706,17706,17706,4436.175,4444.785,8.609999999999673,0.25191297646775385,0.48663379449540306,33,0.14865088937534013,0.011874047766683573,1,2875,0,0.0,1,0,0.0,1,,,,,,,0.0,0.0,1,1,,,0.0,0.0,1,4436.175,4444.785,1,0,0,0,0.0,0,0,0,0,1
17739,2026-01-16 06:00:00+00:00,bull,2877,17714,17713,17714,4511.235,4561.935,50.70000000000073,1.4487453591454766,0.5963609441068125,26,0.22272467953508485,0.0585355260954736,2,0,0,0.0,1,0,0.0,1,,,,,,,0.0,0.0,1,1,,,0.0,0.0,2,4511.235,4561.935,1,0,0,0,0.0,0,0,0,1,1
17740,2026-01-16 10:00:00+00:00,bull,2875,17706,17706,17706,4436.175,4444.785,8.609999999999673,0.25191297646775385,0.48663379449540306,34,0.1403077560386716,0.01119107185153814,1,2875,0,0.0,1,0,0.0,1,,,,,,,0.0,0.0,1,1,,,0.0,0.0,1,4436.175,4444.785,1,0,0,0,0.0,0,0,0,0,1
17740,2026-01-16 10:00:00+00:00,bull,2877,17714,17713,17714,4511.235,4561.935,50.70000000000073,1.4487453591454766,0.5963609441068125,27,0.21022410381342863,0.05441726233282631,2,0,0,0.0,1,0,0.0,1,,,,,,,0.0,0.0,1,1,,,0.0,0.0,2,4511.235,4561.935,1,0,0,0,0.0,0,0,0,1,1
17741,2026-01-16 14:00:00+00:00,bull,2875,17706,17706,17706,4436.175,4444.785,8.609999999999673,0.25191297646775385,0.48663379449540306,35,0.1324328867949119,0.013024059054426223,1,2875,0,0.0,1,0,0.0,1,,,,,,,0.0,0.0,1,1,,,0.0,0.0,1,4436.175,4444.785,1,0,0,0,0.0,0,0,0,0,1
17741,2026-01-16 14:00:00+00:00,bull,2877,17714,17713,17714,4511.235,4561.935,50.70000000000073,1.4487453591454766,0.5963609441068125,28,0.19842513149602492,0.041595851233021404,2,0,1,0.49921104536489225,3,1,0.49921104536489225,3,17741.0,17741.0,17741.0,17741.0,17741.0,17741.0,0.49921104536489225,0.49921104536489225,1,1,1.0,1.0,58.349999999999454,58.349999999999454,2,4511.235,4561.935,1,1,1,1,0.49921104536489225,1,0,0,1,1
17742,2026-01-16 18:00:00+00:00,bull,2875,17706,17706,17706,4436.175,4444.785,8.609999999999673,0.25191297646775385,0.48663379449540306,36,0.125,0.011004112674806738,1,2875,0,0.0,1,0,0.0,1,,,,,,,0.0,0.0,1,1,,,0.0,0.0,1,4436.175,4444.785,1,0,0,0,0.0,0,0,0,0,1
17742,2026-01-16 18:00:00+00:00,bull,2877,17714,17713,17714,4511.235,4561.935,50.70000000000073,1.4487453591454766,0.5963609441068125,29,0.18728838460958522,0.0302927984719619,2,0,1,0.49921104536489225,3,1,0.49921104536489225,3,17741.0,17741.0,17741.0,17741.0,17741.0,17741.0,0.49921104536489225,0.49921104536489225,1,1,1.0,1.0,58.349999999999454,58.349999999999454,2,4511.235,4561.935,1,0,0,0,0.0,0,0,0,1,1
17743,2026-01-18 22:00:00+00:00,bull,2875,17706,17706,17706,4436.175,4444.785,8.609999999999673,0.25191297646775385,0.48663379449540306,37,0.11798428908521168,0.008675139533020723,1,2875,0,0.0,1,0,0.0,1,,,,,,,0.0,0.0,1,1,,,0.0,0.0,1,4436.175,4444.785,1,0,0,0,0.0,0,0,0,0,1
17743,2026-01-18 22:00:00+00:00,bull,2877,17714,17713,17714,4511.235,4561.935,50.70000000000073,1.4487453591454766,0.5963609441068125,30,0.1767766952966369,0.01646188536735902,2,0,1,0.49921104536489225,3,1,0.49921104536489225,3,17741.0,17741.0,17741.0,17741.0,17741.0,17741.0,0.49921104536489225,0.49921104536489225,1,1,1.0,1.0,129.0,129.0,2,4511.235,4561.935,1,0,0,0,0.0,0,0,0,0,1
17743,2026-01-18 22:00:00+00:00,bull,2879,17743,17743,17743,4620.285,4646.895,26.610000000000582,0.7032687789548683,0.5702847966197867,0,1.0,0.4466372651643333,1,2879,0,0.0,1,0,0.0,1,,,,,,,0.0,0.0,1,1,,,0.0,0.0,3,4620.285,4646.895,1,0,0,0,0.0,0,0,0,1,1
17744,2026-01-19 02:00:00+00:00,bull,2875,17706,17706,17706,4436.175,4444.785,8.609999999999673,0.25191297646775385,0.48663379449540306,38,0.11136233976754242,0.007584492207736794,1,2875,0,0.0,1,0,0.0,1,,,,,,,0.0,0.0,1,1,,,0.0,0.0,1,4436.175,4444.785,1,0,0,0,0.0,0,0,0,0,1
17744,2026-01-19 02:00:00+00:00,bull,2877,17714,17713,17714,4511.235,4561.935,50.70000000000073,1.4487453591454766,0.5963609441068125,31,0.16685498177125427,0.02519722722182747,2,0,0,0.0,1,1,0.49921104536489225,3,,,,17741.0,17741.0,17741.0,0.0,0.49921104536489225,1,1,,1.0,0.0,129.0,2,4511.235,4561.935,1,0,0,-1,-0.49921104536489225,0,0,0,0,1
17744,2026-01-19 02:00:00+00:00,bull,2880,17744,17743,17744,4598.64,4653.075,54.43499999999949,1.4851104591063191,0.5702847966197867,1,0.9438743126816935,0.3680349201581482,2,0,0,0.0,1,0,0.0,1,,,,,,,0.0,0.0,1,1,,,0.0,0.0,3,4598.64,4653.075,1,0,0,0,0.0,0,0,0,1,1
17745,2026-01-19 06:00:00+00:00,bull,2875,17706,17706,17706,4436.175,4444.785,8.609999999999673,0.25191297646775385,0.48663379449540306,39,0.10511205190671431,0.006966726764537728,1,2875,0,0.0,1,0,0.0,1,,,,,,,0.0,0.0,1,1,,,0.0,0.0,1,4436.175,4444.785,1,0,0,0,0.0,0,0,0,0,1
17745,2026-01-19 06:00:00+00:00,bull,2877,17714,17713,17714,4511.235,4561.935,50.70000000000073,1.4487453591454766,0.5963609441068125,32,0.15749013123685915,0.023355978537057776,2,0,0,0.0,1,1,0.49921104536489225,3,,,,17741.0,17741.0,17741.0,0.0,0.49921104536489225,1,1,,1.0,0.0,129.0,2,4511.235,4561.935,1,0,0,0,0.0,0,0,0,0,1
17745,2026-01-19 06:00:00+00:00,bull,2880,17744,17743,17744,4598.64,4653.075,54.43499999999949,1.4851104591063191,0.5702847966197867,2,0.8908987181403393,0.3533914604526886,2,0,0,0.0,1,0,0.0,1,,,,,,,0.0,0.0,1,1,,,0.0,0.0,3,4598.64,4653.075,1,0,0,0,0.0,0,0,0,1,1
17746,2026-01-19 10:00:00+00:00,bull,2875,17706,17706,17706,4436.175,4444.785,8.609999999999673,0.25191297646775385,0.48663379449540306,40,0.09921256574801246,0.006388744872589904,1,2875,0,0.0,1,0,0.0,1,,,,,,,0.0,0.0,1,1,,,0.0,0.0,1,4436.175,4444.785,1,0,0,0,0.0,0,0,0,0,1
17746,2026-01-19 10:00:00+00:00,bull,2877,17714,17713,17714,4511.235,4561.935,50.70000000000073,1.4487453591454766,0.5963609441068125,33,0.14865088937534013,0.021689587894226325,2,0,0,0.0,1,1,0.49921104536489225,3,,,,17741.0,17741.0,17741.0,0.0,0.49921104536489225,1,1,,1.0,0.0,129.0,2,4511.235,4561.935,1,0,0,0,0.0,0,0,0,0,1
17746,2026-01-19 10:00:00+00:00,bull,2880,17744,17743,17744,4598.64,4653.075,54.43499999999949,1.4851104591063191,0.5702847966197867,3,0.8408964152537145,0.3455687411930682,2,0,0,0.0,1,0,0.0,1,,,,,,,0.0,0.0,1,1,,,0.0,0.0,3,4598.64,4653.075,1,0,0,0,0.0,0,0,0,1,1
17747,2026-01-19 14:00:00+00:00,bull,2875,17706,17706,17706,4436.175,4444.785,8.609999999999673,0.25191297646775385,0.48663379449540306,41,0.09364419230479261,0.005621440768078214,1,2875,0,0.0,1,0,0.0,1,,,,,,,0.0,0.0,1,1,,,0.0,0.0,1,4436.175,4444.785,1,0,0,0,0.0,0,0,0,0,1
17747,2026-01-19 14:00:00+00:00,bull,2877,17714,17713,17714,4511.235,4561.935,50.70000000000073,1.4487453591454766,0.5963609441068125,34,0.1403077560386716,0.01854669587370758,2,0,0,0.0,1,1,0.49921104536489225,3,,,,17741.0,17741.0,17741.0,0.0,0.49921104536489225,1,1,,1.0,0.0,129.0,2,4511.235,4561.935,1,0,0,0,0.0,0,0,0,0,1
17747,2026-01-19 14:00:00+00:00,bull,2880,17744,17743,17744,4598.64,4653.075,54.43499999999949,1.4851104591063191,0.5702847966197867,4,0.7937005259840998,0.26397278085229464,2,0,0,0.0,1,0,0.0,1,,,,,,,0.0,0.0,1,1,,,0.0,0.0,3,4598.64,4653.075,1,0,0,0,0.0,0,0,0,1,1
17748,2026-01-19 18:00:00+00:00,bull,2875,17706,17706,17706,4436.175,4444.785,8.609999999999673,0.25191297646775385,0.48663379449540306,42,0.08838834764831845,0.005229079382501571,1,2875,0,0.0,1,0,0.0,1,,,,,,,0.0,0.0,1,1,,,0.0,0.0,1,4436.175,4444.785,1,0,0,0,0.0,0,0,0,0,1
17748,2026-01-19 18:00:00+00:00,bull,2877,17714,17713,17714,4511.235,4561.935,50.70000000000073,1.4487453591454766,0.5963609441068125,35,0.1324328867949119,0.0176620759363602,2,0,0,0.0,1,1,0.49921104536489225,3,,,,17741.0,17741.0,17741.0,0.0,0.49921104536489225,1,1,,1.0,0.0,129.0,2,4511.235,4561.935,1,0,0,0,0.0,0,0,0,0,1
17748,2026-01-19 18:00:00+00:00,bull,2880,17744,17743,17744,4598.64,4653.075,54.43499999999949,1.4851104591063191,0.5702847966197867,5,0.7491535384383408,0.2754524233164863,2,0,0,0.0,1,0,0.0,1,,,,,,,0.0,0.0,1,1,,,0.0,0.0,3,4598.64,4653.075,1,0,0,0,0.0,0,0,0,1,1
17749,2026-01-19 22:00:00+00:00,bull,2875,17706,17706,17706,4436.175,4444.785,8.609999999999673,0.25191297646775385,0.48663379449540306,43,0.08342749088562713,0.004796608405865103,1,2875,0,0.0,1,0,0.0,1,,,,,,,0.0,0.0,1,1,,,0.0,0.0,1,4436.175,4444.785,1,0,0,0,0.0,0,0,0,0,1
17749,2026-01-19 22:00:00+00:00,bull,2877,17714,17713,17714,4511.235,4561.935,50.70000000000073,1.4487453591454766,0.5963609441068125,36,0.125,0.01627407290183241,2,0,0,0.0,1,1,0.49921104536489225,3,,,,17741.0,17741.0,17741.0,0.0,0.49921104536489225,1,1,,1.0,0.0,129.0,2,4511.235,4561.935,1,0,0,0,0.0,0,0,0,0,1
17749,2026-01-19 22:00:00+00:00,bull,2880,17744,17743,17744,4598.64,4653.075,54.43499999999949,1.4851104591063191,0.5702847966197867,6,0.7071067811865476,0.25859581385207503,2,0,0,0.0,1,0,0.0,1,,,,,,,0.0,0.0,1,1,,,0.0,0.0,3,4598.64,4653.075,1,0,0,0,0.0,0,0,0,1,1
17750,2026-01-20 02:00:00+00:00,bull,2875,17706,17706,17706,4436.175,4444.785,8.609999999999673,0.25191297646775385,0.48663379449540306,44,0.07874506561842957,0.004025547075243238,1,2875,0,0.0,1,0,0.0,1,,,,,,,0.0,0.0,1,1,,,0.0,0.0,1,4436.175,4444.785,1,0,0,0,0.0,0,0,0,0,1
17750,2026-01-20 02:00:00+00:00,bull,2877,17714,17713,17714,4511.235,4561.935,50.70000000000073,1.4487453591454766,0.5963609441068125,37,0.11798428908521168,0.012087973916174435,2,0,0,0.0,1,1,0.49921104536489225,3,,,,17741.0,17741.0,17741.0,0.0,0.49921104536489225,1,1,,1.0,0.0,154.90499999999975,2,4511.235,4561.935,1,0,0,0,0.0,0,0,0,0,1
17750,2026-01-20 02:00:00+00:00,bull,2880,17744,17743,17744,4598.64,4653.075,54.43499999999949,1.4851104591063191,0.5702847966197867,7,0.6674199270850172,0.12931027527069774,2,0,0,0.0,1,0,0.0,1,,,,,,,0.0,0.0,1,1,,,0.0,0.0,3,4598.64,4653.075,1,0,0,0,0.0,0,0,0,1,1
17751,2026-01-20 06:00:00+00:00,bull,2875,17706,17706,17706,4436.175,4444.785,8.609999999999673,0.25191297646775385,0.48663379449540306,45,0.07432544468767006,0.003586166812486221,1,2875,0,0.0,1,0,0.0,1,,,,,,,0.0,0.0,1,1,,,0.0,0.0,1,4436.175,4444.785,1,0,0,0,0.0,0,0,0,0,1
17751,2026-01-20 06:00:00+00:00,bull,2877,17714,17713,17714,4511.235,4561.935,50.70000000000073,1.4487453591454766,0.5963609441068125,38,0.11136233976754242,0.010396671002058752,2,0,0,0.0,1,1,0.49921104536489225,3,,,,17741.0,17741.0,17741.0,0.0,0.49921104536489225,1,1,,1.0,0.0,175.5099999999993,2,4511.235,4561.935,1,0,0,0,0.0,0,0,0,0,1
17751,2026-01-20 06:00:00+00:00,bull,2880,17744,17743,17744,4598.64,4653.075,54.43499999999949,1.4851104591063191,0.5702847966197867,8,0.6299605249474366,0.10232584396807563,2,0,0,0.0,1,0,0.0,1,,,,,,,0.0,0.0,1,1,,,0.0,0.0,3,4598.64,4653.075,1,0,0,0,0.0,0,0,0,0,1
17751,2026-01-20 06:00:00+00:00,bull,2881,17751,17751,17751,4676.22,4705.71,29.48999999999978,0.9308788640968702,0.6370243493626364,0,1.0,0.34444197294830536,1,2881,0,0.0,1,0,0.0,1,,,,,,,0.0,0.0,1,1,,,0.0,0.0,4,4676.22,4705.71,1,0,0,0,0.0,0,0,0,1,1
17752,2026-01-20 10:00:00+00:00,bull,2875,17706,17706,17706,4436.175,4444.785,8.609999999999673,0.25191297646775385,0.48663379449540306,46,0.0701538780193358,0.00327977444055429,1,2875,0,0.0,1,0,0.0,1,,,,,,,0.0,0.0,1,1,,,0.0,0.0,1,4436.175,4444.785,1,0,0,0,0.0,0,0,0,0,1
17752,2026-01-20 10:00:00+00:00,bull,2877,17714,17713,17714,4511.235,4561.935,50.70000000000073,1.4487453591454766,0.5963609441068125,39,0.10511205190671431,0.00944128238633644,2,0,0,0.0,1,1,0.49921104536489225,3,,,,17741.0,17741.0,17741.0,0.0,0.49921104536489225,1,1,,1.0,0.0,176.57999999999993,2,4511.235,4561.935,1,0,0,0,0.0,0,0,0,0,1
17752,2026-01-20 10:00:00+00:00,bull,2880,17744,17743,17744,4598.64,4653.075,54.43499999999949,1.4851104591063191,0.5702847966197867,9,0.5946035575013605,0.09147943946547167,2,0,0,0.0,1,0,0.0,1,,,,,,,0.0,0.0,1,1,,,0.0,0.0,3,4598.64,4653.075,1,0,0,0,0.0,0,0,0,0,1
17752,2026-01-20 10:00:00+00:00,bull,2881,17751,17751,17751,4676.22,4705.71,29.48999999999978,0.9308788640968702,0.6370243493626364,1,0.9438743126816935,0.29867783275125936,1,2881,0,0.0,1,0,0.0,1,,,,,,,0.0,0.0,1,1,,,0.0,0.0,4,4676.22,4705.71,1,0,0,0,0.0,0,0,0,1,1
17753,2026-01-20 14:00:00+00:00,bull,2875,17706,17706,17706,4436.175,4444.785,8.609999999999673,0.25191297646775385,0.48663379449540306,47,0.06621644339745596,0.0029532936620768322,1,2875,0,0.0,1,0,0.0,1,,,,,,,0.0,0.0,1,1,,,0.0,0.0,1,4436.175,4444.785,1,0,0,0,0.0,0,0,0,0,1
17753,2026-01-20 14:00:00+00:00,bull,2877,17714,17713,17714,4511.235,4561.935,50.70000000000073,1.4487453591454766,0.5963609441068125,40,0.09921256574801246,0.008197178332555146,2,0,0,0.0,1,1,0.49921104536489225,3,,,,17741.0,17741.0,17741.0,0.0,0.49921104536489225,1,1,,1.0,0.0,200.625,2,4511.235,4561.935,1,0,0,0,0.0,0,0,0,0,1
17753,2026-01-20 14:00:00+00:00,bull,2880,17744,17743,17744,4598.64,4653.075,54.43499999999949,1.4851104591063191,0.5702847966197867,10,0.5612310241546865,0.07366487799428721,2,0,0,0.0,1,0,0.0,1,,,,,,,0.0,0.0,1,1,,,0.0,0.0,3,4598.64,4653.075,1,0,0,0,0.0,0,0,0,0,1
17753,2026-01-20 14:00:00+00:00,bull,2881,17751,17751,17751,4676.22,4705.71,29.48999999999978,0.9308788640968702,0.6370243493626364,2,0.8908987181403393,0.21132298037702613,1,2881,0,0.0,1,0,0.0,1,,,,,,,0.0,0.0,1,1,,,0.0,0.0,4,4676.22,4705.71,1,0,0,0,0.0,0,0,0,1,1
17754,2026-01-20 18:00:00+00:00,bull,2877,17714,17713,17714,4511.235,4561.935,50.70000000000073,1.4487453591454766,0.5963609441068125,41,0.09364419230479261,0.007401314636953069,2,0,0,0.0,1,1,0.49921104536489225,3,,,,17741.0,17741.0,17741.0,0.0,0.49921104536489225,1,1,,1.0,0.0,204.35999999999967,1,4511.235,4561.935,1,0,0,0,0.0,0,0,0,0,1
17754,2026-01-20 18:00:00+00:00,bull,2880,17744,17743,17744,4598.64,4653.075,54.43499999999949,1.4851104591063191,0.5702847966197867,11,0.5297315471796477,0.0658661250585421,2,0,0,0.0,1,0,0.0,1,,,,,,,0.0,0.0,1,1,,,0.0,0.0,2,4598.64,4653.075,1,0,0,0,0.0,0,0,0,0,1
17754,2026-01-20 18:00:00+00:00,bull,2881,17751,17751,17751,4676.22,4705.71,29.48999999999978,0.9308788640968702,0.6370243493626364,3,0.8408964152537145,0.18614174080401824,1,2881,0,0.0,1,0,0.0,1,,,,,,,0.0,0.0,1,1,,,0.0,0.0,3,4676.22,4705.71,1,0,0,0,0.0,0,0,0,0,1
17754,2026-01-20 18:00:00+00:00,bull,2882,17754,17754,17754,4738.515,4747.445,8.929999999999382,0.28991023706672764,0.3951573564067182,0,1.0,0.2594862901159077,1,2882,0,0.0,1,0,0.0,1,,,,,,,0.0,0.0,1,1,,,0.0,0.0,4,4738.515,4747.445,1,0,0,0,0.0,0,0,0,1,1
17755,2026-01-20 22:00:00+00:00,bull,2877,17714,17713,17714,4511.235,4561.935,50.70000000000073,1.4487453591454766,0.5963609441068125,42,0.08838834764831845,0.005949162584711748,2,0,0,0.0,1,1,0.49921104536489225,3,,,,17741.0,17741.0,17741.0,0.0,0.49921104536489225,1,1,,1.0,0.0,282.35499999999956,1,4511.235,4561.935,1,0,0,0,0.0,0,0,0,0,1
17755,2026-01-20 22:00:00+00:00,bull,2880,17744,17743,17744,4598.64,4653.075,54.43499999999949,1.4851104591063191,0.5702847966197867,12,0.5,0.045702512567299125,2,0,0,0.0,1,0,0.0,1,,,,,,,0.0,0.0,1,1,,,0.0,0.0,2,4598.64,4653.075,1,0,0,0,0.0,0,0,0,0,1
17755,2026-01-20 22:00:00+00:00,bull,2881,17751,17751,17751,4676.22,4705.71,29.48999999999978,0.9308788640968702,0.6370243493626364,4,0.7937005259840998,0.106999770428306,1,2881,0,0.0,1,0,0.0,1,,,,,,,0.0,0.0,1,1,,,0.0,0.0,3,4676.22,4705.71,1,0,0,0,0.0,0,0,0,1,1
17755,2026-01-20 22:00:00+00:00,bull,2882,17754,17754,17754,4738.515,4747.445,8.929999999999382,0.28991023706672764,0.3951573564067182,1,0.9438743126816935,0.1058096313491421,1,2882,0,0.0,1,0,0.0,1,,,,,,,0.0,0.0,1,1,,,0.0,0.0,4,4738.515,4747.445,1,0,0,0,0.0,0,0,0,0,1
17756,2026-01-21 02:00:00+00:00,bull,2877,17714,17713,17714,4511.235,4561.935,50.70000000000073,1.4487453591454766,0.5963609441068125,43,0.08342749088562713,0.005286973178871957,2,0,0,0.0,1,1,0.49921104536489225,3,,,,17741.0,17741.0,17741.0,0.0,0.49921104536489225,1,1,,1.0,0.0,316.3149999999996,1,4511.235,4561.935,1,0,0,0,0.0,0,0,0,0,1
17756,2026-01-21 02:00:00+00:00,bull,2880,17744,17743,17744,4598.64,4653.075,54.43499999999949,1.4851104591063191,0.5702847966197867,13,0.47193715634084676,0.03887494759918364,2,0,0,0.0,1,0,0.0,1,,,,,,,0.0,0.0,1,1,,,0.0,0.0,2,4598.64,4653.075,1,0,0,0,0.0,0,0,0,0,1
17756,2026-01-21 02:00:00+00:00,bull,2881,17751,17751,17751,4676.22,4705.71,29.48999999999978,0.9308788640968702,0.6370243493626364,5,0.7491535384383408,0.08697863424315615,1,2881,0,0.0,1,0,0.0,1,,,,,,,0.0,0.0,1,1,,,0.0,0.0,3,4676.22,4705.71,1,0,0,0,0.0,0,0,0,0,1
17756,2026-01-21 02:00:00+00:00,bull,2882,17754,17754,17754,4738.515,4747.445,8.929999999999382,0.28991023706672764,0.3951573564067182,2,0.8908987181403393,0.0809716495249328,1,2882,0,0.0,1,0,0.0,1,,,,,,,0.0,0.0,1,1,,,0.0,0.0,4,4738.515,4747.445,1,0,0,0,0.0,0,0,0,0,1
17756,2026-01-21 02:00:00+00:00,bull,2883,17756,17756,17756,4766.295,4817.27,50.975000000000364,1.3911469190732324,0.7369253848599565,0,1.0,0.30174892387933183,1,2883,0,0.0,1,0,0.0,1,,,,,,,0.0,0.0,1,1,,,0.0,0.0,5,4766.295,4817.27,1,0,0,0,0.0,0,0,0,1,1
17757,2026-01-21 06:00:00+00:00,bull,2877,17714,17713,17714,4511.235,4561.935,50.70000000000073,1.4487453591454766,0.5963609441068125,44,0.07874506561842957,0.0053034117758969275,2,0,0,0.0,1,1,0.49921104536489225,3,,,,17741.0,17741.0,17741.0,0.0,0.49921104536489225,1,1,,1.0,0.0,326.6199999999999,1,4511.235,4561.935,1,0,0,0,0.0,0,0,0,0,1
17757,2026-01-21 06:00:00+00:00,bull,2880,17744,17743,17744,4598.64,4653.075,54.43499999999949,1.4851104591063191,0.5702847966197867,14,0.44544935907016964,0.03934262906236262,2,0,0,0.0,1,0,0.0,1,,,,,,,0.0,0.0,1,1,,,0.0,0.0,2,4598.64,4653.075,1,0,0,0,0.0,0,0,0,0,1
17757,2026-01-21 06:00:00+00:00,bull,2881,17751,17751,17751,4676.22,4705.71,29.48999999999978,0.9308788640968702,0.6370243493626364,6,0.7071067811865476,0.08880734139042076,1,2881,0,0.0,1,0,0.0,1,,,,,,,0.0,0.0,1,1,,,0.0,0.0,3,4676.22,4705.71,1,0,0,0,0.0,0,0,0,0,1
17757,2026-01-21 06:00:00+00:00,bull,2882,17754,17754,17754,4738.515,4747.445,8.929999999999382,0.28991023706672764,0.3951573564067182,3,0.8408964152537145,0.08361230183518394,1,2882,0,0.0,1,0,0.0,1,,,,,,,0.0,0.0,1,1,,,0.0,0.0,4,4738.515,4747.445,1,0,0,0,0.0,0,0,0,0,1
17757,2026-01-21 06:00:00+00:00,bull,2883,17756,17756,17756,4766.295,4817.27,50.975000000000364,1.3911469190732324,0.7369253848599565,1,0.9438743126816935,0.3254733497890668,1,2883,0,0.0,1,0,0.0,1,,,,,,,0.0,0.0,1,1,,,0.0,0.0,5,4766.295,4817.27,1,0,0,0,0.0,0,0,0,1,1
17758,2026-01-21 10:00:00+00:00,bull,2877,17714,17713,17714,4511.235,4561.935,50.70000000000073,1.4487453591454766,0.5963609441068125,45,0.07432544468767006,0.004636953616741432,2,0,0,0.0,1,1,0.49921104536489225,3,,,,17741.0,17741.0,17741.0,0.0,0.49921104536489225,1,1,,1.0,0.0,326.6199999999999,1,4511.235,4561.935,1,0,0,0,0.0,0,0,0,0,1
17758,2026-01-21 10:00:00+00:00,bull,2880,17744,17743,17744,4598.64,4653.075,54.43499999999949,1.4851104591063191,0.5702847966197867,15,0.42044820762685725,0.033764395042172206,2,0,0,0.0,1,0,0.0,1,,,,,,,0.0,0.0,1,1,,,0.0,0.0,2,4598.64,4653.075,1,0,0,0,0.0,0,0,0,0,1
17758,2026-01-21 10:00:00+00:00,bull,2881,17751,17751,17751,4676.22,4705.71,29.48999999999978,0.9308788640968702,0.6370243493626364,7,0.6674199270850172,0.07482483536899265,1,2881,0,0.0,1,0,0.0,1,,,,,,,0.0,0.0,1,1,,,0.0,0.0,3,4676.22,4705.71,1,0,0,0,0.0,0,0,0,0,1
17758,2026-01-21 10:00:00+00:00,bull,2882,17754,17754,17754,4738.515,4747.445,8.929999999999382,0.28991023706672764,0.3951573564067182,4,0.7937005259840998,0.06882956298497864,1,2882,0,0.0,1,0,0.0,1,,,,,,,0.0,0.0,1,1,,,0.0,0.0,4,4738.515,4747.445,1,0,0,0,0.0,0,0,0,0,1
17758,2026-01-21 10:00:00+00:00,bull,2883,17756,17756,17756,4766.295,4817.27,50.975000000000364,1.3911469190732324,0.7369253848599565,2,0.8908987181403393,0.24553427691291346,1,2883,0,0.0,1,0,0.0,1,,,,,,,0.0,0.0,1,1,,,0.0,0.0,5,4766.295,4817.27,1,0,0,0,0.0,0,0,0,1,1
17759,2026-01-21 14:00:00+00:00,bull,2877,17714,17713,17714,4511.235,4561.935,50.70000000000073,1.4487453591454766,0.5963609441068125,46,0.0701538780193358,0.00549608729370078,2,0,0,0.0,1,1,0.49921104536489225,3,,,,17741.0,17741.0,17741.0,0.0,0.49921104536489225,1,1,,1.0,0.0,326.6199999999999,1,4511.235,4561.935,1,0,0,0,0.0,0,0,0,0,1
17759,2026-01-21 14:00:00+00:00,bull,2880,17744,17743,17744,4598.64,4653.075,54.43499999999949,1.4851104591063191,0.5702847966197867,16,0.3968502629920499,0.04242082167230103,2,0,0,0.0,1,0,0.0,1,,,,,,,0.0,0.0,1,1,,,0.0,0.0,2,4598.64,4653.075,1,0,0,0,0.0,0,0,0,0,1
17759,2026-01-21 14:00:00+00:00,bull,2881,17751,17751,17751,4676.22,4705.71,29.48999999999978,0.9308788640968702,0.6370243493626364,8,0.6299605249474366,0.09982587599298368,1,2881,0,0.0,1,0,0.0,1,,,,,,,0.0,0.0,1,1,,,0.0,0.0,3,4676.22,4705.71,1,0,0,0,0.0,0,0,0,0,1
17759,2026-01-21 14:00:00+00:00,bull,2882,17754,17754,17754,4738.515,4747.445,8.929999999999382,0.28991023706672764,0.3951573564067182,5,0.7491535384383408,0.09943108353502002,1,2882,0,0.0,1,0,0.0,1,,,,,,,0.0,0.0,1,1,,,0.0,0.0,4,4738.515,4747.445,1,0,0,0,0.0,0,0,0,0,1
17759,2026-01-21 14:00:00+00:00,bull,2883,17756,17756,17756,4766.295,4817.27,50.975000000000364,1.3911469190732324,0.7369253848599565,3,0.8408964152537145,0.2764779604009328,1,2883,1,0.2860225600784842,3,1,0.2860225600784842,3,17759.0,17759.0,17759.0,17759.0,17759.0,17759.0,0.2860225600784842,0.2860225600784842,1,1,1.0,1.0,63.664999999999964,63.664999999999964,5,4766.295,4817.27,1,1,1,1,0.2860225600784842,1,0,0,1,1
17760,2026-01-21 18:00:00+00:00,bull,2877,17714,17713,17714,4511.235,4561.935,50.70000000000073,1.4487453591454766,0.5963609441068125,47,0.06621644339745596,0.005562941576016642,2,0,0,0.0,1,1,0.49921104536489225,3,,,,17741.0,17741.0,17741.0,0.0,0.49921104536489225,1,1,,1.0,0.0,326.6199999999999,1,4511.235,4561.935,1,0,0,0,0.0,0,0,0,0,1
17760,2026-01-21 18:00:00+00:00,bull,2880,17744,17743,17744,4598.64,4653.075,54.43499999999949,1.4851104591063191,0.5702847966197867,17,0.3745767692191704,0.042414881265364815,2,0,0,0.0,1,0,0.0,1,,,,,,,0.0,0.0,1,1,,,0.0,0.0,2,4598.64,4653.075,1,0,0,0,0.0,0,0,0,0,1
17760,2026-01-21 18:00:00+00:00,bull,2881,17751,17751,17751,4676.22,4705.71,29.48999999999978,0.9308788640968702,0.6370243493626364,9,0.5946035575013605,0.09850244504118444,1,2881,0,0.0,1,0,0.0,1,,,,,,,0.0,0.0,1,1,,,0.0,0.0,3,4676.22,4705.71,1,0,0,0,0.0,0,0,0,1,1
17760,2026-01-21 18:00:00+00:00,bull,2882,17754,17754,17754,4738.515,4747.445,8.929999999999382,0.28991023706672764,0.3951573564067182,6,0.7071067811865476,0.0963174963242853,1,2882,0,0.0,1,0,0.0,1,,,,,,,0.0,0.0,1,1,,,0.0,0.0,4,4738.515,4747.445,1,0,0,0,0.0,0,0,0,0,1
17761,2026-01-21 22:00:00+00:00,bull,2880,17744,17743,17744,4598.64,4653.075,54.43499999999949,1.4851104591063191,0.5702847966197867,18,0.3535533905932738,0.04795700262376792,2,0,0,0.0,1,0,0.0,1,,,,,,,0.0,0.0,1,1,,,0.0,0.0,1,4598.64,4653.075,1,0,0,0,0.0,0,0,0,0,1
17761,2026-01-21 22:00:00+00:00,bull,2881,17751,17751,17751,4676.22,4705.71,29.48999999999978,0.9308788640968702,0.6370243493626364,10,0.5612310241546865,0.11755094272134942,1,2881,0,0.0,1,0,0.0,1,,,,,,,0.0,0.0,1,1,,,0.0,0.0,2,4676.22,4705.71,1,0,0,0,0.0,0,0,0,0,1
17761,2026-01-21 22:00:00+00:00,bull,2882,17754,17754,17754,4738.515,4747.445,8.929999999999382,0.28991023706672764,0.3951573564067182,7,0.6674199270850172,0.12444550849107969,1,2882,0,0.0,1,0,0.0,1,,,,,,,0.0,0.0,1,1,,,0.0,0.0,3,4738.515,4747.445,1,0,0,0,0.0,0,0,0,1,1
17762,2026-01-22 02:00:00+00:00,bull,2880,17744,17743,17744,4598.64,4653.075,54.43499999999949,1.4851104591063191,0.5702847966197867,19,0.3337099635425086,0.04041964600648807,2,0,0,0.0,1,0,0.0,1,,,,,,,0.0,0.0,1,1,,,0.0,0.0,1,4598.64,4653.075,1,0,0,0,0.0,0,0,0,0,1
17762,2026-01-22 02:00:00+00:00,bull,2881,17751,17751,17751,4676.22,4705.71,29.48999999999978,0.9308788640968702,0.6370243493626364,11,0.5297315471796477,0.0950903032190744,1,2881,0,0.0,1,0,0.0,1,,,,,,,0.0,0.0,1,1,,,0.0,0.0,2,4676.22,4705.71,1,0,0,0,0.0,0,0,0,1,1
17762,2026-01-22 02:00:00+00:00,bull,2882,17754,17754,17754,4738.515,4747.445,8.929999999999382,0.28991023706672764,0.3951573564067182,8,0.6299605249474366,0.09467697335452209,1,2882,0,0.0,1,0,0.0,1,,,,,,,0.0,0.0,1,1,,,0.0,0.0,3,4738.515,4747.445,1,0,0,0,0.0,0,0,0,0,1
17763,2026-01-22 06:00:00+00:00,bull,2880,17744,17743,17744,4598.64,4653.075,54.43499999999949,1.4851104591063191,0.5702847966197867,20,0.3149802624737183,0.03687165647382697,2,0,0,0.0,1,0,0.0,1,,,,,,,0.0,0.0,1,1,,,0.0,0.0,1,4598.64,4653.075,1,0,0,0,0.0,0,0,0,0,1
17763,2026-01-22 06:00:00+00:00,bull,2881,17751,17751,17751,4676.22,4705.71,29.48999999999978,0.9308788640968702,0.6370243493626364,12,0.5,0.08669297401995518,1,2881,0,0.0,1,0,0.0,1,,,,,,,0.0,0.0,1,1,,,0.0,0.0,2,4676.22,4705.71,1,0,0,0,0.0,0,0,0,1,1
17763,2026-01-22 06:00:00+00:00,bull,2882,17754,17754,17754,4738.515,4747.445,8.929999999999382,0.28991023706672764,0.3951573564067182,9,0.5946035575013605,0.086244975279545,1,2882,0,0.0,1,0,0.0,1,,,,,,,0.0,0.0,1,1,,,0.0,0.0,3,4738.515,4747.445,1,0,0,0,0.0,0,0,0,0,1
17764,2026-01-22 10:00:00+00:00,bull,2880,17744,17743,17744,4598.64,4653.075,54.43499999999949,1.4851104591063191,0.5702847966197867,21,0.29730177875068026,0.03412999944765297,2,0,0,0.0,1,0,0.0,1,,,,,,,0.0,0.0,1,1,,,0.0,0.0,1,4598.64,4653.075,1,0,0,0,0.0,0,0,0,0,1
17764,2026-01-22 10:00:00+00:00,bull,2881,17751,17751,17751,4676.22,4705.71,29.48999999999978,0.9308788640968702,0.6370243493626364,13,0.47193715634084676,0.08053056866188422,1,2881,0,0.0,1,0,0.0,1,,,,,,,0.0,0.0,1,1,,,0.0,0.0,2,4676.22,4705.71,1,0,0,0,0.0,0,0,0,1,1
17764,2026-01-22 10:00:00+00:00,bull,2882,17754,17754,17754,4738.515,4747.445,8.929999999999382,0.28991023706672764,0.3951573564067182,10,0.5612310241546865,0.08051818016501773,1,2882,0,0.0,1,0,0.0,1,,,,,,,0.0,0.0,1,1,,,0.0,0.0,3,4738.515,4747.445,1,0,0,0,0.0,0,0,0,0,1
17765,2026-01-22 14:00:00+00:00,bull,2880,17744,17743,17744,4598.64,4653.075,54.43499999999949,1.4851104591063191,0.5702847966197867,22,0.28061551207734325,0.02461706260831584,2,0,0,0.0,1,0,0.0,1,,,,,,,0.0,0.0,1,1,,,0.0,0.0,1,4598.64,4653.075,1,0,0,0,0.0,0,0,0,0,1
17765,2026-01-22 14:00:00+00:00,bull,2881,17751,17751,17751,4676.22,4705.71,29.48999999999978,0.9308788640968702,0.6370243493626364,14,0.44544935907016964,0.0530422772010984,1,2881,0,0.0,1,0,0.0,1,,,,,,,0.0,0.0,1,1,,,0.0,0.0,2,4676.22,4705.71,1,0,0,0,0.0,0,0,0,1,1
17765,2026-01-22 14:00:00+00:00,bull,2882,17754,17754,17754,4738.515,4747.445,8.929999999999382,0.28991023706672764,0.3951573564067182,11,0.5297315471796477,0.04717731164657411,1,2882,0,0.0,1,0,0.0,1,,,,,,,0.0,0.0,1,1,,,0.0,0.0,3,4738.515,4747.445,1,0,0,0,0.0,0,0,0,0,1
17766,2026-01-22 18:00:00+00:00,bull,2880,17744,17743,17744,4598.64,4653.075,54.43499999999949,1.4851104591063191,0.5702847966197867,23,0.2648657735898238,0.02081319182267524,2,0,0,0.0,1,0,0.0,1,,,,,,,0.0,0.0,1,1,,,0.0,0.0,1,4598.64,4653.075,1,0,0,0,0.0,0,0,0,0,1
17766,2026-01-22 18:00:00+00:00,bull,2881,17751,17751,17751,4676.22,4705.71,29.48999999999978,0.9308788640968702,0.6370243493626364,15,0.42044820762685725,0.04394500665514,1,2881,0,0.0,1,0,0.0,1,,,,,,,0.0,0.0,1,1,,,0.0,0.0,2,4676.22,4705.71,1,0,0,0,0.0,0,0,0,0,1
17766,2026-01-22 18:00:00+00:00,bull,2882,17754,17754,17754,4738.515,4747.445,8.929999999999382,0.28991023706672764,0.3951573564067182,12,0.5,0.038194397831095545,1,2882,0,0.0,1,0,0.0,1,,,,,,,0.0,0.0,1,1,,,0.0,0.0,3,4738.515,4747.445,1,0,0,0,0.0,0,0,0,0,1
17766,2026-01-22 18:00:00+00:00,bull,2884,17766,17766,17766,4836.405,4901.44,65.03499999999985,1.4364550436774641,0.7770087512367047,0,1.0,0.43858562422240494,1,2884,0,0.0,1,0,0.0,1,,,,,,,0.0,0.0,1,1,,,0.0,0.0,4,4836.405,4901.44,1,0,0,0,0.0,0,0,0,1,1
17767,2026-01-22 22:00:00+00:00,bull,2880,17744,17743,17744,4598.64,4653.075,54.43499999999949,1.4851104591063191,0.5702847966197867,24,0.25,0.01843187457595016,2,0,0,0.0,1,0,0.0,1,,,,,,,0.0,0.0,1,1,,,0.0,0.0,1,4598.64,4653.075,1,0,0,0,0.0,0,0,0,0,1
17767,2026-01-22 22:00:00+00:00,bull,2881,17751,17751,17751,4676.22,4705.71,29.48999999999978,0.9308788640968702,0.6370243493626364,16,0.3968502629920499,0.03855675688155316,1,2881,0,0.0,1,0,0.0,1,,,,,,,0.0,0.0,1,1,,,0.0,0.0,2,4676.22,4705.71,1,0,0,0,0.0,0,0,0,0,1
17767,2026-01-22 22:00:00+00:00,bull,2882,17754,17754,17754,4738.515,4747.445,8.929999999999382,0.28991023706672764,0.3951573564067182,13,0.47193715634084676,0.03316961069033362,1,2882,0,0.0,1,0,0.0,1,,,,,,,0.0,0.0,1,1,,,0.0,0.0,3,4738.515,4747.445,1,0,0,0,0.0,0,0,0,0,1
17767,2026-01-22 22:00:00+00:00,bull,2884,17766,17766,17766,4836.405,4901.44,65.03499999999985,1.4364550436774641,0.7770087512367047,1,0.9438743126816935,0.3372431185564082,1,2884,0,0.0,1,0,0.0,1,,,,,,,0.0,0.0,1,1,,,0.0,0.0,4,4836.405,4901.44,1,0,0,0,0.0,0,0,0,1,1
17767,2026-01-22 22:00:00+00:00,bull,2885,17767,17767,17767,4906.32,4930.905,24.585000000000036,0.550404178601456,0.5011413447258325,0,1.0,0.330779500096343,1,2885,0,0.0,1,0,0.0,1,,,,,,,0.0,0.0,1,1,,,0.0,0.0,5,4906.32,4930.905,1,0,0,0,0.0,0,0,0,0,1
17768,2026-01-23 02:00:00+00:00,bull,2880,17744,17743,17744,4598.64,4653.075,54.43499999999949,1.4851104591063191,0.5702847966197867,25,0.23596857817042335,0.016691319941598545,2,0,0,0.0,1,0,0.0,1,,,,,,,0.0,0.0,1,1,,,0.0,0.0,1,4598.64,4653.075,1,0,0,0,0.0,0,0,0,0,1
17768,2026-01-23 02:00:00+00:00,bull,2881,17751,17751,17751,4676.22,4705.71,29.48999999999978,0.9308788640968702,0.6370243493626364,17,0.3745767692191704,0.034814339327248985,1,2881,0,0.0,1,0,0.0,1,,,,,,,0.0,0.0,1,1,,,0.0,0.0,2,4676.22,4705.71,1,0,0,0,0.0,0,0,0,0,1
17768,2026-01-23 02:00:00+00:00,bull,2882,17754,17754,17754,4738.515,4747.445,8.929999999999382,0.28991023706672764,0.3951573564067182,14,0.44544935907016964,0.029855467820629988,1,2882,0,0.0,1,0,0.0,1,,,,,,,0.0,0.0,1,1,,,0.0,0.0,3,4738.515,4747.445,1,0,0,0,0.0,0,0,0,0,1
17768,2026-01-23 02:00:00+00:00,bull,2884,17766,17766,17766,4836.405,4901.44,65.03499999999985,1.4364550436774641,0.7770087512367047,2,0.8908987181403393,0.2932416661243808,1,2884,0,0.0,1,0,0.0,1,,,,,,,0.0,0.0,1,1,,,0.0,0.0,4,4836.405,4901.44,1,0,0,0,0.0,0,0,0,1,1
17768,2026-01-23 02:00:00+00:00,bull,2885,17767,17767,17767,4906.32,4930.905,24.585000000000036,0.550404178601456,0.5011413447258325,1,0.9438743126816935,0.2808508521115686,1,2885,0,0.0,1,0,0.0,1,,,,,,,0.0,0.0,1,1,,,0.0,0.0,5,4906.32,4930.905,1,0,0,0,0.0,0,0,0,0,1
17769,2026-01-23 06:00:00+00:00,bull,2880,17744,17743,17744,4598.64,4653.075,54.43499999999949,1.4851104591063191,0.5702847966197867,26,0.22272467953508485,0.018389172465442857,2,0,0,0.0,1,0,0.0,1,,,,,,,0.0,0.0,1,1,,,0.0,0.0,1,4598.64,4653.075,1,0,0,0,0.0,0,0,0,0,1
17769,2026-01-23 06:00:00+00:00,bull,2881,17751,17751,17751,4676.22,4705.71,29.48999999999978,0.9308788640968702,0.6370243493626364,18,0.3535533905932738,0.03925992089511546,1,2881,0,0.0,1,0,0.0,1,,,,,,,0.0,0.0,1,1,,,0.0,0.0,2,4676.22,4705.71,1,0,0,0,0.0,0,0,0,0,1
17769,2026-01-23 06:00:00+00:00,bull,2882,17754,17754,17754,4738.515,4747.445,8.929999999999382,0.28991023706672764,0.3951573564067182,15,0.42044820762685725,0.03455101889044814,1,2882,0,0.0,1,0,0.0,1,,,,,,,0.0,0.0,1,1,,,0.0,0.0,3,4738.515,4747.445,1,0,0,0,0.0,0,0,0,0,1
17769,2026-01-23 06:00:00+00:00,bull,2884,17766,17766,17766,4836.405,4901.44,65.03499999999985,1.4364550436774641,0.7770087512367047,3,0.8408964152537145,0.47201136755134054,1,2884,0,0.0,1,1,0.02298762204966394,3,,,,17769.0,17769.0,17769.0,0.0,0.02298762204966394,1,1,,1.0,0.0,61.80000000000018,4,4836.405,4901.44,1,1,0,0,0.0,1,1,0,1,1
17770,2026-01-23 10:00:00+00:00,bull,2880,17744,17743,17744,4598.64,4653.075,54.43499999999949,1.4851104591063191,0.5702847966197867,27,0.21022410381342863,0.016085034775849622,2,0,0,0.0,1,0,0.0,1,,,,,,,0.0,0.0,1,1,,,0.0,0.0,1,4598.64,4653.075,1,0,0,0,0.0,0,0,0,0,1
17770,2026-01-23 10:00:00+00:00,bull,2881,17751,17751,17751,4676.22,4705.71,29.48999999999978,0.9308788640968702,0.6370243493626364,19,0.3337099635425086,0.03392770020232782,1,2881,0,0.0,1,0,0.0,1,,,,,,,0.0,0.0,1,1,,,0.0,0.0,2,4676.22,4705.71,1,0,0,0,0.0,0,0,0,0,1
17770,2026-01-23 10:00:00+00:00,bull,2882,17754,17754,17754,4738.515,4747.445,8.929999999999382,0.28991023706672764,0.3951573564067182,16,0.3968502629920499,0.029454886992377808,1,2882,0,0.0,1,0,0.0,1,,,,,,,0.0,0.0,1,1,,,0.0,0.0,3,4738.515,4747.445,1,0,0,0,0.0,0,0,0,0,1
17770,2026-01-23 10:00:00+00:00,bull,2884,17766,17766,17766,4836.405,4901.44,65.03499999999985,1.4364550436774641,0.7770087512367047,4,0.7937005259840998,0.33348380948030093,1,2884,0,0.0,1,1,0.02298762204966394,3,,,,17769.0,17769.0,17769.0,0.0,0.02298762204966394,1,1,,1.0,0.0,61.80000000000018,4,4836.405,4901.44,1,0,0,0,0.0,0,0,0,1,1
17771,2026-01-23 14:00:00+00:00,bull,2880,17744,17743,17744,4598.64,4653.075,54.43499999999949,1.4851104591063191,0.5702847966197867,28,0.19842513149602492,0.014262900785764455,2,0,0,0.0,1,0,0.0,1,,,,,,,0.0,0.0,1,1,,,0.0,0.0,1,4598.64,4653.075,1,0,0,0,0.0,0,0,0,0,1
17771,2026-01-23 14:00:00+00:00,bull,2881,17751,17751,17751,4676.22,4705.71,29.48999999999978,0.9308788640968702,0.6370243493626364,20,0.3149802624737183,0.02965126619838692,1,2881,0,0.0,1,0,0.0,1,,,,,,,0.0,0.0,1,1,,,0.0,0.0,2,4676.22,4705.71,1,0,0,0,0.0,0,0,0,0,1
17771,2026-01-23 14:00:00+00:00,bull,2882,17754,17754,17754,4738.515,4747.445,8.929999999999382,0.28991023706672764,0.3951573564067182,17,0.3745767692191704,0.025337368700625564,1,2882,0,0.0,1,0,0.0,1,,,,,,,0.0,0.0,1,1,,,0.0,0.0,3,4738.515,4747.445,1,0,0,0,0.0,0,0,0,0,1
17771,2026-01-23 14:00:00+00:00,bull,2884,17766,17766,17766,4836.405,4901.44,65.03499999999985,1.4364550436774641,0.7770087512367047,5,0.7491535384383408,0.23972990873314587,1,2884,0,0.0,1,1,0.02298762204966394,3,,,,17769.0,17769.0,17769.0,0.0,0.02298762204966394,1,1,,1.0,0.0,86.90500000000065,4,4836.405,4901.44,1,0,0,0,0.0,0,0,0,1,1
17772,2026-01-23 18:00:00+00:00,bull,2880,17744,17743,17744,4598.64,4653.075,54.43499999999949,1.4851104591063191,0.5702847966197867,29,0.18728838460958522,0.01240783669132273,2,0,0,0.0,1,0,0.0,1,,,,,,,0.0,0.0,1,1,,,0.0,0.0,1,4598.64,4653.075,1,0,0,0,0.0,0,0,0,0,1
17772,2026-01-23 18:00:00+00:00,bull,2881,17751,17751,17751,4676.22,4705.71,29.48999999999978,0.9308788640968702,0.6370243493626364,21,0.29730177875068026,0.02553867833088615,1,2881,0,0.0,1,0,0.0,1,,,,,,,0.0,0.0,1,1,,,0.0,0.0,2,4676.22,4705.71,1,0,0,0,0.0,0,0,0,0,1
17772,2026-01-23 18:00:00+00:00,bull,2882,17754,17754,17754,4738.515,4747.445,8.929999999999382,0.28991023706672764,0.3951573564067182,18,0.3535533905932738,0.02159227888546496,1,2882,0,0.0,1,0,0.0,1,,,,,,,0.0,0.0,1,1,,,0.0,0.0,3,4738.515,4747.445,1,0,0,0,0.0,0,0,0,0,1
17772,2026-01-23 18:00:00+00:00,bull,2884,17766,17766,17766,4836.405,4901.44,65.03499999999985,1.4364550436774641,0.7770087512367047,6,0.7071067811865476,0.18425431900715866,1,2884,0,0.0,1,1,0.02298762204966394,3,,,,17769.0,17769.0,17769.0,0.0,0.02298762204966394,1,1,,1.0,0.0,88.5600000000004,4,4836.405,4901.44,1,0,0,0,0.0,0,0,0,1,1
17772,2026-01-23 18:00:00+00:00,bull,2886,17772,17772,17772,4947.945,4958.42,10.475000000000364,0.23728899361866818,0.3007346085017789,0,1.0,0.17782955969388942,1,2886,0,0.0,1,0,0.0,1,,,,,,,0.0,0.0,1,1,,,0.0,0.0,5,4947.945,4958.42,1,0,0,0,0.0,0,0,0,0,1
17773,2026-01-25 22:00:00+00:00,bull,2880,17744,17743,17744,4598.64,4653.075,54.43499999999949,1.4851104591063191,0.5702847966197867,30,0.1767766952966369,0.010363866474969634,2,0,0,0.0,1,0,0.0,1,,,,,,,0.0,0.0,1,1,,,0.0,0.0,1,4598.64,4653.075,1,0,0,0,0.0,0,0,0,0,1
17773,2026-01-25 22:00:00+00:00,bull,2881,17751,17751,17751,4676.22,4705.71,29.48999999999978,0.9308788640968702,0.6370243493626364,22,0.28061551207734325,0.020716995132328664,1,2881,0,0.0,1,0,0.0,1,,,,,,,0.0,0.0,1,1,,,0.0,0.0,2,4676.22,4705.71,1,0,0,0,0.0,0,0,0,0,1
17773,2026-01-25 22:00:00+00:00,bull,2882,17754,17754,17754,4738.515,4747.445,8.929999999999382,0.28991023706672764,0.3951573564067182,19,0.3337099635425086,0.01699898787860002,1,2882,0,0.0,1,0,0.0,1,,,,,,,0.0,0.0,1,1,,,0.0,0.0,3,4738.515,4747.445,1,0,0,0,0.0,0,0,0,0,1
17773,2026-01-25 22:00:00+00:00,bull,2884,17766,17766,17766,4836.405,4901.44,65.03499999999985,1.4364550436774641,0.7770087512367047,7,0.6674199270850172,0.11415730966762946,1,2884,0,0.0,1,1,0.02298762204966394,3,,,,17769.0,17769.0,17769.0,0.0,0.02298762204966394,1,1,,1.0,0.0,184.27500000000055,4,4836.405,4901.44,1,0,0,0,0.0,0,0,0,0,1
17773,2026-01-25 22:00:00+00:00,bull,2886,17772,17772,17772,4947.945,4958.42,10.475000000000364,0.23728899361866818,0.3007346085017789,1,0.9438743126816935,0.08464896894826505,1,2886,0,0.0,1,0,0.0,1,,,,,,,0.0,0.0,1,1,,,0.0,0.0,5,4947.945,4958.42,1,0,0,0,0.0,0,0,0,0,1
17773,2026-01-25 22:00:00+00:00,bull,2887,17773,17773,17773,4988.345,5004.015,15.670000000000073,0.32710900668279,0.43948651488470175,0,1.0,0.1830021158680265,1,2887,0,0.0,1,0,0.0,1,,,,,,,0.0,0.0,1,1,,,0.0,0.0,6,4988.345,5004.015,1,0,0,0,0.0,0,0,0,1,1
17774,2026-01-26 02:00:00+00:00,bull,2880,17744,17743,17744,4598.64,4653.075,54.43499999999949,1.4851104591063191,0.5702847966197867,31,0.16685498177125427,0.009618160737828622,2,0,0,0.0,1,0,0.0,1,,,,,,,0.0,0.0,1,1,,,0.0,0.0,1,4598.64,4653.075,1,0,0,0,0.0,0,0,0,0,1
17774,2026-01-26 02:00:00+00:00,bull,2881,17751,17751,17751,4676.22,4705.71,29.48999999999978,0.9308788640968702,0.6370243493626364,23,0.2648657735898238,0.019212005178539028,1,2881,0,0.0,1,0,0.0,1,,,,,,,0.0,0.0,1,1,,,0.0,0.0,2,4676.22,4705.71,1,0,0,0,0.0,0,0,0,0,1
17774,2026-01-26 02:00:00+00:00,bull,2882,17754,17754,17754,4738.515,4747.445,8.929999999999382,0.28991023706672764,0.3951573564067182,20,0.3149802624737183,0.015752402582207246,1,2882,0,0.0,1,0,0.0,1,,,,,,,0.0,0.0,1,1,,,0.0,0.0,3,4738.515,4747.445,1,0,0,0,0.0,0,0,0,0,1
17774,2026-01-26 02:00:00+00:00,bull,2884,17766,17766,17766,4836.405,4901.44,65.03499999999985,1.4364550436774641,0.7770087512367047,8,0.6299605249474366,0.10523884065330909,1,2884,0,0.0,1,1,0.02298762204966394,3,,,,17769.0,17769.0,17769.0,0.0,0.02298762204966394,1,1,,1.0,0.0,191.6150000000007,4,4836.405,4901.44,1,0,0,0,0.0,0,0,0,0,1
17774,2026-01-26 02:00:00+00:00,bull,2886,17772,17772,17772,4947.945,4958.42,10.475000000000364,0.23728899361866818,0.3007346085017789,2,0.8908987181403393,0.07769196446967895,1,2886,0,0.0,1,0,0.0,1,,,,,,,0.0,0.0,1,1,,,0.0,0.0,5,4947.945,4958.42,1,0,0,0,0.0,0,0,0,0,1
17774,2026-01-26 02:00:00+00:00,bull,2888,17774,17773,17774,4988.345,5052.505,64.15999999999985,1.3192498732055695,0.6291278944125148,1,0.9438743126816935,0.4059581542572951,2,0,0,0.0,1,0,0.0,1,,,,,,,0.0,0.0,1,1,,,0.0,0.0,6,4988.345,5052.505,1,0,0,0,0.0,0,0,0,1,1
17775,2026-01-26 06:00:00+00:00,bull,2880,17744,17743,17744,4598.64,4653.075,54.43499999999949,1.4851104591063191,0.5702847966197867,32,0.15749013123685915,0.008879859736521424,2,0,0,0.0,1,0,0.0,1,,,,,,,0.0,0.0,1,1,,,0.0,0.0,1,4598.64,4653.075,1,0,0,0,0.0,0,0,0,0,1
17775,2026-01-26 06:00:00+00:00,bull,2881,17751,17751,17751,4676.22,4705.71,29.48999999999978,0.9308788640968702,0.6370243493626364,24,0.25,0.017692438180291207,1,2881,0,0.0,1,0,0.0,1,,,,,,,0.0,0.0,1,1,,,0.0,0.0,2,4676.22,4705.71,1,0,0,0,0.0,0,0,0,0,1
17775,2026-01-26 06:00:00+00:00,bull,2882,17754,17754,17754,4738.515,4747.445,8.929999999999382,0.28991023706672764,0.3951573564067182,21,0.29730177875068026,0.01447016149087472,1,2882,0,0.0,1,0,0.0,1,,,,,,,0.0,0.0,1,1,,,0.0,0.0,3,4738.515,4747.445,1,0,0,0,0.0,0,0,0,0,1
17775,2026-01-26 06:00:00+00:00,bull,2884,17766,17766,17766,4836.405,4901.44,65.03499999999985,1.4364550436774641,0.7770087512367047,9,0.5946035575013605,0.09501546482783546,1,2884,0,0.0,1,1,0.02298762204966394,3,,,,17769.0,17769.0,17769.0,0.0,0.02298762204966394,1,1,,1.0,0.0,210.3100000000004,4,4836.405,4901.44,1,0,0,0,0.0,0,0,0,0,1
17775,2026-01-26 06:00:00+00:00,bull,2886,17772,17772,17772,4947.945,4958.42,10.475000000000364,0.23728899361866818,0.3007346085017789,3,0.8408964152537145,0.0691399399418085,1,2886,0,0.0,1,0,0.0,1,,,,,,,0.0,0.0,1,1,,,0.0,0.0,5,4947.945,4958.42,1,0,0,0,0.0,0,0,0,0,1
17775,2026-01-26 06:00:00+00:00,bull,2888,17774,17773,17774,4988.345,5052.505,64.15999999999985,1.3192498732055695,0.6291278944125148,2,0.8908987181403393,0.3360041740876487,2,0,0,0.0,1,0,0.0,1,,,,,,,0.0,0.0,1,1,,,0.0,0.0,6,4988.345,5052.505,1,0,0,0,0.0,0,0,0,1,1
17776,2026-01-26 10:00:00+00:00,bull,2880,17744,17743,17744,4598.64,4653.075,54.43499999999949,1.4851104591063191,0.5702847966197867,33,0.14865088937534013,0.008603539316495708,2,0,0,0.0,1,0,0.0,1,,,,,,,0.0,0.0,1,1,,,0.0,0.0,1,4598.64,4653.075,1,0,0,0,0.0,0,0,0,0,1
17776,2026-01-26 10:00:00+00:00,bull,2881,17751,17751,17751,4676.22,4705.71,29.48999999999978,0.9308788640968702,0.6370243493626364,25,0.23596857817042335,0.017214581368124888,1,2881,0,0.0,1,0,0.0,1,,,,,,,0.0,0.0,1,1,,,0.0,0.0,2,4676.22,4705.71,1,0,0,0,0.0,0,0,0,0,1
17776,2026-01-26 10:00:00+00:00,bull,2882,17754,17754,17754,4738.515,4747.445,8.929999999999382,0.28991023706672764,0.3951573564067182,22,0.28061551207734325,0.014138558965814799,1,2882,0,0.0,1,0,0.0,1,,,,,,,0.0,0.0,1,1,,,0.0,0.0,3,4738.515,4747.445,1,0,0,0,0.0,0,0,0,0,1
17776,2026-01-26 10:00:00+00:00,bull,2884,17766,17766,17766,4836.405,4901.44,65.03499999999985,1.4364550436774641,0.7770087512367047,10,0.5612310241546865,0.09558440256685329,1,2884,0,0.0,1,1,0.02298762204966394,3,,,,17769.0,17769.0,17769.0,0.0,0.02298762204966394,1,1,,1.0,0.0,210.3100000000004,4,4836.405,4901.44,1,0,0,0,0.0,0,0,0,0,1
17776,2026-01-26 10:00:00+00:00,bull,2886,17772,17772,17772,4947.945,4958.42,10.475000000000364,0.23728899361866818,0.3007346085017789,4,0.7937005259840998,0.0712859284527067,1,2886,0,0.0,1,0,0.0,1,,,,,,,0.0,0.0,1,1,,,0.0,0.0,5,4947.945,4958.42,1,0,0,0,0.0,0,0,0,0,1
17776,2026-01-26 10:00:00+00:00,bull,2888,17774,17773,17774,4988.345,5052.505,64.15999999999985,1.3192498732055695,0.6291278944125148,3,0.8408964152537145,0.3936094374757517,2,0,0,0.0,1,0,0.0,1,,,,,,,0.0,0.0,1,1,,,0.0,0.0,6,4988.345,5052.505,1,0,0,0,0.0,0,0,0,1,1
17777,2026-01-26 14:00:00+00:00,bull,2880,17744,17743,17744,4598.64,4653.075,54.43499999999949,1.4851104591063191,0.5702847966197867,34,0.1403077560386716,0.007587876975591181,2,0,0,0.0,1,0,0.0,1,,,,,,,0.0,0.0,1,1,,,0.0,0.0,1,4598.64,4653.075,1,0,0,0,0.0,0,0,0,0,1
17777,2026-01-26 14:00:00+00:00,bull,2881,17751,17751,17751,4676.22,4705.71,29.48999999999978,0.9308788640968702,0.6370243493626364,26,0.22272467953508485,0.015055611405787383,1,2881,0,0.0,1,0,0.0,1,,,,,,,0.0,0.0,1,1,,,0.0,0.0,2,4676.22,4705.71,1,0,0,0,0.0,0,0,0,0,1
17777,2026-01-26 14:00:00+00:00,bull,2882,17754,17754,17754,4738.515,4747.445,8.929999999999382,0.28991023706672764,0.3951573564067182,23,0.2648657735898238,0.012263373094271503,1,2882,0,0.0,1,0,0.0,1,,,,,,,0.0,0.0,1,1,,,0.0,0.0,3,4738.515,4747.445,1,0,0,0,0.0,0,0,0,0,1
17777,2026-01-26 14:00:00+00:00,bull,2884,17766,17766,17766,4836.405,4901.44,65.03499999999985,1.4364550436774641,0.7770087512367047,11,0.5297315471796477,0.07834341702839753,1,2884,0,0.0,1,1,0.02298762204966394,3,,,,17769.0,17769.0,17769.0,0.0,0.02298762204966394,1,1,,1.0,0.0,210.3100000000004,4,4836.405,4901.44,1,0,0,0,0.0,0,0,0,0,1
17777,2026-01-26 14:00:00+00:00,bull,2886,17772,17772,17772,4947.945,4958.42,10.475000000000364,0.23728899361866818,0.3007346085017789,5,0.7491535384383408,0.05576728060361051,1,2886,0,0.0,1,0,0.0,1,,,,,,,0.0,0.0,1,1,,,0.0,0.0,5,4947.945,4958.42,1,0,0,0,0.0,0,0,0,0,1
17777,2026-01-26 14:00:00+00:00,bull,2888,17774,17773,17774,4988.345,5052.505,64.15999999999985,1.3192498732055695,0.6291278944125148,4,0.7937005259840998,0.24531461160241638,2,0,0,0.0,1,0,0.0,1,,,,,,,0.0,0.0,1,1,,,0.0,0.0,6,4988.345,5052.505,1,0,0,0,0.0,0,0,0,1,1
17778,2026-01-26 18:00:00+00:00,bull,2880,17744,17743,17744,4598.64,4653.075,54.43499999999949,1.4851104591063191,0.5702847966197867,35,0.1324328867949119,0.009581231384828783,2,0,0,0.0,1,0,0.0,1,,,,,,,0.0,0.0,1,1,,,0.0,0.0,1,4598.64,4653.075,1,0,0,0,0.0,0,0,0,0,1
17778,2026-01-26 18:00:00+00:00,bull,2881,17751,17751,17751,4676.22,4705.71,29.48999999999978,0.9308788640968702,0.6370243493626364,27,0.21022410381342863,0.019511341798662915,1,2881,0,0.0,1,0,0.0,1,,,,,,,0.0,0.0,1,1,,,0.0,0.0,2,4676.22,4705.71,1,0,0,0,0.0,0,0,0,0,1
17778,2026-01-26 18:00:00+00:00,bull,2882,17754,17754,17754,4738.515,4747.445,8.929999999999382,0.28991023706672764,0.3951573564067182,24,0.25,0.016313578545220173,1,2882,0,0.0,1,0,0.0,1,,,,,,,0.0,0.0,1,1,,,0.0,0.0,3,4738.515,4747.445,1,0,0,0,0.0,0,0,0,0,1
17778,2026-01-26 18:00:00+00:00,bull,2884,17766,17766,17766,4836.405,4901.44,65.03499999999985,1.4364550436774641,0.7770087512367047,12,0.5,0.1263638236800364,1,2884,0,0.0,1,1,0.02298762204966394,3,,,,17769.0,17769.0,17769.0,0.0,0.02298762204966394,1,1,,1.0,0.0,210.3100000000004,4,4836.405,4901.44,1,0,0,0,0.0,0,0,0,0,1
17778,2026-01-26 18:00:00+00:00,bull,2886,17772,17772,17772,4947.945,4958.42,10.475000000000364,0.23728899361866818,0.3007346085017789,6,0.7071067811865476,0.10786687317608744,1,2886,0,0.0,1,0,0.0,1,,,,,,,0.0,0.0,1,1,,,0.0,0.0,5,4947.945,4958.42,1,0,0,0,0.0,0,0,0,0,1
17778,2026-01-26 18:00:00+00:00,bull,2888,17774,17773,17774,4988.345,5052.505,64.15999999999985,1.3192498732055695,0.6291278944125148,5,0.7491535384383408,0.1413940164688195,2,0,1,0.9698410224438981,3,1,0.9698410224438981,3,17778.0,17778.0,17778.0,17778.0,17778.0,17778.0,0.9698410224438981,0.9698410224438981,0,0,0.0,0.0,50.76000000000022,50.76000000000022,6,4988.345,5052.505,1,1,1,1,0.9698410224438981,1,0,0,1,1
17779,2026-01-26 22:00:00+00:00,bull,2880,17744,17743,17744,4598.64,4653.075,54.43499999999949,1.4851104591063191,0.5702847966197867,36,0.125,0.008179227911045665,2,0,0,0.0,1,0,0.0,1,,,,,,,0.0,0.0,1,1,,,0.0,0.0,1,4598.64,4653.075,1,0,0,0,0.0,0,0,0,0,1
17779,2026-01-26 22:00:00+00:00,bull,2881,17751,17751,17751,4676.22,4705.71,29.48999999999978,0.9308788640968702,0.6370243493626364,28,0.19842513149602492,0.016377554942103016,1,2881,0,0.0,1,0,0.0,1,,,,,,,0.0,0.0,1,1,,,0.0,0.0,2,4676.22,4705.71,1,0,0,0,0.0,0,0,0,0,1
17779,2026-01-26 22:00:00+00:00,bull,2882,17754,17754,17754,4738.515,4747.445,8.929999999999382,0.28991023706672764,0.3951573564067182,25,0.23596857817042335,0.013460903081094835,1,2882,0,0.0,1,0,0.0,1,,,,,,,0.0,0.0,1,1,,,0.0,0.0,3,4738.515,4747.445,1,0,0,0,0.0,0,0,0,0,1
17779,2026-01-26 22:00:00+00:00,bull,2884,17766,17766,17766,4836.405,4901.44,65.03499999999985,1.4364550436774641,0.7770087512367047,13,0.47193715634084676,0.09147396475527578,1,2884,0,0.0,1,1,0.02298762204966394,3,,,,17769.0,17769.0,17769.0,0.0,0.02298762204966394,1,1,,1.0,0.0,210.3100000000004,4,4836.405,4901.44,1,0,0,0,0.0,0,0,0,0,1
17779,2026-01-26 22:00:00+00:00,bull,2886,17772,17772,17772,4947.945,4958.42,10.475000000000364,0.23728899361866818,0.3007346085017789,7,0.6674199270850172,0.06852771803605127,1,2886,0,0.0,1,0,0.0,1,,,,,,,0.0,0.0,1,1,,,0.0,0.0,5,4947.945,4958.42,1,0,0,0,0.0,0,0,0,0,1
17779,2026-01-26 22:00:00+00:00,bull,2888,17774,17773,17774,4988.345,5052.505,64.15999999999985,1.3192498732055695,0.6291278944125148,6,0.7071067811865476,0.1164542111614495,2,0,2,0.9698410224438981,3,2,0.9698410224438981,3,17778.0,17779.0,17778.0,17778.0,17779.0,17778.0,0.9698410224438981,0.9698410224438981,0,0,1.0,1.0,23.329999999999927,23.329999999999927,6,4988.345,5052.505,1,1,1,1,0.0,1,0,0,1,1
17780,2026-01-27 02:00:00+00:00,bull,2880,17744,17743,17744,4598.64,4653.075,54.43499999999949,1.4851104591063191,0.5702847966197867,37,0.11798428908521168,0.00720460650283886,2,0,0,0.0,1,0,0.0,1,,,,,,,0.0,0.0,1,1,,,0.0,0.0,1,4598.64,4653.075,1,0,0,0,0.0,0,0,0,0,1
17780,2026-01-27 02:00:00+00:00,bull,2881,17751,17751,17751,4676.22,4705.71,29.48999999999978,0.9308788640968702,0.6370243493626364,29,0.18728838460958522,0.014342415887462384,1,2881,0,0.0,1,0,0.0,1,,,,,,,0.0,0.0,1,1,,,0.0,0.0,2,4676.22,4705.71,1,0,0,0,0.0,0,0,0,0,1
17780,2026-01-27 02:00:00+00:00,bull,2882,17754,17754,17754,4738.515,4747.445,8.929999999999382,0.28991023706672764,0.3951573564067182,26,0.22272467953508485,0.011720422921816567,1,2882,0,0.0,1,0,0.0,1,,,,,,,0.0,0.0,1,1,,,0.0,0.0,3,4738.515,4747.445,1,0,0,0,0.0,0,0,0,0,1
17780,2026-01-27 02:00:00+00:00,bull,2884,17766,17766,17766,4836.405,4901.44,65.03499999999985,1.4364550436774641,0.7770087512367047,14,0.44544935907016964,0.07652108612630959,1,2884,0,0.0,1,1,0.02298762204966394,3,,,,17769.0,17769.0,17769.0,0.0,0.02298762204966394,1,1,,1.0,0.0,210.3100000000004,4,4836.405,4901.44,1,0,0,0,0.0,0,0,0,0,1
17780,2026-01-27 02:00:00+00:00,bull,2886,17772,17772,17772,4947.945,4958.42,10.475000000000364,0.23728899361866818,0.3007346085017789,8,0.6299605249474366,0.055422611750964544,1,2886,0,0.0,1,0,0.0,1,,,,,,,0.0,0.0,1,1,,,0.0,0.0,5,4947.945,4958.42,1,0,0,0,0.0,0,0,0,0,1
17780,2026-01-27 02:00:00+00:00,bull,2888,17774,17773,17774,4988.345,5052.505,64.15999999999985,1.3192498732055695,0.6291278944125148,7,0.6674199270850172,0.07902948298121026,2,0,3,0.9698410224438981,3,3,0.9698410224438981,3,17778.0,17780.0,17778.0,17778.0,17780.0,17778.0,0.9698410224438981,0.9698410224438981,0,0,1.0,1.0,33.13000000000011,33.13000000000011,6,4988.345,5052.505,1,1,1,1,0.0,1,0,0,1,1
17781,2026-01-27 06:00:00+00:00,bull,2880,17744,17743,17744,4598.64,4653.075,54.43499999999949,1.4851104591063191,0.5702847966197867,38,0.11136233976754242,0.006394820741381249,2,0,0,0.0,1,0,0.0,1,,,,,,,0.0,0.0,1,1,,,0.0,0.0,1,4598.64,4653.075,1,0,0,0,0.0,0,0,0,0,1
17781,2026-01-27 06:00:00+00:00,bull,2881,17751,17751,17751,4676.22,4705.71,29.48999999999978,0.9308788640968702,0.6370243493626364,30,0.1767766952966369,0.012687891454243953,1,2881,0,0.0,1,0,0.0,1,,,,,,,0.0,0.0,1,1,,,0.0,0.0,2,4676.22,4705.71,1,0,0,0,0.0,0,0,0,0,1
17781,2026-01-27 06:00:00+00:00,bull,2882,17754,17754,17754,4738.515,4747.445,8.929999999999382,0.28991023706672764,0.3951573564067182,27,0.21022410381342863,0.010334377203565302,1,2882,0,0.0,1,0,0.0,1,,,,,,,0.0,0.0,1,1,,,0.0,0.0,3,4738.515,4747.445,1,0,0,0,0.0,0,0,0,0,1
17781,2026-01-27 06:00:00+00:00,bull,2884,17766,17766,17766,4836.405,4901.44,65.03499999999985,1.4364550436774641,0.7770087512367047,15,0.42044820762685725,0.06600341927906808,1,2884,0,0.0,1,1,0.02298762204966394,3,,,,17769.0,17769.0,17769.0,0.0,0.02298762204966394,1,1,,1.0,0.0,210.3100000000004,4,4836.405,4901.44,1,0,0,0,0.0,0,0,0,1,1
17781,2026-01-27 06:00:00+00:00,bull,2886,17772,17772,17772,4947.945,4958.42,10.475000000000364,0.23728899361866818,0.3007346085017789,9,0.5946035575013605,0.0469739499578901,1,2886,0,0.0,1,0,0.0,1,,,,,,,0.0,0.0,1,1,,,0.0,0.0,5,4947.945,4958.42,1,0,0,0,0.0,0,0,0,0,1
17781,2026-01-27 06:00:00+00:00,bull,2888,17774,17773,17774,4988.345,5052.505,64.15999999999985,1.3192498732055695,0.6291278944125148,8,0.6299605249474366,0.061937635987305235,2,0,3,0.9698410224438981,3,3,0.9698410224438981,3,17778.0,17780.0,17778.0,17778.0,17780.0,17778.0,0.9698410224438981,0.9698410224438981,0,0,1.0,1.0,48.55999999999949,48.55999999999949,6,4988.345,5052.505,1,0,0,0,0.0,0,0,0,0,1
17782,2026-01-27 10:00:00+00:00,bull,2880,17744,17743,17744,4598.64,4653.075,54.43499999999949,1.4851104591063191,0.5702847966197867,39,0.10511205190671431,0.006155890086074404,2,0,0,0.0,1,0,0.0,1,,,,,,,0.0,0.0,1,1,,,0.0,0.0,1,4598.64,4653.075,1,0,0,0,0.0,0,0,0,0,1
17782,2026-01-27 10:00:00+00:00,bull,2881,17751,17751,17751,4676.22,4705.71,29.48999999999978,0.9308788640968702,0.6370243493626364,31,0.16685498177125427,0.012282624173465984,1,2881,0,0.0,1,0,0.0,1,,,,,,,0.0,0.0,1,1,,,0.0,0.0,2,4676.22,4705.71,1,0,0,0,0.0,0,0,0,0,1
17782,2026-01-27 10:00:00+00:00,bull,2882,17754,17754,17754,4738.515,4747.445,8.929999999999382,0.28991023706672764,0.3951573564067182,28,0.19842513149602492,0.010059789671263288,1,2882,0,0.0,1,0,0.0,1,,,,,,,0.0,0.0,1,1,,,0.0,0.0,3,4738.515,4747.445,1,0,0,0,0.0,0,0,0,0,1
17782,2026-01-27 10:00:00+00:00,bull,2884,17766,17766,17766,4836.405,4901.44,65.03499999999985,1.4364550436774641,0.7770087512367047,16,0.3968502629920499,0.06669812978621902,1,2884,0,0.0,1,1,0.02298762204966394,3,,,,17769.0,17769.0,17769.0,0.0,0.02298762204966394,1,1,,1.0,0.0,210.3100000000004,4,4836.405,4901.44,1,0,0,0,0.0,0,0,0,0,1
17782,2026-01-27 10:00:00+00:00,bull,2886,17772,17772,17772,4947.945,4958.42,10.475000000000364,0.23728899361866818,0.3007346085017789,10,0.5612310241546865,0.048925103713677295,1,2886,0,0.0,1,0,0.0,1,,,,,,,0.0,0.0,1,1,,,0.0,0.0,5,4947.945,4958.42,1,0,0,0,0.0,0,0,0,0,1
17782,2026-01-27 10:00:00+00:00,bull,2888,17774,17773,17774,4988.345,5052.505,64.15999999999985,1.3192498732055695,0.6291278944125148,9,0.5946035575013605,0.07420571367736306,2,0,3,0.9698410224438981,3,3,0.9698410224438981,3,17778.0,17780.0,17778.0,17778.0,17780.0,17778.0,0.9698410224438981,0.9698410224438981,0,0,1.0,1.0,48.55999999999949,48.55999999999949,6,4988.345,5052.505,1,0,0,0,0.0,0,0,0,1,1
17783,2026-01-27 14:00:00+00:00,bull,2880,17744,17743,17744,4598.64,4653.075,54.43499999999949,1.4851104591063191,0.5702847966197867,40,0.09921256574801246,0.005822722394360218,2,0,0,0.0,1,0,0.0,1,,,,,,,0.0,0.0,1,1,,,0.0,0.0,1,4598.64,4653.075,1,0,0,0,0.0,0,0,0,0,1
17783,2026-01-27 14:00:00+00:00,bull,2881,17751,17751,17751,4676.22,4705.71,29.48999999999978,0.9308788640968702,0.6370243493626364,32,0.15749013123685915,0.011604161746915939,1,2881,0,0.0,1,0,0.0,1,,,,,,,0.0,0.0,1,1,,,0.0,0.0,2,4676.22,4705.71,1,0,0,0,0.0,0,0,0,0,1
17783,2026-01-27 14:00:00+00:00,bull,2882,17754,17754,17754,4738.515,4747.445,8.929999999999382,0.28991023706672764,0.3951573564067182,29,0.18728838460958522,0.009493017989200348,1,2882,0,0.0,1,0,0.0,1,,,,,,,0.0,0.0,1,1,,,0.0,0.0,3,4738.515,4747.445,1,0,0,0,0.0,0,0,0,0,1
17783,2026-01-27 14:00:00+00:00,bull,2884,17766,17766,17766,4836.405,4901.44,65.03499999999985,1.4364550436774641,0.7770087512367047,17,0.3745767692191704,0.06243699722664643,1,2884,0,0.0,1,1,0.02298762204966394,3,,,,17769.0,17769.0,17769.0,0.0,0.02298762204966394,1,1,,1.0,0.0,210.3100000000004,4,4836.405,4901.44,1,0,0,0,0.0,0,0,0,0,1
17783,2026-01-27 14:00:00+00:00,bull,2886,17772,17772,17772,4947.945,4958.42,10.475000000000364,0.23728899361866818,0.3007346085017789,11,0.5297315471796477,0.04549527622758304,1,2886,0,0.0,1,0,0.0,1,,,,,,,0.0,0.0,1,1,,,0.0,0.0,5,4947.945,4958.42,1,0,0,0,0.0,0,0,0,0,1
17783,2026-01-27 14:00:00+00:00,bull,2888,17774,17773,17774,4988.345,5052.505,64.15999999999985,1.3192498732055695,0.6291278944125148,10,0.5612310241546865,0.06676553607912289,2,0,4,0.9698410224438981,3,4,0.9698410224438981,3,17778.0,17783.0,17778.0,17778.0,17783.0,17778.0,0.9698410224438981,0.9698410224438981,0,0,1.0,1.0,50.835000000000036,50.835000000000036,6,4988.345,5052.505,1,1,1,1,0.0,1,0,0,1,1
17784,2026-01-27 18:00:00+00:00,bull,2880,17744,17743,17744,4598.64,4653.075,54.43499999999949,1.4851104591063191,0.5702847966197867,41,0.09364419230479261,0.004927791745671351,2,0,0,0.0,1,0,0.0,1,,,,,,,0.0,0.0,1,1,,,0.0,0.0,1,4598.64,4653.075,1,0,0,0,0.0,0,0,0,0,1
17784,2026-01-27 18:00:00+00:00,bull,2881,17751,17751,17751,4676.22,4705.71,29.48999999999978,0.9308788640968702,0.6370243493626364,33,0.14865088937534013,0.009605538978140775,1,2881,0,0.0,1,0,0.0,1,,,,,,,0.0,0.0,1,1,,,0.0,0.0,2,4676.22,4705.71,1,0,0,0,0.0,0,0,0,0,1
17784,2026-01-27 18:00:00+00:00,bull,2882,17754,17754,17754,4738.515,4747.445,8.929999999999382,0.28991023706672764,0.3951573564067182,30,0.1767766952966369,0.0076915073612013884,1,2882,0,0.0,1,0,0.0,1,,,,,,,0.0,0.0,1,1,,,0.0,0.0,3,4738.515,4747.445,1,0,0,0,0.0,0,0,0,0,1
17784,2026-01-27 18:00:00+00:00,bull,2884,17766,17766,17766,4836.405,4901.44,65.03499999999985,1.4364550436774641,0.7770087512367047,18,0.3535533905932738,0.04418178438427411,1,2884,0,0.0,1,1,0.02298762204966394,3,,,,17769.0,17769.0,17769.0,0.0,0.02298762204966394,1,1,,1.0,0.0,289.08500000000004,4,4836.405,4901.44,1,0,0,0,0.0,0,0,0,1,1
17784,2026-01-27 18:00:00+00:00,bull,2886,17772,17772,17772,4947.945,4958.42,10.475000000000364,0.23728899361866818,0.3007346085017789,12,0.5,0.029152175586161375,1,2886,0,0.0,1,0,0.0,1,,,,,,,0.0,0.0,1,1,,,0.0,0.0,5,4947.945,4958.42,1,0,0,0,0.0,0,0,0,0,1
17784,2026-01-27 18:00:00+00:00,bull,2888,17774,17773,17774,4988.345,5052.505,64.15999999999985,1.3192498732055695,0.6291278944125148,11,0.5297315471796477,0.0293363758486034,2,0,4,0.9698410224438981,3,4,0.9698410224438981,3,17778.0,17783.0,17778.0,17778.0,17783.0,17778.0,0.9698410224438981,0.9698410224438981,0,0,1.0,1.0,138.01999999999953,138.01999999999953,6,4988.345,5052.505,1,0,0,0,0.0,0,0,0,0,1
17785,2026-01-27 22:00:00+00:00,bull,2880,17744,17743,17744,4598.64,4653.075,54.43499999999949,1.4851104591063191,0.5702847966197867,42,0.08838834764831845,0.004552342927981629,2,0,0,0.0,1,0,0.0,1,,,,,,,0.0,0.0,1,1,,,0.0,0.0,1,4598.64,4653.075,1,0,0,0,0.0,0,0,0,0,1
17785,2026-01-27 22:00:00+00:00,bull,2881,17751,17751,17751,4676.22,4705.71,29.48999999999978,0.9308788640968702,0.6370243493626364,34,0.1403077560386716,0.008839021448910066,1,2881,0,0.0,1,0,0.0,1,,,,,,,0.0,0.0,1,1,,,0.0,0.0,2,4676.22,4705.71,1,0,0,0,0.0,0,0,0,0,1
17785,2026-01-27 22:00:00+00:00,bull,2882,17754,17754,17754,4738.515,4747.445,8.929999999999382,0.28991023706672764,0.3951573564067182,31,0.16685498177125427,0.007051660320884852,1,2882,0,0.0,1,0,0.0,1,,,,,,,0.0,0.0,1,1,,,0.0,0.0,3,4738.515,4747.445,1,0,0,0,0.0,0,0,0,0,1
17785,2026-01-27 22:00:00+00:00,bull,2884,17766,17766,17766,4836.405,4901.44,65.03499999999985,1.4364550436774641,0.7770087512367047,19,0.3337099635425086,0.03965196914604213,1,2884,0,0.0,1,1,0.02298762204966394,3,,,,17769.0,17769.0,17769.0,0.0,0.02298762204966394,1,1,,1.0,0.0,323.91499999999996,4,4836.405,4901.44,1,0,0,0,0.0,0,0,0,0,1
17785,2026-01-27 22:00:00+00:00,bull,2886,17772,17772,17772,4947.945,4958.42,10.475000000000364,0.23728899361866818,0.3007346085017789,13,0.47193715634084676,0.02580863641794077,1,2886,0,0.0,1,0,0.0,1,,,,,,,0.0,0.0,1,1,,,0.0,0.0,5,4947.945,4958.42,1,0,0,0,0.0,0,0,0,0,1
17785,2026-01-27 22:00:00+00:00,bull,2888,17774,17773,17774,4988.345,5052.505,64.15999999999985,1.3192498732055695,0.6291278944125148,12,0.5,0.0249527315152746,2,0,4,0.9698410224438981,3,4,0.9698410224438981,3,17778.0,17783.0,17778.0,17778.0,17783.0,17778.0,0.9698410224438981,0.9698410224438981,0,0,1.0,1.0,172.84999999999945,172.84999999999945,6,4988.345,5052.505,1,0,0,0,0.0,0,0,0,0,1
17785,2026-01-27 22:00:00+00:00,bull,2889,17785,17785,17785,5103.34,5157.295,53.95499999999993,0.9848329179889963,0.6713844290132351,0,1.0,0.35918256252280156,1,2889,0,0.0,1,0,0.0,1,,,,,,,0.0,0.0,1,1,,,0.0,0.0,7,5103.34,5157.295,1,0,0,0,0.0,0,0,0,1,1
17786,2026-01-28 02:00:00+00:00,bull,2880,17744,17743,17744,4598.64,4653.075,54.43499999999949,1.4851104591063191,0.5702847966197867,43,0.08342749088562713,0.00397712865619026,2,0,0,0.0,1,0,0.0,1,,,,,,,0.0,0.0,1,1,,,0.0,0.0,1,4598.64,4653.075,1,0,0,0,0.0,0,0,0,0,1
17786,2026-01-28 02:00:00+00:00,bull,2881,17751,17751,17751,4676.22,4705.71,29.48999999999978,0.9308788640968702,0.6370243493626364,35,0.1324328867949119,0.0076595034302260065,1,2881,0,0.0,1,0,0.0,1,,,,,,,0.0,0.0,1,1,,,0.0,0.0,2,4676.22,4705.71,1,0,0,0,0.0,0,0,0,0,1
17786,2026-01-28 02:00:00+00:00,bull,2882,17754,17754,17754,4738.515,4747.445,8.929999999999382,0.28991023706672764,0.3951573564067182,32,0.15749013123685915,0.006064450902103011,1,2882,0,0.0,1,0,0.0,1,,,,,,,0.0,0.0,1,1,,,0.0,0.0,3,4738.515,4747.445,1,0,0,0,0.0,0,0,0,0,1
17786,2026-01-28 02:00:00+00:00,bull,2884,17766,17766,17766,4836.405,4901.44,65.03499999999985,1.4364550436774641,0.7770087512367047,20,0.3149802624737183,0.03269046497389417,1,2884,0,0.0,1,1,0.02298762204966394,3,,,,17769.0,17769.0,17769.0,0.0,0.02298762204966394,1,1,,1.0,0.0,364.9800000000005,4,4836.405,4901.44,1,0,0,0,0.0,0,0,0,0,1
17786,2026-01-28 02:00:00+00:00,bull,2886,17772,17772,17772,4947.945,4958.42,10.475000000000364,0.23728899361866818,0.3007346085017789,14,0.44544935907016964,0.020737952057097737,1,2886,0,0.0,1,0,0.0,1,,,,,,,0.0,0.0,1,1,,,0.0,0.0,5,4947.945,4958.42,1,0,0,0,0.0,0,0,0,0,1
17786,2026-01-28 02:00:00+00:00,bull,2888,17774,17773,17774,4988.345,5052.505,64.15999999999985,1.3192498732055695,0.6291278944125148,13,0.47193715634084676,0.062321750501738375,2,0,0,0.0,1,4,0.9698410224438981,3,,,,17778.0,17783.0,17778.0,0.0,0.9698410224438981,1,0,,1.0,0.0,213.91499999999996,6,4988.345,5052.505,1,0,0,-4,-0.9698410224438981,0,0,0,0,1
17786,2026-01-28 02:00:00+00:00,bull,2889,17785,17785,17785,5103.34,5157.295,53.95499999999993,0.9848329179889963,0.6713844290132351,1,0.9438743126816935,0.22037409585530243,1,2889,0,0.0,1,0,0.0,1,,,,,,,0.0,0.0,1,1,,,0.0,0.0,7,5103.34,5157.295,1,0,0,0,0.0,0,0,0,1,1
17786,2026-01-28 02:00:00+00:00,bull,2890,17786,17786,17786,5190.525,5201.82,11.295000000000073,0.2035613890681459,0.2700917389884919,0,1.0,0.13028177295780446,1,2890,0,0.0,1,0,0.0,1,,,,,,,0.0,0.0,1,1,,,0.0,0.0,8,5190.525,5201.82,1,0,0,0,0.0,0,0,0,0,1
17787,2026-01-28 06:00:00+00:00,bull,2880,17744,17743,17744,4598.64,4653.075,54.43499999999949,1.4851104591063191,0.5702847966197867,44,0.07874506561842957,0.003678674769597212,2,0,0,0.0,1,0,0.0,1,,,,,,,0.0,0.0,1,1,,,0.0,0.0,1,4598.64,4653.075,1,0,0,0,0.0,0,0,0,0,1
17787,2026-01-28 06:00:00+00:00,bull,2881,17751,17751,17751,4676.22,4705.71,29.48999999999978,0.9308788640968702,0.6370243493626364,36,0.125,0.007069263625361076,1,2881,0,0.0,1,0,0.0,1,,,,,,,0.0,0.0,1,1,,,0.0,0.0,2,4676.22,4705.71,1,0,0,0,0.0,0,0,0,0,1
17787,2026-01-28 06:00:00+00:00,bull,2882,17754,17754,17754,4738.515,4747.445,8.929999999999382,0.28991023706672764,0.3951573564067182,33,0.14865088937534013,0.005585865144942831,1,2882,0,0.0,1,0,0.0,1,,,,,,,0.0,0.0,1,1,,,0.0,0.0,3,4738.515,4747.445,1,0,0,0,0.0,0,0,0,0,1
17787,2026-01-28 06:00:00+00:00,bull,2884,17766,17766,17766,4836.405,4901.44,65.03499999999985,1.4364550436774641,0.7770087512367047,21,0.29730177875068026,0.029785362925327692,1,2884,0,0.0,1,1,0.02298762204966394,3,,,,17769.0,17769.0,17769.0,0.0,0.02298762204966394,1,1,,1.0,0.0,410.1900000000005,4,4836.405,4901.44,1,0,0,0,0.0,0,0,0,0,1
17787,2026-01-28 06:00:00+00:00,bull,2886,17772,17772,17772,4947.945,4958.42,10.475000000000364,0.23728899361866818,0.3007346085017789,15,0.42044820762685725,0.01877580749703479,1,2886,0,0.0,1,0,0.0,1,,,,,,,0.0,0.0,1,1,,,0.0,0.0,5,4947.945,4958.42,1,0,0,0,0.0,0,0,0,0,1
17787,2026-01-28 06:00:00+00:00,bull,2888,17774,17773,17774,4988.345,5052.505,64.15999999999985,1.3192498732055695,0.6291278944125148,14,0.44544935907016964,0.05551614780825828,2,0,0,0.0,1,4,0.9698410224438981,3,,,,17778.0,17783.0,17778.0,0.0,0.9698410224438981,1,0,,1.0,0.0,259.125,6,4988.345,5052.505,1,0,0,0,0.0,0,0,0,0,1
17787,2026-01-28 06:00:00+00:00,bull,2889,17785,17785,17785,5103.34,5157.295,53.95499999999993,0.9848329179889963,0.6713844290132351,2,0.8908987181403393,0.18870324924545287,1,2889,0,0.0,1,0,0.0,1,,,,,,,0.0,0.0,1,1,,,0.0,0.0,7,5103.34,5157.295,1,0,0,0,0.0,0,0,0,0,1
17787,2026-01-28 06:00:00+00:00,bull,2890,17786,17786,17786,5190.525,5201.82,11.295000000000073,0.2035613890681459,0.2700917389884919,1,0.9438743126816935,0.10749198035136412,1,2890,0,0.0,1,0,0.0,1,,,,,,,0.0,0.0,1,1,,,0.0,0.0,8,5190.525,5201.82,1,0,0,0,0.0,0,0,0,0,1
17787,2026-01-28 06:00:00+00:00,bull,2891,17787,17787,17787,5225.355,5251.89,26.535000000000764,0.47561659298115044,0.5172587259531125,0,1.0,0.35087831303042605,1,2891,0,0.0,1,0,0.0,1,,,,,,,0.0,0.0,1,1,,,0.0,0.0,9,5225.355,5251.89,1,0,0,0,0.0,0,0,0,1,1
17788,2026-01-28 10:00:00+00:00,bull,2880,17744,17743,17744,4598.64,4653.075,54.43499999999949,1.4851104591063191,0.5702847966197867,45,0.07432544468767006,0.0035134763465708013,2,0,0,0.0,1,0,0.0,1,,,,,,,0.0,0.0,1,1,,,0.0,0.0,1,4598.64,4653.075,1,0,0,0,0.0,0,0,0,0,1
17788,2026-01-28 10:00:00+00:00,bull,2881,17751,17751,17751,4676.22,4705.71,29.48999999999978,0.9308788640968702,0.6370243493626364,37,0.11798428908521168,0.006761986899025778,1,2881,0,0.0,1,0,0.0,1,,,,,,,0.0,0.0,1,1,,,0.0,0.0,2,4676.22,4705.71,1,0,0,0,0.0,0,0,0,0,1
17788,2026-01-28 10:00:00+00:00,bull,2882,17754,17754,17754,4738.515,4747.445,8.929999999999382,0.28991023706672764,0.3951573564067182,34,0.1403077560386716,0.005350494367229458,1,2882,0,0.0,1,0,0.0,1,,,,,,,0.0,0.0,1,1,,,0.0,0.0,3,4738.515,4747.445,1,0,0,0,0.0,0,0,0,0,1
17788,2026-01-28 10:00:00+00:00,bull,2884,17766,17766,17766,4836.405,4901.44,65.03499999999985,1.4364550436774641,0.7770087512367047,22,0.28061551207734325,0.02874443979641057,1,2884,0,0.0,1,1,0.02298762204966394,3,,,,17769.0,17769.0,17769.0,0.0,0.02298762204966394,1,1,,1.0,0.0,410.1900000000005,4,4836.405,4901.44,1,0,0,0,0.0,0,0,0,0,1
17788,2026-01-28 10:00:00+00:00,bull,2886,17772,17772,17772,4947.945,4958.42,10.475000000000364,0.23728899361866818,0.3007346085017789,16,0.3968502629920499,0.018198561165650176,1,2886,0,0.0,1,0,0.0,1,,,,,,,0.0,0.0,1,1,,,0.0,0.0,5,4947.945,4958.42,1,0,0,0,0.0,0,0,0,0,1
17788,2026-01-28 10:00:00+00:00,bull,2888,17774,17773,17774,4988.345,5052.505,64.15999999999985,1.3192498732055695,0.6291278944125148,15,0.42044820762685725,0.054410558955249155,2,0,0,0.0,1,4,0.9698410224438981,3,,,,17778.0,17783.0,17778.0,0.0,0.9698410224438981,1,0,,1.0,0.0,259.125,6,4988.345,5052.505,1,0,0,0,0.0,0,0,0,0,1
17788,2026-01-28 10:00:00+00:00,bull,2889,17785,17785,17785,5103.34,5157.295,53.95499999999993,0.9848329179889963,0.6713844290132351,3,0.8408964152537145,0.18996781913831662,1,2889,0,0.0,1,0,0.0,1,,,,,,,0.0,0.0,1,1,,,0.0,0.0,7,5103.34,5157.295,1,0,0,0,0.0,0,0,0,1,1
17788,2026-01-28 10:00:00+00:00,bull,2890,17786,17786,17786,5190.525,5201.82,11.295000000000073,0.2035613890681459,0.2700917389884919,2,0.8908987181403393,0.11093696518081463,1,2890,0,0.0,1,0,0.0,1,,,,,,,0.0,0.0,1,1,,,0.0,0.0,8,5190.525,5201.82,1,0,0,0,0.0,0,0,0,0,1
17788,2026-01-28 10:00:00+00:00,bull,2891,17787,17787,17787,5225.355,5251.89,26.535000000000764,0.47561659298115044,0.5172587259531125,1,0.9438743126816935,0.115679644837509,1,2891,1,0.5016016581873004,3,1,0.5016016581873004,3,17788.0,17788.0,17788.0,17788.0,17788.0,17788.0,0.5016016581873004,0.5016016581873004,1,1,1.0,1.0,37.80499999999938,37.80499999999938,9,5225.355,5251.89,1,1,1,1,0.5016016581873004,1,0,0,0,1
17789,2026-01-28 14:00:00+00:00,bull,2880,17744,17743,17744,4598.64,4653.075,54.43499999999949,1.4851104591063191,0.5702847966197867,46,0.0701538780193358,0.003227079271479944,2,0,0,0.0,1,0,0.0,1,,,,,,,0.0,0.0,1,1,,,0.0,0.0,1,4598.64,4653.075,1,0,0,0,0.0,0,0,0,0,1
17789,2026-01-28 14:00:00+00:00,bull,2881,17751,17751,17751,4676.22,4705.71,29.48999999999978,0.9308788640968702,0.6370243493626364,38,0.11136233976754242,0.006186213517316304,1,2881,0,0.0,1,0,0.0,1,,,,,,,0.0,0.0,1,1,,,0.0,0.0,2,4676.22,4705.71,1,0,0,0,0.0,0,0,0,0,1
17789,2026-01-28 14:00:00+00:00,bull,2882,17754,17754,17754,4738.515,4747.445,8.929999999999382,0.28991023706672764,0.3951573564067182,35,0.1324328867949119,0.0048770913715485385,1,2882,0,0.0,1,0,0.0,1,,,,,,,0.0,0.0,1,1,,,0.0,0.0,3,4738.515,4747.445,1,0,0,0,0.0,0,0,0,0,1
17789,2026-01-28 14:00:00+00:00,bull,2884,17766,17766,17766,4836.405,4901.44,65.03499999999985,1.4364550436774641,0.7770087512367047,23,0.2648657735898238,0.02569552254063825,1,2884,0,0.0,1,1,0.02298762204966394,3,,,,17769.0,17769.0,17769.0,0.0,0.02298762204966394,1,1,,1.0,0.0,410.1900000000005,4,4836.405,4901.44,1,0,0,0,0.0,0,0,0,0,1
17789,2026-01-28 14:00:00+00:00,bull,2886,17772,17772,17772,4947.945,4958.42,10.475000000000364,0.23728899361866818,0.3007346085017789,17,0.3745767692191704,0.016086732234782228,1,2886,0,0.0,1,0,0.0,1,,,,,,,0.0,0.0,1,1,,,0.0,0.0,5,4947.945,4958.42,1,0,0,0,0.0,0,0,0,0,1
17789,2026-01-28 14:00:00+00:00,bull,2888,17774,17773,17774,4988.345,5052.505,64.15999999999985,1.3192498732055695,0.6291278944125148,16,0.3968502629920499,0.0467526093845522,2,0,0,0.0,1,4,0.9698410224438981,3,,,,17778.0,17783.0,17778.0,0.0,0.9698410224438981,1,0,,1.0,0.0,259.125,6,4988.345,5052.505,1,0,0,0,0.0,0,0,0,0,1
17789,2026-01-28 14:00:00+00:00,bull,2889,17785,17785,17785,5103.34,5157.295,53.95499999999993,0.9848329179889963,0.6713844290132351,4,0.7937005259840998,0.1527413268320197,1,2889,0,0.0,1,0,0.0,1,,,,,,,0.0,0.0,1,1,,,0.0,0.0,7,5103.34,5157.295,1,0,0,0,0.0,0,0,0,1,1
17789,2026-01-28 14:00:00+00:00,bull,2890,17786,17786,17786,5190.525,5201.82,11.295000000000073,0.2035613890681459,0.2700917389884919,3,0.8408964152537145,0.08405347789564956,1,2890,0,0.0,1,0,0.0,1,,,,,,,0.0,0.0,1,1,,,0.0,0.0,8,5190.525,5201.82,1,0,0,0,0.0,0,0,0,0,1
17789,2026-01-28 14:00:00+00:00,bull,2891,17787,17787,17787,5225.355,5251.89,26.535000000000764,0.47561659298115044,0.5172587259531125,2,0.8908987181403393,0.07606778099276931,1,2891,2,0.6074995289240409,3,2,0.6074995289240409,3,17788.0,17789.0,17788.0,17788.0,17789.0,17788.0,0.5016016581873004,0.5016016581873004,1,1,1.0,1.0,55.31999999999971,55.31999999999971,9,5225.355,5251.89,1,1,1,1,0.10589787073674051,1,0,0,0,1
17790,2026-01-28 18:00:00+00:00,bull,2880,17744,17743,17744,4598.64,4653.075,54.43499999999949,1.4851104591063191,0.5702847966197867,47,0.06621644339745596,0.002886546688214391,2,0,0,0.0,1,0,0.0,1,,,,,,,0.0,0.0,1,1,,,0.0,0.0,1,4598.64,4653.075,1,0,0,0,0.0,0,0,0,0,1
17790,2026-01-28 18:00:00+00:00,bull,2881,17751,17751,17751,4676.22,4705.71,29.48999999999978,0.9308788640968702,0.6370243493626364,39,0.10511205190671431,0.005465664176492196,1,2881,0,0.0,1,0,0.0,1,,,,,,,0.0,0.0,1,1,,,0.0,0.0,2,4676.22,4705.71,1,0,0,0,0.0,0,0,0,0,1
17790,2026-01-28 18:00:00+00:00,bull,2882,17754,17754,17754,4738.515,4747.445,8.929999999999382,0.28991023706672764,0.3951573564067182,36,0.125,0.004261220685488267,1,2882,0,0.0,1,0,0.0,1,,,,,,,0.0,0.0,1,1,,,0.0,0.0,3,4738.515,4747.445,1,0,0,0,0.0,0,0,0,0,1
17790,2026-01-28 18:00:00+00:00,bull,2884,17766,17766,17766,4836.405,4901.44,65.03499999999985,1.4364550436774641,0.7770087512367047,24,0.25,0.021207776209368163,1,2884,0,0.0,1,1,0.02298762204966394,3,,,,17769.0,17769.0,17769.0,0.0,0.02298762204966394,1,1,,1.0,0.0,518.1150000000007,4,4836.405,4901.44,1,0,0,0,0.0,0,0,0,0,1
17790,2026-01-28 18:00:00+00:00,bull,2886,17772,17772,17772,4947.945,4958.42,10.475000000000364,0.23728899361866818,0.3007346085017789,18,0.3535533905932738,0.012873084017148824,1,2886,0,0.0,1,0,0.0,1,,,,,,,0.0,0.0,1,1,,,0.0,0.0,5,4947.945,4958.42,1,0,0,0,0.0,0,0,0,0,1
17790,2026-01-28 18:00:00+00:00,bull,2888,17774,17773,17774,4988.345,5052.505,64.15999999999985,1.3192498732055695,0.6291278944125148,17,0.3745767692191704,0.03479065162636418,2,0,0,0.0,1,4,0.9698410224438981,3,,,,17778.0,17783.0,17778.0,0.0,0.9698410224438981,1,0,,1.0,0.0,367.0500000000002,6,4988.345,5052.505,1,0,0,0,0.0,0,0,0,0,1
17790,2026-01-28 18:00:00+00:00,bull,2889,17785,17785,17785,5103.34,5157.295,53.95499999999993,0.9848329179889963,0.6713844290132351,5,0.7491535384383408,0.09826485479707235,1,2889,0,0.0,1,0,0.0,1,,,,,,,0.0,0.0,1,1,,,0.0,0.0,7,5103.34,5157.295,1,0,0,0,0.0,0,0,0,1,1
17790,2026-01-28 18:00:00+00:00,bull,2890,17786,17786,17786,5190.525,5201.82,11.295000000000073,0.2035613890681459,0.2700917389884919,4,0.7937005259840998,0.048552207981792654,1,2890,0,0.0,1,0,0.0,1,,,,,,,0.0,0.0,1,1,,,0.0,0.0,8,5190.525,5201.82,1,0,0,0,0.0,0,0,0,0,1
17790,2026-01-28 18:00:00+00:00,bull,2891,17787,17787,17787,5225.355,5251.89,26.535000000000764,0.47561659298115044,0.5172587259531125,3,0.8408964152537145,0.036001902484101005,1,2891,2,0.6074995289240409,3,2,0.6074995289240409,3,17788.0,17789.0,17788.0,17788.0,17789.0,17788.0,0.5016016581873004,0.5016016581873004,1,1,1.0,1.0,167.66499999999996,167.66499999999996,9,5225.355,5251.89,1,0,0,0,0.0,0,0,0,0,1
17791,2026-01-28 22:00:00+00:00,bull,2881,17751,17751,17751,4676.22,4705.71,29.48999999999978,0.9308788640968702,0.6370243493626364,40,0.09921256574801246,0.004969523973223858,1,2881,0,0.0,1,0,0.0,1,,,,,,,0.0,0.0,1,1,,,0.0,0.0,1,4676.22,4705.71,1,0,0,0,0.0,0,0,0,0,1
17791,2026-01-28 22:00:00+00:00,bull,2882,17754,17754,17754,4738.515,4747.445,8.929999999999382,0.28991023706672764,0.3951573564067182,37,0.11798428908521168,0.0038417984501650957,1,2882,0,0.0,1,0,0.0,1,,,,,,,0.0,0.0,1,1,,,0.0,0.0,2,4738.515,4747.445,1,0,0,0,0.0,0,0,0,0,1
17791,2026-01-28 22:00:00+00:00,bull,2884,17766,17766,17766,4836.405,4901.44,65.03499999999985,1.4364550436774641,0.7770087512367047,25,0.23596857817042335,0.01835770238823898,1,2884,0,0.0,1,1,0.02298762204966394,3,,,,17769.0,17769.0,17769.0,0.0,0.02298762204966394,1,1,,1.0,0.0,697.2400000000007,3,4836.405,4901.44,1,0,0,0,0.0,0,0,0,0,1
17791,2026-01-28 22:00:00+00:00,bull,2886,17772,17772,17772,4947.945,4958.42,10.475000000000364,0.23728899361866818,0.3007346085017789,19,0.3337099635425086,0.010916977274676188,1,2886,0,0.0,1,0,0.0,1,,,,,,,0.0,0.0,1,1,,,0.0,0.0,4,4947.945,4958.42,1,0,0,0,0.0,0,0,0,0,1
17791,2026-01-28 22:00:00+00:00,bull,2888,17774,17773,17774,4988.345,5052.505,64.15999999999985,1.3192498732055695,0.6291278944125148,18,0.3535533905932738,0.028225258875932302,2,0,0,0.0,1,4,0.9698410224438981,3,,,,17778.0,17783.0,17778.0,0.0,0.9698410224438981,1,0,,1.0,0.0,546.1750000000002,5,4988.345,5052.505,1,0,0,0,0.0,0,0,0,0,1
17791,2026-01-28 22:00:00+00:00,bull,2889,17785,17785,17785,5103.34,5157.295,53.95499999999993,0.9848329179889963,0.6713844290132351,6,0.7071067811865476,0.07395959699029077,1,2889,0,0.0,1,0,0.0,1,,,,,,,0.0,0.0,1,1,,,0.0,0.0,6,5103.34,5157.295,1,0,0,0,0.0,0,0,0,0,1
17791,2026-01-28 22:00:00+00:00,bull,2890,17786,17786,17786,5190.525,5201.82,11.295000000000073,0.2035613890681459,0.2700917389884919,5,0.7491535384383408,0.03489901689000223,1,2890,0,0.0,1,0,0.0,1,,,,,,,0.0,0.0,1,1,,,0.0,0.0,7,5190.525,5201.82,1,0,0,0,0.0,0,0,0,0,1
17791,2026-01-28 22:00:00+00:00,bull,2891,17787,17787,17787,5225.355,5251.89,26.535000000000764,0.47561659298115044,0.5172587259531125,4,0.7937005259840998,0.02415231119851794,1,2891,2,0.6074995289240409,3,2,0.6074995289240409,3,17788.0,17789.0,17788.0,17788.0,17789.0,17788.0,0.5016016581873004,0.5016016581873004,1,1,1.0,1.0,346.78999999999996,346.78999999999996,8,5225.355,5251.89,1,0,0,0,0.0,0,0,0,0,1
17791,2026-01-28 22:00:00+00:00,bull,2892,17791,17791,17791,5307.21,5432.6,125.39000000000033,1.7489554794772808,0.786567806023718,0,1.0,0.3049979908971711,1,2892,0,0.0,1,0,0.0,1,,,,,,,0.0,0.0,1,1,,,0.0,0.0,9,5307.21,5432.6,1,0,0,0,0.0,0,0,0,1,1
17792,2026-01-29 02:00:00+00:00,bull,2881,17751,17751,17751,4676.22,4705.71,29.48999999999978,0.9308788640968702,0.6370243493626364,41,0.09364419230479261,0.004555666339806533,1,2881,0,0.0,1,0,0.0,1,,,,,,,0.0,0.0,1,1,,,0.0,0.0,1,4676.22,4705.71,1,0,0,0,0.0,0,0,0,0,1
17792,2026-01-29 02:00:00+00:00,bull,2882,17754,17754,17754,4738.515,4747.445,8.929999999999382,0.28991023706672764,0.3951573564067182,38,0.11136233976754242,0.0035189275615995098,1,2882,0,0.0,1,0,0.0,1,,,,,,,0.0,0.0,1,1,,,0.0,0.0,2,4738.515,4747.445,1,0,0,0,0.0,0,0,0,0,1
17792,2026-01-29 02:00:00+00:00,bull,2884,17766,17766,17766,4836.405,4901.44,65.03499999999985,1.4364550436774641,0.7770087512367047,26,0.22272467953508485,0.016749437408673965,1,2884,0,0.0,1,1,0.02298762204966394,3,,,,17769.0,17769.0,17769.0,0.0,0.02298762204966394,1,1,,1.0,0.0,697.2400000000007,3,4836.405,4901.44,1,0,0,0,0.0,0,0,0,0,1
17792,2026-01-29 02:00:00+00:00,bull,2886,17772,17772,17772,4947.945,4958.42,10.475000000000364,0.23728899361866818,0.3007346085017789,20,0.3149802624737183,0.009941669694260732,1,2886,0,0.0,1,0,0.0,1,,,,,,,0.0,0.0,1,1,,,0.0,0.0,4,4947.945,4958.42,1,0,0,0,0.0,0,0,0,0,1
17792,2026-01-29 02:00:00+00:00,bull,2888,17774,17773,17774,4988.345,5052.505,64.15999999999985,1.3192498732055695,0.6291278944125148,19,0.3337099635425086,0.02560197672193888,2,0,0,0.0,1,4,0.9698410224438981,3,,,,17778.0,17783.0,17778.0,0.0,0.9698410224438981,1,0,,1.0,0.0,546.1750000000002,5,4988.345,5052.505,1,0,0,0,0.0,0,0,0,0,1
17792,2026-01-29 02:00:00+00:00,bull,2889,17785,17785,17785,5103.34,5157.295,53.95499999999993,0.9848329179889963,0.6713844290132351,7,0.6674199270850172,0.06666507992823925,1,2889,0,0.0,1,0,0.0,1,,,,,,,0.0,0.0,1,1,,,0.0,0.0,6,5103.34,5157.295,1,0,0,0,0.0,0,0,0,0,1
17792,2026-01-29 02:00:00+00:00,bull,2890,17786,17786,17786,5190.525,5201.82,11.295000000000073,0.2035613890681459,0.2700917389884919,6,0.7071067811865476,0.03134348109034947,1,2890,0,0.0,1,0,0.0,1,,,,,,,0.0,0.0,1,1,,,0.0,0.0,7,5190.525,5201.82,1,0,0,0,0.0,0,0,0,0,1
17792,2026-01-29 02:00:00+00:00,bull,2891,17787,17787,17787,5225.355,5251.89,26.535000000000764,0.47561659298115044,0.5172587259531125,5,0.7491535384383408,0.07193811323454614,1,2891,0,0.0,1,2,0.6074995289240409,3,,,,17788.0,17789.0,17788.0,0.0,0.5016016581873004,1,1,,1.0,0.0,346.78999999999996,8,5225.355,5251.89,1,0,0,-2,-0.6074995289240409,0,0,0,0,1
17792,2026-01-29 02:00:00+00:00,bull,2893,17792,17791,17792,5307.21,5504.72,197.51000000000022,1.7489554794772808,0.786567806023718,1,0.9438743126816935,0.40821289456831933,2,0,0,0.0,1,0,0.0,1,,,,,,,0.0,0.0,1,1,,,0.0,0.0,9,5307.21,5504.72,1,0,0,0,0.0,0,0,0,1,1
17793,2026-01-29 06:00:00+00:00,bull,2881,17751,17751,17751,4676.22,4705.71,29.48999999999978,0.9308788640968702,0.6370243493626364,42,0.08838834764831845,0.004751461198623601,1,2881,0,0.0,1,0,0.0,1,,,,,,,0.0,0.0,1,1,,,0.0,0.0,1,4676.22,4705.71,1,0,0,0,0.0,0,0,0,0,1
17793,2026-01-29 06:00:00+00:00,bull,2882,17754,17754,17754,4738.515,4747.445,8.929999999999382,0.28991023706672764,0.3951573564067182,39,0.10511205190671431,0.0036790071897936654,1,2882,0,0.0,1,0,0.0,1,,,,,,,0.0,0.0,1,1,,,0.0,0.0,2,4738.515,4747.445,1,0,0,0,0.0,0,0,0,0,1
17793,2026-01-29 06:00:00+00:00,bull,2884,17766,17766,17766,4836.405,4901.44,65.03499999999985,1.4364550436774641,0.7770087512367047,27,0.21022410381342863,0.017710915375958893,1,2884,0,0.0,1,1,0.02298762204966394,3,,,,17769.0,17769.0,17769.0,0.0,0.02298762204966394,1,1,,1.0,0.0,697.2400000000007,3,4836.405,4901.44,1,0,0,0,0.0,0,0,0,0,1
17793,2026-01-29 06:00:00+00:00,bull,2886,17772,17772,17772,4947.945,4958.42,10.475000000000364,0.23728899361866818,0.3007346085017789,21,0.29730177875068026,0.010570849992157696,1,2886,0,0.0,1,0,0.0,1,,,,,,,0.0,0.0,1,1,,,0.0,0.0,4,4947.945,4958.42,1,0,0,0,0.0,0,0,0,0,1
17793,2026-01-29 06:00:00+00:00,bull,2888,17774,17773,17774,4988.345,5052.505,64.15999999999985,1.3192498732055695,0.6291278944125148,20,0.3149802624737183,0.02754106943544625,2,0,0,0.0,1,4,0.9698410224438981,3,,,,17778.0,17783.0,17778.0,0.0,0.9698410224438981,1,0,,1.0,0.0,546.1750000000002,5,4988.345,5052.505,1,0,0,0,0.0,0,0,0,0,1
17793,2026-01-29 06:00:00+00:00,bull,2889,17785,17785,17785,5103.34,5157.295,53.95499999999993,0.9848329179889963,0.6713844290132351,8,0.6299605249474366,0.07306531001292046,1,2889,0,0.0,1,0,0.0,1,,,,,,,0.0,0.0,1,1,,,0.0,0.0,6,5103.34,5157.295,1,0,0,0,0.0,0,0,0,0,1
17793,2026-01-29 06:00:00+00:00,bull,2890,17786,17786,17786,5190.525,5201.82,11.295000000000073,0.2035613890681459,0.2700917389884919,7,0.6674199270850172,0.03472673663931443,1,2890,0,0.0,1,0,0.0,1,,,,,,,0.0,0.0,1,1,,,0.0,0.0,7,5190.525,5201.82,1,0,0,0,0.0,0,0,0,0,1
17793,2026-01-29 06:00:00+00:00,bull,2891,17787,17787,17787,5225.355,5251.89,26.535000000000764,0.47561659298115044,0.5172587259531125,6,0.7071067811865476,0.0809400612626019,1,2891,0,0.0,1,2,0.6074995289240409,3,,,,17788.0,17789.0,17788.0,0.0,0.5016016581873004,1,1,,1.0,0.0,346.78999999999996,8,5225.355,5251.89,1,0,0,0,0.0,0,0,0,0,1
17793,2026-01-29 06:00:00+00:00,bull,2893,17792,17791,17792,5307.21,5504.72,197.51000000000022,1.7489554794772808,0.786567806023718,2,0.8908987181403393,0.4670984252638937,2,0,1,0.15556174370918094,3,1,0.15556174370918094,3,17793.0,17793.0,17793.0,17793.0,17793.0,17793.0,0.15556174370918094,0.15556174370918094,1,1,1.0,1.0,91.07499999999982,91.07499999999982,9,5307.21,5504.72,1,1,1,1,0.15556174370918094,1,0,0,1,1
17794,2026-01-29 10:00:00+00:00,bull,2881,17751,17751,17751,4676.22,4705.71,29.48999999999978,0.9308788640968702,0.6370243493626364,43,0.08342749088562713,0.004492493770478076,1,2881,0,0.0,1,0,0.0,1,,,,,,,0.0,0.0,1,1,,,0.0,0.0,1,4676.22,4705.71,1,0,0,0,0.0,0,0,0,0,1
17794,2026-01-29 10:00:00+00:00,bull,2882,17754,17754,17754,4738.515,4747.445,8.929999999999382,0.28991023706672764,0.3951573564067182,40,0.09921256574801246,0.0034791737403074086,1,2882,0,0.0,1,0,0.0,1,,,,,,,0.0,0.0,1,1,,,0.0,0.0,2,4738.515,4747.445,1,0,0,0,0.0,0,0,0,0,1
17794,2026-01-29 10:00:00+00:00,bull,2884,17766,17766,17766,4836.405,4901.44,65.03499999999985,1.4364550436774641,0.7770087512367047,28,0.19842513149602492,0.01676449844372739,1,2884,0,0.0,1,1,0.02298762204966394,3,,,,17769.0,17769.0,17769.0,0.0,0.02298762204966394,1,1,,1.0,0.0,697.2400000000007,3,4836.405,4901.44,1,0,0,0,0.0,0,0,0,0,1
17794,2026-01-29 10:00:00+00:00,bull,2886,17772,17772,17772,4947.945,4958.42,10.475000000000364,0.23728899361866818,0.3007346085017789,22,0.28061551207734325,0.010010578555844645,1,2886,0,0.0,1,0,0.0,1,,,,,,,0.0,0.0,1,1,,,0.0,0.0,4,4947.945,4958.42,1,0,0,0,0.0,0,0,0,0,1
17794,2026-01-29 10:00:00+00:00,bull,2888,17774,17773,17774,4988.345,5052.505,64.15999999999985,1.3192498732055695,0.6291278944125148,21,0.29730177875068026,0.026106765344646853,2,0,0,0.0,1,4,0.9698410224438981,3,,,,17778.0,17783.0,17778.0,0.0,0.9698410224438981,1,0,,1.0,0.0,546.1750000000002,5,4988.345,5052.505,1,0,0,0,0.0,0,0,0,0,1
17794,2026-01-29 10:00:00+00:00,bull,2889,17785,17785,17785,5103.34,5157.295,53.95499999999993,0.9848329179889963,0.6713844290132351,9,0.5946035575013605,0.06937017165659674,1,2889,0,0.0,1,0,0.0,1,,,,,,,0.0,0.0,1,1,,,0.0,0.0,6,5103.34,5157.295,1,0,0,0,0.0,0,0,0,0,1
17794,2026-01-29 10:00:00+00:00,bull,2890,17786,17786,17786,5190.525,5201.82,11.295000000000073,0.2035613890681459,0.2700917389884919,8,0.6299605249474366,0.033001370153439936,1,2890,0,0.0,1,0,0.0,1,,,,,,,0.0,0.0,1,1,,,0.0,0.0,7,5190.525,5201.82,1,0,0,0,0.0,0,0,0,0,1
17794,2026-01-29 10:00:00+00:00,bull,2891,17787,17787,17787,5225.355,5251.89,26.535000000000764,0.47561659298115044,0.5172587259531125,7,0.6674199270850172,0.0770225171948931,1,2891,0,0.0,1,2,0.6074995289240409,3,,,,17788.0,17789.0,17788.0,0.0,0.5016016581873004,1,1,,1.0,0.0,346.78999999999996,8,5225.355,5251.89,1,0,0,0,0.0,0,0,0,0,1
17794,2026-01-29 10:00:00+00:00,bull,2893,17792,17791,17792,5307.21,5504.72,197.51000000000022,1.7489554794772808,0.786567806023718,3,0.8408964152537145,0.45893062391936595,2,0,2,0.17133309705837735,3,2,0.17133309705837735,3,17793.0,17794.0,17793.0,17793.0,17794.0,17793.0,0.15556174370918094,0.15556174370918094,1,1,1.0,1.0,38.340000000000146,38.340000000000146,9,5307.21,5504.72,1,1,1,1,0.01577135334919641,1,0,0,1,1
17795,2026-01-29 14:00:00+00:00,bull,2881,17751,17751,17751,4676.22,4705.71,29.48999999999978,0.9308788640968702,0.6370243493626364,44,0.07874506561842957,0.006953071428302244,1,2881,0,0.0,1,0,0.0,1,,,,,,,0.0,0.0,1,1,,,0.0,0.0,1,4676.22,4705.71,1,0,0,0,0.0,0,0,0,0,1
17795,2026-01-29 14:00:00+00:00,bull,2882,17754,17754,17754,4738.515,4747.445,8.929999999999382,0.28991023706672764,0.3951573564067182,41,0.09364419230479261,0.005439907493978304,1,2882,0,0.0,1,0,0.0,1,,,,,,,0.0,0.0,1,1,,,0.0,0.0,2,4738.515,4747.445,1,0,0,0,0.0,0,0,0,0,1
17795,2026-01-29 14:00:00+00:00,bull,2884,17766,17766,17766,4836.405,4901.44,65.03499999999985,1.4364550436774641,0.7770087512367047,29,0.18728838460958522,0.027551917464050755,1,2884,0,0.0,1,1,0.02298762204966394,3,,,,17769.0,17769.0,17769.0,0.0,0.02298762204966394,1,1,,1.0,0.0,697.2400000000007,3,4836.405,4901.44,1,0,0,0,0.0,0,0,0,0,1
17795,2026-01-29 14:00:00+00:00,bull,2886,17772,17772,17772,4947.945,4958.42,10.475000000000364,0.23728899361866818,0.3007346085017789,23,0.2648657735898238,0.01687868244783559,1,2886,0,0.0,1,0,0.0,1,,,,,,,0.0,0.0,1,1,,,0.0,0.0,4,4947.945,4958.42,1,0,0,0,0.0,0,0,0,0,1
17795,2026-01-29 14:00:00+00:00,bull,2888,17774,17773,17774,4988.345,5052.505,64.15999999999985,1.3192498732055695,0.6291278944125148,22,0.28061551207734325,0.046578256815677614,2,0,0,0.0,1,4,0.9698410224438981,3,,,,17778.0,17783.0,17778.0,0.0,0.9698410224438981,1,0,,1.0,0.0,546.1750000000002,5,4988.345,5052.505,1,0,0,0,0.0,0,0,0,1,1
17796,2026-01-29 18:00:00+00:00,bear,2894,17796,17796,17796,5426.005,5470.88,44.875,0.43044337715017916,0.3856113177326504,0,1.0,0.25104055576386974,1,2894,0,0.0,1,0,0.0,1,,,,,,,0.0,0.0,1,1,,,0.0,0.0,1,5426.005,5470.88,1,0,0,0,0.0,0,0,0,1,1
17796,2026-01-29 18:00:00+00:00,bull,2881,17751,17751,17751,4676.22,4705.71,29.48999999999978,0.9308788640968702,0.6370243493626364,45,0.07432544468767006,0.0064216409837748,1,2881,0,0.0,1,0,0.0,1,,,,,,,0.0,0.0,1,1,,,0.0,0.0,1,4676.22,4705.71,1,0,0,0,0.0,0,0,0,0,1
17796,2026-01-29 18:00:00+00:00,bull,2882,17754,17754,17754,4738.515,4747.445,8.929999999999382,0.28991023706672764,0.3951573564067182,42,0.08838834764831845,0.0050091281112997444,1,2882,0,0.0,1,0,0.0,1,,,,,,,0.0,0.0,1,1,,,0.0,0.0,2,4738.515,4747.445,1,0,0,0,0.0,0,0,0,0,1
17796,2026-01-29 18:00:00+00:00,bull,2884,17766,17766,17766,4836.405,4901.44,65.03499999999985,1.4364550436774641,0.7770087512367047,30,0.1767766952966369,0.024993986934886712,1,2884,0,0.0,1,1,0.02298762204966394,3,,,,17769.0,17769.0,17769.0,0.0,0.02298762204966394,1,1,,1.0,0.0,697.2400000000007,3,4836.405,4901.44,1,0,0,0,0.0,0,0,0,0,1
17796,2026-01-29 18:00:00+00:00,bull,2886,17772,17772,17772,4947.945,4958.42,10.475000000000364,0.23728899361866818,0.3007346085017789,24,0.25,0.015191537635620846,1,2886,0,0.0,1,0,0.0,1,,,,,,,0.0,0.0,1,1,,,0.0,0.0,4,4947.945,4958.42,1,0,0,0,0.0,0,0,0,0,1
17796,2026-01-29 18:00:00+00:00,bull,2888,17774,17773,17774,4988.345,5052.505,64.15999999999985,1.3192498732055695,0.6291278944125148,23,0.2648657735898238,0.04117908217694151,2,0,0,0.0,1,4,0.9698410224438981,3,,,,17778.0,17783.0,17778.0,0.0,0.9698410224438981,1,0,,1.0,0.0,546.1750000000002,5,4988.345,5052.505,1,0,0,0,0.0,0,0,0,1,1
17797,2026-01-29 22:00:00+00:00,bear,2894,17796,17796,17796,5426.005,5470.88,44.875,0.43044337715017916,0.3856113177326504,1,0.9438743126816935,0.05061212918140848,1,2894,1,0.5579944289693585,3,1,0.5579944289693585,3,17797.0,17797.0,17797.0,17797.0,17797.0,17797.0,0.5579944289693585,0.5579944289693585,1,1,1.0,1.0,135.25,135.25,1,5426.005,5470.88,1,1,1,1,0.5579944289693585,1,0,0,1,1
17797,2026-01-29 22:00:00+00:00,bull,2881,17751,17751,17751,4676.22,4705.71,29.48999999999978,0.9308788640968702,0.6370243493626364,46,0.0701538780193358,0.006879310879686465,1,2881,0,0.0,1,0,0.0,1,,,,,,,0.0,0.0,1,1,,,0.0,0.0,1,4676.22,4705.71,1,0,0,0,0.0,0,0,0,0,1
17797,2026-01-29 22:00:00+00:00,bull,2882,17754,17754,17754,4738.515,4747.445,8.929999999999382,0.28991023706672764,0.3951573564067182,43,0.08342749088562713,0.0053949360240077154,1,2882,0,0.0,1,0,0.0,1,,,,,,,0.0,0.0,1,1,,,0.0,0.0,2,4738.515,4747.445,1,0,0,0,0.0,0,0,0,0,1
17797,2026-01-29 22:00:00+00:00,bull,2884,17766,17766,17766,4836.405,4901.44,65.03499999999985,1.4364550436774641,0.7770087512367047,31,0.16685498177125427,0.02765397399981906,1,2884,0,0.0,1,1,0.02298762204966394,3,,,,17769.0,17769.0,17769.0,0.0,0.02298762204966394,1,1,,1.0,0.0,697.2400000000007,3,4836.405,4901.44,1,0,0,0,0.0,0,0,0,0,1
17797,2026-01-29 22:00:00+00:00,bull,2886,17772,17772,17772,4947.945,4958.42,10.475000000000364,0.23728899361866818,0.3007346085017789,25,0.23596857817042335,0.017050976129898542,1,2886,0,0.0,1,0,0.0,1,,,,,,,0.0,0.0,1,1,,,0.0,0.0,4,4947.945,4958.42,1,0,0,0,0.0,0,0,0,0,1
17797,2026-01-29 22:00:00+00:00,bull,2888,17774,17773,17774,4988.345,5052.505,64.15999999999985,1.3192498732055695,0.6291278944125148,24,0.25,0.04776588478449461,2,0,0,0.0,1,4,0.9698410224438981,3,,,,17778.0,17783.0,17778.0,0.0,0.9698410224438981,1,0,,1.0,0.0,546.1750000000002,5,4988.345,5052.505,1,0,0,0,0.0,0,0,0,1,1
17798,2026-01-30 02:00:00+00:00,bear,2894,17796,17796,17796,5426.005,5470.88,44.875,0.43044337715017916,0.3856113177326504,2,0.8908987181403393,0.0332764475309812,1,2894,1,0.5579944289693585,3,1,0.5579944289693585,3,17797.0,17797.0,17797.0,17797.0,17797.0,17797.0,0.5579944289693585,0.5579944289693585,1,1,1.0,1.0,313.7349999999997,313.7349999999997,1,5426.005,5470.88,1,0,0,0,0.0,0,0,0,1,1
17798,2026-01-30 02:00:00+00:00,bull,2881,17751,17751,17751,4676.22,4705.71,29.48999999999978,0.9308788640968702,0.6370243493626364,47,0.06621644339745596,0.008152151145283238,1,2881,0,0.0,1,0,0.0,1,,,,,,,0.0,0.0,1,1,,,0.0,0.0,1,4676.22,4705.71,1,0,0,0,0.0,0,0,0,0,1
17798,2026-01-30 02:00:00+00:00,bull,2882,17754,17754,17754,4738.515,4747.445,8.929999999999382,0.28991023706672764,0.3951573564067182,44,0.07874506561842957,0.006467955639459273,1,2882,0,0.0,1,0,0.0,1,,,,,,,0.0,0.0,1,1,,,0.0,0.0,2,4738.515,4747.445,1,0,0,0,0.0,0,0,0,0,1
17798,2026-01-30 02:00:00+00:00,bull,2884,17766,17766,17766,4836.405,4901.44,65.03499999999985,1.4364550436774641,0.7770087512367047,32,0.15749013123685915,0.035264413569603685,1,2884,0,0.0,1,1,0.02298762204966394,3,,,,17769.0,17769.0,17769.0,0.0,0.02298762204966394,1,1,,1.0,0.0,697.2400000000007,3,4836.405,4901.44,1,0,0,0,0.0,0,0,0,0,1
17798,2026-01-30 02:00:00+00:00,bull,2886,17772,17772,17772,4947.945,4958.42,10.475000000000364,0.23728899361866818,0.3007346085017789,26,0.22272467953508485,0.022522242697162447,1,2886,0,0.0,1,0,0.0,1,,,,,,,0.0,0.0,1,1,,,0.0,0.0,4,4947.945,4958.42,1,0,0,0,0.0,0,0,0,0,1
17798,2026-01-30 02:00:00+00:00,bull,2888,17774,17773,17774,4988.345,5052.505,64.15999999999985,1.3192498732055695,0.6291278944125148,25,0.23596857817042335,0.06889412370215857,2,0,0,0.0,1,4,0.9698410224438981,3,,,,17778.0,17783.0,17778.0,0.0,0.9698410224438981,1,0,,1.0,0.0,546.1750000000002,5,4988.345,5052.505,1,0,0,0,0.0,0,0,0,1,1
17799,2026-01-30 06:00:00+00:00,bear,2894,17796,17796,17796,5426.005,5470.88,44.875,0.43044337715017916,0.3856113177326504,3,0.8408964152537145,0.022699350887651557,1,2894,1,0.5579944289693585,3,1,0.5579944289693585,3,17797.0,17797.0,17797.0,17797.0,17797.0,17797.0,0.5579944289693585,0.5579944289693585,1,1,1.0,1.0,483.1300000000001,483.1300000000001,2,5426.005,5470.88,1,0,0,0,0.0,0,0,0,0,1
17799,2026-01-30 06:00:00+00:00,bear,2895,17799,17799,17799,5205.615,5290.755,85.14000000000033,0.6788566708487064,0.4332618013349484,0,1.0,0.1713699638524527,1,2895,0,0.0,1,0,0.0,1,,,,,,,0.0,0.0,1,1,,,0.0,0.0,1,5205.615,5290.755,1,0,0,0,0.0,0,0,0,1,1
17799,2026-01-30 06:00:00+00:00,bull,2882,17754,17754,17754,4738.515,4747.445,8.929999999999382,0.28991023706672764,0.3951573564067182,45,0.07432544468767006,0.009398613133747437,1,2882,0,0.0,1,0,0.0,1,,,,,,,0.0,0.0,1,1,,,0.0,0.0,1,4738.515,4747.445,1,0,0,0,0.0,0,0,0,0,1
17799,2026-01-30 06:00:00+00:00,bull,2884,17766,17766,17766,4836.405,4901.44,65.03499999999985,1.4364550436774641,0.7770087512367047,33,0.14865088937534013,0.06088435345961862,1,2884,0,0.0,1,1,0.02298762204966394,3,,,,17769.0,17769.0,17769.0,0.0,0.02298762204966394,1,1,,1.0,0.0,697.2400000000007,2,4836.405,4901.44,1,0,0,0,0.0,0,0,0,1,1
17800,2026-01-30 10:00:00+00:00,bear,2894,17796,17796,17796,5426.005,5470.88,44.875,0.43044337715017916,0.3856113177326504,4,0.7937005259840998,0.07306166027648239,1,2894,0,0.0,1,1,0.5579944289693585,3,,,,17797.0,17797.0,17797.0,0.0,0.5579944289693585,1,1,,1.0,0.0,483.1300000000001,2,5426.005,5470.88,1,0,0,-1,-0.5579944289693585,0,0,0,0,1
17800,2026-01-30 10:00:00+00:00,bear,2895,17799,17799,17799,5205.615,5290.755,85.14000000000033,0.6788566708487064,0.4332618013349484,1,0.9438743126816935,0.16629511507058892,1,2895,0,0.0,1,0,0.0,1,,,,,,,0.0,0.0,1,1,,,0.0,0.0,1,5205.615,5290.755,1,0,0,0,0.0,0,0,0,1,1
17800,2026-01-30 10:00:00+00:00,bull,2882,17754,17754,17754,4738.515,4747.445,8.929999999999382,0.28991023706672764,0.3951573564067182,46,0.0701538780193358,0.008836555403266954,1,2882,0,0.0,1,0,0.0,1,,,,,,,0.0,0.0,1,1,,,0.0,0.0,1,4738.515,4747.445,1,0,0,0,0.0,0,0,0,0,1
17800,2026-01-30 10:00:00+00:00,bull,2884,17766,17766,17766,4836.405,4901.44,65.03499999999985,1.4364550436774641,0.7770087512367047,34,0.1403077560386716,0.056533564583157135,1,2884,0,0.0,1,1,0.02298762204966394,3,,,,17769.0,17769.0,17769.0,0.0,0.02298762204966394,1,1,,1.0,0.0,697.2400000000007,2,4836.405,4901.44,1,0,0,0,0.0,0,0,0,1,1
17801,2026-01-30 14:00:00+00:00,bear,2894,17796,17796,17796,5426.005,5470.88,44.875,0.43044337715017916,0.3856113177326504,5,0.7491535384383408,0.056730252990499955,1,2894,0,0.0,1,1,0.5579944289693585,3,,,,17797.0,17797.0,17797.0,0.0,0.5579944289693585,1,1,,1.0,0.0,625.2300000000005,2,5426.005,5470.88,1,0,0,0,0.0,0,0,0,0,1
17801,2026-01-30 14:00:00+00:00,bear,2895,17799,17799,17799,5205.615,5290.755,85.14000000000033,0.6788566708487064,0.4332618013349484,2,0.8908987181403393,0.10949428052413725,1,2895,0,0.0,1,0,0.0,1,,,,,,,0.0,0.0,1,1,,,0.0,0.0,1,5205.615,5290.755,1,0,0,0,0.0,0,0,0,1,1
17801,2026-01-30 14:00:00+00:00,bull,2882,17754,17754,17754,4738.515,4747.445,8.929999999999382,0.28991023706672764,0.3951573564067182,47,0.06621644339745596,0.015104139124802482,1,2882,0,0.0,1,0,0.0,1,,,,,,,0.0,0.0,1,1,,,0.0,0.0,1,4738.515,4747.445,1,0,0,0,0.0,0,0,0,1,1
17802,2026-01-30 18:00:00+00:00,bear,2894,17796,17796,17796,5426.005,5470.88,44.875,0.43044337715017916,0.3856113177326504,6,0.7071067811865476,0.06012659623492591,1,2894,0,0.0,1,1,0.5579944289693585,3,,,,17797.0,17797.0,17797.0,0.0,0.5579944289693585,1,1,,1.0,0.0,742.9000000000005,3,5426.005,5470.88,1,0,0,0,0.0,0,0,0,0,1
17802,2026-01-30 18:00:00+00:00,bear,2895,17799,17799,17799,5205.615,5290.755,85.14000000000033,0.6788566708487064,0.4332618013349484,3,0.8408964152537145,0.11901854000703117,1,2895,0,0.0,1,0,0.0,1,,,,,,,0.0,0.0,1,1,,,0.0,0.0,2,5205.615,5290.755,1,0,0,0,0.0,0,0,0,0,1
17802,2026-01-30 18:00:00+00:00,bear,2896,17802,17802,17802,4948.24,4992.555,44.31500000000051,0.2963447133842767,0.4137858260231745,0,1.0,0.30880025357652635,1,2896,0,0.0,1,0,0.0,1,,,,,,,0.0,0.0,1,1,,,0.0,0.0,1,4948.24,4992.555,1,0,0,0,0.0,0,0,0,1,1
17803,2026-02-01 22:00:00+00:00,bear,2894,17796,17796,17796,5426.005,5470.88,44.875,0.43044337715017916,0.3856113177326504,7,0.6674199270850172,0.048786570231964095,1,2894,0,0.0,1,1,0.5579944289693585,3,,,,17797.0,17797.0,17797.0,0.0,0.5579944289693585,1,1,,1.0,0.0,841.1850000000004,3,5426.005,5470.88,1,0,0,0,0.0,0,0,0,0,1
17803,2026-02-01 22:00:00+00:00,bear,2895,17799,17799,17799,5205.615,5290.755,85.14000000000033,0.6788566708487064,0.4332618013349484,4,0.7937005259840998,0.08799382198228396,1,2895,0,0.0,1,0,0.0,1,,,,,,,0.0,0.0,1,1,,,0.0,0.0,2,5205.615,5290.755,1,0,0,0,0.0,0,0,0,0,1
17803,2026-02-01 22:00:00+00:00,bear,2896,17802,17802,17802,4948.24,4992.555,44.31500000000051,0.2963447133842767,0.4137858260231745,1,0.9438743126816935,0.16898437533983282,1,2896,0,0.0,1,0,0.0,1,,,,,,,0.0,0.0,1,1,,,0.0,0.0,1,4948.24,4992.555,1,0,0,0,0.0,0,0,0,1,1
17804,2026-02-02 02:00:00+00:00,bear,2894,17796,17796,17796,5426.005,5470.88,44.875,0.43044337715017916,0.3856113177326504,8,0.6299605249474366,0.0393333343260894,1,2894,0,0.0,1,1,0.5579944289693585,3,,,,17797.0,17797.0,17797.0,0.0,0.5579944289693585,1,1,,1.0,0.0,927.6750000000002,3,5426.005,5470.88,1,0,0,0,0.0,0,0,0,0,1
17804,2026-02-02 02:00:00+00:00,bear,2895,17799,17799,17799,5205.615,5290.755,85.14000000000033,0.6788566708487064,0.4332618013349484,5,0.7491535384383408,0.06659112490395067,1,2895,0,0.0,1,0,0.0,1,,,,,,,0.0,0.0,1,1,,,0.0,0.0,2,5205.615,5290.755,1,0,0,0,0.0,0,0,0,0,1
17804,2026-02-02 02:00:00+00:00,bear,2896,17802,17802,17802,4948.24,4992.555,44.31500000000051,0.2963447133842767,0.4137858260231745,2,0.8908987181403393,0.10990907995403669,1,2896,0,0.0,1,0,0.0,1,,,,,,,0.0,0.0,1,1,,,0.0,0.0,1,4948.24,4992.555,1,0,0,0,0.0,0,0,0,1,1
17805,2026-02-02 06:00:00+00:00,bear,2894,17796,17796,17796,5426.005,5470.88,44.875,0.43044337715017916,0.3856113177326504,9,0.5946035575013605,0.046709762284457376,1,2894,0,0.0,1,1,0.5579944289693585,3,,,,17797.0,17797.0,17797.0,0.0,0.5579944289693585,1,1,,1.0,0.0,1023.5200000000004,3,5426.005,5470.88,1,0,0,0,0.0,0,0,0,0,1
17805,2026-02-02 06:00:00+00:00,bear,2895,17799,17799,17799,5205.615,5290.755,85.14000000000033,0.6788566708487064,0.4332618013349484,6,0.7071067811865476,0.08304176854701072,1,2895,0,0.0,1,0,0.0,1,,,,,,,0.0,0.0,1,1,,,0.0,0.0,2,5205.615,5290.755,1,0,0,0,0.0,0,0,0,0,1
17805,2026-02-02 06:00:00+00:00,bear,2896,17802,17802,17802,4948.24,4992.555,44.31500000000051,0.2963447133842767,0.4137858260231745,3,0.8408964152537145,0.1536120289101741,1,2896,0,0.0,1,0,0.0,1,,,,,,,0.0,0.0,1,1,,,0.0,0.0,1,4948.24,4992.555,1,0,0,0,0.0,0,0,0,1,1
17806,2026-02-02 10:00:00+00:00,bear,2894,17796,17796,17796,5426.005,5470.88,44.875,0.43044337715017916,0.3856113177326504,10,0.5612310241546865,0.04308655386463532,1,2894,0,0.0,1,1,0.5579944289693585,3,,,,17797.0,17797.0,17797.0,0.0,0.5579944289693585,1,1,,1.0,0.0,1023.5200000000004,3,5426.005,5470.88,1,0,0,0,0.0,0,0,0,0,1
17806,2026-02-02 10:00:00+00:00,bear,2895,17799,17799,17799,5205.615,5290.755,85.14000000000033,0.6788566708487064,0.4332618013349484,7,0.6674199270850172,0.07627840385540548,1,2895,0,0.0,1,0,0.0,1,,,,,,,0.0,0.0,1,1,,,0.0,0.0,2,5205.615,5290.755,1,0,0,0,0.0,0,0,0,0,1
17806,2026-02-02 10:00:00+00:00,bear,2896,17802,17802,17802,4948.24,4992.555,44.31500000000051,0.2963447133842767,0.4137858260231745,4,0.7937005259840998,0.1396160524177501,1,2896,0,0.0,1,0,0.0,1,,,,,,,0.0,0.0,1,1,,,0.0,0.0,1,4948.24,4992.555,1,0,0,0,0.0,0,0,0,1,1
17807,2026-02-02 14:00:00+00:00,bear,2894,17796,17796,17796,5426.005,5470.88,44.875,0.43044337715017916,0.3856113177326504,11,0.5297315471796477,0.03949629326986951,1,2894,0,0.0,1,1,0.5579944289693585,3,,,,17797.0,17797.0,17797.0,0.0,0.5579944289693585,1,1,,1.0,0.0,1023.5200000000004,3,5426.005,5470.88,1,0,0,0,0.0,0,0,0,0,1
17807,2026-02-02 14:00:00+00:00,bear,2895,17799,17799,17799,5205.615,5290.755,85.14000000000033,0.6788566708487064,0.4332618013349484,8,0.6299605249474366,0.06911442105974751,1,2895,0,0.0,1,0,0.0,1,,,,,,,0.0,0.0,1,1,,,0.0,0.0,2,5205.615,5290.755,1,0,0,0,0.0,0,0,0,0,1
17807,2026-02-02 14:00:00+00:00,bear,2896,17802,17802,17802,4948.24,4992.555,44.31500000000051,0.2963447133842767,0.4137858260231745,5,0.7491535384383408,0.12296052829650135,1,2896,0,0.0,1,0,0.0,1,,,,,,,0.0,0.0,1,1,,,0.0,0.0,1,4948.24,4992.555,1,0,0,0,0.0,0,0,0,1,1
17808,2026-02-02 18:00:00+00:00,bear,2894,17796,17796,17796,5426.005,5470.88,44.875,0.43044337715017916,0.3856113177326504,12,0.5,0.035797230564012565,1,2894,0,0.0,1,1,0.5579944289693585,3,,,,17797.0,17797.0,17797.0,0.0,0.5579944289693585,1,1,,1.0,0.0,1023.5200000000004,3,5426.005,5470.88,1,0,0,0,0.0,0,0,0,0,1
17808,2026-02-02 18:00:00+00:00,bear,2895,17799,17799,17799,5205.615,5290.755,85.14000000000033,0.6788566708487064,0.4332618013349484,9,0.5946035575013605,0.06252762630847368,1,2895,0,0.0,1,0,0.0,1,,,,,,,0.0,0.0,1,1,,,0.0,0.0,2,5205.615,5290.755,1,0,0,0,0.0,0,0,0,0,1
17808,2026-02-02 18:00:00+00:00,bear,2896,17802,17802,17802,4948.24,4992.555,44.31500000000051,0.2963447133842767,0.4137858260231745,6,0.7071067811865476,0.11075990821015194,1,2896,0,0.0,1,0,0.0,1,,,,,,,0.0,0.0,1,1,,,0.0,0.0,1,4948.24,4992.555,1,0,0,0,0.0,0,0,0,1,1
17809,2026-02-02 22:00:00+00:00,bear,2894,17796,17796,17796,5426.005,5470.88,44.875,0.43044337715017916,0.3856113177326504,13,0.47193715634084676,0.04201812621211837,1,2894,0,0.0,1,1,0.5579944289693585,3,,,,17797.0,17797.0,17797.0,0.0,0.5579944289693585,1,1,,1.0,0.0,1023.5200000000004,3,5426.005,5470.88,1,0,0,0,0.0,0,0,0,0,1
17809,2026-02-02 22:00:00+00:00,bear,2895,17799,17799,17799,5205.615,5290.755,85.14000000000033,0.6788566708487064,0.4332618013349484,10,0.5612310241546865,0.07906886855268104,1,2895,0,0.0,1,0,0.0,1,,,,,,,0.0,0.0,1,1,,,0.0,0.0,2,5205.615,5290.755,1,0,0,0,0.0,0,0,0,0,1
17809,2026-02-02 22:00:00+00:00,bear,2896,17802,17802,17802,4948.24,4992.555,44.31500000000051,0.2963447133842767,0.4137858260231745,7,0.6674199270850172,0.17166643363848408,1,2896,0,0.0,1,0,0.0,1,,,,,,,0.0,0.0,1,1,,,0.0,0.0,1,4948.24,4992.555,1,0,0,0,0.0,0,0,0,1,1
17810,2026-02-03 02:00:00+00:00,bear,2894,17796,17796,17796,5426.005,5470.88,44.875,0.43044337715017916,0.3856113177326504,14,0.44544935907016964,0.03786268623270241,1,2894,0,0.0,1,1,0.5579944289693585,3,,,,17797.0,17797.0,17797.0,0.0,0.5579944289693585,1,1,,1.0,0.0,1023.5200000000004,3,5426.005,5470.88,1,0,0,0,0.0,0,0,0,0,1
17810,2026-02-03 02:00:00+00:00,bear,2895,17799,17799,17799,5205.615,5290.755,85.14000000000033,0.6788566708487064,0.4332618013349484,11,0.5297315471796477,0.07085679820577162,1,2895,0,0.0,1,0,0.0,1,,,,,,,0.0,0.0,1,1,,,0.0,0.0,2,5205.615,5290.755,1,0,0,0,0.0,0,0,0,0,1
17810,2026-02-03 02:00:00+00:00,bear,2896,17802,17802,17802,4948.24,4992.555,44.31500000000051,0.2963447133842767,0.4137858260231745,8,0.6299605249474366,0.15121849541543114,1,2896,0,0.0,1,0,0.0,1,,,,,,,0.0,0.0,1,1,,,0.0,0.0,1,4948.24,4992.555,1,0,0,0,0.0,0,0,0,1,1
17810,2026-02-03 02:00:00+00:00,bull,2897,17810,17810,17810,4712.92,4745.765,32.845000000000255,0.19337731651036905,0.43941014529469896,0,1.0,0.2992650617086176,1,2897,0,0.0,1,0,0.0,1,,,,,,,0.0,0.0,1,1,,,0.0,0.0,1,4712.92,4745.765,1,0,0,0,0.0,0,0,0,1,1
17811,2026-02-03 06:00:00+00:00,bear,2894,17796,17796,17796,5426.005,5470.88,44.875,0.43044337715017916,0.3856113177326504,15,0.42044820762685725,0.04004677767165111,1,2894,0,0.0,1,1,0.5579944289693585,3,,,,17797.0,17797.0,17797.0,0.0,0.5579944289693585,1,1,,1.0,0.0,1023.5200000000004,3,5426.005,5470.88,1,0,0,0,0.0,0,0,0,0,1
17811,2026-02-03 06:00:00+00:00,bear,2895,17799,17799,17799,5205.615,5290.755,85.14000000000033,0.6788566708487064,0.4332618013349484,12,0.5,0.07933183272035858,1,2895,0,0.0,1,0,0.0,1,,,,,,,0.0,0.0,1,1,,,0.0,0.0,2,5205.615,5290.755,1,0,0,0,0.0,0,0,0,0,1
17811,2026-02-03 06:00:00+00:00,bear,2896,17802,17802,17802,4948.24,4992.555,44.31500000000051,0.2963447133842767,0.4137858260231745,9,0.5946035575013605,0.15484103524689952,1,2896,1,0.039151528827723395,3,1,0.039151528827723395,3,17811.0,17811.0,17811.0,17811.0,17811.0,17811.0,0.039151528827723395,0.039151528827723395,1,1,1.0,1.0,131.57499999999982,131.57499999999982,1,4948.24,4992.555,1,1,1,1,0.039151528827723395,1,0,0,1,1
17811,2026-02-03 06:00:00+00:00,bull,2897,17810,17810,17810,4712.92,4745.765,32.845000000000255,0.19337731651036905,0.43941014529469896,1,0.9438743126816935,0.20542665202560131,1,2897,0,0.0,1,0,0.0,1,,,,,,,0.0,0.0,1,1,,,0.0,0.0,1,4712.92,4745.765,1,0,0,0,0.0,0,0,0,1,1
17812,2026-02-03 10:00:00+00:00,bear,2894,17796,17796,17796,5426.005,5470.88,44.875,0.43044337715017916,0.3856113177326504,16,0.3968502629920499,0.03751684175477391,1,2894,0,0.0,1,1,0.5579944289693585,3,,,,17797.0,17797.0,17797.0,0.0,0.5579944289693585,1,1,,1.0,0.0,1023.5200000000004,3,5426.005,5470.88,1,0,0,0,0.0,0,0,0,0,1
17812,2026-02-03 10:00:00+00:00,bear,2895,17799,17799,17799,5205.615,5290.755,85.14000000000033,0.6788566708487064,0.4332618013349484,13,0.47193715634084676,0.07566255941594725,1,2895,0,0.0,1,0,0.0,1,,,,,,,0.0,0.0,1,1,,,0.0,0.0,2,5205.615,5290.755,1,0,0,0,0.0,0,0,0,0,1
17812,2026-02-03 10:00:00+00:00,bear,2896,17802,17802,17802,4948.24,4992.555,44.31500000000051,0.2963447133842767,0.4137858260231745,10,0.5612310241546865,0.15907930400165576,1,2896,2,0.06668171048177578,3,2,0.06668171048177578,3,17811.0,17812.0,17811.0,17811.0,17812.0,17811.0,0.039151528827723395,0.039151528827723395,1,1,1.0,1.0,64.38999999999942,64.38999999999942,1,4948.24,4992.555,1,1,1,1,0.027530181654052382,1,0,0,1,1
17812,2026-02-03 10:00:00+00:00,bull,2897,17810,17810,17810,4712.92,4745.765,32.845000000000255,0.19337731651036905,0.43941014529469896,2,0.8908987181403393,0.18041995876976624,1,2897,0,0.0,1,0,0.0,1,,,,,,,0.0,0.0,1,1,,,0.0,0.0,1,4712.92,4745.765,1,0,0,0,0.0,0,0,0,0,1
17812,2026-02-03 10:00:00+00:00,bull,2898,17812,17812,17812,4842.18,4883.85,41.67000000000007,0.2602682750992737,0.37177115832947344,0,1.0,0.2843808634683587,1,2898,0,0.0,1,0,0.0,1,,,,,,,0.0,0.0,1,1,,,0.0,0.0,2,4842.18,4883.85,1,0,0,0,0.0,0,0,0,1,1
17813,2026-02-03 14:00:00+00:00,bear,2894,17796,17796,17796,5426.005,5470.88,44.875,0.43044337715017916,0.3856113177326504,17,0.3745767692191704,0.034479267800880016,1,2894,0,0.0,1,1,0.5579944289693585,3,,,,17797.0,17797.0,17797.0,0.0,0.5579944289693585,1,1,,1.0,0.0,1023.5200000000004,2,5426.005,5470.88,1,0,0,0,0.0,0,0,0,0,1
17813,2026-02-03 14:00:00+00:00,bear,2895,17799,17799,17799,5205.615,5290.755,85.14000000000033,0.6788566708487064,0.4332618013349484,14,0.44544935907016964,0.06955420833274388,1,2895,0,0.0,1,0,0.0,1,,,,,,,0.0,0.0,1,1,,,0.0,0.0,1,5205.615,5290.755,1,0,0,0,0.0,0,0,0,1,1
17813,2026-02-03 14:00:00+00:00,bull,2897,17810,17810,17810,4712.92,4745.765,32.845000000000255,0.19337731651036905,0.43941014529469896,3,0.8408964152537145,0.16976404867563916,1,2897,0,0.0,1,0,0.0,1,,,,,,,0.0,0.0,1,1,,,0.0,0.0,1,4712.92,4745.765,1,0,0,0,0.0,0,0,0,0,1
17813,2026-02-03 14:00:00+00:00,bull,2898,17812,17812,17812,4842.18,4883.85,41.67000000000007,0.2602682750992737,0.37177115832947344,1,0.9438743126816935,0.2719528334492823,1,2898,0,0.0,1,0,0.0,1,,,,,,,0.0,0.0,1,1,,,0.0,0.0,2,4842.18,4883.85,1,0,0,0,0.0,0,0,0,1,1
17814,2026-02-03 18:00:00+00:00,bear,2894,17796,17796,17796,5426.005,5470.88,44.875,0.43044337715017916,0.3856113177326504,18,0.3535533905932738,0.032637572806789875,1,2894,0,0.0,1,1,0.5579944289693585,3,,,,17797.0,17797.0,17797.0,0.0,0.5579944289693585,1,1,,1.0,0.0,1023.5200000000004,2,5426.005,5470.88,1,0,0,0,0.0,0,0,0,0,1
17814,2026-02-03 18:00:00+00:00,bear,2895,17799,17799,17799,5205.615,5290.755,85.14000000000033,0.6788566708487064,0.4332618013349484,15,0.42044820762685725,0.06711209687719841,1,2895,0,0.0,1,0,0.0,1,,,,,,,0.0,0.0,1,1,,,0.0,0.0,1,5205.615,5290.755,1,0,0,0,0.0,0,0,0,1,1
17814,2026-02-03 18:00:00+00:00,bull,2897,17810,17810,17810,4712.92,4745.765,32.845000000000255,0.19337731651036905,0.43941014529469896,4,0.7937005259840998,0.14916811131666793,1,2897,0,0.0,1,0,0.0,1,,,,,,,0.0,0.0,1,1,,,0.0,0.0,1,4712.92,4745.765,1,0,0,0,0.0,0,0,0,0,1
17814,2026-02-03 18:00:00+00:00,bull,2898,17812,17812,17812,4842.18,4883.85,41.67000000000007,0.2602682750992737,0.37177115832947344,2,0.8908987181403393,0.17475508874252163,1,2898,1,0.07607391408687467,3,1,0.07607391408687467,3,17814.0,17814.0,17814.0,17814.0,17814.0,17814.0,0.07607391408687467,0.07607391408687467,1,1,1.0,1.0,80.42000000000007,80.42000000000007,2,4842.18,4883.85,1,1,1,1,0.07607391408687467,1,0,0,1,1
17815,2026-02-03 22:00:00+00:00,bear,2894,17796,17796,17796,5426.005,5470.88,44.875,0.43044337715017916,0.3856113177326504,19,0.3337099635425086,0.036503488481571,1,2894,0,0.0,1,1,0.5579944289693585,3,,,,17797.0,17797.0,17797.0,0.0,0.5579944289693585,1,1,,1.0,0.0,1023.5200000000004,2,5426.005,5470.88,1,0,0,0,0.0,0,0,0,0,1
17815,2026-02-03 22:00:00+00:00,bear,2895,17799,17799,17799,5205.615,5290.755,85.14000000000033,0.6788566708487064,0.4332618013349484,16,0.3968502629920499,0.08357274939205225,1,2895,0,0.0,1,0,0.0,1,,,,,,,0.0,0.0,1,1,,,0.0,0.0,1,5205.615,5290.755,1,0,0,0,0.0,0,0,0,1,1
17815,2026-02-03 22:00:00+00:00,bull,2897,17810,17810,17810,4712.92,4745.765,32.845000000000255,0.19337731651036905,0.43941014529469896,5,0.7491535384383408,0.10953456612279323,1,2897,0,0.0,1,0,0.0,1,,,,,,,0.0,0.0,1,1,,,0.0,0.0,1,4712.92,4745.765,1,0,0,0,0.0,0,0,0,0,1
17815,2026-02-03 22:00:00+00:00,bull,2898,17812,17812,17812,4842.18,4883.85,41.67000000000007,0.2602682750992737,0.37177115832947344,3,0.8408964152537145,0.11241897440797505,1,2898,1,0.07607391408687467,3,1,0.07607391408687467,3,17814.0,17814.0,17814.0,17814.0,17814.0,17814.0,0.07607391408687467,0.07607391408687467,1,1,1.0,1.0,169.82499999999982,169.82499999999982,2,4842.18,4883.85,1,0,0,0,0.0,0,0,0,1,1
17816,2026-02-04 02:00:00+00:00,bear,2894,17796,17796,17796,5426.005,5470.88,44.875,0.43044337715017916,0.3856113177326504,20,0.3149802624737183,0.03553583744738924,1,2894,0,0.0,1,1,0.5579944289693585,3,,,,17797.0,17797.0,17797.0,0.0,0.5579944289693585,1,1,,1.0,0.0,1023.5200000000004,2,5426.005,5470.88,1,0,0,0,0.0,0,0,0,0,1
17816,2026-02-04 02:00:00+00:00,bear,2895,17799,17799,17799,5205.615,5290.755,85.14000000000033,0.6788566708487064,0.4332618013349484,17,0.3745767692191704,0.08630897507291457,1,2895,0,0.0,1,0,0.0,1,,,,,,,0.0,0.0,1,1,,,0.0,0.0,1,5205.615,5290.755,1,0,0,0,0.0,0,0,0,1,1
17816,2026-02-04 02:00:00+00:00,bull,2897,17810,17810,17810,4712.92,4745.765,32.845000000000255,0.19337731651036905,0.43941014529469896,6,0.7071067811865476,0.09336358988103595,1,2897,0,0.0,1,0,0.0,1,,,,,,,0.0,0.0,1,1,,,0.0,0.0,1,4712.92,4745.765,1,0,0,0,0.0,0,0,0,0,1
17816,2026-02-04 02:00:00+00:00,bull,2898,17812,17812,17812,4842.18,4883.85,41.67000000000007,0.2602682750992737,0.37177115832947344,4,0.7937005259840998,0.09359292503105815,1,2898,1,0.07607391408687467,3,1,0.07607391408687467,3,17814.0,17814.0,17814.0,17814.0,17814.0,17814.0,0.07607391408687467,0.07607391408687467,1,1,1.0,1.0,206.58500000000004,206.58500000000004,2,4842.18,4883.85,1,0,0,0,0.0,0,0,0,0,1
17816,2026-02-04 02:00:00+00:00,bull,2899,17816,17816,17816,4964.27,5035.69,71.41999999999916,0.4982845262873733,0.45669261787611015,0,1.0,0.3499021316127327,1,2899,0,0.0,1,0,0.0,1,,,,,,,0.0,0.0,1,1,,,0.0,0.0,3,4964.27,5035.69,1,0,0,0,0.0,0,0,0,1,1
17817,2026-02-04 06:00:00+00:00,bear,2894,17796,17796,17796,5426.005,5470.88,44.875,0.43044337715017916,0.3856113177326504,21,0.29730177875068026,0.031157882687902365,1,2894,0,0.0,1,1,0.5579944289693585,3,,,,17797.0,17797.0,17797.0,0.0,0.5579944289693585,1,1,,1.0,0.0,1023.5200000000004,2,5426.005,5470.88,1,0,0,0,0.0,0,0,0,0,1
17817,2026-02-04 06:00:00+00:00,bear,2895,17799,17799,17799,5205.615,5290.755,85.14000000000033,0.6788566708487064,0.4332618013349484,18,0.3535533905932738,0.07415943626442284,1,2895,0,0.0,1,0,0.0,1,,,,,,,0.0,0.0,1,1,,,0.0,0.0,1,5205.615,5290.755,1,0,0,0,0.0,0,0,0,1,1
17817,2026-02-04 06:00:00+00:00,bull,2897,17810,17810,17810,4712.92,4745.765,32.845000000000255,0.19337731651036905,0.43941014529469896,7,0.6674199270850172,0.08882192413043204,1,2897,0,0.0,1,0,0.0,1,,,,,,,0.0,0.0,1,1,,,0.0,0.0,1,4712.92,4745.765,1,0,0,0,0.0,0,0,0,0,1
17817,2026-02-04 06:00:00+00:00,bull,2898,17812,17812,17812,4842.18,4883.85,41.67000000000007,0.2602682750992737,0.37177115832947344,5,0.7491535384383408,0.12158827701265805,1,2898,0,0.0,1,1,0.07607391408687467,3,,,,17814.0,17814.0,17814.0,0.0,0.07607391408687467,1,1,,1.0,0.0,207.98999999999978,2,4842.18,4883.85,1,0,0,-1,-0.07607391408687467,0,0,0,0,1
17817,2026-02-04 06:00:00+00:00,bull,2899,17816,17816,17816,4964.27,5035.69,71.41999999999916,0.4982845262873733,0.45669261787611015,1,0.9438743126816935,0.3656935835301035,1,2899,0,0.0,1,0,0.0,1,,,,,,,0.0,0.0,1,1,,,0.0,0.0,3,4964.27,5035.69,1,0,0,0,0.0,0,0,0,1,1
17818,2026-02-04 10:00:00+00:00,bear,2894,17796,17796,17796,5426.005,5470.88,44.875,0.43044337715017916,0.3856113177326504,22,0.28061551207734325,0.02809928463372302,1,2894,0,0.0,1,1,0.5579944289693585,3,,,,17797.0,17797.0,17797.0,0.0,0.5579944289693585,1,1,,1.0,0.0,1023.5200000000004,2,5426.005,5470.88,1,0,0,0,0.0,0,0,0,0,1
17818,2026-02-04 10:00:00+00:00,bear,2895,17799,17799,17799,5205.615,5290.755,85.14000000000033,0.6788566708487064,0.4332618013349484,19,0.3337099635425086,0.06689749734798284,1,2895,0,0.0,1,0,0.0,1,,,,,,,0.0,0.0,1,1,,,0.0,0.0,1,5205.615,5290.755,1,0,0,0,0.0,0,0,0,1,1
17818,2026-02-04 10:00:00+00:00,bull,2897,17810,17810,17810,4712.92,4745.765,32.845000000000255,0.19337731651036905,0.43941014529469896,8,0.6299605249474366,0.08228007863895662,1,2897,0,0.0,1,0,0.0,1,,,,,,,0.0,0.0,1,1,,,0.0,0.0,1,4712.92,4745.765,1,0,0,0,0.0,0,0,0,0,1
17818,2026-02-04 10:00:00+00:00,bull,2898,17812,17812,17812,4842.18,4883.85,41.67000000000007,0.2602682750992737,0.37177115832947344,6,0.7071067811865476,0.11401892975939863,1,2898,0,0.0,1,1,0.07607391408687467,3,,,,17814.0,17814.0,17814.0,0.0,0.07607391408687467,1,1,,1.0,0.0,207.98999999999978,2,4842.18,4883.85,1,0,0,0,0.0,0,0,0,0,1
17818,2026-02-04 10:00:00+00:00,bull,2899,17816,17816,17816,4964.27,5035.69,71.41999999999916,0.4982845262873733,0.45669261787611015,2,0.8908987181403393,0.19603940763134614,1,2899,1,0.30677681321758765,3,1,0.30677681321758765,3,17818.0,17818.0,17818.0,17818.0,17818.0,17818.0,0.30677681321758765,0.30677681321758765,1,1,1.0,1.0,28.875,28.875,3,4964.27,5035.69,1,1,1,1,0.30677681321758765,1,0,0,1,1
17819,2026-02-04 14:00:00+00:00,bear,2894,17796,17796,17796,5426.005,5470.88,44.875,0.43044337715017916,0.3856113177326504,23,0.2648657735898238,0.020931110766036546,1,2894,0,0.0,1,1,0.5579944289693585,3,,,,17797.0,17797.0,17797.0,0.0,0.5579944289693585,1,1,,1.0,0.0,1023.5200000000004,2,5426.005,5470.88,1,0,0,0,0.0,0,0,0,0,1
17819,2026-02-04 14:00:00+00:00,bear,2895,17799,17799,17799,5205.615,5290.755,85.14000000000033,0.6788566708487064,0.4332618013349484,20,0.3149802624737183,0.041852791376444966,1,2895,0,0.0,1,0,0.0,1,,,,,,,0.0,0.0,1,1,,,0.0,0.0,1,5205.615,5290.755,1,0,0,0,0.0,0,0,0,1,1
17819,2026-02-04 14:00:00+00:00,bull,2897,17810,17810,17810,4712.92,4745.765,32.845000000000255,0.19337731651036905,0.43941014529469896,9,0.5946035575013605,0.12340609276494818,1,2897,0,0.0,1,0,0.0,1,,,,,,,0.0,0.0,1,1,,,0.0,0.0,1,4712.92,4745.765,1,0,0,0,0.0,0,0,0,0,1
17819,2026-02-04 14:00:00+00:00,bull,2898,17812,17812,17812,4842.18,4883.85,41.67000000000007,0.2602682750992737,0.37177115832947344,7,0.6674199270850172,0.22498232571626964,1,2898,0,0.0,1,2,0.8368130549556213,3,,,,17814.0,17819.0,17814.0,0.0,0.7607391408687466,1,1,,1.0,0.0,175.3799999999992,2,4842.18,4883.85,1,1,0,0,0.0,1,1,0,1,1
17820,2026-02-04 18:00:00+00:00,bear,2894,17796,17796,17796,5426.005,5470.88,44.875,0.43044337715017916,0.3856113177326504,24,0.25,0.021643195480631122,1,2894,0,0.0,1,1,0.5579944289693585,3,,,,17797.0,17797.0,17797.0,0.0,0.5579944289693585,1,1,,1.0,0.0,1023.5200000000004,3,5426.005,5470.88,1,0,0,0,0.0,0,0,0,0,1
17820,2026-02-04 18:00:00+00:00,bear,2895,17799,17799,17799,5205.615,5290.755,85.14000000000033,0.6788566708487064,0.4332618013349484,21,0.29730177875068026,0.045962858631854654,1,2895,0,0.0,1,0,0.0,1,,,,,,,0.0,0.0,1,1,,,0.0,0.0,2,5205.615,5290.755,1,0,0,0,0.0,0,0,0,0,1
17820,2026-02-04 18:00:00+00:00,bear,2900,17820,17820,17820,4971.18,5013.78,42.599999999999454,0.31926652600533173,0.4424441141300181,0,1.0,0.4231923603920443,1,2900,0,0.0,1,0,0.0,1,,,,,,,0.0,0.0,1,1,,,0.0,0.0,1,4971.18,5013.78,1,0,0,0,0.0,0,0,0,1,1
17820,2026-02-04 18:00:00+00:00,bull,2897,17810,17810,17810,4712.92,4745.765,32.845000000000255,0.19337731651036905,0.43941014529469896,10,0.5612310241546865,0.09327583185464622,1,2897,0,0.0,1,0,0.0,1,,,,,,,0.0,0.0,1,1,,,0.0,0.0,1,4712.92,4745.765,1,0,0,0,0.0,0,0,0,1,1
17820,2026-02-04 18:00:00+00:00,bull,2898,17812,17812,17812,4842.18,4883.85,41.67000000000007,0.2602682750992737,0.37177115832947344,8,0.6299605249474366,0.08005609870978932,1,2898,1,0.26253899688026133,3,3,0.8368130549556213,3,17820.0,17820.0,17820.0,17814.0,17820.0,17814.0,0.26253899688026133,0.7607391408687466,1,1,1.0,1.0,87.32999999999993,87.32999999999993,2,4842.18,4883.85,1,1,1,1,0.26253899688026133,1,0,0,0,1
17821,2026-02-04 22:00:00+00:00,bear,2894,17796,17796,17796,5426.005,5470.88,44.875,0.43044337715017916,0.3856113177326504,25,0.23596857817042335,0.0198421241444752,1,2894,0,0.0,1,1,0.5579944289693585,3,,,,17797.0,17797.0,17797.0,0.0,0.5579944289693585,1,1,,1.0,0.0,1023.5200000000004,2,5426.005,5470.88,1,0,0,0,0.0,0,0,0,0,1
17821,2026-02-04 22:00:00+00:00,bear,2895,17799,17799,17799,5205.615,5290.755,85.14000000000033,0.6788566708487064,0.4332618013349484,22,0.28061551207734325,0.0420236513337319,1,2895,0,0.0,1,0,0.0,1,,,,,,,0.0,0.0,1,1,,,0.0,0.0,1,5205.615,5290.755,1,0,0,0,0.0,0,0,0,1,1
17821,2026-02-04 22:00:00+00:00,bull,2897,17810,17810,17810,4712.92,4745.765,32.845000000000255,0.19337731651036905,0.43941014529469896,11,0.5297315471796477,0.08821427675953658,1,2897,0,0.0,1,0,0.0,1,,,,,,,0.0,0.0,1,1,,,0.0,0.0,1,4712.92,4745.765,1,0,0,0,0.0,0,0,0,1,1
17821,2026-02-04 22:00:00+00:00,bull,2898,17812,17812,17812,4842.18,4883.85,41.67000000000007,0.2602682750992737,0.37177115832947344,9,0.5946035575013605,0.07704076357505851,1,2898,1,0.26253899688026133,3,3,0.8368130549556213,3,17820.0,17820.0,17820.0,17814.0,17820.0,17814.0,0.26253899688026133,0.7607391408687466,1,1,1.0,1.0,140.17999999999938,140.17999999999938,2,4842.18,4883.85,1,0,0,0,0.0,0,0,0,0,1
17822,2026-02-05 02:00:00+00:00,bear,2894,17796,17796,17796,5426.005,5470.88,44.875,0.43044337715017916,0.3856113177326504,26,0.22272467953508485,0.017270921178669234,1,2894,0,0.0,1,1,0.5579944289693585,3,,,,17797.0,17797.0,17797.0,0.0,0.5579944289693585,1,1,,1.0,0.0,1023.5200000000004,2,5426.005,5470.88,1,0,0,0,0.0,0,0,0,0,1
17822,2026-02-05 02:00:00+00:00,bear,2895,17799,17799,17799,5205.615,5290.755,85.14000000000033,0.6788566708487064,0.4332618013349484,23,0.2648657735898238,0.03458117212563257,1,2895,0,0.0,1,0,0.0,1,,,,,,,0.0,0.0,1,1,,,0.0,0.0,1,5205.615,5290.755,1,0,0,0,0.0,0,0,0,1,1
17822,2026-02-05 02:00:00+00:00,bull,2897,17810,17810,17810,4712.92,4745.765,32.845000000000255,0.19337731651036905,0.43941014529469896,12,0.5,0.10298317680769867,1,2897,0,0.0,1,0,0.0,1,,,,,,,0.0,0.0,1,1,,,0.0,0.0,1,4712.92,4745.765,1,0,0,0,0.0,0,0,0,1,1
17823,2026-02-05 06:00:00+00:00,bear,2894,17796,17796,17796,5426.005,5470.88,44.875,0.43044337715017916,0.3856113177326504,27,0.21022410381342863,0.015079797854946815,1,2894,0,0.0,1,1,0.5579944289693585,3,,,,17797.0,17797.0,17797.0,0.0,0.5579944289693585,1,1,,1.0,0.0,1023.5200000000004,2,5426.005,5470.88,1,0,0,0,0.0,0,0,0,0,1
17823,2026-02-05 06:00:00+00:00,bear,2895,17799,17799,17799,5205.615,5290.755,85.14000000000033,0.6788566708487064,0.4332618013349484,24,0.25,0.02938833546861127,1,2895,0,0.0,1,0,0.0,1,,,,,,,0.0,0.0,1,1,,,0.0,0.0,1,5205.615,5290.755,1,0,0,0,0.0,0,0,0,1,1
17823,2026-02-05 06:00:00+00:00,bull,2897,17810,17810,17810,4712.92,4745.765,32.845000000000255,0.19337731651036905,0.43941014529469896,13,0.47193715634084676,0.11266054557014629,1,2897,0,0.0,1,0,0.0,1,,,,,,,0.0,0.0,1,1,,,0.0,0.0,1,4712.92,4745.765,1,0,0,0,0.0,0,0,0,1,1
17824,2026-02-05 10:00:00+00:00,bear,2894,17796,17796,17796,5426.005,5470.88,44.875,0.43044337715017916,0.3856113177326504,28,0.19842513149602492,0.013607076617470728,1,2894,0,0.0,1,1,0.5579944289693585,3,,,,17797.0,17797.0,17797.0,0.0,0.5579944289693585,1,1,,1.0,0.0,1023.5200000000004,2,5426.005,5470.88,1,0,0,0,0.0,0,0,0,0,1
17824,2026-02-05 10:00:00+00:00,bear,2895,17799,17799,17799,5205.615,5290.755,85.14000000000033,0.6788566708487064,0.4332618013349484,25,0.23596857817042335,0.02623183674700741,1,2895,0,0.0,1,0,0.0,1,,,,,,,0.0,0.0,1,1,,,0.0,0.0,1,5205.615,5290.755,1,0,0,0,0.0,0,0,0,1,1
17824,2026-02-05 10:00:00+00:00,bull,2897,17810,17810,17810,4712.92,4745.765,32.845000000000255,0.19337731651036905,0.43941014529469896,14,0.44544935907016964,0.11490473515012346,1,2897,0,0.0,1,0,0.0,1,,,,,,,0.0,0.0,1,1,,,0.0,0.0,1,4712.92,4745.765,1,0,0,0,0.0,0,0,0,1,1
17825,2026-02-05 14:00:00+00:00,bear,2894,17796,17796,17796,5426.005,5470.88,44.875,0.43044337715017916,0.3856113177326504,29,0.18728838460958522,0.013337890227523548,1,2894,0,0.0,1,1,0.5579944289693585,3,,,,17797.0,17797.0,17797.0,0.0,0.5579944289693585,1,1,,1.0,0.0,1023.5200000000004,2,5426.005,5470.88,1,0,0,0,0.0,0,0,0,0,1
17825,2026-02-05 14:00:00+00:00,bear,2895,17799,17799,17799,5205.615,5290.755,85.14000000000033,0.6788566708487064,0.4332618013349484,26,0.22272467953508485,0.026309272606601323,1,2895,0,0.0,1,0,0.0,1,,,,,,,0.0,0.0,1,1,,,0.0,0.0,1,5205.615,5290.755,1,0,0,0,0.0,0,0,0,1,1
17825,2026-02-05 14:00:00+00:00,bull,2897,17810,17810,17810,4712.92,4745.765,32.845000000000255,0.19337731651036905,0.43941014529469896,15,0.42044820762685725,0.0934482520165771,1,2897,0,0.0,1,0,0.0,1,,,,,,,0.0,0.0,1,1,,,0.0,0.0,1,4712.92,4745.765,1,0,0,0,0.0,0,0,0,1,1
17826,2026-02-05 18:00:00+00:00,bear,2894,17796,17796,17796,5426.005,5470.88,44.875,0.43044337715017916,0.3856113177326504,30,0.1767766952966369,0.011082789823584481,1,2894,0,0.0,1,1,0.5579944289693585,3,,,,17797.0,17797.0,17797.0,0.0,0.5579944289693585,1,1,,1.0,0.0,1023.5200000000004,2,5426.005,5470.88,1,0,0,0,0.0,0,0,0,0,1
17826,2026-02-05 18:00:00+00:00,bear,2895,17799,17799,17799,5205.615,5290.755,85.14000000000033,0.6788566708487064,0.4332618013349484,27,0.21022410381342863,0.020732286540086242,1,2895,0,0.0,1,0,0.0,1,,,,,,,0.0,0.0,1,1,,,0.0,0.0,1,5205.615,5290.755,1,0,0,0,0.0,0,0,0,1,1
17826,2026-02-05 18:00:00+00:00,bull,2897,17810,17810,17810,4712.92,4745.765,32.845000000000255,0.19337731651036905,0.43941014529469896,16,0.3968502629920499,0.1369018353042465,1,2897,0,0.0,1,0,0.0,1,,,,,,,0.0,0.0,1,1,,,0.0,0.0,1,4712.92,4745.765,1,0,0,0,0.0,0,0,0,1,1
17827,2026-02-05 22:00:00+00:00,bear,2894,17796,17796,17796,5426.005,5470.88,44.875,0.43044337715017916,0.3856113177326504,31,0.16685498177125427,0.010407467419168717,1,2894,0,0.0,1,1,0.5579944289693585,3,,,,17797.0,17797.0,17797.0,0.0,0.5579944289693585,1,1,,1.0,0.0,1023.5200000000004,3,5426.005,5470.88,1,0,0,0,0.0,0,0,0,0,1
17827,2026-02-05 22:00:00+00:00,bear,2895,17799,17799,17799,5205.615,5290.755,85.14000000000033,0.6788566708487064,0.4332618013349484,28,0.19842513149602492,0.019410028690165674,1,2895,0,0.0,1,0,0.0,1,,,,,,,0.0,0.0,1,1,,,0.0,0.0,2,5205.615,5290.755,1,0,0,0,0.0,0,0,0,0,1
17827,2026-02-05 22:00:00+00:00,bear,2901,17827,17827,17827,4785.005,4800.61,15.604999999999563,0.12412745668709203,0.38018122431207496,0,1.0,0.35088875538485303,1,2901,0,0.0,1,0,0.0,1,,,,,,,0.0,0.0,1,1,,,0.0,0.0,1,4785.005,4800.61,1,0,0,0,0.0,0,0,0,1,1
17828,2026-02-06 02:00:00+00:00,bear,2894,17796,17796,17796,5426.005,5470.88,44.875,0.43044337715017916,0.3856113177326504,32,0.15749013123685915,0.011731299377757787,1,2894,0,0.0,1,1,0.5579944289693585,3,,,,17797.0,17797.0,17797.0,0.0,0.5579944289693585,1,1,,1.0,0.0,1023.5200000000004,2,5426.005,5470.88,1,0,0,0,0.0,0,0,0,0,1
17828,2026-02-06 02:00:00+00:00,bear,2895,17799,17799,17799,5205.615,5290.755,85.14000000000033,0.6788566708487064,0.4332618013349484,29,0.18728838460958522,0.023623987278734503,1,2895,0,0.0,1,0,0.0,1,,,,,,,0.0,0.0,1,1,,,0.0,0.0,1,5205.615,5290.755,1,0,0,0,0.0,0,0,0,1,1
17829,2026-02-06 06:00:00+00:00,bear,2894,17796,17796,17796,5426.005,5470.88,44.875,0.43044337715017916,0.3856113177326504,33,0.14865088937534013,0.010336259674377929,1,2894,0,0.0,1,1,0.5579944289693585,3,,,,17797.0,17797.0,17797.0,0.0,0.5579944289693585,1,1,,1.0,0.0,1023.5200000000004,2,5426.005,5470.88,1,0,0,0,0.0,0,0,0,0,1
17829,2026-02-06 06:00:00+00:00,bear,2895,17799,17799,17799,5205.615,5290.755,85.14000000000033,0.6788566708487064,0.4332618013349484,30,0.1767766952966369,0.020401607405546363,1,2895,0,0.0,1,0,0.0,1,,,,,,,0.0,0.0,1,1,,,0.0,0.0,1,5205.615,5290.755,1,0,0,0,0.0,0,0,0,1,1
17829,2026-02-06 06:00:00+00:00,bull,2902,17829,17829,17829,4785.005,4825.945,40.9399999999996,0.3327962288286882,0.5053839921459358,0,1.0,0.37937585144899005,1,2902,0,0.0,1,0,0.0,1,,,,,,,0.0,0.0,1,1,,,0.0,0.0,1,4785.005,4825.945,1,0,0,0,0.0,0,0,0,1,1
17830,2026-02-06 10:00:00+00:00,bear,2894,17796,17796,17796,5426.005,5470.88,44.875,0.43044337715017916,0.3856113177326504,34,0.1403077560386716,0.0105529090578613,1,2894,0,0.0,1,1,0.5579944289693585,3,,,,17797.0,17797.0,17797.0,0.0,0.5579944289693585,1,1,,1.0,0.0,1023.5200000000004,2,5426.005,5470.88,1,0,0,0,0.0,0,0,0,0,1
17830,2026-02-06 10:00:00+00:00,bear,2895,17799,17799,17799,5205.615,5290.755,85.14000000000033,0.6788566708487064,0.4332618013349484,31,0.16685498177125427,0.021929967863211896,1,2895,0,0.0,1,0,0.0,1,,,,,,,0.0,0.0,1,1,,,0.0,0.0,1,5205.615,5290.755,1,0,0,0,0.0,0,0,0,1,1
17830,2026-02-06 10:00:00+00:00,bull,2902,17829,17829,17829,4785.005,4825.945,40.9399999999996,0.3327962288286882,0.5053839921459358,1,0.9438743126816935,0.2568920206588702,1,2902,0,0.0,1,0,0.0,1,,,,,,,0.0,0.0,1,1,,,0.0,0.0,1,4785.005,4825.945,1,0,0,0,0.0,0,0,0,1,1
17831,2026-02-06 14:00:00+00:00,bear,2894,17796,17796,17796,5426.005,5470.88,44.875,0.43044337715017916,0.3856113177326504,35,0.1324328867949119,0.010265290557632036,1,2894,0,0.0,1,1,0.5579944289693585,3,,,,17797.0,17797.0,17797.0,0.0,0.5579944289693585,1,1,,1.0,0.0,1023.5200000000004,2,5426.005,5470.88,1,0,0,0,0.0,0,0,0,0,1
17831,2026-02-06 14:00:00+00:00,bear,2895,17799,17799,17799,5205.615,5290.755,85.14000000000033,0.6788566708487064,0.4332618013349484,32,0.15749013123685915,0.022064157915512993,1,2895,0,0.0,1,0,0.0,1,,,,,,,0.0,0.0,1,1,,,0.0,0.0,1,5205.615,5290.755,1,0,0,0,0.0,0,0,0,1,1
17831,2026-02-06 14:00:00+00:00,bull,2902,17829,17829,17829,4785.005,4825.945,40.9399999999996,0.3327962288286882,0.5053839921459358,2,0.8908987181403393,0.20941483574558134,1,2902,0,0.0,1,0,0.0,1,,,,,,,0.0,0.0,1,1,,,0.0,0.0,1,4785.005,4825.945,1,0,0,0,0.0,0,0,0,1,1
17832,2026-02-06 18:00:00+00:00,bear,2894,17796,17796,17796,5426.005,5470.88,44.875,0.43044337715017916,0.3856113177326504,36,0.125,0.009373444576738653,1,2894,0,0.0,1,1,0.5579944289693585,3,,,,17797.0,17797.0,17797.0,0.0,0.5579944289693585,1,1,,1.0,0.0,1023.5200000000004,2,5426.005,5470.88,1,0,0,0,0.0,0,0,0,0,1
17832,2026-02-06 18:00:00+00:00,bear,2895,17799,17799,17799,5205.615,5290.755,85.14000000000033,0.6788566708487064,0.4332618013349484,33,0.14865088937534013,0.020378946049757193,1,2895,0,0.0,1,0,0.0,1,,,,,,,0.0,0.0,1,1,,,0.0,0.0,1,5205.615,5290.755,1,0,0,0,0.0,0,0,0,1,1
17832,2026-02-06 18:00:00+00:00,bull,2902,17829,17829,17829,4785.005,4825.945,40.9399999999996,0.3327962288286882,0.5053839921459358,3,0.8408964152537145,0.18853975885560792,1,2902,0,0.0,1,0,0.0,1,,,,,,,0.0,0.0,1,1,,,0.0,0.0,1,4785.005,4825.945,1,0,0,0,0.0,0,0,0,1,1
17833,2026-02-08 22:00:00+00:00,bear,2894,17796,17796,17796,5426.005,5470.88,44.875,0.43044337715017916,0.3856113177326504,37,0.11798428908521168,0.008993719751635747,1,2894,0,0.0,1,1,0.5579944289693585,3,,,,17797.0,17797.0,17797.0,0.0,0.5579944289693585,1,1,,1.0,0.0,1023.5200000000004,2,5426.005,5470.88,1,0,0,0,0.0,0,0,0,0,1
17833,2026-02-08 22:00:00+00:00,bear,2895,17799,17799,17799,5205.615,5290.755,85.14000000000033,0.6788566708487064,0.4332618013349484,34,0.1403077560386716,0.02000003426604473,1,2895,0,0.0,1,0,0.0,1,,,,,,,0.0,0.0,1,1,,,0.0,0.0,1,5205.615,5290.755,1,0,0,0,0.0,0,0,0,1,1
17833,2026-02-08 22:00:00+00:00,bull,2902,17829,17829,17829,4785.005,4825.945,40.9399999999996,0.3327962288286882,0.5053839921459358,4,0.7937005259840998,0.16446617579599268,1,2902,0,0.0,1,0,0.0,1,,,,,,,0.0,0.0,1,1,,,0.0,0.0,1,4785.005,4825.945,1,0,0,0,0.0,0,0,0,1,1
17834,2026-02-09 02:00:00+00:00,bear,2894,17796,17796,17796,5426.005,5470.88,44.875,0.43044337715017916,0.3856113177326504,38,0.11136233976754242,0.009226277275162401,1,2894,0,0.0,1,1,0.5579944289693585,3,,,,17797.0,17797.0,17797.0,0.0,0.5579944289693585,1,1,,1.0,0.0,1023.5200000000004,2,5426.005,5470.88,1,0,0,0,0.0,0,0,0,0,1
17834,2026-02-09 02:00:00+00:00,bear,2895,17799,17799,17799,5205.615,5290.755,85.14000000000033,0.6788566708487064,0.4332618013349484,35,0.1324328867949119,0.022187141531650835,1,2895,0,0.0,1,0,0.0,1,,,,,,,0.0,0.0,1,1,,,0.0,0.0,1,5205.615,5290.755,1,0,0,0,0.0,0,0,0,1,1
17834,2026-02-09 02:00:00+00:00,bull,2902,17829,17829,17829,4785.005,4825.945,40.9399999999996,0.3327962288286882,0.5053839921459358,5,0.7491535384383408,0.12717981987753374,1,2902,0,0.0,1,0,0.0,1,,,,,,,0.0,0.0,1,1,,,0.0,0.0,1,4785.005,4825.945,1,0,0,0,0.0,0,0,0,1,1
17835,2026-02-09 06:00:00+00:00,bear,2894,17796,17796,17796,5426.005,5470.88,44.875,0.43044337715017916,0.3856113177326504,39,0.10511205190671431,0.007972899312984328,1,2894,0,0.0,1,1,0.5579944289693585,3,,,,17797.0,17797.0,17797.0,0.0,0.5579944289693585,1,1,,1.0,0.0,1023.5200000000004,2,5426.005,5470.88,1,0,0,0,0.0,0,0,0,0,1
17835,2026-02-09 06:00:00+00:00,bear,2895,17799,17799,17799,5205.615,5290.755,85.14000000000033,0.6788566708487064,0.4332618013349484,36,0.125,0.018479382307145933,1,2895,0,0.0,1,0,0.0,1,,,,,,,0.0,0.0,1,1,,,0.0,0.0,1,5205.615,5290.755,1,0,0,0,0.0,0,0,0,1,1
17835,2026-02-09 06:00:00+00:00,bull,2902,17829,17829,17829,4785.005,4825.945,40.9399999999996,0.3327962288286882,0.5053839921459358,6,0.7071067811865476,0.12862062207403824,1,2902,0,0.0,1,0,0.0,1,,,,,,,0.0,0.0,1,1,,,0.0,0.0,1,4785.005,4825.945,1,0,0,0,0.0,0,0,0,1,1
17836,2026-02-09 10:00:00+00:00,bear,2894,17796,17796,17796,5426.005,5470.88,44.875,0.43044337715017916,0.3856113177326504,40,0.09921256574801246,0.007260446623430529,1,2894,0,0.0,1,1,0.5579944289693585,3,,,,17797.0,17797.0,17797.0,0.0,0.5579944289693585,1,1,,1.0,0.0,1023.5200000000004,2,5426.005,5470.88,1,0,0,0,0.0,0,0,0,0,1
17836,2026-02-09 10:00:00+00:00,bear,2895,17799,17799,17799,5205.615,5290.755,85.14000000000033,0.6788566708487064,0.4332618013349484,37,0.11798428908521168,0.016915914039210556,1,2895,0,0.0,1,0,0.0,1,,,,,,,0.0,0.0,1,1,,,0.0,0.0,1,5205.615,5290.755,1,0,0,0,0.0,0,0,0,1,1
17836,2026-02-09 10:00:00+00:00,bull,2902,17829,17829,17829,4785.005,4825.945,40.9399999999996,0.3327962288286882,0.5053839921459358,7,0.6674199270850172,0.11836198689430462,1,2902,0,0.0,1,0,0.0,1,,,,,,,0.0,0.0,1,1,,,0.0,0.0,1,4785.005,4825.945,1,0,0,0,0.0,0,0,0,1,1
17837,2026-02-09 14:00:00+00:00,bear,2894,17796,17796,17796,5426.005,5470.88,44.875,0.43044337715017916,0.3856113177326504,41,0.09364419230479261,0.007327070107823843,1,2894,0,0.0,1,1,0.5579944289693585,3,,,,17797.0,17797.0,17797.0,0.0,0.5579944289693585,1,1,,1.0,0.0,1023.5200000000004,2,5426.005,5470.88,1,0,0,0,0.0,0,0,0,0,1
17837,2026-02-09 14:00:00+00:00,bear,2895,17799,17799,17799,5205.615,5290.755,85.14000000000033,0.6788566708487064,0.4332618013349484,38,0.11136233976754242,0.01821891472791909,1,2895,0,0.0,1,0,0.0,1,,,,,,,0.0,0.0,1,1,,,0.0,0.0,1,5205.615,5290.755,1,0,0,0,0.0,0,0,0,1,1
17837,2026-02-09 14:00:00+00:00,bull,2902,17829,17829,17829,4785.005,4825.945,40.9399999999996,0.3327962288286882,0.5053839921459358,8,0.6299605249474366,0.09707717987658371,1,2902,0,0.0,1,0,0.0,1,,,,,,,0.0,0.0,1,1,,,0.0,0.0,1,4785.005,4825.945,1,0,0,0,0.0,0,0,0,1,1
17838,2026-02-09 18:00:00+00:00,bear,2894,17796,17796,17796,5426.005,5470.88,44.875,0.43044337715017916,0.3856113177326504,42,0.08838834764831845,0.006865050989202636,1,2894,0,0.0,1,1,0.5579944289693585,3,,,,17797.0,17797.0,17797.0,0.0,0.5579944289693585,1,1,,1.0,0.0,1023.5200000000004,2,5426.005,5470.88,1,0,0,0,0.0,0,0,0,0,1
17838,2026-02-09 18:00:00+00:00,bear,2895,17799,17799,17799,5205.615,5290.755,85.14000000000033,0.6788566708487064,0.4332618013349484,39,0.10511205190671431,0.017589474255721556,1,2895,0,0.0,1,0,0.0,1,,,,,,,0.0,0.0,1,1,,,0.0,0.0,1,5205.615,5290.755,1,0,0,0,0.0,0,0,0,1,1
17838,2026-02-09 18:00:00+00:00,bull,2902,17829,17829,17829,4785.005,4825.945,40.9399999999996,0.3327962288286882,0.5053839921459358,9,0.5946035575013605,0.08577156271500894,1,2902,0,0.0,1,0,0.0,1,,,,,,,0.0,0.0,1,1,,,0.0,0.0,1,4785.005,4825.945,1,0,0,0,0.0,0,0,0,0,1
17838,2026-02-09 18:00:00+00:00,bull,2903,17838,17838,17838,5024.985,5044.47,19.485000000000582,0.21003769213169873,0.27917101060626265,0,1.0,0.24319133254319256,1,2903,0,0.0,1,0,0.0,1,,,,,,,0.0,0.0,1,1,,,0.0,0.0,2,5024.985,5044.47,1,0,0,0,0.0,0,0,0,1,1
17839,2026-02-09 22:00:00+00:00,bear,2894,17796,17796,17796,5426.005,5470.88,44.875,0.43044337715017916,0.3856113177326504,43,0.08342749088562713,0.006081697922418762,1,2894,0,0.0,1,1,0.5579944289693585,3,,,,17797.0,17797.0,17797.0,0.0,0.5579944289693585,1,1,,1.0,0.0,1023.5200000000004,2,5426.005,5470.88,1,0,0,0,0.0,0,0,0,0,1
17839,2026-02-09 22:00:00+00:00,bear,2895,17799,17799,17799,5205.615,5290.755,85.14000000000033,0.6788566708487064,0.4332618013349484,40,0.09921256574801246,0.014905713229130015,1,2895,0,0.0,1,0,0.0,1,,,,,,,0.0,0.0,1,1,,,0.0,0.0,1,5205.615,5290.755,1,0,0,0,0.0,0,0,0,1,1
17839,2026-02-09 22:00:00+00:00,bull,2902,17829,17829,17829,4785.005,4825.945,40.9399999999996,0.3327962288286882,0.5053839921459358,10,0.5612310241546865,0.08697943281574232,1,2902,0,0.0,1,0,0.0,1,,,,,,,0.0,0.0,1,1,,,0.0,0.0,1,4785.005,4825.945,1,0,0,0,0.0,0,0,0,1,1
17840,2026-02-10 02:00:00+00:00,bear,2894,17796,17796,17796,5426.005,5470.88,44.875,0.43044337715017916,0.3856113177326504,44,0.07874506561842957,0.005642121786378319,1,2894,0,0.0,1,1,0.5579944289693585,3,,,,17797.0,17797.0,17797.0,0.0,0.5579944289693585,1,1,,1.0,0.0,1023.5200000000004,2,5426.005,5470.88,1,0,0,0,0.0,0,0,0,0,1
17840,2026-02-10 02:00:00+00:00,bear,2895,17799,17799,17799,5205.615,5290.755,85.14000000000033,0.6788566708487064,0.4332618013349484,41,0.09364419230479261,0.014063696672932665,1,2895,0,0.0,1,0,0.0,1,,,,,,,0.0,0.0,1,1,,,0.0,0.0,1,5205.615,5290.755,1,0,0,0,0.0,0,0,0,1,1
17840,2026-02-10 02:00:00+00:00,bull,2902,17829,17829,17829,4785.005,4825.945,40.9399999999996,0.3327962288286882,0.5053839921459358,11,0.5297315471796477,0.07835785570255926,1,2902,0,0.0,1,0,0.0,1,,,,,,,0.0,0.0,1,1,,,0.0,0.0,1,4785.005,4825.945,1,0,0,0,0.0,0,0,0,1,1
17841,2026-02-10 06:00:00+00:00,bear,2894,17796,17796,17796,5426.005,5470.88,44.875,0.43044337715017916,0.3856113177326504,45,0.07432544468767006,0.005257782351196801,1,2894,0,0.0,1,1,0.5579944289693585,3,,,,17797.0,17797.0,17797.0,0.0,0.5579944289693585,1,1,,1.0,0.0,1023.5200000000004,2,5426.005,5470.88,1,0,0,0,0.0,0,0,0,0,1
17841,2026-02-10 06:00:00+00:00,bear,2895,17799,17799,17799,5205.615,5290.755,85.14000000000033,0.6788566708487064,0.4332618013349484,42,0.08838834764831845,0.013374133820059744,1,2895,0,0.0,1,0,0.0,1,,,,,,,0.0,0.0,1,1,,,0.0,0.0,1,5205.615,5290.755,1,0,0,0,0.0,0,0,0,1,1
17841,2026-02-10 06:00:00+00:00,bull,2902,17829,17829,17829,4785.005,4825.945,40.9399999999996,0.3327962288286882,0.5053839921459358,12,0.5,0.07029900191550305,1,2902,0,0.0,1,0,0.0,1,,,,,,,0.0,0.0,1,1,,,0.0,0.0,1,4785.005,4825.945,1,0,0,0,0.0,0,0,0,1,1
17842,2026-02-10 10:00:00+00:00,bear,2894,17796,17796,17796,5426.005,5470.88,44.875,0.43044337715017916,0.3856113177326504,46,0.0701538780193358,0.004848902766388728,1,2894,0,0.0,1,1,0.5579944289693585,3,,,,17797.0,17797.0,17797.0,0.0,0.5579944289693585,1,1,,1.0,0.0,1023.5200000000004,2,5426.005,5470.88,1,0,0,0,0.0,0,0,0,0,1
17842,2026-02-10 10:00:00+00:00,bear,2895,17799,17799,17799,5205.615,5290.755,85.14000000000033,0.6788566708487064,0.4332618013349484,43,0.08342749088562713,0.012521635506788947,1,2895,0,0.0,1,0,0.0,1,,,,,,,0.0,0.0,1,1,,,0.0,0.0,1,5205.615,5290.755,1,0,0,0,0.0,0,0,0,1,1
17842,2026-02-10 10:00:00+00:00,bull,2902,17829,17829,17829,4785.005,4825.945,40.9399999999996,0.3327962288286882,0.5053839921459358,13,0.47193715634084676,0.06357763594407106,1,2902,0,0.0,1,0,0.0,1,,,,,,,0.0,0.0,1,1,,,0.0,0.0,1,4785.005,4825.945,1,0,0,0,0.0,0,0,0,1,1
17843,2026-02-10 14:00:00+00:00,bear,2894,17796,17796,17796,5426.005,5470.88,44.875,0.43044337715017916,0.3856113177326504,47,0.06621644339745596,0.004336160335218361,1,2894,0,0.0,1,1,0.5579944289693585,3,,,,17797.0,17797.0,17797.0,0.0,0.5579944289693585,1,1,,1.0,0.0,1023.5200000000004,2,5426.005,5470.88,1,0,0,0,0.0,0,0,0,0,1
17843,2026-02-10 14:00:00+00:00,bear,2895,17799,17799,17799,5205.615,5290.755,85.14000000000033,0.6788566708487064,0.4332618013349484,44,0.07874506561842957,0.01069086964163175,1,2895,0,0.0,1,0,0.0,1,,,,,,,0.0,0.0,1,1,,,0.0,0.0,1,5205.615,5290.755,1,0,0,0,0.0,0,0,0,1,1
17843,2026-02-10 14:00:00+00:00,bull,2902,17829,17829,17829,4785.005,4825.945,40.9399999999996,0.3327962288286882,0.5053839921459358,14,0.44544935907016964,0.0651494277602337,1,2902,0,0.0,1,0,0.0,1,,,,,,,0.0,0.0,1,1,,,0.0,0.0,1,4785.005,4825.945,1,0,0,0,0.0,0,0,0,1,1
17844,2026-02-10 18:00:00+00:00,bear,2895,17799,17799,17799,5205.615,5290.755,85.14000000000033,0.6788566708487064,0.4332618013349484,45,0.07432544468767006,0.009797044649374125,1,2895,0,0.0,1,0,0.0,1,,,,,,,0.0,0.0,1,1,,,0.0,0.0,1,5205.615,5290.755,1,0,0,0,0.0,0,0,0,1,1
17844,2026-02-10 18:00:00+00:00,bull,2902,17829,17829,17829,4785.005,4825.945,40.9399999999996,0.3327962288286882,0.5053839921459358,15,0.42044820762685725,0.060128165156659044,1,2902,0,0.0,1,0,0.0,1,,,,,,,0.0,0.0,1,1,,,0.0,0.0,1,4785.005,4825.945,1,0,0,0,0.0,0,0,0,1,1
17845,2026-02-10 22:00:00+00:00,bear,2895,17799,17799,17799,5205.615,5290.755,85.14000000000033,0.6788566708487064,0.4332618013349484,46,0.0701538780193358,0.010017950663349907,1,2895,0,0.0,1,0,0.0,1,,,,,,,0.0,0.0,1,1,,,0.0,0.0,1,5205.615,5290.755,1,0,0,0,0.0,0,0,0,1,1
17845,2026-02-10 22:00:00+00:00,bull,2902,17829,17829,17829,4785.005,4825.945,40.9399999999996,0.3327962288286882,0.5053839921459358,16,0.3968502629920499,0.04997849098359769,1,2902,0,0.0,1,0,0.0,1,,,,,,,0.0,0.0,1,1,,,0.0,0.0,1,4785.005,4825.945,1,0,0,0,0.0,0,0,0,1,1
17846,2026-02-11 02:00:00+00:00,bear,2895,17799,17799,17799,5205.615,5290.755,85.14000000000033,0.6788566708487064,0.4332618013349484,47,0.06621644339745596,0.009209005693789993,1,2895,0,0.0,1,0,0.0,1,,,,,,,0.0,0.0,1,1,,,0.0,0.0,1,5205.615,5290.755,1,0,0,0,0.0,0,0,0,1,1
17846,2026-02-11 02:00:00+00:00,bull,2902,17829,17829,17829,4785.005,4825.945,40.9399999999996,0.3327962288286882,0.5053839921459358,17,0.3745767692191704,0.045598206305661575,1,2902,0,0.0,1,0,0.0,1,,,,,,,0.0,0.0,1,1,,,0.0,0.0,1,4785.005,4825.945,1,0,0,0,0.0,0,0,0,1,1
17847,2026-02-11 06:00:00+00:00,bull,2902,17829,17829,17829,4785.005,4825.945,40.9399999999996,0.3327962288286882,0.5053839921459358,18,0.3535533905932738,0.040208113827961564,1,2902,0,0.0,1,0,0.0,1,,,,,,,0.0,0.0,1,1,,,0.0,0.0,1,4785.005,4825.945,1,0,0,0,0.0,0,0,0,1,1
17848,2026-02-11 10:00:00+00:00,bull,2902,17829,17829,17829,4785.005,4825.945,40.9399999999996,0.3327962288286882,0.5053839921459358,19,0.3337099635425086,0.0385297935903561,1,2902,0,0.0,1,0,0.0,1,,,,,,,0.0,0.0,1,1,,,0.0,0.0,1,4785.005,4825.945,1,0,0,0,0.0,0,0,0,1,1
17849,2026-02-11 14:00:00+00:00,bull,2902,17829,17829,17829,4785.005,4825.945,40.9399999999996,0.3327962288286882,0.5053839921459358,20,0.3149802624737183,0.03338099823308457,1,2902,0,0.0,1,0,0.0,1,,,,,,,0.0,0.0,1,1,,,0.0,0.0,1,4785.005,4825.945,1,0,0,0,0.0,0,0,0,1,1
17850,2026-02-11 18:00:00+00:00,bull,2902,17829,17829,17829,4785.005,4825.945,40.9399999999996,0.3327962288286882,0.5053839921459358,21,0.29730177875068026,0.03105496117816856,1,2902,0,0.0,1,0,0.0,1,,,,,,,0.0,0.0,1,1,,,0.0,0.0,1,4785.005,4825.945,1,0,0,0,0.0,0,0,0,1,1
17851,2026-02-11 22:00:00+00:00,bull,2902,17829,17829,17829,4785.005,4825.945,40.9399999999996,0.3327962288286882,0.5053839921459358,22,0.28061551207734325,0.030885045777793073,1,2902,0,0.0,1,0,0.0,1,,,,,,,0.0,0.0,1,1,,,0.0,0.0,1,4785.005,4825.945,1,0,0,0,0.0,0,0,0,1,1
17852,2026-02-12 02:00:00+00:00,bull,2902,17829,17829,17829,4785.005,4825.945,40.9399999999996,0.3327962288286882,0.5053839921459358,23,0.2648657735898238,0.02708883352726686,1,2902,0,0.0,1,0,0.0,1,,,,,,,0.0,0.0,1,1,,,0.0,0.0,1,4785.005,4825.945,1,0,0,0,0.0,0,0,0,1,1
17853,2026-02-12 06:00:00+00:00,bull,2902,17829,17829,17829,4785.005,4825.945,40.9399999999996,0.3327962288286882,0.5053839921459358,24,0.25,0.025086586959665456,1,2902,0,0.0,1,0,0.0,1,,,,,,,0.0,0.0,1,1,,,0.0,0.0,1,4785.005,4825.945,1,0,0,0,0.0,0,0,0,1,1
17854,2026-02-12 10:00:00+00:00,bull,2902,17829,17829,17829,4785.005,4825.945,40.9399999999996,0.3327962288286882,0.5053839921459358,25,0.23596857817042335,0.022927750216781315,1,2902,0,0.0,1,0,0.0,1,,,,,,,0.0,0.0,1,1,,,0.0,0.0,1,4785.005,4825.945,1,0,0,0,0.0,0,0,0,1,1
17855,2026-02-12 14:00:00+00:00,bull,2902,17829,17829,17829,4785.005,4825.945,40.9399999999996,0.3327962288286882,0.5053839921459358,26,0.22272467953508485,0.042290517118603016,1,2902,0,0.0,1,0,0.0,1,,,,,,,0.0,0.0,1,1,,,0.0,0.0,1,4785.005,4825.945,1,0,0,0,0.0,0,0,0,1,1
17856,2026-02-12 18:00:00+00:00,bear,2904,17856,17856,17856,4958.15,5048.925,90.77500000000055,1.3329188518727533,0.6472654499657515,0,1.0,0.42284349687748507,1,2904,0,0.0,1,0,0.0,1,,,,,,,0.0,0.0,1,1,,,0.0,0.0,1,4958.15,5048.925,1,0,0,0,0.0,0,0,0,1,1
17856,2026-02-12 18:00:00+00:00,bull,2902,17829,17829,17829,4785.005,4825.945,40.9399999999996,0.3327962288286882,0.5053839921459358,27,0.21022410381342863,0.04407504780218432,1,2902,0,0.0,1,0,0.0,1,,,,,,,0.0,0.0,1,1,,,0.0,0.0,1,4785.005,4825.945,1,0,0,0,0.0,0,0,0,1,1
17857,2026-02-12 22:00:00+00:00,bear,2904,17856,17856,17856,4958.15,5048.925,90.77500000000055,1.3329188518727533,0.6472654499657515,1,0.9438743126816935,0.33601547743996696,1,2904,1,0.33792343706967776,3,1,0.33792343706967776,3,17857.0,17857.0,17857.0,17857.0,17857.0,17857.0,0.33792343706967776,0.33792343706967776,0,0,0.0,0.0,68.0649999999996,68.0649999999996,1,4958.15,5048.925,1,1,1,1,0.33792343706967776,1,0,0,1,1
17857,2026-02-12 22:00:00+00:00,bull,2902,17829,17829,17829,4785.005,4825.945,40.9399999999996,0.3327962288286882,0.5053839921459358,28,0.19842513149602492,0.03129809251614472,1,2902,0,0.0,1,0,0.0,1,,,,,,,0.0,0.0,1,1,,,0.0,0.0,1,4785.005,4825.945,1,0,0,0,0.0,0,0,0,1,1
17858,2026-02-13 02:00:00+00:00,bear,2904,17856,17856,17856,4958.15,5048.925,90.77500000000055,1.3329188518727533,0.6472654499657515,2,0.8908987181403393,0.27051555477448125,1,2904,2,0.4329385844120071,3,2,0.4329385844120071,3,17857.0,17858.0,17857.0,17857.0,17858.0,17857.0,0.33792343706967776,0.33792343706967776,0,0,1.0,1.0,13.194999999999709,13.194999999999709,1,4958.15,5048.925,1,1,1,1,0.09501514734232935,1,0,0,1,1
17858,2026-02-13 02:00:00+00:00,bull,2902,17829,17829,17829,4785.005,4825.945,40.9399999999996,0.3327962288286882,0.5053839921459358,29,0.18728838460958522,0.03450627439346134,1,2902,0,0.0,1,0,0.0,1,,,,,,,0.0,0.0,1,1,,,0.0,0.0,1,4785.005,4825.945,1,0,0,0,0.0,0,0,0,1,1
17859,2026-02-13 06:00:00+00:00,bear,2904,17856,17856,17856,4958.15,5048.925,90.77500000000055,1.3329188518727533,0.6472654499657515,3,0.8408964152537145,0.29935575812658066,1,2904,3,0.4329385844120071,3,3,0.4329385844120071,3,17857.0,17859.0,17857.0,17857.0,17859.0,17857.0,0.33792343706967776,0.33792343706967776,0,0,0.0,0.0,12.014999999999418,12.014999999999418,1,4958.15,5048.925,1,1,1,1,0.0,1,0,0,1,1
17859,2026-02-13 06:00:00+00:00,bull,2902,17829,17829,17829,4785.005,4825.945,40.9399999999996,0.3327962288286882,0.5053839921459358,30,0.1767766952966369,0.028372735884253368,1,2902,0,0.0,1,0,0.0,1,,,,,,,0.0,0.0,1,1,,,0.0,0.0,1,4785.005,4825.945,1,0,0,0,0.0,0,0,0,1,1
17860,2026-02-13 10:00:00+00:00,bear,2904,17856,17856,17856,4958.15,5048.925,90.77500000000055,1.3329188518727533,0.6472654499657515,4,0.7937005259840998,0.2825542104490336,1,2904,4,0.4564582759570383,3,4,0.4564582759570383,3,17857.0,17860.0,17857.0,17857.0,17860.0,17857.0,0.33792343706967776,0.33792343706967776,0,0,0.0,0.0,23.98999999999978,23.98999999999978,1,4958.15,5048.925,1,1,1,1,0.023519691545031196,1,0,0,1,1
17860,2026-02-13 10:00:00+00:00,bull,2902,17829,17829,17829,4785.005,4825.945,40.9399999999996,0.3327962288286882,0.5053839921459358,31,0.16685498177125427,0.024764369760055454,1,2902,0,0.0,1,0,0.0,1,,,,,,,0.0,0.0,1,1,,,0.0,0.0,1,4785.005,4825.945,1,0,0,0,0.0,0,0,0,1,1
17861,2026-02-13 14:00:00+00:00,bear,2904,17856,17856,17856,4958.15,5048.925,90.77500000000055,1.3329188518727533,0.6472654499657515,5,0.7491535384383408,0.14547036064521826,1,2904,5,0.8322225282291338,3,5,0.8322225282291338,3,17857.0,17861.0,17857.0,17857.0,17861.0,17857.0,0.3757642522720955,0.3757642522720955,0,0,0.0,0.0,0.0,0.0,1,4958.15,5048.925,1,1,1,1,0.3757642522720955,1,0,0,1,1
17861,2026-02-13 14:00:00+00:00,bull,2902,17829,17829,17829,4785.005,4825.945,40.9399999999996,0.3327962288286882,0.5053839921459358,32,0.15749013123685915,0.020401122068068784,1,2902,0,0.0,1,0,0.0,1,,,,,,,0.0,0.0,1,1,,,0.0,0.0,1,4785.005,4825.945,1,0,0,0,0.0,0,0,0,1,1
17862,2026-02-13 18:00:00+00:00,bear,2904,17856,17856,17856,4958.15,5048.925,90.77500000000055,1.3329188518727533,0.6472654499657515,6,0.7071067811865476,0.13730573666956347,1,2904,6,0.9733957587441482,3,6,0.9733957587441482,3,17857.0,17862.0,17857.0,17857.0,17862.0,17857.0,0.3757642522720955,0.3757642522720955,0,0,0.0,0.0,0.0,0.0,1,4958.15,5048.925,1,1,1,1,0.1411732305150144,1,0,0,1,1
17862,2026-02-13 18:00:00+00:00,bull,2902,17829,17829,17829,4785.005,4825.945,40.9399999999996,0.3327962288286882,0.5053839921459358,33,0.14865088937534013,0.01727604691657848,1,2902,0,0.0,1,0,0.0,1,,,,,,,0.0,0.0,1,1,,,0.0,0.0,1,4785.005,4825.945,1,0,0,0,0.0,0,0,0,0,1
17862,2026-02-13 18:00:00+00:00,bull,2905,17862,17862,17862,4999.585,5015.485,15.899999999999636,0.24591565558035114,0.3429020967471173,0,1.0,0.241982839301609,1,2905,0,0.0,1,0,0.0,1,,,,,,,0.0,0.0,1,1,,,0.0,0.0,2,4999.585,5015.485,1,0,0,0,0.0,0,0,0,1,1
17863,2026-02-15 22:00:00+00:00,bear,2904,17856,17856,17856,4958.15,5048.925,90.77500000000055,1.3329188518727533,0.6472654499657515,7,0.6674199270850172,0.1295993578262378,1,2904,7,0.9733957587441482,3,7,0.9733957587441482,3,17857.0,17863.0,17857.0,17857.0,17863.0,17857.0,0.3757642522720955,0.3757642522720955,0,0,0.0,0.0,0.0,0.0,1,4958.15,5048.925,1,1,1,1,0.0,1,0,0,1,1
17863,2026-02-15 22:00:00+00:00,bull,2902,17829,17829,17829,4785.005,4825.945,40.9399999999996,0.3327962288286882,0.5053839921459358,34,0.1403077560386716,0.016802858471098588,1,2902,0,0.0,1,0,0.0,1,,,,,,,0.0,0.0,1,1,,,0.0,0.0,1,4785.005,4825.945,1,0,0,0,0.0,0,0,0,0,1
17863,2026-02-15 22:00:00+00:00,bull,2905,17862,17862,17862,4999.585,5015.485,15.899999999999636,0.24591565558035114,0.3429020967471173,1,0.9438743126816935,0.08000365161398867,1,2905,1,0.9518867924528085,3,1,0.9518867924528085,3,17863.0,17863.0,17863.0,17863.0,17863.0,17863.0,0.9518867924528085,0.9518867924528085,1,1,1.0,1.0,17.079999999999927,17.079999999999927,2,4999.585,5015.485,1,1,1,1,0.9518867924528085,1,0,0,1,1
17864,2026-02-16 02:00:00+00:00,bear,2904,17856,17856,17856,4958.15,5048.925,90.77500000000055,1.3329188518727533,0.6472654499657515,8,0.6299605249474366,0.12232550479222908,1,2904,8,0.9733957587441482,3,8,0.9733957587441482,3,17857.0,17864.0,17857.0,17857.0,17864.0,17857.0,0.3757642522720955,0.3757642522720955,0,0,0.0,0.0,0.0,0.0,1,4958.15,5048.925,1,1,1,1,0.0,1,0,0,1,1
17864,2026-02-16 02:00:00+00:00,bull,2902,17829,17829,17829,4785.005,4825.945,40.9399999999996,0.3327962288286882,0.5053839921459358,35,0.1324328867949119,0.018558251452186026,1,2902,0,0.0,1,0,0.0,1,,,,,,,0.0,0.0,1,1,,,0.0,0.0,1,4785.005,4825.945,1,0,0,0,0.0,0,0,0,1,1
17865,2026-02-16 06:00:00+00:00,bear,2904,17856,17856,17856,4958.15,5048.925,90.77500000000055,1.3329188518727533,0.6472654499657515,9,0.5946035575013605,0.11545990175920642,1,2904,9,0.9733957587441482,3,9,0.9733957587441482,3,17857.0,17865.0,17857.0,17857.0,17865.0,17857.0,0.3757642522720955,0.3757642522720955,0,0,0.0,0.0,0.0,0.0,1,4958.15,5048.925,1,1,1,1,0.0,1,0,0,1,1
17865,2026-02-16 06:00:00+00:00,bull,2902,17829,17829,17829,4785.005,4825.945,40.9399999999996,0.3327962288286882,0.5053839921459358,36,0.125,0.015505686988749498,1,2902,0,0.0,1,0,0.0,1,,,,,,,0.0,0.0,1,1,,,0.0,0.0,1,4785.005,4825.945,1,0,0,0,0.0,0,0,0,1,1
17866,2026-02-16 10:00:00+00:00,bear,2904,17856,17856,17856,4958.15,5048.925,90.77500000000055,1.3329188518727533,0.6472654499657515,10,0.5612310241546865,0.10897963541526681,1,2904,10,0.9733957587441482,3,10,0.9733957587441482,3,17857.0,17866.0,17857.0,17857.0,17866.0,17857.0,0.3757642522720955,0.3757642522720955,0,0,0.0,0.0,0.0,0.0,1,4958.15,5048.925,1,1,1,1,0.0,1,0,0,1,1
17866,2026-02-16 10:00:00+00:00,bull,2902,17829,17829,17829,4785.005,4825.945,40.9399999999996,0.3327962288286882,0.5053839921459358,37,0.11798428908521168,0.015203496595688454,1,2902,0,0.0,1,0,0.0,1,,,,,,,0.0,0.0,1,1,,,0.0,0.0,1,4785.005,4825.945,1,0,0,0,0.0,0,0,0,1,1
17867,2026-02-16 14:00:00+00:00,bear,2904,17856,17856,17856,4958.15,5048.925,90.77500000000055,1.3329188518727533,0.6472654499657515,11,0.5297315471796477,0.1028630784738865,1,2904,11,0.9733957587441482,3,11,0.9733957587441482,3,17857.0,17867.0,17857.0,17857.0,17867.0,17857.0,0.3757642522720955,0.3757642522720955,0,0,0.0,0.0,0.0,0.0,1,4958.15,5048.925,1,1,1,1,0.0,1,0,0,1,1
17867,2026-02-16 14:00:00+00:00,bull,2902,17829,17829,17829,4785.005,4825.945,40.9399999999996,0.3327962288286882,0.5053839921459358,38,0.11136233976754242,0.014332488407529386,1,2902,0,0.0,1,0,0.0,1,,,,,,,0.0,0.0,1,1,,,0.0,0.0,1,4785.005,4825.945,1,0,0,0,0.0,0,0,0,1,1
17868,2026-02-16 18:00:00+00:00,bear,2904,17856,17856,17856,4958.15,5048.925,90.77500000000055,1.3329188518727533,0.6472654499657515,12,0.5,0.09708981749486273,1,2904,12,0.9733957587441482,3,12,0.9733957587441482,3,17857.0,17868.0,17857.0,17857.0,17868.0,17857.0,0.3757642522720955,0.3757642522720955,0,0,0.0,0.0,0.0,0.0,1,4958.15,5048.925,1,1,1,1,0.0,1,0,0,1,1
17868,2026-02-16 18:00:00+00:00,bull,2902,17829,17829,17829,4785.005,4825.945,40.9399999999996,0.3327962288286882,0.5053839921459358,39,0.10511205190671431,0.012976633802988842,1,2902,0,0.0,1,0,0.0,1,,,,,,,0.0,0.0,1,1,,,0.0,0.0,1,4785.005,4825.945,1,0,0,0,0.0,0,0,0,1,1
17869,2026-02-16 22:00:00+00:00,bear,2904,17856,17856,17856,4958.15,5048.925,90.77500000000055,1.3329188518727533,0.6472654499657515,13,0.47193715634084676,0.09137505289616128,1,2904,13,0.9733957587441482,3,13,0.9733957587441482,3,17857.0,17869.0,17857.0,17857.0,17869.0,17857.0,0.3757642522720955,0.3757642522720955,0,0,1.0,1.0,35.164999999999964,35.164999999999964,1,4958.15,5048.925,1,1,1,1,0.0,1,0,0,1,1
17869,2026-02-16 22:00:00+00:00,bull,2902,17829,17829,17829,4785.005,4825.945,40.9399999999996,0.3327962288286882,0.5053839921459358,40,0.09921256574801246,0.014754866757053325,1,2902,0,0.0,1,0,0.0,1,,,,,,,0.0,0.0,1,1,,,0.0,0.0,1,4785.005,4825.945,1,0,0,0,0.0,0,0,0,1,1
17870,2026-02-17 02:00:00+00:00,bear,2906,17870,17856,17870,4958.15,5048.925,90.77500000000055,1.3329188518727533,0.6472654499657515,14,0.44544935907016964,0.03985637164143229,2,0,14,0.9733957587441482,3,14,0.9733957587441482,3,17857.0,17870.0,17857.0,17857.0,17870.0,17857.0,0.3757642522720955,0.3757642522720955,0,0,1.0,1.0,98.92999999999938,98.92999999999938,1,4958.15,5048.925,1,0,0,0,0.0,0,0,0,1,1
17870,2026-02-17 02:00:00+00:00,bull,2902,17829,17829,17829,4785.005,4825.945,40.9399999999996,0.3327962288286882,0.5053839921459358,41,0.09364419230479261,0.022916767544072347,1,2902,0,0.0,1,0,0.0,1,,,,,,,0.0,0.0,1,1,,,0.0,0.0,1,4785.005,4825.945,1,0,0,0,0.0,0,0,0,1,1
17871,2026-02-17 06:00:00+00:00,bear,2906,17870,17856,17870,4958.15,5048.925,90.77500000000055,1.3329188518727533,0.6472654499657515,15,0.42044820762685725,0.052621075220806196,2,0,14,0.9733957587441482,3,14,0.9733957587441482,3,17857.0,17870.0,17857.0,17857.0,17870.0,17857.0,0.3757642522720955,0.3757642522720955,0,0,1.0,1.0,98.92999999999938,98.92999999999938,1,4958.15,5048.925,1,0,0,0,0.0,0,0,0,1,1
17871,2026-02-17 06:00:00+00:00,bull,2902,17829,17829,17829,4785.005,4825.945,40.9399999999996,0.3327962288286882,0.5053839921459358,42,0.08838834764831845,0.01642326914381564,1,2902,0,0.0,1,0,0.0,1,,,,,,,0.0,0.0,1,1,,,0.0,0.0,1,4785.005,4825.945,1,0,0,0,0.0,0,0,0,1,1
17872,2026-02-17 10:00:00+00:00,bear,2906,17870,17856,17870,4958.15,5048.925,90.77500000000055,1.3329188518727533,0.6472654499657515,16,0.3968502629920499,0.03122271907508454,2,0,14,0.9733957587441482,3,14,0.9733957587441482,3,17857.0,17870.0,17857.0,17857.0,17870.0,17857.0,0.3757642522720955,0.3757642522720955,0,0,1.0,1.0,98.92999999999938,98.92999999999938,1,4958.15,5048.925,1,0,0,0,0.0,0,0,0,1,1
17872,2026-02-17 10:00:00+00:00,bull,2902,17829,17829,17829,4785.005,4825.945,40.9399999999996,0.3327962288286882,0.5053839921459358,43,0.08342749088562713,0.02398412990284105,1,2902,0,0.0,1,0,0.0,1,,,,,,,0.0,0.0,1,1,,,0.0,0.0,1,4785.005,4825.945,1,0,0,0,0.0,0,0,0,1,1
17873,2026-02-17 14:00:00+00:00,bear,2906,17870,17856,17870,4958.15,5048.925,90.77500000000055,1.3329188518727533,0.6472654499657515,17,0.3745767692191704,0.028439349076105593,2,0,14,0.9733957587441482,3,14,0.9733957587441482,3,17857.0,17870.0,17857.0,17857.0,17870.0,17857.0,0.3757642522720955,0.3757642522720955,0,0,1.0,1.0,115.39999999999964,115.39999999999964,1,4958.15,5048.925,1,0,0,0,0.0,0,0,0,1,1
17873,2026-02-17 14:00:00+00:00,bull,2902,17829,17829,17829,4785.005,4825.945,40.9399999999996,0.3327962288286882,0.5053839921459358,44,0.07874506561842957,0.024041970505560936,1,2902,0,0.0,1,0,0.0,1,,,,,,,0.0,0.0,1,1,,,0.0,0.0,1,4785.005,4825.945,1,0,0,0,0.0,0,0,0,1,1
17874,2026-02-17 18:00:00+00:00,bear,2906,17870,17856,17870,4958.15,5048.925,90.77500000000055,1.3329188518727533,0.6472654499657515,18,0.3535533905932738,0.02900246374080727,2,0,14,0.9733957587441482,3,14,0.9733957587441482,3,17857.0,17870.0,17857.0,17857.0,17870.0,17857.0,0.3757642522720955,0.3757642522720955,0,0,1.0,1.0,115.39999999999964,115.39999999999964,1,4958.15,5048.925,1,0,0,0,0.0,0,0,0,1,1
17874,2026-02-17 18:00:00+00:00,bull,2902,17829,17829,17829,4785.005,4825.945,40.9399999999996,0.3327962288286882,0.5053839921459358,45,0.07432544468767006,0.02002115216827444,1,2902,0,0.0,1,0,0.0,1,,,,,,,0.0,0.0,1,1,,,0.0,0.0,1,4785.005,4825.945,1,0,0,0,0.0,0,0,0,1,1
17875,2026-02-17 22:00:00+00:00,bear,2906,17870,17856,17870,4958.15,5048.925,90.77500000000055,1.3329188518727533,0.6472654499657515,19,0.3337099635425086,0.029657776021150637,2,0,14,0.9733957587441482,3,14,0.9733957587441482,3,17857.0,17870.0,17857.0,17857.0,17870.0,17857.0,0.3757642522720955,0.3757642522720955,0,0,1.0,1.0,115.39999999999964,115.39999999999964,1,4958.15,5048.925,1,0,0,0,0.0,0,0,0,1,1
17875,2026-02-17 22:00:00+00:00,bull,2902,17829,17829,17829,4785.005,4825.945,40.9399999999996,0.3327962288286882,0.5053839921459358,46,0.0701538780193358,0.016778974923752625,1,2902,0,0.0,1,0,0.0,1,,,,,,,0.0,0.0,1,1,,,0.0,0.0,1,4785.005,4825.945,1,0,0,0,0.0,0,0,0,1,1
17876,2026-02-18 02:00:00+00:00,bear,2906,17870,17856,17870,4958.15,5048.925,90.77500000000055,1.3329188518727533,0.6472654499657515,20,0.3149802624737183,0.04274954157222799,2,0,14,0.9733957587441482,3,14,0.9733957587441482,3,17857.0,17870.0,17857.0,17857.0,17870.0,17857.0,0.3757642522720955,0.3757642522720955,0,0,1.0,1.0,115.39999999999964,115.39999999999964,1,4958.15,5048.925,1,0,0,0,0.0,0,0,0,1,1
17876,2026-02-18 02:00:00+00:00,bull,2902,17829,17829,17829,4785.005,4825.945,40.9399999999996,0.3327962288286882,0.5053839921459358,47,0.06621644339745596,0.011629814226538039,1,2902,0,0.0,1,0,0.0,1,,,,,,,0.0,0.0,1,1,,,0.0,0.0,1,4785.005,4825.945,1,0,0,0,0.0,0,0,0,1,1
17877,2026-02-18 06:00:00+00:00,bear,2906,17870,17856,17870,4958.15,5048.925,90.77500000000055,1.3329188518727533,0.6472654499657515,21,0.29730177875068026,0.033242378913570104,2,0,14,0.9733957587441482,3,14,0.9733957587441482,3,17857.0,17870.0,17857.0,17857.0,17870.0,17857.0,0.3757642522720955,0.3757642522720955,0,0,1.0,1.0,115.39999999999964,115.39999999999964,1,4958.15,5048.925,1,0,0,0,0.0,0,0,0,1,1
17877,2026-02-18 06:00:00+00:00,bull,2907,17877,17877,17877,4893.55,4913.075,19.524999999999636,0.3531698162602736,0.454176291333128,0,1.0,0.42104698407989494,1,2907,0,0.0,1,0,0.0,1,,,,,,,0.0,0.0,1,1,,,0.0,0.0,1,4893.55,4913.075,1,0,0,0,0.0,0,0,0,1,1
17878,2026-02-18 10:00:00+00:00,bear,2906,17870,17856,17870,4958.15,5048.925,90.77500000000055,1.3329188518727533,0.6472654499657515,22,0.28061551207734325,0.05139987273059222,2,0,15,0.9733957587441482,3,15,0.9733957587441482,3,17857.0,17878.0,17857.0,17857.0,17878.0,17857.0,0.3757642522720955,0.3757642522720955,0,0,1.0,1.0,51.6899999999996,51.6899999999996,1,4958.15,5048.925,1,1,1,1,0.0,1,0,0,1,1
17878,2026-02-18 10:00:00+00:00,bull,2907,17877,17877,17877,4893.55,4913.075,19.524999999999636,0.3531698162602736,0.454176291333128,1,0.9438743126816935,0.13491853184862992,1,2907,1,0.33879641485274803,3,1,0.33879641485274803,3,17878.0,17878.0,17878.0,17878.0,17878.0,17878.0,0.33879641485274803,0.33879641485274803,1,1,1.0,1.0,56.00500000000011,56.00500000000011,1,4893.55,4913.075,1,1,1,1,0.33879641485274803,1,0,0,1,1
17879,2026-02-18 14:00:00+00:00,bear,2906,17870,17856,17870,4958.15,5048.925,90.77500000000055,1.3329188518727533,0.6472654499657515,23,0.2648657735898238,0.05143153923694325,2,0,16,0.9733957587441482,3,16,0.9733957587441482,3,17857.0,17879.0,17857.0,17857.0,17879.0,17857.0,0.3757642522720955,0.3757642522720955,0,0,0.0,0.0,5.809999999999491,5.809999999999491,1,4958.15,5048.925,1,1,1,1,0.0,1,0,0,1,1
17879,2026-02-18 14:00:00+00:00,bull,2907,17877,17877,17877,4893.55,4913.075,19.524999999999636,0.3531698162602736,0.454176291333128,2,0.8908987181403393,0.08769379953935831,1,2907,1,0.33879641485274803,3,1,0.33879641485274803,3,17878.0,17878.0,17878.0,17878.0,17878.0,17878.0,0.33879641485274803,0.33879641485274803,1,1,1.0,1.0,97.8100000000004,97.8100000000004,1,4893.55,4913.075,1,0,0,0,0.0,0,0,0,0,1
17879,2026-02-18 14:00:00+00:00,bull,2908,17879,17879,17879,4942.48,4952.34,9.860000000000582,0.17605766267863523,0.34832981958747095,0,1.0,0.18965694098967753,1,2908,0,0.0,1,0,0.0,1,,,,,,,0.0,0.0,1,1,,,0.0,0.0,2,4942.48,4952.34,1,0,0,0,0.0,0,0,0,1,1
17880,2026-02-18 18:00:00+00:00,bear,2906,17870,17856,17870,4958.15,5048.925,90.77500000000055,1.3329188518727533,0.6472654499657515,24,0.25,0.048544908747431365,2,0,17,0.9733957587441482,3,17,0.9733957587441482,3,17857.0,17880.0,17857.0,17857.0,17880.0,17857.0,0.3757642522720955,0.3757642522720955,0,0,0.0,0.0,0.0,0.0,1,4958.15,5048.925,1,1,1,1,0.0,1,0,0,1,1
17880,2026-02-18 18:00:00+00:00,bull,2907,17877,17877,17877,4893.55,4913.075,19.524999999999636,0.3531698162602736,0.454176291333128,3,0.8408964152537145,0.09592305949055467,1,2907,1,0.33879641485274803,3,1,0.33879641485274803,3,17878.0,17878.0,17878.0,17878.0,17878.0,17878.0,0.33879641485274803,0.33879641485274803,1,1,1.0,1.0,97.8100000000004,97.8100000000004,1,4893.55,4913.075,1,0,0,0,0.0,0,0,0,0,1
17880,2026-02-18 18:00:00+00:00,bull,2908,17879,17879,17879,4942.48,4952.34,9.860000000000582,0.17605766267863523,0.34832981958747095,1,0.9438743126816935,0.22444070692338697,1,2908,0,0.0,1,0,0.0,1,,,,,,,0.0,0.0,1,1,,,0.0,0.0,2,4942.48,4952.34,1,0,0,0,0.0,0,0,0,1,1
17881,2026-02-18 22:00:00+00:00,bear,2906,17870,17856,17870,4958.15,5048.925,90.77500000000055,1.3329188518727533,0.6472654499657515,25,0.23596857817042335,0.0458202923781773,2,0,18,0.9733957587441482,3,18,0.9733957587441482,3,17857.0,17881.0,17857.0,17857.0,17881.0,17857.0,0.3757642522720955,0.3757642522720955,0,0,0.0,0.0,0.0,0.0,1,4958.15,5048.925,1,1,1,1,0.0,1,0,0,1,1
17881,2026-02-18 22:00:00+00:00,bull,2907,17877,17877,17877,4893.55,4913.075,19.524999999999636,0.3531698162602736,0.454176291333128,4,0.7937005259840998,0.16780074267704673,1,2907,0,0.0,1,1,0.33879641485274803,3,,,,17878.0,17878.0,17878.0,0.0,0.33879641485274803,1,1,,1.0,0.0,97.8100000000004,1,4893.55,4913.075,1,0,0,-1,-0.33879641485274803,0,0,0,0,1
17881,2026-02-18 22:00:00+00:00,bull,2908,17879,17879,17879,4942.48,4952.34,9.860000000000582,0.17605766267863523,0.34832981958747095,2,0.8908987181403393,0.2220371886058814,1,2908,0,0.0,1,0,0.0,1,,,,,,,0.0,0.0,1,1,,,0.0,0.0,2,4942.48,4952.34,1,0,0,0,0.0,0,0,0,1,1
17882,2026-02-19 02:00:00+00:00,bear,2906,17870,17856,17870,4958.15,5048.925,90.77500000000055,1.3329188518727533,0.6472654499657515,26,0.22272467953508485,0.04324859697532635,2,0,19,0.9733957587441482,3,19,0.9733957587441482,3,17857.0,17882.0,17857.0,17857.0,17882.0,17857.0,0.3757642522720955,0.3757642522720955,0,0,0.0,0.0,0.0,0.0,1,4958.15,5048.925,1,1,1,1,0.0,1,0,0,1,1
17882,2026-02-19 02:00:00+00:00,bull,2907,17877,17877,17877,4893.55,4913.075,19.524999999999636,0.3531698162602736,0.454176291333128,5,0.7491535384383408,0.12823040572297173,1,2907,0,0.0,1,1,0.33879641485274803,3,,,,17878.0,17878.0,17878.0,0.0,0.33879641485274803,1,1,,1.0,0.0,97.8100000000004,1,4893.55,4913.075,1,0,0,0,0.0,0,0,0,0,1
17882,2026-02-19 02:00:00+00:00,bull,2908,17879,17879,17879,4942.48,4952.34,9.860000000000582,0.17605766267863523,0.34832981958747095,3,0.8408964152537145,0.15560247486329093,1,2908,0,0.0,1,0,0.0,1,,,,,,,0.0,0.0,1,1,,,0.0,0.0,2,4942.48,4952.34,1,0,0,0,0.0,0,0,0,1,1
17883,2026-02-19 06:00:00+00:00,bear,2906,17870,17856,17870,4958.15,5048.925,90.77500000000055,1.3329188518727533,0.6472654499657515,27,0.21022410381342863,0.04082123974453372,2,0,20,0.9733957587441482,3,20,0.9733957587441482,3,17857.0,17883.0,17857.0,17857.0,17883.0,17857.0,0.3757642522720955,0.3757642522720955,0,0,0.0,0.0,0.0,0.0,1,4958.15,5048.925,1,1,1,1,0.0,1,0,0,1,1
17883,2026-02-19 06:00:00+00:00,bull,2907,17877,17877,17877,4893.55,4913.075,19.524999999999636,0.3531698162602736,0.454176291333128,6,0.7071067811865476,0.12011082340946366,1,2907,0,0.0,1,1,0.33879641485274803,3,,,,17878.0,17878.0,17878.0,0.0,0.33879641485274803,1,1,,1.0,0.0,109.02000000000044,1,4893.55,4913.075,1,0,0,0,0.0,0,0,0,0,1
17883,2026-02-19 06:00:00+00:00,bull,2908,17879,17879,17879,4942.48,4952.34,9.860000000000582,0.17605766267863523,0.34832981958747095,4,0.7937005259840998,0.14720832441834697,1,2908,0,0.0,1,0,0.0,1,,,,,,,0.0,0.0,1,1,,,0.0,0.0,2,4942.48,4952.34,1,0,0,0,0.0,0,0,0,1,1
17884,2026-02-19 10:00:00+00:00,bear,2906,17870,17856,17870,4958.15,5048.925,90.77500000000055,1.3329188518727533,0.6472654499657515,28,0.19842513149602492,0.03853011960668639,2,0,21,0.9733957587441482,3,21,0.9733957587441482,3,17857.0,17884.0,17857.0,17857.0,17884.0,17857.0,0.3757642522720955,0.3757642522720955,0,0,0.0,0.0,0.0,0.0,1,4958.15,5048.925,1,1,1,1,0.0,1,0,0,1,1
17884,2026-02-19 10:00:00+00:00,bull,2907,17877,17877,17877,4893.55,4913.075,19.524999999999636,0.3531698162602736,0.454176291333128,7,0.6674199270850172,0.1097594235549927,1,2907,0,0.0,1,1,0.33879641485274803,3,,,,17878.0,17878.0,17878.0,0.0,0.33879641485274803,1,1,,1.0,0.0,109.02000000000044,1,4893.55,4913.075,1,0,0,0,0.0,0,0,0,0,1
17884,2026-02-19 10:00:00+00:00,bull,2908,17879,17879,17879,4942.48,4952.34,9.860000000000582,0.17605766267863523,0.34832981958747095,5,0.7491535384383408,0.13456998543962131,1,2908,0,0.0,1,0,0.0,1,,,,,,,0.0,0.0,1,1,,,0.0,0.0,2,4942.48,4952.34,1,0,0,0,0.0,0,0,0,1,1
17885,2026-02-19 14:00:00+00:00,bear,2906,17870,17856,17870,4958.15,5048.925,90.77500000000055,1.3329188518727533,0.6472654499657515,29,0.18728838460958522,0.03636759016130457,2,0,22,0.9733957587441482,3,22,0.9733957587441482,3,17857.0,17885.0,17857.0,17857.0,17885.0,17857.0,0.3757642522720955,0.3757642522720955,0,0,0.0,0.0,0.0,0.0,1,4958.15,5048.925,1,1,1,1,0.0,1,0,0,1,1
17885,2026-02-19 14:00:00+00:00,bull,2907,17877,17877,17877,4893.55,4913.075,19.524999999999636,0.3531698162602736,0.454176291333128,8,0.6299605249474366,0.11511306973648924,1,2907,0,0.0,1,1,0.33879641485274803,3,,,,17878.0,17878.0,17878.0,0.0,0.33879641485274803,1,1,,1.0,0.0,109.22500000000036,1,4893.55,4913.075,1,0,0,0,0.0,0,0,0,0,1
17885,2026-02-19 14:00:00+00:00,bull,2908,17879,17879,17879,4942.48,4952.34,9.860000000000582,0.17605766267863523,0.34832981958747095,6,0.7071067811865476,0.14693592570558728,1,2908,0,0.0,1,0,0.0,1,,,,,,,0.0,0.0,1,1,,,0.0,0.0,2,4942.48,4952.34,1,0,0,0,0.0,0,0,0,1,1
17886,2026-02-19 18:00:00+00:00,bear,2906,17870,17856,17870,4958.15,5048.925,90.77500000000055,1.3329188518727533,0.6472654499657515,30,0.1767766952966369,0.03432643416739087,2,0,23,0.9733957587441482,3,23,0.9733957587441482,3,17857.0,17886.0,17857.0,17857.0,17886.0,17857.0,0.3757642522720955,0.3757642522720955,0,0,0.0,0.0,0.0,0.0,1,4958.15,5048.925,1,1,1,1,0.0,1,0,0,1,1
17886,2026-02-19 18:00:00+00:00,bull,2907,17877,17877,17877,4893.55,4913.075,19.524999999999636,0.3531698162602736,0.454176291333128,9,0.5946035575013605,0.09784186704766343,1,2907,0,0.0,1,1,0.33879641485274803,3,,,,17878.0,17878.0,17878.0,0.0,0.33879641485274803,1,1,,1.0,0.0,109.22500000000036,1,4893.55,4913.075,1,0,0,0,0.0,0,0,0,0,1
17886,2026-02-19 18:00:00+00:00,bull,2908,17879,17879,17879,4942.48,4952.34,9.860000000000582,0.17605766267863523,0.34832981958747095,7,0.6674199270850172,0.12066341769050822,1,2908,0,0.0,1,0,0.0,1,,,,,,,0.0,0.0,1,1,,,0.0,0.0,2,4942.48,4952.34,1,0,0,0,0.0,0,0,0,1,1
17887,2026-02-19 22:00:00+00:00,bear,2906,17870,17856,17870,4958.15,5048.925,90.77500000000055,1.3329188518727533,0.6472654499657515,31,0.16685498177125427,0.03239983945655945,2,0,24,0.9733957587441482,3,24,0.9733957587441482,3,17857.0,17887.0,17857.0,17857.0,17887.0,17857.0,0.3757642522720955,0.3757642522720955,0,0,0.0,0.0,0.0,0.0,1,4958.15,5048.925,1,1,1,1,0.0,1,0,0,1,1
17887,2026-02-19 22:00:00+00:00,bull,2907,17877,17877,17877,4893.55,4913.075,19.524999999999636,0.3531698162602736,0.454176291333128,10,0.5612310241546865,0.08995441458181777,1,2907,0,0.0,1,1,0.33879641485274803,3,,,,17878.0,17878.0,17878.0,0.0,0.33879641485274803,1,1,,1.0,0.0,109.22500000000036,1,4893.55,4913.075,1,0,0,0,0.0,0,0,0,0,1
17887,2026-02-19 22:00:00+00:00,bull,2908,17879,17879,17879,4942.48,4952.34,9.860000000000582,0.17605766267863523,0.34832981958747095,8,0.6299605249474366,0.11098038837296026,1,2908,0,0.0,1,0,0.0,1,,,,,,,0.0,0.0,1,1,,,0.0,0.0,2,4942.48,4952.34,1,0,0,0,0.0,0,0,0,1,1
17888,2026-02-20 02:00:00+00:00,bear,2906,17870,17856,17870,4958.15,5048.925,90.77500000000055,1.3329188518727533,0.6472654499657515,32,0.15749013123685915,0.03058137619805727,2,0,25,0.9733957587441482,3,25,0.9733957587441482,3,17857.0,17888.0,17857.0,17857.0,17888.0,17857.0,0.3757642522720955,0.3757642522720955,0,0,0.0,0.0,0.0,0.0,1,4958.15,5048.925,1,1,1,1,0.0,1,0,0,1,1
17888,2026-02-20 02:00:00+00:00,bull,2907,17877,17877,17877,4893.55,4913.075,19.524999999999636,0.3531698162602736,0.454176291333128,11,0.5297315471796477,0.07490596992522094,1,2907,0,0.0,1,1,0.33879641485274803,3,,,,17878.0,17878.0,17878.0,0.0,0.33879641485274803,1,1,,1.0,0.0,109.22500000000036,1,4893.55,4913.075,1,0,0,0,0.0,0,0,0,0,1
17888,2026-02-20 02:00:00+00:00,bull,2908,17879,17879,17879,4942.48,4952.34,9.860000000000582,0.17605766267863523,0.34832981958747095,9,0.5946035575013605,0.08872729948737451,1,2908,0,0.0,1,0,0.0,1,,,,,,,0.0,0.0,1,1,,,0.0,0.0,2,4942.48,4952.34,1,0,0,0,0.0,0,0,0,1,1
17889,2026-02-20 06:00:00+00:00,bear,2906,17870,17856,17870,4958.15,5048.925,90.77500000000055,1.3329188518727533,0.6472654499657515,33,0.14865088937534013,0.028864975439801606,2,0,26,0.9733957587441482,3,26,0.9733957587441482,3,17857.0,17889.0,17857.0,17857.0,17889.0,17857.0,0.3757642522720955,0.3757642522720955,0,0,0.0,0.0,0.0,0.0,1,4958.15,5048.925,1,1,1,1,0.0,1,0,0,1,1
17889,2026-02-20 06:00:00+00:00,bull,2907,17877,17877,17877,4893.55,4913.075,19.524999999999636,0.3531698162602736,0.454176291333128,12,0.5,0.06326917681419099,1,2907,0,0.0,1,1,0.33879641485274803,3,,,,17878.0,17878.0,17878.0,0.0,0.33879641485274803,1,1,,1.0,0.0,129.66499999999996,1,4893.55,4913.075,1,0,0,0,0.0,0,0,0,0,1
17889,2026-02-20 06:00:00+00:00,bull,2908,17879,17879,17879,4942.48,4952.34,9.860000000000582,0.17605766267863523,0.34832981958747095,10,0.5612310241546865,0.0723581550336054,1,2908,0,0.0,1,0,0.0,1,,,,,,,0.0,0.0,1,1,,,0.0,0.0,2,4942.48,4952.34,1,0,0,0,0.0,0,0,0,1,1
17890,2026-02-20 10:00:00+00:00,bear,2906,17870,17856,17870,4958.15,5048.925,90.77500000000055,1.3329188518727533,0.6472654499657515,34,0.1403077560386716,0.0272449088538167,2,0,27,0.9995593500413114,3,27,0.9995593500413114,3,17857.0,17890.0,17857.0,17857.0,17890.0,17857.0,0.3757642522720955,0.3757642522720955,0,0,0.0,0.0,0.0,0.0,1,4958.15,5048.925,1,1,1,1,0.02616359129716317,1,0,0,1,1
17890,2026-02-20 10:00:00+00:00,bull,2907,17877,17877,17877,4893.55,4913.075,19.524999999999636,0.3531698162602736,0.454176291333128,13,0.47193715634084676,0.05412376180135622,1,2907,0,0.0,1,1,0.33879641485274803,3,,,,17878.0,17878.0,17878.0,0.0,0.33879641485274803,1,1,,1.0,0.0,135.8100000000004,1,4893.55,4913.075,1,0,0,0,0.0,0,0,0,0,1
17890,2026-02-20 10:00:00+00:00,bull,2908,17879,17879,17879,4942.48,4952.34,9.860000000000582,0.17605766267863523,0.34832981958747095,11,0.5297315471796477,0.06012543048512971,1,2908,0,0.0,1,0,0.0,1,,,,,,,0.0,0.0,1,1,,,0.0,0.0,2,4942.48,4952.34,1,0,0,0,0.0,0,0,0,1,1
17891,2026-02-20 14:00:00+00:00,bull,2907,17877,17877,17877,4893.55,4913.075,19.524999999999636,0.3531698162602736,0.454176291333128,14,0.44544935907016964,0.04589471735996546,1,2907,0,0.0,1,1,0.33879641485274803,3,,,,17878.0,17878.0,17878.0,0.0,0.33879641485274803,1,1,,1.0,0.0,163.39000000000033,1,4893.55,4913.075,1,0,0,0,0.0,0,0,0,0,1
17891,2026-02-20 14:00:00+00:00,bull,2908,17879,17879,17879,4942.48,4952.34,9.860000000000582,0.17605766267863523,0.34832981958747095,12,0.5,0.04875721724864982,1,2908,0,0.0,1,0,0.0,1,,,,,,,0.0,0.0,1,1,,,0.0,0.0,2,4942.48,4952.34,1,0,0,0,0.0,0,0,0,1,1
17892,2026-02-20 18:00:00+00:00,bull,2907,17877,17877,17877,4893.55,4913.075,19.524999999999636,0.3531698162602736,0.454176291333128,15,0.42044820762685725,0.03744424740593798,1,2907,0,0.0,1,1,0.33879641485274803,3,,,,17878.0,17878.0,17878.0,0.0,0.33879641485274803,1,1,,1.0,0.0,195.64500000000044,1,4893.55,4913.075,1,0,0,0,0.0,0,0,0,0,1
17892,2026-02-20 18:00:00+00:00,bull,2908,17879,17879,17879,4942.48,4952.34,9.860000000000582,0.17605766267863523,0.34832981958747095,13,0.47193715634084676,0.038467686645901195,1,2908,0,0.0,1,0,0.0,1,,,,,,,0.0,0.0,1,1,,,0.0,0.0,2,4942.48,4952.34,1,0,0,0,0.0,0,0,0,0,1
17892,2026-02-20 18:00:00+00:00,bull,2909,17892,17892,17892,5048.885,5053.985,5.099999999999454,0.10732972130289838,0.3264311788972133,0,1.0,0.1529433168384957,1,2909,0,0.0,1,0,0.0,1,,,,,,,0.0,0.0,1,1,,,0.0,0.0,3,5048.885,5053.985,1,0,0,0,0.0,0,0,0,1,1
17893,2026-02-22 22:00:00+00:00,bull,2907,17877,17877,17877,4893.55,4913.075,19.524999999999636,0.3531698162602736,0.454176291333128,16,0.3968502629920499,0.0299689565206147,1,2907,0,0.0,1,1,0.33879641485274803,3,,,,17878.0,17878.0,17878.0,0.0,0.33879641485274803,1,1,,1.0,0.0,259.21500000000015,1,4893.55,4913.075,1,0,0,0,0.0,0,0,0,0,1
17893,2026-02-22 22:00:00+00:00,bull,2908,17879,17879,17879,4942.48,4952.34,9.860000000000582,0.17605766267863523,0.34832981958747095,14,0.44544935907016964,0.029791273226389865,1,2908,0,0.0,1,0,0.0,1,,,,,,,0.0,0.0,1,1,,,0.0,0.0,2,4942.48,4952.34,1,0,0,0,0.0,0,0,0,0,1
17893,2026-02-22 22:00:00+00:00,bull,2909,17892,17892,17892,5048.885,5053.985,5.099999999999454,0.10732972130289838,0.3264311788972133,1,0.9438743126816935,0.0986841456709736,1,2909,0,0.0,1,0,0.0,1,,,,,,,0.0,0.0,1,1,,,0.0,0.0,3,5048.885,5053.985,1,0,0,0,0.0,0,0,0,0,1
17893,2026-02-22 22:00:00+00:00,bull,2910,17893,17893,17893,5076.465,5117.965,41.5,0.8517467352987365,0.5458615620586712,0,1.0,0.30173821439026943,1,2910,0,0.0,1,0,0.0,1,,,,,,,0.0,0.0,1,1,,,0.0,0.0,4,5076.465,5117.965,1,0,0,0,0.0,0,0,0,1,1
17894,2026-02-23 02:00:00+00:00,bull,2907,17877,17877,17877,4893.55,4913.075,19.524999999999636,0.3531698162602736,0.454176291333128,17,0.3745767692191704,0.02737233958440945,1,2907,0,0.0,1,1,0.33879641485274803,3,,,,17878.0,17878.0,17878.0,0.0,0.33879641485274803,1,1,,1.0,0.0,263.8249999999998,1,4893.55,4913.075,1,0,0,0,0.0,0,0,0,0,1
17894,2026-02-23 02:00:00+00:00,bull,2908,17879,17879,17879,4942.48,4952.34,9.860000000000582,0.17605766267863523,0.34832981958747095,15,0.42044820762685725,0.027220532139704157,1,2908,0,0.0,1,0,0.0,1,,,,,,,0.0,0.0,1,1,,,0.0,0.0,2,4942.48,4952.34,1,0,0,0,0.0,0,0,0,0,1
17894,2026-02-23 02:00:00+00:00,bull,2909,17892,17892,17892,5048.885,5053.985,5.099999999999454,0.10732972130289838,0.3264311788972133,2,0.8908987181403393,0.0903420398256152,1,2909,0,0.0,1,0,0.0,1,,,,,,,0.0,0.0,1,1,,,0.0,0.0,3,5048.885,5053.985,1,0,0,0,0.0,0,0,0,0,1
17894,2026-02-23 02:00:00+00:00,bull,2911,17894,17893,17894,5076.465,5151.87,75.40499999999975,0.9174796150427488,0.5458615620586712,1,0.9438743126816935,0.4528327686739752,2,0,0,0.0,1,0,0.0,1,,,,,,,0.0,0.0,1,1,,,0.0,0.0,4,5076.465,5151.87,1,0,0,0,0.0,0,0,0,1,1
17895,2026-02-23 06:00:00+00:00,bull,2907,17877,17877,17877,4893.55,4913.075,19.524999999999636,0.3531698162602736,0.454176291333128,18,0.3535533905932738,0.026388379341937232,1,2907,0,0.0,1,1,0.33879641485274803,3,,,,17878.0,17878.0,17878.0,0.0,0.33879641485274803,1,1,,1.0,0.0,263.8249999999998,1,4893.55,4913.075,1,0,0,0,0.0,0,0,0,0,1
17895,2026-02-23 06:00:00+00:00,bull,2908,17879,17879,17879,4942.48,4952.34,9.860000000000582,0.17605766267863523,0.34832981958747095,16,0.3968502629920499,0.02637783805132252,1,2908,0,0.0,1,0,0.0,1,,,,,,,0.0,0.0,1,1,,,0.0,0.0,2,4942.48,4952.34,1,0,0,0,0.0,0,0,0,0,1
17895,2026-02-23 06:00:00+00:00,bull,2909,17892,17892,17892,5048.885,5053.985,5.099999999999454,0.10732972130289838,0.3264311788972133,3,0.8408964152537145,0.08986983275648913,1,2909,0,0.0,1,0,0.0,1,,,,,,,0.0,0.0,1,1,,,0.0,0.0,3,5048.885,5053.985,1,0,0,0,0.0,0,0,0,0,1
17895,2026-02-23 06:00:00+00:00,bull,2911,17894,17893,17894,5076.465,5151.87,75.40499999999975,0.9174796150427488,0.5458615620586712,2,0.8908987181403393,0.2674690512560844,2,0,1,0.39287845633578805,3,1,0.39287845633578805,3,17895.0,17895.0,17895.0,17895.0,17895.0,17895.0,0.39287845633578805,0.39287845633578805,0,0,0.0,0.0,9.885000000000218,9.885000000000218,4,5076.465,5151.87,1,1,1,1,0.39287845633578805,1,0,0,1,1
17896,2026-02-23 10:00:00+00:00,bull,2907,17877,17877,17877,4893.55,4913.075,19.524999999999636,0.3531698162602736,0.454176291333128,19,0.3337099635425086,0.0243757145290764,1,2907,0,0.0,1,1,0.33879641485274803,3,,,,17878.0,17878.0,17878.0,0.0,0.33879641485274803,1,1,,1.0,0.0,263.8249999999998,1,4893.55,4913.075,1,0,0,0,0.0,0,0,0,0,1
17896,2026-02-23 10:00:00+00:00,bull,2908,17879,17879,17879,4942.48,4952.34,9.860000000000582,0.17605766267863523,0.34832981958747095,17,0.3745767692191704,0.02443443894261974,1,2908,0,0.0,1,0,0.0,1,,,,,,,0.0,0.0,1,1,,,0.0,0.0,2,4942.48,4952.34,1,0,0,0,0.0,0,0,0,0,1
17896,2026-02-23 10:00:00+00:00,bull,2909,17892,17892,17892,5048.885,5053.985,5.099999999999454,0.10732972130289838,0.3264311788972133,4,0.7937005259840998,0.0844727052098199,1,2909,0,0.0,1,0,0.0,1,,,,,,,0.0,0.0,1,1,,,0.0,0.0,3,5048.885,5053.985,1,0,0,0,0.0,0,0,0,0,1
17896,2026-02-23 10:00:00+00:00,bull,2911,17894,17893,17894,5076.465,5151.87,75.40499999999975,0.9174796150427488,0.5458615620586712,3,0.8408964152537145,0.25245716691796133,2,0,2,0.39287845633578805,3,2,0.39287845633578805,3,17895.0,17896.0,17895.0,17895.0,17896.0,17895.0,0.39287845633578805,0.39287845633578805,0,0,0.0,0.0,13.6850000000004,13.6850000000004,4,5076.465,5151.87,1,1,1,1,0.0,1,0,0,1,1
17897,2026-02-23 14:00:00+00:00,bull,2907,17877,17877,17877,4893.55,4913.075,19.524999999999636,0.3531698162602736,0.454176291333128,20,0.3149802624737183,0.019684403535631317,1,2907,0,0.0,1,1,0.33879641485274803,3,,,,17878.0,17878.0,17878.0,0.0,0.33879641485274803,1,1,,1.0,0.0,306.0500000000002,1,4893.55,4913.075,1,0,0,0,0.0,0,0,0,0,1
17897,2026-02-23 14:00:00+00:00,bull,2908,17879,17879,17879,4942.48,4952.34,9.860000000000582,0.17605766267863523,0.34832981958747095,18,0.3535533905932738,0.019143230787816323,1,2908,0,0.0,1,0,0.0,1,,,,,,,0.0,0.0,1,1,,,0.0,0.0,2,4942.48,4952.34,1,0,0,0,0.0,0,0,0,0,1
17897,2026-02-23 14:00:00+00:00,bull,2909,17892,17892,17892,5048.885,5053.985,5.099999999999454,0.10732972130289838,0.3264311788972133,5,0.7491535384383408,0.05722257635149369,1,2909,0,0.0,1,0,0.0,1,,,,,,,0.0,0.0,1,1,,,0.0,0.0,3,5048.885,5053.985,1,0,0,0,0.0,0,0,0,0,1
17897,2026-02-23 14:00:00+00:00,bull,2911,17894,17893,17894,5076.465,5151.87,75.40499999999975,0.9174796150427488,0.5458615620586712,4,0.7937005259840998,0.10861570456667485,2,0,3,0.39287845633578805,3,3,0.39287845633578805,3,17895.0,17897.0,17895.0,17895.0,17897.0,17895.0,0.39287845633578805,0.39287845633578805,0,0,1.0,1.0,67.25500000000011,67.25500000000011,4,5076.465,5151.87,1,1,1,1,0.0,1,0,0,1,1
17898,2026-02-23 18:00:00+00:00,bull,2907,17877,17877,17877,4893.55,4913.075,19.524999999999636,0.3531698162602736,0.454176291333128,21,0.29730177875068026,0.01733706892757705,1,2907,0,0.0,1,1,0.33879641485274803,3,,,,17878.0,17878.0,17878.0,0.0,0.33879641485274803,1,1,,1.0,0.0,324.8649999999998,1,4893.55,4913.075,1,0,0,0,0.0,0,0,0,0,1
17898,2026-02-23 18:00:00+00:00,bull,2908,17879,17879,17879,4942.48,4952.34,9.860000000000582,0.17605766267863523,0.34832981958747095,19,0.3337099635425086,0.016746884449274635,1,2908,0,0.0,1,0,0.0,1,,,,,,,0.0,0.0,1,1,,,0.0,0.0,2,4942.48,4952.34,1,0,0,0,0.0,0,0,0,0,1
17898,2026-02-23 18:00:00+00:00,bull,2909,17892,17892,17892,5048.885,5053.985,5.099999999999454,0.10732972130289838,0.3264311788972133,6,0.7071067811865476,0.04861810842874048,1,2909,0,0.0,1,0,0.0,1,,,,,,,0.0,0.0,1,1,,,0.0,0.0,3,5048.885,5053.985,1,0,0,0,0.0,0,0,0,0,1
17898,2026-02-23 18:00:00+00:00,bull,2911,17894,17893,17894,5076.465,5151.87,75.40499999999975,0.9174796150427488,0.5458615620586712,5,0.7491535384383408,0.08534412570794346,2,0,3,0.39287845633578805,3,3,0.39287845633578805,3,17895.0,17897.0,17895.0,17895.0,17897.0,17895.0,0.39287845633578805,0.39287845633578805,0,0,1.0,1.0,86.06999999999971,86.06999999999971,4,5076.465,5151.87,1,0,0,0,0.0,0,0,0,0,1
17898,2026-02-23 18:00:00+00:00,bull,2912,17898,17898,17898,5165.555,5201.02,35.465000000000146,0.7653040928765547,0.5653940006058693,0,1.0,0.3590349564975482,1,2912,0,0.0,1,0,0.0,1,,,,,,,0.0,0.0,1,1,,,0.0,0.0,5,5165.555,5201.02,1,0,0,0,0.0,0,0,0,1,1
17899,2026-02-23 22:00:00+00:00,bull,2907,17877,17877,17877,4893.55,4913.075,19.524999999999636,0.3531698162602736,0.454176291333128,22,0.28061551207734325,0.020448156120201105,1,2907,0,0.0,1,1,0.33879641485274803,3,,,,17878.0,17878.0,17878.0,0.0,0.33879641485274803,1,1,,1.0,0.0,336.77000000000044,1,4893.55,4913.075,1,0,0,0,0.0,0,0,0,0,1
17899,2026-02-23 22:00:00+00:00,bull,2908,17879,17879,17879,4942.48,4952.34,9.860000000000582,0.17605766267863523,0.34832981958747095,20,0.3149802624737183,0.02011200269015952,1,2908,0,0.0,1,0,0.0,1,,,,,,,0.0,0.0,1,1,,,0.0,0.0,2,4942.48,4952.34,1,0,0,0,0.0,0,0,0,0,1
17899,2026-02-23 22:00:00+00:00,bull,2909,17892,17892,17892,5048.885,5053.985,5.099999999999454,0.10732972130289838,0.3264311788972133,7,0.6674199270850172,0.0632847962047609,1,2909,0,0.0,1,0,0.0,1,,,,,,,0.0,0.0,1,1,,,0.0,0.0,3,5048.885,5053.985,1,0,0,0,0.0,0,0,0,0,1
17899,2026-02-23 22:00:00+00:00,bull,2911,17894,17893,17894,5076.465,5151.87,75.40499999999975,0.9174796150427488,0.5458615620586712,6,0.7071067811865476,0.2565642625489109,2,0,0,0.0,1,4,0.39287845633578805,3,,,,17895.0,17899.0,17895.0,0.0,0.39287845633578805,1,0,,1.0,0.0,97.97500000000036,4,5076.465,5151.87,1,1,0,0,0.0,1,1,0,1,1
17900,2026-02-24 02:00:00+00:00,bear,2913,17900,17900,17900,5191.95,5201.02,9.070000000000618,0.1847341977386466,0.398700938421317,0,1.0,0.33420502398446644,1,2913,0,0.0,1,0,0.0,1,,,,,,,0.0,0.0,1,1,,,0.0,0.0,1,5191.95,5201.02,1,0,0,0,0.0,0,0,0,1,1
17900,2026-02-24 02:00:00+00:00,bull,2907,17877,17877,17877,4893.55,4913.075,19.524999999999636,0.3531698162602736,0.454176291333128,23,0.2648657735898238,0.018544031989649375,1,2907,0,0.0,1,1,0.33879641485274803,3,,,,17878.0,17878.0,17878.0,0.0,0.33879641485274803,1,1,,1.0,0.0,336.77000000000044,1,4893.55,4913.075,1,0,0,0,0.0,0,0,0,0,1
17900,2026-02-24 02:00:00+00:00,bull,2908,17879,17879,17879,4942.48,4952.34,9.860000000000582,0.17605766267863523,0.34832981958747095,21,0.29730177875068026,0.01820883157397932,1,2908,0,0.0,1,0,0.0,1,,,,,,,0.0,0.0,1,1,,,0.0,0.0,2,4942.48,4952.34,1,0,0,0,0.0,0,0,0,0,1
17900,2026-02-24 02:00:00+00:00,bull,2909,17892,17892,17892,5048.885,5053.985,5.099999999999454,0.10732972130289838,0.3264311788972133,8,0.6299605249474366,0.056852870347568765,1,2909,0,0.0,1,0,0.0,1,,,,,,,0.0,0.0,1,1,,,0.0,0.0,3,5048.885,5053.985,1,0,0,0,0.0,0,0,0,0,1
17900,2026-02-24 02:00:00+00:00,bull,2911,17894,17893,17894,5076.465,5151.87,75.40499999999975,0.9174796150427488,0.5458615620586712,7,0.6674199270850172,0.22442402737833972,2,0,0,0.0,1,4,0.39287845633578805,3,,,,17895.0,17899.0,17895.0,0.0,0.39287845633578805,1,0,,1.0,0.0,97.97500000000036,4,5076.465,5151.87,1,0,0,0,0.0,0,0,0,1,1
17901,2026-02-24 06:00:00+00:00,bear,2913,17900,17900,17900,5191.95,5201.02,9.070000000000618,0.1847341977386466,0.398700938421317,1,0.9438743126816935,0.2636818574377938,1,2913,0,0.0,1,0,0.0,1,,,,,,,0.0,0.0,1,1,,,0.0,0.0,1,5191.95,5201.02,1,0,0,0,0.0,0,0,0,1,1
17901,2026-02-24 06:00:00+00:00,bull,2907,17877,17877,17877,4893.55,4913.075,19.524999999999636,0.3531698162602736,0.454176291333128,24,0.25,0.017670775588468895,1,2907,0,0.0,1,1,0.33879641485274803,3,,,,17878.0,17878.0,17878.0,0.0,0.33879641485274803,1,1,,1.0,0.0,336.77000000000044,1,4893.55,4913.075,1,0,0,0,0.0,0,0,0,0,1
17901,2026-02-24 06:00:00+00:00,bull,2908,17879,17879,17879,4942.48,4952.34,9.860000000000582,0.17605766267863523,0.34832981958747095,22,0.28061551207734325,0.017450169298055766,1,2908,0,0.0,1,0,0.0,1,,,,,,,0.0,0.0,1,1,,,0.0,0.0,2,4942.48,4952.34,1,0,0,0,0.0,0,0,0,0,1
17901,2026-02-24 06:00:00+00:00,bull,2909,17892,17892,17892,5048.885,5053.985,5.099999999999454,0.10732972130289838,0.3264311788972133,9,0.5946035575013605,0.055963723240025166,1,2909,0,0.0,1,0,0.0,1,,,,,,,0.0,0.0,1,1,,,0.0,0.0,3,5048.885,5053.985,1,0,0,0,0.0,0,0,0,0,1
17901,2026-02-24 06:00:00+00:00,bull,2911,17894,17893,17894,5076.465,5151.87,75.40499999999975,0.9174796150427488,0.5458615620586712,8,0.6299605249474366,0.24319621522157187,2,0,0,0.0,1,4,0.39287845633578805,3,,,,17895.0,17899.0,17895.0,0.0,0.39287845633578805,1,0,,1.0,0.0,97.97500000000036,4,5076.465,5151.87,1,0,0,0,0.0,0,0,0,1,1
17902,2026-02-24 10:00:00+00:00,bear,2913,17900,17900,17900,5191.95,5201.02,9.070000000000618,0.1847341977386466,0.398700938421317,2,0.8908987181403393,0.13876303755796915,1,2913,0,0.0,1,0,0.0,1,,,,,,,0.0,0.0,1,1,,,0.0,0.0,1,5191.95,5201.02,1,0,0,0,0.0,0,0,0,1,1
17902,2026-02-24 10:00:00+00:00,bull,2907,17877,17877,17877,4893.55,4913.075,19.524999999999636,0.3531698162602736,0.454176291333128,25,0.23596857817042335,0.021004871153951752,1,2907,0,0.0,1,1,0.33879641485274803,3,,,,17878.0,17878.0,17878.0,0.0,0.33879641485274803,1,1,,1.0,0.0,336.77000000000044,1,4893.55,4913.075,1,0,0,0,0.0,0,0,0,0,1
17902,2026-02-24 10:00:00+00:00,bull,2908,17879,17879,17879,4942.48,4952.34,9.860000000000582,0.17605766267863523,0.34832981958747095,23,0.2648657735898238,0.021430957218813065,1,2908,0,0.0,1,0,0.0,1,,,,,,,0.0,0.0,1,1,,,0.0,0.0,2,4942.48,4952.34,1,0,0,0,0.0,0,0,0,0,1
17902,2026-02-24 10:00:00+00:00,bull,2909,17892,17892,17892,5048.885,5053.985,5.099999999999454,0.10732972130289838,0.3264311788972133,10,0.5612310241546865,0.08173891060483411,1,2909,0,0.0,1,0,0.0,1,,,,,,,0.0,0.0,1,1,,,0.0,0.0,3,5048.885,5053.985,1,0,0,0,0.0,0,0,0,0,1
17902,2026-02-24 10:00:00+00:00,bull,2911,17894,17893,17894,5076.465,5151.87,75.40499999999975,0.9174796150427488,0.5458615620586712,9,0.5946035575013605,0.09737136801100066,2,0,1,0.5384258338306425,3,5,0.5384258338306425,3,17902.0,17902.0,17902.0,17895.0,17902.0,17895.0,0.5384258338306425,0.39287845633578805,0,0,0.0,0.0,29.520000000000437,29.520000000000437,4,5076.465,5151.87,1,1,1,1,0.5384258338306425,1,0,0,1,1
17903,2026-02-24 14:00:00+00:00,bear,2913,17900,17900,17900,5191.95,5201.02,9.070000000000618,0.1847341977386466,0.398700938421317,3,0.8408964152537145,0.21559455440970113,1,2913,0,0.0,1,0,0.0,1,,,,,,,0.0,0.0,1,1,,,0.0,0.0,1,5191.95,5201.02,1,0,0,0,0.0,0,0,0,1,1
17903,2026-02-24 14:00:00+00:00,bull,2907,17877,17877,17877,4893.55,4913.075,19.524999999999636,0.3531698162602736,0.454176291333128,26,0.22272467953508485,0.017029588851337246,1,2907,0,0.0,1,1,0.33879641485274803,3,,,,17878.0,17878.0,17878.0,0.0,0.33879641485274803,1,1,,1.0,0.0,336.77000000000044,1,4893.55,4913.075,1,0,0,0,0.0,0,0,0,0,1
17903,2026-02-24 14:00:00+00:00,bull,2908,17879,17879,17879,4942.48,4952.34,9.860000000000582,0.17605766267863523,0.34832981958747095,24,0.25,0.016855764639174767,1,2908,0,0.0,1,0,0.0,1,,,,,,,0.0,0.0,1,1,,,0.0,0.0,2,4942.48,4952.34,1,0,0,0,0.0,0,0,0,0,1
17903,2026-02-24 14:00:00+00:00,bull,2909,17892,17892,17892,5048.885,5053.985,5.099999999999454,0.10732972130289838,0.3264311788972133,11,0.5297315471796477,0.054661925788466396,1,2909,0,0.0,1,0,0.0,1,,,,,,,0.0,0.0,1,1,,,0.0,0.0,3,5048.885,5053.985,1,0,0,0,0.0,0,0,0,0,1
17903,2026-02-24 14:00:00+00:00,bull,2911,17894,17893,17894,5076.465,5151.87,75.40499999999975,0.9174796150427488,0.5458615620586712,10,0.5612310241546865,0.07443729677323989,2,0,2,0.7718984152244562,3,6,0.7718984152244562,3,17902.0,17903.0,17902.0,17895.0,17903.0,17895.0,0.5384258338306425,0.39287845633578805,0,0,1.0,1.0,11.989999999999782,11.989999999999782,4,5076.465,5151.87,1,1,1,1,0.23347258139381377,1,0,0,1,1
17904,2026-02-24 18:00:00+00:00,bear,2913,17900,17900,17900,5191.95,5201.02,9.070000000000618,0.1847341977386466,0.398700938421317,4,0.7937005259840998,0.1605272937763985,1,2913,0,0.0,1,0,0.0,1,,,,,,,0.0,0.0,1,1,,,0.0,0.0,1,5191.95,5201.02,1,0,0,0,0.0,0,0,0,1,1
17904,2026-02-24 18:00:00+00:00,bull,2907,17877,17877,17877,4893.55,4913.075,19.524999999999636,0.3531698162602736,0.454176291333128,27,0.21022410381342863,0.01686505010707435,1,2907,0,0.0,1,1,0.33879641485274803,3,,,,17878.0,17878.0,17878.0,0.0,0.33879641485274803,1,1,,1.0,0.0,336.77000000000044,1,4893.55,4913.075,1,0,0,0,0.0,0,0,0,0,1
17904,2026-02-24 18:00:00+00:00,bull,2908,17879,17879,17879,4942.48,4952.34,9.860000000000582,0.17605766267863523,0.34832981958747095,25,0.23596857817042335,0.016883778225744325,1,2908,0,0.0,1,0,0.0,1,,,,,,,0.0,0.0,1,1,,,0.0,0.0,2,4942.48,4952.34,1,0,0,0,0.0,0,0,0,0,1
17904,2026-02-24 18:00:00+00:00,bull,2909,17892,17892,17892,5048.885,5053.985,5.099999999999454,0.10732972130289838,0.3264311788972133,12,0.5,0.05797502508315641,1,2909,0,0.0,1,0,0.0,1,,,,,,,0.0,0.0,1,1,,,0.0,0.0,3,5048.885,5053.985,1,0,0,0,0.0,0,0,0,0,1
17904,2026-02-24 18:00:00+00:00,bull,2911,17894,17893,17894,5076.465,5151.87,75.40499999999975,0.9174796150427488,0.5458615620586712,11,0.5297315471796477,0.08674802694457175,2,0,3,0.7718984152244562,3,7,0.7718984152244562,3,17902.0,17904.0,17902.0,17895.0,17904.0,17895.0,0.5384258338306425,0.39287845633578805,0,0,0.0,0.0,21.375,21.375,4,5076.465,5151.87,1,1,1,1,0.0,1,0,0,1,1
17905,2026-02-24 22:00:00+00:00,bear,2913,17900,17900,17900,5191.95,5201.02,9.070000000000618,0.1847341977386466,0.398700938421317,5,0.7491535384383408,0.22922528020125166,1,2913,0,0.0,1,0,0.0,1,,,,,,,0.0,0.0,1,1,,,0.0,0.0,1,5191.95,5201.02,1,0,0,0,0.0,0,0,0,1,1
17905,2026-02-24 22:00:00+00:00,bull,2907,17877,17877,17877,4893.55,4913.075,19.524999999999636,0.3531698162602736,0.454176291333128,28,0.19842513149602492,0.014458386519706325,1,2907,0,0.0,1,1,0.33879641485274803,3,,,,17878.0,17878.0,17878.0,0.0,0.33879641485274803,1,1,,1.0,0.0,336.77000000000044,1,4893.55,4913.075,1,0,0,0,0.0,0,0,0,0,1
17905,2026-02-24 22:00:00+00:00,bull,2908,17879,17879,17879,4942.48,4952.34,9.860000000000582,0.17605766267863523,0.34832981958747095,26,0.22272467953508485,0.014225794109902679,1,2908,0,0.0,1,0,0.0,1,,,,,,,0.0,0.0,1,1,,,0.0,0.0,2,4942.48,4952.34,1,0,0,0,0.0,0,0,0,0,1
17905,2026-02-24 22:00:00+00:00,bull,2909,17892,17892,17892,5048.885,5053.985,5.099999999999454,0.10732972130289838,0.3264311788972133,13,0.47193715634084676,0.04483841177694053,1,2909,0,0.0,1,0,0.0,1,,,,,,,0.0,0.0,1,1,,,0.0,0.0,3,5048.885,5053.985,1,0,0,0,0.0,0,0,0,0,1
17905,2026-02-24 22:00:00+00:00,bull,2911,17894,17893,17894,5076.465,5151.87,75.40499999999975,0.9174796150427488,0.5458615620586712,12,0.5,0.05485621176265986,2,0,4,0.7718984152244562,3,8,0.7718984152244562,3,17902.0,17905.0,17902.0,17895.0,17905.0,17895.0,0.5384258338306425,0.39287845633578805,0,0,1.0,1.0,38.01500000000033,38.01500000000033,4,5076.465,5151.87,1,1,1,1,0.0,1,0,0,1,1
17906,2026-02-25 02:00:00+00:00,bull,2907,17877,17877,17877,4893.55,4913.075,19.524999999999636,0.3531698162602736,0.454176291333128,29,0.18728838460958522,0.0125453397595992,1,2907,0,0.0,1,1,0.33879641485274803,3,,,,17878.0,17878.0,17878.0,0.0,0.33879641485274803,1,1,,1.0,0.0,336.77000000000044,1,4893.55,4913.075,1,0,0,0,0.0,0,0,0,0,1
17906,2026-02-25 02:00:00+00:00,bull,2908,17879,17879,17879,4942.48,4952.34,9.860000000000582,0.17605766267863523,0.34832981958747095,27,0.21022410381342863,0.012216869651359607,1,2908,0,0.0,1,0,0.0,1,,,,,,,0.0,0.0,1,1,,,0.0,0.0,2,4942.48,4952.34,1,0,0,0,0.0,0,0,0,0,1
17906,2026-02-25 02:00:00+00:00,bull,2909,17892,17892,17892,5048.885,5053.985,5.099999999999454,0.10732972130289838,0.3264311788972133,14,0.44544935907016964,0.03673624513486502,1,2909,0,0.0,1,0,0.0,1,,,,,,,0.0,0.0,1,1,,,0.0,0.0,3,5048.885,5053.985,1,0,0,0,0.0,0,0,0,0,1
17906,2026-02-25 02:00:00+00:00,bull,2911,17894,17893,17894,5076.465,5151.87,75.40499999999975,0.9174796150427488,0.5458615620586712,13,0.47193715634084676,0.03868617241249051,2,0,4,0.7718984152244562,3,8,0.7718984152244562,3,17902.0,17905.0,17902.0,17895.0,17905.0,17895.0,0.5384258338306425,0.39287845633578805,0,0,1.0,1.0,58.79500000000007,58.79500000000007,4,5076.465,5151.87,1,0,0,0,0.0,0,0,0,1,1
17907,2026-02-25 06:00:00+00:00,bull,2907,17877,17877,17877,4893.55,4913.075,19.524999999999636,0.3531698162602736,0.454176291333128,30,0.1767766952966369,0.011774167890310806,1,2907,0,0.0,1,1,0.33879641485274803,3,,,,17878.0,17878.0,17878.0,0.0,0.33879641485274803,1,1,,1.0,0.0,336.77000000000044,1,4893.55,4913.075,1,0,0,0,0.0,0,0,0,0,1
17907,2026-02-25 06:00:00+00:00,bull,2908,17879,17879,17879,4942.48,4952.34,9.860000000000582,0.17605766267863523,0.34832981958747095,28,0.19842513149602492,0.011512637675667549,1,2908,0,0.0,1,0,0.0,1,,,,,,,0.0,0.0,1,1,,,0.0,0.0,2,4942.48,4952.34,1,0,0,0,0.0,0,0,0,0,1
17907,2026-02-25 06:00:00+00:00,bull,2909,17892,17892,17892,5048.885,5053.985,5.099999999999454,0.10732972130289838,0.3264311788972133,15,0.42044820762685725,0.035256042515566535,1,2909,0,0.0,1,0,0.0,1,,,,,,,0.0,0.0,1,1,,,0.0,0.0,3,5048.885,5053.985,1,0,0,0,0.0,0,0,0,0,1
17907,2026-02-25 06:00:00+00:00,bull,2911,17894,17893,17894,5076.465,5151.87,75.40499999999975,0.9174796150427488,0.5458615620586712,14,0.44544935907016964,0.03921367617036944,2,0,4,0.7718984152244562,3,8,0.7718984152244562,3,17902.0,17905.0,17902.0,17895.0,17905.0,17895.0,0.5384258338306425,0.39287845633578805,0,0,1.0,1.0,58.79500000000007,58.79500000000007,4,5076.465,5151.87,1,0,0,0,0.0,0,0,0,1,1
17908,2026-02-25 10:00:00+00:00,bull,2907,17877,17877,17877,4893.55,4913.075,19.524999999999636,0.3531698162602736,0.454176291333128,31,0.16685498177125427,0.011279304795226531,1,2907,0,0.0,1,1,0.33879641485274803,3,,,,17878.0,17878.0,17878.0,0.0,0.33879641485274803,1,1,,1.0,0.0,336.77000000000044,1,4893.55,4913.075,1,0,0,0,0.0,0,0,0,0,1
17908,2026-02-25 10:00:00+00:00,bull,2908,17879,17879,17879,4942.48,4952.34,9.860000000000582,0.17605766267863523,0.34832981958747095,29,0.18728838460958522,0.011069486550860985,1,2908,0,0.0,1,0,0.0,1,,,,,,,0.0,0.0,1,1,,,0.0,0.0,2,4942.48,4952.34,1,0,0,0,0.0,0,0,0,0,1
17908,2026-02-25 10:00:00+00:00,bull,2909,17892,17892,17892,5048.885,5053.985,5.099999999999454,0.10732972130289838,0.3264311788972133,16,0.3968502629920499,0.034476149175542065,1,2909,0,0.0,1,0,0.0,1,,,,,,,0.0,0.0,1,1,,,0.0,0.0,3,5048.885,5053.985,1,0,0,0,0.0,0,0,0,0,1
17908,2026-02-25 10:00:00+00:00,bull,2911,17894,17893,17894,5076.465,5151.87,75.40499999999975,0.9174796150427488,0.5458615620586712,15,0.42044820762685725,0.1349630391098745,2,0,0,0.0,1,8,0.7718984152244562,3,,,,17895.0,17905.0,17895.0,0.0,0.39287845633578805,1,0,,1.0,0.0,58.79500000000007,4,5076.465,5151.87,1,0,0,-4,-0.7718984152244562,0,0,0,1,1
17909,2026-02-25 14:00:00+00:00,bull,2907,17877,17877,17877,4893.55,4913.075,19.524999999999636,0.3531698162602736,0.454176291333128,32,0.15749013123685915,0.010115685276352093,1,2907,0,0.0,1,1,0.33879641485274803,3,,,,17878.0,17878.0,17878.0,0.0,0.33879641485274803,1,1,,1.0,0.0,336.77000000000044,1,4893.55,4913.075,1,0,0,0,0.0,0,0,0,0,1
17909,2026-02-25 14:00:00+00:00,bull,2908,17879,17879,17879,4942.48,4952.34,9.860000000000582,0.17605766267863523,0.34832981958747095,30,0.1767766952966369,0.0098367432341893,1,2908,0,0.0,1,0,0.0,1,,,,,,,0.0,0.0,1,1,,,0.0,0.0,2,4942.48,4952.34,1,0,0,0,0.0,0,0,0,0,1
17909,2026-02-25 14:00:00+00:00,bull,2909,17892,17892,17892,5048.885,5053.985,5.099999999999454,0.10732972130289838,0.3264311788972133,17,0.3745767692191704,0.0293927950594157,1,2909,0,0.0,1,0,0.0,1,,,,,,,0.0,0.0,1,1,,,0.0,0.0,3,5048.885,5053.985,1,0,0,0,0.0,0,0,0,0,1
17909,2026-02-25 14:00:00+00:00,bull,2911,17894,17893,17894,5076.465,5151.87,75.40499999999975,0.9174796150427488,0.5458615620586712,16,0.3968502629920499,0.10133151011365385,2,0,0,0.0,1,8,0.7718984152244562,3,,,,17895.0,17905.0,17895.0,0.0,0.39287845633578805,1,0,,1.0,0.0,65.88500000000022,4,5076.465,5151.87,1,0,0,0,0.0,0,0,0,1,1
17910,2026-02-25 18:00:00+00:00,bull,2907,17877,17877,17877,4893.55,4913.075,19.524999999999636,0.3531698162602736,0.454176291333128,33,0.14865088937534013,0.011078928414053947,1,2907,0,0.0,1,1,0.33879641485274803,3,,,,17878.0,17878.0,17878.0,0.0,0.33879641485274803,1,1,,1.0,0.0,336.77000000000044,1,4893.55,4913.075,1,0,0,0,0.0,0,0,0,0,1
17910,2026-02-25 18:00:00+00:00,bull,2908,17879,17879,17879,4942.48,4952.34,9.860000000000582,0.17605766267863523,0.34832981958747095,31,0.16685498177125427,0.01096650416849249,1,2908,0,0.0,1,0,0.0,1,,,,,,,0.0,0.0,1,1,,,0.0,0.0,2,4942.48,4952.34,1,0,0,0,0.0,0,0,0,0,1
17910,2026-02-25 18:00:00+00:00,bull,2909,17892,17892,17892,5048.885,5053.985,5.099999999999454,0.10732972130289838,0.3264311788972133,18,0.3535533905932738,0.03557392947756304,1,2909,0,0.0,1,0,0.0,1,,,,,,,0.0,0.0,1,1,,,0.0,0.0,3,5048.885,5053.985,1,0,0,0,0.0,0,0,0,0,1
17910,2026-02-25 18:00:00+00:00,bull,2911,17894,17893,17894,5076.465,5151.87,75.40499999999975,0.9174796150427488,0.5458615620586712,17,0.3745767692191704,0.12125238723582697,2,0,1,0.0862674888933112,3,9,0.7718984152244562,3,17910.0,17910.0,17910.0,17895.0,17910.0,17895.0,0.0862674888933112,0.39287845633578805,1,0,1.0,1.0,56.50500000000011,56.50500000000011,4,5076.465,5151.87,1,1,1,1,0.0862674888933112,1,0,0,1,1
17911,2026-02-25 22:00:00+00:00,bull,2907,17877,17877,17877,4893.55,4913.075,19.524999999999636,0.3531698162602736,0.454176291333128,34,0.1403077560386716,0.009536360305787861,1,2907,0,0.0,1,1,0.33879641485274803,3,,,,17878.0,17878.0,17878.0,0.0,0.33879641485274803,1,1,,1.0,0.0,336.77000000000044,1,4893.55,4913.075,1,0,0,0,0.0,0,0,0,0,1
17911,2026-02-25 22:00:00+00:00,bull,2908,17879,17879,17879,4942.48,4952.34,9.860000000000582,0.17605766267863523,0.34832981958747095,32,0.15749013123685915,0.009328221256388353,1,2908,0,0.0,1,0,0.0,1,,,,,,,0.0,0.0,1,1,,,0.0,0.0,2,4942.48,4952.34,1,0,0,0,0.0,0,0,0,0,1
17911,2026-02-25 22:00:00+00:00,bull,2909,17892,17892,17892,5048.885,5053.985,5.099999999999454,0.10732972130289838,0.3264311788972133,19,0.3337099635425086,0.028617811532902042,1,2909,0,0.0,1,0,0.0,1,,,,,,,0.0,0.0,1,1,,,0.0,0.0,3,5048.885,5053.985,1,0,0,0,0.0,0,0,0,0,1
17911,2026-02-25 22:00:00+00:00,bull,2911,17894,17893,17894,5076.465,5151.87,75.40499999999975,0.9174796150427488,0.5458615620586712,18,0.3535533905932738,0.08002211929715654,2,0,1,0.0862674888933112,3,9,0.7718984152244562,3,17910.0,17910.0,17910.0,17895.0,17910.0,17895.0,0.0862674888933112,0.39287845633578805,1,0,1.0,1.0,56.50500000000011,56.50500000000011,4,5076.465,5151.87,1,0,0,0,0.0,0,0,0,1,1
17912,2026-02-26 02:00:00+00:00,bull,2907,17877,17877,17877,4893.55,4913.075,19.524999999999636,0.3531698162602736,0.454176291333128,35,0.1324328867949119,0.008623072453438452,1,2907,0,0.0,1,1,0.33879641485274803,3,,,,17878.0,17878.0,17878.0,0.0,0.33879641485274803,1,1,,1.0,0.0,336.77000000000044,1,4893.55,4913.075,1,0,0,0,0.0,0,0,0,0,1
17912,2026-02-26 02:00:00+00:00,bull,2908,17879,17879,17879,4942.48,4952.34,9.860000000000582,0.17605766267863523,0.34832981958747095,33,0.14865088937534013,0.00841554502173444,1,2908,0,0.0,1,0,0.0,1,,,,,,,0.0,0.0,1,1,,,0.0,0.0,2,4942.48,4952.34,1,0,0,0,0.0,0,0,0,0,1
17912,2026-02-26 02:00:00+00:00,bull,2909,17892,17892,17892,5048.885,5053.985,5.099999999999454,0.10732972130289838,0.3264311788972133,20,0.3149802624737183,0.025551843886239788,1,2909,0,0.0,1,0,0.0,1,,,,,,,0.0,0.0,1,1,,,0.0,0.0,3,5048.885,5053.985,1,0,0,0,0.0,0,0,0,0,1
17912,2026-02-26 02:00:00+00:00,bull,2911,17894,17893,17894,5076.465,5151.87,75.40499999999975,0.9174796150427488,0.5458615620586712,19,0.3337099635425086,0.06921619276644667,2,0,1,0.0862674888933112,3,9,0.7718984152244562,3,17910.0,17910.0,17910.0,17895.0,17910.0,17895.0,0.0862674888933112,0.39287845633578805,1,0,1.0,1.0,56.50500000000011,56.50500000000011,4,5076.465,5151.87,1,0,0,0,0.0,0,0,0,1,1
17913,2026-02-26 06:00:00+00:00,bull,2907,17877,17877,17877,4893.55,4913.075,19.524999999999636,0.3531698162602736,0.454176291333128,36,0.125,0.008270896258114621,1,2907,0,0.0,1,1,0.33879641485274803,3,,,,17878.0,17878.0,17878.0,0.0,0.33879641485274803,1,1,,1.0,0.0,336.77000000000044,1,4893.55,4913.075,1,0,0,0,0.0,0,0,0,0,1
17913,2026-02-26 06:00:00+00:00,bull,2908,17879,17879,17879,4942.48,4952.34,9.860000000000582,0.17605766267863523,0.34832981958747095,34,0.1403077560386716,0.00811589045651872,1,2908,0,0.0,1,0,0.0,1,,,,,,,0.0,0.0,1,1,,,0.0,0.0,2,4942.48,4952.34,1,0,0,0,0.0,0,0,0,0,1
17913,2026-02-26 06:00:00+00:00,bull,2909,17892,17892,17892,5048.885,5053.985,5.099999999999454,0.10732972130289838,0.3264311788972133,21,0.29730177875068026,0.025260544391724843,1,2909,0,0.0,1,0,0.0,1,,,,,,,0.0,0.0,1,1,,,0.0,0.0,3,5048.885,5053.985,1,0,0,0,0.0,0,0,0,0,1
17913,2026-02-26 06:00:00+00:00,bull,2911,17894,17893,17894,5076.465,5151.87,75.40499999999975,0.9174796150427488,0.5458615620586712,20,0.3149802624737183,0.09867106383173559,2,0,0,0.0,1,9,0.7718984152244562,3,,,,17895.0,17910.0,17895.0,0.0,0.39287845633578805,1,0,,1.0,0.0,56.50500000000011,4,5076.465,5151.87,1,0,0,-1,-0.0862674888933112,0,0,0,1,1
17914,2026-02-26 10:00:00+00:00,bull,2907,17877,17877,17877,4893.55,4913.075,19.524999999999636,0.3531698162602736,0.454176291333128,37,0.11798428908521168,0.008187420392485599,1,2907,0,0.0,1,1,0.33879641485274803,3,,,,17878.0,17878.0,17878.0,0.0,0.33879641485274803,1,1,,1.0,0.0,336.77000000000044,1,4893.55,4913.075,1,0,0,0,0.0,0,0,0,0,1
17914,2026-02-26 10:00:00+00:00,bull,2908,17879,17879,17879,4942.48,4952.34,9.860000000000582,0.17605766267863523,0.34832981958747095,35,0.1324328867949119,0.008115743641980177,1,2908,0,0.0,1,0,0.0,1,,,,,,,0.0,0.0,1,1,,,0.0,0.0,2,4942.48,4952.34,1,0,0,0,0.0,0,0,0,0,1
17914,2026-02-26 10:00:00+00:00,bull,2909,17892,17892,17892,5048.885,5053.985,5.099999999999454,0.10732972130289838,0.3264311788972133,22,0.28061551207734325,0.026507829396945633,1,2909,0,0.0,1,0,0.0,1,,,,,,,0.0,0.0,1,1,,,0.0,0.0,3,5048.885,5053.985,1,0,0,0,0.0,0,0,0,0,1
17914,2026-02-26 10:00:00+00:00,bull,2911,17894,17893,17894,5076.465,5151.87,75.40499999999975,0.9174796150427488,0.5458615620586712,21,0.29730177875068026,0.12391348808648685,2,0,0,0.0,1,9,0.7718984152244562,3,,,,17895.0,17910.0,17895.0,0.0,0.39287845633578805,1,0,,1.0,0.0,56.50500000000011,4,5076.465,5151.87,1,0,0,0,0.0,0,0,0,1,1
17915,2026-02-26 14:00:00+00:00,bull,2907,17877,17877,17877,4893.55,4913.075,19.524999999999636,0.3531698162602736,0.454176291333128,38,0.11136233976754242,0.007862324457512383,1,2907,0,0.0,1,1,0.33879641485274803,3,,,,17878.0,17878.0,17878.0,0.0,0.33879641485274803,1,1,,1.0,0.0,336.77000000000044,1,4893.55,4913.075,1,0,0,0,0.0,0,0,0,0,1
17915,2026-02-26 14:00:00+00:00,bull,2908,17879,17879,17879,4942.48,4952.34,9.860000000000582,0.17605766267863523,0.34832981958747095,36,0.125,0.0077835568018067,1,2908,0,0.0,1,0,0.0,1,,,,,,,0.0,0.0,1,1,,,0.0,0.0,2,4942.48,4952.34,1,0,0,0,0.0,0,0,0,0,1
17915,2026-02-26 14:00:00+00:00,bull,2909,17892,17892,17892,5048.885,5053.985,5.099999999999454,0.10732972130289838,0.3264311788972133,23,0.2648657735898238,0.025264893294478664,1,2909,0,0.0,1,0,0.0,1,,,,,,,0.0,0.0,1,1,,,0.0,0.0,3,5048.885,5053.985,1,0,0,0,0.0,0,0,0,0,1
17915,2026-02-26 14:00:00+00:00,bull,2911,17894,17893,17894,5076.465,5151.87,75.40499999999975,0.9174796150427488,0.5458615620586712,22,0.28061551207734325,0.0633128514693799,2,0,1,0.2806179961541002,3,10,0.7718984152244562,3,17915.0,17915.0,17915.0,17895.0,17915.0,17895.0,0.2806179961541002,0.39287845633578805,1,0,1.0,1.0,41.085000000000036,41.085000000000036,4,5076.465,5151.87,1,1,1,1,0.2806179961541002,1,0,0,1,1
17916,2026-02-26 18:00:00+00:00,bull,2907,17877,17877,17877,4893.55,4913.075,19.524999999999636,0.3531698162602736,0.454176291333128,39,0.10511205190671431,0.006946602586782134,1,2907,0,0.0,1,1,0.33879641485274803,3,,,,17878.0,17878.0,17878.0,0.0,0.33879641485274803,1,1,,1.0,0.0,336.77000000000044,1,4893.55,4913.075,1,0,0,0,0.0,0,0,0,0,1
17916,2026-02-26 18:00:00+00:00,bull,2908,17879,17879,17879,4942.48,4952.34,9.860000000000582,0.17605766267863523,0.34832981958747095,37,0.11798428908521168,0.006820957798596945,1,2908,0,0.0,1,0,0.0,1,,,,,,,0.0,0.0,1,1,,,0.0,0.0,2,4942.48,4952.34,1,0,0,0,0.0,0,0,0,0,1
17916,2026-02-26 18:00:00+00:00,bull,2909,17892,17892,17892,5048.885,5053.985,5.099999999999454,0.10732972130289838,0.3264311788972133,24,0.25,0.021295726301786576,1,2909,0,0.0,1,0,0.0,1,,,,,,,0.0,0.0,1,1,,,0.0,0.0,3,5048.885,5053.985,1,0,0,0,0.0,0,0,0,0,1
17916,2026-02-26 18:00:00+00:00,bull,2911,17894,17893,17894,5076.465,5151.87,75.40499999999975,0.9174796150427488,0.5458615620586712,23,0.2648657735898238,0.046226792437244354,2,0,1,0.2806179961541002,3,10,0.7718984152244562,3,17915.0,17915.0,17915.0,17895.0,17915.0,17895.0,0.2806179961541002,0.39287845633578805,1,0,1.0,1.0,49.125,49.125,4,5076.465,5151.87,1,0,0,0,0.0,0,0,0,1,1
17917,2026-02-26 22:00:00+00:00,bull,2907,17877,17877,17877,4893.55,4913.075,19.524999999999636,0.3531698162602736,0.454176291333128,40,0.09921256574801246,0.006218208196020897,1,2907,0,0.0,1,1,0.33879641485274803,3,,,,17878.0,17878.0,17878.0,0.0,0.33879641485274803,1,1,,1.0,0.0,336.77000000000044,1,4893.55,4913.075,1,0,0,0,0.0,0,0,0,0,1
17917,2026-02-26 22:00:00+00:00,bull,2908,17879,17879,17879,4942.48,4952.34,9.860000000000582,0.17605766267863523,0.34832981958747095,38,0.11136233976754242,0.006085157833261169,1,2908,0,0.0,1,0,0.0,1,,,,,,,0.0,0.0,1,1,,,0.0,0.0,2,4942.48,4952.34,1,0,0,0,0.0,0,0,0,0,1
17917,2026-02-26 22:00:00+00:00,bull,2909,17892,17892,17892,5048.885,5053.985,5.099999999999454,0.10732972130289838,0.3264311788972133,25,0.23596857817042335,0.01870577670293732,1,2909,0,0.0,1,0,0.0,1,,,,,,,0.0,0.0,1,1,,,0.0,0.0,3,5048.885,5053.985,1,0,0,0,0.0,0,0,0,0,1
17917,2026-02-26 22:00:00+00:00,bull,2911,17894,17893,17894,5076.465,5151.87,75.40499999999975,0.9174796150427488,0.5458615620586712,24,0.25,0.03859886148209571,2,0,1,0.2806179961541002,3,10,0.7718984152244562,3,17915.0,17915.0,17915.0,17895.0,17915.0,17895.0,0.2806179961541002,0.39287845633578805,1,0,1.0,1.0,49.125,49.125,4,5076.465,5151.87,1,0,0,0,0.0,0,0,0,1,1
17918,2026-02-27 02:00:00+00:00,bull,2907,17877,17877,17877,4893.55,4913.075,19.524999999999636,0.3531698162602736,0.454176291333128,41,0.09364419230479261,0.0056645629972569235,1,2907,0,0.0,1,1,0.33879641485274803,3,,,,17878.0,17878.0,17878.0,0.0,0.33879641485274803,1,1,,1.0,0.0,336.77000000000044,1,4893.55,4913.075,1,0,0,0,0.0,0,0,0,0,1
17918,2026-02-27 02:00:00+00:00,bull,2908,17879,17879,17879,4942.48,4952.34,9.860000000000582,0.17605766267863523,0.34832981958747095,39,0.10511205190671431,0.005538478665937715,1,2908,0,0.0,1,0,0.0,1,,,,,,,0.0,0.0,1,1,,,0.0,0.0,2,4942.48,4952.34,1,0,0,0,0.0,0,0,0,0,1
17918,2026-02-27 02:00:00+00:00,bull,2909,17892,17892,17892,5048.885,5053.985,5.099999999999454,0.10732972130289838,0.3264311788972133,26,0.22272467953508485,0.01695727647315151,1,2909,0,0.0,1,0,0.0,1,,,,,,,0.0,0.0,1,1,,,0.0,0.0,3,5048.885,5053.985,1,0,0,0,0.0,0,0,0,0,1
17918,2026-02-27 02:00:00+00:00,bull,2911,17894,17893,17894,5076.465,5151.87,75.40499999999975,0.9174796150427488,0.5458615620586712,25,0.23596857817042335,0.06282747193642915,2,0,0,0.0,1,10,0.7718984152244562,3,,,,17895.0,17915.0,17895.0,0.0,0.39287845633578805,1,0,,1.0,0.0,49.125,4,5076.465,5151.87,1,0,0,-1,-0.2806179961541002,0,0,0,1,1
17919,2026-02-27 06:00:00+00:00,bull,2907,17877,17877,17877,4893.55,4913.075,19.524999999999636,0.3531698162602736,0.454176291333128,42,0.08838834764831845,0.005592269326698324,1,2907,0,0.0,1,1,0.33879641485274803,3,,,,17878.0,17878.0,17878.0,0.0,0.33879641485274803,1,1,,1.0,0.0,336.77000000000044,1,4893.55,4913.075,1,0,0,0,0.0,0,0,0,0,1
17919,2026-02-27 06:00:00+00:00,bull,2908,17879,17879,17879,4942.48,4952.34,9.860000000000582,0.17605766267863523,0.34832981958747095,40,0.09921256574801246,0.005523976574046601,1,2908,0,0.0,1,0,0.0,1,,,,,,,0.0,0.0,1,1,,,0.0,0.0,2,4942.48,4952.34,1,0,0,0,0.0,0,0,0,0,1
17919,2026-02-27 06:00:00+00:00,bull,2909,17892,17892,17892,5048.885,5053.985,5.099999999999454,0.10732972130289838,0.3264311788972133,27,0.21022410381342863,0.017739174128486378,1,2909,0,0.0,1,0,0.0,1,,,,,,,0.0,0.0,1,1,,,0.0,0.0,3,5048.885,5053.985,1,0,0,0,0.0,0,0,0,0,1
17919,2026-02-27 06:00:00+00:00,bull,2911,17894,17893,17894,5076.465,5151.87,75.40499999999975,0.9174796150427488,0.5458615620586712,26,0.22272467953508485,0.07747877817648004,2,0,0,0.0,1,10,0.7718984152244562,3,,,,17895.0,17915.0,17895.0,0.0,0.39287845633578805,1,0,,1.0,0.0,49.125,4,5076.465,5151.87,1,0,0,0,0.0,0,0,0,1,1
17920,2026-02-27 10:00:00+00:00,bull,2907,17877,17877,17877,4893.55,4913.075,19.524999999999636,0.3531698162602736,0.454176291333128,43,0.08342749088562713,0.0047704317487278,1,2907,0,0.0,1,1,0.33879641485274803,3,,,,17878.0,17878.0,17878.0,0.0,0.33879641485274803,1,1,,1.0,0.0,336.77000000000044,1,4893.55,4913.075,1,0,0,0,0.0,0,0,0,0,1
17920,2026-02-27 10:00:00+00:00,bull,2908,17879,17879,17879,4942.48,4952.34,9.860000000000582,0.17605766267863523,0.34832981958747095,41,0.09364419230479261,0.004617736576756683,1,2908,0,0.0,1,0,0.0,1,,,,,,,0.0,0.0,1,1,,,0.0,0.0,2,4942.48,4952.34,1,0,0,0,0.0,0,0,0,0,1
17920,2026-02-27 10:00:00+00:00,bull,2909,17892,17892,17892,5048.885,5053.985,5.099999999999454,0.10732972130289838,0.3264311788972133,28,0.19842513149602492,0.013526717982278376,1,2909,0,0.0,1,0,0.0,1,,,,,,,0.0,0.0,1,1,,,0.0,0.0,3,5048.885,5053.985,1,0,0,0,0.0,0,0,0,0,1
17920,2026-02-27 10:00:00+00:00,bull,2911,17894,17893,17894,5076.465,5151.87,75.40499999999975,0.9174796150427488,0.5458615620586712,27,0.21022410381342863,0.044182999430882365,2,0,0,0.0,1,10,0.7718984152244562,3,,,,17895.0,17915.0,17895.0,0.0,0.39287845633578805,1,0,,1.0,0.0,88.88500000000022,4,5076.465,5151.87,1,0,0,0,0.0,0,0,0,1,1
17921,2026-02-27 14:00:00+00:00,bull,2907,17877,17877,17877,4893.55,4913.075,19.524999999999636,0.3531698162602736,0.454176291333128,44,0.07874506561842957,0.004355789559119537,1,2907,0,0.0,1,1,0.33879641485274803,3,,,,17878.0,17878.0,17878.0,0.0,0.33879641485274803,1,1,,1.0,0.0,344.6700000000001,1,4893.55,4913.075,1,0,0,0,0.0,0,0,0,0,1
17921,2026-02-27 14:00:00+00:00,bull,2908,17879,17879,17879,4942.48,4952.34,9.860000000000582,0.17605766267863523,0.34832981958747095,42,0.08838834764831845,0.004200017420587441,1,2908,0,0.0,1,0,0.0,1,,,,,,,0.0,0.0,1,1,,,0.0,0.0,2,4942.48,4952.34,1,0,0,0,0.0,0,0,0,0,1
17921,2026-02-27 14:00:00+00:00,bull,2909,17892,17892,17892,5048.885,5053.985,5.099999999999454,0.10732972130289838,0.3264311788972133,29,0.18728838460958522,0.012101602236046992,1,2909,0,0.0,1,0,0.0,1,,,,,,,0.0,0.0,1,1,,,0.0,0.0,3,5048.885,5053.985,1,0,0,0,0.0,0,0,0,0,1
17921,2026-02-27 14:00:00+00:00,bull,2911,17894,17893,17894,5076.465,5151.87,75.40499999999975,0.9174796150427488,0.5458615620586712,28,0.19842513149602492,0.037902252202703386,2,0,0,0.0,1,10,0.7718984152244562,3,,,,17895.0,17915.0,17895.0,0.0,0.39287845633578805,1,0,,1.0,0.0,105.875,4,5076.465,5151.87,1,0,0,0,0.0,0,0,0,0,1
17921,2026-02-27 14:00:00+00:00,bull,2914,17921,17921,17921,5199.465,5213.94,14.474999999999454,0.32448380660645515,0.41558547298625936,0,1.0,0.28343032081686104,1,2914,0,0.0,1,0,0.0,1,,,,,,,0.0,0.0,1,1,,,0.0,0.0,5,5199.465,5213.94,1,0,0,0,0.0,0,0,0,1,1
17922,2026-02-27 18:00:00+00:00,bull,2907,17877,17877,17877,4893.55,4913.075,19.524999999999636,0.3531698162602736,0.454176291333128,45,0.07432544468767006,0.0037433852611900085,1,2907,0,0.0,1,1,0.33879641485274803,3,,,,17878.0,17878.0,17878.0,0.0,0.33879641485274803,1,1,,1.0,0.0,368.0450000000001,1,4893.55,4913.075,1,0,0,0,0.0,0,0,0,0,1
17922,2026-02-27 18:00:00+00:00,bull,2908,17879,17879,17879,4942.48,4952.34,9.860000000000582,0.17605766267863523,0.34832981958747095,43,0.08342749088562713,0.0035627815342112656,1,2908,0,0.0,1,0,0.0,1,,,,,,,0.0,0.0,1,1,,,0.0,0.0,2,4942.48,4952.34,1,0,0,0,0.0,0,0,0,0,1
17922,2026-02-27 18:00:00+00:00,bull,2909,17892,17892,17892,5048.885,5053.985,5.099999999999454,0.10732972130289838,0.3264311788972133,30,0.1767766952966369,0.0097352255070944,1,2909,0,0.0,1,0,0.0,1,,,,,,,0.0,0.0,1,1,,,0.0,0.0,3,5048.885,5053.985,1,0,0,0,0.0,0,0,0,0,1
17922,2026-02-27 18:00:00+00:00,bull,2911,17894,17893,17894,5076.465,5151.87,75.40499999999975,0.9174796150427488,0.5458615620586712,29,0.18728838460958522,0.027040142169281252,2,0,0,0.0,1,10,0.7718984152244562,3,,,,17895.0,17915.0,17895.0,0.0,0.39287845633578805,1,0,,1.0,0.0,129.25,4,5076.465,5151.87,1,0,0,0,0.0,0,0,0,0,1
17922,2026-02-27 18:00:00+00:00,bull,2914,17921,17921,17921,5199.465,5213.94,14.474999999999454,0.32448380660645515,0.41558547298625936,1,0.9438743126816935,0.16211985364038642,1,2914,0,0.0,1,0,0.0,1,,,,,,,0.0,0.0,1,1,,,0.0,0.0,5,5199.465,5213.94,1,0,0,0,0.0,0,0,0,1,1
17923,2026-03-01 22:00:00+00:00,bull,2907,17877,17877,17877,4893.55,4913.075,19.524999999999636,0.3531698162602736,0.454176291333128,46,0.0701538780193358,0.0034804313742637445,1,2907,0,0.0,1,1,0.33879641485274803,3,,,,17878.0,17878.0,17878.0,0.0,0.33879641485274803,1,1,,1.0,0.0,480.72500000000036,1,4893.55,4913.075,1,0,0,0,0.0,0,0,0,0,1
17923,2026-03-01 22:00:00+00:00,bull,2908,17879,17879,17879,4942.48,4952.34,9.860000000000582,0.17605766267863523,0.34832981958747095,44,0.07874506561842957,0.0032739034094304434,1,2908,0,0.0,1,0,0.0,1,,,,,,,0.0,0.0,1,1,,,0.0,0.0,2,4942.48,4952.34,1,0,0,0,0.0,0,0,0,0,1
17923,2026-03-01 22:00:00+00:00,bull,2909,17892,17892,17892,5048.885,5053.985,5.099999999999454,0.10732972130289838,0.3264311788972133,31,0.16685498177125427,0.00855323790574929,1,2909,0,0.0,1,0,0.0,1,,,,,,,0.0,0.0,1,1,,,0.0,0.0,3,5048.885,5053.985,1,0,0,0,0.0,0,0,0,0,1
17923,2026-03-01 22:00:00+00:00,bull,2911,17894,17893,17894,5076.465,5151.87,75.40499999999975,0.9174796150427488,0.5458615620586712,30,0.1767766952966369,0.02177184583682057,2,0,0,0.0,1,10,0.7718984152244562,3,,,,17895.0,17915.0,17895.0,0.0,0.39287845633578805,1,0,,1.0,0.0,241.9300000000003,4,5076.465,5151.87,1,0,0,0,0.0,0,0,0,0,1
17923,2026-03-01 22:00:00+00:00,bull,2914,17921,17921,17921,5199.465,5213.94,14.474999999999454,0.32448380660645515,0.41558547298625936,2,0.8908987181403393,0.11553552348892518,1,2914,0,0.0,1,0,0.0,1,,,,,,,0.0,0.0,1,1,,,0.0,0.0,5,5199.465,5213.94,1,0,0,0,0.0,0,0,0,0,1
17923,2026-03-01 22:00:00+00:00,bull,2915,17923,17923,17923,5257.745,5303.44,45.69499999999971,0.903691143416121,0.5823109679670285,0,1.0,0.40590744756287717,1,2915,0,0.0,1,0,0.0,1,,,,,,,0.0,0.0,1,1,,,0.0,0.0,6,5257.745,5303.44,1,0,0,0,0.0,0,0,0,1,1
17924,2026-03-02 02:00:00+00:00,bull,2907,17877,17877,17877,4893.55,4913.075,19.524999999999636,0.3531698162602736,0.454176291333128,47,0.06621644339745596,0.003017802680037478,1,2907,0,0.0,1,1,0.33879641485274803,3,,,,17878.0,17878.0,17878.0,0.0,0.33879641485274803,1,1,,1.0,0.0,480.72500000000036,1,4893.55,4913.075,1,0,0,0,0.0,0,0,0,0,1
17924,2026-03-02 02:00:00+00:00,bull,2908,17879,17879,17879,4942.48,4952.34,9.860000000000582,0.17605766267863523,0.34832981958747095,45,0.07432544468767006,0.002817676736749433,1,2908,0,0.0,1,0,0.0,1,,,,,,,0.0,0.0,1,1,,,0.0,0.0,2,4942.48,4952.34,1,0,0,0,0.0,0,0,0,0,1
17924,2026-03-02 02:00:00+00:00,bull,2909,17892,17892,17892,5048.885,5053.985,5.099999999999454,0.10732972130289838,0.3264311788972133,32,0.15749013123685915,0.0071636302333013034,1,2909,0,0.0,1,0,0.0,1,,,,,,,0.0,0.0,1,1,,,0.0,0.0,3,5048.885,5053.985,1,0,0,0,0.0,0,0,0,0,1
17924,2026-03-02 02:00:00+00:00,bull,2911,17894,17893,17894,5076.465,5151.87,75.40499999999975,0.9174796150427488,0.5458615620586712,31,0.16685498177125427,0.01738476549023787,2,0,0,0.0,1,10,0.7718984152244562,3,,,,17895.0,17915.0,17895.0,0.0,0.39287845633578805,1,0,,1.0,0.0,241.9300000000003,4,5076.465,5151.87,1,0,0,0,0.0,0,0,0,0,1
17924,2026-03-02 02:00:00+00:00,bull,2914,17921,17921,17921,5199.465,5213.94,14.474999999999454,0.32448380660645515,0.41558547298625936,3,0.8408964152537145,0.08713721703554254,1,2914,0,0.0,1,0,0.0,1,,,,,,,0.0,0.0,1,1,,,0.0,0.0,5,5199.465,5213.94,1,0,0,0,0.0,0,0,0,0,1
17924,2026-03-02 02:00:00+00:00,bull,2916,17924,17923,17924,5257.745,5317.35,59.60500000000047,0.903691143416121,0.5823109679670285,1,0.9438743126816935,0.27989166869569443,2,0,0,0.0,1,0,0.0,1,,,,,,,0.0,0.0,1,1,,,0.0,0.0,6,5257.745,5317.35,1,0,0,0,0.0,0,0,0,1,1
17925,2026-03-02 06:00:00+00:00,bull,2908,17879,17879,17879,4942.48,4952.34,9.860000000000582,0.17605766267863523,0.34832981958747095,46,0.0701538780193358,0.0025350364296465853,1,2908,0,0.0,1,0,0.0,1,,,,,,,0.0,0.0,1,1,,,0.0,0.0,1,4942.48,4952.34,1,0,0,0,0.0,0,0,0,0,1
17925,2026-03-02 06:00:00+00:00,bull,2909,17892,17892,17892,5048.885,5053.985,5.099999999999454,0.10732972130289838,0.3264311788972133,33,0.14865088937534013,0.006349106255301361,1,2909,0,0.0,1,0,0.0,1,,,,,,,0.0,0.0,1,1,,,0.0,0.0,2,5048.885,5053.985,1,0,0,0,0.0,0,0,0,0,1
17925,2026-03-02 06:00:00+00:00,bull,2911,17894,17893,17894,5076.465,5151.87,75.40499999999975,0.9174796150427488,0.5458615620586712,32,0.15749013123685915,0.015030183233628836,2,0,0,0.0,1,10,0.7718984152244562,3,,,,17895.0,17915.0,17895.0,0.0,0.39287845633578805,1,0,,1.0,0.0,267.78999999999996,3,5076.465,5151.87,1,0,0,0,0.0,0,0,0,0,1
17925,2026-03-02 06:00:00+00:00,bull,2914,17921,17921,17921,5199.465,5213.94,14.474999999999454,0.32448380660645515,0.41558547298625936,4,0.7937005259840998,0.07329568134965811,1,2914,0,0.0,1,0,0.0,1,,,,,,,0.0,0.0,1,1,,,0.0,0.0,4,5199.465,5213.94,1,0,0,0,0.0,0,0,0,0,1
17925,2026-03-02 06:00:00+00:00,bull,2916,17924,17923,17924,5257.745,5317.35,59.60500000000047,0.903691143416121,0.5823109679670285,2,0.8908987181403393,0.2101420923517361,2,0,0,0.0,1,0,0.0,1,,,,,,,0.0,0.0,1,1,,,0.0,0.0,5,5257.745,5317.35,1,0,0,0,0.0,0,0,0,1,1
17926,2026-03-02 10:00:00+00:00,bull,2908,17879,17879,17879,4942.48,4952.34,9.860000000000582,0.17605766267863523,0.34832981958747095,47,0.06621644339745596,0.002356985376845,1,2908,0,0.0,1,0,0.0,1,,,,,,,0.0,0.0,1,1,,,0.0,0.0,1,4942.48,4952.34,1,0,0,0,0.0,0,0,0,0,1
17926,2026-03-02 10:00:00+00:00,bull,2909,17892,17892,17892,5048.885,5053.985,5.099999999999454,0.10732972130289838,0.3264311788972133,34,0.1403077560386716,0.005898951347066288,1,2909,0,0.0,1,0,0.0,1,,,,,,,0.0,0.0,1,1,,,0.0,0.0,2,5048.885,5053.985,1,0,0,0,0.0,0,0,0,0,1
17926,2026-03-02 10:00:00+00:00,bull,2911,17894,17893,17894,5076.465,5151.87,75.40499999999975,0.9174796150427488,0.5458615620586712,33,0.14865088937534013,0.013948357967731936,2,0,0,0.0,1,10,0.7718984152244562,3,,,,17895.0,17915.0,17895.0,0.0,0.39287845633578805,1,0,,1.0,0.0,267.78999999999996,3,5076.465,5151.87,1,0,0,0,0.0,0,0,0,0,1
17926,2026-03-02 10:00:00+00:00,bull,2914,17921,17921,17921,5199.465,5213.94,14.474999999999454,0.32448380660645515,0.41558547298625936,5,0.7491535384383408,0.06793533604475714,1,2914,0,0.0,1,0,0.0,1,,,,,,,0.0,0.0,1,1,,,0.0,0.0,4,5199.465,5213.94,1,0,0,0,0.0,0,0,0,0,1
17926,2026-03-02 10:00:00+00:00,bull,2916,17924,17923,17924,5257.745,5317.35,59.60500000000047,0.903691143416121,0.5823109679670285,3,0.8408964152537145,0.1938414556662251,2,0,0,0.0,1,0,0.0,1,,,,,,,0.0,0.0,1,1,,,0.0,0.0,5,5257.745,5317.35,1,0,0,0,0.0,0,0,0,1,1
17926,2026-03-02 10:00:00+00:00,bull,2917,17926,17926,17926,5367.33,5374.85,7.520000000000437,0.14956710293015288,0.2553423930155341,0,1.0,0.184700115529457,1,2917,0,0.0,1,0,0.0,1,,,,,,,0.0,0.0,1,1,,,0.0,0.0,6,5367.33,5374.85,1,0,0,0,0.0,0,0,0,0,1
17927,2026-03-02 14:00:00+00:00,bull,2909,17892,17892,17892,5048.885,5053.985,5.099999999999454,0.10732972130289838,0.3264311788972133,35,0.1324328867949119,0.007871864366446622,1,2909,0,0.0,1,0,0.0,1,,,,,,,0.0,0.0,1,1,,,0.0,0.0,1,5048.885,5053.985,1,0,0,0,0.0,0,0,0,0,1
17927,2026-03-02 14:00:00+00:00,bull,2911,17894,17893,17894,5076.465,5151.87,75.40499999999975,0.9174796150427488,0.5458615620586712,34,0.1403077560386716,0.020403731465948077,2,0,0,0.0,1,10,0.7718984152244562,3,,,,17895.0,17915.0,17895.0,0.0,0.39287845633578805,1,0,,1.0,0.0,267.78999999999996,2,5076.465,5151.87,1,0,0,0,0.0,0,0,0,0,1
17927,2026-03-02 14:00:00+00:00,bull,2914,17921,17921,17921,5199.465,5213.94,14.474999999999454,0.32448380660645515,0.41558547298625936,6,0.7071067811865476,0.1108282651016279,1,2914,0,0.0,1,0,0.0,1,,,,,,,0.0,0.0,1,1,,,0.0,0.0,3,5199.465,5213.94,1,0,0,0,0.0,0,0,0,0,1
17927,2026-03-02 14:00:00+00:00,bull,2916,17924,17923,17924,5257.745,5317.35,59.60500000000047,0.903691143416121,0.5823109679670285,4,0.7937005259840998,0.46218052156174083,2,0,0,0.0,1,1,0.9531079607415477,3,,,,17927.0,17927.0,17927.0,0.0,0.9531079607415477,1,0,,0.0,0.0,78.01999999999953,4,5257.745,5317.35,1,1,0,0,0.0,1,1,0,1,1
17928,2026-03-02 18:00:00+00:00,bear,2918,17928,17928,17928,5346.58,5374.85,28.270000000000437,0.501726064448159,0.46646685085193074,0,1.0,0.3257298724340534,1,2918,0,0.0,1,0,0.0,1,,,,,,,0.0,0.0,1,1,,,0.0,0.0,1,5346.58,5374.85,1,0,0,0,0.0,0,0,0,1,1
17928,2026-03-02 18:00:00+00:00,bull,2909,17892,17892,17892,5048.885,5053.985,5.099999999999454,0.10732972130289838,0.3264311788972133,36,0.125,0.007083017472379595,1,2909,0,0.0,1,0,0.0,1,,,,,,,0.0,0.0,1,1,,,0.0,0.0,1,5048.885,5053.985,1,0,0,0,0.0,0,0,0,0,1
17928,2026-03-02 18:00:00+00:00,bull,2911,17894,17893,17894,5076.465,5151.87,75.40499999999975,0.9174796150427488,0.5458615620586712,35,0.1324328867949119,0.017966599757802133,2,0,0,0.0,1,10,0.7718984152244562,3,,,,17895.0,17915.0,17895.0,0.0,0.39287845633578805,1,0,,1.0,0.0,267.78999999999996,2,5076.465,5151.87,1,0,0,0,0.0,0,0,0,0,1
17928,2026-03-02 18:00:00+00:00,bull,2914,17921,17921,17921,5199.465,5213.94,14.474999999999454,0.32448380660645515,0.41558547298625936,7,0.6674199270850172,0.09492531081681933,1,2914,0,0.0,1,0,0.0,1,,,,,,,0.0,0.0,1,1,,,0.0,0.0,3,5199.465,5213.94,1,0,0,0,0.0,0,0,0,0,1
17928,2026-03-02 18:00:00+00:00,bull,2916,17924,17923,17924,5257.745,5317.35,59.60500000000047,0.903691143416121,0.5823109679670285,5,0.7491535384383408,0.22079026401999752,2,0,1,0.46095126247798246,3,2,0.9531079607415477,3,17928.0,17928.0,17928.0,17927.0,17928.0,17927.0,0.46095126247798246,0.9531079607415477,1,0,1.0,1.0,29.229999999999563,29.229999999999563,4,5257.745,5317.35,1,1,1,1,0.46095126247798246,1,0,0,1,1
17929,2026-03-02 22:00:00+00:00,bull,2909,17892,17892,17892,5048.885,5053.985,5.099999999999454,0.10732972130289838,0.3264311788972133,37,0.11798428908521168,0.006355630814298026,1,2909,0,0.0,1,0,0.0,1,,,,,,,0.0,0.0,1,1,,,0.0,0.0,1,5048.885,5053.985,1,0,0,0,0.0,0,0,0,0,1
17929,2026-03-02 22:00:00+00:00,bull,2911,17894,17893,17894,5076.465,5151.87,75.40499999999975,0.9174796150427488,0.5458615620586712,36,0.125,0.01577408062458254,2,0,0,0.0,1,10,0.7718984152244562,3,,,,17895.0,17915.0,17895.0,0.0,0.39287845633578805,1,0,,1.0,0.0,267.78999999999996,2,5076.465,5151.87,1,0,0,0,0.0,0,0,0,0,1
17929,2026-03-02 22:00:00+00:00,bull,2914,17921,17921,17921,5199.465,5213.94,14.474999999999454,0.32448380660645515,0.41558547298625936,8,0.6299605249474366,0.0811546830716763,1,2914,0,0.0,1,0,0.0,1,,,,,,,0.0,0.0,1,1,,,0.0,0.0,3,5199.465,5213.94,1,0,0,0,0.0,0,0,0,0,1
17929,2026-03-02 22:00:00+00:00,bull,2916,17924,17923,17924,5257.745,5317.35,59.60500000000047,0.903691143416121,0.5823109679670285,6,0.7071067811865476,0.16246656448406424,2,0,1,0.46095126247798246,3,2,0.9531079607415477,3,17928.0,17928.0,17928.0,17927.0,17928.0,17927.0,0.46095126247798246,0.9531079607415477,1,0,1.0,1.0,62.625,62.625,4,5257.745,5317.35,1,0,0,0,0.0,0,0,0,1,1
17930,2026-03-03 02:00:00+00:00,bull,2909,17892,17892,17892,5048.885,5053.985,5.099999999999454,0.10732972130289838,0.3264311788972133,38,0.11136233976754242,0.006468442690966452,1,2909,0,0.0,1,0,0.0,1,,,,,,,0.0,0.0,1,1,,,0.0,0.0,1,5048.885,5053.985,1,0,0,0,0.0,0,0,0,0,1
17930,2026-03-03 02:00:00+00:00,bull,2911,17894,17893,17894,5076.465,5151.87,75.40499999999975,0.9174796150427488,0.5458615620586712,37,0.11798428908521168,0.016446010310490367,2,0,0,0.0,1,10,0.7718984152244562,3,,,,17895.0,17915.0,17895.0,0.0,0.39287845633578805,1,0,,1.0,0.0,267.78999999999996,2,5076.465,5151.87,1,0,0,0,0.0,0,0,0,0,1
17930,2026-03-03 02:00:00+00:00,bull,2914,17921,17921,17921,5199.465,5213.94,14.474999999999454,0.32448380660645515,0.41558547298625936,9,0.5946035575013605,0.08714586007976118,1,2914,0,0.0,1,0,0.0,1,,,,,,,0.0,0.0,1,1,,,0.0,0.0,3,5199.465,5213.94,1,0,0,0,0.0,0,0,0,0,1
17930,2026-03-03 02:00:00+00:00,bull,2916,17924,17923,17924,5257.745,5317.35,59.60500000000047,0.903691143416121,0.5823109679670285,7,0.6674199270850172,0.2064250320243542,2,0,2,0.46095126247798246,3,3,0.9531079607415477,3,17928.0,17930.0,17928.0,17927.0,17930.0,17927.0,0.46095126247798246,0.9531079607415477,1,0,1.0,1.0,58.51999999999953,58.51999999999953,4,5257.745,5317.35,1,1,1,1,0.0,1,0,0,1,1
17931,2026-03-03 06:00:00+00:00,bull,2909,17892,17892,17892,5048.885,5053.985,5.099999999999454,0.10732972130289838,0.3264311788972133,39,0.10511205190671431,0.00742561731784741,1,2909,0,0.0,1,0,0.0,1,,,,,,,0.0,0.0,1,1,,,0.0,0.0,1,5048.885,5053.985,1,0,0,0,0.0,0,0,0,0,1
17931,2026-03-03 06:00:00+00:00,bull,2911,17894,17893,17894,5076.465,5151.87,75.40499999999975,0.9174796150427488,0.5458615620586712,38,0.11136233976754242,0.020130912606497662,2,0,0,0.0,1,10,0.7718984152244562,3,,,,17895.0,17915.0,17895.0,0.0,0.39287845633578805,1,0,,1.0,0.0,267.78999999999996,2,5076.465,5151.87,1,0,0,0,0.0,0,0,0,0,1
17931,2026-03-03 06:00:00+00:00,bull,2914,17921,17921,17921,5199.465,5213.94,14.474999999999454,0.32448380660645515,0.41558547298625936,10,0.5612310241546865,0.11636436236219376,1,2914,0,0.0,1,0,0.0,1,,,,,,,0.0,0.0,1,1,,,0.0,0.0,3,5199.465,5213.94,1,0,0,0,0.0,0,0,0,1,1
17932,2026-03-03 10:00:00+00:00,bear,2919,17932,17932,17932,5288.045,5305.385,17.340000000000146,0.24075054226106055,0.27892306694152635,0,1.0,0.09887727656386443,1,2919,0,0.0,1,0,0.0,1,,,,,,,0.0,0.0,1,1,,,0.0,0.0,1,5288.045,5305.385,1,0,0,0,0.0,0,0,0,1,1
17932,2026-03-03 10:00:00+00:00,bull,2909,17892,17892,17892,5048.885,5053.985,5.099999999999454,0.10732972130289838,0.3264311788972133,40,0.09921256574801246,0.013334109599669094,1,2909,0,0.0,1,0,0.0,1,,,,,,,0.0,0.0,1,1,,,0.0,0.0,1,5048.885,5053.985,1,0,0,0,0.0,0,0,0,1,1
17933,2026-03-03 14:00:00+00:00,bear,2919,17932,17932,17932,5288.045,5305.385,17.340000000000146,0.24075054226106055,0.27892306694152635,1,0.9438743126816935,0.07282426230563589,1,2919,0,0.0,1,0,0.0,1,,,,,,,0.0,0.0,1,1,,,0.0,0.0,2,5288.045,5305.385,1,0,0,0,0.0,0,0,0,0,1
17933,2026-03-03 14:00:00+00:00,bear,2920,17933,17933,17933,5175.7,5227.025,51.32499999999982,0.6440080754802457,0.45876837448295843,0,1.0,0.20801552024212322,1,2920,0,0.0,1,0,0.0,1,,,,,,,0.0,0.0,1,1,,,0.0,0.0,1,5175.7,5227.025,1,0,0,0,0.0,0,0,0,1,1
17934,2026-03-03 18:00:00+00:00,bear,2919,17932,17932,17932,5288.045,5305.385,17.340000000000146,0.24075054226106055,0.27892306694152635,2,0.8908987181403393,0.07045978861758631,1,2919,0,0.0,1,0,0.0,1,,,,,,,0.0,0.0,1,1,,,0.0,0.0,2,5288.045,5305.385,1,0,0,0,0.0,0,0,0,0,1
17934,2026-03-03 18:00:00+00:00,bear,2920,17933,17933,17933,5175.7,5227.025,51.32499999999982,0.6440080754802457,0.45876837448295843,1,0.9438743126816935,0.2057953307690985,1,2920,0,0.0,1,0,0.0,1,,,,,,,0.0,0.0,1,1,,,0.0,0.0,1,5175.7,5227.025,1,0,0,0,0.0,0,0,0,1,1
17935,2026-03-03 22:00:00+00:00,bear,2919,17932,17932,17932,5288.045,5305.385,17.340000000000146,0.24075054226106055,0.27892306694152635,3,0.8408964152537145,0.09713114791407097,1,2919,0,0.0,1,0,0.0,1,,,,,,,0.0,0.0,1,1,,,0.0,0.0,2,5288.045,5305.385,1,0,0,0,0.0,0,0,0,0,1
17935,2026-03-03 22:00:00+00:00,bear,2920,17933,17933,17933,5175.7,5227.025,51.32499999999982,0.6440080754802457,0.45876837448295843,2,0.8908987181403393,0.30453315941953124,1,2920,1,0.06078908913784514,3,1,0.06078908913784514,3,17935.0,17935.0,17935.0,17935.0,17935.0,17935.0,0.06078908913784514,0.06078908913784514,1,1,1.0,1.0,70.32999999999993,70.32999999999993,1,5175.7,5227.025,1,1,1,1,0.06078908913784514,1,0,0,1,1
17936,2026-03-04 02:00:00+00:00,bear,2919,17932,17932,17932,5288.045,5305.385,17.340000000000146,0.24075054226106055,0.27892306694152635,4,0.7937005259840998,0.08359800207281676,1,2919,0,0.0,1,0,0.0,1,,,,,,,0.0,0.0,1,1,,,0.0,0.0,2,5288.045,5305.385,1,0,0,0,0.0,0,0,0,0,1
17936,2026-03-04 02:00:00+00:00,bear,2920,17933,17933,17933,5175.7,5227.025,51.32499999999982,0.6440080754802457,0.45876837448295843,3,0.8408964152537145,0.17662358346593188,1,2920,2,0.29907452508524923,3,2,0.29907452508524923,3,17935.0,17936.0,17935.0,17935.0,17936.0,17935.0,0.2382854359474041,0.2382854359474041,1,1,1.0,1.0,34.539999999999964,34.539999999999964,1,5175.7,5227.025,1,1,1,1,0.2382854359474041,1,0,0,1,1
17937,2026-03-04 06:00:00+00:00,bear,2919,17932,17932,17932,5288.045,5305.385,17.340000000000146,0.24075054226106055,0.27892306694152635,5,0.7491535384383408,0.0881019234168285,1,2919,0,0.0,1,0,0.0,1,,,,,,,0.0,0.0,1,1,,,0.0,0.0,2,5288.045,5305.385,1,0,0,0,0.0,0,0,0,0,1
17937,2026-03-04 06:00:00+00:00,bear,2920,17933,17933,17933,5175.7,5227.025,51.32499999999982,0.6440080754802457,0.45876837448295843,4,0.7937005259840998,0.200268585072597,1,2920,3,0.29907452508524923,3,3,0.29907452508524923,3,17935.0,17937.0,17935.0,17935.0,17937.0,17935.0,0.2382854359474041,0.2382854359474041,0,0,0.0,0.0,57.97999999999956,57.97999999999956,1,5175.7,5227.025,1,1,1,1,0.0,1,0,0,1,1
17938,2026-03-04 10:00:00+00:00,bear,2919,17932,17932,17932,5288.045,5305.385,17.340000000000146,0.24075054226106055,0.27892306694152635,6,0.7071067811865476,0.07582110215874541,1,2919,0,0.0,1,0,0.0,1,,,,,,,0.0,0.0,1,1,,,0.0,0.0,2,5288.045,5305.385,1,0,0,0,0.0,0,0,0,0,1
17938,2026-03-04 10:00:00+00:00,bear,2920,17933,17933,17933,5175.7,5227.025,51.32499999999982,0.6440080754802457,0.45876837448295843,5,0.7491535384383408,0.09346592807191635,1,2920,4,0.5955187530443374,3,4,0.5955187530443374,3,17935.0,17938.0,17935.0,17935.0,17938.0,17935.0,0.2964442279590882,0.2964442279590882,0,0,1.0,1.0,19.17999999999938,19.17999999999938,1,5175.7,5227.025,1,1,1,1,0.2964442279590882,1,0,0,1,1
17939,2026-03-04 14:00:00+00:00,bear,2919,17932,17932,17932,5288.045,5305.385,17.340000000000146,0.24075054226106055,0.27892306694152635,7,0.6674199270850172,0.0625472062243952,1,2919,0,0.0,1,0,0.0,1,,,,,,,0.0,0.0,1,1,,,0.0,0.0,2,5288.045,5305.385,1,0,0,0,0.0,0,0,0,0,1
17939,2026-03-04 14:00:00+00:00,bear,2920,17933,17933,17933,5175.7,5227.025,51.32499999999982,0.6440080754802457,0.45876837448295843,6,0.7071067811865476,0.06650058645213698,1,2920,5,0.5955187530443374,3,5,0.5955187530443374,3,17935.0,17939.0,17935.0,17935.0,17939.0,17935.0,0.2964442279590882,0.2964442279590882,0,0,1.0,1.0,55.210000000000036,55.210000000000036,1,5175.7,5227.025,1,1,1,1,0.0,1,0,0,1,1
17940,2026-03-04 18:00:00+00:00,bear,2919,17932,17932,17932,5288.045,5305.385,17.340000000000146,0.24075054226106055,0.27892306694152635,8,0.6299605249474366,0.05766374276906859,1,2919,0,0.0,1,0,0.0,1,,,,,,,0.0,0.0,1,1,,,0.0,0.0,3,5288.045,5305.385,1,0,0,0,0.0,0,0,0,0,1
17940,2026-03-04 18:00:00+00:00,bear,2920,17933,17933,17933,5175.7,5227.025,51.32499999999982,0.6440080754802457,0.45876837448295843,7,0.6674199270850172,0.062072408086867044,1,2920,5,0.5955187530443374,3,5,0.5955187530443374,3,17935.0,17939.0,17935.0,17935.0,17939.0,17935.0,0.2964442279590882,0.2964442279590882,0,0,1.0,1.0,67.01000000000022,67.01000000000022,2,5175.7,5227.025,1,0,0,0,0.0,0,0,0,0,1
17940,2026-03-04 18:00:00+00:00,bear,2921,17940,17940,17940,5146.825,5156.52,9.695000000000618,0.13525415397292923,0.2666770511620834,0,1.0,0.24760891870398077,1,2921,0,0.0,1,0,0.0,1,,,,,,,0.0,0.0,1,1,,,0.0,0.0,1,5146.825,5156.52,1,0,0,0,0.0,0,0,0,1,1
17941,2026-03-04 22:00:00+00:00,bear,2919,17932,17932,17932,5288.045,5305.385,17.340000000000146,0.24075054226106055,0.27892306694152635,9,0.5946035575013605,0.06257227384227611,1,2919,0,0.0,1,0,0.0,1,,,,,,,0.0,0.0,1,1,,,0.0,0.0,2,5288.045,5305.385,1,0,0,0,0.0,0,0,0,0,1
17941,2026-03-04 22:00:00+00:00,bear,2920,17933,17933,17933,5175.7,5227.025,51.32499999999982,0.6440080754802457,0.45876837448295843,8,0.6299605249474366,0.2777047602605597,1,2920,0,0.0,1,6,0.5955187530443374,3,,,,17935.0,17941.0,17935.0,0.0,0.2964442279590882,1,0,,1.0,0.0,30.840000000000146,1,5175.7,5227.025,1,1,0,0,0.0,1,0,1,1,1
17942,2026-03-05 02:00:00+00:00,bear,2919,17932,17932,17932,5288.045,5305.385,17.340000000000146,0.24075054226106055,0.27892306694152635,10,0.5612310241546865,0.05142059198065537,1,2919,0,0.0,1,0,0.0,1,,,,,,,0.0,0.0,1,1,,,0.0,0.0,2,5288.045,5305.385,1,0,0,0,0.0,0,0,0,0,1
17942,2026-03-05 02:00:00+00:00,bear,2920,17933,17933,17933,5175.7,5227.025,51.32499999999982,0.6440080754802457,0.45876837448295843,9,0.5946035575013605,0.10751412258474558,1,2920,1,0.3784705309303507,3,7,0.5955187530443374,3,17942.0,17942.0,17942.0,17935.0,17942.0,17935.0,0.3784705309303507,0.2964442279590882,1,0,1.0,1.0,27.234999999999673,27.234999999999673,1,5175.7,5227.025,1,1,1,1,0.3784705309303507,1,0,0,1,1
17943,2026-03-05 06:00:00+00:00,bear,2919,17932,17932,17932,5288.045,5305.385,17.340000000000146,0.24075054226106055,0.27892306694152635,11,0.5297315471796477,0.05134638324164639,1,2919,0,0.0,1,0,0.0,1,,,,,,,0.0,0.0,1,1,,,0.0,0.0,2,5288.045,5305.385,1,0,0,0,0.0,0,0,0,0,1
17943,2026-03-05 06:00:00+00:00,bear,2920,17933,17933,17933,5175.7,5227.025,51.32499999999982,0.6440080754802457,0.45876837448295843,10,0.5612310241546865,0.11666323666051259,1,2920,2,0.3784705309303507,3,8,0.5955187530443374,3,17942.0,17943.0,17942.0,17935.0,17943.0,17935.0,0.3784705309303507,0.2964442279590882,1,0,1.0,1.0,54.899999999999636,54.899999999999636,1,5175.7,5227.025,1,1,1,1,0.0,1,0,0,1,1
17944,2026-03-05 10:00:00+00:00,bear,2919,17932,17932,17932,5288.045,5305.385,17.340000000000146,0.24075054226106055,0.27892306694152635,12,0.5,0.040332080140079635,1,2919,0,0.0,1,0,0.0,1,,,,,,,0.0,0.0,1,1,,,0.0,0.0,2,5288.045,5305.385,1,0,0,0,0.0,0,0,0,0,1
17944,2026-03-05 10:00:00+00:00,bear,2920,17933,17933,17933,5175.7,5227.025,51.32499999999982,0.6440080754802457,0.45876837448295843,11,0.5297315471796477,0.07291316242786225,1,2920,2,0.3784705309303507,3,8,0.5955187530443374,3,17942.0,17943.0,17942.0,17935.0,17943.0,17935.0,0.3784705309303507,0.2964442279590882,1,0,1.0,1.0,94.47000000000025,94.47000000000025,1,5175.7,5227.025,1,0,0,0,0.0,0,0,0,1,1
17945,2026-03-05 14:00:00+00:00,bear,2919,17932,17932,17932,5288.045,5305.385,17.340000000000146,0.24075054226106055,0.27892306694152635,13,0.47193715634084676,0.03108641170009887,1,2919,0,0.0,1,0,0.0,1,,,,,,,0.0,0.0,1,1,,,0.0,0.0,2,5288.045,5305.385,1,0,0,0,0.0,0,0,0,0,1
17945,2026-03-05 14:00:00+00:00,bear,2920,17933,17933,17933,5175.7,5227.025,51.32499999999982,0.6440080754802457,0.45876837448295843,12,0.5,0.04814203968742437,1,2920,2,0.3784705309303507,3,8,0.5955187530443374,3,17942.0,17943.0,17942.0,17935.0,17943.0,17935.0,0.3784705309303507,0.2964442279590882,1,0,1.0,1.0,121.35999999999967,121.35999999999967,1,5175.7,5227.025,1,0,0,0,0.0,0,0,0,1,1
17946,2026-03-05 18:00:00+00:00,bear,2919,17932,17932,17932,5288.045,5305.385,17.340000000000146,0.24075054226106055,0.27892306694152635,14,0.44544935907016964,0.030647411348566477,1,2919,0,0.0,1,0,0.0,1,,,,,,,0.0,0.0,1,1,,,0.0,0.0,2,5288.045,5305.385,1,0,0,0,0.0,0,0,0,0,1
17946,2026-03-05 18:00:00+00:00,bear,2920,17933,17933,17933,5175.7,5227.025,51.32499999999982,0.6440080754802457,0.45876837448295843,13,0.47193715634084676,0.0903416771334313,1,2920,0,0.0,1,8,0.5955187530443374,3,,,,17935.0,17943.0,17935.0,0.0,0.2964442279590882,1,0,,1.0,0.0,124.80999999999949,1,5175.7,5227.025,1,0,0,-2,-0.3784705309303507,0,0,0,1,1
17947,2026-03-05 22:00:00+00:00,bear,2919,17932,17932,17932,5288.045,5305.385,17.340000000000146,0.24075054226106055,0.27892306694152635,15,0.42044820762685725,0.03617947106336514,1,2919,0,0.0,1,0,0.0,1,,,,,,,0.0,0.0,1,1,,,0.0,0.0,2,5288.045,5305.385,1,0,0,0,0.0,0,0,0,0,1
17947,2026-03-05 22:00:00+00:00,bear,2920,17933,17933,17933,5175.7,5227.025,51.32499999999982,0.6440080754802457,0.45876837448295843,14,0.44544935907016964,0.12767377059868126,1,2920,0,0.0,1,8,0.5955187530443374,3,,,,17935.0,17943.0,17935.0,0.0,0.2964442279590882,1,0,,1.0,0.0,124.80999999999949,1,5175.7,5227.025,1,0,0,0,0.0,0,0,0,1,1
17948,2026-03-06 02:00:00+00:00,bear,2919,17932,17932,17932,5288.045,5305.385,17.340000000000146,0.24075054226106055,0.27892306694152635,16,0.3968502629920499,0.030721389046497946,1,2919,0,0.0,1,0,0.0,1,,,,,,,0.0,0.0,1,1,,,0.0,0.0,2,5288.045,5305.385,1,0,0,0,0.0,0,0,0,0,1
17948,2026-03-06 02:00:00+00:00,bear,2920,17933,17933,17933,5175.7,5227.025,51.32499999999982,0.6440080754802457,0.45876837448295843,15,0.42044820762685725,0.10212942251594324,1,2920,0,0.0,1,8,0.5955187530443374,3,,,,17935.0,17943.0,17935.0,0.0,0.2964442279590882,1,0,,1.0,0.0,124.80999999999949,1,5175.7,5227.025,1,0,0,0,0.0,0,0,0,1,1
17948,2026-03-06 02:00:00+00:00,bull,2922,17948,17948,17948,5094.85,5114.32,19.469999999999345,0.2971120777256138,0.3868107587042955,0,1.0,0.36909681335980876,1,2922,0,0.0,1,0,0.0,1,,,,,,,0.0,0.0,1,1,,,0.0,0.0,1,5094.85,5114.32,1,0,0,0,0.0,0,0,0,1,1
17949,2026-03-06 06:00:00+00:00,bear,2919,17932,17932,17932,5288.045,5305.385,17.340000000000146,0.24075054226106055,0.27892306694152635,17,0.3745767692191704,0.025013963205549168,1,2919,0,0.0,1,0,0.0,1,,,,,,,0.0,0.0,1,1,,,0.0,0.0,2,5288.045,5305.385,1,0,0,0,0.0,0,0,0,0,1
17949,2026-03-06 06:00:00+00:00,bear,2920,17933,17933,17933,5175.7,5227.025,51.32499999999982,0.6440080754802457,0.45876837448295843,16,0.3968502629920499,0.07545506256340773,1,2920,0,0.0,1,8,0.5955187530443374,3,,,,17935.0,17943.0,17935.0,0.0,0.2964442279590882,1,0,,1.0,0.0,124.80999999999949,1,5175.7,5227.025,1,0,0,0,0.0,0,0,0,1,1
17950,2026-03-06 10:00:00+00:00,bear,2919,17932,17932,17932,5288.045,5305.385,17.340000000000146,0.24075054226106055,0.27892306694152635,18,0.3535533905932738,0.023646546264602216,1,2919,0,0.0,1,0,0.0,1,,,,,,,0.0,0.0,1,1,,,0.0,0.0,2,5288.045,5305.385,1,0,0,0,0.0,0,0,0,0,1
17950,2026-03-06 10:00:00+00:00,bear,2920,17933,17933,17933,5175.7,5227.025,51.32499999999982,0.6440080754802457,0.45876837448295843,17,0.3745767692191704,0.07115628454396057,1,2920,0,0.0,1,8,0.5955187530443374,3,,,,17935.0,17943.0,17935.0,0.0,0.2964442279590882,1,0,,1.0,0.0,124.80999999999949,1,5175.7,5227.025,1,0,0,0,0.0,0,0,0,1,1
17951,2026-03-06 14:00:00+00:00,bear,2919,17932,17932,17932,5288.045,5305.385,17.340000000000146,0.24075054226106055,0.27892306694152635,19,0.3337099635425086,0.028815180581862176,1,2919,0,0.0,1,0,0.0,1,,,,,,,0.0,0.0,1,1,,,0.0,0.0,2,5288.045,5305.385,1,0,0,0,0.0,0,0,0,0,1
17951,2026-03-06 14:00:00+00:00,bear,2920,17933,17933,17933,5175.7,5227.025,51.32499999999982,0.6440080754802457,0.45876837448295843,18,0.3535533905932738,0.10627807885175192,1,2920,0,0.0,1,8,0.5955187530443374,3,,,,17935.0,17943.0,17935.0,0.0,0.2964442279590882,1,0,,1.0,0.0,124.80999999999949,1,5175.7,5227.025,1,0,0,0,0.0,0,0,0,1,1
17952,2026-03-06 18:00:00+00:00,bear,2919,17932,17932,17932,5288.045,5305.385,17.340000000000146,0.24075054226106055,0.27892306694152635,20,0.3149802624737183,0.031137531629053746,1,2919,0,0.0,1,0,0.0,1,,,,,,,0.0,0.0,1,1,,,0.0,0.0,2,5288.045,5305.385,1,0,0,0,0.0,0,0,0,0,1
17952,2026-03-06 18:00:00+00:00,bear,2920,17933,17933,17933,5175.7,5227.025,51.32499999999982,0.6440080754802457,0.45876837448295843,19,0.3337099635425086,0.1079396661336152,1,2920,1,0.018119824646863993,3,9,0.5955187530443374,3,17952.0,17952.0,17952.0,17935.0,17952.0,17935.0,0.018119824646863993,0.2964442279590882,1,0,1.0,1.0,36.789999999999964,36.789999999999964,1,5175.7,5227.025,1,1,1,1,0.018119824646863993,1,0,0,1,1
17952,2026-03-06 18:00:00+00:00,bull,2923,17952,17952,17952,5131.285,5138.91,7.625,0.11930177524778927,0.33505286065144535,0,1.0,0.2216158452485238,1,2923,0,0.0,1,0,0.0,1,,,,,,,0.0,0.0,1,1,,,0.0,0.0,1,5131.285,5138.91,1,0,0,0,0.0,0,0,0,1,1
17953,2026-03-08 21:00:00+00:00,bear,2919,17932,17932,17932,5288.045,5305.385,17.340000000000146,0.24075054226106055,0.27892306694152635,21,0.29730177875068026,0.018754539593315068,1,2919,0,0.0,1,0,0.0,1,,,,,,,0.0,0.0,1,1,,,0.0,0.0,2,5288.045,5305.385,1,0,0,0,0.0,0,0,0,0,1
17953,2026-03-08 21:00:00+00:00,bear,2920,17933,17933,17933,5175.7,5227.025,51.32499999999982,0.6440080754802457,0.45876837448295843,20,0.3149802624737183,0.03861573835819369,1,2920,1,0.018119824646863993,3,9,0.5955187530443374,3,17952.0,17952.0,17952.0,17935.0,17952.0,17935.0,0.018119824646863993,0.2964442279590882,1,0,1.0,1.0,147.08500000000004,147.08500000000004,1,5175.7,5227.025,1,0,0,0,0.0,0,0,0,1,1
17954,2026-03-09 01:00:00+00:00,bear,2919,17932,17932,17932,5288.045,5305.385,17.340000000000146,0.24075054226106055,0.27892306694152635,22,0.28061551207734325,0.020644242888655545,1,2919,0,0.0,1,0,0.0,1,,,,,,,0.0,0.0,1,1,,,0.0,0.0,3,5288.045,5305.385,1,0,0,0,0.0,0,0,0,0,1
17954,2026-03-09 01:00:00+00:00,bear,2920,17933,17933,17933,5175.7,5227.025,51.32499999999982,0.6440080754802457,0.45876837448295843,21,0.29730177875068026,0.04639143982576221,1,2920,1,0.018119824646863993,3,9,0.5955187530443374,3,17952.0,17952.0,17952.0,17935.0,17952.0,17935.0,0.018119824646863993,0.2964442279590882,1,0,1.0,1.0,160.60499999999956,160.60499999999956,2,5175.7,5227.025,1,0,0,0,0.0,0,0,0,0,1
17954,2026-03-09 01:00:00+00:00,bear,2924,17954,17954,17954,5102.25,5138.91,36.659999999999854,0.5176515007036095,0.544888618507307,0,1.0,0.466557852328656,1,2924,0,0.0,1,0,0.0,1,,,,,,,0.0,0.0,1,1,,,0.0,0.0,1,5102.25,5138.91,1,0,0,0,0.0,0,0,0,1,1
17955,2026-03-09 05:00:00+00:00,bear,2919,17932,17932,17932,5288.045,5305.385,17.340000000000146,0.24075054226106055,0.27892306694152635,23,0.2648657735898238,0.019793426486559913,1,2919,0,0.0,1,0,0.0,1,,,,,,,0.0,0.0,1,1,,,0.0,0.0,2,5288.045,5305.385,1,0,0,0,0.0,0,0,0,0,1
17955,2026-03-09 05:00:00+00:00,bear,2920,17933,17933,17933,5175.7,5227.025,51.32499999999982,0.6440080754802457,0.45876837448295843,22,0.28061551207734325,0.06049946976080509,1,2920,0,0.0,1,9,0.5955187530443374,3,,,,17935.0,17952.0,17935.0,0.0,0.2964442279590882,1,0,,1.0,0.0,160.60499999999956,1,5175.7,5227.025,1,0,0,0,0.0,0,0,0,1,1
17956,2026-03-09 09:00:00+00:00,bear,2919,17932,17932,17932,5288.045,5305.385,17.340000000000146,0.24075054226106055,0.27892306694152635,24,0.25,0.018325024454045963,1,2919,0,0.0,1,0,0.0,1,,,,,,,0.0,0.0,1,1,,,0.0,0.0,2,5288.045,5305.385,1,0,0,0,0.0,0,0,0,0,1
17956,2026-03-09 09:00:00+00:00,bear,2920,17933,17933,17933,5175.7,5227.025,51.32499999999982,0.6440080754802457,0.45876837448295843,23,0.2648657735898238,0.055942332283499256,1,2920,0,0.0,1,9,0.5955187530443374,3,,,,17935.0,17952.0,17935.0,0.0,0.2964442279590882,1,0,,1.0,0.0,160.60499999999956,1,5175.7,5227.025,1,0,0,0,0.0,0,0,0,1,1
17957,2026-03-09 13:00:00+00:00,bear,2919,17932,17932,17932,5288.045,5305.385,17.340000000000146,0.24075054226106055,0.27892306694152635,25,0.23596857817042335,0.01777545594317894,1,2919,0,0.0,1,0,0.0,1,,,,,,,0.0,0.0,1,1,,,0.0,0.0,2,5288.045,5305.385,1,0,0,0,0.0,0,0,0,0,1
17957,2026-03-09 13:00:00+00:00,bear,2920,17933,17933,17933,5175.7,5227.025,51.32499999999982,0.6440080754802457,0.45876837448295843,24,0.25,0.056049843456459,1,2920,0,0.0,1,9,0.5955187530443374,3,,,,17935.0,17952.0,17935.0,0.0,0.2964442279590882,1,0,,1.0,0.0,160.60499999999956,1,5175.7,5227.025,1,0,0,0,0.0,0,0,0,1,1
17958,2026-03-09 17:00:00+00:00,bear,2919,17932,17932,17932,5288.045,5305.385,17.340000000000146,0.24075054226106055,0.27892306694152635,26,0.22272467953508485,0.019135317608842115,1,2919,0,0.0,1,0,0.0,1,,,,,,,0.0,0.0,1,1,,,0.0,0.0,2,5288.045,5305.385,1,0,0,0,0.0,0,0,0,0,1
17958,2026-03-09 17:00:00+00:00,bear,2920,17933,17933,17933,5175.7,5227.025,51.32499999999982,0.6440080754802457,0.45876837448295843,25,0.23596857817042335,0.06874858320801096,1,2920,0,0.0,1,9,0.5955187530443374,3,,,,17935.0,17952.0,17935.0,0.0,0.2964442279590882,1,0,,1.0,0.0,160.60499999999956,1,5175.7,5227.025,1,0,0,0,0.0,0,0,0,1,1
17959,2026-03-09 21:00:00+00:00,bear,2919,17932,17932,17932,5288.045,5305.385,17.340000000000146,0.24075054226106055,0.27892306694152635,27,0.21022410381342863,0.017211791892184535,1,2919,0,0.0,1,0,0.0,1,,,,,,,0.0,0.0,1,1,,,0.0,0.0,2,5288.045,5305.385,1,0,0,0,0.0,0,0,0,0,1
17959,2026-03-09 21:00:00+00:00,bear,2920,17933,17933,17933,5175.7,5227.025,51.32499999999982,0.6440080754802457,0.45876837448295843,26,0.22272467953508485,0.06072007239383961,1,2920,0,0.0,1,9,0.5955187530443374,3,,,,17935.0,17952.0,17935.0,0.0,0.2964442279590882,1,0,,1.0,0.0,160.60499999999956,1,5175.7,5227.025,1,0,0,0,0.0,0,0,0,1,1
17960,2026-03-10 01:00:00+00:00,bear,2919,17932,17932,17932,5288.045,5305.385,17.340000000000146,0.24075054226106055,0.27892306694152635,28,0.19842513149602492,0.019005085222365915,1,2919,0,0.0,1,0,0.0,1,,,,,,,0.0,0.0,1,1,,,0.0,0.0,2,5288.045,5305.385,1,0,0,0,0.0,0,0,0,0,1
17960,2026-03-10 01:00:00+00:00,bear,2920,17933,17933,17933,5175.7,5227.025,51.32499999999982,0.6440080754802457,0.45876837448295843,27,0.21022410381342863,0.06116889641215405,1,2920,1,0.22055528494886817,3,10,0.5955187530443374,3,17960.0,17960.0,17960.0,17935.0,17960.0,17935.0,0.22055528494886817,0.2964442279590882,1,0,1.0,1.0,50.86499999999978,50.86499999999978,1,5175.7,5227.025,1,1,1,1,0.22055528494886817,1,0,0,1,1
17961,2026-03-10 05:00:00+00:00,bear,2919,17932,17932,17932,5288.045,5305.385,17.340000000000146,0.24075054226106055,0.27892306694152635,29,0.18728838460958522,0.01962612186448386,1,2919,0,0.0,1,0,0.0,1,,,,,,,0.0,0.0,1,1,,,0.0,0.0,2,5288.045,5305.385,1,0,0,0,0.0,0,0,0,0,1
17961,2026-03-10 05:00:00+00:00,bear,2920,17933,17933,17933,5175.7,5227.025,51.32499999999982,0.6440080754802457,0.45876837448295843,28,0.19842513149602492,0.050067146268149246,1,2920,2,0.3839259620068192,3,11,0.5955187530443374,3,17960.0,17961.0,17960.0,17935.0,17961.0,17935.0,0.22055528494886817,0.2964442279590882,0,0,0.0,0.0,17.284999999999854,17.284999999999854,1,5175.7,5227.025,1,1,1,1,0.16337067705795105,1,0,0,1,1
17962,2026-03-10 09:00:00+00:00,bear,2919,17932,17932,17932,5288.045,5305.385,17.340000000000146,0.24075054226106055,0.27892306694152635,30,0.1767766952966369,0.018570511224694816,1,2919,0,0.0,1,0,0.0,1,,,,,,,0.0,0.0,1,1,,,0.0,0.0,2,5288.045,5305.385,1,0,0,0,0.0,0,0,0,0,1
17962,2026-03-10 09:00:00+00:00,bear,2920,17933,17933,17933,5175.7,5227.025,51.32499999999982,0.6440080754802457,0.45876837448295843,29,0.18728838460958522,0.0472570932717832,1,2920,3,0.3839259620068192,3,12,0.5955187530443374,3,17960.0,17962.0,17960.0,17935.0,17962.0,17935.0,0.22055528494886817,0.2964442279590882,0,0,0.0,0.0,19.199999999999818,19.199999999999818,1,5175.7,5227.025,1,1,1,1,0.0,1,0,0,1,1
17963,2026-03-10 13:00:00+00:00,bear,2919,17932,17932,17932,5288.045,5305.385,17.340000000000146,0.24075054226106055,0.27892306694152635,31,0.16685498177125427,0.02326638186189394,1,2919,0,0.0,1,0,0.0,1,,,,,,,0.0,0.0,1,1,,,0.0,0.0,1,5288.045,5305.385,1,0,0,0,0.0,0,0,0,1,1
17964,2026-03-10 17:00:00+00:00,bear,2919,17932,17932,17932,5288.045,5305.385,17.340000000000146,0.24075054226106055,0.27892306694152635,32,0.15749013123685915,0.017240109855650314,1,2919,0,0.0,1,0,0.0,1,,,,,,,0.0,0.0,1,1,,,0.0,0.0,1,5288.045,5305.385,1,0,0,0,0.0,0,0,0,1,1
17965,2026-03-10 21:00:00+00:00,bear,2919,17932,17932,17932,5288.045,5305.385,17.340000000000146,0.24075054226106055,0.27892306694152635,33,0.14865088937534013,0.01870246274396856,1,2919,0,0.0,1,0,0.0,1,,,,,,,0.0,0.0,1,1,,,0.0,0.0,1,5288.045,5305.385,1,0,0,0,0.0,0,0,0,1,1
17966,2026-03-11 01:00:00+00:00,bear,2919,17932,17932,17932,5288.045,5305.385,17.340000000000146,0.24075054226106055,0.27892306694152635,34,0.1403077560386716,0.01595904298282483,1,2919,0,0.0,1,0,0.0,1,,,,,,,0.0,0.0,1,1,,,0.0,0.0,1,5288.045,5305.385,1,0,0,0,0.0,0,0,0,1,1
17967,2026-03-11 05:00:00+00:00,bear,2919,17932,17932,17932,5288.045,5305.385,17.340000000000146,0.24075054226106055,0.27892306694152635,35,0.1324328867949119,0.01321681280601045,1,2919,0,0.0,1,0,0.0,1,,,,,,,0.0,0.0,1,1,,,0.0,0.0,1,5288.045,5305.385,1,0,0,0,0.0,0,0,0,1,1
17968,2026-03-11 09:00:00+00:00,bear,2919,17932,17932,17932,5288.045,5305.385,17.340000000000146,0.24075054226106055,0.27892306694152635,36,0.125,0.010799416910598655,1,2919,0,0.0,1,0,0.0,1,,,,,,,0.0,0.0,1,1,,,0.0,0.0,1,5288.045,5305.385,1,0,0,0,0.0,0,0,0,1,1
17969,2026-03-11 13:00:00+00:00,bear,2919,17932,17932,17932,5288.045,5305.385,17.340000000000146,0.24075054226106055,0.27892306694152635,37,0.11798428908521168,0.01063066179905471,1,2919,0,0.0,1,0,0.0,1,,,,,,,0.0,0.0,1,1,,,0.0,0.0,1,5288.045,5305.385,1,0,0,0,0.0,0,0,0,1,1
17970,2026-03-11 17:00:00+00:00,bear,2919,17932,17932,17932,5288.045,5305.385,17.340000000000146,0.24075054226106055,0.27892306694152635,38,0.11136233976754242,0.009822762852665838,1,2919,0,0.0,1,0,0.0,1,,,,,,,0.0,0.0,1,1,,,0.0,0.0,1,5288.045,5305.385,1,0,0,0,0.0,0,0,0,1,1
17971,2026-03-11 21:00:00+00:00,bear,2919,17932,17932,17932,5288.045,5305.385,17.340000000000146,0.24075054226106055,0.27892306694152635,39,0.10511205190671431,0.008142900604162413,1,2919,0,0.0,1,0,0.0,1,,,,,,,0.0,0.0,1,1,,,0.0,0.0,1,5288.045,5305.385,1,0,0,0,0.0,0,0,0,1,1
17972,2026-03-12 01:00:00+00:00,bear,2919,17932,17932,17932,5288.045,5305.385,17.340000000000146,0.24075054226106055,0.27892306694152635,40,0.09921256574801246,0.007147615149245628,1,2919,0,0.0,1,0,0.0,1,,,,,,,0.0,0.0,1,1,,,0.0,0.0,1,5288.045,5305.385,1,0,0,0,0.0,0,0,0,1,1
17973,2026-03-12 05:00:00+00:00,bear,2919,17932,17932,17932,5288.045,5305.385,17.340000000000146,0.24075054226106055,0.27892306694152635,41,0.09364419230479261,0.008255290148611956,1,2919,0,0.0,1,0,0.0,1,,,,,,,0.0,0.0,1,1,,,0.0,0.0,1,5288.045,5305.385,1,0,0,0,0.0,0,0,0,1,1
17974,2026-03-12 09:00:00+00:00,bear,2919,17932,17932,17932,5288.045,5305.385,17.340000000000146,0.24075054226106055,0.27892306694152635,42,0.08838834764831845,0.007786438541737045,1,2919,0,0.0,1,0,0.0,1,,,,,,,0.0,0.0,1,1,,,0.0,0.0,1,5288.045,5305.385,1,0,0,0,0.0,0,0,0,1,1
17975,2026-03-12 13:00:00+00:00,bear,2919,17932,17932,17932,5288.045,5305.385,17.340000000000146,0.24075054226106055,0.27892306694152635,43,0.08342749088562713,0.0055130886522870345,1,2919,0,0.0,1,0,0.0,1,,,,,,,0.0,0.0,1,1,,,0.0,0.0,1,5288.045,5305.385,1,0,0,0,0.0,0,0,0,1,1
17976,2026-03-12 17:00:00+00:00,bear,2919,17932,17932,17932,5288.045,5305.385,17.340000000000146,0.24075054226106055,0.27892306694152635,44,0.07874506561842957,0.00442822631684348,1,2919,0,0.0,1,0,0.0,1,,,,,,,0.0,0.0,1,1,,,0.0,0.0,2,5288.045,5305.385,1,0,0,0,0.0,0,0,0,0,1
17976,2026-03-12 17:00:00+00:00,bear,2925,17976,17976,17976,5129.805,5163.78,33.974999999999454,0.6441614612191873,0.5131455280176864,0,1.0,0.26184254987864836,1,2925,0,0.0,1,0,0.0,1,,,,,,,0.0,0.0,1,1,,,0.0,0.0,1,5129.805,5163.78,1,0,0,0,0.0,0,0,0,1,1
17977,2026-03-12 21:00:00+00:00,bear,2919,17932,17932,17932,5288.045,5305.385,17.340000000000146,0.24075054226106055,0.27892306694152635,45,0.07432544468767006,0.004742086374858677,1,2919,0,0.0,1,0,0.0,1,,,,,,,0.0,0.0,1,1,,,0.0,0.0,2,5288.045,5305.385,1,0,0,0,0.0,0,0,0,0,1
17977,2026-03-12 21:00:00+00:00,bear,2925,17976,17976,17976,5129.805,5163.78,33.974999999999454,0.6441614612191873,0.5131455280176864,1,0.9438743126816935,0.36991170911126536,1,2925,0,0.0,1,0,0.0,1,,,,,,,0.0,0.0,1,1,,,0.0,0.0,1,5129.805,5163.78,1,0,0,0,0.0,0,0,0,1,1
17978,2026-03-13 01:00:00+00:00,bear,2919,17932,17932,17932,5288.045,5305.385,17.340000000000146,0.24075054226106055,0.27892306694152635,46,0.0701538780193358,0.00417859914369856,1,2919,0,0.0,1,0,0.0,1,,,,,,,0.0,0.0,1,1,,,0.0,0.0,2,5288.045,5305.385,1,0,0,0,0.0,0,0,0,0,1
17978,2026-03-13 01:00:00+00:00,bear,2925,17976,17976,17976,5129.805,5163.78,33.974999999999454,0.6441614612191873,0.5131455280176864,2,0.8908987181403393,0.3035227365923083,1,2925,0,0.0,1,0,0.0,1,,,,,,,0.0,0.0,1,1,,,0.0,0.0,1,5129.805,5163.78,1,0,0,0,0.0,0,0,0,1,1
17979,2026-03-13 05:00:00+00:00,bear,2919,17932,17932,17932,5288.045,5305.385,17.340000000000146,0.24075054226106055,0.27892306694152635,47,0.06621644339745596,0.003674018267514054,1,2919,0,0.0,1,0,0.0,1,,,,,,,0.0,0.0,1,1,,,0.0,0.0,2,5288.045,5305.385,1,0,0,0,0.0,0,0,0,0,1
17979,2026-03-13 05:00:00+00:00,bear,2925,17976,17976,17976,5129.805,5163.78,33.974999999999454,0.6441614612191873,0.5131455280176864,3,0.8408964152537145,0.2334079514967997,1,2925,0,0.0,1,0,0.0,1,,,,,,,0.0,0.0,1,1,,,0.0,0.0,1,5129.805,5163.78,1,0,0,0,0.0,0,0,0,1,1
17980,2026-03-13 09:00:00+00:00,bear,2925,17976,17976,17976,5129.805,5163.78,33.974999999999454,0.6441614612191873,0.5131455280176864,4,0.7937005259840998,0.3301363567887117,1,2925,0,0.0,1,0,0.0,1,,,,,,,0.0,0.0,1,1,,,0.0,0.0,1,5129.805,5163.78,1,0,0,0,0.0,0,0,0,1,1
17981,2026-03-13 13:00:00+00:00,bear,2925,17976,17976,17976,5129.805,5163.78,33.974999999999454,0.6441614612191873,0.5131455280176864,5,0.7491535384383408,0.14899483684388604,1,2925,0,0.0,1,0,0.0,1,,,,,,,0.0,0.0,1,1,,,0.0,0.0,1,5129.805,5163.78,1,0,0,0,0.0,0,0,0,1,1
17982,2026-03-13 17:00:00+00:00,bear,2925,17976,17976,17976,5129.805,5163.78,33.974999999999454,0.6441614612191873,0.5131455280176864,6,0.7071067811865476,0.1183396813020864,1,2925,0,0.0,1,0,0.0,1,,,,,,,0.0,0.0,1,1,,,0.0,0.0,2,5129.805,5163.78,1,0,0,0,0.0,0,0,0,0,1
17982,2026-03-13 17:00:00+00:00,bear,2926,17982,17982,17982,5064.06,5079.965,15.904999999999745,0.2995516444541385,0.4428177212364548,0,1.0,0.24225038810412394,1,2926,0,0.0,1,0,0.0,1,,,,,,,0.0,0.0,1,1,,,0.0,0.0,1,5064.06,5079.965,1,0,0,0,0.0,0,0,0,1,1
